{"type": "FeatureCollection", "metadata": {"layer": "crown_land", "feature_count": 272, "province": "qc", "coverage": "Quebec hunt-relevant public territories (ZEC, exclusive rights, outfitters) \u2014 not full Crown tenure fabric", "license": "CC-BY 4.0 / Donn\u00e9es ouvertes du Qu\u00e9bec", "license_url": "https://creativecommons.org/licenses/by/4.0/", "source": "https://servicescarto.mrnf.gouv.qc.ca/pes/rest/services/Territoire/TRQ_WMS/MapServer", "note": "Full provincial Crown tenure is a later pack. This layer shows structured public hunting territories hunters use."}, "features": [{"type": "Feature", "properties": {"id": "qc-trq-16-1", "name": "Zec du Bas-Saint-Laurent", "province": "QC", "park_type": "zec", "designation": "zec", "hunting_allowed": true, "policy_id": "Z-014B", "summary": "Structured recreational / wildlife territory on Quebec public land. Verify current regulations.", "source": "MRNF TRQ_WMS layer 16", "layer_role": "public_hunt_territory"}, "geometry": {"type": "Polygon", "coordinates": [[[-67.633, 48.0788], [-67.6244, 48.069], [-67.6131, 48.0663], [-67.5869, 48.0487], [-67.5861, 48.0377], [-67.5959, 48.0267], [-67.59, 48.0234], [-67.593, 48.0129], [-67.5873, 48.0111], [-67.5928, 48.0072], [-67.5898, 48.0029], [-67.598, 48.0001], [-67.7898, 48.0001], [-67.8137, 48.0176], [-67.8177, 48.0271], [-67.8104, 48.0393], [-67.8293, 48.053], [-67.7921, 48.0887], [-67.8116, 48.1067], [-67.8285, 48.1067], [-67.8353, 48.0991], [-67.8505, 48.0954], [-67.8598, 48.0997], [-67.8591, 48.1027], [-67.8897, 48.1032], [-67.8917, 48.1067], [-67.9033, 48.1069], [-67.9077, 48.1105], [-67.9231, 48.1092], [-67.9431, 48.1229], [-67.9586, 48.123], [-67.9868, 48.1413], [-68.0008, 48.1552], [-68.0305, 48.1562], [-68.0281, 48.1488], [-68.1153, 48.207], [-68.1067, 48.2139], [-68.1094, 48.2189], [-68.1068, 48.2224], [-68.1224, 48.2359], [-68.1271, 48.2352], [-68.1356, 48.2258], [-68.1444, 48.2273], [-68.1471, 48.2205], [-68.267, 48.1407], [-68.3232, 48.0988], [-68.3402, 48.1017], [-68.3458, 48.0966], [-68.391, 48.0944], [-68.4015, 48.0994], [-68.4223, 48.103], [-68.4626, 48.1238], [-68.4646, 48.1267], [-68.4613, 48.1306], [-68.4536, 48.1345], [-68.4503, 48.1324], [-68.4374, 48.1411], [-68.427, 48.1432], [-68.4241, 48.1472], [-68.4261, 48.1499], [-68.4173, 48.1564], [-68.4454, 48.1702], [-68.4562, 48.1797], [-68.4555, 48.185], [-68.4627, 48.189], [-68.3625, 48.2623], [-68.3601, 48.2671], [-68.3551, 48.2675], [-68.3317, 48.2843], [-68.3473, 48.2944], [-68.3191, 48.3124], [-68.3259, 48.3167], [-68.312, 48.3266], [-68.2905, 48.3136], [-68.3003, 48.3067], [-68.2864, 48.2972], [-68.2812, 48.3009], [-68.2672, 48.2915], [-68.2611, 48.2959], [-68.2577, 48.2938], [-68.2185, 48.3227], [-68.2028, 48.3136], [-68.2077, 48.3102], [-68.19, 48.2999], [-68.1783, 48.3087], [-68.1623, 48.2987], [-68.16, 48.3004], [-68.176, 48.3104], [-68.1617, 48.3179], [-68.164, 48.3157], [-68.1507, 48.3074], [-68.1318, 48.3217], [-68.1153, 48.3105], [-68.1351, 48.297], [-68.0876, 48.2652], [-68.0286, 48.3111], [-67.9671, 48.27], [-67.941, 48.2875], [-67.9144, 48.2789], [-67.8875, 48.2794], [-67.849, 48.2874], [-67.8149, 48.2632], [-67.807, 48.2418], [-67.7837, 48.2242], [-67.7549, 48.192], [-67.7418, 48.1727], [-67.7171, 48.157], [-67.6798, 48.1548], [-67.6809, 48.1506], [-67.6744, 48.1407], [-67.6768, 48.1334], [-67.6714, 48.1282], [-67.6725, 48.1234], [-67.6673, 48.1204], [-67.6662, 48.1147], [-67.6601, 48.1109], [-67.6581, 48.1024], [-67.6495, 48.0904], [-67.652, 48.0864], [-67.6496, 48.0812], [-67.633, 48.0788]], [[-67.64131645569624, 48.07777034358047], [-67.6348, 48.0782], [-67.63595506503744, 48.07843413480489], [-67.64131645569624, 48.07777034358047]], [[-67.6439, 48.0776], [-67.65448789756972, 48.070108563040286], [-67.64131645569624, 48.07777034358047], [-67.6439, 48.0776]], [[-67.65507884615386, 48.07045], [-67.6545, 48.0701], [-67.65448789756972, 48.070108563040286], [-67.65507884615386, 48.07045]], [[-67.6588, 48.0727], [-67.66191999999994, 48.07156000000002], [-67.65507884615386, 48.07045], [-67.6588, 48.0727]], [[-67.66930275229358, 48.069099082568805], [-67.6692, 48.0689], [-67.66191999999994, 48.07156000000002], [-67.66930275229358, 48.069099082568805]], [[-67.6708, 48.072], [-67.6852, 48.0749], [-67.7124, 48.095], [-67.7361, 48.0948], [-67.746, 48.0998], [-67.761, 48.1021], [-67.76780563380294, 48.10714788732403], [-67.7611, 48.1019], [-67.7466, 48.0998], [-67.7369, 48.0948], [-67.712, 48.0945], [-67.683, 48.0732], [-67.671, 48.0719], [-67.66930275229358, 48.069099082568805], [-67.6708, 48.072]], [[-67.7749, 48.1127], [-67.77529107142857, 48.1127], [-67.76780563380294, 48.10714788732403], [-67.7749, 48.1127]], [[-67.7761, 48.1133], [-67.79590685788787, 48.11433791395046], [-67.7922, 48.1127], [-67.7761, 48.1133]], [[-67.8043586206897, 48.11807241379312], [-67.799, 48.1145], [-67.79590685788787, 48.11433791395046], [-67.8043586206897, 48.11807241379312]], [[-67.805, 48.1185], [-67.80522208201891, 48.1190274447949], [-67.8043586206897, 48.11807241379312], [-67.805, 48.1185]], [[-67.80907020648968, 48.13880501474932], [-67.8082, 48.1261], [-67.80522208201891, 48.1190274447949], [-67.80907020648968, 48.13880501474932]], [[-67.8092, 48.1407], [-67.8181, 48.1425], [-67.80907020648968, 48.13880501474932], [-67.8092, 48.1407]], [[-67.8113, 48.1459], [-67.8091, 48.1513], [-67.7959, 48.1533], [-67.8037, 48.1648], [-67.796, 48.1534], [-67.8092, 48.1513], [-67.8114, 48.1459], [-67.8181, 48.1425], [-67.8113, 48.1459]], [[-68.1812, 48.2844], [-68.1789, 48.2862], [-68.1949, 48.2962], [-68.1974, 48.2944], [-68.1812, 48.2844]]]}}, {"type": "Feature", "properties": {"id": "qc-trq-16-3", "name": "Zec Maganasipi", "province": "QC", "park_type": "zec", "designation": "zec", "hunting_allowed": true, "policy_id": "Z-086C", "summary": "Structured recreational / wildlife territory on Quebec public land. Verify current regulations.", "source": "MRNF TRQ_WMS layer 16", "layer_role": "public_hunt_territory"}, "geometry": {"type": "MultiPolygon", "coordinates": [[[[-78.2993, 46.2671], [-78.29919810931591, 46.26722148504641], [-78.2958, 46.262], [-78.2993, 46.2671]]], [[[-78.2985, 46.2637], [-78.3163, 46.2649], [-78.3107, 46.2619], [-78.3143, 46.2605], [-78.3393, 46.2658], [-78.3625, 46.2824], [-78.3909, 46.2938], [-78.4374, 46.2977], [-78.5021, 46.2963], [-78.5396, 46.3081], [-78.6042, 46.321], [-78.6962, 46.321], [-78.7144, 46.3296], [-78.724, 46.3436], [-78.7202, 46.3505], [-78.7219, 46.3617], [-78.719, 46.3705], [-78.7233, 46.3789], [-78.7199, 46.3799], [-78.7258, 46.3834], [-78.73, 46.3915], [-78.7502, 46.3938], [-78.7734, 46.4114], [-78.7881, 46.4172], [-78.7895, 46.4225], [-78.8013, 46.4238], [-78.8236, 46.4351], [-78.8533, 46.4435], [-78.852, 46.452], [-78.8368, 46.4529], [-78.8358, 46.4584], [-78.8261, 46.4649], [-78.8229, 46.4618], [-78.8272, 46.4587], [-78.8157, 46.4608], [-78.8149, 46.4533], [-78.8066, 46.4479], [-78.8071, 46.4352], [-78.8004, 46.4526], [-78.7696, 46.4555], [-78.7468, 46.4505], [-78.7205, 46.4573], [-78.717, 46.4559], [-78.7221, 46.4511], [-78.7163, 46.4533], [-78.7118, 46.4603], [-78.7044, 46.4595], [-78.7073, 46.4616], [-78.7041, 46.4645], [-78.6938, 46.4655], [-78.6895, 46.4732], [-78.6769, 46.4735], [-78.6808, 46.4772], [-78.6741, 46.4844], [-78.6589, 46.4829], [-78.6696, 46.4907], [-78.6695, 46.4952], [-78.6644, 46.4912], [-78.6545, 46.4899], [-78.6646, 46.4952], [-78.6476, 46.499], [-78.6407, 46.4964], [-78.6212, 46.4974], [-78.6105, 46.5009], [-78.6051, 46.5062], [-78.5979, 46.506], [-78.5949, 46.5101], [-78.5908, 46.5083], [-78.5871, 46.5251], [-78.5936, 46.5344], [-78.5802, 46.5555], [-78.5671, 46.5579], [-78.567, 46.5653], [-78.5625, 46.5663], [-78.4039, 46.5658], [-78.407, 46.5567], [-78.4123, 46.5541], [-78.4091, 46.5515], [-78.4108, 46.5461], [-78.4167, 46.5468], [-78.4108, 46.54], [-78.4063, 46.5407], [-78.3891, 46.5293], [-78.39, 46.5264], [-78.3837, 46.522], [-78.3851, 46.5152], [-78.3802, 46.5173], [-78.3785, 46.514], [-78.3739, 46.5145], [-78.3686, 46.5224], [-78.3561, 46.5178], [-78.357, 46.5224], [-78.3495, 46.5232], [-78.3364, 46.5157], [-78.3362, 46.5209], [-78.3277, 46.5224], [-78.3203, 46.5214], [-78.3205, 46.5186], [-78.3161, 46.5171], [-78.3197, 46.5235], [-78.3148, 46.5252], [-78.3089, 46.524], [-78.3092, 46.5188], [-78.3041, 46.5209], [-78.2042, 46.5145], [-78.1929, 46.5091], [-78.1882, 46.5107], [-78.1837, 46.5003], [-78.1735, 46.5002], [-78.159, 46.4916], [-78.1499, 46.4897], [-78.1317, 46.493], [-78.1199, 46.4857], [-78.1096, 46.4838], [-78.1009, 46.4861], [-78.0956, 46.4772], [-78.0955, 46.4664], [-78.0917, 46.4631], [-78.1012, 46.4512], [-78.1103, 46.4504], [-78.1187, 46.4441], [-78.1368, 46.4395], [-78.1683, 46.4418], [-78.1752, 46.4358], [-78.1825, 46.4346], [-78.188, 46.4242], [-78.2056, 46.4104], [-78.2023, 46.4091], [-78.2014, 46.4036], [-78.1931, 46.3989], [-78.1896, 46.3941], [-78.1918, 46.3913], [-78.1864, 46.3855], [-78.3266, 46.4053], [-78.3096, 46.392], [-78.3015, 46.3942], [-78.2731, 46.3861], [-78.2626, 46.3793], [-78.2553, 46.3681], [-78.26, 46.3661], [-78.2578, 46.3629], [-78.2617, 46.3588], [-78.2837, 46.3482], [-78.2906, 46.3364], [-78.2999, 46.3342], [-78.3143, 46.3138], [-78.3101, 46.3081], [-78.3152, 46.3048], [-78.3187, 46.2936], [-78.3084, 46.2807], [-78.2988, 46.2759], [-78.2967, 46.2702], [-78.2999, 46.2683], [-78.2985, 46.2637]]]]}}, {"type": "Feature", "properties": {"id": "qc-trq-16-4", "name": "Zec Maison-de-Pierre", "province": "QC", "park_type": "zec", "designation": "zec", "hunting_allowed": true, "policy_id": "Z-157B", "summary": "Structured recreational / wildlife territory on Quebec public land. Verify current regulations.", "source": "MRNF TRQ_WMS layer 16", "layer_role": "public_hunt_territory"}, "geometry": {"type": "Polygon", "coordinates": [[[-74.675, 47.0028], [-74.7436, 47.0444], [-74.8019, 47.0051], [-74.7485, 46.9688], [-74.864, 46.8978], [-74.8762, 46.9063], [-74.913, 46.8687], [-74.9423, 46.8687], [-74.9537, 46.8543], [-74.9878, 46.8435], [-74.9884, 46.8409], [-74.9958, 46.8397], [-74.9949, 46.8371], [-75.0083, 46.8387], [-75.007, 46.8246], [-75.0107, 46.8211], [-75.0047, 46.7996], [-75.0075, 46.7954], [-75.0057, 46.7923], [-75.0155, 46.7762], [-75.0059, 46.765], [-75.0049, 46.7571], [-74.9932, 46.7488], [-74.997, 46.7465], [-74.996, 46.743], [-74.9926, 46.7416], [-74.9914, 46.734], [-74.9781, 46.7218], [-74.9797, 46.7197], [-74.9316, 46.7579], [-74.8998, 46.7365], [-74.8935, 46.7377], [-74.8924, 46.7407], [-74.8903, 46.7361], [-74.8961, 46.734], [-74.8539, 46.7045], [-74.8527, 46.6983], [-74.8553, 46.6983], [-74.8598, 46.6897], [-74.8839, 46.677], [-74.8947, 46.6839], [-74.8946, 46.6812], [-74.9033, 46.676], [-74.9193, 46.672], [-74.9249, 46.6655], [-74.9299, 46.6645], [-74.9336, 46.6574], [-74.9313, 46.6534], [-74.9396, 46.6425], [-74.9396, 46.6326], [-74.9351, 46.6284], [-74.9277, 46.6282], [-74.9177, 46.6178], [-74.9163, 46.6114], [-74.9043, 46.6064], [-74.9065, 46.5992], [-74.9034, 46.5931], [-74.896, 46.5981], [-74.8813, 46.5878], [-74.8495, 46.6091], [-74.8394, 46.602], [-74.8246, 46.606], [-74.8177, 46.611], [-74.8197, 46.6243], [-74.8102, 46.6256], [-74.8033, 46.6201], [-74.7832, 46.6353], [-74.7703, 46.6264], [-74.7674, 46.63], [-74.7563, 46.6304], [-74.7394, 46.637], [-74.7414, 46.6407], [-74.7326, 46.6436], [-74.7275, 46.6572], [-74.7321, 46.6663], [-74.7258, 46.6775], [-74.7077, 46.6876], [-74.6968, 46.6998], [-74.7006, 46.7072], [-74.6751, 46.7257], [-74.6763, 46.7296], [-74.6684, 46.7365], [-74.6623, 46.7495], [-74.6489, 46.7553], [-74.6513, 46.7617], [-74.6558, 46.7601], [-74.6595, 46.764], [-74.6656, 46.7644], [-74.6772, 46.7816], [-74.6912, 46.7765], [-74.6994, 46.7853], [-74.6974, 46.7894], [-74.703, 46.7911], [-74.693, 46.7951], [-74.6885, 46.8017], [-74.6841, 46.8013], [-74.6795, 46.8059], [-74.6819, 46.8085], [-74.6779, 46.8097], [-74.6789, 46.8126], [-74.6729, 46.8114], [-74.6755, 46.8272], [-74.6605, 46.8342], [-74.6594, 46.8386], [-74.6621, 46.8404], [-74.6575, 46.842], [-74.6614, 46.8443], [-74.6572, 46.8439], [-74.6565, 46.8477], [-74.6442, 46.8541], [-74.6406, 46.8628], [-74.6337, 46.8662], [-74.6354, 46.8735], [-74.643, 46.8819], [-74.6374, 46.891], [-74.6295, 46.8954], [-74.6298, 46.9048], [-74.6227, 46.9145], [-74.6344, 46.9199], [-74.6476, 46.933], [-74.6461, 46.9494], [-74.6244, 46.9652], [-74.6227, 46.9706], [-74.5816, 46.9807], [-74.5777, 46.9849], [-74.559, 46.9781], [-74.551, 46.979], [-74.5529, 46.9821], [-74.5575, 46.979], [-74.5545, 46.9836], [-74.5826, 47.0029], [-74.675, 47.0028]]]}}, {"type": "Feature", "properties": {"id": "qc-trq-16-5", "name": "Zec Mazana", "province": "QC", "park_type": "zec", "designation": "zec", "hunting_allowed": true, "policy_id": "Z-157C", "summary": "Structured recreational / wildlife territory on Quebec public land. Verify current regulations.", "source": "MRNF TRQ_WMS layer 16", "layer_role": "public_hunt_territory"}, "geometry": {"type": "Polygon", "coordinates": [[[-74.6551, 47.2341], [-74.6583, 47.2175], [-74.6832, 47.2122], [-74.6821, 47.1949], [-74.6986, 47.1888], [-74.7428, 47.1855], [-74.7511, 47.1743], [-74.7871, 47.1768], [-74.8099, 47.1743], [-74.8112, 47.1599], [-74.8212, 47.1503], [-74.8545, 47.1518], [-74.867, 47.1482], [-74.8696, 47.1516], [-74.8834, 47.1511], [-74.8962, 47.1471], [-74.9098, 47.1304], [-74.9256, 47.1371], [-74.9347, 47.136], [-74.9402, 47.13], [-74.9494, 47.13], [-74.965, 47.1205], [-74.9698, 47.1126], [-74.978, 47.1088], [-74.9864, 47.0982], [-74.9865, 47.0626], [-74.9645, 47.0626], [-74.9275, 46.9969], [-74.8653, 47.0482], [-74.8019, 47.0051], [-74.7436, 47.0444], [-74.675, 47.0028], [-74.5826, 47.0029], [-74.5747, 46.9975], [-74.5299, 47.0266], [-74.5284, 47.0304], [-74.5248, 47.0296], [-74.4841, 47.0531], [-74.4601, 47.0696], [-74.4611, 47.0717], [-74.4579, 47.071], [-74.4152, 47.1007], [-74.466, 47.1357], [-74.4345, 47.1575], [-74.4898, 47.2244], [-74.6551, 47.2341]]]}}, {"type": "Feature", "properties": {"id": "qc-trq-16-6", "name": "Zec Menokeosawin", "province": "QC", "park_type": "zec", "designation": "zec", "hunting_allowed": true, "policy_id": "Z-042B", "summary": "Structured recreational / wildlife territory on Quebec public land. Verify current regulations.", "source": "MRNF TRQ_WMS layer 16", "layer_role": "public_hunt_territory"}, "geometry": {"type": "Polygon", "coordinates": [[[-72.4104, 47.8903], [-72.4257, 47.9093], [-72.4371, 47.9001], [-72.4425, 47.8855], [-72.4539, 47.8761], [-72.4658, 47.8718], [-72.4679, 47.865], [-72.4769, 47.8584], [-72.4834, 47.8477], [-72.4827, 47.8258], [-72.4754, 47.808], [-72.4848, 47.7989], [-72.4818, 47.7736], [-72.4875, 47.7546], [-72.4923, 47.7493], [-72.4889, 47.7348], [-72.5023, 47.7061], [-72.5199, 47.6979], [-72.5253, 47.6992], [-72.526, 47.6956], [-72.5316, 47.6964], [-72.5345, 47.6906], [-72.5659, 47.6838], [-72.5732, 47.6755], [-72.5462, 47.6791], [-72.5365, 47.6833], [-72.5087, 47.6821], [-72.497, 47.6771], [-72.4947, 47.6813], [-72.4792, 47.6777], [-72.4508, 47.685], [-72.4433, 47.682], [-72.4311, 47.6689], [-72.4161, 47.6683], [-72.4028, 47.6599], [-72.3688, 47.6569], [-72.3447, 47.6602], [-72.3288, 47.6584], [-72.3184, 47.6688], [-72.2971, 47.6636], [-72.2853, 47.6715], [-72.2844, 47.6864], [-72.2811, 47.688], [-72.2843, 47.6876], [-72.2783, 47.7835], [-72.2853, 47.7831], [-72.3318, 47.8037], [-72.3379, 47.802], [-72.3342, 47.8047], [-72.4084, 47.8348], [-72.4104, 47.8903]]]}}, {"type": "Feature", "properties": {"id": "qc-trq-16-7", "name": "Zec Cap-Chat", "province": "QC", "park_type": "zec", "designation": "zec", "hunting_allowed": true, "policy_id": "Z-113D", "summary": "Structured recreational / wildlife territory on Quebec public land. Verify current regulations.", "source": "MRNF TRQ_WMS layer 16", "layer_role": "public_hunt_territory"}, "geometry": {"type": "Polygon", "coordinates": [[[-66.7012, 48.9815], [-66.7876, 48.9533], [-66.7701, 48.9262], [-66.8283, 48.9076], [-66.8237, 48.9012], [-66.9351, 48.8652], [-66.9541, 48.8778], [-66.9802, 48.8694], [-66.9705, 48.8563], [-66.9543, 48.8614], [-66.9356, 48.8361], [-66.9056, 48.8454], [-66.8632, 48.8179], [-66.8634, 48.8287], [-66.8562, 48.836], [-66.8286, 48.8422], [-66.8254, 48.849], [-66.8139, 48.8526], [-66.7817, 48.8569], [-66.7858, 48.8642], [-66.7782, 48.8665], [-66.7761, 48.8746], [-66.7698, 48.8729], [-66.7584, 48.8846], [-66.7447, 48.8877], [-66.7353, 48.8972], [-66.7224, 48.9031], [-66.7243, 48.9074], [-66.7136, 48.9099], [-66.7086, 48.917], [-66.6964, 48.9198], [-66.6957, 48.9233], [-66.7006, 48.927], [-66.6941, 48.9344], [-66.6991, 48.9381], [-66.6952, 48.9437], [-66.6989, 48.9487], [-66.6949, 48.9522], [-66.7012, 48.9563], [-66.6966, 48.9646], [-66.7006, 48.969], [-66.698, 48.9733], [-66.7048, 48.978], [-66.7012, 48.9815]]]}}, {"type": "Feature", "properties": {"id": "qc-trq-16-8", "name": "Zec Mars-Moulin", "province": "QC", "park_type": "zec", "designation": "zec", "hunting_allowed": true, "policy_id": "Z-026C", "summary": "Structured recreational / wildlife territory on Quebec public land. Verify current regulations.", "source": "MRNF TRQ_WMS layer 16", "layer_role": "public_hunt_territory"}, "geometry": {"type": "MultiPolygon", "coordinates": [[[[-70.9928, 48.144], [-70.9966, 48.1386], [-70.9839, 48.1281], [-71.0256, 48.1279], [-71.044, 48.1051], [-71.0431, 48.0952], [-71.0518, 48.0893], [-71.0566, 48.0681], [-71.0517, 48.0447], [-71.0547, 48.0273], [-71.0171, 48.0028], [-71.0164, 47.9975], [-71.0631, 47.9979], [-71.0628, 47.9894], [-71.0706, 47.9926], [-71.0731, 47.9979], [-71.1327, 47.9982], [-71.138, 48.0052], [-71.1384, 48.0169], [-71.1456, 48.0251], [-71.1417, 48.0269], [-71.1442, 48.0336], [-71.1294, 48.0335], [-71.1284, 48.0393], [-71.1232, 48.0433], [-71.1519, 48.0432], [-71.1684, 48.0369], [-71.1898, 48.089], [-71.1895, 48.1648], [-71.1827, 48.1648], [-71.1827, 48.1735], [-71.1895, 48.1735], [-71.1895, 48.179], [-71.1841, 48.179], [-71.1841, 48.1844], [-71.1895, 48.1844], [-71.1895, 48.2068], [-71.2012, 48.2182], [-71.1928, 48.233], [-71.1925, 48.2406], [-71.1738, 48.2401], [-71.1561, 48.2333], [-71.1368, 48.2347], [-71.1337, 48.2508], [-71.1285, 48.2528], [-71.1514, 48.2623], [-71.1576, 48.2603], [-71.1591, 48.2623], [-71.1361, 48.2814], [-71.1237, 48.2758], [-71.1285, 48.2835], [-71.1329, 48.2845], [-71.1278, 48.29], [-71.1152, 48.2843], [-71.112, 48.2873], [-71.0874, 48.2759], [-71.083, 48.2789], [-71.0419, 48.2754], [-71.0147, 48.2827], [-71.0007, 48.2807], [-70.9959, 48.2843], [-70.9963, 48.2887], [-70.9731, 48.2789], [-70.9706, 48.2513], [-70.9662, 48.2487], [-70.9484, 48.2123], [-70.9425, 48.208], [-70.9711, 48.215], [-70.9923, 48.2091], [-70.998, 48.2045], [-71.0068, 48.1925], [-71.0051, 48.1902], [-71.009, 48.1866], [-71.00652058657643, 48.183677834179356], [-71.0097, 48.1753], [-71.0223, 48.1665], [-71.0198, 48.1624], [-71.0014, 48.1544], [-70.9999, 48.148], [-70.9928, 48.144]], [[-71.1107, 48.2615], [-71.1139, 48.268], [-71.1209, 48.2623], [-71.1076, 48.2559], [-71.1051, 48.2584], [-71.1107, 48.2615]], [[-71.105, 48.2585], [-71.1013, 48.2622], [-71.1137, 48.2679], [-71.1106, 48.2616], [-71.105, 48.2585]], [[-71.1104, 48.2531], [-71.1237, 48.2595], [-71.1266, 48.2567], [-71.1132, 48.2502], [-71.1104, 48.2531]]], [[[-70.9919, 48.2088], [-70.9701, 48.2147], [-70.9434, 48.2072], [-70.9401, 48.1918], [-70.9466, 48.183], [-70.9343, 48.1712], [-70.9308, 48.1661], [-70.9344, 48.1637], [-70.9331, 48.1613], [-70.9205, 48.1471], [-70.9399, 48.1413], [-70.9811, 48.1482], [-70.9928, 48.1355], [-70.9959, 48.1384], [-70.9922, 48.144], [-70.9995, 48.1481], [-71.0006, 48.1541], [-71.0219, 48.1665], [-71.0086, 48.176], [-71.0047, 48.1904], [-71.0066, 48.1923], [-70.9919, 48.2088]]]]}}, {"type": "Feature", "properties": {"id": "qc-trq-16-9", "name": "Zec Collin", "province": "QC", "park_type": "zec", "designation": "zec", "hunting_allowed": true, "policy_id": "Z-146A", "summary": "Structured recreational / wildlife territory on Quebec public land. Verify current regulations.", "source": "MRNF TRQ_WMS layer 16", "layer_role": "public_hunt_territory"}, "geometry": {"type": "Polygon", "coordinates": [[[-74.1668, 46.9723], [-74.172, 46.974], [-74.1896, 46.9642], [-74.1944, 46.943], [-74.2027, 46.9387], [-74.2013, 46.9317], [-74.2087, 46.9182], [-74.2155, 46.915], [-74.2107, 46.9057], [-74.213, 46.9002], [-74.2304, 46.9044], [-74.2493, 46.8998], [-74.2648, 46.9084], [-74.2768, 46.9022], [-74.2798, 46.9082], [-74.2909, 46.9056], [-74.2954, 46.9079], [-74.3053, 46.903], [-74.3051, 46.8945], [-74.3114, 46.8952], [-74.3114, 46.8868], [-74.2916, 46.8681], [-74.2921, 46.8492], [-74.2758, 46.8343], [-74.2732, 46.8137], [-74.2297, 46.8225], [-74.2243, 46.8158], [-74.1893, 46.8113], [-74.1855, 46.8078], [-74.1376, 46.8038], [-74.1137, 46.7262], [-74.1405, 46.7273], [-74.1591, 46.7124], [-74.146, 46.7033], [-74.1537, 46.6898], [-74.1524, 46.6834], [-74.2012, 46.6499], [-74.197, 46.6434], [-74.2078, 46.6397], [-74.1496, 46.5991], [-74.1081, 46.627], [-74.1013, 46.6223], [-74.0965, 46.6276], [-74.1044, 46.6297], [-74.0518, 46.6653], [-74.0332, 46.6526], [-73.9971, 46.6805], [-74.0206, 46.6992], [-74.011, 46.7059], [-74.0177, 46.7105], [-74.0036, 46.7206], [-74.0188, 46.731], [-73.9949, 46.748], [-74.0105, 46.7587], [-73.9992, 46.7669], [-74.0112, 46.7751], [-74.0055, 46.7792], [-74.0486, 46.8002], [-74.0729, 46.7736], [-74.1179, 46.8052], [-74.0566, 46.8086], [-74.0714, 46.8271], [-74.03, 46.8377], [-73.99, 46.8102], [-73.9877, 46.8166], [-74.0012, 46.8252], [-73.9889, 46.8336], [-74.0572, 46.8873], [-74.0764, 46.8744], [-74.141, 46.9507], [-74.1665, 46.9509], [-74.1668, 46.9723]], [[-74.045, 46.7859], [-74.0594, 46.7753], [-74.0618, 46.777], [-74.0474, 46.7876], [-74.045, 46.7859]]]}}, {"type": "Feature", "properties": {"id": "qc-trq-16-10", "name": "Zec Chapeau-de-Paille", "province": "QC", "park_type": "zec", "designation": "zec", "hunting_allowed": true, "policy_id": "Z-044B", "summary": "Structured recreational / wildlife territory on Quebec public land. Verify current regulations.", "source": "MRNF TRQ_WMS layer 16", "layer_role": "public_hunt_territory"}, "geometry": {"type": "MultiPolygon", "coordinates": [[[[-73.5201, 46.8838], [-73.51741951219512, 46.88801219512195], [-73.5166, 46.8861], [-73.5201, 46.8838]]], [[[-73.51744994363021, 46.88808320180384], [-73.5173, 46.8882], [-73.51741951219512, 46.88801219512195], [-73.51744994363021, 46.88808320180384]]], [[[-73.5285, 46.8703], [-73.5229, 46.8635], [-73.5262, 46.8595], [-73.5339, 46.8644], [-73.5466, 46.866], [-73.5571, 46.8753], [-73.5573, 46.8799], [-73.5626, 46.8821], [-73.5682, 46.8787], [-73.5727, 46.8689], [-73.6016, 46.8715], [-73.603, 46.8638], [-73.5993, 46.8596], [-73.6087, 46.8569], [-73.6191, 46.8577], [-73.6284, 46.8653], [-73.6502, 46.8644], [-73.66, 46.8604], [-73.661, 46.8665], [-73.6654, 46.8639], [-73.6735, 46.8722], [-73.671, 46.8814], [-73.6627, 46.8826], [-73.6694, 46.8881], [-73.668, 46.89], [-73.6587, 46.8913], [-73.663, 46.8982], [-73.6647, 46.9277], [-73.6499, 46.938], [-73.6461, 46.9351], [-73.6466, 46.9387], [-73.7582, 47.0588], [-73.7534, 47.0614], [-73.7544, 47.0663], [-73.8074, 47.1109], [-73.7235, 47.1759], [-73.6967, 47.1998], [-73.7003, 47.2005], [-73.6987, 47.2032], [-73.694, 47.2019], [-73.6426, 47.2431], [-73.585, 47.1965], [-73.5704, 47.1986], [-73.52, 47.2327], [-73.5156, 47.2292], [-73.5168, 47.2321], [-73.5113, 47.2346], [-73.5099, 47.2395], [-73.4569, 47.2745], [-73.4416, 47.2693], [-73.4437, 47.2639], [-73.4223, 47.2437], [-73.4252, 47.242], [-73.4165, 47.2338], [-73.4175, 47.2309], [-73.4095, 47.2319], [-73.4127, 47.2302], [-73.4052, 47.2257], [-73.4134, 47.2295], [-73.3969, 47.2162], [-73.3944, 47.2217], [-73.3938, 47.2165], [-73.405, 47.2074], [-73.4033, 47.1991], [-73.4067, 47.1978], [-73.4074, 47.1933], [-73.4008, 47.1923], [-73.3886, 47.1781], [-73.3677, 47.1658], [-73.3713, 47.1491], [-73.3691, 47.1347], [-73.3131, 47.0903], [-73.348, 47.0912], [-73.3579, 47.0697], [-73.4047, 47.0695], [-73.276, 46.97], [-73.2572, 46.9586], [-73.2465, 46.9579], [-73.2378, 46.9531], [-73.2303, 46.9574], [-73.2287, 46.9651], [-73.2076, 46.9569], [-73.2038, 46.9607], [-73.1969, 46.9588], [-73.1969, 46.9547], [-73.1902, 46.947], [-73.1789, 46.9404], [-73.2005, 46.9267], [-73.1895, 46.9147], [-73.1784, 46.9087], [-73.161, 46.9113], [-73.1474, 46.9017], [-73.103, 46.9218], [-73.0345, 46.92], [-73.0409, 46.9156], [-73.0404, 46.9067], [-73.0439, 46.902], [-73.055, 46.8989], [-73.062, 46.8911], [-73.0742, 46.8898], [-73.0785, 46.8863], [-73.0853, 46.8662], [-73.1067, 46.8508], [-73.1043, 46.8443], [-73.11, 46.8358], [-73.1273, 46.8283], [-73.1314, 46.8288], [-73.131, 46.8329], [-73.1521, 46.8403], [-73.157, 46.8449], [-73.1708, 46.8466], [-73.1883, 46.8391], [-73.2015, 46.841], [-73.2191, 46.8524], [-73.2267, 46.8525], [-73.2296, 46.8636], [-73.2493, 46.8668], [-73.2451, 46.8803], [-73.2647, 46.8862], [-73.2738, 46.8871], [-73.276, 46.8799], [-73.2909, 46.8805], [-73.3004, 46.8715], [-73.3092, 46.8681], [-73.334, 46.8791], [-73.3478, 46.8808], [-73.3645, 46.8877], [-73.4053, 46.8828], [-73.4128, 46.8789], [-73.4224, 46.8876], [-73.4474, 46.8966], [-73.4601, 46.9067], [-73.4811, 46.9051], [-73.4945, 46.9116], [-73.4985, 46.9065], [-73.4976, 46.9002], [-73.5137, 46.8963], [-73.5145, 46.8912], [-73.5268, 46.8808], [-73.5243, 46.8759], [-73.5285, 46.8703]], [[-73.3069, 46.8945], [-73.3025, 46.8979], [-73.3088, 46.9084], [-73.3215, 46.9117], [-73.3285, 46.9002], [-73.3052, 46.8922], [-73.3069, 46.8945]]]]}}, {"type": "Feature", "properties": {"id": "qc-trq-16-11", "name": "Zec Jaro", "province": "QC", "park_type": "zec", "designation": "zec", "hunting_allowed": true, "policy_id": "Z-125A", "summary": "Structured recreational / wildlife territory on Quebec public land. Verify current regulations.", "source": "MRNF TRQ_WMS layer 16", "layer_role": "public_hunt_territory"}, "geometry": {"type": "MultiPolygon", "coordinates": [[[[-70.2574, 45.9161], [-70.3188, 45.8951], [-70.3346, 45.9218], [-70.3017, 45.934], [-70.3082, 45.9428], [-70.3342, 45.9348], [-70.3589, 45.9359], [-70.3641, 45.9514], [-70.3776, 45.949], [-70.3791, 45.9537], [-70.3974, 45.9504], [-70.4003, 45.9585], [-70.4183, 45.9522], [-70.4106, 45.928], [-70.3918, 45.9345], [-70.3878, 45.9233], [-70.4068, 45.916], [-70.378, 45.8259], [-70.3693, 45.8312], [-70.3708, 45.8352], [-70.3572, 45.837], [-70.3419, 45.8524], [-70.3078, 45.8589], [-70.2619, 45.8881], [-70.2588, 45.8912], [-70.2657, 45.8938], [-70.2533, 45.9035], [-70.2534, 45.9074], [-70.2595, 45.9098], [-70.2574, 45.9161]]], [[[-70.3988, 46.0186], [-70.4092, 46.0311], [-70.4088, 46.0283], [-70.4155, 46.028], [-70.4242, 46.0203], [-70.4425, 46.0216], [-70.4006, 45.9594], [-70.382, 45.9628], [-70.3805, 45.9582], [-70.3589, 45.962], [-70.3183, 45.9771], [-70.3281, 45.9903], [-70.3029, 45.9993], [-70.3061, 46.0098], [-70.3108, 46.0132], [-70.356, 45.9969], [-70.3462, 45.9838], [-70.3841, 45.9705], [-70.4144, 46.013], [-70.3988, 46.0186]]]]}}, {"type": "Feature", "properties": {"id": "qc-trq-16-12", "name": "Zec de la Grande-Rivi\u00e8re", "province": "QC", "park_type": "zec", "designation": "zec", "hunting_allowed": true, "policy_id": "Z-111B", "summary": "Structured recreational / wildlife territory on Quebec public land. Verify current regulations.", "source": "MRNF TRQ_WMS layer 16", "layer_role": "public_hunt_territory"}, "geometry": {"type": "MultiPolygon", "coordinates": [[[[-64.5112, 48.3973], [-64.5147, 48.3984], [-64.5124, 48.3986], [-64.5112, 48.3973]]], [[[-64.5163, 48.4009], [-64.5181, 48.4066], [-64.5132, 48.4172], [-64.5168, 48.4064], [-64.5127, 48.4039], [-64.5148, 48.403], [-64.5112, 48.4033], [-64.5163, 48.4009]]], [[[-64.511, 48.4162], [-64.5147, 48.4211], [-64.5093, 48.4168], [-64.511, 48.4162]]], [[[-64.5022, 48.4286], [-64.5136, 48.442], [-64.5085, 48.4404], [-64.5006, 48.4283], [-64.5081, 48.4176], [-64.5114, 48.4219], [-64.5022, 48.4286]]], [[[-64.5617, 48.4986], [-64.5535, 48.4828], [-64.5269, 48.4786], [-64.527, 48.4738], [-64.518, 48.4705], [-64.5158, 48.4655], [-64.5268, 48.4595], [-64.5165, 48.4654], [-64.5186, 48.4702], [-64.5264, 48.4719], [-64.5301, 48.4782], [-64.554, 48.4811], [-64.5614, 48.4897], [-64.5638, 48.4983], [-64.5706, 48.505], [-64.5771, 48.5066], [-64.5774, 48.5154], [-64.58997021494372, 48.522247952917105], [-64.5777, 48.5178], [-64.574, 48.514], [-64.5749, 48.509], [-64.5617, 48.4986]]], [[[-64.5908, 48.5227], [-64.58997021494372, 48.522247952917105], [-64.59216214614877, 48.52304252797893], [-64.5908, 48.5227]]], [[[-64.63141128852581, 48.535450501299664], [-64.6163, 48.5371], [-64.6064, 48.5282], [-64.592, 48.5258], [-64.59216214614877, 48.52304252797893], [-64.6079, 48.527], [-64.6162, 48.5367], [-64.63141128852581, 48.535450501299664]]], [[[-64.6354, 48.5338], [-64.63950153321976, 48.53478594548552], [-64.63141128852581, 48.535450501299664], [-64.6354, 48.5338]]], [[[-64.63950153321976, 48.53478594548552], [-64.6442, 48.5344], [-64.6553, 48.5419], [-64.6458, 48.5363], [-64.63950153321976, 48.53478594548552]]]]}}, {"type": "Feature", "properties": {"id": "qc-trq-16-13", "name": "Zec Chauvin", "province": "QC", "park_type": "zec", "designation": "zec", "hunting_allowed": true, "policy_id": "Z-021D", "summary": "Structured recreational / wildlife territory on Quebec public land. Verify current regulations.", "source": "MRNF TRQ_WMS layer 16", "layer_role": "public_hunt_territory"}, "geometry": {"type": "MultiPolygon", "coordinates": [[[[-70.02680000000007, 48.33676666666669], [-70.054, 48.3418], [-70.0617, 48.3476], [-70.0859, 48.3465], [-70.107, 48.3544], [-70.1162, 48.3541], [-70.1279, 48.3606], [-70.1429, 48.361], [-70.1947, 48.383], [-70.1977, 48.387], [-70.2141, 48.3867], [-70.2164, 48.3905], [-70.2199, 48.3891], [-70.2158, 48.3891], [-70.2162, 48.3866], [-70.2193, 48.3865], [-70.242, 48.3982], [-70.251, 48.3968], [-70.2543, 48.4013], [-70.2686, 48.3993], [-70.2673, 48.408], [-70.2598, 48.4123], [-70.2599, 48.4235], [-70.2627, 48.4244], [-70.2589, 48.4282], [-70.2621, 48.4324], [-70.2563, 48.4449], [-70.2564, 48.4526], [-70.2632, 48.4512], [-70.2664, 48.4591], [-70.2606, 48.4605], [-70.2587, 48.4659], [-70.2616, 48.4692], [-70.2813, 48.4689], [-70.2797, 48.4845], [-70.2914, 48.4897], [-70.2824, 48.4995], [-70.2872, 48.4987], [-70.2924, 48.5042], [-70.2898, 48.5098], [-70.2596, 48.5198], [-70.2637, 48.5236], [-70.2605, 48.5268], [-70.2563, 48.5243], [-70.2571, 48.5206], [-70.2363, 48.5275], [-70.2489, 48.5418], [-70.2395, 48.5561], [-70.2347, 48.5551], [-70.2296, 48.5601], [-70.2208, 48.5573], [-70.2073, 48.5624], [-70.193, 48.5623], [-70.1893, 48.5679], [-70.1596, 48.582], [-70.1435, 48.5962], [-70.1196, 48.5922], [-70.1159, 48.5818], [-70.0775, 48.5717], [-70.0759, 48.5676], [-70.0824, 48.5658], [-70.0768, 48.5588], [-70.0451, 48.551], [-70.0364, 48.5461], [-70.0333, 48.5391], [-70.0241, 48.5398], [-70.0181, 48.5346], [-70.0157, 48.5171], [-70.0195, 48.5103], [-70.0168, 48.5047], [-70.022, 48.4924], [-70.0192, 48.4845], [-70.0075, 48.4852], [-69.9919, 48.4817], [-69.9913, 48.4792], [-69.9722, 48.4836], [-69.9664, 48.4799], [-69.9553, 48.4791], [-69.9497, 48.4687], [-69.9402, 48.4669], [-69.9304, 48.4568], [-69.9185, 48.4525], [-69.9182, 48.4451], [-69.923, 48.4423], [-69.9213, 48.436], [-69.9118, 48.4308], [-69.9063, 48.433], [-69.8921, 48.4283], [-69.8926, 48.4248], [-69.8984, 48.4216], [-69.8905, 48.4176], [-69.894, 48.4131], [-69.8908, 48.41], [-69.8443, 48.3925], [-69.8421, 48.3833], [-69.8353, 48.3744], [-69.8213, 48.3648], [-69.823, 48.3515], [-69.8161, 48.3451], [-69.856, 48.3316], [-69.8591, 48.3253], [-69.8472, 48.3173], [-69.8529, 48.314], [-69.8483, 48.3068], [-69.8592, 48.3045], [-69.8703, 48.2947], [-69.9332, 48.2942], [-69.9387, 48.2987], [-69.9376, 48.302], [-69.9425, 48.3013], [-69.9529, 48.312], [-69.9562, 48.3088], [-70.0229679245283, 48.3354893081761], [-70.0141, 48.3482], [-70.0297, 48.3441], [-70.0342, 48.3397], [-70.02680000000007, 48.33676666666669]]], [[[-70.0231, 48.3353], [-70.02680000000007, 48.33676666666669], [-70.0229679245283, 48.3354893081761], [-70.0231, 48.3353]]]]}}, {"type": "Feature", "properties": {"id": "qc-trq-16-14", "name": "Zec Forestville", "province": "QC", "park_type": "zec", "designation": "zec", "hunting_allowed": true, "policy_id": "Z-095A", "summary": "Structured recreational / wildlife territory on Quebec public land. Verify current regulations.", "source": "MRNF TRQ_WMS layer 16", "layer_role": "public_hunt_territory"}, "geometry": {"type": "Polygon", "coordinates": [[[-69.2843, 49.1792], [-69.2921, 49.1632], [-69.2911, 49.1594], [-69.2821, 49.1562], [-69.3021, 49.1418], [-69.3089, 49.1286], [-69.3548, 49.1098], [-69.3544, 49.1074], [-69.3653, 49.1051], [-69.3613, 49.1042], [-69.3718, 49.1005], [-69.3703, 49.0969], [-69.3768, 49.0883], [-69.3909, 49.0821], [-69.4094, 49.0661], [-69.4156, 49.0691], [-69.4276, 49.0685], [-69.4386, 49.0591], [-69.4444, 49.0489], [-69.4482, 49.0497], [-69.452, 49.0585], [-69.4568, 49.0614], [-69.4635, 49.0545], [-69.4789, 49.0602], [-69.5089, 49.0529], [-69.5235, 49.0368], [-69.5344, 49.0358], [-69.5369, 49.0323], [-69.6935, 49.008], [-69.755, 49.0031], [-69.7509, 48.9857], [-69.757, 48.9844], [-69.7555, 48.9728], [-69.7578, 48.9701], [-69.7506, 48.9656], [-69.7318, 48.9775], [-69.7195, 48.98], [-69.7106, 48.9775], [-69.7045, 48.9692], [-69.6963, 48.9672], [-69.6947, 48.9596], [-69.6819, 48.9622], [-69.6761, 48.9588], [-69.6753, 48.9491], [-69.6782, 48.9426], [-69.6766, 48.9376], [-69.6694, 48.9358], [-69.6673, 48.9293], [-69.6721, 48.9187], [-69.6671, 48.9155], [-69.6672, 48.9057], [-69.6635, 48.9035], [-69.6594, 48.9079], [-69.6557, 48.9073], [-69.6532, 48.905], [-69.6548, 48.9026], [-69.6499, 48.8993], [-69.655, 48.8906], [-69.6538, 48.8835], [-69.6177, 48.8744], [-69.6093, 48.887], [-69.6097, 48.8935], [-69.5903, 48.8936], [-69.5756, 48.9058], [-69.5739, 48.9116], [-69.5521, 48.9054], [-69.5548, 48.8975], [-69.5605, 48.8942], [-69.5619, 48.8816], [-69.5475, 48.8763], [-69.5552, 48.8693], [-69.5514, 48.8659], [-69.557, 48.8616], [-69.549, 48.8579], [-69.558, 48.854], [-69.5526, 48.8506], [-69.5612, 48.8477], [-69.5622, 48.8433], [-69.5528, 48.84], [-69.5532, 48.837], [-69.5482, 48.8342], [-69.5283, 48.8464], [-69.5108, 48.8459], [-69.4932, 48.8345], [-69.4687, 48.8389], [-69.4673, 48.8343], [-69.4586, 48.8356], [-69.4494, 48.8306], [-69.4528, 48.8276], [-69.4639, 48.8279], [-69.4716, 48.8228], [-69.4626, 48.8134], [-69.4428, 48.8158], [-69.4326, 48.8216], [-69.4225, 48.82], [-69.4187, 48.8165], [-69.4223, 48.8129], [-69.4127, 48.814], [-69.41, 48.807], [-69.4144, 48.8027], [-69.436, 48.8007], [-69.4378, 48.794], [-69.4411, 48.7925], [-69.4362, 48.7883], [-69.438, 48.7847], [-69.4311, 48.7811], [-69.4176, 48.7854], [-69.4156, 48.7904], [-69.4077, 48.7892], [-69.4043, 48.7811], [-69.399, 48.7798], [-69.3881, 48.785], [-69.3894, 48.7753], [-69.3943, 48.7733], [-69.3931, 48.7669], [-69.3766, 48.7676], [-69.3668, 48.7454], [-69.3505, 48.7473], [-69.3436, 48.7419], [-69.3015, 48.7546], [-69.2786, 48.7547], [-69.2521, 48.7724], [-69.2634, 48.7798], [-69.2402, 48.7955], [-69.214, 48.7904], [-69.2067, 48.7861], [-69.1663, 48.8067], [-69.1889, 48.8296], [-69.1605, 48.8484], [-69.1588, 48.8449], [-69.1597, 48.8489], [-69.114, 48.8791], [-69.118, 48.8829], [-69.1118, 48.8805], [-69.0655, 48.9109], [-69.079, 48.9164], [-69.0737, 48.933], [-69.0786, 48.9366], [-69.1133, 48.9359], [-69.1136, 48.9389], [-69.118, 48.9369], [-69.1207, 48.9416], [-69.1299, 48.9408], [-69.1344, 48.9448], [-69.1196, 48.9426], [-69.1175, 48.9382], [-69.1128, 48.9401], [-69.1117, 48.9371], [-69.1042, 48.9396], [-69.097, 48.9365], [-69.0857, 48.9391], [-69.0736, 48.9376], [-69.0695, 48.9312], [-69.074, 48.9301], [-69.0712, 48.9291], [-69.0742, 48.9271], [-69.074, 48.9166], [-69.0642, 48.9118], [-69.0427, 48.9258], [-69.0415, 48.9182], [-69.0457, 48.9147], [-69.0396, 48.9104], [-69.0318, 48.9146], [-69.0334, 48.9228], [-69.0271, 48.9321], [-69.0288, 48.9346], [-68.9591, 48.9789], [-68.9683, 48.9818], [-68.9697, 48.9998], [-69.0125, 49.0121], [-69.0131, 49.0169], [-69.021, 49.0146], [-69.0293, 49.017], [-69.0743, 48.9887], [-69.1019, 49.049], [-69.1105, 49.0623], [-69.1224, 49.0708], [-69.1188, 49.0714], [-69.1214, 49.0738], [-69.1235, 49.0715], [-69.1545, 49.0935], [-69.1518, 49.0957], [-69.1568, 49.096], [-69.1545, 49.098], [-69.1607, 49.098], [-69.1537, 49.1007], [-69.1564, 49.1017], [-69.1547, 49.1032], [-69.1614, 49.0991], [-69.1668, 49.1015], [-69.1996, 49.1257], [-69.162, 49.1492], [-69.2467, 49.1636], [-69.2519, 49.168], [-69.264, 49.1675], [-69.269, 49.1733], [-69.2843, 49.1792]]]}}, {"type": "Feature", "properties": {"id": "qc-trq-16-15", "name": "Zec Labrieville", "province": "QC", "park_type": "zec", "designation": "zec", "hunting_allowed": true, "policy_id": "Z-095C", "summary": "Structured recreational / wildlife territory on Quebec public land. Verify current regulations.", "source": "MRNF TRQ_WMS layer 16", "layer_role": "public_hunt_territory"}, "geometry": {"type": "Polygon", "coordinates": [[[-69.7798, 49.4411], [-69.7905, 49.44], [-69.7902, 49.4348], [-69.7935, 49.4319], [-69.7902, 49.4296], [-69.7925, 49.4287], [-69.7904, 49.424], [-69.7927, 49.4207], [-69.7969, 49.4226], [-69.7997, 49.4161], [-69.8068, 49.4225], [-69.8082, 49.4182], [-69.8179, 49.4192], [-69.8177, 49.4228], [-69.8354, 49.4196], [-69.8328, 49.394], [-69.827, 49.3866], [-69.8203, 49.3856], [-69.8217, 49.3819], [-69.8184, 49.3757], [-69.8091, 49.3746], [-69.8146, 49.3726], [-69.8133, 49.3706], [-69.8028, 49.3674], [-69.796, 49.3607], [-69.7895, 49.3635], [-69.7763, 49.3629], [-69.7554, 49.3433], [-69.754, 49.3365], [-69.7491, 49.3381], [-69.7496, 49.3407], [-69.7478, 49.3391], [-69.7481, 49.336], [-69.7542, 49.3337], [-69.7472, 49.3241], [-69.7245, 49.3155], [-69.7211, 49.3161], [-69.7199, 49.3202], [-69.7226, 49.3202], [-69.72, 49.3228], [-69.7146, 49.3234], [-69.7192, 49.3173], [-69.719, 49.313], [-69.7143, 49.3095], [-69.7437, 49.3213], [-69.749, 49.3191], [-69.7476, 49.3206], [-69.7515, 49.3204], [-69.7481, 49.3221], [-69.7536, 49.3258], [-69.7657, 49.3259], [-69.7659, 49.3301], [-69.7729, 49.3294], [-69.7727, 49.3363], [-69.7768, 49.3403], [-69.7844, 49.3358], [-69.782, 49.3312], [-69.7851, 49.3304], [-69.7823, 49.329], [-69.7912, 49.3324], [-69.7933, 49.3302], [-69.7966, 49.3342], [-69.8025, 49.3313], [-69.8036, 49.3065], [-69.8091, 49.2956], [-69.8048, 49.2803], [-69.821, 49.2727], [-69.8318, 49.261], [-69.86, 49.2485], [-69.8663, 49.2484], [-69.8817, 49.2572], [-69.8793, 49.2541], [-69.8866, 49.2426], [-69.9039, 49.2314], [-69.8942, 49.2234], [-69.882, 49.2254], [-69.8694, 49.2209], [-69.8394, 49.2004], [-69.8294, 49.2008], [-69.8306, 49.186], [-69.8123, 49.1678], [-69.7818, 49.1713], [-69.7542, 49.1851], [-69.7219, 49.1744], [-69.7142, 49.1646], [-69.7005, 49.1646], [-69.7037, 49.1721], [-69.6969, 49.174], [-69.6972, 49.1876], [-69.6878, 49.2016], [-69.6584, 49.2018], [-69.639, 49.2191], [-69.6269, 49.2188], [-69.6178, 49.2219], [-69.6119, 49.2281], [-69.6053, 49.2271], [-69.5988, 49.2307], [-69.5989, 49.2435], [-69.5881, 49.247], [-69.5774, 49.2612], [-69.5725, 49.2628], [-69.5741, 49.2649], [-69.5674, 49.2681], [-69.567, 49.2713], [-69.5712, 49.2735], [-69.5615, 49.2715], [-69.5541, 49.2766], [-69.5608, 49.2841], [-69.5559, 49.2836], [-69.5535, 49.2874], [-69.5728, 49.2955], [-69.5737, 49.3006], [-69.5671, 49.3017], [-69.5835, 49.3082], [-69.5949, 49.3029], [-69.5876, 49.3091], [-69.5847, 49.3225], [-69.5763, 49.3326], [-69.5845, 49.3515], [-69.5906, 49.3582], [-69.5856, 49.3637], [-69.5953, 49.373], [-69.6176, 49.3793], [-69.6158, 49.374], [-69.6267, 49.3744], [-69.6303, 49.3774], [-69.6292, 49.381], [-69.6348, 49.3805], [-69.6553, 49.3892], [-69.6704, 49.3849], [-69.6778, 49.3788], [-69.685, 49.3787], [-69.6937, 49.3861], [-69.693, 49.3973], [-69.7005, 49.3991], [-69.7201, 49.3983], [-69.7215, 49.3926], [-69.7386, 49.388], [-69.7447, 49.3928], [-69.7477, 49.4], [-69.7461, 49.4046], [-69.7493, 49.4073], [-69.7465, 49.4087], [-69.7484, 49.4134], [-69.7439, 49.4161], [-69.7426, 49.4215], [-69.7367, 49.4241], [-69.737, 49.4272], [-69.7656, 49.4317], [-69.7633, 49.4413], [-69.7698, 49.4394], [-69.769, 49.4365], [-69.7717, 49.4396], [-69.7696, 49.4419], [-69.774, 49.4413], [-69.7738, 49.4357], [-69.7795, 49.4366], [-69.7798, 49.4411]]]}}, {"type": "Feature", "properties": {"id": "qc-trq-16-16", "name": "Zec Varin", "province": "QC", "park_type": "zec", "designation": "zec", "hunting_allowed": true, "policy_id": "Z-094A", "summary": "Structured recreational / wildlife territory on Quebec public land. Verify current regulations.", "source": "MRNF TRQ_WMS layer 16", "layer_role": "public_hunt_territory"}, "geometry": {"type": "MultiPolygon", "coordinates": [[[[-68.7753, 49.572], [-68.8056, 49.5723], [-68.809, 49.5784], [-68.8071, 49.5813], [-68.8114, 49.5826], [-68.8209, 49.5964], [-68.8349, 49.6041], [-68.8399, 49.6037], [-68.8417, 49.6057], [-68.8391, 49.609], [-68.8449, 49.6109], [-68.8456, 49.6087], [-68.8705, 49.6219], [-68.8725, 49.6272], [-68.8691, 49.6302], [-68.8758, 49.636], [-68.8996, 49.6428], [-68.9021, 49.6639], [-68.8777, 49.6885], [-68.8727, 49.69], [-68.8736, 49.6935], [-68.879, 49.6918], [-68.8876, 49.6828], [-68.8948, 49.6816], [-68.8952, 49.6911], [-68.898, 49.6939], [-68.8949, 49.7], [-68.8974, 49.704], [-68.8885, 49.7123], [-68.8815, 49.7131], [-68.874, 49.7021], [-68.8684, 49.7002], [-68.8626, 49.7072], [-68.862, 49.7137], [-68.8566, 49.7179], [-68.7831, 49.7037], [-68.7644, 49.7053], [-68.7494, 49.7152], [-68.7389, 49.7126], [-68.7256, 49.7168], [-68.7092, 49.7134], [-68.6987, 49.7167], [-68.6712, 49.7071], [-68.6664, 49.695], [-68.6486, 49.6796], [-68.6517, 49.672], [-68.6646, 49.6585], [-68.6596, 49.6504], [-68.6614, 49.6469], [-68.6559, 49.6432], [-68.6525, 49.6332], [-68.6453, 49.626], [-68.6185, 49.6184], [-68.6072, 49.6024], [-68.5645, 49.589], [-68.5623, 49.5816], [-68.5528, 49.5736], [-68.5573, 49.5654], [-68.5466, 49.5597], [-68.5448, 49.5452], [-68.5453, 49.5384], [-68.5527, 49.5309], [-68.5523, 49.5247], [-68.5413, 49.5092], [-68.5339, 49.5061], [-68.5317, 49.4987], [-68.5347, 49.4832], [-68.5469, 49.4728], [-68.5348, 49.4578], [-68.5395, 49.4513], [-68.5366, 49.4376], [-68.5221, 49.4256], [-68.4895, 49.4329], [-68.4798, 49.4312], [-68.4707, 49.4235], [-68.4729, 49.4028], [-68.4535, 49.3546], [-68.4547, 49.3505], [-68.4513, 49.3477], [-68.4585, 49.3454], [-68.4554, 49.3407], [-68.4736, 49.3402], [-68.4682, 49.3358], [-68.4703, 49.3352], [-68.478, 49.3401], [-68.5476, 49.3381], [-68.5477, 49.346], [-68.5517, 49.3509], [-68.5714, 49.356], [-68.5772, 49.3625], [-68.5738, 49.3678], [-68.5758, 49.373], [-68.5721, 49.3863], [-68.578, 49.3984], [-68.6191, 49.4222], [-68.6311, 49.4574], [-68.647, 49.4683], [-68.6464, 49.4743], [-68.6235, 49.4926], [-68.6262, 49.4926], [-68.6262, 49.5012], [-68.6319, 49.5074], [-68.6562, 49.5185], [-68.6521, 49.5322], [-68.6567, 49.5382], [-68.6694, 49.5346], [-68.6706, 49.5392], [-68.6733, 49.5394], [-68.6732, 49.5358], [-68.6931, 49.5426], [-68.6992, 49.5514], [-68.7117, 49.5579], [-68.723, 49.5566], [-68.7202, 49.5555], [-68.7226, 49.5479], [-68.7297, 49.5443], [-68.7414, 49.5477], [-68.75177739569752, 49.56253870599739], [-68.7316, 49.5594], [-68.7753, 49.572]]], [[[-68.75177739569752, 49.56253870599739], [-68.75229911937377, 49.5626198630137], [-68.7521, 49.563], [-68.75177739569752, 49.56253870599739]]], [[[-68.7935, 49.563], [-68.7958, 49.5673], [-68.7924, 49.5708], [-68.7709, 49.5647], [-68.7608, 49.5669], [-68.75229911937377, 49.5626198630137], [-68.7543, 49.5588], [-68.7685, 49.5559], [-68.7935, 49.563]]]]}}, {"type": "Feature", "properties": {"id": "qc-trq-16-17", "name": "Zec de la Rivi\u00e8re-York", "province": "QC", "park_type": "zec", "designation": "zec", "hunting_allowed": true, "policy_id": "Z-111D", "summary": "Structured recreational / wildlife territory on Quebec public land. Verify current regulations.", "source": "MRNF TRQ_WMS layer 16", "layer_role": "public_hunt_territory"}, "geometry": {"type": "MultiPolygon", "coordinates": [[[[-65.0955, 48.9065], [-65.1036, 48.8933], [-65.0972, 48.8904], [-65.0965, 48.8806], [-65.0866, 48.8691], [-65.0889, 48.8643], [-65.0852, 48.8593], [-65.0653, 48.8572], [-65.0534, 48.8462], [-65.0412, 48.8413], [-65.0397, 48.8327], [-65.0452, 48.8294], [-65.0443, 48.8271], [-65.0374, 48.8232], [-65.0318, 48.8256], [-65.0147, 48.8245], [-65.0132, 48.8218], [-65.018, 48.819], [-65.0086, 48.809], [-65.0017, 48.8116], [-64.9957, 48.8078], [-64.9878, 48.8094], [-64.9825, 48.8026], [-64.9775, 48.8022], [-64.9788, 48.7977], [-64.9729, 48.7935], [-64.9538, 48.7928], [-64.9496, 48.7986], [-64.9093, 48.8082], [-64.8697, 48.8252], [-64.861, 48.8218], [-64.8456, 48.8272], [-64.8273, 48.8267], [-64.8156, 48.8224], [-64.8127, 48.8176], [-64.8016, 48.8183], [-64.7926, 48.8135], [-64.7623, 48.8097], [-64.7442, 48.8165], [-64.7399, 48.8242], [-64.7144, 48.8266], [-64.7392, 48.8228], [-64.7425, 48.8156], [-64.7621, 48.8084], [-64.7955, 48.8126], [-64.801, 48.8169], [-64.8143, 48.8165], [-64.8169, 48.8211], [-64.8275, 48.8253], [-64.845, 48.8258], [-64.8609, 48.8204], [-64.8678, 48.8236], [-64.9087, 48.807], [-64.9475, 48.7977], [-64.9549, 48.7908], [-64.972, 48.7919], [-64.9803, 48.7969], [-64.9793, 48.8013], [-64.9838, 48.8017], [-64.9888, 48.8082], [-64.9962, 48.8066], [-65.0024, 48.8103], [-65.0101, 48.808], [-65.02, 48.8186], [-65.0156, 48.8232], [-65.0319, 48.8241], [-65.0379, 48.8213], [-65.0453, 48.8257], [-65.0475, 48.829], [-65.0418, 48.8325], [-65.0421, 48.8401], [-65.0562, 48.8451], [-65.0677, 48.8568], [-65.0867, 48.8582], [-65.0913, 48.8641], [-65.088, 48.8689], [-65.0996, 48.8824], [-65.0993, 48.8901], [-65.1057, 48.8936], [-65.0973, 48.9076], [-65.1017, 48.9129], [-65.10140566037735, 48.92133773584906], [-65.0955, 48.9065]]], [[[-65.3641, 48.8706], [-65.3572, 48.8668], [-65.3572, 48.8623], [-65.3439, 48.8597], [-65.3389, 48.8534], [-65.3415, 48.85], [-65.3324, 48.8488], [-65.3344, 48.8437], [-65.3184, 48.8426], [-65.3177, 48.8389], [-65.3126, 48.837], [-65.3134, 48.834], [-65.3053, 48.8361], [-65.3008, 48.8313], [-65.2889, 48.8326], [-65.2814, 48.8275], [-65.2834, 48.8244], [-65.2626, 48.823], [-65.2518, 48.8176], [-65.2463, 48.8212], [-65.2373, 48.817], [-65.2274, 48.8191], [-65.2299, 48.822], [-65.2272, 48.8243], [-65.2292, 48.8337], [-65.2247, 48.836], [-65.2286, 48.841], [-65.2227, 48.8467], [-65.2261, 48.8508], [-65.2121, 48.8591], [-65.207, 48.8732], [-65.1924, 48.8805], [-65.1915, 48.8925], [-65.1878, 48.8979], [-65.1898, 48.9005], [-65.18671574851213, 48.899923821150615], [-65.191, 48.8792], [-65.2055, 48.8724], [-65.2107, 48.8583], [-65.2243, 48.8502], [-65.2207, 48.8472], [-65.2267, 48.8406], [-65.2228, 48.8363], [-65.2272, 48.8338], [-65.225, 48.8244], [-65.228, 48.8221], [-65.2256, 48.8185], [-65.2376, 48.8162], [-65.2474, 48.8197], [-65.2521, 48.8161], [-65.2633, 48.8217], [-65.2846, 48.8234], [-65.2837, 48.8272], [-65.2896, 48.8314], [-65.3015, 48.8303], [-65.3054, 48.835], [-65.3148, 48.8332], [-65.3141, 48.8366], [-65.319, 48.8382], [-65.3198, 48.842], [-65.3356, 48.8429], [-65.3339, 48.8483], [-65.343, 48.849], [-65.3406, 48.8533], [-65.345, 48.8589], [-65.3584, 48.8616], [-65.3589, 48.8668], [-65.3665, 48.8707], [-65.3686, 48.8789], [-65.3754, 48.8764], [-65.38104736623808, 48.879394815429286], [-65.3673, 48.8796], [-65.3665, 48.8745], [-65.3619, 48.8713], [-65.3641, 48.8706]]], [[[-65.3852152173913, 48.879332608695655], [-65.382, 48.8799], [-65.38104736623808, 48.879394815429286], [-65.3852152173913, 48.879332608695655]]], [[[-65.18671574851213, 48.899923821150615], [-65.1867, 48.9], [-65.18501489361705, 48.899606079027365], [-65.18671574851213, 48.899923821150615]]], [[[-65.4027, 48.9064], [-65.4076, 48.92], [-65.4054, 48.9263], [-65.4039, 48.9103], [-65.401, 48.9069], [-65.4022, 48.8962], [-65.3852152173913, 48.879332608695655], [-65.3888, 48.8787], [-65.3898, 48.8838], [-65.4039, 48.8964], [-65.4027, 48.9064]]], [[[-65.1703, 48.9213], [-65.1646, 48.9255], [-65.1364, 48.9275], [-65.1276, 48.9233], [-65.1212, 48.9268], [-65.1092, 48.9274], [-65.10230983606559, 48.92204098360657], [-65.1088, 48.9259], [-65.1199, 48.9261], [-65.1278, 48.9222], [-65.1358, 48.9265], [-65.164, 48.9242], [-65.1686, 48.9206], [-65.1731, 48.9079], [-65.18, 48.9047], [-65.179, 48.8982], [-65.18501489361705, 48.899606079027365], [-65.1807, 48.8988], [-65.1817, 48.9053], [-65.1749, 48.9086], [-65.1703, 48.9213]]], [[[-65.1014, 48.9215], [-65.10140566037735, 48.92133773584906], [-65.10230983606559, 48.92204098360657], [-65.1014, 48.9215]]]]}}, {"type": "Feature", "properties": {"id": "qc-trq-16-18", "name": "Zec Restigo", "province": "QC", "park_type": "zec", "designation": "zec", "hunting_allowed": true, "policy_id": "Z-086B", "summary": "Structured recreational / wildlife territory on Quebec public land. Verify current regulations.", "source": "MRNF TRQ_WMS layer 16", "layer_role": "public_hunt_territory"}, "geometry": {"type": "MultiPolygon", "coordinates": [[[[-78.6037, 46.7111], [-78.6018, 46.7065], [-78.6055, 46.7111], [-78.6037, 46.7111]]], [[[-78.1099, 46.7378], [-78.1076, 46.7413], [-78.1036, 46.7408], [-78.1003, 46.7288], [-78.0957, 46.7276], [-78.096, 46.7248], [-78.0983, 46.7266], [-78.103, 46.7235], [-78.1004, 46.7202], [-78.1093, 46.7199], [-78.1111, 46.7174], [-78.1073, 46.7155], [-78.1141, 46.7126], [-78.1045, 46.6952], [-78.1076, 46.6937], [-78.1065, 46.6878], [-78.1102, 46.6965], [-78.1126, 46.6964], [-78.1154, 46.7109], [-78.155, 46.7093], [-78.2285, 46.7124], [-78.2268, 46.7019], [-78.2109, 46.6916], [-78.1808, 46.6805], [-78.1639, 46.6673], [-78.1473, 46.6639], [-78.131, 46.6528], [-78.0705, 46.6292], [-78.0506, 46.6097], [-78.0389, 46.588], [-78.0309, 46.582], [-78.0264, 46.5651], [-78.0661, 46.5651], [-78.0635, 46.5619], [-78.0701, 46.5651], [-78.0863, 46.5651], [-78.0816, 46.5576], [-78.097, 46.5654], [-78.1705, 46.5652], [-78.1814, 46.5535], [-78.1737, 46.5553], [-78.1902, 46.5464], [-78.1919, 46.5389], [-78.1969, 46.5374], [-78.1962, 46.5347], [-78.2006, 46.5314], [-78.1965, 46.5295], [-78.1997, 46.5249], [-78.1942, 46.5228], [-78.2039, 46.5239], [-78.2042, 46.5145], [-78.3041, 46.5209], [-78.3092, 46.5188], [-78.3089, 46.524], [-78.3148, 46.5252], [-78.3197, 46.5235], [-78.3161, 46.5171], [-78.3205, 46.5186], [-78.3203, 46.5214], [-78.3277, 46.5224], [-78.3362, 46.5209], [-78.3364, 46.5157], [-78.3493, 46.5232], [-78.357, 46.5224], [-78.3544, 46.5191], [-78.3564, 46.5178], [-78.3686, 46.5224], [-78.3737, 46.5146], [-78.3777, 46.5139], [-78.3802, 46.5173], [-78.3851, 46.5152], [-78.3837, 46.522], [-78.39, 46.5264], [-78.3891, 46.5293], [-78.4063, 46.5407], [-78.4108, 46.54], [-78.4167, 46.5468], [-78.4108, 46.5461], [-78.4091, 46.5515], [-78.4123, 46.5541], [-78.407, 46.5567], [-78.4039, 46.5658], [-78.5834, 46.5663], [-78.5888, 46.5698], [-78.5928, 46.5884], [-78.6016, 46.5903], [-78.6015, 46.585], [-78.6042, 46.5873], [-78.6064, 46.5809], [-78.6133, 46.5833], [-78.6056, 46.5868], [-78.6064, 46.5903], [-78.6017, 46.5914], [-78.5982, 46.5994], [-78.6024, 46.5963], [-78.6157, 46.597], [-78.6356, 46.6021], [-78.6451, 46.6103], [-78.6569, 46.6084], [-78.6628, 46.6237], [-78.6814, 46.6326], [-78.6808, 46.6411], [-78.7034, 46.6433], [-78.7008, 46.6455], [-78.702, 46.65], [-78.7123, 46.6559], [-78.7139, 46.6644], [-78.7264, 46.6696], [-78.7329, 46.6678], [-78.7411, 46.6702], [-78.7513, 46.6644], [-78.7562, 46.6672], [-78.7465, 46.677], [-78.7456, 46.6852], [-78.7486, 46.691], [-78.7185, 46.6986], [-78.7234, 46.7027], [-78.7071, 46.7121], [-78.693, 46.711], [-78.666, 46.6883], [-78.6519, 46.6869], [-78.5935, 46.6905], [-78.6013, 46.7043], [-78.5855, 46.688], [-78.5793, 46.677], [-78.5481, 46.6797], [-78.5358, 46.6868], [-78.4699, 46.6824], [-78.4423, 46.694], [-78.4343, 46.7057], [-78.4206, 46.7045], [-78.4579, 46.7175], [-78.5023, 46.7259], [-78.5119, 46.7388], [-78.5334, 46.75], [-78.5423, 46.77], [-78.5665, 46.7761], [-78.5796, 46.7828], [-78.5835, 46.7926], [-78.6031, 46.8043], [-78.6002, 46.8121], [-78.603, 46.8154], [-78.5984, 46.8175], [-78.5987, 46.8242], [-78.608, 46.8393], [-78.6159, 46.8443], [-78.6136, 46.8477], [-78.6172, 46.8577], [-78.6121, 46.8614], [-78.6036, 46.8607], [-78.5787, 46.8433], [-78.5617, 46.8426], [-78.5438, 46.8477], [-78.5274, 46.8412], [-78.5189, 46.8426], [-78.5088, 46.8509], [-78.4932, 46.8517], [-78.4658, 46.859], [-78.4581, 46.8788], [-78.3929, 46.9294], [-78.3884, 46.9294], [-78.3697, 46.9108], [-78.3521, 46.9075], [-78.3456, 46.9151], [-78.3475, 46.9182], [-78.3298, 46.9149], [-78.3252, 46.9202], [-78.3153, 46.9227], [-78.3151, 46.9377], [-78.3076, 46.9414], [-78.3014, 46.942], [-78.2977, 46.9384], [-78.2997, 46.9364], [-78.2952, 46.9348], [-78.2907, 46.9364], [-78.3014, 46.9254], [-78.2835, 46.8801], [-78.2787, 46.8794], [-78.2763, 46.883], [-78.2607, 46.8801], [-78.2527, 46.8748], [-78.2477, 46.8636], [-78.2486, 46.8577], [-78.2339, 46.8475], [-78.2363, 46.8478], [-78.2343, 46.8446], [-78.2222, 46.8399], [-78.2083, 46.8262], [-78.2078, 46.8223], [-78.212, 46.8243], [-78.2191, 46.8203], [-78.214, 46.8057], [-78.2097, 46.8076], [-78.2133, 46.8039], [-78.2111, 46.792], [-78.2142, 46.7747], [-78.2058, 46.7784], [-78.2029, 46.7754], [-78.197, 46.7797], [-78.1944, 46.778], [-78.192, 46.7626], [-78.1961, 46.756], [-78.192, 46.7508], [-78.1847, 46.7539], [-78.1874, 46.7487], [-78.1808, 46.7393], [-78.1843, 46.7404], [-78.1853, 46.7327], [-78.1767, 46.7347], [-78.1755, 46.7297], [-78.1693, 46.7275], [-78.1681, 46.7236], [-78.157, 46.7252], [-78.1527, 46.7304], [-78.158, 46.7302], [-78.1546, 46.7435], [-78.1456, 46.7456], [-78.1423, 46.7503], [-78.1496, 46.753], [-78.1405, 46.7568], [-78.1394, 46.7675], [-78.1318, 46.7642], [-78.1359, 46.7622], [-78.1339, 46.754], [-78.1255, 46.7521], [-78.1212, 46.7483], [-78.1229, 46.7468], [-78.1131, 46.7464], [-78.1185, 46.7357], [-78.1136, 46.726], [-78.1033, 46.7337], [-78.1099, 46.7378]]], [[[-78.11419787485242, 46.728466233766234], [-78.1152, 46.7326], [-78.1135, 46.7288], [-78.11419787485242, 46.728466233766234]]]]}}, {"type": "Feature", "properties": {"id": "qc-trq-16-19", "name": "Zec de la Rivi\u00e8re-Cap-Chat", "province": "QC", "park_type": "zec", "designation": "zec", "hunting_allowed": true, "policy_id": "Z-113C", "summary": "Structured recreational / wildlife territory on Quebec public land. Verify current regulations.", "source": "MRNF TRQ_WMS layer 16", "layer_role": "public_hunt_territory"}, "geometry": {"type": "MultiPolygon", "coordinates": [[[[-66.7531, 48.816], [-66.757, 48.8214], [-66.75314722222214, 48.82425000000006], [-66.7565, 48.8217], [-66.7531, 48.816]]], [[[-66.7497381395959, 48.826842823405926], [-66.7497, 48.8268], [-66.75314722222214, 48.82425000000006], [-66.7497381395959, 48.826842823405926]]], [[[-66.7553788172992, 48.83327811120918], [-66.7494, 48.8271], [-66.7497381395959, 48.826842823405926], [-66.7553788172992, 48.83327811120918]]], [[[-66.75524248704662, 48.833780829015566], [-66.7553788172992, 48.83327811120918], [-66.7554, 48.8333], [-66.75524248704662, 48.833780829015566]]], [[[-66.7645, 48.8436], [-66.7657, 48.8416], [-66.7535, 48.8391], [-66.75524248704662, 48.833780829015566], [-66.7538, 48.8391], [-66.766, 48.8416], [-66.7689, 48.8464], [-66.76907142857142, 48.84620000000002], [-66.7688, 48.8466], [-66.7645, 48.8436]]], [[[-66.77082992125985, 48.84414842519685], [-66.76907142857142, 48.84620000000002], [-66.7707, 48.8438], [-66.77082992125985, 48.84414842519685]]], [[[-66.7782, 48.8665], [-66.7761, 48.8746], [-66.7701, 48.8728], [-66.7584, 48.8846], [-66.74053741644644, 48.89049465257267], [-66.7577, 48.884], [-66.7692, 48.8722], [-66.775, 48.874], [-66.7774, 48.866], [-66.7834, 48.8635], [-66.7788, 48.8582], [-66.78, 48.8522], [-66.7729, 48.8497], [-66.7713, 48.8436], [-66.7732, 48.8495], [-66.7805, 48.8522], [-66.7799, 48.8585], [-66.7858, 48.8642], [-66.7782, 48.8665]]], [[[-66.73694670985338, 48.8940128196386], [-66.7384, 48.8912], [-66.74053741644644, 48.89049465257267], [-66.73694670985338, 48.8940128196386]]], [[[-66.7353, 48.8972], [-66.72240081697004, 48.90316098609718], [-66.73694670985338, 48.8940128196386], [-66.7353, 48.8972]]], [[[-66.72329385665527, 48.90552491467575], [-66.7221, 48.9033], [-66.72240081697004, 48.90316098609718], [-66.72329385665527, 48.90552491467575]]], [[[-66.6941, 48.9344], [-66.6991, 48.9381], [-66.6952, 48.9437], [-66.6989, 48.9487], [-66.6949, 48.9524], [-66.7012, 48.9563], [-66.6966, 48.9646], [-66.7005, 48.9695], [-66.697, 48.9712], [-66.7048, 48.978], [-66.70097336065574, 48.98505614754101], [-66.7, 48.9798], [-66.7031, 48.9784], [-66.6956, 48.9709], [-66.6994, 48.9691], [-66.6955, 48.9649], [-66.6993, 48.9567], [-66.6929, 48.9515], [-66.6973, 48.9491], [-66.694, 48.9437], [-66.6977, 48.9385], [-66.6928, 48.934], [-66.6993, 48.927], [-66.6947, 48.9202], [-66.7083, 48.9162], [-66.7133, 48.909], [-66.72329385665527, 48.90552491467575], [-66.7243, 48.9074], [-66.7136, 48.9099], [-66.7092, 48.9167], [-66.696, 48.9205], [-66.7006, 48.927], [-66.6941, 48.9344]]], [[[-66.7117, 49.0073], [-66.7054, 49.0], [-66.7066, 48.9956], [-66.698, 48.9885], [-66.7009479305741, 48.98525727636848], [-66.7005, 48.9888], [-66.7078, 48.9943], [-66.7064, 48.9987], [-66.7117, 49.0073]]], [[[-66.71000171865055, 49.01283787396563], [-66.7097, 49.0097], [-66.7113512295082, 49.008437295081976], [-66.71000171865055, 49.01283787396563]]], [[[-66.71000171865055, 49.01283787396563], [-66.7102, 49.0149], [-66.70721442035816, 49.01735909519322], [-66.7057, 49.016], [-66.71000171865055, 49.01283787396563]]], [[[-66.70926399171628, 49.0205584260937], [-66.70721442035816, 49.01735909519322], [-66.7096, 49.0195], [-66.70926399171628, 49.0205584260937]]], [[[-66.70926399171628, 49.0205584260937], [-66.70924285714284, 49.02587142857143], [-66.7076, 49.0258], [-66.70926399171628, 49.0205584260937]]], [[[-66.70924285714284, 49.02587142857143], [-66.7122, 49.026], [-66.71155494880546, 49.02629180887372], [-66.70924285714284, 49.02587142857143]]], [[[-66.7009479305741, 48.98525727636848], [-66.70097336065574, 48.98505614754101], [-66.701, 48.9852], [-66.7009479305741, 48.98525727636848]]], [[[-66.6463, 48.9851], [-66.6462, 48.9793], [-66.628, 48.9672], [-66.6487, 48.9807], [-66.651, 48.9965], [-66.6414, 49.0048], [-66.6441, 49.007], [-66.6421, 49.0121], [-66.6506, 49.0285], [-66.65038947368411, 49.02873157894747], [-66.6404, 49.0127], [-66.6397, 49.0043], [-66.6485, 48.9964], [-66.6497, 48.9881], [-66.6463, 48.9851]]], [[[-66.64871777575205, 49.03072169553327], [-66.6486, 49.0307], [-66.65038947368411, 49.02873157894747], [-66.64871777575205, 49.03072169553327]]], [[[-66.64871777575205, 49.03072169553327], [-66.65024444444445, 49.03100292397661], [-66.6484, 49.0311], [-66.64871777575205, 49.03072169553327]]], [[[-66.65189479768786, 49.031306936416186], [-66.65024444444445, 49.03100292397661], [-66.6522, 49.0309], [-66.65189479768786, 49.031306936416186]]], [[[-66.65189479768786, 49.031306936416186], [-66.6524, 49.0314], [-66.65010000000001, 49.03369999999999], [-66.65189479768786, 49.031306936416186]]], [[[-66.7076, 49.0333], [-66.708, 49.0279], [-66.7127, 49.0265], [-66.7083, 49.0284], [-66.7077, 49.0339], [-66.6919, 49.0406], [-66.7076, 49.0333]]], [[[-66.64984531914894, 49.03403957446808], [-66.6498, 49.034], [-66.65010000000001, 49.03369999999999], [-66.64984531914894, 49.03403957446808]]], [[[-66.65757269523701, 49.04269292940775], [-66.6498, 49.0341], [-66.64984531914894, 49.03403957446808], [-66.6569, 49.0402], [-66.65757269523701, 49.04269292940775]]], [[[-66.6843, 49.0451], [-66.69, 49.0426], [-66.687, 49.0452], [-66.6843, 49.0451]]], [[[-66.6655129748685, 49.05147112799533], [-66.6586, 49.0465], [-66.65757269523701, 49.04269292940775], [-66.6655129748685, 49.05147112799533]]], [[[-66.6804, 49.0466], [-66.6812, 49.0466], [-66.6749, 49.0497], [-66.6804, 49.0466]]], [[[-66.6727, 49.053], [-66.6737, 49.0515], [-66.6741, 49.0518], [-66.6727, 49.053]]], [[[-66.6764, 49.0593], [-66.6739, 49.0654], [-66.6761, 49.0597], [-66.6655129748685, 49.05147112799533], [-66.6764, 49.0593]]], [[[-66.6711, 49.0706], [-66.6716, 49.0716], [-66.6699, 49.0743], [-66.6711, 49.0706]]], [[[-66.6691, 49.0759], [-66.6682, 49.0753], [-66.6686, 49.0749], [-66.6691, 49.0759]]], [[[-66.6642, 49.0824], [-66.6642, 49.0911], [-66.6805, 49.0977], [-66.6704, 49.0986], [-66.6627, 49.0914], [-66.6642, 49.0824]]]]}}, {"type": "Feature", "properties": {"id": "qc-trq-16-20", "name": "Zec de la Rivi\u00e8re-aux-Rats", "province": "QC", "park_type": "zec", "designation": "zec", "hunting_allowed": true, "policy_id": "Z-023A", "summary": "Structured recreational / wildlife territory on Quebec public land. Verify current regulations.", "source": "MRNF TRQ_WMS layer 16", "layer_role": "public_hunt_territory"}, "geometry": {"type": "Polygon", "coordinates": [[[-72.1811, 50.0], [-72.3416, 49.9983], [-72.3303, 49.9863], [-72.3227, 49.9845], [-72.3202, 49.9762], [-72.3276, 49.9643], [-72.3261, 49.9562], [-72.3451, 49.9418], [-72.3467, 49.9376], [-72.3431, 49.9336], [-72.3477, 49.9328], [-72.3467, 49.9269], [-72.343, 49.9257], [-72.3435, 49.9175], [-72.3404, 49.9172], [-72.3319, 49.9035], [-72.316, 49.9025], [-72.3141, 49.8992], [-72.3067, 49.8982], [-72.3125, 49.8914], [-72.3106, 49.8844], [-72.3197, 49.8817], [-72.3147, 49.8753], [-72.3571, 49.8763], [-72.3671, 49.8669], [-72.3588, 49.8575], [-72.3633, 49.8496], [-72.3532, 49.8333], [-72.3466, 49.8115], [-72.3485, 49.7993], [-72.3601, 49.7872], [-72.3622, 49.6889], [-72.3528, 49.6667], [-72.3375, 49.6595], [-72.3558, 49.638], [-72.3502, 49.6373], [-72.3489, 49.6352], [-72.3515, 49.6353], [-72.346, 49.6341], [-72.3446, 49.6297], [-72.3318, 49.6263], [-72.3275, 49.6205], [-72.3199, 49.6174], [-72.316, 49.6096], [-72.4082, 49.6286], [-72.4165, 49.6236], [-72.4231, 49.6231], [-72.4221, 49.6256], [-72.4313, 49.6215], [-72.4634, 49.5581], [-72.4542, 49.5389], [-72.4472, 49.5005], [-72.4702, 49.4974], [-72.4845, 49.4473], [-72.51, 49.4479], [-72.4781, 49.3923], [-72.4668, 49.3855], [-72.4657, 49.3794], [-72.4609, 49.3777], [-72.4525, 49.363], [-72.4476, 49.3605], [-72.453, 49.3569], [-72.4271, 49.3434], [-72.4279, 49.3084], [-72.4406, 49.3086], [-72.4418, 49.3046], [-72.4419, 49.2503], [-72.3072, 49.2481], [-72.3045, 49.2457], [-72.3085, 49.2439], [-72.2988, 49.243], [-72.3021, 49.2391], [-72.2946, 49.2392], [-72.3037, 49.2381], [-72.3014, 49.2315], [-72.3045, 49.2217], [-72.2981, 49.2166], [-72.3019, 49.2156], [-72.3031, 49.2087], [-72.2932, 49.1892], [-72.2942, 49.1836], [-72.2869, 49.1728], [-72.2906, 49.1665], [-72.2765, 49.1204], [-72.2811, 49.1028], [-72.2892, 49.098], [-72.2961, 49.1003], [-72.2961, 49.0962], [-72.2291, 49.0917], [-72.2237, 49.0961], [-72.2166, 49.1295], [-72.2219, 49.1327], [-72.2213, 49.1283], [-72.2246, 49.1274], [-72.228, 49.1335], [-72.2257, 49.1415], [-72.229, 49.1427], [-72.2254, 49.1432], [-72.2253, 49.1472], [-72.2125, 49.1493], [-72.2093, 49.1578], [-72.1897, 49.1706], [-72.2283, 49.2055], [-72.2241, 49.2075], [-72.2282, 49.2162], [-72.2326, 49.2151], [-72.2325, 49.2104], [-72.2378, 49.2122], [-72.2398, 49.2078], [-72.2481, 49.2095], [-72.2565, 49.2303], [-72.2404, 49.235], [-72.2356, 49.2404], [-72.2357, 49.2473], [-72.2279, 49.2503], [-72.2337, 49.2554], [-72.2283, 49.2581], [-72.2298, 49.2615], [-72.2193, 49.2713], [-72.2217, 49.2752], [-72.2139, 49.278], [-72.2155, 49.284], [-72.2056, 49.2944], [-72.2013, 49.3115], [-72.1876, 49.327], [-72.1901, 49.3321], [-72.1832, 49.3333], [-72.183, 49.337], [-72.1757, 49.3401], [-72.1823, 49.341], [-72.1818, 49.3461], [-72.1738, 49.3483], [-72.1821, 49.3525], [-72.183, 49.3568], [-72.1773, 49.3567], [-72.1794, 49.3614], [-72.1753, 49.3628], [-72.1758, 49.3668], [-72.17, 49.3682], [-72.1727, 49.3735], [-72.17, 49.3778], [-72.1627, 49.3739], [-72.1568, 49.3786], [-72.1605, 49.3858], [-72.128, 49.3908], [-72.1295, 49.3937], [-72.1231, 49.4119], [-72.0947, 49.4112], [-72.055, 49.4687], [-72.0564, 49.4731], [-72.0527, 49.4736], [-72.0572, 49.4782], [-72.0528, 49.4922], [-72.053, 49.5172], [-72.0476, 49.5432], [-72.0479, 49.5598], [-72.0496, 49.5662], [-72.0608, 49.5759], [-72.1072, 49.5982], [-72.1184, 49.6187], [-72.0887, 49.618], [-72.0767, 49.6564], [-72.1037, 49.6758], [-72.109, 49.6842], [-72.1073, 49.6901], [-72.111, 49.691], [-72.1051, 49.7031], [-72.0957, 49.7031], [-72.0853, 49.7079], [-72.0839, 49.7177], [-72.0868, 49.7296], [-72.0993, 49.7375], [-72.1008, 49.7444], [-72.0933, 49.7684], [-72.1055, 49.7721], [-72.1117, 49.7783], [-72.0988, 49.7973], [-72.1404, 49.8586], [-72.1396, 49.8721], [-72.121, 49.8777], [-72.1141, 49.8854], [-72.122, 49.8951], [-72.1415, 49.8979], [-72.1518, 49.9088], [-72.1501, 49.918], [-72.1633, 49.9358], [-72.1712, 49.9363], [-72.1693, 49.942], [-72.1748, 49.9521], [-72.173, 49.9548], [-72.1822, 49.9613], [-72.1811, 50.0]]]}}, {"type": "Feature", "properties": {"id": "qc-trq-16-21", "name": "Zec Saint-Romain", "province": "QC", "park_type": "zec", "designation": "zec", "hunting_allowed": true, "policy_id": "Z-052A", "summary": "Structured recreational / wildlife territory on Quebec public land. Verify current regulations.", "source": "MRNF TRQ_WMS layer 16", "layer_role": "public_hunt_territory"}, "geometry": {"type": "MultiPolygon", "coordinates": [[[[-71.1268, 45.7366], [-71.1292, 45.7336], [-71.1188, 45.7275], [-71.1224, 45.7227], [-71.1063, 45.7139], [-71.1039, 45.7061], [-71.0736, 45.6885], [-71.0828, 45.6807], [-71.0792, 45.6786], [-71.038, 45.7143], [-71.0743, 45.733], [-71.0853, 45.7237], [-71.1095, 45.7354], [-71.1157, 45.7302], [-71.1268, 45.7366]]], [[[-71.1377, 45.7711], [-71.141, 45.769], [-71.1377, 45.76], [-71.1293, 45.7666], [-71.1377, 45.7711]]], [[[-71.1353, 45.7449], [-71.1285, 45.7508], [-71.136, 45.7551], [-71.1353, 45.7449]]]]}}, {"type": "Feature", "properties": {"id": "qc-trq-16-22", "name": "Zec Owen", "province": "QC", "park_type": "zec", "designation": "zec", "hunting_allowed": true, "policy_id": "Z-015A", "summary": "Structured recreational / wildlife territory on Quebec public land. Verify current regulations.", "source": "MRNF TRQ_WMS layer 16", "layer_role": "public_hunt_territory"}, "geometry": {"type": "Polygon", "coordinates": [[[-68.3831, 47.913], [-68.407, 47.904], [-68.4139, 47.9103], [-68.4389, 47.9151], [-68.4408, 47.9228], [-68.4466, 47.9247], [-68.4517, 47.9329], [-68.4573, 47.9321], [-68.4654, 47.9396], [-68.4763, 47.9398], [-68.4866, 47.9495], [-68.4869, 47.9544], [-68.4955, 47.9537], [-68.4972, 47.9586], [-68.5055, 47.9624], [-68.6461, 47.867], [-68.6289, 47.8556], [-68.6585, 47.8358], [-68.6524, 47.8318], [-68.6659, 47.8225], [-68.6555, 47.8104], [-68.6559, 47.8041], [-68.6498, 47.8001], [-68.5982, 47.8352], [-68.4891, 47.7616], [-68.5839, 47.6975], [-68.576, 47.68], [-68.5637, 47.6759], [-68.5507, 47.6627], [-68.5338, 47.6577], [-68.5279, 47.6447], [-68.5172, 47.6354], [-68.5285, 47.6277], [-68.4895, 47.6076], [-68.5772, 47.5475], [-68.5526, 47.5337], [-68.5398, 47.5205], [-68.5278, 47.5184], [-68.5128, 47.5073], [-68.4757, 47.4905], [-68.383, 47.5534], [-68.3831, 47.913]]]}}, {"type": "Feature", "properties": {"id": "qc-trq-16-23", "name": "Zec Chapais", "province": "QC", "park_type": "zec", "designation": "zec", "hunting_allowed": true, "policy_id": "Z-015B", "summary": "Structured recreational / wildlife territory on Quebec public land. Verify current regulations.", "source": "MRNF TRQ_WMS layer 16", "layer_role": "public_hunt_territory"}, "geometry": {"type": "Polygon", "coordinates": [[[-69.6742, 47.3039], [-69.7787, 47.3715], [-69.789, 47.3554], [-69.7748, 47.3461], [-69.7764, 47.3436], [-69.7906, 47.3529], [-69.797, 47.3428], [-69.8112, 47.3522], [-69.8179, 47.3419], [-69.8319, 47.3512], [-69.8447, 47.3306], [-69.8308, 47.3214], [-69.8437, 47.3008], [-69.8582, 47.3105], [-69.8728, 47.287], [-69.8586, 47.2775], [-69.8868, 47.2345], [-69.8172, 47.1888], [-69.8336, 47.1772], [-69.8024, 47.1574], [-69.7865, 47.1694], [-69.6253, 47.0667], [-69.54, 47.151], [-69.5924, 47.1843], [-69.5856, 47.1893], [-69.6015, 47.1993], [-69.5944, 47.2044], [-69.6103, 47.2145], [-69.5981, 47.2235], [-69.6139, 47.2333], [-69.6493, 47.2074], [-69.7335, 47.2594], [-69.6742, 47.3039]], [[-69.8117, 47.2413], [-69.8108, 47.2415], [-69.8108, 47.2411], [-69.8117, 47.2413]]]}}, {"type": "Feature", "properties": {"id": "qc-trq-16-24", "name": "Zec Batiscan-Neilson", "province": "QC", "park_type": "zec", "designation": "zec", "hunting_allowed": true, "policy_id": "Z-036B", "summary": "Structured recreational / wildlife territory on Quebec public land. Verify current regulations.", "source": "MRNF TRQ_WMS layer 16", "layer_role": "public_hunt_territory"}, "geometry": {"type": "Polygon", "coordinates": [[[-71.8429, 47.3299], [-71.8617, 47.3376], [-71.8839, 47.3165], [-71.8938, 47.3142], [-71.8946, 47.31], [-71.8978, 47.3118], [-71.8963, 47.3069], [-71.8931, 47.3078], [-71.916, 47.286], [-71.9119, 47.2847], [-71.9143, 47.2741], [-71.9271, 47.2755], [-71.9576, 47.2464], [-71.9617, 47.2464], [-71.9585, 47.2456], [-71.9918, 47.2137], [-71.9837, 47.208], [-71.9863, 47.2013], [-71.9812, 47.1945], [-71.985, 47.1799], [-72.0109, 47.1522], [-72.0107, 47.148], [-72.0278, 47.126], [-72.0296, 47.1111], [-72.0411, 47.1075], [-72.0504, 47.1007], [-72.0515, 47.0956], [-72.0608, 47.0915], [-72.03, 47.0784], [-72.0309, 47.045], [-72.048, 47.0563], [-72.0452, 47.0527], [-72.0503, 47.055], [-72.054, 47.05], [-72.0519, 47.0531], [-72.0549, 47.061], [-72.0745, 47.0648], [-72.0909, 47.056], [-72.1093, 47.0524], [-72.1113, 47.0461], [-72.1252, 47.0334], [-72.1198, 47.0298], [-72.1222, 47.0281], [-72.1272, 47.0314], [-72.1495, 47.0205], [-72.1316, 47.0086], [-72.1441, 46.9999], [-72.1283, 46.9892], [-72.1453, 46.9772], [-72.1312, 46.9664], [-72.1426, 46.9588], [-72.1352, 46.9532], [-72.1289, 46.9404], [-72.1067, 46.926], [-72.1052, 46.9222], [-72.0861, 46.9338], [-72.0675, 46.9212], [-72.0552, 46.9296], [-72.0401, 46.9192], [-71.974, 46.9641], [-71.9436, 46.9436], [-71.8526, 47.0041], [-71.8671, 47.014], [-71.8614, 47.0178], [-71.9203, 47.0584], [-71.901, 47.0718], [-71.9177, 47.0833], [-71.9117, 47.0874], [-71.9628, 47.1224], [-71.8862, 47.1663], [-71.8425, 47.1351], [-71.8921, 47.1009], [-71.8165, 47.0483], [-71.7663, 47.0828], [-71.7023, 47.0356], [-71.6499, 47.0711], [-71.6281, 47.0562], [-71.5846, 47.0856], [-71.5694, 47.0749], [-71.5588, 47.0792], [-71.5675, 47.0847], [-71.5651, 47.0862], [-71.6591, 47.1812], [-71.6317, 47.1925], [-71.678, 47.2214], [-71.6745, 47.2335], [-71.6832, 47.2255], [-71.8241, 47.3245], [-71.8276, 47.3229], [-71.8284, 47.3287], [-71.8429, 47.3299]], [[-71.8307, 47.2071], [-71.7866, 47.2234], [-71.7827, 47.2193], [-71.7877, 47.216], [-71.78, 47.1973], [-71.7829, 47.1865], [-71.7978, 47.1879], [-71.8032, 47.1837], [-71.8307, 47.2071]]]}}, {"type": "Feature", "properties": {"id": "qc-trq-16-25", "name": "Zec Gros-Brochet", "province": "QC", "park_type": "zec", "designation": "zec", "hunting_allowed": true, "policy_id": "Z-045B", "summary": "Structured recreational / wildlife territory on Quebec public land. Verify current regulations.", "source": "MRNF TRQ_WMS layer 16", "layer_role": "public_hunt_territory"}, "geometry": {"type": "Polygon", "coordinates": [[[-73.4316, 47.5016], [-73.4288, 47.5035], [-73.416, 47.4961], [-73.4162, 47.4993], [-73.4219, 47.5018], [-73.4204, 47.5041], [-73.4162, 47.501], [-73.4184, 47.5041], [-73.4263, 47.5069], [-73.4314, 47.5267], [-73.4149, 47.5443], [-73.3322, 47.4882], [-73.3414, 47.4856], [-73.3533, 47.4755], [-73.3557, 47.4649], [-73.3655, 47.467], [-73.3698, 47.4648], [-73.3663, 47.4587], [-73.3732, 47.4506], [-73.3731, 47.4448], [-73.3788, 47.4382], [-73.3875, 47.4361], [-73.3943, 47.4244], [-73.409, 47.4166], [-73.4101, 47.4054], [-73.4273, 47.4039], [-73.429, 47.3888], [-73.4445, 47.3849], [-73.4434, 47.3785], [-73.4521, 47.3764], [-73.479, 47.3555], [-73.4772, 47.3532], [-73.4828, 47.3489], [-73.4809, 47.3425], [-73.4868, 47.3259], [-73.4733, 47.316], [-73.4758, 47.3037], [-73.4737, 47.3018], [-73.4761, 47.3001], [-73.474, 47.299], [-73.4753, 47.2886], [-73.472, 47.2875], [-73.474, 47.2858], [-73.4586, 47.2741], [-73.5099, 47.2395], [-73.5113, 47.2346], [-73.5168, 47.2321], [-73.5156, 47.2292], [-73.52, 47.2327], [-73.5704, 47.1986], [-73.585, 47.1965], [-73.6426, 47.2431], [-73.694, 47.2019], [-73.6987, 47.2032], [-73.7003, 47.2005], [-73.6967, 47.1998], [-73.7235, 47.1759], [-73.8074, 47.1109], [-73.8534, 47.1509], [-73.9107, 47.0992], [-73.9155, 47.0999], [-74.0289, 47.1778], [-74.0099, 47.2756], [-74.012, 47.2752], [-74.0084, 47.2794], [-74.0109, 47.2849], [-74.0043, 47.3142], [-73.9953, 47.3232], [-73.9971, 47.3264], [-73.9931, 47.3329], [-73.9958, 47.3332], [-73.9931, 47.338], [-73.999, 47.3457], [-73.9944, 47.3538], [-73.9884, 47.352], [-73.9851, 47.3606], [-73.9749, 47.3649], [-73.9681, 47.3777], [-73.958, 47.3798], [-73.9621, 47.3852], [-73.9543, 47.3898], [-73.9493, 47.3851], [-73.9506, 47.3926], [-73.9385, 47.4042], [-73.9418, 47.4147], [-73.9358, 47.4237], [-73.9433, 47.4295], [-73.9392, 47.433], [-73.9441, 47.4359], [-73.934, 47.4454], [-73.935, 47.4474], [-73.9259, 47.4516], [-73.9294, 47.4522], [-73.9297, 47.4556], [-73.9221, 47.463], [-73.9291, 47.4693], [-73.9186, 47.4707], [-73.9182, 47.4657], [-73.9153, 47.4686], [-73.9125, 47.4647], [-73.9167, 47.471], [-73.8666, 47.4781], [-73.861, 47.4705], [-73.8655, 47.4664], [-73.8482, 47.4687], [-73.8519, 47.4801], [-73.7768, 47.4906], [-73.7757, 47.488], [-73.7707, 47.4884], [-73.7708, 47.4914], [-73.7356, 47.4964], [-73.613, 47.4131], [-73.6049, 47.5203], [-73.502, 47.5185], [-73.4354, 47.559], [-73.4222, 47.55], [-73.427, 47.5474], [-73.4265, 47.5446], [-73.4299, 47.5453], [-73.4381, 47.5393], [-73.4301, 47.5418], [-73.4264, 47.5397], [-73.4281, 47.5359], [-73.4381, 47.5321], [-73.4368, 47.5244], [-73.4398, 47.5238], [-73.4358, 47.5196], [-73.4387, 47.5163], [-73.4324, 47.5116], [-73.431, 47.5054], [-73.434, 47.5016], [-73.43025160508782, 47.49376244700183], [-73.4264301260783, 47.4985402786994], [-73.4316, 47.5016]], [[-73.432, 47.4897], [-73.4296, 47.4924], [-73.43025160508782, 47.49376244700183], [-73.432, 47.4897]], [[-73.4218, 47.4958], [-73.4256, 47.4989], [-73.4264301260783, 47.4985402786994], [-73.4218, 47.4958]]]}}, {"type": "Feature", "properties": {"id": "qc-trq-16-26", "name": "Zec de la Rivi\u00e8re-Bonaventure", "province": "QC", "park_type": "zec", "designation": "zec", "hunting_allowed": true, "policy_id": "Z-112A", "summary": "Structured recreational / wildlife territory on Quebec public land. Verify current regulations.", "source": "MRNF TRQ_WMS layer 16", "layer_role": "public_hunt_territory"}, "geometry": {"type": "MultiPolygon", "coordinates": [[[[-65.461, 48.0914], [-65.4637, 48.0971], [-65.4604, 48.0918], [-65.4438, 48.0867], [-65.461, 48.0914]]], [[[-65.4376, 48.0945], [-65.4371, 48.0977], [-65.43560817704423, 48.09792010502626], [-65.4369, 48.0975], [-65.4376, 48.0945]]], [[[-65.514, 48.1624], [-65.4915, 48.1563], [-65.4852, 48.1506], [-65.4835, 48.1396], [-65.4738, 48.1227], [-65.4843, 48.1394], [-65.4852, 48.1488], [-65.4929, 48.1553], [-65.5146, 48.1612], [-65.5173, 48.1661], [-65.5161, 48.1722], [-65.5373, 48.1798], [-65.5351, 48.1852], [-65.5374, 48.1869], [-65.5578, 48.1857], [-65.56118178438663, 48.189799132589854], [-65.5571, 48.1867], [-65.536, 48.1882], [-65.5328, 48.1858], [-65.5348, 48.1801], [-65.5148, 48.1728], [-65.514, 48.1624]]], [[[-65.5625, 48.1908], [-65.56258382978723, 48.191498581560275], [-65.56118178438663, 48.189799132589854], [-65.5625, 48.1908]]], [[[-65.5811, 48.2117], [-65.5649, 48.2108], [-65.56258382978723, 48.191498581560275], [-65.5667, 48.2107], [-65.5823, 48.2107], [-65.5841, 48.2137], [-65.58193066617045, 48.21493036844065], [-65.5811, 48.2117]]], [[[-65.57946449760769, 48.21632909090907], [-65.58193066617045, 48.21493036844065], [-65.582, 48.2152], [-65.57946449760769, 48.21632909090907]]], [[[-65.5301, 48.497], [-65.5301, 48.4921], [-65.5242, 48.4859], [-65.5239, 48.4698], [-65.5182, 48.4672], [-65.5187, 48.4626], [-65.5295, 48.4595], [-65.5238, 48.455], [-65.5251, 48.4532], [-65.5387, 48.454], [-65.5329, 48.4467], [-65.5332, 48.437], [-65.5274, 48.4345], [-65.5369, 48.4259], [-65.5323, 48.424], [-65.5312, 48.4168], [-65.5214, 48.415], [-65.522, 48.418], [-65.505, 48.4214], [-65.5053, 48.4288], [-65.5009, 48.4328], [-65.487, 48.4306], [-65.4854, 48.4321], [-65.4898, 48.4348], [-65.4875, 48.4384], [-65.477, 48.4359], [-65.4683, 48.4458], [-65.4577, 48.4455], [-65.4543, 48.4524], [-65.4602, 48.4575], [-65.4617, 48.4642], [-65.4562, 48.473], [-65.4652, 48.4889], [-65.4614, 48.5055], [-65.46449630526953, 48.50946850393701], [-65.4622, 48.5132], [-65.4593, 48.4985], [-65.4632, 48.489], [-65.4544, 48.4741], [-65.4554, 48.4675], [-65.4598, 48.464], [-65.4584, 48.4581], [-65.4526, 48.4536], [-65.4533, 48.4491], [-65.4576, 48.4439], [-65.4674, 48.4447], [-65.4676, 48.4411], [-65.4759, 48.4348], [-65.4862, 48.4374], [-65.4877, 48.4347], [-65.4833, 48.4322], [-65.4859, 48.4295], [-65.4982, 48.4319], [-65.5035, 48.427], [-65.4982, 48.4096], [-65.4856, 48.4072], [-65.4847, 48.4027], [-65.4911, 48.3976], [-65.4889, 48.3954], [-65.4855, 48.4003], [-65.4739, 48.4025], [-65.4779, 48.4048], [-65.4773, 48.4088], [-65.4637, 48.4079], [-65.4578, 48.4031], [-65.4503, 48.4065], [-65.4464, 48.4013], [-65.441, 48.4007], [-65.4389, 48.3955], [-65.4331, 48.3992], [-65.428, 48.3945], [-65.42413333333334, 48.400050000000036], [-65.4222, 48.3957], [-65.4382, 48.3872], [-65.43, 48.385], [-65.4323, 48.3801], [-65.4271, 48.3725], [-65.4066, 48.3755], [-65.401, 48.3816], [-65.3963, 48.3786], [-65.3867, 48.3829], [-65.3797, 48.3787], [-65.3771, 48.3833], [-65.3704, 48.3843], [-65.37, 48.3891], [-65.3619, 48.3894], [-65.3639, 48.3915], [-65.3618, 48.3928], [-65.3403, 48.3926], [-65.3354, 48.3885], [-65.361, 48.3917], [-65.3592, 48.3888], [-65.3693, 48.3876], [-65.3685, 48.3841], [-65.3754, 48.3824], [-65.3791, 48.3777], [-65.3872, 48.3818], [-65.3959, 48.3774], [-65.4013, 48.3801], [-65.406, 48.3745], [-65.4276, 48.371], [-65.4341, 48.3798], [-65.432, 48.3845], [-65.44, 48.387], [-65.4316, 48.3916], [-65.432, 48.3977], [-65.4389, 48.3941], [-65.4515, 48.4052], [-65.4582, 48.4018], [-65.4649, 48.4066], [-65.4773, 48.4075], [-65.4709, 48.4031], [-65.4766, 48.3991], [-65.4844, 48.3992], [-65.4873, 48.3945], [-65.4821, 48.3891], [-65.4808, 48.3773], [-65.4859, 48.3714], [-65.4744, 48.3692], [-65.4651, 48.362], [-65.4686, 48.3563], [-65.4763, 48.3532], [-65.4719, 48.3434], [-65.4736, 48.3395], [-65.4697, 48.3345], [-65.4723, 48.3232], [-65.4704, 48.3181], [-65.48, 48.3162], [-65.4908, 48.3064], [-65.483, 48.3021], [-65.488, 48.2956], [-65.4817, 48.2931], [-65.4668, 48.3001], [-65.4415, 48.3007], [-65.4215, 48.2938], [-65.4167, 48.2967], [-65.419, 48.2991], [-65.4158, 48.3018], [-65.3902, 48.3065], [-65.3827, 48.3019], [-65.38467989949748, 48.300019095477374], [-65.3903, 48.3049], [-65.415, 48.3007], [-65.4147, 48.2952], [-65.4208, 48.2925], [-65.4409, 48.2995], [-65.4667, 48.2989], [-65.4808, 48.291], [-65.4894, 48.2948], [-65.5033, 48.292], [-65.5295, 48.2955], [-65.5493, 48.2935], [-65.5586, 48.2975], [-65.5728, 48.2866], [-65.5712, 48.2822], [-65.5739, 48.2778], [-65.5585, 48.2688], [-65.5645, 48.2564], [-65.5611, 48.2439], [-65.5659, 48.2393], [-65.5654, 48.233], [-65.5747, 48.2289], [-65.5692, 48.2209], [-65.57946449760769, 48.21632909090907], [-65.5707, 48.2213], [-65.5763, 48.2291], [-65.5678, 48.2336], [-65.5681, 48.24], [-65.5626, 48.2438], [-65.5683, 48.2542], [-65.5608, 48.2683], [-65.5762, 48.277], [-65.5738, 48.2824], [-65.5758, 48.2873], [-65.5588, 48.2989], [-65.5482, 48.2951], [-65.5279, 48.2972], [-65.5036, 48.2936], [-65.4899, 48.2965], [-65.4852, 48.3016], [-65.4924, 48.3076], [-65.4817, 48.3172], [-65.4725, 48.3181], [-65.4744, 48.3233], [-65.4717, 48.3339], [-65.4789, 48.3537], [-65.4709, 48.3567], [-65.4676, 48.3619], [-65.4753, 48.3679], [-65.4882, 48.371], [-65.4831, 48.3762], [-65.4842, 48.3883], [-65.4932, 48.3972], [-65.487, 48.4028], [-65.4875, 48.4065], [-65.5, 48.4089], [-65.5025, 48.4197], [-65.5113, 48.4199], [-65.5158, 48.4162], [-65.521, 48.4168], [-65.5181, 48.4149], [-65.5219, 48.4137], [-65.5322, 48.4155], [-65.5352, 48.419], [-65.5331, 48.4216], [-65.539, 48.425], [-65.5378, 48.4293], [-65.5295, 48.4343], [-65.5353, 48.4371], [-65.5348, 48.4463], [-65.5407, 48.4545], [-65.527, 48.4537], [-65.5313, 48.4605], [-65.5201, 48.4635], [-65.5267, 48.4723], [-65.5261, 48.4857], [-65.5322, 48.4951], [-65.5482, 48.4958], [-65.5551, 48.5079], [-65.563, 48.5105], [-65.5679895522388, 48.517329850746265], [-65.554, 48.5091], [-65.546, 48.4964], [-65.5301, 48.497]]], [[[-65.46466691981237, 48.509687178914454], [-65.46449630526953, 48.50946850393701], [-65.4646, 48.5093], [-65.46466691981237, 48.509687178914454]]], [[[-65.5679895522388, 48.517329850746265], [-65.5691, 48.5177], [-65.57249347653146, 48.52058050914879], [-65.5679895522388, 48.517329850746265]]], [[[-65.44450583554372, 48.536937400530505], [-65.44715853658538, 48.536621602787456], [-65.4467, 48.5369], [-65.44450583554372, 48.536937400530505]]], [[[-65.5994, 48.5572], [-65.6056, 48.5626], [-65.6025, 48.5653], [-65.6092, 48.5749], [-65.61, 48.5824], [-65.6182, 48.5868], [-65.6195, 48.5909], [-65.628, 48.5934], [-65.6296, 48.6004], [-65.6361, 48.6017], [-65.6352, 48.6081], [-65.6429, 48.6109], [-65.6433, 48.6203], [-65.6482, 48.6226], [-65.6518, 48.634], [-65.6574, 48.6389], [-65.6527, 48.6422], [-65.6551, 48.6376], [-65.6503, 48.6344], [-65.6466, 48.6235], [-65.6416, 48.6209], [-65.6414, 48.6117], [-65.6333, 48.6087], [-65.6347, 48.6025], [-65.6265, 48.6006], [-65.6264, 48.594], [-65.6178, 48.592], [-65.6169, 48.5877], [-65.6077, 48.5826], [-65.6074, 48.5751], [-65.6005, 48.5654], [-65.6035, 48.5627], [-65.5976, 48.5575], [-65.6004, 48.5526], [-65.5959, 48.5442], [-65.5988, 48.5434], [-65.5862, 48.5354], [-65.5863, 48.5323], [-65.57249347653146, 48.52058050914879], [-65.6014, 48.5432], [-65.598, 48.5446], [-65.6023, 48.5522], [-65.5994, 48.5572]]], [[[-65.5004, 48.5414], [-65.5066, 48.5531], [-65.5052, 48.5595], [-65.5137, 48.5647], [-65.51, 48.5712], [-65.4945, 48.5743], [-65.4918, 48.5796], [-65.4962, 48.5818], [-65.4949, 48.5871], [-65.4827, 48.5912], [-65.4877, 48.5959], [-65.4795, 48.5985], [-65.4799, 48.6021], [-65.4749, 48.606], [-65.4911, 48.6279], [-65.4984, 48.6302], [-65.5003, 48.6376], [-65.5247, 48.6565], [-65.5206, 48.6608], [-65.5269, 48.672], [-65.5216, 48.6733], [-65.5226, 48.681], [-65.5195, 48.6827], [-65.5265, 48.6838], [-65.5319, 48.6891], [-65.5411, 48.7056], [-65.5543, 48.7184], [-65.5526, 48.7239], [-65.5574, 48.7249], [-65.5665, 48.7395], [-65.5674, 48.7603], [-65.5619, 48.771], [-65.571, 48.79], [-65.5613, 48.778], [-65.5612, 48.7674], [-65.5658, 48.7602], [-65.5648, 48.7397], [-65.5566, 48.7325], [-65.5553, 48.7261], [-65.5509, 48.724], [-65.5526, 48.7187], [-65.5396, 48.7059], [-65.5302, 48.6894], [-65.5255, 48.6846], [-65.5178, 48.683], [-65.5197, 48.6733], [-65.525, 48.6719], [-65.5187, 48.6609], [-65.5232, 48.6575], [-65.4987, 48.6383], [-65.4958, 48.6301], [-65.4893, 48.6284], [-65.4731, 48.6064], [-65.4782, 48.5975], [-65.4859, 48.5954], [-65.481, 48.5904], [-65.4929, 48.5865], [-65.4941, 48.5822], [-65.4899, 48.5797], [-65.4926, 48.5737], [-65.5091, 48.57], [-65.5116, 48.5647], [-65.5033, 48.56], [-65.5047, 48.5533], [-65.4961, 48.5403], [-65.4893, 48.5389], [-65.4829, 48.5304], [-65.4697, 48.5285], [-65.4655, 48.5219], [-65.4665, 48.5239], [-65.4604, 48.5262], [-65.463, 48.5294], [-65.4549, 48.5357], [-65.44715853658538, 48.536621602787456], [-65.4607, 48.5284], [-65.4583, 48.526], [-65.466, 48.5174], [-65.46466691981237, 48.509687178914454], [-65.4685, 48.5146], [-65.4664, 48.5205], [-65.4716, 48.5265], [-65.4845, 48.5296], [-65.4907, 48.5381], [-65.5004, 48.5414]]], [[[-65.4374, 48.0944], [-65.43739330616997, 48.09444150174621], [-65.4323, 48.093], [-65.4374, 48.0944]]], [[[-65.43139888368744, 48.09928898091465], [-65.431, 48.0986], [-65.43560817704423, 48.09792010502626], [-65.43139888368744, 48.09928898091465]]], [[[-65.43139888368744, 48.09928898091465], [-65.4321, 48.1005], [-65.4246, 48.1015], [-65.43139888368744, 48.09928898091465]]], [[[-65.3719, 48.3001], [-65.3691, 48.3025], [-65.35, 48.3054], [-65.368, 48.3011], [-65.3679, 48.2939], [-65.3784, 48.2923], [-65.387, 48.2936], [-65.38467222222222, 48.29995000000002], [-65.3822, 48.2955], [-65.3852, 48.2941], [-65.3693, 48.2951], [-65.3719, 48.3001]]], [[[-65.38467989949748, 48.300019095477374], [-65.38467222222222, 48.29995000000002], [-65.3847, 48.3], [-65.38467989949748, 48.300019095477374]]], [[[-65.42413333333334, 48.400050000000036], [-65.4246, 48.4011], [-65.42455526742302, 48.4011719611021], [-65.42413333333334, 48.400050000000036]]], [[[-65.4102, 48.4247], [-65.4081, 48.4182], [-65.4145, 48.418], [-65.4141, 48.414], [-65.42, 48.4089], [-65.426, 48.4092], [-65.4223, 48.4048], [-65.42455526742302, 48.4011719611021], [-65.4278, 48.4098], [-65.4214, 48.4098], [-65.4161, 48.4142], [-65.4158, 48.419], [-65.41, 48.419], [-65.4114, 48.4256], [-65.4021, 48.426], [-65.4077, 48.431], [-65.4032, 48.4373], [-65.38140015822785, 48.43611091772152], [-65.4018, 48.4362], [-65.4053, 48.431], [-65.3998, 48.4292], [-65.399, 48.4255], [-65.4102, 48.4247]]], [[[-65.38140015822785, 48.43611091772152], [-65.38120096349492, 48.43611004787552], [-65.3812, 48.4361], [-65.38140015822785, 48.43611091772152]]], [[[-65.3732, 48.4539], [-65.3725, 48.4494], [-65.3782, 48.4471], [-65.3744, 48.4446], [-65.3804, 48.4429], [-65.3789, 48.4361], [-65.38120096349492, 48.43611004787552], [-65.3819, 48.4434], [-65.3759, 48.4451], [-65.38, 48.4479], [-65.3745, 48.4499], [-65.3769, 48.4524], [-65.3732, 48.4539]]], [[[-65.3719, 48.5715], [-65.3652, 48.5662], [-65.3703, 48.5628], [-65.3672, 48.5593], [-65.369, 48.555], [-65.3768, 48.5534], [-65.3782, 48.5598], [-65.3832, 48.5603], [-65.3856, 48.565], [-65.3937, 48.5596], [-65.4064, 48.5605], [-65.4122, 48.5526], [-65.417, 48.5523], [-65.419, 48.5609], [-65.4229, 48.5616], [-65.4257, 48.5599], [-65.423, 48.559], [-65.4249, 48.5539], [-65.4314, 48.5495], [-65.4263, 48.5464], [-65.4291, 48.5372], [-65.44450583554372, 48.536937400530505], [-65.4297, 48.5387], [-65.4283, 48.5463], [-65.4336, 48.5498], [-65.4273, 48.554], [-65.4275, 48.5603], [-65.424, 48.5628], [-65.4175, 48.5618], [-65.4141, 48.5534], [-65.4075, 48.5615], [-65.3943, 48.5608], [-65.3859, 48.5661], [-65.3817, 48.5611], [-65.3766, 48.5603], [-65.3751, 48.5543], [-65.3698, 48.5561], [-65.3723, 48.5631], [-65.3672, 48.5663], [-65.3736, 48.5714], [-65.3683, 48.5803], [-65.3756, 48.5849], [-65.3699, 48.5871], [-65.3648, 48.5862], [-65.36419429321089, 48.58424827812397], [-65.3735, 48.5839], [-65.3664, 48.5806], [-65.3668, 48.5752], [-65.3719, 48.5715]]], [[[-65.36419429321089, 48.58424827812397], [-65.36219458004997, 48.58364491639439], [-65.3639, 48.5833], [-65.36419429321089, 48.58424827812397]]], [[[-65.36219458004997, 48.58364491639439], [-65.355, 48.5851], [-65.3584, 48.5825], [-65.36219458004997, 48.58364491639439]]]]}}, {"type": "Feature", "properties": {"id": "qc-trq-16-27", "name": "Zec de la Rivi\u00e8re-des-Escoumins", "province": "QC", "park_type": "zec", "designation": "zec", "hunting_allowed": true, "policy_id": "Z-095F", "summary": "Structured recreational / wildlife territory on Quebec public land. Verify current regulations.", "source": "MRNF TRQ_WMS layer 16", "layer_role": "public_hunt_territory"}, "geometry": {"type": "MultiPolygon", "coordinates": [[[[-69.4318, 48.3399], [-69.4282, 48.3409], [-69.4312, 48.3396], [-69.4318, 48.3399]]], [[[-69.4228, 48.3427], [-69.4168, 48.3448], [-69.4202, 48.3433], [-69.4228, 48.3427]]], [[[-69.4172, 48.3445], [-69.4163, 48.3445], [-69.4167, 48.3444], [-69.4172, 48.3445]]], [[[-69.4374, 48.3433], [-69.4431, 48.3467], [-69.44, 48.3465], [-69.4374, 48.3433]]], [[[-69.4033, 48.3533], [-69.397, 48.35], [-69.3966, 48.3461], [-69.4056, 48.3472], [-69.4033, 48.3533]]], [[[-69.4544, 48.3475], [-69.4648, 48.3625], [-69.46893106060608, 48.3604707070707], [-69.4649, 48.363], [-69.4542, 48.348], [-69.4466, 48.3466], [-69.4544, 48.3475]]], [[[-69.46893106060608, 48.3604707070707], [-69.47, 48.3598], [-69.46993306451613, 48.359978494623654], [-69.46893106060608, 48.3604707070707]]], [[[-69.5071, 48.3766], [-69.5114, 48.3899], [-69.5201, 48.3938], [-69.5181, 48.3975], [-69.5216, 48.4012], [-69.5186, 48.407], [-69.5239, 48.409], [-69.5222, 48.4153], [-69.5274, 48.4209], [-69.606, 48.4473], [-69.6105, 48.4557], [-69.6339, 48.469], [-69.6771, 48.4748], [-69.6874, 48.4739], [-69.707, 48.4653], [-69.7179, 48.4689], [-69.7074, 48.4669], [-69.6876, 48.476], [-69.6336, 48.4705], [-69.6093, 48.4555], [-69.6059, 48.4487], [-69.5247, 48.421], [-69.5199, 48.4154], [-69.5219, 48.411], [-69.5167, 48.4076], [-69.5198, 48.4004], [-69.5162, 48.398], [-69.5178, 48.3936], [-69.5096, 48.3911], [-69.505, 48.3773], [-69.4955, 48.3792], [-69.4891, 48.3761], [-69.4918, 48.3803], [-69.4789, 48.3763], [-69.467, 48.3678], [-69.4705, 48.3597], [-69.4675, 48.3677], [-69.4806, 48.3755], [-69.5071, 48.3766]]]]}}, {"type": "Feature", "properties": {"id": "qc-trq-16-28", "name": "Zec Festubert", "province": "QC", "park_type": "zec", "designation": "zec", "hunting_allowed": true, "policy_id": "Z-083A", "summary": "Structured recreational / wildlife territory on Quebec public land. Verify current regulations.", "source": "MRNF TRQ_WMS layer 16", "layer_role": "public_hunt_territory"}, "geometry": {"type": "Polygon", "coordinates": [[[-76.1947, 47.9085], [-76.1859, 47.9089], [-76.1851, 47.9132], [-76.1809, 47.9146], [-76.174, 47.909], [-76.1768, 47.8967], [-76.1596, 47.8992], [-76.1329, 47.8967], [-76.1265, 47.894], [-76.1242, 47.8872], [-76.1169, 47.8847], [-76.1032, 47.8861], [-76.1083, 47.8846], [-76.1056, 47.8835], [-76.1136, 47.8734], [-76.1785, 47.8411], [-76.1731, 47.8408], [-76.1677, 47.8135], [-76.209, 47.8045], [-76.2886, 47.8117], [-76.3198, 47.7772], [-76.3555, 47.7768], [-76.3942, 47.8033], [-76.3824, 47.8241], [-76.3932, 47.8505], [-76.386, 47.8834], [-76.379, 47.8929], [-76.3802, 47.9048], [-76.3649, 47.9159], [-76.372, 47.9162], [-76.3726, 47.9115], [-76.379, 47.9122], [-76.3821, 47.9163], [-76.3855, 47.9105], [-76.3952, 47.9101], [-76.3928, 47.9114], [-76.3976, 47.9135], [-76.4261, 47.9141], [-76.4328, 47.912], [-76.4323, 47.9077], [-76.4293, 47.9072], [-76.4385, 47.9086], [-76.4349, 47.8998], [-76.4471, 47.9004], [-76.4395, 47.8981], [-76.4423, 47.8967], [-76.4611, 47.8976], [-76.4643, 47.8936], [-76.4767, 47.8895], [-76.4768, 47.85], [-76.4498, 47.8494], [-76.4538, 47.8392], [-76.4514, 47.8277], [-76.4419, 47.8227], [-76.434, 47.8144], [-76.4347, 47.8093], [-76.4236, 47.8014], [-76.4329, 47.7944], [-76.4237, 47.778], [-76.4274, 47.7744], [-76.4259, 47.7683], [-76.4211, 47.7685], [-76.4189, 47.7647], [-76.4089, 47.7666], [-76.4026, 47.7625], [-76.4033, 47.7578], [-76.3992, 47.7513], [-76.3907, 47.7508], [-76.3873, 47.7469], [-76.3911, 47.7407], [-76.3984, 47.7424], [-76.4072, 47.7363], [-76.4062, 47.7307], [-76.4112, 47.7251], [-76.3996, 47.7237], [-76.3936, 47.729], [-76.3957, 47.715], [-76.3833, 47.7065], [-76.3899, 47.7024], [-76.3915, 47.6972], [-76.377, 47.6978], [-76.3799, 47.6919], [-76.3838, 47.6909], [-76.3808, 47.6875], [-76.3886, 47.6809], [-76.3804, 47.676], [-76.3826, 47.6758], [-76.38, 47.6735], [-76.3843, 47.662], [-76.3709, 47.6769], [-76.3573, 47.6734], [-76.3444, 47.6646], [-76.3477, 47.6551], [-76.334, 47.6581], [-76.3245, 47.6691], [-76.3072, 47.6664], [-76.2881, 47.6806], [-76.2908, 47.6865], [-76.2705, 47.6903], [-76.2482, 47.7027], [-76.2497, 47.7], [-76.2472, 47.7007], [-76.2431, 47.7041], [-76.2482, 47.7028], [-76.2449, 47.7068], [-76.2488, 47.7097], [-76.2428, 47.7123], [-76.2387, 47.7217], [-76.2278, 47.7234], [-76.2264, 47.7278], [-76.2238, 47.7263], [-76.2286, 47.73], [-76.219, 47.7313], [-76.2168, 47.7278], [-76.2215, 47.7267], [-76.2138, 47.7274], [-76.2149, 47.7255], [-76.2046, 47.7237], [-76.1875, 47.729], [-76.1825, 47.7357], [-76.1804, 47.7337], [-76.1759, 47.737], [-76.1755, 47.7333], [-76.1686, 47.7346], [-76.1782, 47.7255], [-76.1644, 47.7252], [-76.161, 47.7211], [-76.1627, 47.7183], [-76.1505, 47.716], [-76.1357, 47.6932], [-76.0851, 47.6933], [-76.0452, 47.7246], [-76.0342, 47.724], [-76.0263, 47.7273], [-76.0158, 47.7238], [-76.0097, 47.7297], [-76.0088, 47.7267], [-76.0035, 47.7278], [-76.0032, 47.7305], [-76.0071, 47.7294], [-75.9954, 47.7348], [-75.9646, 47.7342], [-75.9649, 47.7524], [-75.9774, 47.7757], [-75.9361, 47.7993], [-75.9221, 47.8013], [-75.9176, 47.7939], [-75.9127, 47.7947], [-75.9037, 47.7889], [-75.9007, 47.7854], [-75.9031, 47.7814], [-75.8974, 47.7817], [-75.89, 47.7761], [-75.8927, 47.7733], [-75.8879, 47.7716], [-75.8877, 47.7679], [-75.8489, 47.7738], [-75.8316, 47.7694], [-75.8297, 47.7663], [-75.8361, 47.7642], [-75.8345, 47.7593], [-75.8388, 47.7499], [-75.8355, 47.75], [-75.8314, 47.7441], [-75.834, 47.7396], [-75.841, 47.7381], [-75.83, 47.7354], [-75.8375, 47.7312], [-75.8478, 47.7333], [-75.8504, 47.7265], [-75.8425, 47.7207], [-75.8569, 47.7139], [-75.8476, 47.7155], [-75.8474, 47.7043], [-75.8307, 47.7034], [-75.8349, 47.6972], [-75.8212, 47.6976], [-75.8307, 47.6888], [-75.8177, 47.6939], [-75.8121, 47.6878], [-75.8159, 47.6808], [-75.8138, 47.6815], [-75.811, 47.6747], [-75.8146, 47.6744], [-75.8058, 47.6695], [-75.7958, 47.6743], [-75.7918, 47.6815], [-75.7848, 47.6803], [-75.7953, 47.7066], [-75.768, 47.7449], [-75.7672, 47.7844], [-75.7887, 47.783], [-75.7849, 47.786], [-75.7874, 47.7916], [-75.7737, 47.8068], [-75.7721, 47.8178], [-75.7417, 47.8306], [-75.7389, 47.8371], [-75.7297, 47.8409], [-75.7137, 47.8574], [-75.6788, 47.8616], [-75.7006, 47.8685], [-75.7017, 47.8746], [-75.7167, 47.877], [-75.7175, 47.8816], [-75.7266, 47.8881], [-75.7265, 47.8957], [-75.7379, 47.8971], [-75.7418, 47.8997], [-75.7404, 47.9029], [-75.7461, 47.9048], [-75.7439, 47.908], [-75.7508, 47.9149], [-75.7493, 47.9211], [-75.76, 47.9202], [-75.7594, 47.9271], [-75.7786, 47.9198], [-75.7916, 47.9265], [-75.7901, 47.9329], [-75.7946, 47.9365], [-75.7874, 47.9474], [-75.7826, 47.9488], [-75.7782, 47.9605], [-75.7705, 47.9695], [-75.7569, 47.9718], [-75.7373, 47.9825], [-75.7251, 47.9961], [-75.7319, 48.0058], [-75.7355, 48.0204], [-75.7422, 48.0253], [-75.7547, 48.0273], [-75.7626, 48.0359], [-75.7755, 48.0243], [-75.7937, 48.0228], [-75.7907, 48.0191], [-75.7809, 48.0179], [-75.7973, 48.0168], [-75.7844, 48.0122], [-75.7914, 48.0094], [-75.8005, 48.0187], [-75.829, 48.022], [-75.8274, 48.0263], [-75.8318, 48.0277], [-75.8416, 48.023], [-75.8435, 48.0267], [-75.849, 48.0277], [-75.8564, 48.0239], [-75.8801, 48.0206], [-75.8747, 48.0132], [-75.8802, 48.0147], [-75.8939, 48.0089], [-75.8854, 48.0079], [-75.8865, 48.0049], [-75.8817, 48.0035], [-75.8826, 48.0015], [-75.8891, 48.0061], [-75.8935, 48.0042], [-75.9048, 48.0092], [-75.9163, 48.0052], [-75.9076, 48.0113], [-75.913, 48.0122], [-75.9224, 48.0061], [-75.9452, 48.0025], [-75.9607, 47.9946], [-75.9669, 47.9955], [-75.9825, 47.9849], [-75.9971, 47.9822], [-75.999, 47.9797], [-75.9943, 47.9774], [-76.0003, 47.9767], [-76.0026, 47.9742], [-75.9987, 47.9733], [-76.0007, 47.971], [-76.0043, 47.9712], [-76.0034, 47.9755], [-76.0067, 47.9753], [-76.0107, 47.9612], [-76.0219, 47.959], [-76.0329, 47.9592], [-76.0191, 47.9622], [-76.0209, 47.9702], [-76.0351, 47.9685], [-76.0236, 47.9737], [-76.0233, 47.978], [-76.0164, 47.9788], [-76.0165, 47.9728], [-76.0113, 47.9795], [-75.9732, 47.9958], [-75.9829, 48.0012], [-75.9761, 48.0074], [-75.9847, 48.0097], [-76.0015, 48.0033], [-76.0192, 48.0013], [-76.0381, 47.9911], [-76.0407, 47.993], [-76.03, 48.0009], [-76.0304, 48.0078], [-76.0738, 48.0017], [-76.084, 47.9938], [-76.0847, 48.0006], [-76.0898, 47.9935], [-76.1118, 47.9923], [-76.1146, 47.9871], [-76.1307, 47.9793], [-76.1284, 47.9757], [-76.1363, 47.9667], [-76.1483, 47.9638], [-76.1653, 47.9526], [-76.1763, 47.9553], [-76.1958, 47.9543], [-76.2013, 47.9503], [-76.2206, 47.9519], [-76.2267, 47.9451], [-76.2429, 47.9405], [-76.2502, 47.929], [-76.2755, 47.9161], [-76.2804, 47.9183], [-76.2905, 47.9149], [-76.3059, 47.9199], [-76.3069, 47.9251], [-76.3253, 47.9236], [-76.3344, 47.9169], [-76.3296, 47.9128], [-76.3182, 47.9168], [-76.3131, 47.913], [-76.2924, 47.9093], [-76.2373, 47.9027], [-76.2063, 47.9023], [-76.1947, 47.9085]]]}}, {"type": "Feature", "properties": {"id": "qc-trq-16-29", "name": "Zec Baillargeon", "province": "QC", "park_type": "zec", "designation": "zec", "hunting_allowed": true, "policy_id": "Z-111C", "summary": "Structured recreational / wildlife territory on Quebec public land. Verify current regulations.", "source": "MRNF TRQ_WMS layer 16", "layer_role": "public_hunt_territory"}, "geometry": {"type": "Polygon", "coordinates": [[[-64.8169, 48.8211], [-64.845, 48.8258], [-64.8609, 48.8204], [-64.8678, 48.8236], [-64.9027, 48.8097], [-64.9029, 48.7528], [-64.7768, 48.7528], [-64.7765, 48.8085], [-64.783, 48.8123], [-64.7958, 48.8127], [-64.801, 48.8169], [-64.8148, 48.8167], [-64.8169, 48.8211]]]}}, {"type": "Feature", "properties": {"id": "qc-trq-16-30", "name": "Zec Lavigne", "province": "QC", "park_type": "zec", "designation": "zec", "hunting_allowed": true, "policy_id": "Z-146B", "summary": "Structured recreational / wildlife territory on Quebec public land. Verify current regulations.", "source": "MRNF TRQ_WMS layer 16", "layer_role": "public_hunt_territory"}, "geometry": {"type": "Polygon", "coordinates": [[[-73.9741, 46.5854], [-74.0269, 46.6216], [-74.0636, 46.5965], [-74.0791, 46.6061], [-74.1122, 46.5832], [-74.0903, 46.5704], [-74.0736, 46.5712], [-74.0696, 46.5771], [-74.068, 46.5702], [-74.0746, 46.5603], [-74.0526, 46.539], [-74.0652, 46.5279], [-74.0617, 46.5232], [-74.0322, 46.513], [-74.0271, 46.502], [-74.0, 46.5021], [-73.9934, 46.4919], [-73.9655, 46.4858], [-73.9343, 46.4684], [-73.8812, 46.4449], [-73.8862, 46.437], [-73.882, 46.4303], [-73.8798, 46.4132], [-73.8868, 46.403], [-73.8809, 46.3946], [-73.8928, 46.3872], [-73.8955, 46.3892], [-73.9016, 46.3868], [-73.8811, 46.3712], [-73.9027, 46.3563], [-73.9356, 46.378], [-73.9456, 46.371], [-73.9737, 46.3905], [-74.0372, 46.347], [-74.0415, 46.3499], [-74.055, 46.3403], [-74.0131, 46.3143], [-73.9999, 46.3233], [-73.9963, 46.3211], [-73.9816, 46.3318], [-73.9682, 46.3226], [-73.9795, 46.3143], [-73.9664, 46.3058], [-73.9595, 46.3066], [-73.961, 46.3099], [-73.9584, 46.3117], [-73.9433, 46.3019], [-73.9325, 46.3095], [-73.9398, 46.337], [-73.944, 46.3398], [-73.9441, 46.3546], [-73.8785, 46.3138], [-73.8633, 46.3202], [-73.8481, 46.3096], [-73.8228, 46.3261], [-73.7997, 46.3061], [-73.7625, 46.3318], [-73.7288, 46.3077], [-73.7193, 46.3085], [-73.7195, 46.3048], [-73.7085, 46.3124], [-73.7219, 46.3216], [-73.7198, 46.323], [-73.7064, 46.3138], [-73.7044, 46.3152], [-73.7067, 46.3167], [-73.7015, 46.3203], [-73.7437, 46.3448], [-73.7366, 46.3499], [-73.7811, 46.3816], [-73.7866, 46.4024], [-73.8115, 46.4134], [-73.8152, 46.4306], [-73.8096, 46.4485], [-73.8317, 46.4487], [-73.8314, 46.4667], [-73.8207, 46.4738], [-73.8388, 46.4853], [-73.8356, 46.4901], [-73.8344, 46.5041], [-73.8173, 46.5098], [-73.8614, 46.5368], [-73.8384, 46.5536], [-73.8606, 46.569], [-73.8751, 46.5589], [-73.8844, 46.5625], [-73.8877, 46.5669], [-73.8843, 46.5695], [-73.8901, 46.5686], [-73.9106, 46.5832], [-73.9241, 46.573], [-73.9189, 46.5732], [-73.9206, 46.5702], [-73.9263, 46.5712], [-73.9382, 46.5618], [-73.9407, 46.5632], [-73.9321, 46.5687], [-73.9471, 46.5716], [-73.9506, 46.5695], [-73.9651, 46.5794], [-73.9622, 46.5852], [-73.969, 46.5884], [-73.9647, 46.5906], [-73.9744, 46.5888], [-73.9741, 46.5854]]]}}, {"type": "Feature", "properties": {"id": "qc-trq-16-31", "name": "Zec d'Iberville", "province": "QC", "park_type": "zec", "designation": "zec", "hunting_allowed": true, "policy_id": "Z-095B", "summary": "Structured recreational / wildlife territory on Quebec public land. Verify current regulations.", "source": "MRNF TRQ_WMS layer 16", "layer_role": "public_hunt_territory"}, "geometry": {"type": "Polygon", "coordinates": [[[-69.5347, 48.6828], [-69.5644, 48.6772], [-69.5579, 48.6678], [-69.5654, 48.6706], [-69.5663, 48.6557], [-69.5708, 48.6602], [-69.5782, 48.6598], [-69.5826, 48.6504], [-69.5952, 48.6578], [-69.6565, 48.6371], [-69.7331, 48.6366], [-69.7152, 48.5922], [-69.661, 48.5988], [-69.6508, 48.5984], [-69.6532, 48.5968], [-69.6514, 48.5944], [-69.6457, 48.5922], [-69.6342, 48.593], [-69.6295, 48.5903], [-69.6366, 48.5831], [-69.6353, 48.5798], [-69.643, 48.5761], [-69.6459, 48.5664], [-69.6416, 48.5608], [-69.6692, 48.5447], [-69.6693, 48.5262], [-69.6267, 48.5236], [-69.6196, 48.5192], [-69.6012, 48.52], [-69.5994, 48.517], [-69.5908, 48.5172], [-69.5895, 48.5142], [-69.57, 48.5063], [-69.566, 48.5079], [-69.5645, 48.5159], [-69.5562, 48.5165], [-69.5531, 48.5232], [-69.5424, 48.5208], [-69.5423, 48.5265], [-69.5375, 48.5276], [-69.5271, 48.5237], [-69.5124, 48.5235], [-69.5091, 48.5117], [-69.4883, 48.5114], [-69.4789, 48.5179], [-69.4704, 48.5156], [-69.4665, 48.5087], [-69.4359, 48.5117], [-69.4303, 48.5062], [-69.4456, 48.4983], [-69.4371, 48.4949], [-69.4391, 48.4903], [-69.4074, 48.4906], [-69.4037, 48.4865], [-69.3917, 48.4845], [-69.3689, 48.4686], [-69.3112, 48.5152], [-69.2789, 48.5661], [-69.3942, 48.6048], [-69.3355, 48.6437], [-69.3719, 48.6691], [-69.3892, 48.6685], [-69.3904, 48.6645], [-69.4002, 48.6644], [-69.4199, 48.6568], [-69.4333, 48.6575], [-69.4382, 48.6525], [-69.442, 48.666], [-69.4578, 48.6679], [-69.4637, 48.6649], [-69.4755, 48.6655], [-69.4799, 48.6621], [-69.5173, 48.6754], [-69.5244, 48.6737], [-69.5347, 48.6828]]]}}, {"type": "Feature", "properties": {"id": "qc-trq-16-32", "name": "Zec de la Rivi\u00e8re-Jacques-Cartier", "province": "QC", "park_type": "zec", "designation": "zec", "hunting_allowed": true, "policy_id": "Z-036C", "summary": "Structured recreational / wildlife territory on Quebec public land. Verify current regulations.", "source": "MRNF TRQ_WMS layer 16", "layer_role": "public_hunt_territory"}, "geometry": {"type": "MultiPolygon", "coordinates": [[[[-71.75086765258806, 46.679848452186995], [-71.7478, 46.6717], [-71.7525, 46.6799], [-71.75086765258806, 46.679848452186995]]], [[[-71.75037895637298, 46.67983301967494], [-71.75086765258806, 46.679848452186995], [-71.751, 46.6802], [-71.75037895637298, 46.67983301967494]]], [[[-71.7329, 46.7045], [-71.7375, 46.696], [-71.7493, 46.6938], [-71.742, 46.688], [-71.7404, 46.6793], [-71.7444, 46.6763], [-71.75037895637298, 46.67983301967494], [-71.743, 46.6796], [-71.7432, 46.6866], [-71.7502, 46.6941], [-71.7387, 46.696], [-71.7329, 46.7045]]], [[[-71.712, 46.7128], [-71.7308, 46.7038], [-71.71185608856089, 46.71361549815498], [-71.712, 46.7128]]], [[[-71.7115, 46.7138], [-71.71185608856089, 46.71361549815498], [-71.71079032258065, 46.71965483870965], [-71.7115, 46.7138]]], [[[-71.6899, 46.7283], [-71.7102, 46.723], [-71.71079032258065, 46.71965483870965], [-71.7103, 46.7237], [-71.6913, 46.7281], [-71.6957, 46.734], [-71.69337213114753, 46.74284590163939], [-71.6939, 46.7344], [-71.6899, 46.7283]]], [[[-71.70325905486838, 46.742323723438], [-71.6933, 46.744], [-71.7018, 46.7411], [-71.70325905486838, 46.742323723438]]], [[[-71.70428, 46.743179999999995], [-71.70325905486838, 46.742323723438], [-71.7034, 46.7423], [-71.70428, 46.743179999999995]]], [[[-71.6932, 46.7435], [-71.69337213114753, 46.74284590163939], [-71.69333357988165, 46.74346272189349], [-71.6932, 46.7435]]], [[[-71.6851, 46.7772], [-71.6752, 46.7892], [-71.6776, 46.7964], [-71.6724, 46.8018], [-71.6503, 46.8089], [-71.6233, 46.8262], [-71.6229, 46.8298], [-71.6325, 46.8374], [-71.6311, 46.8435], [-71.631, 46.8373], [-71.6219, 46.8307], [-71.6217, 46.8261], [-71.6483, 46.8079], [-71.6692, 46.8014], [-71.6751, 46.7954], [-71.6726, 46.7897], [-71.6836, 46.777], [-71.6968, 46.7723], [-71.7004, 46.7667], [-71.6954, 46.7607], [-71.6999, 46.7584], [-71.6985, 46.7523], [-71.7101, 46.749], [-71.70428, 46.743179999999995], [-71.7111, 46.7489], [-71.699, 46.7539], [-71.7005, 46.7589], [-71.6964, 46.7612], [-71.7033, 46.7664], [-71.6994, 46.7729], [-71.6851, 46.7772]]], [[[-71.6287, 46.844], [-71.6283, 46.8461], [-71.6263, 46.8469], [-71.6287, 46.844]]], [[[-71.60666544443549, 46.84842744782013], [-71.6069, 46.8482], [-71.6195, 46.8482], [-71.60666544443549, 46.84842744782013]]], [[[-71.5678, 46.8527], [-71.5756, 46.8526], [-71.58, 46.8489], [-71.60666544443549, 46.84842744782013], [-71.6036, 46.8514], [-71.586, 46.8498], [-71.568, 46.855], [-71.5595, 46.8607], [-71.54968028169014, 46.86171549295774], [-71.5508, 46.8597], [-71.54910470162748, 46.861960578661844], [-71.5368, 46.8672], [-71.5265, 46.8671], [-71.5369, 46.8662], [-71.5504, 46.8592], [-71.5595, 46.8596], [-71.5678, 46.8527]]], [[[-71.5493, 46.8624], [-71.54910470162748, 46.861960578661844], [-71.54968028169014, 46.86171549295774], [-71.5493, 46.8624]]], [[[-71.527, 46.8698], [-71.5281, 46.8706], [-71.5272, 46.8706], [-71.527, 46.8698]]], [[[-71.5281, 46.8726], [-71.5251, 46.8789], [-71.5266, 46.8712], [-71.5281, 46.8726]]], [[[-71.5235, 46.8821], [-71.5218, 46.8827], [-71.5235, 46.8806], [-71.5235, 46.8821]]], [[[-71.5249, 46.8856], [-71.526, 46.8858], [-71.5254, 46.8861], [-71.5249, 46.8856]]], [[[-71.5268, 46.8867], [-71.5309, 46.8918], [-71.5288, 46.8947], [-71.5266, 46.8911], [-71.5268, 46.8867]]], [[[-71.5221, 46.8947], [-71.5178, 46.898], [-71.5211, 46.8947], [-71.5221, 46.8947]]]]}}, {"type": "Feature", "properties": {"id": "qc-trq-16-33", "name": "Zec Saint-Patrice", "province": "QC", "park_type": "zec", "designation": "zec", "hunting_allowed": true, "policy_id": "Z-076A", "summary": "Structured recreational / wildlife territory on Quebec public land. Verify current regulations.", "source": "MRNF TRQ_WMS layer 16", "layer_role": "public_hunt_territory"}, "geometry": {"type": "MultiPolygon", "coordinates": [[[[-77.2089, 46.4772], [-77.2002, 46.4826], [-77.1953, 46.4804], [-77.2058, 46.4714], [-77.2053, 46.4681], [-77.1974, 46.467], [-77.1967, 46.4638], [-77.2037, 46.4591], [-77.2033, 46.4533], [-77.2099, 46.4482], [-77.2067, 46.4437], [-77.2113, 46.436], [-77.2077, 46.4189], [-77.1979, 46.4062], [-77.1988, 46.3988], [-77.204, 46.3926], [-77.1968, 46.3809], [-77.2056, 46.3735], [-77.2264, 46.3769], [-77.2186, 46.3667], [-77.2106, 46.3684], [-77.2096, 46.3662], [-77.2148, 46.365], [-77.2082, 46.365], [-77.209, 46.3617], [-77.2057, 46.3658], [-77.2005, 46.3622], [-77.2015, 46.3589], [-77.1998, 46.3614], [-77.2027, 46.3661], [-77.1931, 46.3655], [-77.1957, 46.3616], [-77.1912, 46.3597], [-77.1959, 46.3545], [-77.1749, 46.3446], [-77.1682, 46.3335], [-77.1523, 46.3255], [-77.1465, 46.3178], [-77.1374, 46.3173], [-77.1355, 46.3147], [-77.1377, 46.3128], [-77.1327, 46.3135], [-77.1305, 46.31], [-77.1236, 46.3119], [-77.1197, 46.3087], [-77.1135, 46.3117], [-77.1159, 46.3072], [-77.0985, 46.3016], [-77.1012, 46.2989], [-77.0969, 46.2973], [-77.0999, 46.2952], [-77.091, 46.2937], [-77.0786, 46.2836], [-77.0757, 46.2845], [-77.0772, 46.2895], [-77.0679, 46.2929], [-77.0598, 46.2871], [-77.0448, 46.2838], [-77.031, 46.2898], [-77.0354, 46.2855], [-77.0293, 46.2796], [-76.9961, 46.2686], [-76.9988, 46.2649], [-76.9922, 46.2594], [-76.9867, 46.2596], [-76.988, 46.2552], [-76.9739, 46.2463], [-76.9796, 46.2464], [-76.9774, 46.243], [-76.9732, 46.2439], [-76.9732, 46.2467], [-76.963, 46.2462], [-76.9638, 46.2507], [-76.9591, 46.252], [-76.9586, 46.2481], [-76.9534, 46.2481], [-76.9552, 46.2457], [-76.9507, 46.244], [-76.9593, 46.2411], [-76.9462, 46.2427], [-76.9508, 46.2379], [-76.9457, 46.2346], [-76.9546, 46.2278], [-76.9449, 46.2245], [-76.9483, 46.2192], [-76.9532, 46.2185], [-76.9509, 46.2158], [-76.9617, 46.2119], [-76.9648, 46.2073], [-76.9679, 46.21], [-76.969, 46.2051], [-76.9902, 46.1949], [-77.0014, 46.1944], [-76.994, 46.1871], [-77.0015, 46.1806], [-76.9977, 46.1767], [-77.0005, 46.175], [-76.999, 46.1733], [-77.0109, 46.1773], [-77.0151, 46.1831], [-77.0136, 46.1924], [-77.0317, 46.1958], [-77.0481, 46.1954], [-77.0579, 46.1899], [-77.0776, 46.1871], [-77.0866, 46.1806], [-77.0853, 46.1778], [-77.0884, 46.1753], [-77.0994, 46.1785], [-77.1053, 46.1747], [-77.1097, 46.1776], [-77.1195, 46.175], [-77.127, 46.1813], [-77.1365, 46.1813], [-77.1623, 46.1806], [-77.1627, 46.1781], [-77.1958, 46.1717], [-77.2068, 46.1725], [-77.2083, 46.1765], [-77.2409, 46.1655], [-77.2486, 46.1708], [-77.2552, 46.1713], [-77.2598, 46.1682], [-77.2572, 46.1632], [-77.2601, 46.1622], [-77.2531, 46.1482], [-77.2408, 46.1495], [-77.2047, 46.1386], [-77.1991, 46.124], [-77.2117, 46.1237], [-77.2108, 46.0981], [-77.2288, 46.0869], [-77.2286, 46.0903], [-77.2337, 46.09], [-77.2564, 46.1016], [-77.2596, 46.1004], [-77.2598, 46.104], [-77.2707, 46.1026], [-77.2734, 46.0955], [-77.2705, 46.0925], [-77.2729, 46.0827], [-77.2712, 46.0742], [-77.2856, 46.0815], [-77.3067, 46.0769], [-77.3135, 46.0736], [-77.3323, 46.0509], [-77.335, 46.0557], [-77.3427, 46.0549], [-77.3582, 46.0629], [-77.3871, 46.0695], [-77.4186, 46.0875], [-77.4254, 46.096], [-77.4391, 46.0968], [-77.442, 46.1045], [-77.4485, 46.109], [-77.4545, 46.1108], [-77.4609, 46.1085], [-77.4617, 46.1119], [-77.4519, 46.1202], [-77.4776, 46.1306], [-77.4746, 46.1341], [-77.4914, 46.1409], [-77.4986, 46.1327], [-77.5111, 46.1402], [-77.5271, 46.1442], [-77.5478, 46.1674], [-77.5555, 46.1711], [-77.5605, 46.1703], [-77.5494, 46.1644], [-77.55, 46.1681], [-77.547, 46.158], [-77.54, 46.1528], [-77.5718, 46.1725], [-77.5792, 46.1719], [-77.5738, 46.1691], [-77.585, 46.1727], [-77.5913, 46.1697], [-77.5924, 46.1756], [-77.6081, 46.1776], [-77.604, 46.1933], [-77.6218, 46.1917], [-77.6248, 46.1941], [-77.6166, 46.2034], [-77.6184, 46.2062], [-77.616, 46.2059], [-77.6214, 46.2146], [-77.6174, 46.2206], [-77.6196, 46.2248], [-77.6172, 46.2304], [-77.6074, 46.2317], [-77.5888, 46.2517], [-77.5776, 46.2542], [-77.5759, 46.2662], [-77.5616, 46.2712], [-77.5544, 46.279], [-77.5602, 46.2833], [-77.5556, 46.2901], [-77.5402, 46.2918], [-77.5426, 46.3005], [-77.5379, 46.3059], [-77.5405, 46.3087], [-77.5381, 46.3188], [-77.5403, 46.323], [-77.5315, 46.322], [-77.5229, 46.3132], [-77.5178, 46.3145], [-77.516, 46.3196], [-77.4959, 46.3252], [-77.4852, 46.3433], [-77.4889, 46.3525], [-77.4994, 46.3599], [-77.4952, 46.368], [-77.4942, 46.3889], [-77.4856, 46.4004], [-77.4842, 46.411], [-77.4763, 46.4199], [-77.4762, 46.4262], [-77.4676, 46.4344], [-77.468, 46.4396], [-77.437, 46.4686], [-77.4507, 46.484], [-77.4436, 46.4845], [-77.4387, 46.4891], [-77.4389, 46.4963], [-77.4267, 46.5119], [-77.4221, 46.5098], [-77.4288, 46.507], [-77.4264, 46.5051], [-77.4134, 46.5032], [-77.4061, 46.4942], [-77.3997, 46.4963], [-77.3963, 46.4904], [-77.3877, 46.4867], [-77.391, 46.4776], [-77.382, 46.4668], [-77.3743, 46.4681], [-77.3674, 46.4785], [-77.3609, 46.4767], [-77.3595, 46.4879], [-77.3505, 46.4888], [-77.3507, 46.4918], [-77.3459, 46.4928], [-77.3497, 46.4951], [-77.3438, 46.4962], [-77.3459, 46.4984], [-77.3427, 46.499], [-77.3468, 46.5017], [-77.3422, 46.5034], [-77.3445, 46.5061], [-77.341, 46.5102], [-77.3446, 46.5068], [-77.3485, 46.5088], [-77.344, 46.5172], [-77.3495, 46.5185], [-77.3517, 46.526], [-77.3348, 46.5349], [-77.3307, 46.5341], [-77.3244, 46.5221], [-77.3166, 46.5181], [-77.3104, 46.519], [-77.302, 46.5117], [-77.25, 46.5047], [-77.2439, 46.4991], [-77.2336, 46.4978], [-77.2298, 46.493], [-77.2345, 46.4871], [-77.2276, 46.4786], [-77.2089, 46.4772]]], [[[-77.23046565689825, 46.4842357918999], [-77.2306, 46.4845], [-77.229043625192, 46.48415529953917], [-77.23046565689825, 46.4842357918999]]], [[[-77.2051, 46.4911], [-77.2096, 46.4898], [-77.2098, 46.4866], [-77.2124, 46.4885], [-77.2129, 46.4843], [-77.2177, 46.4852], [-77.2157, 46.4812], [-77.229043625192, 46.48415529953917], [-77.221, 46.4837], [-77.2142, 46.4904], [-77.2051, 46.4911]]]]}}, {"type": "Feature", "properties": {"id": "qc-trq-16-34", "name": "Zec Wessonneau", "province": "QC", "park_type": "zec", "designation": "zec", "hunting_allowed": true, "policy_id": "Z-042G", "summary": "Structured recreational / wildlife territory on Quebec public land. Verify current regulations.", "source": "MRNF TRQ_WMS layer 16", "layer_role": "public_hunt_territory"}, "geometry": {"type": "Polygon", "coordinates": [[[-73.0504, 47.5131], [-73.061, 47.5117], [-73.0674, 47.4996], [-73.0929, 47.4994], [-73.1068, 47.4424], [-73.1097, 47.4427], [-73.1071, 47.4411], [-73.1263, 47.3617], [-73.1528, 47.3662], [-73.1615, 47.3747], [-73.1771, 47.3779], [-73.1928, 47.3885], [-73.1919, 47.3809], [-73.29, 47.3884], [-73.3899, 47.3611], [-73.3907, 47.3037], [-73.4748, 47.3036], [-73.4754, 47.2888], [-73.472, 47.2872], [-73.474, 47.2858], [-73.4587, 47.2741], [-73.4417, 47.2694], [-73.4437, 47.2639], [-73.4223, 47.2437], [-73.4252, 47.242], [-73.4165, 47.2338], [-73.4178, 47.2311], [-73.4095, 47.2319], [-73.4127, 47.2302], [-73.4052, 47.2257], [-73.4134, 47.2295], [-73.3969, 47.2162], [-73.3944, 47.2217], [-73.3938, 47.2165], [-73.405, 47.2074], [-73.4033, 47.1991], [-73.4067, 47.1978], [-73.4073, 47.193], [-73.4008, 47.1923], [-73.3886, 47.1781], [-73.3684, 47.1666], [-73.367, 47.1629], [-73.3301, 47.1761], [-73.3193, 47.1849], [-73.3147, 47.1822], [-73.3163, 47.1795], [-73.3063, 47.1813], [-73.2928, 47.1774], [-73.2881, 47.1908], [-73.2686, 47.1864], [-73.2655, 47.1831], [-73.2771, 47.1835], [-73.2765, 47.1814], [-73.2561, 47.1798], [-73.2541, 47.1756], [-73.2617, 47.1762], [-73.2495, 47.1694], [-73.2498, 47.167], [-73.2454, 47.1695], [-73.2475, 47.1729], [-73.2412, 47.1701], [-73.2312, 47.1754], [-73.2142, 47.1711], [-73.2114, 47.1666], [-73.1858, 47.1724], [-73.1747, 47.1705], [-73.1746, 47.1612], [-73.1675, 47.1596], [-73.159, 47.1644], [-73.1454, 47.1592], [-73.1055, 47.1667], [-73.0935, 47.1576], [-73.0985, 47.1563], [-73.0983, 47.1524], [-73.1054, 47.1468], [-73.1026, 47.1428], [-73.1073, 47.1376], [-73.0166, 47.1373], [-73.0184, 47.1445], [-73.0049, 47.1549], [-72.991, 47.1727], [-72.9904, 47.1761], [-72.9948, 47.1775], [-72.9924, 47.1775], [-72.9942, 47.1798], [-72.9907, 47.1849], [-72.9826, 47.1839], [-72.9759, 47.1909], [-72.9655, 47.1923], [-72.9557, 47.2007], [-72.9578, 47.203], [-72.953, 47.2033], [-72.9538, 47.2065], [-72.9481, 47.2069], [-72.9482, 47.2127], [-72.9343, 47.2128], [-72.9328, 47.2089], [-72.9256, 47.2068], [-72.9215, 47.2094], [-72.9539, 47.2311], [-72.9445, 47.2372], [-72.9977, 47.2807], [-72.9749, 47.2951], [-72.9823, 47.3009], [-72.9886, 47.3009], [-72.9879, 47.3286], [-72.9908, 47.3309], [-72.9878, 47.3307], [-72.9872, 47.3471], [-72.9949, 47.3502], [-72.9871, 47.3487], [-72.9901, 47.3548], [-72.9868, 47.3562], [-72.9839, 47.4323], [-72.9777, 47.431], [-72.9795, 47.4399], [-72.9837, 47.438], [-72.9817, 47.4906], [-72.9851, 47.491], [-72.9817, 47.491], [-72.9813, 47.5002], [-73.0599, 47.4996], [-73.0592, 47.506], [-73.0512, 47.5097], [-73.0504, 47.5131]], [[-73.3302, 47.3181], [-73.3077, 47.3519], [-73.2084, 47.3216], [-73.1352, 47.2779], [-73.1136, 47.269], [-73.1086, 47.2623], [-73.1101, 47.2563], [-73.1336, 47.2452], [-73.1139, 47.2285], [-73.1293, 47.2338], [-73.1409, 47.2315], [-73.1555, 47.2227], [-73.1711, 47.2254], [-73.1855, 47.2362], [-73.1994, 47.2345], [-73.2541, 47.2396], [-73.2536, 47.2815], [-73.3302, 47.3181]]]}}, {"type": "Feature", "properties": {"id": "qc-trq-16-35", "name": "Zec Fr\u00e9mont", "province": "QC", "park_type": "zec", "designation": "zec", "hunting_allowed": true, "policy_id": "Z-045A", "summary": "Structured recreational / wildlife territory on Quebec public land. Verify current regulations.", "source": "MRNF TRQ_WMS layer 16", "layer_role": "public_hunt_territory"}, "geometry": {"type": "Polygon", "coordinates": [[[-73.5193, 47.7298], [-73.6909, 47.7321], [-73.8034, 47.6277], [-73.8078, 47.6265], [-73.8083, 47.6242], [-73.8054, 47.6259], [-73.8096, 47.622], [-73.8185, 47.6223], [-73.8113, 47.6204], [-73.8206, 47.6152], [-73.8179, 47.6142], [-73.8985, 47.5343], [-73.9183, 47.4926], [-73.9178, 47.4882], [-73.9229, 47.4844], [-73.9291, 47.4693], [-73.9186, 47.4707], [-73.9182, 47.4657], [-73.9153, 47.4686], [-73.9125, 47.4647], [-73.9167, 47.471], [-73.8666, 47.4781], [-73.861, 47.4705], [-73.8655, 47.4664], [-73.8482, 47.4687], [-73.8519, 47.4801], [-73.7768, 47.4906], [-73.7757, 47.488], [-73.7707, 47.4884], [-73.7708, 47.4914], [-73.7356, 47.4964], [-73.613, 47.4131], [-73.6043, 47.534], [-73.5984, 47.5377], [-73.6041, 47.5367], [-73.6053, 47.5484], [-73.6019, 47.5873], [-73.5666, 47.5873], [-73.5659, 47.5901], [-73.5625, 47.5872], [-73.5591, 47.5922], [-73.5269, 47.5861], [-73.5211, 47.5806], [-73.5123, 47.5817], [-73.5131, 47.5881], [-73.5064, 47.5992], [-73.5089, 47.6061], [-73.507, 47.61], [-73.4856, 47.6062], [-73.4997, 47.6238], [-73.5036, 47.654], [-73.4926, 47.6615], [-73.4996, 47.6743], [-73.496, 47.6857], [-73.5149, 47.7166], [-73.5134, 47.7186], [-73.5193, 47.7298]]]}}, {"type": "Feature", "properties": {"id": "qc-trq-16-36", "name": "Zec des Passes", "province": "QC", "park_type": "zec", "designation": "zec", "hunting_allowed": true, "policy_id": "Z-022A", "summary": "Structured recreational / wildlife territory on Quebec public land. Verify current regulations.", "source": "MRNF TRQ_WMS layer 16", "layer_role": "public_hunt_territory"}, "geometry": {"type": "MultiPolygon", "coordinates": [[[[-71.2849, 49.2904], [-71.2969, 49.294], [-71.2992, 49.3], [-71.3039, 49.2563], [-71.3005, 49.2215], [-71.307, 49.1829], [-71.302, 49.1842], [-71.3071, 49.182], [-71.3083, 49.1722], [-71.3045, 49.1733], [-71.2943, 49.1685], [-71.2939, 49.175], [-71.2853, 49.1765], [-71.2887, 49.1753], [-71.2915, 49.1676], [-71.2894, 49.1626], [-71.3083, 49.172], [-71.3098, 49.1509], [-71.3145, 49.1355], [-71.3451, 49.1355], [-71.3491, 49.1326], [-71.3459, 49.1355], [-71.4271, 49.1356], [-71.4348, 49.1123], [-71.4317, 49.0862], [-71.4354, 49.0771], [-71.4327, 49.0772], [-71.4338, 49.0731], [-71.4365, 49.0727], [-71.435, 49.0699], [-71.4469, 49.0491], [-71.4676, 49.022], [-71.483, 49.0216], [-71.4802, 49.0193], [-71.4832, 49.0168], [-71.4812, 49.0111], [-71.4919, 49.0176], [-71.4951, 49.0168], [-71.4924, 49.0125], [-71.4951, 49.0123], [-71.5011, 49.0168], [-71.4974, 49.0215], [-71.5401, 49.0211], [-71.5411, 49.01], [-71.5368, 48.9885], [-71.5308, 48.9834], [-71.5363, 48.9812], [-71.5357, 48.9768], [-71.5409, 48.9768], [-71.5473, 48.9712], [-71.5445, 48.97], [-71.5468, 48.9671], [-71.5438, 48.9666], [-71.5479, 48.9619], [-71.5375, 48.9464], [-71.6191, 48.9104], [-71.6286, 48.9165], [-71.6326, 48.9137], [-71.6321, 48.9092], [-71.6384, 48.9068], [-71.7504, 48.9056], [-71.7454, 48.9145], [-71.7535, 48.9163], [-71.7533, 48.9206], [-71.7493, 48.9245], [-71.7403, 48.9255], [-71.7426, 48.9284], [-71.7367, 48.9299], [-71.7335, 48.9358], [-71.7134, 48.9427], [-71.7171, 48.9466], [-71.7105, 48.9495], [-71.7143, 48.9527], [-71.6953, 48.9664], [-71.6927, 48.9719], [-71.6973, 48.9723], [-71.6906, 48.9788], [-71.6907, 48.9824], [-71.6867, 48.9825], [-71.6899, 48.9848], [-71.6821, 48.9869], [-71.6812, 48.9908], [-71.6849, 48.9914], [-71.6846, 48.9948], [-71.6904, 48.9998], [-71.6872, 49.0021], [-71.6896, 49.0068], [-71.713, 49.0073], [-71.7215, 49.0121], [-71.7268, 49.0097], [-71.7322, 49.0118], [-71.7366, 49.0086], [-71.7338, 49.0148], [-71.7358, 49.019], [-71.8447, 49.0164], [-71.8479, 49.0225], [-71.8441, 49.0285], [-71.8448, 49.0346], [-71.8483, 49.0408], [-71.8804, 49.0636], [-71.8807, 49.0731], [-71.8908, 49.0812], [-71.89, 49.0862], [-71.8819, 49.0903], [-71.8665, 49.1072], [-71.8704, 49.1143], [-71.8688, 49.1221], [-71.8791, 49.1357], [-71.8756, 49.1472], [-71.8842, 49.1657], [-71.882, 49.1847], [-71.888, 49.2065], [-71.8752, 49.2123], [-71.8591, 49.2077], [-71.8472, 49.2111], [-71.8321, 49.2026], [-71.824, 49.2109], [-71.8126, 49.2072], [-71.81, 49.2161], [-71.7995, 49.2214], [-71.8029, 49.2258], [-71.7927, 49.2462], [-71.7952, 49.2495], [-71.7902, 49.2558], [-71.7867, 49.2555], [-71.7825, 49.2727], [-71.7512, 49.2708], [-71.747, 49.2726], [-71.7472, 49.2766], [-71.7387, 49.2759], [-71.7357, 49.2802], [-71.7359, 49.292], [-71.7276, 49.2929], [-71.7257, 49.3005], [-71.7216, 49.2947], [-71.7175, 49.2953], [-71.7191, 49.3034], [-71.7135, 49.3057], [-71.7097, 49.2999], [-71.7183, 49.2947], [-71.7157, 49.2949], [-71.7168, 49.2923], [-71.7101, 49.2967], [-71.7044, 49.2952], [-71.7018, 49.2888], [-71.6954, 49.2862], [-71.6917, 49.2775], [-71.689, 49.2791], [-71.6829, 49.2723], [-71.6739, 49.2737], [-71.6779, 49.2652], [-71.6764, 49.2625], [-71.6666, 49.2625], [-71.6547, 49.2522], [-71.4924, 49.2512], [-71.4908, 49.3261], [-71.4956, 49.3401], [-71.4925, 49.3373], [-71.4925, 49.3488], [-71.4355, 49.3493], [-71.4311, 49.3621], [-71.4321, 49.3779], [-71.4211, 49.3896], [-71.415, 49.4008], [-71.4178, 49.4012], [-71.4147, 49.4012], [-71.4013, 49.423], [-71.3955, 49.4453], [-71.3973, 49.4521], [-71.4105, 49.4611], [-71.4409, 49.46], [-71.4537, 49.4724], [-71.4573, 49.4855], [-71.4638, 49.4903], [-71.4705, 49.5117], [-71.4632, 49.5162], [-71.473, 49.5262], [-71.4796, 49.5276], [-71.4762, 49.5348], [-71.4597, 49.5376], [-71.4599, 49.5464], [-71.4789, 49.5537], [-71.4847, 49.5489], [-71.4862, 49.5533], [-71.4916, 49.5544], [-71.4906, 49.5564], [-71.4999, 49.563], [-71.5011, 49.5596], [-71.5084, 49.5647], [-71.5201, 49.5623], [-71.5376, 49.5664], [-71.5394, 49.565], [-71.5344, 49.5637], [-71.5402, 49.5562], [-71.5557, 49.5592], [-71.5518, 49.5589], [-71.5517, 49.5617], [-71.5451, 49.559], [-71.5432, 49.5632], [-71.5374, 49.5627], [-71.5467, 49.5681], [-71.5404, 49.5715], [-71.5389, 49.5773], [-71.5556, 49.5821], [-71.5525, 49.5864], [-71.5549, 49.5906], [-71.5331, 49.6055], [-71.5216, 49.6023], [-71.5179, 49.6049], [-71.5084, 49.6005], [-71.502, 49.6124], [-71.4989, 49.6054], [-71.4942, 49.61], [-71.4907, 49.6046], [-71.4857, 49.6077], [-71.4736, 49.6014], [-71.4717, 49.5967], [-71.4719, 49.6042], [-71.4654, 49.6109], [-71.463, 49.6089], [-71.4709, 49.6042], [-71.4708, 49.5978], [-71.3537, 49.5776], [-71.3554, 49.5707], [-71.3594, 49.5679], [-71.3547, 49.5626], [-71.3602, 49.5575], [-71.3554, 49.5444], [-71.3492, 49.5426], [-71.3579, 49.5406], [-71.3533, 49.533], [-71.3585, 49.5241], [-71.3569, 49.5144], [-71.3492, 49.5059], [-71.3564, 49.5018], [-71.3581, 49.4959], [-71.3659, 49.4968], [-71.3728, 49.4932], [-71.3609, 49.4941], [-71.357, 49.4913], [-71.3541, 49.4812], [-71.3594, 49.4699], [-71.357, 49.4618], [-71.3419, 49.4604], [-71.3404, 49.4632], [-71.3328, 49.4557], [-71.3278, 49.4605], [-71.3252, 49.4513], [-71.3159, 49.4513], [-71.3095, 49.4477], [-71.297, 49.424], [-71.2968, 49.4192], [-71.3054, 49.4144], [-71.2928, 49.4072], [-71.2941, 49.404], [-71.2853, 49.3941], [-71.293, 49.3909], [-71.2876, 49.3879], [-71.282, 49.3754], [-71.275, 49.3755], [-71.2702, 49.3674], [-71.2717, 49.3572], [-71.2826, 49.3404], [-71.2805, 49.3371], [-71.2823, 49.3398], [-71.2848, 49.3377], [-71.2958, 49.3198], [-71.2995, 49.3014], [-71.2923, 49.2988], [-71.2896, 49.294], [-71.2848, 49.2948], [-71.2858, 49.2992], [-71.2824, 49.2996], [-71.2823, 49.2916], [-71.2793, 49.2885], [-71.2815593852191, 49.28466886854153], [-71.2849, 49.2904]], [[-71.5699, 49.1173], [-71.5748, 49.1204], [-71.573, 49.117], [-71.5699, 49.1173]], [[-71.573, 49.1208], [-71.5721, 49.1232], [-71.5747, 49.1213], [-71.573, 49.1208]], [[-71.578, 49.0912], [-71.576, 49.0934], [-71.5797, 49.0916], [-71.578, 49.0912]], [[-71.5802, 49.0921], [-71.5798, 49.0916], [-71.5795, 49.0921], [-71.5802, 49.0921]]], [[[-71.2816, 49.2846], [-71.2815593852191, 49.28466886854153], [-71.2791, 49.283], [-71.2816, 49.2846]]]]}}, {"type": "Feature", "properties": {"id": "qc-trq-16-37", "name": "Zec Buteux-Bas-Saguenay", "province": "QC", "park_type": "zec", "designation": "zec", "hunting_allowed": true, "policy_id": "Z-031A", "summary": "Structured recreational / wildlife territory on Quebec public land. Verify current regulations.", "source": "MRNF TRQ_WMS layer 16", "layer_role": "public_hunt_territory"}, "geometry": {"type": "Polygon", "coordinates": [[[-69.8242, 48.107], [-69.8358, 48.1001], [-69.8349, 48.0978], [-69.8551, 48.1009], [-69.8471, 48.1332], [-69.8867, 48.1436], [-69.8875, 48.1514], [-69.8906, 48.1524], [-69.8869, 48.1577], [-69.9042, 48.1631], [-69.8998, 48.1695], [-69.92, 48.1698], [-69.9352, 48.1628], [-69.937, 48.1668], [-69.957, 48.1619], [-69.9637, 48.1757], [-69.9763, 48.1753], [-69.9757, 48.1732], [-69.9978, 48.1687], [-70.0043, 48.1794], [-70.0251, 48.1751], [-69.9938, 48.1061], [-70.0085, 48.085], [-69.9888, 48.0788], [-69.9931, 48.0725], [-70.0129, 48.0787], [-70.0175, 48.0775], [-70.0149, 48.0719], [-70.0213, 48.0612], [-70.0284, 48.0298], [-70.0431, 47.9931], [-70.0652, 47.9931], [-70.0442, 47.9561], [-70.0423, 47.95], [-70.0454, 47.9478], [-70.0445, 47.9444], [-70.0336, 47.9371], [-70.0083, 47.9817], [-70.0117, 48.0007], [-70.0023, 48.0163], [-70.0128, 48.0256], [-69.97, 48.0385], [-69.9394, 48.0384], [-69.9405, 48.0306], [-69.9469, 48.0243], [-69.946, 48.0206], [-69.9525, 48.0159], [-69.9513, 48.0118], [-69.9623, 48.0064], [-69.964, 47.9999], [-69.971, 47.999], [-69.9749, 47.9943], [-69.9721, 47.9893], [-69.9734, 47.9822], [-69.9656, 47.9728], [-69.971, 47.9694], [-69.9724, 47.9636], [-69.9668, 47.9547], [-69.947, 47.9444], [-69.9261, 47.9271], [-69.9049, 47.9235], [-69.9062, 47.9345], [-69.8999, 47.9394], [-69.9067, 47.9466], [-69.9065, 47.9507], [-69.9013, 47.9484], [-69.8945, 47.9521], [-69.8856, 47.9673], [-69.8992, 47.978], [-69.9078, 47.9641], [-69.9197, 47.9674], [-69.9165, 47.9726], [-69.9209, 47.9738], [-69.9155, 47.9825], [-69.9107, 47.9812], [-69.9117, 48.0353], [-69.8716, 48.0421], [-69.8486, 48.0397], [-69.8455, 48.044], [-69.8313, 48.0391], [-69.8312, 48.0439], [-69.8109, 48.0414], [-69.7921, 48.0827], [-69.818, 48.0967], [-69.8201, 48.099], [-69.817, 48.1018], [-69.8242, 48.107]]]}}, {"type": "Feature", "properties": {"id": "qc-trq-16-38", "name": "Zec Capitachouane", "province": "QC", "park_type": "zec", "designation": "zec", "hunting_allowed": true, "policy_id": "Z-083B", "summary": "Structured recreational / wildlife territory on Quebec public land. Verify current regulations.", "source": "MRNF TRQ_WMS layer 16", "layer_role": "public_hunt_territory"}, "geometry": {"type": "Polygon", "coordinates": [[[-76.6973, 47.8866], [-76.7122, 47.8905], [-76.7106, 47.8861], [-76.7202, 47.882], [-76.7204, 47.8561], [-76.732, 47.8558], [-76.7259, 47.8526], [-76.7381, 47.8474], [-76.7367, 47.844], [-76.7252, 47.8508], [-76.7262, 47.8474], [-76.7231, 47.8472], [-76.7367, 47.8381], [-76.7429, 47.8193], [-76.7635, 47.8107], [-76.7614, 47.8088], [-76.7676, 47.8051], [-76.7845, 47.8065], [-76.804, 47.7986], [-76.8039, 47.8019], [-76.8087, 47.8001], [-76.8195, 47.803], [-76.8122, 47.8034], [-76.8159, 47.8079], [-76.8213, 47.803], [-76.8182, 47.8018], [-76.8247, 47.7991], [-76.8241, 47.7937], [-76.831, 47.7934], [-76.8406, 47.7853], [-76.8455, 47.7731], [-76.8374, 47.7725], [-76.8298, 47.7771], [-76.8098, 47.7619], [-76.8144, 47.7568], [-76.8078, 47.7606], [-76.6271, 47.6368], [-76.5991, 47.6215], [-76.5878, 47.6199], [-76.588, 47.6153], [-76.5844, 47.6137], [-76.5867, 47.6115], [-76.5698, 47.608], [-76.577, 47.6016], [-76.5817, 47.6021], [-76.5704, 47.6006], [-76.5616, 47.5947], [-76.5581, 47.5962], [-76.5611, 47.5944], [-76.5505, 47.5874], [-76.5455, 47.589], [-76.5483, 47.5859], [-76.484, 47.5483], [-76.4945, 47.5499], [-76.4945, 47.547], [-76.4835, 47.5479], [-76.479, 47.5452], [-76.4805, 47.5413], [-76.478, 47.5445], [-76.4433, 47.523], [-76.44, 47.5189], [-76.4444, 47.5171], [-76.4383, 47.5183], [-76.4336, 47.5107], [-76.4245, 47.513], [-76.4142, 47.5232], [-76.3992, 47.5241], [-76.3919, 47.5282], [-76.3907, 47.5424], [-76.3933, 47.5423], [-76.3956, 47.5487], [-76.3867, 47.5519], [-76.3815, 47.5637], [-76.3821, 47.5698], [-76.3736, 47.5832], [-76.3865, 47.594], [-76.3817, 47.5944], [-76.3737, 47.602], [-76.3466, 47.605], [-76.3375, 47.6006], [-76.3245, 47.6073], [-76.3096, 47.6065], [-76.3044, 47.6109], [-76.3172, 47.6156], [-76.3137, 47.6226], [-76.3202, 47.6264], [-76.3243, 47.6343], [-76.3267, 47.645], [-76.3209, 47.6585], [-76.3477, 47.6551], [-76.3444, 47.6646], [-76.3573, 47.6734], [-76.3709, 47.6769], [-76.3843, 47.662], [-76.38, 47.6735], [-76.3826, 47.6758], [-76.3804, 47.676], [-76.3886, 47.6809], [-76.3808, 47.6875], [-76.3838, 47.6909], [-76.3799, 47.6919], [-76.377, 47.6978], [-76.3915, 47.6972], [-76.3899, 47.7024], [-76.3833, 47.7065], [-76.3957, 47.715], [-76.3936, 47.729], [-76.3996, 47.7237], [-76.4112, 47.7251], [-76.4062, 47.7307], [-76.4072, 47.7363], [-76.3984, 47.7424], [-76.3911, 47.7407], [-76.3873, 47.7469], [-76.3907, 47.7508], [-76.3992, 47.7513], [-76.4033, 47.7578], [-76.4026, 47.7625], [-76.4089, 47.7666], [-76.4189, 47.7647], [-76.4211, 47.7685], [-76.4259, 47.7683], [-76.4274, 47.7744], [-76.4237, 47.778], [-76.4329, 47.7944], [-76.4236, 47.8014], [-76.4347, 47.8093], [-76.434, 47.8144], [-76.4419, 47.8227], [-76.4514, 47.8277], [-76.4538, 47.8392], [-76.4498, 47.8494], [-76.4768, 47.85], [-76.4767, 47.9021], [-76.5623, 47.9022], [-76.6195, 47.8863], [-76.6901, 47.8759], [-76.6973, 47.8866]]]}}, {"type": "Feature", "properties": {"id": "qc-trq-16-39", "name": "Zec Trinit\u00e9", "province": "QC", "park_type": "zec", "designation": "zec", "hunting_allowed": true, "policy_id": "Z-094C", "summary": "Structured recreational / wildlife territory on Quebec public land. Verify current regulations.", "source": "MRNF TRQ_WMS layer 16", "layer_role": "public_hunt_territory"}, "geometry": {"type": "MultiPolygon", "coordinates": [[[[-67.4513, 49.4082], [-67.4406, 49.4093], [-67.4373, 49.406], [-67.4324, 49.4088], [-67.4174, 49.4047], [-67.4085, 49.4098], [-67.39328909767443, 49.410688948837205], [-67.4135, 49.4061], [-67.4329, 49.3933], [-67.453, 49.3942], [-67.449, 49.3995], [-67.4513, 49.4082]]], [[[-67.4552, 49.4119], [-67.4523, 49.4087], [-67.4555, 49.4106], [-67.4552, 49.4119]]], [[[-67.3928, 49.4108], [-67.39257768052515, 49.41073052516411], [-67.39328909767443, 49.410688948837205], [-67.3928, 49.4108]]], [[[-67.3317, 49.4082], [-67.3093, 49.4159], [-67.327, 49.4057], [-67.3562, 49.4093], [-67.3816, 49.4073], [-67.39257768052515, 49.41073052516411], [-67.3777, 49.4116], [-67.3537, 49.422], [-67.3396, 49.42], [-67.3428, 49.4118], [-67.3317, 49.4082]]], [[[-67.242, 49.5277], [-67.2442, 49.5329], [-67.2335, 49.5351], [-67.2367, 49.4867], [-67.2491, 49.4595], [-67.2609, 49.4519], [-67.2607, 49.4567], [-67.2688, 49.4526], [-67.2713, 49.4496], [-67.2671, 49.4479], [-67.2813, 49.4387], [-67.3014, 49.4335], [-67.3038, 49.4282], [-67.319, 49.4262], [-67.3075, 49.4194], [-67.3185, 49.4211], [-67.3201, 49.4257], [-67.3189, 49.4194], [-67.3276, 49.4115], [-67.3407, 49.4124], [-67.3374, 49.4203], [-67.351, 49.4237], [-67.3745, 49.4139], [-67.4091, 49.4111], [-67.4188, 49.4062], [-67.4222, 49.4094], [-67.4506, 49.4096], [-67.4565, 49.4261], [-67.4485, 49.4345], [-67.4487, 49.4405], [-67.4526, 49.4432], [-67.4463, 49.4574], [-67.4542, 49.4682], [-67.451, 49.4751], [-67.4518, 49.4964], [-67.4651, 49.5076], [-67.4736, 49.5083], [-67.4776, 49.52], [-67.4893, 49.5235], [-67.4926, 49.529], [-67.4908, 49.5345], [-67.4873, 49.5309], [-67.4838, 49.5337], [-67.489, 49.5379], [-67.4882, 49.5476], [-67.4851, 49.5496], [-67.4789, 49.5693], [-67.4806, 49.5731], [-67.4778, 49.582], [-67.4774, 49.5943], [-67.4833, 49.6074], [-67.4812, 49.6195], [-67.4872, 49.6296], [-67.4858, 49.636], [-67.4696, 49.6434], [-67.4629, 49.6509], [-67.4552, 49.6699], [-67.4465, 49.6736], [-67.4488, 49.6764], [-67.4477, 49.6858], [-67.4261, 49.6808], [-67.4197, 49.7081], [-67.4113, 49.7093], [-67.4006, 49.7049], [-67.4034, 49.6933], [-67.4069, 49.6909], [-67.4026, 49.6872], [-67.4111, 49.6871], [-67.4238, 49.6769], [-67.4236, 49.6693], [-67.4339, 49.653], [-67.4251, 49.6463], [-67.4094, 49.6459], [-67.4031, 49.6337], [-67.3995, 49.6344], [-67.3955, 49.6265], [-67.3918, 49.6252], [-67.3859, 49.6098], [-67.3921, 49.6074], [-67.3818, 49.6018], [-67.379, 49.5874], [-67.3814, 49.582], [-67.3734, 49.5831], [-67.3647, 49.5788], [-67.3695, 49.5756], [-67.3687, 49.5703], [-67.3557, 49.572], [-67.3486, 49.5697], [-67.3499, 49.5586], [-67.3353, 49.5587], [-67.332, 49.5555], [-67.3219, 49.5622], [-67.3113, 49.5583], [-67.3057, 49.5427], [-67.292, 49.5369], [-67.2871, 49.5251], [-67.2738, 49.5246], [-67.2689, 49.53], [-67.26449539078156, 49.52882780561122], [-67.2655, 49.5264], [-67.2685134883721, 49.529216279069765], [-67.2655, 49.5263], [-67.2644247156153, 49.528808996897624], [-67.2564, 49.5259], [-67.2419, 49.5269], [-67.2399262295082, 49.524432786885235], [-67.2409, 49.527], [-67.2565, 49.5262], [-67.26030787401574, 49.527713385826765], [-67.242, 49.5277]], [[-67.2686, 49.5293], [-67.26875789473685, 49.528605263157864], [-67.2685134883721, 49.529216279069765], [-67.2686, 49.5293]], [[-67.2702, 49.525], [-67.27601769911497, 49.52408141592921], [-67.2696, 49.5249], [-67.26875789473685, 49.528605263157864], [-67.2702, 49.525]], [[-67.2892, 49.5224], [-67.2854, 49.5226], [-67.27601769911497, 49.52408141592921], [-67.2892, 49.5224]], [[-67.2398, 49.5241], [-67.23970941176471, 49.52416176470588], [-67.2399262295082, 49.524432786885235], [-67.2398, 49.5241]], [[-67.2395, 49.5239], [-67.2351, 49.527], [-67.2341, 49.5332], [-67.2354, 49.5271], [-67.2395, 49.5239]]], [[[-67.2643, 49.5293], [-67.26030787401574, 49.527713385826765], [-67.2643, 49.5291], [-67.26449539078156, 49.52882780561122], [-67.2643, 49.5293]]], [[[-67.4737, 49.6684], [-67.4699, 49.6777], [-67.4499, 49.685], [-67.4486, 49.6732], [-67.4567, 49.6704], [-67.46, 49.6589], [-67.4693, 49.6457], [-67.4807, 49.6421], [-67.4822, 49.6595], [-67.4737, 49.6684]]]]}}, {"type": "Feature", "properties": {"id": "qc-trq-16-40", "name": "Zec Bras-Coup\u00e9-D\u00e9sert", "province": "QC", "park_type": "zec", "designation": "zec", "hunting_allowed": true, "policy_id": "Z-074A", "summary": "Structured recreational / wildlife territory on Quebec public land. Verify current regulations.", "source": "MRNF TRQ_WMS layer 16", "layer_role": "public_hunt_territory"}, "geometry": {"type": "Polygon", "coordinates": [[[-76.4178, 46.7562], [-76.411, 46.7518], [-76.4329, 46.7331], [-76.4305, 46.7257], [-76.4216, 46.7228], [-76.4136, 46.7251], [-76.4129, 46.7203], [-76.4025, 46.7123], [-76.3987, 46.7132], [-76.403, 46.7151], [-76.3998, 46.7198], [-76.4074, 46.7258], [-76.4136, 46.7252], [-76.4113, 46.7274], [-76.4142, 46.733], [-76.4002, 46.7491], [-76.3852, 46.7569], [-76.3783, 46.7522], [-76.3762, 46.7546], [-76.3575, 46.7503], [-76.3565, 46.7534], [-76.3493, 46.7548], [-76.3498, 46.7582], [-76.3435, 46.7586], [-76.3313, 46.7456], [-76.3306, 46.739], [-76.3222, 46.7334], [-76.3221, 46.7282], [-76.314, 46.7216], [-76.3176, 46.7109], [-76.3131, 46.7086], [-76.3139, 46.6986], [-76.3067, 46.6925], [-76.3054, 46.6855], [-76.3005, 46.6815], [-76.2826, 46.6817], [-76.2748, 46.6734], [-76.2699, 46.675], [-76.2427, 46.6677], [-76.2132, 46.6725], [-76.1977, 46.6844], [-76.1721, 46.6945], [-76.158, 46.7073], [-76.1407, 46.7169], [-76.1275, 46.709], [-76.0702, 46.7107], [-76.0711, 46.6998], [-76.092, 46.6912], [-76.1036, 46.6797], [-76.1177, 46.6844], [-76.1172, 46.6595], [-76.1151, 46.6599], [-76.1181, 46.6549], [-76.101, 46.6448], [-76.1027, 46.642], [-76.0987, 46.6385], [-76.1017, 46.6296], [-76.1053, 46.6323], [-76.1029, 46.6047], [-76.1042, 46.5762], [-76.1079, 46.5762], [-76.1081, 46.5623], [-76.1569, 46.5367], [-76.157, 46.4955], [-76.1387, 46.4881], [-76.1573, 46.49], [-76.1557, 46.485], [-76.1508, 46.4846], [-76.1534, 46.4817], [-76.1525, 46.4731], [-76.1482, 46.4691], [-76.1524, 46.4656], [-76.134, 46.4562], [-76.1288, 46.4466], [-76.1234, 46.4474], [-76.1067, 46.437], [-76.1105, 46.4367], [-76.1093, 46.4345], [-76.1141, 46.4317], [-76.116, 46.4252], [-76.1204, 46.4254], [-76.1173, 46.4238], [-76.1285, 46.4218], [-76.1273, 46.4162], [-76.1323, 46.4107], [-76.1366, 46.4163], [-76.1354, 46.4078], [-76.1443, 46.3996], [-76.1435, 46.3972], [-76.1471, 46.3997], [-76.1538, 46.3915], [-76.1569, 46.3918], [-76.1538, 46.3927], [-76.1564, 46.3933], [-76.1552, 46.3958], [-76.1605, 46.3943], [-76.1623, 46.3977], [-76.1672, 46.394], [-76.1689, 46.3899], [-76.1631, 46.388], [-76.1699, 46.3875], [-76.1721, 46.3799], [-76.1695, 46.3753], [-76.1771, 46.3678], [-76.1824, 46.3687], [-76.1805, 46.3659], [-76.1876, 46.3603], [-76.1877, 46.3548], [-76.2057, 46.3338], [-76.2185, 46.3292], [-76.218, 46.3262], [-76.2234, 46.3223], [-76.2257, 46.3253], [-76.2398, 46.3177], [-76.2393, 46.3135], [-76.2468, 46.3122], [-76.2592, 46.3032], [-76.3167, 46.421], [-76.3628, 46.4211], [-76.3758, 46.4342], [-76.4113, 46.457], [-76.4233, 46.4515], [-76.4327, 46.4557], [-76.4395, 46.4521], [-76.4553, 46.4627], [-76.4541, 46.4663], [-76.4406, 46.4737], [-76.4401, 46.4826], [-76.4267, 46.4911], [-76.426, 46.4946], [-76.4336, 46.503], [-76.4586, 46.512], [-76.4627, 46.5226], [-76.4711, 46.5303], [-76.4901, 46.5277], [-76.5121, 46.5459], [-76.5121, 46.5507], [-76.5171, 46.555], [-76.5119, 46.5694], [-76.5126, 46.5797], [-76.5203, 46.5842], [-76.5224, 46.6095], [-76.5329, 46.6182], [-76.5369, 46.6299], [-76.5314, 46.6353], [-76.5323, 46.6398], [-76.523, 46.6406], [-76.5204, 46.6469], [-76.5484, 46.6433], [-76.571, 46.6464], [-76.5921, 46.6444], [-76.6153, 46.6546], [-76.6189, 46.6582], [-76.6191, 46.6675], [-76.6296, 46.6772], [-76.6505, 46.6819], [-76.6516, 46.6881], [-76.6724, 46.695], [-76.6734, 46.7018], [-76.6951, 46.7046], [-76.6961, 46.7096], [-76.705, 46.7128], [-76.7056, 46.7158], [-76.701, 46.7182], [-76.7017, 46.7501], [-76.6166, 46.7502], [-76.5891, 46.7835], [-76.6008, 46.7848], [-76.591, 46.796], [-76.6101, 46.7921], [-76.6113, 46.7945], [-76.5976, 46.7999], [-76.5918, 46.8059], [-76.5626, 46.8065], [-76.5184, 46.787], [-76.4878, 46.7826], [-76.4703, 46.7732], [-76.4279, 46.7634], [-76.42211322207959, 46.75467240051348], [-76.4178, 46.7562]], [[-76.4274, 46.7528], [-76.4218, 46.7542], [-76.42211322207959, 46.75467240051348], [-76.4274, 46.7528]]]}}, {"type": "Feature", "properties": {"id": "qc-trq-16-41", "name": "Zec de la Petite-Rivi\u00e8re-Cascap\u00e9dia", "province": "QC", "park_type": "zec", "designation": "zec", "hunting_allowed": true, "policy_id": "Z-112B", "summary": "Structured recreational / wildlife territory on Quebec public land. Verify current regulations.", "source": "MRNF TRQ_WMS layer 16", "layer_role": "public_hunt_territory"}, "geometry": {"type": "MultiPolygon", "coordinates": [[[[-65.7941, 48.1928], [-65.7958, 48.1926], [-65.8011, 48.192], [-65.7941, 48.1928]]], [[[-65.78721515877771, 48.20520005991612], [-65.7869, 48.2026], [-65.7891, 48.2047], [-65.78721515877771, 48.20520005991612]]], [[[-65.78522196132597, 48.205728867403316], [-65.78721515877771, 48.20520005991612], [-65.7873, 48.2059], [-65.78522196132597, 48.205728867403316]]], [[[-65.7788, 48.2052], [-65.78522196132597, 48.205728867403316], [-65.7842, 48.206], [-65.7788, 48.2052]]], [[[-65.7409, 48.3193], [-65.7367, 48.3268], [-65.7438, 48.3273], [-65.7389, 48.3389], [-65.7508, 48.3439], [-65.7454, 48.3506], [-65.7637, 48.3555], [-65.7656, 48.3662], [-65.77306689300413, 48.36901685185185], [-65.7639, 48.3682], [-65.75304638104514, 48.37698156442712], [-65.763, 48.3668], [-65.7622, 48.3565], [-65.7434, 48.3505], [-65.7481, 48.3444], [-65.739, 48.3411], [-65.7361, 48.3368], [-65.7414, 48.3281], [-65.7351, 48.3277], [-65.7348, 48.3219], [-65.7385, 48.3191], [-65.7277, 48.3091], [-65.7332, 48.3049], [-65.724, 48.3031], [-65.7242, 48.2991], [-65.7195, 48.2948], [-65.7212, 48.2845], [-65.71264903339191, 48.27529261862917], [-65.7224, 48.2828], [-65.7319, 48.298], [-65.7269, 48.3015], [-65.7362, 48.3033], [-65.7365, 48.3145], [-65.7409, 48.3193]]], [[[-65.7746873187238, 48.36962815017724], [-65.77306689300413, 48.36901685185185], [-65.774, 48.3691], [-65.7746873187238, 48.36962815017724]]], [[[-65.7529, 48.3771], [-65.75304638104514, 48.37698156442712], [-65.75290674530943, 48.37712439792775], [-65.7529, 48.3771]]], [[[-65.7933, 48.4121], [-65.7928, 48.4177], [-65.8005, 48.4214], [-65.8004, 48.4264], [-65.812, 48.4421], [-65.8067, 48.4449], [-65.822, 48.4518], [-65.8223, 48.4612], [-65.8306, 48.4645], [-65.8318, 48.4697], [-65.84, 48.472], [-65.8439, 48.4793], [-65.8471, 48.4797], [-65.8456, 48.4858], [-65.8494, 48.4946], [-65.859, 48.501], [-65.87660455611129, 48.531165110190685], [-65.8731, 48.5301], [-65.8572, 48.5015], [-65.8524, 48.5013], [-65.8477, 48.496], [-65.841, 48.4752], [-65.8306, 48.471], [-65.8293, 48.4657], [-65.8204, 48.4616], [-65.818, 48.4544], [-65.8216, 48.453], [-65.8049, 48.4456], [-65.805, 48.4424], [-65.8104, 48.4418], [-65.7991, 48.4363], [-65.8054, 48.4347], [-65.7982, 48.4266], [-65.7988, 48.4225], [-65.7905, 48.4173], [-65.7914, 48.4125], [-65.7834, 48.4006], [-65.7878, 48.3913], [-65.7798, 48.3836], [-65.7835, 48.3764], [-65.7746873187238, 48.36962815017724], [-65.7823, 48.3725], [-65.7852, 48.3776], [-65.7819, 48.3833], [-65.79, 48.3923], [-65.7854, 48.4011], [-65.7933, 48.4121]]], [[[-65.8782, 48.53165], [-65.8768, 48.5315], [-65.87660455611129, 48.531165110190685], [-65.8782, 48.53165]]], [[[-65.8997, 48.5513], [-65.9001, 48.5603], [-65.9046, 48.5612], [-65.9033, 48.5666], [-65.9093, 48.571], [-65.91129090640685, 48.57955045763212], [-65.9017, 48.5664], [-65.9025, 48.5618], [-65.899, 48.561], [-65.8981, 48.5516], [-65.8937, 48.5466], [-65.8954, 48.5425], [-65.8852, 48.5402], [-65.8833, 48.5332], [-65.8782, 48.53165], [-65.8852, 48.5324], [-65.8863, 48.5393], [-65.8967, 48.5417], [-65.8953, 48.5466], [-65.8997, 48.5513]]], [[[-65.91179352917824, 48.58070956728861], [-65.9109, 48.58], [-65.91129090640685, 48.57955045763212], [-65.91179352917824, 48.58070956728861]]], [[[-65.7462, 48.6154], [-65.7501, 48.6179], [-65.7498, 48.6222], [-65.7563, 48.6258], [-65.7542, 48.6331], [-65.7826, 48.6583], [-65.7825, 48.6648], [-65.7891, 48.6712], [-65.7908, 48.6854], [-65.7875, 48.6809], [-65.7866, 48.6689], [-65.7814, 48.6662], [-65.7757, 48.6523], [-65.7529, 48.6333], [-65.7542, 48.6259], [-65.7488, 48.6232], [-65.745, 48.616], [-65.7473, 48.6104], [-65.7413, 48.6014], [-65.7439, 48.595], [-65.73884829857302, 48.58729165751924], [-65.7461, 48.5949], [-65.7424, 48.6009], [-65.7473, 48.6038], [-65.7457, 48.6068], [-65.7494, 48.6106], [-65.7462, 48.6154]]], [[[-65.9067, 48.6], [-65.9164, 48.6166], [-65.9254, 48.6226], [-65.9175, 48.6341], [-65.9205, 48.6377], [-65.9186, 48.6416], [-65.9129, 48.6457], [-65.9177, 48.6496], [-65.9158, 48.6558], [-65.9197, 48.6629], [-65.9181, 48.6727], [-65.9549, 48.6964], [-65.9685, 48.7152], [-65.9859, 48.7168], [-65.9669, 48.7152], [-65.9535, 48.6972], [-65.9318, 48.6854], [-65.9172, 48.6731], [-65.9178, 48.6615], [-65.9139, 48.6534], [-65.9161, 48.6497], [-65.9116, 48.6447], [-65.917, 48.6413], [-65.9187, 48.6376], [-65.9162, 48.634], [-65.9238, 48.6229], [-65.9148, 48.6178], [-65.9051, 48.6003], [-65.9053, 48.5913], [-65.9129, 48.5863], [-65.91179352917824, 48.58070956728861], [-65.9142, 48.5869], [-65.9069, 48.591], [-65.9067, 48.6]]], [[[-65.7614, 48.2161], [-65.7644, 48.2243], [-65.7437, 48.2259], [-65.7218, 48.2407], [-65.724, 48.2459], [-65.71504515463909, 48.250136701030975], [-65.7235, 48.2457], [-65.72, 48.2426], [-65.7215, 48.2401], [-65.7427, 48.2257], [-65.7638, 48.2241], [-65.7614, 48.2161]]], [[[-65.71470673545753, 48.25031428733416], [-65.7147, 48.2503], [-65.71504515463909, 48.250136701030975], [-65.71470673545753, 48.25031428733416]]], [[[-65.7134, 48.251], [-65.71470673545753, 48.25031428733416], [-65.71745381282496, 48.256141421143845], [-65.7134, 48.251]]], [[[-65.7174889234162, 48.256215898155574], [-65.71745381282496, 48.256141421143845], [-65.7175, 48.2562], [-65.7174889234162, 48.256215898155574]]], [[[-65.7174889234162, 48.256215898155574], [-65.718, 48.2573], [-65.71196426869939, 48.264145402572645], [-65.7174889234162, 48.256215898155574]]], [[[-65.71196426869939, 48.264145402572645], [-65.70989046602186, 48.26712191935687], [-65.7098, 48.2666], [-65.71196426869939, 48.264145402572645]]], [[[-65.70989046602186, 48.26712191935687], [-65.71065330396476, 48.271522907488986], [-65.709, 48.2684], [-65.70989046602186, 48.26712191935687]]], [[[-65.71264903339191, 48.27529261862917], [-65.7111, 48.2741], [-65.71065330396476, 48.271522907488986], [-65.71264903339191, 48.27529261862917]]], [[[-65.7103, 48.4267], [-65.7219, 48.4264], [-65.7181, 48.4238], [-65.7192, 48.4191], [-65.7321, 48.4186], [-65.7325, 48.4132], [-65.7421, 48.4119], [-65.7454, 48.4065], [-65.7531, 48.4064], [-65.7599, 48.3989], [-65.7499, 48.3802], [-65.75290674530943, 48.37712439792775], [-65.7576, 48.3941], [-65.7629, 48.3961], [-65.76, 48.4022], [-65.7541, 48.4076], [-65.7463, 48.4078], [-65.7431, 48.413], [-65.7341, 48.414], [-65.7331, 48.4199], [-65.7209, 48.42], [-65.7233, 48.4276], [-65.7119, 48.4277], [-65.7066, 48.4338], [-65.7031, 48.4325], [-65.7028, 48.428], [-65.6902, 48.4339], [-65.6787, 48.4288], [-65.678, 48.4244], [-65.67297209175312, 48.42430513380666], [-65.6789, 48.4229], [-65.6804, 48.4281], [-65.6901, 48.4326], [-65.7027, 48.4266], [-65.7065, 48.4324], [-65.7103, 48.4267]]], [[[-65.67297209175312, 48.42430513380666], [-65.67262430127903, 48.42438757303015], [-65.6727, 48.4243], [-65.67297209175312, 48.42430513380666]]], [[[-65.6965, 48.5037], [-65.6938, 48.5032], [-65.6948, 48.4921], [-65.69, 48.4872], [-65.6907, 48.4823], [-65.6847, 48.4711], [-65.6908, 48.4585], [-65.6844, 48.4565], [-65.6848, 48.444], [-65.6664, 48.4314], [-65.6654, 48.4261], [-65.67262430127903, 48.42438757303015], [-65.6676, 48.4302], [-65.6863, 48.443], [-65.6857, 48.4546], [-65.6919, 48.4567], [-65.6936, 48.4641], [-65.6866, 48.4707], [-65.6936, 48.4835], [-65.6919, 48.4867], [-65.697, 48.4918], [-65.6951, 48.4967], [-65.6997, 48.5093], [-65.6961, 48.512], [-65.7023, 48.5179], [-65.6986, 48.5213], [-65.7018, 48.5418], [-65.721, 48.5602], [-65.7259, 48.5717], [-65.7322, 48.5744], [-65.73368488013699, 48.58112563356165], [-65.7, 48.5409], [-65.6972, 48.5231], [-65.7003, 48.5179], [-65.6942, 48.5117], [-65.6973, 48.5088], [-65.6965, 48.5037]]], [[[-65.73368488013699, 48.58112563356165], [-65.73884829857302, 48.58729165751924], [-65.7339, 48.5821], [-65.73368488013699, 48.58112563356165]]]]}}, {"type": "Feature", "properties": {"id": "qc-trq-16-42", "name": "Zec Mitchinamecus", "province": "QC", "park_type": "zec", "designation": "zec", "hunting_allowed": true, "policy_id": "Z-159B", "summary": "Structured recreational / wildlife territory on Quebec public land. Verify current regulations.", "source": "MRNF TRQ_WMS layer 16", "layer_role": "public_hunt_territory"}, "geometry": {"type": "Polygon", "coordinates": [[[-75.0647, 47.4671], [-75.0694, 47.4567], [-75.0799, 47.4526], [-75.0799, 47.4491], [-75.1471, 47.4493], [-75.1322, 47.4063], [-75.1869, 47.3725], [-75.1832, 47.3696], [-75.1879, 47.36], [-75.1931, 47.3601], [-75.1967, 47.3664], [-75.2168, 47.354], [-75.1958, 47.4204], [-75.1993, 47.4223], [-75.2027, 47.4168], [-75.204, 47.4206], [-75.2191, 47.408], [-75.22, 47.4103], [-75.2206, 47.4038], [-75.2154, 47.4032], [-75.2191, 47.4028], [-75.2199, 47.396], [-75.2326, 47.3857], [-75.2337, 47.3796], [-75.2447, 47.3721], [-75.2459, 47.356], [-75.2516, 47.3523], [-75.257, 47.3562], [-75.2521, 47.3519], [-75.2424, 47.3505], [-75.2428, 47.3401], [-75.2452, 47.3442], [-75.2518, 47.3428], [-75.2532, 47.3354], [-75.249, 47.3355], [-75.2457, 47.3261], [-75.2521, 47.3252], [-75.2424, 47.3206], [-75.2347, 47.3019], [-75.2277, 47.3018], [-75.2278, 47.2912], [-75.2231, 47.2857], [-75.228, 47.281], [-75.2259, 47.274], [-75.2278, 47.2669], [-75.2386, 47.2696], [-75.2414, 47.2648], [-75.2243, 47.2532], [-75.2476, 47.2531], [-75.2579, 47.2386], [-75.2778, 47.2329], [-75.2768, 47.229], [-75.2832, 47.2225], [-75.2794, 47.2221], [-75.2875, 47.2154], [-75.3019, 47.2148], [-75.3066, 47.2113], [-75.3055, 47.2087], [-75.3169, 47.2018], [-75.3255, 47.2014], [-75.329, 47.1979], [-75.325, 47.1979], [-75.3272, 47.1951], [-75.3428, 47.1881], [-75.3436, 47.1839], [-75.354, 47.1755], [-75.3533, 47.1726], [-75.3442, 47.1702], [-75.3437, 47.1606], [-75.3314, 47.1515], [-75.3295, 47.1416], [-75.3319, 47.1293], [-75.3255, 47.1194], [-75.3155, 47.1129], [-75.3137, 47.0999], [-75.3038, 47.0976], [-75.3112, 47.0794], [-75.3332, 47.0693], [-75.3328, 47.0645], [-75.345, 47.0547], [-75.3474, 47.0351], [-75.3628, 47.0299], [-75.3761, 47.0386], [-75.4051, 47.0339], [-75.4119, 47.0398], [-75.4209, 47.0397], [-75.4504, 47.0173], [-75.4658, 47.0192], [-75.476, 47.0126], [-75.4857, 47.0108], [-75.5005, 46.9986], [-75.5031, 46.9838], [-75.4876, 46.9728], [-75.4831, 46.9789], [-75.4717, 46.9812], [-75.4662, 46.9903], [-75.4547, 46.9921], [-75.4517, 46.9963], [-75.4462, 46.9967], [-75.4462, 46.9994], [-75.44, 46.994], [-75.4354, 46.9976], [-75.4403, 46.9899], [-75.4383, 46.9882], [-75.4313, 46.9973], [-75.4293, 46.9904], [-75.4245, 46.9922], [-75.4305, 46.9976], [-75.4275, 47.0012], [-75.4225, 46.9997], [-75.4234, 47.0025], [-75.4148, 47.0042], [-75.4126, 47.0026], [-75.4139, 46.9961], [-75.4106, 46.9968], [-75.4084, 46.9929], [-75.4115, 46.9918], [-75.3917, 46.9842], [-75.3916, 46.9736], [-75.3853, 46.9694], [-75.3852, 46.9734], [-75.3811, 46.9745], [-75.3795, 46.9712], [-75.3832, 46.9687], [-75.3746, 46.9632], [-75.3758, 46.9584], [-75.3721, 46.958], [-75.3726, 46.9517], [-75.362, 46.9485], [-75.3685, 46.955], [-75.3658, 46.9575], [-75.3689, 46.9637], [-75.3658, 46.968], [-75.372, 46.9697], [-75.3693, 46.9748], [-75.3674, 46.9727], [-75.3625, 46.9762], [-75.3659, 46.9855], [-75.36, 46.9935], [-75.3658, 46.9984], [-75.3636, 47.0005], [-75.3663, 47.004], [-75.3711, 47.0062], [-75.3514, 47.0122], [-75.3395, 47.0032], [-75.3301, 47.0053], [-75.3134, 46.9997], [-75.3062, 46.9826], [-75.3023, 46.9802], [-75.299, 46.9824], [-75.2694, 46.963], [-75.268, 46.967], [-75.2568, 46.9715], [-75.2522, 46.9791], [-75.2463, 46.9798], [-75.2218, 47.0055], [-75.2219, 47.0279], [-75.2221, 47.0244], [-75.2245, 47.0244], [-75.2227, 47.0266], [-75.2296, 47.024], [-75.2219, 47.0288], [-75.2219, 47.0337], [-75.2293, 47.0369], [-75.2219, 47.0365], [-75.2223, 47.1379], [-75.1443, 47.0875], [-75.1288, 47.1224], [-75.1073, 47.1224], [-75.1124, 47.1367], [-75.1256, 47.1375], [-75.117, 47.1577], [-75.1571, 47.222], [-75.1032, 47.245], [-75.1018, 47.2505], [-75.099, 47.2499], [-75.092, 47.2577], [-75.0905, 47.2636], [-75.0726, 47.2725], [-75.0628, 47.2871], [-75.0584, 47.2872], [-75.0512, 47.3027], [-74.9705, 47.3029], [-74.9705, 47.3101], [-74.8855, 47.31], [-74.8776, 47.3309], [-74.8864, 47.3409], [-74.8844, 47.3472], [-74.8881, 47.3539], [-74.8866, 47.3629], [-74.9034, 47.3779], [-74.9062, 47.3872], [-74.8995, 47.3963], [-74.9133, 47.4093], [-74.9115, 47.4193], [-74.9318, 47.4498], [-74.9473, 47.457], [-74.9507, 47.4638], [-74.9605, 47.4631], [-74.965, 47.4671], [-75.0647, 47.4671]]]}}, {"type": "Feature", "properties": {"id": "qc-trq-16-43", "name": "Zec de la Rivi\u00e8re-Rimouski", "province": "QC", "park_type": "zec", "designation": "zec", "hunting_allowed": true, "policy_id": "Z-014D", "summary": "Structured recreational / wildlife territory on Quebec public land. Verify current regulations.", "source": "MRNF TRQ_WMS layer 16", "layer_role": "public_hunt_territory"}, "geometry": {"type": "MultiPolygon", "coordinates": [[[[-68.5299, 48.2494], [-68.5235, 48.2439], [-68.5235, 48.2427], [-68.5299, 48.2494]]], [[[-68.5438, 48.3263], [-68.544, 48.321], [-68.5668, 48.2933], [-68.5694, 48.2847], [-68.5592, 48.2728], [-68.535, 48.259], [-68.5299, 48.2495], [-68.535, 48.2589], [-68.5595, 48.2724], [-68.5701, 48.2847], [-68.5672, 48.2938], [-68.5453, 48.3195], [-68.545, 48.3259], [-68.5343, 48.3363], [-68.53947300380229, 48.33881260184682], [-68.5358, 48.339], [-68.5378, 48.347], [-68.5331, 48.3352], [-68.5438, 48.3263]]], [[[-68.5456, 48.3366], [-68.5554, 48.338], [-68.54276379737868, 48.338644704215376], [-68.5456, 48.3366]]], [[[-68.53947300380229, 48.33881260184682], [-68.54276379737868, 48.338644704215376], [-68.5413, 48.3397], [-68.53947300380229, 48.33881260184682]]], [[[-68.5529, 48.4102], [-68.556, 48.4132], [-68.5555315467075, 48.41400112302195], [-68.5529, 48.4102]]], [[[-68.5387, 48.4409], [-68.5391, 48.4452], [-68.5367, 48.4402], [-68.5519, 48.4324], [-68.5491, 48.425], [-68.5555315467075, 48.41400112302195], [-68.5495, 48.4251], [-68.5527, 48.4324], [-68.5387, 48.4409]]]]}}, {"type": "Feature", "properties": {"id": "qc-trq-16-44", "name": "Zec Normandie", "province": "QC", "park_type": "zec", "designation": "zec", "hunting_allowed": true, "policy_id": "Z-159C", "summary": "Structured recreational / wildlife territory on Quebec public land. Verify current regulations.", "source": "MRNF TRQ_WMS layer 16", "layer_role": "public_hunt_territory"}, "geometry": {"type": "MultiPolygon", "coordinates": [[[[-74.5421, 47.3134], [-74.5451, 47.3126], [-74.5425, 47.3134], [-74.5427, 47.3192], [-74.54808870459446, 47.32112687012772], [-74.5396, 47.3215], [-74.5421, 47.3134]]], [[[-74.54924156125767, 47.32153910372244], [-74.54808870459446, 47.32112687012772], [-74.5487, 47.3211], [-74.54924156125767, 47.32153910372244]]], [[[-74.5563, 47.3295], [-74.5638, 47.3253], [-74.5755, 47.3053], [-74.5805, 47.3025], [-74.5838, 47.3026], [-74.5871, 47.3164], [-74.5894, 47.2979], [-74.586, 47.2987], [-74.5863, 47.2958], [-74.5922, 47.289], [-74.6049, 47.2872], [-74.6042, 47.2819], [-74.6132, 47.2709], [-74.6182, 47.2509], [-74.6247, 47.2517], [-74.6307, 47.2481], [-74.6375, 47.2519], [-74.6494, 47.2523], [-74.6575, 47.2447], [-74.6547, 47.2371], [-74.6582, 47.2175], [-74.6833, 47.2122], [-74.6824, 47.1946], [-74.699, 47.1887], [-74.7123, 47.1893], [-74.7156, 47.1859], [-74.7428, 47.1855], [-74.7511, 47.1743], [-74.7871, 47.1768], [-74.8099, 47.1743], [-74.8112, 47.1599], [-74.8214, 47.1503], [-74.8545, 47.1518], [-74.867, 47.1482], [-74.8696, 47.1516], [-74.8837, 47.1511], [-74.8962, 47.1471], [-74.9098, 47.1304], [-74.9251, 47.1369], [-74.9324, 47.1369], [-74.9402, 47.13], [-74.9494, 47.13], [-74.965, 47.1205], [-74.9698, 47.1126], [-74.9808, 47.1063], [-74.9819, 47.1016], [-75.0005, 47.0843], [-75.0206, 47.0781], [-75.042, 47.0663], [-75.0536, 47.067], [-75.0582, 47.0588], [-75.0935, 47.0535], [-75.1122, 47.0586], [-75.1068, 47.0613], [-75.1056, 47.0646], [-75.1087, 47.0653], [-75.0928, 47.0737], [-75.0903, 47.0809], [-75.0827, 47.0839], [-75.0843, 47.0917], [-75.0812, 47.095], [-75.085, 47.1022], [-75.1028, 47.1115], [-75.1126, 47.1365], [-75.0926, 47.1407], [-75.0809, 47.1558], [-75.0234, 47.1558], [-75.023, 47.1668], [-75.0095, 47.1668], [-75.0095, 47.1967], [-74.8399, 47.1966], [-74.8395, 47.31], [-74.8855, 47.31], [-74.8776, 47.3315], [-74.8864, 47.3409], [-74.8844, 47.3472], [-74.8881, 47.3539], [-74.8867, 47.363], [-74.9035, 47.3781], [-74.9062, 47.3872], [-74.8995, 47.3964], [-74.9133, 47.4093], [-74.9115, 47.4193], [-74.9305, 47.4486], [-74.9478, 47.4574], [-74.9507, 47.4638], [-74.9605, 47.4631], [-74.965, 47.4671], [-74.9711, 47.4671], [-74.9711, 47.4787], [-74.9571, 47.4693], [-74.9571, 47.4844], [-74.8993, 47.5107], [-74.7386, 47.5105], [-74.7208, 47.4987], [-74.7131, 47.5059], [-74.7297, 47.5163], [-74.7348, 47.6037], [-74.7288, 47.6187], [-74.7182, 47.625], [-74.7171, 47.6302], [-74.6899, 47.6363], [-74.6873, 47.6297], [-74.6538, 47.6171], [-74.6376, 47.6037], [-74.6303, 47.5885], [-74.6267, 47.5897], [-74.6223, 47.5871], [-74.6221, 47.5834], [-74.6199, 47.5849], [-74.6209, 47.5822], [-74.597, 47.5563], [-74.6201, 47.5533], [-74.5896, 47.4583], [-74.6644, 47.4869], [-74.7296, 47.4916], [-74.7266, 47.4838], [-74.7353, 47.4724], [-74.7357, 47.4551], [-74.7343, 47.4482], [-74.7211, 47.4481], [-74.7214, 47.3719], [-74.6817, 47.3718], [-74.6817, 47.3666], [-74.642, 47.3662], [-74.6235, 47.4017], [-74.6223, 47.4348], [-74.5862, 47.4349], [-74.5877, 47.4515], [-74.5751, 47.4515], [-74.5755, 47.4061], [-74.4624, 47.5019], [-74.4562, 47.5016], [-74.4453, 47.5099], [-74.4435, 47.5169], [-74.4367, 47.5192], [-74.4325, 47.516], [-74.4416, 47.5146], [-74.4405, 47.511], [-74.4455, 47.5093], [-74.4263, 47.506], [-74.4463, 47.479], [-74.4412, 47.4741], [-74.4457, 47.4671], [-74.4522, 47.4635], [-74.4618, 47.4488], [-74.4638, 47.4499], [-74.4905, 47.4265], [-74.4965, 47.4259], [-74.5137, 47.4063], [-74.5221, 47.3902], [-74.5228, 47.3818], [-74.529, 47.3733], [-74.5293, 47.359], [-74.5337, 47.3571], [-74.5516, 47.329], [-74.5524, 47.3241], [-74.54924156125767, 47.32153910372244], [-74.5592, 47.3251], [-74.5543, 47.3266], [-74.5563, 47.3295]]]]}}, {"type": "Feature", "properties": {"id": "qc-trq-16-45", "name": "Zec Lac-Br\u00e9beuf", "province": "QC", "park_type": "zec", "designation": "zec", "hunting_allowed": true, "policy_id": "Z-026B", "summary": "Structured recreational / wildlife territory on Quebec public land. Verify current regulations.", "source": "MRNF TRQ_WMS layer 16", "layer_role": "public_hunt_territory"}, "geometry": {"type": "Polygon", "coordinates": [[[-70.4953, 48.2533], [-70.5498, 48.2655], [-70.5668, 48.2541], [-70.5628, 48.2557], [-70.5642, 48.2516], [-70.5693, 48.2518], [-70.5708, 48.2482], [-70.5782, 48.2462], [-70.6079, 48.2248], [-70.6128, 48.2275], [-70.6182, 48.2409], [-70.62, 48.2378], [-70.6152, 48.2288], [-70.6214, 48.2322], [-70.632, 48.2287], [-70.6294, 48.2308], [-70.6485, 48.2335], [-70.659, 48.2384], [-70.6663, 48.2349], [-70.6672, 48.2257], [-70.6928, 48.2182], [-70.6497, 48.1922], [-70.6105, 48.1612], [-70.6273, 48.1313], [-70.6269, 48.1097], [-70.6873, 48.0614], [-70.7426, 48.0543], [-70.7426, 47.9968], [-70.6786, 47.9966], [-70.6677, 48.0029], [-70.6543, 48.0047], [-70.6448, 47.9965], [-70.6343, 47.9964], [-70.5669, 47.9796], [-70.5631, 47.974], [-70.5553, 47.9736], [-70.543, 47.9774], [-70.5314, 47.992], [-70.5257, 47.9931], [-70.4875, 47.9931], [-70.4772, 47.9822], [-70.4516, 47.9779], [-70.449, 47.9882], [-70.4362, 47.9898], [-70.4348, 47.9968], [-70.4256, 47.9966], [-70.4559, 48.0905], [-70.4715, 48.1914], [-70.4904, 48.2192], [-70.4854, 48.2236], [-70.4953, 48.2533]]]}}, {"type": "Feature", "properties": {"id": "qc-trq-16-46", "name": "Zec Rivi\u00e8re-\u00e0-Mars", "province": "QC", "park_type": "zec", "designation": "zec", "hunting_allowed": true, "policy_id": "Z-026E", "summary": "Structured recreational / wildlife territory on Quebec public land. Verify current regulations.", "source": "MRNF TRQ_WMS layer 16", "layer_role": "public_hunt_territory"}, "geometry": {"type": "MultiPolygon", "coordinates": [[[[-70.9951, 48.001], [-71.00482374100724, 48.000215827338124], [-70.9949, 48.0012], [-70.985, 47.9972], [-70.9951, 48.001]]], [[[-71.00482374100724, 48.000215827338124], [-71.007, 48.0], [-71.00700278940029, 48.00004009762901], [-71.00482374100724, 48.000215827338124]]], [[[-71.00700278940029, 48.00004009762901], [-71.0081, 48.0114], [-71.0174, 48.0158], [-71.01668202247193, 48.01639261637237], [-71.0078, 48.0115], [-71.00700278940029, 48.00004009762901]]], [[[-71.0111, 48.021], [-71.01668202247193, 48.01639261637237], [-71.01161588785047, 48.02236341789052], [-71.0111, 48.021]]], [[[-70.9991, 48.0399], [-71.0104, 48.0331], [-71.0059, 48.0291], [-71.01161588785047, 48.02236341789052], [-71.0125, 48.0247], [-71.006, 48.0291], [-71.0106, 48.0331], [-70.9994, 48.04], [-71.0033, 48.0455], [-70.9991, 48.0399]]], [[[-71.00298686868686, 48.04558080808081], [-71.003, 48.0456], [-71.00275294117644, 48.045641176470596], [-71.00298686868686, 48.04558080808081]]], [[[-71.0, 48.0461], [-71.00275294117644, 48.045641176470596], [-71.0002, 48.0463], [-71.0001, 48.0549], [-71.0043, 48.0612], [-71.00292110912343, 48.062410733452595], [-70.9999, 48.0551], [-71.0, 48.0461]]], [[[-71.0002, 48.0648], [-71.00292110912343, 48.062410733452595], [-71.00063281972265, 48.06524098613251], [-71.0002, 48.0648]]], [[[-70.9893, 48.1046], [-70.974, 48.114], [-70.9845, 48.1291], [-70.9965, 48.1385], [-70.9928, 48.144], [-70.9999, 48.148], [-71.0014, 48.1544], [-71.00675052278301, 48.1576805860333], [-71.0006, 48.1541], [-70.9997, 48.1482], [-70.9922, 48.144], [-70.9959, 48.1383], [-70.9837, 48.129], [-70.9737, 48.1139], [-70.9893, 48.1042], [-70.9902, 48.0954], [-70.9976, 48.0911], [-70.993, 48.0878], [-70.9958, 48.0816], [-71.0051, 48.0748], [-71.0052, 48.0701], [-71.00063281972265, 48.06524098613251], [-71.0055, 48.0702], [-71.0055, 48.0749], [-70.9962, 48.0817], [-70.9933, 48.0876], [-70.9981, 48.0913], [-70.9906, 48.096], [-70.9893, 48.1046]]], [[[-71.0081, 48.16], [-71.00675052278301, 48.1576805860333], [-71.01216810344827, 48.16083448275862], [-71.0081, 48.16]]], [[[-71.01216810344827, 48.16083448275862], [-71.0198, 48.1624], [-71.0223, 48.1666], [-71.00827435897436, 48.1785586080586], [-71.0219, 48.1665], [-71.01216810344827, 48.16083448275862]]], [[[-71.0062, 48.1833], [-71.00827435897436, 48.1785586080586], [-71.0074790513834, 48.18480745341615], [-71.0062, 48.1833]]], [[[-71.009, 48.1866], [-71.00701806656102, 48.1884294770206], [-71.0074790513834, 48.18480745341615], [-71.009, 48.1866]]], [[[-71.0051, 48.1902], [-71.00701806656102, 48.1884294770206], [-71.00654406934306, 48.192153740875916], [-71.0051, 48.1902]]], [[[-70.9919, 48.2088], [-71.0068, 48.1925], [-70.9923, 48.2091], [-70.97018795280032, 48.21467619626047], [-70.9919, 48.2088]]], [[[-70.9831, 48.3054], [-70.9835, 48.3052], [-70.9842, 48.3052], [-70.9831, 48.3054]]], [[[-70.983, 48.3054], [-70.9815, 48.3056], [-70.9808, 48.3056], [-70.983, 48.3054]]], [[[-70.9701, 48.2147], [-70.95291680366527, 48.208945627273955], [-70.9542, 48.209], [-70.9701, 48.2147]]], [[[-70.9651, 48.2488], [-70.9475, 48.213], [-70.941, 48.2087], [-70.9486, 48.2075], [-70.95291680366527, 48.208945627273955], [-70.9424, 48.2085], [-70.9484, 48.2123], [-70.9662, 48.2487], [-70.9706, 48.2513], [-70.97152328767123, 48.26053287671232], [-70.9694, 48.2517], [-70.9651, 48.2488]]], [[[-70.97152328767123, 48.26053287671232], [-70.9719, 48.2621], [-70.97177225806452, 48.26302258064517], [-70.97152328767123, 48.26053287671232]]], [[[-70.97177225806452, 48.26302258064517], [-70.9746, 48.2913], [-70.9817, 48.2927], [-70.9883, 48.2993], [-70.9741, 48.2915], [-70.9701, 48.2751], [-70.97177225806452, 48.26302258064517]]], [[[-70.9792, 48.3057], [-70.98, 48.3057], [-70.9784, 48.3064], [-70.9792, 48.3057]]], [[[-70.9722, 48.3059], [-70.9709, 48.3069], [-70.9716, 48.3059], [-70.9722, 48.3059]]], [[[-70.978, 48.3065], [-70.977, 48.3069], [-70.976, 48.3067], [-70.978, 48.3065]]], [[[-70.9682, 48.3078], [-70.9688, 48.3076], [-70.9686, 48.3081], [-70.9682, 48.3078]]], [[[-70.9709, 48.3077], [-70.9709, 48.3081], [-70.9701, 48.3087], [-70.9709, 48.3077]]], [[[-70.9611, 48.3094], [-70.9545, 48.3134], [-70.94604592783921, 48.313755960933086], [-70.9608, 48.3092], [-70.9682, 48.3111], [-70.9709, 48.3053], [-70.9894, 48.3031], [-70.9716, 48.3054], [-70.9687, 48.3113], [-70.9611, 48.3094]]], [[[-70.945, 48.3138], [-70.94604592783921, 48.313755960933086], [-70.94468049403747, 48.31417759795571], [-70.945, 48.3138]]], [[[-70.9482, 48.3141], [-70.9505, 48.3139], [-70.9505, 48.3143], [-70.9482, 48.3141]]], [[[-70.953, 48.3141], [-70.9518, 48.3148], [-70.9512, 48.3143], [-70.953, 48.3141]]], [[[-70.9049, 48.3285], [-70.9054, 48.333], [-70.8797, 48.336], [-70.9053, 48.3327], [-70.9044, 48.3283], [-70.9119, 48.3243], [-70.94468049403747, 48.31417759795571], [-70.9417, 48.3177], [-70.9049, 48.3285]], [[-70.9395, 48.3163], [-70.9388, 48.3169], [-70.9404, 48.3162], [-70.9395, 48.3163]], [[-70.9374, 48.3175], [-70.9356, 48.3178], [-70.937, 48.3178], [-70.9374, 48.3175]], [[-70.9352, 48.3179], [-70.9349, 48.3177], [-70.9337, 48.3182], [-70.9352, 48.3179]], [[-70.9337, 48.3181], [-70.9332, 48.3182], [-70.933, 48.3183], [-70.9337, 48.3181]]], [[[-70.9413, 48.315], [-70.942, 48.3149], [-70.94116904474002, 48.31526191051995], [-70.9413, 48.315]]], [[[-70.946, 48.315], [-70.9448, 48.3158], [-70.9459, 48.3146], [-70.946, 48.315]]]]}}, {"type": "Feature", "properties": {"id": "qc-trq-16-47", "name": "Zec Kiskissink", "province": "QC", "park_type": "zec", "designation": "zec", "hunting_allowed": true, "policy_id": "Z-042A", "summary": "Structured recreational / wildlife territory on Quebec public land. Verify current regulations.", "source": "MRNF TRQ_WMS layer 16", "layer_role": "public_hunt_territory"}, "geometry": {"type": "Polygon", "coordinates": [[[-72.0131, 47.9285], [-72.0293, 47.9252], [-72.032, 47.9295], [-72.0365, 47.9289], [-72.0361, 47.9352], [-72.046, 47.9324], [-72.0477, 47.9364], [-72.0525, 47.9371], [-72.0527, 47.9407], [-72.0626, 47.9385], [-72.0649, 47.9409], [-72.0612, 47.9437], [-72.07, 47.9434], [-72.0685, 47.9474], [-72.0823, 47.9559], [-72.0823, 47.963], [-72.0864, 47.9645], [-72.0908, 47.9818], [-72.0965, 47.9868], [-72.0952, 47.9923], [-72.0842, 47.9986], [-72.1425, 47.9985], [-72.1422, 48.0031], [-72.15, 48.0042], [-72.1531, 48.0021], [-72.1499, 47.9985], [-72.2238, 47.9988], [-72.2241, 48.0041], [-72.226, 47.9988], [-72.3165, 47.9984], [-72.3207, 47.973], [-72.3519, 47.9533], [-72.3624, 47.9509], [-72.3656, 47.9451], [-72.383, 47.9327], [-72.3941, 47.9319], [-72.4049, 47.9268], [-72.4257, 47.9093], [-72.4104, 47.8903], [-72.4084, 47.8348], [-72.3342, 47.8047], [-72.3379, 47.802], [-72.3318, 47.8037], [-72.2853, 47.7831], [-72.2784, 47.7837], [-72.2813, 47.7331], [-72.247, 47.714], [-72.1841, 47.6853], [-72.1829, 47.6872], [-72.1819, 47.6842], [-72.1333, 47.6604], [-72.1236, 47.667], [-72.119, 47.6659], [-72.1214, 47.6688], [-72.1101, 47.6786], [-72.1024, 47.6971], [-72.0908, 47.7037], [-72.0812, 47.7031], [-72.0875, 47.707], [-72.0823, 47.7079], [-72.0755, 47.7155], [-72.0632, 47.715], [-72.0704, 47.7236], [-72.0354, 47.7471], [-72.0363, 47.7309], [-72.0335, 47.7385], [-72.0288, 47.7368], [-72.0245, 47.74], [-72.0294, 47.7406], [-72.0292, 47.7481], [-71.9134, 47.7482], [-71.9462, 47.7599], [-71.9532, 47.7751], [-71.9624, 47.7823], [-71.9613, 47.7864], [-71.9666, 47.7961], [-71.9799, 47.8072], [-71.9864, 47.8285], [-71.9967, 47.8449], [-72.0014, 47.8469], [-72.0111, 47.8672], [-72.0176, 47.8722], [-72.0148, 47.888], [-72.0176, 47.8923], [-72.0106, 47.8955], [-72.019, 47.9041], [-72.0213, 47.9152], [-72.0095, 47.9218], [-72.0131, 47.9285]]]}}, {"type": "Feature", "properties": {"id": "qc-trq-16-48", "name": "Zec du Lac-de-la-Boiteuse", "province": "QC", "park_type": "zec", "designation": "zec", "hunting_allowed": true, "policy_id": "Z-021C", "summary": "Structured recreational / wildlife territory on Quebec public land. Verify current regulations.", "source": "MRNF TRQ_WMS layer 16", "layer_role": "public_hunt_territory"}, "geometry": {"type": "MultiPolygon", "coordinates": [[[[-71.1891, 48.729], [-71.18898709677418, 48.7291], [-71.1867, 48.7291], [-71.1891, 48.729]]], [[[-71.1956, 48.7259], [-71.2087, 48.7353], [-71.2594, 48.7348], [-71.2579, 48.7373], [-71.2613, 48.7415], [-71.2724, 48.7395], [-71.2962, 48.7505], [-71.3181, 48.7673], [-71.3189, 48.7715], [-71.3388, 48.7896], [-71.3609, 48.8018], [-71.3676, 48.8896], [-71.3642, 48.8908], [-71.3534, 48.8849], [-71.339, 48.8944], [-71.3436, 48.9018], [-71.3307, 48.9142], [-71.335, 48.9224], [-71.2796, 48.9601], [-71.286, 49.0274], [-71.2399, 49.0355], [-71.1887, 49.0068], [-71.167, 48.9827], [-71.1618, 48.97], [-71.1673, 48.9629], [-71.1631, 48.9559], [-71.1708, 48.9462], [-71.1645, 48.9405], [-71.1564, 48.947], [-71.156, 48.9328], [-71.1336, 48.8991], [-71.1346, 48.8944], [-71.1425, 48.8912], [-71.1429, 48.8851], [-71.1476, 48.8798], [-71.144, 48.8768], [-71.1542, 48.8659], [-71.1563, 48.8671], [-71.1544, 48.8656], [-71.1591, 48.8605], [-71.162, 48.8608], [-71.1598, 48.858], [-71.1629, 48.8557], [-71.1572, 48.8474], [-71.1616, 48.8414], [-71.1632, 48.8438], [-71.1703, 48.8432], [-71.1659, 48.8406], [-71.1703, 48.8394], [-71.1692, 48.8296], [-71.1639, 48.8242], [-71.1574, 48.8234], [-71.1574, 48.8148], [-71.1632, 48.805], [-71.1604, 48.798], [-71.1631, 48.7949], [-71.1586, 48.7934], [-71.1693, 48.7757], [-71.1707, 48.7625], [-71.1786, 48.7593], [-71.1754, 48.757], [-71.1788, 48.7566], [-71.1778, 48.7537], [-71.1837, 48.7489], [-71.1752, 48.7503], [-71.1689, 48.7475], [-71.175, 48.743], [-71.1734, 48.7391], [-71.1801, 48.7324], [-71.1848, 48.7355], [-71.1836, 48.7321], [-71.1798, 48.732], [-71.1804, 48.7289], [-71.1861, 48.7305], [-71.1839, 48.7315], [-71.1869, 48.7351], [-71.1856, 48.7321], [-71.1955, 48.7291], [-71.1956, 48.7259]]]]}}, {"type": "Feature", "properties": {"id": "qc-trq-16-49", "name": "Zec des Rivi\u00e8res-Godbout-et-Mistassini", "province": "QC", "park_type": "zec", "designation": "zec", "hunting_allowed": true, "policy_id": "Z-094B", "summary": "Structured recreational / wildlife territory on Quebec public land. Verify current regulations.", "source": "MRNF TRQ_WMS layer 16", "layer_role": "public_hunt_territory"}, "geometry": {"type": "MultiPolygon", "coordinates": [[[[-67.9533, 49.2844], [-67.951, 49.287], [-67.95761682242991, 49.29120560747664], [-67.945, 49.287], [-67.94, 49.2818], [-67.9533, 49.2844]]], [[[-67.95761682242991, 49.29120560747664], [-67.9579, 49.2913], [-67.95791182323676, 49.291393107989464], [-67.95761682242991, 49.29120560747664]]], [[[-67.6316, 49.3175], [-67.6297, 49.3205], [-67.6036, 49.3098], [-67.6339, 49.3144], [-67.6375, 49.3176], [-67.6316, 49.3175]]], [[[-67.9772, 49.3247], [-67.9921, 49.3366], [-67.9897, 49.3391], [-67.9856, 49.3364], [-67.9865, 49.3463], [-68.0023, 49.3537], [-68.0129, 49.3718], [-68.02, 49.3701], [-68.023, 49.3735], [-68.0272, 49.3726], [-68.0327, 49.376], [-68.0322, 49.3787], [-68.0368, 49.3782], [-68.0477, 49.3858], [-68.0311, 49.3796], [-68.0262, 49.374], [-68.0213, 49.3747], [-68.0208, 49.3716], [-68.0102, 49.373], [-68.0115, 49.3708], [-68.006, 49.3674], [-68.0008, 49.3546], [-67.9851, 49.3473], [-67.9803, 49.331], [-67.9691, 49.3266], [-67.9759, 49.3255], [-67.9728, 49.3192], [-67.9667, 49.3163], [-67.968, 49.3108], [-67.9595, 49.3039], [-67.95791182323676, 49.291393107989464], [-67.9628, 49.2945], [-67.962, 49.3012], [-67.9772, 49.3247]]], [[[-67.6786, 49.3639], [-67.6788, 49.3672], [-67.67834671741198, 49.36429143672694], [-67.6786, 49.3639]]], [[[-67.7835, 49.6754], [-67.7947, 49.6821], [-67.8101, 49.6821], [-67.81, 49.6788], [-67.8236, 49.6806], [-67.8465, 49.6872], [-67.8558, 49.6933], [-67.8495, 49.6937], [-67.8455, 49.6891], [-67.8212, 49.6816], [-67.8114, 49.6806], [-67.8155, 49.6836], [-67.8125, 49.686], [-67.7939, 49.6834], [-67.7865, 49.6774], [-67.7724, 49.6735], [-67.7674, 49.6693], [-67.7693, 49.6659], [-67.7622, 49.6634], [-67.7514, 49.6664], [-67.7433, 49.6549], [-67.7454, 49.6526], [-67.738, 49.6472], [-67.739, 49.6433], [-67.7333, 49.6415], [-67.7281, 49.6458], [-67.7305, 49.6592], [-67.7263, 49.6655], [-67.7195, 49.7036], [-67.7232, 49.7098], [-67.7221, 49.7178], [-67.7318, 49.7402], [-67.7262, 49.7442], [-67.7298, 49.7402], [-67.7171, 49.7038], [-67.7244, 49.6649], [-67.7281, 49.66], [-67.7261, 49.6455], [-67.7323, 49.6403], [-67.7377, 49.6404], [-67.732, 49.6353], [-67.7303, 49.6274], [-67.7356, 49.6239], [-67.7353, 49.6194], [-67.7256, 49.6144], [-67.7209, 49.6177], [-67.7177, 49.6145], [-67.7054, 49.6139], [-67.6946, 49.6052], [-67.6998, 49.6019], [-67.6927, 49.6005], [-67.6833, 49.5901], [-67.6823, 49.5749], [-67.6782, 49.5691], [-67.6677, 49.5695], [-67.6552, 49.5619], [-67.6575, 49.5575], [-67.6635, 49.5569], [-67.6648, 49.5459], [-67.6575, 49.5393], [-67.6608, 49.5349], [-67.6491, 49.5236], [-67.656, 49.5136], [-67.6483, 49.5069], [-67.6509, 49.4973], [-67.6435, 49.4846], [-67.6429, 49.4731], [-67.6459, 49.4697], [-67.6335, 49.4446], [-67.638, 49.4352], [-67.6448, 49.4342], [-67.6505, 49.415], [-67.6606, 49.4046], [-67.671, 49.3997], [-67.6711, 49.3942], [-67.6846, 49.3843], [-67.6857, 49.3759], [-67.6754, 49.368], [-67.675, 49.3585], [-67.679, 49.3534], [-67.6782, 49.3493], [-67.6847, 49.3459], [-67.6782, 49.3436], [-67.6792, 49.3381], [-67.6747, 49.3311], [-67.6828, 49.3405], [-67.6791, 49.3409], [-67.687, 49.3459], [-67.6789, 49.3498], [-67.6804, 49.3573], [-67.6764, 49.3673], [-67.686, 49.3723], [-67.6884, 49.379], [-67.685, 49.3858], [-67.6732, 49.3944], [-67.6724, 49.4012], [-67.6529, 49.4156], [-67.6542, 49.4194], [-67.647, 49.435], [-67.6396, 49.4367], [-67.635, 49.4445], [-67.6412, 49.4504], [-67.6476, 49.4698], [-67.6446, 49.4734], [-67.6471, 49.4773], [-67.6451, 49.4844], [-67.6495, 49.4879], [-67.6524, 49.4972], [-67.6503, 49.5067], [-67.6574, 49.5135], [-67.6506, 49.5229], [-67.6624, 49.5346], [-67.6609, 49.5394], [-67.6669, 49.5487], [-67.6648, 49.5581], [-67.6581, 49.5613], [-67.6671, 49.5673], [-67.6808, 49.5685], [-67.685, 49.5746], [-67.6855, 49.5895], [-67.694, 49.5993], [-67.702, 49.6011], [-67.6972, 49.6052], [-67.7071, 49.613], [-67.7189, 49.6127], [-67.7201, 49.6162], [-67.7266, 49.6128], [-67.7355, 49.6163], [-67.7384, 49.6241], [-67.733, 49.6262], [-67.7343, 49.635], [-67.7451, 49.6414], [-67.7399, 49.6465], [-67.7511, 49.6531], [-67.747, 49.656], [-67.7525, 49.6579], [-67.7484, 49.6597], [-67.7505, 49.6637], [-67.7682, 49.6626], [-67.7748, 49.6672], [-67.7741, 49.6727], [-67.7865, 49.6725], [-67.7835, 49.6754]], [[-67.7693, 49.6688], [-67.773, 49.6699], [-67.77305739910314, 49.669813901345286], [-67.7693, 49.6688]]]]}}, {"type": "Feature", "properties": {"id": "qc-trq-16-50", "name": "Zec Louise-Gosford", "province": "QC", "park_type": "zec", "designation": "zec", "hunting_allowed": true, "policy_id": "Z-051A", "summary": "Structured recreational / wildlife territory on Quebec public land. Verify current regulations.", "source": "MRNF TRQ_WMS layer 16", "layer_role": "public_hunt_territory"}, "geometry": {"type": "MultiPolygon", "coordinates": [[[[-70.8076, 45.3277], [-70.8084, 45.3118], [-70.8146, 45.3082], [-70.8115, 45.3038], [-70.8163, 45.2982], [-70.8355, 45.294], [-70.8299, 45.2902], [-70.8319, 45.2789], [-70.8413, 45.267], [-70.8489, 45.2631], [-70.8496, 45.2559], [-70.8465, 45.253], [-70.8486, 45.2452], [-70.8366, 45.2369], [-70.8575, 45.2291], [-70.8693, 45.2322], [-70.8692, 45.2529], [-70.8769, 45.2584], [-70.8869, 45.2584], [-70.8959, 45.2632], [-70.9024, 45.2729], [-70.9133, 45.2769], [-70.913, 45.2834], [-70.9021, 45.2982], [-70.9041, 45.3045], [-70.8998, 45.3085], [-70.8972, 45.318], [-70.8986, 45.3287], [-70.905, 45.3354], [-70.8939, 45.3432], [-70.8781, 45.3427], [-70.8602, 45.3505], [-70.8357, 45.3491], [-70.8356, 45.3728], [-70.8049, 45.3727], [-70.8025, 45.3657], [-70.8145, 45.3567], [-70.8098, 45.3487], [-70.8199, 45.3402], [-70.8181, 45.3326], [-70.8076, 45.3277]], [[-70.8835, 45.3114], [-70.8797, 45.3042], [-70.8905, 45.3008], [-70.8853, 45.2975], [-70.8933, 45.295], [-70.8917, 45.2899], [-70.86744057142857, 45.30055885714285], [-70.8577, 45.3011], [-70.8586, 45.3058], [-70.8835, 45.3114]]], [[[-70.6917, 45.4743], [-70.6929, 45.4664], [-70.6818, 45.4617], [-70.6811, 45.4522], [-70.6507, 45.445], [-70.6404, 45.4308], [-70.6298, 45.4263], [-70.6278, 45.4207], [-70.6355, 45.4149], [-70.635, 45.4111], [-70.6213, 45.4027], [-70.6363, 45.3952], [-70.6389, 45.3888], [-70.6349, 45.3834], [-70.6518, 45.377], [-70.6608, 45.3781], [-70.6617, 45.3863], [-70.6782, 45.3943], [-70.6962, 45.3924], [-70.6995, 45.3945], [-70.712, 45.3905], [-70.7297, 45.3991], [-70.7304, 45.4044], [-70.7436, 45.4119], [-70.744, 45.4212], [-70.7517, 45.4264], [-70.751, 45.4388], [-70.734, 45.439], [-70.7341, 45.4534], [-70.7611, 45.4536], [-70.7667, 45.4613], [-70.7668, 45.4758], [-70.7874, 45.4756], [-70.7877, 45.4779], [-70.7769, 45.4781], [-70.777, 45.4804], [-70.7874, 45.4803], [-70.7924, 45.4855], [-70.7882, 45.4963], [-70.7898, 45.5133], [-70.7226, 45.5137], [-70.7227, 45.5065], [-70.7116, 45.5018], [-70.7178, 45.4902], [-70.7164, 45.4865], [-70.6917, 45.4743]], [[-70.789, 45.4826], [-70.7883, 45.4832], [-70.7891, 45.4832], [-70.789, 45.4826]]], [[[-70.8685, 45.3005], [-70.86935342857143, 45.30188314285714], [-70.86744057142857, 45.30055885714285], [-70.8685, 45.3005]]], [[[-70.86935342857143, 45.30188314285714], [-70.8714, 45.3033], [-70.87080406313943, 45.304234171294944], [-70.86935342857143, 45.30188314285714]]], [[[-70.8686414982164, 45.307624137931036], [-70.87080406313943, 45.304234171294944], [-70.8714, 45.3052], [-70.8686414982164, 45.307624137931036]]]]}}, {"type": "Feature", "properties": {"id": "qc-trq-16-51", "name": "Zec de  l'Anse-Saint-Jean", "province": "QC", "park_type": "zec", "designation": "zec", "hunting_allowed": true, "policy_id": "Z-026A", "summary": "Structured recreational / wildlife territory on Quebec public land. Verify current regulations.", "source": "MRNF TRQ_WMS layer 16", "layer_role": "public_hunt_territory"}, "geometry": {"type": "MultiPolygon", "coordinates": [[[[-70.1217, 48.1988], [-70.1724, 48.2005], [-70.1794, 48.1904], [-70.2065, 48.1859], [-70.218, 48.1892], [-70.2456, 48.1479], [-70.2677, 48.155], [-70.2746, 48.1452], [-70.2732, 48.1417], [-70.2839, 48.141], [-70.3018, 48.1455], [-70.3016, 48.1512], [-70.3149, 48.155], [-70.3639, 48.0701], [-70.3621, 48.0499], [-70.3446, 48.0407], [-70.33, 48.0379], [-70.3263, 48.0328], [-70.2376, 48.0304], [-70.2289, 48.0468], [-70.2335, 48.0493], [-70.2282, 48.048], [-70.2307, 48.0512], [-70.2269, 48.0504], [-70.2144, 48.0739], [-70.2149, 48.0941], [-70.1933, 48.0941], [-70.1187, 48.2014], [-70.1217, 48.1988]]], [[[-70.1064, 48.2313], [-70.1691, 48.2389], [-70.1765, 48.2292], [-70.1671, 48.2284], [-70.1572, 48.2229], [-70.1623, 48.2197], [-70.1607, 48.218], [-70.1646, 48.2124], [-70.1843, 48.2186], [-70.1971, 48.1992], [-70.1694, 48.2035], [-70.1445, 48.2014], [-70.116, 48.2052], [-70.1028, 48.2244], [-70.1064, 48.2313]]]]}}, {"type": "Feature", "properties": {"id": "qc-trq-16-52", "name": "Zec de la Rivi\u00e8re-Petit-Saguenay", "province": "QC", "park_type": "zec", "designation": "zec", "hunting_allowed": true, "policy_id": "Z-031D", "summary": "Structured recreational / wildlife territory on Quebec public land. Verify current regulations.", "source": "MRNF TRQ_WMS layer 16", "layer_role": "public_hunt_territory"}, "geometry": {"type": "MultiPolygon", "coordinates": [[[[-70.0553, 48.1681], [-70.0553, 48.168], [-70.0662, 48.1609], [-70.0553, 48.1681]]], [[[-70.0583, 48.1943], [-70.0586, 48.1998], [-70.06823170731711, 48.21118292682931], [-70.0585, 48.2005], [-70.058, 48.1945], [-70.0494, 48.1871], [-70.0441, 48.1744], [-70.04727142857145, 48.17202142857141], [-70.0447, 48.1747], [-70.0478, 48.1767], [-70.0497, 48.1869], [-70.0583, 48.1943]]], [[[-70.0685, 48.2115], [-70.06823170731711, 48.21118292682931], [-70.0685500909772, 48.21153243069678], [-70.0685, 48.2115]]], [[[-70.0718, 48.2151], [-70.0685500909772, 48.21153243069678], [-70.0781835790544, 48.21776949669548], [-70.0718, 48.2151]]], [[[-70.0828, 48.2197], [-70.08639596109116, 48.22308648762952], [-70.0781835790544, 48.21776949669548], [-70.0828, 48.2197]]], [[[-70.0997, 48.2317], [-70.0931, 48.2294], [-70.08639596109116, 48.22308648762952], [-70.0997, 48.2317]]], [[[-70.04545294685991, 48.15496512077296], [-70.0435, 48.1518], [-70.0318, 48.1488], [-70.0329, 48.1469], [-70.044, 48.1519], [-70.04545294685991, 48.15496512077296]]], [[[-70.0493, 48.1612], [-70.04968459383754, 48.16389215686275], [-70.04545294685991, 48.15496512077296], [-70.0493, 48.1612]]], [[[-70.05173150684932, 48.16737551369863], [-70.0503829015544, 48.168780310880834], [-70.04968459383754, 48.16389215686275], [-70.0513, 48.1673], [-70.05173150684932, 48.16737551369863]]], [[[-70.0541852459016, 48.16780491803278], [-70.05173150684932, 48.16737551369863], [-70.0519, 48.1672], [-70.0541852459016, 48.16780491803278]]], [[[-70.0505, 48.1696], [-70.04727142857145, 48.17202142857141], [-70.0503829015544, 48.168780310880834], [-70.0505, 48.1696]]]]}}, {"type": "Feature", "properties": {"id": "qc-trq-16-53", "name": "Zec de la Rivi\u00e8re-de-la-Trinit\u00e9", "province": "QC", "park_type": "zec", "designation": "zec", "hunting_allowed": true, "policy_id": "Z-094D", "summary": "Structured recreational / wildlife territory on Quebec public land. Verify current regulations.", "source": "MRNF TRQ_WMS layer 16", "layer_role": "public_hunt_territory"}, "geometry": {"type": "MultiPolygon", "coordinates": [[[[-67.4527, 49.4305], [-67.45326118331054, 49.4301412106703], [-67.45245870111229, 49.43111772515252], [-67.4527, 49.4305]]], [[[-67.4487, 49.4571], [-67.4567, 49.4681], [-67.4532, 49.4749], [-67.4536, 49.4954], [-67.467, 49.5064], [-67.4754, 49.507], [-67.4797, 49.5127], [-67.4784, 49.5169], [-67.4914, 49.5227], [-67.4946, 49.5294], [-67.492, 49.5356], [-67.486, 49.5333], [-67.4912, 49.5379], [-67.4904, 49.548], [-67.4854, 49.5549], [-67.4801, 49.5815], [-67.4795, 49.5941], [-67.4855, 49.6069], [-67.4832, 49.6187], [-67.4889, 49.6262], [-67.4882, 49.6355], [-67.4811, 49.642], [-67.4693, 49.6457], [-67.46, 49.6589], [-67.4567, 49.6704], [-67.4482, 49.6737], [-67.4509, 49.6761], [-67.44848233215546, 49.694187985865724], [-67.446, 49.6925], [-67.4488, 49.6764], [-67.4467, 49.6733], [-67.4552, 49.6699], [-67.4587, 49.658], [-67.4677, 49.645], [-67.4862, 49.6351], [-67.4871, 49.629], [-67.4812, 49.6192], [-67.4833, 49.6074], [-67.4774, 49.5943], [-67.4778, 49.582], [-67.4806, 49.5731], [-67.4789, 49.5693], [-67.4851, 49.5496], [-67.4882, 49.5476], [-67.489, 49.5379], [-67.4838, 49.5337], [-67.4873, 49.5309], [-67.4908, 49.5345], [-67.4926, 49.5293], [-67.4893, 49.5235], [-67.4776, 49.52], [-67.4736, 49.5083], [-67.4651, 49.5076], [-67.4515, 49.4954], [-67.451, 49.4749], [-67.4542, 49.4682], [-67.4463, 49.4574], [-67.4509, 49.452], [-67.4491, 49.4468], [-67.4526, 49.4431], [-67.4482, 49.4363], [-67.45245870111229, 49.43111772515252], [-67.4502, 49.4369], [-67.4551, 49.4443], [-67.4513, 49.4471], [-67.453, 49.4524], [-67.4487, 49.4571]]], [[[-67.4485, 49.6942], [-67.44850378787878, 49.694271969696985], [-67.44848233215546, 49.694187985865724], [-67.4485, 49.6942]]], [[[-67.4313, 49.7433], [-67.4357, 49.7416], [-67.4478, 49.7452], [-67.4488, 49.7527], [-67.4453, 49.7551], [-67.4485, 49.7658], [-67.45511575121162, 49.77097754442649], [-67.4504, 49.7705], [-67.4443, 49.7623], [-67.4463, 49.747], [-67.4355, 49.743], [-67.4296, 49.7441], [-67.4316, 49.7334], [-67.4281, 49.7308], [-67.4491, 49.7056], [-67.44850378787878, 49.694271969696985], [-67.4515, 49.706], [-67.4301, 49.7293], [-67.4333, 49.7333], [-67.4313, 49.7433]]], [[[-67.45511575121162, 49.77097754442649], [-67.45598015873017, 49.77106507936508], [-67.4554, 49.7712], [-67.45511575121162, 49.77097754442649]]], [[[-67.4618, 49.78], [-67.45598015873017, 49.77106507936508], [-67.4597, 49.7702], [-67.4693, 49.7807], [-67.4618, 49.78]]], [[[-67.4222, 49.4094], [-67.4188, 49.4062], [-67.4091, 49.4111], [-67.3745, 49.4139], [-67.351, 49.4237], [-67.3376, 49.4206], [-67.3407, 49.4124], [-67.3327, 49.4107], [-67.3267, 49.4119], [-67.319, 49.4194], [-67.3201, 49.4257], [-67.3185, 49.4211], [-67.3043, 49.4197], [-67.3038, 49.4167], [-67.3171, 49.4152], [-67.3237, 49.4089], [-67.3317, 49.4082], [-67.3428, 49.4118], [-67.3396, 49.42], [-67.3537, 49.422], [-67.3736, 49.4126], [-67.4085, 49.4098], [-67.4178, 49.4047], [-67.4324, 49.4088], [-67.4373, 49.406], [-67.4406, 49.4093], [-67.4512, 49.4082], [-67.4577, 49.4174], [-67.4588, 49.4266], [-67.45326118331054, 49.4301412106703], [-67.4565, 49.4262], [-67.4555, 49.418], [-67.45, 49.4094], [-67.4222, 49.4094]], [[-67.3078, 49.4193], [-67.308, 49.4192], [-67.3076, 49.4191], [-67.3078, 49.4193]]], [[[-67.2399262295082, 49.524432786885235], [-67.23973430420712, 49.524192880258894], [-67.2398, 49.5241], [-67.2399262295082, 49.524432786885235]]], [[[-67.2696, 49.5249], [-67.2892, 49.5224], [-67.26934603174603, 49.527134920634936], [-67.2696, 49.5249]]], [[[-67.2565, 49.5262], [-67.2409, 49.527], [-67.2399262295082, 49.524432786885235], [-67.2419, 49.5269], [-67.2564, 49.5259], [-67.2643, 49.5291], [-67.2655, 49.5263], [-67.268635, 49.528912500000004], [-67.2684, 49.5295], [-67.2655, 49.5264], [-67.2643, 49.5293], [-67.2565, 49.5262]]], [[[-67.2395, 49.5239], [-67.23973430420712, 49.524192880258894], [-67.234, 49.5323], [-67.2395, 49.5239]]], [[[-67.2691, 49.5293], [-67.268635, 49.528912500000004], [-67.26934603174603, 49.527134920634936], [-67.2691, 49.5293]]]]}}, {"type": "Feature", "properties": {"id": "qc-trq-16-54", "name": "Zec de la Rivi\u00e8re-Matane", "province": "QC", "park_type": "zec", "designation": "zec", "hunting_allowed": true, "policy_id": "Z-013A", "summary": "Structured recreational / wildlife territory on Quebec public land. Verify current regulations.", "source": "MRNF TRQ_WMS layer 16", "layer_role": "public_hunt_territory"}, "geometry": {"type": "MultiPolygon", "coordinates": [[[[-67.32519917432914, 48.6524857571777], [-67.32531968503945, 48.652532283464595], [-67.3252, 48.6525], [-67.32519917432914, 48.6524857571777]]], [[[-67.3777, 48.6776], [-67.374, 48.6821], [-67.3763516129032, 48.6829129032258], [-67.3735, 48.6822], [-67.3769, 48.6776], [-67.376, 48.6731], [-67.364, 48.6732], [-67.354, 48.6663], [-67.3455, 48.665], [-67.34, 48.6582], [-67.32531968503945, 48.652532283464595], [-67.3404, 48.6566], [-67.3453, 48.6644], [-67.3545, 48.666], [-67.3644, 48.6729], [-67.3762, 48.6727], [-67.3777, 48.6776]]], [[[-67.38130115409837, 48.684623855737705], [-67.3763516129032, 48.6829129032258], [-67.3815, 48.6842], [-67.38130115409837, 48.684623855737705]]], [[[-67.3937, 48.7146], [-67.39677192982461, 48.714780701754385], [-67.3931, 48.7147], [-67.3848, 48.7016], [-67.3779, 48.7022], [-67.3818, 48.6946], [-67.3777, 48.6923], [-67.38130115409837, 48.684623855737705], [-67.3781, 48.692], [-67.3824, 48.6949], [-67.3782, 48.7018], [-67.3853, 48.7011], [-67.3937, 48.7146]]], [[[-67.4021098621421, 48.71509469777306], [-67.39677192982461, 48.714780701754385], [-67.4022, 48.7149], [-67.4021098621421, 48.71509469777306]]], [[[-67.40278348623853, 48.71513432271991], [-67.4028, 48.7151], [-67.40287699115045, 48.71513982300885], [-67.40278348623853, 48.71513432271991]]], [[[-67.4432, 48.7149], [-67.4241, 48.7163], [-67.4236, 48.7218], [-67.4202, 48.7241], [-67.40287699115045, 48.71513982300885], [-67.4201, 48.7236], [-67.4243, 48.7157], [-67.4447, 48.7148], [-67.4478, 48.7178], [-67.4467, 48.7209], [-67.4797, 48.7248], [-67.4893, 48.7326], [-67.49966814371247, 48.73318826347305], [-67.4889, 48.7331], [-67.4795, 48.7251], [-67.4521, 48.7232], [-67.4451, 48.7205], [-67.447, 48.7175], [-67.4432, 48.7149]]], [[[-67.49966814371247, 48.73318826347305], [-67.5011, 48.7332], [-67.50120547641659, 48.73327548802364], [-67.49966814371247, 48.73318826347305]]], [[[-67.50120547641659, 48.73327548802364], [-67.5123, 48.74], [-67.5196, 48.739], [-67.5113, 48.7405], [-67.50120547641659, 48.73327548802364]]], [[[-67.5263, 48.7528], [-67.5384, 48.7576], [-67.5421, 48.7617], [-67.5263, 48.7528]]], [[[-67.5409, 48.7645], [-67.5412, 48.7725], [-67.5395, 48.7665], [-67.5409, 48.7645]]], [[[-67.5445, 48.777], [-67.5455, 48.7773], [-67.5451, 48.7793], [-67.5445, 48.777]]], [[[-67.5375, 48.7942], [-67.538, 48.7937], [-67.537, 48.7955], [-67.5375, 48.7942]]], [[[-67.5339, 48.8227], [-67.5367, 48.8257], [-67.5333, 48.8221], [-67.5396, 48.817], [-67.5362, 48.8077], [-67.5406, 48.8156], [-67.5392, 48.8202], [-67.5339, 48.8227]]], [[[-67.5279, 48.8462], [-67.5318, 48.8518], [-67.5231, 48.8516], [-67.5295, 48.8437], [-67.5279, 48.8462]]], [[[-67.211, 48.6253], [-67.21138151082937, 48.62553222398309], [-67.20736808199126, 48.62626544655929], [-67.211, 48.6253]]], [[[-67.2031, 48.6274], [-67.2024, 48.6323], [-67.18996376554173, 48.62996820603908], [-67.1927, 48.629], [-67.1911, 48.6277], [-67.2018, 48.632], [-67.2028, 48.6271], [-67.20736808199126, 48.62626544655929], [-67.2031, 48.6274]]], [[[-67.1681, 48.6321], [-67.1741, 48.6298], [-67.1797, 48.6336], [-67.18127415990728, 48.63304298957127], [-67.1796, 48.6339], [-67.174, 48.6301], [-67.1681, 48.6325], [-67.1632, 48.6296], [-67.1515, 48.6309], [-67.1447, 48.6259], [-67.1242, 48.6285], [-67.1442, 48.6255], [-67.152, 48.6308], [-67.1634, 48.6294], [-67.1681, 48.6321]]], [[[-67.12550188679245, 48.63025471698113], [-67.1265, 48.6316], [-67.12606742034943, 48.631668550873584], [-67.12550188679245, 48.63025471698113]]], [[[-67.18996376554173, 48.62996820603908], [-67.18127415990728, 48.63304298957127], [-67.188, 48.6296], [-67.18996376554173, 48.62996820603908]]], [[[-67.2611, 48.6471], [-67.2636, 48.6446], [-67.2927, 48.6447], [-67.3051, 48.6388], [-67.3119, 48.6397], [-67.3143, 48.6451], [-67.3248, 48.6456], [-67.32519917432914, 48.6524857571777], [-67.3241, 48.6458], [-67.3137, 48.6454], [-67.3102, 48.6401], [-67.3041, 48.6394], [-67.2937, 48.6449], [-67.2687, 48.6458], [-67.2659, 48.6485], [-67.2642, 48.6453], [-67.2615, 48.6476], [-67.2424, 48.6439], [-67.2355, 48.6338], [-67.2271, 48.6351], [-67.21138151082937, 48.62553222398309], [-67.2274, 48.6349], [-67.2358, 48.6335], [-67.2437, 48.6436], [-67.2611, 48.6471]]], [[[-67.0767, 48.6519], [-67.092, 48.6469], [-67.1082, 48.6345], [-67.12606742034943, 48.631668550873584], [-67.1079, 48.635], [-67.0905, 48.6486], [-67.0772, 48.652], [-67.0642, 48.6614], [-67.0561, 48.66], [-67.0478, 48.6631], [-67.046, 48.6669], [-67.01, 48.6715], [-67.00231005917198, 48.67521005917142], [-67.0102, 48.6713], [-67.0452, 48.6669], [-67.0477, 48.6628], [-67.056, 48.6598], [-67.0642, 48.6607], [-67.0767, 48.6519]]], [[[-67.00231005917198, 48.67521005917142], [-66.9989, 48.6769], [-66.99882319277107, 48.67689231927711], [-67.00231005917198, 48.67521005917142]]], [[[-66.99210000000005, 48.67622000000001], [-66.9910924050633, 48.67611924050633], [-66.9911, 48.6761], [-66.99210000000005, 48.67622000000001]]], [[[-66.99210000000005, 48.67622000000001], [-66.99882319277107, 48.67689231927711], [-66.9986, 48.677], [-66.99210000000005, 48.67622000000001]]], [[[-66.9909, 48.6761], [-66.9896, 48.6799], [-66.9773, 48.6836], [-66.971, 48.6901], [-66.9791, 48.6803], [-66.9885, 48.6801], [-66.9909, 48.6761]]], [[[-67.3689, 48.7356], [-67.3538, 48.7394], [-67.3549, 48.7424], [-67.348, 48.746], [-67.3523, 48.7509], [-67.3393, 48.7573], [-67.3279, 48.7564], [-67.3001, 48.7728], [-67.2817, 48.7792], [-67.2763, 48.7868], [-67.2489, 48.7981], [-67.2455, 48.8043], [-67.2371, 48.8012], [-67.2362, 48.8038], [-67.2291, 48.8035], [-67.2258, 48.7976], [-67.2186, 48.803], [-67.2001, 48.7949], [-67.1864, 48.7979], [-67.1692, 48.7948], [-67.1609, 48.7986], [-67.1615, 48.8036], [-67.1536, 48.8114], [-67.1473, 48.8095], [-67.1482, 48.8074], [-67.1306, 48.8081], [-67.1275, 48.8154], [-67.12337882628194, 48.816520959251314], [-67.1312, 48.8071], [-67.1493, 48.806], [-67.153, 48.8101], [-67.1596, 48.8031], [-67.1594, 48.7978], [-67.1685, 48.7936], [-67.186, 48.7964], [-67.2006, 48.7935], [-67.2172, 48.8004], [-67.2265, 48.7962], [-67.2328, 48.8035], [-67.2362, 48.7994], [-67.2449, 48.803], [-67.247, 48.7974], [-67.2742, 48.7862], [-67.2803, 48.7781], [-67.2997, 48.7718], [-67.3023, 48.7676], [-67.3104, 48.7658], [-67.3269, 48.7552], [-67.3388, 48.7559], [-67.35, 48.7503], [-67.3462, 48.745], [-67.3531, 48.7416], [-67.3509, 48.7391], [-67.3557, 48.7363], [-67.3676, 48.7345], [-67.3645, 48.7292], [-67.3729, 48.731], [-67.3727, 48.7281], [-67.3795, 48.7256], [-67.3972, 48.7257], [-67.4021098621421, 48.71509469777306], [-67.40278348623853, 48.71513432271991], [-67.3977, 48.7257], [-67.3802, 48.7272], [-67.3732, 48.7323], [-67.3658, 48.7305], [-67.3689, 48.7356]]], [[[-67.115, 48.8188], [-67.1224, 48.8177], [-67.11416326164874, 48.81986756272402], [-67.115, 48.8188]]], [[[-67.1146, 48.8189], [-67.1138754919499, 48.81994329159213], [-67.111, 48.8207], [-67.1146, 48.8189]]], [[[-67.11416326164874, 48.81986756272402], [-67.1121, 48.8225], [-67.1138754919499, 48.81994329159213], [-67.11416326164874, 48.81986756272402]]]]}}, {"type": "Feature", "properties": {"id": "qc-trq-16-55", "name": "Zec Kipawa", "province": "QC", "park_type": "zec", "designation": "zec", "hunting_allowed": true, "policy_id": "Z-086D", "summary": "Structured recreational / wildlife territory on Quebec public land. Verify current regulations.", "source": "MRNF TRQ_WMS layer 16", "layer_role": "public_hunt_territory"}, "geometry": {"type": "Polygon", "coordinates": [[[-78.5785, 47.3747], [-78.5828, 47.3664], [-78.5781, 47.3642], [-78.5785, 47.3612], [-78.6059, 47.3476], [-78.6199, 47.3499], [-78.6247, 47.3541], [-78.6388, 47.3534], [-78.6512, 47.3479], [-78.6668, 47.3518], [-78.6821, 47.3487], [-78.6914, 47.3532], [-78.6967, 47.3322], [-78.6946, 47.3286], [-78.7127, 47.3129], [-78.7073, 47.3107], [-78.7101, 47.3032], [-78.7253, 47.2914], [-78.7618, 47.281], [-78.7681, 47.273], [-78.7802, 47.2658], [-78.7816, 47.2604], [-78.8, 47.2504], [-78.8033, 47.2441], [-78.8112, 47.2439], [-78.8206, 47.2373], [-78.8624, 47.2288], [-78.8703, 47.232], [-78.8935, 47.2327], [-78.8977, 47.2279], [-78.9375, 47.2396], [-78.9443, 47.2495], [-78.9498, 47.2511], [-78.9546, 47.2444], [-78.9705, 47.2387], [-78.9885, 47.227], [-78.9885, 47.2243], [-78.9996, 47.2242], [-78.9986, 47.2195], [-78.9838, 47.2115], [-78.9494, 47.2], [-78.9393, 47.1882], [-78.9418, 47.1812], [-78.9257, 47.1768], [-78.9181, 47.1697], [-78.9148, 47.1604], [-78.9208, 47.1559], [-78.9131, 47.1442], [-78.9035, 47.1157], [-78.9014, 47.0951], [-78.8946, 47.0871], [-78.8954, 47.0801], [-78.8837, 47.0683], [-78.883, 47.0569], [-78.8895, 47.0527], [-78.8872, 47.048], [-78.8914, 47.0447], [-78.8902, 47.0348], [-78.8867, 47.0279], [-78.8632, 47.0091], [-78.8566, 46.9978], [-78.8487, 46.9972], [-78.8271, 47.0074], [-78.8037, 47.0103], [-78.7884, 47.0082], [-78.7718, 47.0199], [-78.7662, 47.02], [-78.7626, 47.0157], [-78.7557, 47.0195], [-78.7465, 47.0178], [-78.762, 47.0053], [-78.7687, 47.006], [-78.7844, 46.995], [-78.7798, 46.9917], [-78.7798, 46.9793], [-78.7847, 46.9827], [-78.8037, 46.9718], [-78.8106, 46.9715], [-78.8081, 46.9567], [-78.7988, 46.9478], [-78.8062, 46.9418], [-78.8174, 46.9447], [-78.8047, 46.9356], [-78.7642, 46.93], [-78.7461, 46.9205], [-78.7031, 46.8835], [-78.6913, 46.8668], [-78.6708, 46.8678], [-78.6613, 46.878], [-78.6515, 46.8833], [-78.6263, 46.8704], [-78.6164, 46.8702], [-78.6115, 46.8623], [-78.598, 46.8582], [-78.5798, 46.8435], [-78.5617, 46.8426], [-78.5434, 46.8477], [-78.5264, 46.8411], [-78.5175, 46.8431], [-78.5088, 46.8509], [-78.467, 46.8583], [-78.4623, 46.8636], [-78.4581, 46.8788], [-78.3929, 46.9294], [-78.3884, 46.9294], [-78.3697, 46.9108], [-78.3586, 46.9102], [-78.3554, 46.9135], [-78.3534, 46.918], [-78.3594, 46.9377], [-78.3568, 46.9608], [-78.359, 46.9765], [-78.3488, 47.006], [-78.3408, 47.0146], [-78.343, 47.0193], [-78.3483, 47.019], [-78.3386, 47.0321], [-78.345, 47.0321], [-78.345, 47.036], [-78.3282, 47.0407], [-78.3307, 47.0363], [-78.3278, 47.0368], [-78.3203, 47.0453], [-78.3266, 47.0397], [-78.3267, 47.0431], [-78.3127, 47.0513], [-78.3077, 47.0579], [-78.3001, 47.0563], [-78.298, 47.0602], [-78.2833, 47.0658], [-78.2811, 47.0725], [-78.2639, 47.0809], [-78.2697, 47.0821], [-78.2622, 47.0853], [-78.2586, 47.0827], [-78.2467, 47.0871], [-78.235, 47.0868], [-78.2343, 47.077], [-78.2148, 47.0667], [-78.2149, 47.0638], [-78.2082, 47.0641], [-78.2089, 47.0701], [-78.2021, 47.0771], [-78.2064, 47.0791], [-78.2027, 47.0815], [-78.2058, 47.0845], [-78.1964, 47.0927], [-78.1989, 47.0979], [-78.2072, 47.0938], [-78.1995, 47.101], [-78.1904, 47.0981], [-78.1946, 47.0962], [-78.1858, 47.0924], [-78.1692, 47.1033], [-78.1183, 47.1093], [-78.1133, 47.1121], [-78.1085, 47.1223], [-78.1002, 47.1156], [-78.095, 47.117], [-78.0931, 47.1217], [-78.0873, 47.1187], [-78.0817, 47.1087], [-78.0863, 47.1081], [-78.0728, 47.097], [-78.0759, 47.0958], [-78.0745, 47.09], [-78.0793, 47.0851], [-78.0764, 47.0824], [-78.0819, 47.0779], [-78.0795, 47.075], [-78.0656, 47.0775], [-78.064, 47.0575], [-78.0555, 47.0528], [-78.0548, 47.0466], [-78.0389, 47.0359], [-78.0369, 47.0319], [-78.0398, 47.0284], [-78.037, 47.0271], [-78.033, 47.031], [-78.032, 47.0376], [-78.0276, 47.0415], [-78.0237, 47.0379], [-77.9813, 47.0378], [-77.975, 47.0417], [-77.9822, 47.0489], [-77.98, 47.0402], [-77.982, 47.0397], [-77.9915, 47.0489], [-77.9922, 47.0542], [-77.9865, 47.0493], [-77.9792, 47.0537], [-77.9779, 47.058], [-77.9825, 47.0608], [-77.9812, 47.0657], [-77.9882, 47.0613], [-77.9937, 47.0632], [-77.993, 47.0595], [-77.9959, 47.0627], [-77.9899, 47.0648], [-77.9895, 47.0789], [-77.9925, 47.0912], [-77.9971, 47.0962], [-77.9903, 47.1006], [-77.9912, 47.1053], [-77.9873, 47.1052], [-78.0044, 47.1254], [-78.0027, 47.1343], [-77.9956, 47.1383], [-77.9966, 47.1423], [-77.9995, 47.1417], [-78.0001, 47.1484], [-78.0056, 47.1493], [-78.0022, 47.1566], [-78.0033, 47.1544], [-78.0129, 47.1568], [-78.0182, 47.1547], [-78.0193, 47.161], [-78.0146, 47.1652], [-78.0184, 47.1687], [-78.0241, 47.1681], [-78.0213, 47.1709], [-78.0249, 47.1725], [-78.0226, 47.1767], [-78.0296, 47.182], [-78.023, 47.1831], [-78.0126, 47.1717], [-78.014, 47.1693], [-77.9926, 47.1625], [-77.984, 47.1675], [-77.9887, 47.1725], [-77.9818, 47.1732], [-77.9813, 47.18], [-77.9695, 47.1827], [-77.9628, 47.1925], [-77.9637, 47.1955], [-77.9593, 47.1985], [-77.9386, 47.1977], [-77.941, 47.1956], [-77.9354, 47.1952], [-77.9197, 47.2036], [-77.9224, 47.2115], [-77.9178, 47.2127], [-77.9214, 47.2233], [-77.9197, 47.2347], [-77.9034, 47.2393], [-77.9024, 47.242], [-77.9112, 47.2499], [-77.923, 47.2522], [-77.9246, 47.2603], [-77.9332, 47.266], [-77.9317, 47.2694], [-77.9552, 47.2694], [-77.9599, 47.2938], [-77.9637, 47.2839], [-77.959, 47.2734], [-77.9608, 47.2694], [-77.9971, 47.2694], [-78.006, 47.2752], [-77.9988, 47.2694], [-78.0431, 47.2693], [-78.0494, 47.2719], [-78.0677, 47.3069], [-78.074, 47.3107], [-78.067, 47.3197], [-78.0778, 47.3174], [-78.0859, 47.3218], [-78.0924, 47.3182], [-78.0954, 47.3197], [-78.0974, 47.313], [-78.1119, 47.297], [-78.1197, 47.2969], [-78.1221, 47.2887], [-78.1302, 47.2867], [-78.1476, 47.292], [-78.1539, 47.2893], [-78.1649, 47.3053], [-78.1894, 47.3075], [-78.2129, 47.2964], [-78.2401, 47.2772], [-78.2405, 47.2697], [-78.2498, 47.267], [-78.2615, 47.2526], [-78.2646, 47.2411], [-78.2775, 47.2374], [-78.2817, 47.2301], [-78.2808, 47.2244], [-78.2889, 47.213], [-78.2955, 47.2185], [-78.3237, 47.2232], [-78.3492, 47.2376], [-78.3494, 47.2347], [-78.3556, 47.2334], [-78.3514, 47.2298], [-78.3495, 47.2206], [-78.3557, 47.2303], [-78.3649, 47.2337], [-78.3651, 47.2362], [-78.3725, 47.2348], [-78.3743, 47.2224], [-78.3993, 47.223], [-78.3756, 47.2388], [-78.382, 47.2393], [-78.3799, 47.2431], [-78.3869, 47.2479], [-78.3777, 47.2434], [-78.364, 47.2425], [-78.3551, 47.2562], [-78.3651, 47.2605], [-78.3664, 47.2679], [-78.3553, 47.2729], [-78.3547, 47.27], [-78.3372, 47.27], [-78.3309, 47.2739], [-78.335, 47.276], [-78.3275, 47.2753], [-78.3115, 47.285], [-78.3138, 47.2995], [-78.3059, 47.3016], [-78.3038, 47.3092], [-78.3069, 47.3121], [-78.3065, 47.3174], [-78.3413, 47.3071], [-78.3535, 47.3091], [-78.3571, 47.3058], [-78.3684, 47.307], [-78.3907, 47.323], [-78.3882, 47.3277], [-78.398, 47.3321], [-78.3933, 47.3415], [-78.3982, 47.3467], [-78.3967, 47.3488], [-78.4027, 47.35], [-78.4057, 47.3575], [-78.4163, 47.3563], [-78.4196, 47.36], [-78.4254, 47.3577], [-78.4306, 47.3606], [-78.4413, 47.3577], [-78.4517, 47.3631], [-78.4978, 47.3532], [-78.5051, 47.3461], [-78.5372, 47.3401], [-78.5433, 47.344], [-78.554, 47.3392], [-78.567, 47.3565], [-78.5699, 47.3681], [-78.5785, 47.3747]]]}}, {"type": "Feature", "properties": {"id": "qc-trq-16-56", "name": "Zec Dumoine", "province": "QC", "park_type": "zec", "designation": "zec", "hunting_allowed": true, "policy_id": "Z-086A", "summary": "Structured recreational / wildlife territory on Quebec public land. Verify current regulations.", "source": "MRNF TRQ_WMS layer 16", "layer_role": "public_hunt_territory"}, "geometry": {"type": "Polygon", "coordinates": [[[-77.8489, 46.247], [-77.852, 46.2463], [-77.8562, 46.2366], [-77.8589, 46.2383], [-77.8492, 46.22], [-77.8512, 46.2162], [-77.8653, 46.2155], [-77.8873, 46.2226], [-77.9275, 46.2282], [-77.9635, 46.2444], [-77.9626, 46.2414], [-77.9666, 46.2416], [-77.9897, 46.251], [-78.0228, 46.2531], [-78.0237, 46.2508], [-78.0647, 46.251], [-78.1168, 46.2666], [-78.1277, 46.2755], [-78.1404, 46.2791], [-78.19, 46.2782], [-78.214, 46.2716], [-78.2344, 46.2781], [-78.2561, 46.2791], [-78.2754, 46.2687], [-78.2959, 46.2622], [-78.2993, 46.2671], [-78.2967, 46.2702], [-78.2988, 46.2759], [-78.3084, 46.2807], [-78.3186, 46.2933], [-78.3152, 46.3048], [-78.3101, 46.3081], [-78.3143, 46.3138], [-78.2999, 46.3342], [-78.2906, 46.3364], [-78.2837, 46.3482], [-78.2617, 46.3588], [-78.2578, 46.3629], [-78.26, 46.3661], [-78.2553, 46.3681], [-78.2626, 46.3793], [-78.2731, 46.3861], [-78.3015, 46.3942], [-78.3096, 46.392], [-78.3266, 46.4053], [-78.1862, 46.3855], [-78.1916, 46.3913], [-78.1895, 46.3941], [-78.193, 46.399], [-78.2013, 46.4036], [-78.2021, 46.4092], [-78.2055, 46.4104], [-78.1879, 46.4241], [-78.1824, 46.4346], [-78.1752, 46.4357], [-78.1683, 46.4417], [-78.1368, 46.4394], [-78.1186, 46.444], [-78.1103, 46.4503], [-78.1011, 46.4511], [-78.0917, 46.4627], [-78.0954, 46.4664], [-78.0954, 46.4772], [-78.1011, 46.4863], [-78.1096, 46.4839], [-78.1198, 46.4858], [-78.1317, 46.4931], [-78.1499, 46.4898], [-78.159, 46.4916], [-78.1734, 46.5003], [-78.1836, 46.5003], [-78.1894, 46.5114], [-78.1927, 46.5092], [-78.2041, 46.5133], [-78.2039, 46.5239], [-78.1942, 46.5228], [-78.1997, 46.5249], [-78.1965, 46.5295], [-78.2006, 46.5314], [-78.1963, 46.5381], [-78.1919, 46.5389], [-78.1903, 46.5462], [-78.1737, 46.5553], [-78.1814, 46.5535], [-78.1705, 46.5652], [-78.097, 46.5654], [-78.0816, 46.5576], [-78.0863, 46.5651], [-78.0701, 46.5651], [-78.0635, 46.5619], [-78.0661, 46.5651], [-78.0263, 46.5653], [-78.0309, 46.582], [-78.0389, 46.588], [-78.0506, 46.6097], [-78.0699, 46.6288], [-78.131, 46.6528], [-78.1473, 46.6639], [-78.1639, 46.6673], [-78.1808, 46.6805], [-78.2113, 46.6918], [-78.2268, 46.7019], [-78.2285, 46.7124], [-78.155, 46.7093], [-78.1154, 46.7109], [-78.1126, 46.6964], [-78.1102, 46.6965], [-78.1065, 46.6878], [-78.1076, 46.6937], [-78.1045, 46.6952], [-78.1134, 46.7109], [-78.0893, 46.7109], [-78.0838, 46.7205], [-78.0798, 46.7177], [-78.0811, 46.7145], [-78.074, 46.7109], [-78.0484, 46.7109], [-78.0531, 46.7149], [-78.0459, 46.7143], [-78.048, 46.7214], [-78.0533, 46.7248], [-78.052, 46.7276], [-78.0577, 46.7285], [-78.0534, 46.7196], [-78.0598, 46.7296], [-78.0669, 46.7324], [-78.0578, 46.7301], [-78.054, 46.732], [-78.0615, 46.7409], [-78.0624, 46.7444], [-78.0585, 46.7463], [-78.0504, 46.7387], [-78.0479, 46.7402], [-78.0514, 46.7374], [-78.0447, 46.7304], [-78.0404, 46.7311], [-78.0424, 46.732], [-78.0386, 46.7402], [-78.0341, 46.7437], [-78.0384, 46.7339], [-78.0352, 46.7322], [-78.0342, 46.7166], [-78.0301, 46.7109], [-77.9504, 46.7109], [-77.9621, 46.7284], [-77.9556, 46.725], [-77.9463, 46.7109], [-77.9094, 46.7109], [-77.9051, 46.7033], [-77.9086, 46.7109], [-77.8213, 46.7109], [-77.8225, 46.7066], [-77.8255, 46.7064], [-77.824, 46.7032], [-77.8327, 46.7012], [-77.8299, 46.6995], [-77.8363, 46.6969], [-77.8412, 46.6979], [-77.8419, 46.696], [-77.8384, 46.6964], [-77.8424, 46.6933], [-77.8332, 46.6831], [-77.8361, 46.6782], [-77.8438, 46.6766], [-77.846, 46.6712], [-77.8538, 46.6688], [-77.8539, 46.6616], [-77.8621, 46.6572], [-77.8601, 46.654], [-77.8626, 46.6477], [-77.8572, 46.6407], [-77.8375, 46.6296], [-77.8333, 46.6227], [-77.8201, 46.6199], [-77.804, 46.6106], [-77.7932, 46.6093], [-77.7857, 46.6025], [-77.782, 46.59], [-77.777, 46.5889], [-77.7745, 46.5845], [-77.783, 46.5796], [-77.7809, 46.5768], [-77.7914, 46.5719], [-77.7886, 46.568], [-77.7911, 46.5673], [-77.7896, 46.5612], [-77.7824, 46.5595], [-77.7815, 46.5547], [-77.7853, 46.5517], [-77.7837, 46.548], [-77.7682, 46.538], [-77.7729, 46.5317], [-77.783, 46.5295], [-77.7846, 46.5243], [-77.7754, 46.516], [-77.7679, 46.5133], [-77.7664, 46.5161], [-77.7629, 46.513], [-77.7686, 46.5111], [-77.7616, 46.5068], [-77.7637, 46.5016], [-77.7606, 46.4987], [-77.7635, 46.4927], [-77.7613, 46.4926], [-77.7624, 46.4844], [-77.7683, 46.4792], [-77.7642, 46.4796], [-77.7671, 46.4766], [-77.7655, 46.4728], [-77.7726, 46.4692], [-77.77, 46.4667], [-77.7728, 46.465], [-77.7721, 46.4589], [-77.7774, 46.4526], [-77.7602, 46.4403], [-77.764, 46.4424], [-77.7603, 46.4389], [-77.7653, 46.4361], [-77.7666, 46.429], [-77.7613, 46.4276], [-77.7579, 46.4215], [-77.7462, 46.4136], [-77.7424, 46.4047], [-77.7433, 46.4067], [-77.7439, 46.4018], [-77.7537, 46.3948], [-77.7713, 46.389], [-77.7749, 46.3728], [-77.7831, 46.3711], [-77.7876, 46.3654], [-77.8045, 46.365], [-77.8052, 46.3609], [-77.8108, 46.3584], [-77.8197, 46.3384], [-77.8294, 46.3319], [-77.8258, 46.3285], [-77.8268, 46.3227], [-77.8398, 46.315], [-77.8414, 46.2998], [-77.8476, 46.2957], [-77.8465, 46.292], [-77.8421, 46.2917], [-77.8421, 46.2879], [-77.8541, 46.2776], [-77.8517, 46.2711], [-77.8562, 46.2663], [-77.8496, 46.2567], [-77.8489, 46.247]], [[-77.8504, 46.25], [-77.8552, 46.2496], [-77.85033513513513, 46.249870270270264], [-77.8504, 46.25]]]}}, {"type": "Feature", "properties": {"id": "qc-trq-16-57", "name": "Zec Bessonne", "province": "QC", "park_type": "zec", "designation": "zec", "hunting_allowed": true, "policy_id": "Z-042E", "summary": "Structured recreational / wildlife territory on Quebec public land. Verify current regulations.", "source": "MRNF TRQ_WMS layer 16", "layer_role": "public_hunt_territory"}, "geometry": {"type": "Polygon", "coordinates": [[[-72.4475, 47.557], [-72.5271, 47.5588], [-72.5408, 47.5069], [-72.5288, 47.5018], [-72.5727, 47.472], [-72.5738, 47.4481], [-72.5804, 47.4475], [-72.574, 47.4436], [-72.5742, 47.4396], [-72.5914, 47.4245], [-72.596, 47.4239], [-72.5939, 47.4223], [-72.6166, 47.4023], [-72.6797, 47.3897], [-72.6785, 47.3935], [-72.683, 47.3939], [-72.6837, 47.3889], [-72.7091, 47.3781], [-72.7085, 47.3743], [-72.7127, 47.3717], [-72.7119, 47.3442], [-72.706, 47.344], [-72.6923, 47.3008], [-72.6937, 47.2689], [-72.6293, 47.2676], [-72.6245, 47.2571], [-72.5174, 47.2557], [-72.5104, 47.2681], [-72.5032, 47.3129], [-72.4739, 47.3331], [-72.4886, 47.3694], [-72.466, 47.3848], [-72.474, 47.3911], [-72.4521, 47.405], [-72.4245, 47.3869], [-72.4451, 47.3869], [-72.4448, 47.378], [-72.4406, 47.3768], [-72.4375, 47.3679], [-72.4302, 47.362], [-72.4129, 47.3601], [-72.3985, 47.3522], [-72.3906, 47.3567], [-72.3882, 47.3637], [-72.3937, 47.369], [-72.3904, 47.3691], [-72.3846, 47.3858], [-72.386, 47.393], [-72.3523, 47.4097], [-72.3469, 47.4217], [-72.3406, 47.42], [-72.3288, 47.4337], [-72.35, 47.4692], [-72.3567, 47.472], [-72.3632, 47.4925], [-72.3577, 47.4981], [-72.37, 47.5062], [-72.3704, 47.5249], [-72.3865, 47.5136], [-72.3856, 47.5064], [-72.3879, 47.5023], [-72.3901, 47.504], [-72.3921, 47.5114], [-72.3884, 47.5201], [-72.3924, 47.5233], [-72.3923, 47.5286], [-72.3847, 47.5336], [-72.3872, 47.5408], [-72.3836, 47.5378], [-72.3723, 47.5452], [-72.377, 47.5467], [-72.3699, 47.554], [-72.4412, 47.5569], [-72.4427, 47.5605], [-72.4475, 47.557]]]}}, {"type": "Feature", "properties": {"id": "qc-trq-16-58", "name": "Zec Borgia", "province": "QC", "park_type": "zec", "designation": "zec", "hunting_allowed": true, "policy_id": "Z-042C", "summary": "Structured recreational / wildlife territory on Quebec public land. Verify current regulations.", "source": "MRNF TRQ_WMS layer 16", "layer_role": "public_hunt_territory"}, "geometry": {"type": "Polygon", "coordinates": [[[-72.556, 47.9986], [-72.7166, 47.9986], [-72.7111, 47.996], [-72.7071, 47.9847], [-72.7026, 47.9817], [-72.7049, 47.976], [-72.7022, 47.9728], [-72.708, 47.9646], [-72.7068, 47.9558], [-72.7275, 47.9509], [-72.7263, 47.9469], [-72.7229, 47.9473], [-72.7251, 47.9497], [-72.7204, 47.9472], [-72.7292, 47.9366], [-72.7223, 47.9357], [-72.7189, 47.9259], [-72.7127, 47.925], [-72.715, 47.9177], [-72.7127, 47.9142], [-72.7087, 47.9144], [-72.7116, 47.9087], [-72.7077, 47.9079], [-72.7049, 47.9011], [-72.6961, 47.9022], [-72.6906, 47.8989], [-72.69, 47.8933], [-72.6855, 47.8935], [-72.6899, 47.8893], [-72.6975, 47.8923], [-72.6997, 47.8876], [-72.6907, 47.8819], [-72.6863, 47.8855], [-72.6884, 47.8884], [-72.6827, 47.8881], [-72.6797, 47.8829], [-72.6857, 47.8827], [-72.684, 47.8795], [-72.6917, 47.8771], [-72.687, 47.8683], [-72.6915, 47.8656], [-72.6959, 47.8678], [-72.6921, 47.8641], [-72.6977, 47.8601], [-72.6938, 47.8534], [-72.6999, 47.8514], [-72.7085, 47.841], [-72.6628, 47.8406], [-72.651, 47.7171], [-72.6339, 47.7113], [-72.6346, 47.6443], [-72.6078, 47.6437], [-72.5976, 47.6489], [-72.5919, 47.66], [-72.5674, 47.6829], [-72.5475, 47.6872], [-72.5759, 47.6979], [-72.5702, 47.705], [-72.5852, 47.7116], [-72.5648, 47.7499], [-72.5633, 47.7809], [-72.5687, 47.781], [-72.5678, 47.7999], [-72.4843, 47.7995], [-72.4754, 47.808], [-72.4826, 47.8252], [-72.4836, 47.847], [-72.4769, 47.8584], [-72.4679, 47.865], [-72.466, 47.8716], [-72.4539, 47.8761], [-72.4427, 47.8854], [-72.4367, 47.9006], [-72.4051, 47.9266], [-72.3941, 47.9319], [-72.383, 47.9327], [-72.3656, 47.9451], [-72.3624, 47.9509], [-72.3519, 47.9533], [-72.3207, 47.973], [-72.3153, 47.996], [-72.3165, 47.9984], [-72.3763, 47.998], [-72.3765, 48.0021], [-72.3781, 47.998], [-72.4637, 47.9985], [-72.4634, 47.9959], [-72.4659, 47.9985], [-72.5532, 47.9986], [-72.5548, 48.0037], [-72.556, 47.9986]]]}}, {"type": "Feature", "properties": {"id": "qc-trq-16-59", "name": "Zec de la Rivi\u00e8re-Sainte-Marguerite", "province": "QC", "park_type": "zec", "designation": "zec", "hunting_allowed": true, "policy_id": "Z-021E", "summary": "Structured recreational / wildlife territory on Quebec public land. Verify current regulations.", "source": "MRNF TRQ_WMS layer 16", "layer_role": "public_hunt_territory"}, "geometry": {"type": "MultiPolygon", "coordinates": [[[[-70.1988, 48.3863], [-70.19856529535865, 48.385811814345985], [-70.19952441860465, 48.3846441860465], [-70.1988, 48.3863]]], [[[-70.34403655057191, 48.41703006040355], [-70.3461, 48.4165], [-70.35217752442996, 48.41705977198697], [-70.34403655057191, 48.41703006040355]]], [[[-70.3243, 48.4342], [-70.307, 48.4341], [-70.3047, 48.4287], [-70.2944, 48.4247], [-70.2885, 48.4183], [-70.2885, 48.407], [-70.2823, 48.4029], [-70.2757, 48.4051], [-70.2683, 48.3991], [-70.2569, 48.4016], [-70.251, 48.3968], [-70.2422, 48.3983], [-70.2193, 48.3865], [-70.2162, 48.3866], [-70.2158, 48.3891], [-70.2199, 48.3891], [-70.2164, 48.3905], [-70.2141, 48.3867], [-70.2025, 48.3872], [-70.19952441860465, 48.3846441860465], [-70.2207, 48.3852], [-70.2296, 48.3917], [-70.2415, 48.3964], [-70.2514, 48.3959], [-70.2552, 48.4], [-70.2686, 48.3983], [-70.279, 48.4037], [-70.2805, 48.4009], [-70.2907, 48.4013], [-70.3044, 48.4091], [-70.3116, 48.4082], [-70.3197, 48.4127], [-70.3255, 48.4112], [-70.3358, 48.417], [-70.34403655057191, 48.41703006040355], [-70.3352, 48.4193], [-70.3297, 48.4172], [-70.3282, 48.4132], [-70.3177, 48.4154], [-70.3105, 48.41], [-70.3029, 48.4105], [-70.2907, 48.4021], [-70.2843, 48.4022], [-70.2906, 48.4063], [-70.2901, 48.4176], [-70.2959, 48.4239], [-70.3074, 48.4289], [-70.3083, 48.4331], [-70.3256, 48.4331], [-70.3304, 48.4408], [-70.3431, 48.4442], [-70.3445, 48.4483], [-70.3535, 48.4536], [-70.3766, 48.4588], [-70.38104242937851, 48.46466022598867], [-70.3745, 48.4595], [-70.3523, 48.4546], [-70.3429, 48.4491], [-70.3419, 48.4453], [-70.3287, 48.4414], [-70.3243, 48.4342]]], [[[-70.386, 48.43], [-70.3613, 48.4179], [-70.35217752442996, 48.41705977198697], [-70.3632, 48.4171], [-70.3829, 48.4268], [-70.3974, 48.4299], [-70.4108, 48.4275], [-70.4321, 48.4302], [-70.43682822806038, 48.435941419787596], [-70.4283, 48.4308], [-70.4101, 48.4284], [-70.3981, 48.4315], [-70.388, 48.428], [-70.386, 48.43]]], [[[-70.43682822806038, 48.435941419787596], [-70.44063860911271, 48.438238587311965], [-70.4377, 48.437], [-70.43682822806038, 48.435941419787596]]], [[[-70.4835, 48.452], [-70.4792, 48.4447], [-70.4711, 48.4465], [-70.4681, 48.4425], [-70.4693, 48.4472], [-70.4649, 48.4478], [-70.4596, 48.4416], [-70.4492, 48.4434], [-70.44063860911271, 48.438238587311965], [-70.4498, 48.4421], [-70.4601, 48.4403], [-70.4668, 48.4468], [-70.4671, 48.4413], [-70.472, 48.4454], [-70.4803, 48.4437], [-70.4845, 48.4509], [-70.4912, 48.4536], [-70.5413, 48.464], [-70.5775, 48.4787], [-70.5975, 48.4795], [-70.61860826277669, 48.48965022952157], [-70.6132, 48.4895], [-70.5971, 48.4796], [-70.5776, 48.4791], [-70.5406, 48.4651], [-70.4835, 48.452]]], [[[-70.3813, 48.465], [-70.38104242937851, 48.46466022598867], [-70.38158497448029, 48.465088148885854], [-70.3813, 48.465]]], [[[-70.4049, 48.4723], [-70.3816, 48.4651], [-70.38158497448029, 48.465088148885854], [-70.4049, 48.4723]]], [[[-70.4184, 48.481], [-70.4253, 48.4904], [-70.4625, 48.4998], [-70.46201176470588, 48.50175294117647], [-70.4253, 48.4906], [-70.4183, 48.481], [-70.4049, 48.4723], [-70.4184, 48.481]]], [[[-70.61860826277669, 48.48965022952157], [-70.6204, 48.4897], [-70.6576, 48.5084], [-70.61860826277669, 48.48965022952157]]], [[[-70.46201176470588, 48.50175294117647], [-70.47028450704225, 48.515540845070404], [-70.4617, 48.503], [-70.46201176470588, 48.50175294117647]]], [[[-70.47028450704225, 48.515540845070404], [-70.4735, 48.5276], [-70.4644, 48.5384], [-70.451, 48.5459], [-70.44411284046694, 48.55697840466925], [-70.4507, 48.5459], [-70.4641, 48.5384], [-70.473, 48.5277], [-70.47028450704225, 48.515540845070404]]], [[[-70.44411284046694, 48.55697840466925], [-70.4441, 48.557], [-70.4221, 48.5662], [-70.44411284046694, 48.55697840466925]]], [[[-69.9447, 48.2689], [-69.935, 48.2716], [-69.9437, 48.2688], [-69.9391, 48.2649], [-69.9447, 48.2689]]], [[[-69.8819, 48.2653], [-69.9079, 48.2663], [-69.911, 48.272], [-69.9198, 48.274], [-69.9315, 48.2717], [-69.9235, 48.2745], [-69.9306, 48.2773], [-69.9255, 48.28], [-69.92973732394367, 48.28822007042254], [-69.9248, 48.2863], [-69.9251, 48.28], [-69.9302, 48.2772], [-69.9102, 48.2725], [-69.9076, 48.2671], [-69.8819, 48.2653]]], [[[-69.93079836065573, 48.289125072324005], [-69.92973732394367, 48.28822007042254], [-69.9302, 48.2884], [-69.93079836065573, 48.289125072324005]]], [[[-69.9425, 48.3013], [-69.9376, 48.302], [-69.9387, 48.2987], [-69.93079836065573, 48.289125072324005], [-69.9507, 48.3061], [-69.952, 48.3106], [-69.95580970432144, 48.30917846853677], [-69.9529, 48.312], [-69.9425, 48.3013]]], [[[-69.95647687864749, 48.308929522892726], [-69.95580970432144, 48.30917846853677], [-69.9562, 48.3088], [-69.95647687864749, 48.308929522892726]]], [[[-70.0271, 48.3323], [-70.0346, 48.3298], [-70.0359, 48.3332], [-70.0419, 48.3306], [-70.0482, 48.3355], [-70.0624, 48.3349], [-70.0654, 48.3368], [-70.064, 48.3402], [-70.0682, 48.3388], [-70.0701, 48.3433], [-70.076743595911, 48.343597474443776], [-70.0692, 48.3447], [-70.067, 48.34], [-70.062, 48.3407], [-70.0623, 48.3364], [-70.0475, 48.3369], [-70.0411, 48.3319], [-70.0343, 48.3342], [-70.0346, 48.3313], [-70.0261, 48.3337], [-70.0134, 48.3271], [-70.0043, 48.3262], [-70.0042, 48.3234], [-69.9857, 48.3226], [-69.95647687864749, 48.308929522892726], [-69.9873, 48.3223], [-70.0051, 48.3221], [-70.0058, 48.325], [-70.0143, 48.3257], [-70.0271, 48.3323]]], [[[-70.0822, 48.3428], [-70.08226529466792, 48.343844714686625], [-70.076743595911, 48.343597474443776], [-70.0822, 48.3428]]], [[[-70.0897, 48.3457], [-70.0824, 48.346], [-70.08226529466792, 48.343844714686625], [-70.0902, 48.3442], [-70.1145662613982, 48.35386443768997], [-70.1071, 48.3542], [-70.0897, 48.3457]]], [[[-70.11658962582905, 48.35411570516831], [-70.1145662613982, 48.35386443768997], [-70.116, 48.3538], [-70.11658962582905, 48.35411570516831]]], [[[-70.1281, 48.3595], [-70.1463, 48.359], [-70.16118036383092, 48.36633397538791], [-70.1449, 48.3602], [-70.1287, 48.3606], [-70.11658962582905, 48.35411570516831], [-70.1281, 48.3595]]], [[[-70.16118036383092, 48.36633397538791], [-70.1618, 48.3662], [-70.1622769596489, 48.366566305010366], [-70.16118036383092, 48.36633397538791]]], [[[-70.1622769596489, 48.366566305010366], [-70.1681, 48.3678], [-70.1737, 48.3737], [-70.1774, 48.3724], [-70.1828, 48.3776], [-70.1963, 48.3811], [-70.19856529535865, 48.385811814345985], [-70.1807, 48.3782], [-70.1764, 48.3739], [-70.1743, 48.3758], [-70.1622769596489, 48.366566305010366]]], [[[-70.2133, 48.6562], [-70.2139, 48.6524], [-70.2052, 48.638], [-70.1848, 48.6275], [-70.1827, 48.6215], [-70.1707, 48.6172], [-70.1705, 48.6128], [-70.1627, 48.6094], [-70.1652, 48.6024], [-70.1623, 48.5971], [-70.1397, 48.5979], [-70.1357, 48.595], [-70.1164, 48.5946], [-70.113, 48.5869], [-70.1163, 48.5847], [-70.1148, 48.5829], [-70.0757, 48.5726], [-70.0733, 48.5669], [-70.0803, 48.5662], [-70.0752, 48.5598], [-70.0439, 48.5523], [-70.033, 48.5461], [-70.0317, 48.5403], [-70.0215, 48.5402], [-70.0158, 48.5345], [-70.0166, 48.5242], [-70.0135, 48.5228], [-70.0172, 48.5101], [-70.0146, 48.505], [-70.0199, 48.492], [-70.0176, 48.4853], [-70.0087, 48.4881], [-69.9883, 48.4811], [-69.9731, 48.4855], [-69.9541, 48.481], [-69.9482, 48.47], [-69.9376, 48.468], [-69.9289, 48.4585], [-69.9163, 48.4528], [-69.9157, 48.445], [-69.9205, 48.4421], [-69.9197, 48.4371], [-69.9124, 48.4325], [-69.9029, 48.4342], [-69.8898, 48.4289], [-69.8904, 48.4244], [-69.8949, 48.4221], [-69.8884, 48.4182], [-69.8913, 48.4131], [-69.8423, 48.3932], [-69.84, 48.3838], [-69.8335, 48.3754], [-69.8278, 48.3743], [-69.8281, 48.3711], [-69.8192, 48.3656], [-69.8206, 48.3519], [-69.8127, 48.3448], [-69.8549, 48.3298], [-69.8567, 48.3256], [-69.8447, 48.3165], [-69.8506, 48.3139], [-69.8468, 48.3056], [-69.8582, 48.3032], [-69.8669, 48.2941], [-69.8604, 48.2914], [-69.8563, 48.2833], [-69.858, 48.2675], [-69.8609, 48.269], [-69.8583, 48.28], [-69.8606, 48.2876], [-69.8703, 48.2942], [-69.8592, 48.3045], [-69.8483, 48.3068], [-69.8529, 48.314], [-69.847, 48.3169], [-69.8589, 48.3248], [-69.8575, 48.3298], [-69.8161, 48.3451], [-69.823, 48.3515], [-69.8213, 48.3648], [-69.8353, 48.3744], [-69.8421, 48.3833], [-69.8443, 48.3925], [-69.8908, 48.41], [-69.894, 48.4131], [-69.8905, 48.4176], [-69.8984, 48.4216], [-69.8926, 48.4248], [-69.8921, 48.4283], [-69.9063, 48.433], [-69.9118, 48.4308], [-69.9213, 48.436], [-69.923, 48.4423], [-69.9182, 48.4451], [-69.9185, 48.4525], [-69.9304, 48.4568], [-69.9402, 48.4669], [-69.9497, 48.4687], [-69.9554, 48.4791], [-69.9664, 48.4799], [-69.9722, 48.4836], [-69.9913, 48.4792], [-69.9919, 48.4817], [-70.0075, 48.4852], [-70.0189, 48.4843], [-70.022, 48.4924], [-70.0168, 48.5047], [-70.0195, 48.5102], [-70.0156, 48.522], [-70.0186, 48.5237], [-70.0178, 48.534], [-70.0229, 48.5394], [-70.0333, 48.5391], [-70.0364, 48.5461], [-70.0451, 48.551], [-70.0768, 48.5588], [-70.0824, 48.5658], [-70.0759, 48.5676], [-70.0775, 48.5717], [-70.1159, 48.5818], [-70.1196, 48.5922], [-70.1366, 48.5936], [-70.14, 48.5965], [-70.1648, 48.5967], [-70.167, 48.6031], [-70.1647, 48.6089], [-70.1724, 48.6122], [-70.1722, 48.6163], [-70.1845, 48.6204], [-70.1863, 48.6266], [-70.2072, 48.6373], [-70.2186, 48.6601], [-70.2306, 48.6645], [-70.2502, 48.6623], [-70.2581, 48.6678], [-70.2648, 48.6793], [-70.2744, 48.6824], [-70.2881, 48.6811], [-70.2748, 48.6836], [-70.2599, 48.6784], [-70.2562, 48.6685], [-70.25, 48.6639], [-70.2299, 48.6659], [-70.2198, 48.6633], [-70.2133, 48.6562]]]]}}, {"type": "Feature", "properties": {"id": "qc-trq-16-61", "name": "Zec de la Rivi\u00e8re-Dartmouth", "province": "QC", "park_type": "zec", "designation": "zec", "hunting_allowed": true, "policy_id": "Z-111E", "summary": "Structured recreational / wildlife territory on Quebec public land. Verify current regulations.", "source": "MRNF TRQ_WMS layer 16", "layer_role": "public_hunt_territory"}, "geometry": {"type": "MultiPolygon", "coordinates": [[[[-64.7569, 49.027], [-64.7579, 49.0231], [-64.7486, 49.0231], [-64.7445, 49.0161], [-64.738, 49.0162], [-64.7377, 49.012], [-64.7285, 49.0113], [-64.7308, 49.0075], [-64.7232, 49.0061], [-64.7249, 49.0006], [-64.7196, 48.9956], [-64.7013, 48.9977], [-64.6932, 48.9927], [-64.6979, 48.984], [-64.6961, 48.9802], [-64.7014, 48.9754], [-64.7011, 48.9646], [-64.6716, 48.9518], [-64.6667, 48.9442], [-64.6593, 48.944], [-64.643, 48.9352], [-64.6347, 48.9344], [-64.6189, 48.9114], [-64.6059, 48.907], [-64.6239, 48.913], [-64.6362, 48.9333], [-64.6441, 48.9331], [-64.657, 48.9415], [-64.668, 48.9429], [-64.6728, 48.9464], [-64.6729, 48.9506], [-64.7031, 48.9638], [-64.7039, 48.9754], [-64.6957, 48.9918], [-64.7018, 48.9962], [-64.7211, 48.9946], [-64.7273, 49.0004], [-64.7259, 49.0049], [-64.733, 49.0072], [-64.731, 49.0111], [-64.7379, 49.0099], [-64.7399, 49.0156], [-64.7467, 49.015], [-64.7495, 49.0212], [-64.7602, 49.0223], [-64.759, 49.0264], [-64.7667, 49.0296], [-64.7694, 49.0373], [-64.7936, 49.0301], [-64.80035930866866, 49.03163498244667], [-64.7673, 49.0386], [-64.7679, 49.0339], [-64.7569, 49.027]]], [[[-64.8037966895247, 49.03241558288011], [-64.80035930866866, 49.03163498244667], [-64.801, 49.0315], [-64.8037966895247, 49.03241558288011]]], [[[-65.0191, 49.0681], [-65.0241, 49.0516], [-65.0326, 49.0463], [-65.0297, 49.0442], [-65.0394, 49.0383], [-65.0425, 49.0308], [-65.0494, 49.0289], [-65.0498, 49.0213], [-65.0538, 49.016], [-65.0514, 49.0112], [-65.0551, 49.0069], [-65.0561, 49.0156], [-65.0512, 49.0297], [-65.0438, 49.0318], [-65.0411, 49.0392], [-65.0313, 49.0447], [-65.0346, 49.0464], [-65.0256, 49.0524], [-65.0211, 49.0693], [-65.0014, 49.0739], [-64.999, 49.0789], [-64.99449945593035, 49.07898182807399], [-65.0006, 49.0728], [-65.0191, 49.0681]]], [[[-64.9935, 49.079], [-64.99449945593035, 49.07898182807399], [-64.9932380703422, 49.079301615969584], [-64.9935, 49.079]]], [[[-64.9759, 49.0701], [-64.9704, 49.0668], [-64.9712, 49.0624], [-64.9682, 49.0597], [-64.9618, 49.0585], [-64.9516, 49.0629], [-64.9471, 49.0594], [-64.93, 49.0588], [-64.9261, 49.0546], [-64.9189, 49.0567], [-64.914, 49.05], [-64.9066, 49.0483], [-64.9063, 49.0424], [-64.8905, 49.0396], [-64.8897, 49.0436], [-64.8956, 49.0469], [-64.8933, 49.0535], [-64.9053, 49.0576], [-64.9034, 49.0667], [-64.9259, 49.08], [-64.9287, 49.0861], [-64.925, 49.0883], [-64.9372, 49.0923], [-64.9343, 49.094], [-64.939, 49.101], [-64.9364, 49.1039], [-64.9378, 49.1104], [-64.9464, 49.1201], [-64.9447, 49.1246], [-64.9482, 49.131], [-64.9452, 49.132], [-64.9467, 49.1357], [-64.943, 49.1445], [-64.9512, 49.1517], [-64.9522, 49.1587], [-64.9583, 49.1649], [-64.9562, 49.1651], [-64.9506, 49.159], [-64.9497, 49.1522], [-64.9411, 49.1447], [-64.9462, 49.1286], [-64.9428, 49.1251], [-64.9449, 49.1204], [-64.9362, 49.1106], [-64.9348, 49.1039], [-64.9373, 49.1011], [-64.9311, 49.094], [-64.9354, 49.0927], [-64.9234, 49.0887], [-64.9271, 49.086], [-64.9246, 49.0806], [-64.9156, 49.0778], [-64.9123, 49.0724], [-64.9021, 49.0675], [-64.9029, 49.0587], [-64.8912, 49.0539], [-64.8901, 49.0504], [-64.8934, 49.0472], [-64.888, 49.0441], [-64.8887, 49.0395], [-64.88, 49.0351], [-64.8757, 49.0377], [-64.8444, 49.0306], [-64.8302, 49.0343], [-64.83, 49.0383], [-64.8214, 49.0423], [-64.8178, 49.037], [-64.8037966895247, 49.03241558288011], [-64.8187, 49.0358], [-64.8217, 49.0404], [-64.8284, 49.0374], [-64.8289, 49.0332], [-64.8438, 49.0292], [-64.8762, 49.0363], [-64.8809, 49.0339], [-64.8931, 49.0396], [-64.9051, 49.0399], [-64.9093, 49.0427], [-64.9083, 49.0474], [-64.9145, 49.0482], [-64.9195, 49.0552], [-64.9273, 49.0534], [-64.9311, 49.0577], [-64.9475, 49.0581], [-64.9526, 49.0615], [-64.9616, 49.0571], [-64.9695, 49.0585], [-64.9731, 49.0621], [-64.9722, 49.0663], [-64.9778, 49.0698], [-64.977, 49.0738], [-64.9847, 49.0746], [-64.9893, 49.0803], [-64.9932380703422, 49.079301615969584], [-64.9902, 49.0828], [-64.9838, 49.0757], [-64.9744, 49.0738], [-64.9759, 49.0701]]]]}}, {"type": "Feature", "properties": {"id": "qc-trq-16-62", "name": "Zec des Nymphes", "province": "QC", "park_type": "zec", "designation": "zec", "hunting_allowed": true, "policy_id": "Z-146D", "summary": "Structured recreational / wildlife territory on Quebec public land. Verify current regulations.", "source": "MRNF TRQ_WMS layer 16", "layer_role": "public_hunt_territory"}, "geometry": {"type": "Polygon", "coordinates": [[[-73.6324, 46.691], [-73.6392, 46.6889], [-73.6471, 46.6808], [-73.6527, 46.6814], [-73.6581, 46.6766], [-73.6582, 46.6702], [-73.6666, 46.6679], [-73.6725, 46.6715], [-73.7012, 46.6754], [-73.7067, 46.6803], [-73.7276, 46.6711], [-73.7368, 46.6779], [-73.766, 46.6576], [-73.7369, 46.6378], [-73.7283, 46.6378], [-73.7238, 46.6327], [-73.7442, 46.5805], [-73.7502, 46.5784], [-73.7455, 46.5772], [-73.7498, 46.5656], [-73.7475, 46.564], [-73.7503, 46.5642], [-73.7574, 46.5461], [-73.7582, 46.5296], [-73.7612, 46.5275], [-73.7496, 46.5154], [-73.7356, 46.525], [-73.7253, 46.5179], [-73.6964, 46.538], [-73.6814, 46.5277], [-73.6983, 46.516], [-73.6832, 46.5055], [-73.6976, 46.4955], [-73.6991, 46.4973], [-73.7146, 46.4921], [-73.7203, 46.4961], [-73.731, 46.4886], [-73.7196, 46.4683], [-73.721, 46.4548], [-73.7131, 46.4567], [-73.7064, 46.4525], [-73.6987, 46.4543], [-73.6803, 46.4665], [-73.6821, 46.4715], [-73.6775, 46.475], [-73.6779, 46.4785], [-73.6649, 46.4712], [-73.6615, 46.4727], [-73.6609, 46.4845], [-73.6527, 46.487], [-73.6503, 46.4806], [-73.6399, 46.4743], [-73.6417, 46.4673], [-73.6356, 46.4677], [-73.6361, 46.4633], [-73.6289, 46.4581], [-73.6313, 46.4523], [-73.6279, 46.4444], [-73.6425, 46.4323], [-73.6383, 46.429], [-73.6432, 46.4268], [-73.6432, 46.4238], [-73.634, 46.4291], [-73.6336, 46.42], [-73.5938, 46.445], [-73.5733, 46.423], [-73.5449, 46.4431], [-73.5461, 46.4342], [-73.5415, 46.426], [-73.5321, 46.4214], [-73.5297, 46.4156], [-73.5323, 46.4146], [-73.5221, 46.3994], [-73.5172, 46.4002], [-73.5203, 46.3955], [-73.518, 46.3912], [-73.5136, 46.3944], [-73.5018, 46.3826], [-73.4794, 46.3973], [-73.4654, 46.388], [-73.4576, 46.3933], [-73.4511, 46.3887], [-73.4465, 46.3921], [-73.4565, 46.3992], [-73.4519, 46.4026], [-73.4419, 46.3954], [-73.4305, 46.4039], [-73.4496, 46.418], [-73.4377, 46.4266], [-73.4496, 46.4383], [-73.4647, 46.4423], [-73.4695, 46.4493], [-73.4773, 46.4511], [-73.4945, 46.4704], [-73.5148, 46.4733], [-73.5226, 46.4808], [-73.5392, 46.468], [-73.5497, 46.4719], [-73.5523, 46.4763], [-73.5619, 46.4761], [-73.5775, 46.4844], [-73.5705, 46.4927], [-73.5583, 46.4955], [-73.558, 46.4993], [-73.5527, 46.5004], [-73.5492, 46.5077], [-73.5285, 46.5203], [-73.5493, 46.5223], [-73.563, 46.5125], [-73.568, 46.504], [-73.5769, 46.5055], [-73.5847, 46.5121], [-73.6139, 46.5042], [-73.6137, 46.5126], [-73.6315, 46.5314], [-73.6497, 46.5614], [-73.6485, 46.5651], [-73.6586, 46.5747], [-73.6579, 46.5775], [-73.6699, 46.5835], [-73.6723, 46.5924], [-73.6661, 46.5956], [-73.6676, 46.5991], [-73.6221, 46.653], [-73.6412, 46.6741], [-73.641, 46.6795], [-73.6278, 46.6876], [-73.6324, 46.691]]]}}, {"type": "Feature", "properties": {"id": "qc-trq-16-63", "name": "Zec des Martres", "province": "QC", "park_type": "zec", "designation": "zec", "hunting_allowed": true, "policy_id": "Z-031C", "summary": "Structured recreational / wildlife territory on Quebec public land. Verify current regulations.", "source": "MRNF TRQ_WMS layer 16", "layer_role": "public_hunt_territory"}, "geometry": {"type": "Polygon", "coordinates": [[[-70.5493, 47.874], [-70.7729, 47.8747], [-70.7803, 47.8592], [-70.7739, 47.8425], [-70.7748, 47.8338], [-70.7513, 47.8162], [-70.75, 47.8089], [-70.7432, 47.8046], [-70.7392, 47.7775], [-70.7173, 47.7624], [-70.7163, 47.7572], [-70.7241, 47.7395], [-70.7269, 47.7204], [-70.7252, 47.7106], [-70.703, 47.7042], [-70.654, 47.7072], [-70.6512, 47.6869], [-70.6341, 47.6766], [-70.6066, 47.6946], [-70.5865, 47.6845], [-70.5842, 47.6748], [-70.5271, 47.7167], [-70.529, 47.8001], [-70.415, 47.7994], [-70.4, 47.7626], [-70.3814, 47.7611], [-70.3718, 47.7569], [-70.3657, 47.7482], [-70.3608, 47.7554], [-70.3646, 47.7608], [-70.3438, 47.7708], [-70.3527, 47.7799], [-70.3517, 47.8238], [-70.357, 47.8273], [-70.3222, 47.8276], [-70.3232, 47.8657], [-70.3978, 47.865], [-70.4443, 47.8403], [-70.4668, 47.8401], [-70.4779, 47.8454], [-70.5123, 47.847], [-70.5279, 47.8573], [-70.5505, 47.8665], [-70.5493, 47.874]]]}}, {"type": "Feature", "properties": {"id": "qc-trq-16-64", "name": "Zec Casault", "province": "QC", "park_type": "zec", "designation": "zec", "hunting_allowed": true, "policy_id": "Z-014A", "summary": "Structured recreational / wildlife territory on Quebec public land. Verify current regulations.", "source": "MRNF TRQ_WMS layer 16", "layer_role": "public_hunt_territory"}, "geometry": {"type": "Polygon", "coordinates": [[[-66.8111, 48.4644], [-66.9937, 48.5761], [-67.0233, 48.5684], [-67.0552, 48.5673], [-67.0779, 48.5608], [-67.0924, 48.568], [-67.1313, 48.5423], [-67.1481, 48.5274], [-67.1557, 48.5256], [-67.1696, 48.5305], [-67.1775, 48.5259], [-67.1956, 48.5252], [-67.2092, 48.5193], [-67.2303, 48.5158], [-67.2297, 48.5095], [-67.2376, 48.5025], [-67.2385, 48.4939], [-67.2438, 48.4907], [-67.2425, 48.4872], [-67.2466, 48.4809], [-67.2458, 48.4773], [-67.2326, 48.469], [-67.2322, 48.4651], [-67.2196, 48.458], [-67.2054, 48.4553], [-67.199, 48.4494], [-67.1845, 48.4449], [-67.1681, 48.4434], [-67.1606, 48.435], [-67.1622, 48.4223], [-67.1268, 48.4032], [-67.1211, 48.4029], [-67.1206, 48.3977], [-67.1095, 48.3922], [-67.0656, 48.3816], [-67.0545, 48.3857], [-67.0341, 48.3869], [-67.0272, 48.3926], [-67.0074, 48.396], [-66.9543, 48.3617], [-67.0246, 48.3114], [-66.9944, 48.2975], [-67.171, 48.2492], [-67.0884, 48.1135], [-67.08, 48.1192], [-67.0839, 48.1215], [-67.0831, 48.1254], [-67.0751, 48.1288], [-67.0744, 48.1381], [-67.0701, 48.1345], [-67.0676, 48.1389], [-67.0577, 48.1392], [-67.0531, 48.147], [-67.0389, 48.1397], [-67.0283, 48.1404], [-67.028, 48.1451], [-67.0183, 48.1443], [-67.0198, 48.1588], [-67.0329, 48.1815], [-67.0174, 48.18], [-67.0228, 48.1848], [-67.0171, 48.1861], [-67.0187, 48.1913], [-67.0011, 48.1945], [-66.9983, 48.2021], [-66.9822, 48.2065], [-66.9809, 48.2141], [-66.9779, 48.2144], [-66.9778, 48.2103], [-66.9727, 48.2139], [-66.9662, 48.2113], [-66.9678, 48.2175], [-66.9725, 48.2201], [-66.9717, 48.2241], [-66.9642, 48.2287], [-66.9597, 48.2266], [-66.9561, 48.2286], [-66.9451, 48.2217], [-66.9468, 48.2154], [-66.9189, 48.2124], [-66.9162, 48.2145], [-66.9212, 48.2203], [-66.9078, 48.221], [-66.908, 48.2261], [-66.8994, 48.2265], [-66.8959, 48.2227], [-66.8923, 48.2285], [-66.8843, 48.2248], [-66.8796, 48.229], [-66.8823, 48.2317], [-66.8799, 48.2359], [-66.8735, 48.2343], [-66.8724, 48.238], [-66.8662, 48.2362], [-66.8642, 48.239], [-66.8515, 48.2407], [-66.8573, 48.2452], [-66.8556, 48.2556], [-66.8518, 48.2598], [-66.8555, 48.2623], [-66.8476, 48.2653], [-66.8498, 48.2698], [-66.8407, 48.2722], [-66.8424, 48.274], [-66.8396, 48.2768], [-66.8429, 48.28], [-66.8393, 48.2806], [-66.8415, 48.2829], [-66.837, 48.282], [-66.8331, 48.2886], [-66.828, 48.2888], [-66.8311, 48.2922], [-66.8242, 48.2937], [-66.8283, 48.303], [-66.8247, 48.3043], [-66.827, 48.3102], [-66.8223, 48.3107], [-66.822, 48.3168], [-66.8183, 48.3185], [-66.8249, 48.3256], [-66.8226, 48.3287], [-66.8262, 48.3346], [-66.8388, 48.3451], [-66.8248, 48.4546], [-66.8111, 48.4644]]]}}, {"type": "Feature", "properties": {"id": "qc-trq-16-65", "name": "Zec de la Rivi\u00e8re-Laval", "province": "QC", "park_type": "zec", "designation": "zec", "hunting_allowed": true, "policy_id": "Z-095E", "summary": "Structured recreational / wildlife territory on Quebec public land. Verify current regulations.", "source": "MRNF TRQ_WMS layer 16", "layer_role": "public_hunt_territory"}, "geometry": {"type": "Polygon", "coordinates": [[[-69.1338, 48.945], [-69.1299, 48.9408], [-69.1207, 48.9416], [-69.118, 48.9369], [-69.1136, 48.9389], [-69.1133, 48.9359], [-69.1049, 48.9353], [-69.1038, 48.9377], [-69.097, 48.9345], [-69.0846, 48.9379], [-69.0742, 48.9343], [-69.0749, 48.9228], [-69.0789, 48.9163], [-69.0555, 48.9066], [-69.0573, 48.8962], [-69.0477, 48.8978], [-69.0464, 48.8944], [-69.0511, 48.887], [-69.0444, 48.8865], [-69.0528, 48.8862], [-69.05, 48.8829], [-69.0538, 48.8823], [-69.0444, 48.8755], [-69.048, 48.8747], [-69.0469, 48.8717], [-69.0556, 48.8755], [-69.0622, 48.872], [-69.0558, 48.8683], [-69.0583, 48.8647], [-69.0504, 48.8606], [-69.0463, 48.8524], [-69.0672, 48.8439], [-69.0718, 48.8382], [-69.0642, 48.8364], [-69.0676, 48.8341], [-69.0568, 48.8269], [-69.0301, 48.829], [-69.0303, 48.8317], [-69.0237, 48.83], [-69.028, 48.8196], [-69.0225, 48.8126], [-69.029, 48.8112], [-69.0276, 48.8082], [-69.0474, 48.8048], [-69.0458, 48.801], [-69.0486, 48.7952], [-69.0541, 48.7926], [-69.0494, 48.7726], [-69.0515, 48.7927], [-69.0463, 48.7955], [-69.0437, 48.8009], [-69.0456, 48.8042], [-69.0277, 48.8067], [-69.0247, 48.8085], [-69.0273, 48.8105], [-69.0205, 48.8125], [-69.0256, 48.8194], [-69.0215, 48.8296], [-69.0257, 48.8327], [-69.0572, 48.8291], [-69.0652, 48.8343], [-69.0628, 48.8375], [-69.0699, 48.8386], [-69.0579, 48.8459], [-69.0441, 48.8476], [-69.0384, 48.8515], [-69.0426, 48.8602], [-69.041, 48.8664], [-69.0456, 48.8707], [-69.0412, 48.8762], [-69.0495, 48.8816], [-69.0426, 48.8859], [-69.0456, 48.8884], [-69.0437, 48.895], [-69.0465, 48.8989], [-69.0545, 48.9006], [-69.0511, 48.9063], [-69.074, 48.9166], [-69.0742, 48.9271], [-69.0712, 48.9291], [-69.074, 48.9301], [-69.0695, 48.9312], [-69.0734, 48.9375], [-69.0847, 48.9392], [-69.097, 48.9365], [-69.1042, 48.9396], [-69.1117, 48.9371], [-69.1128, 48.9401], [-69.1175, 48.9382], [-69.1196, 48.9426], [-69.1338, 48.945]]]}}, {"type": "Feature", "properties": {"id": "qc-trq-16-66", "name": "Zec Pontiac", "province": "QC", "park_type": "zec", "designation": "zec", "hunting_allowed": true, "policy_id": "Z-074B", "summary": "Structured recreational / wildlife territory on Quebec public land. Verify current regulations.", "source": "MRNF TRQ_WMS layer 16", "layer_role": "public_hunt_territory"}, "geometry": {"type": "Polygon", "coordinates": [[[-76.6951, 46.7046], [-76.6831, 46.657], [-76.7357, 46.6463], [-76.7724, 46.6509], [-76.7904, 46.632], [-76.8326, 46.6331], [-76.8372, 46.6173], [-76.8912, 46.6181], [-76.8808, 46.6124], [-76.8547, 46.5832], [-76.8495, 46.582], [-76.8185, 46.5561], [-76.745, 46.512], [-76.7484, 46.5109], [-76.7457, 46.508], [-76.7514, 46.5012], [-76.7665, 46.5064], [-76.7681, 46.5036], [-76.7726, 46.5053], [-76.7811, 46.5023], [-76.7821, 46.4991], [-76.7784, 46.4972], [-76.7929, 46.4863], [-76.7884, 46.4805], [-76.7947, 46.4735], [-76.7887, 46.4726], [-76.7908, 46.4702], [-76.7887, 46.4657], [-76.7745, 46.4677], [-76.7705, 46.4648], [-76.7692, 46.4624], [-76.772, 46.4637], [-76.7723, 46.46], [-76.777, 46.4589], [-76.7754, 46.4539], [-76.779, 46.4545], [-76.7809, 46.451], [-76.7783, 46.446], [-76.7718, 46.4445], [-76.7702, 46.4367], [-76.7566, 46.429], [-76.7316, 46.4014], [-76.7235, 46.3974], [-76.6916, 46.3684], [-76.6827, 46.3516], [-76.682, 46.3432], [-76.6708, 46.338], [-76.6727, 46.3247], [-76.67, 46.3121], [-76.6739, 46.2982], [-76.6604, 46.2822], [-76.6631, 46.2741], [-76.6568, 46.2625], [-76.6582, 46.2522], [-76.6551, 46.2462], [-76.6511, 46.2474], [-76.646, 46.2573], [-76.6106, 46.2744], [-76.6015, 46.2855], [-76.5936, 46.2886], [-76.5734, 46.283], [-76.5628, 46.286], [-76.5505, 46.2747], [-76.546, 46.2652], [-76.5399, 46.2677], [-76.5294, 46.2631], [-76.5204, 46.251], [-76.5101, 46.2462], [-76.4826, 46.2411], [-76.4618, 46.2448], [-76.4373, 46.2559], [-76.3979, 46.2546], [-76.3621, 46.2839], [-76.3543, 46.2796], [-76.344, 46.2836], [-76.3227, 46.2744], [-76.3085, 46.275], [-76.3053, 46.2722], [-76.304, 46.2746], [-76.3068, 46.2754], [-76.302, 46.2758], [-76.2959, 46.2751], [-76.294, 46.2704], [-76.2878, 46.2713], [-76.2821, 46.2859], [-76.2753, 46.2878], [-76.2592, 46.3032], [-76.3167, 46.421], [-76.3628, 46.4211], [-76.3758, 46.4342], [-76.4113, 46.457], [-76.4233, 46.4515], [-76.4327, 46.4557], [-76.4395, 46.4521], [-76.4519, 46.4583], [-76.4553, 46.4627], [-76.4541, 46.4663], [-76.4406, 46.4737], [-76.4401, 46.4826], [-76.4267, 46.4911], [-76.426, 46.4946], [-76.4336, 46.503], [-76.4586, 46.512], [-76.4627, 46.5226], [-76.4711, 46.5303], [-76.4901, 46.5277], [-76.5121, 46.5459], [-76.5121, 46.5507], [-76.5171, 46.555], [-76.5119, 46.5694], [-76.5126, 46.5797], [-76.5203, 46.5842], [-76.5224, 46.6095], [-76.5329, 46.6182], [-76.5369, 46.6299], [-76.5314, 46.6353], [-76.5323, 46.6398], [-76.523, 46.6406], [-76.5204, 46.6469], [-76.5484, 46.6433], [-76.571, 46.6464], [-76.5921, 46.6444], [-76.6153, 46.6546], [-76.6189, 46.6582], [-76.6191, 46.6675], [-76.6297, 46.6772], [-76.6507, 46.682], [-76.6516, 46.6881], [-76.6724, 46.695], [-76.6736, 46.7019], [-76.6951, 46.7046]]]}}, {"type": "Feature", "properties": {"id": "qc-trq-16-67", "name": "Zec Tawachiche", "province": "QC", "park_type": "zec", "designation": "zec", "hunting_allowed": true, "policy_id": "Z-044A", "summary": "Structured recreational / wildlife territory on Quebec public land. Verify current regulations.", "source": "MRNF TRQ_WMS layer 16", "layer_role": "public_hunt_territory"}, "geometry": {"type": "Polygon", "coordinates": [[[-72.5408, 47.1907], [-72.5721, 47.1961], [-72.5798, 47.1556], [-72.5995, 47.1437], [-72.6008, 47.1456], [-72.6072, 47.1428], [-72.6084, 47.1379], [-72.6235, 47.1329], [-72.6134, 47.1334], [-72.6022, 47.126], [-72.6195, 47.1124], [-72.62, 47.0778], [-72.6059, 47.0874], [-72.6027, 47.0851], [-72.604, 47.0804], [-72.6012, 47.0759], [-72.5883, 47.0844], [-72.5903, 47.0867], [-72.5875, 47.0891], [-72.5863, 47.0794], [-72.5904, 47.0766], [-72.5771, 47.0686], [-72.6042, 47.046], [-72.5971, 47.0369], [-72.5858, 47.0447], [-72.5834, 47.0396], [-72.5935, 47.0329], [-72.5789, 47.0162], [-72.5684, 47.0231], [-72.5624, 47.0202], [-72.5671, 47.0171], [-72.5681, 47.019], [-72.5684, 47.0147], [-72.5629, 47.0078], [-72.5665, 47.0055], [-72.5591, 47.0021], [-72.5536, 46.9944], [-72.5555, 46.9879], [-72.5618, 46.9837], [-72.5609, 46.9768], [-72.556, 46.9809], [-72.5503, 46.9784], [-72.5451, 46.9819], [-72.5406, 46.974], [-72.5433, 46.9705], [-72.5353, 46.9716], [-72.5342, 46.9658], [-72.5243, 46.9585], [-72.5246, 46.9498], [-72.5068, 46.9474], [-72.4792, 46.9343], [-72.4591, 46.9485], [-72.4494, 46.9425], [-72.391, 46.9813], [-72.3834, 46.978], [-72.3865, 46.9838], [-72.3741, 46.9907], [-72.3702, 46.9886], [-72.3733, 46.9912], [-72.3549, 47.0016], [-72.4066, 47.0368], [-72.4064, 47.0411], [-72.408, 47.0378], [-72.4359, 47.0575], [-72.411, 47.0743], [-72.4059, 47.0647], [-72.4048, 47.0763], [-72.4017, 47.0736], [-72.3995, 47.0757], [-72.402, 47.0806], [-72.3789, 47.0965], [-72.3949, 47.1177], [-72.4138, 47.1195], [-72.4199, 47.116], [-72.46, 47.1431], [-72.5147, 47.144], [-72.5408, 47.1907]], [[-72.5826, 47.082], [-72.5684, 47.0919], [-72.5531, 47.0816], [-72.5675, 47.0718], [-72.5826, 47.082]]]}}, {"type": "Feature", "properties": {"id": "qc-trq-16-68", "name": "Zec de la Croche", "province": "QC", "park_type": "zec", "designation": "zec", "hunting_allowed": true, "policy_id": "Z-042F", "summary": "Structured recreational / wildlife territory on Quebec public land. Verify current regulations.", "source": "MRNF TRQ_WMS layer 16", "layer_role": "public_hunt_territory"}, "geometry": {"type": "Polygon", "coordinates": [[[-72.8909, 47.8881], [-72.8893, 47.8842], [-72.8782, 47.8797], [-72.8717, 47.8628], [-72.8661, 47.865], [-72.8742, 47.86], [-72.8779, 47.8496], [-72.8679, 47.849], [-72.8711, 47.8474], [-72.8688, 47.8424], [-72.8719, 47.8407], [-72.8677, 47.833], [-72.8594, 47.829], [-72.8632, 47.8081], [-72.8707, 47.7898], [-72.8803, 47.7813], [-72.8726, 47.7706], [-72.8783, 47.767], [-72.876, 47.7636], [-72.8824, 47.7572], [-72.8744, 47.7538], [-72.8734, 47.7468], [-72.8993, 47.7249], [-72.9094, 47.6921], [-72.9261, 47.6678], [-72.9347, 47.6624], [-72.937, 47.6464], [-72.9189, 47.6311], [-72.9064, 47.6052], [-72.8815, 47.5801], [-72.8169, 47.5509], [-72.75, 47.5864], [-72.7525, 47.5898], [-72.7382, 47.5913], [-72.7426, 47.5949], [-72.7371, 47.6], [-72.7415, 47.6073], [-72.7384, 47.6161], [-72.7463, 47.6204], [-72.7431, 47.6223], [-72.7383, 47.6181], [-72.7339, 47.6208], [-72.7424, 47.6227], [-72.7388, 47.6267], [-72.7405, 47.6296], [-72.7515, 47.6313], [-72.7567, 47.636], [-72.7584, 47.6393], [-72.7546, 47.6413], [-72.7561, 47.6463], [-72.7524, 47.6498], [-72.7614, 47.6536], [-72.7625, 47.6652], [-72.7657, 47.6664], [-72.7611, 47.6709], [-72.7655, 47.6733], [-72.7612, 47.6751], [-72.7626, 47.6799], [-72.7562, 47.679], [-72.7591, 47.6842], [-72.7465, 47.6882], [-72.7533, 47.6908], [-72.7539, 47.698], [-72.7468, 47.7042], [-72.7527, 47.709], [-72.7446, 47.7097], [-72.7421, 47.7133], [-72.7487, 47.7174], [-72.7367, 47.7257], [-72.7449, 47.7332], [-72.7387, 47.7355], [-72.7463, 47.7362], [-72.7436, 47.7392], [-72.7371, 47.7386], [-72.7427, 47.7429], [-72.7385, 47.7438], [-72.7384, 47.7474], [-72.7447, 47.7465], [-72.747, 47.7494], [-72.7389, 47.7531], [-72.7384, 47.7634], [-72.732, 47.763], [-72.7379, 47.7675], [-72.7278, 47.7734], [-72.7341, 47.7764], [-72.7345, 47.788], [-72.7423, 47.7916], [-72.7391, 47.8032], [-72.746, 47.8147], [-72.7806, 47.8327], [-72.7946, 47.8465], [-72.7949, 47.8534], [-72.8352, 47.866], [-72.8686, 47.8694], [-72.8744, 47.88], [-72.8909, 47.8881]]]}}, {"type": "Feature", "properties": {"id": "qc-trq-16-69", "name": "Zec Nordique", "province": "QC", "park_type": "zec", "designation": "zec", "hunting_allowed": true, "policy_id": "Z-095D", "summary": "Structured recreational / wildlife territory on Quebec public land. Verify current regulations.", "source": "MRNF TRQ_WMS layer 16", "layer_role": "public_hunt_territory"}, "geometry": {"type": "Polygon", "coordinates": [[[-70.0092, 48.6848], [-70.0775, 48.6975], [-70.086, 48.6833], [-70.0862, 48.6755], [-70.0784, 48.6609], [-70.0741, 48.6584], [-70.0816, 48.6528], [-70.0757, 48.6312], [-70.045, 48.6128], [-70.0465, 48.5988], [-70.0226, 48.5858], [-70.0144, 48.5868], [-70.0095, 48.5767], [-69.9913, 48.5789], [-69.9991, 48.566], [-69.9896, 48.5413], [-69.9459, 48.4989], [-69.8912, 48.481], [-69.8757, 48.4818], [-69.8782, 48.4712], [-69.8636, 48.4655], [-69.8648, 48.4571], [-69.8504, 48.4534], [-69.8533, 48.441], [-69.8364, 48.4376], [-69.8407, 48.4209], [-69.8386, 48.4103], [-69.8189, 48.3993], [-69.7613, 48.3877], [-69.7154, 48.3907], [-69.5807, 48.4372], [-69.6076, 48.4482], [-69.6105, 48.4557], [-69.6351, 48.4695], [-69.6841, 48.4745], [-69.706, 48.4654], [-69.7133, 48.466], [-69.7179, 48.4689], [-69.7074, 48.4669], [-69.6892, 48.4749], [-69.7087, 48.4807], [-69.7193, 48.4891], [-69.7225, 48.4888], [-69.7262, 48.4804], [-69.7523, 48.4781], [-69.7606, 48.4848], [-69.7531, 48.4963], [-69.7566, 48.4976], [-69.763, 48.4908], [-69.7716, 48.488], [-69.8127, 48.4848], [-69.8275, 48.5295], [-69.8463, 48.5572], [-69.8522, 48.5583], [-69.8645, 48.5721], [-69.8633, 48.5765], [-69.8659, 48.5792], [-69.8607, 48.5859], [-69.8605, 48.5926], [-69.8673, 48.5996], [-69.8308, 48.6166], [-69.8081, 48.6226], [-69.8052, 48.6201], [-69.7571, 48.6397], [-69.7573, 48.6561], [-69.742, 48.6713], [-69.7425, 48.7012], [-69.7458, 48.7025], [-69.7503, 48.6975], [-69.7908, 48.6889], [-69.8327, 48.6897], [-69.8336, 48.6355], [-69.8739, 48.6352], [-69.874, 48.644], [-69.9361, 48.6435], [-69.9404, 48.6495], [-69.9561, 48.6585], [-69.9564, 48.6741], [-69.9861, 48.6744], [-69.9905, 48.6786], [-70.006, 48.6785], [-70.0092, 48.6848]]]}}, {"type": "Feature", "properties": {"id": "qc-trq-16-70", "name": "Zec Matimek", "province": "QC", "park_type": "zec", "designation": "zec", "hunting_allowed": true, "policy_id": "Z-093A", "summary": "Structured recreational / wildlife territory on Quebec public land. Verify current regulations.", "source": "MRNF TRQ_WMS layer 16", "layer_role": "public_hunt_territory"}, "geometry": {"type": "Polygon", "coordinates": [[[-67.0033, 50.9524], [-67.0094, 50.9472], [-67.0066, 50.9325], [-67.0247, 50.9317], [-67.033, 50.9272], [-67.0305, 50.9196], [-67.0356, 50.9075], [-67.0462, 50.8971], [-67.0429, 50.8904], [-67.0449, 50.8866], [-67.0733, 50.8656], [-67.0798, 50.8569], [-67.0866, 50.8563], [-67.0979, 50.8455], [-67.0832, 50.8405], [-67.0821, 50.836], [-67.0856, 50.8314], [-67.0708, 50.8144], [-67.0554, 50.8131], [-67.0484, 50.8183], [-67.0367, 50.821], [-67.014, 50.8197], [-66.9942, 50.8043], [-67.0039, 50.7927], [-67.0193, 50.7851], [-67.0193, 50.7799], [-67.0067, 50.7765], [-67.0101, 50.7699], [-67.0052, 50.7586], [-66.9873, 50.7518], [-66.9691, 50.7503], [-66.9584, 50.7346], [-66.918, 50.7277], [-66.8875, 50.6805], [-66.8434, 50.6239], [-66.8625, 50.6063], [-66.8472, 50.5709], [-66.8379, 50.5276], [-66.8295, 50.5308], [-66.8198, 50.5222], [-66.8128, 50.524], [-66.8038, 50.5207], [-66.8293, 50.5075], [-66.834, 50.4977], [-66.8295, 50.4896], [-66.8354, 50.4815], [-66.8314, 50.4763], [-66.8298, 50.4653], [-66.822, 50.4555], [-66.8214, 50.4409], [-66.8044, 50.4208], [-66.8115, 50.4135], [-66.8088, 50.406], [-66.7935, 50.3982], [-66.7885, 50.3903], [-66.8056, 50.3763], [-66.817, 50.372], [-66.8258, 50.3576], [-66.8283, 50.3477], [-66.8155, 50.3286], [-66.8193, 50.3162], [-66.8171, 50.3057], [-66.8276, 50.3009], [-66.8522, 50.3009], [-66.8711, 50.2805], [-66.872, 50.2666], [-66.8696, 50.263], [-66.8506, 50.2554], [-66.837, 50.2548], [-66.8331, 50.2446], [-66.8198, 50.2374], [-66.7961, 50.2341], [-66.7762, 50.2159], [-66.7435, 50.2238], [-66.7238, 50.2183], [-66.7291, 50.2121], [-66.6695, 50.212], [-66.6712, 50.2082], [-66.6688, 50.2067], [-66.6599, 50.2167], [-66.6482, 50.2199], [-66.6106, 50.2005], [-66.5811, 50.2007], [-66.575, 50.2137], [-66.5777, 50.216], [-66.5739, 50.2168], [-66.571, 50.2223], [-66.5143, 50.2536], [-66.5045, 50.2621], [-66.5053, 50.2691], [-66.4834, 50.2794], [-66.4563, 50.2873], [-66.4579, 50.5357], [-66.5855, 50.5384], [-66.5653, 50.5549], [-66.5687, 50.5605], [-66.5654, 50.5693], [-66.5712, 50.5816], [-66.5667, 50.5879], [-66.5863, 50.6013], [-66.5865, 50.6089], [-66.5812, 50.611], [-66.585, 50.625], [-66.5809, 50.6286], [-66.5812, 50.6368], [-66.5566, 50.6528], [-66.5583, 50.6585], [-66.5525, 50.6655], [-66.5276, 50.6802], [-66.5327, 50.6906], [-66.5229, 50.7017], [-66.521, 50.7128], [-66.5425, 50.7189], [-66.5495, 50.7238], [-66.5809, 50.7277], [-66.5804, 50.7391], [-66.5862, 50.7449], [-66.5892, 50.755], [-66.5946, 50.759], [-66.6033, 50.7427], [-66.624, 50.7409], [-66.6363, 50.7453], [-66.6467, 50.7558], [-66.6506, 50.7666], [-66.6474, 50.7843], [-66.6358, 50.7933], [-66.646, 50.8042], [-66.6736, 50.804], [-66.6926, 50.7973], [-66.7052, 50.8027], [-66.7068, 50.8056], [-66.7021, 50.8139], [-66.7043, 50.821], [-66.7194, 50.8345], [-66.7315, 50.839], [-66.7189, 50.8451], [-66.7156, 50.8574], [-66.7102, 50.8591], [-66.7212, 50.8623], [-66.7234, 50.8663], [-66.7193, 50.8696], [-66.7218, 50.8763], [-66.7486, 50.9032], [-66.7636, 50.9048], [-66.7588, 50.9123], [-66.7759, 50.9089], [-66.7835, 50.9016], [-66.7997, 50.8944], [-66.8006, 50.9005], [-66.8113, 50.9097], [-66.8208, 50.91], [-66.8342, 50.9156], [-66.8487, 50.9125], [-66.8685, 50.9169], [-66.8848, 50.916], [-66.8935, 50.9105], [-66.8979, 50.9111], [-66.8994, 50.9177], [-66.9039, 50.9166], [-66.9043, 50.9118], [-66.9094, 50.9083], [-66.9232, 50.9034], [-66.9241, 50.8972], [-66.9314, 50.8966], [-66.9355, 50.9021], [-66.934, 50.9081], [-66.9274, 50.9115], [-66.9266, 50.921], [-66.918, 50.9227], [-66.9171, 50.9269], [-66.9215, 50.9308], [-66.9285, 50.9287], [-66.9334, 50.9336], [-66.9401, 50.9339], [-66.9451, 50.9433], [-66.9527, 50.9457], [-66.966, 50.9487], [-66.9768, 50.9393], [-66.9797, 50.9435], [-66.9844, 50.9431], [-66.9873, 50.9494], [-66.998, 50.9489], [-67.0033, 50.9524]]]}}, {"type": "Feature", "properties": {"id": "qc-trq-16-71", "name": "Zec de La Li\u00e8vre", "province": "QC", "park_type": "zec", "designation": "zec", "hunting_allowed": true, "policy_id": "Z-024A", "summary": "Structured recreational / wildlife territory on Quebec public land. Verify current regulations.", "source": "MRNF TRQ_WMS layer 16", "layer_role": "public_hunt_territory"}, "geometry": {"type": "Polygon", "coordinates": [[[-72.8566, 48.4493], [-72.8738, 48.4784], [-72.8734, 48.4826], [-72.8776, 48.4835], [-72.887, 48.4953], [-72.895, 48.516], [-72.82, 48.5688], [-72.7034, 48.4638], [-72.6156, 48.4595], [-72.4139, 48.4196], [-72.4058, 48.4138], [-72.4048, 48.3964], [-72.389, 48.3894], [-72.3868, 48.3779], [-72.3995, 48.3727], [-72.3948, 48.3712], [-72.3954, 48.3673], [-72.4078, 48.3463], [-72.4102, 48.3473], [-72.4122, 48.3422], [-72.4198, 48.3389], [-72.4291, 48.3214], [-72.4337, 48.3208], [-72.438, 48.3146], [-72.4452, 48.3135], [-72.4502, 48.3074], [-72.4482, 48.3056], [-72.4658, 48.2982], [-72.4877, 48.2977], [-72.4968, 48.2938], [-72.4982, 48.2883], [-72.4915, 48.2826], [-72.5003, 48.2802], [-72.4971, 48.2778], [-72.5016, 48.2753], [-72.507, 48.28], [-72.5131, 48.2754], [-72.5125, 48.2815], [-72.5173, 48.2823], [-72.5314, 48.2748], [-72.5399, 48.2779], [-72.5473, 48.2726], [-72.5666, 48.2694], [-72.5942, 48.2514], [-72.6014, 48.2393], [-72.5974, 48.234], [-72.6007, 48.2287], [-72.6045, 48.2322], [-72.6074, 48.2252], [-72.6202, 48.2154], [-72.6469, 48.207], [-72.6461, 48.1901], [-72.6639, 48.1577], [-72.6715, 48.1506], [-72.6961, 48.1387], [-72.699, 48.1349], [-72.6903, 48.1277], [-72.6977, 48.128], [-72.6992, 48.1317], [-72.7015, 48.1295], [-72.699, 48.1242], [-72.7035, 48.1186], [-72.7253, 48.1092], [-72.7183, 48.1038], [-72.7136, 48.1072], [-72.7164, 48.0995], [-72.7031, 48.096], [-72.7243, 48.0863], [-72.7186, 48.0695], [-72.7216, 48.07], [-72.7303, 48.0857], [-72.728, 48.0877], [-72.7302, 48.0921], [-72.7371, 48.092], [-72.7529, 48.104], [-72.7622, 48.114], [-72.7637, 48.1234], [-72.8597, 48.1725], [-72.8554, 48.1803], [-72.8369, 48.1889], [-72.8363, 48.2007], [-72.8316, 48.2065], [-72.8321, 48.2165], [-72.8352, 48.2191], [-72.8336, 48.2227], [-72.8178, 48.2381], [-72.8069, 48.2386], [-72.807, 48.2479], [-72.8026, 48.2568], [-72.8895, 48.2571], [-72.885, 48.2647], [-72.8794, 48.2667], [-72.8776, 48.2725], [-72.8722, 48.2734], [-72.8719, 48.2788], [-72.8667, 48.2813], [-72.8671, 48.2872], [-72.8554, 48.2985], [-72.8564, 48.3102], [-72.8527, 48.3217], [-72.8433, 48.3369], [-72.835, 48.3414], [-72.8381, 48.3468], [-72.8288, 48.3511], [-72.8305, 48.3623], [-72.8175, 48.3589], [-72.8129, 48.3624], [-72.8529, 48.4334], [-72.8566, 48.4493]], [[-72.8593, 48.459], [-72.8613, 48.4599], [-72.86131272217025, 48.45959466791394], [-72.8593, 48.459]], [[-72.5741, 48.3636], [-72.5751, 48.36], [-72.5804, 48.3599], [-72.5729, 48.3349], [-72.5699, 48.3341], [-72.5703, 48.3247], [-72.5617, 48.3159], [-72.5485, 48.3226], [-72.5488, 48.3302], [-72.5563, 48.3368], [-72.5415, 48.347], [-72.5434, 48.3571], [-72.5403, 48.3639], [-72.5523, 48.3669], [-72.5531, 48.3645], [-72.5741, 48.3636]], [[-72.4978, 48.3695], [-72.5021, 48.3767], [-72.4996, 48.3714], [-72.4978, 48.3695]], [[-72.4869, 48.368], [-72.4941, 48.3683], [-72.4922, 48.3676], [-72.4869, 48.368]], [[-72.4886, 48.3708], [-72.4867, 48.3709], [-72.488, 48.3709], [-72.4886, 48.3708]], [[-72.4871, 48.37], [-72.4892, 48.3696], [-72.4875, 48.3699], [-72.4871, 48.37]]]}}, {"type": "Feature", "properties": {"id": "qc-trq-16-72", "name": "Zec Jeannotte", "province": "QC", "park_type": "zec", "designation": "zec", "hunting_allowed": true, "policy_id": "Z-042D", "summary": "Structured recreational / wildlife territory on Quebec public land. Verify current regulations.", "source": "MRNF TRQ_WMS layer 16", "layer_role": "public_hunt_territory"}, "geometry": {"type": "Polygon", "coordinates": [[[-72.3422, 47.5096], [-72.3533, 47.5252], [-72.3694, 47.5238], [-72.3718, 47.5209], [-72.37, 47.506], [-72.3577, 47.4981], [-72.3632, 47.4925], [-72.3567, 47.4719], [-72.35, 47.4692], [-72.3288, 47.4337], [-72.3406, 47.42], [-72.3469, 47.4217], [-72.3523, 47.4097], [-72.3859, 47.3931], [-72.3846, 47.3858], [-72.3904, 47.3691], [-72.3779, 47.3625], [-72.3837, 47.3545], [-72.374, 47.3511], [-72.3783, 47.3449], [-72.3645, 47.3154], [-72.3669, 47.3142], [-72.3634, 47.3107], [-72.3636, 47.2934], [-72.344, 47.2796], [-72.3204, 47.3031], [-72.2871, 47.2918], [-72.239, 47.2909], [-72.2355, 47.2991], [-72.2293, 47.3003], [-72.2082, 47.3255], [-72.2063, 47.3387], [-72.2016, 47.3466], [-72.2051, 47.3535], [-72.2019, 47.3611], [-72.1846, 47.3663], [-72.1753, 47.3789], [-72.162, 47.3861], [-72.161, 47.3918], [-72.1464, 47.3994], [-72.142, 47.4089], [-72.1455, 47.4181], [-72.1589, 47.421], [-72.1747, 47.4397], [-72.1718, 47.4427], [-72.1718, 47.4504], [-72.1692, 47.4504], [-72.1737, 47.4629], [-72.1693, 47.4654], [-72.1617, 47.4641], [-72.163, 47.4682], [-72.1719, 47.4765], [-72.1832, 47.4767], [-72.2013, 47.4853], [-72.2023, 47.488], [-72.1943, 47.495], [-72.1951, 47.4992], [-72.2067, 47.5011], [-72.2114, 47.5083], [-72.3422, 47.5096]]]}}, {"type": "Feature", "properties": {"id": "qc-trq-16-73", "name": "Zec Lesueur", "province": "QC", "park_type": "zec", "designation": "zec", "hunting_allowed": true, "policy_id": "Z-159A", "summary": "Structured recreational / wildlife territory on Quebec public land. Verify current regulations.", "source": "MRNF TRQ_WMS layer 16", "layer_role": "public_hunt_territory"}, "geometry": {"type": "Polygon", "coordinates": [[[-75.276, 47.532], [-75.3166, 47.4905], [-75.3227, 47.4908], [-75.3328, 47.4847], [-75.3408, 47.4873], [-75.3618, 47.4781], [-75.3709, 47.4789], [-75.3821, 47.4637], [-75.3838, 47.4413], [-75.3896, 47.4283], [-75.4224, 47.4032], [-75.4312, 47.3897], [-75.4596, 47.3714], [-75.4747, 47.3391], [-75.4689, 47.3298], [-75.4622, 47.3265], [-75.4584, 47.3162], [-75.468, 47.3082], [-75.4675, 47.2929], [-75.4794, 47.277], [-75.4926, 47.2736], [-75.5045, 47.2601], [-75.5124, 47.2598], [-75.5223, 47.2531], [-75.5307, 47.2383], [-75.56, 47.2078], [-75.5758, 47.2073], [-75.5764, 47.202], [-75.5969, 47.1857], [-75.6272, 47.182], [-75.6509, 47.1627], [-75.6542, 47.1565], [-75.6671, 47.1523], [-75.6724, 47.1454], [-75.6977, 47.1395], [-75.7239, 47.1254], [-75.7279, 47.1275], [-75.7437, 47.1167], [-75.7477, 47.1043], [-75.7436, 47.0942], [-75.7525, 47.0879], [-75.7521, 47.0806], [-75.7484, 47.0772], [-75.7437, 47.0788], [-75.7372, 47.0736], [-75.7398, 47.0714], [-75.7373, 47.0684], [-75.7275, 47.0647], [-75.7124, 47.0522], [-75.7089, 47.0461], [-75.71, 47.0379], [-75.7036, 47.0362], [-75.7046, 47.0262], [-75.6964, 47.0341], [-75.6919, 47.0343], [-75.7062, 47.0235], [-75.7116, 47.0115], [-75.7249, 47.005], [-75.7138, 47.0019], [-75.7145, 47.0074], [-75.6929, 47.01], [-75.6628, 47.019], [-75.648, 47.0156], [-75.6438, 47.0297], [-75.6105, 47.0348], [-75.5676, 47.0601], [-75.5574, 47.0706], [-75.5435, 47.0754], [-75.5292, 47.086], [-75.529, 47.133], [-75.4544, 47.1216], [-75.362, 47.1404], [-75.3497, 47.1238], [-75.3502, 47.0617], [-75.3724, 47.0462], [-75.3734, 47.0404], [-75.3631, 47.0299], [-75.3474, 47.0351], [-75.345, 47.0547], [-75.3328, 47.0645], [-75.3332, 47.0693], [-75.3112, 47.0794], [-75.3038, 47.0976], [-75.3137, 47.0999], [-75.3155, 47.1129], [-75.3255, 47.1194], [-75.3319, 47.1293], [-75.3295, 47.1416], [-75.3314, 47.1515], [-75.3437, 47.1606], [-75.3442, 47.1702], [-75.3533, 47.1726], [-75.354, 47.1754], [-75.3436, 47.1839], [-75.3428, 47.1881], [-75.3272, 47.1951], [-75.325, 47.1979], [-75.329, 47.1979], [-75.3255, 47.2014], [-75.3169, 47.2018], [-75.3055, 47.2087], [-75.3066, 47.2113], [-75.3019, 47.2148], [-75.2875, 47.2154], [-75.2794, 47.2221], [-75.2832, 47.2225], [-75.2768, 47.229], [-75.2778, 47.2329], [-75.2579, 47.2386], [-75.2476, 47.2531], [-75.3525, 47.2529], [-75.3525, 47.2506], [-75.367, 47.2501], [-75.3673, 47.2933], [-75.4308, 47.2931], [-75.4311, 47.3291], [-75.4006, 47.3297], [-75.3983, 47.3738], [-75.3592, 47.3734], [-75.3234, 47.3645], [-75.246, 47.3767], [-75.2908, 47.3241], [-75.2906, 47.2962], [-75.237, 47.2964], [-75.2598, 47.2779], [-75.2414, 47.2648], [-75.2386, 47.2696], [-75.2278, 47.2669], [-75.2259, 47.274], [-75.228, 47.281], [-75.2231, 47.2857], [-75.2278, 47.2912], [-75.2277, 47.3018], [-75.2347, 47.3019], [-75.2424, 47.3206], [-75.2521, 47.3252], [-75.2457, 47.3261], [-75.249, 47.3355], [-75.2532, 47.3354], [-75.2518, 47.3428], [-75.2452, 47.3442], [-75.2428, 47.3401], [-75.2424, 47.3505], [-75.2521, 47.3519], [-75.257, 47.3562], [-75.2516, 47.3523], [-75.2459, 47.356], [-75.2447, 47.3721], [-75.2337, 47.3796], [-75.2326, 47.3857], [-75.2199, 47.396], [-75.2191, 47.4028], [-75.2154, 47.4032], [-75.2206, 47.4038], [-75.22, 47.4103], [-75.2191, 47.408], [-75.204, 47.4206], [-75.2028, 47.4168], [-75.1993, 47.4222], [-75.1958, 47.4204], [-75.1999, 47.4409], [-75.2184, 47.435], [-75.2563, 47.461], [-75.214, 47.4908], [-75.2648, 47.5248], [-75.2625, 47.5259], [-75.276, 47.532]]]}}, {"type": "Feature", "properties": {"id": "qc-trq-16-74", "name": "Zec de la Rivi\u00e8re-Nouvelle", "province": "QC", "park_type": "zec", "designation": "zec", "hunting_allowed": true, "policy_id": "Z-112C", "summary": "Structured recreational / wildlife territory on Quebec public land. Verify current regulations.", "source": "MRNF TRQ_WMS layer 16", "layer_role": "public_hunt_territory"}, "geometry": {"type": "MultiPolygon", "coordinates": [[[[-66.51317768595042, 48.302898347107444], [-66.5203, 48.306], [-66.521683930131, 48.30897423580786], [-66.51317768595042, 48.302898347107444]]], [[[-66.522, 48.3092], [-66.52456271551725, 48.31516109913794], [-66.521683930131, 48.30897423580786], [-66.522, 48.3092]]], [[[-66.52456271551725, 48.31516109913794], [-66.534563559322, 48.33142372881355], [-66.5312, 48.3306], [-66.52456271551725, 48.31516109913794]]], [[[-66.55313892168438, 48.33741578118851], [-66.534563559322, 48.33142372881355], [-66.5508, 48.3354], [-66.55313892168438, 48.33741578118851]]], [[[-66.5565, 48.3385], [-66.56127311660501, 48.34442617286353], [-66.55313892168438, 48.33741578118851], [-66.5565, 48.3385]]], [[[-66.566, 48.3485], [-66.57197129024995, 48.357708736771], [-66.56127311660501, 48.34442617286353], [-66.566, 48.3485]]], [[[-66.59535216293027, 48.37748440164202], [-66.57197129024995, 48.357708736771], [-66.5935, 48.3739], [-66.59535216293027, 48.37748440164202]]], [[[-66.60254888366627, 48.39141186839013], [-66.59535216293027, 48.37748440164202], [-66.6029, 48.3903], [-66.60254888366627, 48.39141186839013]]], [[[-66.73899784881982, 48.395756468479235], [-66.7381, 48.3957], [-66.73486215139444, 48.392688047808775], [-66.73899784881982, 48.395756468479235]]], [[[-66.60254888366627, 48.39141186839013], [-66.60652937365012, 48.39911511879051], [-66.6017, 48.3941], [-66.60254888366627, 48.39141186839013]]], [[[-66.74, 48.3965], [-66.73899784881982, 48.395756468479235], [-66.754, 48.3967], [-66.74, 48.3965]]], [[[-66.6450888372093, 48.4046265116279], [-66.6585, 48.4005], [-66.6805, 48.3992], [-66.7044, 48.3901], [-66.719, 48.3972], [-66.7338, 48.3917], [-66.73486215139444, 48.392688047808775], [-66.719, 48.3974], [-66.7042, 48.3903], [-66.681, 48.3995], [-66.6450888372093, 48.4046265116279]]], [[[-66.60824220969559, 48.40089383314543], [-66.6074, 48.4008], [-66.60652937365012, 48.39911511879051], [-66.60824220969559, 48.40089383314543]]], [[[-66.6095, 48.4022], [-66.60824220969559, 48.40089383314543], [-66.63647200000001, 48.404039], [-66.6095, 48.4022]]], [[[-66.6442, 48.4049], [-66.63647200000001, 48.404039], [-66.6450888372093, 48.4046265116279], [-66.6442, 48.4049]]], [[[-66.3923, 48.1774], [-66.3931, 48.1776], [-66.3983, 48.1797], [-66.3923, 48.1774]]], [[[-66.4056, 48.1797], [-66.4284, 48.1827], [-66.42894518462126, 48.18292657023221], [-66.4056, 48.1797]]], [[[-66.4393, 48.187], [-66.437, 48.1863], [-66.4376, 48.1897], [-66.4361, 48.1859], [-66.42894518462126, 48.18292657023221], [-66.4393, 48.187]]], [[[-66.4897, 48.2322], [-66.4909, 48.2224], [-66.483, 48.2183], [-66.4817, 48.2044], [-66.4685, 48.1983], [-66.4428, 48.1934], [-66.4701, 48.198], [-66.487, 48.2068], [-66.4831, 48.2113], [-66.4863, 48.2164], [-66.4836, 48.2176], [-66.4919, 48.2225], [-66.4936, 48.2266], [-66.4904, 48.2321], [-66.4956, 48.2343], [-66.4968, 48.2416], [-66.5051, 48.2472], [-66.5038, 48.2527], [-66.5068, 48.2562], [-66.5025, 48.2633], [-66.5091, 48.283], [-66.50807773019271, 48.285091006424004], [-66.502, 48.2634], [-66.5059, 48.2555], [-66.5033, 48.2527], [-66.5041, 48.2468], [-66.4965, 48.2421], [-66.495, 48.2344], [-66.4897, 48.2322]]], [[[-66.5069, 48.2875], [-66.50807773019271, 48.285091006424004], [-66.50725456581239, 48.28858235879572], [-66.5069, 48.2875]]], [[[-66.5088, 48.2933], [-66.5062, 48.2952], [-66.5079, 48.3006], [-66.51193373493976, 48.30235662650602], [-66.5075, 48.3012], [-66.5056, 48.2956], [-66.50725456581239, 48.28858235879572], [-66.5088, 48.2933]]], [[[-66.5122, 48.3022], [-66.5121, 48.3024], [-66.51198754186203, 48.30237066309444], [-66.5122, 48.3022]]], [[[-66.51000954545462, 48.30395954545448], [-66.51197995731057, 48.30237675560299], [-66.51207542795233, 48.302418331527626], [-66.51000954545462, 48.30395954545448]]], [[[-66.51193373493976, 48.30235662650602], [-66.51198754186203, 48.30237066309444], [-66.51197995731057, 48.30237675560299], [-66.51193373493976, 48.30235662650602]]], [[[-66.5061, 48.3071], [-66.50864008810574, 48.319774449339164], [-66.5058, 48.3071], [-66.51000954545462, 48.30395954545448], [-66.5061, 48.3071]]], [[[-66.50864008810574, 48.319774449339164], [-66.50763568281938, 48.32605198237886], [-66.5071, 48.3256], [-66.50864008810574, 48.319774449339164]]], [[[-66.514, 48.3634], [-66.50592811501598, 48.37244504792334], [-66.5138, 48.3633], [-66.5145, 48.3586], [-66.5104, 48.3568], [-66.5182, 48.3479], [-66.5132, 48.3375], [-66.5067, 48.3319], [-66.50763568281938, 48.32605198237886], [-66.5103, 48.3283], [-66.507, 48.3319], [-66.5135, 48.3374], [-66.5185, 48.3479], [-66.5107, 48.3568], [-66.5152, 48.3586], [-66.514, 48.3634]]], [[[-66.50592811501598, 48.37244504792334], [-66.51031706555672, 48.38029895941728], [-66.5071, 48.3773], [-66.50592811501598, 48.37244504792334]]], [[[-66.5185, 48.389], [-66.51031706555672, 48.38029895941728], [-66.5189, 48.3883], [-66.5141, 48.4117], [-66.5185, 48.389]]], [[[-66.2805, 48.1151], [-66.2984, 48.1197], [-66.3041, 48.1293], [-66.3193, 48.1359], [-66.3027, 48.1296], [-66.2995, 48.1243], [-66.2805, 48.1151]]], [[[-66.3235, 48.1374], [-66.3222, 48.1373], [-66.3223, 48.1371], [-66.3235, 48.1374]]], [[[-66.3326, 48.1405], [-66.3285, 48.1393], [-66.3329, 48.14], [-66.3326, 48.1405]]], [[[-66.3432, 48.1524], [-66.3425, 48.1535], [-66.3399, 48.1535], [-66.3432, 48.1524]]], [[[-66.3489, 48.1584], [-66.3469, 48.1533], [-66.34895647058823, 48.15839647058824], [-66.3489, 48.1584]]], [[[-66.3521, 48.1582], [-66.3492, 48.159], [-66.34895647058823, 48.15839647058824], [-66.3521, 48.1582]]], [[[-66.3822, 48.1613], [-66.3907, 48.1649], [-66.3709, 48.1616], [-66.3822, 48.1613]]], [[[-66.3626, 48.1639], [-66.3584, 48.1625], [-66.3631, 48.1633], [-66.3626, 48.1639]]], [[[-66.3594, 48.1661], [-66.3595, 48.1651], [-66.3616, 48.1649], [-66.3594, 48.1661]]], [[[-66.3881, 48.1721], [-66.3879, 48.1708], [-66.3885, 48.1704], [-66.3881, 48.1721]]], [[[-66.3531, 48.1737], [-66.3531, 48.1718], [-66.3551, 48.1716], [-66.3531, 48.1737]]], [[[-66.3313, 48.189], [-66.33147211328976, 48.19611241830066], [-66.3304, 48.1942], [-66.3306, 48.189], [-66.3432, 48.1868], [-66.3489, 48.178], [-66.3436, 48.1872], [-66.3313, 48.189]]], [[[-66.3341, 48.2008], [-66.33322983794089, 48.20260247855101], [-66.33147211328976, 48.19611241830066], [-66.3341, 48.2008]]], [[[-66.354, 48.2543], [-66.3612, 48.257], [-66.3538, 48.2544], [-66.3558, 48.2466], [-66.3519, 48.2453], [-66.3508, 48.2271], [-66.3457, 48.2202], [-66.3501, 48.2155], [-66.338, 48.2098], [-66.3327, 48.2037], [-66.33322983794089, 48.20260247855101], [-66.3392, 48.2101], [-66.3507, 48.2153], [-66.3467, 48.2199], [-66.3513, 48.2271], [-66.3523, 48.2451], [-66.3563, 48.2465], [-66.354, 48.2543]]]]}}, {"type": "Feature", "properties": {"id": "qc-trq-16-75", "name": "Zec Lac-au-Sable", "province": "QC", "park_type": "zec", "designation": "zec", "hunting_allowed": true, "policy_id": "Z-031B", "summary": "Structured recreational / wildlife territory on Quebec public land. Verify current regulations.", "source": "MRNF TRQ_WMS layer 16", "layer_role": "public_hunt_territory"}, "geometry": {"type": "MultiPolygon", "coordinates": [[[[-70.3459, 47.7199], [-70.34482223690004, 47.71952835755174], [-70.3441, 47.7188], [-70.3459, 47.7199]]], [[[-70.2442, 47.7134], [-70.2513, 47.7174], [-70.2629, 47.7139], [-70.261, 47.7194], [-70.2542, 47.7192], [-70.2371, 47.7296], [-70.2281, 47.7245], [-70.2403, 47.7147], [-70.2381, 47.714], [-70.2442, 47.7134]]], [[[-70.3645, 47.7433], [-70.3661, 47.7494], [-70.3608, 47.7554], [-70.3646, 47.7608], [-70.3439, 47.7703], [-70.3524, 47.7799], [-70.3124, 47.7799], [-70.2902, 47.7743], [-70.2805, 47.7852], [-70.2652, 47.7917], [-70.2718, 47.8123], [-70.2672, 47.8187], [-70.2788, 47.8253], [-70.2867, 47.822], [-70.2919, 47.8278], [-70.3222, 47.8276], [-70.3232, 47.8657], [-70.3978, 47.865], [-70.3532, 47.9359], [-70.3543, 47.9652], [-70.3492, 47.9653], [-70.3367, 47.9941], [-70.3051, 47.9929], [-70.302, 48.0324], [-70.2376, 48.0304], [-70.2396, 48.0275], [-70.2242, 48.0186], [-70.2312, 48.0116], [-70.2558, 48.0043], [-70.2604, 47.9976], [-70.2515, 47.998], [-70.2453, 47.9939], [-70.2496, 47.9908], [-70.2391, 47.9863], [-70.2418, 47.9823], [-70.2261, 47.9746], [-70.2311, 47.9297], [-70.2302, 47.8895], [-70.2168, 47.8856], [-70.2163, 47.8759], [-70.1458, 47.8766], [-70.1485, 47.8741], [-70.1512, 47.8499], [-70.1388, 47.8431], [-70.1246, 47.8476], [-70.1117, 47.8478], [-70.1041, 47.8525], [-70.0952, 47.8519], [-70.1286, 47.8124], [-70.152, 47.8018], [-70.1509, 47.7338], [-70.161, 47.7317], [-70.1752, 47.7394], [-70.1958, 47.7264], [-70.2183, 47.7398], [-70.2244, 47.7348], [-70.2289, 47.7373], [-70.2379, 47.7301], [-70.254, 47.7386], [-70.2409, 47.7464], [-70.2469, 47.7524], [-70.2648, 47.7418], [-70.2595, 47.7355], [-70.2718, 47.7282], [-70.2752, 47.7318], [-70.3017, 47.7136], [-70.3152, 47.7206], [-70.34482223690004, 47.71952835755174], [-70.3645, 47.7433]], [[-70.2811, 47.745], [-70.2819, 47.7402], [-70.2738, 47.7376], [-70.2776, 47.7457], [-70.2811, 47.745]], [[-70.1948, 47.7997], [-70.1871, 47.7945], [-70.1824, 47.7948], [-70.1917, 47.801], [-70.1948, 47.7997]], [[-70.1801, 47.7929], [-70.1795, 47.7894], [-70.1764, 47.7908], [-70.1801, 47.7929]]]]}}, {"type": "Feature", "properties": {"id": "qc-trq-16-76", "name": "Zec de la Rivi\u00e8re-Saint-Jean-du-Saguenay", "province": "QC", "park_type": "zec", "designation": "zec", "hunting_allowed": true, "policy_id": "Z-026D", "summary": "Structured recreational / wildlife territory on Quebec public land. Verify current regulations.", "source": "MRNF TRQ_WMS layer 16", "layer_role": "public_hunt_territory"}, "geometry": {"type": "MultiPolygon", "coordinates": [[[[-70.255, 48.1972], [-70.25590592405064, 48.199691291139246], [-70.2481, 48.1974], [-70.24402068595927, 48.19957872454448], [-70.2474, 48.1969], [-70.255, 48.1972]]], [[[-70.26481473684206, 48.202306315789464], [-70.2562, 48.2005], [-70.25590592405064, 48.199691291139246], [-70.26481473684206, 48.202306315789464]]], [[[-70.24402068595927, 48.19957872454448], [-70.2392, 48.2034], [-70.23776288209606, 48.20292096069869], [-70.24402068595927, 48.19957872454448]]], [[[-70.2734, 48.2085], [-70.26481473684206, 48.202306315789464], [-70.2686, 48.2031], [-70.2734, 48.2083], [-70.2836, 48.2087], [-70.2734, 48.2085]]], [[[-70.23776288209606, 48.20292096069869], [-70.2305, 48.2068], [-70.23323661971833, 48.21038591549297], [-70.2293, 48.2076], [-70.2347, 48.2019], [-70.23776288209606, 48.20292096069869]]], [[[-70.23323661971833, 48.21038591549297], [-70.2358, 48.2122], [-70.23504130019121, 48.212750669216064], [-70.23323661971833, 48.21038591549297]]], [[[-70.2286, 48.2295], [-70.2124098901099, 48.233912087912074], [-70.2282, 48.2295], [-70.2325, 48.2243], [-70.2291, 48.2218], [-70.2296, 48.2167], [-70.23504130019121, 48.212750669216064], [-70.2363, 48.2144], [-70.23, 48.2169], [-70.2296, 48.2218], [-70.233, 48.2242], [-70.2286, 48.2295]]], [[[-70.2124098901099, 48.233912087912074], [-70.21149238095238, 48.23518476190477], [-70.2113, 48.2348], [-70.2124098901099, 48.233912087912074]]], [[[-70.20566219221604, 48.23461215250198], [-70.2057, 48.2346], [-70.2057011732229, 48.23462933057281], [-70.20566219221604, 48.23461215250198]]], [[[-70.20566219221604, 48.23461215250198], [-70.2001, 48.2364], [-70.201, 48.2392], [-70.1996, 48.2365], [-70.2045, 48.2341], [-70.20566219221604, 48.23461215250198]]], [[[-70.21149238095238, 48.23518476190477], [-70.2131, 48.2384], [-70.2059, 48.2396], [-70.2057011732229, 48.23462933057281], [-70.21149238095238, 48.23518476190477]]]]}}, {"type": "Feature", "properties": {"id": "qc-trq-16-77", "name": "Zec de l'Oie-Blanche-de-Montmagny", "province": "QC", "park_type": "zec", "designation": "zec", "hunting_allowed": true, "policy_id": "Z-124A", "summary": "Structured recreational / wildlife territory on Quebec public land. Verify current regulations.", "source": "MRNF TRQ_WMS layer 16", "layer_role": "public_hunt_territory"}, "geometry": {"type": "MultiPolygon", "coordinates": [[[[-70.5711, 47.0096], [-70.5739, 47.0068], [-70.5854, 47.0077], [-70.595, 47.0022], [-70.5981, 46.997], [-70.606, 46.9945], [-70.6041, 46.987], [-70.5795, 46.9915], [-70.5653, 46.9892], [-70.5711, 47.0096]]], [[[-70.5357, 47.0096], [-70.541, 47.0129], [-70.5544, 47.0062], [-70.5552, 46.9976], [-70.5505, 46.9926], [-70.5171, 47.0024], [-70.529, 47.0106], [-70.5357, 47.0096]]]]}}, {"type": "Feature", "properties": {"id": "qc-trq-16-78", "name": "Zec Petawaga", "province": "QC", "park_type": "zec", "designation": "zec", "hunting_allowed": true, "policy_id": "Z-158A", "summary": "Structured recreational / wildlife territory on Quebec public land. Verify current regulations.", "source": "MRNF TRQ_WMS layer 16", "layer_role": "public_hunt_territory"}, "geometry": {"type": "Polygon", "coordinates": [[[-75.9759, 46.897], [-75.9721, 46.8907], [-75.9754, 46.8872], [-75.9693, 46.8863], [-75.9724, 46.8822], [-75.9866, 46.8824], [-75.9913, 46.8912], [-76.0187, 46.8871], [-76.0199, 46.8941], [-76.0138, 46.895], [-76.0169, 46.8972], [-76.037, 46.8901], [-76.0505, 46.8964], [-76.0491, 46.9013], [-76.0521, 46.903], [-76.0653, 46.901], [-76.0804, 46.9086], [-76.0836, 46.9057], [-76.0844, 46.9117], [-76.0921, 46.9108], [-76.0971, 46.9136], [-76.0919, 46.9171], [-76.0941, 46.9172], [-76.0926, 46.9216], [-76.0953, 46.9164], [-76.1056, 46.9119], [-76.1148, 46.9195], [-76.1298, 46.9228], [-76.1291, 46.9273], [-76.1373, 46.9374], [-76.1336, 46.9534], [-76.1365, 46.9617], [-76.1329, 46.9701], [-76.1387, 46.9793], [-76.1285, 46.9849], [-76.1398, 46.9946], [-76.1391, 47.0011], [-76.1485, 47.0062], [-76.1456, 47.0111], [-76.1401, 47.0117], [-76.1304, 47.0196], [-76.119, 47.0201], [-76.1024, 47.0305], [-76.1061, 47.034], [-76.1022, 47.0365], [-76.1029, 47.0474], [-76.0979, 47.0503], [-76.1006, 47.0636], [-76.0973, 47.0789], [-76.0995, 47.1006], [-76.095, 47.1268], [-76.091, 47.1306], [-76.0932, 47.143], [-76.0995, 47.1506], [-76.0981, 47.1556], [-76.1013, 47.1629], [-76.098, 47.1679], [-76.1032, 47.1735], [-76.101, 47.1798], [-76.0977, 47.1791], [-76.0957, 47.1825], [-76.1005, 47.1832], [-76.0921, 47.1829], [-76.0936, 47.188], [-76.0775, 47.1884], [-76.055, 47.1985], [-76.0297, 47.1952], [-76.0323, 47.1901], [-76.0278, 47.1884], [-76.0086, 47.1944], [-76.0029, 47.1994], [-75.997, 47.1978], [-75.9941, 47.2014], [-75.9903, 47.2012], [-75.9916, 47.1987], [-75.9869, 47.2024], [-75.981, 47.2021], [-75.9805, 47.2048], [-75.9762, 47.2032], [-75.9712, 47.2089], [-75.9671, 47.2092], [-75.967, 47.2137], [-75.9529, 47.2226], [-75.9515, 47.2287], [-75.942, 47.2329], [-75.9419, 47.2368], [-75.9327, 47.2391], [-75.9319, 47.2411], [-75.9344, 47.2407], [-75.9297, 47.2446], [-75.9238, 47.2449], [-75.9244, 47.2478], [-75.9018, 47.2671], [-75.8935, 47.269], [-75.8942, 47.2714], [-75.8832, 47.2778], [-75.8817, 47.2825], [-75.8593, 47.2941], [-75.8557, 47.2984], [-75.8587, 47.3016], [-75.8516, 47.3013], [-75.8394, 47.3097], [-75.8339, 47.3085], [-75.825, 47.3136], [-75.8027, 47.3187], [-75.7957, 47.3185], [-75.7813, 47.3087], [-75.7683, 47.3052], [-75.7469, 47.2931], [-75.7478, 47.2729], [-75.739, 47.2742], [-75.726, 47.2682], [-75.7246, 47.2709], [-75.7129, 47.269], [-75.7128, 47.2872], [-75.691, 47.2784], [-75.6845, 47.2786], [-75.6756, 47.2852], [-75.6481, 47.2825], [-75.6491, 47.2723], [-75.6522, 47.2705], [-75.6482, 47.2666], [-75.6467, 47.2535], [-75.6391, 47.2501], [-75.6341, 47.2394], [-75.6221, 47.2284], [-75.629, 47.2189], [-75.6253, 47.2133], [-75.6266, 47.2073], [-75.6223, 47.2056], [-75.6205, 47.2001], [-75.6288, 47.1992], [-75.6262, 47.1823], [-75.6509, 47.1627], [-75.6541, 47.1566], [-75.6671, 47.1523], [-75.6731, 47.1451], [-75.6977, 47.1395], [-75.7239, 47.1254], [-75.728, 47.1275], [-75.744, 47.1163], [-75.7477, 47.1043], [-75.7436, 47.0942], [-75.7572, 47.0811], [-75.7437, 47.0754], [-75.741, 47.0722], [-75.7431, 47.0684], [-75.7358, 47.0665], [-75.7158, 47.052], [-75.709, 47.0318], [-75.7096, 47.0229], [-75.716, 47.0134], [-75.726, 47.0149], [-75.7342, 47.0124], [-75.733, 47.0065], [-75.7399, 46.9936], [-75.7528, 46.9944], [-75.7646, 46.9877], [-75.7626, 46.9833], [-75.7666, 46.9825], [-75.7753, 46.9662], [-75.7724, 46.9577], [-75.7879, 46.954], [-75.7846, 46.9486], [-75.7775, 46.9499], [-75.7795, 46.9453], [-75.7918, 46.9482], [-75.8009, 46.94], [-75.7982, 46.9401], [-75.8002, 46.933], [-75.7982, 46.929], [-75.7858, 46.9238], [-75.8027, 46.9181], [-75.8039, 46.9123], [-75.7943, 46.9034], [-75.7971, 46.8999], [-75.8051, 46.9087], [-75.7969, 46.8993], [-75.802, 46.8937], [-75.8019, 46.8831], [-75.8155, 46.8522], [-75.8205, 46.8483], [-75.8194, 46.8517], [-75.8204, 46.8499], [-75.8249, 46.854], [-75.8218, 46.8483], [-75.828, 46.8445], [-75.8258, 46.8424], [-75.8313, 46.8377], [-75.8299, 46.8358], [-75.8219, 46.8403], [-75.8179, 46.836], [-75.8328, 46.8277], [-75.829, 46.8332], [-75.8335, 46.8352], [-75.84, 46.8264], [-75.8581, 46.8175], [-75.8602, 46.8271], [-75.8644, 46.8299], [-75.867, 46.8224], [-75.8697, 46.8249], [-75.8729, 46.82], [-75.8799, 46.8213], [-75.8774, 46.8245], [-75.8818, 46.8287], [-75.8787, 46.8448], [-75.8705, 46.8499], [-75.8666, 46.8483], [-75.8677, 46.8451], [-75.8633, 46.8463], [-75.8664, 46.853], [-75.8787, 46.859], [-75.8726, 46.8678], [-75.8741, 46.8716], [-75.8882, 46.8702], [-75.8852, 46.8736], [-75.8892, 46.8742], [-75.8887, 46.8785], [-75.8836, 46.8802], [-75.8875, 46.8796], [-75.8907, 46.8912], [-75.8855, 46.8953], [-75.892, 46.8923], [-75.8978, 46.9033], [-75.9021, 46.9048], [-75.8981, 46.9071], [-75.9025, 46.9067], [-75.9068, 46.9136], [-75.9069, 46.9102], [-75.9102, 46.9109], [-75.9101, 46.9138], [-75.9106, 46.9092], [-75.9052, 46.9097], [-75.9076, 46.9071], [-75.9034, 46.907], [-75.9028, 46.8983], [-75.8962, 46.8931], [-75.897, 46.886], [-75.8894, 46.8799], [-75.8915, 46.8738], [-75.8891, 46.8722], [-75.8949, 46.8698], [-75.8909, 46.8657], [-75.8966, 46.8627], [-75.9032, 46.8651], [-75.9077, 46.8607], [-75.9053, 46.8579], [-75.9103, 46.8546], [-75.9182, 46.8596], [-75.9254, 46.8709], [-75.9194, 46.859], [-75.9217, 46.8546], [-75.9245, 46.855], [-75.9243, 46.8598], [-75.9325, 46.8599], [-75.9379, 46.8663], [-75.9445, 46.8654], [-75.9464, 46.8676], [-75.9439, 46.8718], [-75.947, 46.8761], [-75.9482, 46.8739], [-75.952, 46.8768], [-75.9501, 46.8727], [-75.954, 46.8724], [-75.959, 46.874], [-75.9563, 46.8773], [-75.9588, 46.8771], [-75.9584, 46.8801], [-75.9601, 46.877], [-75.9654, 46.877], [-75.9631, 46.8813], [-75.9693, 46.8824], [-75.9678, 46.8874], [-75.9734, 46.8884], [-75.9628, 46.8906], [-75.9725, 46.8919], [-75.9744, 46.8969], [-75.97178630136986, 46.89984041095891], [-75.9759, 46.897]], [[-75.7796, 46.9578], [-75.7827, 46.9638], [-75.78033446288929, 46.957463739882016], [-75.7796, 46.9578]], [[-75.88675003594535, 46.89566405463695], [-75.8875, 46.8955], [-75.88707273918742, 46.89545727391874], [-75.88675003594535, 46.89566405463695]], [[-75.8811, 46.8969], [-75.8817, 46.8989], [-75.88675003594535, 46.89566405463695], [-75.8811, 46.8969]], [[-75.8794, 46.893], [-75.87750181144503, 46.892798065047344], [-75.88077663209273, 46.89653136058572], [-75.8794, 46.893]], [[-75.8761, 46.8912], [-75.8627, 46.9029], [-75.87750181144503, 46.892798065047344], [-75.8761, 46.8912]], [[-75.9717, 46.8999], [-75.97173102394294, 46.89990259806419], [-75.97178630136986, 46.89984041095891], [-75.9717, 46.8999]], [[-75.9712, 46.9005], [-75.9915, 46.9019], [-75.9995, 46.912], [-75.99791999999995, 46.91402240000006], [-75.9997, 46.9121], [-75.992, 46.9016], [-75.9712, 46.9005]], [[-75.9972, 46.9148], [-75.99724788391778, 46.91488270858524], [-75.99791999999995, 46.91402240000006], [-75.9972, 46.9148]], [[-75.997, 46.9152], [-75.9994, 46.9186], [-75.99724788391778, 46.91488270858524], [-75.997, 46.9152]], [[-75.702, 47.2247], [-75.7021, 47.2353], [-75.713, 47.2352], [-75.7133, 47.2537], [-75.7496, 47.2534], [-75.7492, 47.2244], [-75.702, 47.2247]], [[-75.8786, 47.138], [-75.8707, 47.1309], [-75.8704, 47.112], [-75.8309, 47.0992], [-75.7925, 47.0703], [-75.7768, 47.0339], [-75.7796, 47.0001], [-75.7494, 46.9999], [-75.7147, 47.0458], [-75.7622, 47.0766], [-75.7692, 47.0752], [-75.7703, 47.0818], [-75.9043, 47.1699], [-75.9226, 47.1318], [-75.8786, 47.138]]]}}, {"type": "Feature", "properties": {"id": "qc-trq-16-79", "name": "Zec des Anses", "province": "QC", "park_type": "zec", "designation": "zec", "hunting_allowed": true, "policy_id": "Z-111A", "summary": "Structured recreational / wildlife territory on Quebec public land. Verify current regulations.", "source": "MRNF TRQ_WMS layer 16", "layer_role": "public_hunt_territory"}, "geometry": {"type": "Polygon", "coordinates": [[[-65.0043, 48.4374], [-65.0075, 48.4333], [-65.0025, 48.4302], [-65.0019, 48.4231], [-64.9896, 48.4239], [-64.9898, 48.4196], [-64.9869, 48.4188], [-64.977, 48.4206], [-64.9689, 48.4155], [-64.9666, 48.4086], [-64.9611, 48.4083], [-64.9581, 48.4025], [-64.9514, 48.4049], [-64.9456, 48.4024], [-64.9387, 48.3942], [-64.9278, 48.3892], [-64.879, 48.3896], [-64.8712, 48.3939], [-64.82, 48.3888], [-64.7896, 48.3878], [-64.7735, 48.3904], [-64.7525, 48.387], [-64.7343, 48.3752], [-64.7476, 48.3709], [-64.7435, 48.3653], [-64.7377, 48.3671], [-64.7368, 48.3639], [-64.757, 48.3612], [-64.754, 48.3573], [-64.7612, 48.3525], [-64.7499, 48.345], [-64.7626, 48.3366], [-64.772, 48.3431], [-64.7794, 48.3429], [-64.7695, 48.3361], [-64.7796, 48.3329], [-64.7851, 48.3365], [-64.7927, 48.3314], [-64.7904, 48.3298], [-64.7932, 48.3272], [-64.8277, 48.3249], [-64.8435, 48.3198], [-64.8495, 48.3207], [-64.8516, 48.3173], [-64.8575, 48.3195], [-64.866, 48.3164], [-64.9177, 48.3142], [-64.9724, 48.3427], [-64.9807, 48.3549], [-64.9892, 48.3613], [-64.9886, 48.3655], [-64.9843, 48.3674], [-64.9969, 48.3748], [-65.0051, 48.3876], [-65.0191, 48.3922], [-65.052, 48.3897], [-65.1008, 48.4213], [-65.0941, 48.4268], [-65.0771, 48.4314], [-65.0665, 48.4251], [-65.0578, 48.4294], [-65.0519, 48.4372], [-65.0466, 48.4363], [-65.0426, 48.4402], [-65.0322, 48.439], [-65.0303, 48.4436], [-65.0238, 48.442], [-65.0223, 48.4452], [-65.0165, 48.4454], [-65.0043, 48.4374]], [[-64.79649049699617, 48.353711250682686], [-64.7961, 48.3538], [-64.798, 48.3545], [-64.79649049699617, 48.353711250682686]], [[-64.8005, 48.3528], [-64.7905, 48.3462], [-64.7823, 48.348], [-64.7765, 48.3459], [-64.7833, 48.3455], [-64.78, 48.3433], [-64.7738, 48.3443], [-64.7836, 48.3509], [-64.7869, 48.3487], [-64.79649049699617, 48.353711250682686], [-64.8005, 48.3528]], [[-64.8217, 48.3522], [-64.8254, 48.3498], [-64.8149, 48.3429], [-64.8113, 48.3454], [-64.8217, 48.3522]]]}}, {"type": "Feature", "properties": {"id": "qc-trq-16-80", "name": "Zec Boull\u00e9", "province": "QC", "park_type": "zec", "designation": "zec", "hunting_allowed": true, "policy_id": "Z-146C", "summary": "Structured recreational / wildlife territory on Quebec public land. Verify current regulations.", "source": "MRNF TRQ_WMS layer 16", "layer_role": "public_hunt_territory"}, "geometry": {"type": "Polygon", "coordinates": [[[-74.1346, 47.0715], [-74.2964, 47.1825], [-74.4476, 47.078], [-74.4611, 47.0717], [-74.4601, 47.0696], [-74.4841, 47.0531], [-74.5248, 47.0296], [-74.5284, 47.0304], [-74.5299, 47.0266], [-74.5747, 46.9975], [-74.5545, 46.9836], [-74.5575, 46.979], [-74.5529, 46.9821], [-74.5475, 46.9739], [-74.5347, 46.9722], [-74.4576, 46.9172], [-74.4585, 46.9139], [-74.4549, 46.9154], [-74.4101, 46.8848], [-74.4135, 46.8825], [-74.4086, 46.8838], [-74.3915, 46.8721], [-74.3832, 46.8786], [-74.3764, 46.8962], [-74.3435, 46.9144], [-74.3114, 46.9215], [-74.3101, 46.894], [-74.3051, 46.8945], [-74.3053, 46.903], [-74.2954, 46.9079], [-74.2909, 46.9056], [-74.2798, 46.9082], [-74.2768, 46.9022], [-74.2648, 46.9084], [-74.2493, 46.8998], [-74.2304, 46.9044], [-74.213, 46.9002], [-74.2107, 46.9057], [-74.2155, 46.915], [-74.2087, 46.9182], [-74.2013, 46.9317], [-74.2027, 46.9387], [-74.1944, 46.943], [-74.1896, 46.9642], [-74.172, 46.974], [-74.1883, 46.9828], [-74.2225, 47.0294], [-74.1758, 47.0286], [-74.1731, 47.0327], [-74.1581, 47.033], [-74.1644, 47.0407], [-74.162, 47.0437], [-74.1528, 47.0332], [-74.1384, 47.0335], [-74.1407, 47.0302], [-74.1341, 47.027], [-74.1332, 47.0355], [-74.1247, 47.0422], [-74.1235, 47.0469], [-74.1192, 47.049], [-74.1128, 47.0467], [-74.1041, 47.0545], [-74.1346, 47.0715]]]}}, {"type": "Feature", "properties": {"id": "qc-trq-16-81", "name": "Zec Rivi\u00e8re-Moisie", "province": "QC", "park_type": "zec", "designation": "zec", "hunting_allowed": true, "policy_id": "Z-093B", "summary": "Structured recreational / wildlife territory on Quebec public land. Verify current regulations.", "source": "MRNF TRQ_WMS layer 16", "layer_role": "public_hunt_territory"}, "geometry": {"type": "Polygon", "coordinates": [[[-66.04, 50.2728], [-66.0587, 50.2691], [-66.078, 50.2561], [-66.1117, 50.2559], [-66.0939, 50.2521], [-66.0776, 50.2531], [-66.0431, 50.2699], [-66.0387, 50.2698], [-66.042, 50.2674], [-66.0362, 50.264], [-66.0329, 50.2656], [-66.0303, 50.2619], [-66.0369, 50.2554], [-66.077, 50.2458], [-66.105, 50.2327], [-66.1115, 50.225], [-66.1137, 50.2161], [-66.1069, 50.2007], [-66.0941, 50.1944], [-66.0774, 50.1931], [-66.0603, 50.2009], [-66.0648, 50.2017], [-66.0576, 50.2046], [-66.0498, 50.2139], [-66.0623, 50.2108], [-66.072, 50.2126], [-66.0894, 50.2169], [-66.0967, 50.2238], [-66.0791, 50.2367], [-66.027, 50.2542], [-66.0231, 50.2582], [-66.0308, 50.2695], [-66.0283, 50.2701], [-66.04, 50.2728]]]}}, {"type": "Feature", "properties": {"id": "qc-trq-16-82", "name": "Zec de la Rivi\u00e8re-Blanche", "province": "QC", "park_type": "zec", "designation": "zec", "hunting_allowed": true, "policy_id": "Z-036A", "summary": "Structured recreational / wildlife territory on Quebec public land. Verify current regulations.", "source": "MRNF TRQ_WMS layer 16", "layer_role": "public_hunt_territory"}, "geometry": {"type": "Polygon", "coordinates": [[[-72.0581, 47.5707], [-72.0845, 47.5645], [-72.0857, 47.5613], [-72.0832, 47.5604], [-72.0898, 47.5526], [-72.0968, 47.5498], [-72.0948, 47.5475], [-72.0999, 47.5378], [-72.115, 47.527], [-72.1324, 47.5033], [-72.1395, 47.4999], [-72.1383, 47.4875], [-72.1459, 47.4843], [-72.1475, 47.4783], [-72.1532, 47.4789], [-72.1551, 47.4717], [-72.1629, 47.472], [-72.1594, 47.4651], [-72.1716, 47.4584], [-72.1679, 47.4502], [-72.1734, 47.4389], [-72.1586, 47.4213], [-72.1431, 47.4173], [-72.1405, 47.4126], [-72.1421, 47.4058], [-72.1454, 47.3993], [-72.1596, 47.3919], [-72.1606, 47.386], [-72.1743, 47.3787], [-72.1839, 47.3682], [-72.1849, 47.3653], [-72.1698, 47.3549], [-72.192, 47.3399], [-72.1861, 47.3359], [-72.1923, 47.3338], [-72.2052, 47.3376], [-72.2054, 47.329], [-72.215, 47.314], [-72.2292, 47.2995], [-72.2354, 47.2983], [-72.239, 47.2891], [-72.2569, 47.2808], [-72.2567, 47.2771], [-72.2263, 47.2552], [-72.2383, 47.247], [-72.2279, 47.24], [-72.2206, 47.245], [-72.2146, 47.2409], [-72.234, 47.2275], [-72.2274, 47.223], [-72.2344, 47.2182], [-72.2269, 47.2131], [-72.2293, 47.2114], [-72.2075, 47.1984], [-72.186, 47.2], [-72.1756, 47.1953], [-72.1617, 47.195], [-72.1523, 47.1873], [-72.1396, 47.1872], [-72.1251, 47.1783], [-72.0586, 47.1991], [-72.039, 47.183], [-72.0112, 47.183], [-72.0099, 47.1857], [-72.0083, 47.183], [-71.9997, 47.183], [-71.9926, 47.2133], [-71.9833, 47.2244], [-71.9271, 47.2755], [-71.9143, 47.2741], [-71.9119, 47.2847], [-71.916, 47.286], [-71.8931, 47.3078], [-71.8963, 47.3069], [-71.8978, 47.3118], [-71.8946, 47.31], [-71.8938, 47.3142], [-71.8839, 47.3165], [-71.8608, 47.338], [-71.8664, 47.344], [-71.9111, 47.3627], [-71.9369, 47.3801], [-71.9548, 47.3819], [-71.9553, 47.3846], [-71.963, 47.3856], [-71.9675, 47.3924], [-71.9786, 47.3892], [-71.9852, 47.3912], [-71.9926, 47.4103], [-71.9924, 47.423], [-71.9887, 47.4321], [-72.0099, 47.4392], [-71.9595, 47.4678], [-71.9433, 47.4689], [-71.9384, 47.4527], [-71.9323, 47.4502], [-71.9288, 47.4596], [-71.9235, 47.4627], [-71.9259, 47.4643], [-71.9234, 47.4695], [-71.9258, 47.4762], [-71.9143, 47.4865], [-71.9155, 47.4901], [-71.9094, 47.492], [-71.904, 47.4985], [-71.934, 47.537], [-71.9444, 47.535], [-71.9873, 47.5481], [-71.9897, 47.5415], [-72.012, 47.5439], [-72.0272, 47.5312], [-72.0408, 47.5266], [-72.0416, 47.5337], [-72.0362, 47.538], [-72.0404, 47.537], [-72.0505, 47.5463], [-72.0485, 47.5681], [-72.0581, 47.5707]]]}}, {"type": "Feature", "properties": {"id": "qc-trq-16-83", "name": "Zec Martin-Valin", "province": "QC", "park_type": "zec", "designation": "zec", "hunting_allowed": true, "policy_id": "Z-021B", "summary": "Structured recreational / wildlife territory on Quebec public land. Verify current regulations.", "source": "MRNF TRQ_WMS layer 16", "layer_role": "public_hunt_territory"}, "geometry": {"type": "MultiPolygon", "coordinates": [[[[-70.6685, 48.4464], [-70.6687, 48.4464], [-70.6685, 48.4465], [-70.6685, 48.4464]]], [[[-70.6697, 48.4465], [-70.6696, 48.4466], [-70.6693, 48.4466], [-70.6697, 48.4465]]], [[[-70.5899, 48.4278], [-70.7076, 48.4473], [-70.6954, 48.4699], [-70.6904, 48.493], [-70.7237, 48.5252], [-70.7384, 48.5285], [-70.7388, 48.5322], [-70.7251, 48.5302], [-70.7274, 48.5376], [-70.7516, 48.5383], [-70.7545, 48.5408], [-70.7508, 48.5433], [-70.7545, 48.5495], [-70.7513, 48.5551], [-70.7593, 48.5604], [-70.771, 48.5618], [-70.7811, 48.5715], [-70.7836, 48.5843], [-70.762, 48.6026], [-70.7519, 48.6066], [-70.7487, 48.613], [-70.7518, 48.6238], [-70.739, 48.6382], [-70.7401, 48.6464], [-70.7732, 48.6451], [-70.7623, 48.651], [-70.7596, 48.6583], [-70.7503, 48.6603], [-70.7467, 48.6645], [-70.7514, 48.6634], [-70.7621, 48.668], [-70.7727, 48.6659], [-70.7943, 48.6745], [-70.8065, 48.6648], [-70.8081, 48.6554], [-70.8208, 48.6547], [-70.8146, 48.6495], [-70.8154, 48.6468], [-70.8112, 48.6461], [-70.8045, 48.634], [-70.8156, 48.634], [-70.8238, 48.6388], [-70.8414, 48.6325], [-70.8446, 48.6503], [-70.7926, 48.6786], [-70.7954, 48.7285], [-70.7517, 48.7588], [-70.7475, 48.7584], [-70.7499, 48.7602], [-70.7432, 48.7627], [-70.7295, 48.7756], [-70.6811, 48.8057], [-70.5361, 48.8014], [-70.5354, 48.8065], [-70.521, 48.8031], [-70.5208, 48.799], [-70.5033, 48.7982], [-70.4629, 48.8069], [-70.4138, 48.8396], [-70.362, 48.8302], [-70.3613, 48.8066], [-70.358, 48.8065], [-70.3613, 48.8053], [-70.361, 48.7935], [-70.2995, 48.7612], [-70.2879, 48.694], [-70.2834, 48.6936], [-70.2926, 48.6907], [-70.2856, 48.6881], [-70.2899, 48.6808], [-70.2942, 48.6825], [-70.2895, 48.6885], [-70.2984, 48.6884], [-70.2995, 48.6913], [-70.314, 48.6901], [-70.3052, 48.6886], [-70.3039, 48.6852], [-70.3032, 48.689], [-70.2964, 48.6869], [-70.3115, 48.6715], [-70.3038, 48.6644], [-70.3173, 48.6574], [-70.3336, 48.6582], [-70.359, 48.6417], [-70.3574, 48.6384], [-70.3615, 48.6368], [-70.3626, 48.6307], [-70.345, 48.6358], [-70.3294, 48.6251], [-70.3282, 48.6089], [-70.3348, 48.5993], [-70.3361, 48.5916], [-70.3282, 48.5866], [-70.3497, 48.575], [-70.336, 48.5717], [-70.3267, 48.5647], [-70.3251, 48.5588], [-70.3171, 48.5515], [-70.303, 48.5423], [-70.3214, 48.5353], [-70.3315, 48.538], [-70.3348, 48.5352], [-70.3321, 48.5288], [-70.3425, 48.5217], [-70.3391, 48.507], [-70.3352, 48.503], [-70.3525, 48.4879], [-70.3558, 48.4896], [-70.3567, 48.4829], [-70.3765, 48.4796], [-70.3804, 48.4753], [-70.3779, 48.4613], [-70.3816, 48.4651], [-70.3788, 48.4615], [-70.545, 48.4897], [-70.561, 48.496], [-70.5899, 48.4278]], [[-70.4052, 48.4725], [-70.3866, 48.4646], [-70.3816, 48.4651], [-70.4052, 48.4725]], [[-70.4183, 48.481], [-70.4253, 48.4906], [-70.4367, 48.4955], [-70.4604, 48.4993], [-70.46197565698479, 48.501897372060846], [-70.4625, 48.4998], [-70.4253, 48.4904], [-70.4184, 48.481], [-70.4052, 48.4725], [-70.4183, 48.481]], [[-70.4617, 48.503], [-70.47000115900038, 48.51512691053968], [-70.46197565698479, 48.501897372060846], [-70.4617, 48.503]], [[-70.47000115900038, 48.51512691053968], [-70.473, 48.5277], [-70.46298333333336, 48.539024999999995], [-70.4735, 48.5276], [-70.4732, 48.5198], [-70.47000115900038, 48.51512691053968]], [[-70.4542, 48.5429], [-70.45298160564623, 48.54462298191443], [-70.46298333333336, 48.539024999999995], [-70.4542, 48.5429]], [[-70.45298160564623, 48.54462298191443], [-70.4442, 48.5568], [-70.4229, 48.5663], [-70.4443, 48.5569], [-70.45298160564623, 48.54462298191443]], [[-70.5722, 48.4762], [-70.57320400943395, 48.476554952830185], [-70.57121847826087, 48.47540543478261], [-70.5722, 48.4762]], [[-70.5776, 48.4791], [-70.57972024248814, 48.47885867158672], [-70.57320400943395, 48.476554952830185], [-70.5776, 48.4791]], [[-70.5821, 48.4797], [-70.58618679245284, 48.47812264150944], [-70.57972024248814, 48.47885867158672], [-70.5821, 48.4797]], [[-70.5891719224725, 48.477782870612884], [-70.5878, 48.4775], [-70.58618679245284, 48.47812264150944], [-70.5891719224725, 48.477782870612884]], [[-70.59210339892668, 48.47838729874777], [-70.5899, 48.4777], [-70.5891719224725, 48.477782870612884], [-70.59210339892668, 48.47838729874777]], [[-70.60057838416262, 48.481030872124116], [-70.5975, 48.4795], [-70.59210339892668, 48.47838729874777], [-70.60057838416262, 48.481030872124116]], [[-70.60102807357217, 48.48125450145211], [-70.6008, 48.4811], [-70.60057838416262, 48.481030872124116], [-70.60102807357217, 48.48125450145211]], [[-70.6132, 48.4895], [-70.61786952350495, 48.48962970898625], [-70.60102807357217, 48.48125450145211], [-70.6132, 48.4895]], [[-70.653, 48.5071], [-70.65433138075315, 48.50684811715481], [-70.61786952350495, 48.48962970898625], [-70.653, 48.5071]], [[-70.65433138075315, 48.50684811715481], [-70.6666, 48.5163], [-70.6663, 48.5247], [-70.6733, 48.534], [-70.6732, 48.5446], [-70.6511, 48.5563], [-70.6445, 48.5653], [-70.6562, 48.5718], [-70.674, 48.5596], [-70.7046, 48.5466], [-70.7051, 48.5515], [-70.6974, 48.5565], [-70.7086, 48.5583], [-70.7101, 48.5477], [-70.7164, 48.5403], [-70.7144, 48.5373], [-70.7209, 48.5357], [-70.7223, 48.5392], [-70.7239, 48.5275], [-70.7173, 48.5203], [-70.706, 48.5239], [-70.6795, 48.5096], [-70.65433138075315, 48.50684811715481]], [[-70.6727, 48.4452], [-70.6753, 48.4462], [-70.668, 48.4426], [-70.6727, 48.4452]], [[-70.6296, 48.4489], [-70.6281, 48.4462], [-70.6243, 48.4463], [-70.6296, 48.4489]], [[-70.6725, 48.4469], [-70.6694, 48.4461], [-70.6627, 48.4465], [-70.6725, 48.4469]], [[-70.6274, 48.4442], [-70.6263, 48.4431], [-70.6253, 48.4436], [-70.6274, 48.4442]], [[-70.6111, 48.4417], [-70.6108, 48.4412], [-70.6092, 48.4414], [-70.6111, 48.4417]], [[-70.6789, 48.4474], [-70.6804, 48.4474], [-70.6795, 48.4469], [-70.6789, 48.4474]], [[-70.6334, 48.4524], [-70.6329, 48.4518], [-70.6322, 48.4523], [-70.6334, 48.4524]], [[-70.6319, 48.4497], [-70.6315, 48.4494], [-70.6304, 48.4497], [-70.6319, 48.4497]], [[-70.6751, 48.4464], [-70.6762, 48.4468], [-70.6765, 48.4465], [-70.6751, 48.4464]], [[-70.7609, 48.6676], [-70.7597, 48.667], [-70.7597, 48.6675], [-70.7609, 48.6676]], [[-70.6773, 48.4466], [-70.6765, 48.4468], [-70.6778, 48.4467], [-70.6773, 48.4466]], [[-70.6748, 48.4473], [-70.6741, 48.4471], [-70.6747, 48.4474], [-70.6748, 48.4473]]]]}}, {"type": "Feature", "properties": {"id": "qc-trq-16-85", "name": "Zec Rapides-des-Joachims", "province": "QC", "park_type": "zec", "designation": "zec", "hunting_allowed": true, "policy_id": "Z-076B", "summary": "Structured recreational / wildlife territory on Quebec public land. Verify current regulations.", "source": "MRNF TRQ_WMS layer 16", "layer_role": "public_hunt_territory"}, "geometry": {"type": "Polygon", "coordinates": [[[-77.7462, 46.4136], [-77.7579, 46.4215], [-77.7613, 46.4276], [-77.7666, 46.429], [-77.7653, 46.4361], [-77.7603, 46.4389], [-77.764, 46.4424], [-77.7602, 46.4403], [-77.7774, 46.4526], [-77.7721, 46.4589], [-77.7728, 46.465], [-77.77, 46.4667], [-77.7726, 46.4692], [-77.7654, 46.473], [-77.7671, 46.4766], [-77.7642, 46.4796], [-77.7683, 46.4792], [-77.7624, 46.4844], [-77.7613, 46.4926], [-77.7635, 46.4927], [-77.7606, 46.4986], [-77.7638, 46.5034], [-77.7469, 46.495], [-77.7494, 46.4885], [-77.739, 46.4844], [-77.7192, 46.4964], [-77.711, 46.5321], [-77.6936, 46.5604], [-77.695, 46.5692], [-77.673, 46.5863], [-77.6738, 46.5972], [-77.668, 46.5948], [-77.6573, 46.6017], [-77.6533, 46.615], [-77.6304, 46.6078], [-77.6221, 46.6126], [-77.623, 46.6159], [-77.6114, 46.6189], [-77.5966, 46.6155], [-77.5736, 46.6185], [-77.5557, 46.6164], [-77.5512, 46.6103], [-77.531, 46.6086], [-77.5068, 46.6008], [-77.4999, 46.5942], [-77.482, 46.5869], [-77.4668, 46.5699], [-77.4537, 46.5664], [-77.4471, 46.5683], [-77.447, 46.5725], [-77.4384, 46.5706], [-77.4416, 46.5432], [-77.4284, 46.5336], [-77.4219, 46.5179], [-77.4389, 46.4963], [-77.4378, 46.4901], [-77.4436, 46.4845], [-77.4507, 46.484], [-77.437, 46.4686], [-77.468, 46.4396], [-77.4676, 46.4344], [-77.4762, 46.4262], [-77.4763, 46.4199], [-77.4842, 46.411], [-77.4856, 46.4004], [-77.494, 46.3894], [-77.4952, 46.368], [-77.4994, 46.3599], [-77.4889, 46.3525], [-77.4852, 46.3433], [-77.4959, 46.3252], [-77.516, 46.3196], [-77.5178, 46.3145], [-77.5229, 46.3132], [-77.5315, 46.322], [-77.5409, 46.3224], [-77.5381, 46.3188], [-77.5407, 46.3162], [-77.538, 46.3056], [-77.5426, 46.3005], [-77.5402, 46.2918], [-77.5556, 46.2901], [-77.5602, 46.2833], [-77.5544, 46.279], [-77.5616, 46.2712], [-77.5759, 46.2662], [-77.5776, 46.2542], [-77.5888, 46.2517], [-77.6077, 46.2315], [-77.617, 46.2307], [-77.6196, 46.2248], [-77.6174, 46.2206], [-77.6214, 46.2146], [-77.616, 46.2059], [-77.6182, 46.2064], [-77.6166, 46.2034], [-77.6237, 46.1966], [-77.6218, 46.1917], [-77.6282, 46.1831], [-77.6576, 46.1938], [-77.6513, 46.2013], [-77.6895, 46.2166], [-77.6962, 46.2085], [-77.6845, 46.2038], [-77.7003, 46.2084], [-77.6897, 46.221], [-77.6956, 46.2234], [-77.706, 46.2109], [-77.7367, 46.2167], [-77.7546, 46.2084], [-77.767, 46.2082], [-77.7773, 46.2181], [-77.7831, 46.211], [-77.781, 46.2052], [-77.7842, 46.2], [-77.7972, 46.205], [-77.8458, 46.213], [-77.8475, 46.2166], [-77.8383, 46.2277], [-77.8446, 46.23], [-77.8498, 46.2238], [-77.8476, 46.2166], [-77.8512, 46.2162], [-77.8492, 46.22], [-77.8589, 46.2383], [-77.8562, 46.2366], [-77.852, 46.2463], [-77.8489, 46.247], [-77.8504, 46.25], [-77.8551, 46.2495], [-77.8492, 46.2517], [-77.8504, 46.26], [-77.8562, 46.2663], [-77.8517, 46.2711], [-77.8541, 46.2776], [-77.8421, 46.2879], [-77.8421, 46.2917], [-77.8465, 46.292], [-77.8476, 46.2957], [-77.8414, 46.2998], [-77.8398, 46.315], [-77.8268, 46.3227], [-77.8258, 46.3285], [-77.8294, 46.3319], [-77.8197, 46.3384], [-77.8108, 46.3584], [-77.8052, 46.3609], [-77.8045, 46.365], [-77.7876, 46.3654], [-77.7831, 46.3711], [-77.7761, 46.372], [-77.7724, 46.3771], [-77.7713, 46.389], [-77.7537, 46.3948], [-77.7439, 46.4018], [-77.7462, 46.4136]], [[-77.7424, 46.4044], [-77.7433, 46.4067], [-77.74331143330572, 46.40660662800332], [-77.7424, 46.4044]], [[-77.6785, 46.309], [-77.6793, 46.3095], [-77.6795, 46.3091], [-77.6785, 46.309]], [[-77.6816, 46.3091], [-77.6824, 46.309], [-77.6819, 46.3085], [-77.6816, 46.3091]], [[-77.6813, 46.295], [-77.6804, 46.2948], [-77.6811, 46.2955], [-77.6813, 46.295]], [[-77.6856, 46.3046], [-77.6855, 46.304], [-77.6848, 46.3045], [-77.6856, 46.3046]], [[-77.699, 46.2648], [-77.6981, 46.2648], [-77.6988, 46.2653], [-77.699, 46.2648]], [[-77.6973, 46.236], [-77.6981, 46.236], [-77.698, 46.2354], [-77.6973, 46.236]], [[-77.679, 46.312], [-77.6804, 46.312], [-77.6804, 46.3115], [-77.679, 46.312]], [[-77.6772, 46.3051], [-77.6773, 46.306], [-77.6786, 46.3064], [-77.6772, 46.3051]], [[-77.6765, 46.3105], [-77.675, 46.3106], [-77.6757, 46.311], [-77.6765, 46.3105]], [[-77.6857, 46.296], [-77.6845, 46.2963], [-77.686, 46.297], [-77.6857, 46.296]], [[-77.6791, 46.3032], [-77.6776, 46.3047], [-77.6787, 46.3049], [-77.6791, 46.3032]], [[-77.7051, 46.2391], [-77.7043, 46.2398], [-77.7073, 46.2401], [-77.7051, 46.2391]], [[-77.6934, 46.2341], [-77.6928, 46.2349], [-77.6965, 46.2359], [-77.6934, 46.2341]], [[-77.703, 46.245], [-77.7014, 46.2475], [-77.7031, 46.2481], [-77.703, 46.245]], [[-77.7035, 46.2441], [-77.7032, 46.2481], [-77.7052, 46.2484], [-77.7035, 46.2441]], [[-77.7654, 46.3894], [-77.7704, 46.3786], [-77.685, 46.3672], [-77.6892, 46.3592], [-77.6392, 46.3404], [-77.595, 46.387], [-77.6327, 46.4158], [-77.7404, 46.3986], [-77.7654, 46.3894]]]}}, {"type": "Feature", "properties": {"id": "qc-trq-16-86", "name": "Zec de la Rivi\u00e8re-Mitis", "province": "QC", "park_type": "zec", "designation": "zec", "hunting_allowed": true, "policy_id": "Z-014C", "summary": "Structured recreational / wildlife territory on Quebec public land. Verify current regulations.", "source": "MRNF TRQ_WMS layer 16", "layer_role": "public_hunt_territory"}, "geometry": {"type": "MultiPolygon", "coordinates": [[[[-68.0719, 48.3235], [-68.0692, 48.3213], [-68.0723, 48.3149], [-68.0723, 48.3013], [-68.0664, 48.2928], [-68.0642, 48.2825], [-68.0725, 48.3013], [-68.0725, 48.3152], [-68.0695, 48.3213], [-68.0721, 48.3235], [-68.0642, 48.3366], [-68.0631, 48.3507], [-68.0544, 48.3692], [-68.05349754877439, 48.36970865432716], [-68.0628, 48.3508], [-68.0639, 48.3364], [-68.0719, 48.3235]]], [[[-68.05349754877439, 48.36970865432716], [-68.04952550802139, 48.373729732620326], [-68.0489, 48.3723], [-68.05349754877439, 48.36970865432716]]], [[[-68.04172488479264, 48.39145161290322], [-68.0471, 48.381], [-68.0459, 48.3774], [-68.04952550802139, 48.373729732620326], [-68.0462, 48.3776], [-68.0476, 48.381], [-68.04172488479264, 48.39145161290322]]], [[[-68.04172488479264, 48.39145161290322], [-68.0417, 48.3915], [-68.03989999999975, 48.39225000000011], [-68.04172488479264, 48.39145161290322]]], [[[-68.0234, 48.4164], [-68.0257, 48.4204], [-68.0219, 48.4231], [-68.018, 48.4341], [-68.01438840070294, 48.43761528998247], [-68.0215, 48.4231], [-68.0255, 48.4204], [-68.023, 48.4166], [-68.0327, 48.4053], [-68.0285, 48.4027], [-68.0333, 48.402], [-68.0357, 48.394], [-68.03989999999975, 48.39225000000011], [-68.0359, 48.394], [-68.0336, 48.4021], [-68.029, 48.4028], [-68.0329, 48.4053], [-68.0234, 48.4164]]], [[[-68.0357, 48.4885], [-68.03844736842106, 48.49101052631579], [-68.034908, 48.488356], [-68.0357, 48.4885]]], [[[-68.0652, 48.4928], [-68.0415, 48.4938], [-68.03844736842106, 48.49101052631579], [-68.0419, 48.4936], [-68.0654, 48.4926], [-68.0704, 48.5015], [-68.0652, 48.4928]]], [[[-67.939, 48.3631], [-67.9492, 48.3684], [-67.9573, 48.3777], [-67.9664, 48.3991], [-67.9853, 48.4182], [-67.9879, 48.4405], [-67.99206012495405, 48.443529217199554], [-67.9876, 48.441], [-67.985, 48.4185], [-67.9659, 48.3991], [-67.9559, 48.3764], [-67.939, 48.3631]]], [[[-68.0055, 48.4474], [-68.00422822299652, 48.44750452961673], [-68.01438840070294, 48.43761528998247], [-68.0055, 48.4474]]], [[[-67.99206012495405, 48.443529217199554], [-67.99972329859771, 48.44787479737553], [-67.9982, 48.448], [-67.99206012495405, 48.443529217199554]]], [[[-68.00422822299652, 48.44750452961673], [-68.00363256161314, 48.45009163554891], [-67.99972329859771, 48.44787479737553], [-68.00422822299652, 48.44750452961673]]], [[[-68.004, 48.4503], [-68.00493442622951, 48.45295573770493], [-68.00363256161314, 48.45009163554891], [-68.004, 48.4503]]], [[[-68.0275, 48.4869], [-68.034908, 48.488356], [-68.0269, 48.4869], [-68.0242, 48.4785], [-68.0321, 48.4707], [-68.0059, 48.4557], [-68.00493442622951, 48.45295573770493], [-68.0325, 48.4706], [-68.0245, 48.4785], [-68.0275, 48.4869]]]]}}, {"type": "Feature", "properties": {"id": "qc-trq-15-1", "name": "Corporation de la sauvagine de l'Isle-aux-Grues", "province": "QC", "park_type": "exclusive_hunting_territory", "designation": "exclusive hunting territory", "hunting_allowed": true, "policy_id": "12-100", "summary": "Structured recreational / wildlife territory on Quebec public land. Verify current regulations.", "source": "MRNF TRQ_WMS layer 15", "layer_role": "public_hunt_territory"}, "geometry": {"type": "MultiPolygon", "coordinates": [[[[-70.5101, 47.1232], [-70.5183, 47.1196], [-70.533, 47.0993], [-70.5496, 47.084], [-70.5545, 47.0819], [-70.5491, 47.088], [-70.565, 47.0764], [-70.5601, 47.0636], [-70.5693, 47.0464], [-70.5773, 47.0429], [-70.5768, 47.039], [-70.5537, 47.0416], [-70.5317, 47.0549], [-70.5341, 47.0562], [-70.552, 47.0441], [-70.5759, 47.0417], [-70.5643, 47.0481], [-70.5603, 47.0549], [-70.5428, 47.0689], [-70.5389, 47.0747], [-70.5396, 47.0902], [-70.5156, 47.1082], [-70.515, 47.1197], [-70.5126, 47.1213], [-70.5117, 47.1178], [-70.5057, 47.1214], [-70.5101, 47.1232]]], [[[-70.4975, 47.118], [-70.5131, 47.1046], [-70.5207, 47.0905], [-70.5264, 47.0907], [-70.5199, 47.0872], [-70.5144, 47.0778], [-70.534, 47.0562], [-70.5313, 47.0553], [-70.5125, 47.0746], [-70.4985, 47.0982], [-70.4933, 47.1013], [-70.4948, 47.1056], [-70.4858, 47.1102], [-70.4848, 47.1125], [-70.4975, 47.118]]], [[[-70.5623, 47.0684], [-70.5703, 47.0727], [-70.5701, 47.0697], [-70.564, 47.0609], [-70.5623, 47.0684]]]]}}, {"type": "Feature", "properties": {"id": "qc-trq-8-1", "name": "Aventure Nature Okane inc.", "province": "QC", "park_type": "outfitter_exclusive", "designation": "outfitter exclusive", "hunting_allowed": true, "policy_id": "04-750", "summary": "Structured recreational / wildlife territory on Quebec public land. Verify current regulations.", "source": "MRNF TRQ_WMS layer 8", "layer_role": "public_hunt_territory"}, "geometry": {"type": "Polygon", "coordinates": [[[-73.2795, 47.4536], [-73.3095, 47.4476], [-73.3143, 47.432], [-73.3212, 47.4366], [-73.3276, 47.4353], [-73.3341, 47.4225], [-73.3305, 47.4188], [-73.3362, 47.4201], [-73.3438, 47.4166], [-73.3388, 47.4117], [-73.3268, 47.41], [-73.3166, 47.4036], [-73.3167, 47.3967], [-73.3241, 47.3924], [-73.321, 47.3874], [-73.3235, 47.3843], [-73.3196, 47.3828], [-73.3216, 47.3798], [-73.29, 47.3884], [-73.2588, 47.386], [-73.2442, 47.4211], [-73.2804, 47.4308], [-73.2745, 47.4502], [-73.2795, 47.4536]]]}}, {"type": "Feature", "properties": {"id": "qc-trq-8-2", "name": "Pourvoirie Domaine Desmarais", "province": "QC", "park_type": "outfitter_exclusive", "designation": "outfitter exclusive", "hunting_allowed": true, "policy_id": "04-530", "summary": "Structured recreational / wildlife territory on Quebec public land. Verify current regulations.", "source": "MRNF TRQ_WMS layer 8", "layer_role": "public_hunt_territory"}, "geometry": {"type": "Polygon", "coordinates": [[[-73.3652, 47.4597], [-73.3786, 47.4383], [-73.3872, 47.4363], [-73.3902, 47.428], [-73.409, 47.4166], [-73.4101, 47.4054], [-73.4273, 47.4039], [-73.429, 47.3888], [-73.4445, 47.3849], [-73.4434, 47.3785], [-73.4521, 47.3764], [-73.479, 47.3555], [-73.4772, 47.3532], [-73.4828, 47.3489], [-73.4809, 47.3425], [-73.4868, 47.3259], [-73.4733, 47.316], [-73.4758, 47.3037], [-73.3907, 47.3037], [-73.3899, 47.3611], [-73.3199, 47.3822], [-73.3235, 47.3843], [-73.321, 47.3874], [-73.3241, 47.3924], [-73.3167, 47.3967], [-73.3166, 47.4036], [-73.3437, 47.4158], [-73.3362, 47.4201], [-73.3305, 47.4188], [-73.3341, 47.4225], [-73.3295, 47.4313], [-73.3368, 47.4379], [-73.3407, 47.4373], [-73.3505, 47.4549], [-73.3593, 47.4522], [-73.3652, 47.4597]]]}}, {"type": "Feature", "properties": {"id": "qc-trq-8-3", "name": "La Pourvoirie du Lac Cypr\u00e8s", "province": "QC", "park_type": "outfitter_exclusive", "designation": "outfitter exclusive", "hunting_allowed": true, "policy_id": "09-529", "summary": "Structured recreational / wildlife territory on Quebec public land. Verify current regulations.", "source": "MRNF TRQ_WMS layer 8", "layer_role": "public_hunt_territory"}, "geometry": {"type": "Polygon", "coordinates": [[[-67.8882, 49.7289], [-68.0425, 49.7568], [-68.0553, 49.7213], [-67.8558, 49.6858], [-67.8551, 49.6946], [-67.8684, 49.698], [-67.8738, 49.7164], [-67.8875, 49.7238], [-67.8882, 49.7289]]]}}, {"type": "Feature", "properties": {"id": "qc-trq-8-4", "name": "Domaine de Raymond", "province": "QC", "park_type": "outfitter_exclusive", "designation": "outfitter exclusive", "hunting_allowed": true, "policy_id": "09-517", "summary": "Structured recreational / wildlife territory on Quebec public land. Verify current regulations.", "source": "MRNF TRQ_WMS layer 8", "layer_role": "public_hunt_territory"}, "geometry": {"type": "Polygon", "coordinates": [[[-62.2208, 50.233], [-62.2168, 50.2327], [-62.2163, 50.2455], [-62.2106, 50.2513], [-62.2123, 50.2555], [-62.22, 50.2433], [-62.2208, 50.233]]]}}, {"type": "Feature", "properties": {"id": "qc-trq-8-5", "name": "Pourvoirie Duplessis inc.", "province": "QC", "park_type": "outfitter_exclusive", "designation": "outfitter exclusive", "hunting_allowed": true, "policy_id": "04-515", "summary": "Structured recreational / wildlife territory on Quebec public land. Verify current regulations.", "source": "MRNF TRQ_WMS layer 8", "layer_role": "public_hunt_territory"}, "geometry": {"type": "MultiPolygon", "coordinates": [[[[-73.1778, 47.8695], [-73.1824, 47.8818], [-73.1756, 47.8987], [-73.2, 47.9101], [-73.2322, 47.8868], [-73.2853, 47.8705], [-73.2862, 47.8426], [-73.2621, 47.8422], [-73.2428, 47.8212], [-73.2329, 47.8166], [-73.2252, 47.8075], [-73.204, 47.7932], [-73.1887, 47.8066], [-73.1846, 47.8041], [-73.1837, 47.8152], [-73.1856, 47.8196], [-73.1895, 47.8191], [-73.1834, 47.8207], [-73.1764, 47.8289], [-73.1795, 47.8314], [-73.1776, 47.8336], [-73.1818, 47.834], [-73.1775, 47.8346], [-73.1769, 47.8382], [-73.1809, 47.8388], [-73.1743, 47.8486], [-73.1794, 47.8515], [-73.1802, 47.8588], [-73.1773, 47.8545], [-73.1751, 47.8559], [-73.1755, 47.8531], [-73.1733, 47.8565], [-73.173, 47.8656], [-73.1782, 47.8681], [-73.1796, 47.8712], [-73.1778, 47.8695]]], [[[-73.1391, 47.7613], [-73.1488, 47.768], [-73.1696, 47.7656], [-73.182, 47.7597], [-73.1837, 47.7525], [-73.1932, 47.7444], [-73.196, 47.7347], [-73.2005, 47.7339], [-73.2014, 47.7283], [-73.2086, 47.7251], [-73.2056, 47.7224], [-73.2011, 47.7247], [-73.2045, 47.721], [-73.2083, 47.7218], [-73.2066, 47.7164], [-73.2033, 47.7169], [-73.2063, 47.7155], [-73.2064, 47.711], [-73.2007, 47.7075], [-73.2034, 47.7074], [-73.2027, 47.7024], [-73.2056, 47.7017], [-73.2066, 47.7077], [-73.2089, 47.7032], [-73.2039, 47.6812], [-73.1476, 47.6803], [-73.1469, 47.6919], [-73.1404, 47.6962], [-73.1391, 47.7613]]], [[[-73.1751, 47.8404], [-73.1762, 47.843], [-73.1788, 47.8387], [-73.1751, 47.8404]]]]}}, {"type": "Feature", "properties": {"id": "qc-trq-8-6", "name": "Pourvoirie Lac du Repos", "province": "QC", "park_type": "outfitter_exclusive", "designation": "outfitter exclusive", "hunting_allowed": true, "policy_id": "14-844", "summary": "Structured recreational / wildlife territory on Quebec public land. Verify current regulations.", "source": "MRNF TRQ_WMS layer 8", "layer_role": "public_hunt_territory"}, "geometry": {"type": "Polygon", "coordinates": [[[-74.1138, 47.2743], [-74.2249, 47.2742], [-74.2496, 47.2505], [-74.2495, 47.2141], [-74.2072, 47.2138], [-74.2074, 47.2048], [-74.1064, 47.204], [-74.106, 47.2661], [-74.1139, 47.2662], [-74.1138, 47.2743]]]}}, {"type": "Feature", "properties": {"id": "qc-trq-8-7", "name": "Pourvoirie Kanawata inc.", "province": "QC", "park_type": "outfitter_exclusive", "designation": "outfitter exclusive", "hunting_allowed": true, "policy_id": "04-599", "summary": "Structured recreational / wildlife territory on Quebec public land. Verify current regulations.", "source": "MRNF TRQ_WMS layer 8", "layer_role": "public_hunt_territory"}, "geometry": {"type": "Polygon", "coordinates": [[[-74.1718, 47.5494], [-74.1783, 47.546], [-74.1802, 47.5423], [-74.1778, 47.5415], [-74.1848, 47.5387], [-74.1926, 47.5265], [-74.1975, 47.5292], [-74.2039, 47.5213], [-74.207, 47.5215], [-74.2164, 47.5287], [-74.2191, 47.5277], [-74.2156, 47.525], [-74.2166, 47.5222], [-74.216, 47.5248], [-74.2285, 47.536], [-74.1847, 47.5655], [-74.263, 47.6191], [-74.2025, 47.6601], [-74.1793, 47.6441], [-74.1589, 47.6554], [-74.148, 47.6395], [-74.1513, 47.639], [-74.1485, 47.6378], [-74.1533, 47.6332], [-74.1473, 47.6354], [-74.1458, 47.6265], [-74.1353, 47.622], [-74.1388, 47.6158], [-74.1324, 47.6155], [-74.1199, 47.6059], [-74.1199, 47.5916], [-74.1331, 47.5819], [-74.1324, 47.5894], [-74.1475, 47.5891], [-74.1485, 47.5813], [-74.1452, 47.5789], [-74.1573, 47.5728], [-74.1517, 47.5713], [-74.1551, 47.565], [-74.1775, 47.5647], [-74.1742, 47.5598], [-74.1708, 47.5645], [-74.1486, 47.5611], [-74.1505, 47.5577], [-74.17574751908397, 47.55216326335878], [-74.1718, 47.5494]], [[-74.1486, 47.5964], [-74.1558, 47.5974], [-74.1445, 47.591], [-74.1486, 47.5964]], [[-74.1768, 47.5529], [-74.1847, 47.5502], [-74.17574751908397, 47.55216326335878], [-74.1768, 47.5529]]]}}, {"type": "Feature", "properties": {"id": "qc-trq-8-8", "name": "Pourvoirie St-Z\u00e9non inc.", "province": "QC", "park_type": "outfitter_exclusive", "designation": "outfitter exclusive", "hunting_allowed": true, "policy_id": "14-580", "summary": "Structured recreational / wildlife territory on Quebec public land. Verify current regulations.", "source": "MRNF TRQ_WMS layer 8", "layer_role": "public_hunt_territory"}, "geometry": {"type": "Polygon", "coordinates": [[[-73.6814, 46.5277], [-73.6964, 46.538], [-73.7361, 46.507], [-73.7297, 46.5026], [-73.7325, 46.5014], [-73.7146, 46.4921], [-73.6991, 46.4973], [-73.6976, 46.4955], [-73.6832, 46.5055], [-73.6983, 46.516], [-73.6814, 46.5277]]]}}, {"type": "Feature", "properties": {"id": "qc-trq-8-9", "name": "Pavillon Basili\u00e8res", "province": "QC", "park_type": "outfitter_exclusive", "designation": "outfitter exclusive", "hunting_allowed": true, "policy_id": "14-513", "summary": "Structured recreational / wildlife territory on Quebec public land. Verify current regulations.", "source": "MRNF TRQ_WMS layer 8", "layer_role": "public_hunt_territory"}, "geometry": {"type": "MultiPolygon", "coordinates": [[[[-73.7046, 46.4523], [-73.7169, 46.4557], [-73.7068, 46.4489], [-73.7212, 46.4381], [-73.6978, 46.4219], [-73.7115, 46.4125], [-73.7029, 46.4112], [-73.7016, 46.4057], [-73.6795, 46.3917], [-73.6587, 46.4064], [-73.6571, 46.4246], [-73.7002, 46.4554], [-73.7046, 46.4523]]], [[[-73.7339, 46.4122], [-73.7308, 46.4182], [-73.735, 46.4201], [-73.7408, 46.4159], [-73.7339, 46.4122]]]]}}, {"type": "Feature", "properties": {"id": "qc-trq-8-10", "name": "For\u00eat Baera", "province": "QC", "park_type": "outfitter_exclusive", "designation": "outfitter exclusive", "hunting_allowed": true, "policy_id": "15-876", "summary": "Structured recreational / wildlife territory on Quebec public land. Verify current regulations.", "source": "MRNF TRQ_WMS layer 8", "layer_role": "public_hunt_territory"}, "geometry": {"type": "Polygon", "coordinates": [[[-75.3962, 46.2673], [-75.4084, 46.2673], [-75.4084, 46.2619], [-75.4382, 46.2618], [-75.4382, 46.2573], [-75.457, 46.2572], [-75.4762, 46.2306], [-75.4762, 46.2222], [-75.419, 46.2225], [-75.4139, 46.2306], [-75.3961, 46.2306], [-75.3962, 46.2673]]]}}, {"type": "Feature", "properties": {"id": "qc-trq-8-11", "name": "Pourvoirie Boismenu", "province": "QC", "park_type": "outfitter_exclusive", "designation": "outfitter exclusive", "hunting_allowed": true, "policy_id": "15-875", "summary": "Structured recreational / wildlife territory on Quebec public land. Verify current regulations.", "source": "MRNF TRQ_WMS layer 8", "layer_role": "public_hunt_territory"}, "geometry": {"type": "Polygon", "coordinates": [[[-75.43, 46.3197], [-75.4532, 46.3199], [-75.451, 46.3182], [-75.4561, 46.3117], [-75.4587, 46.2999], [-75.4638, 46.2974], [-75.4635, 46.2617], [-75.4538, 46.2617], [-75.457, 46.2572], [-75.4382, 46.2573], [-75.4382, 46.2618], [-75.4084, 46.2619], [-75.4084, 46.2673], [-75.3961, 46.2673], [-75.3792, 46.2805], [-75.3786, 46.2847], [-75.3901, 46.3028], [-75.389, 46.3094], [-75.3964, 46.3064], [-75.4047, 46.3133], [-75.4127, 46.3121], [-75.4181, 46.3163], [-75.4246, 46.3136], [-75.43, 46.3197]]]}}, {"type": "Feature", "properties": {"id": "qc-trq-8-12", "name": "Pourvoirie Chevreuil Blanc inc.", "province": "QC", "park_type": "outfitter_exclusive", "designation": "outfitter exclusive", "hunting_allowed": true, "policy_id": "07-633", "summary": "Structured recreational / wildlife territory on Quebec public land. Verify current regulations.", "source": "MRNF TRQ_WMS layer 8", "layer_role": "public_hunt_territory"}, "geometry": {"type": "Polygon", "coordinates": [[[-75.7002, 45.9922], [-75.7084, 45.9867], [-75.7093, 45.9767], [-75.7137, 45.9753], [-75.7166, 45.967], [-75.7215, 45.9705], [-75.7263, 45.9683], [-75.7219, 45.9629], [-75.7262, 45.953], [-75.726, 45.9446], [-75.7212, 45.9411], [-75.7262, 45.9381], [-75.7134, 45.9235], [-75.7077, 45.9252], [-75.7066, 45.9106], [-75.6779, 45.9085], [-75.6776, 45.9178], [-75.6731, 45.9181], [-75.6775, 45.9203], [-75.657, 45.9203], [-75.657, 45.9156], [-75.6481, 45.9156], [-75.6502, 45.9143], [-75.6448, 45.9116], [-75.6424, 45.9126], [-75.6451, 45.9149], [-75.636, 45.9161], [-75.6363, 45.9373], [-75.6571, 45.9368], [-75.6571, 45.9415], [-75.6783, 45.9414], [-75.6786, 45.9484], [-75.6573, 45.9491], [-75.6573, 45.9553], [-75.6657, 45.953], [-75.6691, 45.9563], [-75.6648, 45.9573], [-75.6653, 45.9645], [-75.6577, 45.9664], [-75.6578, 45.9704], [-75.6431, 45.9705], [-75.6428, 45.9843], [-75.6573, 45.9843], [-75.6585, 45.9871], [-75.6612, 45.9843], [-75.6888, 45.9854], [-75.6852, 45.9881], [-75.6873, 45.9916], [-75.7002, 45.9922]], [[-75.6786, 45.9368], [-75.6783, 45.9366], [-75.6788, 45.9367], [-75.6786, 45.9368]], [[-75.6784, 45.936], [-75.6786, 45.9362], [-75.6783, 45.9361], [-75.6784, 45.936]]]}}, {"type": "Feature", "properties": {"id": "qc-trq-8-13", "name": "Pourvoirie Domina Gravelle", "province": "QC", "park_type": "outfitter_exclusive", "designation": "outfitter exclusive", "hunting_allowed": true, "policy_id": "07-556", "summary": "Structured recreational / wildlife territory on Quebec public land. Verify current regulations.", "source": "MRNF TRQ_WMS layer 8", "layer_role": "public_hunt_territory"}, "geometry": {"type": "Polygon", "coordinates": [[[-76.5027, 45.9568], [-76.5433, 45.9569], [-76.5443, 45.9427], [-76.5275, 45.9425], [-76.5275, 45.9347], [-76.5208, 45.9345], [-76.5208, 45.9121], [-76.4973, 45.9111], [-76.4971, 45.9297], [-76.4928, 45.9307], [-76.504, 45.9341], [-76.5027, 45.9568]]]}}, {"type": "Feature", "properties": {"id": "qc-trq-8-14", "name": "Pourvoirie Lac de l'Indienne", "province": "QC", "park_type": "outfitter_exclusive", "designation": "outfitter exclusive", "hunting_allowed": true, "policy_id": "07-622", "summary": "Structured recreational / wildlife territory on Quebec public land. Verify current regulations.", "source": "MRNF TRQ_WMS layer 8", "layer_role": "public_hunt_territory"}, "geometry": {"type": "Polygon", "coordinates": [[[-76.631, 46.0372], [-76.6291, 46.0344], [-76.6356, 46.0342], [-76.6364, 46.0314], [-76.6292, 46.0319], [-76.6292, 46.0289], [-76.6114, 46.0182], [-76.6116, 46.0027], [-76.5879, 46.0025], [-76.5878, 46.0131], [-76.5675, 46.0133], [-76.5674, 46.0176], [-76.5944, 46.0373], [-76.631, 46.0372]]]}}, {"type": "Feature", "properties": {"id": "qc-trq-8-15", "name": "Pourvoirie Club des Douze", "province": "QC", "park_type": "outfitter_exclusive", "designation": "outfitter exclusive", "hunting_allowed": true, "policy_id": "07-902", "summary": "Structured recreational / wildlife territory on Quebec public land. Verify current regulations.", "source": "MRNF TRQ_WMS layer 8", "layer_role": "public_hunt_territory"}, "geometry": {"type": "Polygon", "coordinates": [[[-75.0, 46.0736], [-75.024, 46.0736], [-75.0407, 46.0628], [-75.039, 46.036], [-75.0224, 46.0348], [-75.0228, 46.0288], [-74.9985, 46.0295], [-75.0, 46.0736]]]}}, {"type": "Feature", "properties": {"id": "qc-trq-8-16", "name": "Le pourvoyeur de l'Est Canadien", "province": "QC", "park_type": "outfitter_exclusive", "designation": "outfitter exclusive", "hunting_allowed": true, "policy_id": "07-566", "summary": "Structured recreational / wildlife territory on Quebec public land. Verify current regulations.", "source": "MRNF TRQ_WMS layer 8", "layer_role": "public_hunt_territory"}, "geometry": {"type": "Polygon", "coordinates": [[[-76.2396, 46.2587], [-76.2419, 46.2553], [-76.2527, 46.2508], [-76.2547, 46.2529], [-76.2576, 46.2487], [-76.2815, 46.2388], [-76.2815, 46.2015], [-76.2851, 46.1999], [-76.2815, 46.1993], [-76.2816, 46.1879], [-76.2409, 46.189], [-76.24, 46.2249], [-76.2278, 46.2199], [-76.2328, 46.2104], [-76.2266, 46.2078], [-76.2202, 46.21], [-76.2241, 46.2128], [-76.2172, 46.2198], [-76.2206, 46.2276], [-76.2183, 46.2343], [-76.2252, 46.2364], [-76.2261, 46.2416], [-76.2332, 46.2417], [-76.2336, 46.2581], [-76.2396, 46.2587]]]}}, {"type": "Feature", "properties": {"id": "qc-trq-8-17", "name": "Pourvoyeur en chasse et p\u00eache Saint-Damien inc.", "province": "QC", "park_type": "outfitter_exclusive", "designation": "outfitter exclusive", "hunting_allowed": true, "policy_id": "14-695", "summary": "Structured recreational / wildlife territory on Quebec public land. Verify current regulations.", "source": "MRNF TRQ_WMS layer 8", "layer_role": "public_hunt_territory"}, "geometry": {"type": "Polygon", "coordinates": [[[-73.5733, 46.423], [-73.5938, 46.445], [-73.6184, 46.4307], [-73.567, 46.396], [-73.5712, 46.3927], [-73.5679, 46.3887], [-73.5752, 46.3902], [-73.5466, 46.3711], [-73.518, 46.3912], [-73.5203, 46.3955], [-73.5172, 46.4002], [-73.5221, 46.3994], [-73.5323, 46.4146], [-73.5297, 46.4156], [-73.5321, 46.4214], [-73.5415, 46.426], [-73.5461, 46.4342], [-73.5449, 46.4431], [-73.5733, 46.423]]]}}, {"type": "Feature", "properties": {"id": "qc-trq-8-18", "name": "Auberge La Barri\u00e8re (2014)", "province": "QC", "park_type": "outfitter_exclusive", "designation": "outfitter exclusive", "hunting_allowed": true, "policy_id": "14-599", "summary": "Structured recreational / wildlife territory on Quebec public land. Verify current regulations.", "source": "MRNF TRQ_WMS layer 8", "layer_role": "public_hunt_territory"}, "geometry": {"type": "Polygon", "coordinates": [[[-73.7918, 46.4299], [-73.8096, 46.4485], [-73.8152, 46.4306], [-73.8115, 46.4134], [-73.7866, 46.4024], [-73.7811, 46.3816], [-73.76, 46.3962], [-73.7588, 46.4031], [-73.7519, 46.4018], [-73.7478, 46.4052], [-73.7383, 46.4057], [-73.741, 46.4168], [-73.7556, 46.4195], [-73.763, 46.4335], [-73.7731, 46.4221], [-73.7836, 46.4298], [-73.7918, 46.4299]]]}}, {"type": "Feature", "properties": {"id": "qc-trq-8-19", "name": "au Pays de R\u00e9al Mass\u00e9 inc.", "province": "QC", "park_type": "outfitter_exclusive", "designation": "outfitter exclusive", "hunting_allowed": true, "policy_id": "14-520", "summary": "Structured recreational / wildlife territory on Quebec public land. Verify current regulations.", "source": "MRNF TRQ_WMS layer 8", "layer_role": "public_hunt_territory"}, "geometry": {"type": "Polygon", "coordinates": [[[-73.6554, 46.487], [-73.6624, 46.4819], [-73.6616, 46.4726], [-73.6649, 46.4712], [-73.6779, 46.4785], [-73.6775, 46.475], [-73.6821, 46.4715], [-73.6803, 46.4665], [-73.6987, 46.4543], [-73.6571, 46.4246], [-73.6354, 46.4361], [-73.6278, 46.4449], [-73.6313, 46.4523], [-73.6293, 46.459], [-73.6361, 46.4633], [-73.6356, 46.4678], [-73.6417, 46.4673], [-73.6399, 46.4743], [-73.6554, 46.487]]]}}, {"type": "Feature", "properties": {"id": "qc-trq-8-20", "name": "Centre du Pourvoyeur Mastigouche lt\u00e9e", "province": "QC", "park_type": "outfitter_exclusive", "designation": "outfitter exclusive", "hunting_allowed": true, "policy_id": "14-817", "summary": "Structured recreational / wildlife territory on Quebec public land. Verify current regulations.", "source": "MRNF TRQ_WMS layer 8", "layer_role": "public_hunt_territory"}, "geometry": {"type": "Polygon", "coordinates": [[[-73.4242, 46.4934], [-73.4636, 46.5061], [-73.5136, 46.5136], [-73.5285, 46.5203], [-73.5492, 46.5077], [-73.5527, 46.5004], [-73.558, 46.4993], [-73.5583, 46.4955], [-73.5705, 46.4927], [-73.5775, 46.4844], [-73.5619, 46.4761], [-73.5523, 46.4763], [-73.5497, 46.4719], [-73.5392, 46.468], [-73.5228, 46.4808], [-73.5148, 46.4733], [-73.4945, 46.4704], [-73.4872, 46.4654], [-73.4786, 46.4713], [-73.4253, 46.4344], [-73.3793, 46.4649], [-73.3607, 46.4542], [-73.3359, 46.4683], [-73.3565, 46.4829], [-73.3748, 46.4854], [-73.3833, 46.4789], [-73.3991, 46.4926], [-73.4242, 46.4934]]]}}, {"type": "Feature", "properties": {"id": "qc-trq-8-21", "name": "Domaine du Lac Bryson", "province": "QC", "park_type": "outfitter_exclusive", "designation": "outfitter exclusive", "hunting_allowed": true, "policy_id": "07-521", "summary": "Structured recreational / wildlife territory on Quebec public land. Verify current regulations.", "source": "MRNF TRQ_WMS layer 8", "layer_role": "public_hunt_territory"}, "geometry": {"type": "Polygon", "coordinates": [[[-77.054, 46.5506], [-77.0567, 46.5477], [-77.0777, 46.5482], [-77.0818, 46.5444], [-77.0667, 46.5399], [-77.1024, 46.5247], [-77.0785, 46.4981], [-77.0789, 46.4949], [-77.0761, 46.4954], [-77.0698, 46.4883], [-77.0748, 46.4844], [-77.07, 46.4831], [-77.0677, 46.486], [-77.05, 46.4663], [-77.0444, 46.4661], [-77.048, 46.4641], [-77.0357, 46.4502], [-77.0395, 46.4482], [-77.0334, 46.4477], [-76.9896, 46.3988], [-76.993, 46.3931], [-76.9848, 46.3933], [-76.9509, 46.3554], [-76.8982, 46.3787], [-76.9056, 46.3867], [-76.8829, 46.3828], [-76.8821, 46.3885], [-76.8882, 46.3937], [-76.8919, 46.4062], [-76.9111, 46.4244], [-76.9342, 46.4557], [-76.9691, 46.4848], [-76.9716, 46.492], [-76.9787, 46.4941], [-76.9801, 46.5], [-77.0091, 46.5245], [-77.054, 46.5506]]]}}, {"type": "Feature", "properties": {"id": "qc-trq-8-22", "name": "Pourvoirie du Lac Doolittle", "province": "QC", "park_type": "outfitter_exclusive", "designation": "outfitter exclusive", "hunting_allowed": true, "policy_id": "07-501", "summary": "Structured recreational / wildlife territory on Quebec public land. Verify current regulations.", "source": "MRNF TRQ_WMS layer 8", "layer_role": "public_hunt_territory"}, "geometry": {"type": "Polygon", "coordinates": [[[-76.7947, 46.75], [-76.7946, 46.7287], [-76.7904, 46.7219], [-76.7946, 46.72], [-76.7945, 46.7062], [-76.82, 46.7058], [-76.8286, 46.7084], [-76.8288, 46.714], [-76.8624, 46.7236], [-76.8752, 46.7143], [-76.8887, 46.7105], [-76.8512, 46.6865], [-76.8503, 46.6783], [-76.854, 46.6754], [-76.8464, 46.6683], [-76.849, 46.6657], [-76.846, 46.6631], [-76.8465, 46.6537], [-76.8383, 46.6506], [-76.8348, 46.6524], [-76.822, 46.6454], [-76.8095, 46.6502], [-76.7724, 46.6509], [-76.7357, 46.6463], [-76.6831, 46.657], [-76.6935, 46.7058], [-76.7058, 46.7152], [-76.701, 46.7182], [-76.7017, 46.7501], [-76.7079, 46.7522], [-76.7947, 46.75]]]}}, {"type": "Feature", "properties": {"id": "qc-trq-8-23", "name": "Pourvoirie du Milieu inc.", "province": "QC", "park_type": "outfitter_exclusive", "designation": "outfitter exclusive", "hunting_allowed": true, "policy_id": "14-785", "summary": "Structured recreational / wildlife territory on Quebec public land. Verify current regulations.", "source": "MRNF TRQ_WMS layer 8", "layer_role": "public_hunt_territory"}, "geometry": {"type": "Polygon", "coordinates": [[[-74.1529, 47.0334], [-74.1621, 47.0437], [-74.1644, 47.0407], [-74.1581, 47.033], [-74.1731, 47.0327], [-74.1758, 47.0286], [-74.2225, 47.0294], [-74.1883, 46.9828], [-74.1668, 46.9723], [-74.1665, 46.9509], [-74.141, 46.9507], [-74.0764, 46.8744], [-74.0572, 46.8873], [-73.9889, 46.8336], [-74.0012, 46.8252], [-73.9885, 46.8143], [-73.9912, 46.8087], [-73.9774, 46.8009], [-74.0003, 46.7829], [-73.9329, 46.7828], [-73.946, 46.7978], [-73.9532, 46.8009], [-73.9326, 46.8142], [-73.9572, 46.8316], [-73.9286, 46.8516], [-73.9521, 46.8713], [-73.9474, 46.8756], [-73.955, 46.8737], [-73.9958, 46.908], [-73.9953, 46.9236], [-73.9923, 46.9218], [-73.984, 46.9245], [-73.9903, 46.9279], [-73.9856, 46.9326], [-73.9863, 46.936], [-73.9951, 46.9277], [-73.9942, 46.9538], [-73.9865, 46.9541], [-73.9827, 46.9585], [-73.9842, 46.9662], [-73.996, 46.9797], [-74.0318, 47.0041], [-74.0329, 47.0078], [-74.0606, 47.0237], [-74.1194, 47.0242], [-74.104, 47.0344], [-74.133, 47.0337], [-74.1343, 47.027], [-74.1407, 47.0302], [-74.1384, 47.0335], [-74.1529, 47.0334]], [[-74.0759, 46.9802], [-74.0764, 46.9805], [-74.075, 46.9805], [-74.0759, 46.9802]], [[-74.0794, 46.9786], [-74.0784, 46.9795], [-74.0773, 46.9789], [-74.0794, 46.9786]], [[-74.0286, 46.9541], [-74.0285, 46.9555], [-74.0274, 46.9554], [-74.0286, 46.9541]], [[-74.0267, 46.9476], [-74.0263, 46.9482], [-74.0251, 46.9478], [-74.0267, 46.9476]], [[-74.0661, 46.9153], [-74.0669, 46.9163], [-74.065, 46.9155], [-74.0661, 46.9153]], [[-73.9821, 46.8657], [-73.9822, 46.8645], [-73.983, 46.8647], [-73.9821, 46.8657]], [[-73.9792, 46.8618], [-73.9776, 46.8615], [-73.9799, 46.8615], [-73.9792, 46.8618]], [[-73.9801, 46.8614], [-73.9819, 46.8609], [-73.9822, 46.8614], [-73.9801, 46.8614]], [[-73.9879, 46.8474], [-73.9879, 46.8487], [-73.9862, 46.8486], [-73.9879, 46.8474]], [[-73.9833, 46.8444], [-73.9821, 46.8452], [-73.9813, 46.8446], [-73.9833, 46.8444]], [[-73.9875, 46.8159], [-73.9884, 46.8166], [-73.9873, 46.8162], [-73.9875, 46.8159]], [[-73.9755, 46.7976], [-73.9755, 46.8004], [-73.9733, 46.8005], [-73.9755, 46.7976]], [[-73.9648, 46.795], [-73.9628, 46.7956], [-73.9627, 46.7947], [-73.9648, 46.795]], [[-73.9707, 46.7874], [-73.9718, 46.7878], [-73.9704, 46.7878], [-73.9707, 46.7874]]]}}, {"type": "Feature", "properties": {"id": "qc-trq-8-24", "name": "Territoire de p\u00eache et de chasse Poirier inc.", "province": "QC", "park_type": "outfitter_exclusive", "designation": "outfitter exclusive", "hunting_allowed": true, "policy_id": "07-604", "summary": "Structured recreational / wildlife territory on Quebec public land. Verify current regulations.", "source": "MRNF TRQ_WMS layer 8", "layer_role": "public_hunt_territory"}, "geometry": {"type": "Polygon", "coordinates": [[[-76.7566, 46.9292], [-76.7891, 46.9396], [-76.7891, 46.8187], [-76.8336, 46.8185], [-76.8784, 46.7282], [-76.8288, 46.714], [-76.8286, 46.7084], [-76.82, 46.7058], [-76.7945, 46.7062], [-76.7946, 46.72], [-76.7904, 46.7219], [-76.7946, 46.7287], [-76.7947, 46.75], [-76.7079, 46.7522], [-76.6166, 46.7502], [-76.5891, 46.7835], [-76.6008, 46.7848], [-76.591, 46.796], [-76.6101, 46.7921], [-76.6113, 46.7945], [-76.6063, 46.7948], [-76.5913, 46.806], [-76.5678, 46.8076], [-76.5791, 46.8226], [-76.58, 46.832], [-76.5842, 46.8343], [-76.5856, 46.8396], [-76.5837, 46.8411], [-76.5908, 46.8493], [-76.5884, 46.852], [-76.5906, 46.8561], [-76.583, 46.8537], [-76.5811, 46.8608], [-76.5901, 46.859], [-76.5917, 46.8644], [-76.5856, 46.8728], [-76.5902, 46.8731], [-76.5991, 46.8582], [-76.6018, 46.8602], [-76.6096, 46.8579], [-76.6122, 46.8519], [-76.6176, 46.8571], [-76.6176, 46.8605], [-76.6117, 46.8628], [-76.6142, 46.8707], [-76.6091, 46.8761], [-76.6159, 46.8784], [-76.6164, 46.8761], [-76.6237, 46.8814], [-76.6204, 46.8827], [-76.6283, 46.8915], [-76.6299, 46.9156], [-76.6339, 46.9213], [-76.6363, 46.9107], [-76.6342, 46.9035], [-76.6395, 46.9061], [-76.6387, 46.9131], [-76.6419, 46.9142], [-76.6364, 46.9173], [-76.6389, 46.9181], [-76.6444, 46.9167], [-76.6476, 46.9093], [-76.6554, 46.9044], [-76.6629, 46.9094], [-76.6747, 46.9084], [-76.6688, 46.8995], [-76.658, 46.8956], [-76.6606, 46.895], [-76.6601, 46.8916], [-76.6665, 46.8957], [-76.6653, 46.8883], [-76.6597, 46.8864], [-76.6611, 46.8836], [-76.6849, 46.9006], [-76.6809, 46.8941], [-76.6835, 46.8907], [-76.6909, 46.8958], [-76.6872, 46.8977], [-76.688, 46.9031], [-76.7053, 46.9075], [-76.7011, 46.9099], [-76.7134, 46.9094], [-76.7177, 46.902], [-76.7222, 46.9025], [-76.7157, 46.912], [-76.7285, 46.9006], [-76.7273, 46.9129], [-76.7344, 46.9136], [-76.7356, 46.9101], [-76.7384, 46.9183], [-76.7566, 46.9292]]]}}, {"type": "Feature", "properties": {"id": "qc-trq-8-25", "name": "Territoire de l'Orignal", "province": "QC", "park_type": "outfitter_exclusive", "designation": "outfitter exclusive", "hunting_allowed": true, "policy_id": "07-505", "summary": "Structured recreational / wildlife territory on Quebec public land. Verify current regulations.", "source": "MRNF TRQ_WMS layer 8", "layer_role": "public_hunt_territory"}, "geometry": {"type": "Polygon", "coordinates": [[[-77.7463, 46.9766], [-77.787, 46.9756], [-77.7868, 46.9711], [-77.815, 46.9704], [-77.8093, 46.8617], [-77.7676, 46.8411], [-77.7032, 46.8426], [-77.6998, 46.8397], [-77.7006, 46.8427], [-77.658, 46.8437], [-77.658, 46.8353], [-77.6283, 46.8356], [-77.6313, 46.8983], [-77.7463, 46.9766]]]}}, {"type": "Feature", "properties": {"id": "qc-trq-8-26", "name": "La Seigneurie du Triton", "province": "QC", "park_type": "outfitter_exclusive", "designation": "outfitter exclusive", "hunting_allowed": true, "policy_id": "04-790", "summary": "Structured recreational / wildlife territory on Quebec public land. Verify current regulations.", "source": "MRNF TRQ_WMS layer 8", "layer_role": "public_hunt_territory"}, "geometry": {"type": "Polygon", "coordinates": [[[-72.2249, 47.6443], [-72.2474, 47.6393], [-72.2433, 47.6297], [-72.2375, 47.6261], [-72.239, 47.6205], [-72.2429, 47.6186], [-72.2417, 47.6157], [-72.2308, 47.6262], [-72.2128, 47.6176], [-72.2204, 47.6045], [-72.2402, 47.6128], [-72.2438, 47.6125], [-72.2418, 47.6052], [-72.2343, 47.5892], [-72.2247, 47.5879], [-72.2138, 47.5746], [-72.1967, 47.5649], [-72.1614, 47.5887], [-72.1644, 47.5962], [-72.1592, 47.603], [-72.1563, 47.6022], [-72.1579, 47.5961], [-72.1547, 47.6009], [-72.1517, 47.5993], [-72.1507, 47.6037], [-72.1576, 47.6079], [-72.1595, 47.613], [-72.1454, 47.61], [-72.1432, 47.6052], [-72.1373, 47.6073], [-72.1433, 47.6144], [-72.136, 47.6194], [-72.1354, 47.6247], [-72.1416, 47.6266], [-72.1503, 47.6384], [-72.1561, 47.6411], [-72.1872, 47.6347], [-72.2249, 47.6443]]]}}, {"type": "Feature", "properties": {"id": "qc-trq-8-27", "name": "Air Mont-Laurier (1985)", "province": "QC", "park_type": "outfitter_exclusive", "designation": "outfitter exclusive", "hunting_allowed": true, "policy_id": "15-865", "summary": "Structured recreational / wildlife territory on Quebec public land. Verify current regulations.", "source": "MRNF TRQ_WMS layer 8", "layer_role": "public_hunt_territory"}, "geometry": {"type": "MultiPolygon", "coordinates": [[[[-75.169, 47.7108], [-75.1764, 47.7154], [-75.1977, 47.6797], [-75.2063, 47.6573], [-75.2231, 47.6583], [-75.226, 47.655], [-75.2259, 47.6259], [-75.2315, 47.6104], [-75.2384, 47.6088], [-75.2407, 47.6043], [-75.2548, 47.6027], [-75.2594, 47.5993], [-75.2733, 47.5991], [-75.2965, 47.5931], [-75.2985, 47.5828], [-75.2921, 47.5745], [-75.2996, 47.5668], [-75.295, 47.5574], [-75.2636, 47.5582], [-75.2594, 47.5546], [-75.253, 47.5555], [-75.2268, 47.576], [-75.183, 47.6], [-75.1408, 47.5987], [-75.1357, 47.6012], [-75.1181, 47.5963], [-75.103, 47.6004], [-75.0958, 47.5912], [-75.0808, 47.6016], [-75.0244, 47.5642], [-75.0203, 47.5756], [-74.9987, 47.594], [-74.9886, 47.5964], [-74.9931, 47.6001], [-74.9907, 47.6105], [-74.9936, 47.6123], [-74.9863, 47.6216], [-74.9942, 47.6312], [-74.9895, 47.6351], [-74.9949, 47.639], [-74.9863, 47.6421], [-74.9887, 47.6444], [-74.9865, 47.6488], [-75.0286, 47.664], [-75.032, 47.6597], [-75.0306, 47.6542], [-75.043, 47.6563], [-75.0447, 47.6589], [-75.039, 47.6656], [-75.0549, 47.6735], [-75.0734, 47.6626], [-75.081, 47.6627], [-75.0878, 47.667], [-75.1134, 47.6671], [-75.1131, 47.6944], [-75.1201, 47.6973], [-75.121, 47.7028], [-75.1111, 47.7073], [-75.1145, 47.7113], [-75.1313, 47.7113], [-75.1427, 47.7074], [-75.1575, 47.714], [-75.1606, 47.7108], [-75.169, 47.7108]]], [[[-74.4619, 47.6562], [-74.5337, 47.6326], [-74.5343, 47.5642], [-74.5064, 47.5677], [-74.5047, 47.5643], [-74.5085, 47.5482], [-74.4452, 47.5369], [-74.3831, 47.5363], [-74.3462, 47.6295], [-74.3549, 47.639], [-74.3612, 47.6386], [-74.3598, 47.6426], [-74.3678, 47.6557], [-74.4619, 47.6562]]]]}}, {"type": "Feature", "properties": {"id": "qc-trq-8-28", "name": "Pourvoirie de la Rivi\u00e8re Coucou inc.", "province": "QC", "park_type": "outfitter_exclusive", "designation": "outfitter exclusive", "hunting_allowed": true, "policy_id": "07-843", "summary": "Structured recreational / wildlife territory on Quebec public land. Verify current regulations.", "source": "MRNF TRQ_WMS layer 8", "layer_role": "public_hunt_territory"}, "geometry": {"type": "Polygon", "coordinates": [[[-75.4872, 47.6083], [-75.4964, 47.5843], [-75.5107, 47.5812], [-75.5136, 47.5748], [-75.5214, 47.5712], [-75.5213, 47.5648], [-75.5299, 47.5565], [-75.5276, 47.5529], [-75.5311, 47.5514], [-75.5248, 47.5473], [-75.5251, 47.5377], [-75.5145, 47.5353], [-75.5202, 47.5202], [-75.5228, 47.5202], [-75.521, 47.5183], [-75.5273, 47.5017], [-75.5312, 47.5038], [-75.5301, 47.5003], [-75.5333, 47.4975], [-75.5289, 47.4968], [-75.5319, 47.4895], [-75.4805, 47.4837], [-75.4797, 47.4769], [-75.4744, 47.4722], [-75.4525, 47.4707], [-75.4545, 47.4794], [-75.4575, 47.4808], [-75.3783, 47.4725], [-75.3684, 47.4819], [-75.3697, 47.4858], [-75.3562, 47.4945], [-75.3513, 47.5044], [-75.3314, 47.5231], [-75.3851, 47.5596], [-75.401, 47.5488], [-75.4872, 47.6083]]]}}, {"type": "Feature", "properties": {"id": "qc-trq-8-29", "name": "Club de chasse et p\u00eache Lac O'Sullivan", "province": "QC", "park_type": "outfitter_exclusive", "designation": "outfitter exclusive", "hunting_allowed": true, "policy_id": "07-841", "summary": "Structured recreational / wildlife territory on Quebec public land. Verify current regulations.", "source": "MRNF TRQ_WMS layer 8", "layer_role": "public_hunt_territory"}, "geometry": {"type": "Polygon", "coordinates": [[[-75.9259, 47.4752], [-75.9215, 47.4872], [-75.9418, 47.5056], [-75.9086, 47.5612], [-75.9466, 47.5708], [-75.9468, 47.5816], [-76.0327, 47.6024], [-76.0325, 47.6784], [-76.0774, 47.678], [-76.127, 47.6272], [-75.9997, 47.5136], [-75.9997, 47.4771], [-75.9851, 47.4707], [-75.9881, 47.4681], [-75.9266, 47.4688], [-75.9218, 47.4712], [-75.9259, 47.4752]]]}}, {"type": "Feature", "properties": {"id": "qc-trq-8-30", "name": "Pourvoirie des Lacs Roger et Faucille inc.", "province": "QC", "park_type": "outfitter_exclusive", "designation": "outfitter exclusive", "hunting_allowed": true, "policy_id": "03-622", "summary": "Structured recreational / wildlife territory on Quebec public land. Verify current regulations.", "source": "MRNF TRQ_WMS layer 8", "layer_role": "public_hunt_territory"}, "geometry": {"type": "Polygon", "coordinates": [[[-69.8715, 48.0411], [-69.9117, 48.0353], [-69.9107, 47.9812], [-69.8992, 47.978], [-69.8801, 47.9637], [-69.8717, 47.9627], [-69.8604, 47.9767], [-69.843, 47.9775], [-69.84, 47.9836], [-69.8374, 47.983], [-69.8352, 47.9909], [-69.83, 47.9912], [-69.8196, 48.0091], [-69.8436, 48.0128], [-69.871, 48.0095], [-69.8715, 48.0411]]]}}, {"type": "Feature", "properties": {"id": "qc-trq-8-31", "name": "Club des Hauteurs de Charlevoix", "province": "QC", "park_type": "outfitter_exclusive", "designation": "outfitter exclusive", "hunting_allowed": true, "policy_id": "03-631", "summary": "Structured recreational / wildlife territory on Quebec public land. Verify current regulations.", "source": "MRNF TRQ_WMS layer 8", "layer_role": "public_hunt_territory"}, "geometry": {"type": "Polygon", "coordinates": [[[-70.3625, 48.0542], [-70.4139, 48.0536], [-70.4188, 48.027], [-70.4319, 48.0162], [-70.4256, 47.9966], [-70.4348, 47.9968], [-70.434, 47.9925], [-70.4405, 47.987], [-70.4432, 47.9663], [-70.4359, 47.9561], [-70.4239, 47.9558], [-70.3988, 47.9449], [-70.3528, 47.9468], [-70.3543, 47.9652], [-70.3492, 47.9653], [-70.3367, 47.9941], [-70.3051, 47.9929], [-70.302, 48.0324], [-70.3263, 48.0328], [-70.33, 48.0379], [-70.3446, 48.0407], [-70.3621, 48.0499], [-70.3625, 48.0542]]]}}, {"type": "Feature", "properties": {"id": "qc-trq-8-32", "name": "Pourvoirie du Lac Berval inc.", "province": "QC", "park_type": "outfitter_exclusive", "designation": "outfitter exclusive", "hunting_allowed": true, "policy_id": "15-570", "summary": "Structured recreational / wildlife territory on Quebec public land. Verify current regulations.", "source": "MRNF TRQ_WMS layer 8", "layer_role": "public_hunt_territory"}, "geometry": {"type": "Polygon", "coordinates": [[[-74.5185, 46.0302], [-74.5214, 46.0297], [-74.5244, 46.0223], [-74.52, 46.0208], [-74.5155, 46.0234], [-74.5185, 46.0302]]]}}, {"type": "Feature", "properties": {"id": "qc-trq-8-33", "name": "Pourvoirie du Lac Suzie", "province": "QC", "park_type": "outfitter_exclusive", "designation": "outfitter exclusive", "hunting_allowed": true, "policy_id": "08-516", "summary": "Structured recreational / wildlife territory on Quebec public land. Verify current regulations.", "source": "MRNF TRQ_WMS layer 8", "layer_role": "public_hunt_territory"}, "geometry": {"type": "Polygon", "coordinates": [[[-75.7217, 48.1279], [-75.7222, 48.1431], [-75.7271, 48.1344], [-75.7262, 48.1304], [-75.7316, 48.1274], [-75.7531, 48.1312], [-75.7604, 48.1173], [-75.7743, 48.111], [-75.7744, 48.105], [-75.7774, 48.1058], [-75.7751, 48.1094], [-75.7794, 48.1086], [-75.7862, 48.1011], [-75.7857, 48.0969], [-75.7905, 48.0952], [-75.7892, 48.0833], [-75.7762, 48.0708], [-75.7815, 48.0698], [-75.7794, 48.0557], [-75.7826, 48.0496], [-75.7868, 48.0492], [-75.7837, 48.0437], [-75.7866, 48.0418], [-75.7831, 48.0259], [-75.7755, 48.0243], [-75.7619, 48.0356], [-75.7547, 48.0273], [-75.7422, 48.0253], [-75.7355, 48.0204], [-75.7319, 48.0058], [-75.7251, 47.9981], [-75.6953, 47.997], [-75.6908, 47.9901], [-75.6996, 47.9819], [-75.6851, 47.9796], [-75.6821, 47.9731], [-75.6723, 47.9781], [-75.6681, 47.9836], [-75.6706, 47.9859], [-75.6649, 47.9865], [-75.6655, 47.9839], [-75.6575, 47.9902], [-75.6405, 47.9886], [-75.6382, 47.993], [-75.6318, 47.9923], [-75.6229, 47.9981], [-75.6263, 48.0217], [-75.6155, 48.0343], [-75.623, 48.0344], [-75.6205, 48.0392], [-75.6104, 48.0451], [-75.601, 48.0422], [-75.6015, 48.0378], [-75.5963, 48.0354], [-75.5919, 48.0353], [-75.5822, 48.0434], [-75.5801, 48.0391], [-75.5616, 48.0375], [-75.5574, 48.0391], [-75.5463, 48.0578], [-75.5292, 48.0587], [-75.5205, 48.0704], [-75.5213, 48.0734], [-75.5348, 48.0729], [-75.5534, 48.0799], [-75.5539, 48.0889], [-75.5625, 48.0891], [-75.5654, 48.0927], [-75.5815, 48.0839], [-75.592, 48.0837], [-75.5904, 48.0858], [-75.596, 48.0867], [-75.594, 48.0889], [-75.6021, 48.0981], [-75.6089, 48.096], [-75.607, 48.1061], [-75.6228, 48.0935], [-75.7192, 48.1215], [-75.7163, 48.1249], [-75.7217, 48.1279]]]}}, {"type": "Feature", "properties": {"id": "qc-trq-8-34", "name": "Club du Lac des Baies inc.", "province": "QC", "park_type": "outfitter_exclusive", "designation": "outfitter exclusive", "hunting_allowed": true, "policy_id": "09-535", "summary": "Structured recreational / wildlife territory on Quebec public land. Verify current regulations.", "source": "MRNF TRQ_WMS layer 8", "layer_role": "public_hunt_territory"}, "geometry": {"type": "Polygon", "coordinates": [[[-69.7251, 48.3866], [-69.744, 48.3791], [-69.7441, 48.3838], [-69.75, 48.3837], [-69.8011, 48.3694], [-69.7982, 48.2888], [-69.7941, 48.2913], [-69.787, 48.2894], [-69.786, 48.2807], [-69.7505, 48.2956], [-69.7508, 48.321], [-69.7354, 48.3249], [-69.722, 48.3821], [-69.7251, 48.3866]]]}}, {"type": "Feature", "properties": {"id": "qc-trq-8-35", "name": "Club lacs des Sables et Paradis Saguenay (1974) inc.", "province": "QC", "park_type": "outfitter_exclusive", "designation": "outfitter exclusive", "hunting_allowed": true, "policy_id": "09-540", "summary": "Structured recreational / wildlife territory on Quebec public land. Verify current regulations.", "source": "MRNF TRQ_WMS layer 8", "layer_role": "public_hunt_territory"}, "geometry": {"type": "Polygon", "coordinates": [[[-69.672, 48.4059], [-69.7252, 48.3867], [-69.722, 48.3821], [-69.7354, 48.3249], [-69.7508, 48.321], [-69.7498, 48.2516], [-69.7317, 48.2515], [-69.6916, 48.2784], [-69.64, 48.2787], [-69.6441, 48.294], [-69.6516, 48.3022], [-69.6484, 48.3108], [-69.6576, 48.3388], [-69.6144, 48.3675], [-69.672, 48.4059]]]}}, {"type": "Feature", "properties": {"id": "qc-trq-8-36", "name": "Pourvoirie Sud Lac Choiseul", "province": "QC", "park_type": "outfitter_exclusive", "designation": "outfitter exclusive", "hunting_allowed": true, "policy_id": "08-769", "summary": "Structured recreational / wildlife territory on Quebec public land. Verify current regulations.", "source": "MRNF TRQ_WMS layer 8", "layer_role": "public_hunt_territory"}, "geometry": {"type": "Polygon", "coordinates": [[[-75.813, 48.196], [-75.8222, 48.1889], [-75.8922, 48.189], [-75.9284, 48.1462], [-75.939, 48.1461], [-75.9391, 48.1043], [-75.9587, 48.094], [-75.9587, 48.0617], [-75.9254, 48.0533], [-75.8869, 48.0778], [-75.8991, 48.1128], [-75.8953, 48.129], [-75.8461, 48.1456], [-75.8141, 48.1652], [-75.8132, 48.1778], [-75.7942, 48.1927], [-75.813, 48.196]]]}}, {"type": "Feature", "properties": {"id": "qc-trq-8-37", "name": "Balbuzard Sauvage 2012 inc.", "province": "QC", "park_type": "outfitter_exclusive", "designation": "outfitter exclusive", "hunting_allowed": true, "policy_id": "08-702", "summary": "Structured recreational / wildlife territory on Quebec public land. Verify current regulations.", "source": "MRNF TRQ_WMS layer 8", "layer_role": "public_hunt_territory"}, "geometry": {"type": "Polygon", "coordinates": [[[-76.0575, 48.2471], [-76.0677, 48.2405], [-76.0853, 48.2444], [-76.0992, 48.2422], [-76.1094, 48.2367], [-76.128, 48.2395], [-76.1391, 48.2366], [-76.1423, 48.2319], [-76.1546, 48.2264], [-76.1556, 48.2243], [-76.1525, 48.2242], [-76.1556, 48.2213], [-76.1748, 48.2164], [-76.171, 48.2146], [-76.1752, 48.2123], [-76.1916, 48.2166], [-76.1956, 48.2128], [-76.1893, 48.208], [-76.1998, 48.2039], [-76.2005, 48.1998], [-76.207, 48.1987], [-76.2104, 48.1905], [-76.2149, 48.1922], [-76.2192, 48.188], [-76.2229, 48.1886], [-76.2283, 48.1844], [-76.2256, 48.1819], [-76.2322, 48.1777], [-76.2366, 48.1805], [-76.2404, 48.1684], [-76.2367, 48.1652], [-76.2444, 48.1605], [-76.2436, 48.1559], [-76.2855, 48.157], [-76.2916, 48.1554], [-76.2866, 48.1521], [-76.3063, 48.1438], [-76.2937, 48.138], [-76.2809, 48.1395], [-76.2666, 48.1352], [-76.2613, 48.133], [-76.2638, 48.1293], [-76.2519, 48.1244], [-76.2467, 48.1255], [-76.2418, 48.1215], [-76.2404, 48.1258], [-76.2347, 48.125], [-76.2193, 48.1366], [-76.1969, 48.1399], [-76.1919, 48.1348], [-76.1759, 48.1339], [-76.1731, 48.1288], [-76.1776, 48.1101], [-76.1961, 48.0949], [-76.1871, 48.0961], [-76.1649, 48.0876], [-76.1581, 48.091], [-76.1597, 48.0848], [-76.1486, 48.0803], [-76.1612, 48.0665], [-76.1434, 48.06], [-76.1166, 48.0653], [-76.1114, 48.0637], [-76.0954, 48.0708], [-76.0884, 48.0662], [-76.0885, 48.0617], [-76.0749, 48.0647], [-76.0771, 48.0614], [-76.0546, 48.0615], [-76.0514, 48.059], [-76.0442, 48.0694], [-76.0189, 48.0744], [-76.0079, 48.0807], [-75.9587, 48.0838], [-75.9587, 48.094], [-75.9391, 48.1043], [-75.939, 48.1289], [-75.954, 48.1265], [-75.9628, 48.1381], [-75.9726, 48.1367], [-75.9801, 48.1394], [-75.9827, 48.1418], [-75.9805, 48.1433], [-76.0042, 48.1595], [-76.0142, 48.1607], [-76.0226, 48.1675], [-76.039, 48.1673], [-76.0425, 48.1692], [-76.0411, 48.1745], [-76.0457, 48.1764], [-76.0219, 48.1878], [-76.0162, 48.1936], [-76.0165, 48.1997], [-76.0076, 48.2059], [-75.9839, 48.2059], [-75.9498, 48.2169], [-75.9305, 48.2179], [-75.9392, 48.2179], [-75.9751, 48.2313], [-76.0336, 48.2255], [-76.0575, 48.2471]]]}}, {"type": "Feature", "properties": {"id": "qc-trq-8-38", "name": "Club Claire inc. - Pourvoiries Essipit", "province": "QC", "park_type": "outfitter_exclusive", "designation": "outfitter exclusive", "hunting_allowed": true, "policy_id": "09-562", "summary": "Structured recreational / wildlife territory on Quebec public land. Verify current regulations.", "source": "MRNF TRQ_WMS layer 8", "layer_role": "public_hunt_territory"}, "geometry": {"type": "Polygon", "coordinates": [[[-69.66942265682357, 48.526589615792474], [-69.6392, 48.5241], [-69.6544, 48.5067], [-69.7123, 48.4829], [-69.7225, 48.4888], [-69.7217, 48.5027], [-69.7265, 48.5067], [-69.7266, 48.5125], [-69.7327, 48.513], [-69.7405, 48.5117], [-69.7531, 48.4963], [-69.7579, 48.4975], [-69.7647, 48.4899], [-69.8112, 48.4839], [-69.8274, 48.5294], [-69.8463, 48.5572], [-69.7499, 48.5579], [-69.7244, 48.5482], [-69.7003, 48.5475], [-69.6681, 48.5375], [-69.671, 48.5316], [-69.66942265682357, 48.526589615792474]], [[-69.7, 48.5255], [-69.6693, 48.5262], [-69.66942265682357, 48.526589615792474], [-69.7, 48.5255]]]}}, {"type": "Feature", "properties": {"id": "qc-trq-8-39", "name": "Pourvoirie de la Truite Rouge", "province": "QC", "park_type": "outfitter_exclusive", "designation": "outfitter exclusive", "hunting_allowed": true, "policy_id": "09-565", "summary": "Structured recreational / wildlife territory on Quebec public land. Verify current regulations.", "source": "MRNF TRQ_WMS layer 8", "layer_role": "public_hunt_territory"}, "geometry": {"type": "Polygon", "coordinates": [[[-69.773, 48.6332], [-69.8052, 48.6201], [-69.8081, 48.6226], [-69.8308, 48.6166], [-69.8671, 48.6], [-69.8605, 48.5926], [-69.8607, 48.5859], [-69.8659, 48.5792], [-69.8633, 48.5765], [-69.8645, 48.5721], [-69.8575, 48.5628], [-69.8484, 48.5571], [-69.7526, 48.5579], [-69.7528, 48.5727], [-69.763, 48.5735], [-69.7814, 48.5827], [-69.7783, 48.6085], [-69.7726, 48.6085], [-69.773, 48.6332]]]}}, {"type": "Feature", "properties": {"id": "qc-trq-8-40", "name": "Pourvoirie du Grand Lac du Nord", "province": "QC", "park_type": "outfitter_exclusive", "designation": "outfitter exclusive", "hunting_allowed": true, "policy_id": "09-552", "summary": "Structured recreational / wildlife territory on Quebec public land. Verify current regulations.", "source": "MRNF TRQ_WMS layer 8", "layer_role": "public_hunt_territory"}, "geometry": {"type": "Polygon", "coordinates": [[[-69.5579, 48.6678], [-69.5645, 48.6769], [-69.562, 48.6778], [-69.5676, 48.7005], [-69.5813, 48.7162], [-69.6273, 48.725], [-69.7126, 48.7245], [-69.7123, 48.6879], [-69.6519, 48.6878], [-69.6224, 48.6787], [-69.6242, 48.662], [-69.6044, 48.6547], [-69.5922, 48.6573], [-69.5831, 48.6504], [-69.5782, 48.6598], [-69.5708, 48.6602], [-69.5663, 48.6557], [-69.5656, 48.6703], [-69.5579, 48.6678]]]}}, {"type": "Feature", "properties": {"id": "qc-trq-8-41", "name": "Pourvoirie des Laurentides", "province": "QC", "park_type": "outfitter_exclusive", "designation": "outfitter exclusive", "hunting_allowed": true, "policy_id": "02-513", "summary": "Structured recreational / wildlife territory on Quebec public land. Verify current regulations.", "source": "MRNF TRQ_WMS layer 8", "layer_role": "public_hunt_territory"}, "geometry": {"type": "Polygon", "coordinates": [[[-72.9732, 48.7325], [-72.9919, 48.7167], [-73.0227, 48.7063], [-73.0398, 48.7049], [-73.047, 48.7096], [-73.0556, 48.7097], [-73.067, 48.701], [-73.0788, 48.7015], [-73.0985, 48.6952], [-73.1358, 48.6953], [-73.1382, 48.538], [-73.08, 48.5364], [-73.0498, 48.5127], [-72.9996, 48.5157], [-72.9929, 48.5799], [-72.9463, 48.5684], [-72.9558, 48.5764], [-72.9582, 48.5832], [-72.9732, 48.7325]]]}}, {"type": "Feature", "properties": {"id": "qc-trq-8-42", "name": "La Rocheuse", "province": "QC", "park_type": "outfitter_exclusive", "designation": "outfitter exclusive", "hunting_allowed": true, "policy_id": "09-556", "summary": "Structured recreational / wildlife territory on Quebec public land. Verify current regulations.", "source": "MRNF TRQ_WMS layer 8", "layer_role": "public_hunt_territory"}, "geometry": {"type": "Polygon", "coordinates": [[[-69.5492, 48.7578], [-69.5501, 48.7807], [-69.5349, 48.7929], [-69.573, 48.8172], [-69.6054, 48.8261], [-69.626, 48.8599], [-69.6188, 48.8611], [-69.6193, 48.8748], [-69.6696, 48.8876], [-69.6749, 48.8525], [-69.6669, 48.812], [-69.6833, 48.7942], [-69.6491, 48.782], [-69.6323, 48.7679], [-69.6246, 48.7447], [-69.6136, 48.743], [-69.6212, 48.7387], [-69.6189, 48.7363], [-69.6025, 48.7372], [-69.5899, 48.7308], [-69.5728, 48.7404], [-69.5673, 48.7405], [-69.5664, 48.736], [-69.5492, 48.7578]]]}}, {"type": "Feature", "properties": {"id": "qc-trq-8-43", "name": "Pourvoirie Monts-Valin Du Archer", "province": "QC", "park_type": "outfitter_exclusive", "designation": "outfitter exclusive", "hunting_allowed": true, "policy_id": "02-501", "summary": "Structured recreational / wildlife territory on Quebec public land. Verify current regulations.", "source": "MRNF TRQ_WMS layer 8", "layer_role": "public_hunt_territory"}, "geometry": {"type": "Polygon", "coordinates": [[[-70.2711, 49.012], [-70.3049, 49.0148], [-70.3215, 49.0218], [-70.3473, 48.9918], [-70.3439, 48.9827], [-70.346, 48.981], [-70.3429, 48.98], [-70.3231, 48.9266], [-70.3246, 48.9169], [-70.3391, 48.8903], [-70.2788, 48.8793], [-70.2787, 48.9], [-70.2952, 48.8998], [-70.3011, 48.8954], [-70.3024, 48.9328], [-70.2895, 48.9315], [-70.2871, 48.9368], [-70.279, 48.9414], [-70.2791, 48.9741], [-70.2913, 48.9804], [-70.2867, 48.9871], [-70.2914, 48.9929], [-70.2849, 48.997], [-70.2836, 49.0072], [-70.2711, 49.012]]]}}, {"type": "Feature", "properties": {"id": "qc-trq-8-44", "name": "La Pourvoirie du Lac Laflamme inc.", "province": "QC", "park_type": "outfitter_exclusive", "designation": "outfitter exclusive", "hunting_allowed": true, "policy_id": "02-590", "summary": "Structured recreational / wildlife territory on Quebec public land. Verify current regulations.", "source": "MRNF TRQ_WMS layer 8", "layer_role": "public_hunt_territory"}, "geometry": {"type": "Polygon", "coordinates": [[[-70.3473, 48.9918], [-70.3397, 49.0], [-70.4317, 49.0016], [-70.4457, 48.9898], [-70.4364, 48.9283], [-70.4028, 48.9041], [-70.4032, 48.8995], [-70.3916, 48.8907], [-70.3629, 48.8772], [-70.3615, 48.8661], [-70.357, 48.8608], [-70.3443, 48.8782], [-70.3234, 48.9216], [-70.3429, 48.98], [-70.346, 48.981], [-70.3439, 48.9827], [-70.3473, 48.9918]]]}}, {"type": "Feature", "properties": {"id": "qc-trq-8-45", "name": "Pourvoirie Lac D\u00e9gelis inc.", "province": "QC", "park_type": "outfitter_exclusive", "designation": "outfitter exclusive", "hunting_allowed": true, "policy_id": "02-507", "summary": "Structured recreational / wildlife territory on Quebec public land. Verify current regulations.", "source": "MRNF TRQ_WMS layer 8", "layer_role": "public_hunt_territory"}, "geometry": {"type": "Polygon", "coordinates": [[[-70.128, 49.1082], [-70.1199, 49.1247], [-70.1579, 49.1405], [-70.1898, 49.1267], [-70.1872, 49.1072], [-70.203, 49.1108], [-70.2086, 49.0827], [-70.2051, 49.0853], [-70.2019, 49.0675], [-70.169, 49.0292], [-70.1698, 49.0028], [-70.1643, 48.9891], [-70.1485, 48.9767], [-70.1228, 48.9648], [-70.0619, 49.0019], [-70.0688, 49.0144], [-70.0716, 49.0345], [-70.0979, 49.0542], [-70.0999, 49.0631], [-70.0976, 49.0708], [-70.1122, 49.0865], [-70.1169, 49.098], [-70.128, 49.1082]]]}}, {"type": "Feature", "properties": {"id": "qc-trq-8-46", "name": "Pourvoirie St-Cyr Royal", "province": "QC", "park_type": "outfitter_exclusive", "designation": "outfitter exclusive", "hunting_allowed": true, "policy_id": "08-768", "summary": "Structured recreational / wildlife territory on Quebec public land. Verify current regulations.", "source": "MRNF TRQ_WMS layer 8", "layer_role": "public_hunt_territory"}, "geometry": {"type": "Polygon", "coordinates": [[[-75.5972, 48.8781], [-75.6033, 48.8742], [-75.6038, 48.8644], [-75.6174, 48.8548], [-75.6211, 48.8427], [-75.6453, 48.839], [-75.6558, 48.8296], [-75.6736, 48.8302], [-75.6848, 48.8379], [-75.7023, 48.8392], [-75.7297, 48.8488], [-75.7246, 48.842], [-75.7213, 48.8419], [-75.7339, 48.8332], [-75.7359, 48.8215], [-75.7269, 48.8104], [-75.7217, 48.8097], [-75.7236, 48.8065], [-75.72, 48.7983], [-75.7257, 48.7952], [-75.7204, 48.7961], [-75.718, 48.7896], [-75.7118, 48.7907], [-75.7129, 48.7812], [-75.7064, 48.7817], [-75.7098, 48.7754], [-75.7041, 48.772], [-75.7034, 48.7677], [-75.7094, 48.7695], [-75.7148, 48.7652], [-75.7205, 48.7663], [-75.7328, 48.755], [-75.7232, 48.7648], [-75.7228, 48.7711], [-75.7171, 48.7738], [-75.7186, 48.7812], [-75.7139, 48.7886], [-75.7315, 48.7861], [-75.7358, 48.782], [-75.7382, 48.783], [-75.7366, 48.7856], [-75.7471, 48.7876], [-75.7566, 48.769], [-75.7727, 48.7612], [-75.7689, 48.7569], [-75.7671, 48.7596], [-75.7638, 48.751], [-75.7692, 48.7492], [-75.7679, 48.7418], [-75.7732, 48.7386], [-75.7719, 48.7312], [-75.7775, 48.7267], [-75.7755, 48.7227], [-75.7895, 48.7256], [-75.7884, 48.7232], [-75.7936, 48.7217], [-75.7952, 48.7093], [-75.818, 48.7029], [-75.8159, 48.7004], [-75.795, 48.7052], [-75.8022, 48.6947], [-75.8056, 48.6921], [-75.8074, 48.6948], [-75.8118, 48.6906], [-75.8092, 48.6839], [-75.8112, 48.6798], [-75.8056, 48.6776], [-75.8054, 48.6827], [-75.7996, 48.682], [-75.799, 48.6873], [-75.7915, 48.6862], [-75.7883, 48.6951], [-75.781, 48.693], [-75.7805, 48.6998], [-75.7695, 48.7059], [-75.7666, 48.7045], [-75.7673, 48.7005], [-75.7637, 48.7056], [-75.7591, 48.706], [-75.763, 48.7013], [-75.7609, 48.6974], [-75.767, 48.6812], [-75.7645, 48.6802], [-75.7647, 48.6718], [-75.77, 48.659], [-75.7661, 48.6429], [-75.7702, 48.6397], [-75.7617, 48.6394], [-75.7615, 48.6303], [-75.7532, 48.6294], [-75.7621, 48.6167], [-75.7642, 48.6093], [-75.7619, 48.6073], [-75.7587, 48.6176], [-75.7554, 48.6207], [-75.7524, 48.6195], [-75.747, 48.6323], [-75.7445, 48.6279], [-75.7392, 48.6269], [-75.7402, 48.6305], [-75.7367, 48.633], [-75.7175, 48.638], [-75.7103, 48.6452], [-75.7082, 48.6522], [-75.7149, 48.6585], [-75.7105, 48.6675], [-75.7108, 48.665], [-75.7084, 48.666], [-75.7079, 48.6707], [-75.7118, 48.6721], [-75.6826, 48.7023], [-75.6775, 48.701], [-75.6822, 48.7066], [-75.6799, 48.7105], [-75.6818, 48.7196], [-75.6694, 48.7242], [-75.6561, 48.7363], [-75.621, 48.7416], [-75.613, 48.7409], [-75.6131, 48.7378], [-75.6033, 48.7464], [-75.6024, 48.7398], [-75.6133, 48.7321], [-75.6062, 48.7298], [-75.6083, 48.7265], [-75.6124, 48.7254], [-75.6121, 48.728], [-75.6144, 48.7255], [-75.6154, 48.729], [-75.6171, 48.7191], [-75.6189, 48.7215], [-75.6247, 48.7165], [-75.6176, 48.7161], [-75.618, 48.7116], [-75.607, 48.7083], [-75.609, 48.6998], [-75.5958, 48.7021], [-75.595, 48.6636], [-75.5883, 48.6697], [-75.5872, 48.6647], [-75.5808, 48.6635], [-75.5659, 48.6787], [-75.5592, 48.6767], [-75.5554, 48.6862], [-75.5475, 48.692], [-75.5362, 48.6907], [-75.54, 48.7471], [-75.527, 48.7642], [-75.5344, 48.7684], [-75.5346, 48.7765], [-75.5244, 48.7768], [-75.5266, 48.7796], [-75.5207, 48.7867], [-75.5207, 48.7955], [-75.5307, 48.8001], [-75.5255, 48.8048], [-75.5276, 48.8056], [-75.5241, 48.8167], [-75.5207, 48.818], [-75.5206, 48.8646], [-75.5258, 48.8647], [-75.5237, 48.8672], [-75.5269, 48.8675], [-75.5258, 48.8765], [-75.5398, 48.8746], [-75.5438, 48.8658], [-75.5397, 48.8663], [-75.5579, 48.8588], [-75.5725, 48.8573], [-75.58, 48.8483], [-75.592, 48.8576], [-75.5814, 48.8767], [-75.5972, 48.8781]]]}}, {"type": "Feature", "properties": {"id": "qc-trq-8-47", "name": "Domaine du Canyon (2010) inc.", "province": "QC", "park_type": "outfitter_exclusive", "designation": "outfitter exclusive", "hunting_allowed": true, "policy_id": "09-599", "summary": "Structured recreational / wildlife territory on Quebec public land. Verify current regulations.", "source": "MRNF TRQ_WMS layer 8", "layer_role": "public_hunt_territory"}, "geometry": {"type": "Polygon", "coordinates": [[[-69.815, 49.1241], [-69.8333, 49.1136], [-69.8338, 49.1093], [-69.8242, 49.1049], [-69.8241, 49.0815], [-69.8137, 49.0815], [-69.802, 49.0584], [-69.8223, 49.0547], [-69.8041, 49.0473], [-69.7842, 49.0565], [-69.769, 49.052], [-69.7694, 49.0327], [-69.7379, 49.0165], [-69.7342, 49.0078], [-69.7358, 49.0047], [-69.6951, 49.0079], [-69.7158, 49.0283], [-69.7116, 49.0343], [-69.6951, 49.0266], [-69.6792, 49.0338], [-69.6886, 49.0548], [-69.6806, 49.0728], [-69.6857, 49.0917], [-69.7067, 49.1023], [-69.7096, 49.1088], [-69.7161, 49.1113], [-69.7308, 49.0876], [-69.7408, 49.0812], [-69.7896, 49.0811], [-69.7897, 49.0889], [-69.794, 49.0932], [-69.7912, 49.1017], [-69.7974, 49.1042], [-69.7944, 49.1065], [-69.815, 49.1241]]]}}, {"type": "Feature", "properties": {"id": "qc-trq-8-48", "name": "Pourvoirie Clauparo Monts-Valin inc.", "province": "QC", "park_type": "outfitter_exclusive", "designation": "outfitter exclusive", "hunting_allowed": true, "policy_id": "02-505", "summary": "Structured recreational / wildlife territory on Quebec public land. Verify current regulations.", "source": "MRNF TRQ_WMS layer 8", "layer_role": "public_hunt_territory"}, "geometry": {"type": "Polygon", "coordinates": [[[-70.5136, 49.1229], [-70.5064, 49.1163], [-70.507, 49.112], [-70.5005, 49.1084], [-70.5033, 49.1048], [-70.499, 49.103], [-70.4995, 49.0943], [-70.494, 49.0871], [-70.4883, 49.087], [-70.4887, 49.0841], [-70.4809, 49.0829], [-70.4584, 49.0709], [-70.4508, 49.0719], [-70.4396, 49.0509], [-70.4413, 49.0459], [-70.4359, 49.0441], [-70.4322, 49.0384], [-70.4279, 49.0368], [-70.421, 49.0494], [-70.4363, 48.9977], [-70.4317, 49.0016], [-70.3397, 49.0], [-70.3215, 49.0218], [-70.3263, 49.0355], [-70.3207, 49.0424], [-70.3266, 49.0508], [-70.3319, 49.0528], [-70.3557, 49.0979], [-70.356, 49.1068], [-70.3645, 49.1178], [-70.397, 49.1174], [-70.4113, 49.1242], [-70.5136, 49.1229]]]}}, {"type": "Feature", "properties": {"id": "qc-trq-8-49", "name": "Pourvoirie le Chenail du Nord inc.", "province": "QC", "park_type": "outfitter_exclusive", "designation": "outfitter exclusive", "hunting_allowed": true, "policy_id": "09-509", "summary": "Structured recreational / wildlife territory on Quebec public land. Verify current regulations.", "source": "MRNF TRQ_WMS layer 8", "layer_role": "public_hunt_territory"}, "geometry": {"type": "Polygon", "coordinates": [[[-69.7548, 49.1851], [-69.7818, 49.1713], [-69.8135, 49.1688], [-69.8495, 49.1368], [-69.8414, 49.1273], [-69.8404, 49.12], [-69.8333, 49.1136], [-69.815, 49.1241], [-69.7944, 49.1065], [-69.7974, 49.1042], [-69.7912, 49.1017], [-69.794, 49.0932], [-69.7897, 49.0889], [-69.7896, 49.0811], [-69.7408, 49.0812], [-69.7308, 49.0876], [-69.7161, 49.1113], [-69.72, 49.1171], [-69.7208, 49.1279], [-69.739, 49.1532], [-69.7265, 49.1679], [-69.7267, 49.1765], [-69.7548, 49.1851]]]}}, {"type": "Feature", "properties": {"id": "qc-trq-8-50", "name": "Le Domaine Poutrincourt inc.", "province": "QC", "park_type": "outfitter_exclusive", "designation": "outfitter exclusive", "hunting_allowed": true, "policy_id": "02-585", "summary": "Structured recreational / wildlife territory on Quebec public land. Verify current regulations.", "source": "MRNF TRQ_WMS layer 8", "layer_role": "public_hunt_territory"}, "geometry": {"type": "Polygon", "coordinates": [[[-74.0856, 49.2494], [-74.0848, 49.2467], [-74.0893, 49.2449], [-74.0896, 49.234], [-74.1074, 49.2299], [-74.1148, 49.2205], [-74.1135, 49.2299], [-74.1187, 49.2294], [-74.1252, 49.234], [-74.1288, 49.2295], [-74.1289, 49.2328], [-74.1365, 49.2367], [-74.1572, 49.2282], [-74.1629, 49.2207], [-74.1668, 49.2226], [-74.1877, 49.2123], [-74.1861, 49.2079], [-74.1822, 49.208], [-74.193, 49.1967], [-74.1807, 49.1918], [-74.1871, 49.1881], [-74.1892, 49.1826], [-74.1861, 49.1813], [-74.1868, 49.1772], [-74.1837, 49.1777], [-74.1886, 49.1724], [-74.1862, 49.1657], [-74.1801, 49.1617], [-74.1798, 49.1553], [-74.1862, 49.1374], [-74.1756, 49.1362], [-74.1788, 49.1334], [-74.173, 49.1285], [-74.1741, 49.1236], [-74.1838, 49.1242], [-74.1882, 49.1155], [-74.1972, 49.1112], [-74.1979, 49.1068], [-74.1925, 49.1026], [-74.1952, 49.0949], [-74.1955, 49.0975], [-74.1983, 49.0964], [-74.1963, 49.0883], [-74.202, 49.079], [-74.1978, 49.0774], [-74.1953, 49.0637], [-74.1994, 49.0581], [-74.2, 49.0491], [-74.2026, 49.0489], [-74.1996, 49.0463], [-74.2092, 49.0369], [-74.2075, 49.0349], [-74.2148, 49.0302], [-74.2129, 49.0274], [-74.2011, 49.032], [-74.184, 49.0315], [-74.1733, 49.0423], [-74.1403, 49.0331], [-74.1343, 49.0383], [-74.1322, 49.0357], [-74.1272, 49.0483], [-74.1188, 49.0518], [-74.1087, 49.044], [-74.0796, 49.0465], [-74.0817, 49.0489], [-74.0755, 49.0556], [-74.0809, 49.0589], [-74.0814, 49.0648], [-74.0737, 49.0755], [-74.066, 49.0793], [-74.0633, 49.0761], [-74.0555, 49.0779], [-74.0613, 49.0797], [-74.0611, 49.0834], [-74.068, 49.0888], [-74.0662, 49.0938], [-74.0777, 49.1006], [-74.078, 49.1045], [-74.0809, 49.1051], [-74.0776, 49.1073], [-74.0832, 49.108], [-74.0762, 49.1106], [-74.0802, 49.1125], [-74.0833, 49.1262], [-74.0887, 49.1307], [-74.085, 49.1331], [-74.0888, 49.1337], [-74.0863, 49.1384], [-74.0899, 49.139], [-74.0855, 49.1399], [-74.0861, 49.1436], [-74.082, 49.1452], [-74.0827, 49.1562], [-74.0546, 49.1579], [-74.0518, 49.1619], [-74.0555, 49.1707], [-74.0495, 49.1759], [-74.0509, 49.1794], [-74.0433, 49.192], [-74.0436, 49.2024], [-74.0459, 49.2083], [-74.0598, 49.2146], [-74.0655, 49.2271], [-74.0718, 49.2293], [-74.0721, 49.2386], [-74.0803, 49.24], [-74.073, 49.2419], [-74.0856, 49.2494]]]}}, {"type": "Feature", "properties": {"id": "qc-trq-8-51", "name": "Domaine du Lac Bernier inc. - Pourvoiries Essipit", "province": "QC", "park_type": "outfitter_exclusive", "designation": "outfitter exclusive", "hunting_allowed": true, "policy_id": "09-536", "summary": "Structured recreational / wildlife territory on Quebec public land. Verify current regulations.", "source": "MRNF TRQ_WMS layer 8", "layer_role": "public_hunt_territory"}, "geometry": {"type": "Polygon", "coordinates": [[[-69.6372, 48.5239], [-69.6544, 48.5067], [-69.7123, 48.4829], [-69.6896, 48.475], [-69.6662, 48.4765], [-69.6634, 48.4739], [-69.6342, 48.4707], [-69.6309, 48.4677], [-69.5699, 48.5063], [-69.5895, 48.5142], [-69.5908, 48.5172], [-69.5994, 48.517], [-69.6011, 48.52], [-69.6196, 48.5192], [-69.6209, 48.5222], [-69.6372, 48.5239]]]}}, {"type": "Feature", "properties": {"id": "qc-trq-8-52", "name": "Baie Johan Beetz", "province": "QC", "park_type": "outfitter_exclusive", "designation": "outfitter exclusive", "hunting_allowed": true, "policy_id": "09-611", "summary": "Structured recreational / wildlife territory on Quebec public land. Verify current regulations.", "source": "MRNF TRQ_WMS layer 8", "layer_role": "public_hunt_territory"}, "geometry": {"type": "MultiPolygon", "coordinates": [[[[-62.8601, 50.4509], [-62.8625, 50.4493], [-62.8579, 50.4439], [-62.8606, 50.443], [-62.8605, 50.4352], [-62.8559, 50.4312], [-62.8488, 50.431], [-62.8477, 50.4277], [-62.8532, 50.4295], [-62.857, 50.4217], [-62.8419, 50.4161], [-62.8373, 50.4032], [-62.8454, 50.3973], [-62.8466, 50.3926], [-62.8311, 50.3833], [-62.8235, 50.3664], [-62.8174, 50.3659], [-62.8232, 50.3561], [-62.8168, 50.3545], [-62.8056, 50.3449], [-62.8131, 50.3421], [-62.8089, 50.3387], [-62.8102, 50.336], [-62.8146, 50.3398], [-62.8168, 50.3362], [-62.8135, 50.3321], [-62.8067, 50.3311], [-62.8099, 50.3224], [-62.8197, 50.3179], [-62.8192, 50.3126], [-62.8245, 50.3112], [-62.8098, 50.3046], [-62.8132, 50.2905], [-62.8034, 50.2878], [-62.8088, 50.2945], [-62.8056, 50.2984], [-62.8071, 50.3077], [-62.7997, 50.3116], [-62.7992, 50.315], [-62.8014, 50.3174], [-62.8151, 50.3145], [-62.8163, 50.3174], [-62.807, 50.3222], [-62.8045, 50.3315], [-62.8072, 50.3423], [-62.8003, 50.3451], [-62.7995, 50.3515], [-62.8015, 50.354], [-62.8108, 50.3527], [-62.8186, 50.3582], [-62.814, 50.3628], [-62.8096, 50.3592], [-62.8064, 50.361], [-62.808, 50.3634], [-62.7995, 50.3637], [-62.8074, 50.3682], [-62.7991, 50.3751], [-62.8076, 50.3736], [-62.8305, 50.3937], [-62.828, 50.3974], [-62.8122, 50.3972], [-62.8018, 50.4059], [-62.8114, 50.4046], [-62.817, 50.4118], [-62.8252, 50.4053], [-62.832, 50.4137], [-62.8296, 50.4187], [-62.841, 50.4299], [-62.8573, 50.4351], [-62.8586, 50.4425], [-62.8545, 50.4453], [-62.8601, 50.4509]]], [[[-62.5399, 50.3331], [-62.5026, 50.3528], [-62.5067, 50.3532], [-62.5401, 50.3349], [-62.5535, 50.334], [-62.5612, 50.3274], [-62.5781, 50.321], [-62.5821, 50.3162], [-62.5764, 50.3154], [-62.5743, 50.3101], [-62.5796, 50.3057], [-62.565, 50.3017], [-62.5671, 50.2969], [-62.6172, 50.2823], [-62.6222, 50.2782], [-62.6242, 50.2708], [-62.64, 50.2714], [-62.6289, 50.2683], [-62.6202, 50.2698], [-62.6149, 50.2724], [-62.6191, 50.2751], [-62.615, 50.2813], [-62.584, 50.2883], [-62.5504, 50.3014], [-62.5526, 50.3036], [-62.5639, 50.2984], [-62.5555, 50.3055], [-62.5671, 50.305], [-62.5722, 50.3093], [-62.5758, 50.3203], [-62.5594, 50.3259], [-62.5521, 50.3328], [-62.5399, 50.3331]]]]}}, {"type": "Feature", "properties": {"id": "qc-trq-8-53", "name": "Pourvoirie de la Haute Saint-Jean", "province": "QC", "park_type": "outfitter_exclusive", "designation": "outfitter exclusive", "hunting_allowed": true, "policy_id": "09-624", "summary": "Structured recreational / wildlife territory on Quebec public land. Verify current regulations.", "source": "MRNF TRQ_WMS layer 8", "layer_role": "public_hunt_territory"}, "geometry": {"type": "MultiPolygon", "coordinates": [[[[-64.2333, 50.3566], [-64.2317, 50.3552], [-64.2441, 50.3558], [-64.2333, 50.3566]]], [[[-64.107, 50.542], [-64.1051, 50.5372], [-64.0889, 50.5377], [-64.1193, 50.5334], [-64.1214, 50.5293], [-64.1164, 50.5258], [-64.1178, 50.5231], [-64.1413, 50.5035], [-64.135, 50.4958], [-64.1441, 50.4907], [-64.1427, 50.4848], [-64.1518, 50.4719], [-64.1521, 50.4643], [-64.1637, 50.458], [-64.1886, 50.4539], [-64.1849, 50.4481], [-64.1948, 50.4434], [-64.189, 50.4353], [-64.1894, 50.4311], [-64.204, 50.4232], [-64.2067, 50.4061], [-64.2024, 50.4011], [-64.2044, 50.3965], [-64.225, 50.3867], [-64.2301, 50.3707], [-64.2229, 50.3588], [-64.2247, 50.3548], [-64.2297, 50.3551], [-64.2265, 50.3591], [-64.234, 50.3719], [-64.2286, 50.3868], [-64.2057, 50.3995], [-64.21, 50.4051], [-64.2078, 50.4215], [-64.2064, 50.4254], [-64.1924, 50.4321], [-64.1979, 50.4423], [-64.1884, 50.4486], [-64.1911, 50.4551], [-64.1567, 50.4642], [-64.1468, 50.4855], [-64.1477, 50.4909], [-64.1452, 50.4947], [-64.1382, 50.4961], [-64.144, 50.5009], [-64.1429, 50.5074], [-64.1245, 50.5224], [-64.1206, 50.5359], [-64.1071, 50.5389], [-64.1214, 50.546], [-64.1199, 50.552], [-64.13381363413437, 50.55640122609122], [-64.1183, 50.5532], [-64.12, 50.5472], [-64.107, 50.542]]], [[[-64.1342298473714, 50.55648711136235], [-64.134, 50.5565], [-64.13381363413437, 50.55640122609122], [-64.1342298473714, 50.55648711136235]]], [[[-64.1538, 50.5607], [-64.1342298473714, 50.55648711136235], [-64.1447, 50.5559], [-64.1538, 50.5607]]]]}}, {"type": "Feature", "properties": {"id": "qc-trq-8-54", "name": "La Pourvoirie de La Rivi\u00e8re Washicoutai ltee", "province": "QC", "park_type": "outfitter_exclusive", "designation": "outfitter exclusive", "hunting_allowed": true, "policy_id": "09-612", "summary": "Structured recreational / wildlife territory on Quebec public land. Verify current regulations.", "source": "MRNF TRQ_WMS layer 8", "layer_role": "public_hunt_territory"}, "geometry": {"type": "Polygon", "coordinates": [[[-60.753, 50.4112], [-60.7578, 50.412], [-60.7697, 50.4044], [-60.7779, 50.4051], [-60.788, 50.401], [-60.8153, 50.4038], [-60.8194, 50.406], [-60.8123, 50.4085], [-60.8183, 50.4105], [-60.8359, 50.4011], [-60.8379, 50.4027], [-60.8341, 50.4078], [-60.8364, 50.4107], [-60.8569, 50.397], [-60.8591, 50.4006], [-60.8743, 50.3958], [-60.8903, 50.3974], [-60.8854, 50.4003], [-60.8889, 50.4031], [-60.9225, 50.3954], [-60.925, 50.3997], [-60.9381, 50.3967], [-60.9294, 50.3947], [-60.9367, 50.3911], [-60.9284, 50.3882], [-60.9102, 50.392], [-60.9236, 50.3853], [-60.9207, 50.3806], [-60.9227, 50.3787], [-60.9162, 50.3762], [-60.9085, 50.3808], [-60.9018, 50.3755], [-60.9163, 50.3699], [-60.9252, 50.3705], [-60.9403, 50.3632], [-60.9312, 50.3634], [-60.9402, 50.356], [-60.9344, 50.3544], [-60.9368, 50.3522], [-60.9302, 50.3514], [-60.9325, 50.3446], [-60.9295, 50.3416], [-60.8994, 50.3634], [-60.8909, 50.3644], [-60.8778, 50.3715], [-60.8572, 50.3744], [-60.8359, 50.3667], [-60.8321, 50.3684], [-60.8347, 50.3735], [-60.8301, 50.3737], [-60.8272, 50.3663], [-60.8315, 50.3664], [-60.8304, 50.3643], [-60.8161, 50.3611], [-60.8133, 50.3639], [-60.7986, 50.3641], [-60.7642, 50.3507], [-60.7618, 50.3471], [-60.7441, 50.3468], [-60.7508, 50.3374], [-60.7493, 50.3342], [-60.7349, 50.3276], [-60.7257, 50.328], [-60.7229, 50.3245], [-60.7302, 50.3194], [-60.7282, 50.3109], [-60.7357, 50.3085], [-60.737, 50.3033], [-60.7407, 50.3025], [-60.7386, 50.2987], [-60.7439, 50.2946], [-60.7436, 50.2903], [-60.763, 50.284], [-60.7699, 50.2878], [-60.7702, 50.295], [-60.7761, 50.3018], [-60.7792, 50.2984], [-60.7753, 50.2971], [-60.7779, 50.2892], [-60.7983, 50.2884], [-60.8007, 50.2844], [-60.8071, 50.2835], [-60.8088, 50.29], [-60.8011, 50.2956], [-60.8265, 50.2961], [-60.8302, 50.2943], [-60.8294, 50.2917], [-60.832, 50.293], [-60.8386, 50.2886], [-60.8409, 50.2932], [-60.8566, 50.2955], [-60.8568, 50.2995], [-60.8629, 50.303], [-60.8717, 50.3023], [-60.8699, 50.2969], [-60.8603, 50.2955], [-60.8719, 50.293], [-60.8694, 50.2898], [-60.8635, 50.2912], [-60.8499, 50.2854], [-60.8372, 50.2849], [-60.8376, 50.2758], [-60.8448, 50.2722], [-60.8432, 50.2692], [-60.8466, 50.2674], [-60.839, 50.2679], [-60.8395, 50.262], [-60.8361, 50.2624], [-60.8321, 50.2701], [-60.8206, 50.2684], [-60.8238, 50.2631], [-60.8214, 50.2618], [-60.8145, 50.2685], [-60.8062, 50.2709], [-60.815, 50.2656], [-60.8172, 50.2563], [-60.8105, 50.2586], [-60.805, 50.2666], [-60.7976, 50.2587], [-60.8011, 50.2548], [-60.8278, 50.2512], [-60.8359, 50.2458], [-60.8434, 50.2479], [-60.8561, 50.2456], [-60.8415, 50.2432], [-60.8574, 50.2413], [-60.8519, 50.2365], [-60.859, 50.2333], [-60.8625, 50.2372], [-60.8647, 50.2326], [-60.8688, 50.2326], [-60.8705, 50.2236], [-60.8784, 50.2197], [-60.8897, 50.2063], [-60.8655, 50.2024], [-60.8485, 50.2308], [-60.8415, 50.2324], [-60.8342, 50.2405], [-60.8207, 50.2358], [-60.8195, 50.2377], [-60.8252, 50.2411], [-60.8299, 50.2412], [-60.8133, 50.2501], [-60.7846, 50.2528], [-60.785, 50.2552], [-60.7749, 50.2578], [-60.7935, 50.2576], [-60.793, 50.2655], [-60.7983, 50.2661], [-60.7979, 50.2731], [-60.7918, 50.2767], [-60.7709, 50.278], [-60.7524, 50.2726], [-60.7532, 50.2793], [-60.738, 50.283], [-60.7403, 50.2908], [-60.7362, 50.2989], [-60.7104, 50.3091], [-60.7116, 50.3151], [-60.7063, 50.3199], [-60.7103, 50.3241], [-60.7206, 50.3263], [-60.7122, 50.3381], [-60.7175, 50.3447], [-60.7154, 50.3489], [-60.7213, 50.3506], [-60.7162, 50.3525], [-60.7177, 50.3609], [-60.7066, 50.3661], [-60.6931, 50.3657], [-60.7071, 50.3675], [-60.7158, 50.3632], [-60.7198, 50.3677], [-60.7289, 50.3684], [-60.7315, 50.3722], [-60.741, 50.3746], [-60.7532, 50.3714], [-60.7678, 50.3812], [-60.7633, 50.3843], [-60.7653, 50.3871], [-60.7826, 50.3914], [-60.7803, 50.3955], [-60.7607, 50.3976], [-60.7478, 50.4036], [-60.753, 50.4112]]]}}, {"type": "Feature", "properties": {"id": "qc-trq-8-55", "name": "Pourvoirie Moisie Nipissis inc.", "province": "QC", "park_type": "outfitter_exclusive", "designation": "outfitter exclusive", "hunting_allowed": true, "policy_id": "09-626", "summary": "Structured recreational / wildlife territory on Quebec public land. Verify current regulations.", "source": "MRNF TRQ_WMS layer 8", "layer_role": "public_hunt_territory"}, "geometry": {"type": "Polygon", "coordinates": [[[-66.1905, 50.6208], [-66.1913, 50.6342], [-66.196, 50.6404], [-66.1946, 50.6448], [-66.2002, 50.6638], [-66.2057, 50.6616], [-66.1995, 50.6363], [-66.1949, 50.6332], [-66.1975, 50.627], [-66.1959, 50.6175], [-66.1991, 50.613], [-66.1965, 50.5978], [-66.1731, 50.582], [-66.1502, 50.5872], [-66.1422, 50.5742], [-66.1489, 50.5655], [-66.1395, 50.5578], [-66.1354, 50.5474], [-66.1203, 50.5302], [-66.1171, 50.5095], [-66.1112, 50.5062], [-66.1028, 50.507], [-66.0996, 50.4952], [-66.1159, 50.4885], [-66.126, 50.4921], [-66.1332, 50.4895], [-66.1361, 50.4859], [-66.1338, 50.4793], [-66.1495, 50.4749], [-66.1729, 50.4532], [-66.1716, 50.4457], [-66.1751, 50.4305], [-66.1626, 50.4195], [-66.1709, 50.4175], [-66.1754, 50.42], [-66.1736, 50.4172], [-66.178, 50.4116], [-66.1763, 50.4083], [-66.1656, 50.4046], [-66.1705, 50.4026], [-66.1661, 50.4004], [-66.1728, 50.3878], [-66.17, 50.3724], [-66.2037, 50.3401], [-66.1983, 50.3358], [-66.2032, 50.3194], [-66.1998, 50.3161], [-66.1984, 50.3314], [-66.1953, 50.3353], [-66.1972, 50.3414], [-66.1898, 50.3497], [-66.1723, 50.3607], [-66.1652, 50.3717], [-66.1681, 50.387], [-66.16, 50.404], [-66.1742, 50.4116], [-66.1582, 50.4196], [-66.1592, 50.4243], [-66.1666, 50.4264], [-66.1706, 50.4313], [-66.1674, 50.4547], [-66.1511, 50.4666], [-66.1468, 50.4732], [-66.1294, 50.4789], [-66.1315, 50.4844], [-66.1284, 50.4888], [-66.1128, 50.4855], [-66.0955, 50.492], [-66.0761, 50.5116], [-66.0814, 50.5147], [-66.077, 50.5177], [-66.0777, 50.5214], [-66.0695, 50.5207], [-66.0612, 50.5246], [-66.0558, 50.5285], [-66.0542, 50.5343], [-66.0552, 50.5384], [-66.0582, 50.5383], [-66.0567, 50.534], [-66.063, 50.5257], [-66.0821, 50.5225], [-66.0796, 50.5189], [-66.0843, 50.5143], [-66.0785, 50.5119], [-66.0954, 50.4982], [-66.1013, 50.5099], [-66.1126, 50.5093], [-66.1202, 50.5373], [-66.1316, 50.5462], [-66.1369, 50.5602], [-66.1444, 50.5655], [-66.1391, 50.5744], [-66.1451, 50.5865], [-66.1532, 50.5918], [-66.1707, 50.5839], [-66.1901, 50.5948], [-66.1955, 50.6035], [-66.1905, 50.6208]]]}}, {"type": "Feature", "properties": {"id": "qc-trq-8-56", "name": "Club Leslie Foreman", "province": "QC", "park_type": "outfitter_exclusive", "designation": "outfitter exclusive", "hunting_allowed": true, "policy_id": "09-527", "summary": "Structured recreational / wildlife territory on Quebec public land. Verify current regulations.", "source": "MRNF TRQ_WMS layer 8", "layer_role": "public_hunt_territory"}, "geometry": {"type": "Polygon", "coordinates": [[[-61.4403, 50.4641], [-61.4496, 50.4623], [-61.4409, 50.4465], [-61.4394, 50.4342], [-61.4352, 50.4297], [-61.4381, 50.4188], [-61.4281, 50.4158], [-61.4184, 50.3786], [-61.4293, 50.3689], [-61.4286, 50.3626], [-61.4398, 50.3564], [-61.4429, 50.361], [-61.4399, 50.3669], [-61.4417, 50.3748], [-61.4475, 50.3784], [-61.451, 50.386], [-61.4602, 50.3884], [-61.4626, 50.3856], [-61.458, 50.3718], [-61.4635, 50.3684], [-61.4669, 50.3537], [-61.4757, 50.3477], [-61.4743, 50.3447], [-61.4799, 50.3438], [-61.483, 50.3371], [-61.482, 50.334], [-61.4783, 50.3341], [-61.4726, 50.3369], [-61.4735, 50.3411], [-61.4676, 50.3384], [-61.457, 50.3434], [-61.4503, 50.3345], [-61.4557, 50.3302], [-61.4485, 50.32], [-61.4527, 50.3182], [-61.4537, 50.3135], [-61.4466, 50.3093], [-61.4382, 50.311], [-61.439, 50.3081], [-61.4341, 50.3074], [-61.4395, 50.3025], [-61.4312, 50.2876], [-61.4417, 50.2726], [-61.4777, 50.2535], [-61.4797, 50.2477], [-61.471, 50.2396], [-61.4699, 50.2336], [-61.4524, 50.2326], [-61.4437, 50.2383], [-61.4301, 50.2377], [-61.4237, 50.2307], [-61.4147, 50.2299], [-61.4095, 50.2255], [-61.4063, 50.2278], [-61.4092, 50.2316], [-61.3946, 50.2313], [-61.3912, 50.2248], [-61.3949, 50.2195], [-61.3818, 50.2149], [-61.3829, 50.2028], [-61.3738, 50.1922], [-61.383, 50.1868], [-61.3731, 50.1782], [-61.3551, 50.1772], [-61.3514, 50.181], [-61.3764, 50.1838], [-61.3767, 50.1891], [-61.3713, 50.1896], [-61.3705, 50.195], [-61.3787, 50.2033], [-61.3786, 50.217], [-61.3863, 50.2178], [-61.3891, 50.2214], [-61.3869, 50.2236], [-61.39, 50.2332], [-61.403, 50.233], [-61.4143, 50.242], [-61.4307, 50.2438], [-61.4604, 50.2347], [-61.4766, 50.2507], [-61.4395, 50.2707], [-61.4256, 50.2885], [-61.4194, 50.2862], [-61.4089, 50.2881], [-61.4035, 50.2938], [-61.4033, 50.3022], [-61.3952, 50.3089], [-61.403, 50.3175], [-61.3948, 50.3218], [-61.3953, 50.3324], [-61.4, 50.3331], [-61.4042, 50.3293], [-61.4021, 50.341], [-61.4136, 50.3388], [-61.4163, 50.3496], [-61.4278, 50.3434], [-61.4303, 50.3459], [-61.4182, 50.3607], [-61.3957, 50.3745], [-61.398, 50.3776], [-61.4162, 50.3731], [-61.4148, 50.3682], [-61.4251, 50.3632], [-61.426, 50.3685], [-61.4164, 50.3738], [-61.4132, 50.3803], [-61.4191, 50.3845], [-61.4253, 50.4162], [-61.4352, 50.4192], [-61.4324, 50.4299], [-61.4456, 50.4585], [-61.4403, 50.4641]]]}}, {"type": "Feature", "properties": {"id": "qc-trq-8-57", "name": "Pourvoirie J.M.L. inc.", "province": "QC", "park_type": "outfitter_exclusive", "designation": "outfitter exclusive", "hunting_allowed": true, "policy_id": "09-642", "summary": "Structured recreational / wildlife territory on Quebec public land. Verify current regulations.", "source": "MRNF TRQ_WMS layer 8", "layer_role": "public_hunt_territory"}, "geometry": {"type": "Polygon", "coordinates": [[[-61.0785, 50.4536], [-61.0844, 50.4417], [-61.1288, 50.4313], [-61.1301, 50.4336], [-61.1226, 50.4399], [-61.1281, 50.4546], [-61.1303, 50.4489], [-61.1256, 50.4394], [-61.1518, 50.4217], [-61.1638, 50.4164], [-61.1813, 50.4172], [-61.1989, 50.4082], [-61.2314, 50.399], [-61.2434, 50.3882], [-61.2393, 50.3802], [-61.258, 50.3754], [-61.2561, 50.3682], [-61.2637, 50.3735], [-61.2769, 50.3666], [-61.2852, 50.3682], [-61.2891, 50.3623], [-61.2862, 50.3583], [-61.2932, 50.3542], [-61.2937, 50.35], [-61.2875, 50.3529], [-61.2786, 50.3514], [-61.2671, 50.3425], [-61.2766, 50.3353], [-61.2743, 50.3307], [-61.2846, 50.3317], [-61.2869, 50.3279], [-61.2784, 50.3221], [-61.2792, 50.3168], [-61.2664, 50.3129], [-61.2619, 50.3152], [-61.259, 50.3075], [-61.2091, 50.2845], [-61.2089, 50.2809], [-61.2214, 50.2791], [-61.2199, 50.2752], [-61.2257, 50.2758], [-61.2204, 50.2696], [-61.2067, 50.2728], [-61.2084, 50.2748], [-61.2041, 50.276], [-61.2051, 50.2789], [-61.1988, 50.2821], [-61.1693, 50.2691], [-61.1392, 50.272], [-61.1356, 50.2748], [-61.1161, 50.2686], [-61.1134, 50.2633], [-61.0971, 50.2582], [-61.0847, 50.2482], [-61.0881, 50.2421], [-61.1002, 50.2361], [-61.0993, 50.2307], [-61.0885, 50.2259], [-61.0798, 50.2274], [-61.0784, 50.22], [-61.0713, 50.2133], [-61.0607, 50.2133], [-61.0709, 50.2239], [-61.065, 50.2312], [-61.0794, 50.2317], [-61.0775, 50.2352], [-61.0805, 50.2365], [-61.0818, 50.2445], [-61.0755, 50.2453], [-61.0809, 50.2525], [-61.0986, 50.2649], [-61.1107, 50.2659], [-61.1155, 50.2744], [-61.1361, 50.2799], [-61.1689, 50.2729], [-61.1794, 50.2789], [-61.1727, 50.2836], [-61.1743, 50.2873], [-61.1837, 50.2843], [-61.1831, 50.2806], [-61.1927, 50.2836], [-61.1902, 50.2899], [-61.2152, 50.2896], [-61.2195, 50.2921], [-61.2176, 50.2959], [-61.2263, 50.2941], [-61.2266, 50.3021], [-61.2311, 50.3052], [-61.2383, 50.3089], [-61.2442, 50.3073], [-61.2454, 50.3135], [-61.2561, 50.3132], [-61.2618, 50.3172], [-61.2632, 50.3258], [-61.2698, 50.3261], [-61.2713, 50.3316], [-61.2682, 50.3357], [-61.2648, 50.332], [-61.2574, 50.3365], [-61.2607, 50.3491], [-61.2556, 50.3491], [-61.2406, 50.3585], [-61.2427, 50.3614], [-61.239, 50.3636], [-61.2417, 50.3651], [-61.2352, 50.3684], [-61.2399, 50.3751], [-61.2346, 50.3808], [-61.2364, 50.3885], [-61.2294, 50.3958], [-61.1791, 50.415], [-61.1631, 50.4137], [-61.1493, 50.4182], [-61.1345, 50.4302], [-61.1141, 50.4316], [-61.1082, 50.4358], [-61.1035, 50.4343], [-61.0838, 50.44], [-61.0778, 50.4436], [-61.076, 50.4524], [-61.0785, 50.4536]]]}}, {"type": "Feature", "properties": {"id": "qc-trq-8-58", "name": "Mabec Lt\u00e9e", "province": "QC", "park_type": "outfitter_exclusive", "designation": "outfitter exclusive", "hunting_allowed": true, "policy_id": "09-544", "summary": "Structured recreational / wildlife territory on Quebec public land. Verify current regulations.", "source": "MRNF TRQ_WMS layer 8", "layer_role": "public_hunt_territory"}, "geometry": {"type": "MultiPolygon", "coordinates": [[[[-65.1826, 50.7308], [-65.1757, 50.7271], [-65.18, 50.7218], [-65.178, 50.7184], [-65.1813, 50.7174], [-65.1802, 50.7097], [-65.1527, 50.7007], [-65.1542, 50.6894], [-65.1572, 50.6875], [-65.155, 50.6835], [-65.1588, 50.6769], [-65.1569, 50.6698], [-65.1526, 50.6667], [-65.1564, 50.6618], [-65.1514, 50.6563], [-65.137, 50.6522], [-65.1324, 50.6407], [-65.119, 50.6376], [-65.1136, 50.6332], [-65.096, 50.6329], [-65.1026, 50.6341], [-65.0986, 50.6421], [-65.0793, 50.6218], [-65.0833, 50.6144], [-65.0768, 50.6125], [-65.0746, 50.6071], [-65.077, 50.5813], [-65.0921, 50.5799], [-65.0935, 50.5713], [-65.0988, 50.5722], [-65.0989, 50.5694], [-65.1172, 50.5624], [-65.1156, 50.5581], [-65.1189, 50.5504], [-65.1135, 50.5396], [-65.1188, 50.5341], [-65.116, 50.522], [-65.109, 50.5172], [-65.1191, 50.5188], [-65.125, 50.5311], [-65.1286, 50.5317], [-65.1418, 50.5258], [-65.14, 50.5131], [-65.1421, 50.5114], [-65.1467, 50.5216], [-65.1522, 50.5222], [-65.15, 50.5288], [-65.158, 50.5294], [-65.1517, 50.5331], [-65.1547, 50.5338], [-65.1454, 50.5371], [-65.1459, 50.5409], [-65.1253, 50.5473], [-65.1227, 50.5525], [-65.1288, 50.5594], [-65.1625, 50.5471], [-65.1949, 50.5456], [-65.2011, 50.5396], [-65.2184, 50.5373], [-65.2304, 50.5296], [-65.2317, 50.5255], [-65.2281, 50.5212], [-65.2003, 50.518], [-65.2161, 50.5124], [-65.2267, 50.5028], [-65.2346, 50.5021], [-65.2258, 50.4964], [-65.2294, 50.4886], [-65.2268, 50.485], [-65.2202, 50.4849], [-65.2165, 50.4776], [-65.2324, 50.466], [-65.2302, 50.4584], [-65.2016, 50.431], [-65.2025, 50.4252], [-65.2054, 50.4251], [-65.2038, 50.4309], [-65.2089, 50.4319], [-65.2093, 50.4377], [-65.2392, 50.4646], [-65.2586, 50.4659], [-65.2623, 50.4686], [-65.2586, 50.4716], [-65.2674, 50.472], [-65.2658, 50.4768], [-65.2618, 50.4779], [-65.263, 50.4838], [-65.2592, 50.4847], [-65.2639, 50.4902], [-65.2616, 50.4927], [-65.2704, 50.4936], [-65.2792, 50.4989], [-65.2777, 50.502], [-65.2815, 50.5091], [-65.2778, 50.5166], [-65.2746, 50.5105], [-65.2627, 50.5111], [-65.271, 50.5128], [-65.2683, 50.5147], [-65.269, 50.5196], [-65.2817, 50.5261], [-65.2677, 50.5268], [-65.2747, 50.529], [-65.2866, 50.5421], [-65.2986, 50.5385], [-65.3064, 50.542], [-65.3035, 50.5432], [-65.3065, 50.5475], [-65.3017, 50.5489], [-65.303, 50.5511], [-65.299, 50.5548], [-65.292, 50.5479], [-65.2702, 50.5419], [-65.2739, 50.5489], [-65.2703, 50.5537], [-65.2618, 50.5465], [-65.2663, 50.5442], [-65.2633, 50.5393], [-65.2541, 50.5411], [-65.2518, 50.5491], [-65.2467, 50.5454], [-65.2247, 50.5451], [-65.2188, 50.5416], [-65.2113, 50.5493], [-65.2084, 50.545], [-65.2127, 50.541], [-65.2053, 50.5415], [-65.1925, 50.5498], [-65.162, 50.5501], [-65.1309, 50.5633], [-65.1243, 50.5611], [-65.1229, 50.566], [-65.1116, 50.5707], [-65.112, 50.5751], [-65.1089, 50.572], [-65.0977, 50.5747], [-65.1017, 50.587], [-65.0974, 50.5821], [-65.0826, 50.5827], [-65.083, 50.5963], [-65.0803, 50.6002], [-65.0865, 50.6129], [-65.0831, 50.621], [-65.09, 50.6279], [-65.0954, 50.6312], [-65.1143, 50.6318], [-65.1198, 50.6362], [-65.1347, 50.6397], [-65.1386, 50.6494], [-65.1524, 50.6544], [-65.1598, 50.6613], [-65.1591, 50.6658], [-65.1683, 50.6701], [-65.1669, 50.6834], [-65.1612, 50.6868], [-65.1617, 50.6942], [-65.1687, 50.6979], [-65.1619, 50.7026], [-65.1808, 50.7067], [-65.1838, 50.7176], [-65.1807, 50.7192], [-65.1842, 50.7207], [-65.1821, 50.7238], [-65.1867, 50.7265], [-65.1881, 50.7359], [-65.1925, 50.737], [-65.1894, 50.7397], [-65.1949, 50.74], [-65.1926, 50.7428], [-65.19697333333329, 50.74498666666665], [-65.1848, 50.74], [-65.1826, 50.7308]]], [[[-65.19849694835682, 50.74561079812207], [-65.1982, 50.7456], [-65.19697333333329, 50.74498666666665], [-65.19849694835682, 50.74561079812207]]], [[[-65.2199, 50.7622], [-65.242, 50.7662], [-65.2486, 50.764], [-65.2674, 50.7735], [-65.2784, 50.7864], [-65.2946, 50.7917], [-65.2948, 50.7989], [-65.2842, 50.8112], [-65.2833, 50.8183], [-65.2914, 50.8216], [-65.2861, 50.8313], [-65.2897, 50.8375], [-65.3134, 50.8547], [-65.3119, 50.8599], [-65.3161, 50.8654], [-65.296, 50.8736], [-65.2991, 50.8769], [-65.2892, 50.8806], [-65.2866, 50.8856], [-65.294, 50.8928], [-65.2867, 50.9038], [-65.289, 50.9281], [-65.2816, 50.9333], [-65.2817, 50.9363], [-65.2894, 50.9399], [-65.292, 50.9499], [-65.29, 50.9535], [-65.298, 50.9689], [-65.2955, 50.9702], [-65.295, 50.981], [-65.2851, 50.9878], [-65.2797, 50.9967], [-65.2672, 50.9988], [-65.257, 51.0057], [-65.272, 50.9947], [-65.2778, 50.9958], [-65.2758, 50.9913], [-65.2826, 50.9904], [-65.2681, 50.9859], [-65.2744, 50.9686], [-65.2713, 50.9533], [-65.2666, 50.9499], [-65.2644, 50.9395], [-65.2562, 50.9285], [-65.2674, 50.9085], [-65.2693, 50.892], [-65.2672, 50.888], [-65.2811, 50.8672], [-65.2739, 50.8608], [-65.2733, 50.8529], [-65.267, 50.844], [-65.2681, 50.8379], [-65.2599, 50.8303], [-65.2636, 50.8202], [-65.2586, 50.8175], [-65.2573, 50.8066], [-65.2522, 50.8017], [-65.2601, 50.7901], [-65.2566, 50.7789], [-65.2399, 50.7714], [-65.2376, 50.7662], [-65.2187, 50.7637], [-65.2031, 50.7556], [-65.2014, 50.7468], [-65.19849694835682, 50.74561079812207], [-65.2037, 50.7458], [-65.2039, 50.7529], [-65.2199, 50.7622]]]]}}, {"type": "Feature", "properties": {"id": "qc-trq-8-59", "name": "Pourvoirie Shipu", "province": "QC", "park_type": "outfitter_exclusive", "designation": "outfitter exclusive", "hunting_allowed": true, "policy_id": "09-646", "summary": "Structured recreational / wildlife territory on Quebec public land. Verify current regulations.", "source": "MRNF TRQ_WMS layer 8", "layer_role": "public_hunt_territory"}, "geometry": {"type": "Polygon", "coordinates": [[[-66.3873, 50.777], [-66.3901, 50.7753], [-66.3535, 50.7577], [-66.3291, 50.7578], [-66.3169, 50.751], [-66.315, 50.7452], [-66.2966, 50.7297], [-66.2839, 50.7286], [-66.2679, 50.7221], [-66.2469, 50.7268], [-66.2342, 50.7231], [-66.2269, 50.7131], [-66.2089, 50.7002], [-66.2097, 50.6957], [-66.2054, 50.6944], [-66.2124, 50.6735], [-66.206, 50.6618], [-66.2002, 50.6638], [-66.2074, 50.6718], [-66.1998, 50.6828], [-66.2012, 50.6981], [-66.2107, 50.7084], [-66.2204, 50.7131], [-66.2415, 50.7363], [-66.2465, 50.7375], [-66.2444, 50.7345], [-66.2485, 50.7294], [-66.2681, 50.7245], [-66.2994, 50.7358], [-66.3119, 50.7463], [-66.3134, 50.752], [-66.3281, 50.7609], [-66.3516, 50.7603], [-66.3873, 50.777]]]}}, {"type": "Feature", "properties": {"id": "qc-trq-8-60", "name": "Le Club du Lac Musquaro inc.", "province": "QC", "park_type": "outfitter_exclusive", "designation": "outfitter exclusive", "hunting_allowed": true, "policy_id": "09-558", "summary": "Structured recreational / wildlife territory on Quebec public land. Verify current regulations.", "source": "MRNF TRQ_WMS layer 8", "layer_role": "public_hunt_territory"}, "geometry": {"type": "Polygon", "coordinates": [[[-61.0782, 50.7974], [-61.0851, 50.7924], [-61.0925, 50.7917], [-61.0956, 50.7872], [-61.1042, 50.7879], [-61.1129, 50.7796], [-61.111, 50.7726], [-61.1135, 50.7645], [-61.1009, 50.7637], [-61.089, 50.7561], [-61.094, 50.7489], [-61.0955, 50.7517], [-61.115, 50.7538], [-61.1178, 50.749], [-61.1128, 50.7424], [-61.1341, 50.736], [-61.132, 50.7316], [-61.1256, 50.7307], [-61.1272, 50.7268], [-61.1321, 50.7271], [-61.1449, 50.7454], [-61.1364, 50.7508], [-61.1362, 50.7545], [-61.143, 50.7557], [-61.1453, 50.7516], [-61.154, 50.749], [-61.1515, 50.7423], [-61.1527, 50.7288], [-61.1452, 50.7277], [-61.1357, 50.7095], [-61.1214, 50.7019], [-61.1202, 50.6964], [-61.1292, 50.685], [-61.1435, 50.6833], [-61.1385, 50.6891], [-61.1434, 50.694], [-61.1557, 50.6855], [-61.1638, 50.6872], [-61.171, 50.6954], [-61.2094, 50.6871], [-61.2095, 50.6839], [-61.216, 50.6856], [-61.2155, 50.6886], [-61.2103, 50.6902], [-61.2113, 50.6944], [-61.1973, 50.7012], [-61.1911, 50.7027], [-61.1865, 50.6979], [-61.1802, 50.7017], [-61.1802, 50.7066], [-61.1581, 50.7227], [-61.165, 50.7241], [-61.1645, 50.7312], [-61.1861, 50.7218], [-61.1933, 50.7085], [-61.2, 50.7122], [-61.2086, 50.705], [-61.2105, 50.6993], [-61.2342, 50.6881], [-61.2232, 50.6884], [-61.2268, 50.6863], [-61.2246, 50.6821], [-61.2327, 50.6823], [-61.2326, 50.6781], [-61.2299, 50.6784], [-61.2346, 50.6758], [-61.212, 50.6732], [-61.2147, 50.6724], [-61.2192, 50.6565], [-61.2224, 50.6561], [-61.2192, 50.6537], [-61.2225, 50.6504], [-61.2101, 50.6546], [-61.2107, 50.6515], [-61.216, 50.6465], [-61.2234, 50.6486], [-61.2297, 50.6444], [-61.2142, 50.6352], [-61.2083, 50.6366], [-61.2017, 50.6325], [-61.196, 50.6329], [-61.1892, 50.6386], [-61.1898, 50.6437], [-61.1823, 50.647], [-61.1923, 50.6478], [-61.1952, 50.6516], [-61.1992, 50.6495], [-61.2077, 50.6571], [-61.2033, 50.6617], [-61.2076, 50.6666], [-61.2039, 50.675], [-61.1927, 50.683], [-61.1842, 50.6839], [-61.1732, 50.68], [-61.1701, 50.6746], [-61.1618, 50.672], [-61.1783, 50.6675], [-61.1694, 50.6626], [-61.1712, 50.6593], [-61.1769, 50.6587], [-61.1719, 50.6551], [-61.165, 50.6542], [-61.1516, 50.6601], [-61.1397, 50.6525], [-61.1376, 50.6608], [-61.1272, 50.6606], [-61.1341, 50.6483], [-61.1404, 50.6492], [-61.1456, 50.6367], [-61.1552, 50.6389], [-61.1803, 50.6349], [-61.1852, 50.6269], [-61.19, 50.628], [-61.194, 50.6252], [-61.194, 50.621], [-61.2007, 50.6202], [-61.2015, 50.6161], [-61.1934, 50.6186], [-61.1911, 50.6143], [-61.1994, 50.612], [-61.2046, 50.6067], [-61.2119, 50.6105], [-61.2207, 50.6061], [-61.2256, 50.6136], [-61.2387, 50.6147], [-61.2292, 50.6193], [-61.22, 50.6362], [-61.2255, 50.6417], [-61.2388, 50.6443], [-61.2325, 50.6326], [-61.2376, 50.6276], [-61.2352, 50.6253], [-61.2547, 50.6175], [-61.2696, 50.6201], [-61.2549, 50.633], [-61.2564, 50.6391], [-61.2659, 50.6393], [-61.2713, 50.6314], [-61.2819, 50.629], [-61.2897, 50.6301], [-61.2934, 50.6372], [-61.3005, 50.6393], [-61.2983, 50.642], [-61.302, 50.6446], [-61.3004, 50.6511], [-61.3092, 50.6522], [-61.31, 50.656], [-61.3074, 50.6602], [-61.2946, 50.6667], [-61.29, 50.666], [-61.2848, 50.6708], [-61.2936, 50.6718], [-61.2931, 50.6785], [-61.2875, 50.6839], [-61.3012, 50.6842], [-61.3004, 50.6888], [-61.2952, 50.6868], [-61.2916, 50.6918], [-61.2853, 50.6916], [-61.2739, 50.7026], [-61.2826, 50.6984], [-61.2865, 50.6998], [-61.3106, 50.6861], [-61.333, 50.7049], [-61.3429, 50.6958], [-61.337, 50.6918], [-61.3297, 50.6949], [-61.3313, 50.6866], [-61.3442, 50.689], [-61.3475, 50.6934], [-61.3533, 50.6914], [-61.353, 50.6737], [-61.3456, 50.6691], [-61.3345, 50.6701], [-61.3354, 50.6667], [-61.3448, 50.6676], [-61.3461, 50.6637], [-61.3375, 50.6614], [-61.3034, 50.6213], [-61.2942, 50.6154], [-61.2995, 50.6025], [-61.3268, 50.6121], [-61.334, 50.6116], [-61.3352, 50.6072], [-61.3107, 50.5983], [-61.3101, 50.5926], [-61.3015, 50.5864], [-61.3133, 50.5882], [-61.3177, 50.5851], [-61.3025, 50.5817], [-61.3052, 50.578], [-61.2966, 50.5716], [-61.2911, 50.574], [-61.2868, 50.5695], [-61.2799, 50.5768], [-61.2902, 50.5859], [-61.2803, 50.587], [-61.2757, 50.5833], [-61.2672, 50.5865], [-61.2607, 50.5838], [-61.2415, 50.5961], [-61.2404, 50.5935], [-61.2249, 50.5932], [-61.2266, 50.5971], [-61.2225, 50.5988], [-61.2179, 50.5962], [-61.2247, 50.5931], [-61.2235, 50.5903], [-61.2027, 50.5944], [-61.2006, 50.598], [-61.2089, 50.6055], [-61.2012, 50.6046], [-61.1887, 50.6128], [-61.1758, 50.6297], [-61.1684, 50.6261], [-61.1531, 50.6325], [-61.1321, 50.6307], [-61.1244, 50.641], [-61.1173, 50.6412], [-61.1176, 50.627], [-61.113, 50.6251], [-61.1171, 50.617], [-61.0817, 50.6034], [-61.083, 50.5979], [-61.0773, 50.5941], [-61.0841, 50.5838], [-61.0782, 50.5787], [-61.0915, 50.575], [-61.096, 50.5687], [-61.1065, 50.5673], [-61.1138, 50.5723], [-61.1249, 50.5672], [-61.1248, 50.5637], [-61.1148, 50.5611], [-61.1266, 50.5531], [-61.123, 50.5496], [-61.126, 50.547], [-61.1245, 50.5447], [-61.1157, 50.5438], [-61.1141, 50.5398], [-61.1055, 50.5412], [-61.0944, 50.5356], [-61.0809, 50.5249], [-61.0816, 50.5175], [-61.0764, 50.516], [-61.087, 50.5074], [-61.0875, 50.5113], [-61.0823, 50.5174], [-61.0911, 50.517], [-61.0895, 50.5204], [-61.0977, 50.517], [-61.1331, 50.5184], [-61.1324, 50.5158], [-61.1165, 50.5123], [-61.1187, 50.5102], [-61.115, 50.4984], [-61.119, 50.4942], [-61.1005, 50.4976], [-61.1057, 50.4894], [-61.1281, 50.4832], [-61.1355, 50.4859], [-61.142, 50.4844], [-61.1362, 50.4924], [-61.1514, 50.496], [-61.1459, 50.4988], [-61.1458, 50.5031], [-61.1501, 50.501], [-61.1552, 50.5038], [-61.1518, 50.5068], [-61.1528, 50.5097], [-61.1626, 50.5068], [-61.158, 50.5152], [-61.1588, 50.5198], [-61.1705, 50.5288], [-61.1764, 50.5275], [-61.1647, 50.5185], [-61.1676, 50.5107], [-61.1751, 50.5084], [-61.1807, 50.5125], [-61.194, 50.5075], [-61.195, 50.5106], [-61.1852, 50.5253], [-61.1796, 50.5285], [-61.1825, 50.531], [-61.2044, 50.5216], [-61.2031, 50.5158], [-61.2082, 50.5135], [-61.2032, 50.5128], [-61.2047, 50.5078], [-61.2185, 50.5058], [-61.2207, 50.509], [-61.2166, 50.5119], [-61.218, 50.514], [-61.2285, 50.5056], [-61.2247, 50.5011], [-61.2171, 50.5006], [-61.2358, 50.4971], [-61.2305, 50.4936], [-61.207, 50.4983], [-61.2012, 50.4957], [-61.2184, 50.4912], [-61.2187, 50.4879], [-61.193, 50.4912], [-61.1926, 50.4865], [-61.2009, 50.485], [-61.1742, 50.4782], [-61.1556, 50.4787], [-61.1486, 50.4733], [-61.1415, 50.4731], [-61.1481, 50.467], [-61.171, 50.4673], [-61.1696, 50.4641], [-61.1644, 50.4649], [-61.1601, 50.461], [-61.1537, 50.4621], [-61.1567, 50.4578], [-61.1547, 50.4558], [-61.1434, 50.4558], [-61.1384, 50.4609], [-61.1304, 50.4621], [-61.126, 50.4546], [-61.1213, 50.4617], [-61.1299, 50.4685], [-61.1213, 50.4683], [-61.1202, 50.4636], [-61.1173, 50.4636], [-61.1121, 50.4692], [-61.1141, 50.4713], [-61.1015, 50.478], [-61.1056, 50.4824], [-61.1126, 50.4824], [-61.1044, 50.484], [-61.1025, 50.4889], [-61.0997, 50.4819], [-61.0908, 50.4858], [-61.0886, 50.4756], [-61.0999, 50.4625], [-61.0928, 50.4617], [-61.1016, 50.4585], [-61.0976, 50.4568], [-61.0999, 50.4509], [-61.0762, 50.4529], [-61.0816, 50.4575], [-61.0808, 50.4608], [-61.0861, 50.4598], [-61.0855, 50.4645], [-61.0749, 50.4734], [-61.0721, 50.4815], [-61.0706, 50.4767], [-61.0652, 50.4753], [-61.0623, 50.4861], [-61.0571, 50.4857], [-61.0544, 50.4927], [-61.0563, 50.4949], [-61.0483, 50.5025], [-61.0376, 50.5012], [-61.0403, 50.4952], [-61.0328, 50.4955], [-61.037, 50.4902], [-61.0203, 50.494], [-61.0251, 50.497], [-61.0249, 50.5002], [-61.0175, 50.4995], [-61.0094, 50.5031], [-61.0051, 50.5017], [-61.0082, 50.4969], [-60.9928, 50.4928], [-61.001, 50.4978], [-61.0076, 50.5089], [-61.0063, 50.5125], [-61.0108, 50.514], [-61.0058, 50.5203], [-60.9947, 50.524], [-60.9958, 50.529], [-61.0036, 50.5326], [-61.017, 50.5254], [-61.023, 50.5289], [-61.0138, 50.5376], [-61.0029, 50.5354], [-61.0092, 50.5436], [-61.0034, 50.5465], [-61.0058, 50.5509], [-60.9969, 50.551], [-61.0006, 50.5579], [-60.9962, 50.557], [-60.9882, 50.5621], [-60.9874, 50.5596], [-60.9784, 50.5596], [-60.9814, 50.5656], [-60.9751, 50.5701], [-60.9753, 50.5745], [-60.9672, 50.5709], [-60.9646, 50.5727], [-60.9703, 50.5775], [-60.9679, 50.5835], [-60.9704, 50.5848], [-60.9779, 50.5821], [-60.9801, 50.5754], [-60.9844, 50.5736], [-60.9831, 50.5687], [-60.9884, 50.5689], [-60.9838, 50.5776], [-60.987, 50.5836], [-60.9813, 50.5973], [-60.9793, 50.5948], [-60.9751, 50.5963], [-60.9741, 50.5926], [-60.9696, 50.5939], [-60.9818, 50.6146], [-60.9804, 50.6221], [-60.9852, 50.6283], [-60.9824, 50.6362], [-60.9579, 50.6519], [-60.9689, 50.6604], [-60.9806, 50.6839], [-60.9752, 50.7033], [-60.9563, 50.7082], [-60.943, 50.7209], [-60.9408, 50.7314], [-60.9349, 50.7356], [-60.9409, 50.7456], [-60.9523, 50.7536], [-60.9584, 50.7479], [-60.9641, 50.7492], [-60.9791, 50.7381], [-60.9759, 50.7302], [-60.9846, 50.7224], [-60.9788, 50.7162], [-60.989, 50.7101], [-60.9917, 50.6995], [-60.9894, 50.6915], [-60.9856, 50.6904], [-60.9871, 50.6849], [-60.9972, 50.6864], [-61.0086, 50.6799], [-61.005, 50.6751], [-60.9938, 50.673], [-61.0004, 50.6586], [-60.9868, 50.6485], [-60.9968, 50.6459], [-60.9943, 50.6404], [-61.0193, 50.6344], [-60.9974, 50.6077], [-61.0044, 50.6045], [-61.0114, 50.6054], [-61.0108, 50.596], [-61.0175, 50.5955], [-61.0248, 50.5878], [-61.0195, 50.5765], [-61.024, 50.5757], [-61.032, 50.5845], [-61.0358, 50.5832], [-61.0339, 50.5734], [-61.0379, 50.572], [-61.0331, 50.5654], [-61.0264, 50.5627], [-61.0418, 50.565], [-61.0483, 50.5625], [-61.0442, 50.5603], [-61.0449, 50.5573], [-61.0575, 50.5613], [-61.0593, 50.5579], [-61.0657, 50.563], [-61.0721, 50.5616], [-61.0711, 50.5519], [-61.0511, 50.5427], [-61.0553, 50.5408], [-61.0608, 50.5431], [-61.0677, 50.5401], [-61.0724, 50.5456], [-61.079, 50.5425], [-61.0744, 50.5466], [-61.0763, 50.5522], [-61.0783, 50.5538], [-61.0859, 50.5497], [-61.0867, 50.5538], [-61.0918, 50.5554], [-61.0928, 50.5681], [-61.0887, 50.5664], [-61.0754, 50.5706], [-61.0755, 50.5745], [-61.0679, 50.5746], [-61.0683, 50.5789], [-61.0635, 50.579], [-61.0549, 50.587], [-61.0573, 50.5948], [-61.0645, 50.5969], [-61.0646, 50.6032], [-61.0562, 50.6096], [-61.0581, 50.6117], [-61.0681, 50.6158], [-61.0648, 50.6104], [-61.0793, 50.6058], [-61.0959, 50.6211], [-61.1006, 50.6221], [-61.0977, 50.6306], [-61.1013, 50.6352], [-61.0995, 50.6384], [-61.093, 50.6415], [-61.0736, 50.6395], [-61.0712, 50.6432], [-61.0989, 50.6485], [-61.0986, 50.6619], [-61.1074, 50.6608], [-61.1109, 50.6633], [-61.1044, 50.6665], [-61.0987, 50.6641], [-61.095, 50.6715], [-61.0811, 50.6784], [-61.075, 50.6784], [-61.0723, 50.6747], [-61.0674, 50.6763], [-61.0665, 50.6814], [-61.058, 50.6875], [-61.0633, 50.6897], [-61.0581, 50.6944], [-61.0626, 50.7001], [-61.0612, 50.7031], [-61.0956, 50.7056], [-61.1042, 50.7105], [-61.1016, 50.7134], [-61.1036, 50.7182], [-61.1127, 50.7223], [-61.0929, 50.7347], [-61.088, 50.7414], [-61.0882, 50.7472], [-61.0762, 50.757], [-61.0801, 50.7622], [-61.0779, 50.7673], [-61.0645, 50.7705], [-61.0527, 50.7801], [-61.0545, 50.7836], [-61.0647, 50.7815], [-61.0687, 50.7842], [-61.0677, 50.795], [-61.0782, 50.7974]], [[-61.1707, 50.7184], [-61.1732, 50.7195], [-61.1703, 50.7231], [-61.1707, 50.7184]]]}}, {"type": "Feature", "properties": {"id": "qc-trq-8-61", "name": "Pourvoirie Moisie-Ouapetec", "province": "QC", "park_type": "outfitter_exclusive", "designation": "outfitter exclusive", "hunting_allowed": true, "policy_id": "09-625", "summary": "Structured recreational / wildlife territory on Quebec public land. Verify current regulations.", "source": "MRNF TRQ_WMS layer 8", "layer_role": "public_hunt_territory"}, "geometry": {"type": "Polygon", "coordinates": [[[-66.5456, 51.1136], [-66.5543, 51.1077], [-66.552, 51.0999], [-66.5558, 51.0937], [-66.5713, 51.0838], [-66.5743, 51.0754], [-66.5714, 51.0585], [-66.575, 51.0536], [-66.5834, 51.0191], [-66.579, 51.0103], [-66.5826, 51.0051], [-66.5765, 50.9825], [-66.5863, 50.9688], [-66.5795, 50.9585], [-66.5843, 50.951], [-66.5778, 50.9366], [-66.5813, 50.93], [-66.5798, 50.927], [-66.5879, 50.9144], [-66.5832, 50.9115], [-66.5782, 50.9131], [-66.5706, 50.9052], [-66.5706, 50.9013], [-66.5519, 50.9047], [-66.5451, 50.897], [-66.5287, 50.894], [-66.5295, 50.8909], [-66.5193, 50.8869], [-66.5185, 50.879], [-66.5116, 50.8769], [-66.5121, 50.8724], [-66.5067, 50.8713], [-66.4928, 50.8763], [-66.478, 50.8747], [-66.4781, 50.8706], [-66.4818, 50.8723], [-66.4842, 50.87], [-66.4748, 50.8666], [-66.4772, 50.8647], [-66.4682, 50.8558], [-66.4444, 50.8545], [-66.4062, 50.8385], [-66.3898, 50.8241], [-66.3908, 50.817], [-66.3951, 50.8143], [-66.3866, 50.7975], [-66.3922, 50.7802], [-66.3901, 50.7753], [-66.3873, 50.777], [-66.382, 50.7985], [-66.3871, 50.8278], [-66.4017, 50.8401], [-66.4381, 50.8562], [-66.4639, 50.8564], [-66.458, 50.8613], [-66.4655, 50.8741], [-66.445, 50.8813], [-66.4417, 50.8896], [-66.4294, 50.9004], [-66.4293, 50.908], [-66.4256, 50.9136], [-66.4294, 50.924], [-66.405, 50.9221], [-66.3822, 50.925], [-66.3737, 50.9313], [-66.3756, 50.9391], [-66.3735, 50.9432], [-66.348, 50.9542], [-66.346, 50.9568], [-66.3487, 50.9636], [-66.3615, 50.9815], [-66.3644, 50.9806], [-66.3505, 50.9557], [-66.3762, 50.9446], [-66.3793, 50.9401], [-66.3768, 50.9322], [-66.3797, 50.9284], [-66.4122, 50.9248], [-66.4329, 50.9259], [-66.4335, 50.9204], [-66.4296, 50.9145], [-66.4332, 50.91], [-66.433, 50.9008], [-66.4442, 50.8926], [-66.4518, 50.8817], [-66.469, 50.8761], [-66.4699, 50.872], [-66.4637, 50.8669], [-66.467, 50.8614], [-66.4749, 50.8648], [-66.4722, 50.8668], [-66.4776, 50.869], [-66.4736, 50.8716], [-66.478, 50.8766], [-66.4938, 50.8781], [-66.5103, 50.8735], [-66.509, 50.8769], [-66.5131, 50.8789], [-66.511, 50.8808], [-66.5141, 50.8804], [-66.5163, 50.8843], [-66.5141, 50.8894], [-66.5275, 50.8918], [-66.5243, 50.8958], [-66.5448, 50.8993], [-66.5513, 50.9061], [-66.5679, 50.9035], [-66.5665, 50.9051], [-66.576, 50.9137], [-66.5836, 50.9143], [-66.5753, 50.9381], [-66.5806, 50.9506], [-66.5774, 50.959], [-66.5842, 50.9689], [-66.5744, 50.9824], [-66.5774, 50.9925], [-66.5762, 51.0018], [-66.5799, 51.0028], [-66.5763, 51.0099], [-66.5813, 51.0196], [-66.5676, 51.0638], [-66.5711, 51.0667], [-66.5722, 51.0749], [-66.5697, 51.0828], [-66.553, 51.0931], [-66.5498, 51.1001], [-66.553, 51.1052], [-66.5456, 51.1136]]]}}, {"type": "Feature", "properties": {"id": "qc-trq-8-62", "name": "Pourvoirie Haute Moisie 2011 inc.", "province": "QC", "park_type": "outfitter_exclusive", "designation": "outfitter exclusive", "hunting_allowed": true, "policy_id": "09-592", "summary": "Structured recreational / wildlife territory on Quebec public land. Verify current regulations.", "source": "MRNF TRQ_WMS layer 8", "layer_role": "public_hunt_territory"}, "geometry": {"type": "Polygon", "coordinates": [[[-66.3074, 51.3282], [-66.3082, 51.3257], [-66.2965, 51.3237], [-66.2909, 51.3185], [-66.2955, 51.3074], [-66.293, 51.2964], [-66.284, 51.2852], [-66.2828, 51.2792], [-66.2909, 51.2567], [-66.2811, 51.252], [-66.2751, 51.2376], [-66.2572, 51.2298], [-66.2489, 51.2211], [-66.2686, 51.1694], [-66.2603, 51.1451], [-66.2637, 51.1354], [-66.2766, 51.1283], [-66.2793, 51.1222], [-66.3037, 51.1097], [-66.3028, 51.1041], [-66.294, 51.0962], [-66.2949, 51.0903], [-66.3026, 51.0814], [-66.3202, 51.0704], [-66.339, 51.0494], [-66.3581, 51.0399], [-66.3577, 51.0326], [-66.3509, 51.0244], [-66.3487, 51.0141], [-66.3502, 51.0096], [-66.364, 50.9986], [-66.368, 50.9866], [-66.3644, 50.9806], [-66.3615, 50.9816], [-66.3644, 50.9862], [-66.359, 51.0006], [-66.3492, 51.006], [-66.345, 51.015], [-66.3547, 51.0374], [-66.3326, 51.0501], [-66.3105, 51.0744], [-66.2994, 51.0805], [-66.2901, 51.0919], [-66.2891, 51.0984], [-66.2984, 51.1041], [-66.2994, 51.1084], [-66.2798, 51.1181], [-66.2732, 51.1268], [-66.2617, 51.1329], [-66.2567, 51.145], [-66.2655, 51.1688], [-66.2572, 51.1863], [-66.2571, 51.1945], [-66.2473, 51.2082], [-66.2453, 51.2209], [-66.2521, 51.2297], [-66.2709, 51.2378], [-66.2766, 51.2519], [-66.2872, 51.2575], [-66.2766, 51.2814], [-66.2864, 51.2921], [-66.2861, 51.2972], [-66.292, 51.3069], [-66.2861, 51.3176], [-66.295, 51.3257], [-66.3074, 51.3282]]]}}, {"type": "Feature", "properties": {"id": "qc-trq-8-63", "name": "Pourvoirie du Lac Matonipi inc.", "province": "QC", "park_type": "outfitter_exclusive", "designation": "outfitter exclusive", "hunting_allowed": true, "policy_id": "09-506", "summary": "Structured recreational / wildlife territory on Quebec public land. Verify current regulations.", "source": "MRNF TRQ_WMS layer 8", "layer_role": "public_hunt_territory"}, "geometry": {"type": "Polygon", "coordinates": [[[-69.7907, 51.9271], [-69.8529, 51.9267], [-69.8583, 51.9207], [-69.8541, 51.9169], [-69.8554, 51.9082], [-69.8503, 51.9054], [-69.8529, 51.9037], [-69.852, 51.8958], [-69.8384, 51.8878], [-69.8487, 51.8774], [-69.8491, 51.8727], [-69.8418, 51.8716], [-69.8442, 51.8756], [-69.8392, 51.8819], [-69.8302, 51.8848], [-69.8207, 51.8783], [-69.8169, 51.8653], [-69.8205, 51.8594], [-69.8282, 51.8564], [-69.8344, 51.846], [-69.8482, 51.8395], [-69.8635, 51.8389], [-69.8337, 51.8241], [-69.8334, 51.7653], [-69.8433, 51.7619], [-69.8432, 51.7594], [-69.8282, 51.7573], [-69.828, 51.7526], [-69.8239, 51.7518], [-69.8222, 51.756], [-69.7818, 51.7563], [-69.7633, 51.7785], [-69.6893, 51.7921], [-69.6743, 51.8023], [-69.6755, 51.8056], [-69.6452, 51.8088], [-69.643, 51.806], [-69.6307, 51.809], [-69.6289, 51.8061], [-69.6246, 51.8089], [-69.6235, 51.8121], [-69.6335, 51.8112], [-69.6237, 51.8167], [-69.6269, 51.8295], [-69.6232, 51.8349], [-69.632, 51.8357], [-69.6348, 51.8389], [-69.6277, 51.8435], [-69.6283, 51.8627], [-69.622, 51.8685], [-69.6241, 51.8777], [-69.7907, 51.8767], [-69.7907, 51.9048], [-69.784, 51.9045], [-69.7879, 51.9087], [-69.7907, 51.9271]], [[-69.7444, 51.8636], [-69.7435, 51.8631], [-69.7445, 51.8629], [-69.7444, 51.8636]]]}}, {"type": "Feature", "properties": {"id": "qc-trq-8-64", "name": "Les Pourvoyeurs Mabille-Labrador inc.", "province": "QC", "park_type": "outfitter_exclusive", "designation": "outfitter exclusive", "hunting_allowed": true, "policy_id": "09-505", "summary": "Structured recreational / wildlife territory on Quebec public land. Verify current regulations.", "source": "MRNF TRQ_WMS layer 8", "layer_role": "public_hunt_territory"}, "geometry": {"type": "Polygon", "coordinates": [[[-62.9304, 52.0001], [-62.9568, 51.9995], [-62.9526, 51.9926], [-62.9478, 51.9939], [-62.9424, 51.9882], [-62.922, 51.9885], [-62.9241, 51.9848], [-62.9099, 51.9797], [-62.9017, 51.9698], [-62.8979, 51.9699], [-62.9, 51.9681], [-62.892, 51.9607], [-62.8721, 51.955], [-62.8581, 51.9449], [-62.8447, 51.9451], [-62.8411, 51.9536], [-62.8162, 51.9494], [-62.8233, 51.9544], [-62.8414, 51.9583], [-62.8549, 51.967], [-62.8704, 51.97], [-62.8724, 51.972], [-62.8667, 51.9717], [-62.8698, 51.974], [-62.8855, 51.9761], [-62.8866, 51.9788], [-62.8763, 51.981], [-62.8952, 51.9916], [-62.9055, 51.9945], [-62.9055, 51.9888], [-62.8992, 51.9872], [-62.9041, 51.9816], [-62.9093, 51.9824], [-62.9152, 51.9864], [-62.9102, 51.9934], [-62.9237, 51.9966], [-62.9255, 51.9951], [-62.9221, 51.9932], [-62.9243, 51.9931], [-62.9304, 52.0001]]]}}, {"type": "Feature", "properties": {"id": "qc-trq-8-65", "name": "Club de chasse et p\u00eache du Lac Lavoie inc.", "province": "QC", "park_type": "outfitter_exclusive", "designation": "outfitter exclusive", "hunting_allowed": true, "policy_id": "09-585", "summary": "Structured recreational / wildlife territory on Quebec public land. Verify current regulations.", "source": "MRNF TRQ_WMS layer 8", "layer_role": "public_hunt_territory"}, "geometry": {"type": "Polygon", "coordinates": [[[-63.6944, 52.1356], [-63.7021, 52.1488], [-63.7126, 52.1487], [-63.7177, 52.1361], [-63.7297, 52.1374], [-63.7308, 52.1314], [-63.727, 52.1299], [-63.7329, 52.1304], [-63.725, 52.1208], [-63.7146, 52.1168], [-63.7149, 52.1075], [-63.7064, 52.0979], [-63.6952, 52.1042], [-63.6991, 52.1062], [-63.6971, 52.1168], [-63.6907, 52.1223], [-63.6901, 52.1308], [-63.6942, 52.133], [-63.6892, 52.1347], [-63.6944, 52.1356]]]}}, {"type": "Feature", "properties": {"id": "qc-trq-8-66", "name": "Pourvoirie du Lac Lucie", "province": "QC", "park_type": "outfitter_exclusive", "designation": "outfitter exclusive", "hunting_allowed": true, "policy_id": "10-559", "summary": "Structured recreational / wildlife territory on Quebec public land. Verify current regulations.", "source": "MRNF TRQ_WMS layer 8", "layer_role": "public_hunt_territory"}, "geometry": {"type": "Polygon", "coordinates": [[[-78.5274, 50.434], [-78.5294, 50.4287], [-78.5254, 50.4217], [-78.5014, 50.3955], [-78.4887, 50.3895], [-78.4962, 50.3828], [-78.4906, 50.3714], [-78.4684, 50.3711], [-78.4637, 50.3683], [-78.4517, 50.3743], [-78.4361, 50.3581], [-78.426, 50.3547], [-78.4214, 50.3582], [-78.431, 50.3684], [-78.4226, 50.3739], [-78.4206, 50.3803], [-78.4258, 50.3838], [-78.4438, 50.386], [-78.44, 50.3905], [-78.4146, 50.3971], [-78.4026, 50.3886], [-78.4096, 50.3822], [-78.405, 50.3754], [-78.4123, 50.3691], [-78.4075, 50.3591], [-78.41, 50.3554], [-78.4084, 50.3513], [-78.3992, 50.3488], [-78.3958, 50.3393], [-78.3834, 50.3447], [-78.3799, 50.3401], [-78.3761, 50.3406], [-78.3752, 50.3359], [-78.3881, 50.3357], [-78.3891, 50.3331], [-78.3847, 50.3305], [-78.3749, 50.3261], [-78.3674, 50.3326], [-78.3607, 50.3298], [-78.3573, 50.3358], [-78.3608, 50.3413], [-78.3747, 50.3427], [-78.3822, 50.3497], [-78.3916, 50.3525], [-78.385, 50.3581], [-78.3946, 50.3691], [-78.394, 50.3754], [-78.3813, 50.3736], [-78.378, 50.3772], [-78.375, 50.3739], [-78.3721, 50.375], [-78.3939, 50.392], [-78.3941, 50.4029], [-78.3984, 50.4103], [-78.441, 50.4125], [-78.4531, 50.4042], [-78.4694, 50.4017], [-78.4694, 50.4077], [-78.4661, 50.4107], [-78.4584, 50.4083], [-78.4562, 50.4112], [-78.5049, 50.4217], [-78.5092, 50.4285], [-78.5177, 50.4304], [-78.519, 50.4264], [-78.5093, 50.41], [-78.5274, 50.434]]]}}, {"type": "Feature", "properties": {"id": "qc-trq-8-67", "name": "Pourvoirie chasse et p\u00eache Mistawac", "province": "QC", "park_type": "outfitter_exclusive", "designation": "outfitter exclusive", "hunting_allowed": true, "policy_id": "10-630", "summary": "Structured recreational / wildlife territory on Quebec public land. Verify current regulations.", "source": "MRNF TRQ_WMS layer 8", "layer_role": "public_hunt_territory"}, "geometry": {"type": "Polygon", "coordinates": [[[-78.7041, 49.5081], [-78.7044, 49.5], [-78.7007, 49.4987], [-78.7068, 49.4922], [-78.6946, 49.491], [-78.6919, 49.4793], [-78.7008, 49.4679], [-78.6953, 49.4612], [-78.6977, 49.4592], [-78.6961, 49.4539], [-78.7003, 49.452], [-78.7017, 49.4406], [-78.6985, 49.4264], [-78.6909, 49.4247], [-78.684, 49.4132], [-78.6895, 49.4052], [-78.688, 49.3961], [-78.693, 49.3911], [-78.6891, 49.3881], [-78.6874, 49.3785], [-78.6752, 49.3777], [-78.6729, 49.3833], [-78.6649, 49.3858], [-78.6629, 49.3943], [-78.6659, 49.4041], [-78.6633, 49.4054], [-78.6625, 49.418], [-78.6681, 49.4252], [-78.6702, 49.4375], [-78.6638, 49.4466], [-78.6771, 49.4729], [-78.6832, 49.4985], [-78.6881, 49.5047], [-78.7041, 49.5081]]]}}, {"type": "Feature", "properties": {"id": "qc-trq-8-68", "name": "Club de P\u00eache au Saumon Saint-Paul inc.", "province": "QC", "park_type": "outfitter_exclusive", "designation": "outfitter exclusive", "hunting_allowed": true, "policy_id": "09-559", "summary": "Structured recreational / wildlife territory on Quebec public land. Verify current regulations.", "source": "MRNF TRQ_WMS layer 8", "layer_role": "public_hunt_territory"}, "geometry": {"type": "Polygon", "coordinates": [[[-57.59, 51.69], [-57.5975, 51.6835], [-57.594, 51.6612], [-57.6063, 51.6548], [-57.5967, 51.6525], [-57.5816, 51.6552], [-57.5689, 51.6375], [-57.5827, 51.6324], [-57.6003, 51.6509], [-57.6126, 51.6559], [-57.629, 51.6471], [-57.6368, 51.6502], [-57.6426, 51.6483], [-57.6531, 51.6372], [-57.658, 51.6391], [-57.6466, 51.6494], [-57.6377, 51.6527], [-57.6286, 51.6502], [-57.5993, 51.6664], [-57.6025, 51.6753], [-57.6108, 51.6808], [-57.6028, 51.6974], [-57.6073, 51.7291], [-57.5878, 51.7394], [-57.6075, 51.7589], [-57.6075, 51.7668], [-57.6015, 51.7712], [-57.5995, 51.7773], [-57.6047, 51.7838], [-57.6425, 51.7911], [-57.6753, 51.7873], [-57.6864, 51.7922], [-57.7085, 51.7929], [-57.7187, 51.7979], [-57.7393, 51.8011], [-57.767, 51.8226], [-57.771, 51.8353], [-57.7963, 51.8458], [-57.8002, 51.8484], [-57.7968, 51.8507], [-57.7992, 51.8519], [-57.8414, 51.8674], [-57.8502, 51.8753], [-57.8461, 51.8755], [-57.8366, 51.8679], [-57.7923, 51.8532], [-57.771, 51.8383], [-57.7641, 51.8371], [-57.7506, 51.8242], [-57.7538, 51.8171], [-57.7376, 51.8037], [-57.7043, 51.7959], [-57.6849, 51.7954], [-57.6754, 51.7897], [-57.6451, 51.794], [-57.6216, 51.7887], [-57.6104, 51.7894], [-57.6008, 51.7852], [-57.594, 51.777], [-57.5912, 51.7778], [-57.6025, 51.7661], [-57.5995, 51.7552], [-57.5821, 51.7404], [-57.5914, 51.7308], [-57.603, 51.7266], [-57.5975, 51.7116], [-57.597, 51.6964], [-57.602260522760645, 51.68728583847283], [-57.59, 51.69]], [[-57.6031, 51.6871], [-57.60417135842881, 51.68397520458265], [-57.602260522760645, 51.68728583847283], [-57.6031, 51.6871]], [[-57.6056, 51.6815], [-57.6003, 51.6784], [-57.60417135842881, 51.68397520458265], [-57.6056, 51.6815]]]}}, {"type": "Feature", "properties": {"id": "qc-trq-8-69", "name": "Pourvoirie de Green Point", "province": "QC", "park_type": "outfitter_exclusive", "designation": "outfitter exclusive", "hunting_allowed": true, "policy_id": "09-682", "summary": "Structured recreational / wildlife territory on Quebec public land. Verify current regulations.", "source": "MRNF TRQ_WMS layer 8", "layer_role": "public_hunt_territory"}, "geometry": {"type": "Polygon", "coordinates": [[[-57.6531, 51.6372], [-57.658, 51.6391], [-57.6702, 51.631], [-57.6718, 51.6247], [-57.6795, 51.6203], [-57.6905, 51.6034], [-57.7036, 51.5933], [-57.7035, 51.5815], [-57.7262, 51.5673], [-57.7364, 51.5493], [-57.7365, 51.5429], [-57.7317, 51.5354], [-57.7346, 51.5322], [-57.7279, 51.5277], [-57.7323, 51.5228], [-57.7291, 51.5182], [-57.7313, 51.5102], [-57.7218, 51.5097], [-57.7236, 51.5138], [-57.7192, 51.516], [-57.711, 51.513], [-57.706, 51.5049], [-57.6962, 51.5089], [-57.7206, 51.5225], [-57.7214, 51.5288], [-57.7154, 51.533], [-57.7127, 51.5512], [-57.7199, 51.5511], [-57.7208, 51.56], [-57.6982, 51.5787], [-57.6899, 51.5966], [-57.6785, 51.6045], [-57.6769, 51.6176], [-57.6531, 51.6372]]]}}, {"type": "Feature", "properties": {"id": "qc-trq-8-70", "name": "9063-8305 Qu\u00e9bec inc.", "province": "QC", "park_type": "outfitter_exclusive", "designation": "outfitter exclusive", "hunting_allowed": true, "policy_id": "09-522", "summary": "Structured recreational / wildlife territory on Quebec public land. Verify current regulations.", "source": "MRNF TRQ_WMS layer 8", "layer_role": "public_hunt_territory"}, "geometry": {"type": "Polygon", "coordinates": [[[-58.0132, 51.6168], [-58.0166, 51.6107], [-58.015, 51.6085], [-58.0235, 51.6059], [-58.0235, 51.603], [-58.0195, 51.603], [-58.0151, 51.5805], [-58.0203, 51.572], [-58.006, 51.5615], [-58.0061, 51.5503], [-57.9954, 51.5506], [-57.9919, 51.5447], [-57.9867, 51.5433], [-57.9877, 51.5252], [-57.9819, 51.529], [-57.9781, 51.5233], [-57.9662, 51.5237], [-57.9622, 51.5199], [-57.9612, 51.5248], [-57.9205, 51.5292], [-57.9056, 51.5215], [-57.8966, 51.521], [-57.8886, 51.5149], [-57.8766, 51.514], [-57.8796, 51.5122], [-57.878, 51.5097], [-57.8851, 51.5064], [-57.8846, 51.5033], [-57.8721, 51.5035], [-57.8709, 51.5001], [-57.864, 51.4995], [-57.859, 51.4918], [-57.8432, 51.4826], [-57.8417, 51.4769], [-57.8432, 51.4734], [-57.8537, 51.4738], [-57.8599, 51.4635], [-57.8686, 51.4653], [-57.8692, 51.4618], [-57.865, 51.4611], [-57.8748, 51.459], [-57.8808, 51.4535], [-57.8972, 51.4472], [-57.9125, 51.4491], [-57.9067, 51.4438], [-57.9086, 51.4417], [-57.9142, 51.4431], [-57.9241, 51.4399], [-57.9238, 51.4374], [-57.9289, 51.4398], [-57.9329, 51.4341], [-57.9436, 51.4302], [-57.9459, 51.4244], [-57.9963, 51.4057], [-57.9905, 51.4012], [-57.9969, 51.3994], [-58.0013, 51.3916], [-58.008, 51.3901], [-58.0071, 51.3778], [-58.0175, 51.3646], [-58.016, 51.3589], [-58.0092, 51.3619], [-58.0008, 51.3815], [-57.9862, 51.384], [-57.9947, 51.3917], [-57.9882, 51.3986], [-57.9854, 51.4075], [-57.943, 51.4242], [-57.9365, 51.4253], [-57.9259, 51.415], [-57.9272, 51.4102], [-57.9227, 51.4054], [-57.9198, 51.405], [-57.9177, 51.4094], [-57.9152, 51.4066], [-57.9153, 51.4029], [-57.9175, 51.4054], [-57.9234, 51.4033], [-57.9218, 51.3997], [-57.9246, 51.3963], [-57.9222, 51.3945], [-57.9185, 51.3979], [-57.9178, 51.3929], [-57.9254, 51.383], [-57.9179, 51.3841], [-57.9168, 51.3894], [-57.9075, 51.3952], [-57.9023, 51.4045], [-57.9084, 51.4081], [-57.9052, 51.4179], [-57.9109, 51.4203], [-57.8978, 51.4238], [-57.9001, 51.4258], [-57.8983, 51.4306], [-57.9068, 51.4323], [-57.9044, 51.4363], [-57.9073, 51.4384], [-57.8882, 51.4469], [-57.8603, 51.4459], [-57.8656, 51.4486], [-57.8625, 51.4509], [-57.8643, 51.457], [-57.8414, 51.4631], [-57.8397, 51.4567], [-57.8467, 51.4524], [-57.8394, 51.4538], [-57.8364, 51.4482], [-57.8326, 51.4563], [-57.8348, 51.4664], [-57.8289, 51.4705], [-57.8339, 51.473], [-57.8354, 51.4785], [-57.8293, 51.497], [-57.834, 51.4977], [-57.8333, 51.4936], [-57.8367, 51.4919], [-57.84, 51.4997], [-57.8367, 51.5066], [-57.8462, 51.5081], [-57.8492, 51.5005], [-57.8569, 51.4958], [-57.8616, 51.4973], [-57.8681, 51.506], [-57.8748, 51.506], [-57.8767, 51.5125], [-57.8738, 51.5146], [-57.8839, 51.5175], [-57.8838, 51.5215], [-57.9, 51.528], [-57.9353, 51.5585], [-57.9342, 51.5619], [-57.9469, 51.5613], [-57.9688, 51.5773], [-57.9806, 51.5887], [-57.978, 51.602], [-57.991, 51.6025], [-57.9936, 51.5949], [-57.9968, 51.6005], [-58.007, 51.6008], [-58.0071, 51.6046], [-58.0134, 51.6105], [-58.0111, 51.612], [-58.0132, 51.6168]]]}}, {"type": "Feature", "properties": {"id": "qc-trq-8-71", "name": "Pourvoirie M\u00e9catina inc.", "province": "QC", "park_type": "outfitter_exclusive", "designation": "outfitter exclusive", "hunting_allowed": true, "policy_id": "09-580", "summary": "Structured recreational / wildlife territory on Quebec public land. Verify current regulations.", "source": "MRNF TRQ_WMS layer 8", "layer_role": "public_hunt_territory"}, "geometry": {"type": "Polygon", "coordinates": [[[-59.0929, 50.8151], [-59.0905, 50.818], [-59.0957, 50.8245], [-59.0829, 50.8333], [-59.0806, 50.8423], [-59.1017, 50.8446], [-59.1168, 50.8361], [-59.1029, 50.8502], [-59.1025, 50.8541], [-59.1076, 50.8497], [-59.1237, 50.848], [-59.1325, 50.8418], [-59.1325, 50.8384], [-59.1363, 50.8392], [-59.1457, 50.8307], [-59.1669, 50.8204], [-59.1607, 50.8354], [-59.1713, 50.8305], [-59.1672, 50.8344], [-59.1678, 50.8392], [-59.1735, 50.8441], [-59.1823, 50.8448], [-59.1748, 50.8468], [-59.1717, 50.8516], [-59.1736, 50.8531], [-59.1803, 50.8507], [-59.1847, 50.853], [-59.1975, 50.8423], [-59.2091, 50.8418], [-59.213, 50.8455], [-59.2349, 50.8407], [-59.2711, 50.8251], [-59.2832, 50.8255], [-59.2921, 50.8358], [-59.3062, 50.8337], [-59.3284, 50.837], [-59.3341, 50.8411], [-59.3391, 50.8378], [-59.3059, 50.8318], [-59.2921, 50.8338], [-59.2851, 50.8248], [-59.2783, 50.8232], [-59.2568, 50.826], [-59.2522, 50.831], [-59.2172, 50.8424], [-59.1994, 50.8404], [-59.1986, 50.8371], [-59.1904, 50.839], [-59.1909, 50.8348], [-59.185, 50.8363], [-59.179, 50.8332], [-59.1805, 50.8309], [-59.1766, 50.8275], [-59.1691, 50.8289], [-59.17, 50.8125], [-59.1553, 50.8251], [-59.1532, 50.8202], [-59.1582, 50.8159], [-59.1501, 50.8167], [-59.1466, 50.8248], [-59.1515, 50.8227], [-59.1497, 50.8275], [-59.1446, 50.8271], [-59.1087, 50.8484], [-59.1194, 50.8391], [-59.1193, 50.8344], [-59.1148, 50.8342], [-59.103, 50.8427], [-59.0969, 50.8425], [-59.0937, 50.8386], [-59.0937, 50.8309], [-59.1043, 50.8216], [-59.0929, 50.8151]]]}}, {"type": "Feature", "properties": {"id": "qc-trq-8-72", "name": "Pourvoirie Musquanousse", "province": "QC", "park_type": "outfitter_exclusive", "designation": "outfitter exclusive", "hunting_allowed": true, "policy_id": "09-643", "summary": "Structured recreational / wildlife territory on Quebec public land. Verify current regulations.", "source": "MRNF TRQ_WMS layer 8", "layer_role": "public_hunt_territory"}, "geometry": {"type": "Polygon", "coordinates": [[[-61.0647, 50.3364], [-61.0823, 50.3314], [-61.0785, 50.3267], [-61.0821, 50.3235], [-61.0784, 50.319], [-61.0933, 50.3155], [-61.1046, 50.3215], [-61.1156, 50.3327], [-61.1298, 50.3329], [-61.1166, 50.3251], [-61.1271, 50.3231], [-61.1073, 50.3155], [-61.1148, 50.3127], [-61.1057, 50.3028], [-61.1041, 50.2927], [-61.0937, 50.2941], [-61.0947, 50.2911], [-61.0805, 50.2897], [-61.0731, 50.285], [-61.0712, 50.2876], [-61.0809, 50.2924], [-61.0802, 50.296], [-61.0748, 50.2962], [-61.0773, 50.299], [-61.0748, 50.2998], [-61.0659, 50.2984], [-61.0526, 50.2899], [-61.0526, 50.2833], [-61.0446, 50.2817], [-61.0408, 50.2694], [-61.0308, 50.2619], [-61.0296, 50.2505], [-61.0202, 50.2497], [-61.0205, 50.2421], [-61.0129, 50.2411], [-61.0112, 50.2357], [-60.9967, 50.2256], [-60.9759, 50.2316], [-60.9731, 50.23], [-60.9724, 50.2331], [-60.9665, 50.2344], [-60.955, 50.2328], [-60.9536, 50.2286], [-60.9572, 50.2275], [-60.9543, 50.2264], [-60.9586, 50.224], [-60.9565, 50.2214], [-60.966, 50.2203], [-60.9659, 50.2163], [-60.9623, 50.217], [-60.9676, 50.2103], [-60.9578, 50.2085], [-60.9557, 50.2161], [-60.9354, 50.2226], [-60.9404, 50.2252], [-60.9386, 50.2295], [-60.9447, 50.2307], [-60.947, 50.2377], [-60.9114, 50.2404], [-60.9341, 50.2424], [-60.9314, 50.2452], [-60.949, 50.248], [-60.9568, 50.2441], [-60.9531, 50.2428], [-60.9537, 50.2391], [-60.9667, 50.2372], [-60.969, 50.2393], [-60.9723, 50.2368], [-60.9745, 50.2393], [-60.982, 50.2387], [-60.9838, 50.2424], [-60.9923, 50.233], [-61.0029, 50.2328], [-61.0067, 50.2414], [-61.0038, 50.2432], [-61.0128, 50.2441], [-61.0154, 50.2508], [-61.0042, 50.2571], [-61.0176, 50.2524], [-61.0194, 50.257], [-61.0258, 50.2566], [-61.027, 50.2608], [-61.0348, 50.2655], [-61.0339, 50.2707], [-61.04, 50.2775], [-61.0398, 50.2834], [-61.0437, 50.2844], [-61.0448, 50.2894], [-61.052, 50.2917], [-61.0521, 50.296], [-61.0476, 50.2992], [-61.0526, 50.301], [-61.0539, 50.3057], [-61.0625, 50.3071], [-61.0821, 50.2986], [-61.0977, 50.2972], [-61.1021, 50.2992], [-61.1101, 50.3129], [-61.1024, 50.3161], [-61.1138, 50.3211], [-61.1095, 50.3221], [-61.0941, 50.3139], [-61.0862, 50.3152], [-61.0832, 50.3074], [-61.0801, 50.3087], [-61.082, 50.3152], [-61.0757, 50.3194], [-61.0667, 50.3182], [-61.0625, 50.3124], [-61.0482, 50.3122], [-61.0503, 50.3148], [-61.0462, 50.3182], [-61.055, 50.3205], [-61.062, 50.3277], [-61.0607, 50.3343], [-61.0666, 50.3329], [-61.0647, 50.3364]]]}}, {"type": "Feature", "properties": {"id": "qc-trq-8-73", "name": "Club Lac Victor", "province": "QC", "park_type": "outfitter_exclusive", "designation": "outfitter exclusive", "hunting_allowed": true, "policy_id": "09-594", "summary": "Structured recreational / wildlife territory on Quebec public land. Verify current regulations.", "source": "MRNF TRQ_WMS layer 8", "layer_role": "public_hunt_territory"}, "geometry": {"type": "Polygon", "coordinates": [[[-61.7572, 50.728], [-61.7694, 50.7278], [-61.8196, 50.6862], [-61.8407, 50.6854], [-61.8432, 50.6942], [-61.8395, 50.7008], [-61.8432, 50.7049], [-61.8369, 50.7092], [-61.8407, 50.7114], [-61.8506, 50.71], [-61.8483, 50.7065], [-61.8513, 50.7024], [-61.8688, 50.7011], [-61.8822, 50.6872], [-61.8966, 50.6851], [-61.8982, 50.6771], [-61.8899, 50.6729], [-61.8898, 50.6701], [-61.8945, 50.6689], [-61.9032, 50.6553], [-61.9299, 50.6385], [-61.9438, 50.634], [-61.9498, 50.6244], [-61.953, 50.6266], [-61.9635, 50.6214], [-61.9298, 50.5904], [-61.9152, 50.5656], [-61.8035, 50.5104], [-61.8031, 50.5053], [-61.7957, 50.5057], [-61.7917, 50.5015], [-61.7895, 50.5049], [-61.7839, 50.5044], [-61.7805, 50.5007], [-61.7791, 50.5091], [-61.7742, 50.5091], [-61.7601, 50.5031], [-61.7607, 50.5058], [-61.7563, 50.5058], [-61.7541, 50.5125], [-61.7487, 50.5152], [-61.7507, 50.5178], [-61.7435, 50.5208], [-61.7466, 50.5227], [-61.7453, 50.5251], [-61.7299, 50.5288], [-61.7362, 50.532], [-61.7295, 50.5375], [-61.7398, 50.5497], [-61.737, 50.5518], [-61.7344, 50.5808], [-61.7275, 50.6019], [-61.748, 50.6291], [-61.7445, 50.6538], [-61.7493, 50.6615], [-61.7683, 50.6644], [-61.7361, 50.6909], [-61.7356, 50.695], [-61.7316, 50.6967], [-61.7342, 50.7028], [-61.728, 50.7145], [-61.7405, 50.7133], [-61.7353, 50.7106], [-61.7384, 50.7091], [-61.7366, 50.705], [-61.7473, 50.7163], [-61.746, 50.7205], [-61.7572, 50.728]]]}}, {"type": "Feature", "properties": {"id": "qc-trq-8-74", "name": "Pourvoirie du Lac Holt inc.", "province": "QC", "park_type": "outfitter_exclusive", "designation": "outfitter exclusive", "hunting_allowed": true, "policy_id": "09-538", "summary": "Structured recreational / wildlife territory on Quebec public land. Verify current regulations.", "source": "MRNF TRQ_WMS layer 8", "layer_role": "public_hunt_territory"}, "geometry": {"type": "Polygon", "coordinates": [[[-62.5952, 50.7919], [-62.6011, 50.7887], [-62.6058, 50.7924], [-62.6088, 50.7911], [-62.6007, 50.7867], [-62.5948, 50.7904], [-62.5981, 50.7844], [-62.5942, 50.7822], [-62.6023, 50.7818], [-62.6014, 50.778], [-62.5945, 50.7697], [-62.5847, 50.7649], [-62.5858, 50.7612], [-62.5708, 50.7594], [-62.5779, 50.756], [-62.5772, 50.7511], [-62.5623, 50.7417], [-62.5473, 50.7223], [-62.539, 50.7211], [-62.5334, 50.7068], [-62.527, 50.7057], [-62.5323, 50.7043], [-62.5255, 50.7027], [-62.5248, 50.6932], [-62.5192, 50.6892], [-62.5235, 50.6842], [-62.5191, 50.6712], [-62.5227, 50.6698], [-62.5215, 50.6653], [-62.5288, 50.6572], [-62.5207, 50.6538], [-62.5236, 50.651], [-62.519, 50.6408], [-62.526, 50.6386], [-62.5106, 50.6308], [-62.496, 50.615], [-62.4918, 50.6015], [-62.4945, 50.5978], [-62.4915, 50.5949], [-62.4941, 50.5875], [-62.4846, 50.5816], [-62.487, 50.5785], [-62.4831, 50.5779], [-62.4804, 50.566], [-62.4828, 50.5622], [-62.481, 50.5575], [-62.4881, 50.5626], [-62.493, 50.5605], [-62.4903, 50.5568], [-62.4931, 50.5525], [-62.4907, 50.5498], [-62.4922, 50.5435], [-62.485, 50.539], [-62.4921, 50.5401], [-62.4923, 50.5369], [-62.5007, 50.5316], [-62.4944, 50.5352], [-62.4896, 50.5296], [-62.4878, 50.5362], [-62.4809, 50.539], [-62.4743, 50.5313], [-62.4757, 50.5492], [-62.4709, 50.5528], [-62.4703, 50.5465], [-62.4647, 50.5431], [-62.4682, 50.5151], [-62.4595, 50.5095], [-62.458, 50.5222], [-62.4632, 50.5339], [-62.4602, 50.5379], [-62.4655, 50.5637], [-62.4619, 50.5693], [-62.4598, 50.5649], [-62.4558, 50.5644], [-62.4497, 50.5659], [-62.4447, 50.5737], [-62.4405, 50.5704], [-62.4374, 50.573], [-62.4419, 50.5765], [-62.4415, 50.5816], [-62.4501, 50.5778], [-62.4552, 50.5791], [-62.452, 50.5804], [-62.4543, 50.5864], [-62.4491, 50.5853], [-62.4482, 50.5811], [-62.441, 50.586], [-62.4463, 50.5901], [-62.4445, 50.5937], [-62.4474, 50.5969], [-62.4442, 50.6018], [-62.4515, 50.5973], [-62.4557, 50.5982], [-62.4514, 50.6042], [-62.4607, 50.6163], [-62.4593, 50.6195], [-62.4631, 50.6204], [-62.4625, 50.6234], [-62.4661, 50.624], [-62.4691, 50.6184], [-62.4753, 50.6326], [-62.4806, 50.6337], [-62.4811, 50.6294], [-62.4704, 50.6167], [-62.4763, 50.6118], [-62.4817, 50.6219], [-62.4925, 50.6188], [-62.5031, 50.6341], [-62.4985, 50.6388], [-62.4899, 50.6358], [-62.4896, 50.6392], [-62.4833, 50.642], [-62.4899, 50.6584], [-62.4897, 50.6645], [-62.4864, 50.6659], [-62.4888, 50.6776], [-62.4989, 50.687], [-62.5012, 50.6782], [-62.5073, 50.679], [-62.5116, 50.6749], [-62.5132, 50.6827], [-62.4972, 50.6932], [-62.4935, 50.7023], [-62.4939, 50.707], [-62.5089, 50.7143], [-62.5052, 50.7157], [-62.5094, 50.7188], [-62.4975, 50.7229], [-62.4991, 50.7274], [-62.4931, 50.7364], [-62.4989, 50.7351], [-62.5051, 50.7287], [-62.5007, 50.7244], [-62.5065, 50.7242], [-62.5084, 50.7454], [-62.5031, 50.7477], [-62.5197, 50.7766], [-62.5259, 50.7758], [-62.5302, 50.7669], [-62.526, 50.7634], [-62.5288, 50.7623], [-62.5413, 50.7661], [-62.5464, 50.7634], [-62.5502, 50.7751], [-62.5595, 50.7737], [-62.5609, 50.7707], [-62.5606, 50.7788], [-62.5679, 50.7754], [-62.5766, 50.7623], [-62.5829, 50.7617], [-62.5807, 50.7651], [-62.5932, 50.7708], [-62.5904, 50.7752], [-62.6, 50.7798], [-62.5919, 50.7812], [-62.5959, 50.7851], [-62.5927, 50.7902], [-62.5952, 50.7919]]]}}, {"type": "Feature", "properties": {"id": "qc-trq-8-75", "name": "Club Lac de la Robe Noire inc.", "province": "QC", "park_type": "outfitter_exclusive", "designation": "outfitter exclusive", "hunting_allowed": true, "policy_id": "09-617", "summary": "Structured recreational / wildlife territory on Quebec public land. Verify current regulations.", "source": "MRNF TRQ_WMS layer 8", "layer_role": "public_hunt_territory"}, "geometry": {"type": "Polygon", "coordinates": [[[-62.7732, 50.8257], [-62.7783, 50.8247], [-62.7799, 50.8113], [-62.776, 50.7988], [-62.7703, 50.7944], [-62.7726, 50.7932], [-62.7718, 50.7852], [-62.7611, 50.7828], [-62.7568, 50.7755], [-62.7615, 50.763], [-62.7571, 50.7588], [-62.7471, 50.7623], [-62.7325, 50.7506], [-62.7343, 50.7469], [-62.7449, 50.7488], [-62.7463, 50.7386], [-62.7317, 50.7093], [-62.7272, 50.6827], [-62.7219, 50.6794], [-62.722, 50.6847], [-62.7163, 50.6731], [-62.7165, 50.6705], [-62.7236, 50.6767], [-62.7239, 50.6682], [-62.713, 50.6469], [-62.7149, 50.642], [-62.7109, 50.6417], [-62.7089, 50.6335], [-62.7055, 50.6342], [-62.7024, 50.6533], [-62.7088, 50.6673], [-62.7058, 50.6629], [-62.6971, 50.6648], [-62.6941, 50.6759], [-62.6899, 50.6782], [-62.6936, 50.682], [-62.6916, 50.6836], [-62.68, 50.677], [-62.6773, 50.6631], [-62.6813, 50.6611], [-62.6804, 50.655], [-62.6637, 50.6484], [-62.6616, 50.6428], [-62.6649, 50.6388], [-62.6557, 50.6352], [-62.6562, 50.6445], [-62.6523, 50.6441], [-62.6496, 50.6495], [-62.6504, 50.6638], [-62.6469, 50.6714], [-62.6509, 50.6724], [-62.6517, 50.6791], [-62.6466, 50.6822], [-62.6474, 50.6863], [-62.653, 50.6859], [-62.6559, 50.6907], [-62.6529, 50.698], [-62.6584, 50.7009], [-62.6628, 50.6991], [-62.6627, 50.7016], [-62.6583, 50.7047], [-62.6597, 50.7088], [-62.6552, 50.703], [-62.6511, 50.7036], [-62.6599, 50.718], [-62.6501, 50.7148], [-62.6465, 50.7152], [-62.6473, 50.7176], [-62.6611, 50.7259], [-62.6707, 50.7371], [-62.6727, 50.7358], [-62.6675, 50.7234], [-62.684, 50.7157], [-62.6824, 50.7069], [-62.6938, 50.7138], [-62.6765, 50.7276], [-62.6786, 50.732], [-62.6909, 50.7299], [-62.6953, 50.7259], [-62.7051, 50.7286], [-62.7093, 50.7257], [-62.7086, 50.7294], [-62.73, 50.7404], [-62.7325, 50.7384], [-62.7283, 50.7234], [-62.7378, 50.7298], [-62.7383, 50.7323], [-62.7341, 50.731], [-62.7332, 50.7455], [-62.7169, 50.7379], [-62.7137, 50.7396], [-62.7139, 50.7471], [-62.7083, 50.7473], [-62.7078, 50.7512], [-62.7218, 50.7679], [-62.7221, 50.7649], [-62.7303, 50.7627], [-62.7258, 50.7554], [-62.7378, 50.7651], [-62.7479, 50.7637], [-62.7477, 50.7709], [-62.742, 50.7737], [-62.729, 50.765], [-62.7264, 50.766], [-62.732, 50.7729], [-62.7429, 50.7758], [-62.7462, 50.7837], [-62.7664, 50.803], [-62.7642, 50.8183], [-62.7732, 50.8257]]]}}, {"type": "Feature", "properties": {"id": "qc-trq-8-76", "name": "Club Chambeaux", "province": "QC", "park_type": "outfitter_exclusive", "designation": "outfitter exclusive", "hunting_allowed": true, "policy_id": "09-573", "summary": "Structured recreational / wildlife territory on Quebec public land. Verify current regulations.", "source": "MRNF TRQ_WMS layer 8", "layer_role": "public_hunt_territory"}, "geometry": {"type": "Polygon", "coordinates": [[[-68.5065, 50.8942], [-68.5171, 50.8866], [-68.5192, 50.8797], [-68.5304, 50.877], [-68.5333, 50.8679], [-68.5462, 50.8748], [-68.5493, 50.8735], [-68.5474, 50.8665], [-68.5498, 50.865], [-68.5573, 50.8726], [-68.5616, 50.8724], [-68.5728, 50.8613], [-68.5721, 50.8545], [-68.5676, 50.8539], [-68.573, 50.8483], [-68.5667, 50.8456], [-68.5722, 50.8438], [-68.5734, 50.8286], [-68.5794, 50.8231], [-68.5706, 50.8066], [-68.5781, 50.8134], [-68.5807, 50.8106], [-68.5657, 50.8013], [-68.5652, 50.7989], [-68.5695, 50.7989], [-68.565, 50.7933], [-68.5681, 50.7914], [-68.5655, 50.7875], [-68.5702, 50.7866], [-68.571, 50.7827], [-68.562, 50.7739], [-68.5214, 50.7584], [-68.5264, 50.7566], [-68.5227, 50.7497], [-68.5234, 50.7432], [-68.513, 50.7434], [-68.5077, 50.7514], [-68.5029, 50.7515], [-68.4996, 50.7471], [-68.5049, 50.7445], [-68.5008, 50.7423], [-68.502, 50.7388], [-68.5081, 50.7378], [-68.5047, 50.736], [-68.5057, 50.7332], [-68.5158, 50.7388], [-68.5236, 50.7383], [-68.5199, 50.7309], [-68.5251, 50.7272], [-68.5205, 50.7217], [-68.5246, 50.7229], [-68.5283, 50.7301], [-68.5316, 50.7283], [-68.5336, 50.732], [-68.5487, 50.7337], [-68.5339, 50.7238], [-68.5324, 50.7198], [-68.5168, 50.7132], [-68.5186, 50.7018], [-68.5125, 50.7014], [-68.5099, 50.6947], [-68.4854, 50.6904], [-68.4825, 50.6954], [-68.481, 50.6904], [-68.4743, 50.6869], [-68.4708, 50.6887], [-68.4718, 50.6933], [-68.4948, 50.7049], [-68.5031, 50.7056], [-68.5001, 50.708], [-68.5071, 50.7116], [-68.5017, 50.717], [-68.5044, 50.722], [-68.4985, 50.7251], [-68.5013, 50.7281], [-68.5, 50.7314], [-68.4905, 50.7388], [-68.4865, 50.7474], [-68.4775, 50.7461], [-68.474, 50.7489], [-68.4695, 50.7475], [-68.4687, 50.7349], [-68.4616, 50.7412], [-68.4568, 50.7355], [-68.446, 50.7404], [-68.444, 50.7333], [-68.4404, 50.7332], [-68.4361, 50.7369], [-68.4418, 50.7386], [-68.4433, 50.7502], [-68.4385, 50.7553], [-68.4384, 50.7609], [-68.4273, 50.7703], [-68.4331, 50.7734], [-68.4483, 50.7724], [-68.4505, 50.7797], [-68.4571, 50.7843], [-68.4608, 50.784], [-68.4624, 50.7796], [-68.4711, 50.7834], [-68.4715, 50.7864], [-68.4672, 50.7887], [-68.4701, 50.7913], [-68.4688, 50.7939], [-68.4794, 50.8011], [-68.4814, 50.7958], [-68.4824, 50.8053], [-68.4874, 50.8054], [-68.4831, 50.8097], [-68.4901, 50.8141], [-68.4908, 50.8197], [-68.4984, 50.8102], [-68.5058, 50.8148], [-68.5079, 50.8051], [-68.5111, 50.8064], [-68.5155, 50.7995], [-68.5224, 50.7972], [-68.52, 50.7882], [-68.5328, 50.7991], [-68.5356, 50.7969], [-68.5308, 50.7862], [-68.5358, 50.789], [-68.5365, 50.7943], [-68.5436, 50.7953], [-68.5379, 50.7995], [-68.5424, 50.8029], [-68.543, 50.8106], [-68.5405, 50.8116], [-68.5382, 50.8066], [-68.533, 50.8174], [-68.5355, 50.8255], [-68.5334, 50.8337], [-68.5294, 50.8364], [-68.5236, 50.868], [-68.5092, 50.8732], [-68.4987, 50.8821], [-68.5065, 50.8942]]]}}, {"type": "Feature", "properties": {"id": "qc-trq-8-77", "name": "Les Entreprises du Lac Perdu inc.", "province": "QC", "park_type": "outfitter_exclusive", "designation": "outfitter exclusive", "hunting_allowed": true, "policy_id": "02-566", "summary": "Structured recreational / wildlife territory on Quebec public land. Verify current regulations.", "source": "MRNF TRQ_WMS layer 8", "layer_role": "public_hunt_territory"}, "geometry": {"type": "MultiPolygon", "coordinates": [[[[-70.2188, 50.7729], [-70.2219, 50.7701], [-70.2222, 50.763], [-70.2259, 50.7638], [-70.219, 50.7548], [-70.2078, 50.7564], [-70.1984, 50.7499], [-70.2029, 50.7491], [-70.1975, 50.7457], [-70.1817, 50.7456], [-70.1786, 50.7417], [-70.1714, 50.7435], [-70.1688, 50.7356], [-70.1638, 50.7445], [-70.1575, 50.7412], [-70.1528, 50.7465], [-70.1456, 50.746], [-70.1498, 50.7367], [-70.1713, 50.7245], [-70.1767, 50.7154], [-70.1902, 50.7046], [-70.1881, 50.6937], [-70.2055, 50.6881], [-70.2118, 50.6802], [-70.2106, 50.6708], [-70.2177, 50.6657], [-70.214, 50.6647], [-70.2117, 50.6557], [-70.1984, 50.6463], [-70.194, 50.6307], [-70.1885, 50.6292], [-70.1796, 50.6202], [-70.1836, 50.611], [-70.1809, 50.6103], [-70.181, 50.6049], [-70.1773, 50.6062], [-70.1728, 50.6031], [-70.1774, 50.6007], [-70.1739, 50.5977], [-70.1765, 50.5947], [-70.1716, 50.5915], [-70.1733, 50.5871], [-70.181, 50.5847], [-70.1753, 50.5797], [-70.1983, 50.5786], [-70.221, 50.5867], [-70.2232, 50.5913], [-70.2176, 50.6051], [-70.22, 50.608], [-70.2162, 50.6105], [-70.2207, 50.6146], [-70.2199, 50.6233], [-70.2231, 50.6253], [-70.226, 50.6363], [-70.2242, 50.6396], [-70.2285, 50.6476], [-70.2315, 50.648], [-70.2317, 50.6595], [-70.2365, 50.6679], [-70.2461, 50.6764], [-70.2622, 50.6653], [-70.2634, 50.6584], [-70.2776, 50.6523], [-70.2855, 50.6414], [-70.2868, 50.6282], [-70.2939, 50.6195], [-70.301, 50.6202], [-70.3093, 50.6353], [-70.2986, 50.6315], [-70.2898, 50.6433], [-70.2935, 50.649], [-70.2722, 50.6612], [-70.2625, 50.6718], [-70.2662, 50.6815], [-70.2758, 50.6905], [-70.2741, 50.6955], [-70.2871, 50.7024], [-70.2901, 50.7104], [-70.3022, 50.7131], [-70.3035, 50.7675], [-70.2927, 50.7722], [-70.2337, 50.7815], [-70.2309, 50.7762], [-70.2188, 50.7729]]], [[[-70.0059, 50.7648], [-70.0078, 50.7781], [-70.0042, 50.7888], [-69.9965, 50.7916], [-69.9888, 50.7868], [-69.9773, 50.7958], [-69.972, 50.7965], [-69.9794, 50.791], [-69.969, 50.7887], [-69.9505, 50.7963], [-69.9175, 50.7948], [-69.9005, 50.7836], [-69.9059, 50.7724], [-69.9111, 50.7713], [-69.9133, 50.7563], [-69.9595, 50.7566], [-69.9685, 50.7447], [-69.9605, 50.7456], [-69.9574, 50.7431], [-69.9706, 50.7381], [-69.9703, 50.7417], [-69.9963, 50.7018], [-69.9616, 50.6737], [-69.9556, 50.6739], [-69.9639, 50.6577], [-69.9629, 50.6425], [-69.9611, 50.6396], [-69.9544, 50.6404], [-69.9575, 50.6359], [-69.9492, 50.637], [-69.9488, 50.6311], [-69.964, 50.6129], [-70.0062, 50.5802], [-70.0391, 50.5754], [-70.0551, 50.5803], [-70.0505, 50.5903], [-70.0516, 50.6016], [-70.0459, 50.6087], [-70.0507, 50.6194], [-70.0496, 50.625], [-70.0294, 50.634], [-70.0207, 50.6567], [-70.0285, 50.6576], [-70.0344, 50.666], [-70.0283, 50.667], [-70.031, 50.6669], [-70.0305, 50.6707], [-70.0236, 50.6751], [-70.0091, 50.6934], [-70.0087, 50.6962], [-70.0117, 50.6946], [-70.0053, 50.7044], [-70.0016, 50.708], [-70.0004, 50.7063], [-69.9996, 50.7118], [-70.0034, 50.7149], [-69.9988, 50.7263], [-70.0011, 50.7273], [-69.9934, 50.7347], [-69.9902, 50.7485], [-69.98818782608696, 50.7465652173913], [-69.9824, 50.7538], [-70.0059, 50.7648]], [[-69.9884, 50.7463], [-69.98809657437822, 50.746477475363676], [-69.98818782608696, 50.7465652173913], [-69.9884, 50.7463]], [[-69.9876, 50.746], [-69.9831, 50.7494], [-69.98809657437822, 50.746477475363676], [-69.9876, 50.746]]]]}}, {"type": "Feature", "properties": {"id": "qc-trq-8-78", "name": "Pourvoirie P\u00e9ribonka inc.", "province": "QC", "park_type": "outfitter_exclusive", "designation": "outfitter exclusive", "hunting_allowed": true, "policy_id": "02-521", "summary": "Structured recreational / wildlife territory on Quebec public land. Verify current regulations.", "source": "MRNF TRQ_WMS layer 8", "layer_role": "public_hunt_territory"}, "geometry": {"type": "Polygon", "coordinates": [[[-72.3363, 50.3779], [-72.3852, 50.4054], [-72.3802, 50.3185], [-72.356, 50.318], [-72.3363, 50.3779]]]}}, {"type": "Feature", "properties": {"id": "qc-trq-8-79", "name": "Pourvoirie du Lac Dionne (2008) inc.", "province": "QC", "park_type": "outfitter_exclusive", "designation": "outfitter exclusive", "hunting_allowed": true, "policy_id": "09-564", "summary": "Structured recreational / wildlife territory on Quebec public land. Verify current regulations.", "source": "MRNF TRQ_WMS layer 8", "layer_role": "public_hunt_territory"}, "geometry": {"type": "Polygon", "coordinates": [[[-67.8669, 49.6312], [-67.9235, 49.6628], [-67.9514, 49.6489], [-67.9672, 49.6273], [-67.9003, 49.5876], [-67.8824, 49.5651], [-67.8271, 49.5798], [-67.8669, 49.6312]]]}}, {"type": "Feature", "properties": {"id": "qc-trq-8-80", "name": "Conseil des Innus de Betsiamites", "province": "QC", "park_type": "outfitter_exclusive", "designation": "outfitter exclusive", "hunting_allowed": true, "policy_id": "09-554", "summary": "Structured recreational / wildlife territory on Quebec public land. Verify current regulations.", "source": "MRNF TRQ_WMS layer 8", "layer_role": "public_hunt_territory"}, "geometry": {"type": "Polygon", "coordinates": [[[-68.0389, 49.5753], [-68.1428, 49.5839], [-68.1707, 49.5095], [-68.0647, 49.4923], [-68.0391, 49.5611], [-68.0433, 49.5616], [-68.0389, 49.5753]]]}}, {"type": "Feature", "properties": {"id": "qc-trq-8-81", "name": "Pourvoirie du Lac Paul", "province": "QC", "park_type": "outfitter_exclusive", "designation": "outfitter exclusive", "hunting_allowed": true, "policy_id": "02-582", "summary": "Structured recreational / wildlife territory on Quebec public land. Verify current regulations.", "source": "MRNF TRQ_WMS layer 8", "layer_role": "public_hunt_territory"}, "geometry": {"type": "Polygon", "coordinates": [[[-70.759, 49.9475], [-70.767, 49.9358], [-70.7682, 49.9273], [-70.7708, 49.926], [-70.7822, 49.9326], [-70.8302, 49.8888], [-70.8309, 49.8596], [-70.7986, 49.8595], [-70.7966, 49.8496], [-70.7939, 49.8594], [-70.7363, 49.8592], [-70.725, 49.8565], [-70.7193, 49.8594], [-70.7101, 49.8481], [-70.6984, 49.8422], [-70.6754, 49.8408], [-70.6657, 49.8466], [-70.664, 49.8516], [-70.6681, 49.8548], [-70.6617, 49.8633], [-70.6663, 49.8709], [-70.6591, 49.8752], [-70.661, 49.8842], [-70.6584, 49.8854], [-70.6648, 49.8934], [-70.6592, 49.8985], [-70.6596, 49.9026], [-70.651, 49.9049], [-70.654, 49.9088], [-70.6641, 49.9149], [-70.6743, 49.9146], [-70.6792, 49.9175], [-70.6827, 49.9272], [-70.6756, 49.9275], [-70.6779, 49.9342], [-70.6807, 49.9324], [-70.685, 49.9358], [-70.7014, 49.9272], [-70.7338, 49.9373], [-70.7409, 49.9436], [-70.7492, 49.945], [-70.7523, 49.9416], [-70.759, 49.9475]]]}}, {"type": "Feature", "properties": {"id": "qc-trq-8-82", "name": "Pourvoirie Lac Duhamel inc.", "province": "QC", "park_type": "outfitter_exclusive", "designation": "outfitter exclusive", "hunting_allowed": true, "policy_id": "02-519", "summary": "Structured recreational / wildlife territory on Quebec public land. Verify current regulations.", "source": "MRNF TRQ_WMS layer 8", "layer_role": "public_hunt_territory"}, "geometry": {"type": "Polygon", "coordinates": [[[-70.8557, 50.0871], [-70.8743, 50.1024], [-70.8779, 50.1019], [-70.8792, 50.095], [-70.8842, 50.0919], [-70.8813, 50.0857], [-70.8916, 50.081], [-70.8893, 50.0739], [-70.8843, 50.0725], [-70.8898, 50.0701], [-70.8864, 50.0674], [-70.8853, 50.0573], [-70.8894, 50.0536], [-70.8839, 50.0528], [-70.8898, 50.0493], [-70.885, 50.0395], [-70.8901, 50.0347], [-70.8862, 50.0317], [-70.8938, 50.0245], [-70.8895, 50.0204], [-70.8949, 50.0167], [-70.8886, 50.0094], [-70.8949, 50.0085], [-70.897, 50.0029], [-70.8939, 49.9998], [-70.8985, 49.9999], [-70.898, 49.996], [-70.9032, 49.9946], [-70.8981, 49.9911], [-70.901, 49.9866], [-70.8966, 49.9827], [-70.9001, 49.9793], [-70.9031, 49.9498], [-70.9119, 49.9373], [-70.93, 49.8902], [-70.928, 49.8786], [-70.936, 49.8742], [-70.941, 49.8615], [-70.9407, 49.8457], [-70.9364, 49.8418], [-70.915, 49.8589], [-70.9052, 49.858], [-70.9009, 49.8534], [-70.9105, 49.845], [-70.9021, 49.8451], [-70.9042, 49.8488], [-70.9007, 49.8523], [-70.8964, 49.8485], [-70.8902, 49.8517], [-70.8869, 49.8568], [-70.8878, 49.8631], [-70.878, 49.8658], [-70.8761, 49.8704], [-70.8783, 49.874], [-70.8753, 49.8752], [-70.8706, 49.8901], [-70.8504, 49.896], [-70.8282, 49.8911], [-70.7822, 49.9326], [-70.7707, 49.9276], [-70.767, 49.9407], [-70.759, 49.9475], [-70.7652, 49.9644], [-70.7835, 49.977], [-70.7786, 49.9767], [-70.7889, 49.981], [-70.7962, 49.9885], [-70.8122, 49.9877], [-70.8105, 49.9918], [-70.828, 50.0209], [-70.8251, 50.0257], [-70.8287, 50.0293], [-70.8272, 50.0403], [-70.8313, 50.0413], [-70.8323, 50.0468], [-70.8221, 50.0509], [-70.8179, 50.0625], [-70.8316, 50.0665], [-70.8336, 50.0617], [-70.8424, 50.0577], [-70.8406, 50.0542], [-70.8458, 50.0523], [-70.8524, 50.0601], [-70.849, 50.0664], [-70.8557, 50.0871]]]}}, {"type": "Feature", "properties": {"id": "qc-trq-8-83", "name": "Pourvoirie Damville", "province": "QC", "park_type": "outfitter_exclusive", "designation": "outfitter exclusive", "hunting_allowed": true, "policy_id": "02-531", "summary": "Structured recreational / wildlife territory on Quebec public land. Verify current regulations.", "source": "MRNF TRQ_WMS layer 8", "layer_role": "public_hunt_territory"}, "geometry": {"type": "Polygon", "coordinates": [[[-73.1674, 49.3189], [-73.2176, 49.3197], [-73.219, 49.2811], [-73.2121, 49.281], [-73.2155, 49.1868], [-73.2034, 49.1689], [-73.1932, 49.1737], [-73.1835, 49.1722], [-73.1706, 49.1654], [-73.1584, 49.1638], [-73.1477, 49.1528], [-73.1388, 49.1533], [-73.1243, 49.1356], [-73.124, 49.1254], [-73.115, 49.1062], [-73.119, 49.1015], [-73.1176, 49.0935], [-73.113, 49.0905], [-73.0763, 49.0898], [-73.0641, 49.0716], [-73.0553, 49.0715], [-73.0437, 49.1244], [-73.1682, 49.215], [-73.1674, 49.3189]]]}}, {"type": "Feature", "properties": {"id": "qc-trq-8-84", "name": "Club Colonial inc.", "province": "QC", "park_type": "outfitter_exclusive", "designation": "outfitter exclusive", "hunting_allowed": true, "policy_id": "02-504", "summary": "Structured recreational / wildlife territory on Quebec public land. Verify current regulations.", "source": "MRNF TRQ_WMS layer 8", "layer_role": "public_hunt_territory"}, "geometry": {"type": "Polygon", "coordinates": [[[-73.4998, 48.7686], [-73.6155, 48.7686], [-73.6252, 48.7401], [-73.6033, 48.6809], [-73.5388, 48.6886], [-73.5341, 48.6904], [-73.5319, 48.698], [-73.4996, 48.6976], [-73.4998, 48.7686]]]}}, {"type": "Feature", "properties": {"id": "qc-trq-8-85", "name": "Air Tamarac - Pourvoirie Lac H\u00e9bert", "province": "QC", "park_type": "outfitter_exclusive", "designation": "outfitter exclusive", "hunting_allowed": true, "policy_id": "10-622", "summary": "Structured recreational / wildlife territory on Quebec public land. Verify current regulations.", "source": "MRNF TRQ_WMS layer 8", "layer_role": "public_hunt_territory"}, "geometry": {"type": "Polygon", "coordinates": [[[-75.2375, 49.2774], [-75.2643, 49.2695], [-75.2714, 49.2614], [-75.286, 49.2558], [-75.2952, 49.2416], [-75.2943, 49.2364], [-75.3089, 49.2295], [-75.3063, 49.2253], [-75.3016, 49.2263], [-75.3036, 49.219], [-75.316, 49.2094], [-75.3174, 49.2027], [-75.3302, 49.1951], [-75.3349, 49.1831], [-75.3486, 49.1758], [-75.3351, 49.1609], [-75.3462, 49.1471], [-75.3407, 49.1467], [-75.3384, 49.1514], [-75.3332, 49.1518], [-75.3334, 49.1477], [-75.3285, 49.1442], [-75.3375, 49.137], [-75.3341, 49.1355], [-75.3286, 49.1396], [-75.3268, 49.1243], [-75.3242, 49.124], [-75.3243, 49.1342], [-75.3061, 49.1306], [-75.3102, 49.1374], [-75.3023, 49.1427], [-75.2979, 49.1522], [-75.2961, 49.1497], [-75.2872, 49.1507], [-75.2627, 49.1734], [-75.2596, 49.1806], [-75.2462, 49.1895], [-75.2493, 49.1966], [-75.2466, 49.2032], [-75.2507, 49.2231], [-75.2651, 49.2249], [-75.2634, 49.2273], [-75.2665, 49.231], [-75.2609, 49.232], [-75.2422, 49.2511], [-75.2459, 49.2646], [-75.2368, 49.2625], [-75.2325, 49.2687], [-75.2326, 49.2737], [-75.2375, 49.2774]]]}}, {"type": "Feature", "properties": {"id": "qc-trq-8-86", "name": "Pourvoirie du Lac Demi-Lune", "province": "QC", "park_type": "outfitter_exclusive", "designation": "outfitter exclusive", "hunting_allowed": true, "policy_id": "04-733", "summary": "Structured recreational / wildlife territory on Quebec public land. Verify current regulations.", "source": "MRNF TRQ_WMS layer 8", "layer_role": "public_hunt_territory"}, "geometry": {"type": "Polygon", "coordinates": [[[-74.8509, 48.4849], [-74.8558, 48.482], [-74.8559, 48.4491], [-74.8874, 48.4401], [-74.8936, 48.4333], [-74.8929, 48.3992], [-74.8827, 48.3925], [-74.8818, 48.3826], [-74.8444, 48.3699], [-74.8491, 48.3589], [-74.8452, 48.347], [-74.8488, 48.3381], [-74.8413, 48.3416], [-74.8302, 48.3381], [-74.7817, 48.34], [-74.7793, 48.3372], [-74.7765, 48.34], [-74.7597, 48.3401], [-74.7546, 48.3647], [-74.766, 48.3671], [-74.7768, 48.4085], [-74.7764, 48.485], [-74.8509, 48.4849]]]}}, {"type": "Feature", "properties": {"id": "qc-trq-8-87", "name": "Pourvoirie Lac \u00e0 l'Ours blanc", "province": "QC", "park_type": "outfitter_exclusive", "designation": "outfitter exclusive", "hunting_allowed": true, "policy_id": "04-547", "summary": "Structured recreational / wildlife territory on Quebec public land. Verify current regulations.", "source": "MRNF TRQ_WMS layer 8", "layer_role": "public_hunt_territory"}, "geometry": {"type": "Polygon", "coordinates": [[[-74.4618, 48.0858], [-74.5192, 48.1248], [-74.5658, 48.0894], [-74.5793, 48.0894], [-74.6494, 48.0501], [-74.63, 48.0383], [-74.6601, 48.0164], [-74.6601, 48.001], [-74.6431, 47.992], [-74.58, 47.9999], [-74.5673, 47.9932], [-74.5341, 48.0142], [-74.5086, 48.0433], [-74.4877, 48.0432], [-74.4769, 48.0503], [-74.4618, 48.0858]]]}}, {"type": "Feature", "properties": {"id": "qc-trq-8-88", "name": "Pourvoirie Haltaparche", "province": "QC", "park_type": "outfitter_exclusive", "designation": "outfitter exclusive", "hunting_allowed": true, "policy_id": "04-551", "summary": "Structured recreational / wildlife territory on Quebec public land. Verify current regulations.", "source": "MRNF TRQ_WMS layer 8", "layer_role": "public_hunt_territory"}, "geometry": {"type": "Polygon", "coordinates": [[[-74.2006, 48.1333], [-74.2083, 48.1568], [-74.2521, 48.1467], [-74.2468, 48.1399], [-74.2941, 48.124], [-74.2936, 48.1137], [-74.331, 48.0739], [-74.3368, 48.0442], [-74.321, 48.0212], [-74.2806, 48.0322], [-74.2998, 48.0512], [-74.2994, 48.0822], [-74.2208, 48.0817], [-74.2212, 48.0574], [-74.1702, 48.0571], [-74.1711, 48.0004], [-74.1575, 47.9996], [-74.1494, 48.0052], [-74.1423, 48.0131], [-74.144, 48.0184], [-74.1398, 48.0279], [-74.1436, 48.0339], [-74.1491, 48.0358], [-74.1477, 48.0407], [-74.137, 48.0317], [-74.1356, 48.0361], [-74.1432, 48.0442], [-74.1417, 48.0484], [-74.1275, 48.0518], [-74.1266, 48.0628], [-74.1091, 48.0707], [-74.1105, 48.0732], [-74.1172, 48.071], [-74.122, 48.0811], [-74.1224, 48.1067], [-74.1392, 48.1068], [-74.1393, 48.1014], [-74.1489, 48.104], [-74.191, 48.1013], [-74.198, 48.1243], [-74.1758, 48.1286], [-74.1783, 48.1368], [-74.2006, 48.1333]]]}}, {"type": "Feature", "properties": {"id": "qc-trq-8-89", "name": "Pourvoirie Lac Lareau (2006)", "province": "QC", "park_type": "outfitter_exclusive", "designation": "outfitter exclusive", "hunting_allowed": true, "policy_id": "04-708", "summary": "Structured recreational / wildlife territory on Quebec public land. Verify current regulations.", "source": "MRNF TRQ_WMS layer 8", "layer_role": "public_hunt_territory"}, "geometry": {"type": "Polygon", "coordinates": [[[-73.5748, 48.1936], [-73.6674, 48.1949], [-73.6696, 48.1086], [-73.663, 48.1074], [-73.6599, 48.0945], [-73.64, 48.0584], [-73.6405, 48.0504], [-73.6211, 48.0445], [-73.6183, 48.037], [-73.6052, 48.0274], [-73.5791, 48.026], [-73.5752, 48.0289], [-73.5811, 48.0363], [-73.5816, 48.0431], [-73.5787, 48.0468], [-73.5547, 48.0634], [-73.5421, 48.0683], [-73.5259, 48.0954], [-73.5116, 48.1095], [-73.5121, 48.1166], [-73.5015, 48.1164], [-73.5008, 48.1336], [-73.4981, 48.1367], [-73.5006, 48.1377], [-73.5002, 48.146], [-73.4954, 48.1503], [-73.4999, 48.1551], [-73.4983, 48.1924], [-73.54, 48.193], [-73.5337, 48.1954], [-73.5388, 48.1994], [-73.5433, 48.1985], [-73.5417, 48.1937], [-73.5735, 48.1935], [-73.5721, 48.1902], [-73.5748, 48.1936]]]}}, {"type": "Feature", "properties": {"id": "qc-trq-8-90", "name": "Pourvoirie La Corneille", "province": "QC", "park_type": "outfitter_exclusive", "designation": "outfitter exclusive", "hunting_allowed": true, "policy_id": "09-610", "summary": "Structured recreational / wildlife territory on Quebec public land. Verify current regulations.", "source": "MRNF TRQ_WMS layer 8", "layer_role": "public_hunt_territory"}, "geometry": {"type": "Polygon", "coordinates": [[[-62.8986, 50.2851], [-62.8894, 50.2914], [-62.8915, 50.2932], [-62.8897, 50.2984], [-62.8836, 50.3044], [-62.8884, 50.3123], [-62.9057, 50.3155], [-62.9007, 50.3207], [-62.8903, 50.3181], [-62.8867, 50.3206], [-62.8918, 50.3245], [-62.8986, 50.3243], [-62.9108, 50.3336], [-62.92, 50.3352], [-62.9181, 50.3326], [-62.923, 50.3319], [-62.9252, 50.3377], [-62.9386, 50.3416], [-62.9395, 50.3452], [-62.9321, 50.3513], [-62.9331, 50.3623], [-62.9279, 50.3751], [-62.9313, 50.3814], [-62.9276, 50.384], [-62.9317, 50.3841], [-62.9324, 50.3892], [-62.926, 50.3911], [-62.9317, 50.3947], [-62.9413, 50.3942], [-62.943, 50.4006], [-62.9299, 50.4106], [-62.9435, 50.4065], [-62.949, 50.4167], [-62.949, 50.4258], [-62.9535, 50.4283], [-62.9448, 50.4366], [-62.9639, 50.4325], [-62.9522, 50.4236], [-62.9483, 50.4133], [-62.9516, 50.4068], [-62.9479, 50.4065], [-62.9501, 50.4047], [-62.944, 50.3978], [-62.9431, 50.3813], [-62.9336, 50.3725], [-62.9364, 50.3565], [-62.9338, 50.3532], [-62.9424, 50.3448], [-62.9406, 50.34], [-62.9349, 50.34], [-62.9351, 50.3377], [-62.9473, 50.3313], [-62.9467, 50.3262], [-62.9532, 50.3275], [-62.9546, 50.3253], [-62.9313, 50.3209], [-62.9287, 50.3235], [-62.9393, 50.3249], [-62.9337, 50.3261], [-62.9307, 50.332], [-62.9178, 50.3281], [-62.9198, 50.3231], [-62.9066, 50.321], [-62.9075, 50.3139], [-62.8957, 50.3118], [-62.8918, 50.3052], [-62.8864, 50.3049], [-62.892, 50.3009], [-62.8955, 50.2927], [-62.8919, 50.2918], [-62.8986, 50.2851]]]}}, {"type": "Feature", "properties": {"id": "qc-trq-8-91", "name": "Pourvoirie Falls Gully", "province": "QC", "park_type": "outfitter_exclusive", "designation": "outfitter exclusive", "hunting_allowed": true, "policy_id": "11-517", "summary": "Structured recreational / wildlife territory on Quebec public land. Verify current regulations.", "source": "MRNF TRQ_WMS layer 8", "layer_role": "public_hunt_territory"}, "geometry": {"type": "Polygon", "coordinates": [[[-65.4933, 48.2746], [-65.5199, 48.2807], [-65.5323, 48.2584], [-65.5057, 48.2523], [-65.4933, 48.2746]]]}}, {"type": "Feature", "properties": {"id": "qc-trq-8-92", "name": "Association des p\u00eacheurs sportifs de la Rivi\u00e8re-Bonaventure inc.", "province": "QC", "park_type": "outfitter_exclusive", "designation": "outfitter exclusive", "hunting_allowed": true, "policy_id": "11-100", "summary": "Structured recreational / wildlife territory on Quebec public land. Verify current regulations.", "source": "MRNF TRQ_WMS layer 8", "layer_role": "public_hunt_territory"}, "geometry": {"type": "MultiPolygon", "coordinates": [[[[-65.466, 48.0997], [-65.46549555555555, 48.09986814814815], [-65.4637, 48.0971], [-65.466, 48.0997]]], [[[-65.4607, 48.1023], [-65.4709, 48.111], [-65.4731, 48.1229], [-65.47, 48.1105], [-65.4594, 48.1019], [-65.4661, 48.1008], [-65.4607, 48.1023]]]]}}, {"type": "Feature", "properties": {"id": "qc-trq-8-93", "name": "La Baronnie de Kamouraska", "province": "QC", "park_type": "outfitter_exclusive", "designation": "outfitter exclusive", "hunting_allowed": true, "policy_id": "01-518", "summary": "Structured recreational / wildlife territory on Quebec public land. Verify current regulations.", "source": "MRNF TRQ_WMS layer 8", "layer_role": "public_hunt_territory"}, "geometry": {"type": "Polygon", "coordinates": [[[-69.6568, 47.3162], [-69.7335, 47.2594], [-69.6493, 47.2074], [-69.588, 47.2516], [-69.5931, 47.2597], [-69.6124, 47.2735], [-69.6137, 47.2833], [-69.621, 47.2971], [-69.6462, 47.3093], [-69.6537, 47.31], [-69.6568, 47.3162]]]}}, {"type": "Feature", "properties": {"id": "qc-trq-8-94", "name": "Pourvoirie de l'Ours Brun (1984) inc.", "province": "QC", "park_type": "outfitter_exclusive", "designation": "outfitter exclusive", "hunting_allowed": true, "policy_id": "02-503", "summary": "Structured recreational / wildlife territory on Quebec public land. Verify current regulations.", "source": "MRNF TRQ_WMS layer 8", "layer_role": "public_hunt_territory"}, "geometry": {"type": "Polygon", "coordinates": [[[-70.3417, 49.3409], [-70.3519, 49.3624], [-70.3946, 49.3502], [-70.3883, 49.2839], [-70.3347, 49.2834], [-70.3099, 49.2988], [-70.3137, 49.318], [-70.3417, 49.3409]]]}}, {"type": "Feature", "properties": {"id": "qc-trq-8-95", "name": "La Pourvoirie du Lac Rond (2012) inc.", "province": "QC", "park_type": "outfitter_exclusive", "designation": "outfitter exclusive", "hunting_allowed": true, "policy_id": "02-576", "summary": "Structured recreational / wildlife territory on Quebec public land. Verify current regulations.", "source": "MRNF TRQ_WMS layer 8", "layer_role": "public_hunt_territory"}, "geometry": {"type": "Polygon", "coordinates": [[[-70.6498, 49.2936], [-70.6987, 49.294], [-70.6951, 49.2613], [-70.6906, 49.259], [-70.6931, 49.2504], [-70.6884, 49.2477], [-70.6948, 49.2318], [-70.6868, 49.2303], [-70.6749, 49.234], [-70.6578, 49.2252], [-70.6433, 49.2421], [-70.6275, 49.2526], [-70.6268, 49.2572], [-70.6209, 49.2557], [-70.6172, 49.2659], [-70.6189, 49.2702], [-70.6111, 49.2769], [-70.6159, 49.2835], [-70.6146, 49.2877], [-70.6498, 49.2936]]]}}, {"type": "Feature", "properties": {"id": "qc-trq-8-96", "name": "Domaine La Sorbi\u00e8re (1991) inc.", "province": "QC", "park_type": "outfitter_exclusive", "designation": "outfitter exclusive", "hunting_allowed": true, "policy_id": "02-524", "summary": "Structured recreational / wildlife territory on Quebec public land. Verify current regulations.", "source": "MRNF TRQ_WMS layer 8", "layer_role": "public_hunt_territory"}, "geometry": {"type": "Polygon", "coordinates": [[[-70.5859, 49.443], [-70.7158, 49.3922], [-70.6987, 49.294], [-70.6498, 49.2936], [-70.6084, 49.2867], [-70.5897, 49.3011], [-70.5234, 49.3771], [-70.5191, 49.376], [-70.5165, 49.4184], [-70.5237, 49.4195], [-70.5447, 49.4396], [-70.5859, 49.443]]]}}, {"type": "Feature", "properties": {"id": "qc-trq-8-97", "name": "Le Domaine le Pic Bois", "province": "QC", "park_type": "outfitter_exclusive", "designation": "outfitter exclusive", "hunting_allowed": true, "policy_id": "03-520", "summary": "Structured recreational / wildlife territory on Quebec public land. Verify current regulations.", "source": "MRNF TRQ_WMS layer 8", "layer_role": "public_hunt_territory"}, "geometry": {"type": "Polygon", "coordinates": [[[-70.4366, 47.7995], [-70.459, 47.7997], [-70.4524, 47.753], [-70.4391, 47.7532], [-70.4375, 47.7674], [-70.4307, 47.7665], [-70.4366, 47.7995]]]}}, {"type": "Feature", "properties": {"id": "qc-trq-8-98", "name": "Club des Trois Castors inc.", "province": "QC", "park_type": "outfitter_exclusive", "designation": "outfitter exclusive", "hunting_allowed": true, "policy_id": "03-566", "summary": "Structured recreational / wildlife territory on Quebec public land. Verify current regulations.", "source": "MRNF TRQ_WMS layer 8", "layer_role": "public_hunt_territory"}, "geometry": {"type": "Polygon", "coordinates": [[[-70.3568, 47.8273], [-70.3517, 47.8238], [-70.3527, 47.7799], [-70.3124, 47.7799], [-70.2902, 47.7743], [-70.2805, 47.7852], [-70.2652, 47.7917], [-70.2718, 47.8123], [-70.2672, 47.8187], [-70.2788, 47.8253], [-70.2843, 47.8216], [-70.2919, 47.8278], [-70.3568, 47.8273]]]}}, {"type": "Feature", "properties": {"id": "qc-trq-8-99", "name": "Pourvoirie de la Comport\u00e9", "province": "QC", "park_type": "outfitter_exclusive", "designation": "outfitter exclusive", "hunting_allowed": true, "policy_id": "03-519", "summary": "Structured recreational / wildlife territory on Quebec public land. Verify current regulations.", "source": "MRNF TRQ_WMS layer 8", "layer_role": "public_hunt_territory"}, "geometry": {"type": "Polygon", "coordinates": [[[-70.0752, 47.8562], [-70.096, 47.851], [-70.1217, 47.8206], [-70.1215, 47.8139], [-70.1132, 47.7982], [-70.1017, 47.7911], [-70.0919, 47.8007], [-70.092, 47.8052], [-70.0412, 47.8065], [-70.0421, 47.8515], [-70.0506, 47.8514], [-70.0589, 47.8449], [-70.0752, 47.8562]]]}}, {"type": "Feature", "properties": {"id": "qc-trq-8-100", "name": "Pourvoirie du Club Bataram inc.", "province": "QC", "park_type": "outfitter_exclusive", "designation": "outfitter exclusive", "hunting_allowed": true, "policy_id": "03-504", "summary": "Structured recreational / wildlife territory on Quebec public land. Verify current regulations.", "source": "MRNF TRQ_WMS layer 8", "layer_role": "public_hunt_territory"}, "geometry": {"type": "Polygon", "coordinates": [[[-70.1508, 47.9305], [-70.2311, 47.9297], [-70.2302, 47.8895], [-70.2168, 47.8856], [-70.2163, 47.8759], [-70.1458, 47.8766], [-70.1485, 47.8741], [-70.1512, 47.8499], [-70.1347, 47.8426], [-70.1248, 47.8476], [-70.1117, 47.8478], [-70.1041, 47.8525], [-70.0952, 47.8519], [-70.0622, 47.8916], [-70.1052, 47.9094], [-70.097, 47.9283], [-70.1099, 47.9258], [-70.1041, 47.9252], [-70.108, 47.9176], [-70.1206, 47.9121], [-70.1508, 47.9305]]]}}, {"type": "Feature", "properties": {"id": "qc-trq-8-101", "name": "La Pourvoirie du Lac Moreau inc.", "province": "QC", "park_type": "outfitter_exclusive", "designation": "outfitter exclusive", "hunting_allowed": true, "policy_id": "03-553", "summary": "Structured recreational / wildlife territory on Quebec public land. Verify current regulations.", "source": "MRNF TRQ_WMS layer 8", "layer_role": "public_hunt_territory"}, "geometry": {"type": "Polygon", "coordinates": [[[-70.6497, 47.992], [-70.6572, 48.0002], [-70.6631, 47.9953], [-70.6653, 47.9834], [-70.6794, 47.9686], [-70.6971, 47.9751], [-70.7065, 47.9542], [-70.7087, 47.9337], [-70.7169, 47.9309], [-70.7129, 47.9284], [-70.7145, 47.9248], [-70.7065, 47.9193], [-70.7057, 47.9131], [-70.7097, 47.9102], [-70.7299, 47.9082], [-70.7385, 47.8953], [-70.7295, 47.89], [-70.7306, 47.8747], [-70.6074, 47.875], [-70.6135, 47.9195], [-70.6245, 47.9155], [-70.6293, 47.9224], [-70.6159, 47.9236], [-70.622, 47.9294], [-70.6236, 47.9379], [-70.6191, 47.9452], [-70.6667, 47.967], [-70.6209, 47.976], [-70.6209, 47.9811], [-70.6497, 47.992]]]}}, {"type": "Feature", "properties": {"id": "qc-trq-8-102", "name": "Domaine chasse et p\u00eache Gaudias Foster inc.", "province": "QC", "park_type": "outfitter_exclusive", "designation": "outfitter exclusive", "hunting_allowed": true, "policy_id": "03-529", "summary": "Structured recreational / wildlife territory on Quebec public land. Verify current regulations.", "source": "MRNF TRQ_WMS layer 8", "layer_role": "public_hunt_territory"}, "geometry": {"type": "Polygon", "coordinates": [[[-69.9394, 48.0384], [-69.97, 48.0385], [-70.0128, 48.0256], [-70.0023, 48.0163], [-70.0117, 48.0007], [-70.0083, 47.9817], [-70.0249, 47.953], [-70.0115, 47.9501], [-69.9963, 47.9397], [-69.9693, 47.9453], [-69.9655, 47.9538], [-69.9721, 47.9665], [-69.9656, 47.9728], [-69.9734, 47.9822], [-69.9721, 47.9893], [-69.9749, 47.9943], [-69.971, 47.999], [-69.964, 47.9999], [-69.9623, 48.0064], [-69.9513, 48.0118], [-69.9525, 48.0159], [-69.946, 48.0206], [-69.9469, 48.0243], [-69.9405, 48.0306], [-69.9394, 48.0384]]]}}, {"type": "Feature", "properties": {"id": "qc-trq-8-103", "name": "Club Basque", "province": "QC", "park_type": "outfitter_exclusive", "designation": "outfitter exclusive", "hunting_allowed": true, "policy_id": "03-503", "summary": "Structured recreational / wildlife territory on Quebec public land. Verify current regulations.", "source": "MRNF TRQ_WMS layer 8", "layer_role": "public_hunt_territory"}, "geometry": {"type": "Polygon", "coordinates": [[[-69.8313, 48.0391], [-69.8455, 48.044], [-69.8486, 48.0397], [-69.8717, 48.0408], [-69.871, 48.0095], [-69.8436, 48.0128], [-69.8196, 48.0091], [-69.8006, 48.0281], [-69.8148, 48.0328], [-69.8109, 48.0414], [-69.8312, 48.0439], [-69.8313, 48.0391]]]}}, {"type": "Feature", "properties": {"id": "qc-trq-8-104", "name": "Domaine du Lac Brouillard", "province": "QC", "park_type": "outfitter_exclusive", "designation": "outfitter exclusive", "hunting_allowed": true, "policy_id": "03-528", "summary": "Structured recreational / wildlife territory on Quebec public land. Verify current regulations.", "source": "MRNF TRQ_WMS layer 8", "layer_role": "public_hunt_territory"}, "geometry": {"type": "Polygon", "coordinates": [[[-70.127, 48.0664], [-70.128, 48.0797], [-70.1581, 48.0749], [-70.1673, 48.0689], [-70.1728, 48.0444], [-70.1224, 48.0424], [-70.1135, 48.0535], [-70.1089, 48.0536], [-70.1087, 48.0594], [-70.1042, 48.0651], [-70.127, 48.0664]]]}}, {"type": "Feature", "properties": {"id": "qc-trq-8-105", "name": "Pourvoirie du Lac Croche inc.", "province": "QC", "park_type": "outfitter_exclusive", "designation": "outfitter exclusive", "hunting_allowed": true, "policy_id": "03-559", "summary": "Structured recreational / wildlife territory on Quebec public land. Verify current regulations.", "source": "MRNF TRQ_WMS layer 8", "layer_role": "public_hunt_territory"}, "geometry": {"type": "Polygon", "coordinates": [[[-70.1283, 48.0941], [-70.2149, 48.0941], [-70.2144, 48.0739], [-70.2269, 48.0504], [-70.2307, 48.0512], [-70.2282, 48.048], [-70.2335, 48.0493], [-70.2289, 48.0468], [-70.2396, 48.0275], [-70.2223, 48.0198], [-70.2121, 48.0113], [-70.1928, 48.0093], [-70.1897, 48.0283], [-70.1975, 48.0404], [-70.1892, 48.0448], [-70.1728, 48.0442], [-70.1673, 48.0689], [-70.1581, 48.0749], [-70.128, 48.0797], [-70.1283, 48.0941]]]}}, {"type": "Feature", "properties": {"id": "qc-trq-8-106", "name": "Pourvoirie Raoul Lavoie inc.", "province": "QC", "park_type": "outfitter_exclusive", "designation": "outfitter exclusive", "hunting_allowed": true, "policy_id": "03-653", "summary": "Structured recreational / wildlife territory on Quebec public land. Verify current regulations.", "source": "MRNF TRQ_WMS layer 8", "layer_role": "public_hunt_territory"}, "geometry": {"type": "Polygon", "coordinates": [[[-70.0449, 48.1156], [-70.0672, 48.163], [-70.163, 48.1373], [-70.1933, 48.0941], [-70.116, 48.0941], [-70.0449, 48.1156]]]}}, {"type": "Feature", "properties": {"id": "qc-trq-8-107", "name": "Pourvoirie Baie-Sainte-Catherine inc.", "province": "QC", "park_type": "outfitter_exclusive", "designation": "outfitter exclusive", "hunting_allowed": true, "policy_id": "03-536", "summary": "Structured recreational / wildlife territory on Quebec public land. Verify current regulations.", "source": "MRNF TRQ_WMS layer 8", "layer_role": "public_hunt_territory"}, "geometry": {"type": "Polygon", "coordinates": [[[-69.7879, 48.1097], [-69.8138, 48.1067], [-69.8201, 48.0988], [-69.797, 48.0875], [-69.7723, 48.1032], [-69.7734, 48.1058], [-69.7843, 48.1023], [-69.7879, 48.1097]]]}}, {"type": "Feature", "properties": {"id": "qc-trq-8-108", "name": "Pourvoirie Humanit\u00e9", "province": "QC", "park_type": "outfitter_exclusive", "designation": "outfitter exclusive", "hunting_allowed": true, "policy_id": "03-541", "summary": "Structured recreational / wildlife territory on Quebec public land. Verify current regulations.", "source": "MRNF TRQ_WMS layer 8", "layer_role": "public_hunt_territory"}, "geometry": {"type": "Polygon", "coordinates": [[[-69.8119, 48.123], [-69.8475, 48.1316], [-69.8551, 48.1009], [-69.8368, 48.0976], [-69.8277, 48.1069], [-69.817, 48.1018], [-69.8138, 48.1067], [-69.8038, 48.1068], [-69.8119, 48.123]]]}}, {"type": "Feature", "properties": {"id": "qc-trq-8-109", "name": "Pourvoirie des Grands Ducs", "province": "QC", "park_type": "outfitter_exclusive", "designation": "outfitter exclusive", "hunting_allowed": true, "policy_id": "09-549", "summary": "Structured recreational / wildlife territory on Quebec public land. Verify current regulations.", "source": "MRNF TRQ_WMS layer 8", "layer_role": "public_hunt_territory"}, "geometry": {"type": "Polygon", "coordinates": [[[-69.7999, 48.3449], [-69.8216, 48.3433], [-69.8541, 48.3306], [-69.8567, 48.3256], [-69.8448, 48.3174], [-69.8507, 48.3138], [-69.8462, 48.3069], [-69.8591, 48.3019], [-69.8192, 48.2913], [-69.8193, 48.2883], [-69.8157, 48.2904], [-69.8019, 48.2868], [-69.7982, 48.2897], [-69.7999, 48.3449]]]}}, {"type": "Feature", "properties": {"id": "qc-trq-8-110", "name": "Pourvoirie des Lacs \u00e0 Jimmy inc. - Pourvoiries Essipit", "province": "QC", "park_type": "outfitter_exclusive", "designation": "outfitter exclusive", "hunting_allowed": true, "policy_id": "09-539", "summary": "Structured recreational / wildlife territory on Quebec public land. Verify current regulations.", "source": "MRNF TRQ_WMS layer 8", "layer_role": "public_hunt_territory"}, "geometry": {"type": "Polygon", "coordinates": [[[-69.654, 48.1838], [-69.6335, 48.1704], [-69.6118, 48.1847], [-69.606, 48.1938], [-69.6224, 48.2053], [-69.6202, 48.2068], [-69.6481, 48.2387], [-69.6659, 48.2259], [-69.6706, 48.2181], [-69.6811, 48.2128], [-69.6814, 48.192], [-69.6609, 48.179], [-69.654, 48.1838]]]}}, {"type": "Feature", "properties": {"id": "qc-trq-8-111", "name": "Le Domaine Or\u00e9gnac inc.", "province": "QC", "park_type": "outfitter_exclusive", "designation": "outfitter exclusive", "hunting_allowed": true, "policy_id": "09-613", "summary": "Structured recreational / wildlife territory on Quebec public land. Verify current regulations.", "source": "MRNF TRQ_WMS layer 8", "layer_role": "public_hunt_territory"}, "geometry": {"type": "Polygon", "coordinates": [[[-69.8797, 49.1529], [-69.8887, 49.1474], [-69.8859, 49.1438], [-69.9048, 49.1361], [-69.9083, 49.1296], [-69.918, 49.1373], [-69.9214, 49.1323], [-69.928, 49.1365], [-69.951, 49.1247], [-69.9539, 49.1179], [-69.959, 49.1165], [-69.9599, 49.1116], [-69.9652, 49.1076], [-69.9686, 49.0891], [-69.9762, 49.08], [-69.9773, 49.0667], [-69.9642, 49.0563], [-69.9447, 49.0533], [-69.9409, 49.0554], [-69.9214, 49.0494], [-69.919, 49.046], [-69.9071, 49.0469], [-69.89, 49.0399], [-69.8685, 49.0398], [-69.8431, 49.0346], [-69.8251, 49.0355], [-69.8276, 49.0371], [-69.826, 49.0415], [-69.8293, 49.0433], [-69.8264, 49.0549], [-69.8366, 49.063], [-69.8244, 49.0783], [-69.8242, 49.1049], [-69.8333, 49.1083], [-69.8333, 49.1136], [-69.8404, 49.12], [-69.8414, 49.1273], [-69.8495, 49.1363], [-69.849, 49.1394], [-69.8698, 49.1448], [-69.8797, 49.1529]]]}}, {"type": "Feature", "properties": {"id": "qc-trq-8-112", "name": "Pourvoirie Poulin de Courval", "province": "QC", "park_type": "outfitter_exclusive", "designation": "outfitter exclusive", "hunting_allowed": true, "policy_id": "02-572", "summary": "Structured recreational / wildlife territory on Quebec public land. Verify current regulations.", "source": "MRNF TRQ_WMS layer 8", "layer_role": "public_hunt_territory"}, "geometry": {"type": "Polygon", "coordinates": [[[-70.426, 48.9201], [-70.5584, 48.8619], [-70.5622, 48.8368], [-70.5657, 48.8321], [-70.557, 48.8264], [-70.5611, 48.8194], [-70.5587, 48.8162], [-70.5383, 48.8074], [-70.5361, 48.8014], [-70.5354, 48.8065], [-70.521, 48.8031], [-70.5198, 48.798], [-70.5147, 48.8002], [-70.5033, 48.7982], [-70.4629, 48.8069], [-70.4171, 48.8354], [-70.3874, 48.8731], [-70.383, 48.8741], [-70.3847, 48.8765], [-70.3774, 48.8858], [-70.3916, 48.8907], [-70.4032, 48.8995], [-70.4028, 48.9041], [-70.426, 48.9201]]]}}, {"type": "Feature", "properties": {"id": "qc-trq-8-113", "name": "Pourvoirie Wapishish", "province": "QC", "park_type": "outfitter_exclusive", "designation": "outfitter exclusive", "hunting_allowed": true, "policy_id": "02-500", "summary": "Structured recreational / wildlife territory on Quebec public land. Verify current regulations.", "source": "MRNF TRQ_WMS layer 8", "layer_role": "public_hunt_territory"}, "geometry": {"type": "Polygon", "coordinates": [[[-70.4797, 48.9947], [-70.4854, 48.9986], [-70.5006, 48.9812], [-70.499, 48.9782], [-70.5057, 48.966], [-70.5178, 48.9503], [-70.5189, 48.9542], [-70.5328, 48.9497], [-70.5396, 48.9525], [-70.5622, 48.9361], [-70.5767, 48.9296], [-70.5883, 48.9284], [-70.5862, 48.9242], [-70.6061, 48.909], [-70.6246, 48.9042], [-70.635, 48.905], [-70.6452, 48.879], [-70.6491, 48.8802], [-70.6457, 48.8776], [-70.6479, 48.8721], [-70.629, 48.8688], [-70.6405, 48.8649], [-70.6513, 48.8571], [-70.651, 48.8539], [-70.658, 48.8536], [-70.6708, 48.8415], [-70.6733, 48.8352], [-70.6606, 48.8321], [-70.6575, 48.8186], [-70.6177, 48.8366], [-70.6092, 48.832], [-70.6114, 48.8347], [-70.6084, 48.8339], [-70.6061, 48.8396], [-70.6025, 48.8398], [-70.6086, 48.8406], [-70.562, 48.8613], [-70.5632, 48.8712], [-70.5537, 48.881], [-70.5559, 48.8898], [-70.5345, 48.9082], [-70.517, 48.9296], [-70.4964, 48.9364], [-70.4863, 48.9475], [-70.4583, 48.9645], [-70.4608, 48.9704], [-70.4583, 48.9794], [-70.4646, 48.9886], [-70.4713, 48.9948], [-70.4797, 48.9947]]]}}, {"type": "Feature", "properties": {"id": "qc-trq-8-114", "name": "Pourvoirie Itouk", "province": "QC", "park_type": "outfitter_exclusive", "designation": "outfitter exclusive", "hunting_allowed": true, "policy_id": "02-591", "summary": "Structured recreational / wildlife territory on Quebec public land. Verify current regulations.", "source": "MRNF TRQ_WMS layer 8", "layer_role": "public_hunt_territory"}, "geometry": {"type": "Polygon", "coordinates": [[[-70.5136, 49.1229], [-70.5314, 49.1227], [-70.5303, 49.0874], [-70.5559, 49.0922], [-70.5476, 49.0867], [-70.5546, 49.0797], [-70.5492, 49.0766], [-70.5434, 49.0589], [-70.5183, 49.0427], [-70.5093, 49.0137], [-70.4797, 48.9947], [-70.4527, 48.9951], [-70.4457, 48.9898], [-70.4363, 48.9977], [-70.421, 49.0494], [-70.4279, 49.0368], [-70.4322, 49.0384], [-70.4359, 49.0441], [-70.4413, 49.0459], [-70.4396, 49.0509], [-70.4508, 49.0719], [-70.4584, 49.0709], [-70.4809, 49.0829], [-70.4887, 49.0841], [-70.4883, 49.087], [-70.494, 49.0871], [-70.4995, 49.0943], [-70.499, 49.103], [-70.5033, 49.1048], [-70.5005, 49.1084], [-70.507, 49.112], [-70.5064, 49.1163], [-70.5136, 49.1229]]]}}, {"type": "Feature", "properties": {"id": "qc-trq-8-115", "name": "Pourvoirie Club Kergus", "province": "QC", "park_type": "outfitter_exclusive", "designation": "outfitter exclusive", "hunting_allowed": true, "policy_id": "09-514", "summary": "Structured recreational / wildlife territory on Quebec public land. Verify current regulations.", "source": "MRNF TRQ_WMS layer 8", "layer_role": "public_hunt_territory"}, "geometry": {"type": "Polygon", "coordinates": [[[-69.7152, 48.5922], [-69.7344, 48.6398], [-69.7571, 48.6397], [-69.773, 48.6332], [-69.7726, 48.6085], [-69.7783, 48.6085], [-69.7782, 48.6007], [-69.7811, 48.598], [-69.7816, 48.5842], [-69.7791, 48.5802], [-69.7601, 48.5731], [-69.7552, 48.5746], [-69.7571, 48.5784], [-69.729, 48.5751], [-69.7229, 48.5658], [-69.7257, 48.5622], [-69.6883, 48.564], [-69.6819, 48.5613], [-69.6606, 48.5662], [-69.661, 48.5988], [-69.7152, 48.5922]]]}}, {"type": "Feature", "properties": {"id": "qc-trq-8-116", "name": "Pourvoirie Chez Pelchat", "province": "QC", "park_type": "outfitter_exclusive", "designation": "outfitter exclusive", "hunting_allowed": true, "policy_id": "09-551", "summary": "Structured recreational / wildlife territory on Quebec public land. Verify current regulations.", "source": "MRNF TRQ_WMS layer 8", "layer_role": "public_hunt_territory"}, "geometry": {"type": "Polygon", "coordinates": [[[-69.7266, 48.5125], [-69.7405, 48.5117], [-69.7458, 48.5076], [-69.7606, 48.4848], [-69.7523, 48.4781], [-69.7262, 48.4804], [-69.7206, 48.4932], [-69.7266, 48.5125]]]}}, {"type": "Feature", "properties": {"id": "qc-trq-8-117", "name": "Le Domaine du Shamrock", "province": "QC", "park_type": "outfitter_exclusive", "designation": "outfitter exclusive", "hunting_allowed": true, "policy_id": "09-561", "summary": "Structured recreational / wildlife territory on Quebec public land. Verify current regulations.", "source": "MRNF TRQ_WMS layer 8", "layer_role": "public_hunt_territory"}, "geometry": {"type": "Polygon", "coordinates": [[[-69.4417, 48.4892], [-69.5648, 48.5096], [-69.6316, 48.4672], [-69.6097, 48.4558], [-69.6061, 48.4488], [-69.5584, 48.4317], [-69.4414, 48.4577], [-69.4417, 48.4892]]]}}, {"type": "Feature", "properties": {"id": "qc-trq-8-118", "name": "Domaine Sportif du Lac Loup inc. - Pourvoiries Essipit", "province": "QC", "park_type": "outfitter_exclusive", "designation": "outfitter exclusive", "hunting_allowed": true, "policy_id": "09-501", "summary": "Structured recreational / wildlife territory on Quebec public land. Verify current regulations.", "source": "MRNF TRQ_WMS layer 8", "layer_role": "public_hunt_territory"}, "geometry": {"type": "Polygon", "coordinates": [[[-69.8323, 48.7105], [-69.9007, 48.7108], [-69.9007, 48.6936], [-69.9158, 48.6928], [-69.9207, 48.6897], [-69.9226, 48.68], [-69.9176, 48.6781], [-69.9297, 48.6778], [-69.9337, 48.6741], [-69.9564, 48.6741], [-69.9561, 48.6585], [-69.9404, 48.6495], [-69.9361, 48.6435], [-69.874, 48.644], [-69.8739, 48.6352], [-69.8336, 48.6355], [-69.8323, 48.7105]]]}}, {"type": "Feature", "properties": {"id": "qc-trq-8-119", "name": "Domaine du Lac des Coeurs inc. - Pourvoiries Essipit", "province": "QC", "park_type": "outfitter_exclusive", "designation": "outfitter exclusive", "hunting_allowed": true, "policy_id": "09-537", "summary": "Structured recreational / wildlife territory on Quebec public land. Verify current regulations.", "source": "MRNF TRQ_WMS layer 8", "layer_role": "public_hunt_territory"}, "geometry": {"type": "Polygon", "coordinates": [[[-69.9009, 48.7992], [-69.9827, 48.8194], [-70.009, 48.8568], [-70.0963, 48.8922], [-70.1077, 48.8792], [-70.0269, 48.8463], [-70.009, 48.8214], [-70.0091, 48.7603], [-70.0169, 48.7636], [-70.0091, 48.7571], [-70.0091, 48.7301], [-70.032, 48.7302], [-70.0315, 48.7095], [-70.0187, 48.6959], [-70.0185, 48.6865], [-70.0092, 48.6848], [-70.0063, 48.6786], [-69.994, 48.6793], [-69.9838, 48.6741], [-69.9337, 48.6741], [-69.9297, 48.6778], [-69.9176, 48.6781], [-69.9222, 48.6789], [-69.9221, 48.688], [-69.9159, 48.6927], [-69.9007, 48.6936], [-69.9007, 48.7108], [-69.8323, 48.7105], [-69.76, 48.7604], [-69.8239, 48.7748], [-69.9008, 48.7515], [-69.9009, 48.7992]]]}}, {"type": "Feature", "properties": {"id": "qc-trq-8-120", "name": "Seigneurie de la Rivi\u00e8re Olaf", "province": "QC", "park_type": "outfitter_exclusive", "designation": "outfitter exclusive", "hunting_allowed": true, "policy_id": "02-613", "summary": "Structured recreational / wildlife territory on Quebec public land. Verify current regulations.", "source": "MRNF TRQ_WMS layer 8", "layer_role": "public_hunt_territory"}, "geometry": {"type": "Polygon", "coordinates": [[[-70.2304, 48.6645], [-70.2465, 48.6621], [-70.2872, 48.6631], [-70.2872, 48.6595], [-70.2975, 48.6604], [-70.301, 48.653], [-70.316, 48.6534], [-70.3228, 48.6249], [-70.311, 48.626], [-70.3071, 48.6201], [-70.2928, 48.6146], [-70.285, 48.6189], [-70.2772, 48.6062], [-70.2797, 48.6007], [-70.2852, 48.6049], [-70.2965, 48.5993], [-70.3184, 48.5993], [-70.3233, 48.5874], [-70.3167, 48.5777], [-70.3061, 48.571], [-70.3011, 48.5822], [-70.3033, 48.588], [-70.285, 48.5908], [-70.277, 48.5975], [-70.274, 48.5892], [-70.2784, 48.5747], [-70.2763, 48.5669], [-70.2694, 48.5616], [-70.2653, 48.565], [-70.2634, 48.5622], [-70.2661, 48.5582], [-70.2554, 48.5473], [-70.2457, 48.5468], [-70.2396, 48.556], [-70.2347, 48.5551], [-70.2299, 48.5601], [-70.2208, 48.5573], [-70.2073, 48.5624], [-70.193, 48.5623], [-70.1896, 48.5677], [-70.16, 48.5817], [-70.1492, 48.5901], [-70.1465, 48.5938], [-70.1683, 48.5961], [-70.1686, 48.6079], [-70.1802, 48.6173], [-70.1872, 48.6192], [-70.1886, 48.6269], [-70.2072, 48.6373], [-70.2183, 48.6599], [-70.2304, 48.6645]]]}}, {"type": "Feature", "properties": {"id": "qc-trq-8-121", "name": "Club Oswego (1987) inc.", "province": "QC", "park_type": "outfitter_exclusive", "designation": "outfitter exclusive", "hunting_allowed": true, "policy_id": "04-566", "summary": "Structured recreational / wildlife territory on Quebec public land. Verify current regulations.", "source": "MRNF TRQ_WMS layer 8", "layer_role": "public_hunt_territory"}, "geometry": {"type": "Polygon", "coordinates": [[[-72.5364, 47.6833], [-72.5696, 47.6757], [-72.571, 47.6697], [-72.5801, 47.6665], [-72.5742, 47.6617], [-72.5903, 47.6573], [-72.5924, 47.6476], [-72.6072, 47.6412], [-72.6061, 47.6371], [-72.5498, 47.5998], [-72.5541, 47.5935], [-72.5453, 47.5817], [-72.5281, 47.5813], [-72.4563, 47.6076], [-72.4567, 47.6553], [-72.4838, 47.6802], [-72.4947, 47.6813], [-72.497, 47.6771], [-72.5087, 47.6821], [-72.5364, 47.6833]]]}}, {"type": "Feature", "properties": {"id": "qc-trq-8-122", "name": "Pourvoirie le Rochu inc.", "province": "QC", "park_type": "outfitter_exclusive", "designation": "outfitter exclusive", "hunting_allowed": true, "policy_id": "04-501", "summary": "Structured recreational / wildlife territory on Quebec public land. Verify current regulations.", "source": "MRNF TRQ_WMS layer 8", "layer_role": "public_hunt_territory"}, "geometry": {"type": "Polygon", "coordinates": [[[-72.4843, 47.7995], [-72.5678, 47.7999], [-72.5687, 47.781], [-72.5633, 47.7809], [-72.5648, 47.7499], [-72.5852, 47.7116], [-72.5702, 47.705], [-72.5759, 47.6979], [-72.5464, 47.6865], [-72.5326, 47.6917], [-72.5316, 47.6964], [-72.5259, 47.6956], [-72.5253, 47.6992], [-72.5199, 47.6979], [-72.5028, 47.7055], [-72.4889, 47.7348], [-72.4923, 47.7493], [-72.4875, 47.7546], [-72.4818, 47.7736], [-72.4843, 47.7995]]]}}, {"type": "Feature", "properties": {"id": "qc-trq-8-123", "name": "Pourvoirie Domaine Touristique La Tuque inc.", "province": "QC", "park_type": "outfitter_exclusive", "designation": "outfitter exclusive", "hunting_allowed": true, "policy_id": "04-578", "summary": "Structured recreational / wildlife territory on Quebec public land. Verify current regulations.", "source": "MRNF TRQ_WMS layer 8", "layer_role": "public_hunt_territory"}, "geometry": {"type": "Polygon", "coordinates": [[[-72.6628, 47.8406], [-72.7083, 47.8406], [-72.708, 47.8378], [-72.7134, 47.8402], [-72.7086, 47.8361], [-72.7188, 47.8345], [-72.7217, 47.8309], [-72.7136, 47.8293], [-72.723, 47.8275], [-72.728, 47.8194], [-72.7261, 47.8162], [-72.7168, 47.818], [-72.7168, 47.8139], [-72.7253, 47.8137], [-72.719, 47.81], [-72.7206, 47.8086], [-72.729, 47.8102], [-72.7265, 47.8014], [-72.7229, 47.8003], [-72.7278, 47.7976], [-72.7218, 47.7963], [-72.7219, 47.7926], [-72.7302, 47.7932], [-72.7297, 47.789], [-72.735, 47.7837], [-72.7245, 47.7846], [-72.733, 47.7769], [-72.7273, 47.7732], [-72.7349, 47.7678], [-72.7305, 47.7642], [-72.7366, 47.7605], [-72.7387, 47.7516], [-72.7339, 47.7384], [-72.7356, 47.7255], [-72.7224, 47.7162], [-72.7224, 47.7097], [-72.7277, 47.7079], [-72.7224, 47.7052], [-72.7226, 47.6405], [-72.7126, 47.6449], [-72.6943, 47.6425], [-72.687, 47.6449], [-72.6346, 47.6443], [-72.6339, 47.7113], [-72.651, 47.7171], [-72.6628, 47.8406]]]}}, {"type": "Feature", "properties": {"id": "qc-trq-8-124", "name": "Pourvoirie Kennedy", "province": "QC", "park_type": "outfitter_exclusive", "designation": "outfitter exclusive", "hunting_allowed": true, "policy_id": "04-546", "summary": "Structured recreational / wildlife territory on Quebec public land. Verify current regulations.", "source": "MRNF TRQ_WMS layer 8", "layer_role": "public_hunt_territory"}, "geometry": {"type": "MultiPolygon", "coordinates": [[[[-72.3897, 47.3453], [-72.3837, 47.3545], [-72.374, 47.3511], [-72.3783, 47.3449], [-72.3645, 47.3154], [-72.3669, 47.3142], [-72.3634, 47.3107], [-72.3636, 47.2934], [-72.4137, 47.2926], [-72.4151, 47.3469], [-72.4626, 47.3714], [-72.4623, 47.3873], [-72.466, 47.3848], [-72.474, 47.3911], [-72.4521, 47.405], [-72.4245, 47.3869], [-72.4451, 47.3869], [-72.4448, 47.378], [-72.4406, 47.3768], [-72.4375, 47.3679], [-72.4297, 47.3617], [-72.4126, 47.36], [-72.3963, 47.3524], [-72.3991, 47.3488], [-72.388799543379, 47.355911415525114], [-72.3933, 47.349], [-72.3897, 47.3453]]], [[[-72.388799543379, 47.355911415525114], [-72.38849269406393, 47.356382648401826], [-72.3885, 47.3562], [-72.388799543379, 47.355911415525114]]], [[[-72.3779, 47.3625], [-72.382, 47.3571], [-72.38849269406393, 47.356382648401826], [-72.3882, 47.3637], [-72.3933, 47.3696], [-72.3779, 47.3625]]]]}}, {"type": "Feature", "properties": {"id": "qc-trq-8-125", "name": "Pourvoirie Waban-Aki 2008 inc.", "province": "QC", "park_type": "outfitter_exclusive", "designation": "outfitter exclusive", "hunting_allowed": true, "policy_id": "04-563", "summary": "Structured recreational / wildlife territory on Quebec public land. Verify current regulations.", "source": "MRNF TRQ_WMS layer 8", "layer_role": "public_hunt_territory"}, "geometry": {"type": "Polygon", "coordinates": [[[-73.2084, 47.3216], [-73.3077, 47.3519], [-73.3302, 47.3181], [-73.2536, 47.2815], [-73.2541, 47.2396], [-73.1994, 47.2345], [-73.1855, 47.2362], [-73.1711, 47.2254], [-73.1555, 47.2227], [-73.1409, 47.2315], [-73.1293, 47.2338], [-73.1139, 47.2285], [-73.1336, 47.2452], [-73.1101, 47.2563], [-73.1086, 47.2623], [-73.1136, 47.269], [-73.1352, 47.2779], [-73.2084, 47.3216]]]}}, {"type": "Feature", "properties": {"id": "qc-trq-8-126", "name": "Pourvoirie du Lac Marie", "province": "QC", "park_type": "outfitter_exclusive", "designation": "outfitter exclusive", "hunting_allowed": true, "policy_id": "15-859", "summary": "Structured recreational / wildlife territory on Quebec public land. Verify current regulations.", "source": "MRNF TRQ_WMS layer 8", "layer_role": "public_hunt_territory"}, "geometry": {"type": "Polygon", "coordinates": [[[-75.3963, 47.8111], [-75.4257, 47.811], [-75.4797, 47.7275], [-75.4045, 47.6567], [-75.4042, 47.6266], [-75.3703, 47.6267], [-75.3661, 47.6186], [-75.3569, 47.6143], [-75.3564, 47.611], [-75.2964, 47.6202], [-75.2562, 47.7048], [-75.2896, 47.725], [-75.2898, 47.752], [-75.2232, 47.7805], [-75.2373, 47.7922], [-75.274, 47.7858], [-75.2908, 47.8168], [-75.3962, 47.8012], [-75.3963, 47.8111]]]}}, {"type": "Feature", "properties": {"id": "qc-trq-8-127", "name": "Pourvoirie le Chasseur inc.", "province": "QC", "park_type": "outfitter_exclusive", "designation": "outfitter exclusive", "hunting_allowed": true, "policy_id": "01-519", "summary": "Structured recreational / wildlife territory on Quebec public land. Verify current regulations.", "source": "MRNF TRQ_WMS layer 8", "layer_role": "public_hunt_territory"}, "geometry": {"type": "Polygon", "coordinates": [[[-68.0293, 48.1562], [-68.0263, 48.1397], [-68.0184, 48.1306], [-68.0221, 48.125], [-68.0189, 48.1209], [-68.0181, 48.1103], [-68.0121, 48.103], [-68.0056, 48.1046], [-68.0042, 48.0946], [-67.9867, 48.0839], [-67.986, 48.0816], [-67.9944, 48.0776], [-67.9945, 48.0733], [-67.9833, 48.0601], [-67.9805, 48.0469], [-67.9845, 48.0482], [-67.985, 48.0518], [-68.0023, 48.0554], [-68.0098, 48.0608], [-68.0239, 48.0599], [-68.0369, 48.0689], [-68.0471, 48.0686], [-68.0518, 48.0716], [-68.0738, 48.0714], [-68.0736, 48.0678], [-68.0802, 48.0624], [-68.0759, 48.0565], [-68.0598, 48.0501], [-68.0579, 48.0451], [-68.0389, 48.0407], [-68.0369, 48.0354], [-68.0294, 48.039], [-68.0233, 48.0382], [-68.019, 48.0345], [-68.0071, 48.035], [-67.9858, 48.0253], [-67.978, 48.0252], [-67.9763, 48.02], [-67.9666, 48.0184], [-67.9581, 48.0083], [-67.9636, 48.0041], [-67.9631, 48.0001], [-67.7898, 48.0001], [-67.8137, 48.0176], [-67.8177, 48.0271], [-67.8104, 48.0393], [-67.8293, 48.053], [-67.7921, 48.0887], [-67.812, 48.107], [-67.8285, 48.1067], [-67.8353, 48.0991], [-67.8505, 48.0954], [-67.8598, 48.0997], [-67.8591, 48.1027], [-67.8897, 48.1032], [-67.8917, 48.1067], [-67.9033, 48.1069], [-67.9077, 48.1105], [-67.9231, 48.1092], [-67.9431, 48.1229], [-67.9586, 48.123], [-67.9868, 48.1413], [-68.0007, 48.1552], [-68.0293, 48.1562]]]}}, {"type": "Feature", "properties": {"id": "qc-trq-8-128", "name": "Pourvoirie Qu\u00e9bec Nature inc.", "province": "QC", "park_type": "outfitter_exclusive", "designation": "outfitter exclusive", "hunting_allowed": true, "policy_id": "02-602", "summary": "Structured recreational / wildlife territory on Quebec public land. Verify current regulations.", "source": "MRNF TRQ_WMS layer 8", "layer_role": "public_hunt_territory"}, "geometry": {"type": "Polygon", "coordinates": [[[-70.3834, 49.2293], [-70.3894, 49.2264], [-70.3869, 49.2209], [-70.3942, 49.2218], [-70.3935, 49.2154], [-70.3992, 49.2129], [-70.3819, 49.2131], [-70.3745, 49.204], [-70.3908, 49.2038], [-70.3934, 49.1872], [-70.3872, 49.1821], [-70.4085, 49.1776], [-70.3961, 49.1728], [-70.3734, 49.171], [-70.3785, 49.1684], [-70.3722, 49.1558], [-70.3741, 49.1477], [-70.3719, 49.1454], [-70.4015, 49.1371], [-70.3999, 49.1327], [-70.3884, 49.1245], [-70.3966, 49.1174], [-70.3645, 49.1178], [-70.3559, 49.105], [-70.3507, 49.1064], [-70.3479, 49.1128], [-70.3363, 49.118], [-70.3323, 49.1105], [-70.3265, 49.1095], [-70.3259, 49.1052], [-70.3194, 49.1016], [-70.2923, 49.1016], [-70.2927, 49.0933], [-70.2884, 49.0872], [-70.2799, 49.0887], [-70.2717, 49.083], [-70.2602, 49.0839], [-70.259, 49.0791], [-70.2461, 49.0741], [-70.2086, 49.0827], [-70.203, 49.1108], [-70.2459, 49.0939], [-70.265, 49.0895], [-70.2821, 49.0993], [-70.2868, 49.1087], [-70.2876, 49.1271], [-70.2959, 49.1364], [-70.2975, 49.1498], [-70.3074, 49.1563], [-70.3083, 49.1691], [-70.3165, 49.1721], [-70.3324, 49.1906], [-70.3263, 49.1925], [-70.3172, 49.2135], [-70.3215, 49.2238], [-70.3267, 49.2242], [-70.3382, 49.2126], [-70.3599, 49.2213], [-70.3675, 49.2191], [-70.3834, 49.2293]]]}}, {"type": "Feature", "properties": {"id": "qc-trq-8-129", "name": "Pourvoirie Homano", "province": "QC", "park_type": "outfitter_exclusive", "designation": "outfitter exclusive", "hunting_allowed": true, "policy_id": "02-554", "summary": "Structured recreational / wildlife territory on Quebec public land. Verify current regulations.", "source": "MRNF TRQ_WMS layer 8", "layer_role": "public_hunt_territory"}, "geometry": {"type": "Polygon", "coordinates": [[[-70.3923, 49.2377], [-70.4879, 49.2334], [-70.529, 49.1955], [-70.5292, 49.1473], [-70.5334, 49.1424], [-70.5314, 49.1227], [-70.4113, 49.1242], [-70.397, 49.1174], [-70.3894, 49.1216], [-70.3884, 49.1245], [-70.4019, 49.1365], [-70.3721, 49.145], [-70.3722, 49.1558], [-70.3785, 49.1684], [-70.3729, 49.1704], [-70.3961, 49.1728], [-70.4085, 49.1776], [-70.3872, 49.1821], [-70.3934, 49.1872], [-70.3908, 49.2038], [-70.3745, 49.204], [-70.3813, 49.2128], [-70.3978, 49.212], [-70.3985, 49.215], [-70.3935, 49.2154], [-70.3937, 49.222], [-70.3869, 49.2209], [-70.3894, 49.2264], [-70.3836, 49.2293], [-70.3675, 49.2191], [-70.3599, 49.2213], [-70.3382, 49.2126], [-70.3267, 49.2242], [-70.3628, 49.2274], [-70.37, 49.2326], [-70.3923, 49.2377]]]}}, {"type": "Feature", "properties": {"id": "qc-trq-8-130", "name": "Pourvoirie La Jeannoise inc.", "province": "QC", "park_type": "outfitter_exclusive", "designation": "outfitter exclusive", "hunting_allowed": true, "policy_id": "02-588", "summary": "Structured recreational / wildlife territory on Quebec public land. Verify current regulations.", "source": "MRNF TRQ_WMS layer 8", "layer_role": "public_hunt_territory"}, "geometry": {"type": "Polygon", "coordinates": [[[-71.6361, 49.694], [-71.6545, 49.6878], [-71.6557, 49.6798], [-71.7006, 49.6889], [-71.7354, 49.6681], [-71.7342, 49.5902], [-71.7238, 49.5863], [-71.6024, 49.5926], [-71.6098, 49.6019], [-71.6233, 49.6073], [-71.6273, 49.6144], [-71.6261, 49.6236], [-71.6195, 49.6306], [-71.6243, 49.6441], [-71.6202, 49.6497], [-71.6213, 49.6533], [-71.6078, 49.6702], [-71.6207, 49.6728], [-71.6227, 49.6841], [-71.6291, 49.6934], [-71.6361, 49.694]]]}}, {"type": "Feature", "properties": {"id": "qc-trq-8-131", "name": "Club de chasse et p\u00eache Tadoussac", "province": "QC", "park_type": "outfitter_exclusive", "designation": "outfitter exclusive", "hunting_allowed": true, "policy_id": "09-563", "summary": "Structured recreational / wildlife territory on Quebec public land. Verify current regulations.", "source": "MRNF TRQ_WMS layer 8", "layer_role": "public_hunt_territory"}, "geometry": {"type": "Polygon", "coordinates": [[[-69.6614, 48.2786], [-69.6916, 48.2784], [-69.7317, 48.2515], [-69.7131, 48.2387], [-69.7165, 48.2334], [-69.7056, 48.2243], [-69.7052, 48.2171], [-69.6927, 48.2224], [-69.6921, 48.214], [-69.6812, 48.206], [-69.6811, 48.213], [-69.6706, 48.2184], [-69.6646, 48.2269], [-69.6646, 48.2514], [-69.6556, 48.2514], [-69.6673, 48.2599], [-69.6551, 48.2673], [-69.6627, 48.273], [-69.6614, 48.2786]], [[-69.6838, 48.2162], [-69.6826, 48.2144], [-69.6839, 48.2124], [-69.6838, 48.2162]], [[-69.6828, 48.2135], [-69.6825, 48.2127], [-69.6829, 48.2127], [-69.6828, 48.2135]]]}}, {"type": "Feature", "properties": {"id": "qc-trq-8-132", "name": "Club Paradis Sauvage inc.", "province": "QC", "park_type": "outfitter_exclusive", "designation": "outfitter exclusive", "hunting_allowed": true, "policy_id": "09-548", "summary": "Structured recreational / wildlife territory on Quebec public land. Verify current regulations.", "source": "MRNF TRQ_WMS layer 8", "layer_role": "public_hunt_territory"}, "geometry": {"type": "Polygon", "coordinates": [[[-69.5079, 48.7401], [-69.5261, 48.7358], [-69.5328, 48.7196], [-69.5446, 48.7137], [-69.5472, 48.6998], [-69.5363, 48.6955], [-69.5172, 48.6954], [-69.5093, 48.6878], [-69.5092, 48.6783], [-69.4478, 48.6786], [-69.4481, 48.72], [-69.4935, 48.7315], [-69.4903, 48.7362], [-69.5079, 48.7401]]]}}, {"type": "Feature", "properties": {"id": "qc-trq-8-133", "name": "Club du Lac des Perches inc.", "province": "QC", "park_type": "outfitter_exclusive", "designation": "outfitter exclusive", "hunting_allowed": true, "policy_id": "09-587", "summary": "Structured recreational / wildlife territory on Quebec public land. Verify current regulations.", "source": "MRNF TRQ_WMS layer 8", "layer_role": "public_hunt_territory"}, "geometry": {"type": "Polygon", "coordinates": [[[-69.6519, 48.6878], [-69.7423, 48.688], [-69.742, 48.6713], [-69.7573, 48.6561], [-69.7571, 48.6397], [-69.7344, 48.6398], [-69.7331, 48.6366], [-69.6565, 48.6371], [-69.6044, 48.6547], [-69.6242, 48.662], [-69.6224, 48.6787], [-69.6519, 48.6878]]]}}, {"type": "Feature", "properties": {"id": "qc-trq-8-134", "name": "Pourvoirie Club Hosanna inc.", "province": "QC", "park_type": "outfitter_exclusive", "designation": "outfitter exclusive", "hunting_allowed": true, "policy_id": "04-518", "summary": "Structured recreational / wildlife territory on Quebec public land. Verify current regulations.", "source": "MRNF TRQ_WMS layer 8", "layer_role": "public_hunt_territory"}, "geometry": {"type": "Polygon", "coordinates": [[[-72.8488, 46.9627], [-72.8495, 46.9565], [-72.8582, 46.9505], [-72.8546, 46.945], [-72.8618, 46.9403], [-72.8461, 46.9369], [-72.854, 46.9181], [-72.874, 46.9173], [-72.879, 46.913], [-72.9033, 46.9062], [-72.866, 46.8862], [-72.8661, 46.8728], [-72.8072, 46.8837], [-72.8067, 46.8981], [-72.8146, 46.8983], [-72.8152, 46.9039], [-72.8077, 46.9099], [-72.812, 46.912], [-72.8189, 46.9094], [-72.8199, 46.9126], [-72.8176, 46.9155], [-72.8189, 46.9231], [-72.8069, 46.9271], [-72.8228, 46.9381], [-72.8143, 46.9418], [-72.8132, 46.9474], [-72.8336, 46.9523], [-72.8329, 46.958], [-72.8488, 46.9627]]]}}, {"type": "Feature", "properties": {"id": "qc-trq-8-135", "name": "Pourvoirie Scott", "province": "QC", "park_type": "outfitter_exclusive", "designation": "outfitter exclusive", "hunting_allowed": true, "policy_id": "15-868", "summary": "Structured recreational / wildlife territory on Quebec public land. Verify current regulations.", "source": "MRNF TRQ_WMS layer 8", "layer_role": "public_hunt_territory"}, "geometry": {"type": "Polygon", "coordinates": [[[-75.0095, 47.3027], [-75.0512, 47.3027], [-75.0584, 47.2872], [-75.0628, 47.2871], [-75.0726, 47.2725], [-75.0905, 47.2636], [-75.092, 47.2577], [-75.099, 47.2499], [-75.1018, 47.2505], [-75.1032, 47.245], [-75.1571, 47.222], [-75.117, 47.1577], [-75.1256, 47.1375], [-75.0945, 47.1398], [-75.0809, 47.1558], [-75.0234, 47.1558], [-75.023, 47.1668], [-75.0095, 47.1668], [-75.0095, 47.3027]]]}}, {"type": "Feature", "properties": {"id": "qc-trq-8-136", "name": "Pourvoirie Monet 2003", "province": "QC", "park_type": "outfitter_exclusive", "designation": "outfitter exclusive", "hunting_allowed": true, "policy_id": "08-717", "summary": "Structured recreational / wildlife territory on Quebec public land. Verify current regulations.", "source": "MRNF TRQ_WMS layer 8", "layer_role": "public_hunt_territory"}, "geometry": {"type": "MultiPolygon", "coordinates": [[[[-75.6585, 48.1231], [-75.6635, 48.1207], [-75.6666, 48.113], [-75.6762, 48.1145], [-75.6713, 48.1192], [-75.6634, 48.1208], [-75.668, 48.1258], [-75.66252624920935, 48.12552631246047], [-75.6642, 48.1223], [-75.6585, 48.1231]]], [[[-75.662, 48.1255], [-75.66252624920935, 48.12552631246047], [-75.66177585452097, 48.12585723185721], [-75.662, 48.1255]]], [[[-75.6647, 48.1415], [-75.6576, 48.1425], [-75.66, 48.1369], [-75.6537, 48.1381], [-75.6568, 48.1363], [-75.6538, 48.1336], [-75.6485, 48.1368], [-75.6507, 48.1388], [-75.6459, 48.1435], [-75.6369, 48.1444], [-75.6333, 48.152], [-75.6366, 48.1544], [-75.6318, 48.1562], [-75.636, 48.16], [-75.6298, 48.1603], [-75.6443, 48.1669], [-75.6288, 48.1632], [-75.6331, 48.1492], [-75.637, 48.1442], [-75.6448, 48.1416], [-75.6483, 48.1318], [-75.66177585452097, 48.12585723185721], [-75.6588, 48.1306], [-75.6524, 48.1315], [-75.6624, 48.1337], [-75.6647, 48.1415]]], [[[-75.6287, 48.1638], [-75.6419, 48.1687], [-75.6336, 48.1675], [-75.639, 48.1752], [-75.6327, 48.1797], [-75.6276, 48.1771], [-75.62313245080502, 48.17890143112701], [-75.6327, 48.1726], [-75.6287, 48.1638]]], [[[-75.6214, 48.1796], [-75.62313245080502, 48.17890143112701], [-75.62192736334406, 48.180855627009656], [-75.6214, 48.1796]]], [[[-75.6589, 48.2517], [-75.6746, 48.2525], [-75.6754, 48.247], [-75.6801, 48.2472], [-75.6807, 48.2438], [-75.6862, 48.245], [-75.6906, 48.2504], [-75.6868, 48.2526], [-75.6902, 48.2572], [-75.6892, 48.2618], [-75.684, 48.2623], [-75.6877, 48.2694], [-75.6781, 48.2741], [-75.679, 48.2768], [-75.6743, 48.2816], [-75.6692, 48.2787], [-75.6714, 48.2777], [-75.6647, 48.2777], [-75.6586, 48.2873], [-75.6552, 48.2876], [-75.6558, 48.2911], [-75.6471, 48.301], [-75.647, 48.309], [-75.6509, 48.3112], [-75.6437, 48.3158], [-75.6435, 48.3198], [-75.6349, 48.3218], [-75.6346, 48.319], [-75.602, 48.3085], [-75.5914, 48.3134], [-75.5623, 48.3155], [-75.5584, 48.3242], [-75.5468, 48.3306], [-75.5219, 48.3242], [-75.5226, 48.3212], [-75.5193, 48.3192], [-75.5255, 48.3142], [-75.5399, 48.315], [-75.5627, 48.3065], [-75.5605, 48.3046], [-75.5631, 48.2963], [-75.5603, 48.2948], [-75.5639, 48.2822], [-75.5502, 48.2706], [-75.5256, 48.2658], [-75.5198, 48.2552], [-75.5232, 48.2417], [-75.5189, 48.2387], [-75.5239, 48.2343], [-75.5302, 48.2172], [-75.5251, 48.2174], [-75.5125, 48.2104], [-75.5164, 48.2087], [-75.5153, 48.2041], [-75.525, 48.2002], [-75.5142, 48.194], [-75.527, 48.1865], [-75.5332, 48.1738], [-75.5374, 48.175], [-75.5397, 48.1691], [-75.5428, 48.1703], [-75.5623, 48.1459], [-75.5617, 48.1868], [-75.5871, 48.1941], [-75.586, 48.1919], [-75.5907, 48.1918], [-75.5897, 48.1949], [-75.6069, 48.1998], [-75.6127, 48.19], [-75.6057, 48.1885], [-75.5988, 48.1784], [-75.5867, 48.18], [-75.5926, 48.1758], [-75.603, 48.1769], [-75.6037, 48.1831], [-75.6114, 48.1819], [-75.6164, 48.1841], [-75.6141, 48.1872], [-75.6182, 48.1869], [-75.62192736334406, 48.180855627009656], [-75.6235, 48.1846], [-75.6191, 48.1866], [-75.6258, 48.1917], [-75.6207, 48.194], [-75.6184, 48.2005], [-75.6219, 48.2042], [-75.6843, 48.2222], [-75.6789, 48.2263], [-75.6759439688716, 48.22521750972763], [-75.6751, 48.23], [-75.6721, 48.2262], [-75.6593, 48.2234], [-75.6589, 48.2517]], [[-75.676, 48.2249], [-75.6718, 48.2237], [-75.6759439688716, 48.22521750972763], [-75.676, 48.2249]]]]}}, {"type": "Feature", "properties": {"id": "qc-trq-8-137", "name": "Pourvoirie Fer \u00e0 Cheval 2010", "province": "QC", "park_type": "outfitter_exclusive", "designation": "outfitter exclusive", "hunting_allowed": true, "policy_id": "15-910", "summary": "Structured recreational / wildlife territory on Quebec public land. Verify current regulations.", "source": "MRNF TRQ_WMS layer 8", "layer_role": "public_hunt_territory"}, "geometry": {"type": "Polygon", "coordinates": [[[-75.1824, 47.599], [-75.2269, 47.576], [-75.2617, 47.5498], [-75.2773, 47.5331], [-75.2625, 47.5259], [-75.2648, 47.5248], [-75.228, 47.5011], [-75.2121, 47.5011], [-75.123, 47.4711], [-75.1501, 47.4553], [-75.1492, 47.4463], [-75.1471, 47.4493], [-75.0799, 47.4491], [-75.0799, 47.4526], [-75.0694, 47.4567], [-75.0647, 47.4671], [-74.9711, 47.4671], [-74.9711, 47.4787], [-75.0414, 47.526], [-75.0048, 47.5536], [-75.0158, 47.5573], [-75.0808, 47.6016], [-75.0958, 47.5912], [-75.103, 47.6004], [-75.118, 47.5963], [-75.1357, 47.6012], [-75.1408, 47.5987], [-75.1824, 47.599]]]}}, {"type": "Feature", "properties": {"id": "qc-trq-8-138", "name": "Pourvoirie Domaine des Patriotes", "province": "QC", "park_type": "outfitter_exclusive", "designation": "outfitter exclusive", "hunting_allowed": true, "policy_id": "15-861", "summary": "Structured recreational / wildlife territory on Quebec public land. Verify current regulations.", "source": "MRNF TRQ_WMS layer 8", "layer_role": "public_hunt_territory"}, "geometry": {"type": "Polygon", "coordinates": [[[-75.1232, 47.471], [-75.2121, 47.5011], [-75.228, 47.5011], [-75.214, 47.4908], [-75.2563, 47.461], [-75.2184, 47.435], [-75.1999, 47.4409], [-75.1958, 47.4204], [-75.2168, 47.354], [-75.1967, 47.3664], [-75.1931, 47.3601], [-75.1876, 47.3602], [-75.1832, 47.3696], [-75.1869, 47.3725], [-75.1322, 47.4063], [-75.1474, 47.4479], [-75.1502, 47.4474], [-75.1503, 47.4551], [-75.1232, 47.471]]]}}, {"type": "Feature", "properties": {"id": "qc-trq-8-139", "name": "Pourvoirie Rudy 2015", "province": "QC", "park_type": "outfitter_exclusive", "designation": "outfitter exclusive", "hunting_allowed": true, "policy_id": "15-860", "summary": "Structured recreational / wildlife territory on Quebec public land. Verify current regulations.", "source": "MRNF TRQ_WMS layer 8", "layer_role": "public_hunt_territory"}, "geometry": {"type": "Polygon", "coordinates": [[[-75.0713, 47.7946], [-75.088, 47.7907], [-75.0948, 47.7773], [-75.1094, 47.7758], [-75.124, 47.7676], [-75.1325, 47.769], [-75.1371, 47.7664], [-75.1515, 47.772], [-75.1673, 47.7663], [-75.1932, 47.7638], [-75.2003, 47.7611], [-75.2104, 47.7499], [-75.1823, 47.7203], [-75.1737, 47.7203], [-75.1762, 47.7157], [-75.169, 47.7108], [-75.1606, 47.7108], [-75.1575, 47.714], [-75.1427, 47.7074], [-75.1313, 47.7113], [-75.1145, 47.7113], [-75.1111, 47.7073], [-75.121, 47.7028], [-75.1201, 47.6973], [-75.1131, 47.6944], [-75.1134, 47.6671], [-75.0878, 47.667], [-75.0929, 47.6779], [-75.0729, 47.6779], [-75.0729, 47.7204], [-75.0052, 47.7204], [-74.998, 47.7256], [-74.998, 47.7301], [-74.9816, 47.7376], [-74.978, 47.7336], [-74.9709, 47.7351], [-74.9423, 47.715], [-74.9236, 47.7462], [-74.9231, 47.7573], [-74.9316, 47.757], [-74.9482, 47.7637], [-74.9464, 47.7713], [-75.0136, 47.7798], [-75.0713, 47.7946]]]}}, {"type": "Feature", "properties": {"id": "qc-trq-8-140", "name": "Pourvoirie Sauterelle (Pourvoirie Air Tamarac inc.)", "province": "QC", "park_type": "outfitter_exclusive", "designation": "outfitter exclusive", "hunting_allowed": true, "policy_id": "04-674", "summary": "Structured recreational / wildlife territory on Quebec public land. Verify current regulations.", "source": "MRNF TRQ_WMS layer 8", "layer_role": "public_hunt_territory"}, "geometry": {"type": "Polygon", "coordinates": [[[-74.9482, 47.7637], [-74.9316, 47.757], [-74.9234, 47.7576], [-74.9232, 47.7461], [-74.8953, 47.7465], [-74.8841, 47.7425], [-74.804, 47.7967], [-74.8433, 47.8152], [-74.846, 47.8108], [-74.8647, 47.8247], [-74.8988, 47.8113], [-74.9028, 47.8162], [-74.9328, 47.8266], [-74.9248, 47.7996], [-74.9429, 47.7856], [-74.9482, 47.7637]]]}}, {"type": "Feature", "properties": {"id": "qc-trq-8-141", "name": "Safari Anticosti", "province": "QC", "park_type": "outfitter_exclusive", "designation": "outfitter exclusive", "hunting_allowed": true, "policy_id": "09-602", "summary": "Structured recreational / wildlife territory on Quebec public land. Verify current regulations.", "source": "MRNF TRQ_WMS layer 8", "layer_role": "public_hunt_territory"}, "geometry": {"type": "Polygon", "coordinates": [[[-62.4216, 49.5014], [-62.4348, 49.4938], [-62.4393, 49.4981], [-62.4481, 49.4989], [-62.4712, 49.4905], [-62.4995, 49.4923], [-62.5137, 49.4822], [-62.514, 49.4746], [-62.5212, 49.4675], [-62.5199, 49.4628], [-62.5255, 49.4595], [-62.5262, 49.4546], [-62.5387, 49.4508], [-62.5493, 49.4552], [-62.5704, 49.4507], [-62.579, 49.4598], [-62.5886, 49.4609], [-62.5912, 49.4641], [-62.6169, 49.4692], [-62.6364, 49.4683], [-62.679, 49.4851], [-62.6968, 49.4829], [-62.6997, 49.4574], [-62.6673, 49.4545], [-62.6644, 49.4514], [-62.6678, 49.4462], [-62.6558, 49.4416], [-62.6441, 49.4414], [-62.647, 49.4333], [-62.6277, 49.4288], [-62.6323, 49.4279], [-62.5828, 49.3942], [-62.5924, 49.3943], [-62.603, 49.3895], [-62.6373, 49.3903], [-62.6603, 49.3845], [-62.6629, 49.3787], [-62.6743, 49.3748], [-62.668, 49.3634], [-62.6844, 49.357], [-62.6801, 49.3528], [-62.6465, 49.3446], [-62.6379, 49.3509], [-62.6211, 49.3512], [-62.6157, 49.3561], [-62.6001, 49.357], [-62.5963, 49.3567], [-62.5963, 49.3535], [-62.5885, 49.3539], [-62.5861, 49.3507], [-62.5707, 49.3473], [-62.5685, 49.3562], [-62.5605, 49.3585], [-62.551, 49.3549], [-62.5504, 49.3507], [-62.5311, 49.3473], [-62.5221, 49.3522], [-62.4984, 49.3492], [-62.4714, 49.3594], [-62.4552, 49.3537], [-62.4506, 49.3562], [-62.4348, 49.3517], [-62.4317, 49.3605], [-62.4211, 49.366], [-62.368, 49.3666], [-62.3452, 49.3573], [-62.3532, 49.344], [-62.3521, 49.334], [-62.3459, 49.327], [-62.3478, 49.3245], [-62.2735, 49.3231], [-62.2579, 49.3083], [-62.2453, 49.315], [-62.2099, 49.3105], [-62.2045, 49.3169], [-62.1859, 49.3232], [-62.1813, 49.3449], [-62.0402, 49.3407], [-62.0169, 49.3325], [-61.9645, 49.3322], [-61.8848, 49.3187], [-61.8898, 49.307], [-61.8937, 49.3055], [-61.8876, 49.3041], [-61.8838, 49.2983], [-61.8876, 49.2911], [-61.8744, 49.2853], [-61.8451, 49.287], [-61.8456, 49.2817], [-61.833, 49.2801], [-61.8413, 49.2824], [-61.8369, 49.2818], [-61.8391, 49.2888], [-61.8286, 49.2943], [-61.8347, 49.3042], [-61.8331, 49.3135], [-61.8468, 49.3156], [-61.8806, 49.3281], [-61.8867, 49.3323], [-61.8872, 49.3384], [-61.8959, 49.3519], [-61.9439, 49.3502], [-61.9515, 49.3458], [-61.9677, 49.3446], [-61.976, 49.3499], [-61.9748, 49.3665], [-62.0143, 49.3726], [-62.0405, 49.3864], [-62.0593, 49.3876], [-62.0766, 49.3787], [-62.0888, 49.3775], [-62.1127, 49.3844], [-62.1353, 49.4018], [-62.1426, 49.4037], [-62.1639, 49.3967], [-62.1804, 49.3965], [-62.1895, 49.4039], [-62.2146, 49.4096], [-62.2213, 49.4175], [-62.2393, 49.4182], [-62.2466, 49.422], [-62.2506, 49.4266], [-62.249, 49.4393], [-62.2544, 49.4556], [-62.2745, 49.4595], [-62.2881, 49.468], [-62.3076, 49.464], [-62.3226, 49.4676], [-62.3291, 49.4768], [-62.3258, 49.4837], [-62.3494, 49.491], [-62.3677, 49.4904], [-62.3949, 49.4841], [-62.4146, 49.4935], [-62.4216, 49.5014]]]}}, {"type": "Feature", "properties": {"id": "qc-trq-8-143", "name": "Aventures Nipissi inc.", "province": "QC", "park_type": "outfitter_exclusive", "designation": "outfitter exclusive", "hunting_allowed": true, "policy_id": "02-587", "summary": "Structured recreational / wildlife territory on Quebec public land. Verify current regulations.", "source": "MRNF TRQ_WMS layer 8", "layer_role": "public_hunt_territory"}, "geometry": {"type": "Polygon", "coordinates": [[[-71.6727, 50.6048], [-71.6907, 50.6072], [-71.6916, 50.6116], [-71.7127, 50.5993], [-71.7216, 50.5839], [-71.7262, 50.5663], [-71.7408, 50.5592], [-71.7479, 50.5443], [-71.7601, 50.5399], [-71.7627, 50.5278], [-71.7693, 50.5214], [-71.7698, 50.509], [-71.7591, 50.5016], [-71.7591, 50.496], [-71.752, 50.4854], [-71.7765, 50.4734], [-71.7728, 50.4612], [-71.7826, 50.4493], [-71.7831, 50.4397], [-71.7759, 50.4307], [-71.7758, 50.4251], [-71.7868, 50.4222], [-71.7908, 50.4154], [-71.8114, 50.4062], [-71.8012, 50.4059], [-71.8053, 50.3996], [-71.7993, 50.3911], [-71.8039, 50.387], [-71.7996, 50.3845], [-71.8087, 50.3825], [-71.7976, 50.3776], [-71.7915, 50.3825], [-71.7962, 50.3724], [-71.7915, 50.3629], [-71.7876, 50.3664], [-71.7891, 50.3577], [-71.7792, 50.3583], [-71.7674, 50.3656], [-71.7422, 50.3619], [-71.7269, 50.3637], [-71.7253, 50.3665], [-71.7285, 50.3712], [-71.7249, 50.3751], [-71.711, 50.3741], [-71.7146, 50.3803], [-71.7075, 50.3846], [-71.701, 50.3842], [-71.7031, 50.3866], [-71.7002, 50.39], [-71.681, 50.3891], [-71.6815, 50.3946], [-71.6748, 50.4001], [-71.6498, 50.4], [-71.65, 50.3931], [-71.6406, 50.3927], [-71.6359, 50.3962], [-71.6425, 50.4006], [-71.6333, 50.4058], [-71.6317, 50.4308], [-71.63, 50.4338], [-71.6264, 50.4321], [-71.6295, 50.4372], [-71.626, 50.4355], [-71.6245, 50.4384], [-71.6364, 50.4533], [-71.6311, 50.4742], [-71.6452, 50.474], [-71.6511, 50.4945], [-71.6477, 50.4966], [-71.6465, 50.5039], [-71.6568, 50.5118], [-71.6584, 50.5192], [-71.6552, 50.5333], [-71.6571, 50.5493], [-71.6522, 50.557], [-71.6529, 50.5696], [-71.6469, 50.5778], [-71.6454, 50.5894], [-71.6544, 50.5926], [-71.6515, 50.5988], [-71.6538, 50.6057], [-71.6606, 50.608], [-71.6727, 50.6048]]]}}, {"type": "Feature", "properties": {"id": "qc-trq-8-144", "name": "Pourvoirie du Lac Genevi\u00e8ve d'Anticosti", "province": "QC", "park_type": "outfitter_exclusive", "designation": "outfitter exclusive", "hunting_allowed": true, "policy_id": "09-604", "summary": "Structured recreational / wildlife territory on Quebec public land. Verify current regulations.", "source": "MRNF TRQ_WMS layer 8", "layer_role": "public_hunt_territory"}, "geometry": {"type": "Polygon", "coordinates": [[[-64.1479, 49.9515], [-64.1754, 49.9452], [-64.2355, 49.947], [-64.2668, 49.9359], [-64.3064, 49.9392], [-64.3293, 49.9338], [-64.3553, 49.9221], [-64.3821, 49.9241], [-64.4058, 49.9179], [-64.4251, 49.9172], [-64.4402, 49.9056], [-64.4275, 49.8983], [-64.4327, 49.8934], [-64.4276, 49.8663], [-64.401, 49.8712], [-64.4014, 49.8671], [-64.3953, 49.8586], [-64.3799, 49.8454], [-64.3807, 49.8374], [-64.3418, 49.8373], [-64.3181, 49.8493], [-64.2665, 49.8383], [-64.2699, 49.8364], [-64.2572, 49.8362], [-64.2682, 49.8347], [-64.275, 49.829], [-64.2689, 49.8211], [-64.2707, 49.8179], [-64.2762, 49.8142], [-64.2851, 49.8161], [-64.2882, 49.8113], [-64.2854, 49.8052], [-64.2938, 49.7995], [-64.3059, 49.8001], [-64.3087, 49.8066], [-64.3149, 49.8074], [-64.315, 49.8101], [-64.322, 49.8043], [-64.3288, 49.8068], [-64.3278, 49.7927], [-64.3215, 49.7835], [-64.2833, 49.7676], [-64.2716, 49.7587], [-64.2355, 49.7484], [-64.2222, 49.7502], [-64.2217, 49.7464], [-64.1992, 49.7384], [-64.195, 49.7404], [-64.1796, 49.7353], [-64.1765, 49.7377], [-64.1575, 49.7379], [-64.1586, 49.7345], [-64.1258, 49.7275], [-64.0961, 49.716], [-64.0644, 49.7115], [-64.0544, 49.7166], [-64.0423, 49.707], [-63.9893, 49.6975], [-63.9832, 49.6978], [-63.9871, 49.701], [-63.9843, 49.7057], [-63.988, 49.7062], [-63.9882, 49.7103], [-63.9857, 49.7178], [-63.9816, 49.7185], [-63.985, 49.7227], [-63.9806, 49.7237], [-63.9804, 49.7296], [-63.9231, 49.7358], [-63.8988, 49.7403], [-63.8914, 49.7449], [-63.8731, 49.743], [-63.8663, 49.7464], [-63.862, 49.7539], [-63.8498, 49.7535], [-63.8378, 49.7591], [-63.8364, 49.7712], [-63.8293, 49.7693], [-63.8265, 49.7633], [-63.8207, 49.7608], [-63.8199, 49.7559], [-63.8227, 49.7561], [-63.8279, 49.7475], [-63.8257, 49.7414], [-63.8333, 49.738], [-63.8336, 49.7143], [-63.8386, 49.7041], [-63.8377, 49.6988], [-63.8421, 49.6941], [-63.8393, 49.6923], [-63.8439, 49.6861], [-63.7644, 49.6611], [-63.7524, 49.665], [-63.7491, 49.6616], [-63.7402, 49.6638], [-63.7326, 49.6603], [-63.7168, 49.6712], [-63.7162, 49.6744], [-63.7037, 49.6769], [-63.6975, 49.6907], [-63.7026, 49.7049], [-63.6922, 49.7159], [-63.6864, 49.7411], [-63.688, 49.7457], [-63.6845, 49.7491], [-63.6857, 49.7636], [-63.6825, 49.7655], [-63.6845, 49.7689], [-63.6736, 49.783], [-63.6732, 49.7978], [-63.6622, 49.7961], [-63.6261, 49.8082], [-63.5847, 49.8051], [-63.5721, 49.8013], [-63.5703, 49.8106], [-63.5662, 49.8116], [-63.5661, 49.8168], [-63.5631, 49.8185], [-63.5651, 49.8222], [-63.5614, 49.826], [-63.5613, 49.8336], [-63.5533, 49.8384], [-63.5537, 49.8419], [-63.5764, 49.8476], [-63.6618, 49.8532], [-63.7434, 49.8722], [-63.7854, 49.872], [-63.8291, 49.8806], [-63.871, 49.8769], [-63.8859, 49.8833], [-63.9235, 49.8874], [-63.9574, 49.9044], [-63.9687, 49.9138], [-63.9887, 49.919], [-64.0125, 49.9202], [-64.0324, 49.9282], [-64.0506, 49.9311], [-64.0788, 49.9265], [-64.098, 49.9367], [-64.1479, 49.9515]]]}}, {"type": "Feature", "properties": {"id": "qc-trq-8-145", "name": "Pourvoirie \u00c9vasion Plein Air Trudeau inc.", "province": "QC", "park_type": "outfitter_exclusive", "designation": "outfitter exclusive", "hunting_allowed": true, "policy_id": "14-720", "summary": "Structured recreational / wildlife territory on Quebec public land. Verify current regulations.", "source": "MRNF TRQ_WMS layer 8", "layer_role": "public_hunt_territory"}, "geometry": {"type": "Polygon", "coordinates": [[[-73.7374, 46.4847], [-73.7788, 46.5144], [-73.8173, 46.5098], [-73.8344, 46.5041], [-73.8356, 46.4901], [-73.8388, 46.4853], [-73.8207, 46.4738], [-73.8314, 46.4667], [-73.8317, 46.4487], [-73.8096, 46.4485], [-73.7918, 46.4299], [-73.7703, 46.4297], [-73.7411, 46.4519], [-73.7603, 46.4651], [-73.7325, 46.4845], [-73.7374, 46.4847]]]}}, {"type": "Feature", "properties": {"id": "qc-trq-8-146", "name": "Pourvoirie Domaine Bazinet inc.", "province": "QC", "park_type": "outfitter_exclusive", "designation": "outfitter exclusive", "hunting_allowed": true, "policy_id": "14-625", "summary": "Structured recreational / wildlife territory on Quebec public land. Verify current regulations.", "source": "MRNF TRQ_WMS layer 8", "layer_role": "public_hunt_territory"}, "geometry": {"type": "Polygon", "coordinates": [[[-73.7435, 46.4062], [-73.7515, 46.4019], [-73.7589, 46.403], [-73.76, 46.3962], [-73.7811, 46.3816], [-73.7366, 46.3499], [-73.7092, 46.3695], [-73.7297, 46.3836], [-73.7159, 46.3932], [-73.7336, 46.4055], [-73.7435, 46.4062]]]}}, {"type": "Feature", "properties": {"id": "qc-trq-8-147", "name": "Pourvoirie du Lac Croche", "province": "QC", "park_type": "outfitter_exclusive", "designation": "outfitter exclusive", "hunting_allowed": true, "policy_id": "14-684", "summary": "Structured recreational / wildlife territory on Quebec public land. Verify current regulations.", "source": "MRNF TRQ_WMS layer 8", "layer_role": "public_hunt_territory"}, "geometry": {"type": "Polygon", "coordinates": [[[-73.8879, 46.3178], [-73.9441, 46.3546], [-73.944, 46.3398], [-73.9398, 46.337], [-73.9316, 46.306], [-73.9177, 46.2972], [-73.9011, 46.3089], [-73.9039, 46.3108], [-73.9008, 46.313], [-73.8962, 46.3124], [-73.8879, 46.3178]]]}}, {"type": "Feature", "properties": {"id": "qc-trq-8-148", "name": "Pourvoirie Coin Lavigne inc.", "province": "QC", "park_type": "outfitter_exclusive", "designation": "outfitter exclusive", "hunting_allowed": true, "policy_id": "14-543", "summary": "Structured recreational / wildlife territory on Quebec public land. Verify current regulations.", "source": "MRNF TRQ_WMS layer 8", "layer_role": "public_hunt_territory"}, "geometry": {"type": "Polygon", "coordinates": [[[-73.9137, 46.3932], [-73.9356, 46.378], [-73.9027, 46.3563], [-73.8811, 46.3712], [-73.8926, 46.3818], [-73.9137, 46.3932]]]}}, {"type": "Feature", "properties": {"id": "qc-trq-8-149", "name": "Pourvoirie Richard", "province": "QC", "park_type": "outfitter_exclusive", "designation": "outfitter exclusive", "hunting_allowed": true, "policy_id": "14-682", "summary": "Structured recreational / wildlife territory on Quebec public land. Verify current regulations.", "source": "MRNF TRQ_WMS layer 8", "layer_role": "public_hunt_territory"}, "geometry": {"type": "Polygon", "coordinates": [[[-74.0332, 46.6526], [-74.0518, 46.6653], [-74.071, 46.6516], [-74.0508, 46.6379], [-74.0332, 46.6526]]]}}, {"type": "Feature", "properties": {"id": "qc-trq-8-150", "name": "Vent de La Savane", "province": "QC", "park_type": "outfitter_exclusive", "designation": "outfitter exclusive", "hunting_allowed": true, "policy_id": "14-917", "summary": "Structured recreational / wildlife territory on Quebec public land. Verify current regulations.", "source": "MRNF TRQ_WMS layer 8", "layer_role": "public_hunt_territory"}, "geometry": {"type": "Polygon", "coordinates": [[[-74.2271, 46.8179], [-74.2297, 46.8225], [-74.2732, 46.8137], [-74.2603, 46.7819], [-74.1591, 46.7124], [-74.1405, 46.7273], [-74.1137, 46.7262], [-74.1376, 46.8038], [-74.1852, 46.8077], [-74.1892, 46.8113], [-74.1941, 46.8101], [-74.2271, 46.8179]]]}}, {"type": "Feature", "properties": {"id": "qc-trq-8-151", "name": "Pourvoirie Pignon Rouge Mokocan", "province": "QC", "park_type": "outfitter_exclusive", "designation": "outfitter exclusive", "hunting_allowed": true, "policy_id": "14-581", "summary": "Structured recreational / wildlife territory on Quebec public land. Verify current regulations.", "source": "MRNF TRQ_WMS layer 8", "layer_role": "public_hunt_territory"}, "geometry": {"type": "Polygon", "coordinates": [[[-73.9912, 46.8087], [-74.03, 46.8377], [-74.0714, 46.8271], [-74.0566, 46.8086], [-74.1179, 46.8052], [-74.0729, 46.7736], [-74.0486, 46.8002], [-74.0055, 46.7792], [-73.9783, 46.7984], [-73.9773, 46.8023], [-73.9912, 46.8087]]]}}, {"type": "Feature", "properties": {"id": "qc-trq-8-152", "name": "BarouxPourvoirie Baroux inc.", "province": "QC", "park_type": "outfitter_exclusive", "designation": "outfitter exclusive", "hunting_allowed": true, "policy_id": "15-840", "summary": "Structured recreational / wildlife territory on Quebec public land. Verify current regulations.", "source": "MRNF TRQ_WMS layer 8", "layer_role": "public_hunt_territory"}, "geometry": {"type": "Polygon", "coordinates": [[[-74.759, 46.1418], [-74.7695, 46.1416], [-74.7704, 46.1301], [-74.7788, 46.1304], [-74.7787, 46.0993], [-74.7846, 46.0993], [-74.7847, 46.0897], [-74.7746, 46.0896], [-74.7747, 46.0849], [-74.7325, 46.0847], [-74.7325, 46.0997], [-74.728, 46.0997], [-74.7281, 46.1217], [-74.723, 46.1267], [-74.7279, 46.1267], [-74.7278, 46.1302], [-74.7369, 46.1302], [-74.7391, 46.1351], [-74.7595, 46.1347], [-74.759, 46.1418]]]}}, {"type": "Feature", "properties": {"id": "qc-trq-8-153", "name": "Chalet du Lac McGillivray", "province": "QC", "park_type": "outfitter_exclusive", "designation": "outfitter exclusive", "hunting_allowed": true, "policy_id": "07-586", "summary": "Structured recreational / wildlife territory on Quebec public land. Verify current regulations.", "source": "MRNF TRQ_WMS layer 8", "layer_role": "public_hunt_territory"}, "geometry": {"type": "Polygon", "coordinates": [[[-77.0239, 46.0961], [-77.0736, 46.1162], [-77.0961, 46.0894], [-77.1159, 46.0896], [-77.1156, 46.097], [-77.125, 46.1009], [-77.1668, 46.0832], [-77.1803, 46.0663], [-77.1308, 46.0471], [-77.0433, 46.0754], [-77.0239, 46.0961]]]}}, {"type": "Feature", "properties": {"id": "qc-trq-8-154", "name": "Pourvoirie Triple R", "province": "QC", "park_type": "outfitter_exclusive", "designation": "outfitter exclusive", "hunting_allowed": true, "policy_id": "07-537", "summary": "Structured recreational / wildlife territory on Quebec public land. Verify current regulations.", "source": "MRNF TRQ_WMS layer 8", "layer_role": "public_hunt_territory"}, "geometry": {"type": "Polygon", "coordinates": [[[-77.6327, 46.4158], [-77.7493, 46.3964], [-77.7654, 46.3894], [-77.7704, 46.3786], [-77.685, 46.3672], [-77.6892, 46.3592], [-77.6392, 46.3404], [-77.595, 46.387], [-77.6327, 46.4158]], [[-77.6605, 46.3672], [-77.66, 46.3729], [-77.6519, 46.3726], [-77.6524, 46.3668], [-77.6567, 46.3642], [-77.6605, 46.3672]]]}}, {"type": "Feature", "properties": {"id": "qc-trq-8-155", "name": "La R\u00e9serve Beauch\u00eane inc.", "province": "QC", "park_type": "outfitter_exclusive", "designation": "outfitter exclusive", "hunting_allowed": true, "policy_id": "08-711", "summary": "Structured recreational / wildlife territory on Quebec public land. Verify current regulations.", "source": "MRNF TRQ_WMS layer 8", "layer_role": "public_hunt_territory"}, "geometry": {"type": "Polygon", "coordinates": [[[-78.9334, 46.7428], [-78.9313, 46.7323], [-79.0573, 46.7134], [-79.0033, 46.6444], [-78.9913, 46.6087], [-78.83, 46.6144], [-78.7749, 46.6223], [-78.7888, 46.6241], [-78.798, 46.6438], [-78.812, 46.6508], [-78.8061, 46.6543], [-78.8073, 46.6569], [-78.812, 46.6582], [-78.8149, 46.6528], [-78.8183, 46.6567], [-78.8211, 46.6657], [-78.8186, 46.6906], [-78.8232, 46.7017], [-78.8343, 46.707], [-78.8426, 46.72], [-78.9193, 46.7415], [-78.9334, 46.7428]]]}}, {"type": "Feature", "properties": {"id": "qc-trq-8-156", "name": "Pourvoirie du Lac Forant", "province": "QC", "park_type": "outfitter_exclusive", "designation": "outfitter exclusive", "hunting_allowed": true, "policy_id": "07-903", "summary": "Structured recreational / wildlife territory on Quebec public land. Verify current regulations.", "source": "MRNF TRQ_WMS layer 8", "layer_role": "public_hunt_territory"}, "geometry": {"type": "Polygon", "coordinates": [[[-77.1109, 46.4996], [-77.1591, 46.4987], [-77.2108, 46.437], [-77.2077, 46.4189], [-77.1979, 46.4059], [-77.1988, 46.3988], [-77.204, 46.3926], [-77.197, 46.3829], [-77.1983, 46.3778], [-77.1888, 46.3704], [-77.1729, 46.3881], [-77.1738, 46.3908], [-77.1692, 46.3924], [-77.1335, 46.43], [-77.1287, 46.4412], [-77.114, 46.4508], [-77.1094, 46.4591], [-77.1109, 46.4996]]]}}, {"type": "Feature", "properties": {"id": "qc-trq-8-157", "name": "Domaine Stoddart", "province": "QC", "park_type": "outfitter_exclusive", "designation": "outfitter exclusive", "hunting_allowed": true, "policy_id": "07-533", "summary": "Structured recreational / wildlife territory on Quebec public land. Verify current regulations.", "source": "MRNF TRQ_WMS layer 8", "layer_role": "public_hunt_territory"}, "geometry": {"type": "Polygon", "coordinates": [[[-77.2121, 46.6686], [-77.2358, 46.6546], [-77.2646, 46.6479], [-77.2906, 46.6375], [-77.3063, 46.6233], [-77.3165, 46.6071], [-77.2668, 46.5506], [-77.1976, 46.566], [-77.1943, 46.5693], [-77.1996, 46.5708], [-77.2025, 46.5759], [-77.1961, 46.5933], [-77.198, 46.5979], [-77.1842, 46.601], [-77.1836, 46.6052], [-77.1888, 46.6066], [-77.1935, 46.6025], [-77.204, 46.6007], [-77.2064, 46.6184], [-77.212, 46.6203], [-77.2121, 46.6686]]]}}, {"type": "Feature", "properties": {"id": "qc-trq-8-158", "name": "Club Lac Brul\u00e9", "province": "QC", "park_type": "outfitter_exclusive", "designation": "outfitter exclusive", "hunting_allowed": true, "policy_id": "07-852", "summary": "Structured recreational / wildlife territory on Quebec public land. Verify current regulations.", "source": "MRNF TRQ_WMS layer 8", "layer_role": "public_hunt_territory"}, "geometry": {"type": "MultiPolygon", "coordinates": [[[[-77.2592, 47.0021], [-77.2741, 46.9989], [-77.2742, 46.9931], [-77.2868, 46.995], [-77.2797, 46.9886], [-77.2873, 46.9875], [-77.2836, 46.9791], [-77.2731, 46.9815], [-77.2726, 46.9778], [-77.2775, 46.973], [-77.2711, 46.9648], [-77.2712, 46.9584], [-77.2584, 46.9497], [-77.2598, 46.9452], [-77.2556, 46.9428], [-77.2568, 46.9316], [-77.2688, 46.9209], [-77.2802, 46.9199], [-77.2776, 46.9122], [-77.2811, 46.9063], [-77.2794, 46.8968], [-77.2626, 46.8889], [-77.2561, 46.8816], [-77.2589, 46.8773], [-77.2561, 46.8653], [-77.2638, 46.8616], [-77.267, 46.8562], [-77.2568, 46.8423], [-77.2598, 46.8289], [-77.2565, 46.8212], [-77.2586, 46.8147], [-77.2534, 46.81], [-77.2559, 46.8033], [-77.2498, 46.7985], [-77.2518, 46.7942], [-77.2487, 46.7908], [-77.1995, 46.8241], [-77.1966, 46.8333], [-77.1896, 46.8346], [-77.1909, 46.8674], [-77.1879, 46.8664], [-77.1885, 46.8727], [-77.1841, 46.8706], [-77.1826, 46.8736], [-77.178, 46.8731], [-77.1801, 46.9233], [-77.1893, 46.9244], [-77.1947, 46.929], [-77.2053, 46.928], [-77.2084, 46.9349], [-77.2163, 46.941], [-77.2315, 46.9427], [-77.2305, 46.9512], [-77.2446, 46.9652], [-77.2419, 46.9731], [-77.2542, 46.9747], [-77.248, 46.9785], [-77.2486, 46.9923], [-77.2452, 46.991], [-77.2487, 46.9941], [-77.249, 47.0005], [-77.2592, 47.0021]]], [[[-77.2622, 46.8274], [-77.2583, 46.8376], [-77.2688, 46.855], [-77.2954, 46.855], [-77.2941, 46.8246], [-77.3465, 46.8235], [-77.361, 46.7962], [-77.3602, 46.7784], [-77.3424, 46.7781], [-77.3353, 46.773], [-77.3367, 46.7697], [-77.2575, 46.7714], [-77.254, 46.7771], [-77.2451, 46.7814], [-77.2544, 46.7857], [-77.2512, 46.7895], [-77.2544, 46.7934], [-77.2519, 46.7973], [-77.2581, 46.8019], [-77.2562, 46.8072], [-77.2639, 46.8147], [-77.2596, 46.8192], [-77.2622, 46.8274]]]]}}, {"type": "Feature", "properties": {"id": "qc-trq-8-159", "name": "Pourvoirie Pavillon La V\u00e9rendrye", "province": "QC", "park_type": "outfitter_exclusive", "designation": "outfitter exclusive", "hunting_allowed": true, "policy_id": "07-617", "summary": "Structured recreational / wildlife territory on Quebec public land. Verify current regulations.", "source": "MRNF TRQ_WMS layer 8", "layer_role": "public_hunt_territory"}, "geometry": {"type": "Polygon", "coordinates": [[[-77.2832, 47.0005], [-77.4221, 47.0005], [-77.4222, 46.9694], [-77.4246, 46.9687], [-77.4222, 46.9668], [-77.4223, 46.9299], [-77.3712, 46.931], [-77.3692, 46.8788], [-77.4009, 46.8551], [-77.2688, 46.855], [-77.2685, 46.8599], [-77.2599, 46.8642], [-77.2584, 46.8703], [-77.262, 46.8796], [-77.259, 46.8812], [-77.2614, 46.8849], [-77.2808, 46.8946], [-77.2852, 46.9017], [-77.2805, 46.913], [-77.2835, 46.9185], [-77.2797, 46.9224], [-77.2699, 46.9232], [-77.2598, 46.9319], [-77.2589, 46.9413], [-77.2631, 46.9441], [-77.2613, 46.9499], [-77.2665, 46.9538], [-77.2735, 46.9535], [-77.2757, 46.961], [-77.2733, 46.9622], [-77.2803, 46.966], [-77.2773, 46.9675], [-77.2814, 46.9709], [-77.2797, 46.9726], [-77.2849, 46.9748], [-77.2893, 46.9831], [-77.2907, 46.9918], [-77.2832, 47.0005]]]}}, {"type": "Feature", "properties": {"id": "qc-trq-8-160", "name": "Pourvoirie du Lac Dix Milles", "province": "QC", "park_type": "outfitter_exclusive", "designation": "outfitter exclusive", "hunting_allowed": true, "policy_id": "07-623", "summary": "Structured recreational / wildlife territory on Quebec public land. Verify current regulations.", "source": "MRNF TRQ_WMS layer 8", "layer_role": "public_hunt_territory"}, "geometry": {"type": "Polygon", "coordinates": [[[-77.8572, 47.0009], [-77.852, 46.9741], [-77.8581, 46.9513], [-77.8628, 46.9515], [-77.8576, 46.9408], [-77.859, 46.9205], [-77.8733, 46.9041], [-77.8802, 46.9004], [-77.8877, 46.888], [-77.8844, 46.8832], [-77.8791, 46.8827], [-77.884, 46.8793], [-77.8809, 46.8785], [-77.8838, 46.8759], [-77.8803, 46.8728], [-77.8819, 46.8635], [-77.8858, 46.8571], [-77.8922, 46.858], [-77.8949, 46.8552], [-77.8898, 46.8482], [-77.895, 46.8495], [-77.8923, 46.8439], [-77.8845, 46.8372], [-77.8887, 46.8368], [-77.8753, 46.8305], [-77.8786, 46.8304], [-77.8762, 46.8286], [-77.8781, 46.8278], [-77.8909, 46.8331], [-77.8892, 46.8286], [-77.8935, 46.8316], [-77.8952, 46.8298], [-77.8832, 46.8218], [-77.8761, 46.8246], [-77.8633, 46.8197], [-77.8579, 46.8242], [-77.855, 46.8182], [-77.8561, 46.822], [-77.8492, 46.8208], [-77.8484, 46.8157], [-77.8525, 46.8137], [-77.8482, 46.8122], [-77.8459, 46.8192], [-77.8274, 46.8176], [-77.8264, 46.8235], [-77.8412, 46.8317], [-77.8211, 46.8222], [-77.822, 46.8142], [-77.7911, 46.8272], [-77.7672, 46.7109], [-77.7545, 46.7109], [-77.7522, 46.7135], [-77.7512, 46.7109], [-77.7403, 46.7109], [-77.7388, 46.7143], [-77.7352, 46.7109], [-77.7194, 46.7253], [-77.7259, 46.7615], [-77.7209, 46.7734], [-77.7083, 46.7899], [-77.7094, 46.8128], [-77.8093, 46.8617], [-77.8096, 46.8671], [-77.8472, 46.8725], [-77.8461, 46.8815], [-77.8485, 46.8823], [-77.8442, 46.8859], [-77.8418, 46.9089], [-77.8392, 46.9154], [-77.8353, 46.917], [-77.8339, 46.9255], [-77.8363, 46.9341], [-77.8426, 46.9405], [-77.8433, 46.9483], [-77.8433, 46.9573], [-77.8361, 46.9661], [-77.8419, 46.9691], [-77.8453, 46.985], [-77.8448, 46.995], [-77.8394, 47.0009], [-77.8525, 46.9987], [-77.8572, 47.0009]]]}}, {"type": "Feature", "properties": {"id": "qc-trq-8-161", "name": "Pourvoirie Kipawa (1991) inc.", "province": "QC", "park_type": "outfitter_exclusive", "designation": "outfitter exclusive", "hunting_allowed": true, "policy_id": "08-737", "summary": "Structured recreational / wildlife territory on Quebec public land. Verify current regulations.", "source": "MRNF TRQ_WMS layer 8", "layer_role": "public_hunt_territory"}, "geometry": {"type": "Polygon", "coordinates": [[[-78.0665, 47.0585], [-78.0872, 47.0523], [-78.0821, 47.042], [-78.07, 47.0394], [-78.062, 47.0341], [-78.0624, 47.0304], [-78.0726, 47.0237], [-78.0691, 47.016], [-78.0727, 47.0092], [-78.0698, 47.0055], [-78.0795, 47.0028], [-78.0855, 46.9965], [-78.0998, 47.0015], [-78.1061, 46.9965], [-78.1066, 46.9888], [-78.0859, 46.9833], [-78.0798, 46.9844], [-78.0686, 46.9782], [-78.071, 46.9746], [-78.061, 46.9671], [-78.0618, 46.9629], [-78.0555, 46.9578], [-78.049, 46.9592], [-78.0486, 46.9702], [-78.0432, 46.9691], [-78.0314, 46.9577], [-78.0248, 46.9612], [-78.0124, 46.9455], [-78.013, 46.9403], [-78.0029, 46.9378], [-78.0015, 46.9323], [-77.9914, 46.9279], [-77.9832, 46.9074], [-77.973, 46.9049], [-77.9677, 46.899], [-77.9706, 46.8959], [-77.9648, 46.8904], [-77.9686, 46.8849], [-77.9765, 46.8845], [-77.9827, 46.8774], [-77.9799, 46.8745], [-77.9825, 46.8725], [-77.9802, 46.8645], [-77.9821, 46.8592], [-77.9741, 46.8523], [-77.9741, 46.8489], [-77.9647, 46.8433], [-77.9665, 46.8403], [-77.973, 46.84], [-77.9662, 46.8364], [-77.9681, 46.8283], [-77.9597, 46.8255], [-77.905, 46.8287], [-77.8956, 46.8234], [-77.8989, 46.822], [-77.8882, 46.8125], [-77.8917, 46.8054], [-77.8844, 46.8147], [-77.8872, 46.8171], [-77.8821, 46.8204], [-77.8668, 46.8181], [-77.8741, 46.822], [-77.8671, 46.8213], [-77.8689, 46.8225], [-77.8767, 46.8247], [-77.8834, 46.8218], [-77.8952, 46.8298], [-77.8935, 46.8316], [-77.8892, 46.8286], [-77.8909, 46.8331], [-77.8781, 46.8278], [-77.8762, 46.8286], [-77.8786, 46.8304], [-77.8753, 46.8305], [-77.8887, 46.8368], [-77.8845, 46.8372], [-77.8923, 46.8439], [-77.895, 46.8495], [-77.8898, 46.8482], [-77.8949, 46.8552], [-77.8922, 46.858], [-77.8858, 46.8571], [-77.8819, 46.8635], [-77.8803, 46.8728], [-77.8838, 46.8759], [-77.8809, 46.8785], [-77.884, 46.8793], [-77.8791, 46.8827], [-77.8844, 46.8832], [-77.8877, 46.888], [-77.8802, 46.9004], [-77.8733, 46.9041], [-77.859, 46.9205], [-77.8576, 46.9408], [-77.8628, 46.9515], [-77.8581, 46.9513], [-77.852, 46.9741], [-77.8574, 47.0009], [-77.8892, 47.0009], [-77.8952, 46.997], [-77.8959, 47.0009], [-77.9081, 47.0008], [-77.9086, 46.9977], [-77.9128, 46.9975], [-77.9135, 47.0008], [-77.921, 47.0008], [-77.92, 47.004], [-77.922, 47.0012], [-77.9281, 47.0034], [-77.931, 47.0008], [-77.9428, 47.0007], [-77.9442, 46.9981], [-77.9442, 47.0007], [-77.9658, 47.0007], [-77.9648, 47.0116], [-77.967, 47.0131], [-77.9701, 47.007], [-77.975, 47.0121], [-77.9779, 47.0217], [-77.9753, 47.0244], [-77.9814, 47.0296], [-77.9828, 47.0378], [-78.0237, 47.0379], [-78.0276, 47.0415], [-78.037, 47.0271], [-78.0399, 47.0285], [-78.0369, 47.0319], [-78.0391, 47.0362], [-78.0552, 47.047], [-78.0555, 47.0528], [-78.0665, 47.0585]]]}}, {"type": "Feature", "properties": {"id": "qc-trq-8-162", "name": "Pourvoirie Lac la Truite inc.", "province": "QC", "park_type": "outfitter_exclusive", "designation": "outfitter exclusive", "hunting_allowed": true, "policy_id": "08-699", "summary": "Structured recreational / wildlife territory on Quebec public land. Verify current regulations.", "source": "MRNF TRQ_WMS layer 8", "layer_role": "public_hunt_territory"}, "geometry": {"type": "Polygon", "coordinates": [[[-78.2124, 47.4631], [-78.2531, 47.4484], [-78.2545, 47.4447], [-78.2624, 47.4469], [-78.2551, 47.4536], [-78.2581, 47.4543], [-78.2696, 47.4427], [-78.2813, 47.4413], [-78.2759, 47.4356], [-78.2851, 47.4317], [-78.2887, 47.4336], [-78.2842, 47.4374], [-78.2847, 47.4425], [-78.3254, 47.4467], [-78.3378, 47.4436], [-78.3686, 47.42], [-78.3775, 47.4086], [-78.3852, 47.4082], [-78.3822, 47.4046], [-78.3737, 47.4036], [-78.3715, 47.3997], [-78.3816, 47.3896], [-78.3693, 47.3926], [-78.3439, 47.3894], [-78.3315, 47.3927], [-78.3472, 47.3698], [-78.337, 47.3627], [-78.3477, 47.3588], [-78.3348, 47.3589], [-78.3487, 47.355], [-78.3343, 47.3553], [-78.3367, 47.3485], [-78.346, 47.3457], [-78.3528, 47.3299], [-78.3652, 47.3334], [-78.3721, 47.3263], [-78.3717, 47.3215], [-78.3802, 47.3191], [-78.3817, 47.3153], [-78.3757, 47.3146], [-78.3686, 47.307], [-78.3605, 47.3057], [-78.3538, 47.3091], [-78.3413, 47.3071], [-78.307, 47.3176], [-78.3038, 47.3092], [-78.3061, 47.3014], [-78.3138, 47.2995], [-78.3117, 47.2848], [-78.3275, 47.2753], [-78.335, 47.276], [-78.3309, 47.2739], [-78.3372, 47.27], [-78.3547, 47.27], [-78.3553, 47.2729], [-78.3664, 47.2679], [-78.3651, 47.2605], [-78.3551, 47.2562], [-78.364, 47.2425], [-78.3777, 47.2434], [-78.3869, 47.2479], [-78.3799, 47.2431], [-78.382, 47.2393], [-78.3756, 47.2388], [-78.3993, 47.223], [-78.3743, 47.2224], [-78.3725, 47.2348], [-78.3651, 47.2362], [-78.3649, 47.2337], [-78.3557, 47.2303], [-78.3495, 47.2206], [-78.3514, 47.2298], [-78.3556, 47.2334], [-78.3494, 47.2347], [-78.3492, 47.2376], [-78.3237, 47.2232], [-78.2955, 47.2185], [-78.2889, 47.213], [-78.2808, 47.2244], [-78.2817, 47.2301], [-78.2775, 47.2374], [-78.2646, 47.2411], [-78.2615, 47.2526], [-78.2498, 47.267], [-78.2405, 47.2697], [-78.2401, 47.2772], [-78.1995, 47.3036], [-78.1869, 47.3077], [-78.1649, 47.3053], [-78.1539, 47.2893], [-78.1476, 47.292], [-78.1284, 47.287], [-78.1221, 47.2887], [-78.1197, 47.2969], [-78.1119, 47.297], [-78.0974, 47.313], [-78.0954, 47.3196], [-78.0924, 47.3182], [-78.0859, 47.3218], [-78.0778, 47.3174], [-78.067, 47.3197], [-78.0686, 47.3243], [-78.0494, 47.3316], [-78.0514, 47.3378], [-78.0581, 47.3366], [-78.059, 47.3418], [-78.0622, 47.3423], [-78.0598, 47.3487], [-78.0649, 47.3492], [-78.063, 47.3526], [-78.0651, 47.3553], [-78.0692, 47.3542], [-78.0714, 47.3484], [-78.0733, 47.355], [-78.0657, 47.3597], [-78.0508, 47.36], [-78.0469, 47.3631], [-78.0491, 47.3728], [-78.0452, 47.3785], [-78.0464, 47.3827], [-78.0442, 47.3826], [-78.0478, 47.3844], [-78.0458, 47.3862], [-78.0482, 47.3915], [-78.0569, 47.3943], [-78.0518, 47.3948], [-78.0441, 47.4053], [-78.0459, 47.4082], [-78.0398, 47.4128], [-78.052, 47.42], [-78.0323, 47.4316], [-78.0335, 47.4388], [-78.0472, 47.4345], [-78.0604, 47.441], [-78.0589, 47.4462], [-78.0662, 47.4408], [-78.0777, 47.4415], [-78.0867, 47.4372], [-78.0878, 47.4422], [-78.0827, 47.4481], [-78.0891, 47.4477], [-78.0826, 47.4582], [-78.0931, 47.4508], [-78.1063, 47.4494], [-78.1168, 47.4501], [-78.1202, 47.4579], [-78.1639, 47.46], [-78.1823, 47.4538], [-78.1855, 47.4566], [-78.2098, 47.4582], [-78.2124, 47.4631]], [[-78.26, 47.4442], [-78.2601, 47.4408], [-78.2639, 47.4396], [-78.2699, 47.4418], [-78.26, 47.4442]]]}}, {"type": "Feature", "properties": {"id": "qc-trq-8-163", "name": "Club Kapitachuan", "province": "QC", "park_type": "outfitter_exclusive", "designation": "outfitter exclusive", "hunting_allowed": true, "policy_id": "08-566", "summary": "Structured recreational / wildlife territory on Quebec public land. Verify current regulations.", "source": "MRNF TRQ_WMS layer 8", "layer_role": "public_hunt_territory"}, "geometry": {"type": "MultiPolygon", "coordinates": [[[[-75.5387, 48.506], [-75.5362, 48.5122], [-75.5238, 48.4976], [-75.5279, 48.4891], [-75.5337, 48.4898], [-75.5382, 48.4869], [-75.5356, 48.4849], [-75.5381, 48.4819], [-75.5901, 48.4588], [-75.5978, 48.4601], [-75.604, 48.4551], [-75.6028, 48.4593], [-75.607, 48.4573], [-75.6061, 48.4593], [-75.6115, 48.4596], [-75.6186, 48.4513], [-75.6118, 48.4537], [-75.6099, 48.4508], [-75.605, 48.4543], [-75.6115, 48.4412], [-75.6163, 48.4438], [-75.6218, 48.4334], [-75.6476, 48.4217], [-75.6568, 48.4119], [-75.6704, 48.4104], [-75.6864, 48.404], [-75.6938, 48.3955], [-75.7095, 48.3934], [-75.7187, 48.3985], [-75.7369, 48.4001], [-75.739, 48.4044], [-75.7564, 48.4039], [-75.7771, 48.3788], [-75.7848, 48.3791], [-75.7915, 48.3743], [-75.7949, 48.3778], [-75.7923, 48.3822], [-75.7972, 48.3865], [-75.8096, 48.3825], [-75.8271, 48.3869], [-75.8204, 48.3905], [-75.8249, 48.3902], [-75.8249, 48.3948], [-75.8159, 48.401], [-75.8212, 48.408], [-75.812, 48.4186], [-75.8128, 48.4234], [-75.8032, 48.4431], [-75.8043, 48.4473], [-75.7998, 48.4518], [-75.8017, 48.4666], [-75.7941, 48.4867], [-75.7813, 48.5], [-75.7865, 48.504], [-75.7856, 48.5072], [-75.78, 48.5105], [-75.7772, 48.5101], [-75.7786, 48.5071], [-75.7727, 48.5097], [-75.7675, 48.5061], [-75.7611, 48.5108], [-75.7626, 48.5196], [-75.7557, 48.5271], [-75.7614, 48.5276], [-75.7519, 48.5334], [-75.7466, 48.533], [-75.7411, 48.541], [-75.7339, 48.5439], [-75.736, 48.552], [-75.7234, 48.563], [-75.7231, 48.5664], [-75.7044, 48.5764], [-75.7037, 48.5801], [-75.7005, 48.5792], [-75.6843, 48.5885], [-75.6653, 48.5848], [-75.6661, 48.5814], [-75.6628, 48.5786], [-75.6549, 48.5789], [-75.6525, 48.5823], [-75.6427, 48.5771], [-75.6286, 48.5884], [-75.626, 48.5884], [-75.6265, 48.5848], [-75.6147, 48.5921], [-75.6049, 48.5935], [-75.5951, 48.5908], [-75.577, 48.6089], [-75.5745, 48.6093], [-75.5742, 48.6058], [-75.5717, 48.6076], [-75.5708, 48.6105], [-75.5752, 48.611], [-75.5624, 48.6138], [-75.5603, 48.6195], [-75.5665, 48.62], [-75.5615, 48.6264], [-75.5622, 48.6346], [-75.5581, 48.6314], [-75.5532, 48.6335], [-75.5563, 48.6298], [-75.554, 48.6257], [-75.5582, 48.623], [-75.5553, 48.6222], [-75.5569, 48.615], [-75.5639, 48.6054], [-75.567, 48.6106], [-75.5725, 48.6059], [-75.5667, 48.5951], [-75.5868, 48.5717], [-75.56, 48.5403], [-75.5992, 48.5227], [-75.5826, 48.5147], [-75.5878, 48.5059], [-75.5814, 48.4997], [-75.558, 48.5054], [-75.5523, 48.504], [-75.5545, 48.4994], [-75.5387, 48.506]]], [[[-75.55071262516326, 48.50277117979974], [-75.5509, 48.5029], [-75.5454, 48.5075], [-75.55071262516326, 48.50277117979974]]], [[[-75.7213, 48.8419], [-75.7339, 48.8332], [-75.7359, 48.8215], [-75.7269, 48.8104], [-75.7217, 48.8097], [-75.7236, 48.8065], [-75.72, 48.7983], [-75.7257, 48.7952], [-75.7204, 48.7961], [-75.718, 48.7896], [-75.7118, 48.7907], [-75.7129, 48.7812], [-75.7064, 48.7817], [-75.7098, 48.7754], [-75.7041, 48.772], [-75.7034, 48.7677], [-75.7094, 48.7695], [-75.7148, 48.7652], [-75.7205, 48.7663], [-75.7328, 48.755], [-75.7232, 48.7648], [-75.7228, 48.7711], [-75.7171, 48.7738], [-75.7186, 48.7812], [-75.7139, 48.7886], [-75.7315, 48.7861], [-75.7358, 48.782], [-75.7382, 48.783], [-75.7366, 48.7856], [-75.7459, 48.7881], [-75.753, 48.7796], [-75.7561, 48.7696], [-75.7651, 48.7642], [-75.7789, 48.7649], [-75.7859, 48.7618], [-75.7823, 48.7687], [-75.7886, 48.7626], [-75.7937, 48.7637], [-75.7951, 48.7614], [-75.7913, 48.7586], [-75.8024, 48.7424], [-75.809, 48.7457], [-75.8296, 48.7411], [-75.8423, 48.7464], [-75.8462, 48.7439], [-75.8444, 48.7424], [-75.8521, 48.7444], [-75.8507, 48.7505], [-75.8574, 48.7538], [-75.8498, 48.7605], [-75.8518, 48.7711], [-75.8551, 48.7718], [-75.8487, 48.7769], [-75.852, 48.7782], [-75.8499, 48.7855], [-75.8278, 48.7849], [-75.823, 48.7989], [-75.8141, 48.8092], [-75.8131, 48.8233], [-75.8202, 48.8393], [-75.8111, 48.8441], [-75.8011, 48.8436], [-75.797, 48.8375], [-75.7927, 48.8371], [-75.7912, 48.8317], [-75.7874, 48.8336], [-75.7877, 48.8389], [-75.7798, 48.8411], [-75.7771, 48.846], [-75.771, 48.8462], [-75.7714, 48.8488], [-75.7624, 48.8551], [-75.7639, 48.8571], [-75.7297, 48.8488], [-75.7246, 48.842], [-75.7213, 48.8419]]]]}}, {"type": "Feature", "properties": {"id": "qc-trq-8-164", "name": "Pourvoirie Sud Lac Choiseul", "province": "QC", "park_type": "outfitter_exclusive", "designation": "outfitter exclusive", "hunting_allowed": true, "policy_id": "08-769", "summary": "Structured recreational / wildlife territory on Quebec public land. Verify current regulations.", "source": "MRNF TRQ_WMS layer 8", "layer_role": "public_hunt_territory"}, "geometry": {"type": "Polygon", "coordinates": [[[-75.8146, 48.1973], [-75.8227, 48.1885], [-75.8333, 48.1861], [-75.8394, 48.1894], [-75.8438, 48.1838], [-75.8617, 48.1878], [-75.8963, 48.1881], [-75.8959, 48.1835], [-75.9009, 48.1851], [-75.8999, 48.1795], [-75.9086, 48.1758], [-75.9097, 48.1713], [-75.9252, 48.1668], [-75.9261, 48.1582], [-75.9349, 48.1501], [-75.9316, 48.1446], [-75.9384, 48.1369], [-75.9391, 48.1043], [-75.9587, 48.094], [-75.9587, 48.0839], [-75.9508, 48.0806], [-75.9489, 48.0764], [-75.9604, 48.0612], [-75.935, 48.0572], [-75.9308, 48.0524], [-75.9205, 48.0518], [-75.917, 48.0463], [-75.9149, 48.0536], [-75.9077, 48.0594], [-75.9133, 48.0631], [-75.9112, 48.0689], [-75.8947, 48.0724], [-75.8881, 48.0771], [-75.8878, 48.0808], [-75.8945, 48.0817], [-75.8963, 48.0867], [-75.8889, 48.1004], [-75.8913, 48.1111], [-75.8632, 48.1222], [-75.8449, 48.1357], [-75.8336, 48.1375], [-75.83, 48.135], [-75.8166, 48.1454], [-75.8117, 48.1567], [-75.797, 48.1749], [-75.7851, 48.178], [-75.7873, 48.1929], [-75.8146, 48.1973]]]}}, {"type": "Feature", "properties": {"id": "qc-trq-8-165", "name": "Pavillon Richer inc.", "province": "QC", "park_type": "outfitter_exclusive", "designation": "outfitter exclusive", "hunting_allowed": true, "policy_id": "07-857", "summary": "Structured recreational / wildlife territory on Quebec public land. Verify current regulations.", "source": "MRNF TRQ_WMS layer 8", "layer_role": "public_hunt_territory"}, "geometry": {"type": "MultiPolygon", "coordinates": [[[[-75.6631, 47.8643], [-75.7137, 47.8574], [-75.7297, 47.8409], [-75.7389, 47.8371], [-75.7417, 47.8306], [-75.7717, 47.8183], [-75.7737, 47.8068], [-75.7875, 47.7914], [-75.7849, 47.786], [-75.7887, 47.783], [-75.7672, 47.7844], [-75.768, 47.7449], [-75.7953, 47.7066], [-75.787, 47.6845], [-75.7691, 47.6541], [-75.77, 47.6485], [-75.7084, 47.6822], [-75.699, 47.6756], [-75.6282, 47.7142], [-75.6639, 47.7383], [-75.6643, 47.7707], [-75.6444, 47.7708], [-75.6388, 47.7748], [-75.6472, 47.7786], [-75.6535, 47.7869], [-75.6588, 47.7876], [-75.6576, 47.791], [-75.6407, 47.805], [-75.642, 47.8183], [-75.6383, 47.8214], [-75.6424, 47.824], [-75.6388, 47.8292], [-75.6254, 47.8369], [-75.6185, 47.8378], [-75.6139, 47.8343], [-75.6181, 47.8434], [-75.6267, 47.8461], [-75.6336, 47.8585], [-75.651, 47.8597], [-75.6631, 47.8643]]], [[[-75.9239, 47.8011], [-75.9361, 47.7993], [-75.9774, 47.7757], [-75.9649, 47.7524], [-75.9646, 47.7342], [-75.9318, 47.7347], [-75.9059, 47.7419], [-75.8728, 47.7404], [-75.8596, 47.7437], [-75.8378, 47.7312], [-75.83, 47.7354], [-75.841, 47.7381], [-75.834, 47.7396], [-75.8314, 47.7441], [-75.8355, 47.75], [-75.8388, 47.7499], [-75.8345, 47.7593], [-75.8361, 47.7642], [-75.8297, 47.7663], [-75.8317, 47.7694], [-75.8489, 47.7738], [-75.8877, 47.7679], [-75.8879, 47.7716], [-75.8927, 47.7733], [-75.89, 47.7761], [-75.8974, 47.7817], [-75.9032, 47.7815], [-75.9007, 47.7854], [-75.9037, 47.7889], [-75.9127, 47.7947], [-75.9176, 47.7939], [-75.9239, 47.8011]]]]}}, {"type": "Feature", "properties": {"id": "qc-trq-8-166", "name": "Club de Chasse et P\u00eache Stramond", "province": "QC", "park_type": "outfitter_exclusive", "designation": "outfitter exclusive", "hunting_allowed": true, "policy_id": "07-868", "summary": "Structured recreational / wildlife territory on Quebec public land. Verify current regulations.", "source": "MRNF TRQ_WMS layer 8", "layer_role": "public_hunt_territory"}, "geometry": {"type": "Polygon", "coordinates": [[[-75.9496, 47.6784], [-76.0325, 47.6784], [-76.0327, 47.6024], [-75.9468, 47.5816], [-75.9466, 47.5708], [-75.9086, 47.5612], [-75.8547, 47.624], [-75.9494, 47.6693], [-75.9496, 47.6784]]]}}, {"type": "Feature", "properties": {"id": "qc-trq-8-167", "name": "Pavillon Wapus inc.", "province": "QC", "park_type": "outfitter_exclusive", "designation": "outfitter exclusive", "hunting_allowed": true, "policy_id": "07-830", "summary": "Structured recreational / wildlife territory on Quebec public land. Verify current regulations.", "source": "MRNF TRQ_WMS layer 8", "layer_role": "public_hunt_territory"}, "geometry": {"type": "MultiPolygon", "coordinates": [[[[-75.7297, 47.4806], [-75.8872, 47.4443], [-75.9032, 47.4212], [-75.8883, 47.3984], [-75.8817, 47.376], [-75.8835, 47.3725], [-75.904, 47.3626], [-75.9136, 47.3532], [-75.9008, 47.3517], [-75.8896, 47.346], [-75.8996, 47.3264], [-75.8908, 47.3188], [-75.8336, 47.3372], [-75.8332, 47.3137], [-75.8305, 47.3145], [-75.8159, 47.3217], [-75.8099, 47.3303], [-75.7814, 47.3431], [-75.7617, 47.3612], [-75.6778, 47.3995], [-75.6752, 47.3978], [-75.6757, 47.4005], [-75.6511, 47.4122], [-75.6513, 47.4266], [-75.6593, 47.4321], [-75.6522, 47.4347], [-75.6604, 47.4329], [-75.6813, 47.4473], [-75.6761, 47.4521], [-75.6823, 47.4509], [-75.6853, 47.4554], [-75.6894, 47.4529], [-75.696, 47.4575], [-75.6951, 47.4597], [-75.6964, 47.4577], [-75.7037, 47.4628], [-75.6958, 47.4669], [-75.7045, 47.4633], [-75.7183, 47.4728], [-75.7124, 47.4739], [-75.7142, 47.4767], [-75.7207, 47.4744], [-75.7297, 47.4806]]], [[[-75.8414, 47.5537], [-75.8616, 47.5484], [-75.8613, 47.5447], [-75.8695, 47.538], [-75.87, 47.5273], [-75.8757, 47.5124], [-75.9353, 47.5151], [-75.9418, 47.5056], [-75.9215, 47.4872], [-75.9226, 47.4778], [-75.9259, 47.4752], [-75.9218, 47.4712], [-75.9377, 47.4632], [-75.9318, 47.4523], [-75.9133, 47.4433], [-75.904, 47.4481], [-75.8851, 47.4513], [-75.8761, 47.4714], [-75.8043, 47.5311], [-75.8115, 47.536], [-75.7988, 47.5471], [-75.815, 47.5533], [-75.8279, 47.5491], [-75.8414, 47.5537]]]]}}, {"type": "Feature", "properties": {"id": "qc-trq-8-168", "name": "Le Domaine Shannon inc.", "province": "QC", "park_type": "outfitter_exclusive", "designation": "outfitter exclusive", "hunting_allowed": true, "policy_id": "07-815", "summary": "Structured recreational / wildlife territory on Quebec public land. Verify current regulations.", "source": "MRNF TRQ_WMS layer 8", "layer_role": "public_hunt_territory"}, "geometry": {"type": "Polygon", "coordinates": [[[-76.1057, 47.4506], [-76.3216, 47.4451], [-76.3116, 47.4378], [-76.3216, 47.4384], [-76.3344, 47.4323], [-76.3143, 47.4256], [-76.2981, 47.4284], [-76.2825, 47.4212], [-76.2701, 47.4243], [-76.2616, 47.4113], [-76.247, 47.4064], [-76.2515, 47.3999], [-76.1631, 47.3418], [-76.16, 47.3352], [-76.1604, 47.3143], [-76.163, 47.3094], [-76.1676, 47.3092], [-76.1616, 47.308], [-76.1656, 47.3034], [-76.1836, 47.3025], [-76.1748, 47.2987], [-76.1735, 47.2912], [-76.1626, 47.2815], [-76.1685, 47.2772], [-76.1603, 47.2758], [-76.1604, 47.2486], [-76.1425, 47.2484], [-76.1373, 47.2513], [-76.1335, 47.2623], [-76.1408, 47.2757], [-76.0927, 47.287], [-76.0594, 47.278], [-76.0371, 47.2885], [-76.0254, 47.2881], [-76.0124, 47.2927], [-76.0002, 47.3043], [-76.0121, 47.3266], [-75.9669, 47.3344], [-75.9288, 47.332], [-75.9293, 47.363], [-75.9359, 47.368], [-75.9336, 47.3701], [-75.9294, 47.3674], [-75.93, 47.3995], [-75.9489, 47.4196], [-76.0136, 47.419], [-76.0146, 47.4223], [-76.0466, 47.4246], [-76.0496, 47.4227], [-76.0478, 47.4072], [-76.0944, 47.4066], [-76.0945, 47.4115], [-76.0641, 47.4478], [-76.0985, 47.4483], [-76.1075, 47.4531], [-76.1057, 47.4506]]]}}, {"type": "Feature", "properties": {"id": "qc-trq-8-169", "name": "Club Notawissi 2006 inc.", "province": "QC", "park_type": "outfitter_exclusive", "designation": "outfitter exclusive", "hunting_allowed": true, "policy_id": "15-867", "summary": "Structured recreational / wildlife territory on Quebec public land. Verify current regulations.", "source": "MRNF TRQ_WMS layer 8", "layer_role": "public_hunt_territory"}, "geometry": {"type": "Polygon", "coordinates": [[[-75.4544, 47.1216], [-75.529, 47.133], [-75.5302, 47.0847], [-75.5436, 47.0754], [-75.5574, 47.0706], [-75.5676, 47.0601], [-75.6129, 47.0342], [-75.6015, 47.0314], [-75.5864, 47.0216], [-75.5835, 47.0141], [-75.5886, 47.0103], [-75.5869, 47.0004], [-75.5787, 46.9987], [-75.5789, 46.9962], [-75.559, 46.9841], [-75.5582, 46.9881], [-75.5537, 46.9888], [-75.5479, 46.9808], [-75.5412, 46.9846], [-75.5242, 46.9854], [-75.5093, 46.995], [-75.5017, 46.9935], [-75.5004, 46.9987], [-75.4857, 47.0108], [-75.476, 47.0126], [-75.4658, 47.0192], [-75.4504, 47.0173], [-75.4209, 47.0397], [-75.4119, 47.0398], [-75.4051, 47.0339], [-75.3882, 47.035], [-75.3789, 47.0388], [-75.3726, 47.0372], [-75.3724, 47.0462], [-75.3502, 47.0617], [-75.3497, 47.1238], [-75.362, 47.1404], [-75.4544, 47.1216]]]}}, {"type": "Feature", "properties": {"id": "qc-trq-8-170", "name": "Pourvoirie Domaine Lounan", "province": "QC", "park_type": "outfitter_exclusive", "designation": "outfitter exclusive", "hunting_allowed": true, "policy_id": "15-869", "summary": "Structured recreational / wildlife territory on Quebec public land. Verify current regulations.", "source": "MRNF TRQ_WMS layer 8", "layer_role": "public_hunt_territory"}, "geometry": {"type": "Polygon", "coordinates": [[[-74.8395, 47.31], [-74.9705, 47.3101], [-74.9705, 47.3029], [-75.0095, 47.3027], [-75.0095, 47.1967], [-74.8399, 47.1966], [-74.8395, 47.31]]]}}, {"type": "Feature", "properties": {"id": "qc-trq-8-171", "name": "Domaine VanierPourvoirie du Domaine Vanier 2016 inc.", "province": "QC", "park_type": "outfitter_exclusive", "designation": "outfitter exclusive", "hunting_allowed": true, "policy_id": "15-866", "summary": "Structured recreational / wildlife territory on Quebec public land. Verify current regulations.", "source": "MRNF TRQ_WMS layer 8", "layer_role": "public_hunt_territory"}, "geometry": {"type": "Polygon", "coordinates": [[[-75.3592, 47.3734], [-75.3983, 47.3738], [-75.4006, 47.3297], [-75.4311, 47.3291], [-75.4308, 47.2931], [-75.3673, 47.2933], [-75.367, 47.2501], [-75.3525, 47.2506], [-75.3525, 47.2529], [-75.2243, 47.2532], [-75.2598, 47.2779], [-75.237, 47.2964], [-75.2906, 47.2962], [-75.2908, 47.3241], [-75.246, 47.3767], [-75.3234, 47.3645], [-75.3592, 47.3734]]]}}, {"type": "Feature", "properties": {"id": "qc-trq-8-172", "name": "Pourvoirie Mitchinam\u00e9cus inc.", "province": "QC", "park_type": "outfitter_exclusive", "designation": "outfitter exclusive", "hunting_allowed": true, "policy_id": "15-862", "summary": "Structured recreational / wildlife territory on Quebec public land. Verify current regulations.", "source": "MRNF TRQ_WMS layer 8", "layer_role": "public_hunt_territory"}, "geometry": {"type": "Polygon", "coordinates": [[[-74.749, 47.6574], [-74.7582, 47.6637], [-74.8743, 47.5786], [-74.8753, 47.5537], [-74.8926, 47.5656], [-74.9923, 47.493], [-74.9571, 47.4693], [-74.9571, 47.4844], [-74.8993, 47.5107], [-74.7386, 47.5105], [-74.7208, 47.4987], [-74.7131, 47.5059], [-74.7297, 47.5163], [-74.7348, 47.6037], [-74.7288, 47.6187], [-74.7182, 47.625], [-74.7114, 47.6522], [-74.7141, 47.652], [-74.713, 47.6547], [-74.7372, 47.6493], [-74.747, 47.656], [-74.744, 47.6576], [-74.749, 47.6574]]]}}, {"type": "Feature", "properties": {"id": "qc-trq-8-173", "name": "Club de chasse et p\u00eache Wapoos Sibi", "province": "QC", "park_type": "outfitter_exclusive", "designation": "outfitter exclusive", "hunting_allowed": true, "policy_id": "15-864", "summary": "Structured recreational / wildlife territory on Quebec public land. Verify current regulations.", "source": "MRNF TRQ_WMS layer 8", "layer_role": "public_hunt_territory"}, "geometry": {"type": "Polygon", "coordinates": [[[-74.586, 47.6446], [-74.5804, 47.6562], [-74.5661, 47.6566], [-74.5764, 47.7083], [-74.5726, 47.7109], [-74.5924, 47.7177], [-74.5921, 47.7209], [-74.5985, 47.7192], [-74.6369, 47.7284], [-74.6468, 47.7201], [-74.6488, 47.7218], [-74.6398, 47.7291], [-74.6815, 47.7391], [-74.7002, 47.702], [-74.7118, 47.6883], [-74.7163, 47.688], [-74.7136, 47.6861], [-74.7419, 47.6525], [-74.7372, 47.6493], [-74.713, 47.6547], [-74.6954, 47.6481], [-74.6929, 47.6499], [-74.6292, 47.6346], [-74.6216, 47.6289], [-74.6193, 47.6322], [-74.5996, 47.6275], [-74.593, 47.6298], [-74.5875, 47.6413], [-74.5851, 47.6394], [-74.586, 47.6446]]]}}, {"type": "Feature", "properties": {"id": "qc-trq-8-174", "name": "Pourvoirie des 100 Lacs Sud (2014)", "province": "QC", "park_type": "outfitter_exclusive", "designation": "outfitter exclusive", "hunting_allowed": true, "policy_id": "15-863", "summary": "Structured recreational / wildlife territory on Quebec public land. Verify current regulations.", "source": "MRNF TRQ_WMS layer 8", "layer_role": "public_hunt_territory"}, "geometry": {"type": "Polygon", "coordinates": [[[-74.5114, 47.5257], [-74.5064, 47.5677], [-74.6201, 47.5533], [-74.5896, 47.4583], [-74.6644, 47.4869], [-74.7298, 47.4914], [-74.7266, 47.4838], [-74.7353, 47.4724], [-74.7357, 47.4551], [-74.7343, 47.4482], [-74.7211, 47.4481], [-74.7214, 47.3719], [-74.6817, 47.3718], [-74.6817, 47.3666], [-74.642, 47.3662], [-74.6235, 47.4017], [-74.6223, 47.4348], [-74.5862, 47.4349], [-74.5877, 47.4515], [-74.5751, 47.4515], [-74.5755, 47.4061], [-74.4551, 47.5077], [-74.5114, 47.5257]]]}}, {"type": "Feature", "properties": {"id": "qc-trq-8-175", "name": "Pourvoirie Moselle-Natakim inc.", "province": "QC", "park_type": "outfitter_exclusive", "designation": "outfitter exclusive", "hunting_allowed": true, "policy_id": "07-832", "summary": "Structured recreational / wildlife territory on Quebec public land. Verify current regulations.", "source": "MRNF TRQ_WMS layer 8", "layer_role": "public_hunt_territory"}, "geometry": {"type": "Polygon", "coordinates": [[[-75.5685, 47.5521], [-75.6067, 47.5356], [-75.6136, 47.5358], [-75.6226, 47.5204], [-75.6565, 47.4917], [-75.6556, 47.4867], [-75.6932, 47.4555], [-75.6894, 47.4529], [-75.685, 47.4553], [-75.6823, 47.4509], [-75.6761, 47.4521], [-75.6813, 47.4473], [-75.6604, 47.4329], [-75.6521, 47.4347], [-75.6593, 47.4321], [-75.6513, 47.4266], [-75.6508, 47.3829], [-75.6439, 47.3758], [-75.648, 47.374], [-75.6288, 47.2904], [-75.5847, 47.2801], [-75.5384, 47.3385], [-75.5088, 47.3603], [-75.5003, 47.3565], [-75.4915, 47.3468], [-75.4728, 47.3442], [-75.4576, 47.3737], [-75.4312, 47.3897], [-75.4238, 47.4018], [-75.4088, 47.4135], [-75.4264, 47.4263], [-75.4343, 47.4269], [-75.4355, 47.4303], [-75.4314, 47.4331], [-75.4367, 47.442], [-75.4581, 47.4464], [-75.4622, 47.4506], [-75.4567, 47.4558], [-75.5497, 47.4703], [-75.5533, 47.5004], [-75.5342, 47.5167], [-75.5404, 47.5356], [-75.5685, 47.5521]]]}}, {"type": "Feature", "properties": {"id": "qc-trq-8-176", "name": "Pourvoirie Camachigama", "province": "QC", "park_type": "outfitter_exclusive", "designation": "outfitter exclusive", "hunting_allowed": true, "policy_id": "08-727", "summary": "Structured recreational / wildlife territory on Quebec public land. Verify current regulations.", "source": "MRNF TRQ_WMS layer 8", "layer_role": "public_hunt_territory"}, "geometry": {"type": "Polygon", "coordinates": [[[-76.362, 47.9105], [-76.3665, 47.9146], [-76.3805, 47.9043], [-76.3788, 47.8937], [-76.386, 47.8836], [-76.3932, 47.8505], [-76.3824, 47.8241], [-76.3942, 47.8033], [-76.3555, 47.7768], [-76.3198, 47.7772], [-76.2886, 47.8117], [-76.209, 47.8045], [-76.1677, 47.8135], [-76.1731, 47.8408], [-76.1785, 47.8411], [-76.1136, 47.8734], [-76.1056, 47.8835], [-76.1083, 47.8846], [-76.1032, 47.8861], [-76.1169, 47.8847], [-76.1242, 47.8872], [-76.1265, 47.894], [-76.1329, 47.8967], [-76.1596, 47.8992], [-76.1768, 47.8967], [-76.174, 47.909], [-76.1813, 47.9147], [-76.1851, 47.9132], [-76.1859, 47.9089], [-76.1941, 47.9088], [-76.2063, 47.9023], [-76.2373, 47.9027], [-76.2924, 47.9093], [-76.3131, 47.913], [-76.3182, 47.9168], [-76.3289, 47.9128], [-76.3344, 47.9169], [-76.349, 47.9101], [-76.362, 47.9105]]]}}, {"type": "Feature", "properties": {"id": "qc-trq-8-177", "name": "Auberge de la Gatineau", "province": "QC", "park_type": "outfitter_exclusive", "designation": "outfitter exclusive", "hunting_allowed": true, "policy_id": "15-873", "summary": "Structured recreational / wildlife territory on Quebec public land. Verify current regulations.", "source": "MRNF TRQ_WMS layer 8", "layer_role": "public_hunt_territory"}, "geometry": {"type": "Polygon", "coordinates": [[[-75.7703, 47.0818], [-75.9043, 47.1699], [-75.9226, 47.1318], [-75.8786, 47.138], [-75.8707, 47.1309], [-75.8704, 47.112], [-75.8309, 47.0992], [-75.7925, 47.0703], [-75.7768, 47.0339], [-75.7796, 47.0001], [-75.7494, 46.9999], [-75.7147, 47.0458], [-75.7622, 47.0766], [-75.7692, 47.0752], [-75.7703, 47.0818]]]}}, {"type": "Feature", "properties": {"id": "qc-trq-8-178", "name": "Pourvoirie du Club Gatineau", "province": "QC", "park_type": "outfitter_exclusive", "designation": "outfitter exclusive", "hunting_allowed": true, "policy_id": "15-874", "summary": "Structured recreational / wildlife territory on Quebec public land. Verify current regulations.", "source": "MRNF TRQ_WMS layer 8", "layer_role": "public_hunt_territory"}, "geometry": {"type": "Polygon", "coordinates": [[[-75.7133, 47.2537], [-75.7496, 47.2534], [-75.7492, 47.2244], [-75.702, 47.2247], [-75.7021, 47.2353], [-75.713, 47.2352], [-75.7133, 47.2537]]]}}, {"type": "Feature", "properties": {"id": "qc-trq-8-179", "name": "Pourvoirie Jodoin", "province": "QC", "park_type": "outfitter_exclusive", "designation": "outfitter exclusive", "hunting_allowed": true, "policy_id": "15-872", "summary": "Structured recreational / wildlife territory on Quebec public land. Verify current regulations.", "source": "MRNF TRQ_WMS layer 8", "layer_role": "public_hunt_territory"}, "geometry": {"type": "Polygon", "coordinates": [[[-75.0795, 46.8514], [-75.108, 46.8632], [-75.1337, 46.8295], [-75.1687, 46.7939], [-75.0797, 46.7426], [-75.0627, 46.7542], [-75.0556, 46.7464], [-75.0459, 46.7471], [-75.0387, 46.753], [-75.0379, 46.7597], [-75.0336, 46.7594], [-75.0337, 46.7562], [-75.0243, 46.7585], [-75.0241, 46.7494], [-75.0131, 46.7471], [-75.0109, 46.7412], [-75.0027, 46.7414], [-75.0009, 46.746], [-74.9949, 46.7469], [-74.9932, 46.7488], [-75.0049, 46.7571], [-75.0059, 46.765], [-75.0155, 46.7762], [-75.0057, 46.7923], [-75.0075, 46.7954], [-75.0047, 46.7996], [-75.0107, 46.8211], [-75.007, 46.8246], [-75.008, 46.8394], [-75.0795, 46.8514]]]}}, {"type": "Feature", "properties": {"id": "qc-trq-8-180", "name": "Pavillon Beauregard", "province": "QC", "park_type": "outfitter_exclusive", "designation": "outfitter exclusive", "hunting_allowed": true, "policy_id": "15-842", "summary": "Structured recreational / wildlife territory on Quebec public land. Verify current regulations.", "source": "MRNF TRQ_WMS layer 8", "layer_role": "public_hunt_territory"}, "geometry": {"type": "Polygon", "coordinates": [[[-74.7485, 46.9688], [-74.8653, 47.0482], [-74.9248, 46.9999], [-74.9122, 46.9411], [-74.9473, 46.9073], [-74.9478, 46.8982], [-74.9373, 46.8925], [-74.9338, 46.8867], [-74.9397, 46.8794], [-74.9423, 46.8687], [-74.913, 46.8687], [-74.8762, 46.9063], [-74.864, 46.8978], [-74.7485, 46.9688]]]}}, {"type": "Feature", "properties": {"id": "qc-trq-8-181", "name": "Pourvoirie Mekoos", "province": "QC", "park_type": "outfitter_exclusive", "designation": "outfitter exclusive", "hunting_allowed": true, "policy_id": "15-871", "summary": "Structured recreational / wildlife territory on Quebec public land. Verify current regulations.", "source": "MRNF TRQ_WMS layer 8", "layer_role": "public_hunt_territory"}, "geometry": {"type": "Polygon", "coordinates": [[[-74.9865, 47.0626], [-74.9864, 47.0982], [-75.0005, 47.0843], [-75.0206, 47.0781], [-75.042, 47.0663], [-75.0536, 47.067], [-75.0583, 47.0588], [-75.0935, 47.0535], [-75.1029, 47.0542], [-75.1133, 47.0597], [-75.1072, 47.0607], [-75.1061, 47.065], [-75.1134, 47.0659], [-75.1224, 47.061], [-75.1201, 47.0575], [-75.1258, 47.054], [-75.1276, 47.0472], [-75.1226, 47.045], [-75.1264, 47.0427], [-75.1281, 47.0337], [-75.1342, 47.0331], [-75.1301, 47.0282], [-75.1408, 47.0229], [-75.1393, 47.0159], [-75.1306, 47.0138], [-75.1298, 47.0105], [-75.1336, 47.0079], [-75.1417, 47.009], [-75.1466, 47.0045], [-75.138, 46.9964], [-75.1278, 46.998], [-75.1381, 46.9918], [-75.1314, 46.9866], [-75.137, 46.9827], [-75.1286, 46.9794], [-75.1355, 46.9774], [-75.135, 46.9746], [-75.1298, 46.972], [-75.1248, 46.9743], [-75.124, 46.9694], [-75.1267, 46.9675], [-75.122, 46.9638], [-75.131, 46.9554], [-75.1197, 46.9503], [-75.1111, 46.9563], [-75.1163, 46.9475], [-75.1246, 46.9456], [-75.1235, 46.942], [-75.1159, 46.9402], [-75.1088, 46.9461], [-75.1081, 46.9428], [-75.1175, 46.9338], [-75.1312, 46.9334], [-75.1298, 46.9227], [-75.1436, 46.9244], [-75.1289, 46.9143], [-75.1178, 46.9157], [-75.1167, 46.9114], [-75.1109, 46.9089], [-75.108, 46.8632], [-75.0795, 46.8514], [-74.9958, 46.8369], [-74.9958, 46.8397], [-74.9884, 46.8409], [-74.9878, 46.8435], [-74.9535, 46.8543], [-74.951, 46.8608], [-74.9407, 46.8698], [-74.9397, 46.8794], [-74.9338, 46.8867], [-74.9373, 46.8925], [-74.9478, 46.8982], [-74.9473, 46.9073], [-74.9122, 46.9411], [-74.9248, 46.9999], [-74.9275, 46.9969], [-74.9645, 47.0626], [-74.9865, 47.0626]]]}}, {"type": "Feature", "properties": {"id": "qc-trq-8-182", "name": "La Pourvoirie Menjo", "province": "QC", "park_type": "outfitter_exclusive", "designation": "outfitter exclusive", "hunting_allowed": true, "policy_id": "15-870", "summary": "Structured recreational / wildlife territory on Quebec public land. Verify current regulations.", "source": "MRNF TRQ_WMS layer 8", "layer_role": "public_hunt_territory"}, "geometry": {"type": "Polygon", "coordinates": [[[-75.1443, 47.0875], [-75.2223, 47.1379], [-75.2219, 47.0365], [-75.2293, 47.037], [-75.2219, 47.0337], [-75.2225, 47.028], [-75.2296, 47.024], [-75.2227, 47.0266], [-75.2245, 47.0244], [-75.2221, 47.0244], [-75.2219, 47.0279], [-75.2218, 47.0055], [-75.2463, 46.9798], [-75.2218, 46.9832], [-75.1795, 46.9832], [-75.1407, 46.9344], [-75.1175, 46.9338], [-75.1085, 46.9419], [-75.108, 46.9459], [-75.118, 46.9399], [-75.1248, 46.9453], [-75.1163, 46.9475], [-75.1111, 46.9563], [-75.1187, 46.9504], [-75.1306, 46.9549], [-75.122, 46.9638], [-75.1267, 46.9675], [-75.124, 46.9694], [-75.1248, 46.9743], [-75.1307, 46.9721], [-75.1354, 46.9754], [-75.129, 46.9805], [-75.1376, 46.9838], [-75.1314, 46.9863], [-75.1378, 46.9923], [-75.1278, 46.998], [-75.138, 46.9964], [-75.1465, 47.0047], [-75.1417, 47.009], [-75.1336, 47.0079], [-75.1298, 47.0105], [-75.1306, 47.0138], [-75.1393, 47.0159], [-75.1408, 47.0229], [-75.1301, 47.0282], [-75.1342, 47.0331], [-75.1281, 47.0337], [-75.1264, 47.0427], [-75.1226, 47.045], [-75.1276, 47.0472], [-75.1258, 47.054], [-75.1201, 47.0575], [-75.1224, 47.061], [-75.1134, 47.0659], [-75.1045, 47.0653], [-75.0924, 47.074], [-75.0903, 47.0809], [-75.0823, 47.0844], [-75.0844, 47.0889], [-75.0823, 47.0982], [-75.1025, 47.1112], [-75.1078, 47.1224], [-75.1288, 47.1224], [-75.1443, 47.0875]]]}}, {"type": "Feature", "properties": {"id": "qc-trq-8-183", "name": "Pourvoirie Club Rossignol inc.", "province": "QC", "park_type": "outfitter_exclusive", "designation": "outfitter exclusive", "hunting_allowed": true, "policy_id": "15-841", "summary": "Structured recreational / wildlife territory on Quebec public land. Verify current regulations.", "source": "MRNF TRQ_WMS layer 8", "layer_role": "public_hunt_territory"}, "geometry": {"type": "Polygon", "coordinates": [[[-74.8998, 46.7365], [-74.9316, 46.7579], [-74.9879, 46.7131], [-74.9908, 46.6658], [-74.9542, 46.6741], [-74.9546, 46.6271], [-74.9365, 46.6297], [-74.9396, 46.6326], [-74.9396, 46.6425], [-74.9314, 46.6533], [-74.9338, 46.6565], [-74.9294, 46.6649], [-74.9149, 46.6741], [-74.9017, 46.6769], [-74.8945, 46.6812], [-74.8947, 46.6839], [-74.8839, 46.677], [-74.8597, 46.6898], [-74.8553, 46.6983], [-74.8527, 46.6983], [-74.8539, 46.7045], [-74.8961, 46.734], [-74.8903, 46.7361], [-74.8924, 46.7407], [-74.8935, 46.7377], [-74.8998, 46.7365]]]}}, {"type": "Feature", "properties": {"id": "qc-trq-8-184", "name": "Pourvoirie J.E. Goyette inc.", "province": "QC", "park_type": "outfitter_exclusive", "designation": "outfitter exclusive", "hunting_allowed": true, "policy_id": "04-539", "summary": "Structured recreational / wildlife territory on Quebec public land. Verify current regulations.", "source": "MRNF TRQ_WMS layer 8", "layer_role": "public_hunt_territory"}, "geometry": {"type": "Polygon", "coordinates": [[[-73.2274, 47.4775], [-73.2448, 47.4795], [-73.2439, 47.4761], [-73.2492, 47.4702], [-73.2806, 47.4544], [-73.2745, 47.4502], [-73.2804, 47.4308], [-73.2442, 47.4211], [-73.2588, 47.386], [-73.1919, 47.3809], [-73.1928, 47.3885], [-73.1771, 47.3779], [-73.1615, 47.3747], [-73.1528, 47.3662], [-73.1263, 47.3617], [-73.1071, 47.4411], [-73.1097, 47.4427], [-73.1068, 47.4424], [-73.0983, 47.4771], [-73.185, 47.4601], [-73.2274, 47.4775]]]}}, {"type": "Feature", "properties": {"id": "qc-trq-8-185", "name": "Club de chasse et p\u00eache B.& B. (1997) inc.", "province": "QC", "park_type": "outfitter_exclusive", "designation": "outfitter exclusive", "hunting_allowed": true, "policy_id": "04-502", "summary": "Structured recreational / wildlife territory on Quebec public land. Verify current regulations.", "source": "MRNF TRQ_WMS layer 8", "layer_role": "public_hunt_territory"}, "geometry": {"type": "Polygon", "coordinates": [[[-73.1637, 47.5188], [-73.1846, 47.5134], [-73.1896, 47.4961], [-73.1993, 47.4871], [-73.2058, 47.4856], [-73.2149, 47.4708], [-73.185, 47.4601], [-73.0983, 47.4771], [-73.0893, 47.5179], [-73.1243, 47.5141], [-73.1637, 47.5188]]]}}, {"type": "Feature", "properties": {"id": "qc-trq-8-186", "name": "Club Odanak (La Tuque) inc.", "province": "QC", "park_type": "outfitter_exclusive", "designation": "outfitter exclusive", "hunting_allowed": true, "policy_id": "04-565", "summary": "Structured recreational / wildlife territory on Quebec public land. Verify current regulations.", "source": "MRNF TRQ_WMS layer 8", "layer_role": "public_hunt_territory"}, "geometry": {"type": "Polygon", "coordinates": [[[-72.942, 47.5381], [-72.94, 47.4666], [-72.8719, 47.4667], [-72.8703, 47.4741], [-72.8735, 47.4832], [-72.8683, 47.4905], [-72.8595, 47.4951], [-72.856, 47.491], [-72.8457, 47.4924], [-72.8458, 47.4977], [-72.8402, 47.5058], [-72.8468, 47.5111], [-72.8412, 47.523], [-72.8963, 47.5263], [-72.9041, 47.5307], [-72.942, 47.5381]]]}}, {"type": "Feature", "properties": {"id": "qc-trq-8-187", "name": "Pourvoirie du lac DuMoulin", "province": "QC", "park_type": "outfitter_exclusive", "designation": "outfitter exclusive", "hunting_allowed": true, "policy_id": "04-508", "summary": "Structured recreational / wildlife territory on Quebec public land. Verify current regulations.", "source": "MRNF TRQ_WMS layer 8", "layer_role": "public_hunt_territory"}, "geometry": {"type": "Polygon", "coordinates": [[[-72.9433, 47.5888], [-73.0404, 47.5903], [-73.0405, 47.5701], [-73.0822, 47.5699], [-73.0817, 47.5356], [-73.09, 47.5355], [-73.087, 47.5309], [-73.0928, 47.5208], [-73.0888, 47.517], [-73.0921, 47.5122], [-73.0929, 47.4994], [-73.0674, 47.4996], [-73.061, 47.5117], [-73.0507, 47.5132], [-73.0512, 47.5097], [-73.0592, 47.506], [-73.0599, 47.4996], [-72.941, 47.4999], [-72.9433, 47.5888]]]}}, {"type": "Feature", "properties": {"id": "qc-trq-8-188", "name": "Pourvoirie N\u00e9miskau 2002", "province": "QC", "park_type": "outfitter_exclusive", "designation": "outfitter exclusive", "hunting_allowed": true, "policy_id": "04-744", "summary": "Structured recreational / wildlife territory on Quebec public land. Verify current regulations.", "source": "MRNF TRQ_WMS layer 8", "layer_role": "public_hunt_territory"}, "geometry": {"type": "Polygon", "coordinates": [[[-73.5666, 47.5873], [-73.6019, 47.5873], [-73.6053, 47.5484], [-73.6041, 47.5367], [-73.5983, 47.538], [-73.6043, 47.534], [-73.6049, 47.5203], [-73.5422, 47.5193], [-73.5412, 47.5532], [-73.5646, 47.5796], [-73.5648, 47.5835], [-73.5597, 47.5848], [-73.5666, 47.5873]]]}}, {"type": "Feature", "properties": {"id": "qc-trq-8-189", "name": "La Pourvoirie du Lac Oscar inc.", "province": "QC", "park_type": "outfitter_exclusive", "designation": "outfitter exclusive", "hunting_allowed": true, "policy_id": "04-730", "summary": "Structured recreational / wildlife territory on Quebec public land. Verify current regulations.", "source": "MRNF TRQ_WMS layer 8", "layer_role": "public_hunt_territory"}, "geometry": {"type": "Polygon", "coordinates": [[[-73.3865, 47.6157], [-73.3764, 47.6149], [-73.3789, 47.6118], [-73.3699, 47.6084], [-73.3723, 47.5993], [-73.3885, 47.5923], [-73.4325, 47.5887], [-73.4138, 47.5635], [-73.4222, 47.5501], [-73.4354, 47.559], [-73.502, 47.5185], [-73.5422, 47.5193], [-73.5412, 47.5532], [-73.5633, 47.5775], [-73.565, 47.5832], [-73.5597, 47.5848], [-73.5673, 47.5893], [-73.5625, 47.5872], [-73.559, 47.589], [-73.5595, 47.5921], [-73.551, 47.5912], [-73.5269, 47.5861], [-73.5211, 47.5806], [-73.5123, 47.5817], [-73.5131, 47.5881], [-73.5064, 47.5992], [-73.5089, 47.6061], [-73.507, 47.61], [-73.4856, 47.6062], [-73.4997, 47.6238], [-73.5036, 47.654], [-73.4926, 47.6615], [-73.4996, 47.6743], [-73.496, 47.6857], [-73.5149, 47.7166], [-73.5134, 47.7186], [-73.5193, 47.7298], [-73.4731, 47.7226], [-73.4699, 47.7175], [-73.4668, 47.7179], [-73.4539, 47.7294], [-73.4551, 47.7364], [-73.4504, 47.7384], [-73.4503, 47.7455], [-73.4464, 47.7439], [-73.4409, 47.7513], [-73.4293, 47.7492], [-73.4229, 47.741], [-73.4155, 47.7434], [-73.3984, 47.7397], [-73.3964, 47.7454], [-73.3934, 47.7381], [-73.389, 47.7365], [-73.3825, 47.7368], [-73.3812, 47.7446], [-73.3754, 47.7421], [-73.3493, 47.7505], [-73.3452, 47.7491], [-73.345, 47.7448], [-73.3267, 47.741], [-73.3325, 47.7259], [-73.3294, 47.725], [-73.3302, 47.6985], [-73.3368, 47.6902], [-73.3296, 47.6902], [-73.3376, 47.6846], [-73.3468, 47.6847], [-73.3628, 47.669], [-73.3728, 47.6661], [-73.3738, 47.6529], [-73.3926, 47.649], [-73.3935, 47.6407], [-73.3988, 47.6336], [-73.3887, 47.6253], [-73.3911, 47.6214], [-73.3865, 47.6157]], [[-73.3873, 47.6104], [-73.3858, 47.6143], [-73.38655803968018, 47.61531548711874], [-73.3873, 47.6104]]]}}]}