{"type": "FeatureCollection", "metadata": {"layer": "wmu", "feature_count": 24, "province": "qc", "coverage": "Quebec hunting/fishing zones (province-wide)", "license": "\u00a9 Gouvernement du Qu\u00e9bec \u2014 open licence not stated", "license_unconfirmed": "The GAGQ service publishes only the copyright line '\u00a9 Gouvernement du Qu\u00e9bec' and names no licence, and no Donn\u00e9es Qu\u00e9bec dataset page for this geometry has been found. Sibling MRNF datasets are CC-BY 4.0, but assuming it for this one would be asserting a permission nobody granted. Resolve before Quebec stops being a preview: either cite the licence or drop the layer.", "source": "https://peche.faune.gouv.qc.ca/arcgiswa/rest/services/PRODC-E/GAGQ/MapServer/31/query"}, "features": [{"type": "Feature", "properties": {"id": "qc-zone-1", "wmu_id": "10", "name": "Zone 10", "province": "QC", "source": "Qu\u00e9bec \u2014 Zones de chasse et p\u00eache (GAGQ)", "zone_kind": "zone_de_chasse"}, "geometry": {"type": "Polygon", "coordinates": [[[-77.7462, 46.4136], [-77.7579, 46.4215], [-77.7613, 46.4276], [-77.7666, 46.429], [-77.7653, 46.4361], [-77.7603, 46.4389], [-77.764, 46.4424], [-77.7602, 46.4403], [-77.7774, 46.4526], [-77.7721, 46.4589], [-77.7728, 46.465], [-77.77, 46.4666], [-77.7726, 46.4692], [-77.7654, 46.473], [-77.7671, 46.4766], [-77.7642, 46.4795], [-77.7683, 46.4792], [-77.7624, 46.4844], [-77.7613, 46.4926], [-77.7634, 46.4927], [-77.7605, 46.4986], [-77.7637, 46.5034], [-77.7468, 46.4949], [-77.7494, 46.4885], [-77.7385, 46.4844], [-77.7191, 46.4965], [-77.711, 46.5321], [-77.6936, 46.5604], [-77.695, 46.5692], [-77.673, 46.5863], [-77.6738, 46.5972], [-77.668, 46.5948], [-77.6574, 46.6016], [-77.6529, 46.6152], [-77.6304, 46.6078], [-77.6221, 46.6126], [-77.623, 46.6159], [-77.6114, 46.6189], [-77.5966, 46.6154], [-77.5736, 46.6185], [-77.5557, 46.6163], [-77.5512, 46.6103], [-77.531, 46.6086], [-77.5068, 46.6008], [-77.4999, 46.5942], [-77.482, 46.5869], [-77.4668, 46.5699], [-77.4535, 46.5664], [-77.4471, 46.5682], [-77.447, 46.5724], [-77.4404, 46.5725], [-77.4373, 46.5681], [-77.4415, 46.5578], [-77.4416, 46.5432], [-77.4284, 46.5336], [-77.4219, 46.518], [-77.4267, 46.5119], [-77.4221, 46.5097], [-77.4288, 46.507], [-77.4201, 46.5026], [-77.4134, 46.5032], [-77.4061, 46.4942], [-77.3997, 46.4963], [-77.3963, 46.4904], [-77.3877, 46.4867], [-77.391, 46.4776], [-77.3819, 46.4667], [-77.3742, 46.4681], [-77.3652, 46.4796], [-77.3613, 46.4763], [-77.3595, 46.4879], [-77.354, 46.4873], [-77.3459, 46.4926], [-77.3498, 46.4949], [-77.3438, 46.4962], [-77.3459, 46.4984], [-77.3427, 46.499], [-77.3468, 46.5017], [-77.3422, 46.5034], [-77.3445, 46.5061], [-77.341, 46.51], [-77.3446, 46.5068], [-77.3485, 46.5088], [-77.344, 46.5172], [-77.3495, 46.5185], [-77.3517, 46.526], [-77.3351, 46.5349], [-77.3307, 46.5341], [-77.3244, 46.5221], [-77.3166, 46.5181], [-77.3104, 46.5189], [-77.302, 46.5117], [-77.25, 46.5047], [-77.2439, 46.4991], [-77.2336, 46.4978], [-77.2298, 46.493], [-77.2345, 46.4871], [-77.2315, 46.4842], [-77.221, 46.4837], [-77.2142, 46.4904], [-77.2051, 46.4911], [-77.2096, 46.4898], [-77.2098, 46.4866], [-77.2124, 46.4885], [-77.2129, 46.4843], [-77.2177, 46.4851], [-77.2157, 46.4812], [-77.2311, 46.4839], [-77.2276, 46.4786], [-77.2089, 46.4772], [-77.2002, 46.4826], [-77.1953, 46.4804], [-77.2058, 46.4714], [-77.2053, 46.4681], [-77.1974, 46.4669], [-77.1967, 46.4638], [-77.2037, 46.4591], [-77.2033, 46.4532], [-77.2099, 46.4482], [-77.2067, 46.4437], [-77.2113, 46.436], [-77.2077, 46.4189], [-77.1979, 46.4062], [-77.1988, 46.3987], [-77.204, 46.3926], [-77.1968, 46.3809], [-77.2045, 46.3738], [-77.2262, 46.377], [-77.2253, 46.3729], [-77.2184, 46.3666], [-77.2099, 46.368], [-77.2149, 46.3651], [-77.2082, 46.365], [-77.2101, 46.3617], [-77.2043, 46.365], [-77.2004, 46.362], [-77.2018, 46.3589], [-77.1997, 46.3612], [-77.2027, 46.3661], [-77.1931, 46.3655], [-77.1957, 46.3616], [-77.1912, 46.3597], [-77.1959, 46.3545], [-77.1749, 46.3446], [-77.1682, 46.3335], [-77.1523, 46.3255], [-77.1465, 46.3178], [-77.1374, 46.3173], [-77.1355, 46.3146], [-77.1377, 46.3128], [-77.1327, 46.3135], [-77.1305, 46.31], [-77.1236, 46.3119], [-77.1197, 46.3087], [-77.1135, 46.3117], [-77.1159, 46.3072], [-77.0985, 46.3016], [-77.1012, 46.2989], [-77.0969, 46.2973], [-77.0999, 46.2952], [-77.091, 46.2937], [-77.0786, 46.2836], [-77.0757, 46.2845], [-77.0772, 46.2895], [-77.0679, 46.2928], [-77.0598, 46.2871], [-77.0448, 46.2838], [-77.031, 46.2898], [-77.0354, 46.2855], [-77.0293, 46.2796], [-76.9961, 46.2686], [-76.9988, 46.2649], [-76.9922, 46.2594], [-76.9866, 46.2596], [-76.988, 46.2552], [-76.9739, 46.2463], [-76.9797, 46.2463], [-76.9768, 46.2428], [-76.9732, 46.2467], [-76.9621, 46.2467], [-76.9638, 46.2507], [-76.9606, 46.2523], [-76.9508, 46.2445], [-76.9598, 46.2419], [-76.9538, 46.2399], [-76.9483, 46.2438], [-76.8075, 46.2334], [-76.8024, 46.2387], [-76.7901, 46.2361], [-76.7849, 46.2419], [-76.7781, 46.2409], [-76.7726, 46.2451], [-76.7798, 46.2572], [-76.8006, 46.2704], [-76.8193, 46.2892], [-76.8246, 46.3054], [-76.8344, 46.3083], [-76.839, 46.3193], [-76.8491, 46.3279], [-76.8705, 46.3605], [-76.8671, 46.3703], [-76.8776, 46.3746], [-76.8779, 46.3803], [-76.8822, 46.3834], [-76.8814, 46.3887], [-76.891, 46.4004], [-76.8912, 46.4065], [-76.9104, 46.4247], [-76.9336, 46.456], [-76.9705, 46.4872], [-76.9709, 46.4923], [-76.9781, 46.4944], [-76.9795, 46.5003], [-77.0085, 46.5249], [-77.0298, 46.5352], [-77.0325, 46.5393], [-77.0152, 46.5569], [-77.0054, 46.5509], [-76.9925, 46.5488], [-76.9968, 46.5534], [-76.9966, 46.5591], [-76.9848, 46.5671], [-76.9901, 46.5767], [-76.988, 46.5796], [-76.9952, 46.5788], [-76.9912, 46.5826], [-76.9943, 46.5846], [-76.9912, 46.5839], [-76.9875, 46.5881], [-76.9791, 46.5865], [-76.9799, 46.5907], [-76.9761, 46.5936], [-76.9724, 46.5947], [-76.9695, 46.5905], [-76.9714, 46.589], [-76.9682, 46.5879], [-76.9622, 46.5891], [-76.9621, 46.5927], [-76.9599, 46.5906], [-76.9524, 46.593], [-76.9321, 46.5837], [-76.9339, 46.5899], [-76.9255, 46.6006], [-76.9399, 46.6144], [-76.9425, 46.6134], [-76.9455, 46.6195], [-76.8372, 46.6173], [-76.8326, 46.6331], [-76.7904, 46.632], [-76.7724, 46.6509], [-76.7357, 46.6463], [-76.6831, 46.657], [-76.6935, 46.7058], [-76.7058, 46.7152], [-76.701, 46.7182], [-76.7017, 46.7501], [-76.6166, 46.7502], [-76.5891, 46.7835], [-76.6008, 46.7848], [-76.591, 46.796], [-76.6101, 46.7921], [-76.6113, 46.7945], [-76.5976, 46.7999], [-76.5944, 46.8048], [-76.5626, 46.8065], [-76.5184, 46.787], [-76.4878, 46.7826], [-76.4703, 46.7731], [-76.4279, 46.7634], [-76.42211322207959, 46.75467240051348], [-76.4178, 46.7562], [-76.411, 46.7518], [-76.4329, 46.7331], [-76.4305, 46.7257], [-76.4216, 46.7228], [-76.4136, 46.7251], [-76.4129, 46.7203], [-76.4025, 46.7123], [-76.3987, 46.7132], [-76.403, 46.7151], [-76.3998, 46.7198], [-76.4074, 46.7258], [-76.4136, 46.7252], [-76.4113, 46.7274], [-76.4142, 46.733], [-76.4002, 46.7491], [-76.3852, 46.7569], [-76.3783, 46.7522], [-76.3762, 46.7545], [-76.3575, 46.7503], [-76.3565, 46.7534], [-76.3493, 46.7548], [-76.3498, 46.7582], [-76.3435, 46.7586], [-76.3313, 46.7456], [-76.3306, 46.739], [-76.3222, 46.7334], [-76.3221, 46.7282], [-76.3141, 46.7216], [-76.3176, 46.7109], [-76.3131, 46.7086], [-76.3139, 46.6985], [-76.3067, 46.6925], [-76.3027, 46.6828], [-76.2826, 46.6817], [-76.2748, 46.6733], [-76.2699, 46.675], [-76.2429, 46.6677], [-76.2127, 46.6727], [-76.1977, 46.6844], [-76.1721, 46.6945], [-76.158, 46.7073], [-76.1411, 46.7168], [-76.1278, 46.709], [-76.115, 46.7097], [-76.0756, 46.7312], [-76.0242, 46.6904], [-76.0026, 46.6837], [-75.9763, 46.6587], [-75.9499, 46.6469], [-75.9443, 46.6353], [-75.9036, 46.6117], [-75.8938, 46.5992], [-75.8724, 46.5899], [-75.8199, 46.5898], [-75.7918, 46.5864], [-75.7608, 46.5726], [-75.7048, 46.5583], [-75.6846, 46.5624], [-75.6643, 46.5585], [-75.631, 46.5604], [-75.6128, 46.5568], [-75.5899, 46.5569], [-75.5673, 46.5631], [-75.5547, 46.5628], [-75.5113, 46.549], [-75.469, 46.5524], [-75.4309, 46.5459], [-75.4056, 46.5611], [-75.3701, 46.5592], [-75.3597, 46.5551], [-75.2993, 46.5575], [-75.2952, 46.5556], [-75.289, 46.5433], [-75.2821, 46.5414], [-75.2717, 46.5428], [-75.2644, 46.5503], [-75.2564, 46.5533], [-75.2454, 46.5463], [-75.2261, 46.5427], [-75.1985, 46.531], [-75.1844, 46.5118], [-75.1684, 46.5033], [-75.1469, 46.501], [-75.1392, 46.4926], [-75.1296, 46.4896], [-75.1056, 46.4887], [-75.0408, 46.5026], [-75.0263, 46.4968], [-74.9957, 46.5017], [-74.9854, 46.5004], [-74.9764, 46.488], [-74.9607, 46.4798], [-74.9248, 46.4434], [-74.9048, 46.4345], [-74.8827, 46.4129], [-74.8728, 46.3986], [-74.8592, 46.3877], [-74.848, 46.371], [-74.8275, 46.3692], [-74.7905, 46.3506], [-74.7947, 46.3287], [-74.789, 46.3206], [-74.7898, 46.3094], [-74.7678, 46.2866], [-74.7393, 46.273], [-74.7144, 46.243], [-74.7162, 46.2302], [-74.7103, 46.2181], [-74.7182, 46.2039], [-74.7297, 46.1933], [-74.7308, 46.1855], [-74.7264, 46.1774], [-74.7038, 46.1575], [-74.6681, 46.1566], [-74.6478, 46.1396], [-74.613, 46.132], [-74.608, 46.12], [-74.5988, 46.1149], [-74.6087, 46.1079], [-74.6093, 46.0987], [-74.6137, 46.1001], [-74.6075, 46.0973], [-74.6146, 46.0969], [-74.6095, 46.0947], [-74.6114, 46.0911], [-74.616, 46.0926], [-74.6152, 46.0895], [-74.6188, 46.0871], [-74.6222, 46.0897], [-74.6209, 46.0835], [-74.624, 46.0794], [-74.619, 46.079], [-74.6209, 46.0759], [-74.626, 46.0759], [-74.624, 46.0743], [-74.628, 46.0704], [-74.6266, 46.0657], [-74.636, 46.0645], [-74.6259, 46.0519], [-74.6163, 46.0503], [-74.6166, 46.0462], [-74.623, 46.0422], [-74.6124, 46.0375], [-74.6184, 46.03], [-74.6298, 46.0299], [-74.6295, 46.0205], [-74.6256, 46.0157], [-74.6365, 45.9995], [-74.6324, 45.9837], [-74.6199, 45.9759], [-74.6294, 45.9769], [-74.6327, 45.9742], [-74.6306, 45.9702], [-74.6327, 45.9682], [-74.6409, 45.969], [-74.6429, 45.9627], [-74.6525, 45.9585], [-74.6569, 45.9473], [-74.6692, 45.9457], [-74.6731, 45.9367], [-74.6701, 45.9263], [-74.6583, 45.9177], [-74.656, 45.9053], [-74.65, 45.9012], [-74.6586, 45.8949], [-74.6501, 45.8806], [-74.652, 45.8687], [-74.6355, 45.8506], [-74.6443, 45.842], [-74.6658, 45.8409], [-74.6654, 45.8291], [-74.6718, 45.8223], [-74.6754, 45.8066], [-74.6997, 45.7837], [-74.6936, 45.7788], [-74.6949, 45.7762], [-74.6859, 45.7762], [-74.6804, 45.7719], [-74.6895, 45.7501], [-74.6894, 45.7378], [-74.6811, 45.7348], [-74.678, 45.7213], [-74.6708, 45.7131], [-74.672, 45.7088], [-74.6641, 45.7042], [-74.6646, 45.6966], [-74.6609, 45.6933], [-74.6594, 45.6829], [-74.6643, 45.6804], [-74.6711, 45.6659], [-74.683, 45.6674], [-74.6898, 45.656], [-74.6855, 45.6489], [-74.69, 45.6439], [-74.6548, 45.6467], [-74.6292, 45.653], [-74.6057, 45.6436], [-74.5861, 45.6408], [-74.5898, 45.6281], [-74.5991, 45.6171], [-74.6157, 45.6233], [-74.6307, 45.6339], [-74.6439, 45.6375], [-74.7007, 45.6306], [-74.7821, 45.6387], [-74.84, 45.6369], [-74.8803, 45.6428], [-74.9328, 45.6454], [-74.9455, 45.6425], [-74.9751, 45.6177], [-75.0099, 45.602], [-75.0408, 45.5937], [-75.0761, 45.5905], [-75.1211, 45.5778], [-75.1714, 45.5771], [-75.2057, 45.5876], [-75.2385, 45.5866], [-75.2977, 45.5598], [-75.313, 45.5487], [-75.3461, 45.537], [-75.3941, 45.5244], [-75.4428, 45.5209], [-75.4818, 45.5141], [-75.5312, 45.499], [-75.551, 45.4834], [-75.5785, 45.4743], [-75.6212, 45.4702], [-75.6811, 45.4594], [-75.696, 45.4477], [-75.7051, 45.4244], [-75.7215, 45.4204], [-75.7238, 45.4167], [-75.7581, 45.4119], [-75.7655, 45.4002], [-75.7834, 45.3841], [-75.799, 45.3766], [-75.8153, 45.3734], [-75.8407, 45.3733], [-75.85, 45.3765], [-75.9127, 45.4201], [-75.9561, 45.4569], [-75.9836, 45.4758], [-76.0935, 45.5171], [-76.1251, 45.5191], [-76.1626, 45.5147], [-76.2057, 45.5179], [-76.2242, 45.5137], [-76.2331, 45.5082], [-76.2382, 45.4724], [-76.2436, 45.4675], [-76.2728, 45.4692], [-76.3489, 45.4558], [-76.369, 45.4587], [-76.3965, 45.4716], [-76.4401, 45.4986], [-76.476, 45.5049], [-76.4969, 45.514], [-76.6049, 45.5319], [-76.6576, 45.5594], [-76.6742, 45.5852], [-76.6739, 45.5949], [-76.6703, 45.5995], [-76.6735, 45.6078], [-76.6701, 45.6255], [-76.6832, 45.632], [-76.6956, 45.6509], [-76.7094, 45.6642], [-76.7038, 45.6762], [-76.6902, 45.6791], [-76.6867, 45.6856], [-76.6958, 45.7003], [-76.6919, 45.7101], [-76.7028, 45.7164], [-76.7052, 45.7218], [-76.7195, 45.7195], [-76.7513, 45.7243], [-76.7693, 45.7336], [-76.7697, 45.7418], [-76.7662, 45.7468], [-76.7707, 45.7493], [-76.7682, 45.7557], [-76.7806, 45.785], [-76.7649, 45.8062], [-76.7695, 45.8302], [-76.7647, 45.8507], [-76.7744, 45.8591], [-76.7806, 45.8736], [-76.8062, 45.8766], [-76.8414, 45.8912], [-76.8695, 45.8915], [-76.8956, 45.8981], [-76.9231, 45.8955], [-76.93, 45.8884], [-76.923, 45.8709], [-76.9092, 45.8625], [-76.9025, 45.8546], [-76.9057, 45.8477], [-76.923, 45.8488], [-76.9256, 45.8461], [-76.9126, 45.8195], [-76.912, 45.8093], [-76.9457, 45.7888], [-76.9616, 45.7853], [-76.9915, 45.7866], [-77.0262, 45.8073], [-77.0493, 45.8095], [-77.0673, 45.8276], [-77.0791, 45.8332], [-77.1218, 45.841], [-77.1648, 45.8626], [-77.1974, 45.8707], [-77.2204, 45.9003], [-77.2329, 45.9109], [-77.2375, 45.9228], [-77.2539, 45.9301], [-77.2736, 45.9448], [-77.2884, 45.982], [-77.2783, 46.0147], [-77.3133, 46.0277], [-77.3788, 46.0655], [-77.4997, 46.1219], [-77.5685, 46.1579], [-77.6765, 46.1979], [-77.6809, 46.1973], [-77.6883, 46.1848], [-77.6942, 46.1824], [-77.7258, 46.1936], [-77.7759, 46.193], [-77.8012, 46.2027], [-77.8554, 46.209], [-77.8492, 46.2197], [-77.8588, 46.2383], [-77.8562, 46.2366], [-77.852, 46.2463], [-77.8489, 46.247], [-77.8504, 46.25], [-77.8551, 46.2495], [-77.8492, 46.2517], [-77.8504, 46.26], [-77.8562, 46.2662], [-77.8517, 46.2711], [-77.8541, 46.2776], [-77.8421, 46.2879], [-77.8421, 46.2917], [-77.8465, 46.292], [-77.8476, 46.2957], [-77.8414, 46.2998], [-77.8398, 46.315], [-77.8268, 46.3227], [-77.8258, 46.3285], [-77.8294, 46.3319], [-77.8197, 46.3383], [-77.8108, 46.3584], [-77.8051, 46.3608], [-77.8045, 46.365], [-77.7876, 46.3654], [-77.7831, 46.3711], [-77.7761, 46.372], [-77.7724, 46.3771], [-77.7713, 46.389], [-77.7537, 46.3947], [-77.7439, 46.4018], [-77.7462, 46.4136]], [[-76.4274, 46.7528], [-76.4218, 46.7542], [-76.42211322207959, 46.75467240051348], [-76.4274, 46.7528]], [[-77.7424, 46.4044], [-77.7433, 46.4067], [-77.74331143330572, 46.40660662800332], [-77.7424, 46.4044]], [[-77.595, 46.387], [-77.6327, 46.4158], [-77.7494, 46.3964], [-77.7654, 46.3894], [-77.7704, 46.3786], [-77.737, 46.3739], [-77.7362, 46.3705], [-77.7341, 46.3737], [-77.685, 46.3672], [-77.6892, 46.3592], [-77.6392, 46.3404], [-77.595, 46.387]]]}}, {"type": "Feature", "properties": {"id": "qc-zone-2", "wmu_id": "11", "name": "Zone 11", "province": "QC", "source": "Qu\u00e9bec \u2014 Zones de chasse et p\u00eache (GAGQ)", "zone_kind": "zone_de_chasse"}, "geometry": {"type": "Polygon", "coordinates": [[[-76.0922, 47.1829], [-76.1005, 47.1832], [-76.0957, 47.1825], [-76.0977, 47.1791], [-76.101, 47.1798], [-76.1032, 47.1735], [-76.098, 47.1679], [-76.1013, 47.1629], [-76.0981, 47.1556], [-76.0995, 47.1506], [-76.0932, 47.143], [-76.091, 47.1306], [-76.095, 47.1267], [-76.0995, 47.1006], [-76.0973, 47.0789], [-76.1006, 47.0636], [-76.0979, 47.0503], [-76.1029, 47.0474], [-76.1022, 47.0365], [-76.1061, 47.0339], [-76.1024, 47.0305], [-76.119, 47.0201], [-76.1304, 47.0196], [-76.1401, 47.0117], [-76.1456, 47.0111], [-76.1485, 47.0062], [-76.1391, 47.0011], [-76.1398, 46.9946], [-76.1285, 46.9848], [-76.1389, 46.9786], [-76.1329, 46.9691], [-76.1365, 46.9617], [-76.1336, 46.9534], [-76.1372, 46.9373], [-76.1336, 46.9356], [-76.128, 46.9209], [-76.1148, 46.9195], [-76.1069, 46.9121], [-76.0953, 46.9164], [-76.0927, 46.9216], [-76.0941, 46.9172], [-76.0919, 46.9171], [-76.0969, 46.9135], [-76.0921, 46.9108], [-76.0851, 46.912], [-76.0836, 46.9057], [-76.0799, 46.9086], [-76.0653, 46.901], [-76.0514, 46.9028], [-76.049, 46.9008], [-76.0509, 46.8969], [-76.0433, 46.892], [-76.036, 46.89], [-76.0277, 46.8953], [-76.0148, 46.8967], [-76.0149, 46.8937], [-76.0199, 46.8941], [-76.0173, 46.8898], [-76.019, 46.8872], [-76.0082, 46.8879], [-75.9906, 46.882], [-75.9926, 46.8808], [-75.9798, 46.8803], [-75.9792, 46.8782], [-75.9831, 46.8786], [-75.9788, 46.8773], [-75.9831, 46.8756], [-75.9768, 46.8778], [-75.9728, 46.8741], [-75.9775, 46.8706], [-75.977, 46.8671], [-75.9723, 46.8732], [-75.9664, 46.874], [-75.9618, 46.8701], [-75.9637, 46.8691], [-75.9565, 46.8674], [-75.9615, 46.8653], [-75.9502, 46.8636], [-75.9438, 46.8543], [-75.9347, 46.8508], [-75.9298, 46.8432], [-75.9296, 46.8348], [-75.9322, 46.8338], [-75.9379, 46.8388], [-75.9333, 46.8327], [-75.978, 46.8039], [-75.9806, 46.8047], [-75.982, 46.7998], [-75.9769, 46.8011], [-75.9804, 46.7982], [-75.9939, 46.7933], [-75.9891, 46.7899], [-75.9913, 46.7885], [-75.9775, 46.796], [-75.9732, 46.7956], [-75.9722, 46.7917], [-75.9818, 46.7806], [-75.991, 46.7821], [-75.9873, 46.7749], [-75.9952, 46.77], [-75.9968, 46.7653], [-76.0081, 46.7611], [-76.0102, 46.7555], [-76.0146, 46.7561], [-76.0181, 46.7496], [-76.0268, 46.7546], [-76.0159, 46.7606], [-76.0178, 46.7673], [-76.0107, 46.7664], [-76.0131, 46.7717], [-76.0097, 46.7728], [-76.0113, 46.7743], [-76.0044, 46.7802], [-76.0058, 46.7817], [-76.0127, 46.7782], [-76.0139, 46.7726], [-76.0247, 46.7705], [-76.0272, 46.7657], [-76.0248, 46.775], [-76.0325, 46.7633], [-76.0369, 46.7657], [-76.0352, 46.7611], [-76.0395, 46.7576], [-76.0592, 46.7472], [-76.0815, 46.7407], [-76.0787, 46.7327], [-76.067, 46.726], [-76.0398, 46.7012], [-76.0226, 46.6894], [-75.9998, 46.6819], [-75.9763, 46.6587], [-75.9494, 46.6465], [-75.9454, 46.6365], [-75.9358, 46.6286], [-75.927, 46.6263], [-75.9038, 46.6119], [-75.8929, 46.5986], [-75.8724, 46.5899], [-75.8199, 46.5898], [-75.7918, 46.5864], [-75.7608, 46.5726], [-75.7048, 46.5583], [-75.6846, 46.5624], [-75.6643, 46.5585], [-75.631, 46.5604], [-75.6128, 46.5568], [-75.5899, 46.5569], [-75.5673, 46.5631], [-75.5547, 46.5628], [-75.5113, 46.549], [-75.469, 46.5524], [-75.4309, 46.5459], [-75.4056, 46.5611], [-75.3701, 46.5592], [-75.3597, 46.5551], [-75.2993, 46.5575], [-75.2952, 46.5556], [-75.289, 46.5433], [-75.2821, 46.5414], [-75.2717, 46.5428], [-75.2644, 46.5503], [-75.2564, 46.5533], [-75.2454, 46.5463], [-75.2261, 46.5427], [-75.1985, 46.531], [-75.1844, 46.5118], [-75.1684, 46.5033], [-75.1469, 46.501], [-75.1392, 46.4926], [-75.1291, 46.4896], [-75.1056, 46.4887], [-75.0408, 46.5026], [-75.0263, 46.4968], [-74.9864, 46.5009], [-74.9764, 46.488], [-74.9607, 46.4798], [-74.9248, 46.4434], [-74.9048, 46.4345], [-74.8827, 46.4129], [-74.8728, 46.3986], [-74.8592, 46.3877], [-74.848, 46.371], [-74.8275, 46.3692], [-74.7905, 46.3506], [-74.7947, 46.3287], [-74.789, 46.3206], [-74.7898, 46.3094], [-74.7678, 46.2866], [-74.7393, 46.273], [-74.7144, 46.243], [-74.7162, 46.2302], [-74.7103, 46.2181], [-74.7182, 46.2039], [-74.7297, 46.1933], [-74.7308, 46.1855], [-74.7264, 46.1774], [-74.7038, 46.1575], [-74.6674, 46.1564], [-74.6604, 46.1476], [-74.6478, 46.1396], [-74.6128, 46.1319], [-74.6058, 46.1189], [-74.6011, 46.1182], [-74.6058, 46.1206], [-74.5977, 46.1226], [-74.5993, 46.1264], [-74.6043, 46.1255], [-74.6017, 46.127], [-74.6069, 46.1301], [-74.6057, 46.1341], [-74.6107, 46.1326], [-74.6085, 46.1378], [-74.6018, 46.1378], [-74.6042, 46.1397], [-74.6018, 46.1443], [-74.6067, 46.147], [-74.6035, 46.1502], [-74.5988, 46.149], [-74.5972, 46.157], [-74.6055, 46.1677], [-74.6139, 46.1729], [-74.6177, 46.1721], [-74.6108, 46.1768], [-74.6045, 46.187], [-74.6042, 46.1932], [-74.5813, 46.1939], [-74.5768, 46.2054], [-74.5829, 46.2185], [-74.592, 46.2223], [-74.5881, 46.2364], [-74.6049, 46.239], [-74.607, 46.2309], [-74.6099, 46.2326], [-74.6088, 46.237], [-74.6127, 46.2353], [-74.6185, 46.2395], [-74.6198, 46.2442], [-74.6233, 46.2442], [-74.6316, 46.2541], [-74.6253, 46.2542], [-74.6302, 46.2591], [-74.6313, 46.266], [-74.6401, 46.266], [-74.6424, 46.2708], [-74.6527, 46.2756], [-74.6523, 46.2831], [-74.6563, 46.2839], [-74.6491, 46.2901], [-74.6548, 46.293], [-74.6588, 46.3022], [-74.6605, 46.3081], [-74.6577, 46.3165], [-74.6683, 46.3239], [-74.6644, 46.3312], [-74.6476, 46.3355], [-74.6501, 46.349], [-74.6473, 46.3512], [-74.661, 46.3639], [-74.669, 46.3646], [-74.6725, 46.3756], [-74.6445, 46.4008], [-74.644, 46.4079], [-74.6345, 46.4183], [-74.6693, 46.442], [-74.671, 46.4374], [-74.674, 46.4387], [-74.6769, 46.4478], [-74.6847, 46.4491], [-74.6805, 46.4496], [-74.7324, 46.4852], [-74.7255, 46.4989], [-74.7286, 46.508], [-74.6838, 46.5382], [-74.686, 46.5432], [-74.681, 46.5504], [-74.6799, 46.56], [-74.6699, 46.5685], [-74.6679, 46.575], [-74.7526, 46.6331], [-74.7674, 46.63], [-74.7703, 46.6264], [-74.7832, 46.6352], [-74.8033, 46.6201], [-74.8102, 46.6256], [-74.8197, 46.6243], [-74.8177, 46.611], [-74.8246, 46.606], [-74.8394, 46.602], [-74.8495, 46.6091], [-74.8812, 46.5878], [-74.896, 46.5981], [-74.9034, 46.5931], [-74.9065, 46.5992], [-74.9041, 46.6062], [-74.9163, 46.6114], [-74.9177, 46.6178], [-74.9277, 46.6282], [-74.9546, 46.6271], [-74.9542, 46.6741], [-74.9908, 46.6658], [-74.9879, 46.7131], [-74.9778, 46.7213], [-74.9914, 46.734], [-74.9919, 46.7403], [-74.997, 46.7465], [-75.0019, 46.7452], [-75.0027, 46.7413], [-75.011, 46.7413], [-75.0131, 46.7471], [-75.0241, 46.7494], [-75.0243, 46.7585], [-75.0337, 46.7562], [-75.0336, 46.7594], [-75.0379, 46.7597], [-75.0387, 46.7529], [-75.0459, 46.7471], [-75.0556, 46.7464], [-75.0627, 46.7542], [-75.0797, 46.7426], [-75.1687, 46.7939], [-75.1337, 46.8295], [-75.108, 46.8632], [-75.1109, 46.9089], [-75.1167, 46.9114], [-75.1179, 46.9158], [-75.1289, 46.9143], [-75.139, 46.9234], [-75.1431, 46.9217], [-75.1416, 46.9259], [-75.1291, 46.9231], [-75.1327, 46.9298], [-75.1295, 46.9344], [-75.1407, 46.9344], [-75.1794, 46.9832], [-75.2218, 46.9831], [-75.2522, 46.979], [-75.2568, 46.9715], [-75.268, 46.967], [-75.2705, 46.9625], [-75.299, 46.9824], [-75.3023, 46.9802], [-75.3062, 46.9825], [-75.314, 47.0001], [-75.3301, 47.0053], [-75.3395, 47.0032], [-75.3495, 47.0119], [-75.3617, 47.0106], [-75.371, 47.0062], [-75.3645, 47.0018], [-75.3658, 46.9984], [-75.36, 46.9926], [-75.3659, 46.9855], [-75.3625, 46.9762], [-75.3674, 46.9727], [-75.3693, 46.9748], [-75.372, 46.9697], [-75.3658, 46.968], [-75.3689, 46.9637], [-75.3658, 46.9575], [-75.3685, 46.955], [-75.3623, 46.9485], [-75.3726, 46.9517], [-75.3721, 46.958], [-75.3758, 46.9584], [-75.3746, 46.9632], [-75.3832, 46.9687], [-75.3795, 46.9712], [-75.381, 46.9745], [-75.3852, 46.9734], [-75.3853, 46.9694], [-75.3916, 46.9736], [-75.3917, 46.9842], [-75.4115, 46.9917], [-75.4084, 46.9929], [-75.4106, 46.9968], [-75.4139, 46.9961], [-75.4125, 47.0026], [-75.415, 47.0043], [-75.4234, 47.0024], [-75.4225, 46.9997], [-75.4256, 46.9991], [-75.4262, 47.0018], [-75.4292, 46.9998], [-75.4305, 46.9976], [-75.4245, 46.9922], [-75.4293, 46.9904], [-75.4313, 46.9973], [-75.4383, 46.9882], [-75.4403, 46.9898], [-75.4354, 46.9976], [-75.44, 46.994], [-75.4462, 46.9994], [-75.4462, 46.9967], [-75.4517, 46.9963], [-75.4547, 46.9921], [-75.4662, 46.9903], [-75.4717, 46.9811], [-75.4831, 46.9789], [-75.4878, 46.9728], [-75.5034, 46.9842], [-75.5019, 46.9935], [-75.5086, 46.9949], [-75.5266, 46.9848], [-75.5412, 46.9846], [-75.5485, 46.9809], [-75.5537, 46.9887], [-75.5582, 46.988], [-75.5591, 46.9841], [-75.5789, 46.9962], [-75.5787, 46.9987], [-75.587, 47.0005], [-75.5886, 47.0103], [-75.5835, 47.0141], [-75.5864, 47.0216], [-75.6015, 47.0313], [-75.6129, 47.0341], [-75.6438, 47.0296], [-75.648, 47.0155], [-75.6628, 47.019], [-75.6929, 47.01], [-75.7145, 47.0074], [-75.7138, 47.0019], [-75.7249, 47.005], [-75.7116, 47.0115], [-75.7062, 47.0235], [-75.6919, 47.0343], [-75.6964, 47.0341], [-75.7046, 47.0262], [-75.7036, 47.0362], [-75.71, 47.0379], [-75.7089, 47.0461], [-75.7124, 47.0522], [-75.7275, 47.0647], [-75.7372, 47.0684], [-75.7398, 47.0714], [-75.7372, 47.0736], [-75.7437, 47.0788], [-75.7484, 47.0772], [-75.7521, 47.0806], [-75.7525, 47.0879], [-75.7436, 47.0942], [-75.7477, 47.1043], [-75.7444, 47.1155], [-75.7279, 47.1275], [-75.7239, 47.1254], [-75.6977, 47.1395], [-75.6724, 47.1454], [-75.6671, 47.1523], [-75.6542, 47.1565], [-75.6509, 47.1627], [-75.6262, 47.1822], [-75.6288, 47.1992], [-75.6205, 47.2001], [-75.6223, 47.2056], [-75.6266, 47.2073], [-75.6253, 47.2133], [-75.629, 47.2188], [-75.6222, 47.2286], [-75.6341, 47.2394], [-75.6391, 47.2501], [-75.6467, 47.2535], [-75.6481, 47.2666], [-75.6522, 47.2705], [-75.6491, 47.2723], [-75.6481, 47.2825], [-75.6756, 47.2852], [-75.6845, 47.2786], [-75.6909, 47.2784], [-75.7128, 47.2872], [-75.7129, 47.269], [-75.7246, 47.2709], [-75.726, 47.2681], [-75.739, 47.2741], [-75.7478, 47.2729], [-75.7469, 47.2931], [-75.7959, 47.3185], [-75.8222, 47.3145], [-75.8339, 47.3085], [-75.8396, 47.3096], [-75.8516, 47.3013], [-75.8587, 47.3016], [-75.8557, 47.2984], [-75.8593, 47.2941], [-75.8817, 47.2825], [-75.8832, 47.2778], [-75.8942, 47.2714], [-75.8935, 47.269], [-75.9018, 47.2671], [-75.9244, 47.2477], [-75.9238, 47.2449], [-75.9297, 47.2446], [-75.9344, 47.2407], [-75.9319, 47.2411], [-75.9327, 47.2391], [-75.9419, 47.2368], [-75.942, 47.2328], [-75.9515, 47.2287], [-75.9529, 47.2226], [-75.967, 47.2137], [-75.9671, 47.2092], [-75.9712, 47.2089], [-75.9762, 47.2032], [-75.9805, 47.2048], [-75.981, 47.2021], [-75.9869, 47.2024], [-75.9916, 47.1986], [-75.9903, 47.2012], [-75.9941, 47.2014], [-75.997, 47.1978], [-76.0029, 47.1994], [-76.0086, 47.1944], [-76.0278, 47.1884], [-76.0323, 47.1901], [-76.0297, 47.1952], [-76.055, 47.1985], [-76.0775, 47.1884], [-76.0936, 47.188], [-76.0922, 47.1829]]]}}, {"type": "Feature", "properties": {"id": "qc-zone-3", "wmu_id": "12", "name": "Zone 12", "province": "QC", "source": "Qu\u00e9bec \u2014 Zones de chasse et p\u00eache (GAGQ)", "zone_kind": "zone_de_chasse"}, "geometry": {"type": "MultiPolygon", "coordinates": [[[[-77.6892, 46.3592], [-77.685, 46.3672], [-77.7341, 46.3737], [-77.7361, 46.3705], [-77.7384, 46.3743], [-77.7704, 46.3786], [-77.7654, 46.3894], [-77.7494, 46.3964], [-77.6328, 46.4158], [-77.595, 46.387], [-77.6392, 46.3404], [-77.6892, 46.3592]]], [[[-76.4274, 46.7528], [-76.42211322207959, 46.75467240051348], [-76.4218, 46.7542], [-76.4274, 46.7528]]], [[[-76.5626, 46.8065], [-76.5914, 46.806], [-76.6063, 46.7948], [-76.6113, 46.7945], [-76.6101, 46.7921], [-76.591, 46.796], [-76.6008, 46.7848], [-76.5891, 46.7835], [-76.6166, 46.7502], [-76.7017, 46.7501], [-76.701, 46.7182], [-76.7058, 46.7152], [-76.6935, 46.7058], [-76.6831, 46.657], [-76.7357, 46.6463], [-76.7724, 46.6509], [-76.7904, 46.632], [-76.8326, 46.6331], [-76.8372, 46.6173], [-76.9455, 46.6195], [-76.9425, 46.6134], [-76.9399, 46.6144], [-76.9255, 46.6006], [-76.9339, 46.5899], [-76.9321, 46.5837], [-76.9527, 46.5931], [-76.9599, 46.5906], [-76.9621, 46.5927], [-76.9623, 46.589], [-76.9704, 46.5883], [-76.9727, 46.5948], [-76.9798, 46.5908], [-76.9791, 46.5865], [-76.9875, 46.5881], [-76.9912, 46.5839], [-76.9934, 46.5856], [-76.9912, 46.5826], [-76.9952, 46.5788], [-76.988, 46.5796], [-76.9901, 46.5767], [-76.9848, 46.5671], [-76.9966, 46.5591], [-76.9968, 46.5534], [-76.9924, 46.5489], [-77.0054, 46.5509], [-77.0152, 46.5569], [-77.032, 46.5367], [-77.0084, 46.5248], [-76.9795, 46.5003], [-76.9781, 46.4944], [-76.9709, 46.4923], [-76.9684, 46.485], [-76.9336, 46.456], [-76.9104, 46.4247], [-76.8912, 46.4065], [-76.891, 46.4004], [-76.8814, 46.3887], [-76.8822, 46.3834], [-76.8779, 46.3803], [-76.8776, 46.3746], [-76.867, 46.3701], [-76.8668, 46.366], [-76.8714, 46.3632], [-76.8701, 46.3598], [-76.8491, 46.3279], [-76.839, 46.3193], [-76.8344, 46.3083], [-76.8253, 46.3063], [-76.8193, 46.2892], [-76.8006, 46.2704], [-76.7798, 46.2572], [-76.7726, 46.2453], [-76.7789, 46.2406], [-76.785, 46.2418], [-76.7897, 46.2361], [-76.804, 46.2383], [-76.8075, 46.2334], [-76.9483, 46.2438], [-76.9545, 46.24], [-76.9598, 46.2419], [-76.9507, 46.2442], [-76.9606, 46.2523], [-76.9638, 46.2507], [-76.9621, 46.2467], [-76.9732, 46.2467], [-76.9771, 46.2429], [-76.9796, 46.2464], [-76.9739, 46.2463], [-76.988, 46.2552], [-76.9867, 46.2596], [-76.9922, 46.2594], [-76.9988, 46.2649], [-76.9961, 46.2686], [-77.0293, 46.2796], [-77.0354, 46.2855], [-77.031, 46.2898], [-77.0448, 46.2838], [-77.0598, 46.2871], [-77.0679, 46.2928], [-77.0772, 46.2895], [-77.0757, 46.2846], [-77.0779, 46.2834], [-77.091, 46.2937], [-77.0999, 46.2952], [-77.0969, 46.2973], [-77.1012, 46.2989], [-77.0985, 46.3016], [-77.1159, 46.3072], [-77.1135, 46.3117], [-77.1197, 46.3087], [-77.1224, 46.3117], [-77.1305, 46.31], [-77.1327, 46.3135], [-77.1376, 46.3127], [-77.1372, 46.3172], [-77.1462, 46.3177], [-77.1523, 46.3255], [-77.1682, 46.3335], [-77.1749, 46.3446], [-77.1959, 46.3545], [-77.1912, 46.3597], [-77.1957, 46.3616], [-77.1928, 46.3653], [-77.2027, 46.3661], [-77.1997, 46.3612], [-77.2018, 46.3589], [-77.2004, 46.362], [-77.2043, 46.365], [-77.2101, 46.3617], [-77.2082, 46.365], [-77.2149, 46.3651], [-77.2099, 46.368], [-77.2184, 46.3666], [-77.2253, 46.3729], [-77.2262, 46.377], [-77.2045, 46.3738], [-77.1968, 46.3809], [-77.204, 46.3926], [-77.1988, 46.3987], [-77.1979, 46.4062], [-77.2077, 46.4189], [-77.2113, 46.436], [-77.2067, 46.4437], [-77.2099, 46.4482], [-77.2033, 46.4532], [-77.2037, 46.4591], [-77.1967, 46.4638], [-77.1974, 46.4669], [-77.2053, 46.4681], [-77.2058, 46.4714], [-77.1953, 46.4804], [-77.2002, 46.4826], [-77.2089, 46.4772], [-77.2276, 46.4786], [-77.2311, 46.4839], [-77.2157, 46.4812], [-77.2177, 46.4851], [-77.2129, 46.4843], [-77.2124, 46.4885], [-77.2098, 46.4866], [-77.2096, 46.4898], [-77.2051, 46.4911], [-77.2142, 46.4904], [-77.221, 46.4837], [-77.2315, 46.4842], [-77.2345, 46.4871], [-77.2298, 46.493], [-77.2336, 46.4978], [-77.2439, 46.4991], [-77.25, 46.5047], [-77.302, 46.5117], [-77.3104, 46.5189], [-77.3166, 46.5181], [-77.3244, 46.5221], [-77.3307, 46.5341], [-77.3351, 46.5349], [-77.3517, 46.526], [-77.3495, 46.5185], [-77.344, 46.5172], [-77.3485, 46.5088], [-77.3446, 46.5068], [-77.341, 46.51], [-77.3445, 46.5061], [-77.3422, 46.5034], [-77.3468, 46.5017], [-77.3427, 46.499], [-77.3459, 46.4984], [-77.3438, 46.4962], [-77.3498, 46.4949], [-77.3459, 46.4926], [-77.354, 46.4873], [-77.3595, 46.4879], [-77.3613, 46.4763], [-77.3652, 46.4796], [-77.3742, 46.4681], [-77.3819, 46.4667], [-77.391, 46.4776], [-77.3877, 46.4867], [-77.3963, 46.4904], [-77.3997, 46.4963], [-77.4061, 46.4942], [-77.4134, 46.5032], [-77.4201, 46.5026], [-77.4288, 46.507], [-77.4221, 46.5097], [-77.4267, 46.5119], [-77.4219, 46.518], [-77.4284, 46.5336], [-77.4416, 46.5432], [-77.4415, 46.5578], [-77.4373, 46.5681], [-77.4404, 46.5725], [-77.447, 46.5724], [-77.4471, 46.5682], [-77.4535, 46.5664], [-77.4668, 46.5699], [-77.482, 46.5869], [-77.4999, 46.5942], [-77.5068, 46.6008], [-77.531, 46.6086], [-77.5512, 46.6103], [-77.5556, 46.6163], [-77.5736, 46.6185], [-77.5966, 46.6154], [-77.6114, 46.6189], [-77.623, 46.6159], [-77.6221, 46.6126], [-77.6304, 46.6078], [-77.6533, 46.615], [-77.6573, 46.6017], [-77.668, 46.5948], [-77.6738, 46.5972], [-77.673, 46.5863], [-77.695, 46.5692], [-77.6936, 46.5604], [-77.711, 46.5321], [-77.7191, 46.4965], [-77.7349, 46.4855], [-77.7489, 46.4878], [-77.7467, 46.4948], [-77.762, 46.5035], [-77.7561, 46.5046], [-77.7583, 46.513], [-77.7673, 46.5172], [-77.7725, 46.5163], [-77.784, 46.524], [-77.7843, 46.5277], [-77.7727, 46.5316], [-77.768, 46.537], [-77.7689, 46.5419], [-77.7826, 46.5502], [-77.7814, 46.5621], [-77.7871, 46.5655], [-77.7853, 46.5688], [-77.7884, 46.5711], [-77.7743, 46.5841], [-77.7764, 46.5886], [-77.7814, 46.5896], [-77.7856, 46.6026], [-77.793, 46.6095], [-77.8046, 46.6111], [-77.8232, 46.6214], [-77.8335, 46.6231], [-77.8373, 46.6299], [-77.8434, 46.6315], [-77.8525, 46.6426], [-77.8563, 46.6427], [-77.8619, 46.6563], [-77.8514, 46.6641], [-77.8528, 46.6688], [-77.8337, 46.6801], [-77.8316, 46.6868], [-77.8359, 46.6888], [-77.8375, 46.6955], [-77.8301, 46.6953], [-77.8231, 46.6996], [-77.8243, 46.7058], [-77.8192, 46.7059], [-77.8175, 46.71], [-77.8225, 46.7146], [-77.82, 46.7159], [-77.8288, 46.7208], [-77.8247, 46.7233], [-77.8291, 46.7331], [-77.8249, 46.7382], [-77.8324, 46.753], [-77.8297, 46.7549], [-77.8335, 46.757], [-77.829, 46.7601], [-77.8322, 46.7626], [-77.8287, 46.7646], [-77.8268, 46.7592], [-77.825, 46.7638], [-77.8383, 46.7736], [-77.8318, 46.7774], [-77.8379, 46.7912], [-77.8296, 46.8053], [-77.8371, 46.8082], [-77.8305, 46.8095], [-77.8271, 46.805], [-77.821, 46.8069], [-77.8193, 46.8107], [-77.8235, 46.817], [-77.8205, 46.8208], [-77.834, 46.8303], [-77.8411, 46.8317], [-77.8264, 46.8235], [-77.8274, 46.8177], [-77.8459, 46.8192], [-77.8469, 46.8138], [-77.8505, 46.8123], [-77.8531, 46.8137], [-77.8487, 46.8175], [-77.8509, 46.8213], [-77.8548, 46.8204], [-77.8542, 46.8179], [-77.8583, 46.8241], [-77.862, 46.8195], [-77.8757, 46.8246], [-77.8835, 46.8218], [-77.8952, 46.8297], [-77.8935, 46.8316], [-77.8891, 46.8287], [-77.8909, 46.8331], [-77.8782, 46.8278], [-77.8762, 46.8287], [-77.8786, 46.8303], [-77.8753, 46.8305], [-77.8887, 46.8368], [-77.8845, 46.8372], [-77.8924, 46.8441], [-77.895, 46.8494], [-77.8898, 46.8482], [-77.8949, 46.8552], [-77.8922, 46.858], [-77.8858, 46.8571], [-77.8819, 46.8636], [-77.8804, 46.8729], [-77.8838, 46.8767], [-77.881, 46.8788], [-77.884, 46.8793], [-77.8792, 46.8828], [-77.8843, 46.8831], [-77.8877, 46.888], [-77.8803, 46.9003], [-77.859, 46.9205], [-77.856, 46.9412], [-77.8592, 46.9411], [-77.8585, 46.9453], [-77.8624, 46.9482], [-77.8581, 46.9513], [-77.852, 46.9741], [-77.8539, 46.9919], [-77.8578, 47.0], [-77.8403, 47.0], [-77.8284, 47.0148], [-77.8343, 47.0137], [-77.8297, 47.029], [-77.8384, 47.0155], [-77.8435, 47.0145], [-77.8471, 47.0054], [-77.8505, 47.0175], [-77.8464, 47.0216], [-77.845, 47.0397], [-77.8331, 47.0455], [-77.838, 47.0529], [-77.8279, 47.0601], [-77.8281, 47.0794], [-77.8313, 47.0862], [-77.8369, 47.0891], [-77.833, 47.0925], [-77.8325, 47.1059], [-77.8263, 47.1082], [-77.8346, 47.1063], [-77.8361, 47.1089], [-77.8429, 47.1034], [-77.8473, 47.1052], [-77.8427, 47.1104], [-77.8465, 47.1156], [-77.8416, 47.1198], [-77.8455, 47.123], [-77.8427, 47.1273], [-77.8453, 47.1301], [-77.8453, 47.1416], [-77.851, 47.1418], [-77.8528, 47.1434], [-77.8494, 47.1453], [-77.8538, 47.1462], [-77.8471, 47.1498], [-77.8515, 47.1526], [-77.8485, 47.1567], [-77.8532, 47.1598], [-77.852, 47.1632], [-77.8563, 47.1676], [-77.854, 47.1674], [-77.8544, 47.1738], [-77.8494, 47.1783], [-77.8521, 47.1813], [-77.8518, 47.2002], [-77.8572, 47.2075], [-77.8545, 47.2114], [-77.8573, 47.213], [-77.8584, 47.2363], [-77.866, 47.2428], [-77.9012, 47.2428], [-77.9039, 47.2473], [-77.9185, 47.2533], [-77.9151, 47.2556], [-77.9184, 47.2572], [-77.915, 47.2584], [-77.9243, 47.2636], [-77.9257, 47.2676], [-77.929, 47.2642], [-77.9312, 47.2694], [-77.6473, 47.2693], [-77.6473, 47.2903], [-77.4326, 47.2903], [-77.4327, 47.1447], [-77.0023, 47.1453], [-77.0021, 47.2902], [-76.5757, 47.2898], [-76.5754, 47.6005], [-76.5703, 47.6005], [-76.5504, 47.5873], [-76.5463, 47.5885], [-76.5484, 47.586], [-76.479, 47.5451], [-76.4808, 47.5416], [-76.478, 47.5445], [-76.4436, 47.5231], [-76.44, 47.5189], [-76.4444, 47.5171], [-76.4388, 47.5188], [-76.4314, 47.5121], [-76.4259, 47.5128], [-76.3116, 47.4378], [-76.3218, 47.4383], [-76.3344, 47.4323], [-76.3329, 47.4309], [-76.3141, 47.4256], [-76.2984, 47.4284], [-76.2822, 47.4211], [-76.27, 47.4243], [-76.2617, 47.4113], [-76.2469, 47.4064], [-76.2515, 47.3999], [-76.1631, 47.3418], [-76.16, 47.3346], [-76.1604, 47.3143], [-76.1629, 47.3117], [-76.161, 47.308], [-76.1657, 47.3034], [-76.1761, 47.301], [-76.1843, 47.303], [-76.1748, 47.2987], [-76.1735, 47.2911], [-76.1603, 47.2808], [-76.1629, 47.2774], [-76.1603, 47.2759], [-76.1603, 47.2513], [-76.1633, 47.246], [-76.1789, 47.2385], [-76.1828, 47.2276], [-76.1757, 47.2221], [-76.1762, 47.2166], [-76.1671, 47.2059], [-76.1357, 47.2074], [-76.1276, 47.2115], [-76.1287, 47.2098], [-76.1129, 47.2058], [-76.1169, 47.1993], [-76.1097, 47.1955], [-76.1171, 47.1938], [-76.1101, 47.1894], [-76.1115, 47.1854], [-76.1, 47.179], [-76.1032, 47.1733], [-76.098, 47.1679], [-76.1013, 47.1629], [-76.0981, 47.1556], [-76.0995, 47.1506], [-76.0932, 47.143], [-76.091, 47.1306], [-76.095, 47.1267], [-76.0995, 47.1006], [-76.0973, 47.0789], [-76.1006, 47.0636], [-76.0979, 47.0503], [-76.1029, 47.0474], [-76.1022, 47.0365], [-76.1061, 47.0339], [-76.1024, 47.0305], [-76.119, 47.0201], [-76.1304, 47.0196], [-76.1401, 47.0117], [-76.1456, 47.0111], [-76.1485, 47.0062], [-76.1391, 47.0011], [-76.1398, 46.9946], [-76.1285, 46.9848], [-76.1389, 46.9786], [-76.1329, 46.9691], [-76.1365, 46.9617], [-76.1336, 46.9534], [-76.1373, 46.9374], [-76.1336, 46.9356], [-76.1278, 46.9208], [-76.1148, 46.9195], [-76.1056, 46.9119], [-76.0953, 46.9164], [-76.0926, 46.9216], [-76.0941, 46.9172], [-76.0919, 46.9171], [-76.0971, 46.9136], [-76.0921, 46.9108], [-76.0844, 46.9117], [-76.0836, 46.9057], [-76.0804, 46.9086], [-76.0653, 46.901], [-76.0521, 46.903], [-76.0491, 46.9013], [-76.0505, 46.8964], [-76.037, 46.8901], [-76.0277, 46.8953], [-76.015, 46.8968], [-76.0149, 46.8937], [-76.0199, 46.8941], [-76.0173, 46.8898], [-76.019, 46.8872], [-76.0082, 46.8879], [-75.9906, 46.882], [-75.9926, 46.8808], [-75.9798, 46.8803], [-75.9792, 46.8782], [-75.9831, 46.8786], [-75.9788, 46.8773], [-75.9831, 46.8756], [-75.9768, 46.8778], [-75.9728, 46.8741], [-75.9775, 46.8706], [-75.977, 46.8671], [-75.9723, 46.8732], [-75.9665, 46.8741], [-75.9618, 46.8701], [-75.9637, 46.8691], [-75.9565, 46.8674], [-75.9615, 46.8653], [-75.9529, 46.8654], [-75.9438, 46.8543], [-75.9334, 46.8494], [-75.9296, 46.8348], [-75.9322, 46.8338], [-75.9379, 46.8388], [-75.9333, 46.8327], [-75.978, 46.8039], [-75.9806, 46.8047], [-75.982, 46.7998], [-75.9769, 46.8011], [-75.9804, 46.7982], [-75.9939, 46.7933], [-75.9891, 46.7899], [-75.9913, 46.7885], [-75.9775, 46.796], [-75.9732, 46.7956], [-75.9722, 46.7917], [-75.9818, 46.7806], [-75.9913, 46.7818], [-75.9872, 46.7753], [-75.9952, 46.77], [-75.9966, 46.7655], [-76.0081, 46.7611], [-76.0102, 46.7555], [-76.0145, 46.7562], [-76.0161, 46.7512], [-76.0206, 46.7499], [-76.0268, 46.7546], [-76.0159, 46.7606], [-76.0178, 46.7673], [-76.0108, 46.7663], [-76.0131, 46.7717], [-76.0043, 46.7807], [-76.0127, 46.7782], [-76.0139, 46.7726], [-76.0247, 46.7705], [-76.0272, 46.7657], [-76.0247, 46.775], [-76.0325, 46.7633], [-76.0369, 46.7657], [-76.0352, 46.7611], [-76.0395, 46.7576], [-76.0592, 46.7472], [-76.0815, 46.7407], [-76.0772, 46.7313], [-76.1142, 46.7099], [-76.1278, 46.709], [-76.141, 46.7168], [-76.158, 46.7073], [-76.1721, 46.6945], [-76.1977, 46.6844], [-76.2127, 46.6727], [-76.2427, 46.6677], [-76.2699, 46.675], [-76.2748, 46.6733], [-76.2826, 46.6817], [-76.3027, 46.6828], [-76.3067, 46.6925], [-76.3139, 46.6985], [-76.3131, 46.7086], [-76.3176, 46.7109], [-76.3141, 46.7216], [-76.3221, 46.7282], [-76.3222, 46.7334], [-76.3306, 46.739], [-76.3313, 46.7456], [-76.3435, 46.7586], [-76.3498, 46.7582], [-76.3493, 46.7548], [-76.3565, 46.7534], [-76.3575, 46.7503], [-76.3762, 46.7545], [-76.3783, 46.7522], [-76.3852, 46.7569], [-76.4002, 46.7491], [-76.4142, 46.733], [-76.4113, 46.7274], [-76.4136, 46.7252], [-76.4074, 46.7258], [-76.3998, 46.7198], [-76.403, 46.7151], [-76.3987, 46.7132], [-76.4025, 46.7123], [-76.4129, 46.7203], [-76.4136, 46.7251], [-76.4216, 46.7228], [-76.4305, 46.7257], [-76.4329, 46.7331], [-76.411, 46.7518], [-76.4178, 46.7562], [-76.42211322207959, 46.75467240051348], [-76.4279, 46.7634], [-76.4703, 46.7731], [-76.4878, 46.7826], [-76.5184, 46.787], [-76.5626, 46.8065]]]]}}, {"type": "Feature", "properties": {"id": "qc-zone-4", "wmu_id": "13", "name": "Zone 13", "province": "QC", "source": "Qu\u00e9bec \u2014 Zones de chasse et p\u00eache (GAGQ)", "zone_kind": "zone_de_chasse"}, "geometry": {"type": "Polygon", "coordinates": [[[-77.83, 49.0], [-79.0534, 49.0], [-79.0534, 49.0093], [-79.5178, 49.0091], [-79.5175, 47.5505], [-79.5129, 47.5468], [-79.5116, 47.5408], [-79.5193, 47.5319], [-79.5456, 47.5243], [-79.5559, 47.516], [-79.5539, 47.4956], [-79.5741, 47.4592], [-79.5789, 47.4424], [-79.5763, 47.4174], [-79.5654, 47.3928], [-79.5511, 47.3723], [-79.5128, 47.3446], [-79.5009, 47.3227], [-79.4768, 47.3181], [-79.4844, 47.305], [-79.4639, 47.2867], [-79.4525, 47.2825], [-79.4495, 47.2745], [-79.4363, 47.2634], [-79.429, 47.2408], [-79.4377, 47.222], [-79.439, 47.2119], [-79.4289, 47.1983], [-79.4282, 47.193], [-79.4392, 47.159], [-79.4465, 47.109], [-79.4273, 47.0742], [-79.3929, 47.0412], [-79.3475, 47.0089], [-79.3366, 46.9819], [-79.3373, 46.9707], [-79.3146, 46.9329], [-79.293, 46.9142], [-79.2796, 46.8973], [-79.2628, 46.8878], [-79.2472, 46.873], [-79.2415, 46.861], [-79.2311, 46.8564], [-79.2286, 46.8467], [-79.2135, 46.8328], [-79.1933, 46.8285], [-79.1773, 46.8293], [-79.1669, 46.821], [-79.1417, 46.7837], [-79.1384, 46.7717], [-79.1226, 46.7468], [-79.1189, 46.7317], [-79.1006, 46.7115], [-79.0938, 46.6883], [-79.0743, 46.6756], [-79.0745, 46.6648], [-79.0156, 46.6315], [-79.0082, 46.6052], [-78.9943, 46.5934], [-78.9976, 46.5713], [-78.9879, 46.547], [-78.9699, 46.5329], [-78.9614, 46.5216], [-78.9403, 46.5086], [-78.9178, 46.4818], [-78.8896, 46.4601], [-78.8547, 46.4412], [-78.7951, 46.42], [-78.7572, 46.3947], [-78.7293, 46.3848], [-78.7223, 46.3693], [-78.729, 46.3463], [-78.7281, 46.3404], [-78.7113, 46.325], [-78.6942, 46.3191], [-78.6348, 46.3212], [-78.6024, 46.3192], [-78.5054, 46.2952], [-78.4216, 46.2953], [-78.3948, 46.2925], [-78.3787, 46.2881], [-78.3368, 46.2605], [-78.3086, 46.2532], [-78.2526, 46.2761], [-78.2139, 46.27], [-78.1744, 46.2769], [-78.147, 46.2769], [-78.1308, 46.2736], [-78.1169, 46.2634], [-78.0482, 46.2383], [-78.0322, 46.2378], [-78.0285, 46.245], [-78.0223, 46.2474], [-77.9912, 46.248], [-77.937, 46.2276], [-77.8803, 46.2189], [-77.8554, 46.209], [-77.8492, 46.2197], [-77.8588, 46.2383], [-77.8562, 46.2366], [-77.852, 46.2463], [-77.8489, 46.247], [-77.8504, 46.25], [-77.8551, 46.2495], [-77.8492, 46.2517], [-77.8504, 46.26], [-77.8562, 46.2662], [-77.8517, 46.2711], [-77.8541, 46.2776], [-77.8421, 46.2879], [-77.8421, 46.2917], [-77.8465, 46.292], [-77.8476, 46.2957], [-77.8414, 46.2998], [-77.8398, 46.315], [-77.8268, 46.3227], [-77.8258, 46.3285], [-77.8294, 46.3319], [-77.8197, 46.3383], [-77.8108, 46.3584], [-77.8051, 46.3608], [-77.8045, 46.365], [-77.7876, 46.3654], [-77.7831, 46.3711], [-77.7749, 46.3728], [-77.7713, 46.389], [-77.7537, 46.3947], [-77.7424, 46.4055], [-77.7462, 46.4136], [-77.7579, 46.4215], [-77.7613, 46.4276], [-77.7666, 46.429], [-77.7653, 46.4361], [-77.7603, 46.4389], [-77.764, 46.4424], [-77.7602, 46.4403], [-77.7774, 46.4526], [-77.7721, 46.4589], [-77.7728, 46.465], [-77.77, 46.4666], [-77.7726, 46.4692], [-77.7654, 46.473], [-77.7671, 46.4766], [-77.7642, 46.4795], [-77.7683, 46.4792], [-77.7624, 46.4844], [-77.7613, 46.4926], [-77.7634, 46.4927], [-77.7605, 46.4986], [-77.7637, 46.5034], [-77.756, 46.5052], [-77.7583, 46.513], [-77.7773, 46.5185], [-77.7848, 46.5272], [-77.7718, 46.5321], [-77.768, 46.537], [-77.7689, 46.5419], [-77.7826, 46.5502], [-77.7814, 46.5621], [-77.7871, 46.5655], [-77.7853, 46.5688], [-77.7884, 46.5711], [-77.7742, 46.5844], [-77.777, 46.589], [-77.7814, 46.5896], [-77.7885, 46.6061], [-77.8335, 46.6231], [-77.8373, 46.6299], [-77.8434, 46.6315], [-77.8525, 46.6426], [-77.8563, 46.6427], [-77.8619, 46.6563], [-77.8514, 46.6641], [-77.8528, 46.6688], [-77.8337, 46.6801], [-77.8316, 46.6868], [-77.8359, 46.6888], [-77.8375, 46.6955], [-77.8301, 46.6953], [-77.8231, 46.6996], [-77.8243, 46.7058], [-77.8192, 46.7059], [-77.8175, 46.71], [-77.8225, 46.7146], [-77.82, 46.7159], [-77.8288, 46.7208], [-77.8247, 46.7233], [-77.8291, 46.7331], [-77.8249, 46.7382], [-77.8324, 46.753], [-77.8297, 46.7549], [-77.8335, 46.757], [-77.829, 46.7601], [-77.8322, 46.7626], [-77.8287, 46.7646], [-77.8268, 46.7592], [-77.825, 46.7638], [-77.8383, 46.7736], [-77.8318, 46.7774], [-77.8379, 46.7912], [-77.8296, 46.8053], [-77.8371, 46.8082], [-77.8305, 46.8095], [-77.8271, 46.805], [-77.821, 46.8069], [-77.8193, 46.8107], [-77.8235, 46.817], [-77.8205, 46.8208], [-77.834, 46.8303], [-77.8411, 46.8317], [-77.8264, 46.8235], [-77.8274, 46.8177], [-77.8459, 46.8192], [-77.8469, 46.8138], [-77.8505, 46.8123], [-77.8531, 46.8137], [-77.8487, 46.8175], [-77.8509, 46.8213], [-77.8548, 46.8204], [-77.8542, 46.8179], [-77.8583, 46.8241], [-77.862, 46.8195], [-77.8757, 46.8246], [-77.8835, 46.8218], [-77.8952, 46.8297], [-77.8935, 46.8316], [-77.8891, 46.8287], [-77.8909, 46.8331], [-77.8782, 46.8278], [-77.8762, 46.8287], [-77.8786, 46.8303], [-77.8753, 46.8305], [-77.8887, 46.8368], [-77.8845, 46.8372], [-77.8924, 46.8441], [-77.895, 46.8494], [-77.8898, 46.8482], [-77.8949, 46.8552], [-77.8922, 46.858], [-77.8858, 46.8571], [-77.8819, 46.8636], [-77.8804, 46.8729], [-77.8838, 46.8767], [-77.881, 46.8788], [-77.884, 46.8793], [-77.8792, 46.8828], [-77.8843, 46.8831], [-77.8877, 46.888], [-77.8803, 46.9003], [-77.859, 46.9205], [-77.856, 46.9412], [-77.8592, 46.9411], [-77.8585, 46.9453], [-77.8624, 46.9482], [-77.8581, 46.9513], [-77.852, 46.9741], [-77.8539, 46.9919], [-77.8578, 47.0], [-77.8403, 47.0], [-77.8284, 47.0148], [-77.8343, 47.0137], [-77.8297, 47.029], [-77.8384, 47.0155], [-77.8435, 47.0145], [-77.8471, 47.0054], [-77.8505, 47.0175], [-77.8464, 47.0216], [-77.845, 47.0397], [-77.8331, 47.0455], [-77.838, 47.0529], [-77.8279, 47.0601], [-77.8281, 47.0794], [-77.8313, 47.0862], [-77.8369, 47.0891], [-77.833, 47.0925], [-77.8325, 47.1059], [-77.8263, 47.1082], [-77.8346, 47.1063], [-77.8361, 47.1089], [-77.8429, 47.1034], [-77.8473, 47.1052], [-77.8427, 47.1104], [-77.8465, 47.1156], [-77.8416, 47.1198], [-77.8455, 47.123], [-77.8427, 47.1273], [-77.8453, 47.1301], [-77.8453, 47.1416], [-77.851, 47.1418], [-77.8528, 47.1434], [-77.8494, 47.1453], [-77.8538, 47.1462], [-77.8471, 47.1498], [-77.8515, 47.1526], [-77.8485, 47.1567], [-77.8532, 47.1598], [-77.852, 47.1632], [-77.8563, 47.1676], [-77.854, 47.1674], [-77.8544, 47.1738], [-77.8494, 47.1783], [-77.8521, 47.1813], [-77.8518, 47.2002], [-77.8572, 47.2075], [-77.8545, 47.2114], [-77.8573, 47.213], [-77.8584, 47.2363], [-77.866, 47.2428], [-77.9012, 47.2428], [-77.9039, 47.2473], [-77.9185, 47.2533], [-77.9151, 47.2556], [-77.9184, 47.2572], [-77.915, 47.2584], [-77.9243, 47.2636], [-77.9257, 47.2676], [-77.929, 47.2642], [-77.9312, 47.2694], [-77.6473, 47.2693], [-77.6473, 47.2903], [-77.4326, 47.2903], [-77.4327, 47.1447], [-77.0023, 47.1453], [-77.0021, 47.2902], [-76.5757, 47.2898], [-76.5754, 47.6005], [-76.5703, 47.6005], [-76.5504, 47.5873], [-76.5463, 47.5885], [-76.5484, 47.586], [-76.479, 47.5451], [-76.4808, 47.5416], [-76.478, 47.5445], [-76.4564, 47.5314], [-76.4409, 47.5203], [-76.4438, 47.5167], [-76.4388, 47.5188], [-76.4314, 47.5121], [-76.4249, 47.5128], [-76.4142, 47.5232], [-76.3992, 47.5241], [-76.3919, 47.5282], [-76.3905, 47.5424], [-76.3932, 47.5421], [-76.3956, 47.5487], [-76.3868, 47.5517], [-76.3815, 47.5637], [-76.3821, 47.5698], [-76.3736, 47.5832], [-76.3865, 47.594], [-76.382, 47.5943], [-76.3736, 47.602], [-76.3466, 47.605], [-76.3374, 47.6006], [-76.3246, 47.6073], [-76.3096, 47.6065], [-76.3044, 47.6109], [-76.3172, 47.6156], [-76.3138, 47.6226], [-76.3202, 47.6264], [-76.3243, 47.6342], [-76.3267, 47.6452], [-76.3206, 47.6583], [-76.3346, 47.6567], [-76.336, 47.6592], [-76.334, 47.658], [-76.3245, 47.6691], [-76.3093, 47.666], [-76.3002, 47.6699], [-76.2881, 47.6806], [-76.2908, 47.6865], [-76.2705, 47.6903], [-76.2482, 47.7027], [-76.2497, 47.7], [-76.2472, 47.7006], [-76.2431, 47.7041], [-76.2482, 47.7028], [-76.2449, 47.7067], [-76.2488, 47.7096], [-76.2428, 47.7123], [-76.2387, 47.7217], [-76.2278, 47.7234], [-76.2264, 47.7278], [-76.2238, 47.7263], [-76.228, 47.7303], [-76.219, 47.7313], [-76.2168, 47.7278], [-76.2215, 47.7267], [-76.2137, 47.7274], [-76.2149, 47.7255], [-76.2046, 47.7237], [-76.1875, 47.729], [-76.1825, 47.7357], [-76.1804, 47.7337], [-76.1759, 47.737], [-76.1755, 47.7333], [-76.1685, 47.7346], [-76.1782, 47.7255], [-76.1644, 47.7251], [-76.161, 47.7211], [-76.1627, 47.7183], [-76.1505, 47.716], [-76.1357, 47.6932], [-76.0851, 47.6932], [-76.0452, 47.7246], [-76.0342, 47.724], [-76.0263, 47.7273], [-76.0158, 47.7237], [-76.0096, 47.7297], [-76.0088, 47.7267], [-76.0031, 47.728], [-76.0032, 47.7304], [-76.0081, 47.7304], [-76.0055, 47.7338], [-75.9646, 47.7341], [-75.9649, 47.7523], [-75.9777, 47.7763], [-75.936, 47.7993], [-75.9221, 47.8013], [-75.9174, 47.7938], [-75.9127, 47.7947], [-75.9037, 47.7889], [-75.9007, 47.7854], [-75.9032, 47.7814], [-75.8974, 47.7817], [-75.89, 47.7761], [-75.8927, 47.7734], [-75.8879, 47.7716], [-75.8877, 47.7679], [-75.8489, 47.7737], [-75.8316, 47.7694], [-75.8297, 47.7663], [-75.836, 47.7643], [-75.8345, 47.7593], [-75.8388, 47.75], [-75.8353, 47.7499], [-75.8314, 47.7441], [-75.8339, 47.7396], [-75.841, 47.7382], [-75.83, 47.7354], [-75.8372, 47.7316], [-75.8491, 47.7331], [-75.8502, 47.7262], [-75.8424, 47.7208], [-75.8569, 47.7139], [-75.8482, 47.7137], [-75.8474, 47.7043], [-75.8307, 47.7034], [-75.8348, 47.6972], [-75.8212, 47.6975], [-75.8307, 47.6888], [-75.8177, 47.6939], [-75.8121, 47.6878], [-75.8159, 47.6808], [-75.8138, 47.6815], [-75.811, 47.6747], [-75.8146, 47.6744], [-75.8058, 47.6695], [-75.7958, 47.6743], [-75.7918, 47.6814], [-75.7848, 47.6803], [-75.7952, 47.7067], [-75.768, 47.7448], [-75.7673, 47.7844], [-75.7886, 47.783], [-75.7847, 47.7859], [-75.7873, 47.7914], [-75.7736, 47.8067], [-75.7716, 47.8183], [-75.7416, 47.8305], [-75.7388, 47.837], [-75.7295, 47.8409], [-75.7136, 47.8573], [-75.6644, 47.8643], [-75.651, 47.8596], [-75.6352, 47.8593], [-75.6252, 47.8454], [-75.6177, 47.8489], [-75.5206, 47.8477], [-75.5205, 47.865], [-75.523, 47.8676], [-75.5202, 47.8701], [-75.5234, 47.8709], [-75.5205, 47.8728], [-75.5204, 47.9842], [-75.5263, 47.9901], [-75.5204, 47.9923], [-75.5205, 48.0924], [-75.5258, 48.0929], [-75.5241, 48.0956], [-75.5285, 48.0948], [-75.5219, 48.0966], [-75.5248, 48.0985], [-75.5237, 48.1014], [-75.5164, 48.1033], [-75.519, 48.1035], [-75.5147, 48.112], [-75.5218, 48.1164], [-75.5166, 48.1211], [-75.523, 48.1302], [-75.519, 48.1337], [-75.5219, 48.1523], [-75.5205, 48.1906], [-75.5139, 48.1946], [-75.5249, 48.2003], [-75.5153, 48.2041], [-75.5164, 48.2087], [-75.5125, 48.2104], [-75.5205, 48.2153], [-75.5177, 48.2171], [-75.5197, 48.2212], [-75.5175, 48.2253], [-75.5209, 48.226], [-75.5193, 48.3192], [-75.5207, 48.3945], [-75.5229, 48.3951], [-75.5207, 48.3971], [-75.5207, 48.4458], [-75.5243, 48.4484], [-75.5214, 48.4494], [-75.5207, 48.4577], [-75.5154, 48.4592], [-75.5193, 48.4583], [-75.5207, 48.4614], [-75.5208, 48.5287], [-75.5151, 48.53], [-75.5208, 48.5339], [-75.5207, 48.6759], [-75.5179, 48.6767], [-75.5207, 48.6878], [-75.5148, 48.6942], [-75.5207, 48.6978], [-75.5207, 48.7097], [-75.5235, 48.7086], [-75.5207, 48.7308], [-75.5278, 48.729], [-75.5187, 48.7391], [-75.5215, 48.742], [-75.52, 48.749], [-75.5266, 48.7524], [-75.5207, 48.7517], [-75.5207, 48.7891], [-75.5184, 48.7936], [-75.5213, 48.8126], [-75.5177, 48.8228], [-75.5221, 48.8252], [-75.5191, 48.8298], [-75.5214, 48.8303], [-75.5206, 48.9608], [-75.5168, 48.9656], [-75.5192, 48.9671], [-75.5174, 48.9706], [-75.5206, 48.9693], [-75.5206, 49.0], [-75.5663, 49.0], [-75.565, 49.0043], [-75.5731, 49.0086], [-75.5833, 49.0036], [-75.5913, 49.006], [-75.5987, 49.0028], [-75.6024, 49.0077], [-75.6149, 49.0033], [-75.6116, 49.0], [-76.3913, 49.0], [-76.3939, 48.9842], [-76.3975, 48.9795], [-76.3965, 49.0], [-76.5577, 49.0], [-76.5579, 48.9967], [-76.5659, 48.9951], [-76.568, 49.0], [-77.1104, 49.0], [-77.1148, 48.9961], [-77.1248, 48.9951], [-77.1369, 48.9956], [-77.1382, 49.0], [-77.8195, 49.0], [-77.8257, 49.0035], [-77.83, 49.0]]]}}, {"type": "Feature", "properties": {"id": "qc-zone-5", "wmu_id": "14", "name": "Zone 14", "province": "QC", "source": "Qu\u00e9bec \u2014 Zones de chasse et p\u00eache (GAGQ)", "zone_kind": "zone_de_chasse"}, "geometry": {"type": "MultiPolygon", "coordinates": [[[[-74.29897626841245, 47.529760556464815], [-74.2997, 47.5293], [-74.30020460251046, 47.52972050209205], [-74.29897626841245, 47.529760556464815]]], [[[-74.3045, 47.5333], [-74.30020460251046, 47.52972050209205], [-74.3039, 47.5296], [-74.3045, 47.5333]]], [[[-74.3216, 47.5473], [-74.3269, 47.543], [-74.3273, 47.5469], [-74.3309, 47.5469], [-74.3348, 47.5421], [-74.342, 47.5445], [-74.3605, 47.5401], [-74.3805, 47.5418], [-74.3831, 47.5363], [-74.4452, 47.5369], [-74.4736, 47.5136], [-74.5114, 47.5257], [-74.5047, 47.5643], [-74.5064, 47.5677], [-74.5976, 47.5565], [-74.6208, 47.5822], [-74.6199, 47.5849], [-74.6221, 47.5834], [-74.6223, 47.5871], [-74.6267, 47.5897], [-74.6303, 47.5885], [-74.6376, 47.6037], [-74.6538, 47.6171], [-74.6873, 47.6297], [-74.6899, 47.6364], [-74.7171, 47.6302], [-74.7182, 47.625], [-74.7288, 47.6186], [-74.7348, 47.6037], [-74.7297, 47.5163], [-74.7131, 47.5059], [-74.7208, 47.4987], [-74.7386, 47.5105], [-74.8993, 47.5107], [-74.9571, 47.4844], [-74.9571, 47.4693], [-74.9711, 47.4787], [-74.9711, 47.4671], [-75.0647, 47.4671], [-75.0694, 47.4567], [-75.0799, 47.4526], [-75.0799, 47.4491], [-75.1478, 47.449], [-75.1321, 47.4063], [-75.1869, 47.3725], [-75.1832, 47.3696], [-75.1876, 47.3602], [-75.1931, 47.3601], [-75.1967, 47.3664], [-75.2168, 47.354], [-75.1958, 47.4204], [-75.1999, 47.4409], [-75.2184, 47.435], [-75.2563, 47.461], [-75.214, 47.4908], [-75.276, 47.532], [-75.3166, 47.4904], [-75.3227, 47.4908], [-75.3328, 47.4847], [-75.3408, 47.4873], [-75.3618, 47.4781], [-75.37, 47.4796], [-75.3757, 47.4744], [-75.3831, 47.4607], [-75.3838, 47.4413], [-75.3896, 47.4282], [-75.4224, 47.4032], [-75.4312, 47.3897], [-75.4574, 47.3739], [-75.4724, 47.3485], [-75.4739, 47.3364], [-75.4624, 47.3267], [-75.4583, 47.3167], [-75.4636, 47.3093], [-75.468, 47.3081], [-75.4675, 47.2929], [-75.474, 47.2822], [-75.4805, 47.2763], [-75.4932, 47.2732], [-75.5045, 47.26], [-75.5124, 47.2598], [-75.5218, 47.2535], [-75.5237, 47.2471], [-75.5486, 47.2179], [-75.5576, 47.213], [-75.5604, 47.2076], [-75.576, 47.2071], [-75.5764, 47.202], [-75.5969, 47.1857], [-75.6271, 47.1839], [-75.6288, 47.1992], [-75.6205, 47.2001], [-75.6223, 47.2056], [-75.6266, 47.2073], [-75.6253, 47.2133], [-75.629, 47.2188], [-75.6222, 47.2286], [-75.6341, 47.2394], [-75.6391, 47.2501], [-75.6467, 47.2535], [-75.6481, 47.2666], [-75.6522, 47.2705], [-75.6491, 47.2723], [-75.6481, 47.2825], [-75.6756, 47.2852], [-75.6845, 47.2786], [-75.6909, 47.2784], [-75.7128, 47.2872], [-75.7129, 47.269], [-75.7246, 47.2709], [-75.726, 47.2681], [-75.739, 47.2741], [-75.7478, 47.2729], [-75.7469, 47.2931], [-75.7989, 47.3189], [-75.825, 47.3136], [-75.8339, 47.3085], [-75.8384, 47.3101], [-75.8515, 47.3013], [-75.8587, 47.3016], [-75.8557, 47.2984], [-75.8593, 47.2941], [-75.8817, 47.2825], [-75.8832, 47.2778], [-75.8942, 47.2714], [-75.8935, 47.269], [-75.9018, 47.2671], [-75.9244, 47.2477], [-75.9238, 47.2449], [-75.9297, 47.2446], [-75.9344, 47.2407], [-75.9319, 47.2411], [-75.9327, 47.2391], [-75.9419, 47.2368], [-75.942, 47.2328], [-75.9515, 47.2287], [-75.9529, 47.2226], [-75.967, 47.2137], [-75.9671, 47.2092], [-75.9712, 47.2089], [-75.9762, 47.2032], [-75.9805, 47.2048], [-75.981, 47.2021], [-75.9869, 47.2024], [-75.9916, 47.1986], [-75.9903, 47.2012], [-75.9941, 47.2014], [-75.997, 47.1978], [-76.0029, 47.1994], [-76.0086, 47.1944], [-76.0278, 47.1884], [-76.0323, 47.1901], [-76.0297, 47.1952], [-76.055, 47.1985], [-76.0775, 47.1884], [-76.0936, 47.188], [-76.0922, 47.1829], [-76.1005, 47.1832], [-76.0958, 47.1829], [-76.0979, 47.179], [-76.1101, 47.1842], [-76.1125, 47.1867], [-76.1101, 47.1894], [-76.1171, 47.1938], [-76.1097, 47.1955], [-76.1169, 47.1993], [-76.1121, 47.2045], [-76.1287, 47.2098], [-76.1276, 47.2115], [-76.1357, 47.2074], [-76.1671, 47.2059], [-76.1762, 47.2166], [-76.1757, 47.2221], [-76.1828, 47.2276], [-76.1789, 47.2385], [-76.1633, 47.246], [-76.1603, 47.2513], [-76.1603, 47.2759], [-76.1629, 47.2774], [-76.1603, 47.2808], [-76.1735, 47.2911], [-76.1748, 47.2987], [-76.1843, 47.303], [-76.1761, 47.301], [-76.1657, 47.3034], [-76.161, 47.308], [-76.1629, 47.3117], [-76.1604, 47.3143], [-76.16, 47.3346], [-76.1631, 47.3418], [-76.2515, 47.3999], [-76.2469, 47.4064], [-76.2617, 47.4113], [-76.27, 47.4243], [-76.2822, 47.4211], [-76.2984, 47.4284], [-76.3141, 47.4256], [-76.3329, 47.4309], [-76.3344, 47.4323], [-76.3218, 47.4383], [-76.3116, 47.4378], [-76.4258, 47.5127], [-76.4142, 47.5232], [-76.3992, 47.5241], [-76.3919, 47.5282], [-76.3905, 47.5424], [-76.3932, 47.5421], [-76.3956, 47.5487], [-76.3868, 47.5517], [-76.3815, 47.5637], [-76.3821, 47.5698], [-76.3736, 47.5832], [-76.3865, 47.594], [-76.382, 47.5943], [-76.3736, 47.602], [-76.3466, 47.605], [-76.3374, 47.6006], [-76.3246, 47.6073], [-76.3096, 47.6065], [-76.3044, 47.6109], [-76.3172, 47.6156], [-76.3138, 47.6226], [-76.3202, 47.6264], [-76.3243, 47.6342], [-76.3267, 47.6452], [-76.3206, 47.6583], [-76.3346, 47.6567], [-76.336, 47.6592], [-76.334, 47.658], [-76.3245, 47.6691], [-76.3093, 47.666], [-76.3002, 47.6699], [-76.2881, 47.6806], [-76.2908, 47.6865], [-76.2705, 47.6903], [-76.2482, 47.7027], [-76.2497, 47.7], [-76.2472, 47.7006], [-76.2431, 47.7041], [-76.2482, 47.7028], [-76.2449, 47.7067], [-76.2488, 47.7096], [-76.2428, 47.7123], [-76.2387, 47.7217], [-76.2278, 47.7234], [-76.2264, 47.7278], [-76.2238, 47.7263], [-76.228, 47.7303], [-76.219, 47.7313], [-76.2168, 47.7278], [-76.2215, 47.7267], [-76.2137, 47.7274], [-76.2149, 47.7255], [-76.2046, 47.7237], [-76.1875, 47.729], [-76.1825, 47.7357], [-76.1804, 47.7337], [-76.1759, 47.737], [-76.1755, 47.7333], [-76.1685, 47.7346], [-76.1782, 47.7255], [-76.1644, 47.7251], [-76.161, 47.7211], [-76.1627, 47.7183], [-76.1505, 47.716], [-76.1357, 47.6932], [-76.0851, 47.6932], [-76.0452, 47.7246], [-76.0342, 47.724], [-76.0263, 47.7273], [-76.0158, 47.7237], [-76.0096, 47.7297], [-76.0088, 47.7267], [-76.0031, 47.728], [-76.0032, 47.7304], [-76.0081, 47.7304], [-76.0055, 47.7338], [-75.9646, 47.7341], [-75.9649, 47.7523], [-75.9777, 47.7763], [-75.936, 47.7993], [-75.9221, 47.8013], [-75.9174, 47.7938], [-75.9127, 47.7947], [-75.9037, 47.7889], [-75.9007, 47.7854], [-75.9032, 47.7814], [-75.8974, 47.7817], [-75.89, 47.7761], [-75.8927, 47.7734], [-75.8879, 47.7716], [-75.8877, 47.7679], [-75.8489, 47.7737], [-75.8316, 47.7694], [-75.8297, 47.7663], [-75.836, 47.7643], [-75.8345, 47.7593], [-75.8388, 47.75], [-75.8353, 47.7499], [-75.8314, 47.7441], [-75.8339, 47.7396], [-75.841, 47.7382], [-75.83, 47.7354], [-75.8372, 47.7316], [-75.8491, 47.7331], [-75.8502, 47.7262], [-75.8424, 47.7208], [-75.8569, 47.7139], [-75.8482, 47.7137], [-75.8474, 47.7043], [-75.8307, 47.7034], [-75.8348, 47.6972], [-75.8212, 47.6975], [-75.8307, 47.6888], [-75.8177, 47.6939], [-75.8121, 47.6878], [-75.8159, 47.6808], [-75.8138, 47.6815], [-75.811, 47.6747], [-75.8146, 47.6744], [-75.8058, 47.6695], [-75.7958, 47.6743], [-75.7918, 47.6814], [-75.7848, 47.6803], [-75.7952, 47.7067], [-75.768, 47.7448], [-75.7673, 47.7844], [-75.7886, 47.783], [-75.7847, 47.7859], [-75.7873, 47.7914], [-75.7736, 47.8067], [-75.7716, 47.8183], [-75.7416, 47.8305], [-75.7388, 47.837], [-75.7295, 47.8409], [-75.7136, 47.8573], [-75.6644, 47.8643], [-75.651, 47.8596], [-75.6352, 47.8593], [-75.6252, 47.8454], [-75.6177, 47.8489], [-75.5206, 47.8477], [-75.5205, 47.865], [-75.523, 47.8676], [-75.5202, 47.8701], [-75.5234, 47.8709], [-75.5205, 47.8728], [-75.5204, 47.9842], [-75.5263, 47.9901], [-75.5204, 47.9923], [-75.5205, 48.0924], [-75.5258, 48.0929], [-75.5241, 48.0956], [-75.5285, 48.0948], [-75.5219, 48.0966], [-75.5248, 48.0985], [-75.5237, 48.1014], [-75.5164, 48.1033], [-75.519, 48.1035], [-75.5147, 48.112], [-75.5218, 48.1164], [-75.5166, 48.1211], [-75.523, 48.1302], [-75.519, 48.1337], [-75.5219, 48.1523], [-75.5205, 48.1906], [-75.5139, 48.1946], [-75.5249, 48.2003], [-75.5153, 48.2041], [-75.5164, 48.2087], [-75.5125, 48.2104], [-75.5205, 48.2153], [-75.5177, 48.2171], [-75.5197, 48.2212], [-75.5175, 48.2253], [-75.5209, 48.226], [-75.5193, 48.3192], [-75.5207, 48.3945], [-75.5229, 48.3951], [-75.5207, 48.3971], [-75.5207, 48.4458], [-75.5243, 48.4484], [-75.5214, 48.4494], [-75.5207, 48.4577], [-75.5154, 48.4592], [-75.5193, 48.4583], [-75.5207, 48.4614], [-75.5208, 48.5287], [-75.5151, 48.53], [-75.5208, 48.5339], [-75.5207, 48.6759], [-75.5179, 48.6767], [-75.5207, 48.6878], [-75.5148, 48.6942], [-75.5207, 48.6978], [-75.5207, 48.7097], [-75.5235, 48.7086], [-75.5207, 48.7308], [-75.5278, 48.729], [-75.5187, 48.7391], [-75.5215, 48.742], [-75.52, 48.749], [-75.5266, 48.7524], [-75.5207, 48.7517], [-75.5207, 48.7891], [-75.5184, 48.7936], [-75.5213, 48.8126], [-75.5177, 48.8228], [-75.5221, 48.8252], [-75.5191, 48.8298], [-75.5214, 48.8303], [-75.5206, 48.9608], [-75.5168, 48.9656], [-75.5192, 48.9671], [-75.5174, 48.9706], [-75.5206, 48.9693], [-75.5206, 49.0], [-74.2791, 49.0], [-74.2938, 48.9863], [-74.2981, 48.9758], [-74.3156, 48.9814], [-74.3356, 48.9668], [-74.3388, 48.9623], [-74.3371, 48.954], [-74.3285, 48.946], [-74.3347, 48.9394], [-74.338, 48.927], [-74.3468, 48.9241], [-74.3087, 48.9145], [-74.3081, 48.8257], [-74.2672, 48.8257], [-74.2331, 48.8175], [-74.2165, 48.8063], [-74.1859, 48.8014], [-74.165, 48.8018], [-74.1356, 48.8074], [-74.1273, 48.8021], [-74.1093, 48.7975], [-74.1072, 48.7924], [-74.0972, 48.798], [-74.1003, 48.8076], [-74.097, 48.8145], [-74.088, 48.8156], [-74.0777, 48.8114], [-74.0777, 48.827], [-73.9595, 48.8277], [-73.9676, 48.7914], [-73.9683, 48.7673], [-73.9633, 48.7655], [-73.9691, 48.7649], [-73.9694, 48.7617], [-73.9665, 48.7524], [-73.9573, 48.7479], [-73.9625, 48.7477], [-73.9637, 48.7446], [-73.9534, 48.7396], [-73.957, 48.7371], [-73.9542, 48.7322], [-73.9606, 48.7331], [-73.9575, 48.7306], [-73.9634, 48.7293], [-73.9685, 48.7228], [-73.9605, 48.7219], [-73.9588, 48.7165], [-73.9707, 48.7108], [-73.9678, 48.7069], [-73.971, 48.7051], [-73.971, 48.7137], [-73.977, 48.7135], [-73.9754, 48.7025], [-73.981, 48.7006], [-73.9796, 48.698], [-73.9836, 48.6957], [-73.9795, 48.6952], [-73.9797, 48.6899], [-73.9757, 48.6875], [-73.984, 48.6856], [-73.985, 48.6827], [-73.9931, 48.6832], [-73.9957, 48.6733], [-73.9919, 48.6763], [-73.9903, 48.673], [-73.9958, 48.6729], [-73.9989, 48.6675], [-74.003, 48.6704], [-74.0093, 48.6671], [-74.0076, 48.6626], [-74.0167, 48.6527], [-74.0142, 48.6479], [-74.0211, 48.64], [-74.0177, 48.631], [-74.008, 48.6213], [-74.0085, 48.6138], [-74.0053, 48.6129], [-74.0088, 48.6098], [-74.0031, 48.6076], [-74.0086, 48.6056], [-73.9992, 48.5978], [-73.993, 48.6021], [-73.9875, 48.5942], [-73.9903, 48.5927], [-73.988, 48.5902], [-73.9921, 48.5904], [-73.991, 48.5878], [-73.9874, 48.5855], [-73.9861, 48.5897], [-73.984, 48.5865], [-73.9797, 48.5889], [-73.9746, 48.585], [-73.9559, 48.5864], [-73.9554, 48.5826], [-73.9469, 48.5788], [-73.9506, 48.5731], [-73.9417, 48.5649], [-73.9457, 48.5619], [-73.9405, 48.5567], [-73.9482, 48.5538], [-73.9484, 48.5482], [-73.9448, 48.5479], [-73.9532, 48.5317], [-73.9511, 48.5266], [-73.944, 48.5232], [-73.9464, 48.5157], [-73.9401, 48.5101], [-73.9471, 48.5057], [-73.9415, 48.4972], [-73.9509, 48.4953], [-73.9474, 48.4921], [-73.9537, 48.4916], [-73.9517, 48.4844], [-73.946, 48.4819], [-73.9506, 48.4776], [-73.9452, 48.4783], [-73.9413, 48.4725], [-73.9481, 48.4547], [-73.9694, 48.4414], [-73.9713, 48.4373], [-73.9677, 48.4298], [-73.9731, 48.434], [-73.9769, 48.4267], [-74.008, 48.4043], [-74.0084, 48.3898], [-74.0178, 48.3897], [-74.0332, 48.3726], [-74.043, 48.3715], [-74.0406, 48.3691], [-74.0437, 48.347], [-74.0333, 48.3395], [-74.0212, 48.3359], [-74.0189, 48.3326], [-74.0214, 48.3271], [-74.0104, 48.3239], [-74.0044, 48.3183], [-73.9818, 48.3174], [-73.9656, 48.3199], [-73.9629, 48.3241], [-73.9561, 48.3255], [-73.9397, 48.3225], [-73.9395, 48.3168], [-73.9345, 48.3125], [-73.9364, 48.3083], [-73.9302, 48.3011], [-73.9127, 48.2929], [-73.9099, 48.2838], [-73.9042, 48.2827], [-73.9038, 48.2727], [-73.8996, 48.2698], [-73.8983, 48.2637], [-73.8839, 48.2512], [-73.8721, 48.2478], [-73.8738, 48.2464], [-73.8513, 48.2331], [-73.8444, 48.2343], [-73.8385, 48.2298], [-73.8458, 48.2257], [-73.8241, 48.2008], [-73.8158, 48.1822], [-73.8204, 48.1603], [-73.7986, 48.1542], [-73.7928, 48.1487], [-73.7969, 48.1419], [-73.7813, 48.1384], [-73.7755, 48.1303], [-73.7606, 48.0903], [-73.7658, 48.0806], [-73.763, 48.0823], [-73.7711, 48.0766], [-73.7894, 48.0721], [-73.7927, 48.0642], [-73.8009, 48.0625], [-73.819, 48.0504], [-73.8062, 48.0303], [-73.7981, 48.0281], [-73.7916, 48.0194], [-73.8046, 48.0071], [-73.8137, 48.0085], [-73.8282, 48.0029], [-73.8329, 47.9932], [-73.8532, 47.9694], [-73.8486, 47.964], [-73.8452, 47.9348], [-73.8303, 47.9118], [-73.8117, 47.905], [-73.7989, 47.9059], [-73.7934, 47.8998], [-73.7754, 47.8975], [-73.7798, 47.8946], [-73.8431, 47.8878], [-73.8761, 47.8966], [-73.8926, 47.9134], [-73.9057, 47.9212], [-73.9207, 47.9203], [-73.942, 47.9245], [-73.945, 47.922], [-73.9447, 47.91], [-73.9603, 47.8959], [-73.9733, 47.8953], [-73.9939, 47.8852], [-74.0055, 47.8744], [-74.0184, 47.8743], [-74.0269, 47.8779], [-74.0367, 47.8735], [-74.046, 47.8641], [-74.0758, 47.8497], [-74.0882, 47.8551], [-74.1008, 47.8517], [-74.1012, 47.8602], [-74.1086, 47.8722], [-74.1446, 47.8832], [-74.1566, 47.8812], [-74.1698, 47.8846], [-74.1673, 47.8813], [-74.1725, 47.8737], [-74.1674, 47.87], [-74.1654, 47.8612], [-74.1415, 47.8382], [-74.1312, 47.8182], [-74.1332, 47.7925], [-74.1277, 47.7693], [-74.13, 47.7469], [-74.1171, 47.7405], [-74.1072, 47.7234], [-74.1204, 47.7061], [-74.1182, 47.6936], [-74.1123, 47.691], [-74.1132, 47.6858], [-74.1277, 47.6741], [-74.1403, 47.658], [-74.155, 47.6485], [-74.1498, 47.6451], [-74.148, 47.6395], [-74.1513, 47.639], [-74.1485, 47.6378], [-74.1533, 47.6332], [-74.1492, 47.6325], [-74.1473, 47.6354], [-74.1458, 47.6265], [-74.1353, 47.622], [-74.1388, 47.6158], [-74.1324, 47.6155], [-74.1199, 47.6059], [-74.1199, 47.5916], [-74.1323, 47.5819], [-74.1324, 47.5894], [-74.1459, 47.5904], [-74.1485, 47.5813], [-74.1452, 47.5789], [-74.1573, 47.5728], [-74.1517, 47.5713], [-74.1549, 47.5651], [-74.1775, 47.5647], [-74.1742, 47.5598], [-74.1708, 47.5645], [-74.1486, 47.5611], [-74.1506, 47.5576], [-74.17572516789255, 47.55214761752478], [-74.1718, 47.5494], [-74.1783, 47.546], [-74.1802, 47.5423], [-74.1778, 47.5414], [-74.1848, 47.5387], [-74.1924, 47.5266], [-74.1975, 47.5292], [-74.2039, 47.5213], [-74.2162, 47.5288], [-74.2191, 47.5277], [-74.2156, 47.525], [-74.2166, 47.5222], [-74.216, 47.5248], [-74.2333, 47.5397], [-74.229, 47.53], [-74.2317, 47.513], [-74.2402, 47.5089], [-74.2426, 47.5131], [-74.2455, 47.5061], [-74.2495, 47.5055], [-74.2492, 47.5085], [-74.2515, 47.5061], [-74.2526, 47.4989], [-74.2559, 47.503], [-74.2615, 47.5017], [-74.2699, 47.5102], [-74.2677, 47.5138], [-74.2864, 47.5265], [-74.2774, 47.5313], [-74.2774, 47.5349], [-74.2873, 47.5354], [-74.2864, 47.5286], [-74.2926, 47.5294], [-74.2943, 47.5328], [-74.2947, 47.5299], [-74.29897626841245, 47.529760556464815], [-74.3015, 47.5362], [-74.3035, 47.5334], [-74.3131, 47.5368], [-74.3216, 47.5473]], [[-74.1768, 47.5529], [-74.1847, 47.5502], [-74.17572516789255, 47.55214761752478], [-74.1768, 47.5529]]]]}}, {"type": "Feature", "properties": {"id": "qc-zone-6", "wmu_id": "15", "name": "Zone 15", "province": "QC", "source": "Qu\u00e9bec \u2014 Zones de chasse et p\u00eache (GAGQ)", "zone_kind": "zone_de_chasse"}, "geometry": {"type": "MultiPolygon", "coordinates": [[[[-74.1708, 47.5645], [-74.1742, 47.5598], [-74.1774, 47.5649], [-74.1549, 47.5651], [-74.1517, 47.5713], [-74.1573, 47.5728], [-74.1452, 47.5789], [-74.1485, 47.5813], [-74.1459, 47.5904], [-74.1324, 47.5894], [-74.1323, 47.5819], [-74.12, 47.5914], [-74.1199, 47.6059], [-74.1324, 47.6155], [-74.1388, 47.6158], [-74.1353, 47.622], [-74.1458, 47.6265], [-74.1473, 47.6354], [-74.1492, 47.6325], [-74.1533, 47.6332], [-74.1485, 47.6378], [-74.1513, 47.639], [-74.148, 47.6395], [-74.1547, 47.6493], [-74.1498, 47.6472], [-74.1427, 47.6342], [-74.1323, 47.6309], [-74.1254, 47.6114], [-74.1134, 47.6153], [-74.1208, 47.6104], [-74.1188, 47.6065], [-74.1093, 47.6053], [-74.1028, 47.5999], [-74.1108, 47.5976], [-74.0854, 47.5907], [-74.0798, 47.5941], [-74.0757, 47.5921], [-74.0787, 47.5886], [-74.0727, 47.5898], [-74.0683, 47.5865], [-74.0593, 47.5881], [-74.062, 47.5897], [-74.0604, 47.6007], [-74.0559, 47.5947], [-74.0489, 47.5961], [-74.0421, 47.6034], [-74.0436, 47.6087], [-74.0415, 47.6057], [-74.0375, 47.6124], [-74.0283, 47.6173], [-74.0299, 47.6191], [-74.026, 47.6181], [-74.0179, 47.6228], [-74.0147, 47.6321], [-74.0167, 47.6343], [-74.0043, 47.6305], [-74.0016, 47.6346], [-73.9807, 47.6384], [-73.9716, 47.6432], [-73.9614, 47.6406], [-73.9432, 47.624], [-73.953, 47.6267], [-73.9469, 47.6187], [-73.9452, 47.6053], [-73.9504, 47.5997], [-73.9509, 47.5912], [-73.9586, 47.5888], [-73.9507, 47.5889], [-73.948, 47.5848], [-73.9583, 47.5783], [-73.9633, 47.5818], [-73.9691, 47.5765], [-73.9738, 47.5798], [-73.9821, 47.5786], [-73.9845, 47.573], [-73.983, 47.5698], [-73.9768, 47.5722], [-73.9816, 47.5635], [-73.9781, 47.5651], [-73.9746, 47.5596], [-73.9749, 47.5527], [-73.9709, 47.5499], [-73.9649, 47.5533], [-73.967, 47.549], [-73.948, 47.5501], [-73.9415, 47.5474], [-73.944, 47.5514], [-73.9407, 47.5519], [-73.9319, 47.5489], [-73.9348, 47.5439], [-73.9239, 47.537], [-73.9234, 47.5313], [-73.9152, 47.5317], [-73.9133, 47.5237], [-73.92, 47.5196], [-73.9165, 47.5167], [-73.9234, 47.5073], [-73.9182, 47.5021], [-73.9179, 47.4943], [-73.9227, 47.4877], [-73.9295, 47.4867], [-73.9351, 47.4759], [-73.9221, 47.463], [-73.9297, 47.4556], [-73.9294, 47.4522], [-73.9259, 47.4515], [-73.935, 47.4473], [-73.9441, 47.4359], [-73.9392, 47.4329], [-73.9433, 47.4295], [-73.9358, 47.4236], [-73.9418, 47.4146], [-73.9385, 47.4042], [-73.9506, 47.3926], [-73.9493, 47.3851], [-73.9543, 47.3898], [-73.9621, 47.3852], [-73.958, 47.3798], [-73.9681, 47.3777], [-73.9749, 47.3649], [-73.9851, 47.3606], [-73.9884, 47.352], [-73.9944, 47.3538], [-73.999, 47.3457], [-73.9931, 47.338], [-73.9958, 47.3332], [-73.9931, 47.3329], [-73.997, 47.3264], [-73.9953, 47.3232], [-74.0043, 47.3142], [-74.0109, 47.2849], [-74.0084, 47.2794], [-74.012, 47.2752], [-74.0099, 47.2756], [-74.0289, 47.1777], [-73.9155, 47.0999], [-73.9107, 47.0992], [-73.8534, 47.1509], [-73.7544, 47.0662], [-73.7534, 47.0614], [-73.7582, 47.0588], [-73.6466, 46.9387], [-73.6461, 46.9351], [-73.6499, 46.938], [-73.6647, 46.9277], [-73.663, 46.8982], [-73.6587, 46.8913], [-73.668, 46.89], [-73.6694, 46.8881], [-73.6627, 46.8826], [-73.671, 46.8814], [-73.6736, 46.8723], [-73.6654, 46.8639], [-73.6617, 46.8669], [-73.6602, 46.8606], [-73.6559, 46.8604], [-73.6665, 46.8566], [-73.6611, 46.843], [-73.6736, 46.8379], [-73.6721, 46.8295], [-73.6767, 46.8232], [-73.6724, 46.8165], [-73.6756, 46.8038], [-73.6725, 46.7969], [-73.6655, 46.7914], [-73.6622, 46.7959], [-73.6546, 46.7939], [-73.665, 46.7882], [-73.6662, 46.7846], [-73.6588, 46.7631], [-73.6523, 46.7587], [-73.6572, 46.7603], [-73.6625, 46.7578], [-73.6595, 46.7601], [-73.6676, 46.7652], [-73.6694, 46.7711], [-73.6771, 46.7702], [-73.6761, 46.7644], [-73.6801, 46.7602], [-73.6781, 46.7582], [-73.6853, 46.7482], [-73.6835, 46.7454], [-73.688, 46.7426], [-73.686, 46.7311], [-73.6915, 46.725], [-73.6972, 46.7071], [-73.7049, 46.6997], [-73.7068, 46.6784], [-73.6666, 46.6679], [-73.6582, 46.6702], [-73.6568, 46.6784], [-73.6471, 46.6808], [-73.6374, 46.6901], [-73.628, 46.6896], [-73.6297, 46.6855], [-73.641, 46.6795], [-73.6412, 46.6741], [-73.6221, 46.653], [-73.6726, 46.5904], [-73.6695, 46.5828], [-73.6579, 46.5775], [-73.6586, 46.5747], [-73.6485, 46.5651], [-73.6497, 46.5614], [-73.6315, 46.5314], [-73.6137, 46.5126], [-73.6139, 46.5042], [-73.5847, 46.5121], [-73.5769, 46.5055], [-73.568, 46.504], [-73.563, 46.5125], [-73.5493, 46.5223], [-73.5345, 46.5227], [-73.5136, 46.5136], [-73.4636, 46.506], [-73.4242, 46.4934], [-73.3991, 46.4926], [-73.3831, 46.4789], [-73.3748, 46.4854], [-73.357, 46.4825], [-73.3371, 46.4962], [-73.337, 46.5018], [-73.334, 46.4981], [-73.3221, 46.5046], [-73.3066, 46.4963], [-73.2967, 46.4849], [-73.2896, 46.4889], [-73.2808, 46.4818], [-73.2516, 46.4795], [-73.244, 46.4759], [-73.2413, 46.4706], [-73.2296, 46.469], [-73.2148, 46.4532], [-73.2159, 46.447], [-73.2264, 46.44], [-73.2274, 46.4345], [-73.2242, 46.431], [-73.2213, 46.4062], [-73.2099, 46.3988], [-73.2164, 46.3938], [-73.217, 46.3884], [-73.2281, 46.3799], [-73.2625, 46.368], [-73.2597, 46.3583], [-73.27, 46.3499], [-73.2663, 46.3411], [-73.2765, 46.3292], [-73.2641, 46.3246], [-73.2436, 46.3373], [-73.2036, 46.3346], [-73.1894, 46.3402], [-73.1738, 46.3385], [-73.1601, 46.3268], [-73.1501, 46.327], [-73.1391, 46.3333], [-73.1197, 46.3311], [-73.0882, 46.3098], [-73.101, 46.2954], [-73.1132, 46.2658], [-73.1309, 46.2383], [-73.1961, 46.1922], [-73.2386, 46.1801], [-73.283, 46.1457], [-73.3149, 46.1696], [-73.3145, 46.1875], [-73.3229, 46.2025], [-73.3219, 46.2109], [-73.3307, 46.2266], [-73.3308, 46.2384], [-73.3391, 46.261], [-73.3608, 46.2833], [-73.3809, 46.2909], [-73.4007, 46.307], [-73.4063, 46.3201], [-73.4164, 46.3214], [-73.4513, 46.3395], [-73.4646, 46.333], [-73.5028, 46.3381], [-73.5152, 46.3328], [-73.5382, 46.3296], [-73.5421, 46.3271], [-73.5405, 46.3173], [-73.5738, 46.3003], [-73.5895, 46.3118], [-73.5967, 46.3213], [-73.6149, 46.3303], [-73.6334, 46.3295], [-73.6802, 46.2975], [-73.6964, 46.3057], [-73.7139, 46.3032], [-73.7308, 46.2971], [-73.7717, 46.2714], [-73.7816, 46.2717], [-73.797, 46.2929], [-73.8041, 46.2924], [-73.8097, 46.297], [-73.8158, 46.311], [-73.8344, 46.3185], [-73.8481, 46.3096], [-73.8633, 46.3202], [-73.878, 46.3138], [-73.8879, 46.3178], [-73.8962, 46.3124], [-73.9008, 46.313], [-73.9039, 46.3108], [-73.9011, 46.3089], [-73.9177, 46.2972], [-73.9316, 46.306], [-73.9325, 46.3095], [-73.9433, 46.3019], [-73.9584, 46.3117], [-73.961, 46.3099], [-73.9595, 46.3066], [-73.9664, 46.3057], [-73.9795, 46.3143], [-73.9682, 46.3226], [-73.9816, 46.3318], [-73.9963, 46.3211], [-73.9999, 46.3233], [-74.0131, 46.3142], [-74.055, 46.3403], [-74.0415, 46.3499], [-74.1554, 46.4236], [-74.1889, 46.3987], [-74.2261, 46.4258], [-74.4132, 46.2989], [-74.3828, 46.278], [-74.4171, 46.2545], [-74.4201, 46.2566], [-74.448, 46.2362], [-74.4552, 46.2412], [-74.4713, 46.2301], [-74.4785, 46.2352], [-74.4625, 46.2463], [-74.4673, 46.2496], [-74.4751, 46.2442], [-74.4775, 46.2458], [-74.4698, 46.2512], [-74.4748, 46.2547], [-74.4695, 46.2585], [-74.4855, 46.2699], [-74.506, 46.2557], [-74.52, 46.2662], [-74.5279, 46.2418], [-74.5074, 46.2388], [-74.5156, 46.2082], [-74.512, 46.2076], [-74.5167, 46.2024], [-74.513, 46.1911], [-74.5178, 46.1854], [-74.5502, 46.1859], [-74.5555, 46.1902], [-74.5813, 46.1939], [-74.5768, 46.2054], [-74.5829, 46.2185], [-74.592, 46.2223], [-74.5881, 46.2364], [-74.6049, 46.239], [-74.607, 46.2309], [-74.6099, 46.2326], [-74.6088, 46.237], [-74.6127, 46.2353], [-74.6185, 46.2395], [-74.6198, 46.2442], [-74.6233, 46.2442], [-74.6316, 46.2541], [-74.6253, 46.2542], [-74.6302, 46.2591], [-74.6313, 46.266], [-74.6401, 46.266], [-74.6424, 46.2708], [-74.6527, 46.2756], [-74.6523, 46.2831], [-74.6563, 46.2839], [-74.6491, 46.2901], [-74.6548, 46.293], [-74.6588, 46.3022], [-74.6605, 46.3081], [-74.6577, 46.3165], [-74.6683, 46.3239], [-74.6644, 46.3312], [-74.6476, 46.3355], [-74.6501, 46.349], [-74.6473, 46.3512], [-74.661, 46.3639], [-74.669, 46.3646], [-74.6725, 46.3756], [-74.6445, 46.4008], [-74.644, 46.4079], [-74.6345, 46.4183], [-74.6693, 46.442], [-74.671, 46.4374], [-74.674, 46.4387], [-74.6769, 46.4478], [-74.6847, 46.4491], [-74.6805, 46.4496], [-74.7324, 46.4852], [-74.7255, 46.4989], [-74.7286, 46.508], [-74.6838, 46.5382], [-74.686, 46.5432], [-74.681, 46.5504], [-74.6799, 46.56], [-74.6699, 46.5685], [-74.6679, 46.575], [-74.7526, 46.6331], [-74.7674, 46.63], [-74.7703, 46.6264], [-74.7832, 46.6352], [-74.8033, 46.6201], [-74.8102, 46.6256], [-74.8197, 46.6243], [-74.8177, 46.611], [-74.8246, 46.606], [-74.8394, 46.602], [-74.8495, 46.6091], [-74.8812, 46.5878], [-74.896, 46.5981], [-74.9034, 46.5931], [-74.9065, 46.5992], [-74.9041, 46.6062], [-74.9163, 46.6114], [-74.9177, 46.6178], [-74.9277, 46.6282], [-74.9546, 46.6271], [-74.9542, 46.6741], [-74.9908, 46.6658], [-74.9879, 46.7131], [-74.9778, 46.7213], [-74.9914, 46.734], [-74.9919, 46.7403], [-74.997, 46.7465], [-75.0019, 46.7452], [-75.0027, 46.7413], [-75.011, 46.7413], [-75.0131, 46.7471], [-75.0241, 46.7494], [-75.0243, 46.7585], [-75.0337, 46.7562], [-75.0336, 46.7594], [-75.0379, 46.7597], [-75.0387, 46.7529], [-75.0459, 46.7471], [-75.0556, 46.7464], [-75.0627, 46.7542], [-75.0797, 46.7426], [-75.1687, 46.7939], [-75.1337, 46.8295], [-75.108, 46.8632], [-75.1109, 46.9089], [-75.1167, 46.9114], [-75.1179, 46.9158], [-75.1289, 46.9143], [-75.139, 46.9234], [-75.1431, 46.9217], [-75.1416, 46.9259], [-75.1291, 46.9231], [-75.1327, 46.9298], [-75.1295, 46.9344], [-75.1407, 46.9344], [-75.1794, 46.9832], [-75.2218, 46.9831], [-75.2522, 46.979], [-75.2568, 46.9715], [-75.268, 46.967], [-75.2705, 46.9625], [-75.299, 46.9824], [-75.3023, 46.9802], [-75.3062, 46.9825], [-75.314, 47.0001], [-75.3301, 47.0053], [-75.3395, 47.0032], [-75.3495, 47.0119], [-75.3617, 47.0106], [-75.371, 47.0062], [-75.3645, 47.0018], [-75.3658, 46.9984], [-75.36, 46.9926], [-75.3659, 46.9855], [-75.3625, 46.9762], [-75.3674, 46.9727], [-75.3693, 46.9748], [-75.372, 46.9697], [-75.3658, 46.968], [-75.3689, 46.9637], [-75.3658, 46.9575], [-75.3685, 46.955], [-75.3623, 46.9485], [-75.3726, 46.9517], [-75.3721, 46.958], [-75.3758, 46.9584], [-75.3746, 46.9632], [-75.3832, 46.9687], [-75.3795, 46.9712], [-75.381, 46.9745], [-75.3852, 46.9734], [-75.3853, 46.9694], [-75.3916, 46.9736], [-75.3917, 46.9842], [-75.4115, 46.9917], [-75.4084, 46.9929], [-75.4106, 46.9968], [-75.4139, 46.9961], [-75.4125, 47.0026], [-75.415, 47.0043], [-75.4234, 47.0024], [-75.4225, 46.9997], [-75.4256, 46.9991], [-75.4262, 47.0018], [-75.4292, 46.9998], [-75.4305, 46.9976], [-75.4245, 46.9922], [-75.4293, 46.9904], [-75.4313, 46.9973], [-75.4383, 46.9882], [-75.4403, 46.9898], [-75.4354, 46.9976], [-75.44, 46.994], [-75.4462, 46.9994], [-75.4462, 46.9967], [-75.4517, 46.9963], [-75.4547, 46.9921], [-75.4662, 46.9903], [-75.4717, 46.9811], [-75.4831, 46.9789], [-75.4878, 46.9728], [-75.5034, 46.9842], [-75.5019, 46.9935], [-75.5086, 46.9949], [-75.5266, 46.9848], [-75.5412, 46.9846], [-75.5485, 46.9809], [-75.5537, 46.9887], [-75.5582, 46.988], [-75.5591, 46.9841], [-75.5789, 46.9962], [-75.5787, 46.9987], [-75.587, 47.0005], [-75.5886, 47.0103], [-75.5835, 47.0141], [-75.5864, 47.0216], [-75.6015, 47.0313], [-75.6129, 47.0341], [-75.6438, 47.0296], [-75.648, 47.0155], [-75.6628, 47.019], [-75.6929, 47.01], [-75.7145, 47.0074], [-75.7138, 47.0019], [-75.7249, 47.005], [-75.7116, 47.0115], [-75.7062, 47.0235], [-75.6919, 47.0343], [-75.6964, 47.0341], [-75.7046, 47.0262], [-75.7036, 47.0362], [-75.71, 47.0379], [-75.7089, 47.0461], [-75.7124, 47.0522], [-75.7275, 47.0647], [-75.7372, 47.0684], [-75.7398, 47.0714], [-75.7372, 47.0736], [-75.7437, 47.0788], [-75.7484, 47.0772], [-75.7521, 47.0806], [-75.7525, 47.0879], [-75.7436, 47.0942], [-75.7477, 47.1043], [-75.744, 47.1163], [-75.7279, 47.1275], [-75.7239, 47.1254], [-75.6977, 47.1395], [-75.6724, 47.1454], [-75.6671, 47.1523], [-75.6542, 47.1565], [-75.6509, 47.1627], [-75.6272, 47.182], [-75.5969, 47.1857], [-75.5764, 47.202], [-75.5758, 47.2072], [-75.56, 47.2078], [-75.5307, 47.2383], [-75.5223, 47.2531], [-75.5124, 47.2598], [-75.5045, 47.26], [-75.4932, 47.2732], [-75.4805, 47.2763], [-75.4747, 47.2815], [-75.4675, 47.2929], [-75.468, 47.3081], [-75.4636, 47.3093], [-75.4583, 47.3167], [-75.4624, 47.3267], [-75.4739, 47.3364], [-75.4724, 47.3485], [-75.4574, 47.3739], [-75.4312, 47.3897], [-75.4224, 47.4032], [-75.3896, 47.4282], [-75.3838, 47.4413], [-75.3821, 47.4637], [-75.37, 47.4796], [-75.3618, 47.4781], [-75.3408, 47.4873], [-75.3328, 47.4847], [-75.3227, 47.4908], [-75.3166, 47.4904], [-75.276, 47.532], [-75.214, 47.4908], [-75.2563, 47.461], [-75.2184, 47.435], [-75.1999, 47.4409], [-75.1958, 47.4204], [-75.2168, 47.354], [-75.1967, 47.3664], [-75.1931, 47.3601], [-75.1886, 47.3598], [-75.1832, 47.3696], [-75.1869, 47.3725], [-75.1321, 47.4063], [-75.1478, 47.449], [-75.0799, 47.4491], [-75.0799, 47.4526], [-75.0694, 47.4567], [-75.0647, 47.4671], [-74.9711, 47.4671], [-74.9711, 47.4787], [-74.9571, 47.4693], [-74.9571, 47.4844], [-74.8993, 47.5107], [-74.7386, 47.5105], [-74.7208, 47.4987], [-74.7131, 47.5059], [-74.7297, 47.5163], [-74.7348, 47.6037], [-74.7288, 47.6186], [-74.7182, 47.625], [-74.7171, 47.6302], [-74.6899, 47.6364], [-74.6881, 47.6321], [-74.6538, 47.6171], [-74.6376, 47.6037], [-74.6303, 47.5885], [-74.6267, 47.5897], [-74.6223, 47.5871], [-74.6221, 47.5834], [-74.6199, 47.5849], [-74.6208, 47.5822], [-74.5976, 47.5565], [-74.5064, 47.5677], [-74.5047, 47.5643], [-74.5114, 47.5257], [-74.4736, 47.5136], [-74.4452, 47.5369], [-74.3831, 47.5363], [-74.3805, 47.5418], [-74.3605, 47.5401], [-74.342, 47.5445], [-74.3348, 47.5421], [-74.3309, 47.5469], [-74.3273, 47.5469], [-74.3269, 47.543], [-74.3216, 47.5473], [-74.3131, 47.5368], [-74.3035, 47.5334], [-74.3015, 47.5362], [-74.29897626841245, 47.529760556464815], [-74.2947, 47.5299], [-74.2943, 47.5328], [-74.2926, 47.5294], [-74.2864, 47.5286], [-74.2873, 47.5354], [-74.2774, 47.5349], [-74.2774, 47.5313], [-74.2864, 47.5265], [-74.2677, 47.5138], [-74.2699, 47.5102], [-74.2615, 47.5017], [-74.2559, 47.503], [-74.2527, 47.4989], [-74.2515, 47.5061], [-74.2492, 47.5085], [-74.2495, 47.5055], [-74.2455, 47.5061], [-74.2426, 47.5131], [-74.2402, 47.5089], [-74.2317, 47.513], [-74.229, 47.53], [-74.2333, 47.5397], [-74.216, 47.5248], [-74.2166, 47.5222], [-74.2156, 47.525], [-74.2191, 47.5277], [-74.2162, 47.5288], [-74.2039, 47.5213], [-74.1975, 47.5292], [-74.1924, 47.5266], [-74.1848, 47.5387], [-74.1778, 47.5414], [-74.1802, 47.5423], [-74.1783, 47.546], [-74.1718, 47.5494], [-74.1756984375, 47.55212890625], [-74.1511, 47.5574], [-74.1484, 47.5608], [-74.1708, 47.5645]], [[-74.30020460251046, 47.52972050209205], [-74.2997, 47.5293], [-74.29897626841245, 47.529760556464815], [-74.30020460251046, 47.52972050209205]], [[-74.3045, 47.5333], [-74.3039, 47.5296], [-74.30020460251046, 47.52972050209205], [-74.3045, 47.5333]]], [[[-74.1756984375, 47.55212890625], [-74.1847, 47.5502], [-74.1768, 47.5529], [-74.1756984375, 47.55212890625]]]]}}, {"type": "Feature", "properties": {"id": "qc-zone-7", "wmu_id": "16", "name": "Zone 16", "province": "QC", "source": "Qu\u00e9bec \u2014 Zones de chasse et p\u00eache (GAGQ)", "zone_kind": "zone_de_chasse"}, "geometry": {"type": "Polygon", "coordinates": [[[-74.2342, 49.2076], [-75.5206, 49.2081], [-75.5207, 49.1531], [-77.1283, 49.1533], [-77.125, 49.1703], [-77.1348, 49.1721], [-77.1402, 49.1775], [-77.1374, 49.1812], [-77.1396, 49.1827], [-77.1321, 49.1839], [-77.1284, 49.1974], [-77.1289, 49.2033], [-77.1354, 49.2097], [-77.1334, 49.2141], [-77.138, 49.2253], [-77.1295, 49.2404], [-77.1315, 49.2444], [-77.1373, 49.2453], [-77.1383, 49.249], [-77.1337, 49.2542], [-77.1415, 49.267], [-77.1549, 49.2773], [-77.1528, 49.2771], [-77.1562, 49.2817], [-77.1546, 49.288], [-77.1606, 49.2975], [-77.1592, 49.3024], [-77.1612, 49.3015], [-77.1559, 49.3136], [-77.1598, 49.3246], [-77.1684, 49.3352], [-77.1693, 49.342], [-77.1753, 49.3469], [-77.1714, 49.352], [-77.1785, 49.3586], [-77.1874, 49.3603], [-77.1886, 49.3655], [-77.1954, 49.3654], [-77.2052, 49.3732], [-77.2212, 49.3704], [-77.2288, 49.3732], [-77.2367, 49.3811], [-77.2452, 49.3787], [-77.2476, 49.3829], [-77.2579, 49.3834], [-77.2559, 49.3854], [-77.2668, 49.3885], [-77.2789, 49.3979], [-77.3256, 49.4001], [-77.34, 49.4182], [-77.3393, 49.43], [-77.3667, 49.4457], [-77.389, 49.4429], [-77.4155, 49.4449], [-77.4223, 49.4379], [-77.4174, 49.4387], [-77.4225, 49.4374], [-77.4379, 49.4219], [-77.4575, 49.4169], [-77.461, 49.4209], [-77.4786, 49.4227], [-77.4823, 49.4196], [-77.4807, 49.4119], [-77.5, 49.4167], [-77.5054, 49.4151], [-77.496, 49.4151], [-77.4994, 49.4117], [-77.5381, 49.4157], [-77.5425, 49.4123], [-77.5541, 49.412], [-77.5583, 49.4201], [-77.5686, 49.4219], [-77.5658, 49.4219], [-77.5687, 49.4237], [-77.5662, 49.4253], [-77.5636, 49.4218], [-77.5607, 49.4234], [-77.5657, 49.4347], [-77.5789, 49.4272], [-77.5786, 49.4225], [-77.5809, 49.4223], [-77.5825, 49.4315], [-77.5712, 49.4429], [-77.5788, 49.4458], [-77.58, 49.451], [-77.5758, 49.4596], [-77.5843, 49.4714], [-77.5745, 49.4804], [-77.5575, 49.4864], [-77.5545, 49.4926], [-77.5587, 49.4994], [-77.5527, 49.5021], [-77.5532, 49.5073], [-77.5348, 49.5207], [-77.5177, 49.5269], [-77.5099, 49.533], [-77.4944, 49.5316], [-77.4927, 49.5376], [-77.4853, 49.544], [-77.4863, 49.5527], [-77.4739, 49.5579], [-77.4774, 49.5703], [-77.463, 49.5858], [-77.4666, 49.5911], [-77.4652, 49.596], [-77.4558, 49.5997], [-77.4602, 49.601], [-77.4582, 49.614], [-77.4596, 49.6192], [-77.4701, 49.6273], [-77.4947, 49.6162], [-77.5003, 49.6081], [-77.5046, 49.6069], [-77.5415, 49.6215], [-77.5444, 49.6293], [-77.5387, 49.6367], [-77.5377, 49.6452], [-77.542, 49.647], [-77.5414, 49.6497], [-77.5381, 49.6558], [-77.5299, 49.6552], [-77.548, 49.6666], [-77.546, 49.6708], [-77.5394, 49.6731], [-77.5567, 49.6864], [-77.5739, 49.6922], [-77.5768, 49.6976], [-77.593, 49.7075], [-77.6027, 49.722], [-77.6234, 49.7291], [-77.6224, 49.7494], [-77.6142, 49.7556], [-77.6143, 49.7591], [-77.6275, 49.7653], [-77.636, 49.7773], [-77.6355, 49.786], [-77.645, 49.8018], [-77.6599, 49.8078], [-77.6585, 49.8128], [-77.6623, 49.8146], [-77.6739, 49.81], [-77.6748, 49.8061], [-77.687, 49.8035], [-77.6981, 49.8107], [-77.7145, 49.8145], [-77.711, 49.8183], [-77.7161, 49.8205], [-77.7156, 49.826], [-77.7394, 49.8256], [-77.7498, 49.8314], [-77.7669, 49.8305], [-77.776, 49.8233], [-77.7734, 49.8194], [-77.7811, 49.8203], [-77.7816, 49.8166], [-77.791, 49.8158], [-77.7912, 49.8134], [-77.7965, 49.8159], [-77.7845, 49.8184], [-77.7852, 49.8213], [-77.7796, 49.8246], [-77.8083, 49.8209], [-77.8102, 49.8162], [-77.8322, 49.8102], [-77.8285, 49.8056], [-77.8248, 49.8074], [-77.8184, 49.8044], [-77.836, 49.8003], [-77.8367, 49.797], [-77.8254, 49.7923], [-77.8306, 49.7875], [-77.8282, 49.778], [-77.8372, 49.7675], [-77.8363, 49.7638], [-77.8421, 49.7549], [-77.8404, 49.75], [-77.8505, 49.7392], [-77.8578, 49.7388], [-77.8634, 49.7323], [-77.8676, 49.7323], [-77.861, 49.7431], [-77.8476, 49.7494], [-77.8518, 49.7593], [-77.8444, 49.7632], [-77.8454, 49.7668], [-77.8372, 49.7754], [-77.8522, 49.7747], [-77.8555, 49.7771], [-77.86, 49.7743], [-77.8592, 49.7806], [-77.8505, 49.7882], [-77.8333, 49.7861], [-77.8327, 49.7901], [-77.8402, 49.795], [-77.8375, 49.8019], [-77.8464, 49.8032], [-77.8372, 49.8041], [-77.8366, 49.8123], [-77.8272, 49.8166], [-77.8294, 49.819], [-77.8208, 49.8185], [-77.8162, 49.8207], [-77.8172, 49.8228], [-77.7918, 49.8278], [-77.7747, 49.8275], [-77.7657, 49.8343], [-77.756, 49.8331], [-77.754, 49.836], [-77.7507, 49.8341], [-77.7374, 49.8375], [-77.7381, 49.8405], [-77.7325, 49.8442], [-77.7196, 49.8444], [-77.6944, 49.8513], [-77.7002, 49.8532], [-77.7023, 49.8558], [-77.6997, 49.8609], [-77.7056, 49.8643], [-77.7174, 49.8631], [-77.7237, 49.8663], [-77.7273, 49.8639], [-77.7336, 49.8696], [-77.7325, 49.8768], [-79.5178, 49.8754], [-79.5178, 49.0091], [-79.0534, 49.0093], [-79.0534, 49.0], [-77.8289, 49.0], [-77.8257, 49.0035], [-77.8195, 49.0], [-77.1382, 49.0], [-77.1369, 48.9956], [-77.1248, 48.9951], [-77.1148, 48.9961], [-77.1104, 49.0], [-76.568, 49.0], [-76.5659, 48.9951], [-76.5579, 48.9967], [-76.5577, 49.0], [-76.3965, 49.0], [-76.3975, 48.9795], [-76.3939, 48.9842], [-76.3913, 49.0], [-75.6116, 49.0], [-75.6149, 49.0033], [-75.6024, 49.0077], [-75.5987, 49.0028], [-75.5913, 49.006], [-75.5833, 49.0036], [-75.5731, 49.0086], [-75.565, 49.0043], [-75.5663, 49.0], [-74.2791, 49.0], [-74.3024, 49.0131], [-74.298, 49.0216], [-74.3064, 49.0416], [-74.2964, 49.048], [-74.2879, 49.069], [-74.2775, 49.0767], [-74.2746, 49.098], [-74.2674, 49.1063], [-74.2693, 49.119], [-74.2646, 49.1363], [-74.2474, 49.1385], [-74.2458, 49.1439], [-74.2505, 49.167], [-74.2427, 49.1925], [-74.2342, 49.2076]]]}}, {"type": "Feature", "properties": {"id": "qc-zone-8", "wmu_id": "17", "name": "Zone 17", "province": "QC", "source": "Qu\u00e9bec \u2014 Zones de chasse et p\u00eache (GAGQ)", "zone_kind": "zone_de_chasse"}, "geometry": {"type": "Polygon", "coordinates": [[[-73.8538, 50.0], [-79.5178, 50.0], [-79.5178, 49.8754], [-77.7325, 49.8768], [-77.7336, 49.8696], [-77.7273, 49.8639], [-77.7237, 49.8663], [-77.7174, 49.8631], [-77.7056, 49.8643], [-77.6997, 49.8609], [-77.7023, 49.8558], [-77.7002, 49.8532], [-77.6944, 49.8513], [-77.7196, 49.8444], [-77.7325, 49.8442], [-77.7381, 49.8405], [-77.7374, 49.8375], [-77.7507, 49.8341], [-77.754, 49.836], [-77.756, 49.8331], [-77.7657, 49.8343], [-77.7747, 49.8275], [-77.7918, 49.8278], [-77.8172, 49.8228], [-77.8162, 49.8207], [-77.8208, 49.8185], [-77.8294, 49.819], [-77.8272, 49.8166], [-77.8366, 49.8123], [-77.8372, 49.8041], [-77.8464, 49.8032], [-77.8375, 49.8019], [-77.8402, 49.795], [-77.8327, 49.7901], [-77.8333, 49.7861], [-77.8505, 49.7882], [-77.8592, 49.7806], [-77.86, 49.7743], [-77.8555, 49.7771], [-77.8522, 49.7747], [-77.8372, 49.7754], [-77.8454, 49.7668], [-77.8444, 49.7632], [-77.8518, 49.7593], [-77.8476, 49.7494], [-77.861, 49.7431], [-77.8676, 49.7323], [-77.8634, 49.7323], [-77.8578, 49.7388], [-77.8505, 49.7392], [-77.8404, 49.75], [-77.8421, 49.7549], [-77.8363, 49.7638], [-77.8372, 49.7675], [-77.8282, 49.778], [-77.8306, 49.7875], [-77.8254, 49.7923], [-77.8367, 49.797], [-77.836, 49.8003], [-77.8184, 49.8044], [-77.8248, 49.8074], [-77.8285, 49.8056], [-77.8322, 49.8102], [-77.8102, 49.8162], [-77.8083, 49.8209], [-77.7796, 49.8246], [-77.7852, 49.8213], [-77.7845, 49.8184], [-77.7965, 49.8159], [-77.7912, 49.8134], [-77.791, 49.8158], [-77.7816, 49.8166], [-77.7811, 49.8203], [-77.7734, 49.8194], [-77.776, 49.8233], [-77.7669, 49.8305], [-77.7498, 49.8314], [-77.7394, 49.8256], [-77.7156, 49.826], [-77.7161, 49.8205], [-77.711, 49.8183], [-77.7145, 49.8145], [-77.6981, 49.8107], [-77.687, 49.8035], [-77.6748, 49.8061], [-77.6739, 49.81], [-77.6623, 49.8146], [-77.6585, 49.8128], [-77.6599, 49.8078], [-77.645, 49.8018], [-77.6355, 49.786], [-77.636, 49.7773], [-77.6275, 49.7653], [-77.6143, 49.7591], [-77.6142, 49.7556], [-77.6224, 49.7494], [-77.6234, 49.7291], [-77.6027, 49.722], [-77.593, 49.7075], [-77.5768, 49.6976], [-77.5739, 49.6922], [-77.5567, 49.6864], [-77.5394, 49.6731], [-77.546, 49.6708], [-77.548, 49.6666], [-77.5299, 49.6552], [-77.5381, 49.6558], [-77.5414, 49.6497], [-77.542, 49.647], [-77.5377, 49.6452], [-77.5387, 49.6367], [-77.5444, 49.6293], [-77.5415, 49.6215], [-77.5046, 49.6069], [-77.5003, 49.6081], [-77.4947, 49.6162], [-77.4701, 49.6273], [-77.4596, 49.6192], [-77.4582, 49.614], [-77.4602, 49.601], [-77.4558, 49.5997], [-77.4652, 49.596], [-77.4666, 49.5911], [-77.463, 49.5858], [-77.4774, 49.5703], [-77.4739, 49.5579], [-77.4863, 49.5527], [-77.4853, 49.544], [-77.4927, 49.5376], [-77.4944, 49.5316], [-77.5099, 49.533], [-77.5177, 49.5269], [-77.5348, 49.5207], [-77.5532, 49.5073], [-77.5527, 49.5021], [-77.5587, 49.4994], [-77.5545, 49.4926], [-77.5575, 49.4864], [-77.5745, 49.4804], [-77.5843, 49.4714], [-77.5758, 49.4596], [-77.58, 49.451], [-77.5788, 49.4458], [-77.5712, 49.4429], [-77.5825, 49.4315], [-77.5809, 49.4223], [-77.5786, 49.4225], [-77.5789, 49.4272], [-77.5657, 49.4347], [-77.5607, 49.4234], [-77.5636, 49.4218], [-77.5662, 49.4253], [-77.5687, 49.4237], [-77.5658, 49.4219], [-77.5686, 49.4219], [-77.5583, 49.4201], [-77.5541, 49.412], [-77.5425, 49.4123], [-77.5381, 49.4157], [-77.4994, 49.4117], [-77.496, 49.4151], [-77.5054, 49.4151], [-77.5, 49.4167], [-77.4807, 49.4119], [-77.4823, 49.4196], [-77.4786, 49.4227], [-77.461, 49.4209], [-77.4575, 49.4169], [-77.4379, 49.4219], [-77.4225, 49.4374], [-77.4174, 49.4387], [-77.4223, 49.4379], [-77.4155, 49.4449], [-77.389, 49.4429], [-77.3667, 49.4457], [-77.3393, 49.43], [-77.34, 49.4182], [-77.3256, 49.4001], [-77.2789, 49.3979], [-77.2668, 49.3885], [-77.2559, 49.3854], [-77.2579, 49.3834], [-77.2476, 49.3829], [-77.2452, 49.3787], [-77.2367, 49.3811], [-77.2288, 49.3732], [-77.2212, 49.3704], [-77.2052, 49.3732], [-77.1954, 49.3654], [-77.1886, 49.3655], [-77.1874, 49.3603], [-77.1785, 49.3586], [-77.1714, 49.352], [-77.1753, 49.3469], [-77.1693, 49.342], [-77.1684, 49.3352], [-77.1598, 49.3246], [-77.1559, 49.3136], [-77.1612, 49.3015], [-77.1592, 49.3024], [-77.1606, 49.2975], [-77.1546, 49.288], [-77.1562, 49.2817], [-77.1528, 49.2771], [-77.1549, 49.2773], [-77.1415, 49.267], [-77.1337, 49.2542], [-77.1383, 49.249], [-77.1373, 49.2453], [-77.1315, 49.2444], [-77.1295, 49.2404], [-77.138, 49.2253], [-77.1334, 49.2141], [-77.1354, 49.2097], [-77.1289, 49.2033], [-77.1284, 49.1974], [-77.1321, 49.1839], [-77.1396, 49.1827], [-77.1374, 49.1812], [-77.1402, 49.1775], [-77.1348, 49.1721], [-77.125, 49.1703], [-77.1283, 49.1533], [-75.5207, 49.1531], [-75.5206, 49.2081], [-74.2342, 49.2076], [-74.2273, 49.2228], [-74.2297, 49.2807], [-74.2423, 49.2911], [-74.2496, 49.2909], [-74.2497, 49.2838], [-74.262, 49.273], [-74.2682, 49.2738], [-74.2703, 49.2819], [-74.2786, 49.2843], [-74.2953, 49.2801], [-74.3001, 49.2773], [-74.3039, 49.2618], [-74.3105, 49.2563], [-74.3145, 49.2601], [-74.3151, 49.2688], [-74.3344, 49.2743], [-74.3352, 49.2851], [-74.3621, 49.3003], [-74.3744, 49.3021], [-74.3727, 49.3152], [-74.383, 49.3187], [-74.4215, 49.3209], [-74.4275, 49.3239], [-74.4277, 49.3315], [-74.4147, 49.3456], [-74.4007, 49.3682], [-74.403, 49.3752], [-74.4132, 49.3753], [-74.4166, 49.3816], [-74.4064, 49.3945], [-74.4119, 49.421], [-74.396, 49.4366], [-74.3815, 49.4411], [-74.3742, 49.4476], [-74.3904, 49.4642], [-74.3894, 49.4728], [-74.3633, 49.4926], [-74.3513, 49.4966], [-74.3424, 49.5039], [-74.3383, 49.5037], [-74.341, 49.4973], [-74.3267, 49.4884], [-74.3316, 49.4819], [-74.3271, 49.4764], [-74.3014, 49.4807], [-74.295, 49.484], [-74.2879, 49.4951], [-74.2493, 49.5158], [-74.2671, 49.5244], [-74.2549, 49.5369], [-74.2471, 49.5646], [-74.2297, 49.5694], [-74.2218, 49.5858], [-74.1955, 49.6155], [-74.1937, 49.6298], [-74.1857, 49.6403], [-74.1916, 49.6533], [-74.1719, 49.6796], [-74.1424, 49.6777], [-74.1204, 49.6945], [-74.1118, 49.7051], [-74.1042, 49.7261], [-74.0919, 49.7427], [-74.0912, 49.756], [-74.0774, 49.7782], [-74.0596, 49.7883], [-74.0277, 49.7955], [-74.0017, 49.8063], [-73.9873, 49.8314], [-73.9745, 49.8395], [-73.9576, 49.8442], [-73.946, 49.8615], [-73.9275, 49.8762], [-73.9202, 49.8917], [-73.9107, 49.8953], [-73.9045, 49.9105], [-73.9095, 49.916], [-73.9091, 49.9214], [-73.8952, 49.9395], [-73.8986, 49.9473], [-73.8965, 49.9526], [-73.8884, 49.9596], [-73.8748, 49.9626], [-73.8686, 49.9682], [-73.8538, 50.0]]]}}, {"type": "Feature", "properties": {"id": "qc-zone-9", "wmu_id": "19", "name": "Zone 19", "province": "QC", "source": "Qu\u00e9bec \u2014 Zones de chasse et p\u00eache (GAGQ)", "zone_kind": "zone_de_chasse"}, "geometry": {"type": "MultiPolygon", "coordinates": [[[[-66.4862, 50.1655], [-66.4821, 50.1653], [-66.48237237354087, 50.16521647211414], [-66.4862, 50.1655]]], [[[-58.2496, 51.3066], [-58.2525, 51.3109], [-58.24951354790419, 51.30668383233533], [-58.2496, 51.3066]]], [[[-70.0, 51.2247], [-70.0, 51.2557], [-69.9952, 51.2593], [-69.9987, 51.2618], [-70.0, 51.2562], [-70.0, 51.2687], [-69.9972, 51.2675], [-70.0, 51.269], [-70.0, 51.336], [-69.9944, 51.3376], [-69.9983, 51.339], [-69.999, 51.3436], [-69.9964, 51.345], [-70.0, 51.3458], [-70.0, 51.4939], [-69.9927, 51.4819], [-69.9916, 51.4856], [-70.0, 51.4998], [-70.0, 51.5775], [-69.9949, 51.5775], [-69.9993, 51.57], [-69.995, 51.5667], [-69.9927, 51.573], [-69.9875, 51.5719], [-69.988, 51.5648], [-69.9792, 51.5677], [-69.9778, 51.5635], [-69.9746, 51.5663], [-69.9818, 51.5716], [-69.9867, 51.5709], [-69.9833, 51.573], [-69.9827, 51.5804], [-69.981, 51.574], [-69.9773, 51.5755], [-69.9772, 51.5713], [-69.9698, 51.5668], [-69.9672, 51.5693], [-69.9543, 51.5641], [-69.9571, 51.5684], [-69.9702, 51.5724], [-69.9695, 51.5782], [-69.9788, 51.5814], [-69.9785, 51.5925], [-69.9822, 51.5845], [-69.9904, 51.5961], [-69.9843, 51.5986], [-69.9821, 51.5956], [-69.9785, 51.6028], [-69.9706, 51.6012], [-69.9713, 51.6119], [-69.9753, 51.6135], [-69.981, 51.6077], [-69.9906, 51.6088], [-69.9884, 51.6144], [-69.9942, 51.6154], [-69.9953, 51.6186], [-69.9964, 51.6121], [-70.0, 51.6124], [-70.0, 51.6194], [-69.9969, 51.6195], [-69.9993, 51.622], [-70.0, 51.643], [-69.9957, 51.6397], [-69.9992, 51.6292], [-69.9962, 51.6294], [-69.9947, 51.6397], [-69.9922, 51.639], [-69.9944, 51.6354], [-69.9879, 51.6238], [-69.985, 51.6259], [-69.9911, 51.6363], [-69.9856, 51.6348], [-69.9761, 51.6427], [-69.9667, 51.6439], [-69.9823, 51.6545], [-69.9875, 51.6544], [-69.9865, 51.6574], [-69.9982, 51.6557], [-70.0, 51.6464], [-70.0, 51.6595], [-69.9938, 51.6633], [-69.9992, 51.6614], [-70.0, 51.666], [-69.99, 51.6699], [-69.9831, 51.6655], [-69.9779, 51.6756], [-69.9849, 51.6758], [-69.9877, 51.6701], [-69.9931, 51.6761], [-69.9949, 51.6709], [-70.0, 51.6681], [-69.9973, 51.6761], [-70.0, 51.6789], [-69.9942, 51.6809], [-69.997, 51.6862], [-69.9962, 51.7052], [-70.0, 51.7037], [-69.9999, 51.7174], [-69.9896, 51.7119], [-69.9823, 51.7154], [-69.9871, 51.7166], [-69.9869, 51.7293], [-69.9931, 51.7287], [-69.9918, 51.7342], [-70.0, 51.735], [-70.0, 51.7486], [-69.9967, 51.7482], [-70.0, 51.7535], [-70.0, 51.9558], [-69.9959, 51.958], [-70.0, 51.9578], [-70.0, 51.99], [-69.9934, 51.9897], [-70.0, 51.9906], [-70.0015, 52.0108], [-70.0, 52.0278], [-69.9965, 52.0303], [-70.0, 52.0293], [-69.9984, 52.065], [-70.0019, 52.1879], [-70.0, 52.3854], [-69.9971, 52.3901], [-70.0, 52.3891], [-70.0018, 52.3943], [-69.9986, 52.4021], [-70.0, 52.4064], [-69.998, 52.4026], [-69.9953, 52.4027], [-69.9979, 52.4058], [-69.9926, 52.4054], [-69.9968, 52.409], [-69.9963, 52.4162], [-70.0, 52.4161], [-69.9991, 52.42], [-69.9915, 52.4207], [-69.9924, 52.4239], [-69.9867, 52.4304], [-69.9903, 52.4339], [-69.9874, 52.4342], [-69.9861, 52.4392], [-69.9922, 52.4353], [-70.0, 52.4427], [-69.9971, 52.4501], [-70.0, 52.4489], [-70.0, 52.4746], [-69.9973, 52.4766], [-70.0, 52.4781], [-70.0009, 52.4909], [-70.0, 52.6867], [-69.9933, 52.6887], [-70.0, 52.6884], [-70.0, 52.6921], [-69.9885, 52.6912], [-70.0, 52.6928], [-70.0042, 52.6969], [-70.0, 52.6972], [-70.0, 52.7062], [-69.9979, 52.7055], [-70.0, 52.7113], [-69.9971, 52.7115], [-70.0, 52.7169], [-69.9965, 52.7185], [-70.0085, 52.7237], [-70.0, 52.723], [-70.0, 52.7297], [-69.9962, 52.7293], [-70.0, 52.7311], [-70.0, 52.7358], [-69.9932, 52.7331], [-69.9993, 52.7372], [-69.9963, 52.7382], [-70.0, 52.7379], [-70.0003, 52.7431], [-70.0074, 52.7438], [-70.0036, 52.7484], [-70.0053, 52.7444], [-70.001, 52.7458], [-70.0, 52.7434], [-70.0, 52.7529], [-69.9953, 52.7532], [-70.0, 52.7587], [-70.0, 52.7703], [-69.9959, 52.7717], [-70.0, 52.7716], [-70.0, 52.7898], [-70.009, 52.7935], [-70.002, 52.7945], [-70.0, 52.792], [-70.0, 52.8131], [-69.986, 52.8199], [-70.0, 52.8148], [-70.0, 52.8701], [-69.9911, 52.8752], [-69.9925, 52.8851], [-69.9873, 52.9033], [-69.9507, 52.9295], [-69.9498, 52.9355], [-69.9565, 52.9427], [-69.9505, 52.9543], [-69.9567, 52.9573], [-69.9581, 52.9658], [-69.9198, 52.9639], [-69.8938, 52.9745], [-69.8873, 52.9804], [-69.8755, 52.9833], [-69.8701, 53.0001], [-69.8882, 53.0057], [-69.8944, 53.0115], [-69.8976, 53.0221], [-69.8879, 53.0251], [-69.879, 53.0209], [-69.8725, 53.0218], [-69.8644, 53.0329], [-69.8464, 53.0356], [-69.8412, 53.0408], [-69.8433, 53.0527], [-69.8078, 53.0686], [-69.8008, 53.0606], [-69.7922, 53.0565], [-69.7683, 53.0674], [-69.7484, 53.0674], [-69.7429, 53.0609], [-69.7227, 53.0608], [-69.7067, 53.0543], [-69.7071, 53.043], [-69.6858, 53.0408], [-69.679, 53.0438], [-69.6733, 53.0549], [-69.6686, 53.0576], [-69.6654, 53.0701], [-69.6391, 53.0791], [-69.6419, 53.0888], [-69.6485, 53.0954], [-69.6453, 53.1075], [-69.6746, 53.1155], [-69.68, 53.1229], [-69.6855, 53.1379], [-69.6789, 53.1449], [-69.665, 53.14], [-69.6668, 53.1259], [-69.6552, 53.1238], [-69.6394, 53.1374], [-69.6237, 53.1452], [-69.6132, 53.1397], [-69.6039, 53.1451], [-69.5897, 53.1417], [-69.5783, 53.1464], [-69.5628, 53.1472], [-69.5726, 53.1253], [-69.5827, 53.116], [-69.5627, 53.1058], [-69.5611, 53.1], [-69.5477, 53.0957], [-69.5341, 53.0989], [-69.4952, 53.0946], [-69.4742, 53.0789], [-69.44, 53.0764], [-69.426, 53.0593], [-69.4232, 53.0514], [-69.3935, 53.0642], [-69.381, 53.0561], [-69.3495, 53.0523], [-69.3342, 53.0608], [-69.3016, 53.0626], [-69.2876, 53.0503], [-69.2898, 53.046], [-69.2994, 53.0457], [-69.2998, 53.0411], [-69.3078, 53.0366], [-69.301, 53.0133], [-69.3233, 53.0003], [-69.3174, 52.9901], [-69.3201, 52.9861], [-69.3358, 52.98], [-69.3373, 52.9716], [-69.3424, 52.9681], [-69.3448, 52.9597], [-69.3414, 52.9486], [-69.3726, 52.9278], [-69.372, 52.9228], [-69.345, 52.907], [-69.3559, 52.893], [-69.3626, 52.8894], [-69.3625, 52.8788], [-69.3737, 52.8739], [-69.3899, 52.8557], [-69.3828, 52.8462], [-69.383, 52.8385], [-69.3722, 52.8273], [-69.3692, 52.8191], [-69.3454, 52.8209], [-69.3374, 52.8266], [-69.3194, 52.8196], [-69.301, 52.8259], [-69.2965, 52.8294], [-69.2907, 52.8494], [-69.2938, 52.8535], [-69.3104, 52.8592], [-69.3048, 52.8717], [-69.3136, 52.8807], [-69.2975, 52.887], [-69.2882, 52.8987], [-69.2757, 52.9011], [-69.2698, 52.8981], [-69.2648, 52.8845], [-69.2478, 52.8749], [-69.2597, 52.8619], [-69.2498, 52.8611], [-69.2448, 52.8542], [-69.2342, 52.8502], [-69.2325, 52.8384], [-69.2675, 52.7739], [-69.2683, 52.7549], [-69.2882, 52.7462], [-69.2926, 52.7318], [-69.3069, 52.7202], [-69.3043, 52.7005], [-69.2897, 52.6897], [-69.2917, 52.6771], [-69.3016, 52.6544], [-69.3222, 52.6565], [-69.3752, 52.6396], [-69.4043, 52.6259], [-69.3966, 52.6199], [-69.3761, 52.6211], [-69.3606, 52.6135], [-69.348, 52.6118], [-69.3481, 52.6072], [-69.3622, 52.602], [-69.3493, 52.5885], [-69.3524, 52.5663], [-69.3568, 52.5607], [-69.3753, 52.5522], [-69.3754, 52.5485], [-69.3658, 52.5407], [-69.3555, 52.5377], [-69.3211, 52.5367], [-69.3217, 52.5277], [-69.3136, 52.5245], [-69.2906, 52.5311], [-69.2897, 52.5339], [-69.3007, 52.5411], [-69.2991, 52.5464], [-69.2765, 52.5513], [-69.2701, 52.5596], [-69.26, 52.5648], [-69.2469, 52.5858], [-69.246, 52.5906], [-69.2543, 52.5982], [-69.2526, 52.6012], [-69.1885, 52.6109], [-69.1858, 52.6124], [-69.1865, 52.6189], [-69.174, 52.6352], [-69.1553, 52.6399], [-69.1407, 52.6501], [-69.1095, 52.6581], [-69.107, 52.6621], [-69.1093, 52.6693], [-69.1206, 52.6806], [-69.1175, 52.6887], [-69.0998, 52.6992], [-69.0704, 52.7058], [-69.0654, 52.7214], [-69.0468, 52.739], [-69.0293, 52.7458], [-69.0121, 52.762], [-69.0103, 52.7702], [-69.0006, 52.7739], [-68.9933, 52.7717], [-68.9989, 52.7497], [-68.9965, 52.7438], [-68.9704, 52.7453], [-68.9665, 52.735], [-68.9583, 52.7344], [-68.9497, 52.7389], [-68.9403, 52.7515], [-68.9307, 52.7527], [-68.9291, 52.7284], [-68.9068, 52.719], [-68.8736, 52.7203], [-68.8552, 52.7457], [-68.8246, 52.7532], [-68.8201, 52.7512], [-68.8151, 52.7386], [-68.7725, 52.7355], [-68.7677, 52.7313], [-68.7658, 52.7215], [-68.7584, 52.7184], [-68.7408, 52.7166], [-68.7212, 52.7075], [-68.6746, 52.7067], [-68.6634, 52.6963], [-68.6608, 52.6847], [-68.6641, 52.678], [-68.6603, 52.6626], [-68.6522, 52.6559], [-68.6147, 52.6612], [-68.5792, 52.6747], [-68.5632, 52.6847], [-68.5641, 52.6938], [-68.5483, 52.7006], [-68.5348, 52.698], [-68.4834, 52.6745], [-68.4747, 52.6739], [-68.4745, 52.6787], [-68.469, 52.6818], [-68.471, 52.6864], [-68.4555, 52.6908], [-68.4498, 52.6954], [-68.4557, 52.7312], [-68.4382, 52.7331], [-68.4238, 52.7296], [-68.3924, 52.7095], [-68.3707, 52.6881], [-68.3499, 52.6501], [-68.3265, 52.6257], [-68.3173, 52.6214], [-68.2811, 52.6306], [-68.2484, 52.6259], [-68.2581, 52.5997], [-68.2513, 52.594], [-68.2512, 52.5624], [-68.2471, 52.5518], [-68.2343, 52.5484], [-68.187, 52.5542], [-68.1764, 52.545], [-68.1524, 52.5459], [-68.1364, 52.5419], [-68.0898, 52.52], [-68.0639, 52.4941], [-68.0525, 52.5057], [-68.0128, 52.52], [-68.0066, 52.5245], [-68.0017, 52.5361], [-67.9854, 52.5413], [-67.9794, 52.5661], [-67.9717, 52.569], [-67.9573, 52.5651], [-67.9478, 52.5696], [-67.9001, 52.5569], [-67.9038, 52.548], [-67.8999, 52.5396], [-67.881, 52.5296], [-67.8384, 52.525], [-67.8282, 52.517], [-67.8119, 52.5137], [-67.8025, 52.5048], [-67.7951, 52.5023], [-67.7786, 52.4995], [-67.735, 52.5074], [-67.723, 52.4996], [-67.7092, 52.4991], [-67.7067, 52.5005], [-67.7074, 52.5071], [-67.7162, 52.5201], [-67.7273, 52.5475], [-67.7084, 52.5589], [-67.7219, 52.5874], [-67.7216, 52.5997], [-67.7161, 52.6118], [-67.6983, 52.6101], [-67.6867, 52.6047], [-67.6839, 52.5988], [-67.6666, 52.5997], [-67.6421, 52.5918], [-67.6371, 52.5949], [-67.6463, 52.6131], [-67.6355, 52.6176], [-67.6136, 52.6087], [-67.5911, 52.6051], [-67.5683, 52.5885], [-67.558, 52.5877], [-67.5551, 52.6006], [-67.5747, 52.6128], [-67.5947, 52.637], [-67.5895, 52.6544], [-67.5906, 52.6601], [-67.6156, 52.6715], [-67.6634, 52.6777], [-67.6832, 52.6925], [-67.7059, 52.7022], [-67.7055, 52.7106], [-67.6975, 52.7134], [-67.6816, 52.7129], [-67.6756, 52.717], [-67.6839, 52.7256], [-67.7056, 52.7336], [-67.7119, 52.7491], [-67.6959, 52.7644], [-67.6899, 52.7782], [-67.6961, 52.7874], [-67.7004, 52.7882], [-67.7089, 52.7818], [-67.7204, 52.7786], [-67.7362, 52.7856], [-67.7387, 52.7901], [-67.7357, 52.8037], [-67.7482, 52.8134], [-67.7485, 52.8279], [-67.7437, 52.8353], [-67.7564, 52.8454], [-67.7555, 52.8608], [-67.7761, 52.8702], [-67.7691, 52.8865], [-67.7431, 52.8893], [-67.7266, 52.8969], [-67.7235, 52.9087], [-67.7268, 52.92], [-67.7132, 52.9252], [-67.6668, 52.9305], [-67.6341, 52.9299], [-67.6247, 52.9268], [-67.6159, 52.9303], [-67.6136, 52.9409], [-67.6223, 52.9528], [-67.6088, 52.9723], [-67.6149, 52.9778], [-67.6332, 52.9835], [-67.6367, 52.9888], [-67.6353, 53.0001], [-67.6243, 53.0068], [-67.5944, 53.0062], [-67.5797, 53.0009], [-67.5602, 53.0095], [-67.5379, 53.0067], [-67.5304, 52.9818], [-67.5091, 52.9581], [-67.4865, 52.9422], [-67.4821, 52.9284], [-67.4657, 52.9169], [-67.4627, 52.9032], [-67.433, 52.8636], [-67.4258, 52.8583], [-67.3897, 52.8488], [-67.3821, 52.8351], [-67.3507, 52.8387], [-67.3448, 52.8237], [-67.3331, 52.8186], [-67.3041, 52.8255], [-67.2631, 52.8281], [-67.2524, 52.8203], [-67.2355, 52.8191], [-67.2211, 52.8272], [-67.2169, 52.8331], [-67.2165, 52.8412], [-67.2035, 52.8339], [-67.1881, 52.8333], [-67.1738, 52.8188], [-67.1643, 52.8153], [-67.158, 52.8218], [-67.1543, 52.8374], [-67.1564, 52.8454], [-67.151, 52.8534], [-67.1322, 52.8504], [-67.1261, 52.8554], [-67.1256, 52.8608], [-67.1041, 52.8648], [-67.0953, 52.8717], [-67.0902, 52.8684], [-67.0777, 52.8754], [-67.0637, 52.8757], [-67.0502, 52.8649], [-67.0575, 52.8594], [-67.048, 52.8482], [-67.0477, 52.8396], [-67.0561, 52.8271], [-67.0654, 52.8219], [-67.0557, 52.8086], [-67.0598, 52.7999], [-67.0584, 52.7965], [-67.0704, 52.7769], [-67.0587, 52.7734], [-67.0353, 52.7746], [-67.0422, 52.7699], [-67.0407, 52.7666], [-67.0347, 52.7654], [-67.0324, 52.7491], [-67.0287, 52.7485], [-67.0237, 52.7551], [-67.0165, 52.7548], [-67.0236, 52.7461], [-67.0195, 52.7433], [-67.0039, 52.7537], [-67.0029, 52.7594], [-66.9913, 52.7571], [-66.9864, 52.7647], [-66.9829, 52.7637], [-66.9815, 52.7563], [-66.9734, 52.7538], [-66.9619, 52.7548], [-66.9556, 52.7604], [-66.9515, 52.7576], [-66.9522, 52.7511], [-66.9443, 52.7373], [-66.9259, 52.7279], [-66.9243, 52.7209], [-66.9111, 52.7032], [-66.9068, 52.7039], [-66.8997, 52.6869], [-66.8999, 52.6785], [-66.8884, 52.6763], [-66.8731, 52.6805], [-66.8713, 52.6763], [-66.8533, 52.6741], [-66.8513, 52.6793], [-66.8548, 52.69], [-66.8663, 52.6989], [-66.8767, 52.7159], [-66.8964, 52.7308], [-66.8899, 52.7336], [-66.8644, 52.7187], [-66.8557, 52.7198], [-66.8625, 52.7288], [-66.8589, 52.7329], [-66.8612, 52.7442], [-66.8569, 52.7509], [-66.8723, 52.7567], [-66.8676, 52.7647], [-66.8633, 52.7644], [-66.8587, 52.7689], [-66.8508, 52.7624], [-66.8488, 52.7554], [-66.8394, 52.7519], [-66.8335, 52.7349], [-66.8263, 52.7283], [-66.8262, 52.7218], [-66.8178, 52.7125], [-66.8084, 52.7122], [-66.8028, 52.7163], [-66.7992, 52.7064], [-66.8009, 52.702], [-66.7974, 52.701], [-66.7988, 52.6941], [-66.7929, 52.6909], [-66.7927, 52.6793], [-66.7748, 52.6681], [-66.7608, 52.6673], [-66.7578, 52.6697], [-66.7607, 52.6759], [-66.7586, 52.678], [-66.7719, 52.6933], [-66.7711, 52.6982], [-66.7509, 52.7013], [-66.7499, 52.706], [-66.7572, 52.712], [-66.7553, 52.7185], [-66.759, 52.7234], [-66.7558, 52.7269], [-66.7576, 52.7297], [-66.7524, 52.7457], [-66.7578, 52.7514], [-66.7565, 52.7578], [-66.7788, 52.7778], [-66.7781, 52.7814], [-66.7829, 52.7874], [-66.7808, 52.7903], [-66.7893, 52.7995], [-66.7863, 52.8022], [-66.7761, 52.8022], [-66.7666, 52.7887], [-66.7426, 52.7688], [-66.7282, 52.7676], [-66.7148, 52.7599], [-66.7041, 52.7649], [-66.6989, 52.7631], [-66.6881, 52.7661], [-66.691, 52.7702], [-66.6865, 52.7887], [-66.6729, 52.7919], [-66.6665, 52.7824], [-66.6577, 52.7851], [-66.6472, 52.7823], [-66.6484, 52.7925], [-66.6665, 52.8098], [-66.6623, 52.8158], [-66.6656, 52.8194], [-66.6625, 52.836], [-66.6413, 52.8512], [-66.6532, 52.8591], [-66.6552, 52.8657], [-66.655, 52.8713], [-66.6481, 52.8679], [-66.6446, 52.8743], [-66.6576, 52.8822], [-66.6584, 52.8842], [-66.6534, 52.8857], [-66.6651, 52.8924], [-66.6505, 52.8931], [-66.6507, 52.9014], [-66.6438, 52.8969], [-66.6315, 52.8987], [-66.6452, 52.9111], [-66.6428, 52.9167], [-66.65, 52.9242], [-66.6493, 52.9275], [-66.6397, 52.9265], [-66.6332, 52.9309], [-66.639, 52.9357], [-66.6311, 52.9555], [-66.6065, 52.9526], [-66.601, 52.9503], [-66.5977, 52.9438], [-66.5695, 52.9353], [-66.5621, 52.9376], [-66.5628, 52.9426], [-66.5551, 52.9401], [-66.5543, 52.9429], [-66.5398, 52.9424], [-66.5341, 52.9467], [-66.5273, 52.9465], [-66.5314, 52.9533], [-66.5308, 52.9596], [-66.5266, 52.9629], [-66.5188, 52.9617], [-66.5196, 52.9665], [-66.5163, 52.9676], [-66.5106, 52.9515], [-66.4979, 52.9482], [-66.4963, 52.9541], [-66.4873, 52.9573], [-66.4939, 52.9657], [-66.4852, 52.9687], [-66.4889, 52.9709], [-66.4887, 52.9769], [-66.499, 52.9826], [-66.4906, 52.9854], [-66.488, 52.9915], [-66.4962, 52.9951], [-66.4975, 52.9988], [-66.4899, 53.0014], [-66.4809, 52.9931], [-66.4696, 52.9901], [-66.4666, 52.9978], [-66.4713, 53.0027], [-66.4694, 53.0059], [-66.4724, 53.0137], [-66.4777, 53.0195], [-66.4689, 53.0234], [-66.4767, 53.0338], [-66.4732, 53.0418], [-66.4613, 53.0368], [-66.4636, 53.0477], [-66.46, 53.0527], [-66.4443, 53.0423], [-66.4363, 53.0477], [-66.4014, 53.0204], [-66.3754, 53.0147], [-66.3665, 53.0209], [-66.3457, 53.0064], [-66.3437, 53.0021], [-66.3482, 52.9987], [-66.3432, 52.9947], [-66.3381, 52.9823], [-66.3215, 52.9712], [-66.3257, 52.9591], [-66.319, 52.9473], [-66.3227, 52.9464], [-66.3236, 52.9379], [-66.3076, 52.9211], [-66.2928, 52.9172], [-66.2731, 52.895], [-66.2743, 52.884], [-66.2716, 52.8786], [-66.2672, 52.8735], [-66.2587, 52.872], [-66.2574, 52.8681], [-66.2601, 52.8659], [-66.2715, 52.8677], [-66.2852, 52.861], [-66.2949, 52.8602], [-66.2953, 52.8568], [-66.2764, 52.8451], [-66.2828, 52.8374], [-66.2883, 52.8358], [-66.3101, 52.8432], [-66.3333, 52.8636], [-66.3468, 52.8632], [-66.3557, 52.8572], [-66.3743, 52.8645], [-66.378, 52.868], [-66.3781, 52.8744], [-66.3861, 52.8777], [-66.4086, 52.8728], [-66.4168, 52.8654], [-66.4128, 52.8597], [-66.4177, 52.8567], [-66.415, 52.8447], [-66.4068, 52.8368], [-66.3985, 52.8354], [-66.3982, 52.8319], [-66.3851, 52.8247], [-66.3816, 52.8145], [-66.3759, 52.8094], [-66.386, 52.8027], [-66.3839, 52.8005], [-66.3863, 52.7959], [-66.362, 52.7967], [-66.3531, 52.8017], [-66.3457, 52.7909], [-66.3499, 52.7811], [-66.3281, 52.7607], [-66.3312, 52.758], [-66.3275, 52.751], [-66.3306, 52.7456], [-66.335, 52.745], [-66.3228, 52.7332], [-66.3136, 52.7324], [-66.3126, 52.7283], [-66.3081, 52.7268], [-66.3083, 52.7233], [-66.3169, 52.7232], [-66.325, 52.7174], [-66.3261, 52.711], [-66.3397, 52.7022], [-66.3336, 52.6879], [-66.3395, 52.6834], [-66.3077, 52.663], [-66.3112, 52.6606], [-66.3025, 52.6505], [-66.2945, 52.6501], [-66.2978, 52.6415], [-66.3064, 52.6409], [-66.3061, 52.6368], [-66.2999, 52.6351], [-66.2951, 52.6403], [-66.2873, 52.6407], [-66.2928, 52.6377], [-66.2919, 52.6336], [-66.2783, 52.6362], [-66.2789, 52.6312], [-66.2848, 52.6282], [-66.2744, 52.627], [-66.2821, 52.6185], [-66.2816, 52.6125], [-66.2891, 52.6026], [-66.3162, 52.6092], [-66.3189, 52.6179], [-66.3322, 52.6285], [-66.3328, 52.6347], [-66.3478, 52.6392], [-66.3454, 52.6453], [-66.3484, 52.6512], [-66.3672, 52.6634], [-66.3798, 52.6785], [-66.3879, 52.6818], [-66.4055, 52.6722], [-66.4064, 52.6607], [-66.4197, 52.6513], [-66.4154, 52.6483], [-66.416, 52.6422], [-66.4414, 52.6366], [-66.4388, 52.6236], [-66.4263, 52.6173], [-66.4284, 52.6117], [-66.4228, 52.5982], [-66.4192, 52.595], [-66.4097, 52.5944], [-66.3801, 52.566], [-66.3837, 52.5584], [-66.3751, 52.5501], [-66.3775, 52.5434], [-66.3717, 52.5311], [-66.3746, 52.5291], [-66.3801, 52.534], [-66.401, 52.532], [-66.3724, 52.5163], [-66.3649, 52.5082], [-66.3629, 52.4976], [-66.3654, 52.4958], [-66.3574, 52.4904], [-66.3603, 52.4855], [-66.3542, 52.4795], [-66.3544, 52.4699], [-66.3624, 52.467], [-66.3794, 52.484], [-66.3912, 52.4887], [-66.396, 52.4873], [-66.3913, 52.481], [-66.3937, 52.4751], [-66.3871, 52.461], [-66.356, 52.4324], [-66.3584, 52.4242], [-66.3733, 52.4156], [-66.3611, 52.4032], [-66.3413, 52.3966], [-66.3453, 52.3752], [-66.3399, 52.3666], [-66.3562, 52.3493], [-66.362, 52.3504], [-66.372, 52.3577], [-66.3905, 52.3806], [-66.3969, 52.3777], [-66.3948, 52.3699], [-66.3983, 52.3694], [-66.4117, 52.375], [-66.4157, 52.3864], [-66.4215, 52.3812], [-66.4456, 52.3756], [-66.437, 52.3653], [-66.4372, 52.3541], [-66.4509, 52.3564], [-66.4473, 52.3474], [-66.4559, 52.346], [-66.4622, 52.3488], [-66.4688, 52.3582], [-66.4738, 52.3525], [-66.484, 52.3588], [-66.4911, 52.3549], [-66.4834, 52.3476], [-66.4823, 52.342], [-66.4904, 52.3443], [-66.4925, 52.3405], [-66.4804, 52.3292], [-66.4863, 52.3254], [-66.4877, 52.3178], [-66.4776, 52.3117], [-66.475, 52.3059], [-66.4648, 52.3008], [-66.4556, 52.3007], [-66.4515, 52.2944], [-66.4716, 52.2875], [-66.4505, 52.2796], [-66.4454, 52.2801], [-66.4469, 52.2828], [-66.4437, 52.2836], [-66.4321, 52.2658], [-66.4361, 52.2635], [-66.4503, 52.2657], [-66.4698, 52.2572], [-66.4702, 52.2538], [-66.4548, 52.2487], [-66.4435, 52.2299], [-66.4319, 52.2206], [-66.4235, 52.2204], [-66.4145, 52.2274], [-66.4038, 52.2291], [-66.4035, 52.214], [-66.3961, 52.218], [-66.3929, 52.2126], [-66.3864, 52.2131], [-66.383, 52.2041], [-66.372, 52.1957], [-66.3711, 52.186], [-66.3594, 52.1793], [-66.3556, 52.1718], [-66.3609, 52.169], [-66.3601, 52.1663], [-66.3692, 52.1667], [-66.3811, 52.1622], [-66.3744, 52.15], [-66.357, 52.1458], [-66.3316, 52.1498], [-66.3303, 52.144], [-66.3354, 52.1436], [-66.3209, 52.1306], [-66.309, 52.1408], [-66.3023, 52.1392], [-66.2963, 52.1441], [-66.2697, 52.1486], [-66.2675, 52.1606], [-66.2737, 52.1664], [-66.2731, 52.1797], [-66.2876, 52.1955], [-66.2885, 52.2023], [-66.2959, 52.2121], [-66.2904, 52.2172], [-66.2976, 52.2272], [-66.2973, 52.2367], [-66.3026, 52.2403], [-66.3016, 52.2453], [-66.3056, 52.2495], [-66.2995, 52.2574], [-66.3146, 52.2816], [-66.3146, 52.2913], [-66.3106, 52.2922], [-66.2982, 52.286], [-66.2846, 52.2854], [-66.2839, 52.2898], [-66.2959, 52.2964], [-66.2843, 52.3031], [-66.2922, 52.3108], [-66.2789, 52.3085], [-66.2564, 52.3101], [-66.2476, 52.3043], [-66.2513, 52.3006], [-66.2422, 52.2906], [-66.249, 52.2848], [-66.243, 52.2734], [-66.2332, 52.2622], [-66.2288, 52.2638], [-66.2157, 52.2595], [-66.2021, 52.2471], [-66.1985, 52.2397], [-66.2056, 52.237], [-66.1992, 52.2306], [-66.1993, 52.2242], [-66.1877, 52.2238], [-66.1747, 52.2139], [-66.1689, 52.2181], [-66.1657, 52.2344], [-66.1511, 52.2334], [-66.1484, 52.2284], [-66.1364, 52.2278], [-66.1226, 52.2089], [-66.1093, 52.2086], [-66.0976, 52.2006], [-66.0928, 52.1821], [-66.0812, 52.1768], [-66.0832, 52.1714], [-66.07, 52.1492], [-66.0749, 52.1398], [-66.0713, 52.135], [-66.0751, 52.1336], [-66.0729, 52.1239], [-66.0917, 52.1076], [-66.0923, 52.0991], [-66.0889, 52.0971], [-66.0943, 52.089], [-66.0699, 52.1001], [-66.0594, 52.0972], [-66.0495, 52.088], [-66.0221, 52.0864], [-66.0096, 52.0798], [-66.0146, 52.0743], [-66.012, 52.0699], [-65.9985, 52.0713], [-65.9899, 52.0566], [-65.9783, 52.0531], [-65.9694, 52.0603], [-65.9725, 52.0643], [-65.9706, 52.0706], [-65.9628, 52.076], [-65.9679, 52.0854], [-65.9775, 52.0877], [-65.9686, 52.0975], [-65.9721, 52.1089], [-65.96, 52.1075], [-65.9547, 52.1019], [-65.943, 52.1051], [-65.9408, 52.099], [-65.9166, 52.0941], [-65.9123, 52.0864], [-65.9028, 52.0843], [-65.8981, 52.0775], [-65.8876, 52.0887], [-65.8968, 52.0986], [-65.8862, 52.1074], [-65.8778, 52.1099], [-65.8716, 52.1203], [-65.8624, 52.1163], [-65.8587, 52.119], [-65.8362, 52.1203], [-65.8183, 52.1126], [-65.81, 52.1244], [-65.8027, 52.125], [-65.8002, 52.1217], [-65.8036, 52.1133], [-65.7994, 52.1094], [-65.7783, 52.1031], [-65.7735, 52.1147], [-65.7651, 52.116], [-65.759, 52.1089], [-65.7494, 52.1109], [-65.7329, 52.0831], [-65.717, 52.0996], [-65.6871, 52.1042], [-65.682, 52.1071], [-65.6826, 52.1106], [-65.6766, 52.118], [-65.6661, 52.1217], [-65.6626, 52.116], [-65.6644, 52.1119], [-65.6614, 52.1001], [-65.6555, 52.0982], [-65.6562, 52.0928], [-65.6393, 52.0835], [-65.6487, 52.0796], [-65.6447, 52.0718], [-65.6458, 52.068], [-65.6499, 52.0671], [-65.6401, 52.0603], [-65.6433, 52.0546], [-65.6564, 52.0501], [-65.6628, 52.0425], [-65.6765, 52.0417], [-65.6737, 52.0361], [-65.6645, 52.0356], [-65.6613, 52.0324], [-65.6674, 52.0188], [-65.6659, 52.0164], [-65.6744, 52.0126], [-65.6634, 51.9973], [-65.6472, 51.991], [-65.6342, 51.9973], [-65.643, 52.0058], [-65.6368, 52.0107], [-65.6402, 52.0136], [-65.6228, 52.0268], [-65.6235, 52.0348], [-65.63, 52.0381], [-65.621, 52.0403], [-65.6232, 52.0447], [-65.621, 52.0481], [-65.6132, 52.0474], [-65.613, 52.0421], [-65.6075, 52.0437], [-65.5933, 52.0371], [-65.5824, 52.0387], [-65.5788, 52.0347], [-65.5525, 52.0393], [-65.5386, 52.0454], [-65.5472, 52.0508], [-65.5338, 52.058], [-65.5396, 52.0674], [-65.5347, 52.0691], [-65.5262, 52.0819], [-65.5195, 52.0857], [-65.518, 52.0932], [-65.503, 52.0971], [-65.5078, 52.1104], [-65.4965, 52.1217], [-65.4975, 52.1261], [-65.4798, 52.1334], [-65.482, 52.1434], [-65.4748, 52.1544], [-65.4795, 52.1584], [-65.454, 52.1613], [-65.4537, 52.1703], [-65.4676, 52.1754], [-65.4766, 52.1729], [-65.485, 52.1758], [-65.4699, 52.1915], [-65.4386, 52.1982], [-65.4265, 52.2055], [-65.4127, 52.2035], [-65.4059, 52.21], [-65.3911, 52.2116], [-65.3824, 52.2202], [-65.3602, 52.2235], [-65.3512, 52.2209], [-65.3492, 52.2281], [-65.332, 52.2308], [-65.3444, 52.2401], [-65.3275, 52.2451], [-65.3155, 52.2453], [-65.3055, 52.2413], [-65.2983, 52.2515], [-65.2773, 52.2554], [-65.2675, 52.279], [-65.2584, 52.2766], [-65.2495, 52.2816], [-65.2444, 52.2762], [-65.2344, 52.276], [-65.2456, 52.2673], [-65.2434, 52.2614], [-65.2273, 52.2636], [-65.216, 52.2562], [-65.2043, 52.2637], [-65.1996, 52.2618], [-65.2018, 52.2459], [-65.2131, 52.2225], [-65.2083, 52.2011], [-65.2001, 52.1989], [-65.1829, 52.2066], [-65.1702, 52.1953], [-65.1823, 52.1888], [-65.1744, 52.178], [-65.1697, 52.1565], [-65.1421, 52.1471], [-65.1361, 52.1355], [-65.1447, 52.1304], [-65.1587, 52.1343], [-65.1547, 52.1125], [-65.1478, 52.1088], [-65.1466, 52.1046], [-65.1273, 52.1044], [-65.1098, 52.119], [-65.1065, 52.1355], [-65.0964, 52.1527], [-65.0955, 52.1612], [-65.1006, 52.1676], [-65.087, 52.1668], [-65.0843, 52.1562], [-65.0655, 52.1484], [-65.0595, 52.1377], [-65.0237, 52.1392], [-65.0077, 52.1247], [-64.9843, 52.1125], [-64.9718, 52.1125], [-64.9567, 52.1058], [-64.9419, 52.0857], [-64.9432, 52.0788], [-64.9317, 52.0666], [-64.9195, 52.0651], [-64.9047, 52.0553], [-64.9086, 52.0491], [-64.9061, 52.0453], [-64.8686, 52.0427], [-64.8538, 52.0375], [-64.8454, 52.0388], [-64.8352, 52.0347], [-64.8352, 52.0283], [-64.8254, 52.0284], [-64.8301, 52.0195], [-64.822, 52.0164], [-64.8172, 52.0064], [-64.806, 52.0044], [-64.8157, 51.9989], [-64.8147, 51.9956], [-64.8233, 51.9846], [-64.842, 51.9764], [-64.8271, 51.9698], [-64.8277, 51.9648], [-64.8206, 51.9596], [-64.8107, 51.9572], [-64.8131, 51.9484], [-64.8065, 51.945], [-64.8017, 51.9355], [-64.7734, 51.9185], [-64.778, 51.9156], [-64.7771, 51.9116], [-64.7514, 51.9017], [-64.7309, 51.8865], [-64.7157, 51.8859], [-64.7042, 51.8787], [-64.7128, 51.8722], [-64.7275, 51.8679], [-64.725, 51.8633], [-64.7308, 51.8495], [-64.7528, 51.8453], [-64.7543, 51.8385], [-64.7473, 51.8362], [-64.7413, 51.8245], [-64.7516, 51.8156], [-64.7636, 51.8128], [-64.7742, 51.8047], [-64.7674, 51.7945], [-64.7702, 51.791], [-64.7819, 51.7902], [-64.7801, 51.7802], [-64.764, 51.7802], [-64.768, 51.775], [-64.767, 51.7676], [-64.7598, 51.7594], [-64.738, 51.7655], [-64.727, 51.7574], [-64.7096, 51.7579], [-64.6969, 51.7546], [-64.6988, 51.7503], [-64.7102, 51.7462], [-64.699, 51.7361], [-64.707, 51.7313], [-64.6912, 51.7284], [-64.6972, 51.7214], [-64.6807, 51.7196], [-64.6875, 51.7118], [-64.6865, 51.7082], [-64.6745, 51.7127], [-64.6735, 51.7011], [-64.6365, 51.7079], [-64.6326, 51.7062], [-64.6409, 51.6943], [-64.6339, 51.6916], [-64.6344, 51.6872], [-64.6304, 51.6863], [-64.6333, 51.6801], [-64.6308, 51.6759], [-64.6152, 51.6734], [-64.6172, 51.6695], [-64.6112, 51.6634], [-64.614, 51.6593], [-64.6077, 51.6514], [-64.6237, 51.6475], [-64.6161, 51.6416], [-64.621, 51.633], [-64.6121, 51.6284], [-64.605, 51.6289], [-64.6008, 51.6377], [-64.5908, 51.6263], [-64.5897, 51.6183], [-64.5824, 51.6148], [-64.5813, 51.6083], [-64.5743, 51.6073], [-64.5707, 51.6006], [-64.5601, 51.5947], [-64.5576, 51.5814], [-64.5516, 51.577], [-64.5465, 51.5786], [-64.5455, 51.5897], [-64.5374, 51.5886], [-64.5206, 51.6043], [-64.488, 51.614], [-64.4641, 51.627], [-64.4576, 51.6261], [-64.4496, 51.6296], [-64.4475, 51.639], [-64.439, 51.651], [-64.4338, 51.6534], [-64.4379, 51.6634], [-64.4322, 51.6665], [-64.4269, 51.6819], [-64.3877, 51.6643], [-64.3601, 51.6732], [-64.3467, 51.6686], [-64.3479, 51.6637], [-64.3402, 51.6656], [-64.338, 51.672], [-64.3254, 51.6826], [-64.331, 51.6929], [-64.3271, 51.7027], [-64.3216, 51.7048], [-64.298, 51.7024], [-64.314, 51.7116], [-64.2979, 51.7136], [-64.3003, 51.7238], [-64.2862, 51.7279], [-64.2786, 51.7374], [-64.2783, 51.7474], [-64.2972, 51.7452], [-64.3001, 51.7545], [-64.3076, 51.7559], [-64.3052, 51.7753], [-64.3118, 51.7776], [-64.3056, 51.7822], [-64.3105, 51.7905], [-64.297, 51.7985], [-64.3042, 51.8], [-64.3058, 51.8062], [-64.3158, 51.8073], [-64.3189, 51.8123], [-64.3374, 51.8185], [-64.343, 51.826], [-64.3426, 51.8416], [-64.3576, 51.8481], [-64.3566, 51.8543], [-64.3596, 51.8576], [-64.3568, 51.8597], [-64.3611, 51.865], [-64.3548, 51.8701], [-64.3537, 51.8903], [-64.3455, 51.8908], [-64.3501, 51.8973], [-64.3453, 51.906], [-64.3481, 51.9154], [-64.3631, 51.9308], [-64.3431, 51.9349], [-64.3548, 51.945], [-64.3466, 51.9496], [-64.3457, 51.9523], [-64.3523, 51.9568], [-64.3445, 51.9656], [-64.3461, 51.9716], [-64.3595, 51.9748], [-64.364, 51.981], [-64.3413, 51.9867], [-64.3659, 52.0062], [-64.3594, 52.0039], [-64.3369, 52.0093], [-64.3183, 52.007], [-64.3165, 52.0048], [-64.3196, 51.9982], [-64.3133, 51.992], [-64.3077, 51.9917], [-64.3027, 51.9854], [-64.2944, 51.9865], [-64.2894, 51.9836], [-64.2875, 51.978], [-64.2779, 51.9732], [-64.2634, 51.9789], [-64.2542, 51.9723], [-64.2437, 51.9761], [-64.2342, 51.9754], [-64.2322, 51.9828], [-64.2378, 51.9838], [-64.2479, 51.9933], [-64.2551, 52.0079], [-64.262, 52.0157], [-64.2696, 52.0189], [-64.2688, 52.0269], [-64.2764, 52.0304], [-64.2834, 52.0406], [-64.2743, 52.0462], [-64.2853, 52.0536], [-64.2921, 52.0714], [-64.2887, 52.0767], [-64.2962, 52.0821], [-64.2884, 52.0828], [-64.2848, 52.078], [-64.2748, 52.0821], [-64.266, 52.0773], [-64.2509, 52.0828], [-64.2594, 52.0979], [-64.2517, 52.1029], [-64.2597, 52.11], [-64.2547, 52.1212], [-64.2575, 52.1265], [-64.2449, 52.1265], [-64.243, 52.1296], [-64.2556, 52.1439], [-64.2541, 52.1492], [-64.2451, 52.1507], [-64.2385, 52.1407], [-64.214, 52.1385], [-64.2081, 52.1309], [-64.1963, 52.1309], [-64.1734, 52.1177], [-64.1658, 52.1203], [-64.1727, 52.1242], [-64.1753, 52.1341], [-64.1708, 52.1417], [-64.1625, 52.1425], [-64.1638, 52.1482], [-64.1858, 52.1593], [-64.1994, 52.175], [-64.1989, 52.1866], [-64.2028, 52.1963], [-64.2133, 52.2039], [-64.2136, 52.2169], [-64.2195, 52.2239], [-64.2188, 52.2281], [-64.2243, 52.2264], [-64.2276, 52.2209], [-64.233, 52.2219], [-64.2287, 52.2337], [-64.2221, 52.2363], [-64.2327, 52.2453], [-64.2238, 52.2525], [-64.2246, 52.2574], [-64.2308, 52.2608], [-64.2391, 52.2596], [-64.2433, 52.268], [-64.2544, 52.2775], [-64.2503, 52.2817], [-64.237, 52.2818], [-64.2399, 52.2882], [-64.2305, 52.2931], [-64.2259, 52.2876], [-64.2204, 52.287], [-64.22, 52.2837], [-64.2086, 52.285], [-64.2076, 52.2914], [-64.213, 52.2974], [-64.219, 52.2961], [-64.2303, 52.304], [-64.2225, 52.3154], [-64.2082, 52.3147], [-64.1983, 52.3066], [-64.1963, 52.2963], [-64.1905, 52.2924], [-64.1865, 52.3032], [-64.1902, 52.309], [-64.1743, 52.3068], [-64.1663, 52.3099], [-64.1648, 52.3132], [-64.1689, 52.3195], [-64.176, 52.3233], [-64.1721, 52.3269], [-64.1865, 52.3298], [-64.1905, 52.3343], [-64.1817, 52.3395], [-64.1601, 52.3358], [-64.1667, 52.3482], [-64.1672, 52.368], [-64.1538, 52.3622], [-64.1342, 52.3678], [-64.1322, 52.3721], [-64.1348, 52.3783], [-64.1234, 52.3868], [-64.1261, 52.3904], [-64.1147, 52.3919], [-64.1141, 52.3963], [-64.1214, 52.4047], [-64.1066, 52.4091], [-64.115, 52.4193], [-64.1262, 52.4209], [-64.1369, 52.4306], [-64.129, 52.4406], [-64.1389, 52.4418], [-64.1369, 52.4507], [-64.1449, 52.4621], [-64.1427, 52.4684], [-64.1485, 52.4821], [-64.1488, 52.4948], [-64.1589, 52.5001], [-64.1544, 52.5136], [-64.1492, 52.5176], [-64.1754, 52.5313], [-64.1756, 52.5337], [-64.1644, 52.5364], [-64.1689, 52.5418], [-64.1782, 52.5442], [-64.1856, 52.5517], [-64.1941, 52.5532], [-64.2086, 52.5632], [-64.2107, 52.5701], [-64.2325, 52.5832], [-64.1984, 52.5783], [-64.2078, 52.5852], [-64.2092, 52.5905], [-64.2025, 52.5921], [-64.1991, 52.5972], [-64.1746, 52.5846], [-64.1669, 52.5947], [-64.1696, 52.6008], [-64.1639, 52.6014], [-64.1586, 52.6063], [-64.1707, 52.6138], [-64.1701, 52.6235], [-64.1762, 52.6243], [-64.161, 52.6275], [-64.1586, 52.6359], [-64.1514, 52.6441], [-64.1575, 52.6499], [-64.1566, 52.6555], [-64.17, 52.6562], [-64.1674, 52.66], [-64.1758, 52.6722], [-64.169, 52.6783], [-64.1566, 52.6749], [-64.1392, 52.6788], [-64.1376, 52.6803], [-64.1416, 52.6833], [-64.1257, 52.6856], [-64.124, 52.6953], [-64.1283, 52.7016], [-64.1394, 52.7061], [-64.1504, 52.7168], [-64.1413, 52.7215], [-64.1491, 52.7296], [-64.1261, 52.7351], [-64.103, 52.7342], [-64.0906, 52.7381], [-64.0836, 52.736], [-64.0805, 52.7406], [-64.0683, 52.7353], [-64.0684, 52.7281], [-64.0542, 52.7241], [-64.0355, 52.7286], [-64.0419, 52.7372], [-64.0335, 52.7412], [-64.0211, 52.7363], [-64.009, 52.7405], [-63.9878, 52.7256], [-63.9659, 52.7286], [-63.9647, 52.7312], [-63.9377, 52.7305], [-63.9196, 52.737], [-63.9294, 52.7457], [-63.9199, 52.7484], [-63.9261, 52.7537], [-63.9252, 52.7566], [-63.9111, 52.757], [-63.8889, 52.7507], [-63.8869, 52.7557], [-63.9017, 52.7637], [-63.8945, 52.7661], [-63.8853, 52.7638], [-63.8741, 52.7761], [-63.8672, 52.7729], [-63.8536, 52.7754], [-63.8467, 52.7691], [-63.8379, 52.7681], [-63.824, 52.7599], [-63.8139, 52.7608], [-63.8068, 52.7661], [-63.7805, 52.7682], [-63.7757, 52.7751], [-63.765, 52.7755], [-63.7623, 52.7728], [-63.7588, 52.7756], [-63.7514, 52.7686], [-63.7228, 52.7732], [-63.7218, 52.7762], [-63.7347, 52.7798], [-63.7369, 52.7833], [-63.7329, 52.7888], [-63.7178, 52.787], [-63.7173, 52.7908], [-63.7224, 52.7961], [-63.7199, 52.8021], [-63.6968, 52.8045], [-63.6969, 52.8099], [-63.7026, 52.8125], [-63.7005, 52.8147], [-63.6882, 52.8144], [-63.6896, 52.8109], [-63.6858, 52.8073], [-63.6672, 52.8111], [-63.6604, 52.8097], [-63.6414, 52.8277], [-63.6434, 52.8323], [-63.6376, 52.8331], [-63.6821, 52.8506], [-63.6704, 52.8555], [-63.6644, 52.8514], [-63.6524, 52.8521], [-63.6458, 52.8449], [-63.6327, 52.8453], [-63.6137, 52.8393], [-63.6094, 52.8538], [-63.621, 52.855], [-63.6262, 52.8598], [-63.6177, 52.8648], [-63.626, 52.8721], [-63.6243, 52.8768], [-63.6179, 52.8843], [-63.6002, 52.8854], [-63.6001, 52.893], [-63.6082, 52.9012], [-63.6027, 52.9124], [-63.6037, 52.9178], [-63.5842, 52.9301], [-63.5667, 52.9323], [-63.5745, 52.9383], [-63.5681, 52.9447], [-63.5487, 52.9393], [-63.508, 52.9565], [-63.5044, 52.9561], [-63.5023, 52.9507], [-63.488, 52.9537], [-63.4843, 52.9492], [-63.4737, 52.9531], [-63.4649, 52.9479], [-63.4468, 52.9449], [-63.4501, 52.9398], [-63.4453, 52.9343], [-63.4517, 52.925], [-63.468, 52.9208], [-63.481, 52.9045], [-63.4707, 52.9046], [-63.4722, 52.8991], [-63.4609, 52.8816], [-63.4506, 52.885], [-63.4477, 52.8901], [-63.4375, 52.8882], [-63.4348, 52.8816], [-63.4264, 52.8906], [-63.4155, 52.8914], [-63.4128, 52.8863], [-63.3967, 52.8869], [-63.3975, 52.8809], [-63.4027, 52.8768], [-63.4018, 52.8719], [-63.3815, 52.8661], [-63.391, 52.862], [-63.3933, 52.8569], [-63.381, 52.8552], [-63.3789, 52.8495], [-63.3667, 52.8489], [-63.3885, 52.8375], [-63.3682, 52.8309], [-63.3553, 52.837], [-63.3442, 52.831], [-63.3418, 52.8231], [-63.3344, 52.8229], [-63.3309, 52.8176], [-63.3295, 52.8219], [-63.3237, 52.8247], [-63.3181, 52.8219], [-63.3122, 52.8151], [-63.3181, 52.811], [-63.3145, 52.8045], [-63.2985, 52.7986], [-63.2985, 52.7917], [-63.2889, 52.7807], [-63.2908, 52.7735], [-63.2965, 52.7703], [-63.3091, 52.7765], [-63.3179, 52.776], [-63.3158, 52.7692], [-63.3075, 52.7603], [-63.2813, 52.7507], [-63.2765, 52.7396], [-63.2658, 52.7312], [-63.2428, 52.7204], [-63.2206, 52.7229], [-63.2072, 52.744], [-63.1896, 52.759], [-63.1892, 52.7652], [-63.1828, 52.7738], [-63.1828, 52.7814], [-63.1726, 52.799], [-63.1623, 52.7996], [-63.155, 52.7965], [-63.1617, 52.8025], [-63.1649, 52.8116], [-63.1547, 52.8174], [-63.1395, 52.8036], [-63.1273, 52.8053], [-63.1229, 52.7961], [-63.1141, 52.7924], [-63.0956, 52.7906], [-63.065, 52.7938], [-63.052, 52.7749], [-63.0402, 52.7751], [-63.0375, 52.781], [-63.0192, 52.7807], [-63.0055, 52.7729], [-63.0051, 52.7686], [-62.9991, 52.7662], [-62.9846, 52.7673], [-62.9788, 52.7613], [-62.9653, 52.7586], [-62.9374, 52.7649], [-62.9332, 52.7704], [-62.9382, 52.7732], [-62.9358, 52.7815], [-62.9409, 52.7881], [-62.9336, 52.795], [-62.9136, 52.7873], [-62.8952, 52.7868], [-62.8907, 52.7928], [-62.882, 52.7922], [-62.873, 52.7977], [-62.8524, 52.7942], [-62.8391, 52.7985], [-62.8043, 52.8001], [-62.7916, 52.7973], [-62.7833, 52.7891], [-62.7544, 52.7972], [-62.7368, 52.7847], [-62.7244, 52.787], [-62.7105, 52.7789], [-62.667, 52.7757], [-62.665, 52.7777], [-62.6738, 52.7815], [-62.6755, 52.7874], [-62.6947, 52.7935], [-62.6758, 52.7968], [-62.6782, 52.8005], [-62.6952, 52.8056], [-62.6945, 52.8133], [-62.6556, 52.8065], [-62.6503, 52.7991], [-62.637, 52.7964], [-62.6286, 52.7996], [-62.6101, 52.7999], [-62.5993, 52.8059], [-62.6204, 52.814], [-62.6045, 52.8225], [-62.6305, 52.823], [-62.6328, 52.8342], [-62.6377, 52.8307], [-62.6605, 52.8341], [-62.6564, 52.8422], [-62.6636, 52.8448], [-62.6541, 52.8505], [-62.6545, 52.8536], [-62.6707, 52.8562], [-62.6693, 52.8596], [-62.6726, 52.862], [-62.6858, 52.8579], [-62.7042, 52.8637], [-62.7062, 52.8714], [-62.6845, 52.8755], [-62.6681, 52.8869], [-62.6807, 52.8898], [-62.7005, 52.8848], [-62.7005, 52.889], [-62.7076, 52.8951], [-62.7208, 52.8972], [-62.7196, 52.9026], [-62.7117, 52.9033], [-62.7027, 52.9093], [-62.7154, 52.915], [-62.7257, 52.9146], [-62.726, 52.9194], [-62.7222, 52.9235], [-62.6979, 52.9314], [-62.7001, 52.9374], [-62.6772, 52.9322], [-62.6643, 52.9365], [-62.6411, 52.9354], [-62.6347, 52.9281], [-62.6042, 52.9239], [-62.6033, 52.9157], [-62.5893, 52.9031], [-62.5944, 52.8992], [-62.5857, 52.8947], [-62.5714, 52.8983], [-62.5585, 52.9058], [-62.5617, 52.9099], [-62.5573, 52.913], [-62.529, 52.9156], [-62.5213, 52.9049], [-62.5223, 52.8974], [-62.5025, 52.8803], [-62.4949, 52.8784], [-62.4888, 52.8855], [-62.4653, 52.8837], [-62.4659, 52.8931], [-62.4633, 52.8947], [-62.4574, 52.89], [-62.4574, 52.8787], [-62.4442, 52.8654], [-62.4447, 52.8614], [-62.4544, 52.8576], [-62.4563, 52.8483], [-62.475, 52.8437], [-62.4782, 52.8333], [-62.5083, 52.8356], [-62.5019, 52.8169], [-62.483, 52.8107], [-62.4803, 52.805], [-62.4688, 52.8009], [-62.4859, 52.789], [-62.4619, 52.7756], [-62.4364, 52.7683], [-62.3972, 52.7652], [-62.3684, 52.7556], [-62.3732, 52.7497], [-62.3707, 52.7459], [-62.3152, 52.7345], [-62.31, 52.7387], [-62.321, 52.7447], [-62.3172, 52.7501], [-62.297, 52.7549], [-62.2539, 52.7511], [-62.2391, 52.7386], [-62.2034, 52.7398], [-62.1772, 52.7361], [-62.1753, 52.7389], [-62.1783, 52.7539], [-62.1595, 52.763], [-62.156, 52.772], [-62.1588, 52.7794], [-62.1355, 52.7773], [-62.0865, 52.7597], [-62.076, 52.7499], [-62.0224, 52.7397], [-61.962, 52.7107], [-61.9459, 52.7059], [-61.9383, 52.6985], [-61.9077, 52.6958], [-61.9045, 52.6928], [-61.911, 52.6863], [-61.9069, 52.6761], [-61.9091, 52.6706], [-61.885, 52.6575], [-61.8632, 52.6504], [-61.866, 52.6408], [-61.8613, 52.6328], [-61.8449, 52.6324], [-61.8318, 52.6248], [-61.7802, 52.6185], [-61.7446, 52.6093], [-61.7318, 52.603], [-61.7264, 52.5912], [-61.7136, 52.5884], [-61.7164, 52.5825], [-61.7127, 52.5763], [-61.7148, 52.574], [-61.6917, 52.5762], [-61.6792, 52.5709], [-61.664, 52.5733], [-61.6573, 52.5676], [-61.6463, 52.5668], [-61.6349, 52.56], [-61.6108, 52.5633], [-61.5938, 52.5537], [-61.5789, 52.5513], [-61.5599, 52.5549], [-61.5125, 52.5416], [-61.5039, 52.5457], [-61.4819, 52.5376], [-61.4755, 52.5315], [-61.4624, 52.5325], [-61.4586, 52.5237], [-61.4495, 52.5197], [-61.4485, 52.5127], [-61.4424, 52.5084], [-61.4566, 52.5022], [-61.4565, 52.4995], [-61.4683, 52.4966], [-61.4614, 52.4933], [-61.4613, 52.488], [-61.4562, 52.4845], [-61.4684, 52.4772], [-61.4532, 52.4712], [-61.4317, 52.4786], [-61.4148, 52.4914], [-61.4016, 52.4893], [-61.3864, 52.4964], [-61.3459, 52.4954], [-61.3311, 52.5082], [-61.3245, 52.5033], [-61.3255, 52.4958], [-61.3175, 52.4931], [-61.3058, 52.4993], [-61.3113, 52.5031], [-61.3054, 52.51], [-61.2933, 52.5135], [-61.2719, 52.5139], [-61.2204, 52.505], [-61.2158, 52.508], [-61.2011, 52.5006], [-61.1884, 52.4988], [-61.1869, 52.492], [-61.1822, 52.4887], [-61.1442, 52.4751], [-61.1362, 52.459], [-61.1224, 52.4566], [-61.1147, 52.4455], [-61.1047, 52.4419], [-61.07, 52.4402], [-61.0569, 52.4434], [-61.0491, 52.4336], [-61.0339, 52.4246], [-61.0371, 52.4189], [-61.0186, 52.411], [-61.0226, 52.404], [-61.0149, 52.4001], [-61.0135, 52.3918], [-61.0038, 52.3859], [-60.959, 52.3701], [-60.9522, 52.3704], [-60.9459, 52.3665], [-60.9347, 52.3673], [-60.9224, 52.3616], [-60.9096, 52.3613], [-60.9059, 52.3578], [-60.8762, 52.3577], [-60.8477, 52.3535], [-60.8522, 52.3472], [-60.8477, 52.3445], [-60.8191, 52.3455], [-60.7946, 52.353], [-60.7791, 52.3463], [-60.7634, 52.3498], [-60.743, 52.3425], [-60.73, 52.328], [-60.7068, 52.3273], [-60.6876, 52.3175], [-60.6802, 52.3097], [-60.6538, 52.3037], [-60.6262, 52.314], [-60.6119, 52.3116], [-60.6066, 52.3147], [-60.5809, 52.3148], [-60.5631, 52.3196], [-60.5649, 52.3245], [-60.5811, 52.3298], [-60.5613, 52.3337], [-60.5586, 52.3417], [-60.5633, 52.3468], [-60.5878, 52.3549], [-60.5878, 52.3646], [-60.5938, 52.3679], [-60.6043, 52.3825], [-60.6041, 52.3978], [-60.5882, 52.404], [-60.5839, 52.4105], [-60.5647, 52.4141], [-60.5652, 52.4193], [-60.5742, 52.4277], [-60.5482, 52.428], [-60.5675, 52.4361], [-60.5514, 52.4402], [-60.525, 52.4384], [-60.52, 52.443], [-60.5211, 52.4498], [-60.5174, 52.4545], [-60.471, 52.4533], [-60.4599, 52.4562], [-60.451, 52.452], [-60.4172, 52.4497], [-60.3672, 52.4534], [-60.3584, 52.448], [-60.3463, 52.4465], [-60.3118, 52.4505], [-60.2626, 52.4497], [-60.2502, 52.4561], [-60.2269, 52.4525], [-60.2113, 52.4728], [-60.1403, 52.4801], [-60.1354, 52.483], [-60.135, 52.4895], [-60.1143, 52.4935], [-60.1089, 52.4988], [-60.0868, 52.507], [-60.09, 52.5134], [-60.0809, 52.518], [-60.0179, 52.5044], [-59.983, 52.502], [-59.9673, 52.4962], [-59.9694, 52.4901], [-59.9602, 52.4792], [-59.982, 52.4834], [-59.9871, 52.4775], [-60.0007, 52.4708], [-59.9989, 52.4635], [-59.9823, 52.4514], [-59.9625, 52.4501], [-59.9144, 52.4322], [-59.8844, 52.4337], [-59.8435, 52.4477], [-59.8282, 52.4593], [-59.8348, 52.4679], [-59.8823, 52.4751], [-59.8948, 52.4998], [-59.9189, 52.5031], [-59.9335, 52.5101], [-59.9477, 52.5247], [-59.9567, 52.5267], [-59.9571, 52.5312], [-59.9883, 52.5398], [-59.9902, 52.546], [-60.0067, 52.552], [-60.0058, 52.5586], [-60.0154, 52.5713], [-59.9974, 52.576], [-59.9746, 52.5667], [-59.9637, 52.558], [-59.9382, 52.551], [-59.9266, 52.5539], [-59.9226, 52.5517], [-59.9135, 52.5559], [-59.9041, 52.5685], [-59.8734, 52.5614], [-59.871, 52.5603], [-59.873, 52.5571], [-59.8618, 52.5542], [-59.8505, 52.5598], [-59.8155, 52.5629], [-59.8073, 52.5688], [-59.8063, 52.5724], [-59.812, 52.5776], [-59.8099, 52.5821], [-59.8269, 52.5872], [-59.8455, 52.5974], [-59.8474, 52.6008], [-59.8424, 52.6086], [-59.8601, 52.6082], [-59.9056, 52.6202], [-59.8944, 52.6242], [-59.8869, 52.6336], [-59.8738, 52.6317], [-59.8635, 52.6257], [-59.8501, 52.6278], [-59.8397, 52.6437], [-59.8488, 52.647], [-59.8483, 52.6538], [-59.8387, 52.6573], [-59.8366, 52.6621], [-59.8022, 52.6773], [-59.7673, 52.6802], [-59.7407, 52.6787], [-59.7299, 52.6815], [-59.7096, 52.6763], [-59.7068, 52.6716], [-59.6965, 52.668], [-59.6916, 52.6522], [-59.6506, 52.6429], [-59.6525, 52.6273], [-59.6086, 52.6199], [-59.5888, 52.611], [-59.5871, 52.6069], [-59.5982, 52.5919], [-59.5842, 52.5892], [-59.5686, 52.5787], [-59.5576, 52.5769], [-59.5699, 52.5706], [-59.5702, 52.5654], [-59.5475, 52.5613], [-59.5411, 52.5573], [-59.5349, 52.5576], [-59.5115, 52.5724], [-59.5108, 52.5776], [-59.5179, 52.5863], [-59.513, 52.5923], [-59.5192, 52.5959], [-59.5201, 52.6014], [-59.5136, 52.6118], [-59.5009, 52.6159], [-59.4981, 52.6219], [-59.4849, 52.618], [-59.4725, 52.619], [-59.4568, 52.6261], [-59.4194, 52.6265], [-59.4141, 52.6221], [-59.4264, 52.6171], [-59.4242, 52.6125], [-59.3847, 52.6062], [-59.3493, 52.6175], [-59.3374, 52.6171], [-59.3093, 52.6302], [-59.3054, 52.6266], [-59.3121, 52.6188], [-59.3081, 52.6114], [-59.2883, 52.6129], [-59.2859, 52.6082], [-59.2886, 52.5989], [-59.2821, 52.596], [-59.2682, 52.5789], [-59.2447, 52.5686], [-59.2489, 52.5628], [-59.2425, 52.5547], [-59.2236, 52.5507], [-59.2106, 52.5539], [-59.1757, 52.5467], [-59.1683, 52.5347], [-59.1415, 52.5168], [-59.1326, 52.5174], [-59.1222, 52.5292], [-59.0981, 52.5315], [-59.0879, 52.542], [-59.0499, 52.541], [-59.0211, 52.5294], [-59.0195, 52.5264], [-59.0257, 52.5201], [-58.9887, 52.4966], [-58.9783, 52.4952], [-58.9585, 52.4864], [-58.9495, 52.4863], [-58.9465, 52.4794], [-58.921, 52.4732], [-58.898, 52.4806], [-58.8914, 52.4776], [-58.8819, 52.4662], [-58.8598, 52.4647], [-58.8499, 52.4757], [-58.8376, 52.4801], [-58.8393, 52.4952], [-58.8454, 52.5046], [-58.8319, 52.505], [-58.8245, 52.5007], [-58.8154, 52.5034], [-58.8076, 52.5016], [-58.806, 52.4987], [-58.8105, 52.4926], [-58.7857, 52.4793], [-58.773, 52.4833], [-58.7614, 52.4791], [-58.7446, 52.4854], [-58.7365, 52.4805], [-58.7301, 52.4819], [-58.7102, 52.4706], [-58.696, 52.4768], [-58.675, 52.4758], [-58.6545, 52.4586], [-58.6492, 52.4578], [-58.6266, 52.466], [-58.6222, 52.4741], [-58.6331, 52.4772], [-58.6388, 52.4877], [-58.655, 52.4856], [-58.6675, 52.495], [-58.667, 52.5005], [-58.6533, 52.5067], [-58.6741, 52.5161], [-58.674, 52.5224], [-58.6859, 52.5288], [-58.6831, 52.5318], [-58.6873, 52.5374], [-58.6758, 52.5436], [-58.6797, 52.5522], [-58.6789, 52.56], [-58.6688, 52.5663], [-58.6551, 52.5678], [-58.6509, 52.5741], [-58.645, 52.5672], [-58.6262, 52.5591], [-58.596, 52.5624], [-58.5915, 52.5663], [-58.5935, 52.5689], [-58.568, 52.578], [-58.5472, 52.5747], [-58.5215, 52.5757], [-58.5335, 52.5892], [-58.5519, 52.5949], [-58.5448, 52.6002], [-58.5323, 52.6027], [-58.5309, 52.6073], [-58.5597, 52.6187], [-58.5619, 52.626], [-58.5721, 52.6375], [-58.5666, 52.6453], [-58.5715, 52.6479], [-58.5721, 52.6517], [-58.557, 52.6521], [-58.535, 52.6422], [-58.5273, 52.6548], [-58.518, 52.6589], [-58.5096, 52.6584], [-58.4989, 52.6515], [-58.4923, 52.658], [-58.4616, 52.6524], [-58.448, 52.6541], [-58.4449, 52.659], [-58.4373, 52.6596], [-58.4336, 52.6653], [-58.4422, 52.669], [-58.4384, 52.6743], [-58.4471, 52.679], [-58.4394, 52.6822], [-58.4386, 52.6865], [-58.4545, 52.6905], [-58.4556, 52.6964], [-58.4434, 52.7058], [-58.4315, 52.7056], [-58.4259, 52.7152], [-58.3842, 52.7087], [-58.3811, 52.7016], [-58.345, 52.6976], [-58.3264, 52.6906], [-58.3231, 52.685], [-58.3126, 52.6793], [-58.3091, 52.6722], [-58.2967, 52.6681], [-58.2832, 52.6579], [-58.2543, 52.6486], [-58.2549, 52.645], [-58.2486, 52.6402], [-58.2187, 52.6283], [-58.2199, 52.6252], [-58.2559, 52.623], [-58.2585, 52.6201], [-58.257, 52.6112], [-58.2345, 52.613], [-58.2103, 52.6024], [-58.1739, 52.5968], [-58.1783, 52.5912], [-58.1621, 52.5838], [-58.1682, 52.5788], [-58.1254, 52.5746], [-58.1252, 52.5703], [-58.1323, 52.5668], [-58.1258, 52.5625], [-58.113, 52.5632], [-58.1049, 52.5594], [-58.0998, 52.563], [-58.1003, 52.5695], [-58.0948, 52.5735], [-58.0839, 52.5744], [-58.0848, 52.5646], [-58.0777, 52.5444], [-58.0823, 52.5371], [-58.0826, 52.5273], [-58.0761, 52.5198], [-58.0607, 52.5133], [-58.0467, 52.5024], [-58.062, 52.4941], [-58.0631, 52.4905], [-58.0191, 52.4815], [-58.0055, 52.4635], [-57.9973, 52.459], [-57.9999, 52.4545], [-57.9876, 52.4515], [-57.9849, 52.4416], [-57.9807, 52.4394], [-57.9803, 52.4318], [-57.9747, 52.4266], [-57.954, 52.4317], [-57.9475, 52.4269], [-57.9407, 52.4301], [-57.9389, 52.4234], [-57.9332, 52.4185], [-57.8966, 52.414], [-57.891, 52.4149], [-57.8874, 52.4199], [-57.8768, 52.4209], [-57.8609, 52.4128], [-57.8593, 52.4338], [-57.8684, 52.4418], [-57.8506, 52.4456], [-57.8489, 52.4509], [-57.8375, 52.453], [-57.8367, 52.4582], [-57.8279, 52.4579], [-57.8207, 52.461], [-57.8214, 52.4638], [-57.8128, 52.464], [-57.8097, 52.4685], [-57.8138, 52.4767], [-57.8257, 52.4797], [-57.8244, 52.4862], [-57.8172, 52.4924], [-57.8404, 52.4941], [-57.8481, 52.4997], [-57.8373, 52.5006], [-57.8354, 52.506], [-57.815, 52.5116], [-57.801, 52.5078], [-57.7997, 52.505], [-57.8047, 52.504], [-57.8025, 52.5009], [-57.7874, 52.4967], [-57.7867, 52.4894], [-57.7772, 52.4897], [-57.7689, 52.4847], [-57.7502, 52.4848], [-57.7319, 52.4787], [-57.745, 52.4631], [-57.7547, 52.4579], [-57.7609, 52.442], [-57.773, 52.4311], [-57.7799, 52.4316], [-57.7865, 52.4278], [-57.7808, 52.4251], [-57.761, 52.4253], [-57.7486, 52.4185], [-57.7509, 52.4092], [-57.7435, 52.4023], [-57.7379, 52.4014], [-57.7421, 52.3978], [-57.7432, 52.3898], [-57.7316, 52.3834], [-57.738, 52.3784], [-57.7399, 52.3707], [-57.7079, 52.3557], [-57.6996, 52.3437], [-57.68, 52.3346], [-57.6768, 52.3163], [-57.6531, 52.3127], [-57.6376, 52.3138], [-57.613, 52.2944], [-57.5881, 52.2889], [-57.5782, 52.2783], [-57.5746, 52.2677], [-57.5566, 52.2593], [-57.564, 52.248], [-57.5346, 52.2287], [-57.5077, 52.2171], [-57.4954, 52.2154], [-57.4932, 52.1937], [-57.4747, 52.1929], [-57.4678, 52.1896], [-57.4666, 52.1763], [-57.45, 52.165], [-57.4174, 52.1235], [-57.4141, 52.1156], [-57.4169, 52.1068], [-57.415, 52.0977], [-57.4209, 52.0852], [-57.4176, 52.0821], [-57.4037, 52.0819], [-57.3962, 52.0746], [-57.4091, 52.0661], [-57.3825, 52.0639], [-57.3559, 52.0517], [-57.3335, 52.0521], [-57.3281, 52.055], [-57.3266, 52.0636], [-57.3067, 52.0712], [-57.3104, 52.0806], [-57.3039, 52.0849], [-57.297, 52.0959], [-57.2785, 52.0966], [-57.2682, 52.0949], [-57.2495, 52.0838], [-57.2232, 52.0837], [-57.2141, 52.0769], [-57.2161, 52.0656], [-57.2131, 52.0591], [-57.2037, 52.0553], [-57.1855, 52.0606], [-57.167, 52.0579], [-57.1638, 52.0654], [-57.122, 52.0665], [-57.1181, 52.0712], [-57.1195, 52.0773], [-57.1056, 52.0881], [-57.1009, 52.0861], [-57.0928, 52.0885], [-57.0841, 52.1006], [-57.0763, 52.1034], [-57.0663, 52.0993], [-57.0688, 52.0905], [-57.0609, 52.0886], [-57.0419, 52.0991], [-57.0278, 52.1016], [-57.0116, 52.0919], [-57.0083, 52.0847], [-56.9874, 52.076], [-56.9932, 52.0673], [-56.9807, 52.0601], [-56.9892, 52.0519], [-56.984, 52.0453], [-56.9809, 52.029], [-56.9666, 52.0209], [-56.9622, 52.009], [-56.94, 51.9931], [-56.9375, 51.9877], [-56.9404, 51.9807], [-56.9352, 51.9733], [-56.9449, 51.9688], [-56.9711, 51.9798], [-56.9843, 51.9759], [-56.9974, 51.9817], [-57.0042, 51.9916], [-57.0112, 51.9934], [-57.0227, 51.9923], [-57.044, 51.9819], [-57.0437, 51.9751], [-57.0381, 51.971], [-57.0358, 51.9636], [-57.0484, 51.9482], [-57.0623, 51.9381], [-57.0523, 51.9313], [-57.0509, 51.9207], [-57.0545, 51.9169], [-57.0731, 51.9184], [-57.0811, 51.9156], [-57.0619, 51.8919], [-57.057, 51.8704], [-57.0631, 51.8642], [-57.064, 51.8574], [-57.0801, 51.8518], [-57.0824, 51.8463], [-57.0776, 51.8369], [-57.0792, 51.8253], [-57.09, 51.8163], [-57.0887, 51.8112], [-57.0957, 51.8059], [-57.1078, 51.8061], [-57.1075, 51.4145], [-57.1331, 51.4245], [-57.1352, 51.4284], [-57.1376, 51.4232], [-57.1416, 51.4258], [-57.1501, 51.422], [-57.1525, 51.4176], [-57.1497, 51.415], [-57.1725, 51.4068], [-57.2075, 51.4113], [-57.2067, 51.4156], [-57.213, 51.4186], [-57.2059, 51.4239], [-57.2073, 51.4311], [-57.2129, 51.4355], [-57.2361, 51.4411], [-57.2404, 51.4541], [-57.2481, 51.456], [-57.2466, 51.4665], [-57.2403, 51.4763], [-57.242, 51.4785], [-57.2449, 51.4754], [-57.2402, 51.4823], [-57.2429, 51.4826], [-57.2347, 51.4915], [-57.2381, 51.4935], [-57.2366, 51.4957], [-57.2387, 51.4946], [-57.238, 51.4986], [-57.2409, 51.4989], [-57.2327, 51.5014], [-57.2427, 51.5052], [-57.2482, 51.5036], [-57.2445, 51.5022], [-57.2438, 51.4981], [-57.2473, 51.4889], [-57.2507, 51.4932], [-57.2477, 51.4971], [-57.2494, 51.4989], [-57.2794, 51.4922], [-57.2818, 51.494], [-57.2715, 51.4974], [-57.3232, 51.4915], [-57.3587, 51.4825], [-57.4091, 51.4774], [-57.4125, 51.4751], [-57.4132, 51.4646], [-57.4193, 51.4618], [-57.4282, 51.4639], [-57.4278, 51.4723], [-57.4332, 51.4709], [-57.4334, 51.4739], [-57.4279, 51.4735], [-57.4298, 51.4791], [-57.4542, 51.4838], [-57.4559, 51.4807], [-57.4477, 51.4797], [-57.4493, 51.475], [-57.4668, 51.4658], [-57.4539, 51.4593], [-57.4479, 51.4669], [-57.4486, 51.47], [-57.4435, 51.469], [-57.4366, 51.4483], [-57.4408, 51.4427], [-57.4755, 51.4357], [-57.478, 51.4419], [-57.4749, 51.4454], [-57.4816, 51.4481], [-57.4684, 51.4597], [-57.4771, 51.464], [-57.4794, 51.4592], [-57.4858, 51.4579], [-57.4873, 51.4615], [-57.4833, 51.4655], [-57.4949, 51.4658], [-57.4961, 51.4523], [-57.5062, 51.4494], [-57.4979, 51.4458], [-57.5064, 51.435], [-57.5161, 51.4317], [-57.5198, 51.4349], [-57.5143, 51.4407], [-57.5175, 51.4432], [-57.5134, 51.4491], [-57.5296, 51.4433], [-57.532, 51.4367], [-57.5432, 51.4381], [-57.5482, 51.4337], [-57.5517, 51.436], [-57.5534, 51.4324], [-57.5553, 51.4368], [-57.562, 51.4342], [-57.5624, 51.4413], [-57.5661, 51.4432], [-57.5632, 51.4403], [-57.5685, 51.4399], [-57.57, 51.4346], [-57.5797, 51.4376], [-57.5865, 51.4326], [-57.5837, 51.4286], [-57.5913, 51.4291], [-57.5962, 51.4205], [-57.5993, 51.419], [-57.6061, 51.4222], [-57.6095, 51.4177], [-57.622, 51.423], [-57.6161, 51.4231], [-57.6083, 51.4338], [-57.5876, 51.446], [-57.5814, 51.4587], [-57.5838, 51.4642], [-57.5866, 51.4578], [-57.5987, 51.4563], [-57.6103, 51.4462], [-57.6083, 51.4436], [-57.612, 51.4402], [-57.6206, 51.437], [-57.6146, 51.4357], [-57.6307, 51.4321], [-57.6357, 51.4364], [-57.6408, 51.4353], [-57.6383, 51.4331], [-57.6474, 51.4293], [-57.6461, 51.4277], [-57.6589, 51.4316], [-57.6596, 51.4284], [-57.6627, 51.4304], [-57.6799, 51.4204], [-57.6783, 51.428], [-57.6807, 51.4285], [-57.6896, 51.4202], [-57.699, 51.4198], [-57.6954, 51.4247], [-57.6992, 51.4276], [-57.6971, 51.4315], [-57.7001, 51.4322], [-57.6974, 51.434], [-57.6997, 51.4354], [-57.6962, 51.4382], [-57.6962, 51.4353], [-57.6936, 51.4377], [-57.6925, 51.4353], [-57.6907, 51.438], [-57.6922, 51.441], [-57.6979, 51.4378], [-57.7035, 51.442], [-57.7022, 51.4499], [-57.6972, 51.4505], [-57.7027, 51.4536], [-57.6998, 51.4554], [-57.7031, 51.4579], [-57.6962, 51.4719], [-57.7106, 51.4714], [-57.7131, 51.4664], [-57.7186, 51.4655], [-57.7123, 51.4632], [-57.7154, 51.4579], [-57.7223, 51.4554], [-57.7334, 51.457], [-57.7381, 51.4609], [-57.7422, 51.4573], [-57.7474, 51.4578], [-57.741, 51.4718], [-57.744, 51.4723], [-57.759, 51.4647], [-57.7507, 51.4618], [-57.7572, 51.45], [-57.7486, 51.45], [-57.7466, 51.4466], [-57.7638, 51.4377], [-57.7648, 51.4302], [-57.7734, 51.4296], [-57.7664, 51.4256], [-57.7711, 51.4248], [-57.7702, 51.4208], [-57.7797, 51.4258], [-57.7914, 51.4195], [-57.7887, 51.4152], [-57.7792, 51.42], [-57.7743, 51.4192], [-57.7714, 51.4108], [-57.778, 51.4085], [-57.779, 51.4031], [-57.7737, 51.3976], [-57.7751, 51.3957], [-57.7822, 51.3965], [-57.7792, 51.3998], [-57.7858, 51.3969], [-57.7837, 51.3996], [-57.7876, 51.4002], [-57.7833, 51.4028], [-57.7927, 51.4062], [-57.7927, 51.4015], [-57.8049, 51.3998], [-57.8137, 51.4086], [-57.8074, 51.4201], [-57.7882, 51.4274], [-57.7832, 51.4376], [-57.785, 51.4389], [-57.7969, 51.4292], [-57.8079, 51.4245], [-57.8179, 51.4245], [-57.8149, 51.4211], [-57.8183, 51.4237], [-57.8295, 51.4222], [-57.8274, 51.4182], [-57.8341, 51.4159], [-57.8285, 51.414], [-57.8272, 51.4091], [-57.8352, 51.403], [-57.866, 51.3961], [-57.8788, 51.387], [-57.8889, 51.3853], [-57.899, 51.3782], [-57.8915, 51.3764], [-57.8942, 51.3713], [-57.8896, 51.3691], [-57.9017, 51.3607], [-57.916, 51.3599], [-57.9242, 51.3549], [-57.9267, 51.357], [-57.9269, 51.353], [-57.9423, 51.3469], [-57.948, 51.3497], [-57.9507, 51.3431], [-57.9563, 51.3454], [-57.9566, 51.3412], [-57.968, 51.3363], [-57.9769, 51.326], [-57.9825, 51.3281], [-57.9808, 51.3251], [-57.985, 51.3195], [-57.9891, 51.3199], [-57.9891, 51.3175], [-58.0064, 51.3096], [-58.0134, 51.3093], [-58.0097, 51.3122], [-58.0126, 51.3125], [-58.013, 51.3167], [-58.0153, 51.3126], [-58.018, 51.3178], [-58.0172, 51.3106], [-58.0247, 51.3043], [-58.0386, 51.3053], [-58.0338, 51.3155], [-58.0275, 51.3177], [-58.0266, 51.3274], [-58.0401, 51.3109], [-58.0626, 51.3005], [-58.0563, 51.3125], [-58.0502, 51.3414], [-58.051, 51.3521], [-58.0455, 51.3647], [-58.0556, 51.3567], [-58.0546, 51.3492], [-58.0575, 51.3447], [-58.0553, 51.3408], [-58.0608, 51.3343], [-58.0588, 51.329], [-58.0634, 51.3228], [-58.0645, 51.3106], [-58.0685, 51.3042], [-58.0711, 51.3065], [-58.0694, 51.2995], [-58.0761, 51.2978], [-58.0724, 51.2949], [-58.0799, 51.2948], [-58.077, 51.3052], [-58.0936, 51.2907], [-58.0973, 51.2971], [-58.1013, 51.2908], [-58.1092, 51.2883], [-58.111, 51.2905], [-58.107, 51.3003], [-58.112, 51.2909], [-58.121, 51.2859], [-58.1232, 51.2922], [-58.1284, 51.2832], [-58.141, 51.283], [-58.1416, 51.2793], [-58.1456, 51.2783], [-58.1513, 51.2875], [-58.14, 51.3031], [-58.1435, 51.3046], [-58.1413, 51.314], [-58.1361, 51.3203], [-58.1317, 51.3346], [-58.1286, 51.3349], [-58.1307, 51.3376], [-58.1218, 51.3392], [-58.1306, 51.3398], [-58.1279, 51.3509], [-58.135, 51.3453], [-58.14, 51.3353], [-58.1381, 51.3282], [-58.1403, 51.3249], [-58.1437, 51.3266], [-58.1407, 51.3198], [-58.1632, 51.2794], [-58.2128, 51.2662], [-58.2115, 51.2743], [-58.2077, 51.2741], [-58.2116, 51.2769], [-58.2095, 51.2821], [-58.2067, 51.2864], [-58.2035, 51.2859], [-58.2087, 51.295], [-58.2081, 51.3164], [-58.2104, 51.3174], [-58.2131, 51.3155], [-58.2125, 51.304], [-58.2181, 51.3031], [-58.2147, 51.3028], [-58.2122, 51.2953], [-58.2175, 51.2907], [-58.212, 51.2905], [-58.2167, 51.2677], [-58.2242, 51.2638], [-58.2331, 51.264], [-58.2435, 51.272], [-58.2426, 51.274], [-58.2464, 51.2743], [-58.2424, 51.2796], [-58.2442, 51.2827], [-58.2487, 51.2774], [-58.2484, 51.2804], [-58.2517, 51.2809], [-58.2496, 51.2822], [-58.2553, 51.2839], [-58.255, 51.287], [-58.258, 51.2854], [-58.2606, 51.2904], [-58.2578, 51.2971], [-58.2514, 51.2913], [-58.259, 51.3023], [-58.2563, 51.306], [-58.2491, 51.3061], [-58.2463, 51.3098], [-58.2447, 51.314], [-58.2486, 51.3194], [-58.2531, 51.319], [-58.2519, 51.3225], [-58.2448, 51.3228], [-58.245, 51.3277], [-58.2507, 51.3275], [-58.2594, 51.3343], [-58.2757, 51.331], [-58.281, 51.337], [-58.2852, 51.3363], [-58.2893, 51.3507], [-58.2845, 51.3502], [-58.2861, 51.354], [-58.2804, 51.3575], [-58.2807, 51.3613], [-58.2905, 51.3572], [-58.2959, 51.3663], [-58.2971, 51.3616], [-58.3013, 51.362], [-58.3057, 51.37], [-58.2947, 51.3764], [-58.289, 51.3762], [-58.2819, 51.3832], [-58.2773, 51.3821], [-58.2809, 51.379], [-58.2628, 51.3825], [-58.2691, 51.3943], [-58.2723, 51.3884], [-58.3065, 51.3739], [-58.337, 51.3694], [-58.3307, 51.3644], [-58.3304, 51.3583], [-58.3341, 51.3529], [-58.3304, 51.3444], [-58.329, 51.3507], [-58.3237, 51.351], [-58.3252, 51.3534], [-58.3155, 51.3536], [-58.308, 51.3474], [-58.3095, 51.3528], [-58.3037, 51.3531], [-58.2853, 51.3317], [-58.2901, 51.3298], [-58.2961, 51.3348], [-58.2953, 51.328], [-58.2877, 51.3226], [-58.2882, 51.3267], [-58.2839, 51.3265], [-58.2791, 51.3195], [-58.2709, 51.317], [-58.2686, 51.3199], [-58.2711, 51.3269], [-58.2688, 51.3279], [-58.263, 51.3226], [-58.2643, 51.3157], [-58.2575, 51.3118], [-58.258, 51.3072], [-58.2609, 51.3067], [-58.283, 51.318], [-58.2738, 51.3073], [-58.2759, 51.3063], [-58.2884, 51.3186], [-58.2916, 51.319], [-58.2913, 51.3162], [-58.2978, 51.3213], [-58.2889, 51.3077], [-58.2881, 51.3104], [-58.282, 51.3089], [-58.2744, 51.2992], [-58.275, 51.2969], [-58.2875, 51.2956], [-58.2921, 51.2976], [-58.2882, 51.2991], [-58.2898, 51.3018], [-58.307, 51.3122], [-58.2924, 51.2991], [-58.2987, 51.3014], [-58.2966, 51.2971], [-58.3056, 51.2915], [-58.2905, 51.2922], [-58.2853, 51.2834], [-58.299, 51.2836], [-58.2807, 51.2801], [-58.2808, 51.2738], [-58.289, 51.2748], [-58.282, 51.2701], [-58.2832, 51.2665], [-58.2983, 51.2672], [-58.2865, 51.2638], [-58.3079, 51.2605], [-58.3282, 51.2741], [-58.3319, 51.2723], [-58.3308, 51.2746], [-58.335, 51.2755], [-58.3312, 51.2779], [-58.3332, 51.2805], [-58.3517, 51.2752], [-58.3677, 51.2932], [-58.3762, 51.2781], [-58.3806, 51.2771], [-58.3846, 51.2802], [-58.3798, 51.2838], [-58.3819, 51.2904], [-58.3877, 51.2885], [-58.4005, 51.2989], [-58.4026, 51.2987], [-58.395, 51.2861], [-58.4114, 51.2846], [-58.4191, 51.293], [-58.4139, 51.3026], [-58.4153, 51.3098], [-58.4279, 51.3072], [-58.4289, 51.3148], [-58.4488, 51.3114], [-58.4722, 51.3026], [-58.4772, 51.3051], [-58.4755, 51.3088], [-58.4778, 51.3117], [-58.4831, 51.3039], [-58.4899, 51.302], [-58.478, 51.2973], [-58.4863, 51.2936], [-58.4887, 51.2958], [-58.4998, 51.2898], [-58.4983, 51.286], [-58.5018, 51.2884], [-58.5012, 51.285], [-58.5154, 51.282], [-58.5211, 51.2769], [-58.5263, 51.2775], [-58.525, 51.2743], [-58.53, 51.2711], [-58.5302, 51.2664], [-58.5515, 51.2592], [-58.5481, 51.2551], [-58.5724, 51.2428], [-58.5704, 51.2414], [-58.578, 51.2356], [-58.5871, 51.2353], [-58.5901, 51.2315], [-58.5969, 51.2388], [-58.5933, 51.2436], [-58.5999, 51.2467], [-58.6045, 51.2544], [-58.6046, 51.2598], [-58.5964, 51.2627], [-58.6059, 51.2629], [-58.6157, 51.2705], [-58.611954406364745, 51.27565697674419], [-58.617, 51.2774], [-58.6201, 51.2741], [-58.6261, 51.2766], [-58.6297, 51.2731], [-58.6372, 51.2739], [-58.636, 51.2632], [-58.6203, 51.257], [-58.6244, 51.2515], [-58.6181, 51.2474], [-58.6183, 51.2417], [-58.6236, 51.2407], [-58.6161, 51.2341], [-58.6341, 51.2243], [-58.63, 51.2112], [-58.6165, 51.2056], [-58.624, 51.2056], [-58.6207, 51.2021], [-58.634, 51.1987], [-58.6073, 51.1852], [-58.5967, 51.1854], [-58.594, 51.182], [-58.5877, 51.1858], [-58.5816, 51.1782], [-58.5798, 51.1824], [-58.5646, 51.1792], [-58.5778, 51.1754], [-58.5792, 51.1703], [-58.5851, 51.1678], [-58.591, 51.1752], [-58.5964, 51.1718], [-58.5931, 51.1777], [-58.6098, 51.1787], [-58.6134, 51.1765], [-58.6086, 51.1723], [-58.6169, 51.1716], [-58.6158, 51.1679], [-58.6107, 51.1652], [-58.6053, 51.1673], [-58.6061, 51.1645], [-58.6115, 51.1646], [-58.603, 51.1617], [-58.6173, 51.1504], [-58.6259, 51.1523], [-58.6183, 51.149], [-58.6311, 51.1414], [-58.6345, 51.1414], [-58.6353, 51.1448], [-58.6364, 51.1401], [-58.6422, 51.1407], [-58.6418, 51.1366], [-58.6546, 51.1342], [-58.6607, 51.1367], [-58.6563, 51.1323], [-58.66, 51.1285], [-58.6643, 51.1304], [-58.662, 51.1385], [-58.6639, 51.1426], [-58.6603, 51.1429], [-58.6612, 51.1453], [-58.6562, 51.1442], [-58.6634, 51.1493], [-58.6682, 51.148], [-58.6644, 51.1433], [-58.6657, 51.1391], [-58.67, 51.1394], [-58.6699, 51.1263], [-58.6854, 51.1253], [-58.6873, 51.1232], [-58.6828, 51.1227], [-58.683, 51.1201], [-58.6919, 51.1204], [-58.6965, 51.1164], [-58.6913, 51.1125], [-58.6999, 51.1108], [-58.6984, 51.1092], [-58.7082, 51.1046], [-58.7132, 51.1067], [-58.7185, 51.0996], [-58.7389, 51.0916], [-58.7557, 51.0872], [-58.7585, 51.0914], [-58.7542, 51.0939], [-58.7583, 51.0944], [-58.756, 51.1004], [-58.763, 51.1078], [-58.7626, 51.093], [-58.7597, 51.0882], [-58.7654, 51.0848], [-58.7636, 51.0909], [-58.7677, 51.0922], [-58.768, 51.0827], [-58.7765, 51.0807], [-58.777, 51.0834], [-58.7801, 51.0806], [-58.786, 51.0893], [-58.7849, 51.0796], [-58.7912, 51.0852], [-58.7949, 51.0953], [-58.7877, 51.0965], [-58.7881, 51.1007], [-58.7965, 51.0967], [-58.8012, 51.1002], [-58.8055, 51.0954], [-58.8, 51.0929], [-58.7994, 51.0721], [-58.8055, 51.0659], [-58.8157, 51.0718], [-58.8165, 51.0644], [-58.8216, 51.0707], [-58.821, 51.0603], [-58.8247, 51.0659], [-58.8271, 51.0627], [-58.8276, 51.0778], [-58.8341, 51.0817], [-58.8394, 51.092], [-58.8476, 51.0937], [-58.8505, 51.0902], [-58.8559, 51.0907], [-58.8484, 51.0878], [-58.8421, 51.0902], [-58.8346, 51.0806], [-58.8391, 51.0818], [-58.8361, 51.0758], [-58.8485, 51.0626], [-58.8434, 51.0626], [-58.8407, 51.053], [-58.868, 51.0426], [-58.8722, 51.0376], [-58.85, 51.0452], [-58.8379, 51.0418], [-58.8401, 51.048], [-58.8304, 51.0535], [-58.823, 51.0379], [-58.826, 51.0243], [-58.8288, 51.0223], [-58.8326, 51.0273], [-58.8323, 51.0251], [-58.835, 51.0369], [-58.8351, 51.0244], [-58.8402, 51.0266], [-58.8453, 51.0202], [-58.8516, 51.0251], [-58.8548, 51.0129], [-58.8567, 51.0152], [-58.8619, 51.0126], [-58.8629, 51.0163], [-58.8716, 51.0191], [-58.8668, 51.0016], [-58.8726, 51.0004], [-58.8728, 51.0033], [-58.8802, 50.9988], [-58.8775, 50.9982], [-58.8795, 50.9956], [-58.8848, 51.0012], [-58.8834, 50.994], [-58.8924, 50.9855], [-58.8964, 50.9855], [-58.8927, 50.9792], [-58.9023, 50.9761], [-58.9059, 50.9805], [-58.9022, 50.9813], [-58.9055, 50.9838], [-58.9082, 50.9803], [-58.9147, 50.9801], [-58.9149, 50.9834], [-58.9151, 50.9801], [-58.9179, 50.9805], [-58.9147, 50.9756], [-58.9052, 50.9716], [-58.905, 50.9754], [-58.8886, 50.979], [-58.8881, 50.9853], [-58.8862, 50.9792], [-58.8828, 50.9801], [-58.8803, 50.9748], [-58.884, 50.9761], [-58.8824, 50.9723], [-58.8848, 50.9738], [-58.885, 50.9706], [-58.8905, 50.9703], [-58.8874, 50.9661], [-58.8894, 50.9643], [-58.8856, 50.9635], [-58.8895, 50.9556], [-58.8893, 50.9631], [-58.893, 50.9593], [-58.8926, 50.9624], [-58.904, 50.9708], [-58.8965, 50.9612], [-58.9022, 50.9643], [-58.9094, 50.9587], [-58.9001, 50.9574], [-58.8973, 50.9603], [-58.8932, 50.9571], [-58.8911, 50.9539], [-58.895, 50.9458], [-58.8978, 50.9452], [-58.8952, 50.9506], [-58.9008, 50.9503], [-58.9015, 50.9561], [-58.9061, 50.9533], [-58.9084, 50.9563], [-58.9116, 50.9531], [-58.9083, 50.9485], [-58.91, 50.9456], [-58.9195, 50.9485], [-58.9175, 50.9502], [-58.9198, 50.9551], [-58.9129, 50.9567], [-58.9125, 50.961], [-58.9199, 50.9579], [-58.9176, 50.9742], [-58.9197, 50.9765], [-58.9175, 50.977], [-58.9235, 50.9803], [-58.918, 50.9808], [-58.9225, 50.9867], [-58.9185, 50.9903], [-58.9228, 50.9906], [-58.9207, 51.0008], [-58.9153, 51.0034], [-58.9176, 50.9905], [-58.9131, 50.9889], [-58.9087, 51.015], [-58.9018, 51.0207], [-58.9028, 51.0229], [-58.8799, 51.0336], [-58.8917, 51.0332], [-58.89, 51.0429], [-58.8928, 51.0435], [-58.9001, 51.0591], [-58.9037, 51.0596], [-58.9035, 51.0559], [-58.9078, 51.0534], [-58.9029, 51.0506], [-58.9056, 51.0404], [-58.9064, 51.0451], [-58.9088, 51.0457], [-58.9099, 51.0417], [-58.9139, 51.0502], [-58.9161, 51.0458], [-58.9216, 51.044], [-58.9234, 51.047], [-58.9246, 51.0437], [-58.9257, 51.0515], [-58.9205, 51.0518], [-58.9235, 51.0558], [-58.9366, 51.042], [-58.9423, 51.0402], [-58.944, 51.0317], [-58.9477, 51.0324], [-58.958, 51.0224], [-58.9621, 51.0248], [-58.9624, 51.0284], [-58.9592, 51.0296], [-58.9625, 51.032], [-58.9607, 51.0334], [-58.9639, 51.0324], [-58.9689, 51.0374], [-58.9673, 51.0278], [-58.9721, 51.0226], [-58.9687, 51.0213], [-58.9659, 51.0259], [-58.965, 51.0199], [-58.9711, 51.0107], [-58.9779, 51.0099], [-58.9887, 51.0116], [-58.9916, 51.0088], [-58.9988, 51.0151], [-59.0075, 51.0146], [-59.007, 51.0053], [-59.0038, 51.0021], [-58.9964, 51.0058], [-58.9627, 51.0007], [-58.9488, 50.9889], [-58.9501, 50.9865], [-58.9576, 50.9881], [-58.9564, 50.9803], [-58.9607, 50.9816], [-58.958, 50.976], [-58.9623, 50.9743], [-58.9557, 50.9711], [-58.9556, 50.9663], [-58.9701, 50.9694], [-58.9699, 50.9534], [-58.978, 50.95], [-58.9776, 50.9466], [-58.9881, 50.9443], [-58.9595, 50.9434], [-58.9613, 50.9365], [-58.9586, 50.9255], [-58.9617, 50.9299], [-58.9644, 50.9286], [-58.9628, 50.9253], [-58.9696, 50.9286], [-58.975, 50.9271], [-58.9642, 50.9233], [-58.9664, 50.9197], [-58.9567, 50.9165], [-58.956, 50.9134], [-58.9688, 50.9037], [-58.9675, 50.9004], [-58.9883, 50.8887], [-58.9931, 50.8808], [-58.9753, 50.8919], [-58.9756, 50.8894], [-58.9695, 50.8898], [-58.9725, 50.8871], [-58.9694, 50.8852], [-58.9525, 50.8867], [-58.9513, 50.8786], [-58.955, 50.8744], [-58.9518, 50.8697], [-58.9593, 50.8669], [-58.9564, 50.8695], [-58.9589, 50.8758], [-58.9622, 50.8702], [-58.9681, 50.8736], [-58.9652, 50.869], [-58.9707, 50.867], [-58.9761, 50.8708], [-58.9767, 50.8753], [-58.981, 50.8764], [-58.9825, 50.8688], [-58.9791, 50.8686], [-58.9781, 50.8648], [-58.9856, 50.8573], [-58.9768, 50.8492], [-58.9782, 50.8466], [-58.9723, 50.8408], [-58.9744, 50.8368], [-58.9719, 50.835], [-58.9665, 50.8368], [-58.9659, 50.8428], [-58.9641, 50.8344], [-58.9611, 50.8379], [-58.9606, 50.8347], [-58.9572, 50.8352], [-58.9532, 50.8391], [-58.9546, 50.8354], [-58.9484, 50.8334], [-58.955, 50.8298], [-58.9545, 50.8256], [-58.9507, 50.8239], [-58.9591, 50.8218], [-58.9608, 50.828], [-58.9634, 50.8262], [-58.9613, 50.8208], [-58.9532, 50.8197], [-58.9528, 50.8151], [-58.963, 50.8192], [-58.9747, 50.8134], [-58.9727, 50.8087], [-58.9785, 50.8098], [-58.9811, 50.8025], [-58.989, 50.8037], [-58.9949, 50.7977], [-58.9932, 50.7955], [-58.9888, 50.802], [-58.9822, 50.7984], [-58.9875, 50.7985], [-58.9899, 50.7916], [-58.9958, 50.7919], [-58.993, 50.7874], [-58.9981, 50.7855], [-59.0019, 50.7805], [-58.9985, 50.7791], [-59.0043, 50.7751], [-59.0083, 50.7764], [-59.0177, 50.7685], [-59.0236, 50.769], [-59.0183, 50.772], [-59.03, 50.7714], [-59.0276, 50.7736], [-59.0331, 50.7774], [-59.0315, 50.7729], [-59.0382, 50.7753], [-59.0378, 50.7861], [-59.0483, 50.7879], [-59.0506, 50.7813], [-59.0607, 50.777], [-59.0616, 50.774], [-59.0515, 50.7766], [-59.0476, 50.7717], [-59.0437, 50.7741], [-59.0396, 50.7708], [-59.0378, 50.7743], [-59.0328, 50.7707], [-59.0303, 50.7631], [-59.026, 50.7605], [-59.0335, 50.755], [-59.0286, 50.7556], [-59.0267, 50.7519], [-59.0126, 50.7453], [-59.0109, 50.7426], [-59.0139, 50.7373], [-59.0186, 50.7364], [-59.0242, 50.7424], [-59.0268, 50.7401], [-59.0297, 50.7447], [-59.0363, 50.7436], [-59.039, 50.7469], [-59.051, 50.748], [-59.0608, 50.7547], [-59.0711, 50.754], [-59.0605, 50.7582], [-59.0703, 50.7605], [-59.0739, 50.7654], [-59.0664, 50.7726], [-59.0771, 50.7689], [-59.0794, 50.7742], [-59.084, 50.7752], [-59.0824, 50.7705], [-59.0859, 50.7729], [-59.0866, 50.7682], [-59.0934, 50.771], [-59.0905, 50.7771], [-59.0943, 50.7773], [-59.0964, 50.7837], [-59.0904, 50.7884], [-59.0865, 50.7874], [-59.0943, 50.7923], [-59.098, 50.7902], [-59.0994, 50.7931], [-59.0874, 50.8015], [-59.0871, 50.8103], [-59.0931, 50.8075], [-59.0952, 50.8087], [-59.0928, 50.8105], [-59.1048, 50.8083], [-59.1033, 50.8149], [-59.1008, 50.811], [-59.0906, 50.8144], [-59.0991, 50.8133], [-59.1009, 50.8179], [-59.1075, 50.8135], [-59.1073, 50.817], [-59.1161, 50.818], [-59.1129, 50.8165], [-59.1125, 50.8112], [-59.1173, 50.8076], [-59.1092, 50.8033], [-59.1066, 50.806], [-59.1101, 50.8054], [-59.1133, 50.8093], [-59.1067, 50.8109], [-59.1049, 50.807], [-59.1075, 50.7984], [-59.1049, 50.7975], [-59.1085, 50.7973], [-59.1171, 50.787], [-59.1208, 50.7869], [-59.1165, 50.7912], [-59.1209, 50.7907], [-59.1215, 50.7935], [-59.1273, 50.7926], [-59.131, 50.7873], [-59.1338, 50.7892], [-59.1383, 50.7836], [-59.1321, 50.7835], [-59.1319, 50.7805], [-59.1453, 50.7778], [-59.14, 50.768], [-59.1654, 50.763], [-59.1817, 50.7547], [-59.2167, 50.7584], [-59.2054, 50.753], [-59.1988, 50.7539], [-59.2124, 50.752], [-59.2063, 50.7524], [-59.203, 50.7494], [-59.2076, 50.7491], [-59.2062, 50.7453], [-59.1944, 50.7485], [-59.195, 50.7443], [-59.1911, 50.7488], [-59.1906, 50.743], [-59.1879, 50.7426], [-59.1904, 50.7369], [-59.1958, 50.7348], [-59.1876, 50.7374], [-59.1881, 50.734], [-59.1951, 50.73], [-59.1985, 50.7346], [-59.2032, 50.7334], [-59.2053, 50.7311], [-59.1982, 50.7283], [-59.2062, 50.7272], [-59.2078, 50.7229], [-59.2108, 50.7235], [-59.21, 50.7305], [-59.2001, 50.7423], [-59.2094, 50.7392], [-59.2069, 50.7446], [-59.2112, 50.7449], [-59.2084, 50.7426], [-59.2107, 50.7369], [-59.2141, 50.7394], [-59.214, 50.7339], [-59.2176, 50.7325], [-59.2119, 50.731], [-59.2125, 50.7251], [-59.2148, 50.7276], [-59.2196, 50.7258], [-59.2151, 50.7306], [-59.2175, 50.7312], [-59.2242, 50.7256], [-59.2263, 50.7272], [-59.2211, 50.7329], [-59.2258, 50.7327], [-59.2261, 50.7366], [-59.2206, 50.7377], [-59.2222, 50.7403], [-59.2288, 50.7399], [-59.2299, 50.7343], [-59.2333, 50.7336], [-59.2357, 50.7425], [-59.2295, 50.7429], [-59.2329, 50.7468], [-59.2274, 50.7484], [-59.233, 50.7509], [-59.2312, 50.7561], [-59.2342, 50.7591], [-59.2409, 50.7551], [-59.24, 50.7497], [-59.2433, 50.748], [-59.2516, 50.7515], [-59.2451, 50.7532], [-59.2472, 50.7549], [-59.2448, 50.7593], [-59.2472, 50.7553], [-59.2573, 50.7511], [-59.26, 50.7583], [-59.2627, 50.7573], [-59.2653, 50.752], [-59.2614, 50.7464], [-59.263, 50.7427], [-59.2675, 50.7421], [-59.2593, 50.7306], [-59.2644, 50.7278], [-59.2585, 50.7285], [-59.2586, 50.7204], [-59.2543, 50.7148], [-59.2565, 50.7101], [-59.2637, 50.708], [-59.253, 50.7045], [-59.2527, 50.6932], [-59.2495, 50.6926], [-59.2522, 50.6976], [-59.2492, 50.698], [-59.2445, 50.6949], [-59.2462, 50.6919], [-59.2429, 50.6919], [-59.2427, 50.6892], [-59.2386, 50.6925], [-59.24, 50.6892], [-59.2376, 50.6902], [-59.2307, 50.6825], [-59.2392, 50.6828], [-59.2417, 50.6793], [-59.244, 50.6832], [-59.2477, 50.6827], [-59.2479, 50.6857], [-59.2439, 50.687], [-59.2622, 50.6981], [-59.263, 50.7008], [-59.2582, 50.7042], [-59.2733, 50.7105], [-59.2813, 50.7004], [-59.2984, 50.6941], [-59.3031, 50.6983], [-59.3109, 50.697], [-59.3139, 50.7015], [-59.3207, 50.7017], [-59.3182, 50.7076], [-59.3209, 50.7115], [-59.3189, 50.7066], [-59.3218, 50.699], [-59.326279907426894, 50.698811592678304], [-59.3248, 50.6923], [-59.3293, 50.6873], [-59.3274, 50.6853], [-59.3379, 50.6832], [-59.33, 50.6805], [-59.3332, 50.6715], [-59.3295, 50.6683], [-59.3408, 50.6639], [-59.3326, 50.6629], [-59.3435, 50.6551], [-59.3418, 50.651], [-59.3493, 50.65], [-59.3518, 50.6529], [-59.3547, 50.6502], [-59.3589, 50.6572], [-59.3738, 50.6521], [-59.3961, 50.6498], [-59.4304, 50.6567], [-59.4293, 50.6516], [-59.4224, 50.647], [-59.4202, 50.6403], [-59.411, 50.6309], [-59.4144, 50.6282], [-59.4127, 50.6226], [-59.4336, 50.6228], [-59.4369, 50.6097], [-59.4426, 50.6158], [-59.44, 50.6217], [-59.4622, 50.6213], [-59.4593, 50.6065], [-59.4544, 50.6047], [-59.4611, 50.6038], [-59.464, 50.5959], [-59.4614, 50.5927], [-59.4715, 50.5833], [-59.4679, 50.5822], [-59.4761, 50.5768], [-59.4771, 50.573], [-59.4719, 50.5724], [-59.4802, 50.5648], [-59.4753, 50.5653], [-59.4771, 50.5623], [-59.4737, 50.5575], [-59.4872, 50.5508], [-59.4948, 50.5511], [-59.4914, 50.5501], [-59.497, 50.5511], [-59.4925, 50.5536], [-59.4985, 50.5514], [-59.4992, 50.5609], [-59.5033, 50.5572], [-59.5146, 50.558], [-59.5269, 50.5464], [-59.527, 50.5388], [-59.5231, 50.5381], [-59.5226, 50.5349], [-59.5333, 50.5298], [-59.5286, 50.5291], [-59.531, 50.5254], [-59.525, 50.525], [-59.5334, 50.516], [-59.5335, 50.522], [-59.5452, 50.5244], [-59.563, 50.5214], [-59.5614, 50.5112], [-59.5704, 50.5058], [-59.5635, 50.5042], [-59.5723, 50.5022], [-59.5728, 50.4996], [-59.5687, 50.4977], [-59.5725, 50.4929], [-59.5697, 50.4906], [-59.5795, 50.4856], [-59.5808, 50.4825], [-59.5779, 50.4803], [-59.5822, 50.4767], [-59.5803, 50.4748], [-59.6078, 50.4641], [-59.6097, 50.4649], [-59.6052, 50.4674], [-59.6093, 50.4688], [-59.6511, 50.4581], [-59.6557, 50.4606], [-59.6773, 50.4559], [-59.6768, 50.4592], [-59.684, 50.4614], [-59.6802, 50.4576], [-59.6868, 50.4497], [-59.7033, 50.4543], [-59.7074, 50.4499], [-59.7109, 50.4524], [-59.7149, 50.4501], [-59.7063, 50.447], [-59.7131, 50.4434], [-59.7242, 50.4514], [-59.7263, 50.4507], [-59.724, 50.4473], [-59.7358, 50.4512], [-59.7379, 50.4484], [-59.7354, 50.4458], [-59.7386, 50.4442], [-59.7318, 50.438], [-59.7379, 50.4323], [-59.754, 50.43], [-59.7569, 50.4339], [-59.7676, 50.4312], [-59.7722, 50.4257], [-59.7811, 50.4247], [-59.7856, 50.4317], [-59.7861, 50.4286], [-59.7913, 50.43], [-59.7958, 50.4256], [-59.801, 50.4294], [-59.8065, 50.4273], [-59.7894, 50.4416], [-59.801, 50.4413], [-59.7973, 50.4399], [-59.8111, 50.4301], [-59.8175, 50.4324], [-59.8236, 50.4289], [-59.8196, 50.4274], [-59.8238, 50.4222], [-59.8225, 50.4136], [-59.8281, 50.4076], [-59.8332, 50.4079], [-59.8424, 50.4004], [-59.8495, 50.4], [-59.8515, 50.3964], [-59.8701, 50.389], [-59.8751, 50.3902], [-59.8649, 50.3868], [-59.854, 50.3892], [-59.8525, 50.3861], [-59.8591, 50.3833], [-59.8566, 50.3808], [-59.8683, 50.3794], [-59.8746, 50.3748], [-59.8801, 50.3767], [-59.882, 50.3729], [-59.893, 50.3713], [-59.8958, 50.3754], [-59.9027, 50.3714], [-59.9002, 50.3689], [-59.89, 50.3697], [-59.8905, 50.3639], [-59.8836, 50.367], [-59.8796, 50.3644], [-59.8812, 50.3609], [-59.8752, 50.3599], [-59.8828, 50.3576], [-59.8728, 50.358], [-59.866, 50.3628], [-59.8643, 50.3583], [-59.8259, 50.364], [-59.8296, 50.3626], [-59.824, 50.3621], [-59.8283, 50.358], [-59.835, 50.3554], [-59.8432, 50.3565], [-59.8427, 50.3541], [-59.8618, 50.3504], [-59.8787, 50.3518], [-59.8639, 50.3467], [-59.8646, 50.349], [-59.8599, 50.3486], [-59.8609, 50.3466], [-59.8522, 50.3437], [-59.8544, 50.3382], [-59.8687, 50.3329], [-59.8542, 50.334], [-59.8712, 50.3243], [-59.8514, 50.3323], [-59.8576, 50.3285], [-59.8519, 50.3288], [-59.8571, 50.3261], [-59.8581, 50.3213], [-59.8489, 50.3195], [-59.8451, 50.3221], [-59.8457, 50.3265], [-59.8429, 50.3238], [-59.8377, 50.3276], [-59.8413, 50.3302], [-59.8352, 50.3314], [-59.8373, 50.3281], [-59.8349, 50.3277], [-59.8298, 50.3293], [-59.8297, 50.3345], [-59.8226, 50.3354], [-59.8231, 50.3383], [-59.8298, 50.3356], [-59.8297, 50.3383], [-59.8441, 50.3301], [-59.8479, 50.3307], [-59.8282, 50.3404], [-59.8379, 50.3406], [-59.8342, 50.3437], [-59.841, 50.3462], [-59.8289, 50.3487], [-59.8318, 50.3497], [-59.8254, 50.3528], [-59.8214, 50.3505], [-59.8271, 50.3479], [-59.8101, 50.3485], [-59.8137, 50.3418], [-59.8063, 50.341], [-59.8172, 50.3415], [-59.8083, 50.3376], [-59.818, 50.3303], [-59.8171, 50.3258], [-59.8358, 50.3151], [-59.8563, 50.3129], [-59.8628, 50.3083], [-59.8575, 50.3063], [-59.867, 50.3055], [-59.888, 50.2879], [-59.8975, 50.2912], [-59.9096, 50.2812], [-59.9102, 50.2899], [-59.9014, 50.3024], [-59.9034, 50.3019], [-59.9121, 50.2923], [-59.9134, 50.2948], [-59.9208, 50.2897], [-59.9167, 50.2886], [-59.9142, 50.283], [-59.9163, 50.2809], [-59.9206, 50.2847], [-59.9208, 50.2782], [-59.9261, 50.2739], [-59.9331, 50.2786], [-59.9509, 50.2726], [-59.947, 50.2687], [-59.9406, 50.2686], [-59.9506, 50.2635], [-59.9505, 50.2612], [-59.9487, 50.264], [-59.9461, 50.2626], [-59.9463, 50.2584], [-59.9532, 50.2583], [-59.9484, 50.2524], [-59.9549, 50.254], [-59.9522, 50.2555], [-59.9553, 50.2579], [-59.9615, 50.2573], [-59.9618, 50.2605], [-59.9655, 50.2592], [-59.9592, 50.2685], [-59.9725, 50.2681], [-59.9675, 50.2743], [-59.9605, 50.2724], [-59.9531, 50.2754], [-59.9536, 50.2795], [-59.9497, 50.2819], [-59.9498, 50.2776], [-59.9457, 50.2789], [-59.9495, 50.2842], [-59.9628, 50.2907], [-59.9601, 50.2892], [-59.9652, 50.2882], [-59.9611, 50.2817], [-59.9816, 50.2802], [-59.9703, 50.2751], [-59.9775, 50.2682], [-59.9744, 50.2656], [-59.9873, 50.2646], [-59.9842, 50.2605], [-59.9909, 50.2564], [-59.9805, 50.2493], [-59.9906, 50.2502], [-59.9917, 50.2473], [-59.9966, 50.2513], [-59.9991, 50.249], [-59.9957, 50.2478], [-59.9987, 50.2458], [-60.0011, 50.2495], [-60.0069, 50.2481], [-60.0134, 50.2522], [-60.0194, 50.2433], [-60.0258, 50.2493], [-60.0222, 50.2493], [-60.0234, 50.2541], [-59.9936, 50.2785], [-60.0034, 50.284], [-60.0093, 50.2802], [-60.0183, 50.2804], [-60.0194, 50.2738], [-60.0091, 50.2744], [-60.0168, 50.2694], [-60.0165, 50.2669], [-60.0132, 50.2686], [-60.0142, 50.2651], [-60.0291, 50.2542], [-60.0338, 50.2532], [-60.037, 50.2565], [-60.0408, 50.2544], [-60.0374, 50.2495], [-60.0404, 50.2461], [-60.0367, 50.2423], [-60.0271, 50.2477], [-60.0245, 50.2428], [-60.0313, 50.2401], [-60.0313, 50.2353], [-60.0393, 50.2325], [-60.0355, 50.2257], [-60.0415, 50.2249], [-60.043, 50.2311], [-60.0465, 50.2324], [-60.0449, 50.235], [-60.0578, 50.2279], [-60.0693, 50.2296], [-60.0697, 50.233], [-60.0571, 50.2322], [-60.0631, 50.2368], [-60.0546, 50.2342], [-60.0521, 50.2365], [-60.0548, 50.2396], [-60.0485, 50.2408], [-60.0587, 50.2413], [-60.0552, 50.2434], [-60.0619, 50.2488], [-60.0617, 50.2462], [-60.0707, 50.2471], [-60.0689, 50.2431], [-60.0733, 50.2417], [-60.0915, 50.2431], [-60.0939, 50.2366], [-60.0884, 50.2366], [-60.0872, 50.2314], [-60.092, 50.2296], [-60.0855, 50.2272], [-60.0954, 50.2254], [-60.1004, 50.2207], [-60.1015, 50.2241], [-60.1052, 50.2243], [-60.0975, 50.2267], [-60.1036, 50.2271], [-60.1016, 50.2292], [-60.108, 50.2326], [-60.0971, 50.2372], [-60.1031, 50.2382], [-60.1009, 50.2421], [-60.0979, 50.2415], [-60.0945, 50.2493], [-60.1031, 50.2455], [-60.1065, 50.2403], [-60.1209, 50.238], [-60.1118, 50.236], [-60.1268, 50.229], [-60.1153, 50.2307], [-60.1176, 50.2278], [-60.1383, 50.2211], [-60.1297, 50.2185], [-60.1317, 50.2198], [-60.1262, 50.2218], [-60.1315, 50.2221], [-60.1255, 50.2246], [-60.1236, 50.2182], [-60.1349, 50.2129], [-60.1384, 50.2065], [-60.129, 50.2074], [-60.1368, 50.2025], [-60.1392, 50.2053], [-60.1457, 50.2026], [-60.1503, 50.1951], [-60.1647, 50.1952], [-60.1648, 50.2018], [-60.1576, 50.2034], [-60.1588, 50.2061], [-60.1659, 50.2052], [-60.1662, 50.1999], [-60.1734, 50.1996], [-60.1685, 50.1982], [-60.1713, 50.1966], [-60.1762, 50.1988], [-60.1718, 50.2034], [-60.1762, 50.2032], [-60.1716, 50.2044], [-60.1736, 50.2114], [-60.1698, 50.2119], [-60.1715, 50.2096], [-60.1654, 50.2075], [-60.1468, 50.2169], [-60.1535, 50.2184], [-60.1483, 50.2217], [-60.156, 50.221], [-60.1506, 50.229], [-60.1684, 50.2244], [-60.1693, 50.2182], [-60.1735, 50.22], [-60.1711, 50.2231], [-60.179, 50.2177], [-60.1821, 50.2198], [-60.1855, 50.2135], [-60.1933, 50.2106], [-60.1891, 50.2242], [-60.1843, 50.2295], [-60.1682, 50.2342], [-60.1594, 50.2436], [-60.1489, 50.2471], [-60.1567, 50.2489], [-60.1753, 50.2449], [-60.1789, 50.2412], [-60.1815, 50.2433], [-60.1741, 50.2475], [-60.1813, 50.2509], [-60.1846, 50.2457], [-60.1909, 50.2512], [-60.1886, 50.2562], [-60.1737, 50.2665], [-60.1735, 50.27], [-60.1671, 50.2709], [-60.1555, 50.2799], [-60.1513, 50.2791], [-60.1475, 50.2837], [-60.1497, 50.2866], [-60.1689, 50.2747], [-60.1708, 50.2792], [-60.1757, 50.2784], [-60.1764, 50.275], [-60.1889, 50.2713], [-60.1877, 50.2683], [-60.1939, 50.2702], [-60.186, 50.2738], [-60.1891, 50.2763], [-60.18, 50.2834], [-60.1942, 50.2787], [-60.1978, 50.2796], [-60.1946, 50.2833], [-60.2029, 50.2807], [-60.204, 50.2778], [-60.1992, 50.2772], [-60.2126, 50.2712], [-60.2469, 50.2268], [-60.2596, 50.2224], [-60.2569, 50.2267], [-60.2649, 50.2197], [-60.2684, 50.2248], [-60.2785, 50.2222], [-60.2779, 50.2271], [-60.2841, 50.224], [-60.282, 50.2218], [-60.2877, 50.2232], [-60.2864, 50.2265], [-60.2924, 50.2216], [-60.2947, 50.2228], [-60.2904, 50.2303], [-60.2841, 50.233], [-60.288, 50.2351], [-60.2588, 50.2533], [-60.2561, 50.2566], [-60.2586, 50.2581], [-60.242, 50.2727], [-60.2539, 50.2681], [-60.2511, 50.2664], [-60.2608, 50.2592], [-60.2733, 50.2585], [-60.2718, 50.2553], [-60.2671, 50.2556], [-60.2674, 50.2525], [-60.2818, 50.2447], [-60.2826, 50.2474], [-60.2772, 50.2511], [-60.2807, 50.2553], [-60.2821, 50.2512], [-60.283, 50.2548], [-60.2865, 50.2512], [-60.286, 50.2564], [-60.2977, 50.2549], [-60.3015, 50.2462], [-60.3083, 50.2451], [-60.3065, 50.2422], [-60.3149, 50.2221], [-60.3166, 50.2269], [-60.3197, 50.2212], [-60.3196, 50.2254], [-60.3223, 50.2238], [-60.3163, 50.2292], [-60.3206, 50.2316], [-60.3176, 50.2468], [-60.3235, 50.2368], [-60.3259, 50.2383], [-60.3247, 50.2426], [-60.3279, 50.2438], [-60.3288, 50.2346], [-60.3334, 50.2305], [-60.331, 50.2282], [-60.3422, 50.2082], [-60.3447, 50.2113], [-60.3363, 50.2269], [-60.3384, 50.2287], [-60.3362, 50.233], [-60.3475, 50.2313], [-60.3497, 50.2351], [-60.3544, 50.234], [-60.3663, 50.2409], [-60.3663, 50.2379], [-60.3565, 50.2323], [-60.3698, 50.2371], [-60.3795, 50.2354], [-60.3708, 50.2343], [-60.3727, 50.2314], [-60.3705, 50.2274], [-60.375, 50.2244], [-60.3738, 50.2167], [-60.3706, 50.2172], [-60.3663, 50.2111], [-60.3735, 50.2093], [-60.3779, 50.2156], [-60.3768, 50.209], [-60.3826, 50.2155], [-60.3815, 50.2118], [-60.3872, 50.215], [-60.3929, 50.2284], [-60.3943, 50.2241], [-60.409, 50.2317], [-60.4111, 50.2383], [-60.4143, 50.2377], [-60.4128, 50.2429], [-60.4199, 50.2481], [-60.4201, 50.2438], [-60.4255, 50.2426], [-60.425, 50.2392], [-60.4331, 50.2378], [-60.4364, 50.2408], [-60.4344, 50.2364], [-60.4366, 50.2299], [-60.4389, 50.232], [-60.4439, 50.2272], [-60.4511, 50.2283], [-60.454, 50.2346], [-60.4469, 50.2432], [-60.4476, 50.2475], [-60.4603, 50.2406], [-60.4624, 50.244], [-60.4655, 50.2377], [-60.4797, 50.2413], [-60.4995, 50.2379], [-60.50552205882353, 50.25415], [-60.5103, 50.2361], [-60.5177, 50.2373], [-60.5172, 50.2341], [-60.5229, 50.2325], [-60.538, 50.2329], [-60.5366, 50.2264], [-60.5466, 50.2207], [-60.5427, 50.2204], [-60.5451, 50.217], [-60.5479, 50.2176], [-60.5416, 50.2133], [-60.5547, 50.2081], [-60.5598, 50.2088], [-60.559, 50.2138], [-60.5624, 50.2091], [-60.5781, 50.2095], [-60.5721, 50.2134], [-60.592, 50.2053], [-60.5865, 50.2105], [-60.5935, 50.2113], [-60.5992, 50.206], [-60.5946, 50.2049], [-60.5964, 50.2019], [-60.6118, 50.2013], [-60.607, 50.2064], [-60.6129, 50.2039], [-60.6093, 50.2066], [-60.6127, 50.2089], [-60.6224, 50.2065], [-60.6247, 50.2104], [-60.6305, 50.2098], [-60.6324, 50.2124], [-60.6277, 50.2216], [-60.6325, 50.2266], [-60.6302, 50.2301], [-60.6337, 50.2388], [-60.6436, 50.2366], [-60.6419, 50.2301], [-60.6471, 50.2236], [-60.6418, 50.2181], [-60.6696, 50.2154], [-60.6748, 50.2137], [-60.6735, 50.2105], [-60.6815, 50.2122], [-60.6779, 50.2159], [-60.6797, 50.2144], [-60.682, 50.2174], [-60.6822, 50.2145], [-60.6896, 50.2116], [-60.6933, 50.2177], [-60.687, 50.2183], [-60.6832, 50.2281], [-60.6961, 50.2327], [-60.6945, 50.2287], [-60.6887, 50.227], [-60.6925, 50.2204], [-60.6996, 50.225], [-60.6961, 50.2203], [-60.6993, 50.2181], [-60.6986, 50.2126], [-60.711, 50.2207], [-60.7062, 50.223], [-60.7113, 50.2273], [-60.7163, 50.2231], [-60.7166, 50.2172], [-60.7215, 50.2237], [-60.7398, 50.2152], [-60.7417, 50.22], [-60.7286, 50.2236], [-60.7279, 50.2327], [-60.7359, 50.2358], [-60.747, 50.2315], [-60.7493, 50.2339], [-60.7462, 50.2368], [-60.7505, 50.2364], [-60.7476, 50.2395], [-60.7582, 50.2348], [-60.7544, 50.2436], [-60.7578, 50.2437], [-60.7599, 50.2355], [-60.7665, 50.2336], [-60.765, 50.2315], [-60.7745, 50.2169], [-60.7747, 50.2074], [-60.7781, 50.2107], [-60.7813, 50.2064], [-60.7853, 50.218], [-60.7885, 50.2096], [-60.7919, 50.2127], [-60.7943, 50.2098], [-60.7905, 50.2089], [-60.7916, 50.2035], [-60.7956, 50.2022], [-60.7977, 50.2062], [-60.7972, 50.2024], [-60.8035, 50.2033], [-60.8046, 50.1954], [-60.81, 50.1925], [-60.8133, 50.1955], [-60.806, 50.1999], [-60.8075, 50.2063], [-60.8108, 50.2064], [-60.8119, 50.202], [-60.8178, 50.2127], [-60.8193, 50.2013], [-60.8305, 50.197], [-60.8203, 50.2053], [-60.8223, 50.2084], [-60.8275, 50.203], [-60.8293, 50.2061], [-60.8269, 50.209], [-60.8251, 50.207], [-60.822, 50.2158], [-60.827, 50.2146], [-60.8289, 50.209], [-60.8306, 50.211], [-60.8321, 50.2074], [-60.8382, 50.2066], [-60.8401, 50.2087], [-60.8365, 50.2138], [-60.84, 50.2154], [-60.8365, 50.2193], [-60.8678, 50.2017], [-60.8494, 50.2309], [-60.8421, 50.2327], [-60.8352, 50.2393], [-60.8453, 50.2427], [-60.847, 50.2402], [-60.8574, 50.2404], [-60.851, 50.2383], [-60.8538, 50.2371], [-60.8519, 50.2356], [-60.8591, 50.2325], [-60.8622, 50.2367], [-60.8634, 50.2324], [-60.8682, 50.2322], [-60.8698, 50.2233], [-60.8777, 50.2194], [-60.8894, 50.2057], [-60.889, 50.2084], [-60.8922, 50.2088], [-60.8841, 50.2134], [-60.8873, 50.2116], [-60.8911, 50.2136], [-60.8896, 50.2159], [-60.8955, 50.2164], [-60.897, 50.2221], [-60.9015, 50.2221], [-60.8979, 50.2154], [-60.9046, 50.2124], [-60.9062, 50.2188], [-60.9071, 50.2149], [-60.9111, 50.2138], [-60.9096, 50.2097], [-60.9147, 50.2088], [-60.9232, 50.2154], [-60.9224, 50.2234], [-60.9266, 50.2167], [-60.9226, 50.2089], [-60.9266, 50.2123], [-60.9248, 50.2091], [-60.9268, 50.2102], [-60.9286, 50.2063], [-60.9263, 50.2022], [-60.9292, 50.1989], [-60.9275, 50.2027], [-60.9317, 50.2039], [-60.9304, 50.1996], [-60.9348, 50.1947], [-60.9312, 50.196], [-60.9329, 50.1914], [-60.936, 50.1924], [-60.9369, 50.187], [-60.9396, 50.1877], [-60.9435, 50.1821], [-60.9459, 50.1882], [-60.9417, 50.1993], [-60.9473, 50.191], [-60.9445, 50.1972], [-60.9514, 50.1908], [-60.954, 50.1942], [-60.9489, 50.1992], [-60.949, 50.2039], [-60.9522, 50.204], [-60.9501, 50.212], [-60.9578, 50.2043], [-60.9565, 50.2121], [-60.968, 50.2104], [-60.9717, 50.1982], [-60.977, 50.197], [-60.9734, 50.2007], [-60.978, 50.2019], [-60.9727, 50.2065], [-60.9749, 50.2138], [-60.9779, 50.2091], [-60.9821, 50.2107], [-60.9913, 50.2036], [-60.988, 50.2109], [-60.9901, 50.2114], [-60.9983, 50.2032], [-61.0013, 50.214], [-61.0013, 50.2025], [-61.0078, 50.2195], [-61.0074, 50.2142], [-61.0101, 50.2193], [-61.0099, 50.2123], [-61.0133, 50.2103], [-61.0155, 50.2227], [-61.0168, 50.2108], [-61.0191, 50.2181], [-61.0255, 50.2179], [-61.0343, 50.2216], [-61.0339, 50.2249], [-61.0422, 50.2271], [-61.0578, 50.2166], [-61.0524, 50.2106], [-61.0606, 50.2133], [-61.077, 50.2107], [-61.0726, 50.2065], [-61.0649, 50.2088], [-61.062, 50.2043], [-61.064, 50.2026], [-61.0592, 50.1991], [-61.0654, 50.1971], [-61.0708, 50.2001], [-61.0667, 50.1949], [-61.058, 50.1948], [-61.0611, 50.1906], [-61.0665, 50.1915], [-61.0639, 50.1882], [-61.0701, 50.1901], [-61.0655, 50.1872], [-61.065, 50.1847], [-61.0685, 50.1858], [-61.0626, 50.1815], [-61.0661, 50.1816], [-61.0621, 50.175], [-61.0693, 50.1831], [-61.0771, 50.1862], [-61.0719, 50.1792], [-61.0748, 50.1799], [-61.0812, 50.1878], [-61.0875, 50.1902], [-61.0836, 50.1921], [-61.0851, 50.1936], [-61.0927, 50.1936], [-61.0901, 50.1958], [-61.0946, 50.1995], [-61.0918, 50.2011], [-61.0951, 50.2058], [-61.1007, 50.2046], [-61.1071, 50.2085], [-61.109, 50.2002], [-61.1242, 50.2008], [-61.1234, 50.196], [-61.1169, 50.1933], [-61.1239, 50.1899], [-61.1209, 50.1874], [-61.1097, 50.1894], [-61.1018, 50.1854], [-61.1096, 50.1882], [-61.1156, 50.1852], [-61.1098, 50.1822], [-61.1171, 50.1807], [-61.1313, 50.1833], [-61.1167, 50.1788], [-61.1336, 50.1813], [-61.14, 50.1898], [-61.142, 50.1879], [-61.1473, 50.1919], [-61.1518, 50.1904], [-61.1501, 50.1872], [-61.1545, 50.1879], [-61.1512, 50.1854], [-61.1544, 50.1857], [-61.1598, 50.191], [-61.1549, 50.1918], [-61.1663, 50.1966], [-61.1609, 50.1996], [-61.1785, 50.2013], [-61.1614, 50.2049], [-61.1593, 50.2079], [-61.1616, 50.2051], [-61.1778, 50.2055], [-61.1766, 50.2034], [-61.1854, 50.1999], [-61.1746, 50.1963], [-61.169, 50.1882], [-61.173613289036545, 50.18175880398671], [-61.1691, 50.1811], [-61.1809, 50.1741], [-61.1907, 50.1749], [-61.1923, 50.1796], [-61.1889, 50.1863], [-61.1918, 50.1895], [-61.1982, 50.1865], [-61.227, 50.1889], [-61.2084, 50.1946], [-61.2113, 50.1984], [-61.2157, 50.199], [-61.2272, 50.1927], [-61.225, 50.1953], [-61.2289, 50.1965], [-61.2365, 50.1921], [-61.2375, 50.1944], [-61.2493, 50.1929], [-61.258, 50.1967], [-61.2696, 50.1917], [-61.2719, 50.1862], [-61.2673, 50.1843], [-61.273, 50.1822], [-61.2739, 50.1871], [-61.2848, 50.1862], [-61.2981, 50.1933], [-61.3029, 50.189], [-61.3127, 50.1896], [-61.3163, 50.1863], [-61.3169, 50.1893], [-61.3256, 50.1895], [-61.3343, 50.1854], [-61.3314, 50.1835], [-61.3461, 50.1835], [-61.3517, 50.1794], [-61.3726, 50.1804], [-61.3481, 50.1778], [-61.3536, 50.1758], [-61.3806, 50.1757], [-61.4036, 50.1708], [-61.4179, 50.1736], [-61.4485, 50.1664], [-61.6692, 50.0978], [-61.7337, 50.0855], [-61.7658, 50.0917], [-61.7626, 50.0938], [-61.7676, 50.092], [-61.7795, 50.0949], [-61.8143, 50.1107], [-61.8118, 50.1108], [-61.8115, 50.1157], [-61.8176, 50.1215], [-61.8159, 50.1271], [-61.8098, 50.1271], [-61.805, 50.1427], [-61.8074, 50.1658], [-61.8153, 50.1775], [-61.8238, 50.1813], [-61.8216, 50.1842], [-61.8305, 50.1883], [-61.8289, 50.192], [-61.8329, 50.1941], [-61.8388, 50.1917], [-61.8394, 50.1877], [-61.8447, 50.194], [-61.8223, 50.2024], [-61.8539, 50.1953], [-61.8518, 50.1974], [-61.8577, 50.1967], [-61.8599, 50.201], [-61.8605, 50.1974], [-61.8658, 50.1964], [-61.8672, 50.2059], [-61.8585, 50.2051], [-61.8617, 50.2066], [-61.8567, 50.2071], [-61.8609, 50.2078], [-61.8575, 50.21], [-61.8425, 50.2096], [-61.8388, 50.2121], [-61.8539, 50.2135], [-61.8557, 50.2191], [-61.8671, 50.2151], [-61.8698, 50.221], [-61.8758, 50.2238], [-61.8812, 50.2201], [-61.8857, 50.2213], [-61.8844, 50.2181], [-61.8954, 50.2232], [-61.892, 50.2255], [-61.8975, 50.2252], [-61.8961, 50.2312], [-61.8986, 50.2261], [-61.9032, 50.2332], [-61.9064, 50.2278], [-61.9078, 50.2298], [-61.9137, 50.2255], [-61.9169, 50.2282], [-61.9213, 50.2264], [-61.924, 50.2161], [-61.9264, 50.217], [-61.9249, 50.2223], [-61.9301, 50.2218], [-61.9199, 50.2303], [-61.9224, 50.2323], [-61.9185, 50.2358], [-61.9223, 50.2373], [-61.9289, 50.2355], [-61.9227, 50.2346], [-61.9276, 50.2303], [-61.9338, 50.2296], [-61.9343, 50.2216], [-61.9401, 50.2213], [-61.9367, 50.2239], [-61.9388, 50.2262], [-61.9486, 50.2204], [-61.9457, 50.2283], [-61.9522, 50.225], [-61.9505, 50.2304], [-61.966, 50.231], [-61.9713, 50.226], [-61.9781, 50.2254], [-61.977, 50.2232], [-61.9829, 50.217], [-61.9861, 50.2206], [-61.9896, 50.22], [-61.9906, 50.2154], [-61.9958, 50.2187], [-61.9974, 50.2165], [-61.9941, 50.214], [-62.0007, 50.209], [-62.0041, 50.2119], [-62.0019, 50.2159], [-62.009, 50.2197], [-62.0146, 50.2193], [-62.0141, 50.2144], [-62.0195, 50.2147], [-62.0223, 50.2184], [-62.0172, 50.2188], [-62.0193, 50.2222], [-62.0288, 50.2251], [-62.0352, 50.2213], [-62.034, 50.2233], [-62.0405, 50.2276], [-62.0398, 50.225], [-62.045, 50.2238], [-62.0384, 50.22], [-62.0401, 50.2181], [-62.0489, 50.2201], [-62.0467, 50.2219], [-62.0509, 50.2211], [-62.0486, 50.2192], [-62.0506, 50.2184], [-62.0543, 50.2215], [-62.0721, 50.2208], [-62.0725, 50.223], [-62.0724, 50.2207], [-62.0834, 50.2178], [-62.0903, 50.2238], [-62.0897, 50.227], [-62.0952, 50.2289], [-62.1074, 50.2265], [-62.0919, 50.2207], [-62.1156, 50.2231], [-62.1288, 50.2295], [-62.1582, 50.2362], [-62.1999, 50.2341], [-62.1942, 50.2366], [-62.2001, 50.2342], [-62.1986, 50.2318], [-62.2137, 50.2297], [-62.2595, 50.2554], [-62.2978, 50.2612], [-62.2855, 50.2624], [-62.2904, 50.266], [-62.3006, 50.2618], [-62.2961, 50.2589], [-62.3012, 50.2544], [-62.3117, 50.254], [-62.3161, 50.2571], [-62.311, 50.2567], [-62.3102, 50.2603], [-62.3267, 50.2671], [-62.318, 50.2691], [-62.3306, 50.2752], [-62.3273, 50.2701], [-62.335, 50.2752], [-62.3381, 50.2739], [-62.3426, 50.2803], [-62.3457, 50.2801], [-62.3447, 50.2731], [-62.3468, 50.2777], [-62.35, 50.2779], [-62.3502, 50.2732], [-62.3548, 50.2789], [-62.3529, 50.2708], [-62.359, 50.2718], [-62.358, 50.2689], [-62.3615, 50.2683], [-62.3587, 50.2655], [-62.3646, 50.2659], [-62.3647, 50.2634], [-62.3649, 50.2693], [-62.3674, 50.2666], [-62.3712, 50.2677], [-62.3684, 50.272], [-62.3727, 50.2686], [-62.3719, 50.274], [-62.3728, 50.2769], [-62.3743, 50.2714], [-62.3749, 50.278], [-62.3756, 50.2705], [-62.3801, 50.2667], [-62.3829, 50.2712], [-62.386, 50.2674], [-62.3843, 50.2829], [-62.3915, 50.2685], [-62.3917, 50.2757], [-62.3944, 50.2739], [-62.396, 50.2628], [-62.3981, 50.2599], [-62.4001, 50.2633], [-62.4003, 50.2596], [-62.4022, 50.2698], [-62.4067, 50.2705], [-62.4011, 50.2762], [-62.3979, 50.2872], [-62.4145, 50.2786], [-62.4084, 50.2925], [-62.4203, 50.2861], [-62.4225, 50.2818], [-62.4203, 50.2772], [-62.4255, 50.2825], [-62.431, 50.277], [-62.4301, 50.2692], [-62.4372, 50.2701], [-62.4362, 50.266], [-62.4398, 50.2691], [-62.4373, 50.2655], [-62.4405, 50.2654], [-62.441, 50.2584], [-62.4437, 50.2571], [-62.4464, 50.2607], [-62.4453, 50.2564], [-62.4514, 50.2539], [-62.4523, 50.2574], [-62.4544, 50.253], [-62.4572, 50.259], [-62.4553, 50.2657], [-62.4607, 50.253], [-62.4659, 50.255], [-62.4637, 50.2575], [-62.4665, 50.2564], [-62.4641, 50.2637], [-62.4709, 50.2548], [-62.4727, 50.2646], [-62.476, 50.2599], [-62.4762, 50.2654], [-62.4801, 50.2615], [-62.4857, 50.2693], [-62.4871, 50.2645], [-62.4903, 50.275], [-62.4902, 50.2661], [-62.4952, 50.2652], [-62.4981, 50.2763], [-62.4979, 50.2702], [-62.502, 50.2717], [-62.5023, 50.2625], [-62.5133, 50.2596], [-62.5047, 50.2647], [-62.5042, 50.2701], [-62.5072, 50.271], [-62.5117, 50.2616], [-62.514, 50.2646], [-62.5108, 50.2694], [-62.5205, 50.2577], [-62.5252, 50.2638], [-62.5286, 50.2617], [-62.5273, 50.2708], [-62.5317, 50.2736], [-62.5277, 50.2793], [-62.5376, 50.2744], [-62.5367, 50.2772], [-62.5414, 50.2764], [-62.5414, 50.2796], [-62.5507, 50.2784], [-62.5488, 50.2816], [-62.5511, 50.2821], [-62.5582, 50.2793], [-62.5577, 50.2766], [-62.5646, 50.2765], [-62.5661, 50.2722], [-62.5606, 50.2719], [-62.5688, 50.2642], [-62.5911, 50.2707], [-62.6077, 50.2624], [-62.6176, 50.2687], [-62.6308, 50.269], [-62.6368, 50.2708], [-62.6353, 50.2724], [-62.6395, 50.2707], [-62.6313, 50.2667], [-62.643, 50.2694], [-62.64, 50.2707], [-62.657, 50.2702], [-62.6478, 50.2753], [-62.6588, 50.2728], [-62.6642, 50.2754], [-62.6661, 50.2712], [-62.679, 50.2638], [-62.6838, 50.2643], [-62.6677, 50.2744], [-62.696, 50.2671], [-62.6939, 50.2697], [-62.6992, 50.269], [-62.694, 50.2719], [-62.7037, 50.2712], [-62.7023, 50.2734], [-62.7051, 50.2735], [-62.7017, 50.2778], [-62.7194, 50.2687], [-62.715, 50.2727], [-62.7223, 50.2694], [-62.716, 50.2749], [-62.7174, 50.2774], [-62.7252, 50.2719], [-62.7258, 50.2741], [-62.7141, 50.284], [-62.7311, 50.2725], [-62.7352, 50.274], [-62.7289, 50.279], [-62.7432, 50.2735], [-62.7387, 50.2781], [-62.7413, 50.2808], [-62.7355, 50.2816], [-62.7347, 50.2858], [-62.7405, 50.2858], [-62.7467, 50.2794], [-62.7478, 50.2825], [-62.755, 50.2829], [-62.731, 50.292], [-62.732, 50.2949], [-62.713, 50.3033], [-62.7185, 50.303], [-62.7033, 50.3113], [-62.7224, 50.3041], [-62.7373, 50.3009], [-62.7381, 50.3031], [-62.7464, 50.2974], [-62.7458, 50.3023], [-62.7561, 50.2959], [-62.7544, 50.2975], [-62.7625, 50.2955], [-62.7698, 50.2883], [-62.7723, 50.2896], [-62.7716, 50.2947], [-62.776, 50.2925], [-62.776, 50.2962], [-62.7658, 50.303], [-62.7697, 50.3025], [-62.762, 50.3101], [-62.7666, 50.308], [-62.7715, 50.3106], [-62.7769, 50.2986], [-62.7762, 50.3068], [-62.7801, 50.3104], [-62.777, 50.3068], [-62.7791, 50.3069], [-62.78, 50.2979], [-62.79, 50.2845], [-62.7893, 50.2922], [-62.7932, 50.2953], [-62.7904, 50.2909], [-62.7926, 50.2872], [-62.7936, 50.291], [-62.7982, 50.2808], [-62.7973, 50.2861], [-62.8063, 50.2886], [-62.8054, 50.2924], [-62.8105, 50.2925], [-62.8065, 50.2984], [-62.808, 50.3076], [-62.8121, 50.3001], [-62.8091, 50.2965], [-62.8129, 50.2923], [-62.8065, 50.2875], [-62.8141, 50.2815], [-62.8108, 50.2788], [-62.8165, 50.2804], [-62.8131, 50.2854], [-62.8216, 50.2788], [-62.8187, 50.2845], [-62.8234, 50.2794], [-62.8229, 50.284], [-62.8281, 50.2757], [-62.8376, 50.275], [-62.8382, 50.2801], [-62.8413, 50.2753], [-62.8555, 50.2736], [-62.8467, 50.2787], [-62.8512, 50.279], [-62.8483, 50.2818], [-62.8758, 50.2753], [-62.8624, 50.2816], [-62.8738, 50.2796], [-62.868, 50.2816], [-62.8722, 50.2834], [-62.8635, 50.2844], [-62.8771, 50.2851], [-62.8687, 50.2881], [-62.8765, 50.2871], [-62.8758, 50.2897], [-62.8897, 50.2837], [-62.9076, 50.2853], [-62.9066, 50.2822], [-62.9187, 50.2823], [-62.9195, 50.2784], [-62.9271, 50.2806], [-62.9242, 50.2842], [-62.9284, 50.2826], [-62.9267, 50.2845], [-62.9312, 50.2801], [-62.9355, 50.2822], [-62.9355, 50.278], [-62.9484, 50.2791], [-62.9374, 50.2763], [-62.944, 50.2744], [-62.9547, 50.2782], [-62.9518, 50.2805], [-62.9555, 50.2822], [-62.9618, 50.2815], [-62.9638, 50.2829], [-62.9611, 50.2843], [-62.9655, 50.2858], [-62.9753, 50.2811], [-62.9789, 50.2857], [-62.9785, 50.2834], [-62.991, 50.2808], [-62.9807, 50.2893], [-62.9973, 50.2918], [-62.9836, 50.2933], [-62.9805, 50.2951], [-62.992, 50.2958], [-62.9805, 50.2985], [-62.992, 50.3041], [-62.9848, 50.306], [-63.0048, 50.3083], [-63.0016, 50.3113], [-63.0065, 50.3083], [-63.022, 50.3087], [-63.0169, 50.3076], [-63.0292, 50.3033], [-63.0248, 50.3028], [-63.027, 50.3002], [-63.0375, 50.302], [-63.0435, 50.2994], [-63.0588, 50.2973], [-63.0319, 50.2906], [-63.0383, 50.2909], [-63.0454, 50.2864], [-63.0483, 50.2891], [-63.0531, 50.2881], [-63.0572, 50.2846], [-63.0572, 50.2776], [-63.0691, 50.276], [-63.0764, 50.2781], [-63.0757, 50.2809], [-63.0799, 50.278], [-63.0944, 50.2811], [-63.1113, 50.2737], [-63.1104, 50.2794], [-63.1134, 50.2825], [-63.1474, 50.2847], [-63.1474, 50.2873], [-63.1561, 50.2862], [-63.1581, 50.2895], [-63.1885, 50.2745], [-63.1958, 50.2798], [-63.1952, 50.284], [-63.1965, 50.28], [-63.1914, 50.2716], [-63.1802, 50.2674], [-63.1628, 50.2509], [-63.1546, 50.2518], [-63.1552, 50.2469], [-63.164, 50.2467], [-63.1732, 50.2412], [-63.1965, 50.2389], [-63.2038, 50.2346], [-63.2126, 50.2395], [-63.2158, 50.2454], [-63.2146, 50.2378], [-63.2243, 50.2368], [-63.2307, 50.2321], [-63.2298, 50.226], [-63.2195, 50.2221], [-63.2225, 50.2207], [-63.2416, 50.2262], [-63.2447, 50.2305], [-63.257, 50.232], [-63.2751, 50.2257], [-63.2986, 50.2242], [-63.3129, 50.2278], [-63.3139, 50.2326], [-63.3226, 50.2338], [-63.3385, 50.2283], [-63.3441, 50.229], [-63.3471, 50.2337], [-63.3609, 50.2346], [-63.3873, 50.2249], [-63.3951, 50.2145], [-63.3964, 50.206], [-63.4019, 50.2013], [-63.4206, 50.2042], [-63.4318, 50.2107], [-63.4482, 50.2038], [-63.4573, 50.2109], [-63.4597, 50.2169], [-63.4553, 50.2302], [-63.4673, 50.239], [-63.4656, 50.2434], [-63.4801, 50.2498], [-63.5229, 50.2571], [-63.5469, 50.2568], [-63.5716, 50.2513], [-63.6033, 50.236], [-63.6123, 50.2372], [-63.6144, 50.2377], [-63.6112, 50.2429], [-63.6168, 50.2524], [-63.634, 50.2549], [-63.6309, 50.2578], [-63.6376, 50.2567], [-63.6355, 50.2594], [-63.6409, 50.2599], [-63.6441, 50.2656], [-63.6517, 50.2628], [-63.6585, 50.2534], [-63.6742, 50.2504], [-63.6876, 50.2516], [-63.6859, 50.2571], [-63.6915, 50.2615], [-63.6866, 50.2685], [-63.6944, 50.2697], [-63.6905, 50.2752], [-63.6976, 50.2769], [-63.6968, 50.2798], [-63.7023, 50.2837], [-63.7425, 50.2939], [-63.7714, 50.2926], [-63.7869, 50.2836], [-63.7908, 50.287], [-63.7994, 50.2857], [-63.7945, 50.2945], [-63.8057, 50.2945], [-63.8006, 50.2977], [-63.8049, 50.3023], [-63.8413, 50.3011], [-63.8413, 50.2956], [-63.8491, 50.2943], [-63.8439, 50.2917], [-63.8527, 50.2895], [-63.8737, 50.2994], [-63.8798, 50.2949], [-63.8904, 50.2971], [-63.9021, 50.2943], [-63.9338, 50.3018], [-63.9604, 50.3006], [-63.9837, 50.2948], [-63.9947, 50.297], [-64.0018, 50.2921], [-64.0307, 50.2862], [-64.0861, 50.2913], [-64.1654, 50.2555], [-64.1972, 50.2647], [-64.2572, 50.2681], [-64.3397, 50.283], [-64.4188, 50.316], [-64.447, 50.3182], [-64.4644, 50.3143], [-64.4864, 50.3158], [-64.5017, 50.3046], [-64.4992, 50.3032], [-64.5012, 50.3005], [-64.531, 50.2913], [-64.5461, 50.283], [-64.6033, 50.2864], [-64.6171, 50.2839], [-64.6148, 50.2853], [-64.6216, 50.2814], [-64.6203, 50.278], [-64.6323, 50.2751], [-64.6605, 50.2741], [-64.6773, 50.2741], [-64.6967, 50.2796], [-64.7161, 50.2734], [-64.739, 50.2711], [-64.7441, 50.2666], [-64.7506, 50.2726], [-64.7924, 50.2733], [-64.7953, 50.2768], [-64.7978, 50.2759], [-64.7946, 50.2737], [-64.8019, 50.271], [-64.8262, 50.2702], [-64.8301, 50.268], [-64.8287, 50.266], [-64.8433, 50.267], [-64.8753, 50.2598], [-64.8866, 50.2647], [-64.909, 50.2631], [-64.9097, 50.2667], [-64.9302, 50.2729], [-64.9468, 50.2699], [-64.959, 50.2631], [-64.9645, 50.267], [-64.9727, 50.2649], [-64.9768, 50.2688], [-64.9796, 50.2669], [-64.9887, 50.2697], [-64.9918, 50.2671], [-65.0033, 50.275], [-65.0221, 50.2764], [-65.0234, 50.2811], [-65.0283, 50.282], [-65.0336, 50.2815], [-65.0347, 50.278], [-65.0396, 50.2802], [-65.0519, 50.2775], [-65.0617, 50.2816], [-65.0689, 50.2793], [-65.0691, 50.282], [-65.078, 50.2829], [-65.0792, 50.2855], [-65.0929, 50.2823], [-65.0991, 50.2858], [-65.1189, 50.2835], [-65.1187, 50.2864], [-65.1222, 50.2867], [-65.1203, 50.2902], [-65.1224, 50.2934], [-65.1247, 50.2903], [-65.1302, 50.2908], [-65.1216, 50.2858], [-65.1238, 50.284], [-65.15, 50.2904], [-65.1805, 50.2869], [-65.1793, 50.2894], [-65.186, 50.2889], [-65.1818, 50.2868], [-65.1857, 50.2855], [-65.2187, 50.291], [-65.2265, 50.2888], [-65.2372, 50.2924], [-65.2385, 50.3061], [-65.2499, 50.2999], [-65.2443, 50.2979], [-65.2712, 50.3036], [-65.2761, 50.301], [-65.2854, 50.3021], [-65.2898, 50.2973], [-65.3093, 50.2977], [-65.3157, 50.2942], [-65.3195, 50.2979], [-65.3254, 50.2972], [-65.339, 50.303], [-65.3687, 50.303], [-65.3784, 50.2995], [-65.3891, 50.3016], [-65.4306, 50.2928], [-65.5048, 50.2862], [-65.5422, 50.2716], [-65.5626, 50.2738], [-65.5661, 50.2695], [-65.5698, 50.2733], [-65.5754, 50.2711], [-65.5909, 50.276], [-65.6063, 50.2727], [-65.6026, 50.27], [-65.6088, 50.2728], [-65.6147, 50.2711], [-65.6082, 50.2705], [-65.611, 50.2674], [-65.6177, 50.2683], [-65.6148, 50.2729], [-65.6224, 50.2716], [-65.6257, 50.2699], [-65.6206, 50.2681], [-65.6237, 50.2654], [-65.6384, 50.2685], [-65.6424, 50.2643], [-65.6485, 50.2637], [-65.6565, 50.2688], [-65.6616, 50.2627], [-65.6694, 50.2626], [-65.6731, 50.2585], [-65.6771, 50.2614], [-65.6838, 50.2574], [-65.6844, 50.2608], [-65.6876, 50.2606], [-65.6862, 50.2565], [-65.6917, 50.2547], [-65.6979, 50.2579], [-65.7024, 50.2563], [-65.7048, 50.2643], [-65.704, 50.2587], [-65.7145, 50.2617], [-65.7179, 50.2576], [-65.7263, 50.2618], [-65.7402, 50.2567], [-65.7389, 50.2604], [-65.7422, 50.2585], [-65.7443, 50.2611], [-65.7423, 50.2669], [-65.7476, 50.2727], [-65.7464, 50.2684], [-65.7505, 50.2658], [-65.7461, 50.2659], [-65.7464, 50.2583], [-65.7548, 50.2592], [-65.7595, 50.2582], [-65.7565, 50.2556], [-65.7625, 50.2554], [-65.7676, 50.2606], [-65.7703, 50.2579], [-65.7728, 50.2607], [-65.7778, 50.2568], [-65.7801, 50.2573], [-65.7767, 50.2616], [-65.7804, 50.2598], [-65.7829, 50.2621], [-65.7966, 50.2589], [-65.7993, 50.2643], [-65.8027, 50.2612], [-65.809, 50.2632], [-65.8145, 50.2607], [-65.8108, 50.254], [-65.8186, 50.2545], [-65.8144, 50.2523], [-65.8195, 50.2503], [-65.8325, 50.2549], [-65.8379, 50.2521], [-65.8388, 50.2543], [-65.8456, 50.2534], [-65.8464, 50.2567], [-65.8493, 50.2564], [-65.8452, 50.2623], [-65.8507, 50.2587], [-65.8559, 50.262], [-65.8609, 50.2604], [-65.8635, 50.2636], [-65.8594, 50.2679], [-65.8654, 50.265], [-65.8734, 50.2688], [-65.8698, 50.271], [-65.87, 50.2758], [-65.8785, 50.2701], [-65.9247, 50.2864], [-65.9264, 50.2822], [-65.9327, 50.2859], [-65.9442, 50.2812], [-65.9503, 50.291], [-65.9581, 50.2821], [-65.9677, 50.2849], [-65.9939, 50.2722], [-66.0181, 50.2504], [-66.0546, 50.207], [-66.0718, 50.1973], [-66.0727, 50.1941], [-66.0941, 50.1882], [-66.1167, 50.1867], [-66.1507, 50.1896], [-66.2181, 50.2121], [-66.2376, 50.2132], [-66.3171, 50.2034], [-66.3648, 50.185], [-66.3813, 50.1963], [-66.3777, 50.1967], [-66.3792, 50.1983], [-66.3859, 50.2001], [-66.3847, 50.2021], [-66.3925, 50.2059], [-66.393, 50.2092], [-66.416, 50.2214], [-66.4082, 50.2182], [-66.4112, 50.2257], [-66.3929, 50.2287], [-66.3981, 50.2337], [-66.3993, 50.2434], [-66.4092, 50.2588], [-66.4038, 50.2651], [-66.414, 50.262], [-66.4144, 50.2675], [-66.4184, 50.264], [-66.4322, 50.2672], [-66.4504, 50.2657], [-66.4543, 50.2698], [-66.4647, 50.2647], [-66.4696, 50.2575], [-66.4998, 50.2467], [-66.5287, 50.2304], [-66.5348, 50.2159], [-66.5403, 50.2122], [-66.5335, 50.1846], [-66.5152, 50.1603], [-66.5046, 50.1584], [-66.48237237354087, 50.16521647211414], [-66.4727, 50.1645], [-66.4806, 50.1595], [-66.4697, 50.1603], [-66.4718, 50.1581], [-66.4615, 50.162], [-66.461, 50.1596], [-66.4535, 50.1597], [-66.4374, 50.1642], [-66.4264, 50.1638], [-66.4305, 50.1594], [-66.4256, 50.1573], [-66.424, 50.1501], [-66.4375, 50.1528], [-66.4478, 50.1476], [-66.4583, 50.1334], [-66.4524, 50.1268], [-66.4721, 50.1275], [-66.4739, 50.1316], [-66.5, 50.1411], [-66.5065, 50.1466], [-66.5239, 50.1417], [-66.522, 50.1481], [-66.5347, 50.1515], [-66.5678, 50.1494], [-66.5968, 50.1409], [-66.6048, 50.1417], [-66.6214, 50.1295], [-66.6252, 50.1312], [-66.6642, 50.1242], [-66.6971, 50.1074], [-66.6928, 50.1117], [-66.7007, 50.1086], [-66.7092, 50.1], [-66.7019, 50.1037], [-66.7242, 50.0782], [-66.7297, 50.0564], [-66.7261, 50.0541], [-66.7337, 50.0472], [-66.7335, 50.0436], [-66.7394, 50.0453], [-66.7346, 50.0417], [-66.7425, 50.0415], [-66.74, 50.0383], [-66.7504, 50.0424], [-66.7582, 50.0356], [-66.7614, 50.0381], [-66.7656, 50.0348], [-66.7734, 50.0354], [-66.7719, 50.0304], [-66.78, 50.028], [-66.779, 50.0339], [-66.7855, 50.0331], [-66.7812, 50.0335], [-66.7902, 50.032], [-66.7829, 50.0315], [-66.7978, 50.0256], [-66.8019, 50.029], [-66.8113, 50.0297], [-66.8134, 50.026], [-66.8111, 50.0236], [-66.8154, 50.0234], [-66.8173, 50.0193], [-66.8121, 50.0173], [-66.8139, 50.0148], [-66.8129, 50.0172], [-66.8201, 50.0188], [-66.8235, 50.0229], [-66.8278, 50.0193], [-66.8327, 50.0224], [-66.832, 50.0258], [-66.8412, 50.0244], [-66.842, 50.03], [-66.8488, 50.0252], [-66.8441, 50.0273], [-66.8437, 50.0245], [-66.8735, 50.0178], [-66.8773, 50.0137], [-66.8929, 50.0205], [-66.8969, 50.0162], [-66.8931, 50.0153], [-66.891, 50.0103], [-66.9018, 50.0075], [-66.9057, 50.0096], [-66.9048, 50.0121], [-66.9083, 50.0078], [-66.9111, 50.0118], [-66.9088, 50.0047], [-66.9165, 50.0037], [-66.9208, 50.0069], [-66.9207, 50.0027], [-66.9267, 49.9994], [-70.0, 50.0], [-70.0, 50.0052], [-69.9835, 50.0103], [-69.9851, 50.0223], [-70.0, 50.0299], [-69.9976, 50.0386], [-70.0, 50.0712], [-70.0054, 50.0725], [-69.9915, 50.0754], [-70.0031, 50.0842], [-69.9878, 50.0974], [-69.9887, 50.1016], [-69.9949, 50.1044], [-69.9883, 50.1109], [-69.9971, 50.1257], [-70.0066, 50.1233], [-70.0092, 50.1255], [-70.0073, 50.132], [-70.0128, 50.1387], [-70.0174, 50.1533], [-70.0125, 50.1581], [-70.0195, 50.1657], [-70.0081, 50.1668], [-69.9909, 50.1578], [-69.9844, 50.1605], [-69.9954, 50.167], [-69.9924, 50.1733], [-69.9939, 50.1857], [-70.0057, 50.1928], [-70.0144, 50.1919], [-70.0117, 50.195], [-70.0151, 50.1981], [-69.9988, 50.2131], [-69.9912, 50.2117], [-69.9876, 50.2197], [-69.9876, 50.2255], [-69.9918, 50.2271], [-69.9934, 50.2352], [-69.9883, 50.254], [-69.99, 50.2584], [-70.0, 50.2613], [-70.0, 50.3314], [-69.9884, 50.3271], [-70.0, 50.3334], [-70.0, 50.3399], [-69.9961, 50.3418], [-70.0, 50.3412], [-70.0, 50.3721], [-69.9992, 50.3751], [-69.9924, 50.3774], [-69.9953, 50.3792], [-70.0, 50.3757], [-69.9948, 50.3858], [-70.0, 50.3828], [-70.0, 50.5849], [-69.964, 50.6129], [-69.9479, 50.6338], [-69.951, 50.6375], [-69.9575, 50.6359], [-69.9544, 50.6404], [-69.9611, 50.6396], [-69.9629, 50.6425], [-69.9639, 50.6577], [-69.9556, 50.6738], [-69.9616, 50.6736], [-69.9963, 50.7018], [-69.9703, 50.7417], [-69.9706, 50.738], [-69.9574, 50.7431], [-69.9605, 50.7456], [-69.9685, 50.7447], [-69.9595, 50.7565], [-69.9133, 50.7563], [-69.9111, 50.7712], [-69.9059, 50.7724], [-69.9005, 50.7834], [-69.9175, 50.7948], [-69.9505, 50.7963], [-69.969, 50.7887], [-69.9794, 50.791], [-69.9735, 50.7967], [-69.9888, 50.7868], [-69.9932, 50.7909], [-70.0, 50.7914], [-70.0, 50.8378], [-69.995, 50.8397], [-70.0, 50.8402], [-70.0, 50.8671], [-70.009, 50.8622], [-70.0104, 50.8659], [-70.0027, 50.8716], [-70.006, 50.8809], [-70.0008, 50.8804], [-70.0023, 50.8775], [-70.0, 50.8775], [-70.0, 50.9086], [-69.9943, 50.9175], [-69.9969, 50.9167], [-69.9957, 50.9199], [-70.0, 50.917], [-70.0, 50.9534], [-69.996, 50.9535], [-70.0, 50.9541], [-70.0, 51.0721], [-69.9979, 51.0732], [-70.0, 51.0754], [-70.0, 51.1729], [-69.9972, 51.1722], [-70.0, 51.1788], [-69.9969, 51.1829], [-70.0, 51.1838], [-70.0, 51.2235], [-69.9969, 51.2238], [-70.0, 51.2247]], [[-58.6115, 51.2755], [-58.6088, 51.28], [-58.611954406364745, 51.27565697674419], [-58.6115, 51.2755]], [[-59.3263, 50.6989], [-59.3432, 50.6981], [-59.326279907426894, 50.698811592678304], [-59.3263, 50.6989]], [[-60.5031, 50.2633], [-60.5058, 50.2549], [-60.50552205882353, 50.25415], [-60.5031, 50.2633]], [[-61.1801, 50.1794], [-61.1743, 50.1808], [-61.173613289036545, 50.18175880398671], [-61.1801, 50.1794]], [[-60.68558871650212, 50.22933554301834], [-60.6774, 50.2328], [-60.6861, 50.2296], [-60.68558871650212, 50.22933554301834]], [[-63.04374209759651, 50.300428914785144], [-63.0434, 50.3005], [-63.04379239766082, 50.30064269005848], [-63.04374209759651, 50.300428914785144]], [[-63.0443, 50.3028], [-63.0522, 50.3037], [-63.04379239766082, 50.30064269005848], [-63.0443, 50.3028]], [[-69.98333171070932, 50.017289847009735], [-69.9833, 50.0172], [-69.9771, 50.017], [-69.98333171070932, 50.017289847009735]], [[-69.99870259114883, 51.19081923870672], [-69.9908, 51.1885], [-69.9985, 51.1914], [-69.99870259114883, 51.19081923870672]], [[-58.9788488372093, 51.0107], [-58.983, 51.0142], [-58.9793, 51.0107], [-58.9788488372093, 51.0107]], [[-59.20985071992568, 50.75033316302834], [-59.213, 50.7485], [-59.2098, 50.7503], [-59.20985071992568, 50.75033316302834]]]]}}, {"type": "Feature", "properties": {"id": "qc-zone-10", "wmu_id": "20", "name": "Zone 20", "province": "QC", "source": "Qu\u00e9bec \u2014 Zones de chasse et p\u00eache (GAGQ)", "zone_kind": "zone_de_chasse"}, "geometry": {"type": "Polygon", "coordinates": [[[-64.4783, 49.9101], [-64.4776, 49.9094], [-64.4764, 49.9097], [-64.4783, 49.9101]]]}}, {"type": "Feature", "properties": {"id": "qc-zone-11", "wmu_id": "22", "name": "Zone 22", "province": "QC", "source": "Qu\u00e9bec \u2014 Zones de chasse et p\u00eache (GAGQ)", "zone_kind": "zone_de_chasse"}, "geometry": {"type": "MultiPolygon", "coordinates": [[[[-79.1375, 53.9041], [-79.1318, 53.9095], [-79.1366, 53.9128], [-79.1308, 53.9154], [-79.1363, 53.9175], [-79.1324, 53.9188], [-79.1281, 53.9174], [-79.1292, 53.9127], [-79.1229, 53.9087], [-79.1103, 53.9071], [-79.2024, 53.9893], [-79.2099, 53.9896], [-79.2035, 53.9911], [-79.2641, 54.0399], [-79.262, 54.0409], [-79.2882, 54.0634], [-79.2946, 54.0631], [-79.2944, 54.069], [-79.3105, 54.0849], [-79.3205, 54.0844], [-79.3194, 54.0878], [-79.3134, 54.0885], [-79.3843, 54.1643], [-79.3955, 54.1631], [-79.386, 54.1666], [-79.4043, 54.1821], [-79.4633, 54.2211], [-79.4678, 54.221], [-79.4694, 54.2249], [-79.4789, 54.2213], [-79.4781, 54.2248], [-79.47, 54.2256], [-79.4766, 54.2301], [-79.4818, 54.2296], [-79.4786, 54.2313], [-79.4823, 54.2603], [-79.4872, 54.2616], [-79.4845, 54.2621], [-79.4842, 54.2764], [-79.4905, 54.2771], [-79.4843, 54.2795], [-79.4863, 54.2906], [-79.4818, 54.294], [-79.4813, 54.3008], [-79.4881, 54.3049], [-79.4831, 54.308], [-79.4842, 54.3106], [-79.4744, 54.3134], [-79.4714, 54.327], [-79.4773, 54.333], [-79.4858, 54.3349], [-79.4828, 54.3421], [-79.4859, 54.3496], [-79.5121, 54.3637], [-79.4973, 54.3709], [-79.4988, 54.3725], [-79.4948, 54.3751], [-79.4969, 54.3771], [-79.4905, 54.378], [-79.5017, 54.3907], [-79.5159, 54.3863], [-79.5072, 54.3908], [-79.5109, 54.3936], [-79.5045, 54.3969], [-79.5045, 54.4021], [-79.5176, 54.4041], [-79.5088, 54.4145], [-79.5249, 54.4324], [-79.5348, 54.4329], [-79.5275, 54.4356], [-79.5366, 54.4461], [-79.531, 54.4516], [-79.5356, 54.4613], [-79.5403, 54.4606], [-79.536, 54.4632], [-79.5757, 54.4591], [-79.5785, 54.4603], [-79.5761, 54.4633], [-79.5965, 54.4658], [-79.5796, 54.4705], [-79.5783, 54.4748], [-79.5641, 54.4778], [-79.5675, 54.4714], [-79.5661, 54.4661], [-79.5507, 54.4642], [-79.5361, 54.4671], [-79.5367, 54.473], [-79.5443, 54.4708], [-79.557, 54.475], [-79.5374, 54.4811], [-79.5437, 54.5002], [-79.5393, 54.5026], [-79.5406, 54.5059], [-79.5364, 54.5123], [-79.5445, 54.5079], [-79.5506, 54.5121], [-79.5347, 54.5164], [-79.5339, 54.5192], [-79.5559, 54.5304], [-79.5748, 54.525], [-79.5971, 54.5288], [-79.5779, 54.5331], [-79.5592, 54.5316], [-79.5734, 54.5386], [-79.583, 54.5373], [-79.6122, 54.5568], [-79.6328, 54.5479], [-79.6302, 54.5506], [-79.6366, 54.5513], [-79.6126, 54.5573], [-79.6189, 54.5628], [-79.6258, 54.5635], [-79.625, 54.5676], [-79.6571, 54.5947], [-79.6618, 54.5954], [-79.6594, 54.5964], [-79.6674, 54.6034], [-79.672, 54.6017], [-79.6682, 54.6039], [-79.6859, 54.6184], [-79.7411, 54.6298], [-79.7527, 54.6292], [-79.7568, 54.6242], [-79.7652, 54.623], [-79.7612, 54.6265], [-79.7628, 54.6332], [-79.7557, 54.6355], [-79.7519, 54.6411], [-79.7516, 54.6491], [-79.7101, 54.6605], [-79.6982, 54.6593], [-79.686, 54.6665], [-79.6864, 54.6692], [-79.6641, 54.676], [-79.654, 54.6897], [-79.646, 54.6948], [-79.6186, 54.7026], [-79.6142, 54.6985], [-79.6001, 54.7008], [-79.5859, 54.709], [-79.5793, 54.7178], [-79.5649, 54.7238], [-79.5479, 54.7272], [-79.5275, 54.7247], [-79.4931, 54.7348], [-79.47, 54.7456], [-79.4489, 54.76], [-79.3886, 54.7662], [-79.3607, 54.7643], [-79.3071, 54.7771], [-79.274, 54.7895], [-79.26, 54.7873], [-79.2276, 54.7982], [-79.1905, 54.7978], [-79.1186, 54.8122], [-79.1016, 54.8189], [-79.0443, 54.8237], [-79.0101, 54.8386], [-78.9956, 54.8328], [-78.9826, 54.8335], [-78.9556, 54.851], [-78.9426, 54.8546], [-78.9418, 54.8672], [-78.9533, 54.8744], [-78.9455, 54.8764], [-78.943, 54.873], [-78.8962, 54.886], [-78.8916, 54.8879], [-78.8961, 54.8945], [-78.8914, 54.8975], [-78.8786, 54.8961], [-78.8757, 54.9005], [-78.8411, 54.9085], [-78.8334, 54.9138], [-78.8297, 54.9105], [-78.8087, 54.9075], [-78.7847, 54.9073], [-78.7843, 54.9122], [-78.763, 54.9169], [-78.752, 54.9239], [-78.7409, 54.9244], [-78.7422, 54.9226], [-78.7383, 54.9199], [-78.7315, 54.9219], [-78.7384, 54.9224], [-78.7269, 54.9257], [-78.7125, 54.935], [-78.6796, 54.9349], [-78.6526, 54.9481], [-78.6313, 54.9491], [-78.6337, 54.9518], [-78.6306, 54.9544], [-78.6189, 54.9556], [-78.5901, 54.9662], [-78.5528, 54.9914], [-78.5358, 54.9903], [-78.4908, 55.0046], [-78.4757, 55.0045], [-78.4618, 55.01], [-78.4442, 55.0116], [-78.4294, 55.018], [-78.4255, 55.0218], [-78.4307, 55.023], [-78.429, 55.0252], [-78.4246, 55.0259], [-78.4187, 55.0196], [-78.3915, 55.0215], [-78.3686, 55.0286], [-78.3674, 55.0317], [-78.3538, 55.0319], [-78.3342, 55.0395], [-78.336, 55.0406], [-78.3166, 55.0427], [-78.3086, 55.0499], [-78.308, 55.0541], [-78.296, 55.0552], [-78.2821, 55.0633], [-78.2837, 55.0661], [-78.2742, 55.08], [-78.2196, 55.1041], [-78.2059, 55.1064], [-78.1979, 55.1208], [-78.1642, 55.1322], [-78.1286, 55.1495], [-78.0955, 55.1567], [-78.0901, 55.1588], [-78.1033, 55.156], [-78.0659, 55.1699], [-78.0326, 55.1768], [-78.032, 55.1802], [-78.0217, 55.1831], [-78.014, 55.1897], [-78.0081, 55.1885], [-77.9712, 55.2058], [-77.9154, 55.2184], [-77.9081, 55.2256], [-77.9023, 55.2265], [-77.8999, 55.2345], [-77.8792, 55.2374], [-77.876, 55.2429], [-77.8654, 55.2458], [-77.8682, 55.2494], [-77.8595, 55.2481], [-77.85, 55.2533], [-77.8486, 55.2574], [-77.8357, 55.2553], [-77.7947, 55.2697], [-77.7908, 55.2687], [-77.7752, 55.2781], [-77.7649, 55.2886], [-77.7603, 55.2984], [-77.7505, 55.3019], [-77.7474, 55.3117], [-77.7349, 55.3175], [-77.737, 55.3247], [-77.73, 55.3261], [-77.7269, 55.3331], [-77.7133, 55.3321], [-77.6991, 55.338], [-77.696, 55.3451], [-77.6822, 55.3489], [-77.6739, 55.3588], [-77.6235, 55.3859], [-77.5913, 55.3877], [-77.583, 55.3856], [-77.5569, 55.3983], [-77.5472, 55.4088], [-77.4873, 55.4441], [-77.4588, 55.4679], [-77.434, 55.4803], [-77.41, 55.5002], [-77.3951, 55.5037], [-77.3842, 55.5118], [-77.3607, 55.5207], [-77.3525, 55.5317], [-77.3378, 55.5371], [-77.3357, 55.5467], [-77.3053, 55.5637], [-77.2777, 55.5725], [-77.2774, 55.5762], [-77.2716, 55.5798], [-77.2543, 55.583], [-77.2393, 55.5924], [-77.225, 55.6109], [-77.2129, 55.6121], [-77.2045, 55.6167], [-77.2022, 55.6241], [-77.1764, 55.6442], [-77.1902, 55.659], [-77.2023, 55.6599], [-77.1953, 55.6648], [-77.1997, 55.6694], [-77.1979, 55.6729], [-77.1884, 55.677], [-77.193, 55.6804], [-77.1742, 55.6845], [-77.1639, 55.6955], [-77.1334, 55.7101], [-77.1191, 55.7244], [-77.1114, 55.7258], [-77.0928, 55.7449], [-77.072, 55.7564], [-77.0665, 55.7635], [-77.0568, 55.7654], [-77.0253, 55.7917], [-77.0024, 55.8037], [-76.9974, 55.8143], [-76.9939, 55.8155], [-76.9938, 55.8235], [-76.979, 55.8264], [-76.9647, 55.8213], [-76.9714, 55.8252], [-76.7282, 55.8252], [-76.6887, 55.8052], [-76.6869, 55.8027], [-76.6916, 55.8017], [-76.6875, 55.7989], [-76.6763, 55.7989], [-76.6596, 55.7902], [-76.6669, 55.7864], [-76.6543, 55.7876], [-76.64588378378379, 55.783391891891895], [-76.6331, 55.7825], [-76.6365, 55.7811], [-76.6283, 55.7788], [-76.638, 55.7793], [-76.5506, 55.7348], [-76.5524, 55.7332], [-76.5486, 55.7338], [-76.5455, 55.7322], [-76.5479, 55.731], [-76.5416, 55.7302], [-76.396, 55.657], [-76.2745, 55.593], [-76.2613, 55.5892], [-76.259, 55.585], [-76.2327, 55.5714], [-76.2327, 55.56], [-76.2349, 55.5596], [-76.2327, 55.5555], [-76.2204, 55.5545], [-76.2095, 55.5586], [-76.2019, 55.5565], [-76.2013, 55.5492], [-76.2092, 55.5475], [-76.2038, 55.5452], [-76.2101, 55.5443], [-76.2115, 55.5488], [-76.2176, 55.552], [-76.2327, 55.554], [-76.2327, 55.5319], [-76.2264, 55.5298], [-76.2327, 55.5297], [-76.2327, 55.5138], [-76.22425593463818, 55.50997794936254], [-76.2327, 55.5113], [-76.2327, 55.4933], [-76.2278, 55.5016], [-76.2222, 55.5038], [-76.2174, 55.5], [-69.5, 55.5], [-69.5, 53.0955], [-69.5341, 53.0989], [-69.5494, 53.0959], [-69.5611, 53.1], [-69.5627, 53.1058], [-69.5818, 53.1144], [-69.5726, 53.1253], [-69.5628, 53.1472], [-69.5783, 53.1464], [-69.5897, 53.1417], [-69.6039, 53.1451], [-69.6132, 53.1397], [-69.6237, 53.1452], [-69.6394, 53.1374], [-69.6552, 53.1238], [-69.6677, 53.1267], [-69.6657, 53.1408], [-69.6802, 53.1444], [-69.6855, 53.1379], [-69.68, 53.1229], [-69.6746, 53.1155], [-69.6453, 53.1075], [-69.6485, 53.0954], [-69.6419, 53.0888], [-69.6391, 53.0791], [-69.6654, 53.0701], [-69.6691, 53.0567], [-69.6733, 53.0549], [-69.6803, 53.0428], [-69.6858, 53.0408], [-69.7071, 53.043], [-69.7067, 53.0543], [-69.7227, 53.0608], [-69.7429, 53.0609], [-69.7484, 53.0674], [-69.7683, 53.0674], [-69.7922, 53.0565], [-69.8091, 53.0691], [-69.8307, 53.0562], [-69.8402, 53.0551], [-69.8442, 53.0508], [-69.8412, 53.0408], [-69.8464, 53.0356], [-69.8644, 53.0329], [-69.8725, 53.0218], [-69.879, 53.0209], [-69.8879, 53.0251], [-69.8976, 53.0221], [-69.8944, 53.0115], [-69.8882, 53.0057], [-69.8701, 53.0001], [-69.8755, 52.9833], [-69.8873, 52.9804], [-69.8938, 52.9745], [-69.9198, 52.9639], [-69.9581, 52.9658], [-69.9567, 52.9573], [-69.9505, 52.9543], [-69.9565, 52.9427], [-69.9498, 52.9355], [-69.9507, 52.9295], [-69.9867, 52.9042], [-69.9925, 52.8851], [-69.9903, 52.8777], [-69.9927, 52.8732], [-70.0062, 52.8666], [-70.0141, 52.8559], [-70.0362, 52.8491], [-70.0259, 52.8374], [-70.0266, 52.8341], [-70.0525, 52.8312], [-70.0543, 52.8266], [-70.0591, 52.8258], [-70.0904, 52.829], [-70.1258, 52.8111], [-70.1259, 52.8082], [-70.1176, 52.8032], [-70.12, 52.8003], [-70.1308, 52.7963], [-70.138, 52.7872], [-70.1543, 52.7785], [-70.1567, 52.7639], [-70.1422, 52.7501], [-70.1469, 52.7407], [-70.1726, 52.7232], [-70.1913, 52.7257], [-70.2202, 52.7069], [-70.201, 52.7025], [-70.2025, 52.6884], [-70.1817, 52.6711], [-70.1802, 52.6664], [-70.1875, 52.6563], [-70.1971, 52.6496], [-70.2057, 52.6504], [-70.21, 52.6586], [-70.2208, 52.6565], [-70.226, 52.6491], [-70.2227, 52.6346], [-70.218, 52.6306], [-70.1759, 52.6204], [-70.1687, 52.6063], [-70.173, 52.6025], [-70.1914, 52.6016], [-70.1993, 52.5957], [-70.2023, 52.5892], [-70.2261, 52.5787], [-70.237, 52.5681], [-70.2373, 52.5584], [-70.234, 52.5561], [-70.2068, 52.5534], [-70.203, 52.5486], [-70.2026, 52.5409], [-70.1814, 52.5382], [-70.19, 52.5116], [-70.2094, 52.4963], [-70.2297, 52.4643], [-70.256, 52.4552], [-70.2774, 52.4267], [-70.2901, 52.4191], [-70.2801, 52.4141], [-70.2375, 52.4167], [-70.2346, 52.4147], [-70.2385, 52.4079], [-70.2674, 52.3876], [-70.2628, 52.3789], [-70.2621, 52.3689], [-70.2797, 52.3534], [-70.3393, 52.3388], [-70.3804, 52.3383], [-70.3964, 52.3318], [-70.4318, 52.3275], [-70.4525, 52.3197], [-70.4647, 52.3095], [-70.4827, 52.304], [-70.4896, 52.3033], [-70.5015, 52.3095], [-70.5149, 52.3085], [-70.5254, 52.3035], [-70.535, 52.3043], [-70.551, 52.3093], [-70.5614, 52.3164], [-70.6134, 52.2928], [-70.6344, 52.29], [-70.6466, 52.2849], [-70.7013, 52.281], [-70.7034, 52.2767], [-70.7108, 52.2757], [-70.7183, 52.267], [-70.7356, 52.2559], [-70.7558, 52.2481], [-70.7828, 52.2448], [-70.7935, 52.2365], [-70.8007, 52.2349], [-70.8261, 52.2481], [-70.8251, 52.2594], [-70.8086, 52.2642], [-70.8056, 52.2714], [-70.8325, 52.2759], [-70.868, 52.272], [-70.8859, 52.278], [-70.9227, 52.2442], [-70.9563, 52.2393], [-70.9734, 52.2294], [-71.0031, 52.2209], [-71.0226, 52.22], [-71.0351, 52.2123], [-71.0823, 52.2132], [-71.0966, 52.1967], [-71.0974, 52.1862], [-71.1418, 52.169], [-71.1556, 52.1502], [-71.1508, 52.1433], [-71.1559, 52.1324], [-71.1663, 52.1259], [-71.1851, 52.1224], [-71.2157, 52.084], [-71.2318, 52.0777], [-71.2425, 52.0779], [-71.2658, 52.0507], [-71.2709, 52.0405], [-71.2696, 52.0376], [-71.2394, 52.0357], [-71.2197, 52.0391], [-71.215, 52.0363], [-71.2422, 52.0133], [-71.2679, 52.0036], [-71.2716, 51.9953], [-71.2898, 51.9835], [-71.3012, 51.9714], [-71.3127, 51.9672], [-71.3103, 51.9524], [-71.3207, 51.9235], [-71.3308, 51.9172], [-71.3517, 51.9109], [-71.3535, 51.9008], [-71.359, 51.8928], [-71.3585, 51.877], [-71.3758, 51.8575], [-71.3763, 51.846], [-71.3791, 51.8436], [-71.3974, 51.8446], [-71.4016, 51.8397], [-71.4354, 51.843], [-71.4708, 51.8332], [-71.5096, 51.8392], [-71.5295, 51.8356], [-71.5512, 51.8275], [-71.5521, 51.82], [-71.565, 51.8162], [-71.5777, 51.8035], [-71.5782, 51.8014], [-71.5589, 51.7963], [-71.5499, 51.7897], [-71.569, 51.781], [-71.5695, 51.7759], [-71.5831, 51.7623], [-71.5842, 51.7589], [-71.5761, 51.7488], [-71.5764, 51.7448], [-71.5925, 51.7161], [-71.6105, 51.6991], [-71.6097, 51.6938], [-71.6005, 51.6899], [-71.5967, 51.6847], [-71.605, 51.672], [-71.6021, 51.6584], [-71.5947, 51.6479], [-71.5976, 51.6453], [-71.5952, 51.6372], [-71.6171, 51.6171], [-71.6137, 51.6066], [-71.594, 51.5916], [-71.5768, 51.5868], [-71.5826, 51.5756], [-71.5836, 51.5707], [-71.5806, 51.5669], [-71.5829, 51.5597], [-71.5887, 51.5528], [-71.5835, 51.5417], [-71.5732, 51.5378], [-71.5709, 51.5308], [-71.5733, 51.5216], [-71.5835, 51.5107], [-71.5826, 51.5057], [-71.6245, 51.5032], [-71.6342, 51.4968], [-71.6455, 51.476], [-71.6629, 51.4719], [-71.6749, 51.4599], [-71.6898, 51.4372], [-71.6942, 51.4178], [-71.7015, 51.4123], [-71.7042, 51.4044], [-71.708, 51.3796], [-71.7208, 51.3698], [-71.7226, 51.3629], [-71.7379, 51.3603], [-71.7416, 51.3529], [-71.7527, 51.3454], [-71.7629, 51.3483], [-71.763, 51.3594], [-71.7726, 51.3663], [-71.788, 51.3609], [-71.7947, 51.3533], [-71.8093, 51.3522], [-71.8158, 51.3589], [-71.8161, 51.3715], [-71.8219, 51.3738], [-71.8296, 51.3716], [-71.8343, 51.3665], [-71.8365, 51.3563], [-71.8679, 51.3443], [-71.8759, 51.3354], [-71.8727, 51.3288], [-71.8641, 51.3242], [-71.8819, 51.3052], [-71.8744, 51.2958], [-71.8747, 51.2873], [-71.8691, 51.2813], [-71.8703, 51.2782], [-71.8862, 51.2708], [-71.9084, 51.2782], [-71.9243, 51.2779], [-71.9385, 51.2691], [-71.9412, 51.2586], [-71.954, 51.2597], [-71.9637, 51.255], [-71.9568, 51.2489], [-71.9811, 51.2446], [-71.9788, 51.2357], [-71.9917, 51.232], [-71.9779, 51.2122], [-71.9874, 51.1971], [-71.9708, 51.1914], [-71.9739, 51.1872], [-71.9734, 51.1795], [-71.9672, 51.1706], [-71.9852, 51.1691], [-72.0, 51.1749], [-72.0105, 51.1745], [-72.0175, 51.1778], [-72.0274, 51.1761], [-72.0187, 51.168], [-72.0218, 51.1648], [-72.0214, 51.1523], [-72.0243, 51.148], [-72.0171, 51.1406], [-72.0184, 51.1366], [-72.0656, 51.1506], [-72.0737, 51.1369], [-72.0871, 51.1323], [-72.0932, 51.1253], [-72.1049, 51.1262], [-72.1048, 51.1078], [-72.1194, 51.1044], [-72.1192, 51.094], [-72.1256, 51.0787], [-72.1309, 51.0721], [-72.1435, 51.0682], [-72.1367, 51.0545], [-72.1435, 51.0476], [-72.1523, 51.029], [-72.1559, 51.0095], [-72.1526, 51.0057], [-72.1587, 50.9953], [-72.1606, 50.9867], [-72.1583, 50.9836], [-72.1617, 50.9781], [-72.1851, 50.9826], [-72.1943, 50.9908], [-72.1924, 51.0], [-72.1883, 51.0038], [-72.1894, 51.0178], [-72.1843, 51.025], [-72.189, 51.0275], [-72.2118, 51.0277], [-72.2217, 51.0241], [-72.228, 51.0077], [-72.243, 51.0], [-72.2463, 50.9907], [-72.246, 50.9764], [-72.2584, 50.9714], [-72.2671, 50.9494], [-72.2778, 50.9456], [-72.2825, 50.9513], [-72.2935, 50.9512], [-72.2973, 50.942], [-72.2945, 50.9315], [-72.3019, 50.9222], [-72.3018, 50.9153], [-72.3318, 50.8917], [-72.3363, 50.8835], [-72.3706, 50.8886], [-72.3807, 50.8836], [-72.3864, 50.8648], [-72.3735, 50.8572], [-72.3943, 50.8161], [-72.3996, 50.811], [-72.418, 50.8038], [-72.4331, 50.7809], [-72.441, 50.7803], [-72.458, 50.7871], [-72.4617, 50.7853], [-72.4663, 50.7752], [-72.476, 50.7658], [-72.4814, 50.7472], [-72.5099, 50.7473], [-72.5259, 50.7435], [-72.5339, 50.7469], [-72.5338, 50.7549], [-72.5417, 50.7575], [-72.5553, 50.7508], [-72.5693, 50.7486], [-72.5582, 50.772], [-72.5579, 50.7844], [-72.551, 50.7966], [-72.5554, 50.8088], [-72.5652, 50.8196], [-72.5669, 50.8273], [-72.55, 50.852], [-72.5505, 50.8642], [-72.5556, 50.8779], [-72.5694, 50.8697], [-72.5883, 50.8439], [-72.6035, 50.8336], [-72.6011, 50.8315], [-72.6024, 50.8147], [-72.609, 50.7992], [-72.6177, 50.7913], [-72.6237, 50.7781], [-72.6348, 50.773], [-72.6442, 50.7578], [-72.6565, 50.7531], [-72.6664, 50.7431], [-72.6872, 50.7495], [-72.6839, 50.7534], [-72.6831, 50.7672], [-72.6963, 50.7769], [-72.7091, 50.777], [-72.7173, 50.7647], [-72.7254, 50.7641], [-72.7249, 50.7782], [-72.7293, 50.7865], [-72.7258, 50.7933], [-72.7451, 50.8028], [-72.7524, 50.8124], [-72.7538, 50.8196], [-72.78, 50.8242], [-72.7912, 50.8174], [-72.8081, 50.8177], [-72.8373, 50.8107], [-72.8559, 50.8118], [-72.8634, 50.8041], [-72.8741, 50.806], [-72.878, 50.7928], [-72.8871, 50.7876], [-72.8966, 50.7724], [-72.9159, 50.7644], [-72.9343, 50.7632], [-72.937, 50.7559], [-72.9342, 50.7344], [-72.9573, 50.7045], [-72.9836, 50.688], [-72.9895, 50.6752], [-73.0182, 50.6705], [-73.022, 50.6664], [-73.0233, 50.6554], [-73.0274, 50.6531], [-73.0515, 50.6554], [-73.0498, 50.6648], [-73.0357, 50.6807], [-73.0363, 50.685], [-73.0424, 50.69], [-73.0518, 50.6918], [-73.0789, 50.6884], [-73.0862, 50.6934], [-73.0934, 50.7127], [-73.0814, 50.7309], [-73.0893, 50.7371], [-73.1081, 50.7421], [-73.1085, 50.7497], [-73.1542, 50.7458], [-73.1689, 50.733], [-73.1857, 50.7025], [-73.2047, 50.7049], [-73.2185, 50.7105], [-73.2351, 50.6884], [-73.2511, 50.6853], [-73.2747, 50.6488], [-73.2761, 50.6418], [-73.2945, 50.6305], [-73.2984, 50.6171], [-73.3082, 50.6096], [-73.3015, 50.601], [-73.31, 50.5851], [-73.3199, 50.5779], [-73.3344, 50.5798], [-73.3484, 50.5645], [-73.3526, 50.5349], [-73.3596, 50.5277], [-73.372, 50.5254], [-73.3732, 50.5207], [-73.3896, 50.5073], [-73.3925, 50.4845], [-73.4057, 50.4601], [-73.4327, 50.4426], [-73.4498, 50.4237], [-73.4587, 50.4075], [-73.4537, 50.3908], [-73.4602, 50.3716], [-73.4756, 50.3729], [-73.4763, 50.3849], [-73.4827, 50.3958], [-73.4937, 50.3939], [-73.4971, 50.3871], [-73.5035, 50.3841], [-73.5313, 50.3779], [-73.5413, 50.3674], [-73.5518, 50.3644], [-73.5799, 50.3676], [-73.5841, 50.3706], [-73.5767, 50.3902], [-73.5761, 50.4044], [-73.5918, 50.4063], [-73.6087, 50.3891], [-73.6114, 50.3752], [-73.6092, 50.3696], [-73.6118, 50.3655], [-73.6108, 50.3557], [-73.6061, 50.3523], [-73.5975, 50.3535], [-73.596, 50.3505], [-73.6127, 50.3392], [-73.6094, 50.3291], [-73.6204, 50.3144], [-73.6279, 50.2955], [-73.6556, 50.2568], [-73.6699, 50.2499], [-73.673, 50.24], [-73.6697, 50.233], [-73.6841, 50.2127], [-73.7053, 50.2123], [-73.733, 50.2196], [-73.7383, 50.222], [-73.7385, 50.2306], [-73.744, 50.2334], [-73.7555, 50.2274], [-73.7591, 50.2216], [-73.7664, 50.2195], [-73.7831, 50.1902], [-73.7789, 50.1816], [-73.7836, 50.1716], [-73.7734, 50.1643], [-73.771, 50.1563], [-73.7798, 50.145], [-73.7817, 50.1353], [-73.7819, 50.1311], [-73.7739, 50.1204], [-73.7774, 50.1173], [-73.7765, 50.1131], [-73.7844, 50.1089], [-73.7899, 50.1007], [-73.7884, 50.0947], [-73.7792, 50.0876], [-73.7786, 50.0811], [-73.7862, 50.0672], [-73.7874, 50.0569], [-73.8025, 50.0411], [-73.8024, 50.0328], [-73.833, 50.0224], [-73.8462, 50.0212], [-73.8538, 50.0127], [-73.8538, 50.0], [-79.5178, 50.0], [-79.5185, 51.5682], [-79.5069, 51.5752], [-79.5185, 51.5833], [-79.51, 51.5904], [-79.494, 51.592], [-79.4742, 51.6012], [-79.4477, 51.6263], [-79.4338, 51.6324], [-79.4295, 51.6386], [-79.4041, 51.6445], [-79.3951, 51.6582], [-79.3326, 51.6677], [-79.3222, 51.6714], [-79.3154, 51.6788], [-79.306, 51.681], [-79.3018, 51.6766], [-79.3033, 51.6583], [-79.2845, 51.645], [-79.2458, 51.6451], [-79.2285, 51.6494], [-79.2178, 51.6453], [-79.2196, 51.6201], [-79.2367, 51.5999], [-79.2414, 51.5899], [-79.2389, 51.5832], [-79.2429, 51.5759], [-79.2329, 51.5682], [-79.2378, 51.5598], [-79.2355, 51.5577], [-79.2214, 51.5744], [-79.1977, 51.589], [-79.198, 51.5695], [-79.1936, 51.562], [-79.1896, 51.562], [-79.1939, 51.5708], [-79.1943, 51.5852], [-79.1897, 51.6034], [-79.1904, 51.5863], [-79.1799, 51.5755], [-79.0557, 51.521], [-79.0131, 51.493], [-78.9763, 51.4613], [-78.8402, 51.452], [-78.8064, 51.466], [-78.8006, 51.4718], [-78.8225, 51.5055], [-78.8316, 51.5111], [-78.8286, 51.5282], [-78.8337, 51.5483], [-78.8455, 51.5547], [-78.842, 51.5594], [-78.8479, 51.5634], [-78.8559, 51.5786], [-78.8521, 51.5834], [-78.8313, 51.5813], [-78.836, 51.5902], [-78.8425, 51.5904], [-78.8373, 51.5925], [-78.8402, 51.598], [-78.8517, 51.6019], [-78.8578, 51.6105], [-78.8743, 51.622], [-78.8708, 51.6321], [-78.8879, 51.6288], [-78.8992, 51.6356], [-78.9146, 51.6396], [-78.9378, 51.6417], [-78.943, 51.6385], [-78.9486, 51.6629], [-78.9477, 51.6668], [-78.9421, 51.6675], [-78.9369, 51.6748], [-78.9367, 51.6859], [-78.94, 51.6918], [-78.9495, 51.6974], [-78.9679, 51.6944], [-78.9673, 51.7011], [-78.9917, 51.7038], [-78.9897, 51.71], [-78.9961, 51.7162], [-78.9965, 51.7324], [-79.0178, 51.743], [-79.0355, 51.7417], [-79.0486, 51.7633], [-78.9853, 51.7984], [-78.9661, 51.8025], [-78.8963, 51.9013], [-78.9021, 51.9076], [-78.8904, 51.9172], [-78.8907, 51.9337], [-78.8851, 51.94], [-78.8922, 51.9468], [-78.885, 51.9567], [-78.8808, 51.9582], [-78.8776, 51.9547], [-78.8524, 51.9469], [-78.8505, 51.9434], [-78.8042, 51.956], [-78.7938, 51.9666], [-78.7798, 51.9699], [-78.7352, 52.0064], [-78.7288, 52.0161], [-78.7025, 52.0291], [-78.6999, 52.0323], [-78.7023, 52.035], [-78.7256, 52.0495], [-78.7217, 52.0527], [-78.715, 52.0539], [-78.7088, 52.0478], [-78.6646, 52.0546], [-78.6513, 52.0721], [-78.6533, 52.0762], [-78.6603, 52.0778], [-78.5965, 52.1082], [-78.5646, 52.1522], [-78.5699, 52.1557], [-78.5579, 52.1761], [-78.5522, 52.1941], [-78.5555, 52.1952], [-78.5547, 52.2011], [-78.5643, 52.2036], [-78.5662, 52.2078], [-78.5764, 52.2087], [-78.5812, 52.2424], [-78.5884, 52.2429], [-78.5818, 52.2448], [-78.5835, 52.2534], [-78.5725, 52.2589], [-78.5676, 52.271], [-78.561, 52.275], [-78.5602, 52.2789], [-78.5632, 52.2801], [-78.5605, 52.2846], [-78.5673, 52.2886], [-78.5604, 52.2945], [-78.5542, 52.2937], [-78.5351, 52.3033], [-78.5289, 52.3096], [-78.5273, 52.3332], [-78.5226, 52.3456], [-78.5255, 52.3509], [-78.538, 52.3517], [-78.5447, 52.372], [-78.5839, 52.3958], [-78.589, 52.417], [-78.5773, 52.4245], [-78.5742, 52.4306], [-78.5778, 52.4386], [-78.5619, 52.4507], [-78.5624, 52.4605], [-78.5579, 52.4656], [-78.5671, 52.4719], [-78.5633, 52.4759], [-78.5706, 52.4852], [-78.5656, 52.4942], [-78.5679, 52.5001], [-78.5863, 52.5046], [-78.5834, 52.5081], [-78.5895, 52.5172], [-78.6251, 52.5117], [-78.6499, 52.5166], [-78.6568, 52.5135], [-78.6733, 52.5136], [-78.714, 52.5211], [-78.7226, 52.5298], [-78.7301, 52.5293], [-78.7661, 52.541], [-78.7693, 52.5447], [-78.7648, 52.5694], [-78.7671, 52.5768], [-78.7715, 52.5737], [-78.7741, 52.5755], [-78.7682, 52.582], [-78.7729, 52.5985], [-78.7766, 52.5967], [-78.773, 52.5997], [-78.7785, 52.6218], [-78.8038, 52.6328], [-78.8053, 52.6384], [-78.8211, 52.6407], [-78.8156, 52.6428], [-78.8233, 52.6732], [-78.8275, 52.6726], [-78.8236, 52.6755], [-78.8286, 52.6921], [-78.8277, 52.6993], [-78.8572, 52.7258], [-78.8655, 52.7273], [-78.8606, 52.7294], [-78.8729, 52.7403], [-78.8723, 52.7552], [-78.8745, 52.759], [-78.8795, 52.7586], [-78.8728, 52.7602], [-78.8775, 52.7665], [-78.8733, 52.7669], [-78.8738, 52.7705], [-78.8768, 52.7708], [-78.8735, 52.7724], [-78.8746, 52.8148], [-78.8752, 52.8191], [-78.8806, 52.8181], [-78.8751, 52.8211], [-78.8756, 52.8442], [-78.8766, 52.8551], [-78.8834, 52.8592], [-78.8767, 52.8706], [-78.8861, 52.8801], [-78.8949, 52.8828], [-78.9003, 52.8993], [-78.928, 52.9155], [-78.9263, 52.9173], [-78.9538, 52.9402], [-78.9605, 52.937], [-78.9562, 52.9324], [-78.9609, 52.9269], [-78.9498, 52.9284], [-78.9518, 52.9257], [-78.9661, 52.9185], [-78.9683, 52.9196], [-78.9644, 52.924], [-78.9735, 52.9238], [-78.9758, 52.9165], [-78.9855, 52.9146], [-78.991, 52.9096], [-79.009, 52.9074], [-79.001, 52.9148], [-78.9829, 52.9203], [-78.9566, 52.9455], [-78.9695, 52.9574], [-78.9599, 52.9635], [-78.9688, 52.9973], [-78.9667, 53.0001], [-78.9782, 53.004], [-78.98, 53.009], [-78.9952, 53.0128], [-78.9897, 53.0203], [-78.9933, 53.0239], [-78.993, 53.0648], [-78.9882, 53.0707], [-78.9988, 53.0902], [-78.9931, 53.0965], [-78.9745, 53.1018], [-78.9759, 53.1234], [-78.9529, 53.1315], [-78.947, 53.1387], [-78.952, 53.148], [-78.9654, 53.1521], [-78.9697, 53.1618], [-78.9769, 53.1586], [-78.9795, 53.1613], [-78.9701, 53.1665], [-78.971, 53.1731], [-78.9391, 53.2117], [-78.9493, 53.2349], [-79.0168, 53.2695], [-79.0133, 53.2891], [-79.0315, 53.2911], [-79.0384, 53.2859], [-79.0398, 53.2889], [-79.0467, 53.2875], [-79.0544, 53.2915], [-79.0509, 53.2938], [-79.0461, 53.2919], [-79.0451, 53.2949], [-79.0479, 53.2938], [-79.0492, 53.2966], [-79.0469, 53.2988], [-79.037, 53.2982], [-79.0408, 53.3032], [-79.0489, 53.303], [-79.0454, 53.3059], [-79.0352, 53.3048], [-79.0324, 53.3009], [-79.0363, 53.3], [-79.033, 53.2975], [-79.0135, 53.2989], [-79.0099, 53.2967], [-79.0044, 53.3121], [-78.9881, 53.3239], [-78.9787, 53.3261], [-78.9734, 53.3323], [-78.9721, 53.3393], [-78.984, 53.3443], [-78.9828, 53.352], [-78.9587, 53.3645], [-78.9588, 53.37], [-78.9495, 53.3779], [-78.9665, 53.3866], [-78.9861, 53.3886], [-78.9831, 53.3907], [-78.9836, 53.4], [-78.9864, 53.4019], [-79.0076, 53.4019], [-79.0058, 53.4047], [-79.0158, 53.4077], [-79.0318, 53.4052], [-79.0359, 53.4082], [-79.0653, 53.408], [-79.0665, 53.4189], [-79.0774, 53.4409], [-79.0877, 53.4468], [-79.0949, 53.4424], [-79.1048, 53.4425], [-79.1024, 53.4473], [-79.094, 53.4513], [-79.0965, 53.4547], [-79.0926, 53.461], [-79.1041, 53.4672], [-79.1121, 53.4654], [-79.1171, 53.4806], [-79.1428, 53.4912], [-79.1399, 53.492], [-79.1366, 53.5031], [-79.1211, 53.503], [-79.1116, 53.5083], [-79.0869, 53.5464], [-79.0736, 53.5875], [-79.0696, 53.5907], [-79.0712, 53.5953], [-79.0597, 53.6006], [-79.0554, 53.6062], [-79.0777, 53.6329], [-79.1031, 53.6711], [-79.1158, 53.6811], [-79.1502, 53.6917], [-79.1556, 53.7049], [-79.1302, 53.7125], [-79.1237, 53.7189], [-79.1268, 53.7192], [-79.1177, 53.7236], [-79.1302, 53.7219], [-79.1151, 53.7266], [-79.1004, 53.7405], [-79.1011, 53.7433], [-79.09, 53.7495], [-79.0993, 53.7556], [-79.0881, 53.7513], [-79.0835, 53.7576], [-79.0832, 53.7829], [-79.0936, 53.7829], [-79.0899, 53.7836], [-79.0928, 53.7873], [-79.1013, 53.7873], [-79.0944, 53.7891], [-79.1003, 53.79], [-79.0951, 53.7928], [-79.0992, 53.7917], [-79.0978, 53.7941], [-79.1016, 53.7906], [-79.1058, 53.7923], [-79.095, 53.8004], [-79.1, 53.8012], [-79.0991, 53.8033], [-79.0869, 53.8024], [-79.0876, 53.8081], [-79.0919, 53.8081], [-79.0877, 53.8096], [-79.0893, 53.815], [-79.0914, 53.8144], [-79.0867, 53.8225], [-79.0887, 53.8216], [-79.0896, 53.8286], [-79.0904, 53.826], [-79.1032, 53.8263], [-79.1161, 53.8318], [-79.0897, 53.8349], [-79.0923, 53.8614], [-79.1003, 53.8635], [-79.0998, 53.8664], [-79.0822, 53.8676], [-79.0855, 53.8695], [-79.0809, 53.871], [-79.0915, 53.879], [-79.0995, 53.8796], [-79.0977, 53.881], [-79.1033, 53.8912], [-79.1149, 53.8908], [-79.1033, 53.8948], [-79.1078, 53.8988], [-79.1082, 53.896], [-79.1221, 53.8936], [-79.1163, 53.899], [-79.1449, 53.9011], [-79.137, 53.9013], [-79.136, 53.9039], [-79.1251, 53.9021], [-79.12627851534619, 53.90513932905068], [-79.1284, 53.9035], [-79.1326, 53.9064], [-79.1375, 53.9041]], [[-76.646, 55.7834], [-76.6439, 55.7824], [-76.64588378378379, 55.783391891891895], [-76.646, 55.7834]], [[-79.1262, 53.9052], [-79.12630930668332, 53.90521873828857], [-79.12627851534619, 53.90513932905068], [-79.1262, 53.9052]], [[-79.127, 53.907], [-79.1297, 53.9058], [-79.12630930668332, 53.90521873828857], [-79.127, 53.907]]], [[[-76.2232, 55.5095], [-76.22425593463818, 55.50997794936254], [-76.2226456716418, 55.50972583747927], [-76.2232, 55.5095]]], [[[-76.2129, 55.5082], [-76.2226456716418, 55.50972583747927], [-76.2178, 55.5117], [-76.2129, 55.5082]]]]}}, {"type": "Feature", "properties": {"id": "qc-zone-12", "wmu_id": "23", "name": "Zone 23", "province": "QC", "source": "Qu\u00e9bec \u2014 Zones de chasse et p\u00eache (GAGQ)", "zone_kind": "zone_de_chasse"}, "geometry": {"type": "MultiPolygon", "coordinates": [[[[-76.64588378378379, 55.783391891891895], [-76.6439, 55.7824], [-76.646, 55.7834], [-76.64588378378379, 55.783391891891895]]], [[[-76.6596, 55.7902], [-76.6763, 55.7989], [-76.6875, 55.7989], [-76.6916, 55.8017], [-76.6869, 55.8027], [-76.6887, 55.8052], [-76.7282, 55.8252], [-76.9714, 55.8252], [-76.9647, 55.8213], [-76.9764, 55.8267], [-76.9929, 55.8238], [-76.9791, 55.8281], [-76.9587, 55.8405], [-76.9616, 55.8475], [-76.9409, 55.8615], [-76.9407, 55.8668], [-76.933, 55.8722], [-76.9271, 55.8718], [-76.9238, 55.8776], [-76.9161, 55.879], [-76.8964, 55.8915], [-76.8861, 55.9008], [-76.8847, 55.91], [-76.878, 55.9148], [-76.8754, 55.9235], [-76.8424, 55.9261], [-76.8306, 55.9298], [-76.8295, 55.9358], [-76.8239, 55.9415], [-76.8231, 55.9493], [-76.8101, 55.9591], [-76.8125, 55.9614], [-76.8065, 55.9737], [-76.8082, 55.9822], [-76.7986, 55.9886], [-76.8007, 56.0012], [-76.7765, 56.0123], [-76.7526, 56.0141], [-76.7276, 56.0208], [-76.693, 56.0503], [-76.6874, 56.0713], [-76.6875, 56.0865], [-76.68, 56.0915], [-76.6744, 56.1064], [-76.651, 56.126], [-76.6493, 56.1387], [-76.6441, 56.1473], [-76.6605, 56.1626], [-76.6508, 56.1733], [-76.6532, 56.1826], [-76.6509, 56.1896], [-76.6707, 56.1938], [-76.6267, 56.1943], [-76.6176, 56.2003], [-76.6188, 56.2083], [-76.6224, 56.209], [-76.6197, 56.2168], [-76.6267, 56.2239], [-76.6248, 56.2416], [-76.6143, 56.2517], [-76.5987, 56.2553], [-76.5664, 56.2785], [-76.5619, 56.2875], [-76.567, 56.2913], [-76.5568, 56.2942], [-76.5495, 56.3013], [-76.5477, 56.3135], [-76.5518, 56.3216], [-76.5492, 56.3407], [-76.5595, 56.3496], [-76.5453, 56.3555], [-76.5437, 56.3623], [-76.5389, 56.3637], [-76.5386, 56.3675], [-76.5311, 56.3735], [-76.5306, 56.3856], [-76.534, 56.387], [-76.5319, 56.3887], [-76.5359, 56.3987], [-76.5447, 56.4105], [-76.532, 56.4142], [-76.5249, 56.427], [-76.5313, 56.4331], [-76.5274, 56.4376], [-76.5275, 56.446], [-76.5212, 56.4491], [-76.5213, 56.4584], [-76.5256, 56.4654], [-76.5433, 56.4704], [-76.5529, 56.4773], [-76.5504, 56.496], [-76.5529, 56.5002], [-76.5477, 56.5012], [-76.5467, 56.5052], [-76.5564, 56.5185], [-76.5411, 56.5323], [-76.5454, 56.5424], [-76.5583, 56.5556], [-76.5456, 56.5661], [-76.5365, 56.5975], [-76.5503, 56.6029], [-76.5453, 56.6239], [-76.5483, 56.6274], [-76.5318, 56.6421], [-76.5422, 56.6647], [-76.537, 56.6893], [-76.5395, 56.7223], [-76.5361, 56.728], [-76.539, 56.7315], [-76.539, 56.741], [-76.5341, 56.7542], [-76.5392, 56.7668], [-76.535, 56.8246], [-76.5434, 56.84], [-76.5425, 56.8479], [-76.5468, 56.8565], [-76.5437, 56.8615], [-76.5525, 56.8992], [-76.5631, 56.9089], [-76.561, 56.9207], [-76.5692, 56.9242], [-76.5713, 56.9414], [-76.5675, 56.963], [-76.5702, 56.9766], [-76.5649, 56.985], [-76.5665, 56.9894], [-76.5617, 56.9913], [-76.5671, 56.9968], [-76.5637, 56.9999], [-76.5642, 57.0048], [-76.5709, 57.0109], [-76.5769, 57.0248], [-76.5717, 57.0353], [-76.5761, 57.0483], [-76.5745, 57.0584], [-76.5669, 57.0586], [-76.5625, 57.0639], [-76.5669, 57.086], [-76.562, 57.0952], [-76.5815, 57.1292], [-76.5928, 57.1779], [-76.5923, 57.184], [-76.5875, 57.1891], [-76.5962, 57.1986], [-76.6066, 57.2287], [-76.6163, 57.2372], [-76.6162, 57.2449], [-76.6206, 57.2502], [-76.6179, 57.258], [-76.6221, 57.2645], [-76.6254, 57.2873], [-76.6392, 57.3], [-76.6342, 57.3063], [-76.6384, 57.3105], [-76.6365, 57.3133], [-76.6565, 57.3338], [-76.6674, 57.34], [-76.6573, 57.3444], [-76.6579, 57.3481], [-76.6652, 57.3526], [-76.6575, 57.3617], [-76.6624, 57.37], [-76.6878, 57.3863], [-76.6772, 57.3903], [-76.6757, 57.3997], [-76.6892, 57.4068], [-76.6977, 57.4077], [-76.7004, 57.414], [-76.6989, 57.4235], [-76.7048, 57.4263], [-76.7005, 57.4369], [-76.7107, 57.4382], [-76.7156, 57.4467], [-76.7304, 57.449], [-76.7603, 57.4611], [-76.7581, 57.4637], [-76.7629, 57.4786], [-76.7806, 57.501], [-76.7739, 57.5114], [-76.7871, 57.5241], [-76.7877, 57.5282], [-76.7943, 57.5307], [-76.7911, 57.5366], [-76.8039, 57.5465], [-76.8122, 57.56], [-76.8238, 57.5656], [-76.8223, 57.5744], [-76.8271, 57.5821], [-76.8452, 57.5993], [-76.8525, 57.6146], [-76.8663, 57.6258], [-76.8645, 57.6286], [-76.845, 57.6318], [-76.8407, 57.6403], [-76.8442, 57.6503], [-76.8536, 57.6522], [-76.8598, 57.6608], [-76.8657, 57.6757], [-76.8657, 57.6846], [-76.8727, 57.6869], [-76.874, 57.6912], [-76.8855, 57.6943], [-76.8842, 57.6976], [-76.8925, 57.7024], [-76.8913, 57.7065], [-76.8955, 57.7076], [-76.8931, 57.7161], [-76.9012, 57.7209], [-76.8999, 57.7253], [-76.9107, 57.7321], [-76.9079, 57.7364], [-76.9214, 57.7458], [-76.9193, 57.7514], [-76.9234, 57.7561], [-76.9489, 57.7668], [-76.9473, 57.7724], [-76.9606, 57.7794], [-76.9668, 57.791], [-76.9793, 57.7999], [-76.9768, 57.8016], [-76.9842, 57.8072], [-76.9853, 57.8134], [-76.996, 57.8164], [-77.004, 57.8367], [-77.0117, 57.8472], [-77.0352, 57.8552], [-77.0406, 57.8622], [-77.0504, 57.8674], [-77.0492, 57.8697], [-77.0558, 57.8781], [-77.0462, 57.8872], [-77.0491, 57.8928], [-77.074, 57.8969], [-77.0806, 57.9024], [-77.0838, 57.9135], [-77.0902, 57.9156], [-77.0925, 57.92], [-77.0904, 57.9224], [-77.0936, 57.9251], [-77.0875, 57.9271], [-77.0897, 57.9299], [-77.1323, 57.9462], [-77.1504, 57.9561], [-77.1554, 57.9621], [-77.1622, 57.9631], [-77.1583, 57.9657], [-77.1599, 57.9678], [-77.1741, 57.9779], [-77.1739, 57.9931], [-77.1906, 58.0003], [-77.2, 58.0008], [-77.2078, 58.0111], [-77.226, 58.0076], [-77.2367, 58.0089], [-77.2312, 58.0123], [-77.2395, 58.0138], [-77.2402, 58.0174], [-77.2133, 58.0191], [-77.223, 58.0272], [-77.2379, 58.0305], [-77.2544, 58.0424], [-77.2599, 58.0503], [-77.2938, 58.057], [-77.2962, 58.0681], [-77.3227, 58.0764], [-77.3225, 58.0795], [-77.3351, 58.082], [-77.3428, 58.0874], [-77.3682, 58.0891], [-77.3743, 58.0934], [-77.395, 58.0981], [-77.3983, 58.1032], [-77.3954, 58.1076], [-77.399, 58.115], [-77.4021, 58.1153], [-77.3995, 58.118], [-77.416, 58.1315], [-77.4293, 58.1321], [-77.441, 58.1408], [-77.4514, 58.1391], [-77.4626, 58.1442], [-77.4922, 58.149], [-77.5099, 58.1589], [-77.5269, 58.1603], [-77.5287, 58.1624], [-77.5225, 58.1632], [-77.5611, 58.2102], [-77.595, 58.2221], [-77.593, 58.2244], [-77.5711, 58.2231], [-77.5872, 58.226], [-77.5899, 58.2303], [-77.604, 58.2302], [-77.6125, 58.235], [-77.6193, 58.233], [-77.643, 58.2367], [-77.6178, 58.238], [-77.6304, 58.2445], [-77.6375, 58.2533], [-77.6514, 58.2565], [-77.6496, 58.263], [-77.654, 58.2654], [-77.6659, 58.2689], [-77.6719, 58.2672], [-77.6825, 58.2732], [-77.721, 58.2746], [-77.738, 58.2813], [-77.7486, 58.2808], [-77.7573, 58.2859], [-77.7691, 58.2866], [-77.7778, 58.2966], [-77.8034, 58.3008], [-77.8103, 58.3068], [-77.8313, 58.3089], [-77.8415, 58.3122], [-77.8422, 58.3157], [-77.8546, 58.3161], [-77.8561, 58.3191], [-77.8679, 58.319], [-77.8799, 58.3239], [-77.8853, 58.322], [-77.9063, 58.3292], [-77.9105, 58.333], [-77.9098, 58.3382], [-77.9636, 58.3399], [-77.967, 58.3442], [-77.9889, 58.3477], [-77.9907, 58.3518], [-78.0, 58.3528], [-78.0352, 58.3671], [-78.0906, 58.3675], [-78.1061, 58.3757], [-78.1434, 58.3793], [-78.1427, 58.3834], [-78.1653, 58.3932], [-78.1811, 58.3944], [-78.1857, 58.3994], [-78.2038, 58.4015], [-78.2094, 58.4112], [-78.213, 58.4114], [-78.2099, 58.4126], [-78.2203, 58.4392], [-78.2456, 58.4478], [-78.2429, 58.4497], [-78.2461, 58.4512], [-78.2434, 58.4517], [-78.2546, 58.4571], [-78.2262, 58.4544], [-78.2402, 58.494], [-78.254, 58.4977], [-78.2649, 58.4959], [-78.2612, 58.5002], [-78.2842, 58.5016], [-78.277, 58.5052], [-78.3662, 58.5317], [-78.3834, 58.5333], [-78.3967, 58.5395], [-78.4265, 58.5414], [-78.4272, 58.5471], [-78.4405, 58.5485], [-78.4473, 58.5575], [-78.4602, 58.5634], [-78.46, 58.5683], [-78.4817, 58.5765], [-78.483, 58.5901], [-78.4775, 58.5965], [-78.4778, 58.6038], [-78.4879, 58.6177], [-78.5083, 58.6238], [-78.5063, 58.6296], [-78.5222, 58.637], [-78.5522, 58.6437], [-78.5824, 58.6434], [-78.5867, 58.6489], [-78.5933, 58.6503], [-78.5939, 58.6531], [-78.5883, 58.6535], [-78.5916, 58.6686], [-78.5974, 58.6766], [-78.5547, 58.6925], [-78.5532, 58.6978], [-78.5601, 58.6983], [-78.5571, 58.7006], [-78.5602, 58.7032], [-78.5555, 58.7045], [-78.5525, 58.7], [-78.5433, 58.73], [-78.5466, 58.7335], [-78.5415, 58.7355], [-78.5392, 58.743], [-78.5421, 58.7473], [-78.5387, 58.7503], [-78.5607, 58.7565], [-78.5637, 58.7607], [-78.5794, 58.7664], [-78.5862, 58.7744], [-78.5863, 58.7787], [-78.596, 58.7839], [-78.6023, 58.7922], [-78.5977, 58.7983], [-78.6086, 58.7946], [-78.6149, 58.7961], [-78.6156, 58.8004], [-78.6293, 58.8063], [-78.6243, 58.8103], [-78.6312, 58.8126], [-78.6273, 58.8155], [-78.6118, 58.8111], [-78.5977, 58.8142], [-78.5857, 58.8116], [-78.583, 58.815], [-78.586, 58.8172], [-78.5822, 58.8202], [-78.5844, 58.825], [-78.5807, 58.8247], [-78.5781, 58.8201], [-78.5751, 58.8236], [-78.579, 58.824], [-78.5798, 58.828], [-78.572, 58.8275], [-78.5602, 58.8402], [-78.5631, 58.842], [-78.5568, 58.8436], [-78.557, 58.8515], [-78.5617, 58.8542], [-78.56, 58.8573], [-78.5658, 58.8664], [-78.5645, 58.8706], [-78.5716, 58.8775], [-78.5705, 58.8925], [-78.5803, 58.8985], [-78.5806, 58.9033], [-78.5842, 58.9053], [-78.5797, 58.9065], [-78.5801, 58.9147], [-78.5762, 58.9197], [-78.5426, 58.9377], [-78.5421, 58.942], [-78.5548, 58.949], [-78.5375, 58.9529], [-78.5261, 58.952], [-78.3548, 59.0346], [-78.3512, 59.034], [-78.3125, 59.0534], [-78.2987, 59.0557], [-78.3038, 59.0564], [-78.2973, 59.0579], [-78.2975, 59.0624], [-78.2468, 59.1163], [-78.2513, 59.1176], [-78.2507, 59.1144], [-78.2537, 59.118], [-78.2521, 59.12], [-78.2572, 59.1209], [-78.2502, 59.1213], [-78.2494, 59.1251], [-78.2444, 59.1261], [-78.2404, 59.1218], [-78.1958, 59.1584], [-78.1917, 59.164], [-78.196, 59.1666], [-78.1845, 59.1696], [-78.1957, 59.1716], [-78.1895, 59.1761], [-78.1917, 59.1792], [-78.1824, 59.18], [-78.179, 59.1779], [-78.1821, 59.1759], [-78.1782, 59.1749], [-78.1653, 59.186], [-78.1707, 59.1861], [-78.1688, 59.1924], [-78.1901, 59.1942], [-78.1657, 59.1944], [-78.1585, 59.1918], [-78.1518, 59.1951], [-78.1462, 59.2044], [-78.1428, 59.2183], [-78.085, 59.2214], [-78.0793, 59.2262], [-78.0562, 59.2298], [-77.9968, 59.2594], [-78.0055, 59.2589], [-78.0033, 59.2625], [-77.9891, 59.2622], [-77.9887, 59.2661], [-77.9953, 59.2685], [-77.9879, 59.2673], [-77.9872, 59.2707], [-77.9911, 59.2725], [-77.9865, 59.2724], [-77.9854, 59.2752], [-77.9892, 59.2761], [-77.9855, 59.2759], [-77.9845, 59.2788], [-77.9502, 59.4035], [-77.9526, 59.4103], [-77.9458, 59.4126], [-77.9382, 59.4336], [-77.9407, 59.4369], [-77.9157, 59.481], [-77.9092, 59.486], [-77.9051, 59.501], [-77.9017, 59.5018], [-77.9087, 59.507], [-77.8949, 59.5069], [-77.8821, 59.5121], [-77.8832, 59.5163], [-77.8694, 59.5188], [-77.8648, 59.5292], [-77.8698, 59.5344], [-77.846, 59.5523], [-77.852, 59.5709], [-77.8352, 59.5886], [-77.8348, 59.6012], [-77.8429, 59.6118], [-77.8791, 59.6245], [-77.8781, 59.6358], [-77.8666, 59.6421], [-77.8618, 59.6466], [-77.8636, 59.6512], [-77.8557, 59.6555], [-77.8642, 59.679], [-77.8599, 59.693], [-77.8498, 59.7057], [-77.8536, 59.7189], [-77.8488, 59.7253], [-77.8068, 59.7458], [-77.7529, 59.7629], [-77.5451, 59.7564], [-77.5097, 59.7754], [-77.4945, 59.7765], [-77.4685, 59.7946], [-77.4763, 59.7991], [-77.4735, 59.8702], [-77.4714, 59.87], [-77.4673, 59.9181], [-77.6237, 60.0537], [-77.6487, 60.0637], [-77.6701, 60.0633], [-77.674, 60.0657], [-77.6403, 60.0725], [-77.6434, 60.0757], [-77.6293, 60.0763], [-77.6286, 60.0825], [-77.6163, 60.0939], [-77.6076, 60.0974], [-77.6135, 60.1028], [-77.6152, 60.1142], [-77.6255, 60.116], [-77.6129, 60.1152], [-77.5694, 60.1885], [-77.5715, 60.1975], [-77.58, 60.1997], [-77.6077, 60.2271], [-77.6135, 60.229], [-77.6105, 60.23], [-77.6131, 60.2325], [-77.6166, 60.2315], [-77.6153, 60.2344], [-77.6354, 60.2533], [-77.6328, 60.2568], [-77.6339, 60.2677], [-77.6161, 60.2716], [-77.607, 60.291], [-77.619, 60.3014], [-77.6329, 60.3075], [-77.6356, 60.3135], [-77.6464, 60.3163], [-77.6448, 60.3237], [-77.6547, 60.3316], [-77.6666, 60.331], [-77.6665, 60.3344], [-77.6858, 60.3469], [-77.7067, 60.3515], [-77.7251, 60.3659], [-77.7539, 60.3742], [-77.7433, 60.3742], [-77.7577, 60.3856], [-77.7758, 60.386], [-77.7717, 60.3996], [-77.7734, 60.4053], [-77.7623, 60.4076], [-77.7635, 60.416], [-77.7531, 60.422], [-77.7608, 60.4278], [-77.7631, 60.4336], [-77.7399, 60.4446], [-77.7382, 60.4526], [-77.7499, 60.4606], [-77.7638, 60.4647], [-77.7652, 60.4683], [-77.762, 60.4724], [-77.7661, 60.4728], [-77.8751, 60.5581], [-77.8955, 60.5691], [-77.9051, 60.5697], [-77.9073, 60.5911], [-77.9109, 60.5946], [-77.908, 60.5995], [-77.9121, 60.6029], [-77.8924, 60.6073], [-77.846, 60.6422], [-77.843, 60.6479], [-77.8446, 60.66], [-78.076, 60.7915], [-78.1363, 60.7969], [-78.1805, 60.7919], [-78.1895, 60.7843], [-78.2205, 60.7784], [-78.2264, 60.783], [-78.2279, 60.7893], [-78.2239, 60.8088], [-78.2258, 60.8115], [-78.2213, 60.8169], [-78.2106, 60.8214], [-78.2162, 60.8241], [-78.2054, 60.8281], [-78.2068, 60.835], [-78.1945, 60.8395], [-78.1993, 60.84], [-78.1878, 60.8458], [-78.2006, 60.8507], [-78.1931, 60.8564], [-78.1944, 60.8583], [-78.1465, 60.8762], [-78.1417, 60.8801], [-78.1423, 60.8925], [-78.1383, 60.897], [-78.1169, 60.9029], [-78.1155, 60.9074], [-78.118, 60.9088], [-78.1143, 60.9115], [-78.1138, 60.918], [-78.1043, 60.9194], [-78.098, 60.9297], [-78.0829, 60.9307], [-78.0722, 60.9381], [-78.0582, 60.9373], [-78.0314, 60.95], [-78.0283, 60.9552], [-78.0346, 60.9586], [-78.0253, 60.9728], [-77.9932, 60.9826], [-77.9899, 60.988], [-77.9922, 60.9903], [-77.9736, 60.9986], [-77.9669, 61.0085], [-77.9449, 61.0119], [-77.9453, 61.0151], [-77.9153, 61.0346], [-77.9136, 61.0413], [-77.8931, 61.0402], [-77.8919, 61.0433], [-77.8856, 61.0421], [-77.8748, 61.0458], [-77.8676, 61.0549], [-77.843, 61.0535], [-77.8314, 61.0578], [-77.832, 61.0612], [-77.8267, 61.0677], [-77.8275, 61.0733], [-77.8323, 61.076], [-77.8328, 61.083], [-77.8182, 61.1047], [-77.82, 61.1118], [-77.8264, 61.112], [-77.8279, 61.1179], [-77.8255, 61.124], [-77.8276, 61.1284], [-77.8202, 61.1334], [-77.8221, 61.1342], [-77.8193, 61.1374], [-77.8252, 61.1404], [-77.8261, 61.1443], [-77.8213, 61.149], [-77.8078, 61.1513], [-77.8074, 61.1583], [-77.7927, 61.1649], [-77.7885, 61.176], [-77.7935, 61.2404], [-77.7568, 61.2482], [-77.7559, 61.252], [-77.7436, 61.2594], [-77.7481, 61.2661], [-77.7557, 61.2671], [-77.7732, 61.2792], [-77.7741, 61.2822], [-77.7624, 61.2908], [-77.7615, 61.3032], [-77.7764, 61.3073], [-77.7721, 61.3091], [-77.7727, 61.3116], [-77.7836, 61.3177], [-77.7754, 61.3235], [-77.7781, 61.3261], [-77.7749, 61.3284], [-77.7788, 61.3308], [-77.7735, 61.3347], [-77.789, 61.3767], [-77.7832, 61.3813], [-77.7908, 61.3854], [-77.7869, 61.386], [-77.7853, 61.3946], [-77.7941, 61.4015], [-77.7982, 61.4181], [-77.809, 61.4212], [-77.8052, 61.4255], [-77.8155, 61.4299], [-77.8165, 61.4338], [-77.8138, 61.4354], [-77.8197, 61.4425], [-77.8157, 61.445], [-77.8172, 61.4492], [-77.8122, 61.4517], [-77.8157, 61.4578], [-77.8065, 61.4664], [-77.8916, 61.6272], [-77.8925, 61.6305], [-77.8878, 61.6348], [-77.8926, 61.6398], [-77.9298, 61.6433], [-77.9309, 61.6511], [-77.9418, 61.6562], [-77.9414, 61.6631], [-77.965, 61.6644], [-77.9641, 61.6708], [-77.9807, 61.6745], [-77.9779, 61.6777], [-77.9918, 61.6821], [-77.993, 61.6901], [-78.0107, 61.7011], [-78.0104, 61.7056], [-78.0176, 61.7072], [-78.0127, 61.7115], [-78.0275, 61.7235], [-78.025, 61.7294], [-78.0293, 61.7363], [-78.0295, 61.7612], [-78.0373, 61.7695], [-78.0375, 61.7826], [-78.0533, 61.7917], [-78.0543, 61.7973], [-78.0511, 61.802], [-78.0587, 61.8098], [-78.0612, 61.8182], [-78.0582, 61.8276], [-78.0786, 61.8461], [-78.1007, 61.858], [-78.1002, 61.8632], [-78.1041, 61.8673], [-78.0968, 61.8736], [-78.1076, 61.8875], [-78.0999, 61.8924], [-78.0966, 61.9125], [-78.106, 61.9146], [-78.109, 61.9193], [-78.0916, 61.9281], [-78.1059, 61.9387], [-78.122, 61.944], [-78.1138, 61.951], [-78.113, 61.9565], [-78.1265, 61.9617], [-78.1253, 61.9703], [-78.1346, 61.9711], [-78.1352, 61.9769], [-78.1549, 61.9888], [-78.1539, 61.9934], [-78.1629, 61.9976], [-78.1594, 62.0054], [-78.1643, 62.0111], [-78.1506, 62.0199], [-78.1488, 62.0371], [-78.1538, 62.0445], [-78.1534, 62.0544], [-78.1604, 62.0614], [-78.158, 62.0671], [-78.1643, 62.0837], [-78.1594, 62.0917], [-78.1644, 62.1072], [-78.1619, 62.1141], [-78.1807, 62.1299], [-78.1801, 62.137], [-78.1858, 62.1452], [-78.1821, 62.1558], [-78.1747, 62.161], [-78.1765, 62.1674], [-78.1726, 62.1725], [-78.1746, 62.1788], [-78.1819, 62.185], [-78.1769, 62.1915], [-78.1793, 62.1978], [-78.1717, 62.1984], [-78.1642, 62.2056], [-78.1644, 62.2193], [-78.182, 62.2296], [-78.1907, 62.2414], [-78.1975, 62.2425], [-78.194, 62.2454], [-78.2019, 62.2548], [-78.1964, 62.2602], [-78.1876, 62.2607], [-78.177, 62.2666], [-78.1784, 62.2707], [-78.1707, 62.2728], [-78.1691, 62.2774], [-78.1752, 62.2798], [-78.1764, 62.2855], [-78.1656, 62.2921], [-78.1626, 62.3001], [-78.1535, 62.303], [-78.1532, 62.3118], [-78.1456, 62.3165], [-78.1485, 62.3199], [-78.1197, 62.3266], [-78.1176, 62.3369], [-78.1005, 62.3457], [-78.0898, 62.3588], [-78.0903, 62.3629], [-78.0679, 62.3688], [-78.0594, 62.3647], [-78.0405, 62.3643], [-78.039, 62.3658], [-78.044, 62.3676], [-78.0299, 62.3649], [-78.0245, 62.3664], [-78.0275, 62.3685], [-78.0079, 62.3704], [-78.0055, 62.3779], [-77.9805, 62.3843], [-77.9411, 62.4175], [-77.9211, 62.4277], [-77.8596, 62.4324], [-77.8342, 62.4301], [-77.8335, 62.4342], [-77.8174, 62.4443], [-77.7933, 62.4496], [-77.7943, 62.4534], [-77.7858, 62.4591], [-77.7695, 62.4641], [-77.7219, 62.4688], [-77.7055, 62.482], [-77.6936, 62.4865], [-77.6914, 62.4951], [-77.6949, 62.4983], [-77.6754, 62.5126], [-77.6685, 62.5145], [-77.6594, 62.5108], [-77.6396, 62.5152], [-77.6314, 62.5217], [-77.619, 62.5209], [-77.6, 62.5277], [-77.5691, 62.5328], [-77.558, 62.5413], [-77.5394, 62.5473], [-77.5357, 62.5533], [-77.5198, 62.5548], [-77.5215, 62.5587], [-77.5175, 62.563], [-77.5202, 62.5692], [-77.5164, 62.5741], [-77.51, 62.5758], [-77.509, 62.579], [-77.5124, 62.5812], [-77.5098, 62.5825], [-77.4961, 62.5785], [-77.4858, 62.5805], [-77.479, 62.5771], [-77.4586, 62.5817], [-77.4233, 62.5807], [-77.3666, 62.5597], [-77.3464, 62.5551], [-77.321, 62.5544], [-77.3104, 62.5577], [-77.2672, 62.5516], [-77.2534, 62.5461], [-77.2232, 62.5461], [-77.2172, 62.5407], [-77.191, 62.5447], [-77.1828, 62.5399], [-77.1626, 62.5364], [-77.129, 62.5344], [-77.1126, 62.5369], [-77.0204, 62.5308], [-77.0046, 62.5348], [-76.9906, 62.5327], [-76.9638, 62.5371], [-76.9303, 62.5377], [-76.8948, 62.5328], [-76.8656, 62.525], [-76.7967, 62.5224], [-76.7172, 62.5029], [-76.703, 62.4947], [-76.6532, 62.4865], [-76.6527, 62.4831], [-76.6434, 62.479], [-76.5524, 62.4579], [-76.5419, 62.4526], [-76.5055, 62.4483], [-76.4992, 62.4427], [-76.4823, 62.4461], [-76.4752, 62.4419], [-76.4596, 62.441], [-76.4547, 62.4346], [-76.4429, 62.4337], [-76.4395, 62.4279], [-76.4328, 62.4253], [-76.4125, 62.4326], [-76.406, 62.4292], [-76.3933, 62.4326], [-76.3824, 62.4268], [-76.3698, 62.4277], [-76.3498, 62.421], [-76.2988, 62.4173], [-76.2913, 62.4198], [-76.255, 62.4013], [-76.2208, 62.3995], [-76.1802, 62.3858], [-76.1546, 62.3855], [-76.1127, 62.3782], [-76.0345, 62.3552], [-75.9632, 62.3474], [-75.9547, 62.352], [-75.9457, 62.3522], [-75.922, 62.3464], [-75.92, 62.3429], [-75.8958, 62.3333], [-75.8787, 62.3306], [-75.8763, 62.3268], [-75.8641, 62.3222], [-75.7816, 62.3069], [-75.7523, 62.3069], [-75.7284, 62.3023], [-75.7141, 62.3044], [-75.6926, 62.2948], [-75.6587, 62.2973], [-75.6339, 62.2894], [-75.6231, 62.2913], [-75.575, 62.2874], [-75.5522, 62.2961], [-75.4115, 62.3094], [-75.3998, 62.3068], [-75.3864, 62.313], [-75.3408, 62.3169], [-75.3173, 62.3137], [-75.2809, 62.3002], [-75.2315, 62.2989], [-75.1837, 62.2927], [-75.1866, 62.2908], [-75.1105, 62.2835], [-75.0772, 62.2699], [-75.0569, 62.2727], [-75.0396, 62.2679], [-74.9699, 62.2663], [-74.9147, 62.2562], [-74.8897, 62.2457], [-74.865, 62.2411], [-74.8532, 62.243], [-74.8033, 62.2404], [-74.7069, 62.2553], [-74.6532, 62.2537], [-74.6223, 62.2597], [-74.4984, 62.2483], [-74.4023, 62.2503], [-74.3742, 62.2602], [-74.3539, 62.2607], [-74.3442, 62.2661], [-74.3342, 62.2782], [-74.3207, 62.2839], [-74.2976, 62.2869], [-74.2753, 62.3041], [-74.2709, 62.3119], [-74.2732, 62.3157], [-74.2619, 62.3196], [-74.2563, 62.3255], [-74.1995, 62.3336], [-74.1842, 62.344], [-74.1414, 62.3467], [-74.1083, 62.3558], [-74.0858, 62.3541], [-74.0584, 62.3577], [-74.0321, 62.3668], [-74.0137, 62.3695], [-74.0, 62.3803], [-73.9737, 62.3888], [-73.9537, 62.4045], [-73.9319, 62.4108], [-73.914, 62.4247], [-73.9125, 62.427], [-73.9158, 62.4295], [-73.9115, 62.4329], [-73.8679, 62.4489], [-73.8589, 62.4554], [-73.8606, 62.4577], [-73.85, 62.4636], [-73.8395, 62.465], [-73.8303, 62.461], [-73.7932, 62.464], [-73.7829, 62.4687], [-73.7716, 62.4678], [-73.7339, 62.4775], [-73.7153, 62.4751], [-73.7112, 62.4764], [-73.7117, 62.4823], [-73.706, 62.4839], [-73.6701, 62.4799], [-73.6593, 62.4752], [-73.6582, 62.4706], [-73.6476, 62.463], [-73.6491, 62.4584], [-73.6301, 62.4521], [-73.614, 62.443], [-73.6, 62.429], [-73.5934, 62.4283], [-73.6008, 62.4224], [-73.5843, 62.414], [-73.4851, 62.3877], [-73.4658, 62.389], [-73.4556, 62.3812], [-73.3851, 62.3767], [-73.3705, 62.3634], [-73.3443, 62.3557], [-73.3245, 62.3474], [-73.3183, 62.3407], [-73.2962, 62.3334], [-73.2567, 62.3253], [-73.2213, 62.3223], [-73.1919, 62.3149], [-73.1684, 62.295], [-73.1642, 62.2645], [-73.1439, 62.251], [-73.1011, 62.2343], [-73.0825, 62.2171], [-73.0521, 62.2091], [-73.043, 62.202], [-73.0011, 62.1954], [-72.987, 62.1842], [-72.9604, 62.1771], [-72.9498, 62.1693], [-72.9063, 62.1623], [-72.8805, 62.1543], [-72.8638, 62.1445], [-72.8009, 62.1359], [-72.7834, 62.1353], [-72.7514, 62.1439], [-72.7012, 62.1382], [-72.67, 62.1313], [-72.6538, 62.1239], [-72.642, 62.1233], [-72.6273, 62.1136], [-72.6136, 62.1122], [-72.6075, 62.1061], [-72.6085, 62.101], [-72.6004, 62.0949], [-72.6084, 62.0883], [-72.6004, 62.0836], [-72.6065, 62.0804], [-72.608, 62.0721], [-72.6016, 62.0679], [-72.5983, 62.0595], [-72.5818, 62.0506], [-72.5819, 62.0482], [-72.5888, 62.0471], [-72.5925, 62.0216], [-72.5956, 62.0197], [-72.5816, 61.9988], [-72.5865, 61.9912], [-72.575, 61.9821], [-72.5794, 61.9792], [-72.5782, 61.9774], [-72.5625, 61.9717], [-72.4911, 61.9296], [-72.4714, 61.9241], [-72.468, 61.9191], [-72.4449, 61.9121], [-72.4378, 61.9062], [-72.415, 61.9044], [-72.3844, 61.8944], [-72.3478, 61.8957], [-72.325, 61.8887], [-72.3094, 61.8912], [-72.2656, 61.8895], [-72.2552, 61.8831], [-72.2288, 61.8828], [-72.225, 61.8778], [-72.2096, 61.8747], [-72.2086, 61.8708], [-72.1951, 61.8664], [-72.1927, 61.8613], [-72.1797, 61.8538], [-72.1748, 61.834], [-72.1596, 61.8286], [-72.1568, 61.8215], [-72.1376, 61.8091], [-72.1109, 61.7977], [-72.073, 61.7577], [-72.0466, 61.7484], [-72.0436, 61.746], [-72.0448, 61.7396], [-72.0283, 61.7302], [-71.9035, 61.7094], [-71.9017, 61.7058], [-71.8927, 61.7057], [-71.8898, 61.7015], [-71.8917, 61.6981], [-71.8846, 61.6967], [-71.8589, 61.7017], [-71.818, 61.6977], [-71.777, 61.6839], [-71.7437, 61.6784], [-71.7124, 61.6667], [-71.7, 61.668], [-71.687, 61.6632], [-71.6429, 61.6581], [-71.6234, 61.6525], [-71.6184, 61.644], [-71.6087, 61.6393], [-71.5779, 61.6329], [-71.5523, 61.6189], [-71.545, 61.6109], [-71.5233, 61.612], [-71.5132, 61.6088], [-71.5087, 61.6037], [-71.5193, 61.5926], [-71.5148, 61.5892], [-71.5195, 61.585], [-71.5164, 61.5808], [-71.5278, 61.5694], [-71.5432, 61.5624], [-71.5656, 61.5449], [-71.5638, 61.4075], [-71.6363, 61.3254], [-71.6339, 61.3134], [-71.6243, 61.3156], [-71.595, 61.3128], [-71.6024, 61.3045], [-71.6317, 61.3015], [-71.6278, 61.2809], [-71.6072, 61.263], [-71.5303, 61.238], [-71.4328, 61.2233], [-71.4373, 61.2203], [-71.4372, 61.2153], [-71.4322, 61.2102], [-71.4418, 61.2018], [-71.4399, 61.1981], [-71.4446, 61.1952], [-71.4406, 61.1894], [-71.4465, 61.1844], [-71.4428, 61.1827], [-71.3971, 61.1753], [-71.3936, 61.1687], [-71.3851, 61.169], [-71.3404, 61.1566], [-71.3254, 61.1602], [-71.322, 61.155], [-71.3153, 61.153], [-71.2938, 61.1593], [-71.2619, 61.1575], [-71.219, 61.1625], [-71.1606, 61.1433], [-71.1458, 61.1435], [-71.1236, 61.1352], [-71.0661, 61.1307], [-71.0435, 61.136], [-71.0128, 61.1287], [-70.9861, 61.1279], [-70.9512, 61.1166], [-70.9309, 61.1147], [-70.9294, 61.1111], [-70.9184, 61.1065], [-70.9191, 61.1024], [-70.8839, 61.0885], [-70.8859, 61.085], [-70.8801, 61.0788], [-70.8301, 61.0785], [-70.7381, 61.0852], [-70.7116, 61.0803], [-70.6935, 61.0715], [-70.6908, 61.0661], [-70.6853, 61.0642], [-70.6865, 61.0589], [-70.6681, 61.0558], [-70.4107, 61.0868], [-70.4028, 61.0905], [-70.3823, 61.0885], [-70.3014, 61.1016], [-70.2601, 61.0995], [-70.2399, 61.0932], [-70.1533, 61.092], [-70.143, 61.0883], [-70.1302, 61.0913], [-70.1052, 61.0695], [-70.105, 61.0543], [-70.1154, 61.0424], [-70.1291, 61.0388], [-70.1448, 61.0282], [-70.1454, 61.0214], [-70.1527, 61.0177], [-70.1541, 61.0112], [-70.1459, 61.0026], [-70.1154, 60.9876], [-70.0863, 60.9616], [-70.0761, 60.9601], [-70.0754, 60.9713], [-70.0652, 60.9588], [-69.991, 60.9495], [-69.9913, 60.9568], [-69.9982, 60.9604], [-70.0235, 60.9977], [-70.0171, 61.0023], [-70.003, 61.0035], [-69.9826, 61.0143], [-69.9894, 61.0214], [-69.9837, 61.0238], [-69.9862, 61.0267], [-69.9845, 61.0321], [-69.9714, 61.0321], [-69.9629, 61.0377], [-69.9498, 61.0408], [-69.9349, 61.0318], [-69.9256, 61.0329], [-69.9211, 61.0303], [-69.9279, 61.0225], [-69.9171, 61.0161], [-69.9251, 61.0085], [-69.9109, 61.0013], [-69.9234, 60.9979], [-69.9287, 60.9904], [-69.9555, 60.9776], [-69.9572, 60.9751], [-69.9447, 60.9778], [-69.9423, 60.9671], [-69.9566, 60.9566], [-69.9527, 60.9494], [-69.9628, 60.9491], [-69.9641, 60.9454], [-69.7624, 60.9183], [-69.6822, 60.9429], [-69.6854, 60.9536], [-69.6822, 60.9577], [-69.6841, 60.9601], [-69.6793, 60.9634], [-69.6853, 60.981], [-69.6971, 60.9874], [-69.6958, 60.9916], [-69.6987, 60.9953], [-69.6843, 61.0159], [-69.6726, 61.0239], [-69.6744, 61.0259], [-69.6505, 61.042], [-69.6494, 61.0542], [-69.6442, 61.0581], [-69.6107, 61.0657], [-69.6101, 61.076], [-69.6133, 61.0786], [-69.5939, 61.0818], [-69.5745, 61.081], [-69.567, 61.0769], [-69.5514, 61.0791], [-69.5017, 61.0671], [-69.484, 61.0383], [-69.4798, 61.0192], [-69.4818, 61.0137], [-69.4707, 61.0086], [-69.4667, 61.0028], [-69.4632, 60.9966], [-69.4678, 60.9916], [-69.4546, 60.986], [-69.4545, 60.9768], [-69.4485, 60.969], [-69.446, 60.9579], [-69.4269, 60.9513], [-69.4212, 60.9525], [-69.3956, 60.9301], [-69.3734, 60.9213], [-69.3701, 60.9159], [-69.3756, 60.9116], [-69.3737, 60.9045], [-69.3794, 60.8982], [-69.3759, 60.886], [-69.3896, 60.8748], [-69.3897, 60.8685], [-69.3718, 60.8552], [-69.3799, 60.8345], [-69.3748, 60.8282], [-69.3761, 60.8261], [-69.3612, 60.8195], [-69.3567, 60.8143], [-69.362, 60.8045], [-69.371, 60.7967], [-69.3789, 60.7967], [-69.4097, 60.7855], [-69.4169, 60.7859], [-69.4258, 60.7805], [-69.4416, 60.7823], [-69.4518, 60.7761], [-69.4527, 60.7714], [-69.4742, 60.7646], [-69.487, 60.7668], [-69.4997, 60.7624], [-69.5073, 60.7514], [-69.5261, 60.7548], [-69.5346, 60.749], [-69.5468, 60.7291], [-69.56, 60.7192], [-69.6419, 60.7043], [-69.6437, 60.7021], [-69.6414, 60.7002], [-69.6491, 60.6981], [-69.6747, 60.6738], [-69.6761, 60.6691], [-69.6682, 60.6533], [-69.6455, 60.6332], [-69.6468, 60.6307], [-69.6432, 60.6277], [-69.6467, 60.6211], [-69.6263, 60.5993], [-69.6283, 60.5965], [-69.6208, 60.5938], [-69.6242, 60.5876], [-69.6196, 60.5839], [-69.6217, 60.5795], [-69.6349, 60.5753], [-69.6313, 60.573], [-69.6418, 60.5729], [-69.6512, 60.5667], [-69.6478, 60.5593], [-69.6524, 60.5542], [-69.6738, 60.5435], [-69.711, 60.4601], [-69.7095, 60.451], [-69.7189, 60.4488], [-69.7185, 60.4455], [-69.7304, 60.438], [-69.7252, 60.4345], [-69.727, 60.4317], [-69.7173, 60.4087], [-69.7058, 60.4046], [-69.6982, 60.3939], [-69.6883, 60.3922], [-69.6718, 60.363], [-69.6613, 60.3561], [-69.6605, 60.3522], [-69.6633, 60.3519], [-69.6672, 60.3425], [-69.662, 60.3412], [-69.6681, 60.3412], [-69.6711, 60.3343], [-69.6678, 60.3318], [-69.6487, 60.2787], [-69.6357, 60.2581], [-69.644, 60.2546], [-69.6317, 60.2463], [-69.6385, 60.2406], [-69.6185, 60.2292], [-69.6029, 60.2259], [-69.59, 60.2278], [-69.584, 60.2233], [-69.5923, 60.2128], [-69.5877, 60.2089], [-69.5968, 60.1993], [-69.5901, 60.1874], [-69.5933, 60.1808], [-69.5882, 60.179], [-69.5916, 60.1696], [-69.5678, 60.1638], [-69.5602, 60.1562], [-69.5608, 60.1504], [-69.5855, 60.1321], [-69.5856, 60.1229], [-69.5899, 60.118], [-69.5665, 60.1122], [-69.561, 60.1063], [-69.5627, 60.1046], [-69.5422, 60.0938], [-69.5487, 60.0911], [-69.5475, 60.0857], [-69.5509, 60.0806], [-69.5607, 60.0742], [-69.5577, 60.0716], [-69.5897, 59.9762], [-69.5919, 59.9617], [-69.6212, 59.9559], [-69.6207, 59.9429], [-69.6108, 59.9391], [-69.6171, 59.9341], [-69.6136, 59.9296], [-69.6241, 59.9259], [-69.6275, 59.9212], [-69.6209, 59.907], [-69.5798, 59.8929], [-69.5103, 59.8841], [-69.4882, 59.8701], [-69.4895, 59.8672], [-69.4998, 59.8659], [-69.5071, 59.8581], [-69.5121, 59.8409], [-69.527, 59.8287], [-69.5287, 59.817], [-69.519, 59.8068], [-69.5043, 59.8034], [-69.5007, 59.7969], [-69.4712, 59.7999], [-69.4782, 59.7894], [-69.4931, 59.783], [-69.526, 59.7589], [-69.5327, 59.7578], [-69.5335, 59.7517], [-69.5413, 59.7451], [-69.5113, 59.6952], [-69.4843, 59.6717], [-69.4898, 59.6622], [-69.4855, 59.6499], [-69.488, 59.6425], [-69.4831, 59.6318], [-69.4963, 59.6199], [-69.4975, 59.609], [-69.5337, 59.5942], [-69.541, 59.5875], [-69.5443, 59.5815], [-69.5435, 59.5689], [-69.5922, 59.5579], [-69.6373, 59.5287], [-69.6359, 59.5266], [-69.6391, 59.524], [-69.6339, 59.5214], [-69.6374, 59.5149], [-69.631, 59.5115], [-69.6363, 59.4993], [-69.6271, 59.4912], [-69.6306, 59.479], [-69.6292, 59.4737], [-69.6047, 59.4623], [-69.5733, 59.4616], [-69.5688, 59.4574], [-69.5695, 59.4537], [-69.4013, 59.3777], [-69.4051, 59.3741], [-69.4024, 59.3687], [-69.3935, 59.3644], [-69.3651, 59.3578], [-69.3338, 59.3561], [-69.3178, 59.3615], [-69.2583, 59.3537], [-69.2321, 59.3464], [-69.2348, 59.3291], [-69.2312, 59.3192], [-69.2329, 59.3166], [-69.2297, 59.3145], [-69.232, 59.3077], [-69.2137, 59.2952], [-69.2172, 59.2868], [-69.2075, 59.2814], [-69.2104, 59.278], [-69.2247, 59.2783], [-69.2275, 59.2673], [-69.2256, 59.2618], [-69.2177, 59.2558], [-69.2159, 59.2468], [-69.2181, 59.2408], [-69.2104, 59.2346], [-69.2086, 59.2259], [-69.1358, 59.1711], [-69.1301, 59.1697], [-69.117, 59.1431], [-69.1093, 59.139], [-69.108, 59.1351], [-69.092, 59.1283], [-69.0826, 59.1188], [-69.0821, 59.1108], [-69.0776, 59.104], [-69.0686, 59.102], [-69.0728, 59.1107], [-69.0691, 59.1132], [-69.0655, 59.1112], [-69.0661, 59.1013], [-69.0621, 59.096], [-69.0444, 59.0877], [-69.0486, 59.0787], [-69.0481, 59.0704], [-69.0276, 59.0549], [-69.0208, 59.0478], [-69.0222, 59.0462], [-68.9862, 59.0127], [-68.9755, 59.0104], [-68.9898, 59.0205], [-68.9923, 59.0253], [-68.9901, 59.0318], [-68.9863, 59.0313], [-68.9849, 59.0255], [-68.9701, 59.0194], [-68.9598, 59.0054], [-68.9671, 58.994], [-68.8922, 58.9241], [-68.797, 58.9288], [-68.7501, 58.9343], [-68.5514, 58.941], [-68.4918, 58.9244], [-68.4628, 58.9129], [-68.4417, 58.9088], [-68.4283, 58.9022], [-68.4124, 58.8865], [-68.3841, 58.8832], [-68.342, 58.8719], [-68.3132, 58.8571], [-68.2576, 58.8196], [-68.2577, 58.8102], [-68.2681, 58.7884], [-68.278, 58.7517], [-68.2622, 58.7376], [-68.2761, 58.7254], [-68.272, 58.717], [-68.2775, 58.7061], [-68.272, 58.6948], [-68.2771, 58.6778], [-68.2672, 58.6733], [-68.2712, 58.6695], [-68.2681, 58.667], [-68.2697, 58.6632], [-68.2604, 58.6553], [-68.2639, 58.6537], [-68.2629, 58.6492], [-68.2686, 58.6417], [-68.2647, 58.6364], [-68.2726, 58.6357], [-68.2684, 58.6163], [-68.2594, 58.6131], [-68.2551, 58.6042], [-68.2425, 58.5932], [-68.2432, 58.5833], [-68.2202, 58.5763], [-68.2084, 58.5765], [-68.2074, 58.5806], [-68.2037, 58.5765], [-68.1932, 58.5737], [-68.094, 58.5711], [-68.0659, 58.5759], [-68.0418, 58.5725], [-68.024, 58.5876], [-68.0155, 58.5856], [-68.0002, 58.5904], [-67.9891, 58.5779], [-67.9647, 58.5722], [-67.967, 58.5708], [-67.9533, 58.5627], [-67.9571, 58.5595], [-67.9525, 58.55], [-67.9188, 58.5314], [-67.7658, 58.4982], [-67.7645, 58.5], [-67.7302, 58.4899], [-67.7134, 58.4796], [-67.7025, 58.477], [-67.7035, 58.4718], [-67.663, 58.461], [-67.661, 58.4458], [-67.6206, 58.4249], [-67.6164, 58.4297], [-67.5961, 58.4348], [-67.5792, 58.4345], [-67.569, 58.4309], [-67.5743, 58.4334], [-67.5655, 58.4365], [-67.5711, 58.4377], [-67.5536, 58.4374], [-67.5423, 58.4271], [-67.5415, 58.4216], [-67.5502, 58.4079], [-67.5589, 58.4099], [-67.5629, 58.4061], [-67.5681, 58.4067], [-67.5564, 58.3949], [-67.5579, 58.3926], [-67.551, 58.389], [-67.5439, 58.3932], [-67.5497, 58.3957], [-67.544, 58.4041], [-67.5451, 58.4102], [-67.5343, 58.4165], [-67.5338, 58.4231], [-67.5296, 58.4269], [-67.5337, 58.4351], [-67.528, 58.4526], [-67.5213, 58.4555], [-67.5201, 58.4605], [-67.5037, 58.4625], [-67.4882, 58.4552], [-67.4828, 58.4559], [-67.4673, 58.4424], [-67.4579, 58.422], [-67.4646, 58.414], [-67.4545, 58.4102], [-67.4603, 58.4005], [-67.4504, 58.4013], [-67.4484, 58.3958], [-67.4308, 58.3892], [-67.4497, 58.3555], [-67.4395, 58.3583], [-67.4322, 58.3684], [-67.4165, 58.377], [-67.4136, 58.3764], [-67.4097, 58.3659], [-67.3979, 58.3618], [-67.4028, 58.3576], [-67.3983, 58.3551], [-67.4028, 58.3545], [-67.4009, 58.3504], [-67.4343, 58.3564], [-67.435, 58.3528], [-67.4222, 58.3455], [-67.4406, 58.3327], [-67.4316, 58.328], [-67.4107, 58.3265], [-67.4002, 58.3171], [-67.3883, 58.3125], [-67.3744, 58.3116], [-67.3611, 58.3174], [-67.341, 58.3373], [-67.3289, 58.3415], [-67.3058, 58.3565], [-67.2806, 58.3609], [-67.2539, 58.3559], [-67.2259, 58.3635], [-67.2203, 58.3708], [-67.2004, 58.3825], [-67.2025, 58.3879], [-67.1988, 58.3921], [-67.1983, 58.4006], [-67.1417, 58.416], [-67.1186, 58.4178], [-67.1058, 58.4304], [-67.1031, 58.4413], [-67.0852, 58.4527], [-67.0517, 58.4522], [-67.0469, 58.4612], [-67.0276, 58.4662], [-67.0234, 58.4736], [-67.0183, 58.476], [-67.0213, 58.4875], [-67.0124, 58.497], [-67.016, 58.5028], [-67.0146, 58.5062], [-66.9818, 58.5015], [-66.9354, 58.5159], [-66.7992, 58.5059], [-66.7867, 58.4976], [-66.7477, 58.5143], [-66.7367, 58.5161], [-66.7096, 58.5488], [-66.7016, 58.5545], [-66.7029, 58.5605], [-66.6962, 58.5685], [-66.7044, 58.5751], [-66.7047, 58.5803], [-66.6994, 58.5814], [-66.691, 58.5769], [-66.6792, 58.5973], [-66.6723, 58.5972], [-66.6655, 58.6025], [-66.673, 58.6099], [-66.6862, 58.642], [-66.6809, 58.6442], [-66.6568, 58.6423], [-66.5796, 58.6648], [-66.5787, 58.6716], [-66.5826, 58.6745], [-66.5735, 58.676], [-66.5752, 58.6799], [-66.5564, 58.6936], [-66.5477, 58.7054], [-66.5513, 58.716], [-66.5415, 58.7195], [-66.5382, 58.7296], [-66.5287, 58.7313], [-66.527, 58.7373], [-66.5201, 58.7395], [-66.5161, 58.7538], [-66.4961, 58.7654], [-66.4948, 58.7805], [-66.5073, 58.7947], [-66.5204, 58.8012], [-66.5101, 58.804], [-66.5002, 58.8113], [-66.5028, 58.8169], [-66.4964, 58.8183], [-66.4982, 58.822], [-66.4937, 58.8385], [-66.4835, 58.8527], [-66.4859, 58.8569], [-66.4729, 58.8664], [-66.4672, 58.864], [-66.4658, 58.8582], [-66.4583, 58.8571], [-66.4257, 58.8616], [-66.4097, 58.8603], [-66.4074, 58.8646], [-66.3718, 58.8671], [-66.3664, 58.862], [-66.3537, 58.859], [-66.1522, 58.861], [-66.1469, 58.8613], [-66.1374, 58.8685], [-66.1285, 58.8655], [-66.1254, 58.8611], [-66.0951, 58.8613], [-66.0566, 58.8833], [-66.0592, 58.8845], [-66.0569, 58.8869], [-66.0481, 58.8881], [-66.002, 58.9144], [-65.9904, 58.9163], [-65.9523, 58.9582], [-65.9615, 58.955], [-65.9779, 58.9353], [-66.0051, 58.9427], [-66.0101, 58.9407], [-66.0189, 58.9453], [-66.0306, 58.9449], [-66.0378, 58.9506], [-66.0394, 58.9564], [-66.057, 58.9675], [-66.0377, 58.9777], [-65.996, 58.9778], [-65.9903, 58.9829], [-65.9753, 58.9852], [-65.9707, 58.984], [-65.9648, 58.9754], [-65.95, 58.9751], [-65.9427, 58.9687], [-65.9329, 58.9793], [-65.9372, 58.9858], [-65.9235, 58.9931], [-65.9259, 58.9963], [-65.924, 59.0005], [-65.9312, 59.0029], [-65.9327, 59.0106], [-65.9385, 59.0146], [-65.9253, 59.0147], [-65.919, 59.0225], [-65.9241, 59.0349], [-65.917, 59.0495], [-65.925, 59.0574], [-65.8537, 59.1303], [-65.8532, 59.1351], [-65.8614, 59.1352], [-65.8632, 59.1378], [-65.8496, 59.147], [-65.8471, 59.1453], [-65.8501, 59.1395], [-65.8482, 59.1363], [-65.8363, 59.1483], [-65.8378, 59.1509], [-65.8305, 59.1552], [-65.843, 59.1662], [-65.8264, 59.1737], [-65.8134, 59.1865], [-65.8071, 59.2022], [-65.7998, 59.2071], [-65.8406, 59.2237], [-65.8658, 59.2424], [-65.8586, 59.2527], [-65.8616, 59.2643], [-65.8493, 59.2717], [-65.8489, 59.2767], [-65.8529, 59.2821], [-65.6466, 59.4099], [-65.6308, 59.4147], [-65.6111, 59.4256], [-65.613, 59.4267], [-65.5899, 59.4362], [-65.5895, 59.4395], [-65.5916, 59.4371], [-65.6006, 59.4404], [-65.6012, 59.4459], [-65.5702, 59.4465], [-65.5654, 59.4492], [-65.5732, 59.4545], [-65.564, 59.4551], [-65.5595, 59.4521], [-65.5302, 59.4674], [-65.5205, 59.4846], [-65.5141, 59.4859], [-65.5088, 59.4924], [-65.5157, 59.4992], [-65.5063, 59.5033], [-65.5011, 59.5013], [-65.4736, 59.5324], [-65.479, 59.5345], [-65.4781, 59.5368], [-65.469, 59.5378], [-65.4371, 59.5723], [-65.4402, 59.5758], [-65.4376, 59.5754], [-65.4382, 59.5796], [-65.4422, 59.5822], [-65.4415, 59.5907], [-65.4555, 59.603], [-65.4605, 59.6139], [-65.4825, 59.6184], [-65.4919, 59.6318], [-65.5033, 59.6374], [-65.5022, 59.6424], [-65.5337, 59.6592], [-65.5383, 59.6646], [-65.5317, 59.6676], [-65.5417, 59.68], [-65.5671, 59.691], [-65.5595, 59.6953], [-65.5641, 59.6988], [-65.5637, 59.7045], [-65.5524, 59.7084], [-65.5684, 59.7227], [-65.5544, 59.7307], [-65.5593, 59.7367], [-65.559, 59.742], [-65.5121, 59.767], [-65.4929, 59.7934], [-65.4761, 59.7996], [-65.4613, 59.8179], [-65.4461, 59.8225], [-65.4291, 59.8217], [-65.3898, 59.8406], [-65.3922, 59.8446], [-65.3882, 59.8481], [-65.3378, 59.8605], [-65.3396, 59.8626], [-65.3363, 59.8679], [-65.3357, 59.8809], [-65.3106, 59.8825], [-65.255, 59.9152], [-65.2632, 59.9195], [-65.2597, 59.9259], [-65.244, 59.9268], [-65.2413, 59.9228], [-65.2359, 59.9257], [-65.2288, 59.9328], [-65.2306, 59.9401], [-65.2122, 59.9487], [-65.2026, 59.962], [-65.2059, 59.9644], [-65.2066, 59.9712], [-65.1991, 59.9784], [-65.1925, 59.9786], [-65.1904, 59.9833], [-65.1841, 59.9855], [-65.1403, 60.0268], [-65.1391, 60.0411], [-65.1335, 60.0472], [-65.1391, 60.0513], [-65.1423, 60.0639], [-65.0372, 60.1264], [-65.0102, 60.1592], [-64.9917, 60.1667], [-65.0061, 60.17], [-64.9989, 60.1765], [-64.9878, 60.1768], [-64.9786, 60.1721], [-64.9653, 60.1785], [-64.9622, 60.1911], [-64.9658, 60.192], [-64.9594, 60.1979], [-64.9608, 60.2013], [-64.9574, 60.2016], [-64.9482, 60.2288], [-64.9503, 60.2373], [-64.9566, 60.243], [-64.9558, 60.2494], [-64.9611, 60.2535], [-64.9572, 60.2597], [-64.95, 60.2622], [-64.9482, 60.2692], [-64.9313, 60.2694], [-64.9187, 60.2802], [-64.8907, 60.2833], [-64.8718, 60.288], [-64.864, 60.2936], [-64.8648, 60.2972], [-64.8711, 60.298], [-64.8572, 60.302], [-64.8515, 60.3084], [-64.8434, 60.3291], [-64.8326, 60.3393], [-64.8397, 60.3489], [-64.8559, 60.3597], [-64.8527, 60.3693], [-64.8414, 60.3724], [-64.7999, 60.3676], [-64.7309, 60.3655], [-64.7023, 60.3549], [-64.6742, 60.3509], [-64.6626, 60.3466], [-64.6616, 60.3434], [-64.6507, 60.3427], [-64.6446, 60.3466], [-64.6235, 60.3442], [-64.5796, 60.33], [-64.5656, 60.321], [-64.5512, 60.3179], [-64.5443, 60.3115], [-64.5354, 60.3106], [-64.5253, 60.3045], [-64.5222, 60.2994], [-64.5312, 60.296], [-64.5357, 60.3017], [-64.5711, 60.3114], [-64.5989, 60.2975], [-64.6114, 60.3002], [-64.6513, 60.2957], [-64.6723, 60.2996], [-64.6921, 60.2941], [-64.7065, 60.2793], [-64.7248, 60.2804], [-64.7368, 60.2893], [-64.7814, 60.2831], [-64.7862, 60.2777], [-64.8029, 60.2765], [-64.8166, 60.2668], [-64.8383, 60.2723], [-64.8545, 60.269], [-64.859, 60.2642], [-64.8589, 60.259], [-64.8499, 60.2528], [-64.854, 60.2514], [-64.8535, 60.2427], [-64.8471, 60.2408], [-64.8522, 60.237], [-64.8499, 60.2312], [-64.8523, 60.2265], [-64.8326, 60.2253], [-64.8218, 60.2124], [-64.7922, 60.2075], [-64.7833, 60.2019], [-64.7825, 60.1973], [-64.757, 60.1882], [-64.7501, 60.1886], [-64.7422, 60.1811], [-64.7469, 60.1781], [-64.746, 60.1742], [-64.7548, 60.1738], [-64.7554, 60.1714], [-64.7271, 60.1652], [-64.7241, 60.1669], [-64.7263, 60.1732], [-64.7006, 60.1727], [-64.6985, 60.1807], [-64.6929, 60.1827], [-64.672, 60.1767], [-64.6673, 60.1704], [-64.6276, 60.1674], [-64.6214, 60.1716], [-64.6107, 60.1709], [-64.5942, 60.166], [-64.6071, 60.1602], [-64.5921, 60.1524], [-64.5949, 60.1469], [-64.6049, 60.1436], [-64.599, 60.1354], [-64.5804, 60.1315], [-64.5867, 60.1165], [-64.5994, 60.1173], [-64.6072, 60.1119], [-64.6347, 60.105], [-64.6391, 60.1052], [-64.6394, 60.1133], [-64.6635, 60.1132], [-64.6678, 60.1108], [-64.6658, 60.1066], [-64.6766, 60.1042], [-64.7088, 60.1095], [-64.7432, 60.1101], [-64.7451, 60.1072], [-64.7527, 60.1065], [-64.7684, 60.1099], [-64.7686, 60.1057], [-64.7593, 60.1012], [-64.7412, 60.0987], [-64.7187, 60.0902], [-64.7093, 60.0835], [-64.7039, 60.0746], [-64.7142, 60.073], [-64.7115, 60.0664], [-64.718, 60.064], [-64.722, 60.0574], [-64.7765, 60.0602], [-64.7974, 60.0574], [-64.8069, 60.0512], [-64.8248, 60.051], [-64.854, 60.0555], [-64.8708, 60.0625], [-64.8802, 60.0597], [-64.893, 60.0639], [-64.9008, 60.0597], [-64.9132, 60.0665], [-64.9206, 60.0655], [-64.9193, 60.06], [-64.8898, 60.0473], [-64.8847, 60.0373], [-64.8789, 60.0338], [-64.8845, 60.0283], [-64.8721, 60.0157], [-64.8741, 60.0138], [-64.8511, 60.0023], [-64.8748, 59.9904], [-64.8729, 59.983], [-64.8556, 59.9839], [-64.8449, 59.9771], [-64.8363, 59.9759], [-64.8358, 59.9729], [-64.8442, 59.9688], [-64.8379, 59.9648], [-64.83, 59.9658], [-64.8228, 59.9714], [-64.7962, 59.9712], [-64.7929, 59.9771], [-64.7751, 59.9822], [-64.7722, 59.9803], [-64.7734, 59.9752], [-64.7625, 59.9756], [-64.743, 59.9702], [-64.741, 59.9655], [-64.7489, 59.9584], [-64.744, 59.9549], [-64.7188, 59.9537], [-64.7098, 59.9613], [-64.686, 59.9578], [-64.6639, 59.951], [-64.6528, 59.9508], [-64.6609, 59.9459], [-64.6595, 59.9351], [-64.665, 59.9287], [-64.6317, 59.9321], [-64.6209, 59.9294], [-64.6297, 59.9267], [-64.6357, 59.9208], [-64.6427, 59.9061], [-64.6566, 59.9021], [-64.6592, 59.8902], [-64.6801, 59.8802], [-64.6894, 59.8787], [-64.6921, 59.8834], [-64.7189, 59.8887], [-64.7625, 59.8903], [-64.7642, 59.8887], [-64.7594, 59.8809], [-64.7681, 59.879], [-64.7695, 59.8733], [-64.754, 59.8736], [-64.7345, 59.8694], [-64.7252, 59.8613], [-64.7647, 59.8536], [-64.7691, 59.8492], [-64.7853, 59.8495], [-64.7886, 59.8438], [-64.7953, 59.8407], [-64.7928, 59.8375], [-64.7948, 59.8343], [-64.8196, 59.8334], [-64.8201, 59.8219], [-64.8019, 59.8179], [-64.7898, 59.8074], [-64.7942, 59.8019], [-64.8095, 59.7968], [-64.8124, 59.7824], [-64.8063, 59.7788], [-64.8054, 59.7691], [-64.787, 59.7604], [-64.789, 59.7517], [-64.7963, 59.7454], [-64.7938, 59.7362], [-64.7763, 59.7355], [-64.7581, 59.7306], [-64.7513, 59.7252], [-64.7486, 59.7133], [-64.7822, 59.6914], [-64.7753, 59.6857], [-64.7728, 59.6738], [-64.7991, 59.664], [-64.8098, 59.6545], [-64.8108, 59.6444], [-64.7989, 59.6175], [-64.8129, 59.6117], [-64.8153, 59.6073], [-64.8041, 59.5901], [-64.8101, 59.585], [-64.8087, 59.5761], [-64.8121, 59.5697], [-64.8379, 59.5677], [-64.8399, 59.5567], [-64.8172, 59.5401], [-64.8255, 59.529], [-64.8101, 59.5096], [-64.8108, 59.498], [-64.7949, 59.4925], [-64.7803, 59.4945], [-64.749, 59.4902], [-64.7413, 59.4798], [-64.7336, 59.4761], [-64.7311, 59.4674], [-64.6935, 59.4622], [-64.6754, 59.4458], [-64.6388, 59.4622], [-64.6372, 59.4728], [-64.6291, 59.4788], [-64.6299, 59.4828], [-64.5916, 59.4698], [-64.5785, 59.4703], [-64.5669, 59.477], [-64.5652, 59.4857], [-64.5543, 59.4912], [-64.5322, 59.4993], [-64.5126, 59.499], [-64.4965, 59.5045], [-64.5154, 59.5166], [-64.499, 59.5232], [-64.482, 59.52], [-64.4563, 59.524], [-64.442, 59.535], [-64.4216, 59.5358], [-64.3927, 59.5266], [-64.382, 59.5202], [-64.3748, 59.5223], [-64.3504, 59.5186], [-64.3434, 59.5109], [-64.3293, 59.5137], [-64.324, 59.5113], [-64.3241, 59.5048], [-64.3338, 59.4986], [-64.3639, 59.4968], [-64.3646, 59.4871], [-64.3854, 59.4849], [-64.3813, 59.4775], [-64.3986, 59.4757], [-64.4092, 59.4796], [-64.4355, 59.4632], [-64.4568, 59.4597], [-64.4615, 59.4562], [-64.4651, 59.4469], [-64.4868, 59.4451], [-64.4806, 59.4431], [-64.5143, 59.4229], [-64.4724, 59.4195], [-64.4761, 59.4156], [-64.4625, 59.4114], [-64.4859, 59.41], [-64.4952, 59.4039], [-64.5251, 59.3998], [-64.5306, 59.3911], [-64.5215, 59.3865], [-64.5353, 59.3751], [-64.5368, 59.3706], [-64.5342, 59.366], [-64.5205, 59.3624], [-64.5178, 59.3568], [-64.4916, 59.3496], [-64.498, 59.3402], [-64.5147, 59.3333], [-64.5202, 59.3184], [-64.5498, 59.3196], [-64.5577, 59.3166], [-64.5353, 59.3036], [-64.5363, 59.2963], [-64.5424, 59.2903], [-64.5302, 59.2858], [-64.5191, 59.2881], [-64.5205, 59.2825], [-64.5109, 59.2793], [-64.5066, 59.2742], [-64.4928, 59.2738], [-64.489, 59.2709], [-64.4921, 59.2652], [-64.491, 59.2596], [-64.4988, 59.2553], [-64.4973, 59.2495], [-64.504, 59.2463], [-64.5114, 59.2352], [-64.5062, 59.2277], [-64.5349, 59.2205], [-64.5193, 59.2164], [-64.5224, 59.2082], [-64.4937, 59.1967], [-64.4816, 59.1875], [-64.4757, 59.1877], [-64.476, 59.1838], [-64.4711, 59.1795], [-64.4796, 59.1707], [-64.4744, 59.1638], [-64.4753, 59.1578], [-64.4829, 59.149], [-64.4806, 59.1407], [-64.4895, 59.1386], [-64.4922, 59.1337], [-64.4825, 59.1163], [-64.4905, 59.1094], [-64.4895, 59.1033], [-64.4789, 59.0986], [-64.4524, 59.1004], [-64.4354, 59.1071], [-64.4322, 59.1028], [-64.4353, 59.0879], [-64.4217, 59.0863], [-64.4198, 59.0788], [-64.4075, 59.0891], [-64.3815, 59.0927], [-64.3814, 59.0977], [-64.3687, 59.0986], [-64.3657, 59.0933], [-64.3685, 59.0868], [-64.3592, 59.0781], [-64.3638, 59.0688], [-64.3376, 59.0716], [-64.3159, 59.0689], [-64.3058, 59.0605], [-64.3017, 59.0439], [-64.2779, 59.0361], [-64.2784, 59.0255], [-64.2665, 59.0189], [-64.2654, 59.014], [-64.2813, 59.005], [-64.3322, 59.0033], [-64.3502, 58.9966], [-64.3543, 59.0047], [-64.373, 59.0089], [-64.3774, 59.0025], [-64.3928, 59.0057], [-64.3995, 59.0], [-64.4363, 58.9945], [-64.4522, 58.9844], [-64.4722, 58.9842], [-64.4773, 58.9928], [-64.4697, 58.9961], [-64.4687, 59.0024], [-64.4794, 59.0036], [-64.482, 59.0088], [-64.4904, 59.0113], [-64.4929, 59.0166], [-64.5155, 59.0191], [-64.5116, 59.0146], [-64.5141, 59.0055], [-64.5396, 59.0031], [-64.5445, 59.0118], [-64.5611, 59.0158], [-64.5766, 59.0391], [-64.5993, 59.0375], [-64.608, 59.0444], [-64.6707, 59.0388], [-64.6768, 59.0433], [-64.6826, 59.0666], [-64.681, 59.0718], [-64.6843, 59.0741], [-64.7278, 59.075], [-64.7353, 59.0788], [-64.7364, 59.0719], [-64.7429, 59.0697], [-64.7558, 59.0699], [-64.7638, 59.0736], [-64.7699, 59.07], [-64.7818, 59.0736], [-64.7846, 59.0689], [-64.7935, 59.0665], [-64.8111, 59.0668], [-64.8161, 59.0716], [-64.8281, 59.072], [-64.8243, 59.0562], [-64.8262, 59.0432], [-64.8382, 59.0309], [-64.831, 59.0196], [-64.8611, 59.0159], [-64.8691, 59.0104], [-64.8702, 59.0038], [-64.8664, 58.9886], [-64.851, 58.9888], [-64.8408, 58.9831], [-64.8345, 58.9581], [-64.842, 58.9532], [-64.8881, 58.9489], [-64.8895, 58.9416], [-64.8629, 58.9404], [-64.8599, 58.9313], [-64.8338, 58.9286], [-64.831, 58.9244], [-64.8322, 58.9197], [-64.8174, 58.9151], [-64.7808, 58.9221], [-64.7623, 58.9204], [-64.7454, 58.9332], [-64.7478, 58.9371], [-64.7598, 58.9383], [-64.7328, 58.9502], [-64.651, 58.9406], [-64.6278, 58.9309], [-64.6273, 58.9231], [-64.617, 58.9201], [-64.6125, 58.9055], [-64.5634, 58.8997], [-64.5544, 58.895], [-64.5484, 58.8856], [-64.5267, 58.8874], [-64.5175, 58.8825], [-64.4954, 58.8934], [-64.4853, 58.8951], [-64.4739, 58.9052], [-64.4604, 58.9084], [-64.4494, 58.9083], [-64.4417, 58.9046], [-64.4246, 58.905], [-64.4222, 58.9016], [-64.4236, 58.8915], [-64.4167, 58.8893], [-64.4053, 58.8912], [-64.4013, 58.9011], [-64.3865, 58.9041], [-64.3729, 58.8992], [-64.3621, 58.8992], [-64.3535, 58.893], [-64.3377, 58.9001], [-64.3053, 58.902], [-64.2901, 58.895], [-64.2911, 58.8879], [-64.2791, 58.8802], [-64.26, 58.8772], [-64.2502, 58.866], [-64.2397, 58.8611], [-64.2381, 58.8466], [-64.2286, 58.8334], [-64.2369, 58.83], [-64.2366, 58.8226], [-64.2266, 58.8157], [-64.2433, 58.801], [-64.2342, 58.7952], [-64.2316, 58.7866], [-64.225, 58.7832], [-64.205, 58.7814], [-64.1756, 58.788], [-64.1721, 58.7743], [-64.1579, 58.7566], [-64.1465, 58.7484], [-64.1201, 58.7494], [-64.1099, 58.7585], [-64.0867, 58.7591], [-64.0775, 58.7627], [-64.071, 58.7725], [-64.0744, 58.7827], [-64.0506, 58.7872], [-64.0414, 58.7934], [-64.0407, 58.7989], [-64.0449, 58.8064], [-64.0409, 58.8109], [-64.0134, 58.816], [-63.999, 58.8145], [-63.9738, 58.8315], [-63.9679, 58.8269], [-63.9487, 58.8278], [-63.8991, 58.8393], [-63.8946, 58.8365], [-63.8644, 58.8339], [-63.8437, 58.8425], [-63.8434, 58.8474], [-63.8394, 58.8496], [-63.8209, 58.8469], [-63.8077, 58.8486], [-63.7972, 58.857], [-63.7992, 58.8664], [-63.7833, 58.8707], [-63.7809, 58.8797], [-63.7852, 58.8839], [-63.7709, 58.8846], [-63.7624, 58.8791], [-63.7466, 58.8821], [-63.731, 58.879], [-63.7222, 58.88], [-63.7124, 58.8875], [-63.6813, 58.8809], [-63.6791, 58.8643], [-63.671, 58.8598], [-63.6599, 58.8589], [-63.657, 58.8538], [-63.6398, 58.8514], [-63.6137, 58.8542], [-63.5808, 58.8525], [-63.5705, 58.8464], [-63.5648, 58.8378], [-63.5483, 58.8324], [-63.5485, 58.8279], [-63.5427, 58.8213], [-63.5286, 58.8155], [-63.5272, 58.8113], [-63.5231, 58.8108], [-63.5233, 58.807], [-63.5048, 58.7944], [-63.494, 58.7798], [-63.4896, 58.7675], [-63.4663, 58.7631], [-63.4721, 58.7588], [-63.4996, 58.7548], [-63.4979, 58.746], [-63.5042, 58.7418], [-63.5509, 58.738], [-63.5564, 58.7345], [-63.5572, 58.7283], [-63.5843, 58.7323], [-63.6328, 58.7195], [-63.658, 58.7258], [-63.6814, 58.7173], [-63.699, 58.72], [-63.7152, 58.707], [-63.7471, 58.7175], [-63.7868, 58.7046], [-63.8009, 58.7074], [-63.8072, 58.7127], [-63.835, 58.7113], [-63.8387, 58.7073], [-63.8548, 58.7074], [-63.864, 58.704], [-63.8885, 58.711], [-63.9216, 58.7059], [-63.9266, 58.6989], [-63.9349, 58.6988], [-63.9491, 58.6894], [-63.9618, 58.6937], [-63.9801, 58.691], [-63.997, 58.6929], [-64.0347, 58.7037], [-64.0432, 58.7017], [-64.0482, 58.6907], [-64.0797, 58.6636], [-64.0806, 58.6484], [-64.1063, 58.6383], [-64.1228, 58.6198], [-64.1458, 58.6062], [-64.1376, 58.5995], [-64.1168, 58.5951], [-64.1064, 58.596], [-64.0906, 58.5893], [-64.1142, 58.5795], [-64.1021, 58.5626], [-64.0886, 58.559], [-64.0769, 58.54], [-64.06, 58.5393], [-64.0433, 58.5262], [-64.0337, 58.5228], [-64.0194, 58.5333], [-63.9942, 58.5268], [-63.9522, 58.5382], [-63.9458, 58.551], [-63.933, 58.5528], [-63.9217, 58.5616], [-63.9155, 58.5725], [-63.8947, 58.5745], [-63.8794, 58.5656], [-63.8662, 58.5679], [-63.8665, 58.5555], [-63.8568, 58.5515], [-63.8516, 58.5432], [-63.8588, 58.5217], [-63.8533, 58.5026], [-63.8448, 58.499], [-63.8132, 58.499], [-63.8102, 58.4842], [-63.828, 58.4709], [-63.8301, 58.4647], [-63.8444, 58.4564], [-63.8499, 58.4436], [-63.8648, 58.4398], [-63.882, 58.4407], [-63.8869, 58.4336], [-63.8994, 58.4341], [-63.9124, 58.4454], [-63.965, 58.4402], [-63.9771, 58.4443], [-63.9853, 58.4432], [-63.9866, 58.4385], [-63.9941, 58.4359], [-63.9956, 58.429], [-64.0112, 58.4262], [-64.0121, 58.4155], [-64.0196, 58.405], [-64.0282, 58.401], [-64.0315, 58.3833], [-64.0276, 58.3685], [-64.0297, 58.3646], [-64.0603, 58.3665], [-64.1044, 58.3742], [-64.1212, 58.3628], [-64.151, 58.3712], [-64.1664, 58.3662], [-64.1711, 58.3592], [-64.1695, 58.3429], [-64.1813, 58.3367], [-64.1731, 58.3273], [-64.1791, 58.3222], [-64.1791, 58.309], [-64.1835, 58.3098], [-64.1896, 58.3182], [-64.1953, 58.3137], [-64.1925, 58.3058], [-64.1975, 58.2882], [-64.1814, 58.2836], [-64.205, 58.2776], [-64.2012, 58.2691], [-64.2135, 58.264], [-64.2192, 58.2468], [-64.2449, 58.2368], [-64.2579, 58.2235], [-64.3344, 58.2167], [-64.37, 58.2092], [-64.3866, 58.2011], [-64.4236, 58.2027], [-64.4345, 58.1988], [-64.4227, 58.1935], [-64.4182, 58.1811], [-64.4222, 58.172], [-64.421, 58.1657], [-64.4272, 58.1587], [-64.4283, 58.1496], [-64.4243, 58.1412], [-64.438, 58.1385], [-64.4431, 58.1319], [-64.4385, 58.1136], [-64.4313, 58.108], [-64.4325, 58.0987], [-64.4247, 58.0953], [-64.426, 58.0886], [-64.4211, 58.0828], [-64.4368, 58.0783], [-64.4313, 58.0688], [-64.4074, 58.0628], [-64.3848, 58.0707], [-64.3491, 58.0693], [-64.3448, 58.0641], [-64.3131, 58.0585], [-64.3019, 58.0464], [-64.2838, 58.0455], [-64.2786, 58.0471], [-64.2712, 58.0605], [-64.2614, 58.0656], [-64.2547, 58.0412], [-64.2402, 58.0413], [-64.22, 58.0349], [-64.2382, 58.0295], [-64.2422, 58.0191], [-64.2339, 58.0171], [-64.2279, 58.0024], [-64.2304, 57.9956], [-64.2256, 57.9884], [-64.2166, 57.9863], [-64.2132, 57.9807], [-64.1971, 57.9731], [-64.1934, 57.933], [-64.185, 57.9248], [-64.1611, 57.9232], [-64.1599, 57.93], [-64.1675, 57.939], [-64.1636, 57.9428], [-64.1418, 57.9426], [-64.1268, 57.9214], [-64.1117, 57.9243], [-64.094, 57.9165], [-64.0909, 57.9173], [-64.0871, 57.9314], [-64.0583, 57.9228], [-64.0494, 57.9312], [-64.0467, 57.9188], [-64.0365, 57.9147], [-64.0369, 57.91], [-64.0204, 57.9109], [-64.009, 57.9054], [-63.991, 57.9153], [-63.9759, 57.9115], [-63.9693, 57.9038], [-63.9474, 57.9049], [-63.9395, 57.892], [-63.9213, 57.8991], [-63.9176, 57.9085], [-63.9125, 57.9123], [-63.8998, 57.9129], [-63.8971, 57.9053], [-63.9019, 57.8989], [-63.9035, 57.8823], [-63.8996, 57.8724], [-63.901, 57.8569], [-63.8895, 57.8461], [-63.8876, 57.8382], [-63.9054, 57.8319], [-63.9079, 57.8281], [-63.8952, 57.8189], [-63.8887, 57.8004], [-63.9099, 57.7963], [-63.9006, 57.7767], [-63.9051, 57.7538], [-63.8935, 57.7326], [-63.8835, 57.7232], [-63.8835, 57.716], [-63.8687, 57.7102], [-63.8618, 57.7152], [-63.8437, 57.7192], [-63.8309, 57.7134], [-63.8227, 57.7133], [-63.8222, 57.7096], [-63.8166, 57.7076], [-63.8171, 57.7037], [-63.8128, 57.7], [-63.8147, 57.6945], [-63.8126, 57.6891], [-63.7864, 57.6916], [-63.7748, 57.6986], [-63.7802, 57.7085], [-63.7801, 57.7123], [-63.7751, 57.7142], [-63.7785, 57.7246], [-63.7703, 57.7292], [-63.7549, 57.7316], [-63.7514, 57.7269], [-63.7532, 57.7021], [-63.75, 57.6958], [-63.743, 57.6924], [-63.7391, 57.6831], [-63.7404, 57.6774], [-63.7364, 57.6648], [-63.742, 57.6581], [-63.7557, 57.6588], [-63.766, 57.6505], [-63.7705, 57.6595], [-63.7947, 57.6551], [-63.8113, 57.6461], [-63.8247, 57.6475], [-63.822, 57.6392], [-63.8249, 57.6352], [-63.8127, 57.6272], [-63.8109, 57.6217], [-63.8243, 57.6159], [-63.8491, 57.618], [-63.8347, 57.5964], [-63.839, 57.5896], [-63.8292, 57.5837], [-63.8348, 57.5659], [-63.8053, 57.5549], [-63.7949, 57.5459], [-63.7862, 57.5433], [-63.7683, 57.5269], [-63.7682, 57.4969], [-63.7559, 57.4877], [-63.7667, 57.4781], [-63.7595, 57.4721], [-63.7655, 57.4686], [-63.7631, 57.4546], [-63.7562, 57.4411], [-63.7476, 57.4329], [-63.7363, 57.4284], [-63.7415, 57.4192], [-63.733, 57.416], [-63.7155, 57.4381], [-63.7109, 57.4328], [-63.7103, 57.4202], [-63.7175, 57.4165], [-63.7187, 57.4093], [-63.729, 57.4096], [-63.7227, 57.4004], [-63.7107, 57.3971], [-63.7098, 57.3904], [-63.7139, 57.385], [-63.6981, 57.367], [-63.7058, 57.3617], [-63.7298, 57.3587], [-63.7339, 57.3539], [-63.7545, 57.3448], [-63.7552, 57.3414], [-63.7635, 57.3426], [-63.7738, 57.3381], [-63.7821, 57.349], [-63.7943, 57.3486], [-63.7953, 57.3364], [-63.8075, 57.3254], [-63.8129, 57.3265], [-63.8248, 57.3498], [-63.8416, 57.3479], [-63.8475, 57.3409], [-63.8448, 57.3337], [-63.8617, 57.327], [-63.8633, 57.3115], [-63.8675, 57.3067], [-63.8658, 57.2929], [-63.8778, 57.2879], [-63.8774, 57.2747], [-63.8814, 57.268], [-63.8739, 57.2392], [-63.8666, 57.2363], [-63.8658, 57.2228], [-63.8726, 57.2181], [-63.8841, 57.1957], [-63.8714, 57.196], [-63.863, 57.2031], [-63.8416, 57.2061], [-63.8444, 57.2151], [-63.8402, 57.2295], [-63.8284, 57.2375], [-63.8197, 57.2364], [-63.8183, 57.2299], [-63.81, 57.2258], [-63.7869, 57.2293], [-63.7746, 57.2212], [-63.764, 57.2209], [-63.7597, 57.2019], [-63.7664, 57.2003], [-63.7704, 57.2058], [-63.7754, 57.2057], [-63.7799, 57.2007], [-63.7876, 57.2], [-63.7961, 57.1943], [-63.7927, 57.1909], [-63.7919, 57.1816], [-63.782, 57.178], [-63.7854, 57.1683], [-63.7739, 57.1549], [-63.7789, 57.1506], [-63.767, 57.1433], [-63.7723, 57.1308], [-63.7816, 57.1262], [-63.7791, 57.1169], [-63.7719, 57.11], [-63.7748, 57.102], [-63.7786, 57.1018], [-63.7826, 57.11], [-63.7911, 57.1153], [-63.8048, 57.0964], [-63.8121, 57.0948], [-63.8106, 57.0891], [-63.8203, 57.0807], [-63.8312, 57.0854], [-63.8459, 57.084], [-63.8472, 57.0882], [-63.862, 57.0831], [-63.8685, 57.0872], [-63.8857, 57.0902], [-63.8877, 57.0823], [-63.9023, 57.0774], [-63.9037, 57.0678], [-63.8958, 57.064], [-63.8964, 57.058], [-63.889, 57.0532], [-63.8913, 57.0355], [-63.8846, 57.0254], [-63.8896, 57.0197], [-63.8891, 57.0137], [-63.8617, 56.9975], [-63.8653, 56.9927], [-63.8731, 56.9922], [-63.8811, 56.9778], [-63.9056, 56.9887], [-63.9121, 56.9846], [-63.9151, 56.9734], [-63.9017, 56.9628], [-63.9106, 56.9436], [-63.9105, 56.9261], [-63.9048, 56.9199], [-63.8855, 56.9127], [-63.8706, 56.8985], [-63.9102, 56.8825], [-63.9108, 56.8783], [-63.9148, 56.8767], [-63.931, 56.8761], [-63.9476, 56.8689], [-63.9593, 56.8728], [-63.9641, 56.8658], [-63.9991, 56.8641], [-64.0083, 56.8593], [-64.0154, 56.8468], [-64.0064, 56.8385], [-64.0108, 56.831], [-64.0002, 56.8263], [-64.0086, 56.8248], [-64.0072, 56.8218], [-64.01, 56.819], [-64.0049, 56.8107], [-64.0031, 56.7935], [-64.0081, 56.7782], [-64.0876, 56.7675], [-64.0872, 56.7608], [-64.0774, 56.7559], [-64.0745, 56.7425], [-64.0763, 56.7359], [-64.084, 56.7326], [-64.0882, 56.7423], [-64.0992, 56.7461], [-64.1059, 56.7397], [-64.1069, 56.7305], [-64.1214, 56.7325], [-64.1159, 56.7238], [-64.1172, 56.7205], [-64.1299, 56.7161], [-64.1432, 56.7035], [-64.1315, 56.7011], [-64.1289, 56.6905], [-64.1139, 56.6865], [-64.1178, 56.6783], [-64.096, 56.6686], [-64.0993, 56.663], [-64.0905, 56.6628], [-64.1018, 56.6557], [-64.0732, 56.6553], [-64.0574, 56.6589], [-64.013, 56.6608], [-64.0164, 56.6568], [-64.0246, 56.6566], [-64.0191, 56.6501], [-64.0279, 56.6509], [-64.038, 56.6436], [-64.0338, 56.6307], [-64.0419, 56.62], [-64.0581, 56.6143], [-64.0428, 56.6095], [-64.0384, 56.6029], [-64.0386, 56.5963], [-64.0329, 56.5959], [-64.028, 56.6002], [-64.0284, 56.5912], [-64.0181, 56.5958], [-64.0054, 56.5928], [-63.9997, 56.5814], [-63.9866, 56.5736], [-63.9862, 56.5617], [-63.9436, 56.5398], [-63.9461, 56.5353], [-63.938, 56.527], [-63.9437, 56.5186], [-63.9409, 56.507], [-63.9442, 56.4955], [-63.9369, 56.4895], [-63.9369, 56.4825], [-63.9324, 56.4809], [-63.9323, 56.4754], [-63.9241, 56.4729], [-63.9211, 56.4675], [-63.9149, 56.4648], [-63.886, 56.4725], [-63.8828, 56.4609], [-63.8697, 56.4468], [-63.8797, 56.4441], [-63.8743, 56.4396], [-63.8752, 56.4346], [-63.8839, 56.4359], [-63.8886, 56.4331], [-63.9005, 56.4381], [-63.9096, 56.4343], [-63.9073, 56.427], [-63.9384, 56.4246], [-63.989, 56.4108], [-64.0048, 56.4166], [-64.0361, 56.4191], [-64.0972, 56.43], [-64.1022, 56.4356], [-64.099, 56.4408], [-64.1042, 56.4447], [-64.124, 56.4375], [-64.1295, 56.4318], [-64.1564, 56.4451], [-64.1631, 56.4416], [-64.1596, 56.4375], [-64.1631, 56.4283], [-64.1834, 56.4297], [-64.1768, 56.4227], [-64.1481, 56.4203], [-64.1431, 56.4096], [-64.1471, 56.4061], [-64.146, 56.4026], [-64.1226, 56.4045], [-64.1039, 56.3999], [-64.1083, 56.3953], [-64.0972, 56.3937], [-64.1085, 56.3884], [-64.1133, 56.3814], [-64.1393, 56.377], [-64.1483, 56.3787], [-64.1437, 56.3753], [-64.1476, 56.3716], [-64.1285, 56.3753], [-64.1229, 56.3709], [-64.1249, 56.3669], [-64.0971, 56.357], [-64.0952, 56.3536], [-64.1059, 56.3456], [-64.0975, 56.3348], [-64.0906, 56.3321], [-64.0994, 56.3313], [-64.1009, 56.3268], [-64.1145, 56.3245], [-64.124, 56.3172], [-64.1461, 56.3088], [-64.15, 56.3008], [-64.1272, 56.3025], [-64.1165, 56.2975], [-64.075, 56.2902], [-64.0799, 56.2796], [-64.0927, 56.2686], [-64.1226, 56.2612], [-64.0905, 56.2558], [-64.0163, 56.2679], [-63.9731, 56.2568], [-63.9416, 56.2673], [-63.9348, 56.2651], [-63.9273, 56.2516], [-63.9149, 56.2433], [-63.9136, 56.2367], [-63.9096, 56.2353], [-63.9063, 56.2267], [-63.9166, 56.2239], [-63.9151, 56.2217], [-63.9038, 56.2213], [-63.8768, 56.2302], [-63.8712, 56.2292], [-63.8669, 56.2353], [-63.8609, 56.2278], [-63.8707, 56.2238], [-63.8645, 56.2169], [-63.8583, 56.2162], [-63.8594, 56.2106], [-63.8679, 56.2075], [-63.8776, 56.1984], [-63.9457, 56.1816], [-63.9502, 56.1844], [-64.0148, 56.1702], [-64.0218, 56.1613], [-64.0304, 56.1576], [-64.0312, 56.1527], [-64.0426, 56.1493], [-64.0272, 56.1492], [-64.0244, 56.1457], [-64.0327, 56.1405], [-64.011, 56.1378], [-64.0025, 56.1319], [-64.0117, 56.1318], [-64.0168, 56.1281], [-64.0059, 56.1179], [-64.0092, 56.1086], [-64.0185, 56.1027], [-64.0146, 56.0974], [-64.0178, 56.0929], [-64.0517, 56.088], [-64.0602, 56.0836], [-64.0595, 56.0798], [-64.0505, 56.0821], [-64.0382, 56.0777], [-64.0314, 56.0682], [-64.0354, 56.0617], [-64.0128, 56.0664], [-64.0104, 56.0687], [-64.016, 56.0735], [-64.0095, 56.0761], [-63.9772, 56.0656], [-63.9638, 56.0651], [-63.9544, 56.0556], [-63.9469, 56.0558], [-63.9398, 56.0591], [-63.9385, 56.0702], [-63.9312, 56.0682], [-63.9346, 56.0716], [-63.9301, 56.0797], [-63.9155, 56.0805], [-63.918, 56.0889], [-63.9072, 56.0936], [-63.8891, 56.0911], [-63.8907, 56.0879], [-63.8824, 56.0832], [-63.8802, 56.075], [-63.8716, 56.0715], [-63.8477, 56.0834], [-63.8343, 56.0853], [-63.8263, 56.0826], [-63.8262, 56.0764], [-63.8202, 56.0729], [-63.8327, 56.0566], [-63.8272, 56.054], [-63.8395, 56.0487], [-63.798, 56.0506], [-63.7828, 56.0563], [-63.7632, 56.0589], [-63.7549, 56.0639], [-63.7472, 56.0629], [-63.7306, 56.068], [-63.7266, 56.0653], [-63.707, 56.0652], [-63.7094, 56.0617], [-63.703, 56.0593], [-63.6916, 56.061], [-63.6816, 56.056], [-63.6696, 56.0396], [-63.6836, 56.0357], [-63.6701, 56.0358], [-63.6714, 56.0296], [-63.6929, 56.0272], [-63.6885, 56.0256], [-63.6518, 56.0265], [-63.6411, 56.0298], [-63.634, 56.0236], [-63.6237, 56.0329], [-63.6151, 56.0345], [-63.6164, 56.0303], [-63.6106, 56.0299], [-63.6093, 56.0261], [-63.6014, 56.0248], [-63.5838, 56.0288], [-63.581, 56.0272], [-63.5837, 56.0253], [-63.5759, 56.023], [-63.5635, 56.0319], [-63.5331, 56.0336], [-63.531, 56.039], [-63.5149, 56.0395], [-63.5044, 56.0447], [-63.4922, 56.0415], [-63.4917, 56.038], [-63.4834, 56.0354], [-63.4696, 56.0374], [-63.4455, 56.0326], [-63.4503, 56.0271], [-63.4459, 56.0241], [-63.4583, 56.0212], [-63.4611, 56.0117], [-63.4815, 56.0125], [-63.4919, 56.0066], [-63.483, 56.0068], [-63.4676, 55.9987], [-63.4723, 55.9953], [-63.4734, 55.9897], [-63.4863, 55.9886], [-63.5045, 55.9972], [-63.5089, 56.0036], [-63.5205, 56.0015], [-63.5251, 56.0052], [-63.5612, 56.004], [-63.5652, 56.0016], [-63.564, 55.9968], [-63.5786, 55.9909], [-63.59, 55.9885], [-63.6008, 55.9903], [-63.6251, 55.967], [-63.6367, 55.9654], [-63.6644, 55.9707], [-63.6711, 55.9646], [-63.6848, 55.961], [-63.6809, 55.9566], [-63.6859, 55.9539], [-63.6817, 55.9493], [-63.6925, 55.948], [-63.7068, 55.9522], [-63.7148, 55.9499], [-63.7173, 55.9475], [-63.7119, 55.9401], [-63.7254, 55.9308], [-63.7588, 55.9364], [-63.774, 55.9318], [-63.7969, 55.93], [-63.8141, 55.9204], [-63.8169, 55.9128], [-63.8293, 55.9091], [-63.827, 55.8975], [-63.8449, 55.8874], [-63.8405, 55.8803], [-63.8252, 55.8735], [-63.826, 55.8701], [-63.8121, 55.8593], [-63.7949, 55.86], [-63.7823, 55.8542], [-63.7756, 55.8559], [-63.7755, 55.8509], [-63.7643, 55.8462], [-63.7655, 55.8434], [-63.7872, 55.838], [-63.7989, 55.8406], [-63.8223, 55.8383], [-63.816, 55.8302], [-63.8266, 55.8289], [-63.8274, 55.8194], [-63.8356, 55.8154], [-63.8348, 55.812], [-63.8283, 55.8096], [-63.832, 55.8045], [-63.7901, 55.8059], [-63.7789, 55.8112], [-63.7722, 55.8097], [-63.7698, 55.8082], [-63.7739, 55.7999], [-63.7709, 55.7954], [-63.7579, 55.7973], [-63.7696, 55.7899], [-63.7437, 55.787], [-63.7279, 55.779], [-63.7136, 55.7802], [-63.7056, 55.7854], [-63.7049, 55.7907], [-63.7005, 55.7885], [-63.6637, 55.7916], [-63.6666, 55.7864], [-63.6823, 55.7771], [-63.6812, 55.7719], [-63.6721, 55.7656], [-63.6764, 55.7581], [-63.6867, 55.7545], [-63.7006, 55.7565], [-63.7096, 55.7541], [-63.714, 55.7491], [-63.7034, 55.7485], [-63.7007, 55.7444], [-63.7236, 55.7376], [-63.7186, 55.7346], [-63.6949, 55.7329], [-63.6979, 55.7275], [-63.7308, 55.7249], [-63.7025, 55.7232], [-63.7267, 55.7097], [-63.7208, 55.7059], [-63.7251, 55.6957], [-63.7218, 55.6914], [-63.7303, 55.6869], [-63.7249, 55.6796], [-63.7382, 55.6715], [-63.7498, 55.6711], [-63.7532, 55.6654], [-63.7475, 55.6629], [-63.7602, 55.6599], [-63.7668, 55.6542], [-63.7498, 55.6497], [-63.7315, 55.6513], [-63.7182, 55.6551], [-63.7139, 55.6594], [-63.6751, 55.6529], [-63.6421, 55.6434], [-63.6427, 55.6387], [-63.6489, 55.636], [-63.6542, 55.6407], [-63.6608, 55.6373], [-63.6719, 55.6398], [-63.6826, 55.6362], [-63.6786, 55.6257], [-63.6857, 55.621], [-63.6864, 55.6165], [-63.6808, 55.6149], [-63.6766, 55.6085], [-63.6579, 55.6106], [-63.6546, 55.6067], [-63.6701, 55.5997], [-63.6718, 55.5863], [-63.6809, 55.5752], [-63.6636, 55.5677], [-63.6724, 55.5655], [-63.6692, 55.5574], [-63.6534, 55.5559], [-63.6596, 55.5531], [-63.6586, 55.549], [-63.6654, 55.5444], [-63.6677, 55.5387], [-63.6934, 55.5387], [-63.6971, 55.532], [-63.691, 55.5302], [-63.6884, 55.5235], [-63.6967, 55.518], [-63.6913, 55.5109], [-63.7059, 55.5043], [-63.7158, 55.5058], [-63.7231, 55.4967], [-63.7455, 55.4909], [-63.7558, 55.4837], [-63.7737, 55.4817], [-63.7803, 55.4737], [-63.7975, 55.4749], [-63.7945, 55.4661], [-63.7787, 55.4664], [-63.7737, 55.46], [-63.7583, 55.4536], [-63.7457, 55.4549], [-63.7368, 55.448], [-63.7337, 55.44], [-63.7146, 55.4382], [-63.6971, 55.4293], [-63.6733, 55.4236], [-63.6586, 55.425], [-63.6514, 55.4226], [-63.6333, 55.4303], [-63.606, 55.43], [-63.5753, 55.4224], [-63.5623, 55.4272], [-63.5471, 55.4226], [-63.5343, 55.4274], [-63.5258, 55.4222], [-63.5266, 55.4194], [-63.4931, 55.4229], [-63.4831, 55.4268], [-63.475, 55.4255], [-63.472, 55.4217], [-63.4497, 55.4205], [-63.4493, 55.4126], [-63.4328, 55.4096], [-63.4349, 55.4058], [-63.4288, 55.4021], [-63.4177, 55.406], [-63.4103, 55.4051], [-63.4092, 55.408], [-63.3953, 55.406], [-63.3869, 55.4095], [-63.3716, 55.4096], [-63.3513, 55.4172], [-63.334, 55.4086], [-63.3194, 55.4092], [-63.3269, 55.3999], [-63.3263, 55.3937], [-63.332, 55.3905], [-63.3297, 55.3755], [-63.3228, 55.3642], [-63.34, 55.3626], [-63.349, 55.358], [-63.3704, 55.3622], [-63.3987, 55.352], [-63.4432, 55.3429], [-63.4903, 55.3498], [-63.5289, 55.3432], [-63.5433, 55.3451], [-63.5623, 55.3397], [-63.5816, 55.3394], [-63.5822, 55.3344], [-63.5972, 55.3311], [-63.5929, 55.3265], [-63.5947, 55.3243], [-63.589, 55.3203], [-63.5306, 55.3247], [-63.5257, 55.3215], [-63.5281, 55.3155], [-63.5199, 55.3101], [-63.532, 55.3067], [-63.5413, 55.308], [-63.5505, 55.3014], [-63.5614, 55.2996], [-63.5826, 55.3018], [-63.6176, 55.2952], [-63.6442, 55.2863], [-63.6412, 55.2796], [-63.6548, 55.2795], [-63.6633, 55.2747], [-63.6759, 55.2737], [-63.683, 55.2676], [-63.6709, 55.2587], [-63.6565, 55.2571], [-63.6499, 55.2514], [-63.5968, 55.2533], [-63.6057, 55.2456], [-63.625, 55.2415], [-63.6146, 55.2288], [-63.5971, 55.2383], [-63.5835, 55.2362], [-63.5664, 55.2437], [-63.541, 55.2258], [-63.5056, 55.2349], [-63.4981, 55.2382], [-63.4958, 55.2442], [-63.4893, 55.2427], [-63.4678, 55.2484], [-63.4627, 55.2541], [-63.4404, 55.2525], [-63.4085, 55.2557], [-63.4, 55.2537], [-63.3973, 55.2501], [-63.4229, 55.241], [-63.4133, 55.2378], [-63.4166, 55.2348], [-63.4161, 55.2304], [-63.4267, 55.2257], [-63.421, 55.223], [-63.4254, 55.2196], [-63.4228, 55.2168], [-63.4291, 55.2123], [-63.4412, 55.2113], [-63.4533, 55.2025], [-63.4903, 55.1987], [-63.4915, 55.2024], [-63.5006, 55.2023], [-63.5091, 55.1967], [-63.554, 55.189], [-63.5525, 55.1825], [-63.5552, 55.1772], [-63.5502, 55.1728], [-63.5301, 55.1742], [-63.5258, 55.168], [-63.5453, 55.1597], [-63.576, 55.1524], [-63.5744, 55.1447], [-63.5669, 55.139], [-63.5975, 55.1263], [-63.5815, 55.1118], [-63.5815, 55.1058], [-63.5921, 55.0982], [-63.6121, 55.0974], [-63.6219, 55.0937], [-63.6209, 55.0878], [-63.6058, 55.0813], [-63.6106, 55.0659], [-63.5733, 55.0531], [-63.5765, 55.0449], [-63.5667, 55.0342], [-63.5698, 55.0303], [-63.5975, 55.0212], [-63.6001, 55.017], [-63.5975, 55.0123], [-63.5852, 55.0054], [-63.5579, 55.002], [-63.5513, 54.997], [-63.5567, 54.9888], [-63.5774, 54.9883], [-63.5696, 54.9822], [-63.5746, 54.9763], [-63.6146, 54.9768], [-63.6002, 54.9626], [-63.6069, 54.9585], [-63.5787, 54.9523], [-63.5826, 54.9476], [-63.607, 54.9439], [-63.5888, 54.9391], [-63.5869, 54.9368], [-63.5922, 54.9337], [-63.5767, 54.9296], [-63.5781, 54.9265], [-63.6284, 54.9246], [-63.6065, 54.9148], [-63.6059, 54.9124], [-63.6151, 54.9104], [-63.6005, 54.9051], [-63.6002, 54.9012], [-63.6056, 54.8992], [-63.6166, 54.9017], [-63.6301, 54.9093], [-63.652, 54.9052], [-63.665, 54.9135], [-63.6662, 54.9097], [-63.6584, 54.9028], [-63.6861, 54.9072], [-63.6949, 54.9262], [-63.7213, 54.9263], [-63.7339, 54.9315], [-63.723, 54.9352], [-63.7239, 54.9392], [-63.7397, 54.9387], [-63.7562, 54.9444], [-63.7853, 54.9483], [-63.7893, 54.9565], [-63.8251, 54.9463], [-63.8297, 54.9435], [-63.8217, 54.9383], [-63.8267, 54.935], [-63.8172, 54.9345], [-63.8057, 54.9285], [-63.7906, 54.9306], [-63.8234, 54.9152], [-63.8429, 54.9158], [-63.8387, 54.9092], [-63.8258, 54.9027], [-63.8486, 54.8967], [-63.8417, 54.8936], [-63.836, 54.8849], [-63.8543, 54.8895], [-63.8574, 54.8869], [-63.8446, 54.8714], [-63.8523, 54.863], [-63.8318, 54.8495], [-63.8259, 54.849], [-63.8238, 54.8461], [-63.829, 54.8426], [-63.8217, 54.8373], [-63.8215, 54.8293], [-63.812, 54.8251], [-63.8136, 54.8215], [-63.8111, 54.8183], [-63.8255, 54.8198], [-63.8228, 54.8144], [-63.8347, 54.8116], [-63.8565, 54.8144], [-63.8564, 54.8116], [-63.8475, 54.811], [-63.8506, 54.809], [-63.8464, 54.8071], [-63.8777, 54.808], [-63.8606, 54.8002], [-63.8633, 54.7991], [-63.9068, 54.8015], [-63.8999, 54.7946], [-63.89, 54.7927], [-63.8879, 54.7882], [-63.9166, 54.7903], [-63.9171, 54.7874], [-63.9015, 54.783], [-63.9021, 54.7787], [-63.9266, 54.7786], [-63.9125, 54.7713], [-63.8859, 54.7679], [-63.8823, 54.763], [-63.8876, 54.7563], [-63.8847, 54.753], [-63.8713, 54.7571], [-63.8558, 54.7492], [-63.8429, 54.7495], [-63.835, 54.7445], [-63.8356, 54.7397], [-63.8269, 54.7366], [-63.8246, 54.7327], [-63.8025, 54.726], [-63.7825, 54.7155], [-63.7858, 54.706], [-63.7636, 54.6987], [-63.7613, 54.6905], [-63.7544, 54.6885], [-63.7741, 54.6887], [-63.7759, 54.6873], [-63.771, 54.6846], [-63.7757, 54.6816], [-63.7671, 54.6775], [-63.7684, 54.6729], [-63.7605, 54.6685], [-63.7402, 54.6706], [-63.7384, 54.6653], [-63.7237, 54.6614], [-63.7279, 54.652], [-63.7189, 54.6491], [-63.7197, 54.6446], [-63.7145, 54.6408], [-63.715, 54.6343], [-63.7096, 54.6338], [-63.7119, 54.6264], [-63.7098, 54.6223], [-63.7322, 54.6258], [-63.7417, 54.6236], [-63.756, 54.6283], [-63.7583, 54.6332], [-63.7805, 54.6368], [-63.8039, 54.6473], [-63.8141, 54.6486], [-63.8147, 54.6373], [-63.8319, 54.6386], [-63.8267, 54.6333], [-63.8287, 54.6289], [-63.837, 54.6298], [-63.841, 54.6255], [-63.8488, 54.6239], [-63.8549, 54.6252], [-63.8563, 54.62], [-63.8743, 54.6253], [-63.8791, 54.6218], [-63.8676, 54.6129], [-63.8888, 54.6107], [-63.8972, 54.6067], [-63.8943, 54.5987], [-63.9108, 54.6036], [-63.9367, 54.6048], [-63.9639, 54.6181], [-63.9731, 54.6156], [-63.9764, 54.6086], [-63.9914, 54.6038], [-63.9945, 54.5985], [-64.0302, 54.6075], [-64.055, 54.598], [-64.0801, 54.6184], [-64.0896, 54.6202], [-64.0919, 54.6222], [-64.0881, 54.624], [-64.0938, 54.629], [-64.1155, 54.6333], [-64.1145, 54.641], [-64.1075, 54.6421], [-64.1075, 54.6488], [-64.1131, 54.6525], [-64.1083, 54.6553], [-64.1226, 54.6581], [-64.1189, 54.6619], [-64.1254, 54.6665], [-64.1464, 54.6691], [-64.1465, 54.6745], [-64.1661, 54.6812], [-64.1662, 54.6861], [-64.1717, 54.6884], [-64.1718, 54.6923], [-64.1842, 54.6925], [-64.1808, 54.7028], [-64.1731, 54.7077], [-64.192, 54.7071], [-64.1965, 54.7088], [-64.1971, 54.713], [-64.1816, 54.7169], [-64.1854, 54.7228], [-64.2044, 54.7257], [-64.2095, 54.7208], [-64.2361, 54.7151], [-64.2432, 54.7171], [-64.2388, 54.7186], [-64.2401, 54.722], [-64.2526, 54.7276], [-64.2829, 54.7286], [-64.2991, 54.7363], [-64.3024, 54.7479], [-64.2903, 54.7586], [-64.2973, 54.7637], [-64.3221, 54.767], [-64.3259, 54.7738], [-64.3499, 54.7781], [-64.384, 54.7788], [-64.3908, 54.7867], [-64.3965, 54.7886], [-64.4284, 54.7863], [-64.4873, 54.7934], [-64.4853, 54.7869], [-64.4737, 54.7851], [-64.4799, 54.7764], [-64.4674, 54.77], [-64.487, 54.7688], [-64.481, 54.7667], [-64.4725, 54.7521], [-64.4713, 54.7488], [-64.4776, 54.7464], [-64.5035, 54.7456], [-64.5189, 54.7527], [-64.5244, 54.7587], [-64.5504, 54.7627], [-64.5531, 54.7519], [-64.5603, 54.7497], [-64.5317, 54.7408], [-64.5281, 54.7295], [-64.55, 54.7189], [-64.5525, 54.7106], [-64.5892, 54.723], [-64.6012, 54.7318], [-64.6151, 54.7267], [-64.633, 54.7263], [-64.6732, 54.7388], [-64.6786, 54.7362], [-64.6805, 54.7265], [-64.6966, 54.7232], [-64.7306, 54.7231], [-64.7332, 54.7251], [-64.7327, 54.7345], [-64.7356, 54.7362], [-64.7426, 54.7295], [-64.7592, 54.726], [-64.788, 54.731], [-64.7901, 54.7433], [-64.8034, 54.7587], [-64.7807, 54.7529], [-64.782, 54.7645], [-64.7727, 54.7621], [-64.7515, 54.7672], [-64.7631, 54.7694], [-64.7807, 54.787], [-64.7672, 54.7893], [-64.7674, 54.793], [-64.7732, 54.7976], [-64.7633, 54.7968], [-64.754, 54.8029], [-64.7557, 54.806], [-64.7476, 54.809], [-64.7529, 54.8129], [-64.7518, 54.8173], [-64.76, 54.8212], [-64.7593, 54.824], [-64.7723, 54.8378], [-64.7837, 54.842], [-64.7907, 54.8385], [-64.7897, 54.8327], [-64.7989, 54.832], [-64.8119, 54.8444], [-64.8186, 54.8455], [-64.8281, 54.8325], [-64.8355, 54.8359], [-64.8395, 54.8434], [-64.855, 54.837], [-64.8664, 54.8412], [-64.8653, 54.8477], [-64.8566, 54.8482], [-64.8629, 54.8548], [-64.8565, 54.8607], [-64.8552, 54.8675], [-64.8454, 54.8754], [-64.857, 54.8817], [-64.8595, 54.8862], [-64.8717, 54.8928], [-64.8828, 54.8911], [-64.896, 54.8947], [-64.9065, 54.9029], [-64.9064, 54.9082], [-64.9153, 54.91], [-64.9141, 54.9177], [-64.9321, 54.9203], [-64.9547, 54.9304], [-64.9887, 54.9345], [-65.0042, 54.9262], [-65.0199, 54.9297], [-65.0438, 54.9455], [-65.0463, 54.9538], [-65.0747, 54.9523], [-65.0775, 54.9673], [-65.119, 54.9582], [-65.1171, 54.9429], [-65.128, 54.9249], [-65.1527, 54.9259], [-65.1655, 54.9308], [-65.1741, 54.9295], [-65.1693, 54.9139], [-65.1856, 54.8874], [-65.1957, 54.8809], [-65.1981, 54.8759], [-65.1952, 54.8706], [-65.2001, 54.8672], [-65.1933, 54.8661], [-65.1986, 54.8491], [-65.289, 54.8399], [-65.2865, 54.8223], [-65.2978, 54.8126], [-65.306, 54.814], [-65.3195, 54.8412], [-65.3293, 54.8445], [-65.3409, 54.8443], [-65.3392, 54.8298], [-65.3452, 54.8276], [-65.3477, 54.8201], [-65.3539, 54.8174], [-65.3884, 54.8261], [-65.3951, 54.8155], [-65.4093, 54.8183], [-65.4156, 54.8255], [-65.4131, 54.837], [-65.415, 54.8406], [-65.4537, 54.8446], [-65.4613, 54.8369], [-65.4828, 54.8327], [-65.4849, 54.8285], [-65.4762, 54.811], [-65.46, 54.7978], [-65.4381, 54.7906], [-65.4313, 54.7814], [-65.427, 54.7476], [-65.4423, 54.7473], [-65.4514, 54.7434], [-65.4487, 54.7339], [-65.451, 54.7321], [-65.4758, 54.7269], [-65.4991, 54.7352], [-65.5416, 54.7273], [-65.5932, 54.7378], [-65.6046, 54.7349], [-65.61, 54.7288], [-65.6253, 54.7395], [-65.6338, 54.7522], [-65.6475, 54.751], [-65.6498, 54.7483], [-65.6478, 54.7392], [-65.6589, 54.7278], [-65.66, 54.7191], [-65.6729, 54.7128], [-65.675, 54.7057], [-65.6795, 54.7053], [-65.6888, 54.711], [-65.7018, 54.713], [-65.7086, 54.7186], [-65.7156, 54.7396], [-65.7353, 54.7552], [-65.7339, 54.762], [-65.7422, 54.7644], [-65.7598, 54.7862], [-65.7663, 54.7877], [-65.7787, 54.8013], [-65.794, 54.811], [-65.8377, 54.8316], [-65.8551, 54.8513], [-65.8529, 54.8596], [-65.8401, 54.8615], [-65.8433, 54.8702], [-65.8348, 54.877], [-65.8394, 54.8808], [-65.8384, 54.8847], [-65.8623, 54.8911], [-65.8569, 54.8948], [-65.8514, 54.894], [-65.854, 54.9028], [-65.8439, 54.9084], [-65.8442, 54.9157], [-65.8511, 54.921], [-65.8522, 54.9266], [-65.8771, 54.9219], [-65.8992, 54.9272], [-65.9212, 54.9381], [-65.9321, 54.939], [-65.9383, 54.9344], [-65.9587, 54.9319], [-65.9638, 54.9265], [-65.9747, 54.9305], [-65.9914, 54.9277], [-66.0269, 54.9427], [-66.0486, 54.9385], [-66.0308, 54.919], [-66.0364, 54.9167], [-66.0602, 54.9287], [-66.0692, 54.93], [-66.0745, 54.9392], [-66.1001, 54.9562], [-66.1111, 54.9594], [-66.12, 54.9711], [-66.1357, 54.9742], [-66.1424, 54.9807], [-66.1595, 54.9885], [-66.1571, 54.9769], [-66.1773, 54.975], [-66.1802, 54.9784], [-66.1927, 54.9814], [-66.2111, 54.9786], [-66.2348, 54.9895], [-66.2386, 54.9749], [-66.2442, 54.972], [-66.251, 54.9799], [-66.2513, 54.9957], [-66.2595, 54.9977], [-66.2602, 55.0057], [-66.2863, 55.0309], [-66.3015, 55.0347], [-66.3104, 55.041], [-66.3181, 55.0533], [-66.333, 55.066], [-66.4146, 55.1216], [-66.4264, 55.1357], [-66.4337, 55.1355], [-66.4486, 55.1436], [-66.4706, 55.1648], [-66.4906, 55.1919], [-66.489, 55.1951], [-66.4937, 55.2027], [-66.5098, 55.2013], [-66.5061, 55.1924], [-66.5141, 55.1894], [-66.5223, 55.2049], [-66.5466, 55.2345], [-66.5522, 55.2377], [-66.5585, 55.2344], [-66.5681, 55.2363], [-66.5855, 55.2573], [-66.608, 55.2692], [-66.6156, 55.2768], [-66.6254, 55.2763], [-66.6176, 55.2675], [-66.6187, 55.2653], [-66.6328, 55.2644], [-66.6409, 55.2674], [-66.6457, 55.2576], [-66.6569, 55.2525], [-66.6721, 55.2722], [-66.6981, 55.2856], [-66.7034, 55.296], [-66.6947, 55.3014], [-66.7051, 55.31], [-66.7044, 55.3129], [-66.7203, 55.3218], [-66.7299, 55.3224], [-66.7349, 55.3176], [-66.7408, 55.3298], [-66.7634, 55.3373], [-66.7783, 55.351], [-66.7871, 55.3509], [-66.792, 55.3549], [-66.7968, 55.3517], [-66.8066, 55.3569], [-66.8085, 55.3538], [-66.8162, 55.3528], [-66.8111, 55.3466], [-66.8151, 55.3438], [-66.8092, 55.3388], [-66.81, 55.3361], [-66.7998, 55.332], [-66.8016, 55.3292], [-66.7929, 55.3156], [-66.8069, 55.3224], [-66.8102, 55.3184], [-66.8149, 55.3184], [-66.8283, 55.3267], [-66.8291, 55.3233], [-66.8231, 55.3203], [-66.8255, 55.3178], [-66.8166, 55.3105], [-66.8212, 55.3058], [-66.7969, 55.2874], [-66.7985, 55.2846], [-66.7921, 55.2789], [-66.7201, 55.2394], [-66.6966, 55.2224], [-66.6821, 55.2083], [-66.6809, 55.2012], [-66.6713, 55.1869], [-66.6789, 55.1917], [-66.668, 55.1767], [-66.6755, 55.1773], [-66.6792, 55.1829], [-66.6876, 55.1846], [-66.6883, 55.189], [-66.7165, 55.2081], [-66.7518, 55.2108], [-66.746, 55.2051], [-66.7494, 55.2027], [-66.7463, 55.1985], [-66.7311, 55.1916], [-66.7415, 55.1867], [-66.7555, 55.1883], [-66.7578, 55.1847], [-66.7513, 55.1788], [-66.7504, 55.1718], [-66.7554, 55.1719], [-66.751, 55.1655], [-66.7499, 55.1534], [-66.7395, 55.1449], [-66.767, 55.1478], [-66.7736, 55.1426], [-66.7731, 55.1394], [-66.7625, 55.1367], [-66.7621, 55.1325], [-66.7667, 55.1305], [-66.7525, 55.1236], [-66.7287, 55.0918], [-66.7248, 55.0914], [-66.7243, 55.0878], [-66.6893, 55.0619], [-66.6937, 55.0606], [-66.7125, 55.0733], [-66.721, 55.0724], [-66.7471, 55.0911], [-66.7506, 55.0908], [-66.7501, 55.0863], [-66.7283, 55.0611], [-66.7309, 55.0586], [-66.7258, 55.0512], [-66.7265, 55.0439], [-66.7001, 55.0293], [-66.6932, 55.0279], [-66.6928, 55.0324], [-66.6844, 55.0332], [-66.6652, 55.0242], [-66.655, 55.0083], [-66.6215, 54.9826], [-66.6368, 54.9824], [-66.6441, 54.9768], [-66.6486, 54.9775], [-66.657, 54.9817], [-66.6633, 54.9899], [-66.684, 54.9952], [-66.695, 55.0051], [-66.7189, 54.9998], [-66.7465, 55.0083], [-66.7494, 55.0063], [-66.7471, 55.0024], [-66.7534, 54.9965], [-66.7323, 54.9843], [-66.7338, 54.9805], [-66.7298, 54.9729], [-66.7379, 54.9713], [-66.7022, 54.9552], [-66.7032, 54.9527], [-66.7121, 54.9528], [-66.678, 54.9283], [-66.673, 54.9209], [-66.6849, 54.9146], [-66.6799, 54.9072], [-66.6868, 54.9002], [-66.6829, 54.896], [-66.6612, 54.8888], [-66.6488, 54.8764], [-66.6538, 54.873], [-66.6521, 54.8638], [-66.6448, 54.8592], [-66.6491, 54.8542], [-66.6287, 54.8486], [-66.6257, 54.8448], [-66.6305, 54.8435], [-66.6205, 54.8289], [-66.5859, 54.8124], [-66.5976, 54.8122], [-66.6035, 54.8043], [-66.6184, 54.8012], [-66.6183, 54.7907], [-66.6143, 54.786], [-66.6253, 54.7864], [-66.6345, 54.7921], [-66.6408, 54.7919], [-66.6455, 54.7835], [-66.6388, 54.7781], [-66.6465, 54.7776], [-66.6428, 54.7724], [-66.6474, 54.7673], [-66.6529, 54.7664], [-66.6619, 54.7675], [-66.6855, 54.784], [-66.7302, 54.8081], [-66.7484, 54.8131], [-66.7431, 54.8072], [-66.7206, 54.7949], [-66.7185, 54.7837], [-66.7269, 54.7827], [-66.7172, 54.7586], [-66.7128, 54.7607], [-66.7081, 54.7565], [-66.6994, 54.7591], [-66.6883, 54.7524], [-66.6917, 54.751], [-66.6871, 54.7477], [-66.6746, 54.7438], [-66.6729, 54.7391], [-66.6611, 54.7329], [-66.6622, 54.7202], [-66.668, 54.7123], [-66.688, 54.723], [-66.7022, 54.7403], [-66.7073, 54.7336], [-66.7155, 54.7354], [-66.7402, 54.7541], [-66.7582, 54.7594], [-66.7512, 54.7501], [-66.7522, 54.7464], [-66.7721, 54.761], [-66.771, 54.7696], [-66.7781, 54.7722], [-66.7914, 54.7702], [-66.8005, 54.7779], [-66.8189, 54.7864], [-66.8288, 54.7874], [-66.8345, 54.7935], [-66.854, 54.8007], [-66.8574, 54.8059], [-66.8737, 54.8129], [-66.8827, 54.8121], [-66.8925, 54.8028], [-66.9087, 54.8067], [-66.9126, 54.8047], [-66.9104, 54.8], [-66.918, 54.7976], [-66.9351, 54.7997], [-66.9356, 54.8047], [-66.9451, 54.8095], [-66.9435, 54.8146], [-66.9465, 54.8175], [-67.0193, 54.8523], [-67.0268, 54.8586], [-67.0431, 54.8628], [-67.0418, 54.8651], [-67.0486, 54.8724], [-67.0441, 54.8791], [-67.066, 54.8963], [-67.0798, 54.9016], [-67.095, 54.9162], [-67.1018, 54.9163], [-67.116, 54.9292], [-67.1318, 54.9362], [-67.1401, 54.9439], [-67.1399, 54.9473], [-67.1675, 54.9566], [-67.1727, 54.9657], [-67.197, 54.9822], [-67.2127, 54.9825], [-67.213, 54.9871], [-67.2241, 54.9938], [-67.2178, 54.9986], [-67.224, 55.0038], [-67.2471, 55.0107], [-67.2523, 55.0171], [-67.2869, 55.0281], [-67.2675, 55.0339], [-67.2703, 55.0517], [-67.2643, 55.0518], [-67.2564, 55.0468], [-67.2597, 55.0522], [-67.2518, 55.0561], [-67.2522, 55.0598], [-67.2687, 55.0677], [-67.2732, 55.0735], [-67.2873, 55.0784], [-67.2916, 55.0762], [-67.3094, 55.0806], [-67.3292, 55.0886], [-67.3454, 55.0833], [-67.369, 55.0903], [-67.372, 55.0855], [-67.3844, 55.0844], [-67.3892, 55.0791], [-67.4023, 55.0899], [-67.4132, 55.0937], [-67.4208, 55.0802], [-67.4401, 55.0738], [-67.4332, 55.0593], [-67.4428, 55.0591], [-67.4523, 55.0638], [-67.4613, 55.0586], [-67.4616, 55.0502], [-67.4646, 55.0475], [-67.444, 55.0407], [-67.4338, 55.0329], [-67.4208, 55.0335], [-67.4248, 55.0292], [-67.4395, 55.0241], [-67.4357, 55.0163], [-67.4403, 55.0127], [-67.4374, 55.009], [-67.4281, 55.0117], [-67.4186, 55.0063], [-67.4135, 55.0071], [-67.4173, 55.0005], [-67.4142, 54.9941], [-67.3961, 54.99], [-67.4025, 54.9812], [-67.4119, 54.9794], [-67.3898, 54.9646], [-67.3962, 54.9609], [-67.3701, 54.9502], [-67.3671, 54.9426], [-67.3494, 54.9415], [-67.3525, 54.9377], [-67.3483, 54.9335], [-67.3514, 54.9314], [-67.3371, 54.9256], [-67.3402, 54.9225], [-67.3319, 54.9164], [-67.3296, 54.9086], [-67.3328, 54.9062], [-67.3092, 54.8977], [-67.3086, 54.892], [-67.3023, 54.8888], [-67.3075, 54.8829], [-67.3047, 54.8807], [-67.276, 54.8709], [-67.2804, 54.8665], [-67.2727, 54.8641], [-67.271, 54.8599], [-67.2624, 54.8574], [-67.2631, 54.8534], [-67.2548, 54.8501], [-67.2629, 54.8451], [-67.2524, 54.8372], [-67.2531, 54.8339], [-67.2429, 54.8351], [-67.2373, 54.8325], [-67.2367, 54.8281], [-67.2201, 54.8296], [-67.2163, 54.8256], [-67.2084, 54.8245], [-67.208, 54.8216], [-67.2157, 54.8163], [-67.2176, 54.8105], [-67.2151, 54.8066], [-67.2178, 54.803], [-67.2099, 54.7987], [-67.2071, 54.7907], [-67.1692, 54.7752], [-67.173, 54.7669], [-67.151, 54.7626], [-67.1525, 54.7569], [-67.1218, 54.7491], [-67.1208, 54.744], [-67.1143, 54.7382], [-67.1061, 54.7383], [-67.1015, 54.7348], [-67.1005, 54.7294], [-67.0812, 54.7172], [-67.0817, 54.7141], [-67.0746, 54.713], [-67.0743, 54.7099], [-67.0632, 54.7034], [-67.0732, 54.6993], [-67.0532, 54.6957], [-67.0591, 54.6898], [-67.0745, 54.6836], [-67.0726, 54.6814], [-67.0751, 54.6778], [-67.0649, 54.675], [-67.0701, 54.6722], [-67.0677, 54.6673], [-67.1014, 54.6648], [-67.125, 54.6545], [-67.1166, 54.6461], [-67.1204, 54.6408], [-67.1291, 54.6409], [-67.1381, 54.6345], [-67.138, 54.63], [-67.1321, 54.6272], [-67.134, 54.622], [-67.1453, 54.6177], [-67.1538, 54.6225], [-67.1552, 54.617], [-67.1656, 54.6111], [-67.1713, 54.6112], [-67.1705, 54.6085], [-67.1795, 54.607], [-67.1943, 54.6139], [-67.2076, 54.6118], [-67.229, 54.6178], [-67.2308, 54.6132], [-67.2259, 54.61], [-67.2281, 54.6055], [-67.2243, 54.6026], [-67.23, 54.6016], [-67.2265, 54.6002], [-67.2258, 54.5923], [-67.2201, 54.5862], [-67.2339, 54.582], [-67.2481, 54.5876], [-67.2788, 54.5878], [-67.2794, 54.5837], [-67.2731, 54.5793], [-67.274, 54.576], [-67.2665, 54.5718], [-67.267, 54.5626], [-67.289, 54.5575], [-67.291, 54.5529], [-67.2861, 54.5545], [-67.2742, 54.5502], [-67.2561, 54.5537], [-67.2647, 54.5406], [-67.2634, 54.5376], [-67.2491, 54.531], [-67.2299, 54.5309], [-67.2213, 54.526], [-67.219, 54.5208], [-67.2194, 54.5174], [-67.2294, 54.5125], [-67.2434, 54.511], [-67.2391, 54.4993], [-67.2454, 54.492], [-67.2616, 54.4949], [-67.2628, 54.4835], [-67.2797, 54.4848], [-67.29, 54.4889], [-67.2947, 54.4927], [-67.2964, 54.5001], [-67.2925, 54.5062], [-67.3014, 54.5105], [-67.3018, 54.514], [-67.3161, 54.512], [-67.3213, 54.5088], [-67.3216, 54.5039], [-67.3378, 54.5023], [-67.3402, 54.5053], [-67.3368, 54.5092], [-67.3422, 54.5164], [-67.3649, 54.5169], [-67.366, 54.5247], [-67.3749, 54.5281], [-67.3839, 54.5273], [-67.39, 54.5362], [-67.4019, 54.5369], [-67.4077, 54.5405], [-67.3982, 54.5465], [-67.4106, 54.5521], [-67.4224, 54.5521], [-67.4329, 54.5579], [-67.427, 54.5655], [-67.4414, 54.5678], [-67.4645, 54.5807], [-67.4928, 54.5817], [-67.4951, 54.5799], [-67.491, 54.5735], [-67.5119, 54.573], [-67.5191, 54.5699], [-67.5098, 54.5652], [-67.5129, 54.5597], [-67.5095, 54.5571], [-67.5128, 54.5528], [-67.5052, 54.5508], [-67.5039, 54.5462], [-67.4898, 54.5437], [-67.4842, 54.546], [-67.4816, 54.5428], [-67.4848, 54.5394], [-67.4711, 54.5319], [-67.4746, 54.5279], [-67.4729, 54.519], [-67.4839, 54.5172], [-67.4894, 54.5091], [-67.4878, 54.5062], [-67.5045, 54.5023], [-67.4896, 54.4917], [-67.492, 54.4867], [-67.4885, 54.4845], [-67.4921, 54.4798], [-67.5073, 54.4784], [-67.529, 54.4827], [-67.5284, 54.4869], [-67.5311, 54.4882], [-67.5496, 54.4821], [-67.5576, 54.486], [-67.5576, 54.4909], [-67.5669, 54.4928], [-67.5811, 54.4914], [-67.582, 54.4883], [-67.5732, 54.4808], [-67.5822, 54.4815], [-67.5899, 54.4749], [-67.6013, 54.4774], [-67.623, 54.474], [-67.6304, 54.4784], [-67.6347, 54.4893], [-67.6399, 54.4918], [-67.6418, 54.5013], [-67.6376, 54.5027], [-67.6456, 54.5084], [-67.6529, 54.4979], [-67.659, 54.4972], [-67.6633, 54.4923], [-67.6603, 54.4864], [-67.6635, 54.4865], [-67.665, 54.478], [-67.6534, 54.4702], [-67.6704, 54.4656], [-67.6602, 54.4585], [-67.67, 54.4463], [-67.7057, 54.4411], [-67.7174, 54.4488], [-67.704, 54.4575], [-67.726, 54.462], [-67.7306, 54.4588], [-67.7296, 54.4463], [-67.7459, 54.4405], [-67.7577, 54.446], [-67.7747, 54.4384], [-67.777, 54.4282], [-67.769, 54.4252], [-67.7662, 54.4199], [-67.7567, 54.4142], [-67.7432, 54.4152], [-67.7477, 54.4099], [-67.7433, 54.4007], [-67.7355, 54.3997], [-67.7276, 54.3909], [-67.7189, 54.3921], [-67.714, 54.3881], [-67.7259, 54.3771], [-67.7218, 54.3675], [-67.7322, 54.3606], [-67.7327, 54.3572], [-67.743, 54.353], [-67.7409, 54.3471], [-67.721, 54.3487], [-67.7298, 54.3408], [-67.7274, 54.3355], [-67.7086, 54.334], [-67.7046, 54.3288], [-67.6862, 54.3272], [-67.6783, 54.3217], [-67.6794, 54.3182], [-67.6629, 54.3118], [-67.6694, 54.3043], [-67.6698, 54.2893], [-67.6597, 54.2821], [-67.6604, 54.2755], [-67.668, 54.2717], [-67.673, 54.2645], [-67.6813, 54.2654], [-67.6832, 54.2611], [-67.6746, 54.2557], [-67.6704, 54.2403], [-67.6559, 54.235], [-67.6594, 54.2306], [-67.6556, 54.2273], [-67.6175, 54.22], [-67.6065, 54.2073], [-67.6333, 54.2023], [-67.6082, 54.198], [-67.6168, 54.1875], [-67.6217, 54.1869], [-67.6283, 54.1912], [-67.6457, 54.1903], [-67.6512, 54.1866], [-67.6414, 54.1813], [-67.6407, 54.1778], [-67.6505, 54.1731], [-67.6337, 54.1649], [-67.6357, 54.1588], [-67.6515, 54.1615], [-67.6764, 54.1562], [-67.6963, 54.1603], [-67.7225, 54.1491], [-67.7535, 54.1568], [-67.7756, 54.1467], [-67.7847, 54.1374], [-67.8036, 54.13], [-67.802, 54.1248], [-67.7884, 54.1178], [-67.7967, 54.1133], [-67.7916, 54.1089], [-67.7963, 54.1023], [-67.7885, 54.0995], [-67.7772, 54.1018], [-67.7772, 54.1054], [-67.76, 54.1039], [-67.7503, 54.0889], [-67.7816, 54.0834], [-67.7768, 54.0735], [-67.7696, 54.069], [-67.7799, 54.0642], [-67.7781, 54.0563], [-67.7922, 54.0491], [-67.7802, 54.0394], [-67.7999, 54.0369], [-67.8011, 54.0308], [-67.8177, 54.026], [-67.8149, 54.0199], [-67.8093, 54.0174], [-67.8092, 54.0133], [-67.7992, 54.016], [-67.7884, 54.0113], [-67.7768, 54.0133], [-67.7769, 54.0064], [-67.7831, 54.0034], [-67.7714, 53.9977], [-67.7634, 53.9985], [-67.7598, 54.003], [-67.7498, 54.0004], [-67.7252, 53.9834], [-67.7161, 53.9857], [-67.7047, 53.9804], [-67.6765, 53.9785], [-67.671, 53.9725], [-67.6755, 53.97], [-67.6538, 53.962], [-67.6504, 53.9521], [-67.6689, 53.9477], [-67.6702, 53.9422], [-67.6666, 53.9371], [-67.6569, 53.9333], [-67.6331, 53.9367], [-67.6311, 53.9306], [-67.6111, 53.9303], [-67.6, 53.9246], [-67.5832, 53.9233], [-67.5944, 53.9075], [-67.5998, 53.9066], [-67.5962, 53.9016], [-67.5848, 53.8973], [-67.5905, 53.8955], [-67.5892, 53.8903], [-67.6061, 53.8856], [-67.5949, 53.8795], [-67.6033, 53.8731], [-67.5834, 53.8681], [-67.578, 53.8742], [-67.5684, 53.874], [-67.5674, 53.8685], [-67.5538, 53.8626], [-67.5527, 53.8573], [-67.5485, 53.8556], [-67.5601, 53.8511], [-67.5563, 53.8446], [-67.5472, 53.8426], [-67.5412, 53.8461], [-67.5301, 53.8458], [-67.5149, 53.839], [-67.5091, 53.8396], [-67.5037, 53.8448], [-67.5025, 53.8418], [-67.4889, 53.8385], [-67.4885, 53.8347], [-67.4952, 53.8315], [-67.4929, 53.8281], [-67.5088, 53.8196], [-67.5106, 53.8165], [-67.5062, 53.8142], [-67.5256, 53.8106], [-67.5259, 53.8032], [-67.5649, 53.7946], [-67.593, 53.7935], [-67.5914, 53.7896], [-67.5544, 53.7846], [-67.5454, 53.7778], [-67.5939, 53.764], [-67.5814, 53.7596], [-67.5275, 53.762], [-67.5072, 53.7557], [-67.4921, 53.7563], [-67.4997, 53.7486], [-67.5, 53.7439], [-67.5133, 53.735], [-67.4973, 53.7284], [-67.4884, 53.7197], [-67.4691, 53.7149], [-67.4526, 53.7148], [-67.4422, 53.7091], [-67.4369, 53.7113], [-67.4348, 53.7187], [-67.4372, 53.7213], [-67.4541, 53.723], [-67.4498, 53.7308], [-67.4378, 53.7272], [-67.4142, 53.7274], [-67.4061, 53.7219], [-67.4191, 53.718], [-67.4218, 53.7101], [-67.4098, 53.695], [-67.3844, 53.6934], [-67.39, 53.6788], [-67.4031, 53.6717], [-67.4068, 53.6643], [-67.3914, 53.6636], [-67.3933, 53.6567], [-67.3816, 53.6516], [-67.3832, 53.6483], [-67.3794, 53.6418], [-67.3847, 53.6379], [-67.3778, 53.6297], [-67.3839, 53.6243], [-67.3831, 53.6167], [-67.3618, 53.6073], [-67.3565, 53.6013], [-67.3431, 53.6007], [-67.3254, 53.5887], [-67.3037, 53.5877], [-67.3059, 53.5827], [-67.3124, 53.5798], [-67.3088, 53.5747], [-67.3154, 53.5652], [-67.3092, 53.5602], [-67.3076, 53.5524], [-67.2904, 53.5461], [-67.2837, 53.5501], [-67.2826, 53.5547], [-67.2664, 53.5586], [-67.2594, 53.5636], [-67.2334, 53.549], [-67.2188, 53.5317], [-67.2118, 53.54], [-67.1935, 53.5368], [-67.1956, 53.5477], [-67.1864, 53.5522], [-67.1834, 53.5592], [-67.1714, 53.5571], [-67.1629, 53.547], [-67.1524, 53.541], [-67.1405, 53.5402], [-67.129, 53.5338], [-67.1135, 53.537], [-67.1096, 53.5316], [-67.1028, 53.5298], [-67.0809, 53.5344], [-67.0708, 53.5426], [-67.0508, 53.5387], [-67.046, 53.5316], [-67.0367, 53.5361], [-67.0164, 53.5272], [-67.0193, 53.524], [-67.0162, 53.5164], [-67.0049, 53.5131], [-67.0011, 53.5028], [-66.9963, 53.5], [-66.9712, 53.5], [-66.9729, 53.4935], [-66.9793, 53.4916], [-66.982, 53.485], [-66.9887, 53.4833], [-66.9932, 53.4781], [-66.9899, 53.4687], [-66.9733, 53.4695], [-66.9475, 53.479], [-66.9272, 53.473], [-66.9253, 53.4657], [-66.9283, 53.4596], [-66.9177, 53.4602], [-66.9159, 53.4573], [-66.9264, 53.4486], [-66.9316, 53.4396], [-66.9245, 53.4353], [-66.9248, 53.4289], [-66.9113, 53.4206], [-66.9004, 53.4202], [-66.8968, 53.425], [-66.8922, 53.4252], [-66.8753, 53.4135], [-66.8824, 53.407], [-66.892, 53.4053], [-66.8923, 53.3989], [-66.9066, 53.3897], [-66.9161, 53.3905], [-66.9178, 53.3949], [-66.9221, 53.3947], [-66.9313, 53.3866], [-66.9427, 53.3851], [-66.946, 53.379], [-66.945, 53.3691], [-66.9557, 53.3672], [-66.9628, 53.3594], [-66.9757, 53.3585], [-66.9817, 53.3701], [-66.997, 53.3698], [-67.0044, 53.3625], [-66.9897, 53.3608], [-66.9864, 53.355], [-67.0206, 53.3395], [-67.0191, 53.3281], [-67.0137, 53.3212], [-67.0056, 53.3202], [-67.0012, 53.3248], [-66.988, 53.3264], [-66.9784, 53.3176], [-66.9517, 53.3108], [-66.9482, 53.3048], [-66.951, 53.2934], [-66.9458, 53.2889], [-66.9445, 53.2821], [-66.9581, 53.2759], [-66.9547, 53.2704], [-66.9583, 53.2634], [-66.9699, 53.2548], [-66.9622, 53.2501], [-66.9688, 53.2461], [-66.9639, 53.2366], [-66.9745, 53.2288], [-66.9733, 53.224], [-66.9602, 53.2202], [-66.9684, 53.204], [-66.9647, 53.2003], [-66.9509, 53.1971], [-66.9599, 53.1913], [-66.9514, 53.1842], [-66.9512, 53.1804], [-66.9569, 53.1753], [-66.9694, 53.1759], [-66.9746, 53.1719], [-66.9972, 53.1686], [-67.0054, 53.159], [-67.007, 53.1516], [-67.0039, 53.1468], [-66.9956, 53.1461], [-66.9906, 53.1399], [-66.9424, 53.1373], [-66.9506, 53.1328], [-66.9519, 53.1276], [-66.9757, 53.1249], [-66.9836, 53.1186], [-66.9809, 53.0984], [-66.9692, 53.0965], [-66.9738, 53.0924], [-66.9738, 53.0873], [-66.9818, 53.0816], [-66.9886, 53.0841], [-67.0065, 53.0801], [-67.0129, 53.0729], [-67.0252, 53.0752], [-67.0438, 53.0696], [-67.0483, 53.0744], [-67.0723, 53.0734], [-67.0768, 53.0789], [-67.0668, 53.0886], [-67.072, 53.0918], [-67.0763, 53.1057], [-67.0684, 53.1062], [-67.0652, 53.1104], [-67.0524, 53.1148], [-67.0519, 53.1211], [-67.0616, 53.1252], [-67.0558, 53.1374], [-67.0624, 53.1354], [-67.0662, 53.1383], [-67.0754, 53.1328], [-67.073, 53.129], [-67.0757, 53.1254], [-67.1011, 53.1204], [-67.1042, 53.1146], [-67.1103, 53.1127], [-67.1081, 53.1078], [-67.1116, 53.1014], [-67.1159, 53.1003], [-67.1235, 53.1043], [-67.1277, 53.1239], [-67.1546, 53.1281], [-67.1386, 53.1351], [-67.1448, 53.1403], [-67.1514, 53.1399], [-67.1617, 53.1456], [-67.225, 53.1471], [-67.2465, 53.1578], [-67.2564, 53.1653], [-67.2561, 53.1731], [-67.2677, 53.177], [-67.2786, 53.1739], [-67.2854, 53.1616], [-67.298, 53.1587], [-67.2883, 53.1536], [-67.2863, 53.1389], [-67.3081, 53.1333], [-67.3203, 53.1222], [-67.3304, 53.1212], [-67.3369, 53.1147], [-67.3433, 53.1131], [-67.349, 53.1159], [-67.3724, 53.1016], [-67.3717, 53.0962], [-67.382, 53.0895], [-67.387, 53.0778], [-67.381, 53.0751], [-67.3826, 53.0674], [-67.3783, 53.0622], [-67.3805, 53.0595], [-67.3729, 53.0511], [-67.3754, 53.0445], [-67.3647, 53.0399], [-67.3668, 53.0357], [-67.362, 53.0297], [-67.3483, 53.0315], [-67.3608, 53.0223], [-67.3523, 53.0204], [-67.3558, 53.0177], [-67.3542, 53.0119], [-67.3425, 53.0052], [-67.3517, 53.0035], [-67.3564, 52.9984], [-67.3421, 52.9888], [-67.3455, 52.9848], [-67.3442, 52.9823], [-67.3394, 52.9809], [-67.334, 52.9857], [-67.3244, 52.9878], [-67.3196, 52.9853], [-67.3147, 52.9872], [-67.3109, 52.9856], [-67.3127, 52.9815], [-67.3066, 52.9787], [-67.2864, 52.992], [-67.282, 52.9915], [-67.2788, 52.9853], [-67.2588, 52.9855], [-67.2462, 52.9822], [-67.2398, 52.9854], [-67.2328, 52.9818], [-67.2518, 52.9755], [-67.2745, 52.9591], [-67.2872, 52.9618], [-67.2955, 52.958], [-67.3056, 52.966], [-67.3193, 52.9624], [-67.3384, 52.9516], [-67.3371, 52.941], [-67.3513, 52.9348], [-67.3462, 52.9305], [-67.3499, 52.9268], [-67.3362, 52.92], [-67.3367, 52.9148], [-67.33, 52.9099], [-67.3353, 52.9036], [-67.3338, 52.8993], [-67.3417, 52.8946], [-67.3291, 52.8858], [-67.3238, 52.8782], [-67.3113, 52.8793], [-67.3064, 52.8849], [-67.2904, 52.8866], [-67.282, 52.8803], [-67.2549, 52.8745], [-67.2418, 52.8581], [-67.2433, 52.8524], [-67.2309, 52.8491], [-67.2317, 52.8408], [-67.2165, 52.8412], [-67.2169, 52.8331], [-67.2211, 52.8272], [-67.2355, 52.8191], [-67.2524, 52.8203], [-67.2631, 52.8281], [-67.3041, 52.8255], [-67.3331, 52.8186], [-67.3448, 52.8237], [-67.3507, 52.8387], [-67.3821, 52.8351], [-67.3897, 52.8488], [-67.4282, 52.8596], [-67.4414, 52.8721], [-67.4627, 52.9032], [-67.4657, 52.9169], [-67.4821, 52.9284], [-67.4865, 52.9422], [-67.5091, 52.9581], [-67.5304, 52.9818], [-67.5379, 53.0067], [-67.5602, 53.0095], [-67.5797, 53.0009], [-67.5944, 53.0062], [-67.6243, 53.0068], [-67.6353, 53.0001], [-67.6369, 52.9908], [-67.6341, 52.9843], [-67.6134, 52.977], [-67.6088, 52.9723], [-67.6223, 52.9528], [-67.6136, 52.9409], [-67.6159, 52.9303], [-67.6247, 52.9268], [-67.6341, 52.9299], [-67.6668, 52.9305], [-67.7132, 52.9252], [-67.7268, 52.92], [-67.7235, 52.9087], [-67.7266, 52.8969], [-67.7431, 52.8893], [-67.7691, 52.8865], [-67.7761, 52.8702], [-67.7555, 52.8608], [-67.7564, 52.8454], [-67.7437, 52.8353], [-67.7485, 52.8279], [-67.7482, 52.8134], [-67.7357, 52.8037], [-67.7387, 52.7901], [-67.7362, 52.7856], [-67.7204, 52.7786], [-67.7089, 52.7818], [-67.7004, 52.7882], [-67.6961, 52.7874], [-67.6899, 52.7782], [-67.6959, 52.7644], [-67.7119, 52.7491], [-67.7056, 52.7336], [-67.6839, 52.7256], [-67.6756, 52.717], [-67.6816, 52.7129], [-67.6975, 52.7134], [-67.7055, 52.7106], [-67.7059, 52.7022], [-67.6832, 52.6925], [-67.6634, 52.6777], [-67.6156, 52.6715], [-67.5906, 52.6601], [-67.5895, 52.6544], [-67.5947, 52.637], [-67.5747, 52.6128], [-67.5551, 52.6006], [-67.558, 52.5877], [-67.5683, 52.5885], [-67.5911, 52.6051], [-67.6136, 52.6087], [-67.6355, 52.6176], [-67.6463, 52.6131], [-67.6371, 52.5949], [-67.6421, 52.5918], [-67.6666, 52.5997], [-67.6839, 52.5988], [-67.6867, 52.6047], [-67.6983, 52.6101], [-67.7161, 52.6118], [-67.7216, 52.5997], [-67.7219, 52.5874], [-67.7084, 52.5589], [-67.7273, 52.5475], [-67.7162, 52.5201], [-67.7074, 52.5071], [-67.7067, 52.5005], [-67.7092, 52.4991], [-67.723, 52.4996], [-67.735, 52.5074], [-67.7786, 52.4995], [-67.7951, 52.5023], [-67.8025, 52.5048], [-67.8119, 52.5137], [-67.8282, 52.517], [-67.8384, 52.525], [-67.881, 52.5296], [-67.8999, 52.5396], [-67.9038, 52.548], [-67.9001, 52.5569], [-67.9478, 52.5696], [-67.9573, 52.5651], [-67.9717, 52.569], [-67.9794, 52.5661], [-67.9854, 52.5413], [-68.0017, 52.5361], [-68.0066, 52.5245], [-68.0128, 52.52], [-68.0525, 52.5057], [-68.0639, 52.4941], [-68.0898, 52.52], [-68.1364, 52.5419], [-68.1524, 52.5459], [-68.1764, 52.545], [-68.187, 52.5542], [-68.2343, 52.5484], [-68.2471, 52.5518], [-68.2512, 52.5624], [-68.2513, 52.594], [-68.2581, 52.5997], [-68.2484, 52.6259], [-68.2811, 52.6306], [-68.3173, 52.6214], [-68.3265, 52.6257], [-68.3499, 52.6501], [-68.3707, 52.6881], [-68.3924, 52.7095], [-68.4238, 52.7296], [-68.4382, 52.7331], [-68.4557, 52.7312], [-68.4498, 52.6954], [-68.4555, 52.6908], [-68.471, 52.6864], [-68.469, 52.6818], [-68.4745, 52.6787], [-68.4747, 52.6739], [-68.4834, 52.6745], [-68.5348, 52.698], [-68.5483, 52.7006], [-68.5641, 52.6938], [-68.5632, 52.6847], [-68.5792, 52.6747], [-68.6147, 52.6612], [-68.6522, 52.6559], [-68.6603, 52.6626], [-68.6641, 52.678], [-68.6608, 52.6847], [-68.6634, 52.6963], [-68.6746, 52.7067], [-68.7212, 52.7075], [-68.7408, 52.7166], [-68.7584, 52.7184], [-68.7658, 52.7215], [-68.7677, 52.7313], [-68.7725, 52.7355], [-68.8151, 52.7386], [-68.8201, 52.7512], [-68.8246, 52.7532], [-68.8552, 52.7457], [-68.8736, 52.7203], [-68.9068, 52.719], [-68.9291, 52.7284], [-68.9307, 52.7527], [-68.9403, 52.7515], [-68.9497, 52.7389], [-68.9583, 52.7344], [-68.9665, 52.735], [-68.9704, 52.7453], [-68.9965, 52.7438], [-68.9989, 52.7497], [-68.9933, 52.7717], [-69.0006, 52.7739], [-69.0103, 52.7702], [-69.0121, 52.762], [-69.0293, 52.7458], [-69.0468, 52.739], [-69.0654, 52.7214], [-69.0704, 52.7058], [-69.0998, 52.6992], [-69.1175, 52.6887], [-69.1206, 52.6806], [-69.1093, 52.6693], [-69.107, 52.6621], [-69.1095, 52.6581], [-69.1407, 52.6501], [-69.1553, 52.6399], [-69.174, 52.6352], [-69.1865, 52.6189], [-69.1858, 52.6124], [-69.1885, 52.6109], [-69.2526, 52.6012], [-69.2543, 52.5982], [-69.246, 52.5906], [-69.2469, 52.5858], [-69.26, 52.5648], [-69.2701, 52.5596], [-69.2765, 52.5513], [-69.2991, 52.5464], [-69.3007, 52.5411], [-69.2897, 52.5339], [-69.2906, 52.5311], [-69.3169, 52.5248], [-69.322, 52.5286], [-69.3211, 52.5367], [-69.3555, 52.5377], [-69.3658, 52.5407], [-69.3754, 52.5485], [-69.3753, 52.5522], [-69.3568, 52.5607], [-69.3524, 52.5663], [-69.3493, 52.5885], [-69.3622, 52.602], [-69.3481, 52.6072], [-69.348, 52.6118], [-69.3606, 52.6135], [-69.3761, 52.6211], [-69.3966, 52.6199], [-69.4043, 52.6259], [-69.3752, 52.6396], [-69.3222, 52.6565], [-69.3016, 52.6544], [-69.2917, 52.6771], [-69.2897, 52.6897], [-69.3043, 52.7005], [-69.3069, 52.7202], [-69.2926, 52.7318], [-69.2882, 52.7462], [-69.2683, 52.7549], [-69.2675, 52.7739], [-69.2325, 52.8384], [-69.2342, 52.8502], [-69.2448, 52.8542], [-69.2498, 52.8611], [-69.2597, 52.8619], [-69.2478, 52.8749], [-69.2648, 52.8845], [-69.2698, 52.8981], [-69.2757, 52.9011], [-69.2882, 52.8987], [-69.2975, 52.887], [-69.3136, 52.8807], [-69.3048, 52.8717], [-69.3104, 52.8592], [-69.2938, 52.8535], [-69.2907, 52.8494], [-69.2965, 52.8294], [-69.301, 52.8259], [-69.3194, 52.8196], [-69.3374, 52.8266], [-69.3454, 52.8209], [-69.3692, 52.8191], [-69.3722, 52.8273], [-69.383, 52.8385], [-69.3828, 52.8462], [-69.3899, 52.8557], [-69.3737, 52.8739], [-69.3625, 52.8788], [-69.3626, 52.8894], [-69.3559, 52.893], [-69.345, 52.907], [-69.372, 52.9228], [-69.3726, 52.9278], [-69.3414, 52.9486], [-69.3448, 52.9597], [-69.3424, 52.9681], [-69.3373, 52.9716], [-69.3358, 52.98], [-69.3201, 52.9861], [-69.3174, 52.9901], [-69.3233, 53.0003], [-69.301, 53.0133], [-69.3078, 53.0366], [-69.2998, 53.0411], [-69.2994, 53.0457], [-69.2898, 53.046], [-69.2876, 53.0503], [-69.3016, 53.0626], [-69.3342, 53.0608], [-69.3495, 53.0523], [-69.381, 53.0561], [-69.3935, 53.0642], [-69.4232, 53.0514], [-69.426, 53.0593], [-69.44, 53.0764], [-69.4742, 53.0789], [-69.4822, 53.083], [-69.4904, 53.0926], [-69.5, 53.0955], [-69.5, 55.5], [-76.2174, 55.5], [-76.2222, 55.5038], [-76.2278, 55.5016], [-76.2327, 55.4933], [-76.2327, 55.5113], [-76.22425593463818, 55.50997794936254], [-76.2327, 55.5138], [-76.2327, 55.5297], [-76.2264, 55.5298], [-76.2327, 55.5319], [-76.2327, 55.554], [-76.2176, 55.552], [-76.2115, 55.5488], [-76.2101, 55.5443], [-76.2038, 55.5452], [-76.2092, 55.5475], [-76.2013, 55.5492], [-76.2019, 55.5565], [-76.2095, 55.5586], [-76.2204, 55.5545], [-76.2327, 55.5555], [-76.2349, 55.5596], [-76.2327, 55.56], [-76.2327, 55.5714], [-76.259, 55.585], [-76.2613, 55.5892], [-76.2745, 55.593], [-76.396, 55.657], [-76.5416, 55.7302], [-76.5479, 55.731], [-76.5455, 55.7322], [-76.5486, 55.7338], [-76.5524, 55.7332], [-76.5506, 55.7348], [-76.638, 55.7793], [-76.6283, 55.7788], [-76.6365, 55.7811], [-76.6331, 55.7825], [-76.64588378378379, 55.783391891891895], [-76.6543, 55.7876], [-76.6669, 55.7864], [-76.6596, 55.7902]], [[-76.2232, 55.5095], [-76.2226456716418, 55.50972583747927], [-76.22425593463818, 55.50997794936254], [-76.2232, 55.5095]], [[-76.2129, 55.5082], [-76.2178, 55.5117], [-76.2226456716418, 55.50972583747927], [-76.2129, 55.5082]], [[-64.6297, 56.5836], [-64.6282, 56.5771], [-64.6171, 56.5765], [-64.6165, 56.5742], [-64.6296, 56.574], [-64.6385, 56.5691], [-64.6542, 56.5672], [-64.6639, 56.5609], [-64.6861, 56.5582], [-64.7267, 56.5378], [-64.7266, 56.5327], [-64.9842, 56.3369], [-65.005, 56.345], [-65.0022, 56.3373], [-65.0097, 56.3402], [-65.0151, 56.3382], [-65.0118, 56.3345], [-65.0151, 56.3355], [-65.0159, 56.3329], [-65.0256, 56.3404], [-65.0353, 56.3379], [-65.0437, 56.3462], [-65.0571, 56.3495], [-65.049, 56.3596], [-65.0233, 56.3598], [-65.0323, 56.3661], [-65.0348, 56.3621], [-65.0503, 56.3708], [-65.0576, 56.3714], [-65.0582, 56.3746], [-65.0545, 56.3755], [-65.0592, 56.3756], [-65.0607, 56.3698], [-65.0464, 56.3653], [-65.0552, 56.3628], [-65.0594, 56.358], [-65.0906, 56.3599], [-65.0953, 56.3558], [-65.1038, 56.3546], [-65.1031, 56.3568], [-65.1101, 56.3599], [-65.1086, 56.3682], [-65.0894, 56.3674], [-65.0735, 56.3722], [-65.0786, 56.3757], [-65.0949, 56.374], [-65.1046, 56.3792], [-65.0912, 56.3806], [-65.0821, 56.3774], [-65.087, 56.3811], [-65.0754, 56.3847], [-65.0822, 56.3884], [-65.1185, 56.3889], [-65.1112, 56.3855], [-65.1084, 56.3799], [-65.1294, 56.379], [-65.1067, 56.3749], [-65.1073, 56.3711], [-65.131, 56.365], [-65.1268, 56.3616], [-65.1281, 56.352], [-65.142, 56.35], [-65.1437, 56.3525], [-65.1383, 56.3528], [-65.1408, 56.3643], [-65.1377, 56.3653], [-65.1464, 56.3646], [-65.1536, 56.3709], [-65.1683, 56.3718], [-65.159, 56.3748], [-65.1787, 56.3747], [-65.1792, 56.3792], [-65.1829, 56.375], [-65.1893, 56.3799], [-65.1979, 56.3734], [-65.2014, 56.3781], [-65.1973, 56.3803], [-65.2064, 56.385], [-65.203, 56.3887], [-65.2075, 56.3918], [-65.2023, 56.396], [-65.2081, 56.3981], [-65.2104, 56.3947], [-65.2154, 56.3979], [-65.2101, 56.4002], [-65.2125, 56.4045], [-65.2367, 56.3825], [-65.2363, 56.3781], [-65.2439, 56.3659], [-65.2508, 56.3667], [-65.2528, 56.3656], [-65.2488, 56.3643], [-65.2498, 56.3605], [-65.2609, 56.3583], [-65.2505, 56.3531], [-65.2552, 56.3448], [-65.2727, 56.3409], [-65.2763, 56.3435], [-65.2683, 56.3446], [-65.2671, 56.3475], [-65.2748, 56.3455], [-65.2937, 56.3497], [-65.2943, 56.3539], [-65.3152, 56.3572], [-65.2683, 56.3689], [-65.2798, 56.371], [-65.3063, 56.3667], [-65.3096, 56.3706], [-65.3058, 56.3738], [-65.3177, 56.3731], [-65.3165, 56.3689], [-65.3086, 56.3648], [-65.3173, 56.3592], [-65.3259, 56.3629], [-65.3471, 56.3609], [-65.3495, 56.3646], [-65.3715, 56.3676], [-65.3715, 56.3732], [-65.3782, 56.3765], [-65.3728, 56.3771], [-65.3825, 56.3768], [-65.3956, 56.3845], [-65.3972, 56.3884], [-65.394, 56.3916], [-65.4031, 56.3965], [-65.4001, 56.398], [-65.4117, 56.3992], [-65.4079, 56.4016], [-65.4179, 56.4105], [-65.4198, 56.406], [-65.4152, 56.4038], [-65.4222, 56.4016], [-65.412, 56.3967], [-65.4168, 56.3931], [-65.4182, 56.3843], [-65.3887, 56.3802], [-65.4054, 56.3791], [-65.4067, 56.3759], [-65.4003, 56.374], [-65.3996, 56.3647], [-65.396, 56.3605], [-65.4109, 56.3526], [-65.4007, 56.3548], [-65.3996, 56.3454], [-65.4019, 56.3431], [-65.3916, 56.3493], [-65.3844, 56.3453], [-65.3903, 56.3461], [-65.3939, 56.3429], [-65.38, 56.3353], [-65.3694, 56.3138], [-65.3772, 56.3082], [-65.3885, 56.3102], [-65.3895, 56.3044], [-65.4001, 56.3081], [-65.4023, 56.3102], [-65.3982, 56.311], [-65.4022, 56.3137], [-65.4104, 56.3114], [-65.4236, 56.3155], [-65.4277, 56.3091], [-65.4355, 56.3075], [-65.4593, 56.3156], [-65.4751, 56.3167], [-65.4803, 56.3197], [-65.4787, 56.322], [-65.4941, 56.331], [-65.4902, 56.334], [-65.4785, 56.3339], [-65.4674, 56.328], [-65.4691, 56.3335], [-65.4469, 56.3479], [-65.4572, 56.3468], [-65.4516, 56.3513], [-65.4506, 56.3565], [-65.4406, 56.3566], [-65.4284, 56.3517], [-65.4228, 56.3534], [-65.4324, 56.3558], [-65.4349, 56.3594], [-65.4221, 56.3701], [-65.447, 56.3615], [-65.4455, 56.3715], [-65.4502, 56.3718], [-65.452, 56.3667], [-65.4593, 56.366], [-65.4583, 56.36], [-65.465, 56.3594], [-65.4724, 56.3538], [-65.4677, 56.352], [-65.4616, 56.3556], [-65.4561, 56.3517], [-65.457, 56.3492], [-65.4654, 56.3478], [-65.4653, 56.3428], [-65.4778, 56.3382], [-65.5096, 56.3392], [-65.5205, 56.3468], [-65.5345, 56.3505], [-65.5251, 56.3539], [-65.5158, 56.3628], [-65.5031, 56.3593], [-65.5082, 56.3508], [-65.5135, 56.3483], [-65.497, 56.355], [-65.5085, 56.3744], [-65.5084, 56.3813], [-65.5003, 56.387], [-65.5044, 56.4133], [-65.5123, 56.4061], [-65.5053, 56.3979], [-65.5051, 56.3886], [-65.5195, 56.379], [-65.5189, 56.3723], [-65.5234, 56.3623], [-65.5381, 56.3547], [-65.5426, 56.3509], [-65.5409, 56.3476], [-65.546, 56.3449], [-65.5807, 56.3329], [-65.58, 56.337], [-65.5688, 56.3448], [-65.5715, 56.3465], [-65.5817, 56.3369], [-65.5872, 56.3374], [-65.5905, 56.328], [-65.611, 56.3198], [-65.6126, 56.3157], [-65.6286, 56.3166], [-65.6384, 56.3231], [-65.6415, 56.3291], [-65.6463, 56.3293], [-65.6435, 56.3353], [-65.6541, 56.3454], [-65.6509, 56.3478], [-65.6557, 56.3499], [-65.6741, 56.3357], [-65.6997, 56.3399], [-65.6996, 56.3359], [-65.6898, 56.3323], [-65.7024, 56.329], [-65.7116, 56.3322], [-65.7196, 56.3396], [-65.7413, 56.3472], [-65.7455, 56.3446], [-65.7415, 56.3342], [-65.7485, 56.333], [-65.7512, 56.3272], [-65.7567, 56.3245], [-65.776, 56.3231], [-65.7855, 56.33], [-65.7987, 56.3313], [-65.8004, 56.3274], [-65.8061, 56.3264], [-65.8027, 56.3242], [-65.8172, 56.3236], [-65.8271, 56.3289], [-65.8268, 56.3321], [-65.8197, 56.3352], [-65.8243, 56.3355], [-65.8301, 56.3415], [-65.8191, 56.34], [-65.821, 56.342], [-65.8188, 56.3428], [-65.8326, 56.3469], [-65.8297, 56.3483], [-65.8439, 56.3499], [-65.8504, 56.3549], [-65.8382, 56.3367], [-65.8481, 56.3348], [-65.8297, 56.3293], [-65.837, 56.3251], [-65.8489, 56.3239], [-65.8582, 56.3303], [-65.873, 56.3481], [-65.8965, 56.3567], [-65.93, 56.375], [-65.9334, 56.378], [-65.9316, 56.3806], [-65.9551, 56.3907], [-65.9597, 56.4015], [-65.9572, 56.4054], [-65.9371, 56.4052], [-65.9458, 56.4073], [-65.9468, 56.4146], [-65.9387, 56.4101], [-65.9281, 56.4096], [-65.947, 56.4174], [-65.9349, 56.4243], [-65.9388, 56.4266], [-65.9339, 56.428], [-65.937, 56.431], [-65.9337, 56.4352], [-65.9402, 56.4399], [-65.9501, 56.4381], [-65.9404, 56.4366], [-65.9466, 56.435], [-65.9457, 56.4301], [-65.9414, 56.4282], [-65.9457, 56.4281], [-65.9478, 56.4241], [-65.9506, 56.4255], [-65.9479, 56.4231], [-65.9525, 56.4205], [-65.9543, 56.4298], [-65.9637, 56.4398], [-65.9966, 56.4652], [-65.9987, 56.4623], [-66.0022, 56.4646], [-66.0075, 56.4741], [-65.9981, 56.4772], [-66.0053, 56.4811], [-66.0095, 56.4907], [-66.0243, 56.5027], [-66.0259, 56.4983], [-66.0301, 56.4982], [-66.032, 56.4921], [-66.0405, 56.4905], [-66.0501, 56.4968], [-66.0489, 56.4906], [-66.0645, 56.4889], [-66.084, 56.4915], [-66.104, 56.5037], [-66.1223, 56.5098], [-66.1118, 56.5125], [-66.1201, 56.521], [-66.1148, 56.5217], [-66.1155, 56.524], [-66.1259, 56.5279], [-66.1439, 56.5238], [-66.1525, 56.5281], [-66.17, 56.5232], [-66.2448, 56.5312], [-66.2435, 56.5222], [-66.254, 56.5215], [-66.268, 56.5269], [-66.2739, 56.5366], [-66.2729, 56.5427], [-66.2927, 56.5575], [-66.3316, 56.5757], [-66.3369, 56.5812], [-66.354, 56.5812], [-66.3608, 56.585], [-66.3725, 56.5827], [-66.3745, 56.5748], [-66.3808, 56.5769], [-66.3907, 56.5743], [-66.3918, 56.5629], [-66.401, 56.5529], [-66.4075, 56.5503], [-66.4026, 56.543], [-66.4072, 56.5416], [-66.4054, 56.5368], [-66.4157, 56.5326], [-66.4231, 56.5374], [-66.4359, 56.5388], [-66.4467, 56.5276], [-66.4447, 56.5214], [-66.4504, 56.5176], [-66.4711, 56.5143], [-66.4853, 56.5174], [-66.4814, 56.5073], [-66.4887, 56.5091], [-66.4829, 56.5041], [-66.4868, 56.5013], [-66.48, 56.4947], [-66.4745, 56.4987], [-66.4582, 56.4948], [-66.4426, 56.4821], [-66.446, 56.4776], [-66.4683, 56.4818], [-66.468, 56.486], [-66.4722, 56.4881], [-66.4782, 56.484], [-66.4728, 56.4775], [-66.4772, 56.4775], [-66.4826, 56.4793], [-66.481, 56.4811], [-66.4856, 56.4832], [-66.486, 56.4879], [-66.5057, 56.4915], [-66.5178, 56.4739], [-66.5378, 56.4703], [-66.5275, 56.4663], [-66.5396, 56.4617], [-66.5328, 56.4589], [-66.5353, 56.4534], [-66.522, 56.4575], [-66.5098, 56.4539], [-66.5322, 56.4479], [-66.5326, 56.4447], [-66.5032, 56.4512], [-66.499, 56.4564], [-66.488, 56.4557], [-66.4965, 56.459], [-66.5042, 56.4537], [-66.5128, 56.4576], [-66.509, 56.4629], [-66.4994, 56.462], [-66.4947, 56.4654], [-66.496, 56.4702], [-66.5045, 56.4756], [-66.5013, 56.4779], [-66.4622, 56.469], [-66.4581, 56.4718], [-66.4475, 56.4703], [-66.4486, 56.4681], [-66.444, 56.4675], [-66.4382, 56.4824], [-66.4407, 56.4875], [-66.438, 56.488], [-66.4083, 56.4786], [-66.4054, 56.483], [-66.3735, 56.4767], [-66.3834, 56.4821], [-66.3871, 56.4924], [-66.3657, 56.4828], [-66.3623, 56.4769], [-66.3704, 56.474], [-66.3668, 56.4695], [-66.3445, 56.4583], [-66.3461, 56.4535], [-66.3618, 56.4458], [-66.348, 56.4438], [-66.3372, 56.4355], [-66.3507, 56.4312], [-66.34, 56.4286], [-66.3414, 56.4256], [-66.3357, 56.4219], [-66.3359, 56.4142], [-66.3389, 56.4127], [-66.3365, 56.4023], [-66.3403, 56.398], [-66.3386, 56.3967], [-66.3482, 56.3949], [-66.34, 56.3913], [-66.3463, 56.389], [-66.3667, 56.3909], [-66.3706, 56.3846], [-66.3604, 56.3853], [-66.3643, 56.3838], [-66.3616, 56.3783], [-66.353, 56.379], [-66.3428, 56.3705], [-66.3414, 56.354], [-66.3461, 56.3518], [-66.3413, 56.3468], [-66.3528, 56.3473], [-66.3467, 56.3421], [-66.3489, 56.3402], [-66.3571, 56.3452], [-66.3631, 56.3403], [-66.3343, 56.332], [-66.3147, 56.3197], [-66.3146, 56.3219], [-66.302, 56.3189], [-66.2704, 56.2936], [-66.2651, 56.2939], [-66.2652, 56.2975], [-66.2544, 56.2942], [-66.2567, 56.2906], [-66.2638, 56.2914], [-66.2586, 56.2837], [-66.2667, 56.2841], [-66.2676, 56.2783], [-66.2768, 56.2788], [-66.2811, 56.2742], [-66.2868, 56.2746], [-66.2859, 56.2673], [-66.2787, 56.2665], [-66.2798, 56.2644], [-66.2897, 56.2621], [-66.2898, 56.2659], [-66.2935, 56.2655], [-66.3, 56.2624], [-66.294, 56.258], [-66.2986, 56.2572], [-66.3051, 56.2608], [-66.3152, 56.2486], [-66.311, 56.2435], [-66.316, 56.2457], [-66.3232, 56.2432], [-66.3212, 56.2387], [-66.3276, 56.2333], [-66.3266, 56.2279], [-66.3368, 56.2224], [-66.3322, 56.2184], [-66.3238, 56.2176], [-66.3136, 56.2078], [-66.3402, 56.2132], [-66.3503, 56.2098], [-66.3313, 56.2008], [-66.3378, 56.1913], [-66.3185, 56.1758], [-66.3221, 56.1701], [-66.3199, 56.1664], [-66.2852, 56.1565], [-66.28, 56.1516], [-66.2688, 56.1486], [-66.2692, 56.1437], [-66.256, 56.1386], [-66.2534, 56.1313], [-66.2582, 56.1304], [-66.2588, 56.1244], [-66.264, 56.1211], [-66.2536, 56.1166], [-66.2627, 56.1117], [-66.274, 56.1137], [-66.2823, 56.12], [-66.2908, 56.1182], [-66.2873, 56.1161], [-66.2893, 56.1129], [-66.3065, 56.0947], [-66.304, 56.0894], [-66.3121, 56.0914], [-66.3092, 56.0884], [-66.3137, 56.087], [-66.3081, 56.0813], [-66.3097, 56.0769], [-66.2984, 56.0631], [-66.3152, 56.068], [-66.3241, 56.066], [-66.3268, 56.0595], [-66.322, 56.0604], [-66.3173, 56.0564], [-66.3197, 56.0545], [-66.3159, 56.0545], [-66.3028, 56.0415], [-66.2718, 56.0298], [-66.2709, 56.0225], [-66.265, 56.0165], [-66.272, 56.0141], [-66.2638, 56.0099], [-66.267, 56.008], [-66.2637, 56.0066], [-66.2656, 56.0038], [-66.261, 56.0029], [-66.2614, 56.0], [-66.2463, 55.9891], [-66.2485, 55.9832], [-66.239, 55.9708], [-66.2009, 55.9609], [-66.1953, 55.9575], [-66.1982, 55.9561], [-66.1924, 55.954], [-66.1956, 55.9507], [-66.1797, 55.9486], [-66.1771, 55.9424], [-66.164, 55.9396], [-66.1595, 55.9355], [-66.1636, 55.934], [-66.1542, 55.9168], [-66.1379, 55.9077], [-66.1192, 55.9028], [-66.1252, 55.903], [-66.1147, 55.8961], [-66.1189, 55.8918], [-66.1108, 55.884], [-66.1168, 55.8834], [-66.112, 55.8755], [-66.1152, 55.8703], [-66.1235, 55.8691], [-66.119, 55.8651], [-66.1128, 55.8683], [-66.1178, 55.8561], [-66.1021, 55.8389], [-66.0709, 55.8198], [-66.0725, 55.8231], [-66.0609, 55.8233], [-66.0589, 55.8257], [-66.062, 55.8269], [-66.0567, 55.8299], [-66.0456, 55.8279], [-66.0432, 55.8305], [-66.0445, 55.836], [-66.0244, 55.8362], [-66.0045, 55.8297], [-66.007, 55.8251], [-66.0008, 55.8156], [-66.0094, 55.8139], [-66.0015, 55.8081], [-66.0008, 55.8026], [-65.9959, 55.8018], [-66.0032, 55.7982], [-65.9991, 55.7821], [-65.9819, 55.7833], [-65.978, 55.7794], [-65.9818, 55.7738], [-65.97, 55.7685], [-65.9662, 55.761], [-65.9664, 55.756], [-65.9806, 55.7562], [-65.9801, 55.7537], [-65.9886, 55.7512], [-65.9912, 55.747], [-65.9983, 55.747], [-65.9947, 55.7431], [-65.997, 55.7356], [-65.9259, 55.7256], [-65.9221, 55.716], [-65.9245, 55.7143], [-65.9188, 55.7072], [-65.9263, 55.7069], [-65.9125, 55.7026], [-65.905, 55.7042], [-65.8919, 55.6967], [-65.8868, 55.6863], [-65.8673, 55.6797], [-65.8631, 55.6739], [-65.8656, 55.6673], [-65.861, 55.6685], [-65.8599, 55.6737], [-65.8554, 55.6693], [-65.8568, 55.665], [-65.8494, 55.6542], [-65.8542, 55.6418], [-65.8261, 55.6278], [-65.8087, 55.6298], [-65.8063, 55.6329], [-65.7919, 55.6314], [-65.7819, 55.6278], [-65.7632, 55.6132], [-65.765, 55.6087], [-65.7536, 55.5984], [-65.7554, 55.5858], [-65.7639, 55.5788], [-65.7659, 55.5677], [-65.7585, 55.5562], [-65.7764, 55.5396], [-65.7686, 55.5175], [-65.7516, 55.5186], [-65.7411, 55.5136], [-65.7234, 55.5114], [-65.7092, 55.4971], [-65.6794, 55.4841], [-65.6453, 55.4831], [-65.64, 55.4862], [-65.6124, 55.4874], [-65.5846, 55.4811], [-65.5741, 55.4736], [-65.5697, 55.4763], [-65.5555, 55.4735], [-65.5555, 55.4778], [-65.5491, 55.4766], [-65.5463, 55.4727], [-65.5447, 55.4768], [-65.5471, 55.4781], [-65.5211, 55.4812], [-65.0664, 55.4811], [-65.0619, 55.4878], [-65.0633, 55.4964], [-65.0793, 55.5048], [-65.0827, 55.5106], [-65.0621, 55.5277], [-65.0735, 55.5438], [-65.0728, 55.5598], [-65.0831, 55.5676], [-65.0918, 55.5817], [-65.0934, 55.5904], [-65.0877, 55.6161], [-65.0997, 55.6261], [-65.1011, 55.6314], [-65.0687, 55.6597], [-65.0596, 55.6723], [-65.061, 55.6789], [-65.0522, 55.6965], [-65.0526, 55.7043], [-65.0605, 55.7102], [-65.0642, 55.7301], [-65.0791, 55.7502], [-65.0904, 55.7588], [-65.0876, 55.7646], [-65.0674, 55.7706], [-65.0589, 55.7947], [-65.058, 55.8071], [-65.0491, 55.8223], [-64.5755, 56.1245], [-64.5846, 56.3487], [-64.5585, 56.3459], [-64.5098, 56.3532], [-64.5077, 56.3584], [-64.5125, 56.3804], [-64.5067, 56.3856], [-64.5099, 56.3943], [-64.5004, 56.4024], [-64.5143, 56.4058], [-64.5174, 56.4172], [-64.5103, 56.4234], [-64.5065, 56.4337], [-64.4635, 56.4787], [-64.5684, 56.6146], [-64.5753, 56.6148], [-64.5766, 56.6184], [-64.5941, 56.6176], [-64.5959, 56.6213], [-64.6316, 56.6202], [-64.5972, 56.6125], [-64.6297, 56.5836]]]]}}, {"type": "Feature", "properties": {"id": "qc-zone-13", "wmu_id": "24", "name": "Zone 24", "province": "QC", "source": "Qu\u00e9bec \u2014 Zones de chasse et p\u00eache (GAGQ)", "zone_kind": "zone_de_chasse"}, "geometry": {"type": "Polygon", "coordinates": [[[-64.5959, 56.6213], [-64.6316, 56.6202], [-64.5972, 56.6125], [-64.6297, 56.5836], [-64.6282, 56.5771], [-64.6171, 56.5765], [-64.6165, 56.5742], [-64.6296, 56.574], [-64.6385, 56.5691], [-64.6542, 56.5672], [-64.6639, 56.5609], [-64.6861, 56.5582], [-64.7267, 56.5378], [-64.7266, 56.5327], [-64.9842, 56.3369], [-65.005, 56.345], [-65.0022, 56.3373], [-65.0097, 56.3402], [-65.0151, 56.3382], [-65.0118, 56.3345], [-65.0151, 56.3355], [-65.0159, 56.3329], [-65.0256, 56.3404], [-65.0353, 56.3379], [-65.0437, 56.3462], [-65.0571, 56.3495], [-65.049, 56.3596], [-65.0233, 56.3598], [-65.0323, 56.3661], [-65.0348, 56.3621], [-65.0503, 56.3708], [-65.0576, 56.3714], [-65.0582, 56.3746], [-65.0545, 56.3755], [-65.0592, 56.3756], [-65.0607, 56.3698], [-65.0464, 56.3653], [-65.0552, 56.3628], [-65.0594, 56.358], [-65.0906, 56.3599], [-65.0953, 56.3558], [-65.1038, 56.3546], [-65.1031, 56.3568], [-65.1101, 56.3599], [-65.1086, 56.3682], [-65.0894, 56.3674], [-65.0735, 56.3722], [-65.0786, 56.3757], [-65.0949, 56.374], [-65.1046, 56.3792], [-65.0912, 56.3806], [-65.0821, 56.3774], [-65.087, 56.3811], [-65.0754, 56.3847], [-65.0822, 56.3884], [-65.1185, 56.3889], [-65.1112, 56.3855], [-65.1084, 56.3799], [-65.1294, 56.379], [-65.1067, 56.3749], [-65.1073, 56.3711], [-65.131, 56.365], [-65.1268, 56.3616], [-65.1281, 56.352], [-65.142, 56.35], [-65.1437, 56.3525], [-65.1383, 56.3528], [-65.1408, 56.3643], [-65.1377, 56.3653], [-65.1464, 56.3646], [-65.1536, 56.3709], [-65.1683, 56.3718], [-65.159, 56.3748], [-65.1787, 56.3747], [-65.1792, 56.3792], [-65.1829, 56.375], [-65.1893, 56.3799], [-65.1979, 56.3734], [-65.2014, 56.3781], [-65.1973, 56.3803], [-65.2064, 56.385], [-65.203, 56.3887], [-65.2075, 56.3918], [-65.2023, 56.396], [-65.2081, 56.3981], [-65.2104, 56.3947], [-65.2154, 56.3979], [-65.2101, 56.4002], [-65.2125, 56.4045], [-65.2367, 56.3825], [-65.2363, 56.3781], [-65.2439, 56.3659], [-65.2508, 56.3667], [-65.2528, 56.3656], [-65.2488, 56.3643], [-65.2498, 56.3605], [-65.2609, 56.3583], [-65.2505, 56.3531], [-65.2552, 56.3448], [-65.2727, 56.3409], [-65.2763, 56.3435], [-65.2683, 56.3446], [-65.2671, 56.3475], [-65.2748, 56.3455], [-65.2937, 56.3497], [-65.2943, 56.3539], [-65.3152, 56.3572], [-65.2683, 56.3689], [-65.2798, 56.371], [-65.3063, 56.3667], [-65.3096, 56.3706], [-65.3058, 56.3738], [-65.3177, 56.3731], [-65.3165, 56.3689], [-65.3086, 56.3648], [-65.3173, 56.3592], [-65.3259, 56.3629], [-65.3471, 56.3609], [-65.3495, 56.3646], [-65.3715, 56.3676], [-65.3715, 56.3732], [-65.3782, 56.3765], [-65.3728, 56.3771], [-65.3825, 56.3768], [-65.3956, 56.3845], [-65.3972, 56.3884], [-65.394, 56.3916], [-65.4031, 56.3965], [-65.4001, 56.398], [-65.4117, 56.3992], [-65.4079, 56.4016], [-65.4179, 56.4105], [-65.4198, 56.406], [-65.4152, 56.4038], [-65.4222, 56.4016], [-65.412, 56.3967], [-65.4168, 56.3931], [-65.4182, 56.3843], [-65.3887, 56.3802], [-65.4054, 56.3791], [-65.4067, 56.3759], [-65.4003, 56.374], [-65.3996, 56.3647], [-65.396, 56.3605], [-65.4109, 56.3526], [-65.4007, 56.3548], [-65.3996, 56.3454], [-65.4019, 56.3431], [-65.3916, 56.3493], [-65.3844, 56.3453], [-65.3903, 56.3461], [-65.3939, 56.3429], [-65.38, 56.3353], [-65.3694, 56.3138], [-65.3772, 56.3082], [-65.3885, 56.3102], [-65.3895, 56.3044], [-65.4001, 56.3081], [-65.4023, 56.3102], [-65.3982, 56.311], [-65.4022, 56.3137], [-65.4104, 56.3114], [-65.4236, 56.3155], [-65.4277, 56.3091], [-65.4355, 56.3075], [-65.4593, 56.3156], [-65.4751, 56.3167], [-65.4803, 56.3197], [-65.4787, 56.322], [-65.4941, 56.331], [-65.4902, 56.334], [-65.4785, 56.3339], [-65.4674, 56.328], [-65.4691, 56.3335], [-65.4469, 56.3479], [-65.4572, 56.3468], [-65.4516, 56.3513], [-65.4506, 56.3565], [-65.4406, 56.3566], [-65.4284, 56.3517], [-65.4228, 56.3534], [-65.4324, 56.3558], [-65.4349, 56.3594], [-65.4221, 56.3701], [-65.447, 56.3615], [-65.4455, 56.3715], [-65.4502, 56.3718], [-65.452, 56.3667], [-65.4593, 56.366], [-65.4583, 56.36], [-65.465, 56.3594], [-65.4724, 56.3538], [-65.4677, 56.352], [-65.4616, 56.3556], [-65.4561, 56.3517], [-65.457, 56.3492], [-65.4654, 56.3478], [-65.4653, 56.3428], [-65.4778, 56.3382], [-65.5096, 56.3392], [-65.5205, 56.3468], [-65.5345, 56.3505], [-65.5251, 56.3539], [-65.5158, 56.3628], [-65.5031, 56.3593], [-65.5082, 56.3508], [-65.5135, 56.3483], [-65.497, 56.355], [-65.5085, 56.3744], [-65.5084, 56.3813], [-65.5003, 56.387], [-65.5044, 56.4133], [-65.5123, 56.4061], [-65.5053, 56.3979], [-65.5051, 56.3886], [-65.5195, 56.379], [-65.5189, 56.3723], [-65.5234, 56.3623], [-65.5381, 56.3547], [-65.5426, 56.3509], [-65.5409, 56.3476], [-65.546, 56.3449], [-65.5807, 56.3329], [-65.58, 56.337], [-65.5688, 56.3448], [-65.5715, 56.3465], [-65.5817, 56.3369], [-65.5872, 56.3374], [-65.5905, 56.328], [-65.611, 56.3198], [-65.6126, 56.3157], [-65.6286, 56.3166], [-65.6384, 56.3231], [-65.6415, 56.3291], [-65.6463, 56.3293], [-65.6435, 56.3353], [-65.6541, 56.3454], [-65.6509, 56.3478], [-65.6557, 56.3499], [-65.6741, 56.3357], [-65.6997, 56.3399], [-65.6996, 56.3359], [-65.6898, 56.3323], [-65.7024, 56.329], [-65.7116, 56.3322], [-65.7196, 56.3396], [-65.7413, 56.3472], [-65.7455, 56.3446], [-65.7415, 56.3342], [-65.7485, 56.333], [-65.7512, 56.3272], [-65.7567, 56.3245], [-65.776, 56.3231], [-65.7855, 56.33], [-65.7987, 56.3313], [-65.8004, 56.3274], [-65.8061, 56.3264], [-65.8027, 56.3242], [-65.8172, 56.3236], [-65.8271, 56.3289], [-65.8268, 56.3321], [-65.8197, 56.3352], [-65.8243, 56.3355], [-65.8301, 56.3415], [-65.8191, 56.34], [-65.821, 56.342], [-65.8188, 56.3428], [-65.8326, 56.3469], [-65.8297, 56.3483], [-65.8439, 56.3499], [-65.8504, 56.3549], [-65.8382, 56.3367], [-65.8481, 56.3348], [-65.8297, 56.3293], [-65.837, 56.3251], [-65.8489, 56.3239], [-65.8582, 56.3303], [-65.873, 56.3481], [-65.8965, 56.3567], [-65.93, 56.375], [-65.9334, 56.378], [-65.9316, 56.3806], [-65.9551, 56.3907], [-65.9597, 56.4015], [-65.9572, 56.4054], [-65.9371, 56.4052], [-65.9458, 56.4073], [-65.9468, 56.4146], [-65.9387, 56.4101], [-65.9281, 56.4096], [-65.947, 56.4174], [-65.9349, 56.4243], [-65.9388, 56.4266], [-65.9339, 56.428], [-65.937, 56.431], [-65.9337, 56.4352], [-65.9402, 56.4399], [-65.9501, 56.4381], [-65.9404, 56.4366], [-65.9466, 56.435], [-65.9457, 56.4301], [-65.9414, 56.4282], [-65.9457, 56.4281], [-65.9478, 56.4241], [-65.9506, 56.4255], [-65.9479, 56.4231], [-65.9525, 56.4205], [-65.9543, 56.4298], [-65.9637, 56.4398], [-65.9966, 56.4652], [-65.9987, 56.4623], [-66.0022, 56.4646], [-66.0075, 56.4741], [-65.9981, 56.4772], [-66.0053, 56.4811], [-66.0095, 56.4907], [-66.0243, 56.5027], [-66.0259, 56.4983], [-66.0301, 56.4982], [-66.032, 56.4921], [-66.0405, 56.4905], [-66.0501, 56.4968], [-66.0489, 56.4906], [-66.0645, 56.4889], [-66.084, 56.4915], [-66.104, 56.5037], [-66.1223, 56.5098], [-66.1118, 56.5125], [-66.1201, 56.521], [-66.1148, 56.5217], [-66.1155, 56.524], [-66.1259, 56.5279], [-66.1439, 56.5238], [-66.1525, 56.5281], [-66.17, 56.5232], [-66.2448, 56.5312], [-66.2435, 56.5222], [-66.254, 56.5215], [-66.268, 56.5269], [-66.2739, 56.5366], [-66.2729, 56.5427], [-66.2927, 56.5575], [-66.3316, 56.5757], [-66.3369, 56.5812], [-66.354, 56.5812], [-66.3608, 56.585], [-66.3725, 56.5827], [-66.3745, 56.5748], [-66.3808, 56.5769], [-66.3907, 56.5743], [-66.3918, 56.5629], [-66.401, 56.5529], [-66.4075, 56.5503], [-66.4026, 56.543], [-66.4072, 56.5416], [-66.4054, 56.5368], [-66.4157, 56.5326], [-66.4231, 56.5374], [-66.4359, 56.5388], [-66.4467, 56.5276], [-66.4447, 56.5214], [-66.4504, 56.5176], [-66.4711, 56.5143], [-66.4853, 56.5174], [-66.4814, 56.5073], [-66.4887, 56.5091], [-66.4829, 56.5041], [-66.4868, 56.5013], [-66.48, 56.4947], [-66.4745, 56.4987], [-66.4582, 56.4948], [-66.4426, 56.4821], [-66.446, 56.4776], [-66.4683, 56.4818], [-66.468, 56.486], [-66.4722, 56.4881], [-66.4782, 56.484], [-66.4728, 56.4775], [-66.4772, 56.4775], [-66.4826, 56.4793], [-66.481, 56.4811], [-66.4856, 56.4832], [-66.486, 56.4879], [-66.5057, 56.4915], [-66.5178, 56.4739], [-66.5378, 56.4703], [-66.5275, 56.4663], [-66.5396, 56.4617], [-66.5328, 56.4589], [-66.5353, 56.4534], [-66.522, 56.4575], [-66.5098, 56.4539], [-66.5322, 56.4479], [-66.5326, 56.4447], [-66.5032, 56.4512], [-66.499, 56.4564], [-66.488, 56.4557], [-66.4965, 56.459], [-66.5042, 56.4537], [-66.5128, 56.4576], [-66.509, 56.4629], [-66.4994, 56.462], [-66.4947, 56.4654], [-66.496, 56.4702], [-66.5045, 56.4756], [-66.5013, 56.4779], [-66.4622, 56.469], [-66.4581, 56.4718], [-66.4475, 56.4703], [-66.4486, 56.4681], [-66.444, 56.4675], [-66.4382, 56.4824], [-66.4407, 56.4875], [-66.438, 56.488], [-66.4083, 56.4786], [-66.4054, 56.483], [-66.3735, 56.4767], [-66.3834, 56.4821], [-66.3871, 56.4924], [-66.3657, 56.4828], [-66.3623, 56.4769], [-66.3704, 56.474], [-66.3668, 56.4695], [-66.3445, 56.4583], [-66.3461, 56.4535], [-66.3618, 56.4458], [-66.348, 56.4438], [-66.3372, 56.4355], [-66.3507, 56.4312], [-66.34, 56.4286], [-66.3414, 56.4256], [-66.3357, 56.4219], [-66.3359, 56.4142], [-66.3389, 56.4127], [-66.3365, 56.4023], [-66.3403, 56.398], [-66.3386, 56.3967], [-66.3482, 56.3949], [-66.34, 56.3913], [-66.3463, 56.389], [-66.3667, 56.3909], [-66.3706, 56.3846], [-66.3604, 56.3853], [-66.3643, 56.3838], [-66.3616, 56.3783], [-66.353, 56.379], [-66.3428, 56.3705], [-66.3414, 56.354], [-66.3461, 56.3518], [-66.3413, 56.3468], [-66.3528, 56.3473], [-66.3467, 56.3421], [-66.3489, 56.3402], [-66.3571, 56.3452], [-66.3631, 56.3403], [-66.3343, 56.332], [-66.3147, 56.3197], [-66.3146, 56.3219], [-66.302, 56.3189], [-66.2704, 56.2936], [-66.2651, 56.2939], [-66.2652, 56.2975], [-66.2544, 56.2942], [-66.2567, 56.2906], [-66.2638, 56.2914], [-66.2586, 56.2837], [-66.2667, 56.2841], [-66.2676, 56.2783], [-66.2768, 56.2788], [-66.2811, 56.2742], [-66.2868, 56.2746], [-66.2859, 56.2673], [-66.2787, 56.2665], [-66.2798, 56.2644], [-66.2897, 56.2621], [-66.2898, 56.2659], [-66.2935, 56.2655], [-66.3, 56.2624], [-66.294, 56.258], [-66.2986, 56.2572], [-66.3051, 56.2608], [-66.3152, 56.2486], [-66.311, 56.2435], [-66.316, 56.2457], [-66.3232, 56.2432], [-66.3212, 56.2387], [-66.3276, 56.2333], [-66.3266, 56.2279], [-66.3368, 56.2224], [-66.3322, 56.2184], [-66.3238, 56.2176], [-66.3136, 56.2078], [-66.3402, 56.2132], [-66.3503, 56.2098], [-66.3313, 56.2008], [-66.3378, 56.1913], [-66.3185, 56.1758], [-66.3221, 56.1701], [-66.3199, 56.1664], [-66.2852, 56.1565], [-66.28, 56.1516], [-66.2688, 56.1486], [-66.2692, 56.1437], [-66.256, 56.1386], [-66.2534, 56.1313], [-66.2582, 56.1304], [-66.2588, 56.1244], [-66.264, 56.1211], [-66.2536, 56.1166], [-66.2627, 56.1117], [-66.274, 56.1137], [-66.2823, 56.12], [-66.2908, 56.1182], [-66.2873, 56.1161], [-66.2893, 56.1129], [-66.3065, 56.0947], [-66.304, 56.0894], [-66.3121, 56.0914], [-66.3092, 56.0884], [-66.3137, 56.087], [-66.3081, 56.0813], [-66.3097, 56.0769], [-66.2984, 56.0631], [-66.3152, 56.068], [-66.3241, 56.066], [-66.3268, 56.0595], [-66.322, 56.0604], [-66.3173, 56.0564], [-66.3197, 56.0545], [-66.3159, 56.0545], [-66.3028, 56.0415], [-66.2718, 56.0298], [-66.2709, 56.0225], [-66.265, 56.0165], [-66.272, 56.0141], [-66.2638, 56.0099], [-66.267, 56.008], [-66.2637, 56.0066], [-66.2656, 56.0038], [-66.261, 56.0029], [-66.2614, 56.0], [-66.2463, 55.9891], [-66.2485, 55.9832], [-66.239, 55.9708], [-66.2009, 55.9609], [-66.1953, 55.9575], [-66.1982, 55.9561], [-66.1924, 55.954], [-66.1956, 55.9507], [-66.1797, 55.9486], [-66.1771, 55.9424], [-66.164, 55.9396], [-66.1595, 55.9355], [-66.1636, 55.934], [-66.1542, 55.9168], [-66.1379, 55.9077], [-66.1192, 55.9028], [-66.1252, 55.903], [-66.1147, 55.8961], [-66.1189, 55.8918], [-66.1108, 55.884], [-66.1168, 55.8834], [-66.112, 55.8755], [-66.1152, 55.8703], [-66.1235, 55.8691], [-66.119, 55.8651], [-66.1128, 55.8683], [-66.1178, 55.8561], [-66.1021, 55.8389], [-66.0709, 55.8198], [-66.0725, 55.8231], [-66.0609, 55.8233], [-66.0589, 55.8257], [-66.062, 55.8269], [-66.0567, 55.8299], [-66.0456, 55.8279], [-66.0432, 55.8305], [-66.0445, 55.836], [-66.0244, 55.8362], [-66.0045, 55.8297], [-66.007, 55.8251], [-66.0008, 55.8156], [-66.0094, 55.8139], [-66.0015, 55.8081], [-66.0008, 55.8026], [-65.9959, 55.8018], [-66.0032, 55.7982], [-65.9991, 55.7821], [-65.9819, 55.7833], [-65.978, 55.7794], [-65.9818, 55.7738], [-65.97, 55.7685], [-65.9662, 55.761], [-65.9664, 55.756], [-65.9806, 55.7562], [-65.9801, 55.7537], [-65.9886, 55.7512], [-65.9912, 55.747], [-65.9983, 55.747], [-65.9947, 55.7431], [-65.997, 55.7356], [-65.9259, 55.7256], [-65.9221, 55.716], [-65.9245, 55.7143], [-65.9188, 55.7072], [-65.9263, 55.7069], [-65.9125, 55.7026], [-65.905, 55.7042], [-65.8919, 55.6967], [-65.8868, 55.6863], [-65.8673, 55.6797], [-65.8631, 55.6739], [-65.8656, 55.6673], [-65.861, 55.6685], [-65.8599, 55.6737], [-65.8554, 55.6693], [-65.8568, 55.665], [-65.8494, 55.6542], [-65.8542, 55.6418], [-65.8261, 55.6278], [-65.8087, 55.6298], [-65.8063, 55.6329], [-65.7919, 55.6314], [-65.7819, 55.6278], [-65.7632, 55.6132], [-65.765, 55.6087], [-65.7536, 55.5984], [-65.7554, 55.5858], [-65.7639, 55.5788], [-65.7659, 55.5677], [-65.7585, 55.5562], [-65.7764, 55.5396], [-65.7686, 55.5175], [-65.7516, 55.5186], [-65.7411, 55.5136], [-65.7234, 55.5114], [-65.7092, 55.4971], [-65.6794, 55.4841], [-65.6453, 55.4831], [-65.64, 55.4862], [-65.6124, 55.4874], [-65.5846, 55.4811], [-65.5741, 55.4736], [-65.5697, 55.4763], [-65.5555, 55.4735], [-65.5555, 55.4778], [-65.5491, 55.4766], [-65.5463, 55.4727], [-65.5447, 55.4768], [-65.5471, 55.4781], [-65.5211, 55.4812], [-65.0664, 55.4811], [-65.0619, 55.4878], [-65.0633, 55.4964], [-65.0793, 55.5048], [-65.0827, 55.5106], [-65.0621, 55.5277], [-65.0735, 55.5438], [-65.0728, 55.5598], [-65.0831, 55.5676], [-65.0918, 55.5817], [-65.0934, 55.5904], [-65.0877, 55.6161], [-65.0997, 55.6261], [-65.1011, 55.6314], [-65.0687, 55.6597], [-65.0596, 55.6723], [-65.061, 55.6789], [-65.0522, 55.6965], [-65.0526, 55.7043], [-65.0605, 55.7102], [-65.0642, 55.7301], [-65.0791, 55.7502], [-65.0904, 55.7588], [-65.0876, 55.7646], [-65.0674, 55.7706], [-65.0589, 55.7947], [-65.058, 55.8071], [-65.0491, 55.8223], [-64.5755, 56.1245], [-64.5846, 56.3487], [-64.5585, 56.3459], [-64.5098, 56.3532], [-64.5077, 56.3584], [-64.5125, 56.3804], [-64.5067, 56.3856], [-64.5099, 56.3943], [-64.5004, 56.4024], [-64.5143, 56.4058], [-64.5174, 56.4172], [-64.5103, 56.4234], [-64.5065, 56.4337], [-64.4635, 56.4787], [-64.5684, 56.6146], [-64.5753, 56.6148], [-64.5795, 56.6188], [-64.5941, 56.6176], [-64.5959, 56.6213]]]}}, {"type": "Feature", "properties": {"id": "qc-zone-14", "wmu_id": "25", "name": "Zone 25", "province": "QC", "source": "Qu\u00e9bec \u2014 Zones de chasse et p\u00eache (GAGQ)", "zone_kind": "zone_de_chasse"}, "geometry": {"type": "MultiPolygon", "coordinates": [[[[-76.9415, 45.9088], [-76.9325, 45.9137], [-76.928, 45.9101], [-76.9289, 45.9132], [-76.9215, 45.9165], [-76.9275, 45.9127], [-76.9274, 45.9096], [-76.9328, 45.9131], [-76.9438, 45.9067], [-76.9353, 45.907], [-76.9365, 45.909], [-76.9286, 45.9043], [-76.9183, 45.9117], [-76.8826, 45.9083], [-76.8698, 45.9101], [-76.8138, 45.8991], [-76.7916, 45.8993], [-76.762, 45.8936], [-76.7434, 45.8831], [-76.7447, 45.8696], [-76.7384, 45.8552], [-76.7148, 45.8456], [-76.6938, 45.832], [-76.6433, 45.8072], [-76.6111, 45.7867], [-76.6099, 45.7745], [-76.5997, 45.7531], [-76.6003, 45.7461], [-76.5927, 45.7329], [-76.5965, 45.7257], [-76.5934, 45.716], [-76.5969, 45.7007], [-76.6197, 45.665], [-76.6198, 45.6491], [-76.6168, 45.6456], [-76.4545, 45.5851], [-76.4472, 45.5752], [-76.4409, 45.5725], [-76.3675, 45.5452], [-76.3555, 45.5496], [-76.2942, 45.5248], [-76.1932, 45.5286], [-76.1773, 45.5393], [-76.1663, 45.5535], [-76.1383, 45.5578], [-76.0176, 45.5376], [-75.9922, 45.5236], [-75.9668, 45.5013], [-75.9527, 45.4943], [-75.9532, 45.4784], [-75.925, 45.4534], [-75.9182, 45.4426], [-75.8836, 45.4179], [-75.8443, 45.395], [-75.8154, 45.3972], [-75.7565, 45.4196], [-75.7144, 45.4248], [-75.7124, 45.4481], [-75.6999, 45.4587], [-75.7014, 45.4768], [-75.6668, 45.4846], [-75.634, 45.4809], [-75.6125, 45.4833], [-75.5758, 45.4958], [-75.5609, 45.5047], [-75.4862, 45.524], [-75.4223, 45.5451], [-75.4183, 45.5437], [-75.3347, 45.5607], [-75.2854, 45.5805], [-75.2612, 45.594], [-75.1785, 45.6043], [-75.1348, 45.6023], [-75.0613, 45.6135], [-75.0532, 45.6171], [-75.0063, 45.6164], [-74.9892, 45.6252], [-74.9822, 45.6333], [-74.9494, 45.65], [-74.9144, 45.6518], [-74.8371, 45.6408], [-74.8004, 45.6476], [-74.7875, 45.6458], [-74.7787, 45.651], [-74.7342, 45.6415], [-74.6829, 45.6427], [-74.6297, 45.6531], [-74.6057, 45.6436], [-74.5858, 45.6408], [-74.5945, 45.6221], [-74.5623, 45.6111], [-74.5081, 45.5971], [-74.4824, 45.6007], [-74.473, 45.5989], [-74.4347, 45.582], [-74.3746, 45.5769], [-74.3864, 45.5658], [-74.4361, 45.5765], [-74.4765, 45.5956], [-74.5166, 45.5911], [-74.5379, 45.5933], [-74.5757, 45.6103], [-74.6122, 45.6219], [-74.6307, 45.6339], [-74.6439, 45.6375], [-74.7007, 45.6306], [-74.7821, 45.6387], [-74.84, 45.6369], [-74.8803, 45.6428], [-74.9368, 45.6452], [-74.9494, 45.6402], [-74.9775, 45.6164], [-75.031, 45.5955], [-75.0747, 45.5908], [-75.1237, 45.5774], [-75.1714, 45.5771], [-75.2057, 45.5876], [-75.2385, 45.5866], [-75.2977, 45.5598], [-75.313, 45.5487], [-75.3461, 45.537], [-75.3941, 45.5244], [-75.4428, 45.5209], [-75.4818, 45.5141], [-75.5312, 45.499], [-75.551, 45.4834], [-75.5785, 45.4743], [-75.6212, 45.4702], [-75.6811, 45.4594], [-75.696, 45.4477], [-75.7051, 45.4244], [-75.7215, 45.4204], [-75.7238, 45.4167], [-75.7581, 45.4119], [-75.7655, 45.4002], [-75.7834, 45.3841], [-75.799, 45.3766], [-75.8173, 45.3732], [-75.8407, 45.3733], [-75.85, 45.3765], [-75.9127, 45.4201], [-75.9561, 45.4569], [-75.9836, 45.4758], [-76.0935, 45.5171], [-76.1251, 45.5191], [-76.1626, 45.5147], [-76.2057, 45.5179], [-76.2242, 45.5137], [-76.2331, 45.5082], [-76.2382, 45.4724], [-76.2436, 45.4675], [-76.2728, 45.4692], [-76.3489, 45.4558], [-76.369, 45.4587], [-76.3965, 45.4716], [-76.4401, 45.4986], [-76.476, 45.5049], [-76.4969, 45.514], [-76.6049, 45.5319], [-76.6576, 45.5594], [-76.6742, 45.5852], [-76.6739, 45.5949], [-76.6703, 45.5995], [-76.6735, 45.6078], [-76.6701, 45.6255], [-76.6832, 45.632], [-76.6956, 45.6509], [-76.7094, 45.6642], [-76.7038, 45.6762], [-76.6902, 45.6791], [-76.6867, 45.6856], [-76.6958, 45.7003], [-76.6919, 45.7101], [-76.7028, 45.7164], [-76.7052, 45.7218], [-76.7195, 45.7195], [-76.7513, 45.7243], [-76.7693, 45.7336], [-76.7697, 45.7418], [-76.7662, 45.7468], [-76.7707, 45.7493], [-76.7682, 45.7557], [-76.7806, 45.785], [-76.7649, 45.8062], [-76.7695, 45.8302], [-76.7647, 45.8507], [-76.7744, 45.8591], [-76.7814, 45.874], [-76.8062, 45.8766], [-76.8414, 45.8912], [-76.8695, 45.8915], [-76.8956, 45.8981], [-76.9231, 45.8955], [-76.93, 45.8884], [-76.923, 45.8709], [-76.9092, 45.8625], [-76.9025, 45.8546], [-76.9057, 45.8477], [-76.923, 45.8488], [-76.9256, 45.8461], [-76.9126, 45.8195], [-76.912, 45.8093], [-76.9457, 45.7888], [-76.9616, 45.7853], [-76.988, 45.7857], [-77.0262, 45.8073], [-77.049, 45.8093], [-77.0673, 45.8276], [-77.0791, 45.8332], [-77.1218, 45.841], [-77.1648, 45.8626], [-77.1974, 45.8707], [-77.2204, 45.9003], [-77.2329, 45.9109], [-77.2375, 45.9228], [-77.2539, 45.9301], [-77.2736, 45.9448], [-77.2884, 45.982], [-77.2778, 46.0103], [-77.2812, 46.0173], [-77.3129, 46.0275], [-77.3776, 46.0648], [-77.4997, 46.1219], [-77.5685, 46.1579], [-77.6765, 46.1979], [-77.68377363796132, 46.19289367311075], [-77.6822, 46.1974], [-77.6872, 46.202], [-77.6921, 46.2004], [-77.6955, 46.2029], [-77.6889, 46.2019], [-77.7082, 46.2091], [-77.7242, 46.2112], [-77.725, 46.2144], [-77.7556, 46.2096], [-77.7369, 46.2166], [-77.729, 46.2166], [-77.6638, 46.1971], [-77.6394, 46.1852], [-77.6206, 46.1811], [-77.6165, 46.177], [-77.5923, 46.1756], [-77.5913, 46.1697], [-77.585, 46.1727], [-77.5738, 46.169], [-77.5792, 46.1719], [-77.5718, 46.1725], [-77.5401, 46.1528], [-77.547, 46.158], [-77.5521, 46.1684], [-77.5498, 46.1686], [-77.5281, 46.1447], [-77.5111, 46.1402], [-77.4931, 46.1287], [-77.4774, 46.1247], [-77.4628, 46.1134], [-77.4609, 46.1085], [-77.4539, 46.1107], [-77.4434, 46.1059], [-77.4391, 46.0968], [-77.4254, 46.096], [-77.4186, 46.0874], [-77.3871, 46.0695], [-77.3582, 46.0629], [-77.3426, 46.0549], [-77.335, 46.0557], [-77.331, 46.0497], [-77.3148, 46.0447], [-77.3125, 46.0412], [-77.3143, 46.0362], [-77.3089, 46.0334], [-77.3095, 46.0279], [-77.3018, 46.0283], [-77.2973, 46.0247], [-77.2792, 46.0224], [-77.2595, 46.015], [-77.2565, 46.0107], [-77.2609, 46.002], [-77.2677, 46.0094], [-77.274, 46.0098], [-77.2692, 46.0022], [-77.2644, 46.0026], [-77.2669, 46.0006], [-77.2646, 45.9954], [-77.2763, 45.999], [-77.2818, 45.9845], [-77.2795, 45.9713], [-77.2747, 45.9633], [-77.2757, 45.9578], [-77.2713, 45.9539], [-77.2724, 45.9508], [-77.2674, 45.9484], [-77.2683, 45.9433], [-77.2629, 45.9433], [-77.2602, 45.9392], [-77.2511, 45.9397], [-77.2516, 45.9329], [-77.2384, 45.9318], [-77.2383, 45.927], [-77.2225, 45.929], [-77.2181, 45.925], [-77.1982, 45.9287], [-77.1826, 45.9363], [-77.1832, 45.9327], [-77.1867, 45.9321], [-77.1545, 45.9304], [-77.1411, 45.9235], [-77.1308, 45.9223], [-77.1302, 45.9182], [-77.1291, 45.9207], [-77.127, 45.9186], [-77.1275, 45.9229], [-77.1173, 45.9178], [-77.1028, 45.9178], [-77.1015, 45.9152], [-77.038, 45.9177], [-77.0331, 45.9144], [-77.0274, 45.9189], [-77.0207, 45.919], [-76.9965, 45.9094], [-76.9883, 45.9095], [-76.9875, 45.9121], [-76.9951, 45.9144], [-76.9875, 45.9126], [-76.987, 45.9094], [-76.9869, 45.9116], [-76.9606, 45.9163], [-76.9504, 45.9145], [-76.954, 45.9102], [-76.9513667896679, 45.911022878228785], [-76.9534, 45.9092], [-76.9504, 45.906], [-76.9448, 45.9066], [-76.9451, 45.9111], [-76.9429, 45.9113], [-76.9447, 45.9083], [-76.9415, 45.9088]]], [[[-76.9492, 45.9117], [-76.9484, 45.9083], [-76.95024421052632, 45.91137368421053], [-76.9492, 45.9117]]], [[[-76.9505, 45.9118], [-76.95024421052632, 45.91137368421053], [-76.9513667896679, 45.911022878228785], [-76.9505, 45.9118]]], [[[-77.68377363796132, 46.19289367311075], [-77.6844, 46.1911], [-77.6851453315291, 46.19050811907983], [-77.68377363796132, 46.19289367311075]]], [[[-77.8803, 46.2189], [-77.937, 46.2276], [-77.9912, 46.248], [-78.0223, 46.2474], [-78.0285, 46.245], [-78.0322, 46.2378], [-78.0473, 46.2381], [-78.1169, 46.2634], [-78.1308, 46.2736], [-78.147, 46.2769], [-78.1744, 46.2769], [-78.2139, 46.27], [-78.2526, 46.2761], [-78.3098, 46.2533], [-78.3368, 46.2605], [-78.3787, 46.2881], [-78.3948, 46.2925], [-78.4216, 46.2953], [-78.502, 46.2948], [-78.6002, 46.319], [-78.63213151235189, 46.32103032737498], [-78.6042, 46.321], [-78.5396, 46.3081], [-78.5021, 46.2963], [-78.4374, 46.2977], [-78.3909, 46.2938], [-78.3625, 46.2824], [-78.3393, 46.2658], [-78.3147, 46.2605], [-78.3107, 46.2619], [-78.3163, 46.2648], [-78.2985, 46.2637], [-78.29976079027357, 46.26770751194096], [-78.2965, 46.2616], [-78.2561, 46.2791], [-78.2344, 46.2781], [-78.214, 46.2716], [-78.19, 46.2782], [-78.1404, 46.2791], [-78.1277, 46.2754], [-78.1168, 46.2666], [-78.0647, 46.251], [-78.0237, 46.2508], [-78.0228, 46.2531], [-77.9897, 46.251], [-77.9666, 46.2416], [-77.9625, 46.2414], [-77.9635, 46.2444], [-77.9275, 46.2282], [-77.8873, 46.2226], [-77.8653, 46.2155], [-77.8495, 46.2174], [-77.8588, 46.2383], [-77.8572, 46.2362], [-77.853, 46.24], [-77.8521, 46.2461], [-77.8489, 46.247], [-77.8512, 46.25], [-77.8467, 46.25], [-77.8482, 46.2392], [-77.8498, 46.2362], [-77.85, 46.2387], [-77.8535, 46.2382], [-77.8545, 46.2323], [-77.8512, 46.225], [-77.8491, 46.2258], [-77.8475, 46.2149], [-77.8431, 46.2121], [-77.7972, 46.205], [-77.7845, 46.1999], [-77.7814, 46.2083], [-77.7738, 46.2028], [-77.7654, 46.2092], [-77.7582, 46.21], [-77.7538, 46.2071], [-77.7596, 46.2035], [-77.7597, 46.2003], [-77.7551, 46.1969], [-77.7424, 46.1969], [-77.7381, 46.2006], [-77.7343, 46.1964], [-77.7144, 46.1967], [-77.698, 46.1886], [-77.6946, 46.183], [-77.6851453315291, 46.19050811907983], [-77.6886, 46.1845], [-77.6948, 46.1824], [-77.7269, 46.1938], [-77.7759, 46.193], [-77.8012, 46.2027], [-77.8481, 46.2072], [-77.8803, 46.2189]]], [[[-78.30225102163462, 46.272371754807686], [-78.3013, 46.2726], [-78.29976079027357, 46.26770751194096], [-78.30225102163462, 46.272371754807686]]], [[[-78.3063, 46.2714], [-78.3028, 46.2734], [-78.30225102163462, 46.272371754807686], [-78.3063, 46.2714]]], [[[-78.63765637288598, 46.32103632613777], [-78.6348, 46.3212], [-78.63213151235189, 46.32103032737498], [-78.63765637288598, 46.32103632613777]]], [[[-78.8896, 46.4601], [-78.9178, 46.4818], [-78.9403, 46.5086], [-78.9614, 46.5216], [-78.9699, 46.5329], [-78.9879, 46.547], [-78.9976, 46.5713], [-78.9943, 46.5934], [-79.0082, 46.6052], [-79.0156, 46.6315], [-79.0402, 46.6437], [-79.0579, 46.6577], [-79.0745, 46.6648], [-79.0743, 46.6756], [-79.0938, 46.6883], [-79.1006, 46.7115], [-79.1189, 46.7317], [-79.1226, 46.7468], [-79.1384, 46.7717], [-79.1417, 46.7837], [-79.1669, 46.821], [-79.1773, 46.8293], [-79.1903, 46.8282], [-79.2122, 46.832], [-79.2273, 46.8453], [-79.2311, 46.8564], [-79.2415, 46.861], [-79.2472, 46.873], [-79.2628, 46.8878], [-79.2796, 46.8973], [-79.293, 46.9142], [-79.3146, 46.9329], [-79.3373, 46.9707], [-79.3366, 46.9819], [-79.3475, 47.0089], [-79.3929, 47.0412], [-79.4342, 47.0831], [-79.4466, 47.1104], [-79.4392, 47.159], [-79.4282, 47.193], [-79.4393, 47.215], [-79.4292, 47.2387], [-79.4342, 47.2589], [-79.4396, 47.2678], [-79.4495, 47.2745], [-79.4525, 47.2825], [-79.4639, 47.2867], [-79.4844, 47.305], [-79.4768, 47.3181], [-79.5009, 47.3227], [-79.5128, 47.3446], [-79.5511, 47.3723], [-79.5703, 47.4021], [-79.5793, 47.4326], [-79.5741, 47.4592], [-79.5539, 47.4956], [-79.5568, 47.5136], [-79.5545, 47.5181], [-79.5456, 47.5243], [-79.5172, 47.5334], [-79.5116, 47.5424], [-79.5175, 47.5505], [-79.5175, 47.5616], [-79.5091, 47.5648], [-79.5062, 47.5684], [-79.5109, 47.5691], [-79.5039, 47.5702], [-79.4927, 47.5867], [-79.485, 47.5897], [-79.4735, 47.6024], [-79.46, 47.6058], [-79.4554, 47.6045], [-79.4529, 47.5997], [-79.4578, 47.5984], [-79.4627, 47.6031], [-79.4725, 47.6001], [-79.4856, 47.587], [-79.4946, 47.5715], [-79.4738, 47.5666], [-79.4592, 47.5571], [-79.4543, 47.5482], [-79.4575, 47.5369], [-79.4731, 47.5223], [-79.4841, 47.5205], [-79.4949, 47.5126], [-79.5049, 47.5119], [-79.5117, 47.5163], [-79.5112, 47.504], [-79.5313, 47.4992], [-79.5353, 47.4895], [-79.5349, 47.4711], [-79.5383, 47.4588], [-79.536, 47.4528], [-79.5262, 47.4492], [-79.503, 47.4486], [-79.5048, 47.4409], [-79.4954, 47.4358], [-79.497, 47.432], [-79.4912, 47.4245], [-79.4939, 47.4186], [-79.4805, 47.4145], [-79.4834, 47.4101], [-79.4821, 47.4022], [-79.4921, 47.403], [-79.4934, 47.3971], [-79.4872, 47.3923], [-79.4893, 47.39], [-79.4865, 47.3847], [-79.4804, 47.3835], [-79.4796, 47.3803], [-79.4857, 47.3757], [-79.4914, 47.3787], [-79.4976, 47.3885], [-79.5052, 47.3902], [-79.5066, 47.3866], [-79.5143, 47.3844], [-79.5157, 47.3905], [-79.5242, 47.3918], [-79.5253, 47.3895], [-79.5194, 47.3849], [-79.5212, 47.3825], [-79.5292, 47.3791], [-79.5409, 47.3859], [-79.5399, 47.3822], [-79.5451, 47.3784], [-79.5389, 47.3788], [-79.5359, 47.3702], [-79.5261, 47.3731], [-79.5236, 47.3707], [-79.5273, 47.3673], [-79.5157, 47.367], [-79.5153, 47.364], [-79.5037, 47.3646], [-79.5059, 47.3696], [-79.5009, 47.3708], [-79.4995, 47.3752], [-79.4915, 47.3707], [-79.4811, 47.3764], [-79.4671, 47.3692], [-79.4718, 47.3549], [-79.4794, 47.3523], [-79.4853, 47.3561], [-79.4889, 47.3525], [-79.4817, 47.3392], [-79.494, 47.3296], [-79.4873, 47.3283], [-79.481, 47.3354], [-79.4731, 47.337], [-79.4452, 47.3335], [-79.4418, 47.3278], [-79.444, 47.3247], [-79.4561, 47.3187], [-79.4538, 47.3144], [-79.4598, 47.3143], [-79.4676, 47.307], [-79.4595, 47.2992], [-79.462, 47.2877], [-79.4433, 47.2924], [-79.4349, 47.2885], [-79.4422, 47.2771], [-79.4317, 47.2792], [-79.4287, 47.2761], [-79.4095, 47.2852], [-79.4022, 47.2819], [-79.4007, 47.2866], [-79.3771, 47.295], [-79.4004, 47.2864], [-79.4021, 47.2817], [-79.4098, 47.2848], [-79.4337, 47.2734], [-79.4254, 47.2598], [-79.4036, 47.2496], [-79.401, 47.2433], [-79.4028, 47.2385], [-79.3839, 47.2438], [-79.3798, 47.2414], [-79.3838, 47.2437], [-79.3966, 47.2383], [-79.396, 47.231], [-79.406, 47.2242], [-79.4157, 47.2215], [-79.4188, 47.2242], [-79.4259, 47.2236], [-79.4216, 47.221], [-79.4235, 47.2165], [-79.4195, 47.2143], [-79.4231, 47.2128], [-79.4234, 47.2069], [-79.4189, 47.2111], [-79.4071, 47.2066], [-79.4073, 47.2014], [-79.4132, 47.1992], [-79.4094, 47.198], [-79.4067, 47.1909], [-79.4168, 47.1925], [-79.4185, 47.1879], [-79.4166, 47.1733], [-79.421, 47.1675], [-79.4111, 47.1581], [-79.423, 47.1639], [-79.4314, 47.1503], [-79.4285, 47.13], [-79.4315, 47.1219], [-79.4281, 47.1173], [-79.434, 47.1076], [-79.4306, 47.1083], [-79.432, 47.1042], [-79.4278, 47.1034], [-79.4309, 47.0977], [-79.43, 47.0873], [-79.4173, 47.0761], [-79.4104, 47.0741], [-79.412, 47.0714], [-79.4057, 47.0707], [-79.4051, 47.0647], [-79.3988, 47.0631], [-79.3957, 47.0554], [-79.3901, 47.0493], [-79.3864, 47.0505], [-79.3863, 47.0467], [-79.3732, 47.0336], [-79.3485, 47.0201], [-79.3361, 47.0074], [-79.3241, 46.9768], [-79.326, 46.9729], [-79.3206, 46.9681], [-79.3213, 46.9628], [-79.3065, 46.9386], [-79.3068, 46.9344], [-79.288, 46.9218], [-79.285, 46.9141], [-79.2758, 46.9087], [-79.2711, 46.9005], [-79.2515, 46.8902], [-79.2493, 46.882], [-79.236, 46.8711], [-79.2351, 46.8661], [-79.2191, 46.8559], [-79.216, 46.8465], [-79.2232, 46.8464], [-79.2234, 46.8434], [-79.2164, 46.8425], [-79.2158, 46.8397], [-79.2137, 46.8414], [-79.2153, 46.8389], [-79.2117, 46.8347], [-79.192, 46.8314], [-79.1917, 46.8344], [-79.1858, 46.8325], [-79.1747, 46.8379], [-79.1596, 46.8225], [-79.1616, 46.8209], [-79.158, 46.8182], [-79.1541, 46.806], [-79.1386, 46.7848], [-79.1338, 46.7684], [-79.1207, 46.75], [-79.1131, 46.7318], [-79.119, 46.7372], [-79.1183, 46.7335], [-79.1117, 46.7296], [-79.0985, 46.7106], [-79.092, 46.6891], [-79.0884, 46.6905], [-79.0745, 46.6788], [-79.0693, 46.6721], [-79.074, 46.671], [-79.07, 46.6682], [-79.0695, 46.6702], [-79.0696, 46.6671], [-79.0734, 46.6676], [-79.0505, 46.6577], [-79.0395, 46.6477], [-79.0396, 46.6444], [-79.0238, 46.642], [-79.0212, 46.6439], [-79.0242, 46.6483], [-79.0179, 46.6502], [-79.005, 46.6175], [-79.0044, 46.605], [-78.9919, 46.5952], [-78.989, 46.588], [-78.9928, 46.5713], [-78.9842, 46.5469], [-78.9657, 46.5332], [-78.9646, 46.5274], [-78.9362, 46.5086], [-78.9285, 46.4959], [-78.8902, 46.4625], [-78.8559, 46.4439], [-78.8236, 46.4351], [-78.8013, 46.4238], [-78.7895, 46.4225], [-78.7881, 46.4171], [-78.7734, 46.4114], [-78.7502, 46.3938], [-78.73, 46.3915], [-78.7258, 46.3834], [-78.7199, 46.3799], [-78.7234, 46.379], [-78.7189, 46.3705], [-78.7219, 46.3617], [-78.7202, 46.3505], [-78.724, 46.3436], [-78.7144, 46.3296], [-78.6963, 46.3211], [-78.63765637288598, 46.32103632613777], [-78.6889, 46.3181], [-78.7097, 46.3243], [-78.7287, 46.3417], [-78.7223, 46.3693], [-78.7293, 46.3848], [-78.7572, 46.3947], [-78.7951, 46.42], [-78.8547, 46.4412], [-78.8896, 46.4601]]]]}}, {"type": "Feature", "properties": {"id": "qc-zone-15", "wmu_id": "26", "name": "Zone 26", "province": "QC", "source": "Qu\u00e9bec \u2014 Zones de chasse et p\u00eache (GAGQ)", "zone_kind": "zone_de_chasse"}, "geometry": {"type": "MultiPolygon", "coordinates": [[[[-72.1719, 47.4561], [-72.1679, 47.4502], [-72.1734, 47.4389], [-72.1586, 47.4213], [-72.1431, 47.4173], [-72.1405, 47.4126], [-72.1421, 47.4058], [-72.1457, 47.3991], [-72.1598, 47.3917], [-72.1606, 47.386], [-72.1745, 47.3785], [-72.1842, 47.3654], [-72.2015, 47.3596], [-72.2043, 47.3532], [-72.2006, 47.3458], [-72.2044, 47.3416], [-72.207, 47.326], [-72.2292, 47.2995], [-72.2354, 47.2983], [-72.2366, 47.2929], [-72.2828, 47.295], [-72.3208, 47.3026], [-72.345, 47.2793], [-72.3642, 47.2935], [-72.4074, 47.2929], [-72.4097, 47.2904], [-72.409, 47.2929], [-72.4139, 47.293], [-72.4153, 47.3475], [-72.4618, 47.3719], [-72.4616, 47.3881], [-72.4876, 47.3703], [-72.4733, 47.3335], [-72.5037, 47.3126], [-72.5096, 47.2686], [-72.5386, 47.2188], [-72.5408, 47.1906], [-72.5147, 47.144], [-72.46, 47.1431], [-72.4199, 47.116], [-72.4138, 47.1195], [-72.3949, 47.1177], [-72.3789, 47.0965], [-72.402, 47.0805], [-72.3995, 47.0757], [-72.4017, 47.0736], [-72.4048, 47.0763], [-72.4059, 47.0647], [-72.411, 47.0743], [-72.4359, 47.0575], [-72.408, 47.0378], [-72.4064, 47.0411], [-72.4066, 47.0368], [-72.3549, 47.0016], [-72.3733, 46.9912], [-72.3604, 46.986], [-72.3398, 46.9677], [-72.3328, 46.9654], [-72.3211, 46.952], [-72.3088, 46.9497], [-72.2905, 46.9362], [-72.296, 46.9238], [-72.2831, 46.8989], [-72.2852, 46.8926], [-72.2962, 46.889], [-72.2978, 46.8845], [-72.3242, 46.8648], [-72.3296, 46.8342], [-72.3503, 46.8246], [-72.3554, 46.8151], [-72.3498, 46.8039], [-72.2898, 46.7575], [-72.268, 46.7545], [-72.2651, 46.7469], [-72.2653, 46.7243], [-72.235, 46.695], [-72.1859, 46.681], [-72.1698, 46.6669], [-72.1588, 46.6693], [-72.14, 46.6555], [-72.1416, 46.647], [-72.1477, 46.6419], [-72.2056, 46.6255], [-72.208, 46.6093], [-72.2282, 46.5942], [-72.2625, 46.6194], [-72.2782, 46.6252], [-72.3362, 46.5853], [-72.3648, 46.6062], [-72.3849, 46.6108], [-72.3855, 46.6173], [-72.4038, 46.6196], [-72.4253, 46.6317], [-72.4308, 46.6398], [-72.4616, 46.6383], [-72.5065, 46.671], [-72.5069, 46.6758], [-72.5191, 46.6846], [-72.5298, 46.6842], [-72.5576, 46.7207], [-72.5583, 46.7267], [-72.5735, 46.716], [-72.5903, 46.7109], [-72.6029, 46.7024], [-72.6259, 46.6622], [-72.6209, 46.6542], [-72.6224, 46.6513], [-72.6401, 46.6389], [-72.6695, 46.6251], [-72.6696, 46.6186], [-72.6735, 46.6139], [-72.6698, 46.6116], [-72.6696, 46.6068], [-72.6862, 46.6067], [-72.6857, 46.5975], [-72.7083, 46.5805], [-72.7151, 46.5698], [-72.7317, 46.5609], [-72.7359, 46.5533], [-72.7472, 46.5497], [-72.7598, 46.5544], [-72.8003, 46.5533], [-72.8083, 46.5457], [-72.8202, 46.5408], [-72.852, 46.4836], [-72.8926, 46.4627], [-72.9224, 46.4419], [-72.9476, 46.4413], [-72.9554, 46.4357], [-72.9843, 46.4253], [-73.0045, 46.4049], [-73.0317, 46.3946], [-73.0509, 46.3717], [-73.0632, 46.3452], [-73.0882, 46.3098], [-73.122, 46.3321], [-73.1392, 46.3333], [-73.1501, 46.327], [-73.1601, 46.3268], [-73.1736, 46.3384], [-73.1883, 46.3402], [-73.2036, 46.3346], [-73.2433, 46.3373], [-73.262, 46.325], [-73.2716, 46.3266], [-73.2765, 46.3292], [-73.2663, 46.3411], [-73.27, 46.3499], [-73.2597, 46.3583], [-73.2625, 46.368], [-73.2281, 46.3799], [-73.217, 46.3884], [-73.2164, 46.3938], [-73.2099, 46.3988], [-73.2213, 46.4062], [-73.2242, 46.431], [-73.2274, 46.4345], [-73.2264, 46.44], [-73.2159, 46.447], [-73.2148, 46.4532], [-73.2296, 46.469], [-73.2413, 46.4706], [-73.244, 46.4759], [-73.2516, 46.4795], [-73.2808, 46.4818], [-73.2896, 46.4889], [-73.2967, 46.4849], [-73.3066, 46.4963], [-73.3221, 46.5046], [-73.334, 46.4981], [-73.337, 46.5018], [-73.3371, 46.4962], [-73.357, 46.4825], [-73.3748, 46.4854], [-73.3831, 46.4789], [-73.3991, 46.4926], [-73.4242, 46.4934], [-73.4636, 46.506], [-73.5136, 46.5136], [-73.5345, 46.5227], [-73.5493, 46.5223], [-73.563, 46.5125], [-73.568, 46.504], [-73.5769, 46.5055], [-73.5847, 46.5121], [-73.6139, 46.5042], [-73.6137, 46.5126], [-73.6315, 46.5314], [-73.6497, 46.5614], [-73.6485, 46.5651], [-73.6586, 46.5747], [-73.6579, 46.5775], [-73.6695, 46.5828], [-73.6726, 46.5904], [-73.6221, 46.653], [-73.6412, 46.6741], [-73.641, 46.6795], [-73.6297, 46.6855], [-73.628, 46.6896], [-73.6374, 46.6901], [-73.6471, 46.6808], [-73.6568, 46.6784], [-73.6582, 46.6702], [-73.6666, 46.6679], [-73.7068, 46.6784], [-73.7049, 46.6997], [-73.6972, 46.7071], [-73.6915, 46.725], [-73.686, 46.7311], [-73.688, 46.7426], [-73.6835, 46.7454], [-73.6853, 46.7482], [-73.6781, 46.7582], [-73.6801, 46.7602], [-73.6761, 46.7644], [-73.6771, 46.7702], [-73.6694, 46.7711], [-73.6676, 46.7652], [-73.6595, 46.7601], [-73.6625, 46.7578], [-73.6572, 46.7603], [-73.6523, 46.7587], [-73.6588, 46.7631], [-73.6662, 46.7846], [-73.665, 46.7882], [-73.6546, 46.7939], [-73.6622, 46.7959], [-73.6655, 46.7914], [-73.6725, 46.7969], [-73.6756, 46.8038], [-73.6724, 46.8165], [-73.6767, 46.8232], [-73.6721, 46.8295], [-73.6736, 46.8379], [-73.6611, 46.843], [-73.6665, 46.8566], [-73.6559, 46.8604], [-73.6602, 46.8606], [-73.6617, 46.8669], [-73.6654, 46.8639], [-73.6736, 46.8723], [-73.671, 46.8814], [-73.6627, 46.8826], [-73.6694, 46.8881], [-73.668, 46.89], [-73.6587, 46.8913], [-73.663, 46.8982], [-73.6647, 46.9277], [-73.6499, 46.938], [-73.6461, 46.9351], [-73.6466, 46.9387], [-73.7582, 47.0588], [-73.7534, 47.0614], [-73.7544, 47.0662], [-73.8534, 47.1509], [-73.9107, 47.0992], [-73.9155, 47.0999], [-74.0289, 47.1777], [-74.0099, 47.2756], [-74.012, 47.2752], [-74.0084, 47.2794], [-74.0109, 47.2849], [-74.0043, 47.3142], [-73.9953, 47.3232], [-73.997, 47.3264], [-73.9931, 47.3329], [-73.9958, 47.3332], [-73.9931, 47.338], [-73.999, 47.3457], [-73.9944, 47.3538], [-73.9884, 47.352], [-73.9851, 47.3606], [-73.9749, 47.3649], [-73.9681, 47.3777], [-73.958, 47.3798], [-73.9621, 47.3852], [-73.9543, 47.3898], [-73.9493, 47.3851], [-73.9506, 47.3926], [-73.9385, 47.4042], [-73.9418, 47.4146], [-73.9358, 47.4236], [-73.9433, 47.4295], [-73.9392, 47.4329], [-73.9441, 47.4359], [-73.935, 47.4473], [-73.9259, 47.4515], [-73.9294, 47.4522], [-73.9297, 47.4556], [-73.9222, 47.4628], [-73.9351, 47.4759], [-73.9295, 47.4867], [-73.9227, 47.4877], [-73.918, 47.4941], [-73.9182, 47.5021], [-73.9234, 47.5073], [-73.9165, 47.5167], [-73.92, 47.5196], [-73.9133, 47.5237], [-73.9139, 47.5284], [-73.916, 47.5327], [-73.9234, 47.5313], [-73.9239, 47.537], [-73.9335, 47.5424], [-73.9355, 47.5459], [-73.9324, 47.5492], [-73.9408, 47.5519], [-73.944, 47.5514], [-73.9415, 47.5474], [-73.948, 47.5501], [-73.967, 47.549], [-73.9649, 47.5533], [-73.9708, 47.5498], [-73.9749, 47.5527], [-73.9746, 47.5596], [-73.9781, 47.5651], [-73.9816, 47.5635], [-73.9764, 47.571], [-73.983, 47.5698], [-73.9827, 47.5782], [-73.9753, 47.5801], [-73.9691, 47.5765], [-73.9633, 47.5818], [-73.9583, 47.5783], [-73.948, 47.5848], [-73.9507, 47.5889], [-73.9586, 47.5888], [-73.9509, 47.5912], [-73.9504, 47.5997], [-73.9452, 47.6053], [-73.9469, 47.6187], [-73.953, 47.6267], [-73.9433, 47.625], [-73.9619, 47.6409], [-73.9756, 47.6431], [-73.9807, 47.6384], [-74.0016, 47.6346], [-74.0043, 47.6305], [-74.0167, 47.6343], [-74.0147, 47.6321], [-74.0179, 47.6228], [-74.026, 47.6181], [-74.0299, 47.6191], [-74.0283, 47.6173], [-74.0375, 47.6124], [-74.0415, 47.6057], [-74.0436, 47.6087], [-74.0421, 47.6034], [-74.0489, 47.5961], [-74.0559, 47.5947], [-74.0604, 47.6007], [-74.062, 47.5897], [-74.0593, 47.5881], [-74.0683, 47.5865], [-74.0727, 47.5898], [-74.0787, 47.5886], [-74.0757, 47.5921], [-74.0798, 47.5941], [-74.0854, 47.5907], [-74.1108, 47.5976], [-74.1028, 47.5999], [-74.1093, 47.6053], [-74.1188, 47.6065], [-74.1208, 47.6104], [-74.1134, 47.6153], [-74.1254, 47.6114], [-74.1323, 47.6309], [-74.1427, 47.6342], [-74.1498, 47.6472], [-74.1539, 47.6473], [-74.1132, 47.6858], [-74.1123, 47.691], [-74.1182, 47.6936], [-74.1204, 47.7061], [-74.1072, 47.7234], [-74.1171, 47.7405], [-74.13, 47.7469], [-74.1277, 47.7693], [-74.1332, 47.7925], [-74.1312, 47.8182], [-74.1415, 47.8382], [-74.1654, 47.8612], [-74.1674, 47.87], [-74.1725, 47.8737], [-74.1673, 47.8813], [-74.1698, 47.8846], [-74.1566, 47.8812], [-74.1446, 47.8832], [-74.1086, 47.8722], [-74.1012, 47.8602], [-74.1008, 47.8517], [-74.0882, 47.8551], [-74.0746, 47.8499], [-74.046, 47.8641], [-74.0367, 47.8735], [-74.0269, 47.8779], [-74.0184, 47.8743], [-74.0055, 47.8744], [-73.9939, 47.8852], [-73.9733, 47.8953], [-73.9603, 47.8959], [-73.9447, 47.91], [-73.945, 47.922], [-73.9406, 47.9246], [-73.9207, 47.9203], [-73.9057, 47.9212], [-73.8926, 47.9134], [-73.8761, 47.8966], [-73.8431, 47.8878], [-73.765, 47.8986], [-73.7601, 47.8963], [-73.7567, 47.8875], [-73.7484, 47.8942], [-73.7379, 47.895], [-73.7295, 47.8999], [-73.7248, 47.8963], [-73.7257, 47.8936], [-73.7176, 47.8931], [-73.7012, 47.8777], [-73.6608, 47.8881], [-73.6402, 47.8825], [-73.6255, 47.883], [-73.5646, 47.8666], [-73.5418, 47.8541], [-73.5034, 47.8655], [-73.4816, 47.8625], [-73.4723, 47.8569], [-73.4666, 47.8581], [-73.435, 47.8506], [-73.4123, 47.8298], [-73.4047, 47.8174], [-73.4102, 47.81], [-73.4083, 47.8049], [-73.402, 47.8043], [-73.3957, 47.7957], [-73.3822, 47.7937], [-73.3763, 47.7853], [-73.3549, 47.7865], [-73.3309, 47.7764], [-73.3225, 47.7778], [-73.3249, 47.7735], [-73.3228, 47.7709], [-73.326, 47.7735], [-73.3285, 47.7716], [-73.3146, 47.7661], [-73.312, 47.7617], [-73.2959, 47.7598], [-73.2985, 47.7561], [-73.2817, 47.7304], [-73.2717, 47.7361], [-73.2722, 47.7401], [-73.2688, 47.7376], [-73.2629, 47.7419], [-73.2582, 47.7409], [-73.2573, 47.7445], [-73.2625, 47.7443], [-73.259, 47.7466], [-73.25, 47.7433], [-73.2343, 47.7487], [-73.2349, 47.7533], [-73.2309, 47.7504], [-73.2222, 47.7564], [-73.21, 47.7577], [-73.2046, 47.765], [-73.1874, 47.7749], [-73.1948, 47.7743], [-73.1826, 47.7797], [-73.1791, 47.7767], [-73.178, 47.7832], [-73.1634, 47.7927], [-73.1604, 47.8066], [-73.1537, 47.8134], [-73.1481, 47.8133], [-73.1405, 47.8237], [-73.1295, 47.83], [-73.1321, 47.831], [-73.1128, 47.8381], [-73.1026, 47.8503], [-73.058, 47.8655], [-73.0375, 47.8782], [-73.0373, 47.8842], [-73.0229, 47.8831], [-73.024, 47.8854], [-73.018, 47.8874], [-73.0208, 47.8828], [-73.0168, 47.881], [-73.0202, 47.8767], [-73.0101, 47.8796], [-73.0025, 47.8755], [-73.0102, 47.8777], [-73.0179, 47.8754], [-73.0138, 47.8751], [-73.0141, 47.8721], [-73.0053, 47.8668], [-73.0061, 47.8573], [-73.0001, 47.8504], [-73.0043, 47.8428], [-73.0046, 47.8369], [-73.0014, 47.836], [-73.0047, 47.8309], [-73.0031, 47.8242], [-72.9975, 47.8191], [-72.9919, 47.8207], [-72.9914, 47.8126], [-72.9676, 47.7937], [-72.965, 47.7906], [-72.9682, 47.7872], [-72.9648, 47.7893], [-72.9615, 47.7871], [-72.9599, 47.7788], [-72.9444, 47.7716], [-72.9397, 47.7717], [-72.9342, 47.779], [-72.9257, 47.7814], [-72.9146, 47.7788], [-72.9087, 47.7703], [-72.9058, 47.7704], [-72.9023, 47.7776], [-72.8957, 47.7718], [-72.8951, 47.7759], [-72.8909, 47.7768], [-72.8916, 47.7909], [-72.881, 47.7889], [-72.8748, 47.7959], [-72.8718, 47.8166], [-72.8659, 47.8207], [-72.867, 47.8233], [-72.8617, 47.83], [-72.8687, 47.8322], [-72.8739, 47.8383], [-72.8723, 47.8469], [-72.8795, 47.8501], [-72.878, 47.859], [-72.8732, 47.8633], [-72.8743, 47.8678], [-72.8793, 47.8731], [-72.8794, 47.8794], [-72.8905, 47.8838], [-72.8916, 47.8885], [-72.8744, 47.88], [-72.8686, 47.8694], [-72.8352, 47.866], [-72.7949, 47.8534], [-72.7946, 47.8465], [-72.7806, 47.8327], [-72.746, 47.8147], [-72.7391, 47.8032], [-72.7423, 47.7916], [-72.7345, 47.7878], [-72.73420697674419, 47.78449302325582], [-72.7297, 47.789], [-72.7308, 47.7927], [-72.7236, 47.7909], [-72.7217, 47.796], [-72.7278, 47.7976], [-72.7229, 47.8003], [-72.7265, 47.8014], [-72.729, 47.8102], [-72.7192, 47.8093], [-72.7253, 47.8137], [-72.7179, 47.8129], [-72.7164, 47.8171], [-72.7267, 47.8164], [-72.7259, 47.8254], [-72.7139, 47.8289], [-72.7218, 47.8312], [-72.7186, 47.8346], [-72.7089, 47.8358], [-72.7138, 47.84], [-72.7073, 47.8381], [-72.7071, 47.8432], [-72.6998, 47.8514], [-72.6939, 47.8533], [-72.6977, 47.8601], [-72.6921, 47.8641], [-72.6959, 47.8678], [-72.6915, 47.8656], [-72.687, 47.8683], [-72.6918, 47.877], [-72.684, 47.8795], [-72.6857, 47.8827], [-72.6797, 47.8827], [-72.6827, 47.8881], [-72.6884, 47.8884], [-72.6863, 47.8855], [-72.6907, 47.8819], [-72.6997, 47.8876], [-72.6975, 47.8923], [-72.6899, 47.8893], [-72.6855, 47.8935], [-72.69, 47.8933], [-72.6906, 47.8989], [-72.6961, 47.9021], [-72.7049, 47.9011], [-72.7077, 47.9079], [-72.7116, 47.9087], [-72.7087, 47.9144], [-72.7127, 47.9142], [-72.715, 47.9177], [-72.7127, 47.925], [-72.7189, 47.9259], [-72.7223, 47.9357], [-72.7292, 47.9366], [-72.7213, 47.9429], [-72.7204, 47.9472], [-72.7251, 47.9497], [-72.7229, 47.9473], [-72.7263, 47.9469], [-72.7275, 47.9509], [-72.7068, 47.9558], [-72.708, 47.9646], [-72.7022, 47.9728], [-72.7049, 47.976], [-72.7029, 47.9823], [-72.7071, 47.9846], [-72.7111, 47.996], [-72.7166, 47.9986], [-72.556, 47.9986], [-72.5548, 48.0037], [-72.5532, 47.9986], [-72.4659, 47.9985], [-72.4635, 47.9959], [-72.4637, 47.9985], [-72.3781, 47.998], [-72.3765, 48.0021], [-72.3763, 47.998], [-72.316, 47.997], [-72.2398, 48.0006], [-72.226, 47.9988], [-72.2241, 48.0041], [-72.2238, 47.9988], [-72.1499, 47.9985], [-72.1531, 48.0021], [-72.15, 48.0042], [-72.1422, 48.0031], [-72.1425, 47.9985], [-72.0842, 47.9986], [-72.0952, 47.9923], [-72.0966, 47.988], [-72.0908, 47.9817], [-72.0863, 47.9642], [-72.0825, 47.9633], [-72.0836, 47.9575], [-72.0685, 47.9474], [-72.07, 47.9434], [-72.0612, 47.9437], [-72.0649, 47.9409], [-72.0626, 47.9385], [-72.0527, 47.9407], [-72.0525, 47.9371], [-72.0477, 47.9364], [-72.046, 47.9324], [-72.036, 47.9351], [-72.0365, 47.9289], [-72.032, 47.9295], [-72.0293, 47.9252], [-72.013, 47.9285], [-72.0096, 47.9218], [-72.0214, 47.915], [-72.019, 47.9041], [-72.0106, 47.8955], [-72.0176, 47.8922], [-72.0148, 47.888], [-72.0175, 47.8721], [-72.0042, 47.8572], [-72.0014, 47.8469], [-71.9967, 47.8449], [-71.9864, 47.8284], [-71.9799, 47.8072], [-71.9666, 47.7961], [-71.9613, 47.7864], [-71.9624, 47.7823], [-71.9532, 47.7751], [-71.9477, 47.7614], [-71.9135, 47.7479], [-72.0292, 47.7481], [-72.0294, 47.7406], [-72.0245, 47.74], [-72.0289, 47.7368], [-72.0335, 47.7385], [-72.0362, 47.7309], [-72.0353, 47.7466], [-72.0704, 47.7212], [-72.0643, 47.7136], [-72.0687, 47.7122], [-72.0654, 47.7145], [-72.0679, 47.7165], [-72.0747, 47.7156], [-72.0823, 47.7077], [-72.0873, 47.7074], [-72.0812, 47.7031], [-72.0908, 47.7037], [-72.1024, 47.6971], [-72.1101, 47.6785], [-72.1214, 47.6688], [-72.1191, 47.6658], [-72.1235, 47.667], [-72.1377, 47.6589], [-72.1061, 47.6578], [-72.1087, 47.6601], [-72.1067, 47.6614], [-72.101, 47.6578], [-72.0705, 47.6578], [-72.0685, 47.6541], [-72.0731, 47.6381], [-72.0699, 47.6349], [-72.0718, 47.6294], [-72.0663, 47.6095], [-72.0724, 47.6069], [-72.0739, 47.6007], [-72.0706, 47.5987], [-72.0692, 47.6027], [-72.0627, 47.6046], [-72.0465, 47.5925], [-72.0485, 47.5681], [-72.068, 47.5702], [-72.0775, 47.5645], [-72.0845, 47.5645], [-72.0832, 47.5603], [-72.0897, 47.5526], [-72.0969, 47.5498], [-72.0949, 47.5474], [-72.0998, 47.5378], [-72.115, 47.527], [-72.1323, 47.5034], [-72.1395, 47.4998], [-72.1383, 47.4875], [-72.1459, 47.4843], [-72.1475, 47.4783], [-72.1532, 47.4789], [-72.1551, 47.4717], [-72.1629, 47.472], [-72.1584506849315, 47.466434417808216], [-72.1606, 47.4633], [-72.1698, 47.4614], [-72.1719, 47.4561]], [[-72.735, 47.7837], [-72.7341432160804, 47.78377343862168], [-72.73420697674419, 47.78449302325582], [-72.735, 47.7837]], [[-72.7331, 47.772], [-72.7355, 47.7689], [-72.7306, 47.769], [-72.7273, 47.7735], [-72.733, 47.7769], [-72.7245, 47.7846], [-72.7341432160804, 47.78377343862168], [-72.7331, 47.772]]], [[[-72.1584506849315, 47.466434417808216], [-72.1582, 47.4668], [-72.1531, 47.4661], [-72.1584506849315, 47.466434417808216]]]]}}, {"type": "Feature", "properties": {"id": "qc-zone-16", "wmu_id": "27", "name": "Zone 27", "province": "QC", "source": "Qu\u00e9bec \u2014 Zones de chasse et p\u00eache (GAGQ)", "zone_kind": "zone_de_chasse"}, "geometry": {"type": "MultiPolygon", "coordinates": [[[[-71.0147, 46.8578], [-71.0145, 46.8582], [-71.0145, 46.858], [-71.0147, 46.8578]]], [[[-71.1172, 46.8829], [-71.1187, 46.8803], [-71.1193, 46.8814], [-71.1172, 46.8829]]], [[[-70.8791, 46.9271], [-70.896, 46.9154], [-70.9312, 46.9044], [-70.9427, 46.8972], [-70.9558, 46.8959], [-70.9562, 46.8923], [-70.9675, 46.886], [-70.9826, 46.8714], [-71.0043, 46.86], [-71.0032, 46.8582], [-71.0069, 46.8602], [-71.0294, 46.8554], [-71.0405, 46.8581], [-71.0584, 46.8499], [-71.1202, 46.8501], [-71.1318, 46.8449], [-71.1411, 46.8487], [-71.1407, 46.8526], [-71.1291, 46.8616], [-71.1192, 46.8771], [-71.0957, 46.8914], [-71.099, 46.8927], [-71.0955, 46.8917], [-71.0905, 46.898], [-71.0725, 46.9049], [-71.0475, 46.9246], [-71.014, 46.9376], [-71.0103, 46.9446], [-71.0035, 46.9451], [-71.0073, 46.9469], [-70.9909, 46.9552], [-70.9925, 46.9564], [-70.9655, 46.9761], [-70.9678, 46.978], [-70.9645, 46.9769], [-70.9429, 46.9937], [-70.9274, 47.0009], [-70.8921, 47.0078], [-70.859, 47.0218], [-70.8431, 47.0246], [-70.8246, 47.0191], [-70.8039, 47.0251], [-70.796, 47.0221], [-70.8037, 47.0131], [-70.8081, 46.9966], [-70.8139, 46.9951], [-70.8302, 46.9764], [-70.8448, 46.9692], [-70.8438, 46.9662], [-70.8709, 46.9413], [-70.8791, 46.9271]]], [[[-71.042, 46.9438], [-71.0437, 46.9422], [-71.0436, 46.9436], [-71.042, 46.9438]]], [[[-70.8024, 46.9609], [-70.7847, 46.9789], [-70.7785, 46.9773], [-70.7804, 46.9729], [-70.8024, 46.9609]]], [[[-70.9594, 47.0071], [-70.9594, 47.0069], [-70.9598, 47.0073], [-70.9594, 47.0071]]], [[[-70.7602, 47.001], [-70.7407, 47.0146], [-70.7126, 47.0246], [-70.7192, 47.0184], [-70.7602, 47.001]]], [[[-70.8862, 47.0412], [-70.88624307692308, 47.04116553846154], [-70.88639381443299, 47.042024742268055], [-70.8862, 47.0412]]], [[[-70.4292, 47.3757], [-70.4315, 47.3775], [-70.4284, 47.3795], [-70.435, 47.3916], [-70.4164, 47.4094], [-70.3995, 47.4142], [-70.39, 47.4224], [-70.34, 47.4269], [-70.3146, 47.4244], [-70.3268, 47.4203], [-70.3396, 47.407], [-70.3938, 47.3685], [-70.405, 47.3678], [-70.4028, 47.3688], [-70.4053, 47.3715], [-70.4157, 47.3687], [-70.4218, 47.3751], [-70.4311, 47.3699], [-70.4292, 47.3757]]], [[[-70.4303, 47.4093], [-70.4298, 47.4091], [-70.4311, 47.4094], [-70.4303, 47.4093]]], [[[-70.9604, 47.0078], [-70.9587, 47.0058], [-70.9838, 46.9877], [-71.003, 46.9778], [-71.0073, 46.9784], [-71.0047, 46.9768], [-71.0382, 46.9531], [-71.04, 46.9548], [-71.0428, 46.9479], [-71.045, 46.95], [-71.0473, 46.9402], [-71.0529, 46.9412], [-71.0488, 46.9398], [-71.051, 46.9376], [-71.0483, 46.939], [-71.0524, 46.9333], [-71.0582, 46.9297], [-71.0605, 46.9326], [-71.058, 46.9288], [-71.1085, 46.9013], [-71.1174, 46.9001], [-71.1402, 46.8879], [-71.1545, 46.8734], [-71.1547, 46.8687], [-71.1622, 46.8651], [-71.1612, 46.863], [-71.1626, 46.8647], [-71.1809, 46.8527], [-71.204, 46.8482], [-71.2052, 46.8447], [-71.2018, 46.8441], [-71.2062, 46.8375], [-71.1955, 46.8388], [-71.1917, 46.8358], [-71.1932, 46.8321], [-71.2103, 46.8271], [-71.209, 46.8252], [-71.2166, 46.8219], [-71.1993, 46.8225], [-71.1959, 46.8253], [-71.1986, 46.8192], [-71.2031, 46.8207], [-71.1988, 46.8184], [-71.2028, 46.8077], [-71.2115, 46.7994], [-71.2265, 46.7923], [-71.2256, 46.7892], [-71.2333, 46.7876], [-71.2337, 46.7829], [-71.2358, 46.7853], [-71.2373, 46.7833], [-71.2344, 46.7825], [-71.2419, 46.7786], [-71.2434, 46.772], [-71.261, 46.7647], [-71.2716, 46.755], [-71.2925, 46.7479], [-71.3162, 46.7503], [-71.3443, 46.7475], [-71.3564, 46.7382], [-71.3704, 46.7332], [-71.4255, 46.7339], [-71.4351, 46.7296], [-71.5366, 46.7143], [-71.5607, 46.7062], [-71.5738, 46.6959], [-71.6101, 46.698], [-71.6282, 46.6941], [-71.6434, 46.6879], [-71.6447, 46.6837], [-71.6527, 46.6847], [-71.6666, 46.6752], [-71.6777, 46.6746], [-71.6934, 46.6673], [-71.71, 46.6704], [-71.7455, 46.6686], [-71.7464, 46.6717], [-71.7667, 46.6671], [-71.7895, 46.6694], [-71.8331, 46.6895], [-71.8437, 46.6921], [-71.8775, 46.6895], [-71.881, 46.6928], [-71.8836, 46.6882], [-71.8769, 46.681], [-71.884, 46.6881], [-71.8991, 46.682], [-71.9145, 46.6653], [-71.9153, 46.6592], [-71.9247, 46.6534], [-71.9277, 46.6461], [-71.9396, 46.6456], [-71.9808, 46.6254], [-71.9868, 46.6261], [-72.0378, 46.5878], [-72.0487, 46.5851], [-72.0551, 46.5868], [-72.0553, 46.5845], [-72.0602, 46.5865], [-72.0606, 46.5827], [-72.0706, 46.5863], [-72.0634, 46.5789], [-72.0666, 46.5819], [-72.0707, 46.5823], [-72.0712, 46.5798], [-72.0722, 46.5825], [-72.0691, 46.5834], [-72.0749, 46.5839], [-72.0727, 46.5864], [-72.0772, 46.5879], [-72.0781, 46.5844], [-72.0784, 46.5891], [-72.079, 46.5842], [-72.0823, 46.5868], [-72.0819, 46.5846], [-72.0871, 46.5853], [-72.0868, 46.588], [-72.0989, 46.5851], [-72.1012, 46.5867], [-72.1019, 46.5835], [-72.1066, 46.5846], [-72.1069, 46.5813], [-72.1126, 46.5833], [-72.1146, 46.5802], [-72.1252, 46.5822], [-72.1436, 46.5788], [-72.1663, 46.5691], [-72.1798, 46.5676], [-72.1712, 46.5673], [-72.1808, 46.5654], [-72.1725, 46.5664], [-72.1802, 46.5598], [-72.1996, 46.5526], [-72.2068, 46.5583], [-72.2058, 46.5721], [-72.2104, 46.5692], [-72.2295, 46.5829], [-72.2282, 46.5942], [-72.208, 46.6093], [-72.206, 46.6252], [-72.1481, 46.6417], [-72.1416, 46.647], [-72.14, 46.6555], [-72.1588, 46.6693], [-72.1698, 46.6669], [-72.1859, 46.681], [-72.235, 46.695], [-72.2653, 46.7243], [-72.2651, 46.7469], [-72.268, 46.7545], [-72.2898, 46.7575], [-72.3497, 46.8038], [-72.3554, 46.8151], [-72.3503, 46.8246], [-72.3296, 46.8342], [-72.3242, 46.8648], [-72.2978, 46.8845], [-72.2962, 46.889], [-72.2841, 46.8937], [-72.2853, 46.9058], [-72.2922, 46.9134], [-72.296, 46.9239], [-72.2941, 46.9311], [-72.2895, 46.9342], [-72.3088, 46.9497], [-72.3211, 46.952], [-72.3312, 46.964], [-72.3399, 46.9667], [-72.3393, 46.9692], [-72.3489, 46.9739], [-72.3483, 46.9771], [-72.3604, 46.986], [-72.3726, 46.9905], [-72.3549, 47.0016], [-72.4066, 47.0368], [-72.4064, 47.0411], [-72.408, 47.0378], [-72.4359, 47.0575], [-72.411, 47.0743], [-72.4059, 47.0647], [-72.4048, 47.0763], [-72.4017, 47.0736], [-72.3995, 47.0757], [-72.402, 47.0805], [-72.3789, 47.0965], [-72.3949, 47.1177], [-72.4138, 47.1195], [-72.4199, 47.116], [-72.46, 47.1431], [-72.5147, 47.144], [-72.5408, 47.1906], [-72.5386, 47.2188], [-72.5096, 47.2686], [-72.5037, 47.3126], [-72.4733, 47.3335], [-72.4876, 47.3703], [-72.4616, 47.3881], [-72.4618, 47.3719], [-72.4153, 47.3475], [-72.4139, 47.293], [-72.409, 47.2929], [-72.4094, 47.2904], [-72.4074, 47.2929], [-72.3637, 47.2935], [-72.345, 47.2793], [-72.3208, 47.3026], [-72.2828, 47.295], [-72.2366, 47.2929], [-72.2354, 47.2983], [-72.2292, 47.2995], [-72.207, 47.326], [-72.2044, 47.3416], [-72.2006, 47.3458], [-72.2043, 47.3532], [-72.2015, 47.3596], [-72.1842, 47.3654], [-72.1745, 47.3785], [-72.1606, 47.386], [-72.1598, 47.3917], [-72.1453, 47.3994], [-72.1405, 47.4127], [-72.1438, 47.4178], [-72.1586, 47.4213], [-72.1734, 47.4388], [-72.1679, 47.4502], [-72.1717, 47.4582], [-72.1654, 47.4639], [-72.1532, 47.4661], [-72.1611, 47.4666], [-72.1629, 47.472], [-72.1551, 47.4717], [-72.1532, 47.4789], [-72.1475, 47.4783], [-72.1459, 47.4843], [-72.1383, 47.4875], [-72.1395, 47.4998], [-72.1323, 47.5034], [-72.115, 47.527], [-72.0998, 47.5378], [-72.0949, 47.5474], [-72.0969, 47.5498], [-72.0897, 47.5526], [-72.0832, 47.5603], [-72.0845, 47.5645], [-72.0775, 47.5645], [-72.068, 47.5702], [-72.0485, 47.5681], [-72.0463, 47.5918], [-72.0627, 47.6046], [-72.0692, 47.6027], [-72.0706, 47.5987], [-72.0739, 47.6007], [-72.0724, 47.6069], [-72.0663, 47.6095], [-72.0718, 47.6294], [-72.0699, 47.6349], [-72.0731, 47.6381], [-72.0685, 47.6541], [-72.0706, 47.6578], [-72.101, 47.6578], [-72.1067, 47.6614], [-72.1087, 47.6601], [-72.1061, 47.6578], [-72.1377, 47.6589], [-72.1235, 47.667], [-72.1191, 47.6658], [-72.1214, 47.6688], [-72.1101, 47.6785], [-72.1024, 47.6971], [-72.0908, 47.7037], [-72.0812, 47.7031], [-72.0873, 47.7074], [-72.0823, 47.7077], [-72.0747, 47.7156], [-72.0679, 47.7165], [-72.0654, 47.7145], [-72.0687, 47.7122], [-72.0643, 47.7136], [-72.0704, 47.7212], [-72.0353, 47.7466], [-72.0362, 47.7309], [-72.0335, 47.7385], [-72.0289, 47.7368], [-72.0245, 47.74], [-72.0294, 47.7406], [-72.0292, 47.7481], [-71.9134, 47.7482], [-71.9462, 47.7599], [-71.9532, 47.7751], [-71.9624, 47.7823], [-71.9613, 47.7864], [-71.9666, 47.7961], [-71.9799, 47.8072], [-71.9864, 47.8284], [-71.9967, 47.8449], [-72.0014, 47.8469], [-72.0111, 47.8672], [-72.0176, 47.8722], [-72.0148, 47.888], [-72.0176, 47.8922], [-72.0106, 47.8955], [-72.019, 47.9041], [-72.0213, 47.9152], [-72.0096, 47.9218], [-72.0131, 47.9285], [-72.029, 47.9251], [-72.0365, 47.9289], [-72.0361, 47.9352], [-72.046, 47.9324], [-72.0477, 47.9364], [-72.0525, 47.9371], [-72.0527, 47.9407], [-72.0626, 47.9385], [-72.0649, 47.9409], [-72.0612, 47.9437], [-72.07, 47.9434], [-72.0685, 47.9474], [-72.0797, 47.953], [-72.0839, 47.9585], [-72.0825, 47.9633], [-72.0864, 47.9645], [-72.0908, 47.9818], [-72.0965, 47.9868], [-72.0952, 47.9923], [-72.0842, 47.9986], [-72.0041, 47.9973], [-71.9808, 47.9976], [-71.9803, 47.9997], [-71.9763, 47.9975], [-71.8537, 47.9962], [-71.8102, 47.9985], [-71.8132, 48.0985], [-71.766, 48.2155], [-71.8072, 48.2229], [-71.7836, 48.282], [-71.67, 48.2613], [-71.6648, 48.2589], [-71.6635, 48.2533], [-71.661, 48.2595], [-71.5602, 48.2411], [-71.5638, 48.2392], [-71.5616, 48.2364], [-71.5554, 48.2403], [-71.2432, 48.1832], [-71.2416, 48.1878], [-71.2502, 48.2028], [-71.2613, 48.213], [-71.2647, 48.2237], [-71.2654, 48.2399], [-71.2552, 48.2527], [-71.2543, 48.247], [-71.2449, 48.2474], [-71.248, 48.2377], [-71.1895, 48.2068], [-71.1895, 48.1844], [-71.1841, 48.1844], [-71.1841, 48.1789], [-71.1895, 48.1789], [-71.1895, 48.1735], [-71.1827, 48.1735], [-71.1827, 48.1648], [-71.1895, 48.1648], [-71.1898, 48.089], [-71.1684, 48.0369], [-71.1519, 48.0432], [-71.1232, 48.0433], [-71.1284, 48.0393], [-71.1294, 48.0335], [-71.1442, 48.0336], [-71.1417, 48.0269], [-71.1456, 48.0251], [-71.1384, 48.0169], [-71.138, 48.0052], [-71.1327, 47.9982], [-71.0731, 47.9979], [-71.0707, 47.9926], [-71.0636, 47.9895], [-71.0631, 47.9979], [-70.6785, 47.9966], [-70.6677, 48.0029], [-70.6543, 48.0047], [-70.6448, 47.9965], [-70.6343, 47.9964], [-70.5669, 47.9796], [-70.5631, 47.974], [-70.5508, 47.9738], [-70.543, 47.9774], [-70.5313, 47.992], [-70.5025, 47.9944], [-70.4875, 47.9931], [-70.4772, 47.9822], [-70.4516, 47.9779], [-70.449, 47.9882], [-70.4362, 47.9898], [-70.4334, 47.9936], [-70.435, 47.9968], [-70.4256, 47.9966], [-70.4319, 48.0162], [-70.4188, 48.027], [-70.4139, 48.0536], [-70.3625, 48.0542], [-70.3621, 48.0498], [-70.3446, 48.0407], [-70.33, 48.0379], [-70.3263, 48.0327], [-70.2376, 48.0304], [-70.2287, 48.0468], [-70.2335, 48.0493], [-70.2281, 48.048], [-70.2307, 48.0512], [-70.2268, 48.0504], [-70.2144, 48.0738], [-70.2149, 48.0941], [-70.1931, 48.0943], [-70.1527, 48.149], [-70.0997, 48.2317], [-70.0754, 48.2164], [-70.0658, 48.2255], [-70.0348, 48.24], [-70.0209, 48.2359], [-69.9882, 48.236], [-69.9806, 48.2305], [-69.9778, 48.2345], [-69.9786, 48.2297], [-69.9741, 48.2279], [-69.9282, 48.2213], [-69.9045, 48.2133], [-69.9078, 48.211], [-69.906, 48.205], [-69.91, 48.2015], [-69.9005, 48.1999], [-69.8932, 48.1938], [-69.8928, 48.1973], [-69.8898, 48.195], [-69.8952, 48.1922], [-69.9166, 48.1994], [-69.9184, 48.1957], [-69.9141, 48.1866], [-69.9007, 48.1893], [-69.8944, 48.1756], [-69.9042, 48.1631], [-69.8869, 48.1577], [-69.8906, 48.1524], [-69.8875, 48.1514], [-69.8867, 48.1436], [-69.811, 48.1237], [-69.761, 48.1233], [-69.7553, 48.1192], [-69.7326, 48.1152], [-69.7295, 48.1265], [-69.7163, 48.1237], [-69.7244, 48.1137], [-69.7283, 48.1085], [-69.7067, 48.098], [-69.7199, 48.0912], [-69.732, 48.0773], [-69.7493, 48.0795], [-69.7486, 48.0743], [-69.757, 48.0664], [-69.7603, 48.0555], [-69.7655, 48.0549], [-69.7619, 48.0535], [-69.7674, 48.0293], [-69.7723, 48.0268], [-69.7776, 48.0298], [-69.7635, 48.0155], [-69.7625, 48.0016], [-69.7765, 47.9859], [-69.7772, 47.9745], [-69.7825, 47.9653], [-69.7943, 47.961], [-69.8024, 47.9636], [-69.8025, 47.9601], [-69.8121, 47.962], [-69.8147, 47.9599], [-69.8105, 47.9578], [-69.8126, 47.9514], [-69.8022, 47.9529], [-69.7944, 47.9491], [-69.7971, 47.9468], [-69.7963, 47.9352], [-69.8015, 47.9304], [-69.8029, 47.9154], [-69.8063, 47.9106], [-69.818, 47.9062], [-69.8264, 47.8941], [-69.8483, 47.8869], [-69.8421, 47.886], [-69.8393, 47.8801], [-69.8477, 47.8787], [-69.8475, 47.8735], [-69.8627, 47.8653], [-69.8743, 47.8474], [-69.8726, 47.8408], [-69.8792, 47.8268], [-69.8932, 47.8091], [-69.898, 47.8054], [-69.9006, 47.8068], [-69.899, 47.7883], [-69.9055, 47.7798], [-69.9057, 47.7699], [-69.9222, 47.7591], [-69.9489, 47.7538], [-69.9508, 47.7587], [-69.9524, 47.7541], [-69.9581, 47.7543], [-69.9724, 47.7333], [-69.9791, 47.7159], [-69.9915, 47.7034], [-70.0031, 47.7035], [-70.0551, 47.6804], [-70.089, 47.669], [-70.099, 47.6597], [-70.1268, 47.6506], [-70.1542, 47.6584], [-70.1482, 47.6543], [-70.1496, 47.642], [-70.1433, 47.6386], [-70.1402, 47.6243], [-70.1397, 47.6225], [-70.1693, 47.5985], [-70.1921, 47.5863], [-70.1997, 47.579], [-70.2052, 47.5679], [-70.2008, 47.5373], [-70.2032, 47.5237], [-70.2075, 47.5138], [-70.2172, 47.5049], [-70.2287, 47.5043], [-70.2318, 47.4958], [-70.2279, 47.4911], [-70.2312, 47.4881], [-70.2497, 47.4881], [-70.2687, 47.4835], [-70.295, 47.4667], [-70.3184, 47.4627], [-70.3483, 47.4629], [-70.3627, 47.4575], [-70.3609, 47.4551], [-70.3659, 47.4505], [-70.3642, 47.4484], [-70.3733, 47.4507], [-70.3737, 47.4539], [-70.3837, 47.4526], [-70.4528, 47.4261], [-70.4767, 47.4309], [-70.4847, 47.4359], [-70.4882, 47.4311], [-70.4954, 47.4419], [-70.492, 47.4318], [-70.4879, 47.4292], [-70.4986, 47.422], [-70.5066, 47.4238], [-70.4948, 47.4099], [-70.4953, 47.3952], [-70.5018, 47.3782], [-70.531, 47.3544], [-70.5319, 47.349], [-70.5518, 47.3298], [-70.5655, 47.3061], [-70.5649, 47.3034], [-70.5614, 47.3037], [-70.569, 47.2962], [-70.5676, 47.2824], [-70.5863, 47.2548], [-70.6207, 47.227], [-70.6375, 47.1969], [-70.6482, 47.1892], [-70.6638, 47.169], [-70.6732, 47.1628], [-70.6857, 47.1405], [-70.6978, 47.1355], [-70.7012, 47.1251], [-70.7087, 47.1207], [-70.7159, 47.1084], [-70.7353, 47.0978], [-70.7429, 47.0876], [-70.7634, 47.0825], [-70.7826, 47.0704], [-70.806, 47.0499], [-70.8573, 47.0458], [-70.8802, 47.0395], [-70.8866, 47.0432], [-70.8867, 47.0408], [-70.8856, 47.0375], [-70.9274, 47.0203], [-70.9257, 47.0184], [-70.9307, 47.0201], [-70.9604, 47.0078]], [[-72.0942, 46.5887], [-72.09754519572954, 46.58613772241993], [-72.096, 46.5859], [-72.0942, 46.5887]], [[-69.782, 47.9679], [-69.7821, 47.9672], [-69.7816, 47.9679], [-69.782, 47.9679]], [[-69.7813, 47.9682], [-69.7811, 47.969], [-69.7819, 47.9685], [-69.7813, 47.9682]], [[-69.7813, 47.9697], [-69.7812, 47.9697], [-69.7813, 47.9699], [-69.7813, 47.9697]], [[-69.7717, 47.9919], [-69.7718, 47.9917], [-69.7716, 47.9919], [-69.7717, 47.9919]]], [[[-70.1386, 47.6235], [-70.14009926672777, 47.62428560953254], [-70.1395, 47.6242], [-70.1386, 47.6235]]], [[[-69.9539, 47.7517], [-69.9524, 47.7524], [-69.9528, 47.7517], [-69.9539, 47.7517]]], [[[-69.9514, 47.7538], [-69.9513, 47.7534], [-69.9523, 47.7536], [-69.9514, 47.7538]]], [[[-69.7994, 47.9522], [-69.7998, 47.9523], [-69.7995, 47.9524], [-69.7994, 47.9522]]], [[[-69.8093, 47.9548], [-69.8042, 47.9566], [-69.7988, 47.9547], [-69.8093, 47.9548]]], [[[-69.8056, 47.9605], [-69.8055, 47.9604], [-69.8056, 47.9604], [-69.8056, 47.9605]]], [[[-69.7627, 48.0239], [-69.7645, 48.0248], [-69.763, 48.025], [-69.7627, 48.0239]]], [[[-69.77, 48.0251], [-69.7694, 48.0251], [-69.7692, 48.025], [-69.77, 48.0251]]], [[[-69.6837, 48.1085], [-69.6831, 48.1067], [-69.6854, 48.1067], [-69.6837, 48.1085]]], [[[-69.72364745762712, 48.11439322033898], [-69.724, 48.1136], [-69.72422857142857, 48.11365714285714], [-69.72364745762712, 48.11439322033898]]]]}}, {"type": "Feature", "properties": {"id": "qc-zone-17", "wmu_id": "28", "name": "Zone 28", "province": "QC", "source": "Qu\u00e9bec \u2014 Zones de chasse et p\u00eache (GAGQ)", "zone_kind": "zone_de_chasse"}, "geometry": {"type": "MultiPolygon", "coordinates": [[[[-72.733, 47.7769], [-72.7273, 47.7735], [-72.7306, 47.769], [-72.7355, 47.7689], [-72.7331, 47.772], [-72.7341432160804, 47.78377343862168], [-72.7245, 47.7846], [-72.733, 47.7769]]], [[[-72.73420697674419, 47.78449302325582], [-72.7341432160804, 47.78377343862168], [-72.735, 47.7837], [-72.73420697674419, 47.78449302325582]]], [[[-70.0984, 48.2345], [-70.0986, 48.2345], [-70.0986, 48.2348], [-70.0984, 48.2345]]], [[[-70.1863, 48.2612], [-70.1856, 48.2604], [-70.1864, 48.2604], [-70.1863, 48.2612]]], [[[-70.0594, 48.2629], [-70.0582, 48.2618], [-70.0607, 48.2623], [-70.0594, 48.2629]]], [[[-70.8585, 48.3239], [-70.8571, 48.3242], [-70.8574, 48.3236], [-70.8585, 48.3239]]], [[[-70.7473, 48.4266], [-70.7474, 48.4264], [-70.7475, 48.4265], [-70.7473, 48.4266]]], [[[-70.7818, 48.4287], [-70.7835, 48.4289], [-70.7821, 48.4291], [-70.7818, 48.4287]]], [[[-70.7844, 48.4298], [-70.786, 48.4301], [-70.7851, 48.4302], [-70.7844, 48.4298]]], [[[-71.066, 48.4304], [-71.066, 48.4302], [-71.0662, 48.4303], [-71.066, 48.4304]]], [[[-70.7876, 48.432], [-70.7872, 48.4313], [-70.7878, 48.4314], [-70.7876, 48.432]]], [[[-72.8686, 47.8694], [-72.8744, 47.88], [-72.8916, 47.8885], [-72.8905, 47.8838], [-72.8794, 47.8794], [-72.8793, 47.8731], [-72.8743, 47.8678], [-72.8732, 47.8633], [-72.878, 47.859], [-72.8795, 47.8501], [-72.8723, 47.8469], [-72.8739, 47.8383], [-72.8687, 47.8322], [-72.8617, 47.83], [-72.867, 47.8233], [-72.8659, 47.8207], [-72.8718, 47.8166], [-72.8748, 47.7959], [-72.881, 47.7889], [-72.8916, 47.7909], [-72.8909, 47.7768], [-72.8951, 47.7759], [-72.8957, 47.7718], [-72.9023, 47.7776], [-72.9058, 47.7704], [-72.9087, 47.7703], [-72.9146, 47.7788], [-72.9257, 47.7814], [-72.9342, 47.779], [-72.9397, 47.7717], [-72.9444, 47.7716], [-72.9599, 47.7788], [-72.9615, 47.7871], [-72.9648, 47.7893], [-72.9682, 47.7872], [-72.965, 47.7906], [-72.9676, 47.7937], [-72.9914, 47.8126], [-72.9919, 47.8207], [-72.9975, 47.8191], [-73.0031, 47.8242], [-73.0047, 47.8309], [-73.0014, 47.836], [-73.0046, 47.8369], [-73.0043, 47.8428], [-73.0001, 47.8504], [-73.0061, 47.8573], [-73.0053, 47.8668], [-73.0141, 47.8721], [-73.0138, 47.8751], [-73.0179, 47.8754], [-73.0102, 47.8777], [-73.0025, 47.8755], [-73.0101, 47.8796], [-73.0202, 47.8767], [-73.0168, 47.881], [-73.0208, 47.8828], [-73.018, 47.8874], [-73.024, 47.8854], [-73.0229, 47.8831], [-73.0373, 47.8842], [-73.0375, 47.8782], [-73.058, 47.8655], [-73.1026, 47.8503], [-73.1128, 47.8381], [-73.1321, 47.831], [-73.1295, 47.83], [-73.1405, 47.8237], [-73.1481, 47.8133], [-73.1537, 47.8134], [-73.1604, 47.8066], [-73.1634, 47.7927], [-73.178, 47.7832], [-73.1791, 47.7767], [-73.1826, 47.7797], [-73.1948, 47.7743], [-73.1874, 47.7749], [-73.2046, 47.765], [-73.21, 47.7577], [-73.2222, 47.7564], [-73.2309, 47.7504], [-73.2349, 47.7533], [-73.2343, 47.7487], [-73.25, 47.7433], [-73.259, 47.7466], [-73.2625, 47.7443], [-73.2573, 47.7445], [-73.2582, 47.7409], [-73.2629, 47.7419], [-73.2688, 47.7376], [-73.2722, 47.7401], [-73.2717, 47.7361], [-73.2817, 47.7304], [-73.2985, 47.7561], [-73.2959, 47.7598], [-73.312, 47.7617], [-73.3146, 47.7661], [-73.3285, 47.7716], [-73.326, 47.7735], [-73.3228, 47.7709], [-73.3249, 47.7735], [-73.3225, 47.7778], [-73.3309, 47.7764], [-73.3549, 47.7865], [-73.3763, 47.7853], [-73.3822, 47.7937], [-73.3957, 47.7957], [-73.402, 47.8043], [-73.408, 47.8044], [-73.4102, 47.81], [-73.4047, 47.8174], [-73.4111, 47.828], [-73.4403, 47.853], [-73.4723, 47.8569], [-73.4808, 47.8623], [-73.5015, 47.8655], [-73.5418, 47.8541], [-73.5646, 47.8666], [-73.6255, 47.883], [-73.6402, 47.8825], [-73.6608, 47.8881], [-73.7024, 47.8779], [-73.7176, 47.8931], [-73.7266, 47.8943], [-73.7248, 47.8963], [-73.7282, 47.8996], [-73.7484, 47.8942], [-73.7567, 47.8875], [-73.7601, 47.8963], [-73.7648, 47.8986], [-73.7934, 47.8998], [-73.7989, 47.9059], [-73.8123, 47.9051], [-73.8303, 47.9118], [-73.837, 47.9259], [-73.8452, 47.9348], [-73.8486, 47.964], [-73.8531, 47.9707], [-73.8446, 47.9781], [-73.8282, 48.0029], [-73.8137, 48.0085], [-73.8046, 48.0071], [-73.7916, 48.0194], [-73.7981, 48.0281], [-73.8062, 48.0303], [-73.819, 48.0504], [-73.8009, 48.0625], [-73.7927, 48.0642], [-73.7894, 48.0721], [-73.7711, 48.0766], [-73.763, 48.0823], [-73.7658, 48.0806], [-73.7606, 48.0903], [-73.7664, 48.102], [-73.7683, 48.1156], [-73.7813, 48.1384], [-73.7969, 48.1419], [-73.7927, 48.1476], [-73.7948, 48.1514], [-73.8204, 48.1603], [-73.8158, 48.1822], [-73.8241, 48.2008], [-73.8458, 48.2257], [-73.8385, 48.2298], [-73.8444, 48.2343], [-73.8513, 48.2331], [-73.8738, 48.2464], [-73.8721, 48.2478], [-73.8839, 48.2512], [-73.8983, 48.2637], [-73.8996, 48.2698], [-73.9038, 48.2727], [-73.9042, 48.2827], [-73.9099, 48.2838], [-73.9127, 48.2929], [-73.9302, 48.3011], [-73.9364, 48.3083], [-73.9345, 48.3125], [-73.9395, 48.3168], [-73.9397, 48.3225], [-73.9561, 48.3255], [-73.9629, 48.3241], [-73.9656, 48.3199], [-73.9818, 48.3174], [-74.0044, 48.3183], [-74.0104, 48.3239], [-74.0214, 48.3271], [-74.02, 48.335], [-74.0411, 48.3435], [-74.0442, 48.3496], [-74.0406, 48.3691], [-74.043, 48.3715], [-74.0332, 48.3726], [-74.0178, 48.3897], [-74.0084, 48.3898], [-74.008, 48.4043], [-73.9769, 48.4267], [-73.9731, 48.434], [-73.9677, 48.4298], [-73.9713, 48.4373], [-73.9694, 48.4414], [-73.9481, 48.4547], [-73.9413, 48.4725], [-73.9452, 48.4783], [-73.9506, 48.4776], [-73.946, 48.4819], [-73.9517, 48.4844], [-73.9537, 48.4916], [-73.9474, 48.4921], [-73.9509, 48.4953], [-73.9415, 48.4972], [-73.9471, 48.5057], [-73.9401, 48.5101], [-73.9464, 48.5157], [-73.944, 48.5232], [-73.9511, 48.5266], [-73.9532, 48.5317], [-73.9448, 48.5479], [-73.9484, 48.5482], [-73.9482, 48.5538], [-73.9405, 48.5567], [-73.9457, 48.5619], [-73.9417, 48.5649], [-73.9506, 48.5731], [-73.9469, 48.5788], [-73.9554, 48.5826], [-73.9559, 48.5864], [-73.9746, 48.585], [-73.9797, 48.5889], [-73.984, 48.5865], [-73.9861, 48.5897], [-73.9874, 48.5855], [-73.991, 48.5878], [-73.9921, 48.5904], [-73.988, 48.5902], [-73.9903, 48.5927], [-73.9875, 48.5942], [-73.993, 48.6021], [-73.9992, 48.5978], [-74.0086, 48.6056], [-74.0031, 48.6076], [-74.0088, 48.6098], [-74.0053, 48.6129], [-74.0085, 48.6138], [-74.008, 48.6213], [-74.0177, 48.631], [-74.0211, 48.64], [-74.0142, 48.6479], [-74.0167, 48.6527], [-74.0076, 48.6626], [-74.0093, 48.6671], [-74.003, 48.6704], [-73.9989, 48.6675], [-73.9958, 48.6729], [-73.9903, 48.673], [-73.9919, 48.6763], [-73.9957, 48.6733], [-73.9931, 48.6832], [-73.985, 48.6827], [-73.984, 48.6856], [-73.9757, 48.6875], [-73.9797, 48.6899], [-73.9795, 48.6952], [-73.9836, 48.6957], [-73.9796, 48.698], [-73.981, 48.7006], [-73.9754, 48.7025], [-73.977, 48.7135], [-73.971, 48.7137], [-73.971, 48.7051], [-73.9678, 48.7069], [-73.9707, 48.7108], [-73.9588, 48.7165], [-73.9605, 48.7219], [-73.9685, 48.7228], [-73.9634, 48.7293], [-73.9575, 48.7306], [-73.9606, 48.7331], [-73.9542, 48.7322], [-73.957, 48.7371], [-73.9534, 48.7396], [-73.9637, 48.7446], [-73.9625, 48.7477], [-73.9573, 48.7479], [-73.9665, 48.7524], [-73.9694, 48.7617], [-73.9691, 48.7649], [-73.9633, 48.7655], [-73.9683, 48.7673], [-73.9676, 48.7914], [-73.9591, 48.827], [-74.0777, 48.827], [-74.0777, 48.8114], [-74.088, 48.8156], [-74.097, 48.8145], [-74.1003, 48.8076], [-74.0972, 48.798], [-74.1072, 48.7924], [-74.1093, 48.7975], [-74.1273, 48.8021], [-74.1356, 48.8074], [-74.165, 48.8018], [-74.1859, 48.8014], [-74.2165, 48.8063], [-74.2331, 48.8175], [-74.2672, 48.8257], [-74.3081, 48.8257], [-74.3087, 48.9145], [-74.3468, 48.9241], [-74.338, 48.927], [-74.3347, 48.9394], [-74.3285, 48.946], [-74.3371, 48.954], [-74.3388, 48.9623], [-74.3356, 48.9668], [-74.3156, 48.9814], [-74.2981, 48.9758], [-74.2938, 48.9863], [-74.2791, 49.0], [-74.3024, 49.0131], [-74.298, 49.0216], [-74.3064, 49.0416], [-74.2964, 49.048], [-74.2879, 49.069], [-74.2775, 49.0767], [-74.2746, 49.098], [-74.2674, 49.1063], [-74.2693, 49.119], [-74.2646, 49.1363], [-74.2474, 49.1385], [-74.2497, 49.1712], [-74.2427, 49.1925], [-74.2273, 49.2228], [-74.2297, 49.2807], [-74.2467, 49.2924], [-74.2496, 49.2909], [-74.2497, 49.2838], [-74.262, 49.273], [-74.2691, 49.2745], [-74.2719, 49.2827], [-74.2872, 49.2835], [-74.3001, 49.2773], [-74.3039, 49.2618], [-74.3105, 49.2563], [-74.3145, 49.2601], [-74.3151, 49.2688], [-74.3344, 49.2743], [-74.3352, 49.2851], [-74.3621, 49.3003], [-74.3744, 49.3021], [-74.3727, 49.3152], [-74.4267, 49.323], [-74.4277, 49.3315], [-74.4147, 49.3456], [-74.4007, 49.3682], [-74.403, 49.3752], [-74.4132, 49.3753], [-74.4166, 49.3816], [-74.4064, 49.3945], [-74.4119, 49.421], [-74.396, 49.4366], [-74.3752, 49.4448], [-74.3755, 49.4512], [-74.3904, 49.4642], [-74.3904, 49.4706], [-74.3633, 49.4926], [-74.3383, 49.5037], [-74.341, 49.4973], [-74.3267, 49.4884], [-74.3315, 49.481], [-74.3271, 49.4764], [-74.3216, 49.4764], [-74.2972, 49.4823], [-74.2879, 49.4951], [-74.2493, 49.5158], [-74.2671, 49.5244], [-74.2549, 49.5369], [-74.2471, 49.5646], [-74.2297, 49.5694], [-74.2218, 49.5858], [-74.1955, 49.6155], [-74.1937, 49.6298], [-74.1857, 49.6403], [-74.1916, 49.6533], [-74.1719, 49.6796], [-74.1424, 49.6777], [-74.1204, 49.6945], [-74.1118, 49.7051], [-74.1042, 49.7261], [-74.0919, 49.7427], [-74.0912, 49.756], [-74.0774, 49.7782], [-74.0596, 49.7883], [-74.0277, 49.7955], [-74.0017, 49.8063], [-73.9873, 49.8314], [-73.9745, 49.8395], [-73.9576, 49.8442], [-73.946, 49.8615], [-73.9275, 49.8762], [-73.9202, 49.8917], [-73.9107, 49.8953], [-73.9045, 49.9105], [-73.9095, 49.916], [-73.9091, 49.9214], [-73.8952, 49.9395], [-73.8986, 49.9473], [-73.8965, 49.9526], [-73.8884, 49.9596], [-73.8748, 49.9626], [-73.8686, 49.9682], [-73.8538, 50.0], [-73.1942, 50.0], [-73.1826, 49.9826], [-73.1813, 49.9862], [-73.177, 49.9852], [-73.1793, 49.9909], [-73.1701, 49.9871], [-73.1589, 49.9927], [-73.1549, 49.9865], [-73.1523, 49.9957], [-73.1571, 50.0], [-72.1521, 50.0], [-72.165, 50.0388], [-72.1624, 50.042], [-72.1652, 50.0447], [-72.1625, 50.0457], [-72.154, 50.0387], [-72.1417, 50.0], [-71.8667, 50.0], [-71.8706, 50.0045], [-71.8612, 50.0045], [-71.8559, 50.0144], [-71.8454, 50.0], [-71.2628, 50.0], [-71.2605, 49.9788], [-71.2629, 49.9766], [-71.2672, 49.9829], [-71.2682, 49.9766], [-71.2642, 49.9665], [-71.2676, 49.9575], [-71.2755, 49.9504], [-71.2902, 49.9499], [-71.2983, 49.9366], [-71.3016, 49.94], [-71.3098, 49.9313], [-71.3069, 49.9294], [-71.3076, 49.9253], [-71.3047, 49.9315], [-71.3013, 49.9306], [-71.3038, 49.9218], [-71.2836, 49.9383], [-71.2672, 49.9413], [-71.2664, 49.9358], [-71.2717, 49.9278], [-71.2607, 49.9291], [-71.2621, 49.9201], [-71.2673, 49.9149], [-71.2657, 49.9095], [-71.2545, 49.9113], [-71.2567, 49.904], [-71.2529, 49.9021], [-71.2427, 49.9125], [-71.2472, 49.9169], [-71.2466, 49.9206], [-71.2339, 49.9303], [-71.2275, 49.9517], [-71.2025, 49.9554], [-71.2009, 49.9572], [-71.2046, 49.962], [-71.2112, 49.9639], [-71.208, 49.9658], [-71.2071, 49.9729], [-71.1923, 49.9878], [-71.1847, 49.9908], [-71.1853, 49.9932], [-71.167, 49.9936], [-71.1744, 49.9946], [-71.1747, 50.0], [-70.8978, 50.0], [-70.898, 49.996], [-70.9032, 49.9945], [-70.8981, 49.9911], [-70.901, 49.9866], [-70.8966, 49.9827], [-70.9001, 49.9793], [-70.9031, 49.9498], [-70.9119, 49.9373], [-70.93, 49.8902], [-70.9281, 49.8785], [-70.935, 49.8753], [-70.9393, 49.8667], [-70.9417, 49.8522], [-70.939, 49.8421], [-70.9346, 49.8419], [-70.9149, 49.8589], [-70.9052, 49.858], [-70.8972, 49.8486], [-70.8902, 49.8517], [-70.8869, 49.8568], [-70.8878, 49.8631], [-70.878, 49.8658], [-70.8761, 49.8704], [-70.8783, 49.8741], [-70.8753, 49.8752], [-70.8706, 49.8901], [-70.8503, 49.896], [-70.8267, 49.8924], [-70.8302, 49.8888], [-70.8309, 49.859], [-70.7987, 49.8591], [-70.7968, 49.8495], [-70.794, 49.8591], [-70.7363, 49.8592], [-70.725, 49.8565], [-70.7193, 49.8594], [-70.7034, 49.8443], [-70.6778, 49.8407], [-70.6719, 49.8415], [-70.664, 49.8508], [-70.6681, 49.8548], [-70.6617, 49.8634], [-70.6663, 49.8709], [-70.6591, 49.8752], [-70.661, 49.8842], [-70.6584, 49.8855], [-70.6649, 49.8932], [-70.6592, 49.8985], [-70.6595, 49.9026], [-70.651, 49.9048], [-70.654, 49.9088], [-70.6641, 49.9149], [-70.6792, 49.9174], [-70.6826, 49.9272], [-70.6753, 49.9276], [-70.6779, 49.9342], [-70.6806, 49.9324], [-70.6852, 49.9356], [-70.7014, 49.9272], [-70.7337, 49.9372], [-70.7409, 49.9436], [-70.7492, 49.945], [-70.7523, 49.9416], [-70.7591, 49.9476], [-70.7708, 49.9261], [-70.7669, 49.9407], [-70.759, 49.9488], [-70.7629, 49.9617], [-70.7955, 49.9882], [-70.812, 49.9875], [-70.8105, 49.9918], [-70.8159, 50.0], [-70.0, 50.0], [-70.0, 49.7142], [-70.0028, 49.7146], [-69.9999, 49.7136], [-69.9987, 49.6874], [-70.0038, 49.6847], [-70.0, 49.6781], [-70.0043, 49.6793], [-70.0049, 49.6846], [-70.0076, 49.6852], [-70.0074, 49.6755], [-70.0, 49.6734], [-70.0, 49.6681], [-70.0033, 49.6725], [-70.0048, 49.6703], [-70.0011, 49.6674], [-70.0064, 49.6684], [-70.0023, 49.6668], [-70.0061, 49.6603], [-70.0, 49.6601], [-70.0, 49.6496], [-70.0036, 49.6393], [-70.0114, 49.6315], [-70.0089, 49.6304], [-70.0097, 49.6256], [-70.0, 49.6272], [-70.0, 49.585], [-69.9918, 49.586], [-70.0, 49.5836], [-70.0, 49.5365], [-69.9967, 49.5355], [-70.0, 49.5362], [-70.0, 49.4825], [-69.9922, 49.4802], [-70.0, 49.4798], [-70.0, 49.4715], [-70.0029, 49.4712], [-70.0, 49.4675], [-70.0045, 49.4679], [-70.0, 49.4646], [-70.0, 49.3117], [-70.0039, 49.3116], [-70.0, 49.3106], [-70.0034, 49.3104], [-70.0, 49.3077], [-70.0, 49.2444], [-69.9967, 49.2435], [-70.0, 49.2422], [-70.0, 49.2351], [-70.0139, 49.2341], [-70.0246, 49.2372], [-70.024, 49.2338], [-70.0171, 49.2323], [-70.024, 49.2313], [-70.0613, 49.2312], [-70.067, 49.2329], [-70.0632, 49.2367], [-70.0698, 49.2398], [-70.0869, 49.2386], [-70.0711, 49.2375], [-70.0653, 49.2308], [-70.0707, 49.231], [-70.0681, 49.2275], [-70.0644, 49.2307], [-70.0609, 49.228], [-70.0494, 49.2293], [-70.0492, 49.226], [-70.0221, 49.2272], [-70.0249, 49.2237], [-70.0, 49.2275], [-70.0, 49.2174], [-70.0116, 49.2223], [-70.0064, 49.2161], [-70.0166, 49.2159], [-70.0, 49.2118], [-70.0, 49.1934], [-69.994, 49.1943], [-69.9953, 49.2], [-69.9904, 49.1947], [-69.975, 49.196], [-70.0, 49.1883], [-70.0, 49.18], [-69.9949, 49.1794], [-70.0, 49.1767], [-70.0, 49.1619], [-70.0084, 49.1662], [-70.0022, 49.1708], [-70.0218, 49.1657], [-70.0, 49.1605], [-70.0022, 49.1561], [-70.0129, 49.1581], [-70.016, 49.1565], [-70.0119, 49.1562], [-70.0176, 49.1555], [-70.0077, 49.1512], [-70.0074, 49.1484], [-70.003, 49.1504], [-70.0, 49.1459], [-70.0052, 49.1422], [-70.0039, 49.1391], [-70.0, 49.1442], [-70.0, 49.132], [-70.0061, 49.1331], [-70.0042, 49.1299], [-70.0071, 49.1285], [-70.0, 49.1258], [-70.0, 49.0462], [-70.009, 49.044], [-70.0, 49.0455], [-70.0, 48.9007], [-69.9987, 48.9034], [-69.9948, 48.9007], [-70.0, 48.897], [-70.0, 48.844], [-70.009, 48.8568], [-70.0963, 48.8922], [-70.1076, 48.8792], [-70.0268, 48.8462], [-70.009, 48.8214], [-70.0091, 48.7603], [-70.0169, 48.7636], [-70.0091, 48.7571], [-70.0092, 48.7301], [-70.0319, 48.7301], [-70.0315, 48.7095], [-70.0187, 48.6959], [-70.0185, 48.6865], [-70.0775, 48.6975], [-70.086, 48.6833], [-70.0862, 48.6754], [-70.0784, 48.6609], [-70.0741, 48.6584], [-70.0816, 48.6528], [-70.0757, 48.6312], [-70.045, 48.6128], [-70.0465, 48.5988], [-70.0226, 48.5858], [-70.0144, 48.5868], [-70.0095, 48.5767], [-70.0, 48.5779], [-70.0, 48.4838], [-69.9883, 48.4803], [-69.9731, 48.485], [-69.9544, 48.4805], [-69.9488, 48.4696], [-69.9384, 48.4676], [-69.9295, 48.4582], [-69.9171, 48.4526], [-69.9165, 48.4451], [-69.9216, 48.4424], [-69.9206, 48.437], [-69.9127, 48.432], [-69.9032, 48.4337], [-69.8906, 48.4288], [-69.8911, 48.4246], [-69.896, 48.4219], [-69.8892, 48.418], [-69.892, 48.4128], [-69.8443, 48.3939], [-69.8342, 48.3751], [-69.8283, 48.3739], [-69.8288, 48.3707], [-69.8198, 48.3652], [-69.8214, 48.3518], [-69.8135, 48.3448], [-69.8533, 48.3317], [-69.8573, 48.3263], [-69.8455, 48.3169], [-69.8514, 48.314], [-69.8475, 48.3059], [-69.8588, 48.3036], [-69.868, 48.2941], [-69.8613, 48.2913], [-69.8571, 48.2832], [-69.8593, 48.2662], [-69.8691, 48.2646], [-69.8693, 48.2606], [-69.8743, 48.2602], [-69.8767, 48.2646], [-69.9074, 48.2667], [-69.9114, 48.2722], [-69.9224, 48.2741], [-69.9435, 48.269], [-69.9398, 48.2648], [-69.9579, 48.2651], [-69.9834, 48.2555], [-69.9928, 48.2575], [-69.9969, 48.2622], [-70.0148, 48.2618], [-70.0591, 48.2711], [-70.0491, 48.2657], [-70.1148, 48.2604], [-70.1287, 48.2669], [-70.1465, 48.2681], [-70.1566, 48.2781], [-70.171, 48.2835], [-70.1832, 48.281], [-70.2048, 48.2889], [-70.215, 48.2988], [-70.2286, 48.3061], [-70.259, 48.3114], [-70.2607, 48.3168], [-70.2746, 48.3201], [-70.2761, 48.3267], [-70.2812, 48.3293], [-70.2882, 48.3277], [-70.2967, 48.3336], [-70.3094, 48.336], [-70.3206, 48.3414], [-70.3223, 48.3464], [-70.3891, 48.3728], [-70.4348, 48.3632], [-70.4707, 48.3705], [-70.4843, 48.3693], [-70.4936, 48.374], [-70.5123, 48.375], [-70.5278, 48.3799], [-70.5351, 48.3744], [-70.5495, 48.3825], [-70.5695, 48.387], [-70.5709, 48.3904], [-70.5784, 48.3834], [-70.587, 48.3824], [-70.5891, 48.3865], [-70.5991, 48.3807], [-70.6056, 48.3828], [-70.6114, 48.3787], [-70.6487, 48.3894], [-70.6752, 48.3778], [-70.7058, 48.3756], [-70.7135, 48.3843], [-70.7142, 48.3932], [-70.7203, 48.3964], [-70.7262, 48.4099], [-70.7403, 48.4266], [-70.7577, 48.4282], [-70.7682, 48.4337], [-70.7863, 48.4336], [-70.8014, 48.4301], [-70.8114, 48.4209], [-70.8221, 48.4237], [-70.831, 48.4188], [-70.8356, 48.4223], [-70.8315, 48.4273], [-70.8362, 48.4298], [-70.8494, 48.4297], [-70.8853, 48.4458], [-70.9041, 48.4428], [-70.9208, 48.4518], [-70.9165, 48.4533], [-70.9205, 48.4556], [-70.9294, 48.4538], [-70.9207, 48.448], [-70.9217, 48.4461], [-70.9502, 48.4558], [-70.9846, 48.4615], [-71.0128, 48.4546], [-71.0383, 48.4344], [-71.0618, 48.4364], [-71.0693, 48.4345], [-71.0713, 48.4301], [-71.0338, 48.4306], [-71.0291, 48.4188], [-71.0323, 48.4163], [-71.0319, 48.412], [-71.0287, 48.4188], [-71.0318, 48.4319], [-71.0029, 48.4469], [-70.9926, 48.448], [-70.9581, 48.4333], [-70.9534, 48.4364], [-70.9494, 48.4282], [-70.9222, 48.4244], [-70.8987, 48.4157], [-70.8857, 48.4174], [-70.874, 48.4119], [-70.8555, 48.4116], [-70.8277, 48.3993], [-70.8033, 48.4004], [-70.7917, 48.4046], [-70.755, 48.3954], [-70.7494, 48.3835], [-70.7528, 48.381], [-70.7526, 48.3762], [-70.7613, 48.3743], [-70.7772, 48.3765], [-70.7886, 48.371], [-70.8025, 48.3585], [-70.8198, 48.3612], [-70.8352, 48.3572], [-70.8412, 48.3509], [-70.8545, 48.3501], [-70.8708, 48.3593], [-70.8691, 48.3549], [-70.8713, 48.3534], [-70.8798, 48.3566], [-70.8816, 48.3456], [-70.8782, 48.3449], [-70.8779, 48.3385], [-70.8739, 48.3392], [-70.8768, 48.3372], [-70.8728, 48.3392], [-70.874, 48.3351], [-70.8689, 48.3356], [-70.8741, 48.3349], [-70.8691, 48.3344], [-70.8737, 48.3335], [-70.8704, 48.3316], [-70.8732, 48.3323], [-70.8726, 48.3286], [-70.8607, 48.3188], [-70.8597, 48.321], [-70.8586, 48.317], [-70.8556, 48.3198], [-70.8571, 48.3177], [-70.8487, 48.3182], [-70.8277, 48.3303], [-70.7735, 48.3431], [-70.7667, 48.3509], [-70.7386, 48.3544], [-70.7194, 48.3492], [-70.685, 48.3479], [-70.6424, 48.3582], [-70.6049, 48.3512], [-70.5696, 48.3579], [-70.5669, 48.3532], [-70.5491, 48.3541], [-70.5365, 48.3472], [-70.5097, 48.3481], [-70.5029, 48.351], [-70.48, 48.347], [-70.4749, 48.349], [-70.4589, 48.3426], [-70.4492, 48.3446], [-70.4346, 48.3382], [-70.4199, 48.3435], [-70.3841, 48.3443], [-70.3608, 48.3396], [-70.3378, 48.3229], [-70.3221, 48.3238], [-70.3162, 48.3193], [-70.3222, 48.3105], [-70.333, 48.3049], [-70.3375, 48.2934], [-70.3319, 48.2993], [-70.3264, 48.297], [-70.3058, 48.3092], [-70.2943, 48.3107], [-70.2855, 48.308], [-70.2747, 48.2978], [-70.2445, 48.2867], [-70.2345, 48.2787], [-70.2257, 48.279], [-70.2172, 48.2743], [-70.2018, 48.272], [-70.2008, 48.2663], [-70.1931, 48.2667], [-70.1907, 48.2628], [-70.2064, 48.2533], [-70.2034, 48.2454], [-70.1984, 48.2435], [-70.2009, 48.2401], [-70.151, 48.2505], [-70.1325, 48.2402], [-70.1191, 48.2405], [-70.1032, 48.2364], [-70.1024, 48.239], [-70.0989, 48.23], [-70.1931, 48.0943], [-70.2149, 48.0941], [-70.2144, 48.0738], [-70.2268, 48.0504], [-70.2307, 48.0512], [-70.2281, 48.048], [-70.2335, 48.0493], [-70.2287, 48.0468], [-70.2376, 48.0304], [-70.3263, 48.0327], [-70.33, 48.0379], [-70.3446, 48.0407], [-70.3621, 48.0498], [-70.3625, 48.0542], [-70.4139, 48.0536], [-70.4188, 48.027], [-70.4319, 48.0162], [-70.4256, 47.9966], [-70.435, 47.9968], [-70.4334, 47.9936], [-70.4362, 47.9898], [-70.449, 47.9882], [-70.4516, 47.9779], [-70.4772, 47.9822], [-70.4875, 47.9931], [-70.5025, 47.9944], [-70.5313, 47.992], [-70.543, 47.9774], [-70.5553, 47.9736], [-70.5631, 47.974], [-70.5669, 47.9796], [-70.6343, 47.9964], [-70.6448, 47.9965], [-70.6543, 48.0047], [-70.6677, 48.0029], [-70.6785, 47.9966], [-71.0631, 47.9979], [-71.0628, 47.9894], [-71.0706, 47.9925], [-71.0731, 47.9979], [-71.1327, 47.9982], [-71.138, 48.0052], [-71.1384, 48.0169], [-71.1456, 48.0251], [-71.1417, 48.0269], [-71.1442, 48.0336], [-71.1294, 48.0335], [-71.1284, 48.0393], [-71.1232, 48.0433], [-71.1519, 48.0432], [-71.1684, 48.0369], [-71.1898, 48.089], [-71.1895, 48.1648], [-71.1827, 48.1648], [-71.1827, 48.1735], [-71.1895, 48.1735], [-71.1895, 48.1789], [-71.1841, 48.1789], [-71.1841, 48.1844], [-71.1895, 48.1844], [-71.1895, 48.2068], [-71.248, 48.2377], [-71.2449, 48.2474], [-71.2543, 48.247], [-71.2552, 48.2527], [-71.2654, 48.2399], [-71.2647, 48.2237], [-71.2613, 48.213], [-71.2502, 48.2028], [-71.2416, 48.1878], [-71.2432, 48.1832], [-71.5554, 48.2403], [-71.5616, 48.2364], [-71.5638, 48.2392], [-71.5602, 48.2411], [-71.661, 48.2595], [-71.6635, 48.2533], [-71.6648, 48.2589], [-71.67, 48.2613], [-71.7836, 48.282], [-71.8072, 48.2229], [-71.766, 48.2155], [-71.8132, 48.0985], [-71.8102, 47.9985], [-71.8537, 47.9962], [-71.9763, 47.9975], [-71.9803, 47.9997], [-71.9808, 47.9976], [-72.0041, 47.9973], [-72.1425, 47.9985], [-72.1422, 48.0031], [-72.15, 48.0042], [-72.1531, 48.0021], [-72.1499, 47.9985], [-72.2238, 47.9988], [-72.2241, 48.0041], [-72.226, 47.9988], [-72.2398, 48.0006], [-72.316, 47.997], [-72.3763, 47.998], [-72.3765, 48.0021], [-72.3781, 47.998], [-72.4637, 47.9985], [-72.4635, 47.9959], [-72.4659, 47.9985], [-72.5532, 47.9986], [-72.5548, 48.0037], [-72.556, 47.9986], [-72.7166, 47.9986], [-72.7111, 47.996], [-72.7071, 47.9846], [-72.7029, 47.9823], [-72.7049, 47.976], [-72.7022, 47.9728], [-72.708, 47.9646], [-72.7068, 47.9558], [-72.7275, 47.9509], [-72.7263, 47.9469], [-72.7229, 47.9473], [-72.7251, 47.9497], [-72.7204, 47.9472], [-72.7213, 47.9429], [-72.7292, 47.9366], [-72.7223, 47.9357], [-72.7189, 47.9259], [-72.7127, 47.925], [-72.715, 47.9177], [-72.7127, 47.9142], [-72.7087, 47.9144], [-72.7116, 47.9087], [-72.7077, 47.9079], [-72.7049, 47.9011], [-72.6961, 47.9021], [-72.6906, 47.8989], [-72.69, 47.8933], [-72.6855, 47.8935], [-72.6899, 47.8893], [-72.6975, 47.8923], [-72.6997, 47.8876], [-72.6907, 47.8819], [-72.6863, 47.8855], [-72.6884, 47.8884], [-72.6827, 47.8881], [-72.6797, 47.8827], [-72.6857, 47.8827], [-72.684, 47.8795], [-72.6918, 47.877], [-72.687, 47.8683], [-72.6915, 47.8656], [-72.6959, 47.8678], [-72.6921, 47.8641], [-72.6977, 47.8601], [-72.6939, 47.8533], [-72.6998, 47.8514], [-72.7071, 47.8432], [-72.7073, 47.8381], [-72.7138, 47.84], [-72.7089, 47.8358], [-72.7186, 47.8346], [-72.7218, 47.8312], [-72.7139, 47.8289], [-72.7259, 47.8254], [-72.7267, 47.8164], [-72.7164, 47.8171], [-72.7179, 47.8129], [-72.7253, 47.8137], [-72.7192, 47.8093], [-72.729, 47.8102], [-72.7265, 47.8014], [-72.7229, 47.8003], [-72.7278, 47.7976], [-72.7217, 47.796], [-72.7236, 47.7909], [-72.7308, 47.7927], [-72.7297, 47.789], [-72.73420697674419, 47.78449302325582], [-72.7345, 47.7878], [-72.7423, 47.7916], [-72.7391, 47.8032], [-72.746, 47.8147], [-72.7806, 47.8327], [-72.7946, 47.8465], [-72.7949, 47.8534], [-72.8352, 47.866], [-72.8686, 47.8694]], [[-70.3375, 48.296], [-70.3375, 48.2958], [-70.3374, 48.2963], [-70.3375, 48.296]], [[-70.7378, 48.4249], [-70.7378, 48.425], [-70.7382, 48.4247], [-70.7378, 48.4249]], [[-70.3373, 48.2959], [-70.3371, 48.2962], [-70.3374, 48.296], [-70.3373, 48.2959]]], [[[-69.768, 48.1461], [-69.7809, 48.152], [-69.7864, 48.1586], [-69.8005, 48.1527], [-69.8, 48.1496], [-69.8035, 48.1477], [-69.8212, 48.1539], [-69.8212, 48.162], [-69.7566, 48.1616], [-69.7566, 48.157], [-69.7285, 48.1572], [-69.7308, 48.1535], [-69.7186, 48.1481], [-69.7282, 48.1387], [-69.7372, 48.1423], [-69.7321, 48.148], [-69.7391, 48.1446], [-69.768, 48.1461]]], [[[-69.8752, 48.1575], [-69.868, 48.1595], [-69.8569, 48.154], [-69.8556, 48.1478], [-69.8441, 48.143], [-69.8253, 48.1437], [-69.8041, 48.1359], [-69.7863, 48.139], [-69.771, 48.1317], [-69.7611, 48.1332], [-69.733, 48.1279], [-69.7295, 48.1265], [-69.7326, 48.1152], [-69.7553, 48.1192], [-69.761, 48.1233], [-69.811, 48.1237], [-69.8867, 48.1436], [-69.8875, 48.1514], [-69.8906, 48.1524], [-69.8869, 48.1577], [-69.9042, 48.1631], [-69.8944, 48.1756], [-69.9007, 48.1893], [-69.9141, 48.1866], [-69.9181, 48.197], [-69.9094, 48.1987], [-69.8952, 48.1922], [-69.8892, 48.1946], [-69.8826, 48.1877], [-69.8873, 48.183], [-69.8826, 48.1749], [-69.8839, 48.1713], [-69.8745, 48.1661], [-69.8787, 48.1632], [-69.8781, 48.1598], [-69.8752, 48.1575]]], [[[-69.8758, 48.1608], [-69.8756, 48.16], [-69.8764, 48.1605], [-69.8758, 48.1608]]], [[[-69.8731, 48.1608], [-69.8732, 48.1604], [-69.8736, 48.1608], [-69.8731, 48.1608]]], [[[-69.97790103092784, 48.23389381443299], [-69.9772, 48.2296], [-69.9636, 48.2315], [-69.9465, 48.2273], [-69.9357, 48.2288], [-69.9166, 48.2212], [-69.9111, 48.2244], [-69.8945, 48.2162], [-69.9064, 48.213], [-69.9282, 48.2213], [-69.9786, 48.2297], [-69.97790103092784, 48.23389381443299]]], [[[-70.0938, 48.2411], [-70.0739, 48.2421], [-70.0676, 48.2459], [-70.0543, 48.2442], [-70.047, 48.2472], [-70.0449, 48.2424], [-70.0337, 48.2461], [-70.0265, 48.2413], [-70.017, 48.2408], [-70.019, 48.2391], [-70.0168, 48.2369], [-70.0, 48.2418], [-69.9935, 48.2387], [-69.9788, 48.2394], [-69.9779621749409, 48.234268321513], [-69.9806, 48.2305], [-69.9882, 48.236], [-70.0209, 48.2359], [-70.0315, 48.2402], [-70.0458, 48.2365], [-70.068, 48.2241], [-70.0754, 48.2164], [-70.097, 48.2322], [-70.0938, 48.2411]]], [[[-69.97790103092784, 48.23389381443299], [-69.9779621749409, 48.234268321513], [-69.9778, 48.2345], [-69.97790103092784, 48.23389381443299]]], [[[-69.9482, 48.2384], [-69.9424, 48.2482], [-69.9315, 48.2456], [-69.93, 48.2483], [-69.8847, 48.2387], [-69.8881, 48.2323], [-69.9131, 48.2396], [-69.9482, 48.2384]]], [[[-70.025, 48.2468], [-70.0236, 48.2512], [-70.0156, 48.2503], [-70.0122, 48.2466], [-70.0151, 48.2442], [-70.025, 48.2468]]], [[[-69.9224, 48.2619], [-69.93, 48.2483], [-69.9456, 48.2522], [-69.9395, 48.2628], [-69.9355, 48.2618], [-69.9338, 48.2647], [-69.9224, 48.2619]]], [[[-70.0458, 48.2646], [-70.0415, 48.2631], [-70.0442, 48.262], [-70.0458, 48.2646]]]]}}, {"type": "Feature", "properties": {"id": "qc-zone-18", "wmu_id": "29", "name": "Zone 29", "province": "QC", "source": "Qu\u00e9bec \u2014 Zones de chasse et p\u00eache (GAGQ)", "zone_kind": "zone_de_chasse"}, "geometry": {"type": "MultiPolygon", "coordinates": [[[[-69.98333171070932, 50.017289847009735], [-69.9771, 50.017], [-69.9833, 50.0172], [-69.98333171070932, 50.017289847009735]]], [[[-69.9908, 51.1885], [-69.99870259114883, 51.19081923870672], [-69.9985, 51.1914], [-69.9908, 51.1885]]], [[[-70.8159, 50.0], [-70.8105, 49.9918], [-70.812, 49.9875], [-70.7955, 49.9882], [-70.7629, 49.9617], [-70.759, 49.9488], [-70.7669, 49.9407], [-70.7708, 49.9261], [-70.7591, 49.9476], [-70.7523, 49.9416], [-70.7492, 49.945], [-70.7409, 49.9436], [-70.7337, 49.9372], [-70.7014, 49.9272], [-70.6852, 49.9356], [-70.6806, 49.9324], [-70.6779, 49.9342], [-70.6753, 49.9276], [-70.6826, 49.9272], [-70.6792, 49.9174], [-70.6641, 49.9149], [-70.654, 49.9088], [-70.651, 49.9048], [-70.6595, 49.9026], [-70.6592, 49.8985], [-70.6649, 49.8932], [-70.6584, 49.8855], [-70.661, 49.8842], [-70.6591, 49.8752], [-70.6663, 49.8709], [-70.6617, 49.8634], [-70.6681, 49.8548], [-70.664, 49.8508], [-70.6719, 49.8415], [-70.6778, 49.8407], [-70.7034, 49.8443], [-70.7193, 49.8594], [-70.725, 49.8565], [-70.7363, 49.8592], [-70.794, 49.8591], [-70.7968, 49.8495], [-70.7987, 49.8591], [-70.8309, 49.859], [-70.8302, 49.8888], [-70.8267, 49.8924], [-70.8503, 49.896], [-70.8706, 49.8901], [-70.8753, 49.8752], [-70.8783, 49.8741], [-70.8761, 49.8704], [-70.878, 49.8658], [-70.8878, 49.8631], [-70.8869, 49.8568], [-70.8902, 49.8517], [-70.8972, 49.8486], [-70.9052, 49.858], [-70.9149, 49.8589], [-70.9346, 49.8419], [-70.939, 49.8421], [-70.9417, 49.8522], [-70.9393, 49.8667], [-70.935, 49.8753], [-70.9281, 49.8785], [-70.93, 49.8902], [-70.9119, 49.9373], [-70.9031, 49.9498], [-70.9001, 49.9793], [-70.8966, 49.9827], [-70.901, 49.9866], [-70.8981, 49.9911], [-70.9032, 49.9945], [-70.898, 49.996], [-70.8978, 50.0], [-71.1747, 50.0], [-71.1744, 49.9946], [-71.167, 49.9936], [-71.1853, 49.9932], [-71.1847, 49.9908], [-71.1923, 49.9878], [-71.2071, 49.9729], [-71.208, 49.9658], [-71.2112, 49.9639], [-71.2046, 49.962], [-71.2009, 49.9572], [-71.2025, 49.9554], [-71.2275, 49.9517], [-71.2339, 49.9303], [-71.2466, 49.9206], [-71.2472, 49.9169], [-71.2427, 49.9125], [-71.2529, 49.9021], [-71.2567, 49.904], [-71.2545, 49.9113], [-71.2657, 49.9095], [-71.2673, 49.9149], [-71.2621, 49.9201], [-71.2607, 49.9291], [-71.2717, 49.9278], [-71.2664, 49.9358], [-71.2672, 49.9413], [-71.2836, 49.9383], [-71.3038, 49.9218], [-71.3013, 49.9306], [-71.3047, 49.9315], [-71.3076, 49.9253], [-71.3069, 49.9294], [-71.3098, 49.9313], [-71.3016, 49.94], [-71.2983, 49.9366], [-71.2902, 49.9499], [-71.2755, 49.9504], [-71.2676, 49.9575], [-71.2642, 49.9665], [-71.2682, 49.9766], [-71.2672, 49.9829], [-71.2629, 49.9766], [-71.2605, 49.9788], [-71.2628, 50.0], [-71.8454, 50.0], [-71.8559, 50.0144], [-71.8612, 50.0045], [-71.8706, 50.0045], [-71.8667, 50.0], [-72.1417, 50.0], [-72.154, 50.0387], [-72.1625, 50.0457], [-72.1652, 50.0447], [-72.1624, 50.042], [-72.165, 50.0388], [-72.1521, 50.0], [-73.1571, 50.0], [-73.1523, 49.9957], [-73.1549, 49.9865], [-73.1589, 49.9927], [-73.1701, 49.9871], [-73.1793, 49.9909], [-73.177, 49.9852], [-73.1813, 49.9862], [-73.1826, 49.9826], [-73.1942, 50.0], [-73.8538, 50.0], [-73.8538, 50.0127], [-73.8462, 50.0212], [-73.833, 50.0224], [-73.8024, 50.0328], [-73.8025, 50.0411], [-73.7874, 50.0569], [-73.7862, 50.0672], [-73.7786, 50.0811], [-73.7792, 50.0876], [-73.7884, 50.0947], [-73.7899, 50.1007], [-73.7844, 50.1089], [-73.7765, 50.1131], [-73.7774, 50.1173], [-73.7739, 50.1204], [-73.7819, 50.1311], [-73.7817, 50.1353], [-73.7798, 50.145], [-73.771, 50.1563], [-73.7734, 50.1643], [-73.7836, 50.1716], [-73.7789, 50.1816], [-73.7831, 50.1902], [-73.7664, 50.2195], [-73.7591, 50.2216], [-73.7555, 50.2274], [-73.744, 50.2334], [-73.7385, 50.2306], [-73.7383, 50.222], [-73.733, 50.2196], [-73.7053, 50.2123], [-73.6841, 50.2127], [-73.6697, 50.233], [-73.673, 50.24], [-73.6699, 50.2499], [-73.6556, 50.2568], [-73.6279, 50.2955], [-73.6204, 50.3144], [-73.6094, 50.3291], [-73.6127, 50.3392], [-73.596, 50.3505], [-73.5975, 50.3535], [-73.6061, 50.3523], [-73.6108, 50.3557], [-73.6118, 50.3655], [-73.6092, 50.3696], [-73.6114, 50.3752], [-73.6087, 50.3891], [-73.5918, 50.4063], [-73.5761, 50.4044], [-73.5767, 50.3902], [-73.5841, 50.3706], [-73.5799, 50.3676], [-73.5518, 50.3644], [-73.5413, 50.3674], [-73.5313, 50.3779], [-73.5035, 50.3841], [-73.4971, 50.3871], [-73.4937, 50.3939], [-73.4827, 50.3958], [-73.4763, 50.3849], [-73.4756, 50.3729], [-73.4602, 50.3716], [-73.4537, 50.3908], [-73.4587, 50.4075], [-73.4498, 50.4237], [-73.4327, 50.4426], [-73.4057, 50.4601], [-73.3925, 50.4845], [-73.3896, 50.5073], [-73.3732, 50.5207], [-73.372, 50.5254], [-73.3596, 50.5277], [-73.3526, 50.5349], [-73.3484, 50.5645], [-73.3344, 50.5798], [-73.3199, 50.5779], [-73.31, 50.5851], [-73.3015, 50.601], [-73.3082, 50.6096], [-73.2984, 50.6171], [-73.2945, 50.6305], [-73.2761, 50.6418], [-73.2747, 50.6488], [-73.2511, 50.6853], [-73.2351, 50.6884], [-73.2185, 50.7105], [-73.2047, 50.7049], [-73.1857, 50.7025], [-73.1689, 50.733], [-73.1542, 50.7458], [-73.1085, 50.7497], [-73.1081, 50.7421], [-73.0893, 50.7371], [-73.0814, 50.7309], [-73.0934, 50.7127], [-73.0862, 50.6934], [-73.0789, 50.6884], [-73.0518, 50.6918], [-73.0424, 50.69], [-73.0363, 50.685], [-73.0357, 50.6807], [-73.0498, 50.6648], [-73.0515, 50.6554], [-73.0274, 50.6531], [-73.0233, 50.6554], [-73.022, 50.6664], [-73.0182, 50.6705], [-72.9895, 50.6752], [-72.9836, 50.688], [-72.9573, 50.7045], [-72.9342, 50.7344], [-72.937, 50.7559], [-72.9343, 50.7632], [-72.9159, 50.7644], [-72.8966, 50.7724], [-72.8871, 50.7876], [-72.878, 50.7928], [-72.8741, 50.806], [-72.8634, 50.8041], [-72.8559, 50.8118], [-72.8373, 50.8107], [-72.8081, 50.8177], [-72.7912, 50.8174], [-72.78, 50.8242], [-72.7538, 50.8196], [-72.7524, 50.8124], [-72.7451, 50.8028], [-72.7258, 50.7933], [-72.7293, 50.7865], [-72.7249, 50.7782], [-72.7254, 50.7641], [-72.7173, 50.7647], [-72.7091, 50.777], [-72.6963, 50.7769], [-72.6831, 50.7672], [-72.6839, 50.7534], [-72.6872, 50.7495], [-72.6664, 50.7431], [-72.6565, 50.7531], [-72.6442, 50.7578], [-72.6348, 50.773], [-72.6237, 50.7781], [-72.6177, 50.7913], [-72.609, 50.7992], [-72.6024, 50.8147], [-72.6011, 50.8315], [-72.6035, 50.8336], [-72.5883, 50.8439], [-72.5694, 50.8697], [-72.5556, 50.8779], [-72.5505, 50.8642], [-72.55, 50.852], [-72.5669, 50.8273], [-72.5652, 50.8196], [-72.5554, 50.8088], [-72.551, 50.7966], [-72.5579, 50.7844], [-72.5582, 50.772], [-72.5693, 50.7486], [-72.5553, 50.7508], [-72.5417, 50.7575], [-72.5338, 50.7549], [-72.5339, 50.7469], [-72.5259, 50.7435], [-72.5099, 50.7473], [-72.4814, 50.7472], [-72.476, 50.7658], [-72.4663, 50.7752], [-72.4617, 50.7853], [-72.458, 50.7871], [-72.441, 50.7803], [-72.4331, 50.7809], [-72.418, 50.8038], [-72.3996, 50.811], [-72.3943, 50.8161], [-72.3735, 50.8572], [-72.3864, 50.8648], [-72.3807, 50.8836], [-72.3706, 50.8886], [-72.3363, 50.8835], [-72.3318, 50.8917], [-72.3018, 50.9153], [-72.3019, 50.9222], [-72.2945, 50.9315], [-72.2973, 50.942], [-72.2935, 50.9512], [-72.2825, 50.9513], [-72.2778, 50.9456], [-72.2671, 50.9494], [-72.2584, 50.9714], [-72.246, 50.9764], [-72.2463, 50.9907], [-72.243, 51.0], [-72.228, 51.0077], [-72.2217, 51.0241], [-72.2118, 51.0277], [-72.189, 51.0275], [-72.1843, 51.025], [-72.1894, 51.0178], [-72.1883, 51.0038], [-72.1924, 51.0], [-72.1943, 50.9908], [-72.1851, 50.9826], [-72.1617, 50.9781], [-72.1583, 50.9836], [-72.1606, 50.9867], [-72.1587, 50.9953], [-72.1526, 51.0057], [-72.1559, 51.0095], [-72.1523, 51.029], [-72.1435, 51.0476], [-72.1367, 51.0545], [-72.1435, 51.0682], [-72.1309, 51.0721], [-72.1256, 51.0787], [-72.1192, 51.094], [-72.1194, 51.1044], [-72.1048, 51.1078], [-72.1049, 51.1262], [-72.0932, 51.1253], [-72.0871, 51.1323], [-72.0737, 51.1369], [-72.0656, 51.1506], [-72.0184, 51.1366], [-72.0171, 51.1406], [-72.0243, 51.148], [-72.0214, 51.1523], [-72.0218, 51.1648], [-72.0187, 51.168], [-72.0274, 51.1761], [-72.0175, 51.1778], [-72.0105, 51.1745], [-72.0, 51.1749], [-71.9852, 51.1691], [-71.9663, 51.1715], [-71.9727, 51.1758], [-71.9739, 51.1872], [-71.9708, 51.1914], [-71.9874, 51.1971], [-71.9779, 51.2122], [-71.9917, 51.232], [-71.9788, 51.2357], [-71.9816, 51.2443], [-71.9568, 51.2489], [-71.9637, 51.255], [-71.954, 51.2597], [-71.9412, 51.2586], [-71.9385, 51.2691], [-71.9243, 51.2779], [-71.9084, 51.2782], [-71.8862, 51.2708], [-71.8703, 51.2782], [-71.8691, 51.2813], [-71.8747, 51.2873], [-71.8744, 51.2958], [-71.8819, 51.3052], [-71.8641, 51.3242], [-71.8727, 51.3288], [-71.8759, 51.3354], [-71.8598, 51.3495], [-71.8365, 51.3563], [-71.8343, 51.3665], [-71.8296, 51.3716], [-71.8219, 51.3738], [-71.8161, 51.3715], [-71.8158, 51.3589], [-71.8093, 51.3522], [-71.7947, 51.3533], [-71.788, 51.3609], [-71.7726, 51.3663], [-71.7642, 51.3612], [-71.7629, 51.3483], [-71.7562, 51.3448], [-71.7416, 51.3529], [-71.7379, 51.3603], [-71.7246, 51.3615], [-71.7208, 51.3698], [-71.7075, 51.3805], [-71.7015, 51.4123], [-71.6942, 51.4178], [-71.6898, 51.4372], [-71.6749, 51.4599], [-71.6629, 51.4719], [-71.6455, 51.476], [-71.6342, 51.4968], [-71.6245, 51.5032], [-71.5826, 51.5057], [-71.5835, 51.5107], [-71.5733, 51.5216], [-71.5709, 51.5308], [-71.5732, 51.5378], [-71.5835, 51.5417], [-71.5887, 51.5528], [-71.5829, 51.5597], [-71.5806, 51.5669], [-71.5836, 51.5707], [-71.5826, 51.5756], [-71.5768, 51.5868], [-71.594, 51.5916], [-71.6137, 51.6066], [-71.6171, 51.6171], [-71.5952, 51.6372], [-71.5976, 51.6453], [-71.5947, 51.6479], [-71.6021, 51.6584], [-71.605, 51.672], [-71.5967, 51.6847], [-71.6005, 51.6899], [-71.6097, 51.6938], [-71.6105, 51.6991], [-71.5925, 51.7161], [-71.5764, 51.7448], [-71.5761, 51.7488], [-71.5842, 51.7589], [-71.5831, 51.7623], [-71.5695, 51.7759], [-71.569, 51.781], [-71.5499, 51.7897], [-71.5589, 51.7963], [-71.5782, 51.8014], [-71.5761, 51.8055], [-71.565, 51.8162], [-71.5521, 51.82], [-71.5501, 51.8283], [-71.5394, 51.8298], [-71.5295, 51.8356], [-71.5096, 51.8392], [-71.4708, 51.8332], [-71.4354, 51.843], [-71.4016, 51.8397], [-71.3974, 51.8446], [-71.3791, 51.8436], [-71.3763, 51.846], [-71.3758, 51.8575], [-71.3585, 51.877], [-71.359, 51.8928], [-71.3535, 51.9008], [-71.3517, 51.9109], [-71.3308, 51.9172], [-71.3207, 51.9235], [-71.3103, 51.9524], [-71.3127, 51.9672], [-71.3012, 51.9714], [-71.2898, 51.9835], [-71.2716, 51.9953], [-71.2679, 52.0036], [-71.2422, 52.0133], [-71.215, 52.0363], [-71.2197, 52.0391], [-71.2394, 52.0357], [-71.2696, 52.0376], [-71.2709, 52.0405], [-71.2658, 52.0507], [-71.2425, 52.0779], [-71.2318, 52.0777], [-71.2157, 52.084], [-71.1851, 52.1224], [-71.1663, 52.1259], [-71.1559, 52.1324], [-71.1508, 52.1433], [-71.1556, 52.1502], [-71.1418, 52.169], [-71.0974, 52.1862], [-71.0966, 52.1967], [-71.0823, 52.2132], [-71.0351, 52.2123], [-71.0226, 52.22], [-71.0031, 52.2209], [-70.9734, 52.2294], [-70.9563, 52.2393], [-70.9227, 52.2442], [-70.8839, 52.2784], [-70.868, 52.272], [-70.8325, 52.2759], [-70.8056, 52.2714], [-70.8086, 52.2642], [-70.8251, 52.2594], [-70.8261, 52.2481], [-70.8007, 52.2349], [-70.7935, 52.2365], [-70.7828, 52.2448], [-70.7558, 52.2481], [-70.7356, 52.2559], [-70.7183, 52.267], [-70.7108, 52.2757], [-70.7034, 52.2767], [-70.7013, 52.281], [-70.6466, 52.2849], [-70.6344, 52.29], [-70.6134, 52.2928], [-70.5614, 52.3164], [-70.551, 52.3093], [-70.535, 52.3043], [-70.5254, 52.3035], [-70.5149, 52.3085], [-70.5015, 52.3095], [-70.4896, 52.3033], [-70.4827, 52.304], [-70.4647, 52.3095], [-70.4525, 52.3197], [-70.4318, 52.3275], [-70.3964, 52.3318], [-70.3804, 52.3383], [-70.3393, 52.3388], [-70.2797, 52.3534], [-70.2621, 52.3689], [-70.2628, 52.3789], [-70.2674, 52.3876], [-70.2385, 52.4079], [-70.2346, 52.4147], [-70.2375, 52.4167], [-70.2801, 52.4141], [-70.2901, 52.4191], [-70.2774, 52.4267], [-70.256, 52.4552], [-70.2297, 52.4643], [-70.2094, 52.4963], [-70.19, 52.5116], [-70.1814, 52.5382], [-70.2026, 52.5409], [-70.203, 52.5486], [-70.2068, 52.5534], [-70.234, 52.5561], [-70.2373, 52.5584], [-70.237, 52.5681], [-70.2261, 52.5787], [-70.2023, 52.5892], [-70.1993, 52.5957], [-70.1914, 52.6016], [-70.173, 52.6025], [-70.1687, 52.6063], [-70.1759, 52.6204], [-70.218, 52.6306], [-70.2227, 52.6346], [-70.226, 52.6491], [-70.2208, 52.6565], [-70.21, 52.6586], [-70.2057, 52.6504], [-70.1971, 52.6496], [-70.1875, 52.6563], [-70.1802, 52.6664], [-70.1817, 52.6711], [-70.2025, 52.6884], [-70.201, 52.7025], [-70.2186, 52.7052], [-70.2193, 52.7088], [-70.1913, 52.7257], [-70.1726, 52.7232], [-70.1469, 52.7407], [-70.1422, 52.7501], [-70.1567, 52.7639], [-70.1543, 52.7785], [-70.138, 52.7872], [-70.1308, 52.7963], [-70.12, 52.8003], [-70.1176, 52.8032], [-70.1259, 52.8082], [-70.1258, 52.8111], [-70.0904, 52.829], [-70.0591, 52.8258], [-70.0543, 52.8266], [-70.0525, 52.8312], [-70.0278, 52.8333], [-70.0259, 52.8374], [-70.0362, 52.8491], [-70.0141, 52.8559], [-70.0, 52.8701], [-70.0, 52.8148], [-69.986, 52.8199], [-70.0, 52.8131], [-70.0, 52.792], [-70.002, 52.7945], [-70.009, 52.7935], [-70.0, 52.7898], [-70.0, 52.7716], [-69.9959, 52.7717], [-70.0, 52.7703], [-70.0, 52.7587], [-69.9953, 52.7532], [-70.0, 52.7529], [-70.0, 52.7434], [-70.001, 52.7458], [-70.0053, 52.7444], [-70.0036, 52.7484], [-70.0074, 52.7438], [-70.0003, 52.7431], [-70.0, 52.7379], [-69.9963, 52.7382], [-69.9993, 52.7372], [-69.9932, 52.7331], [-70.0, 52.7358], [-70.0, 52.7311], [-69.9962, 52.7293], [-70.0, 52.7297], [-70.0, 52.723], [-70.0085, 52.7237], [-69.9965, 52.7185], [-70.0, 52.7169], [-69.9971, 52.7115], [-70.0, 52.7113], [-69.9979, 52.7055], [-70.0, 52.7062], [-70.0, 52.6972], [-70.0042, 52.6969], [-70.0, 52.6928], [-69.9885, 52.6912], [-70.0, 52.6921], [-70.0, 52.6884], [-69.9933, 52.6887], [-70.0, 52.6867], [-70.0009, 52.4909], [-70.0, 52.4781], [-69.9973, 52.4766], [-70.0, 52.4746], [-70.0, 52.4489], [-69.9971, 52.4501], [-70.0, 52.4427], [-69.9922, 52.4353], [-69.9861, 52.4392], [-69.9874, 52.4342], [-69.9903, 52.4339], [-69.9867, 52.4304], [-69.9924, 52.4239], [-69.9915, 52.4207], [-69.9986, 52.4182], [-70.0, 52.421], [-70.0, 52.4161], [-69.9963, 52.4162], [-69.9968, 52.409], [-69.9926, 52.4054], [-69.9979, 52.4058], [-69.9953, 52.4027], [-69.998, 52.4026], [-70.0, 52.4064], [-69.9986, 52.4021], [-70.0018, 52.3943], [-70.0, 52.3891], [-69.9971, 52.3901], [-70.0, 52.3854], [-70.0019, 52.1879], [-69.9984, 52.065], [-70.0, 52.0293], [-69.9965, 52.0303], [-70.0, 52.0278], [-70.0015, 52.0108], [-70.0, 51.9906], [-69.9934, 51.9897], [-70.0, 51.99], [-70.0, 51.9578], [-69.9959, 51.958], [-70.0, 51.9558], [-70.0, 51.7535], [-69.9967, 51.7482], [-70.0, 51.7486], [-70.0, 51.735], [-69.9918, 51.7342], [-69.9931, 51.7287], [-69.9869, 51.7293], [-69.9871, 51.7166], [-69.9823, 51.7154], [-69.9896, 51.7119], [-69.9999, 51.7174], [-70.0, 51.7037], [-69.9962, 51.7052], [-69.997, 51.6862], [-69.9942, 51.6809], [-70.0, 51.6789], [-69.9973, 51.6761], [-70.0, 51.6681], [-69.9949, 51.6709], [-69.9931, 51.6761], [-69.9877, 51.6701], [-69.9849, 51.6758], [-69.9779, 51.6756], [-69.9831, 51.6655], [-69.99, 51.6699], [-70.0, 51.666], [-69.9992, 51.6614], [-69.9938, 51.6633], [-70.0, 51.6595], [-70.0, 51.6464], [-69.9982, 51.6557], [-69.9865, 51.6574], [-69.9875, 51.6544], [-69.9823, 51.6545], [-69.9667, 51.6439], [-69.9761, 51.6427], [-69.9856, 51.6348], [-69.9911, 51.6363], [-69.985, 51.6259], [-69.9879, 51.6238], [-69.9944, 51.6354], [-69.9922, 51.639], [-69.9947, 51.6397], [-69.9962, 51.6294], [-69.9992, 51.6292], [-69.9957, 51.6397], [-70.0, 51.643], [-69.9993, 51.622], [-69.9969, 51.6195], [-70.0, 51.6194], [-70.0, 51.6124], [-69.9964, 51.6121], [-69.9953, 51.6186], [-69.9942, 51.6154], [-69.9884, 51.6144], [-69.9906, 51.6088], [-69.981, 51.6077], [-69.9753, 51.6135], [-69.9713, 51.6119], [-69.9706, 51.6012], [-69.9788, 51.6027], [-69.9821, 51.5956], [-69.9842, 51.5986], [-69.9905, 51.5974], [-69.9867, 51.5933], [-69.988, 51.59], [-69.9811, 51.5844], [-69.9785, 51.5925], [-69.9788, 51.5814], [-69.9695, 51.5782], [-69.9702, 51.5724], [-69.9571, 51.5684], [-69.9543, 51.5641], [-69.9672, 51.5693], [-69.9698, 51.5668], [-69.9772, 51.5713], [-69.9773, 51.5755], [-69.981, 51.574], [-69.9827, 51.5804], [-69.9833, 51.573], [-69.9867, 51.5709], [-69.9818, 51.5716], [-69.9746, 51.5663], [-69.9778, 51.5635], [-69.9792, 51.5677], [-69.988, 51.5648], [-69.9875, 51.5719], [-69.9927, 51.573], [-69.995, 51.5667], [-69.9993, 51.57], [-69.9949, 51.5775], [-70.0, 51.5775], [-70.0, 51.4998], [-69.9916, 51.4856], [-69.9927, 51.4819], [-70.0, 51.4939], [-70.0, 51.3458], [-69.9964, 51.345], [-69.999, 51.3436], [-69.9983, 51.339], [-69.9944, 51.3376], [-70.0, 51.336], [-70.0, 51.269], [-69.9972, 51.2675], [-70.0, 51.2687], [-70.0, 51.2562], [-69.9987, 51.2618], [-69.9952, 51.2593], [-70.0, 51.2557], [-70.0, 51.2247], [-69.9969, 51.2238], [-70.0, 51.2235], [-70.0, 51.1838], [-69.9969, 51.1829], [-70.0, 51.1788], [-69.9972, 51.1722], [-70.0, 51.1729], [-70.0, 51.0754], [-69.9979, 51.0732], [-70.0, 51.0721], [-70.0, 50.9541], [-69.996, 50.9535], [-70.0, 50.9534], [-70.0, 50.917], [-69.9957, 50.9199], [-69.9969, 50.9167], [-69.9943, 50.9175], [-70.0, 50.9086], [-70.0, 50.8775], [-70.0023, 50.8775], [-70.0008, 50.8804], [-70.006, 50.8809], [-70.0027, 50.8716], [-70.0104, 50.8659], [-70.009, 50.8622], [-70.0, 50.8671], [-70.0, 50.8402], [-69.995, 50.8397], [-70.0, 50.8378], [-70.0, 50.7914], [-69.9932, 50.7909], [-69.9888, 50.7868], [-69.9735, 50.7967], [-69.9794, 50.791], [-69.969, 50.7887], [-69.9505, 50.7963], [-69.9175, 50.7948], [-69.9005, 50.7834], [-69.9059, 50.7724], [-69.9111, 50.7712], [-69.9133, 50.7563], [-69.9595, 50.7565], [-69.9685, 50.7447], [-69.9605, 50.7456], [-69.9574, 50.7431], [-69.9706, 50.738], [-69.9703, 50.7417], [-69.9963, 50.7018], [-69.9616, 50.6736], [-69.9556, 50.6738], [-69.9639, 50.6577], [-69.9629, 50.6425], [-69.9611, 50.6396], [-69.9544, 50.6404], [-69.9575, 50.6359], [-69.951, 50.6375], [-69.9479, 50.6338], [-69.964, 50.6129], [-70.0, 50.5849], [-70.0, 50.3828], [-69.9948, 50.3858], [-70.0, 50.3757], [-69.9953, 50.3792], [-69.9924, 50.3774], [-69.9992, 50.3751], [-70.0, 50.3721], [-70.0, 50.3412], [-69.9961, 50.3418], [-70.0, 50.3399], [-70.0, 50.3334], [-69.9884, 50.3271], [-70.0, 50.3314], [-70.0, 50.2613], [-69.99, 50.2584], [-69.9883, 50.254], [-69.9934, 50.2352], [-69.9918, 50.2271], [-69.9876, 50.2255], [-69.9876, 50.2197], [-69.9912, 50.2117], [-69.9988, 50.2131], [-70.0151, 50.1981], [-70.0117, 50.195], [-70.0144, 50.1919], [-70.0057, 50.1928], [-69.9939, 50.1857], [-69.9924, 50.1733], [-69.9954, 50.167], [-69.9844, 50.1605], [-69.9909, 50.1578], [-70.0081, 50.1668], [-70.0195, 50.1657], [-70.0125, 50.1581], [-70.0174, 50.1533], [-70.0128, 50.1387], [-70.0073, 50.132], [-70.0092, 50.1255], [-70.0066, 50.1233], [-69.9971, 50.1257], [-69.9883, 50.1109], [-69.9949, 50.1044], [-69.9887, 50.1016], [-69.9878, 50.0974], [-70.0031, 50.0842], [-69.9915, 50.0754], [-70.0054, 50.0725], [-70.0, 50.0712], [-69.9976, 50.0386], [-70.0, 50.0299], [-69.9851, 50.0223], [-69.9835, 50.0103], [-70.0, 50.0052], [-70.0, 50.0], [-70.8159, 50.0]]]]}}, {"type": "Feature", "properties": {"id": "qc-zone-19", "wmu_id": "4", "name": "Zone 4", "province": "QC", "source": "Qu\u00e9bec \u2014 Zones de chasse et p\u00eache (GAGQ)", "zone_kind": "zone_de_chasse"}, "geometry": {"type": "Polygon", "coordinates": [[[-70.9384, 46.3717], [-70.971, 46.3492], [-70.9652, 46.3418], [-70.9655, 46.3141], [-70.9603, 46.3065], [-70.9953, 46.2829], [-70.9972, 46.268], [-71.0395, 46.2389], [-71.0581, 46.2342], [-71.1308, 46.1863], [-71.16, 46.1802], [-71.2276, 46.1333], [-71.2822, 46.1117], [-71.2996, 46.112], [-71.3364, 46.0909], [-71.3449, 46.0748], [-71.3716, 46.0476], [-71.3607, 46.0368], [-71.3585, 46.0264], [-71.3613, 46.0146], [-71.3512, 45.9913], [-71.3751, 45.968], [-71.3641, 45.956], [-71.3767, 45.9427], [-71.3768, 45.933], [-71.3578, 45.8998], [-71.4059, 45.9057], [-71.428, 45.9178], [-71.4584, 45.9176], [-71.5265, 45.9506], [-71.5575, 45.9192], [-71.5678, 45.9168], [-71.5854, 45.9017], [-71.5887, 45.903], [-71.6024, 45.8892], [-71.621, 45.8905], [-71.644, 45.9011], [-71.6489, 45.9003], [-71.659, 45.8923], [-71.6553, 45.8827], [-71.6914, 45.8485], [-71.7068, 45.8388], [-71.7147, 45.8268], [-71.7457, 45.7973], [-71.7674, 45.7924], [-71.79, 45.771], [-71.8014, 45.7672], [-71.8246, 45.7467], [-71.6699, 45.6638], [-71.6532, 45.6586], [-71.6442, 45.648], [-71.6429, 45.6254], [-71.6283, 45.6195], [-71.6062, 45.616], [-71.6034, 45.6014], [-71.5906, 45.5894], [-71.6022, 45.5796], [-71.6068, 45.5642], [-71.6267, 45.5368], [-71.6608, 45.5094], [-71.678, 45.4843], [-71.6799, 45.47], [-71.6759, 45.47], [-71.6587, 45.4525], [-71.6596, 45.4451], [-71.6518, 45.4347], [-71.6318, 45.4207], [-71.6293, 45.4124], [-71.601, 45.373], [-71.5962, 45.3599], [-71.5859, 45.3509], [-71.583, 45.3441], [-71.5656, 45.3374], [-71.5564, 45.3105], [-71.5625, 45.2923], [-71.5627, 45.2801], [-71.5706, 45.2684], [-71.5729, 45.2495], [-71.5717, 45.1982], [-71.5665, 45.1959], [-71.5006, 45.1995], [-71.4882, 45.1631], [-71.473, 45.1508], [-71.4593, 45.1299], [-71.4699, 45.1026], [-71.4773, 45.0918], [-71.4899, 45.0857], [-71.5029, 45.0619], [-71.5075, 45.0475], [-71.4985, 45.0359], [-71.5055, 45.0134], [-71.4995, 45.0149], [-71.5001, 45.0235], [-71.4971, 45.0236], [-71.5001, 45.0261], [-71.4925, 45.0335], [-71.4909, 45.0426], [-71.4933, 45.0458], [-71.5066, 45.0475], [-71.5044, 45.0524], [-71.4972, 45.0558], [-71.5013, 45.0587], [-71.4971, 45.0601], [-71.4957, 45.0647], [-71.498, 45.0702], [-71.4877, 45.0713], [-71.4873, 45.0787], [-71.4826, 45.079], [-71.4781, 45.0843], [-71.4679, 45.0836], [-71.4644, 45.0933], [-71.4583, 45.0951], [-71.4584, 45.0988], [-71.4493, 45.1044], [-71.4488, 45.1125], [-71.4403, 45.1137], [-71.4284, 45.1237], [-71.4261, 45.1295], [-71.4376, 45.1419], [-71.4264, 45.1527], [-71.4249, 45.1658], [-71.4184, 45.1705], [-71.4144, 45.1848], [-71.4069, 45.1899], [-71.4058, 45.1977], [-71.3973, 45.2035], [-71.4031, 45.2153], [-71.4158, 45.2183], [-71.4207, 45.2238], [-71.4435, 45.2348], [-71.4428, 45.2383], [-71.4342, 45.2384], [-71.421, 45.2322], [-71.4021, 45.2426], [-71.3841, 45.2335], [-71.3783, 45.2435], [-71.3627, 45.2483], [-71.3565, 45.2539], [-71.3632, 45.2667], [-71.3603, 45.2703], [-71.3534, 45.2686], [-71.3364, 45.2727], [-71.3308, 45.2803], [-71.3076, 45.2875], [-71.2962, 45.2991], [-71.2842, 45.3024], [-71.2805, 45.2946], [-71.2727, 45.2966], [-71.2649, 45.2938], [-71.263, 45.2774], [-71.2594, 45.272], [-71.2456, 45.2688], [-71.2356, 45.2609], [-71.2306, 45.2494], [-71.2221, 45.2534], [-71.2206, 45.2507], [-71.2127, 45.2501], [-71.1964, 45.2541], [-71.1801, 45.2399], [-71.1732, 45.2463], [-71.1623, 45.2503], [-71.1486, 45.2429], [-71.1476, 45.2394], [-71.1309, 45.2465], [-71.1195, 45.2616], [-71.1163, 45.2741], [-71.1072, 45.2783], [-71.1054, 45.2828], [-71.111, 45.2844], [-71.0982, 45.3017], [-71.0591, 45.3138], [-71.0337, 45.31], [-71.0271, 45.3147], [-71.0085, 45.3192], [-71.0019, 45.3284], [-71.0121, 45.3339], [-71.013, 45.3442], [-71.0104, 45.3477], [-70.9908, 45.3381], [-70.985, 45.3319], [-70.9673, 45.3322], [-70.9524, 45.3391], [-70.9495, 45.3313], [-70.9389, 45.32], [-70.93, 45.3188], [-70.9178, 45.3117], [-70.9196, 45.3053], [-70.912, 45.2963], [-70.9213, 45.2792], [-70.9053, 45.2659], [-70.9059, 45.2608], [-70.8985, 45.2583], [-70.8951, 45.2523], [-70.8982, 45.2441], [-70.895, 45.2403], [-70.8828, 45.2343], [-70.8582, 45.2292], [-70.8381, 45.2346], [-70.8366, 45.2373], [-70.8486, 45.2452], [-70.8465, 45.253], [-70.8496, 45.2559], [-70.8489, 45.2631], [-70.8412, 45.267], [-70.8319, 45.2789], [-70.8299, 45.2902], [-70.8355, 45.294], [-70.8163, 45.2982], [-70.8115, 45.3038], [-70.8146, 45.3082], [-70.8084, 45.3118], [-70.8061, 45.3216], [-70.8076, 45.3277], [-70.8181, 45.3326], [-70.8199, 45.3402], [-70.8098, 45.3487], [-70.8145, 45.3567], [-70.8025, 45.3657], [-70.8138, 45.3878], [-70.8239, 45.391], [-70.8257, 45.4003], [-70.8128, 45.4114], [-70.8113, 45.4162], [-70.8025, 45.4179], [-70.7981, 45.4265], [-70.7876, 45.4265], [-70.7814, 45.4312], [-70.7644, 45.4259], [-70.7546, 45.4283], [-70.744, 45.4212], [-70.7436, 45.4119], [-70.7304, 45.4044], [-70.7296, 45.3991], [-70.7238, 45.3956], [-70.712, 45.3905], [-70.6995, 45.3945], [-70.6962, 45.3924], [-70.6782, 45.3943], [-70.6617, 45.3863], [-70.6588, 45.3777], [-70.6504, 45.3772], [-70.6349, 45.3834], [-70.6389, 45.3888], [-70.6363, 45.3952], [-70.6213, 45.4027], [-70.635, 45.4111], [-70.6355, 45.4149], [-70.6311, 45.4159], [-70.6279, 45.4226], [-70.6305, 45.4268], [-70.6404, 45.4308], [-70.6507, 45.4449], [-70.6811, 45.4522], [-70.6818, 45.4617], [-70.6929, 45.4664], [-70.6917, 45.4743], [-70.7164, 45.4865], [-70.7178, 45.4902], [-70.7116, 45.5018], [-70.7227, 45.5065], [-70.7226, 45.5137], [-70.7111, 45.5195], [-70.7065, 45.5279], [-70.6991, 45.5301], [-70.7009, 45.5325], [-70.6965, 45.54], [-70.687, 45.5493], [-70.6771, 45.5522], [-70.6892, 45.5622], [-70.6851, 45.5666], [-70.6877, 45.5694], [-70.6781, 45.5705], [-70.654, 45.5928], [-70.6446, 45.607], [-70.6191, 45.612], [-70.607, 45.6257], [-70.5909, 45.6305], [-70.5836, 45.6424], [-70.5649, 45.6548], [-70.5637, 45.6627], [-70.5586, 45.6665], [-70.5424, 45.6665], [-70.5339, 45.671], [-70.5251, 45.6668], [-70.5108, 45.6792], [-70.4794, 45.6949], [-70.4655, 45.7065], [-70.4463, 45.7036], [-70.4259, 45.7071], [-70.4295, 45.7102], [-70.4003, 45.7197], [-70.3965, 45.7291], [-70.3901, 45.7285], [-70.3838, 45.7346], [-70.3939, 45.7401], [-70.3945, 45.7436], [-70.3884, 45.7502], [-70.407, 45.7625], [-70.4057, 45.7769], [-70.4102, 45.7842], [-70.4157, 45.7853], [-70.4144, 45.7902], [-70.4178, 45.794], [-70.4084, 45.7977], [-70.4014, 45.796], [-70.3957, 45.7995], [-70.4028, 45.8235], [-70.4119, 45.841], [-70.4287, 45.8562], [-70.4538, 45.9191], [-70.4458, 45.9317], [-70.4452, 45.954], [-70.4656, 45.9802], [-70.4786, 45.9907], [-70.4854, 46.0132], [-70.5022, 46.0317], [-70.5167, 46.059], [-70.5268, 46.0634], [-70.5456, 46.0605], [-70.562, 46.0633], [-70.5966, 46.0898], [-70.6211, 46.0963], [-70.6376, 46.0938], [-70.6519, 46.0988], [-70.6607, 46.1164], [-70.673, 46.1245], [-70.6977, 46.1312], [-70.7075, 46.1404], [-70.7064, 46.1559], [-70.711, 46.1727], [-70.7095, 46.1883], [-70.7321, 46.2025], [-70.7449, 46.2029], [-70.7544, 46.1979], [-70.7708, 46.202], [-70.7769, 46.2151], [-70.7962, 46.2236], [-70.8024, 46.2369], [-70.8177, 46.2553], [-70.821, 46.2716], [-70.8581, 46.2934], [-70.8786, 46.3167], [-70.893, 46.3203], [-70.911, 46.3379], [-70.9129, 46.3636], [-70.9225, 46.3751], [-70.9246, 46.3767], [-70.9384, 46.3717]]]}}, {"type": "Feature", "properties": {"id": "qc-zone-20", "wmu_id": "5", "name": "Zone 5", "province": "QC", "source": "Qu\u00e9bec \u2014 Zones de chasse et p\u00eache (GAGQ)", "zone_kind": "zone_de_chasse"}, "geometry": {"type": "Polygon", "coordinates": [[[-72.9779, 45.0144], [-72.847, 45.0167], [-72.6546, 45.015], [-72.5554, 45.008], [-72.2554, 45.0044], [-72.2721, 45.0375], [-72.2816, 45.0465], [-72.2826, 45.069], [-72.2873, 45.0835], [-72.2948, 45.0911], [-72.2943, 45.1045], [-72.2793, 45.1392], [-72.2868, 45.1501], [-72.2923, 45.1514], [-72.2919, 45.1547], [-72.2976, 45.1555], [-72.3012, 45.1672], [-72.295, 45.1754], [-72.3013, 45.1732], [-72.3042, 45.1799], [-72.2894, 45.1776], [-72.2907, 45.1691], [-72.2861, 45.1673], [-72.2802, 45.1525], [-72.271, 45.1542], [-72.268, 45.1505], [-72.265, 45.1519], [-72.2587, 45.1634], [-72.2514, 45.167], [-72.2339, 45.1872], [-72.2257, 45.2036], [-72.2282, 45.2109], [-72.226, 45.2179], [-72.2148, 45.216], [-72.213, 45.2235], [-72.2021, 45.2308], [-72.2078, 45.2342], [-72.2011, 45.2394], [-72.1894, 45.265], [-72.1822, 45.2664], [-72.1788, 45.2706], [-72.171, 45.2701], [-72.1687, 45.2743], [-72.2125, 45.2938], [-72.2543, 45.2951], [-72.2717, 45.2886], [-72.2818, 45.2884], [-72.2857, 45.2941], [-72.3076, 45.3023], [-72.3131, 45.3008], [-72.3466, 45.3069], [-72.3818, 45.3031], [-72.4195, 45.3214], [-72.4294, 45.3293], [-72.4475, 45.3334], [-72.4602, 45.3309], [-72.487, 45.3329], [-72.5143, 45.3383], [-72.5169, 45.353], [-72.531, 45.3552], [-72.5456, 45.3656], [-72.5631, 45.366], [-72.5887, 45.3799], [-72.6173, 45.3785], [-72.6602, 45.3826], [-72.6751, 45.3928], [-72.7198, 45.3964], [-72.7644, 45.4177], [-72.7748, 45.3996], [-72.7822, 45.3452], [-72.8422, 45.3489], [-72.9343, 45.3635], [-72.9435, 45.35], [-72.9404, 45.341], [-72.9593, 45.2955], [-72.9747, 45.283], [-72.9925, 45.2871], [-72.9941, 45.2838], [-72.9923, 45.2762], [-72.9836, 45.2739], [-72.9854, 45.2605], [-72.9921, 45.2534], [-72.9884, 45.2396], [-72.9923, 45.2199], [-72.9919, 45.1776], [-72.9854, 45.1665], [-72.9844, 45.1523], [-72.9886, 45.1185], [-72.9787, 45.1039], [-72.9834, 45.0937], [-72.993, 45.0843], [-72.9989, 45.0704], [-73.0019, 45.0699], [-73.002, 45.0652], [-73.0081, 45.0657], [-73.0086, 45.0516], [-73.0148, 45.0443], [-73.0124, 45.0365], [-73.0032, 45.03], [-72.9899, 45.027], [-72.9892, 45.0224], [-72.9809, 45.0203], [-72.9779, 45.0144]]]}}, {"type": "Feature", "properties": {"id": "qc-zone-21", "wmu_id": "6", "name": "Zone 6", "province": "QC", "source": "Qu\u00e9bec \u2014 Zones de chasse et p\u00eache (GAGQ)", "zone_kind": "zone_de_chasse"}, "geometry": {"type": "Polygon", "coordinates": [[[-72.2554, 45.0044], [-71.5055, 45.0134], [-71.4985, 45.0359], [-71.5075, 45.0475], [-71.5029, 45.0619], [-71.4899, 45.0857], [-71.4773, 45.0918], [-71.4699, 45.1026], [-71.4593, 45.1299], [-71.473, 45.1508], [-71.4882, 45.1631], [-71.5006, 45.1995], [-71.5665, 45.1959], [-71.5717, 45.1982], [-71.5729, 45.2495], [-71.5706, 45.2684], [-71.5627, 45.2801], [-71.5625, 45.2923], [-71.5564, 45.3105], [-71.5656, 45.3374], [-71.583, 45.3441], [-71.5859, 45.3509], [-71.5962, 45.3599], [-71.601, 45.373], [-71.6293, 45.4124], [-71.6318, 45.4207], [-71.6518, 45.4347], [-71.6596, 45.4451], [-71.6587, 45.4525], [-71.6759, 45.47], [-71.6799, 45.47], [-71.678, 45.4843], [-71.6608, 45.5094], [-71.6267, 45.5368], [-71.6068, 45.5642], [-71.6022, 45.5796], [-71.5906, 45.5894], [-71.6034, 45.6014], [-71.6058, 45.6157], [-71.6283, 45.6195], [-71.6429, 45.6254], [-71.6442, 45.648], [-71.6576, 45.6614], [-71.6699, 45.6638], [-71.8968, 45.783], [-71.9624, 45.782], [-71.9845, 45.7745], [-72.004, 45.7827], [-72.0234, 45.7859], [-72.0212, 45.794], [-72.0031, 45.8062], [-72.0115, 45.8352], [-72.0331, 45.846], [-72.0393, 45.8604], [-72.0438, 45.8846], [-72.0116, 45.9263], [-72.007, 45.9403], [-71.9973, 45.9496], [-72.0271, 45.9691], [-72.1007, 46.0077], [-72.1161, 45.9943], [-72.1368, 45.9837], [-72.1513, 45.9817], [-72.1808, 45.9934], [-72.246, 45.9928], [-72.3339, 46.0067], [-72.356, 46.0197], [-72.4866, 45.9104], [-72.5156, 45.9097], [-72.5536, 45.877], [-72.5101, 45.8509], [-72.4804, 45.8454], [-72.4324, 45.8185], [-72.4577, 45.7991], [-72.4854, 45.7707], [-72.5435, 45.7241], [-72.5459, 45.6867], [-72.5607, 45.6836], [-72.5621, 45.6514], [-72.564, 45.6468], [-72.5707, 45.6466], [-72.5707, 45.6421], [-72.5449, 45.612], [-72.5215, 45.5737], [-72.5275, 45.5696], [-72.5327, 45.5733], [-72.5466, 45.5717], [-72.5632, 45.554], [-72.5675, 45.5408], [-72.5905, 45.5164], [-72.5902, 45.5065], [-72.5972, 45.4835], [-72.6301, 45.4758], [-72.6565, 45.477], [-72.6667, 45.4676], [-72.6854, 45.4625], [-72.6992, 45.4491], [-72.714, 45.4477], [-72.7165, 45.4214], [-72.7596, 45.4216], [-72.7644, 45.4177], [-72.7198, 45.3964], [-72.6751, 45.3928], [-72.6602, 45.3826], [-72.6173, 45.3785], [-72.5887, 45.3799], [-72.5631, 45.366], [-72.5456, 45.3656], [-72.531, 45.3552], [-72.5169, 45.353], [-72.5143, 45.3383], [-72.487, 45.3329], [-72.4602, 45.3309], [-72.4475, 45.3334], [-72.4294, 45.3293], [-72.4195, 45.3214], [-72.3818, 45.3031], [-72.3466, 45.3069], [-72.3131, 45.3008], [-72.3076, 45.3023], [-72.2857, 45.2941], [-72.2818, 45.2884], [-72.2717, 45.2886], [-72.2543, 45.2951], [-72.2125, 45.2938], [-72.1687, 45.2743], [-72.171, 45.2701], [-72.1788, 45.2706], [-72.1822, 45.2664], [-72.1894, 45.265], [-72.2011, 45.2394], [-72.2078, 45.2342], [-72.2021, 45.2308], [-72.213, 45.2235], [-72.2148, 45.216], [-72.226, 45.2179], [-72.2282, 45.2109], [-72.2257, 45.2036], [-72.2339, 45.1872], [-72.2514, 45.167], [-72.2587, 45.1634], [-72.265, 45.1519], [-72.268, 45.1505], [-72.271, 45.1542], [-72.2802, 45.1525], [-72.2861, 45.1673], [-72.2907, 45.1691], [-72.2894, 45.1776], [-72.3042, 45.1799], [-72.3013, 45.1732], [-72.295, 45.1754], [-72.3012, 45.1672], [-72.2976, 45.1555], [-72.2919, 45.1547], [-72.2923, 45.1514], [-72.2868, 45.1501], [-72.2793, 45.1392], [-72.2943, 45.1045], [-72.2948, 45.0911], [-72.2873, 45.0835], [-72.2826, 45.069], [-72.2816, 45.0465], [-72.2721, 45.0375], [-72.2554, 45.0044]]]}}, {"type": "Feature", "properties": {"id": "qc-zone-22", "wmu_id": "7", "name": "Zone 7", "province": "QC", "source": "Qu\u00e9bec \u2014 Zones de chasse et p\u00eache (GAGQ)", "zone_kind": "zone_de_chasse"}, "geometry": {"type": "MultiPolygon", "coordinates": [[[[-71.1954, 46.7885], [-71.1992, 46.7896], [-71.1933, 46.791], [-71.1948, 46.794], [-71.1889, 46.8028], [-71.1883, 46.8106], [-71.1764, 46.7955], [-71.1239, 46.7587], [-71.1177, 46.7488], [-71.0893, 46.7298], [-71.0671, 46.6919], [-71.0936, 46.6711], [-71.0885, 46.6533], [-71.0783, 46.6377], [-71.0655, 46.6052], [-71.0676, 46.5727], [-71.0841, 46.5471], [-71.0784, 46.5322], [-71.0753, 46.507], [-71.0686, 46.5009], [-71.0685, 46.4896], [-71.0549, 46.4763], [-71.0495, 46.4612], [-71.0433, 46.4652], [-71.0395, 46.458], [-70.9913, 46.4155], [-70.9574, 46.3991], [-70.9462, 46.3858], [-70.9248, 46.3768], [-70.9394, 46.3712], [-70.9706, 46.3501], [-70.9652, 46.3418], [-70.9655, 46.3141], [-70.9604, 46.3064], [-70.9952, 46.283], [-70.996, 46.2691], [-71.0205, 46.2517], [-71.0403, 46.2385], [-71.0577, 46.2345], [-71.131, 46.1862], [-71.1599, 46.1802], [-71.2277, 46.1333], [-71.2822, 46.1117], [-71.2996, 46.112], [-71.3364, 46.0909], [-71.3449, 46.0748], [-71.3716, 46.0476], [-71.3607, 46.0368], [-71.3585, 46.0264], [-71.3613, 46.0146], [-71.3512, 45.9913], [-71.3751, 45.968], [-71.3641, 45.956], [-71.3767, 45.9427], [-71.3768, 45.933], [-71.3578, 45.8998], [-71.4059, 45.9057], [-71.428, 45.9178], [-71.4584, 45.9176], [-71.5265, 45.9506], [-71.5575, 45.9192], [-71.5678, 45.9168], [-71.5854, 45.9017], [-71.5887, 45.903], [-71.6024, 45.8892], [-71.621, 45.8905], [-71.644, 45.9011], [-71.6489, 45.9003], [-71.659, 45.8923], [-71.6553, 45.8827], [-71.6914, 45.8485], [-71.7068, 45.8388], [-71.7147, 45.8268], [-71.7457, 45.7973], [-71.7674, 45.7924], [-71.79, 45.771], [-71.8014, 45.7672], [-71.8246, 45.7467], [-71.8973, 45.7831], [-71.9624, 45.782], [-71.9845, 45.7745], [-72.004, 45.7827], [-72.0234, 45.7859], [-72.0212, 45.794], [-72.0031, 45.8062], [-72.0115, 45.8352], [-72.0331, 45.846], [-72.0393, 45.8604], [-72.0438, 45.8846], [-72.0116, 45.9263], [-72.007, 45.9403], [-71.9973, 45.9496], [-72.0271, 45.9691], [-72.1007, 46.0077], [-72.1161, 45.9943], [-72.1368, 45.9837], [-72.1513, 45.9817], [-72.1808, 45.9934], [-72.246, 45.9928], [-72.3339, 46.0067], [-72.356, 46.0197], [-72.4853, 45.9114], [-72.4914, 45.909], [-72.5156, 45.9097], [-72.5807, 45.8541], [-72.6915, 45.9168], [-72.7437, 45.9194], [-72.7824, 45.9265], [-72.8523, 45.9752], [-72.8631, 45.9941], [-72.8789, 46.0122], [-72.9042, 46.0014], [-72.9062, 46.006], [-72.9181, 46.0047], [-72.9205, 46.0142], [-72.9244, 46.0167], [-72.9363, 46.0171], [-72.9785, 46.0072], [-73.0314, 46.0161], [-73.0512, 46.0231], [-73.0602, 46.0186], [-73.0737, 46.0232], [-73.1047, 46.0441], [-73.1117, 46.0427], [-73.1137, 46.048], [-73.1291, 46.0619], [-73.1296, 46.0676], [-73.1397, 46.074], [-73.1779, 46.0916], [-73.1848, 46.0838], [-73.201, 46.0908], [-73.2261, 46.094], [-73.2223, 46.1153], [-73.2446, 46.1317], [-73.2694, 46.1356], [-73.283, 46.1457], [-73.2386, 46.1801], [-73.1961, 46.1922], [-73.1317, 46.2374], [-73.1132, 46.2658], [-73.101, 46.2954], [-73.0872, 46.311], [-73.078, 46.3275], [-73.0718, 46.3315], [-73.0509, 46.3717], [-73.0317, 46.3946], [-73.0045, 46.4049], [-72.9843, 46.4253], [-72.9554, 46.4357], [-72.9476, 46.4413], [-72.9224, 46.4419], [-72.8926, 46.4627], [-72.852, 46.4836], [-72.8202, 46.5408], [-72.8083, 46.5457], [-72.8003, 46.5533], [-72.7598, 46.5544], [-72.7472, 46.5497], [-72.7359, 46.5533], [-72.7317, 46.5609], [-72.7151, 46.5698], [-72.7083, 46.5805], [-72.6857, 46.5975], [-72.6862, 46.6067], [-72.6696, 46.6068], [-72.6698, 46.6116], [-72.6735, 46.6139], [-72.6696, 46.6186], [-72.6695, 46.6251], [-72.6401, 46.6389], [-72.6224, 46.6513], [-72.6209, 46.6542], [-72.6259, 46.6622], [-72.6029, 46.7024], [-72.5903, 46.7109], [-72.5735, 46.716], [-72.5583, 46.7267], [-72.5576, 46.7207], [-72.5298, 46.6842], [-72.5191, 46.6846], [-72.5069, 46.6758], [-72.5065, 46.671], [-72.4605, 46.6376], [-72.4308, 46.6398], [-72.4253, 46.6317], [-72.4038, 46.6196], [-72.3855, 46.6173], [-72.3849, 46.6108], [-72.3648, 46.6062], [-72.3362, 46.5853], [-72.2803, 46.6244], [-72.2755, 46.625], [-72.2617, 46.6189], [-72.2287, 46.5951], [-72.2295, 46.5829], [-72.2104, 46.5692], [-72.2058, 46.5721], [-72.2068, 46.5583], [-72.1993, 46.5526], [-72.1802, 46.5598], [-72.1725, 46.5664], [-72.1808, 46.5654], [-72.1712, 46.5673], [-72.1798, 46.5676], [-72.1663, 46.5691], [-72.1436, 46.5788], [-72.1252, 46.5822], [-72.1146, 46.5802], [-72.1126, 46.5833], [-72.1069, 46.5813], [-72.1066, 46.5846], [-72.1019, 46.5835], [-72.1012, 46.5867], [-72.0989, 46.5851], [-72.0868, 46.588], [-72.0871, 46.5853], [-72.0819, 46.5846], [-72.0823, 46.5868], [-72.079, 46.5842], [-72.0784, 46.5891], [-72.0781, 46.5844], [-72.0772, 46.5879], [-72.0727, 46.5864], [-72.0749, 46.5839], [-72.0691, 46.5834], [-72.0722, 46.5825], [-72.0712, 46.5798], [-72.0707, 46.5823], [-72.0666, 46.5819], [-72.0634, 46.5789], [-72.0706, 46.5863], [-72.0606, 46.5827], [-72.0602, 46.5865], [-72.0553, 46.5845], [-72.0551, 46.5868], [-72.0487, 46.5851], [-72.0378, 46.5878], [-71.9868, 46.6261], [-71.9808, 46.6254], [-71.9396, 46.6456], [-71.9277, 46.6461], [-71.9247, 46.6534], [-71.9153, 46.6592], [-71.9145, 46.6653], [-71.8991, 46.682], [-71.884, 46.6881], [-71.8769, 46.681], [-71.8836, 46.6882], [-71.8811, 46.6928], [-71.8775, 46.6895], [-71.8437, 46.6921], [-71.8331, 46.6895], [-71.7895, 46.6694], [-71.7667, 46.6671], [-71.7464, 46.6717], [-71.7455, 46.6686], [-71.71, 46.6704], [-71.6932, 46.6673], [-71.6777, 46.6746], [-71.6666, 46.6752], [-71.6527, 46.6847], [-71.6447, 46.6837], [-71.6434, 46.6879], [-71.6282, 46.6941], [-71.6101, 46.698], [-71.5738, 46.6959], [-71.5611, 46.706], [-71.5478, 46.7108], [-71.487, 46.7236], [-71.4351, 46.7296], [-71.4283, 46.7336], [-71.4098, 46.7356], [-71.3704, 46.7332], [-71.3564, 46.7382], [-71.3458, 46.7472], [-71.321, 46.7499], [-71.292, 46.748], [-71.2889, 46.7429], [-71.2776, 46.7419], [-71.2522, 46.7512], [-71.2508, 46.7548], [-71.2441, 46.756], [-71.2375, 46.7621], [-71.2319, 46.7633], [-71.2297, 46.7608], [-71.2303, 46.7635], [-71.2304875, 46.7636], [-71.2306, 46.764], [-71.2056, 46.775], [-71.2037, 46.7781], [-71.2082, 46.7811], [-71.2037, 46.7803], [-71.1957, 46.7856], [-71.1954, 46.7885]]], [[[-72.096, 46.5859], [-72.09754519572954, 46.58613772241993], [-72.0942, 46.5887], [-72.096, 46.5859]]], [[[-71.2408, 46.7616], [-71.24, 46.7609], [-71.2408, 46.7615], [-71.2408, 46.7616]]], [[[-71.2308, 46.763], [-71.231, 46.7629], [-71.2312, 46.7629], [-71.2308, 46.763]]], [[[-71.2311, 46.7636], [-71.2309, 46.7634], [-71.2312, 46.7635], [-71.2311, 46.7636]]], [[[-71.2308, 46.7636], [-71.2304875, 46.7636], [-71.23046887417217, 46.763533774834436], [-71.2308, 46.7636]]], [[[-71.1954, 46.7936], [-71.1953, 46.7935], [-71.1955, 46.7935], [-71.1954, 46.7936]]]]}}, {"type": "Feature", "properties": {"id": "qc-zone-23", "wmu_id": "8", "name": "Zone 8", "province": "QC", "source": "Qu\u00e9bec \u2014 Zones de chasse et p\u00eache (GAGQ)", "zone_kind": "zone_de_chasse"}, "geometry": {"type": "Polygon", "coordinates": [[[-72.9779, 45.0144], [-72.9809, 45.0203], [-72.9892, 45.0224], [-72.9899, 45.027], [-73.0032, 45.03], [-73.0124, 45.0365], [-73.0148, 45.0443], [-73.0086, 45.0516], [-73.0081, 45.0657], [-73.002, 45.0652], [-73.0019, 45.0699], [-72.9989, 45.0704], [-72.993, 45.0843], [-72.9834, 45.0937], [-72.9787, 45.1039], [-72.9886, 45.1185], [-72.9844, 45.1523], [-72.9854, 45.1665], [-72.9919, 45.1774], [-72.9923, 45.2199], [-72.9884, 45.2396], [-72.9921, 45.2525], [-72.9854, 45.2605], [-72.9836, 45.2739], [-72.9923, 45.2762], [-72.9925, 45.2871], [-72.9747, 45.283], [-72.9593, 45.2955], [-72.9404, 45.341], [-72.9435, 45.35], [-72.9343, 45.3635], [-72.8422, 45.3489], [-72.7822, 45.3452], [-72.7748, 45.3996], [-72.7621, 45.4209], [-72.7165, 45.4214], [-72.7129, 45.4484], [-72.6992, 45.4491], [-72.6854, 45.4625], [-72.6667, 45.4676], [-72.6565, 45.477], [-72.6301, 45.4758], [-72.5972, 45.4835], [-72.5902, 45.5065], [-72.5905, 45.5164], [-72.5675, 45.5408], [-72.5632, 45.554], [-72.5466, 45.5717], [-72.5327, 45.5733], [-72.5275, 45.5696], [-72.5215, 45.5737], [-72.5449, 45.612], [-72.5707, 45.6421], [-72.5707, 45.6466], [-72.564, 45.6468], [-72.5621, 45.6514], [-72.5606, 45.6838], [-72.5459, 45.6867], [-72.5441, 45.7234], [-72.4854, 45.7707], [-72.4577, 45.7991], [-72.4324, 45.8185], [-72.4804, 45.8454], [-72.5101, 45.8509], [-72.5536, 45.877], [-72.5807, 45.8541], [-72.6915, 45.9168], [-72.7388, 45.9189], [-72.7811, 45.9258], [-72.8523, 45.9752], [-72.8631, 45.9941], [-72.8789, 46.0122], [-72.9032, 46.0013], [-72.9062, 46.006], [-72.9181, 46.0047], [-72.9205, 46.0142], [-72.9244, 46.0167], [-72.9363, 46.0171], [-72.9785, 46.0072], [-73.0314, 46.0161], [-73.0512, 46.0231], [-73.0621, 46.0187], [-73.0788, 46.0254], [-73.1047, 46.0441], [-73.1117, 46.0427], [-73.1137, 46.048], [-73.1291, 46.0619], [-73.1296, 46.0676], [-73.1373, 46.0729], [-73.1779, 46.0916], [-73.1848, 46.0838], [-73.201, 46.0908], [-73.2074, 46.0898], [-73.2206, 46.0946], [-73.2305, 46.0933], [-73.2374, 46.0868], [-73.2514, 46.0892], [-73.2794, 46.0588], [-73.2938, 46.048], [-73.3086, 46.0452], [-73.3114, 46.0384], [-73.333, 46.0278], [-73.3486, 46.0125], [-73.3797, 46.0131], [-73.4136, 46.0229], [-73.5022, 45.9623], [-73.5105, 45.9615], [-73.5414, 45.9727], [-73.5493, 45.9723], [-73.6301, 45.9189], [-73.6575, 45.911], [-73.6626, 45.8859], [-73.6871, 45.8825], [-73.7154, 45.8741], [-73.7241, 45.8683], [-73.7572, 45.8675], [-73.7572, 45.8525], [-73.788, 45.8512], [-73.7896, 45.8467], [-73.8194, 45.8387], [-73.8836, 45.831], [-73.8952, 45.8207], [-73.9231, 45.8099], [-73.9784, 45.7667], [-73.9916, 45.762], [-74.0029, 45.7454], [-74.0204, 45.7456], [-74.0725, 45.725], [-74.0773, 45.7166], [-74.0775, 45.7076], [-74.082, 45.7043], [-74.148, 45.6927], [-74.1626, 45.6852], [-74.1924, 45.679], [-74.2076, 45.6692], [-74.2385, 45.6678], [-74.2512, 45.6628], [-74.2814, 45.6675], [-74.3671, 45.6518], [-74.3978, 45.6297], [-74.403, 45.6214], [-74.4442, 45.6274], [-74.4555, 45.6246], [-74.5861, 45.6408], [-74.5898, 45.6281], [-74.5991, 45.6171], [-74.5757, 45.6103], [-74.5379, 45.5933], [-74.5166, 45.5911], [-74.4765, 45.5956], [-74.4361, 45.5765], [-74.3815, 45.5641], [-74.4146, 45.4596], [-74.472, 45.3029], [-74.3195, 45.1885], [-74.377, 45.1552], [-74.4423, 45.1312], [-74.4952, 45.0647], [-74.5106, 45.0767], [-74.5657, 45.0463], [-74.6014, 45.0396], [-74.6258, 45.0301], [-74.6524, 45.03], [-74.6698, 45.0056], [-74.6631, 44.9989], [-74.4654, 44.9972], [-74.3365, 44.992], [-74.1502, 44.9914], [-73.8414, 45.0021], [-73.6503, 45.003], [-73.0654, 45.016], [-72.9779, 45.0144]]]}}, {"type": "Feature", "properties": {"id": "qc-zone-24", "wmu_id": "9", "name": "Zone 9", "province": "QC", "source": "Qu\u00e9bec \u2014 Zones de chasse et p\u00eache (GAGQ)", "zone_kind": "zone_de_chasse"}, "geometry": {"type": "Polygon", "coordinates": [[[-74.1889, 46.3987], [-74.2261, 46.4258], [-74.4132, 46.2989], [-74.3828, 46.278], [-74.4171, 46.2545], [-74.4201, 46.2566], [-74.448, 46.2362], [-74.4552, 46.2412], [-74.4713, 46.2301], [-74.4785, 46.2352], [-74.4625, 46.2463], [-74.4673, 46.2496], [-74.4751, 46.2442], [-74.4775, 46.2458], [-74.4698, 46.2512], [-74.4748, 46.2547], [-74.4695, 46.2585], [-74.4855, 46.2699], [-74.506, 46.2557], [-74.52, 46.2662], [-74.5279, 46.2418], [-74.5074, 46.2388], [-74.5156, 46.2082], [-74.512, 46.2076], [-74.5167, 46.2024], [-74.513, 46.1911], [-74.5178, 46.1854], [-74.5502, 46.1859], [-74.5553, 46.1901], [-74.5741, 46.1942], [-74.6009, 46.1939], [-74.6042, 46.1932], [-74.6045, 46.187], [-74.6108, 46.1768], [-74.6169, 46.1749], [-74.6177, 46.1719], [-74.6139, 46.1729], [-74.6055, 46.1677], [-74.5972, 46.157], [-74.5988, 46.149], [-74.6035, 46.1502], [-74.6067, 46.147], [-74.6018, 46.1443], [-74.6042, 46.1397], [-74.6018, 46.1378], [-74.6085, 46.1378], [-74.6107, 46.1326], [-74.6059, 46.1342], [-74.6068, 46.1298], [-74.6017, 46.127], [-74.6043, 46.1255], [-74.5993, 46.1264], [-74.5974, 46.1231], [-74.6058, 46.1206], [-74.5987, 46.1148], [-74.6087, 46.1079], [-74.6093, 46.0987], [-74.6137, 46.1001], [-74.6075, 46.0973], [-74.6146, 46.0969], [-74.6095, 46.0947], [-74.6114, 46.0911], [-74.616, 46.0926], [-74.6152, 46.0895], [-74.6188, 46.0871], [-74.6222, 46.0897], [-74.6209, 46.0835], [-74.624, 46.0794], [-74.619, 46.079], [-74.6209, 46.0759], [-74.626, 46.0759], [-74.624, 46.0743], [-74.628, 46.0704], [-74.6266, 46.0657], [-74.636, 46.0645], [-74.6259, 46.0519], [-74.6163, 46.0503], [-74.6166, 46.0462], [-74.623, 46.0422], [-74.6124, 46.0375], [-74.6184, 46.03], [-74.6298, 46.0299], [-74.6295, 46.0205], [-74.6256, 46.0157], [-74.6365, 45.9995], [-74.6324, 45.9837], [-74.6198, 45.9761], [-74.6294, 45.9769], [-74.6327, 45.9742], [-74.6306, 45.9702], [-74.6327, 45.9682], [-74.6409, 45.969], [-74.6429, 45.9627], [-74.6525, 45.9585], [-74.6573, 45.9468], [-74.6711, 45.9442], [-74.6731, 45.9365], [-74.6701, 45.9263], [-74.6583, 45.9177], [-74.656, 45.9053], [-74.65, 45.9012], [-74.6586, 45.8949], [-74.6501, 45.8806], [-74.652, 45.8687], [-74.6355, 45.8506], [-74.6443, 45.842], [-74.6658, 45.8409], [-74.6654, 45.8291], [-74.6718, 45.8223], [-74.6754, 45.8066], [-74.6997, 45.7839], [-74.6936, 45.7788], [-74.6949, 45.7762], [-74.6859, 45.7762], [-74.6804, 45.7719], [-74.6895, 45.7501], [-74.6894, 45.7378], [-74.6811, 45.7348], [-74.678, 45.7213], [-74.6708, 45.7131], [-74.672, 45.7088], [-74.6641, 45.7042], [-74.6646, 45.6966], [-74.6609, 45.6933], [-74.6594, 45.6829], [-74.6643, 45.6804], [-74.6711, 45.6659], [-74.683, 45.6674], [-74.6898, 45.656], [-74.6855, 45.6489], [-74.69, 45.6439], [-74.6548, 45.6467], [-74.6299, 45.6531], [-74.6048, 45.6434], [-74.5683, 45.6379], [-74.454, 45.6244], [-74.4442, 45.6274], [-74.403, 45.6214], [-74.3978, 45.6297], [-74.3671, 45.6518], [-74.2814, 45.6675], [-74.2512, 45.6628], [-74.2385, 45.6678], [-74.2076, 45.6692], [-74.1924, 45.679], [-74.1626, 45.6852], [-74.148, 45.6927], [-74.082, 45.7043], [-74.0775, 45.7076], [-74.0773, 45.7166], [-74.0725, 45.725], [-74.0204, 45.7456], [-74.0029, 45.7454], [-73.9916, 45.762], [-73.9784, 45.7667], [-73.9231, 45.8099], [-73.8952, 45.8207], [-73.8836, 45.831], [-73.8194, 45.8387], [-73.7896, 45.8467], [-73.788, 45.8512], [-73.7572, 45.8525], [-73.7572, 45.8675], [-73.7241, 45.8683], [-73.7154, 45.8741], [-73.6871, 45.8825], [-73.6626, 45.8859], [-73.6575, 45.911], [-73.6301, 45.9189], [-73.5493, 45.9723], [-73.5414, 45.9727], [-73.5105, 45.9615], [-73.5022, 45.9623], [-73.4136, 46.0229], [-73.3797, 46.0131], [-73.3486, 46.0125], [-73.333, 46.0278], [-73.3114, 46.0384], [-73.3086, 46.0452], [-73.2938, 46.048], [-73.2794, 46.0588], [-73.2514, 46.0892], [-73.2374, 46.0868], [-73.2261, 46.094], [-73.2223, 46.1153], [-73.2464, 46.1325], [-73.2716, 46.1365], [-73.3149, 46.1696], [-73.3142, 46.1864], [-73.323, 46.2025], [-73.3219, 46.211], [-73.3307, 46.2266], [-73.3348, 46.2536], [-73.3527, 46.2765], [-73.361, 46.2835], [-73.3844, 46.2934], [-73.4011, 46.3074], [-73.4065, 46.3203], [-73.4164, 46.3214], [-73.4513, 46.3395], [-73.4646, 46.333], [-73.5028, 46.3381], [-73.5152, 46.3328], [-73.5382, 46.3296], [-73.5421, 46.3271], [-73.5405, 46.3173], [-73.5738, 46.3003], [-73.5895, 46.3118], [-73.5967, 46.3213], [-73.6149, 46.3303], [-73.6334, 46.3295], [-73.6802, 46.2975], [-73.6964, 46.3057], [-73.7139, 46.3032], [-73.7308, 46.2971], [-73.7717, 46.2714], [-73.7816, 46.2717], [-73.797, 46.2929], [-73.8041, 46.2924], [-73.8097, 46.297], [-73.8158, 46.311], [-73.8344, 46.3185], [-73.8481, 46.3096], [-73.8633, 46.3202], [-73.878, 46.3138], [-73.8879, 46.3178], [-73.8962, 46.3124], [-73.9008, 46.313], [-73.9039, 46.3108], [-73.9011, 46.3089], [-73.9177, 46.2972], [-73.9316, 46.306], [-73.9325, 46.3095], [-73.9433, 46.3019], [-73.9584, 46.3117], [-73.961, 46.3099], [-73.9595, 46.3066], [-73.9664, 46.3057], [-73.9795, 46.3143], [-73.9682, 46.3226], [-73.9816, 46.3318], [-73.9963, 46.3211], [-73.9999, 46.3233], [-74.0131, 46.3142], [-74.055, 46.3403], [-74.0415, 46.3499], [-74.1554, 46.4236], [-74.1889, 46.3987]]]}}]}