{"type": "FeatureCollection", "metadata": {"crs": "EPSG:4326", "province": "on", "layer": "conservation_authority", "layer_role": "permission_required", "feature_count": 409, "coverage": "Conservation authority and other conserved properties Ontario authorities reported to CPCAD. Incomplete by construction.", "coverage_incomplete": true, "coverage_note": "CPCAD holds only what each authority chose to report, so this layer is not a register of conservation authority property. Grand River Conservation Authority is absent entirely and several others report a single property. A polygon here means you need that body's permission; the absence of one is not evidence that the land is open.", "boundary_accuracy": "mapped", "default_name": "Conservation area", "tenure": "Conservation authority land \u2014 permit required", "basis_notes": {"ca_permit": "Conservation authority land. Hunting here needs a permit from the authority on top of your provincial licence. Several authorities allocate their properties by lottery, charge a fee, or close some tracts to hunting entirely. Being on the map is not permission.", "conservation_permission": "Reported as a conserved area but managed by a municipality or other body rather than a conservation authority. Hunting needs that owner's permission, and local firearm discharge bylaws may apply as well."}, "authorities": ["Ausable Bayfield Conservation Authority", "Cataraqui Region Conservation Authority", "Cataraqui Region Conservation Authority (CRCA)", "Central Lake Ontario Conservation Authority", "City of Toronto, Toronto and Region Conservation Authority", "Conservation Sudbury", "Credit Valley Conservation Authority", "Essex Region Conservation Authority", "Grey Sauble Conservation Authority", "Halton Region Conservation Authority", "Hamilton Conservation Authority", "Kawartha Region Conservation Authority", "Kettle Creek Conservation Authority", "Lake Simcoe Region Conservation Authority", "Lakehead Region Conservation Authority", "Long Point Region Conservation Authority", "Niagara Peninsula Conservation Authority", "Nottawasaga Valley Conservation Authority", "Otonabee Region Conservation Authority", "Quinte Conservation Authority", "Rideau Valley Conservation Authority", "Sault Ste. Marie Region Conservation Authority", "South Nation Conservation", "South Nation River Conservation Authority", "St. Clair Region Conservation Authority", "Toronto and Region Conservation Authority", "Toronto and Region Conservation Authority, Town of Ajax", "Upper Thames River Conservation Authority"], "other_managers": [], "license": "Open Government Licence \u2013 Canada", "license_url": "https://open.canada.ca/en/open-government-licence-canada", "source": "Canadian Protected and Conserved Areas Database (CPCAD), ECCC", "source_url": "https://www.canada.ca/en/environment-climate-change/services/national-wildlife-areas/protected-conserved-areas-database.html", "authority": "Conservation Authorities Act, R.S.O. 1990, c. C.27", "note": "Hunting on conservation authority land requires a permit from the authority. Fees, lotteries and outright closures vary by authority and by property, so the card names the authority to ask rather than stating a rule we cannot verify province-wide."}, "features": [{"type": "Feature", "properties": {"id": "on-ca-1", "name": "Glen Haffy Conservation Area", "hunting_allowed": null, "basis": "ca_permit", "permit_required": true, "authority": "Toronto and Region Conservation Authority"}, "geometry": {"type": "MultiPolygon", "coordinates": [[[[-79.93404, 43.94246], [-79.93367, 43.94309], [-79.93234, 43.94396], [-79.93538, 43.94617], [-79.93751, 43.94429], [-79.93825, 43.94345], [-79.94045, 43.94167], [-79.93547, 43.93808], [-79.93451, 43.93836], [-79.93338, 43.93935], [-79.93265, 43.94058], [-79.93175, 43.9409], [-79.93068, 43.9417], [-79.93233, 43.94236], [-79.93306, 43.9424], [-79.93375, 43.94185], [-79.93404, 43.94246]]], [[[-79.92193, 43.92783], [-79.93508, 43.93754], [-79.9363, 43.93649], [-79.93497, 43.93551], [-79.93513, 43.93536], [-79.93404, 43.93455], [-79.93507, 43.93363], [-79.9346, 43.93336], [-79.93409, 43.93269], [-79.93452, 43.93227], [-79.93424, 43.93202], [-79.93441, 43.93168], [-79.93321, 43.93064], [-79.93507, 43.92901], [-79.92716, 43.92322], [-79.92193, 43.92783]]], [[[-79.91017, 43.93593], [-79.91997, 43.94309], [-79.92503, 43.93862], [-79.92725, 43.94028], [-79.92945, 43.93836], [-79.93029, 43.93898], [-79.93096, 43.9384], [-79.9313, 43.93778], [-79.93206, 43.93744], [-79.9326, 43.93697], [-79.93429, 43.93823], [-79.93492, 43.93768], [-79.92177, 43.92798], [-79.91664, 43.93242], [-79.91451, 43.93078], [-79.91026, 43.93453], [-79.91076, 43.93452], [-79.91127, 43.93517], [-79.91103, 43.93554], [-79.91017, 43.93593]]], [[[-79.95624, 43.9502], [-79.95757, 43.94992], [-79.95766, 43.95004], [-79.95854, 43.94996], [-79.95835, 43.94975], [-79.95886, 43.94965], [-79.95914, 43.94937], [-79.96131, 43.94854], [-79.96175, 43.94854], [-79.95504, 43.9436], [-79.96027, 43.93895], [-79.9576, 43.937], [-79.95562, 43.93872], [-79.95492, 43.9382], [-79.95689, 43.93649], [-79.95229, 43.93315], [-79.95003, 43.93505], [-79.94782, 43.93366], [-79.94497, 43.93619], [-79.9441, 43.93557], [-79.9426, 43.93688], [-79.93892, 43.9345], [-79.93526, 43.93767], [-79.94772, 43.94672], [-79.94859, 43.94551], [-79.95079, 43.9454], [-79.9512, 43.94505], [-79.9539, 43.94691], [-79.95123, 43.9493], [-79.95199, 43.94984], [-79.95485, 43.94868], [-79.95624, 43.9502]]]]}}, {"type": "Feature", "properties": {"id": "on-ca-2", "name": "Nottawasaga Bluffs Conservation Area", "hunting_allowed": null, "basis": "ca_permit", "permit_required": true, "authority": "Nottawasaga Valley Conservation Authority", "management_plan": "Nottawasaga Bluffs Conservation Area Management Plan. 2005"}, "geometry": {"type": "MultiPolygon", "coordinates": [[[[-80.21396, 44.3365], [-80.21517, 44.34185], [-80.22718, 44.33932], [-80.22658, 44.3366], [-80.22277, 44.33742], [-80.22202, 44.33474], [-80.21396, 44.3365]]], [[[-80.1985, 44.33974], [-80.19896, 44.34329], [-80.20944, 44.34094], [-80.20989, 44.34298], [-80.21493, 44.3419], [-80.21251, 44.33118], [-80.20507, 44.33277], [-80.20627, 44.33813], [-80.1985, 44.33974]]]]}}, {"type": "Feature", "properties": {"id": "on-ca-3", "name": "Minesing Wetlands Conservation Area", "hunting_allowed": null, "basis": "ca_permit", "permit_required": true, "authority": "Nottawasaga Valley Conservation Authority", "management_plan": "Minesing Wetlands Property Management Plan, 2015"}, "geometry": {"type": "MultiPolygon", "coordinates": [[[[-79.82034, 44.41828], [-79.82114, 44.41918], [-79.82563, 44.41718], [-79.82553, 44.416], [-79.82034, 44.41828]]], [[[-79.81723, 44.40565], [-79.81637, 44.40706], [-79.81562, 44.40854], [-79.81998, 44.40662], [-79.81875, 44.40498], [-79.81723, 44.40565]]], [[[-79.82129, 44.41933], [-79.82367, 44.42201], [-79.82482, 44.41903], [-79.82555, 44.41797], [-79.82563, 44.41739], [-79.82129, 44.41933]]], [[[-79.82455, 44.41142], [-79.81693, 44.41447], [-79.81847, 44.41618], [-79.82584, 44.41288], [-79.82455, 44.41142]]], [[[-79.80358, 44.43273], [-79.80302, 44.43426], [-79.80938, 44.43142], [-79.80604, 44.4278], [-79.80358, 44.43273]]], [[[-79.89845, 44.42945], [-79.90126, 44.43025], [-79.90187, 44.43057], [-79.90216, 44.43093], [-79.90304, 44.43054], [-79.89875, 44.42589], [-79.89638, 44.42692], [-79.89485, 44.42837], [-79.89502, 44.42885], [-79.89572, 44.42923], [-79.89845, 44.42945]]], [[[-79.85044, 44.35966], [-79.85144, 44.36078], [-79.86615, 44.35422], [-79.86524, 44.35324], [-79.85044, 44.35966]]], [[[-79.80043, 44.42879], [-79.79943, 44.43122], [-79.80235, 44.43455], [-79.80272, 44.43439], [-79.80334, 44.43267], [-79.80586, 44.42761], [-79.80508, 44.42676], [-79.80043, 44.42879]]], [[[-79.79278, 44.42411], [-79.79578, 44.42742], [-79.79943, 44.42581], [-79.80086, 44.42218], [-79.79978, 44.42103], [-79.79278, 44.42411]]], [[[-79.89132, 44.42912], [-79.89581, 44.42717], [-79.89645, 44.42629], [-79.89655, 44.42594], [-79.89639, 44.42551], [-79.89592, 44.42508], [-79.89549, 44.42503], [-79.89448, 44.42569], [-79.89382, 44.4257], [-79.89344, 44.42519], [-79.89358, 44.42373], [-79.893, 44.4234], [-79.89173, 44.42341], [-79.8898, 44.4238], [-79.88889, 44.42358], [-79.88708, 44.42437], [-79.89132, 44.42912]]], [[[-79.90379, 44.3312], [-79.90427, 44.3321], [-79.90412, 44.333], [-79.9044, 44.3337], [-79.90484, 44.33402], [-79.91117, 44.33276], [-79.90995, 44.32681], [-79.90884, 44.32688], [-79.90625, 44.32741], [-79.90416, 44.3297], [-79.90298, 44.33044], [-79.90314, 44.33124], [-79.90379, 44.3312]]], [[[-79.84461, 44.42197], [-79.84655, 44.42436], [-79.85339, 44.42142], [-79.85403, 44.42216], [-79.86098, 44.41912], [-79.85889, 44.41678], [-79.85196, 44.4198], [-79.85133, 44.41909], [-79.84461, 44.42197]]], [[[-79.87964, 44.42759], [-79.88384, 44.43243], [-79.89111, 44.42922], [-79.88687, 44.42446], [-79.87964, 44.42759]]], [[[-79.86198, 44.34939], [-79.87189, 44.36009], [-79.87536, 44.35938], [-79.8663, 44.34851], [-79.86198, 44.34939]]], [[[-79.78304, 44.43621], [-79.784, 44.43729], [-79.78469, 44.43781], [-79.78749, 44.441], [-79.79451, 44.43793], [-79.79474, 44.43736], [-79.79082, 44.43292], [-79.78304, 44.43621]]], [[[-79.8895, 44.35647], [-79.893, 44.35574], [-79.89306, 44.35236], [-79.89277, 44.35115], [-79.8924, 44.35058], [-79.89252, 44.35032], [-79.89234, 44.34881], [-79.89112, 44.3433], [-79.8826, 44.34509], [-79.88382, 44.35126], [-79.88809, 44.35034], [-79.8895, 44.35647]]], [[[-79.77753, 44.42827], [-79.77634, 44.42851], [-79.7829, 44.43606], [-79.79068, 44.43277], [-79.78514, 44.42666], [-79.78371, 44.4264], [-79.78331, 44.426], [-79.78349, 44.42495], [-79.78325, 44.42543], [-79.78225, 44.42596], [-79.78196, 44.42524], [-79.7822, 44.42498], [-79.7822, 44.4247], [-79.78149, 44.42504], [-79.78062, 44.42407], [-79.78211, 44.42339], [-79.78094, 44.42205], [-79.77929, 44.42202], [-79.77851, 44.42222], [-79.77937, 44.42361], [-79.77948, 44.42429], [-79.77999, 44.42492], [-79.78106, 44.42531], [-79.78162, 44.42674], [-79.78144, 44.42712], [-79.7806, 44.42761], [-79.77844, 44.42794], [-79.77705, 44.42626], [-79.77707, 44.42567], [-79.77588, 44.42469], [-79.77545, 44.42378], [-79.77498, 44.42402], [-79.77545, 44.42455], [-79.77517, 44.42468], [-79.77543, 44.42529], [-79.77611, 44.42579], [-79.77663, 44.42702], [-79.77721, 44.42768], [-79.77741, 44.4276], [-79.77753, 44.42827]]], [[[-79.84037, 44.41727], [-79.84705, 44.41429], [-79.84779, 44.41512], [-79.8547, 44.41209], [-79.85052, 44.40741], [-79.84361, 44.41043], [-79.84285, 44.40957], [-79.83615, 44.41257], [-79.84037, 44.41727]]], [[[-79.87204, 44.36025], [-79.88765, 44.37708], [-79.88808, 44.376], [-79.88775, 44.37035], [-79.88785, 44.36982], [-79.88491, 44.37042], [-79.88393, 44.36941], [-79.88332, 44.36694], [-79.88277, 44.36636], [-79.88274, 44.36622], [-79.88308, 44.36594], [-79.88219, 44.36234], [-79.88145, 44.36184], [-79.87917, 44.36104], [-79.87881, 44.36071], [-79.8789, 44.36043], [-79.87916, 44.36028], [-79.88043, 44.35984], [-79.88123, 44.35929], [-79.8814, 44.35911], [-79.88122, 44.35837], [-79.87204, 44.36025]]], [[[-79.91364, 44.37709], [-79.91652, 44.38943], [-79.92058, 44.38858], [-79.92082, 44.38743], [-79.92342, 44.38516], [-79.92679, 44.38326], [-79.92808, 44.38228], [-79.93058, 44.38109], [-79.93041, 44.38025], [-79.92298, 44.38175], [-79.9215, 44.37552], [-79.91364, 44.37709]]], [[[-79.87398, 44.37137], [-79.86468, 44.37551], [-79.86629, 44.3773], [-79.88133, 44.3706], [-79.8703, 44.3587], [-79.86265, 44.36211], [-79.86462, 44.3643], [-79.85747, 44.36749], [-79.86418, 44.37495], [-79.87348, 44.37081], [-79.87398, 44.37137]]], [[[-79.83912, 44.34705], [-79.84944, 44.35855], [-79.86421, 44.35213], [-79.85433, 44.34133], [-79.83912, 44.34705]]], [[[-79.83602, 44.41241], [-79.84292, 44.40933], [-79.84369, 44.41018], [-79.85038, 44.40726], [-79.83784, 44.39321], [-79.83094, 44.39622], [-79.8301, 44.39528], [-79.82336, 44.39829], [-79.83602, 44.41241]]], [[[-79.85224, 44.37369], [-79.84474, 44.37704], [-79.84894, 44.38173], [-79.86396, 44.37504], [-79.85123, 44.36087], [-79.84341, 44.36438], [-79.84286, 44.36389], [-79.8379, 44.36584], [-79.83568, 44.36689], [-79.8446, 44.37688], [-79.8521, 44.37354], [-79.85224, 44.37369]]], [[[-79.91091, 44.40217], [-79.9096, 44.39719], [-79.91189, 44.39671], [-79.91047, 44.39065], [-79.9122, 44.39029], [-79.91362, 44.39635], [-79.91769, 44.3955], [-79.91199, 44.37115], [-79.90524, 44.3725], [-79.90395, 44.3665], [-79.90721, 44.36583], [-79.90496, 44.3559], [-79.90313, 44.35628], [-79.90258, 44.35391], [-79.89812, 44.35485], [-79.89837, 44.35591], [-79.89426, 44.35678], [-79.89403, 44.35571], [-79.89043, 44.35647], [-79.89321, 44.36871], [-79.89167, 44.36903], [-79.8889, 44.35679], [-79.88522, 44.35755], [-79.88561, 44.35914], [-79.88637, 44.35969], [-79.88658, 44.36008], [-79.88653, 44.36049], [-79.88607, 44.36114], [-79.88762, 44.36786], [-79.88815, 44.36938], [-79.8888, 44.36925], [-79.88888, 44.36961], [-79.88812, 44.36976], [-79.88804, 44.36999], [-79.88834, 44.37612], [-79.88782, 44.37727], [-79.90195, 44.3925], [-79.90533, 44.39178], [-79.90662, 44.39753], [-79.91091, 44.40217]], [[-79.90844, 44.3975], [-79.90771, 44.39765], [-79.90635, 44.39156], [-79.90707, 44.39141], [-79.90844, 44.3975]]], [[[-79.87497, 44.4294], [-79.88673, 44.42431], [-79.87248, 44.40839], [-79.88022, 44.40499], [-79.88177, 44.40674], [-79.87426, 44.41004], [-79.8827, 44.41947], [-79.88606, 44.41802], [-79.88621, 44.41864], [-79.88575, 44.41902], [-79.88438, 44.41957], [-79.88428, 44.41998], [-79.8859, 44.42083], [-79.88626, 44.42136], [-79.88665, 44.42158], [-79.88863, 44.42149], [-79.88873, 44.42189], [-79.88855, 44.42294], [-79.88871, 44.42345], [-79.90214, 44.41762], [-79.88558, 44.39908], [-79.88579, 44.39898], [-79.89821, 44.41278], [-79.90594, 44.40944], [-79.90579, 44.40926], [-79.91382, 44.40581], [-79.8835, 44.37294], [-79.8684, 44.37964], [-79.87262, 44.38434], [-79.87241, 44.38444], [-79.86704, 44.37846], [-79.85951, 44.3818], [-79.85682, 44.3788], [-79.8493, 44.38214], [-79.85733, 44.39111], [-79.84223, 44.3978], [-79.86968, 44.42852], [-79.87291, 44.42709], [-79.87497, 44.4294]], [[-79.87047, 44.40581], [-79.87006, 44.40535], [-79.87383, 44.40369], [-79.87425, 44.40415], [-79.87047, 44.40581]]]]}}, {"type": "Feature", "properties": {"id": "on-ca-4", "name": "Waterdown Woods Natural Area", "hunting_allowed": null, "basis": "ca_permit", "permit_required": true, "authority": "Halton Region Conservation Authority", "management_plan": "Waterdown \u2013 Sassafras Woods Heritage Lands Management Plan \u2013 Final Report, 2017"}, "geometry": {"type": "MultiPolygon", "coordinates": [[[[-79.86, 43.33834], [-79.85704, 43.33818], [-79.85657, 43.34092], [-79.85812, 43.33974], [-79.86, 43.33834]]], [[[-79.85614, 43.34126], [-79.85666, 43.33816], [-79.8559, 43.33812], [-79.8564, 43.33846], [-79.85234, 43.34156], [-79.8541, 43.34281], [-79.85614, 43.34126]]], [[[-79.86505, 43.33821], [-79.86624, 43.33725], [-79.86793, 43.33651], [-79.8682, 43.33591], [-79.86819, 43.33559], [-79.86838, 43.33572], [-79.86849, 43.33542], [-79.86939, 43.33463], [-79.87104, 43.33344], [-79.87201, 43.33215], [-79.87128, 43.33163], [-79.87034, 43.33346], [-79.86991, 43.33388], [-79.86933, 43.33405], [-79.86858, 43.33476], [-79.86756, 43.33534], [-79.86716, 43.33536], [-79.8662, 43.33447], [-79.86222, 43.33724], [-79.86339, 43.33812], [-79.86418, 43.33756], [-79.86505, 43.33821]]], [[[-79.8541, 43.34281], [-79.85145, 43.34484], [-79.85186, 43.34521], [-79.85176, 43.34529], [-79.85252, 43.34503], [-79.85444, 43.34475], [-79.85461, 43.34519], [-79.85447, 43.34571], [-79.85528, 43.34582], [-79.8558, 43.34615], [-79.85732, 43.34509], [-79.8597, 43.34676], [-79.85964, 43.34577], [-79.85878, 43.3456], [-79.85839, 43.3453], [-79.85859, 43.34517], [-79.85961, 43.34552], [-79.85965, 43.34513], [-79.8579, 43.34466], [-79.85905, 43.3432], [-79.85684, 43.34156], [-79.85897, 43.33994], [-79.86132, 43.34168], [-79.86322, 43.3401], [-79.86074, 43.33836], [-79.85684, 43.34134], [-79.85576, 43.34398], [-79.85545, 43.34377], [-79.85627, 43.34177], [-79.85452, 43.34311], [-79.8541, 43.34281]]]]}}, {"type": "Feature", "properties": {"id": "on-ca-5", "name": "Waterdown Woods Natural Area", "hunting_allowed": null, "basis": "ca_permit", "permit_required": true, "authority": "Halton Region Conservation Authority", "management_plan": "Waterdown \u2013 Sassafras Woods Heritage Lands Management Plan \u2013 Final Report, 2017"}, "geometry": {"type": "MultiPolygon", "coordinates": [[[[-79.86716, 43.33695], [-79.86624, 43.33725], [-79.86575, 43.33772], [-79.86549, 43.33799], [-79.86625, 43.33725], [-79.86716, 43.33695]]], [[[-79.86549, 43.33799], [-79.86342, 43.33996], [-79.86121, 43.34175], [-79.86119, 43.34188], [-79.86412, 43.34398], [-79.87046, 43.33941], [-79.86876, 43.33829], [-79.86786, 43.33816], [-79.8665, 43.33826], [-79.86549, 43.33799]]], [[[-79.86717, 43.33695], [-79.86913, 43.33834], [-79.86938, 43.33814], [-79.86861, 43.3376], [-79.86939, 43.337], [-79.8702, 43.33757], [-79.86917, 43.33837], [-79.87057, 43.33933], [-79.87974, 43.33246], [-79.87921, 43.33207], [-79.8796, 43.33178], [-79.87613, 43.32932], [-79.87377, 43.3306], [-79.87181, 43.33233], [-79.87104, 43.33344], [-79.86939, 43.33463], [-79.86849, 43.33542], [-79.86838, 43.33572], [-79.86819, 43.33559], [-79.8682, 43.33591], [-79.86793, 43.33651], [-79.86717, 43.33695]]]]}}, {"type": "Feature", "properties": {"id": "on-ca-6", "name": "Altona Forest Conservation Area", "hunting_allowed": null, "basis": "ca_permit", "permit_required": true, "authority": "Toronto and Region Conservation Authority", "management_plan": "Altona Forest Environmental Management Plan, 1996"}, "geometry": {"type": "Polygon", "coordinates": [[[-79.13355, 43.82489], [-79.13258, 43.82587], [-79.13268, 43.82644], [-79.13337, 43.82718], [-79.13431, 43.82745], [-79.13541, 43.82802], [-79.13573, 43.82886], [-79.13629, 43.82949], [-79.13721, 43.83171], [-79.13405, 43.83236], [-79.13498, 43.83454], [-79.13436, 43.8348], [-79.13449, 43.8351], [-79.13368, 43.83526], [-79.13433, 43.8368], [-79.14047, 43.83278], [-79.13955, 43.83062], [-79.13973, 43.83058], [-79.13907, 43.82903], [-79.14129, 43.82846], [-79.13903, 43.82332], [-79.13865, 43.82293], [-79.13815, 43.82297], [-79.13804, 43.82323], [-79.1382, 43.8236], [-79.13738, 43.82379], [-79.13676, 43.82298], [-79.13573, 43.82322], [-79.13585, 43.8236], [-79.13426, 43.82421], [-79.13439, 43.82448], [-79.13393, 43.82503], [-79.13355, 43.82489]]]}}, {"type": "Feature", "properties": {"id": "on-ca-7", "name": "Dorchester Swamp Natural Area", "hunting_allowed": null, "basis": "ca_permit", "permit_required": true, "authority": "Upper Thames River Conservation Authority", "management_plan": "Dorchester Swamp Management Strategy, 1997"}, "geometry": {"type": "MultiPolygon", "coordinates": [[[[-81.01307, 42.96656], [-81.01359, 42.96854], [-81.01574, 42.96815], [-81.01532, 42.96721], [-81.01459, 42.9667], [-81.01401, 42.96653], [-81.01307, 42.96656]]], [[[-81.00897, 42.96544], [-81.00537, 42.96601], [-81.00558, 42.96686], [-81.01272, 42.96569], [-81.01221, 42.96368], [-81.00867, 42.96426], [-81.00837, 42.96309], [-81.00657, 42.96337], [-81.00687, 42.96455], [-81.00507, 42.96483], [-81.00522, 42.96542], [-81.00882, 42.96485], [-81.00897, 42.96544]]], [[[-81.02845, 42.95844], [-81.02906, 42.96086], [-81.02532, 42.96144], [-81.02587, 42.96362], [-81.03135, 42.96275], [-81.03018, 42.95813], [-81.02845, 42.95844]]], [[[-81.03118, 42.96159], [-81.03133, 42.96218], [-81.03485, 42.96164], [-81.03499, 42.96217], [-81.03866, 42.96158], [-81.03834, 42.96029], [-81.03742, 42.96042], [-81.03697, 42.95917], [-81.03534, 42.95941], [-81.03499, 42.95815], [-81.03049, 42.95884], [-81.03088, 42.96041], [-81.0344, 42.95987], [-81.0347, 42.96105], [-81.03118, 42.96159]]], [[[-81.03267, 42.96749], [-81.03282, 42.96808], [-81.03645, 42.96752], [-81.03678, 42.9687], [-81.04032, 42.96816], [-81.03966, 42.96555], [-81.04316, 42.96502], [-81.04308, 42.96447], [-81.03953, 42.96503], [-81.03886, 42.96239], [-81.03519, 42.96298], [-81.03545, 42.964], [-81.03193, 42.96456], [-81.03237, 42.96631], [-81.03595, 42.96576], [-81.03628, 42.96694], [-81.03267, 42.96749]]], [[[-81.00865, 42.97163], [-81.00685, 42.97191], [-81.0072, 42.97328], [-81.01439, 42.97215], [-81.01295, 42.96657], [-81.00582, 42.96778], [-81.00656, 42.97073], [-81.00836, 42.97045], [-81.00865, 42.97163]]], [[[-81.03155, 42.96356], [-81.02076, 42.96533], [-81.02006, 42.96552], [-81.01952, 42.96587], [-81.01916, 42.96633], [-81.01906, 42.96722], [-81.01846, 42.9677], [-81.01768, 42.96798], [-81.01811, 42.9699], [-81.02278, 42.97084], [-81.033, 42.96928], [-81.03155, 42.96356]]], [[[-81.00567, 42.96769], [-80.98779, 42.97054], [-80.98823, 42.97328], [-80.98898, 42.97616], [-81.00708, 42.9733], [-81.00614, 42.96957], [-81.00253, 42.97014], [-81.00243, 42.96974], [-81.00604, 42.96918], [-81.00567, 42.96769]]]]}}, {"type": "Feature", "properties": {"id": "on-ca-8", "name": "Dorchester Swamp Natural Area", "hunting_allowed": null, "basis": "ca_permit", "permit_required": true, "authority": "Upper Thames River Conservation Authority", "management_plan": "Dorchester Swamp Management Strategy, 1997"}, "geometry": {"type": "MultiPolygon", "coordinates": [[[[-81.03133, 42.96218], [-81.03147, 42.96273], [-81.03499, 42.96217], [-81.03485, 42.96164], [-81.03133, 42.96218]]], [[[-81.03612, 42.96635], [-81.03252, 42.9669], [-81.03267, 42.96749], [-81.03628, 42.96694], [-81.03612, 42.96635]]], [[[-81.03167, 42.96354], [-81.03193, 42.96456], [-81.03545, 42.964], [-81.03519, 42.96298], [-81.03167, 42.96354]]]]}}, {"type": "Feature", "properties": {"id": "on-ca-9", "name": "Durham East Cross Forest Conservation Area", "hunting_allowed": null, "basis": "ca_permit", "permit_required": true, "authority": "Kawartha Region Conservation Authority", "management_plan": "Durham East Cross Forest Conservation Area Management Plan"}, "geometry": {"type": "MultiPolygon", "coordinates": [[[[-78.74232, 44.09738], [-78.74468, 44.09681], [-78.74494, 44.09737], [-78.74599, 44.09711], [-78.74384, 44.09261], [-78.74746, 44.09173], [-78.74394, 44.08418], [-78.7369, 44.08584], [-78.74232, 44.09738]]], [[[-78.74535, 44.07071], [-78.73848, 44.07232], [-78.74384, 44.08402], [-78.75078, 44.08236], [-78.74535, 44.07071]]], [[[-78.71533, 44.09777], [-78.7169, 44.10118], [-78.7199, 44.09935], [-78.72101, 44.1017], [-78.72567, 44.10058], [-78.7263, 44.10189], [-78.72781, 44.10152], [-78.72751, 44.10087], [-78.72823, 44.1007], [-78.72853, 44.10135], [-78.73542, 44.09969], [-78.7298, 44.08754], [-78.71599, 44.09088], [-78.71879, 44.09688], [-78.71533, 44.09777]]], [[[-78.71036, 44.07883], [-78.71591, 44.09071], [-78.74028, 44.08485], [-78.73639, 44.07657], [-78.73579, 44.0767], [-78.73407, 44.0733], [-78.73347, 44.07343], [-78.73519, 44.07684], [-78.73399, 44.07711], [-78.73227, 44.0737], [-78.73107, 44.07397], [-78.7328, 44.07739], [-78.72968, 44.0781], [-78.72896, 44.07779], [-78.72781, 44.07775], [-78.7261, 44.07734], [-78.72509, 44.07533], [-78.71036, 44.07883]], [[-78.72601, 44.07833], [-78.72509, 44.07833], [-78.72367, 44.07795], [-78.72339, 44.07724], [-78.72598, 44.0774], [-78.72601, 44.07833]], [[-78.7379, 44.08065], [-78.7383, 44.08151], [-78.73353, 44.08264], [-78.73313, 44.08178], [-78.7379, 44.08065]], [[-78.73284, 44.08142], [-78.73044, 44.0819], [-78.72968, 44.08027], [-78.73195, 44.07954], [-78.73284, 44.08142]], [[-78.72893, 44.07787], [-78.72966, 44.07819], [-78.73065, 44.07796], [-78.73138, 44.07963], [-78.72966, 44.08019], [-78.72854, 44.08003], [-78.72893, 44.07787]], [[-78.72916, 44.08216], [-78.7276, 44.08246], [-78.7284, 44.08433], [-78.72728, 44.08461], [-78.72589, 44.08141], [-78.72508, 44.08036], [-78.72436, 44.07984], [-78.72673, 44.07893], [-78.72703, 44.07933], [-78.7285, 44.08011], [-78.72916, 44.08216]]]]}}, {"type": "Feature", "properties": {"id": "on-ca-10", "name": "Ellice Swamp Tract", "hunting_allowed": null, "basis": "ca_permit", "permit_required": true, "authority": "Upper Thames River Conservation Authority", "management_plan": "Ellice and Gads Hill Swamp Conservation Management Guiding Document, March 2004."}, "geometry": {"type": "MultiPolygon", "coordinates": [[[[-80.95161, 43.4671], [-80.96694, 43.47391], [-80.97349, 43.466], [-80.97564, 43.46697], [-80.98222, 43.45904], [-80.97318, 43.45502], [-80.96669, 43.46292], [-80.95826, 43.45913], [-80.95161, 43.4671]]], [[[-80.93043, 43.47977], [-80.92896, 43.48145], [-80.92449, 43.47939], [-80.91906, 43.48577], [-80.93237, 43.49144], [-80.94987, 43.49926], [-80.95619, 43.49114], [-80.96269, 43.48317], [-80.96239, 43.48303], [-80.96896, 43.47502], [-80.95149, 43.46726], [-80.94651, 43.47336], [-80.94221, 43.47146], [-80.94157, 43.47374], [-80.94124, 43.4736], [-80.93468, 43.48164], [-80.93043, 43.47977]]]]}}, {"type": "Feature", "properties": {"id": "on-ca-11", "name": "Scanlon Creek Conservation Area", "hunting_allowed": null, "basis": "ca_permit", "permit_required": true, "authority": "Lake Simcoe Region Conservation Authority", "management_plan": "Scanlon Creek Conservation Area Management Plan, 2015"}, "geometry": {"type": "MultiPolygon", "coordinates": [[[[-79.52302, 44.15821], [-79.52054, 44.15855], [-79.52047, 44.15919], [-79.52018, 44.15965], [-79.51895, 44.16084], [-79.518, 44.16204], [-79.52075, 44.16144], [-79.52198, 44.16054], [-79.5227, 44.15977], [-79.52302, 44.15821]]], [[[-79.55892, 44.15457], [-79.55183, 44.15616], [-79.55174, 44.15652], [-79.55318, 44.16224], [-79.56054, 44.16063], [-79.55892, 44.15457]]], [[[-79.531, 44.15172], [-79.52903, 44.15248], [-79.52723, 44.15255], [-79.52627, 44.1532], [-79.52604, 44.15383], [-79.5264, 44.15518], [-79.52642, 44.15601], [-79.52593, 44.15672], [-79.52442, 44.15755], [-79.52409, 44.15797], [-79.52416, 44.15907], [-79.52404, 44.15962], [-79.52381, 44.16011], [-79.52251, 44.16142], [-79.52271, 44.16215], [-79.52546, 44.15998], [-79.52643, 44.15654], [-79.52682, 44.15621], [-79.5279, 44.15277], [-79.5303, 44.15229], [-79.53251, 44.16039], [-79.53654, 44.1595], [-79.53484, 44.15343], [-79.53512, 44.15336], [-79.5343, 44.15009], [-79.5342, 44.1503], [-79.53339, 44.15042], [-79.53281, 44.15078], [-79.53174, 44.15109], [-79.531, 44.15172]]], [[[-79.54319, 44.15159], [-79.54276, 44.15168], [-79.54355, 44.15452], [-79.55165, 44.15282], [-79.55248, 44.14949], [-79.55, 44.15005], [-79.54955, 44.14993], [-79.5489, 44.14393], [-79.54213, 44.1454], [-79.54183, 44.1461], [-79.54319, 44.15159]]], [[[-79.56481, 44.14663], [-79.55275, 44.14944], [-79.55107, 44.15615], [-79.5656, 44.15287], [-79.5668, 44.15246], [-79.56751, 44.15245], [-79.57274, 44.15131], [-79.57344, 44.15057], [-79.57306, 44.14863], [-79.57168, 44.14877], [-79.57138, 44.1475], [-79.57163, 44.14745], [-79.57155, 44.14709], [-79.57171, 44.14705], [-79.5713, 44.14526], [-79.56507, 44.14666], [-79.56355, 44.14064], [-79.56331, 44.1407], [-79.56481, 44.14663]]]]}}, {"type": "Feature", "properties": {"id": "on-ca-12", "name": "Upper Credit Conservation Area", "hunting_allowed": null, "basis": "ca_permit", "permit_required": true, "authority": "Credit Valley Conservation Authority", "management_plan": "Upper Credit Conservation Area Management Plan, 2016"}, "geometry": {"type": "MultiPolygon", "coordinates": [[[[-80.06233, 43.87926], [-80.06232, 43.88044], [-80.0623, 43.88217], [-80.06253, 43.88169], [-80.06254, 43.88103], [-80.06311, 43.88098], [-80.06377, 43.88021], [-80.06233, 43.87926]]], [[[-80.06195, 43.88646], [-80.06202, 43.88701], [-80.06275, 43.88881], [-80.06319, 43.88841], [-80.06333, 43.88806], [-80.06313, 43.88784], [-80.06333, 43.8874], [-80.06308, 43.887], [-80.06327, 43.88662], [-80.06428, 43.88741], [-80.06578, 43.88603], [-80.0661, 43.88518], [-80.06318, 43.88296], [-80.06295, 43.88301], [-80.0623, 43.88238], [-80.06225, 43.88478], [-80.06195, 43.88646]]], [[[-80.0669, 43.89372], [-80.0665, 43.89401], [-80.06681, 43.89424], [-80.07213, 43.88946], [-80.06668, 43.8855], [-80.06485, 43.88718], [-80.06531, 43.88751], [-80.06515, 43.88778], [-80.06561, 43.88804], [-80.06515, 43.88846], [-80.06477, 43.88824], [-80.06435, 43.88864], [-80.06367, 43.88826], [-80.06407, 43.88857], [-80.06383, 43.8888], [-80.06326, 43.88863], [-80.06283, 43.88903], [-80.0636, 43.89102], [-80.06371, 43.89201], [-80.06462, 43.89266], [-80.06521, 43.89223], [-80.0669, 43.89372]]], [[[-80.06119, 43.88578], [-80.06166, 43.88631], [-80.06201, 43.88473], [-80.06216, 43.87452], [-80.06162, 43.8733], [-80.06015, 43.87222], [-80.05493, 43.87693], [-80.05625, 43.87791], [-80.05846, 43.88276], [-80.06107, 43.88589], [-80.06119, 43.88578]]], [[[-80.08212, 43.91443], [-80.08229, 43.91456], [-80.08002, 43.91664], [-80.08074, 43.91762], [-80.07946, 43.91879], [-80.08198, 43.92077], [-80.08206, 43.92103], [-80.08249, 43.92123], [-80.08643, 43.91758], [-80.08277, 43.91491], [-80.08635, 43.91158], [-80.08387, 43.91037], [-80.08407, 43.91027], [-80.08173, 43.90914], [-80.08051, 43.90873], [-80.08013, 43.90903], [-80.08075, 43.90948], [-80.08012, 43.90992], [-80.07951, 43.90947], [-80.0772, 43.91111], [-80.07729, 43.91117], [-80.07642, 43.91187], [-80.07707, 43.91215], [-80.07744, 43.91258], [-80.07695, 43.91294], [-80.07717, 43.91311], [-80.0768, 43.91344], [-80.07692, 43.91361], [-80.07865, 43.91491], [-80.07991, 43.91645], [-80.08212, 43.91443]]]]}}, {"type": "Feature", "properties": {"id": "on-ca-13", "name": "Wainfleet Bog Conservation Area", "hunting_allowed": null, "basis": "ca_permit", "permit_required": true, "authority": "Niagara Peninsula Conservation Authority"}, "geometry": {"type": "MultiPolygon", "coordinates": [[[[-79.33171, 42.90955], [-79.33184, 42.91383], [-79.3334, 42.91383], [-79.33336, 42.90954], [-79.33171, 42.90955]]], [[[-79.29585, 42.9274], [-79.32339, 42.92677], [-79.32337, 42.92492], [-79.32706, 42.92489], [-79.32685, 42.9096], [-79.32652, 42.9096], [-79.32623, 42.89149], [-79.3261, 42.8914], [-79.32124, 42.89625], [-79.32125, 42.89673], [-79.31627, 42.89863], [-79.31625, 42.90022], [-79.31114, 42.90138], [-79.31115, 42.90971], [-79.29582, 42.90982], [-79.2958, 42.90849], [-79.29094, 42.90854], [-79.29099, 42.90987], [-79.28341, 42.90994], [-79.28341, 42.91049], [-79.28096, 42.91116], [-79.28109, 42.91976], [-79.29138, 42.91959], [-79.29145, 42.92436], [-79.2958, 42.92429], [-79.29585, 42.9274]]]]}}, {"type": "Feature", "properties": {"id": "on-ca-14", "name": "Stone Road Alvar Conservation Area", "hunting_allowed": null, "basis": "ca_permit", "permit_required": true, "authority": "Essex Region Conservation Authority"}, "geometry": {"type": "MultiPolygon", "coordinates": [[[[-82.62265, 41.74881], [-82.62193, 41.74928], [-82.62119, 41.75018], [-82.62202, 41.75061], [-82.62305, 41.74949], [-82.62265, 41.74881]]], [[[-82.62866, 41.75753], [-82.63267, 41.75754], [-82.62707, 41.7472], [-82.62302, 41.749], [-82.62332, 41.74951], [-82.62192, 41.75104], [-82.62176, 41.7517], [-82.6225, 41.75359], [-82.62316, 41.75451], [-82.62518, 41.7545], [-82.62623, 41.75595], [-82.62421, 41.75596], [-82.62467, 41.75699], [-82.62849, 41.75698], [-82.62866, 41.75753]]]]}}, {"type": "Feature", "properties": {"id": "on-ca-15", "name": "Warsaw Caves Conservation Area", "hunting_allowed": null, "basis": "ca_permit", "permit_required": true, "authority": "Otonabee Region Conservation Authority", "management_plan": "Conservation Area Management Statement: Warsaw Caves Conservation Area, 2017"}, "geometry": {"type": "MultiPolygon", "coordinates": [[[[-78.12193, 44.45209], [-78.12076, 44.45239], [-78.12186, 44.4549], [-78.12183, 44.45394], [-78.12227, 44.45341], [-78.1221, 44.45245], [-78.12193, 44.45209]]], [[[-78.11912, 44.46057], [-78.12154, 44.46065], [-78.12384, 44.45998], [-78.12192, 44.45563], [-78.12088, 44.45667], [-78.12021, 44.45706], [-78.12005, 44.4569], [-78.11959, 44.45702], [-78.11959, 44.45716], [-78.11869, 44.4576], [-78.11858, 44.45785], [-78.11739, 44.45871], [-78.11741, 44.45938], [-78.11759, 44.45969], [-78.11912, 44.46057]]], [[[-78.11577, 44.46142], [-78.11892, 44.46215], [-78.12402, 44.46285], [-78.1254, 44.46347], [-78.12461, 44.46174], [-78.12426, 44.46135], [-78.1243, 44.46113], [-78.12478, 44.46076], [-78.12464, 44.46047], [-78.12431, 44.46028], [-78.12384, 44.46019], [-78.12312, 44.46059], [-78.12151, 44.46105], [-78.11948, 44.46097], [-78.11759, 44.46015], [-78.11692, 44.45944], [-78.11686, 44.45874], [-78.11733, 44.45789], [-78.11951, 44.4567], [-78.12089, 44.45616], [-78.12169, 44.4551], [-78.12052, 44.45245], [-78.11772, 44.45314], [-78.11717, 44.45372], [-78.11653, 44.4555], [-78.11569, 44.45685], [-78.11478, 44.45903], [-78.11542, 44.46042], [-78.1144, 44.46067], [-78.11577, 44.46142]]], [[[-78.12706, 44.4631], [-78.12784, 44.46488], [-78.13119, 44.46369], [-78.1323, 44.46207], [-78.13422, 44.461], [-78.13221, 44.45672], [-78.14005, 44.45487], [-78.13955, 44.4538], [-78.14029, 44.4536], [-78.13958, 44.45206], [-78.13105, 44.45424], [-78.1297, 44.45135], [-78.13825, 44.44921], [-78.13702, 44.44667], [-78.12899, 44.44868], [-78.12506, 44.44093], [-78.12423, 44.44115], [-78.12235, 44.445], [-78.12226, 44.44605], [-78.1217, 44.44651], [-78.12236, 44.44884], [-78.1222, 44.45137], [-78.12272, 44.45331], [-78.12207, 44.45537], [-78.12293, 44.45733], [-78.1315, 44.45519], [-78.13158, 44.45536], [-78.12301, 44.4575], [-78.12409, 44.45995], [-78.12453, 44.46002], [-78.12524, 44.4607], [-78.12617, 44.46059], [-78.12595, 44.46088], [-78.12668, 44.46092], [-78.1265, 44.46108], [-78.12561, 44.46092], [-78.12555, 44.46118], [-78.12499, 44.46099], [-78.12456, 44.4612], [-78.1245, 44.46148], [-78.12485, 44.46166], [-78.12505, 44.46209], [-78.12549, 44.46213], [-78.12594, 44.46248], [-78.12669, 44.4624], [-78.12686, 44.46253], [-78.12654, 44.46255], [-78.12649, 44.46296], [-78.12706, 44.4631]]]]}}, {"type": "Feature", "properties": {"id": "on-ca-16", "name": "Beaver River Wetland Conservation Area", "hunting_allowed": null, "basis": "ca_permit", "permit_required": true, "authority": "Lake Simcoe Region Conservation Authority", "management_plan": "Beaver River Wetland Conservation Area Management Plan, 2019"}, "geometry": {"type": "MultiPolygon", "coordinates": [[[[-79.06117, 44.26003], [-79.06206, 44.25984], [-79.0625, 44.25628], [-79.06203, 44.25424], [-79.06075, 44.25222], [-79.0598, 44.2533], [-79.05846, 44.2536], [-79.06117, 44.26003]]], [[[-79.0471, 44.29939], [-79.04633, 44.30284], [-79.04628, 44.30428], [-79.04652, 44.30701], [-79.04689, 44.30786], [-79.05046, 44.30705], [-79.0471, 44.29939]]], [[[-79.03646, 44.34238], [-79.03948, 44.34035], [-79.04136, 44.33867], [-79.0404, 44.33656], [-79.03351, 44.3381], [-79.03499, 44.34128], [-79.03527, 44.34225], [-79.03629, 44.34202], [-79.03646, 44.34238]]], [[[-79.04146, 44.29535], [-79.03737, 44.29627], [-79.03906, 44.30013], [-79.03606, 44.30081], [-79.0371, 44.30318], [-79.04062, 44.3024], [-79.04008, 44.30116], [-79.04363, 44.30035], [-79.04146, 44.29535]]], [[[-79.01241, 44.37766], [-79.0142, 44.37571], [-79.01526, 44.37415], [-79.01593, 44.37283], [-79.01437, 44.37321], [-79.01203, 44.3683], [-79.01148, 44.36843], [-79.01117, 44.36778], [-79.00808, 44.36854], [-79.01241, 44.37766]]], [[[-79.05677, 44.21185], [-79.06065, 44.22089], [-79.06208, 44.21817], [-79.06279, 44.2153], [-79.06285, 44.21326], [-79.06266, 44.21327], [-79.06258, 44.21231], [-79.06201, 44.21234], [-79.06186, 44.21068], [-79.05677, 44.21185]]], [[[-79.00722, 44.384], [-79.00403, 44.38775], [-79.00312, 44.38932], [-79.00255, 44.39067], [-79.00246, 44.39095], [-79.00343, 44.39308], [-79.01056, 44.39134], [-79.00722, 44.384]]], [[[-79.04762, 44.32126], [-79.04183, 44.32259], [-79.04643, 44.33265], [-79.0477, 44.33082], [-79.04828, 44.32888], [-79.04828, 44.32769], [-79.04762, 44.32126]]], [[[-79.04657, 44.23972], [-79.04759, 44.24056], [-79.05223, 44.23953], [-79.05118, 44.23797], [-79.05066, 44.2368], [-79.05036, 44.23531], [-79.05042, 44.23389], [-79.04911, 44.23075], [-79.04833, 44.23099], [-79.04801, 44.23259], [-79.04269, 44.23393], [-79.04401, 44.23695], [-79.04519, 44.23708], [-79.04619, 44.23873], [-79.04748, 44.23816], [-79.0491, 44.23806], [-79.05076, 44.23853], [-79.05139, 44.23922], [-79.04997, 44.23842], [-79.04807, 44.23824], [-79.04715, 44.23844], [-79.04622, 44.23888], [-79.04657, 44.23972]]], [[[-79.04004, 44.30959], [-79.03646, 44.31038], [-79.04177, 44.32241], [-79.04527, 44.32161], [-79.04004, 44.30959]]], [[[-79.04801, 44.24716], [-79.05514, 44.24557], [-79.053, 44.24061], [-79.05234, 44.23969], [-79.05182, 44.23981], [-79.0527, 44.24103], [-79.05222, 44.24114], [-79.05134, 44.23991], [-79.04425, 44.2415], [-79.04607, 44.24582], [-79.04732, 44.24553], [-79.04801, 44.24716]]], [[[-79.05459, 44.26803], [-79.05427, 44.26926], [-79.05057, 44.27085], [-79.05168, 44.27301], [-79.04769, 44.27398], [-79.04926, 44.27854], [-79.04892, 44.27931], [-79.04664, 44.28043], [-79.04692, 44.28106], [-79.05384, 44.2795], [-79.05364, 44.27907], [-79.0583, 44.27197], [-79.05636, 44.26763], [-79.05459, 44.26803]]], [[[-79.0838, 44.13001], [-79.08647, 44.13612], [-79.09393, 44.13447], [-79.09697, 44.13014], [-79.09787, 44.1295], [-79.09903, 44.12912], [-79.09801, 44.1268], [-79.09371, 44.12778], [-79.09312, 44.12846], [-79.09153, 44.12966], [-79.09127, 44.12905], [-79.09262, 44.12803], [-79.0838, 44.13001]]], [[[-79.04469, 44.29432], [-79.04719, 44.29376], [-79.04844, 44.29275], [-79.04821, 44.29366], [-79.04862, 44.29357], [-79.04886, 44.29263], [-79.04975, 44.2932], [-79.05357, 44.29238], [-79.05351, 44.29225], [-79.05171, 44.29264], [-79.04993, 44.28852], [-79.05119, 44.28368], [-79.05205, 44.28174], [-79.05313, 44.27985], [-79.0469, 44.28125], [-79.04449, 44.28479], [-79.04605, 44.28833], [-79.04557, 44.28844], [-79.0458, 44.28899], [-79.0427, 44.28969], [-79.04469, 44.29432]], [[-79.04969, 44.28796], [-79.04932, 44.2871], [-79.04996, 44.28695], [-79.04969, 44.28796]]]]}}, {"type": "Feature", "properties": {"id": "on-ca-17", "name": "Beaver River Wetland Conservation Area", "hunting_allowed": null, "basis": "ca_permit", "permit_required": true, "authority": "Lake Simcoe Region Conservation Authority"}, "geometry": {"type": "Polygon", "coordinates": [[[-79.04008, 44.30116], [-79.04209, 44.30579], [-79.04104, 44.30622], [-79.04023, 44.30684], [-79.03985, 44.30807], [-79.03993, 44.3087], [-79.04065, 44.30927], [-79.04625, 44.308], [-79.04593, 44.30489], [-79.04592, 44.30325], [-79.04615, 44.30161], [-79.04686, 44.29883], [-79.04503, 44.29459], [-79.04147, 44.29538], [-79.04363, 44.30035], [-79.04008, 44.30116]]]}}, {"type": "Feature", "properties": {"id": "on-ca-18", "name": "Carruthers Creek Forest", "hunting_allowed": null, "basis": "ca_permit", "permit_required": true, "authority": "Toronto and Region Conservation Authority, Town of Ajax", "owner": "Toronto and Region Conservation Authority"}, "geometry": {"type": "Polygon", "coordinates": [[[-78.99467, 43.83625], [-78.99498, 43.83648], [-78.99446, 43.83668], [-78.99358, 43.83635], [-78.99498, 43.83961], [-78.99977, 43.83857], [-79.00171, 43.84305], [-79.0021, 43.84251], [-79.0026, 43.8424], [-79.00229, 43.84137], [-79.00247, 43.84134], [-79.0021, 43.84054], [-79.00152, 43.84004], [-79.00135, 43.83943], [-79.00086, 43.83909], [-79.0004, 43.83838], [-78.99974, 43.8385], [-78.99895, 43.83675], [-78.9984, 43.83675], [-78.99754, 43.83637], [-78.99717, 43.83568], [-78.99654, 43.83566], [-78.99626, 43.83543], [-78.99627, 43.8351], [-78.99653, 43.8349], [-78.99753, 43.83477], [-78.99915, 43.83404], [-78.9989, 43.83343], [-78.99887, 43.83285], [-78.99906, 43.83213], [-78.99711, 43.83248], [-78.9968, 43.83172], [-78.99531, 43.83216], [-78.99347, 43.83172], [-78.99295, 43.83152], [-78.99284, 43.83126], [-78.99258, 43.83135], [-78.99179, 43.83108], [-78.99137, 43.83117], [-78.99184, 43.83228], [-78.99277, 43.83228], [-78.99355, 43.83258], [-78.99461, 43.83274], [-78.9959, 43.8327], [-78.99616, 43.83289], [-78.99644, 43.83334], [-78.99638, 43.83362], [-78.99557, 43.83447], [-78.99539, 43.83517], [-78.99458, 43.83569], [-78.99501, 43.83593], [-78.99467, 43.83625]]]}}, {"type": "Feature", "properties": {"id": "on-ca-19", "name": "Carruthers Marsh", "hunting_allowed": null, "basis": "ca_permit", "permit_required": true, "authority": "Toronto and Region Conservation Authority, Town of Ajax", "owner": "Toronto and Region Conservation Authority"}, "geometry": {"type": "MultiPolygon", "coordinates": [[[[-78.98927, 43.83164], [-78.99036, 43.83257], [-78.99158, 43.83228], [-78.991, 43.83092], [-78.98898, 43.83137], [-78.98916, 43.83149], [-78.98973, 43.83139], [-78.98927, 43.83164]]], [[[-78.98467, 43.83061], [-78.9876, 43.83148], [-78.98831, 43.83133], [-78.98654, 43.82719], [-78.98592, 43.82705], [-78.98368, 43.82699], [-78.98188, 43.82763], [-78.98203, 43.82791], [-78.98333, 43.82893], [-78.98333, 43.82936], [-78.983, 43.82959], [-78.98467, 43.83061]]]]}}, {"type": "Feature", "properties": {"id": "on-ca-20", "name": "Shoal Point Marsh", "hunting_allowed": null, "basis": "ca_permit", "permit_required": true, "authority": "Toronto and Region Conservation Authority, Town of Ajax", "owner": "Toronto and Region Conservation Authority"}, "geometry": {"type": "MultiPolygon", "coordinates": [[[[-78.9929, 43.83537], [-78.99222, 43.83552], [-78.99252, 43.83663], [-78.99327, 43.83645], [-78.9929, 43.83537]]], [[[-78.98854, 43.83673], [-78.99072, 43.83773], [-78.99305, 43.83724], [-78.99358, 43.83694], [-78.99333, 43.83659], [-78.99335, 43.83688], [-78.99125, 43.83741], [-78.98851, 43.83635], [-78.98821, 43.83641], [-78.98854, 43.83673]]], [[[-78.98836, 43.84189], [-78.99022, 43.84144], [-78.98802, 43.83637], [-78.98728, 43.83658], [-78.98658, 43.83722], [-78.98652, 43.83781], [-78.9862, 43.83808], [-78.98598, 43.83862], [-78.98564, 43.83888], [-78.98557, 43.8398], [-78.98648, 43.84143], [-78.98689, 43.84133], [-78.98722, 43.84167], [-78.98832, 43.84145], [-78.98836, 43.84189]]]]}}, {"type": "Feature", "properties": {"id": "on-ca-21", "name": "Betty Sutherland Trail Park-Moatfield Farm Park", "hunting_allowed": null, "basis": "ca_permit", "permit_required": true, "authority": "City of Toronto, Toronto and Region Conservation Authority", "management_plan": "Toronto Environmentally Significant Areas: Management Summaries (2018 Draft, North-South Environmental Inc.)"}, "geometry": {"type": "Polygon", "coordinates": [[[-79.34832, 43.76205], [-79.34838, 43.76315], [-79.34856, 43.76332], [-79.34826, 43.76401], [-79.34746, 43.76447], [-79.34729, 43.76635], [-79.35799, 43.76582], [-79.3615, 43.76509], [-79.36136, 43.76458], [-79.36155, 43.7639], [-79.3614, 43.76368], [-79.36138, 43.76386], [-79.36032, 43.76372], [-79.35991, 43.76264], [-79.35632, 43.76339], [-79.35584, 43.76278], [-79.35415, 43.76281], [-79.35323, 43.76262], [-79.35141, 43.76293], [-79.351, 43.76269], [-79.35053, 43.76187], [-79.35057, 43.76166], [-79.34993, 43.76189], [-79.34832, 43.76205]]]}}, {"type": "Feature", "properties": {"id": "on-ca-22", "name": "Colonel Danforth Park", "hunting_allowed": null, "basis": "ca_permit", "permit_required": true, "authority": "City of Toronto, Toronto and Region Conservation Authority", "owner": "Toronto and Region Conservation Authority", "management_plan": "Toronto Environmentally Significant Areas: Management Summaries (2018 Draft, North-South Environmental Inc.)"}, "geometry": {"type": "MultiPolygon", "coordinates": [[[[-79.17742, 43.78196], [-79.17772, 43.78186], [-79.17754, 43.78144], [-79.17956, 43.78177], [-79.17818, 43.7785], [-79.1779, 43.77856], [-79.17783, 43.77842], [-79.17414, 43.78113], [-79.17512, 43.78105], [-79.17718, 43.78138], [-79.17742, 43.78196]]], [[[-79.17055, 43.78077], [-79.17243, 43.78099], [-79.17291, 43.78119], [-79.1736, 43.78068], [-79.17408, 43.78091], [-79.17714, 43.77876], [-79.17886, 43.77731], [-79.17852, 43.7765], [-79.17687, 43.7772], [-79.17643, 43.77777], [-79.17564, 43.77789], [-79.17478, 43.77758], [-79.17372, 43.77768], [-79.17379, 43.77783], [-79.17273, 43.77907], [-79.17199, 43.77878], [-79.17055, 43.78077]]], [[[-79.16932, 43.78114], [-79.17174, 43.77798], [-79.17146, 43.77746], [-79.16858, 43.77811], [-79.1688, 43.77863], [-79.16778, 43.77889], [-79.16731, 43.77778], [-79.16689, 43.77735], [-79.16618, 43.77711], [-79.16565, 43.77645], [-79.16406, 43.77616], [-79.16402, 43.77632], [-79.16337, 43.77653], [-79.16341, 43.77633], [-79.16278, 43.77668], [-79.1622, 43.77552], [-79.16152, 43.77548], [-79.16153, 43.77522], [-79.16204, 43.77511], [-79.16182, 43.77429], [-79.16234, 43.77418], [-79.16222, 43.77401], [-79.15668, 43.77532], [-79.15686, 43.77582], [-79.15709, 43.77596], [-79.15737, 43.77572], [-79.15784, 43.77584], [-79.15814, 43.77612], [-79.15782, 43.7764], [-79.15898, 43.7771], [-79.15946, 43.77668], [-79.16252, 43.77851], [-79.16204, 43.77893], [-79.16219, 43.77902], [-79.16267, 43.7786], [-79.16296, 43.77877], [-79.16248, 43.7792], [-79.16343, 43.77976], [-79.16385, 43.77988], [-79.16411, 43.77931], [-79.16522, 43.77906], [-79.1655, 43.77913], [-79.16551, 43.7793], [-79.1651, 43.78019], [-79.16782, 43.78083], [-79.16806, 43.78023], [-79.16897, 43.78042], [-79.1691, 43.78109], [-79.16932, 43.78114]]]]}}, {"type": "Feature", "properties": {"id": "on-ca-23", "name": "East Point Park", "hunting_allowed": null, "basis": "ca_permit", "permit_required": true, "authority": "City of Toronto, Toronto and Region Conservation Authority", "owner": "Toronto and Region Conservation Authority", "management_plan": "East Point Park Management Plan 2005;"}, "geometry": {"type": "MultiPolygon", "coordinates": [[[[-79.15312, 43.76354], [-79.15176, 43.76387], [-79.15198, 43.76439], [-79.15453, 43.76373], [-79.15312, 43.76354]]], [[[-79.14936, 43.76275], [-79.14667, 43.76535], [-79.14504, 43.7662], [-79.14512, 43.76705], [-79.14709, 43.76597], [-79.1483, 43.76454], [-79.15137, 43.76367], [-79.15116, 43.76316], [-79.15139, 43.7631], [-79.15164, 43.76368], [-79.1532, 43.76332], [-79.15441, 43.76354], [-79.16456, 43.76102], [-79.16354, 43.75861], [-79.16782, 43.75765], [-79.16745, 43.75678], [-79.16335, 43.75753], [-79.16044, 43.75826], [-79.1603, 43.75833], [-79.16041, 43.75858], [-79.16018, 43.75865], [-79.16009, 43.75844], [-79.15687, 43.75902], [-79.1551, 43.75919], [-79.1532, 43.75915], [-79.15282, 43.75928], [-79.15123, 43.76056], [-79.14936, 43.76275]]]]}}, {"type": "Feature", "properties": {"id": "on-ca-24", "name": "Humber Marshes", "hunting_allowed": null, "basis": "ca_permit", "permit_required": true, "authority": "City of Toronto, Toronto and Region Conservation Authority", "owner": "City of Toronto", "management_plan": "Toronto Environmentally Significant Areas: Management Summaries (2018 Draft, North-South Environmental Inc.)"}, "geometry": {"type": "MultiPolygon", "coordinates": [[[[-79.47957, 43.63989], [-79.4798, 43.64014], [-79.47983, 43.64009], [-79.47957, 43.63989]]], [[[-79.47415, 43.63377], [-79.4731, 43.63436], [-79.47255, 43.63464], [-79.47384, 43.63451], [-79.47458, 43.63408], [-79.47415, 43.63377]]], [[[-79.48523, 43.64149], [-79.48539, 43.64179], [-79.48612, 43.64186], [-79.48864, 43.64121], [-79.48847, 43.64081], [-79.48775, 43.64097], [-79.48718, 43.63974], [-79.48654, 43.63885], [-79.48581, 43.63844], [-79.48501, 43.63823], [-79.48533, 43.63863], [-79.48554, 43.63966], [-79.48523, 43.64149]]], [[[-79.49165, 43.6475], [-79.49134, 43.64811], [-79.49181, 43.64827], [-79.49233, 43.64727], [-79.49244, 43.6466], [-79.49235, 43.64584], [-79.4909, 43.64448], [-79.49041, 43.64381], [-79.48995, 43.64241], [-79.48953, 43.64167], [-79.48898, 43.64145], [-79.48628, 43.64253], [-79.48534, 43.64247], [-79.48493, 43.64216], [-79.4848, 43.64186], [-79.4847, 43.63953], [-79.4842, 43.63845], [-79.48314, 43.63822], [-79.47995, 43.63856], [-79.47791, 43.63845], [-79.47729, 43.63811], [-79.47679, 43.63747], [-79.47635, 43.63639], [-79.47615, 43.63626], [-79.47512, 43.63428], [-79.47474, 43.63466], [-79.4745, 43.63499], [-79.4746, 43.63592], [-79.47551, 43.63605], [-79.47581, 43.63648], [-79.47521, 43.63662], [-79.47595, 43.63701], [-79.47704, 43.63811], [-79.47849, 43.63896], [-79.47986, 43.64002], [-79.48013, 43.64042], [-79.48077, 43.64002], [-79.48228, 43.64024], [-79.48357, 43.64004], [-79.4846, 43.64047], [-79.48473, 43.64063], [-79.48467, 43.64201], [-79.48505, 43.64243], [-79.48598, 43.64299], [-79.48712, 43.6432], [-79.48942, 43.64322], [-79.48978, 43.6434], [-79.4898, 43.64379], [-79.48913, 43.64452], [-79.4887, 43.64527], [-79.48911, 43.64632], [-79.48982, 43.64688], [-79.49154, 43.64743], [-79.49165, 43.6475]]]]}}, {"type": "Feature", "properties": {"id": "on-ca-25", "name": "Lower Highland Creek-Lower Highland Creek Ravine", "hunting_allowed": null, "basis": "ca_permit", "permit_required": true, "authority": "City of Toronto, Toronto and Region Conservation Authority", "owner": "City of Toronto", "management_plan": "Toronto Environmentally Significant Areas: Management Summaries (2018 Draft, North-South Environmental Inc.)"}, "geometry": {"type": "MultiPolygon", "coordinates": [[[[-79.14844, 43.77609], [-79.14826, 43.77632], [-79.14859, 43.77674], [-79.14922, 43.7766], [-79.1487, 43.77537], [-79.14817, 43.77535], [-79.14699, 43.77407], [-79.14594, 43.7743], [-79.14622, 43.77465], [-79.14664, 43.77477], [-79.14669, 43.77518], [-79.14714, 43.77542], [-79.14727, 43.7759], [-79.14844, 43.77609]]], [[[-79.14515, 43.77432], [-79.14536, 43.77422], [-79.14481, 43.77292], [-79.14384, 43.77236], [-79.14327, 43.77233], [-79.14303, 43.7714], [-79.14272, 43.77129], [-79.14293, 43.77115], [-79.1441, 43.77154], [-79.14421, 43.77182], [-79.14539, 43.77163], [-79.1456, 43.77229], [-79.14634, 43.77256], [-79.14703, 43.77251], [-79.14735, 43.77297], [-79.148, 43.77332], [-79.14949, 43.77317], [-79.15035, 43.77287], [-79.15027, 43.77268], [-79.15089, 43.77242], [-79.1513, 43.77184], [-79.15149, 43.77233], [-79.15284, 43.77327], [-79.15339, 43.7733], [-79.15335, 43.77348], [-79.15366, 43.77383], [-79.15402, 43.77378], [-79.15435, 43.77403], [-79.15444, 43.77439], [-79.15525, 43.77524], [-79.1615, 43.77375], [-79.161, 43.77332], [-79.1609, 43.77344], [-79.15967, 43.77325], [-79.1599, 43.77295], [-79.15976, 43.77291], [-79.15924, 43.77327], [-79.15916, 43.77285], [-79.15881, 43.7723], [-79.15854, 43.77199], [-79.15804, 43.77177], [-79.15497, 43.77144], [-79.15317, 43.76717], [-79.15291, 43.76718], [-79.15256, 43.76776], [-79.15147, 43.76816], [-79.15093, 43.76879], [-79.14787, 43.76949], [-79.14705, 43.76915], [-79.14629, 43.76805], [-79.146, 43.76736], [-79.14568, 43.76762], [-79.14517, 43.76764], [-79.14569, 43.76878], [-79.14513, 43.76975], [-79.14378, 43.77048], [-79.14368, 43.77024], [-79.14356, 43.77029], [-79.14367, 43.77054], [-79.14235, 43.77126], [-79.14212, 43.7721], [-79.14137, 43.77238], [-79.14192, 43.77282], [-79.14223, 43.77358], [-79.14344, 43.77331], [-79.14388, 43.77374], [-79.14487, 43.77368], [-79.14515, 43.77432]]]]}}, {"type": "Feature", "properties": {"id": "on-ca-26", "name": "Morningside Park", "hunting_allowed": null, "basis": "ca_permit", "permit_required": true, "authority": "City of Toronto, Toronto and Region Conservation Authority", "owner": "Toronto and Region Conservation Authority", "management_plan": "Morningside Park Master Plan (Tocher Heyblom Design Inc., 2015)"}, "geometry": {"type": "MultiPolygon", "coordinates": [[[[-79.21052, 43.78224], [-79.21079, 43.78347], [-79.21469, 43.7807], [-79.21228, 43.78157], [-79.21061, 43.78196], [-79.21053, 43.78176], [-79.20997, 43.78188], [-79.21004, 43.78196], [-79.20985, 43.78214], [-79.20996, 43.78239], [-79.21052, 43.78224]]], [[[-79.21705, 43.78123], [-79.21279, 43.78416], [-79.21394, 43.78487], [-79.21421, 43.78552], [-79.21485, 43.78501], [-79.21523, 43.78445], [-79.21514, 43.78426], [-79.21685, 43.78331], [-79.2176, 43.78271], [-79.21759, 43.7824], [-79.21709, 43.78199], [-79.21705, 43.78123]]], [[[-79.22145, 43.78782], [-79.2214, 43.7882], [-79.22329, 43.78906], [-79.22557, 43.78811], [-79.2251, 43.78766], [-79.22458, 43.78759], [-79.22426, 43.78778], [-79.22405, 43.78718], [-79.22469, 43.7868], [-79.22447, 43.78665], [-79.2246, 43.78652], [-79.22443, 43.78645], [-79.22378, 43.78677], [-79.22354, 43.78571], [-79.22493, 43.78566], [-79.22483, 43.78541], [-79.22493, 43.78505], [-79.22543, 43.78505], [-79.22596, 43.78443], [-79.22797, 43.7842], [-79.22861, 43.78307], [-79.22953, 43.78313], [-79.22977, 43.78297], [-79.2312, 43.78283], [-79.23185, 43.78239], [-79.2323, 43.78244], [-79.23349, 43.78162], [-79.23328, 43.78091], [-79.23308, 43.78086], [-79.23262, 43.7812], [-79.23181, 43.78143], [-79.23144, 43.78137], [-79.23039, 43.78166], [-79.22944, 43.78223], [-79.22853, 43.78175], [-79.22786, 43.78213], [-79.22667, 43.78234], [-79.22595, 43.78264], [-79.22545, 43.78305], [-79.22454, 43.78302], [-79.22336, 43.78354], [-79.2231, 43.78385], [-79.22114, 43.78429], [-79.22064, 43.78203], [-79.22046, 43.78204], [-79.2201, 43.78102], [-79.22, 43.7811], [-79.22032, 43.78205], [-79.21904, 43.78213], [-79.21837, 43.78234], [-79.21773, 43.78187], [-79.21747, 43.78184], [-79.21732, 43.78103], [-79.21729, 43.78165], [-79.21796, 43.78252], [-79.21794, 43.78267], [-79.21702, 43.78345], [-79.21563, 43.78426], [-79.21506, 43.78511], [-79.2143, 43.78572], [-79.21437, 43.78589], [-79.21554, 43.78518], [-79.21615, 43.7851], [-79.2166, 43.78465], [-79.21892, 43.78453], [-79.21884, 43.78489], [-79.22014, 43.78596], [-79.22196, 43.78654], [-79.22185, 43.78742], [-79.22145, 43.78782]]], [[[-79.19184, 43.77806], [-79.19099, 43.77886], [-79.19349, 43.78491], [-79.19902, 43.78363], [-79.20285, 43.78294], [-79.20179, 43.78045], [-79.20322, 43.78012], [-79.2019, 43.77906], [-79.204, 43.77842], [-79.20611, 43.77856], [-79.20641, 43.78017], [-79.20669, 43.7808], [-79.20753, 43.78129], [-79.20827, 43.78145], [-79.20992, 43.78082], [-79.21234, 43.78026], [-79.21266, 43.7804], [-79.21329, 43.78028], [-79.21404, 43.7798], [-79.21424, 43.77897], [-79.21384, 43.77881], [-79.2117, 43.77892], [-79.2113, 43.7788], [-79.2094, 43.77755], [-79.2092, 43.77759], [-79.20915, 43.77747], [-79.20952, 43.77715], [-79.20863, 43.7771], [-79.2085, 43.77646], [-79.20725, 43.77573], [-79.20536, 43.77616], [-79.2045, 43.77412], [-79.20471, 43.77378], [-79.20515, 43.77381], [-79.20517, 43.77368], [-79.20482, 43.77358], [-79.20477, 43.77314], [-79.20414, 43.77296], [-79.20323, 43.77217], [-79.2016, 43.7725], [-79.20076, 43.77228], [-79.20056, 43.77203], [-79.20055, 43.7717], [-79.20098, 43.77185], [-79.20115, 43.77172], [-79.20139, 43.77044], [-79.20285, 43.7701], [-79.20461, 43.77033], [-79.20562, 43.77147], [-79.20657, 43.77171], [-79.20745, 43.77231], [-79.20702, 43.77178], [-79.20581, 43.77094], [-79.20654, 43.76986], [-79.20602, 43.76969], [-79.20535, 43.76811], [-79.20409, 43.76699], [-79.20439, 43.76677], [-79.20454, 43.76611], [-79.20361, 43.76469], [-79.20152, 43.76516], [-79.20193, 43.76528], [-79.20044, 43.76552], [-79.20052, 43.76653], [-79.19999, 43.76704], [-79.2, 43.76721], [-79.1997, 43.76711], [-79.19822, 43.76752], [-79.19782, 43.76828], [-79.19771, 43.76923], [-79.19729, 43.76933], [-79.19778, 43.77048], [-79.19754, 43.77053], [-79.19745, 43.77033], [-79.19747, 43.77066], [-79.19723, 43.77104], [-79.19721, 43.77154], [-79.19749, 43.77232], [-79.19714, 43.77279], [-79.19727, 43.77309], [-79.19713, 43.7734], [-79.19651, 43.77381], [-79.19665, 43.77477], [-79.19565, 43.77466], [-79.19471, 43.77496], [-79.19381, 43.77598], [-79.19284, 43.77609], [-79.19289, 43.77621], [-79.1924, 43.77681], [-79.19033, 43.77732], [-79.19056, 43.77785], [-79.19167, 43.77754], [-79.19152, 43.77763], [-79.19164, 43.77761], [-79.19184, 43.77806]]]]}}, {"type": "Feature", "properties": {"id": "on-ca-27", "name": "Warden Woods Park", "hunting_allowed": null, "basis": "ca_permit", "permit_required": true, "authority": "City of Toronto, Toronto and Region Conservation Authority", "owner": "City of Toronto", "management_plan": "Toronto Environmentally Significant Areas: Management Summaries (2018 Draft, North-South Environmental Inc.)"}, "geometry": {"type": "Polygon", "coordinates": [[[-79.28025, 43.70418], [-79.2796, 43.70815], [-79.28111, 43.71176], [-79.28303, 43.71141], [-79.28252, 43.71057], [-79.28189, 43.71019], [-79.28213, 43.70969], [-79.28278, 43.70942], [-79.2828, 43.70905], [-79.28233, 43.70865], [-79.28272, 43.70835], [-79.2826, 43.70809], [-79.28311, 43.70789], [-79.28287, 43.70733], [-79.28304, 43.70729], [-79.28273, 43.707], [-79.28294, 43.70673], [-79.28331, 43.70662], [-79.28418, 43.7068], [-79.28345, 43.70502], [-79.28451, 43.70478], [-79.28506, 43.70423], [-79.28491, 43.70426], [-79.28468, 43.70374], [-79.28425, 43.70384], [-79.284, 43.70327], [-79.28447, 43.70316], [-79.28397, 43.70318], [-79.28374, 43.70266], [-79.28452, 43.70248], [-79.28446, 43.70234], [-79.28485, 43.70222], [-79.28367, 43.70248], [-79.28342, 43.70189], [-79.28405, 43.70176], [-79.28387, 43.70168], [-79.28387, 43.70126], [-79.2836, 43.70062], [-79.28273, 43.7004], [-79.28237, 43.6999], [-79.28437, 43.69938], [-79.28497, 43.69933], [-79.28568, 43.69959], [-79.28588, 43.69956], [-79.28574, 43.69923], [-79.28621, 43.69931], [-79.28529, 43.69716], [-79.28238, 43.69782], [-79.28126, 43.69923], [-79.28135, 43.69945], [-79.28113, 43.70005], [-79.28105, 43.69987], [-79.28071, 43.70191], [-79.28109, 43.70183], [-79.28103, 43.70199], [-79.28139, 43.70274], [-79.28207, 43.703], [-79.28223, 43.7034], [-79.28131, 43.70353], [-79.28094, 43.70394], [-79.28025, 43.70418]]]}}, {"type": "Feature", "properties": {"id": "on-ca-28", "name": "Beverley Swamp Natural Area", "hunting_allowed": null, "basis": "ca_permit", "permit_required": true, "authority": "Hamilton Conservation Authority", "management_plan": "Upper Watershed Beverly Swamp 2019 Management Plan, Hamilton Conservation Authority"}, "geometry": {"type": "MultiPolygon", "coordinates": [[[[-80.11763, 43.35117], [-80.11773, 43.35123], [-80.11841, 43.35118], [-80.11839, 43.35111], [-80.11763, 43.35117]]], [[[-80.12829, 43.36608], [-80.13071, 43.36568], [-80.13011, 43.36347], [-80.12899, 43.36366], [-80.12855, 43.36233], [-80.12716, 43.36256], [-80.12829, 43.36608]]], [[[-80.09427, 43.36794], [-80.09599, 43.36766], [-80.09459, 43.36317], [-80.09208, 43.36316], [-80.09227, 43.36561], [-80.09373, 43.36552], [-80.09427, 43.36794]]], [[[-80.12181, 43.36346], [-80.12253, 43.36565], [-80.12763, 43.3648], [-80.12692, 43.3626], [-80.12181, 43.36346]]], [[[-80.10529, 43.37916], [-80.1012, 43.37999], [-80.10147, 43.38088], [-80.10026, 43.38108], [-80.10158, 43.3855], [-80.10589, 43.38477], [-80.10541, 43.38362], [-80.10312, 43.38154], [-80.10319, 43.38128], [-80.10375, 43.38096], [-80.1038, 43.38033], [-80.10398, 43.38013], [-80.10472, 43.37976], [-80.10529, 43.37916]]], [[[-80.08945, 43.37361], [-80.09203, 43.37317], [-80.09064, 43.36872], [-80.08581, 43.36955], [-80.08693, 43.37315], [-80.08908, 43.37245], [-80.08945, 43.37361]]], [[[-80.09623, 43.36761], [-80.10152, 43.36665], [-80.09975, 43.36205], [-80.09733, 43.36217], [-80.09649, 43.36281], [-80.09648, 43.36303], [-80.09673, 43.36324], [-80.09764, 43.36348], [-80.09842, 43.36347], [-80.0987, 43.36408], [-80.0986, 43.36427], [-80.09776, 43.36444], [-80.09524, 43.36424], [-80.09505, 43.36363], [-80.0952, 43.36313], [-80.09578, 43.36289], [-80.09673, 43.36205], [-80.09668, 43.36188], [-80.0945, 43.36206], [-80.09623, 43.36761]]], [[[-80.07299, 43.39986], [-80.07032, 43.40029], [-80.07306, 43.40918], [-80.07573, 43.40874], [-80.07299, 43.39986]]], [[[-80.09006, 43.38807], [-80.08742, 43.3882], [-80.08111, 43.38925], [-80.0818, 43.39142], [-80.08079, 43.39159], [-80.0829, 43.39821], [-80.09278, 43.39652], [-80.09006, 43.38807]]], [[[-80.08564, 43.38821], [-80.0909, 43.38733], [-80.09059, 43.38637], [-80.09191, 43.38614], [-80.09221, 43.3871], [-80.10134, 43.38554], [-80.10091, 43.38412], [-80.09768, 43.38467], [-80.09736, 43.38361], [-80.1006, 43.38306], [-80.09912, 43.37813], [-80.09383, 43.37903], [-80.0934, 43.37762], [-80.09085, 43.37805], [-80.09042, 43.37665], [-80.08777, 43.37711], [-80.08888, 43.38077], [-80.08364, 43.3816], [-80.08564, 43.38821]]], [[[-80.11931, 43.38161], [-80.12028, 43.38132], [-80.12104, 43.38059], [-80.12193, 43.38054], [-80.11957, 43.37324], [-80.11861, 43.37342], [-80.1175, 43.3701], [-80.11766, 43.37071], [-80.11591, 43.37029], [-80.11554, 43.37044], [-80.11432, 43.36962], [-80.1139, 43.36732], [-80.11452, 43.36772], [-80.11474, 43.36725], [-80.11531, 43.36719], [-80.11565, 43.3675], [-80.11623, 43.3674], [-80.11696, 43.36771], [-80.11735, 43.36813], [-80.11786, 43.36822], [-80.1181, 43.36873], [-80.11972, 43.36849], [-80.11925, 43.36766], [-80.11823, 43.36779], [-80.11764, 43.36726], [-80.11753, 43.36689], [-80.1167, 43.36668], [-80.1165, 43.36639], [-80.11447, 43.36663], [-80.11385, 43.36489], [-80.11498, 43.36468], [-80.1172, 43.36556], [-80.11803, 43.36546], [-80.11827, 43.36657], [-80.11904, 43.36626], [-80.12076, 43.36654], [-80.11984, 43.36379], [-80.10138, 43.36686], [-80.10403, 43.37578], [-80.11284, 43.37424], [-80.11405, 43.38086], [-80.1165, 43.38045], [-80.11601, 43.37893], [-80.11508, 43.37384], [-80.11559, 43.37375], [-80.11799, 43.38138], [-80.11916, 43.38116], [-80.11931, 43.38161]]], [[[-80.10418, 43.36622], [-80.11727, 43.36404], [-80.11499, 43.35689], [-80.1109, 43.35682], [-80.11497, 43.3568], [-80.11462, 43.35573], [-80.11963, 43.35485], [-80.11842, 43.3512], [-80.10935, 43.35175], [-80.1093, 43.35157], [-80.11836, 43.35102], [-80.11686, 43.34655], [-80.1034, 43.34883], [-80.10543, 43.35038], [-80.10662, 43.35092], [-80.10724, 43.35253], [-80.10643, 43.35267], [-80.10525, 43.35253], [-80.10316, 43.35315], [-80.10243, 43.35356], [-80.1012, 43.35393], [-80.1, 43.35478], [-80.0981, 43.35554], [-80.09779, 43.35523], [-80.09759, 43.35461], [-80.09779, 43.35523], [-80.09587, 43.35517], [-80.0956, 43.35504], [-80.09399, 43.35545], [-80.09266, 43.35619], [-80.09375, 43.35601], [-80.09386, 43.35634], [-80.0945, 43.35623], [-80.09536, 43.35912], [-80.10118, 43.35792], [-80.10136, 43.3584], [-80.10867, 43.3572], [-80.10139, 43.35848], [-80.10418, 43.36622]]]]}}, {"type": "Feature", "properties": {"id": "on-ca-29", "name": "Dundas Valley Conservation Area", "hunting_allowed": null, "basis": "ca_permit", "permit_required": true, "authority": "Hamilton Conservation Authority", "management_plan": "Dundas Valley Conservation Area Master Management Plan. Hamilton Conservation Authority 1997"}, "geometry": {"type": "MultiPolygon", "coordinates": [[[[-80.02189, 43.23185], [-80.02178, 43.23226], [-80.02261, 43.2321], [-80.02223, 43.23184], [-80.02189, 43.23185]]], [[[-79.95826, 43.25797], [-79.95766, 43.25815], [-79.9579, 43.25895], [-79.95849, 43.25875], [-79.95826, 43.25797]]], [[[-80.01956, 43.23666], [-80.02039, 43.23716], [-80.02139, 43.23813], [-80.02199, 43.23815], [-80.02152, 43.23755], [-80.02034, 43.23668], [-80.01955, 43.23633], [-80.01956, 43.23666]]], [[[-80.02598, 43.24579], [-80.02796, 43.24743], [-80.02897, 43.24706], [-80.02679, 43.24611], [-80.02577, 43.24513], [-80.02598, 43.24579]]], [[[-80.01428, 43.23722], [-80.01366, 43.2377], [-80.01419, 43.23774], [-80.01569, 43.23692], [-80.0176, 43.23639], [-80.01902, 43.2365], [-80.01941, 43.23682], [-80.0194, 43.23634], [-80.01928, 43.23604], [-80.01918, 43.23619], [-80.01731, 43.23616], [-80.01589, 43.23653], [-80.01428, 43.23722]]], [[[-79.95563, 43.25873], [-79.95373, 43.25935], [-79.9539, 43.25951], [-79.9552, 43.25911], [-79.9559, 43.25968], [-79.95678, 43.2595], [-79.95771, 43.25909], [-79.95745, 43.25822], [-79.95674, 43.25875], [-79.95575, 43.259], [-79.95588, 43.2588], [-79.95563, 43.25873]]], [[[-80.02159, 43.23834], [-80.02311, 43.23984], [-80.0237, 43.24065], [-80.02486, 43.24413], [-80.02558, 43.24532], [-80.02407, 43.24058], [-80.02344, 43.2397], [-80.02204, 43.23831], [-80.02159, 43.23834]]], [[[-80.02851, 43.2474], [-80.03016, 43.24786], [-80.03172, 43.24802], [-80.03635, 43.24755], [-80.0382, 43.24703], [-80.0401, 43.24607], [-80.04019, 43.24615], [-80.04226, 43.24478], [-80.04167, 43.24449], [-80.04122, 43.24453], [-80.04037, 43.24544], [-80.03927, 43.24621], [-80.0377, 43.24689], [-80.0362, 43.24729], [-80.03207, 43.24775], [-80.03053, 43.24764], [-80.02893, 43.24725], [-80.02851, 43.2474]]], [[[-80.02425, 43.23199], [-80.02222, 43.23237], [-80.02277, 43.23456], [-80.0249, 43.23415], [-80.02425, 43.23199]]], [[[-80.02235, 43.23396], [-80.02094, 43.23409], [-80.02088, 43.2346], [-80.02058, 43.2351], [-80.0198, 43.23566], [-80.02309, 43.23685], [-80.02235, 43.23396]]], [[[-80.00895, 43.24359], [-80.00711, 43.24432], [-80.00249, 43.24517], [-80.00264, 43.24542], [-80.00705, 43.24462], [-80.00953, 43.24364], [-80.01114, 43.24221], [-80.01287, 43.23912], [-80.01406, 43.23787], [-80.01332, 43.23791], [-80.01295, 43.23828], [-80.01233, 43.23911], [-80.01072, 43.24203], [-80.00895, 43.24359]]], [[[-79.95723, 43.23733], [-79.95742, 43.239], [-79.95774, 43.23936], [-79.95899, 43.24], [-79.95943, 43.24072], [-79.96124, 43.24038], [-79.96033, 43.23907], [-79.95858, 43.23873], [-79.95846, 43.23776], [-79.95827, 43.23758], [-79.95723, 43.23733]]], [[[-79.95035, 43.2412], [-79.94989, 43.24139], [-79.94994, 43.24196], [-79.94938, 43.24255], [-79.95262, 43.24172], [-79.95104, 43.23692], [-79.95069, 43.23687], [-79.95034, 43.23796], [-79.95061, 43.23847], [-79.95038, 43.23917], [-79.95161, 43.23998], [-79.95126, 43.24095], [-79.95075, 43.24129], [-79.95049, 43.24137], [-79.95035, 43.2412]]], [[[-79.96495, 43.2401], [-79.95764, 43.24149], [-79.9582, 43.24331], [-79.96469, 43.24219], [-79.96438, 43.24054], [-79.96634, 43.24025], [-79.96629, 43.24008], [-79.96501, 43.2403], [-79.96495, 43.2401]]], [[[-80.02389, 43.26186], [-80.02544, 43.26162], [-80.02557, 43.2621], [-80.02812, 43.26168], [-80.02775, 43.26063], [-80.02527, 43.26103], [-80.02473, 43.25912], [-80.02241, 43.25835], [-80.02074, 43.25837], [-80.01976, 43.2579], [-80.0195, 43.25708], [-80.02165, 43.25562], [-80.01874, 43.25681], [-80.01994, 43.26031], [-80.02139, 43.26001], [-80.02197, 43.26036], [-80.02214, 43.26104], [-80.02312, 43.26072], [-80.02364, 43.26174], [-80.02389, 43.26186]]], [[[-80.01554, 43.24663], [-80.01104, 43.24756], [-80.01229, 43.25159], [-80.01479, 43.25095], [-80.01532, 43.251], [-80.01676, 43.25042], [-80.01554, 43.24663]]], [[[-80.03651, 43.23001], [-80.03816, 43.23501], [-80.039, 43.23521], [-80.04253, 43.23487], [-80.04285, 43.23438], [-80.04246, 43.23294], [-80.04034, 43.23309], [-80.03929, 43.23017], [-80.0414, 43.22981], [-80.04118, 43.2292], [-80.03651, 43.23001]]], [[[-80.04274, 43.24213], [-80.04132, 43.24438], [-80.04176, 43.24434], [-80.04245, 43.24326], [-80.0432, 43.24136], [-80.04323, 43.24019], [-80.04259, 43.23697], [-80.04267, 43.23603], [-80.04293, 43.23527], [-80.04377, 43.2343], [-80.04468, 43.23365], [-80.05042, 43.23111], [-80.05025, 43.23162], [-80.05088, 43.23209], [-80.0523, 43.23217], [-80.05296, 43.23171], [-80.05366, 43.23147], [-80.05407, 43.23193], [-80.0546, 43.23204], [-80.05539, 43.23052], [-80.05573, 43.22864], [-80.05564, 43.22818], [-80.05487, 43.22713], [-80.0547, 43.22698], [-80.05415, 43.227], [-80.05427, 43.22648], [-80.05394, 43.22626], [-80.05377, 43.22701], [-80.05345, 43.22706], [-80.05306, 43.22797], [-80.05321, 43.22828], [-80.05309, 43.22847], [-80.05237, 43.22935], [-80.05143, 43.23016], [-80.05021, 43.23088], [-80.04447, 43.23344], [-80.0435, 43.23412], [-80.04283, 43.23486], [-80.04243, 43.23599], [-80.04234, 43.23698], [-80.04296, 43.24005], [-80.043, 43.24101], [-80.04274, 43.24213]]], [[[-80.01781, 43.24513], [-80.01938, 43.24487], [-80.0204, 43.24523], [-80.02, 43.24397], [-80.02248, 43.24371], [-80.02216, 43.24127], [-80.01889, 43.24186], [-80.01783, 43.23817], [-80.0159, 43.23812], [-80.01603, 43.23895], [-80.01649, 43.23997], [-80.01647, 43.24077], [-80.01672, 43.24179], [-80.01781, 43.24513]]], [[[-80.00332, 43.24021], [-80.00825, 43.23941], [-80.00753, 43.23686], [-80.00738, 43.23666], [-80.00604, 43.23698], [-80.00563, 43.2352], [-80.00474, 43.23527], [-80.00337, 43.2351], [-80.00352, 43.23562], [-80.00289, 43.23592], [-80.0027, 43.2357], [-80.00319, 43.23542], [-80.00317, 43.23513], [-80.00303, 43.23515], [-80.00201, 43.23545], [-80.00108, 43.23598], [-79.99996, 43.23621], [-80.00025, 43.23676], [-80.0012, 43.23761], [-80.00158, 43.23883], [-80.00285, 43.23888], [-80.00332, 43.24021]]], [[[-80.01288, 43.2545], [-80.00818, 43.25531], [-80.00846, 43.25749], [-80.00882, 43.25792], [-80.00888, 43.25863], [-80.00951, 43.25968], [-80.02227, 43.25499], [-80.02151, 43.25198], [-80.0203, 43.25064], [-80.01926, 43.25082], [-80.01906, 43.25002], [-80.0187, 43.25016], [-80.0194, 43.25193], [-80.01762, 43.25287], [-80.01767, 43.25303], [-80.01645, 43.25325], [-80.01288, 43.2545]]], [[[-80.01132, 43.22283], [-80.01018, 43.22425], [-80.01019, 43.22472], [-80.01052, 43.22526], [-80.00915, 43.22513], [-80.01029, 43.22878], [-80.01979, 43.2271], [-80.01698, 43.21835], [-80.0153, 43.21928], [-80.01464, 43.22001], [-80.01447, 43.22065], [-80.01419, 43.221], [-80.0129, 43.22135], [-80.0125, 43.22001], [-80.01021, 43.2204], [-80.01024, 43.22094], [-80.01071, 43.22151], [-80.01021, 43.22203], [-80.01006, 43.22277], [-80.01112, 43.22253], [-80.01132, 43.22283]]], [[[-79.97698, 43.23721], [-79.97761, 43.23915], [-79.97804, 43.23881], [-79.97923, 43.23863], [-79.97981, 43.23899], [-79.98013, 43.23947], [-79.99336, 43.23723], [-79.99323, 43.23689], [-79.99289, 43.23662], [-79.99194, 43.23453], [-79.99174, 43.23375], [-79.99178, 43.23312], [-79.98949, 43.23348], [-79.9893, 43.23295], [-79.9881, 43.23325], [-79.98621, 43.2343], [-79.9856, 43.23239], [-79.98514, 43.23275], [-79.98341, 43.23305], [-79.98234, 43.2329], [-79.98029, 43.23317], [-79.97918, 43.23317], [-79.97917, 43.23304], [-79.97711, 43.23285], [-79.97668, 43.23266], [-79.97657, 43.23236], [-79.97635, 43.23228], [-79.97551, 43.23261], [-79.97451, 43.23264], [-79.97466, 43.23296], [-79.97627, 43.23277], [-79.97681, 43.23315], [-79.97862, 43.23369], [-79.979, 43.23393], [-79.97937, 43.23467], [-79.97954, 43.23559], [-79.97862, 43.23693], [-79.97698, 43.23721]]], [[[-79.9378, 43.25644], [-79.93815, 43.25702], [-79.93972, 43.2568], [-79.93982, 43.25648], [-79.94501, 43.25665], [-79.95457, 43.25802], [-79.95474, 43.25783], [-79.95337, 43.25775], [-79.94556, 43.25652], [-79.94161, 43.25636], [-79.94267, 43.25554], [-79.94412, 43.25516], [-79.94548, 43.25577], [-79.94659, 43.2559], [-79.94737, 43.25566], [-79.94799, 43.25577], [-79.94864, 43.2563], [-79.94955, 43.25635], [-79.95081, 43.25598], [-79.95225, 43.25525], [-79.9533, 43.25529], [-79.95371, 43.25494], [-79.95521, 43.25449], [-79.95632, 43.25456], [-79.95779, 43.25353], [-79.95817, 43.25254], [-79.95978, 43.25152], [-79.96147, 43.25152], [-79.96242, 43.25105], [-79.96253, 43.25076], [-79.96211, 43.25088], [-79.96203, 43.25033], [-79.96248, 43.25023], [-79.96207, 43.24981], [-79.96167, 43.24995], [-79.96147, 43.24965], [-79.96188, 43.24951], [-79.96178, 43.24915], [-79.96317, 43.24737], [-79.96259, 43.24714], [-79.95998, 43.24817], [-79.9577, 43.24997], [-79.9548, 43.2497], [-79.95503, 43.25045], [-79.95256, 43.25222], [-79.94584, 43.25347], [-79.94471, 43.25025], [-79.94393, 43.25066], [-79.94328, 43.25046], [-79.94325, 43.25067], [-79.94272, 43.25097], [-79.94248, 43.25204], [-79.94205, 43.25225], [-79.94174, 43.25211], [-79.94165, 43.25248], [-79.94067, 43.25273], [-79.94032, 43.25343], [-79.93917, 43.25298], [-79.939, 43.2532], [-79.9393, 43.25347], [-79.93923, 43.25398], [-79.9389, 43.25396], [-79.93774, 43.25483], [-79.9387, 43.25533], [-79.93848, 43.25603], [-79.93815, 43.25584], [-79.93798, 43.25602], [-79.9373, 43.256], [-79.93741, 43.25617], [-79.93726, 43.25624], [-79.93646, 43.25621], [-79.9363, 43.25641], [-79.9378, 43.25644]]], [[[-79.98635, 43.26823], [-79.99091, 43.26653], [-79.99086, 43.26636], [-79.99543, 43.26469], [-79.9954, 43.26454], [-79.99679, 43.26433], [-80.00933, 43.25981], [-80.00849, 43.25849], [-80.00709, 43.25864], [-80.00695, 43.25694], [-80.00823, 43.25681], [-80.00821, 43.25659], [-80.00349, 43.25706], [-80.00309, 43.25581], [-80.00052, 43.25656], [-79.99997, 43.25474], [-79.99872, 43.25484], [-79.99876, 43.25494], [-79.99811, 43.25514], [-79.99913, 43.25536], [-79.99919, 43.25552], [-79.99897, 43.25578], [-79.99926, 43.25638], [-80.00003, 43.25701], [-80.00072, 43.25734], [-80.00096, 43.25818], [-80.00087, 43.25832], [-79.99918, 43.25844], [-79.99889, 43.25842], [-79.99879, 43.25826], [-79.99779, 43.25491], [-79.99755, 43.25495], [-79.9984, 43.25782], [-79.99812, 43.25807], [-79.99729, 43.25802], [-79.99667, 43.25773], [-79.9962, 43.25771], [-79.99578, 43.25755], [-79.99567, 43.25726], [-79.99503, 43.25742], [-79.99427, 43.25703], [-79.99388, 43.2561], [-79.99498, 43.25581], [-79.99466, 43.25556], [-79.99189, 43.25615], [-79.99033, 43.25632], [-79.99286, 43.26467], [-79.99238, 43.26475], [-79.99228, 43.26512], [-79.9924, 43.26532], [-79.99104, 43.26587], [-79.99061, 43.26528], [-79.99071, 43.26587], [-79.98728, 43.26647], [-79.98753, 43.26711], [-79.98704, 43.26748], [-79.98625, 43.26777], [-79.98593, 43.26671], [-79.98635, 43.26823]]], [[[-80.00884, 43.23692], [-80.01002, 43.23744], [-80.01097, 43.23721], [-80.01203, 43.23673], [-80.01228, 43.23617], [-80.01183, 43.23493], [-80.01176, 43.23416], [-80.012, 43.23356], [-80.01193, 43.23308], [-80.01244, 43.23244], [-80.01158, 43.2309], [-80.01054, 43.22968], [-80.00993, 43.2282], [-80.00848, 43.22356], [-80.0099, 43.22276], [-80.01004, 43.22209], [-80.0104, 43.22156], [-80.01015, 43.22103], [-80.00844, 43.22146], [-80.00796, 43.22125], [-80.00694, 43.22133], [-80.00616, 43.22118], [-80.00604, 43.22079], [-80.00563, 43.22074], [-80.00551, 43.22024], [-80.0058, 43.21958], [-80.00526, 43.21927], [-80.00497, 43.2184], [-80.00465, 43.21824], [-80.00345, 43.21869], [-80.00291, 43.21754], [-80.00163, 43.21755], [-80.0039, 43.22516], [-80.00166, 43.22554], [-80.00223, 43.22712], [-80.00397, 43.22813], [-80.00366, 43.22851], [-80.00455, 43.22847], [-80.00487, 43.22812], [-80.00513, 43.2291], [-80.00422, 43.22937], [-80.00368, 43.22929], [-80.00386, 43.22868], [-80.00316, 43.22862], [-80.00261, 43.23043], [-80.0009, 43.23147], [-80.00215, 43.23524], [-80.00292, 43.23504], [-80.00261, 43.23408], [-80.00408, 43.23384], [-80.00419, 43.23504], [-80.00561, 43.23507], [-80.0056, 43.23487], [-80.00683, 43.23455], [-80.00692, 43.23494], [-80.00612, 43.23512], [-80.00673, 43.23551], [-80.00747, 43.23657], [-80.0078, 43.23683], [-80.00884, 43.23692]], [[-80.00817, 43.23549], [-80.00804, 43.23557], [-80.00804, 43.23547], [-80.00817, 43.23549]]], [[[-80.02168, 43.23222], [-80.02176, 43.23184], [-80.02213, 43.23169], [-80.0228, 43.23207], [-80.02902, 43.23098], [-80.02864, 43.23022], [-80.02857, 43.22991], [-80.0287, 43.22979], [-80.03225, 43.22931], [-80.03214, 43.22892], [-80.02947, 43.22912], [-80.02947, 43.22956], [-80.02862, 43.22973], [-80.02845, 43.2296], [-80.02869, 43.22908], [-80.02828, 43.22776], [-80.02827, 43.22721], [-80.02859, 43.22713], [-80.02913, 43.22741], [-80.02958, 43.22742], [-80.03022, 43.22697], [-80.03076, 43.22681], [-80.03125, 43.22613], [-80.03175, 43.22597], [-80.03165, 43.2254], [-80.03219, 43.22467], [-80.03231, 43.2242], [-80.03225, 43.22324], [-80.03169, 43.22279], [-80.03129, 43.2213], [-80.03051, 43.22116], [-80.02996, 43.22052], [-80.02836, 43.22073], [-80.02792, 43.21954], [-80.02832, 43.21853], [-80.02852, 43.21839], [-80.03214, 43.21754], [-80.03234, 43.21771], [-80.03201, 43.21677], [-80.02453, 43.21782], [-80.02443, 43.21887], [-80.02372, 43.21882], [-80.02281, 43.21809], [-80.02259, 43.21753], [-80.02259, 43.21813], [-80.02226, 43.21813], [-80.02215, 43.21636], [-80.02168, 43.21642], [-80.02154, 43.21598], [-80.02156, 43.21571], [-80.02226, 43.21512], [-80.02273, 43.21401], [-80.02324, 43.21389], [-80.02341, 43.21403], [-80.02337, 43.21387], [-80.02093, 43.21427], [-80.02131, 43.21556], [-80.01994, 43.21576], [-80.01955, 43.21524], [-80.01658, 43.21628], [-80.02168, 43.23222]], [[-80.0259, 43.22094], [-80.0235, 43.22127], [-80.02332, 43.2212], [-80.02312, 43.22074], [-80.02302, 43.22015], [-80.02354, 43.21963], [-80.02438, 43.21931], [-80.02446, 43.21902], [-80.0251, 43.21896], [-80.02543, 43.21983], [-80.02639, 43.22016], [-80.02679, 43.21957], [-80.02743, 43.21961], [-80.02749, 43.21925], [-80.02768, 43.21919], [-80.02833, 43.22098], [-80.02779, 43.22099], [-80.0266, 43.2206], [-80.0259, 43.22094]]], [[[-79.9616, 43.25735], [-79.9606, 43.25844], [-79.95949, 43.2589], [-79.95958, 43.25946], [-79.95986, 43.25943], [-79.95976, 43.25908], [-79.96087, 43.25878], [-79.96122, 43.25845], [-79.96106, 43.25836], [-79.96123, 43.25819], [-79.9614, 43.25828], [-79.96194, 43.25764], [-79.96259, 43.25747], [-79.96277, 43.25785], [-79.966, 43.25911], [-79.96613, 43.25772], [-79.96651, 43.25699], [-79.96629, 43.25679], [-79.96875, 43.25608], [-79.96949, 43.25631], [-79.97003, 43.25628], [-79.97074, 43.25662], [-79.97246, 43.25596], [-79.97179, 43.25399], [-79.97301, 43.2538], [-79.97435, 43.25396], [-79.97505, 43.25431], [-79.97535, 43.25456], [-79.97525, 43.2547], [-79.97556, 43.25484], [-79.97579, 43.25444], [-79.97602, 43.25464], [-79.97623, 43.2546], [-79.97631, 43.25441], [-79.97668, 43.25446], [-79.97681, 43.25418], [-79.97731, 43.2541], [-79.97746, 43.2537], [-79.978, 43.25381], [-79.97797, 43.25299], [-79.97776, 43.25282], [-79.97811, 43.25258], [-79.97895, 43.25297], [-79.97921, 43.25353], [-79.97888, 43.25252], [-79.97741, 43.25164], [-79.97895, 43.25249], [-79.97932, 43.25365], [-79.98161, 43.25377], [-79.98219, 43.25362], [-79.98459, 43.25412], [-79.98586, 43.25378], [-79.98785, 43.25357], [-79.98738, 43.25329], [-79.9881, 43.25264], [-79.99139, 43.25273], [-79.99157, 43.25222], [-79.99262, 43.25553], [-79.99398, 43.25527], [-79.99388, 43.25459], [-79.99425, 43.2546], [-79.99424, 43.25473], [-79.99486, 43.25452], [-79.9946, 43.25372], [-79.99546, 43.25353], [-79.99452, 43.2535], [-79.9943, 43.25294], [-79.99565, 43.25267], [-79.99596, 43.25342], [-79.99696, 43.25319], [-79.99675, 43.25252], [-79.99821, 43.25196], [-79.99899, 43.25439], [-79.99893, 43.25385], [-80.00196, 43.25372], [-80.00207, 43.2532], [-80.00464, 43.25274], [-80.00388, 43.25171], [-80.00453, 43.25151], [-80.00394, 43.25057], [-80.00359, 43.25067], [-80.00333, 43.25004], [-80.00369, 43.24995], [-80.00333, 43.24772], [-80.00062, 43.24787], [-79.99983, 43.24533], [-80.00122, 43.24551], [-80.00243, 43.24545], [-80.00227, 43.24514], [-80.00103, 43.24517], [-79.99971, 43.24493], [-80.00205, 43.24453], [-80.00167, 43.24305], [-80.00098, 43.24261], [-80.00136, 43.24194], [-80.0014, 43.24167], [-80.00117, 43.24164], [-80.00174, 43.23935], [-80.00142, 43.23882], [-80.00105, 43.23762], [-80.00015, 43.23684], [-79.99979, 43.23625], [-79.98654, 43.23849], [-79.98719, 43.23863], [-79.98765, 43.24024], [-79.98805, 43.24134], [-79.98819, 43.24141], [-79.98719, 43.24143], [-79.987, 43.24191], [-79.98541, 43.24339], [-79.98361, 43.24363], [-79.98226, 43.23927], [-79.98144, 43.24022], [-79.9815, 43.24051], [-79.98099, 43.24081], [-79.98037, 43.2417], [-79.97985, 43.24164], [-79.98015, 43.24112], [-79.98014, 43.24086], [-79.97939, 43.24067], [-79.97948, 43.24014], [-79.97979, 43.23972], [-79.97979, 43.23919], [-79.97922, 43.23878], [-79.978, 43.23896], [-79.97857, 43.23967], [-79.97835, 43.24049], [-79.97848, 43.24102], [-79.97935, 43.24117], [-79.97935, 43.24156], [-79.97904, 43.24152], [-79.97867, 43.24209], [-79.97842, 43.24211], [-79.97806, 43.24174], [-79.97749, 43.24015], [-79.97511, 43.24055], [-79.97537, 43.24136], [-79.97183, 43.24188], [-79.97135, 43.24124], [-79.97097, 43.24134], [-79.97046, 43.24161], [-79.97091, 43.24194], [-79.97121, 43.2425], [-79.97092, 43.24264], [-79.97081, 43.24295], [-79.97064, 43.24304], [-79.96986, 43.24199], [-79.96587, 43.24426], [-79.9639, 43.24658], [-79.96299, 43.24807], [-79.96221, 43.24895], [-79.96212, 43.24936], [-79.9624, 43.24934], [-79.9635, 43.24981], [-79.96547, 43.24918], [-79.96661, 43.24907], [-79.96695, 43.2488], [-79.96889, 43.24822], [-79.97001, 43.2484], [-79.97009, 43.24863], [-79.97181, 43.24845], [-79.97257, 43.24799], [-79.97312, 43.24793], [-79.97375, 43.24827], [-79.97382, 43.24815], [-79.97397, 43.2484], [-79.97434, 43.24857], [-79.97464, 43.24835], [-79.97427, 43.24878], [-79.97433, 43.24896], [-79.97398, 43.24891], [-79.97361, 43.24922], [-79.97548, 43.24941], [-79.97564, 43.24981], [-79.97613, 43.24992], [-79.97667, 43.24967], [-79.97806, 43.24976], [-79.97841, 43.25083], [-79.97513, 43.2523], [-79.97334, 43.25268], [-79.97264, 43.25257], [-79.97192, 43.25272], [-79.97149, 43.25309], [-79.9684, 43.25458], [-79.95699, 43.25755], [-79.95504, 43.25783], [-79.95483, 43.25802], [-79.9567, 43.2578], [-79.9602, 43.25692], [-79.9602, 43.25759], [-79.9599, 43.25785], [-79.95887, 43.25786], [-79.95911, 43.25862], [-79.95926, 43.25859], [-79.96079, 43.25772], [-79.96145, 43.25714], [-79.96297, 43.25652], [-79.96419, 43.25743], [-79.96447, 43.25741], [-79.96472, 43.25824], [-79.96313, 43.25759], [-79.96248, 43.25715], [-79.9616, 43.25735]], [[-79.99582, 43.24077], [-79.99451, 43.2412], [-79.99436, 43.24079], [-79.99471, 43.24074], [-79.99509, 43.24041], [-79.99577, 43.24028], [-79.99582, 43.24077]], [[-79.96861, 43.25582], [-79.96724, 43.25567], [-79.96724, 43.25545], [-79.96769, 43.25528], [-79.9676, 43.25508], [-79.96928, 43.25455], [-79.97076, 43.25371], [-79.97091, 43.25431], [-79.97059, 43.25467], [-79.97071, 43.25526], [-79.97092, 43.25553], [-79.97072, 43.25566], [-79.97035, 43.25551], [-79.96915, 43.256], [-79.96861, 43.25582]]]]}}, {"type": "Feature", "properties": {"id": "on-ca-30", "name": "Fletcher Creek Ecological Preserve", "hunting_allowed": null, "basis": "ca_permit", "permit_required": true, "authority": "Hamilton Conservation Authority", "management_plan": "Fletcher Creek Ecological Preserve 2019 Management Plan, Hamilton Conservation Authority 2019"}, "geometry": {"type": "MultiPolygon", "coordinates": [[[[-80.13435, 43.40357], [-80.13449, 43.404], [-80.13665, 43.40361], [-80.13651, 43.40318], [-80.13435, 43.40357]]], [[[-80.09163, 43.41612], [-80.09376, 43.42129], [-80.09448, 43.42118], [-80.09235, 43.41601], [-80.09163, 43.41612]]], [[[-80.1221, 43.41628], [-80.12347, 43.41973], [-80.12838, 43.41891], [-80.12698, 43.41526], [-80.1221, 43.41628]]], [[[-80.10575, 43.40534], [-80.1033, 43.40577], [-80.10585, 43.41369], [-80.10828, 43.41331], [-80.10575, 43.40534]]], [[[-80.12308, 43.39347], [-80.12528, 43.4003], [-80.12912, 43.39963], [-80.12704, 43.39343], [-80.12308, 43.39347]]], [[[-80.1074, 43.41951], [-80.10535, 43.42067], [-80.09746, 43.42723], [-80.09818, 43.42771], [-80.10611, 43.42936], [-80.10352, 43.42291], [-80.10839, 43.42208], [-80.1074, 43.41951]]], [[[-80.11462, 43.4219], [-80.1185, 43.42108], [-80.11902, 43.42243], [-80.12396, 43.42162], [-80.12186, 43.41633], [-80.11312, 43.41815], [-80.11462, 43.4219]]], [[[-80.12627, 43.40824], [-80.12769, 43.40797], [-80.12698, 43.40577], [-80.12777, 43.40564], [-80.12724, 43.40399], [-80.1322, 43.40587], [-80.13146, 43.40361], [-80.1342, 43.40311], [-80.1309, 43.40186], [-80.13227, 43.40162], [-80.13154, 43.3994], [-80.12026, 43.40124], [-80.12109, 43.4038], [-80.12323, 43.40386], [-80.12397, 43.40284], [-80.12407, 43.40241], [-80.12394, 43.40188], [-80.12426, 43.40188], [-80.12402, 43.40207], [-80.12415, 43.40241], [-80.12404, 43.40286], [-80.12335, 43.40386], [-80.12481, 43.4037], [-80.12627, 43.40824]]], [[[-80.097, 43.42731], [-80.1052, 43.42053], [-80.10687, 43.41952], [-80.10884, 43.41885], [-80.12179, 43.41615], [-80.11994, 43.41148], [-80.09821, 43.41509], [-80.1015, 43.42326], [-80.0934, 43.42464], [-80.09414, 43.42665], [-80.097, 43.42731]]]]}}, {"type": "Feature", "properties": {"id": "on-ca-31", "name": "Baldwin Dam Conservation Area", "hunting_allowed": null, "basis": "ca_permit", "permit_required": true, "authority": "Lake Simcoe Region Conservation Authority", "management_plan": "Baldwin Conservation Area Report, 2021. Lake Simcoe Region Conservation Authority"}, "geometry": {"type": "Polygon", "coordinates": [[[-79.33456, 44.26008], [-79.33579, 44.26292], [-79.33721, 44.2626], [-79.33606, 44.2599], [-79.33649, 44.25974], [-79.33499, 44.25803], [-79.33498, 44.25776], [-79.33425, 44.25736], [-79.33361, 44.25733], [-79.33369, 44.25711], [-79.33257, 44.25658], [-79.3322, 44.25659], [-79.33245, 44.25647], [-79.3315, 44.25477], [-79.33032, 44.25358], [-79.32776, 44.25322], [-79.33059, 44.25978], [-79.33334, 44.25917], [-79.3342, 44.25981], [-79.33364, 44.2603], [-79.33427, 44.25986], [-79.33456, 44.26008]]]}}, {"type": "Feature", "properties": {"id": "on-ca-32", "name": "Thornton Bales Conservation Area", "hunting_allowed": null, "basis": "ca_permit", "permit_required": true, "authority": "Lake Simcoe Region Conservation Authority", "management_plan": "Thornton Bales Conservation Area Management Plan, 2020. Lake Simceo Region Conservation Authority"}, "geometry": {"type": "Polygon", "coordinates": [[[-79.52067, 44.02686], [-79.51434, 44.02826], [-79.51514, 44.03185], [-79.52112, 44.03049], [-79.52067, 44.02686]]]}}, {"type": "Feature", "properties": {"id": "on-ca-33", "name": "Rogers Reservoir Conservation Area", "hunting_allowed": null, "basis": "ca_permit", "permit_required": true, "authority": "Lake Simcoe Region Conservation Authority", "management_plan": "Rogers Reservoir Conservation Area Management Plan 2013. Lake Simcoe Region Conservation Authority 2013"}, "geometry": {"type": "MultiPolygon", "coordinates": [[[[-79.46909, 44.08845], [-79.46994, 44.08968], [-79.47171, 44.09003], [-79.47309, 44.09023], [-79.47537, 44.0899], [-79.4732, 44.08904], [-79.47173, 44.08869], [-79.46909, 44.08845]]], [[[-79.47533, 44.08673], [-79.46877, 44.08818], [-79.46872, 44.08823], [-79.47267, 44.08869], [-79.47617, 44.09001], [-79.47533, 44.08673]]], [[[-79.48447, 44.0944], [-79.48866, 44.09544], [-79.48932, 44.09493], [-79.48964, 44.09413], [-79.48875, 44.09434], [-79.48846, 44.09368], [-79.48774, 44.09352], [-79.48742, 44.09308], [-79.48683, 44.09299], [-79.48634, 44.09321], [-79.48509, 44.0925], [-79.47919, 44.09147], [-79.47544, 44.09008], [-79.47441, 44.09001], [-79.47313, 44.09028], [-79.47231, 44.09024], [-79.47246, 44.09101], [-79.47707, 44.092], [-79.47654, 44.09292], [-79.47718, 44.09336], [-79.47723, 44.09363], [-79.47705, 44.09395], [-79.47864, 44.09418], [-79.47929, 44.09447], [-79.48227, 44.09395], [-79.48258, 44.09486], [-79.48372, 44.09502], [-79.48302, 44.09382], [-79.48447, 44.0944]]], [[[-79.46115, 44.08778], [-79.45986, 44.08748], [-79.45886, 44.08705], [-79.45787, 44.08638], [-79.45723, 44.08569], [-79.45673, 44.08464], [-79.45557, 44.0797], [-79.45369, 44.08012], [-79.45503, 44.0855], [-79.45479, 44.08555], [-79.455, 44.0864], [-79.45424, 44.08649], [-79.45492, 44.08919], [-79.45564, 44.0891], [-79.45573, 44.09016], [-79.45561, 44.09111], [-79.45847, 44.09046], [-79.4599, 44.09162], [-79.46119, 44.09183], [-79.46361, 44.09119], [-79.46288, 44.09052], [-79.46275, 44.08792], [-79.46115, 44.08778]]]]}}, {"type": "Feature", "properties": {"id": "on-ca-34", "name": "Pottageville Swamp Natural Heritage Area", "hunting_allowed": null, "basis": "ca_permit", "permit_required": true, "authority": "Lake Simcoe Region Conservation Authority"}, "geometry": {"type": "MultiPolygon", "coordinates": [[[[-79.62751, 44.01062], [-79.62785, 44.01246], [-79.63722, 44.01048], [-79.63678, 44.0087], [-79.62751, 44.01062]]], [[[-79.64693, 44.00374], [-79.63923, 44.00538], [-79.63942, 44.00615], [-79.62726, 44.00871], [-79.62739, 44.00967], [-79.63967, 44.00712], [-79.63951, 44.00652], [-79.64721, 44.00484], [-79.64693, 44.00374]]], [[[-79.6282, 44.0143], [-79.62881, 44.01753], [-79.64867, 44.01327], [-79.64856, 44.01283], [-79.65337, 44.01181], [-79.64854, 44.01274], [-79.6483, 44.0118], [-79.64428, 44.01264], [-79.64385, 44.01094], [-79.6282, 44.0143]]], [[[-79.62031, 44.00831], [-79.62119, 44.012], [-79.62726, 44.01064], [-79.62679, 44.00694], [-79.62588, 44.00335], [-79.61259, 44.00619], [-79.61289, 44.00685], [-79.61291, 44.00876], [-79.61349, 44.00959], [-79.6118, 44.01001], [-79.61185, 44.01015], [-79.62031, 44.00831]]], [[[-79.62946, 44.02097], [-79.63581, 44.01961], [-79.63838, 44.01931], [-79.63983, 44.01948], [-79.64608, 44.01814], [-79.64728, 44.01758], [-79.64875, 44.01722], [-79.65054, 44.01712], [-79.64995, 44.01486], [-79.65403, 44.0143], [-79.65201, 44.01453], [-79.65179, 44.01365], [-79.65213, 44.01358], [-79.652, 44.01304], [-79.6289, 44.01798], [-79.62946, 44.02097]]]]}}, {"type": "Feature", "properties": {"id": "on-ca-35", "name": "Zephyr Creek Wetland Ecological Preserve", "hunting_allowed": null, "basis": "ca_permit", "permit_required": true, "authority": "Lake Simcoe Region Conservation Authority"}, "geometry": {"type": "MultiPolygon", "coordinates": [[[[-79.26601, 44.26509], [-79.27058, 44.26406], [-79.26977, 44.2622], [-79.26601, 44.26509]]], [[[-79.25286, 44.23846], [-79.25409, 44.24024], [-79.25617, 44.23976], [-79.25537, 44.23788], [-79.25286, 44.23846]]], [[[-79.24423, 44.24928], [-79.24672, 44.25522], [-79.25039, 44.25437], [-79.24783, 44.24845], [-79.24423, 44.24928]]], [[[-79.24374, 44.25611], [-79.2465, 44.26248], [-79.25351, 44.26088], [-79.25074, 44.25447], [-79.24374, 44.25611]]], [[[-79.26355, 44.26564], [-79.26527, 44.26526], [-79.26964, 44.2619], [-79.26773, 44.25751], [-79.26447, 44.25826], [-79.26172, 44.25191], [-79.25098, 44.25442], [-79.25455, 44.26266], [-79.25553, 44.26243], [-79.25534, 44.26201], [-79.26138, 44.26063], [-79.26355, 44.26564]]]]}}, {"type": "Feature", "properties": {"id": "on-ca-36", "name": "Herrell Ecological Preserve", "hunting_allowed": null, "basis": "ca_permit", "permit_required": true, "authority": "Lake Simcoe Region Conservation Authority", "management_plan": "Herrell Property \u2013 Derryville Bog Stewardship Plan (2013). Lake Simcoe Region Conservation Authority"}, "geometry": {"type": "Polygon", "coordinates": [[[-79.06457, 44.30423], [-79.07, 44.31609], [-79.07107, 44.31586], [-79.06989, 44.31328], [-79.0723, 44.31275], [-79.06803, 44.3034], [-79.06457, 44.30423]]]}}, {"type": "Feature", "properties": {"id": "on-ca-37", "name": "Mud Lake", "hunting_allowed": null, "basis": "ca_permit", "permit_required": true, "authority": "Niagara Peninsula Conservation Authority"}, "geometry": {"type": "Polygon", "coordinates": [[[-79.25514, 42.9287], [-79.2459, 42.92872], [-79.24819, 42.93744], [-79.25369, 42.93744], [-79.25486, 42.93703], [-79.25505, 42.93669], [-79.2551, 42.93452], [-79.25514, 42.9287]]]}}, {"type": "Feature", "properties": {"id": "on-ca-38", "name": "Wainfleet Wetlands", "hunting_allowed": null, "basis": "ca_permit", "permit_required": true, "authority": "Niagara Peninsula Conservation Authority"}, "geometry": {"type": "Polygon", "coordinates": [[[-79.28054, 42.88367], [-79.28297, 42.88371], [-79.28301, 42.88659], [-79.31259, 42.88605], [-79.31268, 42.88522], [-79.31265, 42.88207], [-79.3102, 42.88217], [-79.31015, 42.87726], [-79.30662, 42.87773], [-79.30529, 42.87845], [-79.30528, 42.8806], [-79.30302, 42.88104], [-79.3003, 42.8808], [-79.30035, 42.88163], [-79.30063, 42.88163], [-79.3006, 42.88609], [-79.29906, 42.88612], [-79.29901, 42.88253], [-79.29522, 42.88403], [-79.29515, 42.87964], [-79.29406, 42.87977], [-79.29276, 42.8794], [-79.29213, 42.8785], [-79.29037, 42.87817], [-79.29038, 42.87924], [-79.28537, 42.8793], [-79.28533, 42.87595], [-79.28043, 42.87597], [-79.28054, 42.88367]]]}}, {"type": "Feature", "properties": {"id": "on-ca-39", "name": "Willoughby Marsh", "hunting_allowed": null, "basis": "ca_permit", "permit_required": true, "authority": "Niagara Peninsula Conservation Authority"}, "geometry": {"type": "Polygon", "coordinates": [[[-79.09635, 42.99364], [-79.0964, 43.00023], [-79.10355, 43.00015], [-79.10353, 42.99627], [-79.10697, 42.99631], [-79.10703, 42.99294], [-79.09897, 42.99297], [-79.09897, 42.99279], [-79.10524, 42.99276], [-79.10522, 42.9909], [-79.10116, 42.99094], [-79.10091, 42.98919], [-79.10075, 42.98523], [-79.10482, 42.98519], [-79.10528, 42.98438], [-79.10196, 42.98375], [-79.10209, 42.98195], [-79.09628, 42.982], [-79.09629, 42.97964], [-79.09654, 42.97964], [-79.09655, 42.97789], [-79.10789, 42.97755], [-79.10786, 42.97516], [-79.10129, 42.97536], [-79.10125, 42.97411], [-79.09647, 42.97412], [-79.09646, 42.97036], [-79.09145, 42.97036], [-79.09145, 42.97095], [-79.08878, 42.97097], [-79.08927, 42.97274], [-79.09008, 42.97464], [-79.09335, 42.9746], [-79.09351, 42.98014], [-79.09374, 42.98022], [-79.09343, 42.98565], [-79.09402, 42.98963], [-79.09069, 42.98967], [-79.09077, 42.99363], [-79.0961, 42.99354], [-79.09635, 42.99364]]]}}, {"type": "Feature", "properties": {"id": "on-ca-40", "name": "Humberstone Marsh", "hunting_allowed": null, "basis": "ca_permit", "permit_required": true, "authority": "Niagara Peninsula Conservation Authority"}, "geometry": {"type": "Polygon", "coordinates": [[[-79.13261, 42.91958], [-79.13254, 42.92764], [-79.13273, 42.92856], [-79.14262, 42.92866], [-79.14261, 42.91948], [-79.13261, 42.91958]]]}}, {"type": "Feature", "properties": {"id": "on-ca-41", "name": "Woolverton", "hunting_allowed": null, "basis": "ca_permit", "permit_required": true, "authority": "Niagara Peninsula Conservation Authority"}, "geometry": {"type": "MultiPolygon", "coordinates": [[[[-79.59981, 43.19069], [-79.59898, 43.1911], [-79.59844, 43.19153], [-79.59942, 43.1917], [-79.59981, 43.19069]]], [[[-79.60385, 43.19161], [-79.60474, 43.19177], [-79.60478, 43.19167], [-79.60013, 43.19063], [-79.59972, 43.19161], [-79.60131, 43.19147], [-79.60199, 43.1917], [-79.60385, 43.19161]]], [[[-79.625, 43.19302], [-79.62043, 43.19305], [-79.6203, 43.19301], [-79.62036, 43.19286], [-79.61762, 43.19288], [-79.61191, 43.19237], [-79.60978, 43.19233], [-79.60983, 43.19221], [-79.60738, 43.19183], [-79.60746, 43.19165], [-79.60675, 43.19148], [-79.60667, 43.19166], [-79.60545, 43.19152], [-79.60413, 43.19078], [-79.6032, 43.18994], [-79.60239, 43.18845], [-79.60203, 43.1882], [-79.60233, 43.1878], [-79.60201, 43.18783], [-79.60188, 43.1884], [-79.60207, 43.18842], [-79.60249, 43.18938], [-79.60305, 43.19017], [-79.60386, 43.1909], [-79.60496, 43.19155], [-79.6049, 43.19169], [-79.6057, 43.19207], [-79.60778, 43.19254], [-79.60865, 43.19253], [-79.6096, 43.19274], [-79.60967, 43.19257], [-79.60991, 43.19262], [-79.60987, 43.19272], [-79.61739, 43.19338], [-79.62153, 43.19354], [-79.62662, 43.19349], [-79.62853, 43.19387], [-79.6306, 43.19457], [-79.63051, 43.19477], [-79.63308, 43.19559], [-79.63546, 43.19572], [-79.63573, 43.19513], [-79.63488, 43.19521], [-79.63372, 43.19502], [-79.62996, 43.19393], [-79.62772, 43.19302], [-79.62631, 43.19314], [-79.625, 43.19302]]]]}}, {"type": "Feature", "properties": {"id": "on-ca-42", "name": "Mountainview", "hunting_allowed": null, "basis": "ca_permit", "permit_required": true, "authority": "Niagara Peninsula Conservation Authority"}, "geometry": {"type": "Polygon", "coordinates": [[[-79.49837, 43.16258], [-79.50019, 43.16307], [-79.50059, 43.16277], [-79.50238, 43.16279], [-79.50227, 43.15687], [-79.4972, 43.15686], [-79.4973, 43.16262], [-79.49837, 43.16258]]]}}, {"type": "Feature", "properties": {"id": "on-ca-43", "name": "Cave Springs", "hunting_allowed": null, "basis": "ca_permit", "permit_required": true, "authority": "Niagara Peninsula Conservation Authority"}, "geometry": {"type": "Polygon", "coordinates": [[[-79.4466, 43.14911], [-79.44939, 43.14679], [-79.44933, 43.14521], [-79.44849, 43.14562], [-79.44755, 43.14581], [-79.44742, 43.1462], [-79.44678, 43.14635], [-79.44647, 43.14626], [-79.44521, 43.14653], [-79.44416, 43.14641], [-79.44348, 43.14652], [-79.4419, 43.14646], [-79.44199, 43.14974], [-79.43954, 43.14988], [-79.43947, 43.14855], [-79.4345, 43.14878], [-79.43498, 43.15317], [-79.4364, 43.15306], [-79.43838, 43.15242], [-79.43937, 43.15193], [-79.44115, 43.15154], [-79.44087, 43.15144], [-79.44085, 43.1507], [-79.44175, 43.15043], [-79.44256, 43.14968], [-79.44424, 43.14968], [-79.44404, 43.15042], [-79.44349, 43.15084], [-79.44352, 43.15119], [-79.44669, 43.15105], [-79.44656, 43.1502], [-79.44674, 43.15007], [-79.44646, 43.1495], [-79.44663, 43.1495], [-79.4466, 43.14911]]]}}, {"type": "Feature", "properties": {"id": "on-ca-44", "name": "Louth", "hunting_allowed": null, "basis": "ca_permit", "permit_required": true, "authority": "Niagara Peninsula Conservation Authority"}, "geometry": {"type": "MultiPolygon", "coordinates": [[[[-79.33689, 43.13235], [-79.33415, 43.13319], [-79.33413, 43.13528], [-79.33607, 43.13514], [-79.336, 43.13379], [-79.33565, 43.13357], [-79.33691, 43.13266], [-79.33689, 43.13235]]], [[[-79.34286, 43.13055], [-79.34257, 43.1312], [-79.34293, 43.13142], [-79.34299, 43.13249], [-79.34384, 43.13249], [-79.34419, 43.13049], [-79.3447, 43.13046], [-79.34528, 43.13077], [-79.34606, 43.13072], [-79.34629, 43.1311], [-79.34798, 43.13107], [-79.34778, 43.12524], [-79.35324, 43.12503], [-79.35304, 43.12136], [-79.35208, 43.12164], [-79.35147, 43.12166], [-79.35112, 43.12152], [-79.35028, 43.12252], [-79.34912, 43.12264], [-79.34842, 43.12264], [-79.34726, 43.12156], [-79.34255, 43.12176], [-79.34286, 43.13055]]]]}}, {"type": "Feature", "properties": {"id": "on-ca-45", "name": "Beamer Memorial", "hunting_allowed": null, "basis": "ca_permit", "permit_required": true, "authority": "Niagara Peninsula Conservation Authority"}, "geometry": {"type": "MultiPolygon", "coordinates": [[[[-79.57223, 43.18395], [-79.57343, 43.18324], [-79.5741, 43.18334], [-79.57333, 43.18281], [-79.57234, 43.18283], [-79.57175, 43.18318], [-79.57144, 43.18377], [-79.57223, 43.18395]]], [[[-79.58911, 43.19183], [-79.58788, 43.19175], [-79.5872, 43.19341], [-79.58757, 43.19343], [-79.58736, 43.19395], [-79.58748, 43.19396], [-79.58769, 43.19344], [-79.58838, 43.19348], [-79.58911, 43.19183]]], [[[-79.57201, 43.1839], [-79.57142, 43.18479], [-79.57087, 43.18505], [-79.57018, 43.18648], [-79.56983, 43.18666], [-79.56988, 43.18657], [-79.56887, 43.18634], [-79.56479, 43.18844], [-79.56394, 43.18821], [-79.56542, 43.185], [-79.56168, 43.18416], [-79.56167, 43.18431], [-79.5608, 43.18413], [-79.56133, 43.18552], [-79.56146, 43.18728], [-79.56181, 43.18829], [-79.56272, 43.18938], [-79.56293, 43.18867], [-79.56366, 43.18907], [-79.56343, 43.18977], [-79.56357, 43.19018], [-79.56418, 43.19018], [-79.56438, 43.19031], [-79.56406, 43.19074], [-79.56422, 43.19083], [-79.56441, 43.19087], [-79.56515, 43.18966], [-79.56516, 43.19007], [-79.56493, 43.19043], [-79.56516, 43.19163], [-79.56512, 43.19091], [-79.56586, 43.19072], [-79.56635, 43.19116], [-79.56581, 43.19149], [-79.5665, 43.19202], [-79.56728, 43.19216], [-79.56715, 43.19248], [-79.56733, 43.19249], [-79.56816, 43.19073], [-79.56993, 43.19078], [-79.56992, 43.19249], [-79.57049, 43.19251], [-79.57052, 43.19074], [-79.57152, 43.19071], [-79.5715, 43.1927], [-79.57287, 43.18935], [-79.57511, 43.18934], [-79.57575, 43.18796], [-79.57422, 43.18762], [-79.57262, 43.18776], [-79.57321, 43.18609], [-79.5723, 43.18568], [-79.57407, 43.18391], [-79.57388, 43.18378], [-79.57294, 43.18467], [-79.57226, 43.18429], [-79.57201, 43.1839]]]]}}, {"type": "Feature", "properties": {"id": "on-ca-46", "name": "Lathrop", "hunting_allowed": null, "basis": "ca_permit", "permit_required": true, "authority": "Niagara Peninsula Conservation Authority"}, "geometry": {"type": "Polygon", "coordinates": [[[-79.29093, 43.06474], [-79.29347, 43.06684], [-79.29381, 43.06834], [-79.29232, 43.06863], [-79.29338, 43.07146], [-79.29627, 43.07144], [-79.29603, 43.06459], [-79.29093, 43.06474]]]}}, {"type": "Feature", "properties": {"id": "on-ca-47", "name": "Morgan's Point", "hunting_allowed": null, "basis": "ca_permit", "permit_required": true, "authority": "Niagara Peninsula Conservation Authority"}, "geometry": {"type": "MultiPolygon", "coordinates": [[[[-79.34696, 42.85591], [-79.34547, 42.85542], [-79.34554, 42.85942], [-79.34945, 42.85913], [-79.34952, 42.85887], [-79.34794, 42.85677], [-79.34696, 42.85591]]], [[[-79.34735, 42.86804], [-79.34737, 42.86903], [-79.35039, 42.86871], [-79.35012, 42.86094], [-79.34556, 42.86105], [-79.34558, 42.86224], [-79.34688, 42.86223], [-79.34689, 42.86392], [-79.34561, 42.86393], [-79.34564, 42.86641], [-79.34676, 42.8664], [-79.34677, 42.86679], [-79.34733, 42.86678], [-79.34735, 42.86786], [-79.34567, 42.86787], [-79.34567, 42.86805], [-79.34735, 42.86804]]]]}}, {"type": "Feature", "properties": {"id": "on-ca-48", "name": "Audley Conservation Area", "hunting_allowed": null, "basis": "ca_permit", "permit_required": true, "authority": "Central Lake Ontario Conservation Authority"}, "geometry": {"type": "Polygon", "coordinates": [[[-79.01881, 43.92713], [-79.01631, 43.92794], [-79.01693, 43.92909], [-79.02182, 43.92787], [-79.02089, 43.92593], [-79.01962, 43.92624], [-79.01822, 43.92568], [-79.01794, 43.9253], [-79.01757, 43.92452], [-79.01721, 43.92288], [-79.01687, 43.92252], [-79.01637, 43.92119], [-79.01708, 43.92121], [-79.01778, 43.9217], [-79.01792, 43.92146], [-79.01666, 43.92084], [-79.01543, 43.92111], [-79.01578, 43.92242], [-79.01547, 43.9226], [-79.01614, 43.92283], [-79.01668, 43.92428], [-79.01608, 43.92523], [-79.01629, 43.92576], [-79.01796, 43.92535], [-79.01881, 43.92713]]]}}, {"type": "Feature", "properties": {"id": "on-ca-49", "name": "Bowmanville/Westside Conservation Area", "hunting_allowed": null, "basis": "ca_permit", "permit_required": true, "authority": "Central Lake Ontario Conservation Authority", "management_plan": "https://www.cloca.com/conservation-area-management-plans"}, "geometry": {"type": "MultiPolygon", "coordinates": [[[[-78.67364, 43.89523], [-78.67391, 43.89585], [-78.67452, 43.89586], [-78.67483, 43.89517], [-78.67364, 43.89523]]], [[[-78.67338, 43.89525], [-78.6722, 43.89534], [-78.67218, 43.89587], [-78.67366, 43.89589], [-78.67338, 43.89525]]], [[[-78.67661, 43.89581], [-78.67788, 43.89578], [-78.67948, 43.8955], [-78.6768, 43.89488], [-78.67548, 43.89495], [-78.67636, 43.895], [-78.67661, 43.89581]]], [[[-78.67063, 43.88834], [-78.67286, 43.89344], [-78.67445, 43.89337], [-78.67373, 43.89232], [-78.67342, 43.89214], [-78.6719, 43.89031], [-78.67134, 43.88917], [-78.67063, 43.88834]]], [[[-78.66821, 43.88851], [-78.66736, 43.88846], [-78.66663, 43.88876], [-78.66674, 43.8891], [-78.66597, 43.88964], [-78.6653, 43.88946], [-78.66574, 43.89042], [-78.66625, 43.89066], [-78.66609, 43.89069], [-78.66635, 43.89128], [-78.66754, 43.89196], [-78.669, 43.89332], [-78.66993, 43.89372], [-78.6712, 43.89386], [-78.67146, 43.89402], [-78.67203, 43.89455], [-78.67221, 43.89513], [-78.6733, 43.89507], [-78.67014, 43.88781], [-78.66909, 43.88801], [-78.66903, 43.88813], [-78.66881, 43.88808], [-78.66821, 43.88851]]], [[[-78.67201, 43.88989], [-78.67213, 43.89024], [-78.67362, 43.89202], [-78.67393, 43.8922], [-78.67473, 43.89336], [-78.67706, 43.89336], [-78.67618, 43.89132], [-78.67627, 43.89065], [-78.67687, 43.88995], [-78.67725, 43.89013], [-78.68024, 43.88938], [-78.68081, 43.88487], [-78.68264, 43.88297], [-78.68436, 43.88276], [-78.68381, 43.88147], [-78.6823, 43.88182], [-78.68144, 43.88104], [-78.68116, 43.88109], [-78.67956, 43.88367], [-78.67868, 43.88466], [-78.67739, 43.88564], [-78.67523, 43.88677], [-78.67608, 43.88872], [-78.67201, 43.88989]]]]}}, {"type": "Feature", "properties": {"id": "on-ca-50", "name": "Crow's Pass Conservation Area", "hunting_allowed": null, "basis": "ca_permit", "permit_required": true, "authority": "Central Lake Ontario Conservation Authority", "management_plan": "https://www.cloca.com/conservation-area-management-plans"}, "geometry": {"type": "MultiPolygon", "coordinates": [[[[-79.04981, 44.02918], [-79.03653, 44.03222], [-79.03909, 44.03793], [-79.05406, 44.03464], [-79.05408, 44.03401], [-79.05355, 44.03247], [-79.05183, 44.02874], [-79.05153, 44.02881], [-79.05187, 44.02963], [-79.05015, 44.03], [-79.04981, 44.02918]]], [[[-79.02267, 44.04171], [-79.02823, 44.05457], [-79.03858, 44.05226], [-79.03904, 44.05331], [-79.0424, 44.05194], [-79.04198, 44.05094], [-79.04167, 44.05085], [-79.04183, 44.05056], [-79.03676, 44.03864], [-79.02267, 44.04171]], [[-79.03948, 44.0503], [-79.03894, 44.05046], [-79.03887, 44.05064], [-79.03854, 44.05054], [-79.03907, 44.05004], [-79.03913, 44.05017], [-79.03947, 44.05014], [-79.03948, 44.0503]]]]}}, {"type": "Feature", "properties": {"id": "on-ca-51", "name": "Enfield Conservation Area", "hunting_allowed": null, "basis": "ca_permit", "permit_required": true, "authority": "Central Lake Ontario Conservation Authority"}, "geometry": {"type": "MultiPolygon", "coordinates": [[[[-78.83592, 44.03884], [-78.83633, 44.03939], [-78.83671, 44.04031], [-78.84028, 44.03952], [-78.83993, 44.03873], [-78.84047, 44.03861], [-78.84082, 44.03939], [-78.84157, 44.03922], [-78.84053, 44.03811], [-78.83932, 44.03738], [-78.83838, 44.03556], [-78.83542, 44.03619], [-78.83519, 44.03611], [-78.835, 44.03561], [-78.8333, 44.03601], [-78.83415, 44.03776], [-78.83551, 44.03746], [-78.83619, 44.03794], [-78.83649, 44.03788], [-78.8366, 44.03851], [-78.83592, 44.03884]]], [[[-78.84328, 44.01549], [-78.84347, 44.01565], [-78.84433, 44.01771], [-78.84727, 44.01704], [-78.84706, 44.01647], [-78.84851, 44.01613], [-78.84737, 44.01542], [-78.8459, 44.01406], [-78.84565, 44.01309], [-78.84581, 44.01207], [-78.84611, 44.01154], [-78.84824, 44.0105], [-78.84807, 44.01007], [-78.85045, 44.00951], [-78.85099, 44.01071], [-78.85355, 44.01019], [-78.85179, 44.0064], [-78.85016, 44.00665], [-78.83746, 44.00955], [-78.83917, 44.0134], [-78.84158, 44.01292], [-78.84169, 44.01316], [-78.84159, 44.01342], [-78.84193, 44.01363], [-78.84227, 44.01439], [-78.84217, 44.01468], [-78.84248, 44.01484], [-78.84277, 44.01552], [-78.84328, 44.01549]]]]}}, {"type": "Feature", "properties": {"id": "on-ca-52", "name": "Heber Down Conservation Area", "hunting_allowed": null, "basis": "ca_permit", "permit_required": true, "authority": "Central Lake Ontario Conservation Authority", "management_plan": "https://www.cloca.com/conservation-area-management-plans"}, "geometry": {"type": "MultiPolygon", "coordinates": [[[[-78.97022, 43.93336], [-78.97105, 43.93525], [-78.9769, 43.93667], [-78.9744, 43.93096], [-78.96484, 43.93304], [-78.96589, 43.93541], [-78.97022, 43.93336]]], [[[-78.96688, 43.92495], [-78.97001, 43.93175], [-78.97481, 43.93068], [-78.97091, 43.92194], [-78.96622, 43.92298], [-78.96616, 43.92326], [-78.96639, 43.92386], [-78.9663, 43.92409], [-78.96585, 43.92438], [-78.96522, 43.92529], [-78.96393, 43.92574], [-78.96688, 43.92495]]], [[[-78.97108, 43.92173], [-78.97505, 43.93063], [-78.97983, 43.92953], [-78.9795, 43.92875], [-78.98163, 43.92768], [-78.98106, 43.92637], [-78.97862, 43.92689], [-78.97589, 43.92069], [-78.97108, 43.92173]]], [[[-78.98838, 43.93783], [-78.99786, 43.93562], [-78.9974, 43.93457], [-78.99266, 43.93564], [-78.98911, 43.92757], [-78.98804, 43.92782], [-78.98868, 43.92858], [-78.98694, 43.92898], [-78.98662, 43.92882], [-78.98601, 43.92895], [-78.98574, 43.92835], [-78.98437, 43.92867], [-78.98838, 43.93783]]], [[[-78.98001, 43.94312], [-78.98038, 43.94398], [-78.98981, 43.94168], [-78.98481, 43.93027], [-78.98136, 43.9312], [-78.98137, 43.93014], [-78.97989, 43.93099], [-78.97939, 43.92982], [-78.97464, 43.9309], [-78.97846, 43.9396], [-78.98063, 43.93915], [-78.98084, 43.93931], [-78.98306, 43.939], [-78.98334, 43.93914], [-78.98379, 43.93975], [-78.98518, 43.94073], [-78.98507, 43.94125], [-78.98347, 43.94191], [-78.98232, 43.9429], [-78.98126, 43.94319], [-78.98054, 43.94304], [-78.98001, 43.94312]]]]}}, {"type": "Feature", "properties": {"id": "on-ca-53", "name": "Long Sault Conservation Area", "hunting_allowed": null, "basis": "ca_permit", "permit_required": true, "authority": "Central Lake Ontario Conservation Authority", "management_plan": "https://www.cloca.com/conservation-area-management-plans"}, "geometry": {"type": "MultiPolygon", "coordinates": [[[[-78.75945, 44.05272], [-78.7606, 44.05421], [-78.76098, 44.05443], [-78.76006, 44.05258], [-78.75945, 44.05272]]], [[[-78.6989, 44.07129], [-78.69915, 44.07052], [-78.69956, 44.07003], [-78.69847, 44.06929], [-78.69806, 44.06875], [-78.69783, 44.06616], [-78.69668, 44.06538], [-78.69606, 44.06527], [-78.6989, 44.07129]]], [[[-78.71969, 44.07345], [-78.7166, 44.07456], [-78.71775, 44.07687], [-78.7225, 44.07575], [-78.72104, 44.07278], [-78.71969, 44.07345]]], [[[-78.7592, 44.05277], [-78.75534, 44.05366], [-78.7575, 44.05823], [-78.76226, 44.05717], [-78.76105, 44.05456], [-78.7605, 44.05425], [-78.75987, 44.05332], [-78.7592, 44.05277]]], [[[-78.71474, 44.04798], [-78.719, 44.05692], [-78.72372, 44.05584], [-78.7216, 44.05137], [-78.7171, 44.05242], [-78.71497, 44.04793], [-78.71474, 44.04798]]], [[[-78.72548, 44.0707], [-78.7278, 44.07035], [-78.73046, 44.07035], [-78.72787, 44.06506], [-78.72323, 44.06615], [-78.72548, 44.0707]]], [[[-78.72809, 44.07061], [-78.72646, 44.07079], [-78.72467, 44.07122], [-78.72128, 44.07273], [-78.72273, 44.07569], [-78.73, 44.07402], [-78.72809, 44.07061]]], [[[-78.75359, 44.03884], [-78.7505, 44.03954], [-78.75108, 44.04078], [-78.74942, 44.04116], [-78.75317, 44.04908], [-78.75704, 44.04818], [-78.75764, 44.04741], [-78.75359, 44.03884]]], [[[-78.70174, 44.0606], [-78.69692, 44.06178], [-78.69821, 44.0646], [-78.69617, 44.06511], [-78.69679, 44.06521], [-78.69799, 44.06597], [-78.69831, 44.06872], [-78.69872, 44.06922], [-78.69986, 44.06992], [-78.69988, 44.07017], [-78.69938, 44.07061], [-78.69905, 44.07161], [-78.70619, 44.06994], [-78.70174, 44.0606]]], [[[-78.73658, 44.04852], [-78.73897, 44.05356], [-78.73422, 44.05468], [-78.73806, 44.06279], [-78.74514, 44.0611], [-78.74182, 44.05408], [-78.74421, 44.05354], [-78.7389, 44.04244], [-78.73853, 44.04242], [-78.73863, 44.04267], [-78.73727, 44.04298], [-78.73787, 44.04421], [-78.73609, 44.04461], [-78.73563, 44.04363], [-78.735, 44.04397], [-78.73469, 44.04332], [-78.73115, 44.04423], [-78.73183, 44.04568], [-78.7313, 44.04596], [-78.7302, 44.04615], [-78.73122, 44.04831], [-78.73146, 44.04813], [-78.73338, 44.04788], [-78.73368, 44.04825], [-78.73435, 44.04819], [-78.73477, 44.04894], [-78.73658, 44.04852]], [[-78.74048, 44.04873], [-78.7374, 44.04919], [-78.73695, 44.04822], [-78.74003, 44.04758], [-78.74048, 44.04873]]], [[[-78.72924, 44.04468], [-78.72446, 44.04571], [-78.7281, 44.05342], [-78.72337, 44.05453], [-78.72823, 44.0648], [-78.73776, 44.06272], [-78.72924, 44.04468]]], [[[-78.73927, 44.04236], [-78.74777, 44.06049], [-78.75726, 44.05828], [-78.75293, 44.04913], [-78.74819, 44.05025], [-78.74588, 44.0454], [-78.75062, 44.04425], [-78.7486, 44.04], [-78.73958, 44.04212], [-78.73927, 44.04236]]]]}}, {"type": "Feature", "properties": {"id": "on-ca-54", "name": "Lynde Shores Conservation Area", "hunting_allowed": null, "basis": "ca_permit", "permit_required": true, "authority": "Central Lake Ontario Conservation Authority", "management_plan": "https://www.cloca.com/conservation-area-management-plans"}, "geometry": {"type": "MultiPolygon", "coordinates": [[[[-78.97027, 43.84504], [-78.97504, 43.84398], [-78.97365, 43.84073], [-78.97131, 43.84128], [-78.97085, 43.84018], [-78.97318, 43.83962], [-78.97055, 43.83345], [-78.96984, 43.83396], [-78.96837, 43.83574], [-78.96695, 43.83713], [-78.97027, 43.84504]]], [[[-78.96096, 43.8613], [-78.96283, 43.86554], [-78.96636, 43.86479], [-78.96617, 43.86458], [-78.96565, 43.86288], [-78.96635, 43.86162], [-78.96394, 43.85609], [-78.95727, 43.85759], [-78.95785, 43.86141], [-78.9562, 43.86234], [-78.96096, 43.8613]]], [[[-78.96995, 43.86113], [-78.97082, 43.86313], [-78.97142, 43.86366], [-78.97751, 43.86229], [-78.97386, 43.85393], [-78.96418, 43.85604], [-78.96653, 43.86144], [-78.96688, 43.8609], [-78.96704, 43.85991], [-78.96748, 43.85879], [-78.9669, 43.85661], [-78.96697, 43.85641], [-78.96936, 43.85592], [-78.96966, 43.85661], [-78.97, 43.85637], [-78.97064, 43.85635], [-78.97138, 43.85642], [-78.97185, 43.85665], [-78.97263, 43.85663], [-78.97344, 43.8585], [-78.97374, 43.85888], [-78.97431, 43.85922], [-78.97125, 43.86025], [-78.97004, 43.86046], [-78.9699, 43.86071], [-78.96995, 43.86113]]], [[[-78.9576, 43.85715], [-78.97273, 43.85386], [-78.97234, 43.85293], [-78.97081, 43.85326], [-78.97037, 43.85221], [-78.97281, 43.85168], [-78.9712, 43.84787], [-78.97099, 43.84809], [-78.97099, 43.84841], [-78.97153, 43.84928], [-78.97161, 43.84985], [-78.97125, 43.85038], [-78.97038, 43.8508], [-78.96891, 43.85109], [-78.96741, 43.85096], [-78.96668, 43.8495], [-78.96648, 43.8489], [-78.96658, 43.84867], [-78.97115, 43.84774], [-78.96712, 43.83817], [-78.96568, 43.83873], [-78.96555, 43.83843], [-78.96675, 43.83729], [-78.96302, 43.84052], [-78.96145, 43.84166], [-78.95693, 43.84397], [-78.95781, 43.84542], [-78.95676, 43.84572], [-78.95687, 43.84594], [-78.95518, 43.84612], [-78.95454, 43.8448], [-78.95309, 43.84497], [-78.95127, 43.84558], [-78.94917, 43.84578], [-78.95005, 43.84787], [-78.95209, 43.84935], [-78.95295, 43.84936], [-78.9531, 43.84986], [-78.95386, 43.84982], [-78.95451, 43.85016], [-78.95566, 43.84985], [-78.95597, 43.85001], [-78.95596, 43.85065], [-78.95618, 43.85072], [-78.95694, 43.85038], [-78.959, 43.8511], [-78.95984, 43.85161], [-78.95977, 43.85234], [-78.95906, 43.85251], [-78.95805, 43.85229], [-78.95759, 43.85243], [-78.95829, 43.85249], [-78.95892, 43.85345], [-78.95849, 43.85398], [-78.95729, 43.85451], [-78.95685, 43.85509], [-78.95689, 43.85571], [-78.9576, 43.85715]]]]}}, {"type": "Feature", "properties": {"id": "on-ca-55", "name": "Purple Woods Conservation Area", "hunting_allowed": null, "basis": "ca_permit", "permit_required": true, "authority": "Central Lake Ontario Conservation Authority", "management_plan": "Rahmani Tract Management Plan, 2004, Central Lake Ontario Conservation Authority"}, "geometry": {"type": "MultiPolygon", "coordinates": [[[[-78.91483, 44.03688], [-78.91487, 44.03723], [-78.91525, 44.03756], [-78.91674, 44.03809], [-78.91728, 44.03796], [-78.91683, 44.03693], [-78.91871, 44.03651], [-78.91916, 44.03755], [-78.92073, 44.03715], [-78.92068, 44.03466], [-78.92108, 44.03316], [-78.91562, 44.0344], [-78.91584, 44.03474], [-78.91584, 44.03504], [-78.91483, 44.03688]]], [[[-78.93398, 44.03418], [-78.93523, 44.0339], [-78.93506, 44.03341], [-78.93586, 44.03323], [-78.93544, 44.03226], [-78.93617, 44.0321], [-78.93788, 44.03273], [-78.9381, 44.03326], [-78.94355, 44.03205], [-78.94153, 44.02751], [-78.93633, 44.03054], [-78.93465, 44.03118], [-78.93284, 44.0316], [-78.93398, 44.03418]]]]}}, {"type": "Feature", "properties": {"id": "on-ca-56", "name": "Mount Hope Conservation Area", "hunting_allowed": null, "basis": "ca_permit", "permit_required": true, "authority": "Central Lake Ontario Conservation Authority"}, "geometry": {"type": "Polygon", "coordinates": [[[-78.70433, 44.00644], [-78.70651, 44.01132], [-78.70877, 44.0108], [-78.70568, 44.00396], [-78.70388, 44.00446], [-78.70331, 44.00435], [-78.70299, 44.00398], [-78.70306, 44.00324], [-78.70278, 44.00305], [-78.70219, 44.00158], [-78.7023, 44.00116], [-78.70261, 44.00097], [-78.70419, 44.00065], [-78.70346, 43.99903], [-78.69975, 43.99999], [-78.70003, 44.00033], [-78.70001, 44.00081], [-78.70031, 44.00097], [-78.70046, 44.00147], [-78.7004, 44.00262], [-78.70024, 44.00282], [-78.69995, 44.00284], [-78.70153, 44.00637], [-78.70309, 44.00612], [-78.70349, 44.0066], [-78.70433, 44.00644]]]}}, {"type": "Feature", "properties": {"id": "on-ca-57", "name": "Enniskillen Conservation Area", "hunting_allowed": null, "basis": "ca_permit", "permit_required": true, "authority": "Central Lake Ontario Conservation Authority", "management_plan": "Enniskillen Conservation Area Stewardship Plan, 2010, Central Lake Ontario Conservation Authority"}, "geometry": {"type": "MultiPolygon", "coordinates": [[[[-78.81531, 44.02702], [-78.81585, 44.0291], [-78.8176, 44.02867], [-78.81731, 44.02806], [-78.81832, 44.02783], [-78.8166, 44.02424], [-78.81465, 44.02469], [-78.81462, 44.02584], [-78.81499, 44.02639], [-78.81457, 44.0272], [-78.81531, 44.02702]]], [[[-78.78947, 44.01059], [-78.79184, 44.01004], [-78.79096, 44.0081], [-78.79356, 44.00802], [-78.79284, 44.00643], [-78.79049, 44.00704], [-78.78958, 44.00506], [-78.7873, 44.00575], [-78.78947, 44.01059]]], [[[-78.81388, 44.01487], [-78.81335, 44.01502], [-78.81497, 44.01857], [-78.8197, 44.01747], [-78.81812, 44.01404], [-78.81543, 44.0147], [-78.81518, 44.01415], [-78.81461, 44.01411], [-78.81388, 44.01487]]], [[[-78.77208, 43.99648], [-78.76735, 43.99754], [-78.76909, 44.00138], [-78.77381, 44.00033], [-78.77208, 43.99648]]], [[[-78.77187, 44.01341], [-78.7723, 44.01442], [-78.776, 44.0138], [-78.77847, 44.01317], [-78.77823, 44.01264], [-78.77582, 44.01143], [-78.77497, 44.01], [-78.7733, 44.00961], [-78.77317, 44.00939], [-78.77376, 44.00752], [-78.77363, 44.00667], [-78.77313, 44.0055], [-78.77114, 44.00595], [-78.77288, 44.00987], [-78.77052, 44.01046], [-78.76976, 44.00875], [-78.76988, 44.00969], [-78.76766, 44.0102], [-78.76772, 44.01033], [-78.76938, 44.00995], [-78.76976, 44.01086], [-78.76962, 44.01182], [-78.76986, 44.01189], [-78.77088, 44.01364], [-78.77187, 44.01341]]], [[[-78.77681, 44.02606], [-78.77717, 44.02685], [-78.7762, 44.02729], [-78.77647, 44.02789], [-78.78169, 44.0267], [-78.78139, 44.02614], [-78.78176, 44.02573], [-78.7807, 44.02322], [-78.78198, 44.02288], [-78.7826, 44.02412], [-78.78339, 44.02381], [-78.78353, 44.02349], [-78.78403, 44.02359], [-78.78497, 44.02336], [-78.78101, 44.0147], [-78.77961, 44.01503], [-78.78025, 44.01644], [-78.77989, 44.01653], [-78.77879, 44.01634], [-78.77833, 44.01533], [-78.77623, 44.01572], [-78.77946, 44.02294], [-78.77817, 44.02325], [-78.77873, 44.02509], [-78.77555, 44.02585], [-78.77576, 44.0263], [-78.77681, 44.02606]]], [[[-78.7803, 44.01279], [-78.78215, 44.01236], [-78.78172, 44.01143], [-78.78196, 44.01144], [-78.78285, 44.01217], [-78.78924, 44.01067], [-78.78601, 44.00347], [-78.78471, 44.00376], [-78.78426, 44.00277], [-78.78067, 44.00357], [-78.78073, 44.00341], [-78.77932, 44.00026], [-78.77559, 44.0011], [-78.77566, 44.00095], [-78.77534, 44.00072], [-78.77488, 44.00061], [-78.77427, 44.00074], [-78.77945, 44.01224], [-78.77999, 44.01212], [-78.7803, 44.01279]]], [[[-78.80841, 44.02462], [-78.80912, 44.02485], [-78.80958, 44.02538], [-78.80959, 44.02568], [-78.81712, 44.02394], [-78.81263, 44.014], [-78.81071, 44.01447], [-78.81036, 44.01432], [-78.81023, 44.01344], [-78.80954, 44.01305], [-78.80938, 44.0133], [-78.80878, 44.0135], [-78.80726, 44.01355], [-78.80614, 44.0138], [-78.80553, 44.01324], [-78.80383, 44.01365], [-78.80335, 44.01249], [-78.80176, 44.01284], [-78.80691, 44.02412], [-78.80792, 44.02406], [-78.80841, 44.02462]]], [[[-78.78782, 44.02576], [-78.78871, 44.02668], [-78.78843, 44.02734], [-78.78968, 44.03029], [-78.79093, 44.03], [-78.78965, 44.02746], [-78.79044, 44.02684], [-78.79069, 44.02642], [-78.79131, 44.02646], [-78.79255, 44.02963], [-78.79796, 44.02837], [-78.78992, 44.01079], [-78.78674, 44.01154], [-78.7892, 44.01698], [-78.78773, 44.01738], [-78.78616, 44.01396], [-78.7837, 44.01456], [-78.78417, 44.015], [-78.78548, 44.01747], [-78.7852, 44.01823], [-78.78533, 44.01865], [-78.78576, 44.01925], [-78.78698, 44.01999], [-78.78725, 44.02097], [-78.78704, 44.02121], [-78.78477, 44.02172], [-78.78445, 44.02164], [-78.78521, 44.0233], [-78.78561, 44.02323], [-78.78578, 44.02339], [-78.78601, 44.024], [-78.78561, 44.02418], [-78.78647, 44.02606], [-78.78782, 44.02576]]], [[[-78.79062, 44.01175], [-78.7982, 44.02832], [-78.80758, 44.02617], [-78.80641, 44.02359], [-78.80594, 44.02383], [-78.80592, 44.02424], [-78.80571, 44.02436], [-78.8053, 44.02433], [-78.80499, 44.02347], [-78.80494, 44.02448], [-78.80365, 44.02472], [-78.80298, 44.02439], [-78.80311, 44.02414], [-78.80383, 44.02393], [-78.80378, 44.02366], [-78.80306, 44.02338], [-78.80256, 44.02281], [-78.80248, 44.02247], [-78.80192, 44.02214], [-78.80169, 44.02167], [-78.80154, 44.02124], [-78.80173, 44.02104], [-78.80143, 44.02091], [-78.8014, 44.0203], [-78.80299, 44.02018], [-78.80396, 44.02057], [-78.80501, 44.02054], [-78.80027, 44.01017], [-78.7994, 44.01048], [-78.79941, 44.01095], [-78.79861, 44.01134], [-78.79821, 44.01126], [-78.79787, 44.01049], [-78.79635, 44.01083], [-78.79542, 44.01081], [-78.79696, 44.01166], [-78.798, 44.01155], [-78.79815, 44.01223], [-78.7974, 44.0123], [-78.79805, 44.01424], [-78.79939, 44.01393], [-78.80055, 44.01648], [-78.79893, 44.01686], [-78.79878, 44.01599], [-78.79853, 44.01602], [-78.79728, 44.01294], [-78.7972, 44.01308], [-78.79659, 44.01313], [-78.79622, 44.01268], [-78.79589, 44.01173], [-78.79644, 44.0116], [-78.79546, 44.01106], [-78.79553, 44.01121], [-78.79514, 44.01092], [-78.79497, 44.01054], [-78.79251, 44.0112], [-78.79219, 44.01155], [-78.79062, 44.01175]]]]}}, {"type": "Feature", "properties": {"id": "on-ca-58", "name": "Rattray Marsh Conservation Area", "hunting_allowed": null, "basis": "ca_permit", "permit_required": true, "authority": "Credit Valley Conservation Authority", "management_plan": "Credit Valley Conservation (CVC). 2018b. Conservation Areas Master Strategy 2018-2028. Mississauga, Ontario. Retrieved from https://cvc.ca/wp-content/uploads/2020/04/conservation-areas-master-strat-web.pdf."}, "geometry": {"type": "MultiPolygon", "coordinates": [[[[-79.60206, 43.51662], [-79.60224, 43.52114], [-79.60262, 43.52128], [-79.60285, 43.52026], [-79.60344, 43.51979], [-79.60588, 43.51947], [-79.60206, 43.51662]]], [[[-79.60662, 43.51846], [-79.60709, 43.51861], [-79.60811, 43.51958], [-79.60771, 43.51979], [-79.60847, 43.52036], [-79.60796, 43.52077], [-79.60814, 43.5209], [-79.61175, 43.51842], [-79.61199, 43.51859], [-79.61287, 43.51809], [-79.61323, 43.51807], [-79.61388, 43.51839], [-79.61607, 43.51642], [-79.61554, 43.51605], [-79.61488, 43.51671], [-79.61359, 43.51717], [-79.61142, 43.51559], [-79.61088, 43.51596], [-79.61128, 43.51626], [-79.61011, 43.51701], [-79.60806, 43.51551], [-79.60911, 43.51475], [-79.60939, 43.5141], [-79.6083, 43.51327], [-79.60718, 43.51425], [-79.60693, 43.51432], [-79.60724, 43.5148], [-79.60386, 43.51578], [-79.60334, 43.51636], [-79.60246, 43.51666], [-79.60566, 43.51905], [-79.60621, 43.51852], [-79.60662, 43.51846]]]]}}, {"type": "Feature", "properties": {"id": "on-ca-59", "name": "Robert Baker Forest Conservation Area", "hunting_allowed": null, "basis": "ca_permit", "permit_required": true, "authority": "Credit Valley Conservation Authority", "management_plan": "Credit Valley Conservation (CVC). 2018b. Conservation Areas Master Strategy 2018-2028. Mississauga, Ontario. Retrieved from https://cvc.ca/wp-content/uploads/2020/04/conservation-areas-master-strat-web.pdf."}, "geometry": {"type": "Polygon", "coordinates": [[[-80.00165, 43.76697], [-80.00674, 43.77081], [-80.01144, 43.76644], [-80.00906, 43.7646], [-80.00805, 43.76552], [-80.00654, 43.76441], [-80.00638, 43.76391], [-80.00743, 43.76337], [-80.00644, 43.76262], [-80.00165, 43.76697]]]}}, {"type": "Feature", "properties": {"id": "on-ca-60", "name": "Skywood Park", "hunting_allowed": null, "basis": "ca_permit", "permit_required": true, "authority": "Credit Valley Conservation Authority", "management_plan": "Credit Valley Conservation (CVC). 2018b. Conservation Areas Master Strategy 2018-2028. Mississauga, Ontario. Retrieved from https://cvc.ca/wp-content/uploads/2020/04/conservation-areas-master-strat-web.pdf."}, "geometry": {"type": "MultiPolygon", "coordinates": [[[[-80.0191, 43.90826], [-80.01942, 43.90851], [-80.0202, 43.90872], [-80.02187, 43.90718], [-80.02047, 43.90768], [-80.01929, 43.90721], [-80.01924, 43.90705], [-80.01868, 43.90718], [-80.01933, 43.90757], [-80.0185, 43.90824], [-80.01871, 43.9084], [-80.0191, 43.90826]]], [[[-80.01993, 43.90007], [-80.02261, 43.89773], [-80.02141, 43.89685], [-80.02107, 43.89709], [-80.01814, 43.89632], [-80.01742, 43.89578], [-80.01583, 43.89505], [-80.01459, 43.89615], [-80.01993, 43.90007]]], [[[-80.01591, 43.9075], [-80.01655, 43.90797], [-80.01755, 43.90772], [-80.01861, 43.907], [-80.01812, 43.90657], [-80.01898, 43.90579], [-80.02182, 43.90709], [-80.02259, 43.90639], [-80.0174, 43.90257], [-80.01208, 43.90735], [-80.01338, 43.90632], [-80.01574, 43.90765], [-80.01591, 43.9075]]]]}}, {"type": "Feature", "properties": {"id": "on-ca-61", "name": "Warwick Conservation Area", "hunting_allowed": null, "basis": "ca_permit", "permit_required": true, "authority": "Credit Valley Conservation Authority", "management_plan": "Credit Valley Conservation (CVC). 2018b. Conservation Areas Master Strategy 2018-2028. Mississauga, Ontario. Retrieved from https://cvc.ca/wp-content/uploads/2020/04/conservation-areas-master-strat-web.pdf."}, "geometry": {"type": "Polygon", "coordinates": [[[-79.89686, 43.8221], [-79.90224, 43.82609], [-79.90751, 43.82144], [-79.89949, 43.81549], [-79.89842, 43.81653], [-79.89994, 43.81764], [-79.89923, 43.81829], [-79.89771, 43.81717], [-79.89544, 43.81922], [-79.89812, 43.8208], [-79.89686, 43.8221]]]}}, {"type": "Feature", "properties": {"id": "on-ca-62", "name": "Alton Forest Conservation Area", "hunting_allowed": null, "basis": "ca_permit", "permit_required": true, "authority": "Credit Valley Conservation Authority", "management_plan": "Credit Valley Conservation (CVC). 2018b. Conservation Areas Master Strategy 2018-2028. Mississauga, Ontario. Retrieved from https://cvc.ca/wp-content/uploads/2020/04/conservation-areas-master-strat-web.pdf."}, "geometry": {"type": "Polygon", "coordinates": [[[-80.0554, 43.83308], [-80.05011, 43.83789], [-80.05558, 43.8419], [-80.06083, 43.83711], [-80.0554, 43.83308]]]}}, {"type": "Feature", "properties": {"id": "on-ca-63", "name": "Armstrong Avenue Property", "hunting_allowed": null, "basis": "ca_permit", "permit_required": true, "authority": "Credit Valley Conservation Authority", "management_plan": "Credit Valley Conservation (CVC). 2018b. Conservation Areas Master Strategy 2018-2028. Mississauga, Ontario. Retrieved from https://cvc.ca/wp-content/uploads/2020/04/conservation-areas-master-strat-web.pdf."}, "geometry": {"type": "Polygon", "coordinates": [[[-79.89308, 43.65969], [-79.89266, 43.65853], [-79.89384, 43.65792], [-79.89432, 43.65824], [-79.89498, 43.65914], [-79.89587, 43.65932], [-79.89751, 43.65892], [-79.89844, 43.65843], [-79.89874, 43.65882], [-79.89862, 43.65929], [-79.9002, 43.65897], [-79.90063, 43.65871], [-79.90152, 43.65777], [-79.89952, 43.65629], [-79.8989, 43.65639], [-79.89816, 43.65675], [-79.89757, 43.6576], [-79.89713, 43.65776], [-79.89657, 43.65755], [-79.89516, 43.65609], [-79.8941, 43.65581], [-79.89309, 43.6559], [-79.89242, 43.65623], [-79.89168, 43.65771], [-79.8915, 43.65781], [-79.88993, 43.65748], [-79.88967, 43.65771], [-79.89169, 43.65923], [-79.89212, 43.65917], [-79.89308, 43.65969]]]}}, {"type": "Feature", "properties": {"id": "on-ca-64", "name": "Caledon Creek Forest Conservation Area", "hunting_allowed": null, "basis": "ca_permit", "permit_required": true, "authority": "Credit Valley Conservation Authority", "management_plan": "Credit Valley Conservation (CVC). 2018b. Conservation Areas Master Strategy 2018-2028. Mississauga, Ontario. Retrieved from https://cvc.ca/wp-content/uploads/2020/04/conservation-areas-master-strat-web.pdf."}, "geometry": {"type": "Polygon", "coordinates": [[[-79.96314, 43.90689], [-79.96838, 43.91078], [-79.97371, 43.90608], [-79.97234, 43.90514], [-79.97042, 43.90684], [-79.96643, 43.90389], [-79.96314, 43.90689]]]}}, {"type": "Feature", "properties": {"id": "on-ca-65", "name": "Cox Property", "hunting_allowed": null, "basis": "ca_permit", "permit_required": true, "authority": "Credit Valley Conservation Authority", "management_plan": "Credit Valley Conservation (CVC). 2018b. Conservation Areas Master Strategy 2018-2028. Mississauga, Ontario. Retrieved from https://cvc.ca/wp-content/uploads/2020/04/conservation-areas-master-strat-web.pdf."}, "geometry": {"type": "Polygon", "coordinates": [[[-79.99939, 43.80366], [-80.00192, 43.80217], [-80.00139, 43.80178], [-80.00022, 43.80197], [-79.99772, 43.80157], [-79.99771, 43.80181], [-79.99792, 43.80194], [-79.99772, 43.80209], [-79.99939, 43.80366]]]}}, {"type": "Feature", "properties": {"id": "on-ca-66", "name": "The Garas", "hunting_allowed": null, "basis": "ca_permit", "permit_required": true, "authority": "Credit Valley Conservation Authority", "management_plan": "Credit Valley Conservation (CVC). 2018b. Conservation Areas Master Strategy 2018-2028. Mississauga, Ontario. Retrieved from https://cvc.ca/wp-content/uploads/2020/04/conservation-areas-master-strat-web.pdf."}, "geometry": {"type": "MultiPolygon", "coordinates": [[[[-80.12225, 43.89089], [-80.12211, 43.89164], [-80.12173, 43.89199], [-80.1222, 43.89231], [-80.12283, 43.89204], [-80.12387, 43.89127], [-80.12395, 43.89044], [-80.12325, 43.89052], [-80.12347, 43.89029], [-80.12276, 43.89013], [-80.12225, 43.89089]]], [[[-80.12532, 43.89443], [-80.12632, 43.89395], [-80.12802, 43.89391], [-80.12826, 43.89359], [-80.12782, 43.89278], [-80.12716, 43.89261], [-80.12633, 43.89282], [-80.1233, 43.89302], [-80.12532, 43.89443]]], [[[-80.11581, 43.89712], [-80.11674, 43.8977], [-80.11771, 43.89793], [-80.11221, 43.89416], [-80.11155, 43.89477], [-80.11185, 43.89515], [-80.11275, 43.89577], [-80.11336, 43.89654], [-80.1139, 43.89686], [-80.11442, 43.89694], [-80.11462, 43.89719], [-80.11581, 43.89712]]], [[[-80.12332, 43.8891], [-80.12278, 43.88993], [-80.12341, 43.89011], [-80.1252, 43.88992], [-80.12559, 43.88922], [-80.1265, 43.88885], [-80.12739, 43.88947], [-80.12788, 43.88912], [-80.1289, 43.88876], [-80.13053, 43.88986], [-80.13575, 43.88534], [-80.13513, 43.8849], [-80.13406, 43.88587], [-80.13227, 43.88461], [-80.13261, 43.88421], [-80.13203, 43.88436], [-80.13172, 43.88477], [-80.13138, 43.88446], [-80.13094, 43.88485], [-80.13, 43.88487], [-80.12984, 43.8848], [-80.1303, 43.88426], [-80.13033, 43.88382], [-80.12907, 43.88311], [-80.12447, 43.88738], [-80.12177, 43.8855], [-80.11958, 43.88749], [-80.12004, 43.88745], [-80.12031, 43.88807], [-80.12081, 43.88823], [-80.12101, 43.88813], [-80.1209, 43.88798], [-80.1219, 43.88715], [-80.12255, 43.88719], [-80.12298, 43.88742], [-80.12332, 43.8891]]]]}}, {"type": "Feature", "properties": {"id": "on-ca-67", "name": "Ken Whillans Resource Management Area", "hunting_allowed": null, "basis": "ca_permit", "permit_required": true, "authority": "Credit Valley Conservation Authority", "management_plan": "Credit Valley Conservation (CVC). 2018b. Conservation Areas Master Strategy 2018-2028. Mississauga, Ontario. Retrieved from https://cvc.ca/wp-content/uploads/2020/04/conservation-areas-master-strat-web.pdf."}, "geometry": {"type": "MultiPolygon", "coordinates": [[[[-79.94463, 43.80985], [-79.94245, 43.81187], [-79.94776, 43.81581], [-79.94941, 43.81432], [-79.94959, 43.81398], [-79.94897, 43.81322], [-79.9495, 43.81268], [-79.94932, 43.81264], [-79.94903, 43.812], [-79.94712, 43.81086], [-79.94638, 43.80981], [-79.94613, 43.80972], [-79.94578, 43.81005], [-79.94463, 43.80985]]], [[[-79.93548, 43.81373], [-79.93806, 43.81563], [-79.94227, 43.81175], [-79.94094, 43.8107], [-79.93991, 43.81068], [-79.93847, 43.81016], [-79.93709, 43.80895], [-79.93659, 43.80872], [-79.93611, 43.80855], [-79.93406, 43.80855], [-79.93398, 43.80825], [-79.93415, 43.8077], [-79.93374, 43.80735], [-79.93391, 43.80705], [-79.93347, 43.80648], [-79.93272, 43.80708], [-79.93276, 43.80838], [-79.93248, 43.80974], [-79.93193, 43.81097], [-79.93113, 43.81209], [-79.93179, 43.81257], [-79.93189, 43.81247], [-79.93193, 43.81267], [-79.93395, 43.81417], [-79.93489, 43.81372], [-79.93548, 43.81373]]], [[[-79.92809, 43.80893], [-79.92816, 43.80928], [-79.928, 43.80976], [-79.93016, 43.81137], [-79.93149, 43.81123], [-79.93215, 43.80995], [-79.93251, 43.80839], [-79.93203, 43.80358], [-79.93127, 43.8042], [-79.92948, 43.80242], [-79.92912, 43.80246], [-79.92881, 43.80168], [-79.9284, 43.80136], [-79.92783, 43.80122], [-79.92707, 43.80126], [-79.9267, 43.80099], [-79.92637, 43.8], [-79.92461, 43.79868], [-79.92442, 43.79895], [-79.92456, 43.79921], [-79.92539, 43.79976], [-79.92566, 43.80067], [-79.9254, 43.80207], [-79.92607, 43.80254], [-79.92507, 43.80363], [-79.92439, 43.8039], [-79.92477, 43.8044], [-79.92512, 43.80426], [-79.92718, 43.80582], [-79.92448, 43.8069], [-79.92494, 43.80724], [-79.92595, 43.80678], [-79.92643, 43.80757], [-79.92722, 43.80737], [-79.92723, 43.8076], [-79.92809, 43.80893]]]]}}, {"type": "Feature", "properties": {"id": "on-ca-68", "name": "Limehouse Conservation Area", "hunting_allowed": null, "basis": "ca_permit", "permit_required": true, "authority": "Credit Valley Conservation Authority", "management_plan": "Credit Valley Conservation (CVC). 2018b. Conservation Areas Master Strategy 2018-2028. Mississauga, Ontario. Retrieved from https://cvc.ca/wp-content/uploads/2020/04/conservation-areas-master-strat-web.pdf."}, "geometry": {"type": "MultiPolygon", "coordinates": [[[[-79.97416, 43.63203], [-79.97507, 43.63272], [-79.97519, 43.63257], [-79.97526, 43.63216], [-79.97457, 43.6318], [-79.97416, 43.63203]]], [[[-79.96389, 43.63385], [-79.96471, 43.63446], [-79.96413, 43.63497], [-79.96842, 43.63808], [-79.97205, 43.63947], [-79.9793, 43.63704], [-79.97885, 43.63659], [-79.97801, 43.63632], [-79.97761, 43.63551], [-79.97606, 43.63525], [-79.97732, 43.63467], [-79.97066, 43.62965], [-79.96916, 43.62924], [-79.96389, 43.63385]]]]}}, {"type": "Feature", "properties": {"id": "on-ca-69", "name": "Orpen Lake Estates", "hunting_allowed": null, "basis": "ca_permit", "permit_required": true, "authority": "Credit Valley Conservation Authority", "management_plan": "Credit Valley Conservation (CVC). 2018b. Conservation Areas Master Strategy 2018-2028. Mississauga, Ontario. Retrieved from https://cvc.ca/wp-content/uploads/2020/04/conservation-areas-master-strat-web.pdf."}, "geometry": {"type": "Polygon", "coordinates": [[[-80.0894, 43.88451], [-80.09009, 43.88489], [-80.0927, 43.88251], [-80.0907, 43.88136], [-80.08916, 43.87946], [-80.08976, 43.87811], [-80.09105, 43.87686], [-80.09008, 43.87615], [-80.0847, 43.881], [-80.08164, 43.88268], [-80.08316, 43.88373], [-80.08487, 43.88242], [-80.08555, 43.88288], [-80.08692, 43.8843], [-80.08709, 43.88478], [-80.08765, 43.88442], [-80.0894, 43.88451]]]}}, {"type": "Feature", "properties": {"id": "on-ca-70", "name": "Spriggs Property", "hunting_allowed": null, "basis": "ca_permit", "permit_required": true, "authority": "Credit Valley Conservation Authority", "management_plan": "Credit Valley Conservation (CVC). 2018b. Conservation Areas Master Strategy 2018-2028. Mississauga, Ontario. Retrieved from https://cvc.ca/wp-content/uploads/2020/04/conservation-areas-master-strat-web.pdf."}, "geometry": {"type": "Polygon", "coordinates": [[[-80.12211, 43.84245], [-80.12707, 43.83789], [-80.12211, 43.83429], [-80.11703, 43.83887], [-80.12211, 43.84245]]]}}, {"type": "Feature", "properties": {"id": "on-ca-71", "name": "Belfountain Conservation Area", "hunting_allowed": null, "basis": "ca_permit", "permit_required": true, "authority": "Credit Valley Conservation Authority", "management_plan": "Credit Valley Conservation (CVC). 2018b. Conservation Areas Master Strategy 2018-2028. Mississauga, Ontario. Retrieved from https://cvc.ca/wp-content/uploads/2020/04/conservation-areas-master-strat-web.pdf."}, "geometry": {"type": "MultiPolygon", "coordinates": [[[[-80.01281, 43.79598], [-80.01312, 43.79581], [-80.01226, 43.79553], [-80.01281, 43.79598]]], [[[-80.01263, 43.79423], [-80.01321, 43.79466], [-80.01361, 43.79435], [-80.01304, 43.79393], [-80.01263, 43.79423]]], [[[-80.0121, 43.79531], [-80.01333, 43.79574], [-80.01199, 43.7947], [-80.0121, 43.79531]]], [[[-80.01209, 43.79463], [-80.01306, 43.79535], [-80.0135, 43.79503], [-80.01253, 43.79431], [-80.01209, 43.79463]]], [[[-80.00684, 43.79675], [-80.00795, 43.79758], [-80.0096, 43.79702], [-80.0101, 43.79732], [-80.01047, 43.79715], [-80.01002, 43.79683], [-80.01044, 43.7966], [-80.01062, 43.79673], [-80.01097, 43.79646], [-80.01068, 43.79625], [-80.01127, 43.79588], [-80.01138, 43.79583], [-80.01202, 43.7964], [-80.01259, 43.79609], [-80.01178, 43.79538], [-80.01147, 43.79438], [-80.01189, 43.79408], [-80.012, 43.79454], [-80.01242, 43.79423], [-80.01205, 43.79396], [-80.01216, 43.79388], [-80.01253, 43.79415], [-80.01293, 43.79386], [-80.0121, 43.79323], [-80.01201, 43.79295], [-80.01094, 43.79305], [-80.00684, 43.79675]]]]}}, {"type": "Feature", "properties": {"id": "on-ca-72", "name": "Credit River Pine Estates", "hunting_allowed": null, "basis": "ca_permit", "permit_required": true, "authority": "Credit Valley Conservation Authority", "management_plan": "Credit Valley Conservation (CVC). 2018b. Conservation Areas Master Strategy 2018-2028. Mississauga, Ontario. Retrieved from https://cvc.ca/wp-content/uploads/2020/04/conservation-areas-master-strat-web.pdf."}, "geometry": {"type": "Polygon", "coordinates": [[[-80.05688, 43.77604], [-80.05892, 43.77635], [-80.05909, 43.77664], [-80.05892, 43.77777], [-80.05797, 43.77933], [-80.05617, 43.77959], [-80.05626, 43.77976], [-80.05583, 43.77992], [-80.05541, 43.77988], [-80.05453, 43.77941], [-80.05321, 43.77981], [-80.05454, 43.78081], [-80.05465, 43.78054], [-80.05554, 43.78014], [-80.05744, 43.77981], [-80.05756, 43.78025], [-80.05825, 43.781], [-80.05685, 43.78254], [-80.05776, 43.78322], [-80.0592, 43.78194], [-80.05962, 43.78116], [-80.05999, 43.7808], [-80.06033, 43.78101], [-80.06087, 43.7802], [-80.06061, 43.77989], [-80.06069, 43.7792], [-80.06193, 43.77753], [-80.05564, 43.77289], [-80.05483, 43.77358], [-80.05378, 43.77385], [-80.05304, 43.77436], [-80.0522, 43.7755], [-80.05205, 43.77646], [-80.05276, 43.7763], [-80.05351, 43.77666], [-80.05473, 43.77692], [-80.0556, 43.77674], [-80.05688, 43.77604]]]}}, {"type": "Feature", "properties": {"id": "on-ca-73", "name": "Island Lake Conservation Area", "hunting_allowed": null, "basis": "ca_permit", "permit_required": true, "authority": "Credit Valley Conservation Authority", "management_plan": "Credit Valley Conservation (CVC). 2018b. Conservation Areas Master Strategy 2018-2028. Mississauga, Ontario. Retrieved from https://cvc.ca/wp-content/uploads/2020/04/conservation-areas-master-strat-web.pdf."}, "geometry": {"type": "Polygon", "coordinates": [[[-80.084, 43.93348], [-80.08388, 43.93351], [-80.08273, 43.92877], [-80.0826, 43.92878], [-80.08245, 43.92819], [-80.07441, 43.92997], [-80.07534, 43.9331], [-80.07616, 43.93726], [-80.07531, 43.9376], [-80.07493, 43.93754], [-80.07479, 43.93781], [-80.07444, 43.93783], [-80.07402, 43.93761], [-80.07307, 43.93882], [-80.07185, 43.93947], [-80.07262, 43.93936], [-80.07558, 43.93795], [-80.0758, 43.93804], [-80.07453, 43.9391], [-80.07384, 43.93936], [-80.07284, 43.94067], [-80.07284, 43.94127], [-80.07255, 43.94147], [-80.07174, 43.94129], [-80.07141, 43.94146], [-80.07128, 43.94207], [-80.06908, 43.94255], [-80.06929, 43.94283], [-80.06928, 43.94341], [-80.06903, 43.94344], [-80.069, 43.94453], [-80.06772, 43.94479], [-80.06541, 43.94577], [-80.06544, 43.94596], [-80.06148, 43.94683], [-80.06172, 43.94757], [-80.05996, 43.94793], [-80.06043, 43.94915], [-80.06204, 43.95072], [-80.06334, 43.95106], [-80.06704, 43.95085], [-80.0678, 43.95125], [-80.06775, 43.95038], [-80.06792, 43.95012], [-80.06905, 43.94972], [-80.06973, 43.94916], [-80.07035, 43.94903], [-80.07029, 43.9488], [-80.0705, 43.94862], [-80.07211, 43.9477], [-80.07227, 43.9471], [-80.07829, 43.94572], [-80.07802, 43.94463], [-80.07911, 43.94254], [-80.0822, 43.93953], [-80.0851, 43.93889], [-80.08474, 43.93805], [-80.08495, 43.93785], [-80.08526, 43.93798], [-80.0852, 43.93827], [-80.08559, 43.93985], [-80.08598, 43.9398], [-80.08713, 43.94049], [-80.08766, 43.94099], [-80.08809, 43.94206], [-80.09054, 43.94324], [-80.09656, 43.94202], [-80.09544, 43.93803], [-80.09624, 43.93777], [-80.09645, 43.93634], [-80.09599, 43.93637], [-80.09503, 43.93603], [-80.09417, 43.93514], [-80.09305, 43.93581], [-80.0922, 43.93492], [-80.09419, 43.93377], [-80.09456, 43.93324], [-80.09515, 43.9333], [-80.09547, 43.93368], [-80.09663, 43.9344], [-80.09782, 43.93472], [-80.09827, 43.93477], [-80.09888, 43.93464], [-80.09893, 43.9345], [-80.09718, 43.93329], [-80.09781, 43.93354], [-80.09917, 43.93445], [-80.09969, 43.93401], [-80.09828, 43.93294], [-80.09738, 43.93314], [-80.09731, 43.93296], [-80.09804, 43.93281], [-80.09787, 43.93271], [-80.09277, 43.93069], [-80.09135, 43.92993], [-80.09049, 43.92923], [-80.08556, 43.92419], [-80.08303, 43.92241], [-80.08283, 43.92246], [-80.08249, 43.92296], [-80.08253, 43.92316], [-80.08307, 43.92312], [-80.08345, 43.92374], [-80.08339, 43.92394], [-80.08388, 43.92424], [-80.0843, 43.92535], [-80.08425, 43.92569], [-80.0841, 43.92606], [-80.08206, 43.92568], [-80.08275, 43.92835], [-80.08306, 43.92859], [-80.08286, 43.92875], [-80.084, 43.93348]]]}}, {"type": "Feature", "properties": {"id": "on-ca-74", "name": "Wilcox Conservation Area", "hunting_allowed": null, "basis": "ca_permit", "permit_required": true, "authority": "Credit Valley Conservation Authority", "management_plan": "Credit Valley Conservation (CVC). 2018b. Conservation Areas Master Strategy 2018-2028. Mississauga, Ontario. Retrieved from https://cvc.ca/wp-content/uploads/2020/04/conservation-areas-master-strat-web.pdf."}, "geometry": {"type": "Polygon", "coordinates": [[[-80.12866, 43.87936], [-80.12968, 43.87922], [-80.13051, 43.87881], [-80.13118, 43.87869], [-80.13118, 43.87849], [-80.13158, 43.87821], [-80.13211, 43.87861], [-80.13277, 43.87841], [-80.13289, 43.87823], [-80.13354, 43.87803], [-80.13353, 43.87789], [-80.13442, 43.87726], [-80.13615, 43.87755], [-80.13665, 43.87755], [-80.13692, 43.87735], [-80.13879, 43.87868], [-80.14405, 43.87394], [-80.13877, 43.87035], [-80.13792, 43.87066], [-80.13462, 43.87359], [-80.12887, 43.87894], [-80.1292, 43.87886], [-80.12866, 43.87936]]]}}, {"type": "Feature", "properties": {"id": "on-ca-75", "name": "Caledon Lake Forest Conservation Area", "hunting_allowed": null, "basis": "ca_permit", "permit_required": true, "authority": "Credit Valley Conservation Authority", "management_plan": "Credit Valley Conservation (CVC). 2018b. Conservation Areas Master Strategy 2018-2028. Mississauga, Ontario. Retrieved from https://cvc.ca/wp-content/uploads/2020/04/conservation-areas-master-strat-web.pdf."}, "geometry": {"type": "MultiPolygon", "coordinates": [[[[-80.10932, 43.89007], [-80.10948, 43.88992], [-80.1095, 43.88957], [-80.10884, 43.88936], [-80.10891, 43.88911], [-80.10866, 43.88882], [-80.10914, 43.88845], [-80.109, 43.88824], [-80.10943, 43.88783], [-80.10914, 43.88762], [-80.10945, 43.88742], [-80.10933, 43.88694], [-80.10947, 43.8864], [-80.10922, 43.88578], [-80.10929, 43.88536], [-80.10949, 43.8853], [-80.10905, 43.88501], [-80.10927, 43.88471], [-80.1092, 43.88444], [-80.10946, 43.88434], [-80.10902, 43.88402], [-80.10927, 43.88385], [-80.1092, 43.88347], [-80.10821, 43.88384], [-80.10794, 43.88353], [-80.1046, 43.88656], [-80.10654, 43.88801], [-80.10713, 43.88747], [-80.10858, 43.88855], [-80.108, 43.88909], [-80.10932, 43.89007]]], [[[-80.10333, 43.88751], [-80.09897, 43.89146], [-80.10393, 43.89509], [-80.10914, 43.89024], [-80.10765, 43.88913], [-80.10682, 43.8899], [-80.10613, 43.88963], [-80.10627, 43.8895], [-80.10602, 43.88931], [-80.10685, 43.88854], [-80.10595, 43.88925], [-80.10382, 43.88823], [-80.10333, 43.88751]]], [[[-80.10958, 43.88053], [-80.11081, 43.88105], [-80.11126, 43.88076], [-80.11193, 43.88065], [-80.11364, 43.87943], [-80.11498, 43.87908], [-80.11727, 43.87941], [-80.11781, 43.87973], [-80.11804, 43.88011], [-80.11899, 43.87983], [-80.11048, 43.87356], [-80.10637, 43.8773], [-80.10691, 43.87733], [-80.10827, 43.87684], [-80.10876, 43.877], [-80.10886, 43.87733], [-80.10838, 43.87753], [-80.10838, 43.87773], [-80.10955, 43.87912], [-80.10967, 43.87969], [-80.10958, 43.88053]]], [[[-80.10947, 43.88937], [-80.10963, 43.88957], [-80.10956, 43.88985], [-80.11458, 43.88526], [-80.11848, 43.88814], [-80.1222, 43.8847], [-80.12148, 43.88403], [-80.12291, 43.88271], [-80.12086, 43.88121], [-80.12044, 43.8815], [-80.12021, 43.88129], [-80.1206, 43.88101], [-80.11958, 43.88026], [-80.11845, 43.88051], [-80.11793, 43.88089], [-80.1171, 43.88058], [-80.11674, 43.88102], [-80.11615, 43.8813], [-80.11233, 43.88124], [-80.11105, 43.88145], [-80.11033, 43.88211], [-80.10997, 43.88184], [-80.10953, 43.88254], [-80.10895, 43.88298], [-80.10943, 43.88365], [-80.10937, 43.8839], [-80.10915, 43.88401], [-80.10959, 43.88434], [-80.10933, 43.88448], [-80.10939, 43.88474], [-80.10918, 43.88501], [-80.10949, 43.88508], [-80.10961, 43.88529], [-80.10941, 43.88543], [-80.10934, 43.88578], [-80.1096, 43.88639], [-80.10946, 43.88694], [-80.10957, 43.88743], [-80.10927, 43.88762], [-80.10956, 43.88784], [-80.10912, 43.88826], [-80.10926, 43.88849], [-80.10878, 43.88883], [-80.10904, 43.88909], [-80.10894, 43.88929], [-80.10947, 43.88937]]], [[[-80.11361, 43.87561], [-80.1197, 43.88009], [-80.12025, 43.87991], [-80.1203, 43.87952], [-80.12102, 43.87948], [-80.12178, 43.87892], [-80.12259, 43.8787], [-80.12518, 43.87871], [-80.12594, 43.87843], [-80.12633, 43.87856], [-80.12798, 43.87836], [-80.12848, 43.87873], [-80.12873, 43.87873], [-80.13436, 43.87353], [-80.13132, 43.87126], [-80.13039, 43.87211], [-80.12952, 43.87146], [-80.12527, 43.8755], [-80.1191, 43.87091], [-80.11361, 43.87561]]]]}}, {"type": "Feature", "properties": {"id": "on-ca-76", "name": "Stephen's Gulch Conservation Area", "hunting_allowed": null, "basis": "ca_permit", "permit_required": true, "authority": "Central Lake Ontario Conservation Authority"}, "geometry": {"type": "MultiPolygon", "coordinates": [[[[-78.67158, 43.95765], [-78.67313, 43.96091], [-78.67557, 43.96034], [-78.67404, 43.95707], [-78.67158, 43.95765]]], [[[-78.669, 43.96398], [-78.67071, 43.96798], [-78.6714, 43.96924], [-78.67407, 43.9693], [-78.67141, 43.96337], [-78.669, 43.96398]]], [[[-78.6727, 43.97794], [-78.67212, 43.9787], [-78.67131, 43.98088], [-78.67374, 43.98032], [-78.67698, 43.97873], [-78.67752, 43.97867], [-78.67838, 43.97887], [-78.67412, 43.9694], [-78.66873, 43.96924], [-78.66978, 43.97156], [-78.66483, 43.97265], [-78.66488, 43.97277], [-78.66549, 43.9728], [-78.6681, 43.97394], [-78.66912, 43.97464], [-78.67065, 43.97507], [-78.67131, 43.9749], [-78.6727, 43.97794]]], [[[-78.67962, 43.95959], [-78.67089, 43.96162], [-78.67433, 43.96928], [-78.67667, 43.96894], [-78.67894, 43.96824], [-78.67908, 43.96813], [-78.67829, 43.9663], [-78.67942, 43.96621], [-78.68053, 43.9658], [-78.67996, 43.96455], [-78.68284, 43.96469], [-78.68101, 43.96059], [-78.68092, 43.96075], [-78.68044, 43.96065], [-78.68027, 43.96029], [-78.68051, 43.96017], [-78.67962, 43.95959]]]]}}, {"type": "Feature", "properties": {"id": "on-ca-77", "name": "Deer Ridge Conservation Area", "hunting_allowed": null, "basis": "ca_permit", "permit_required": true, "authority": "Kettle Creek Conservation Authority", "management_plan": "Deer Ridge Conservation Area Management Plan; County of Elgin Official Plan; Township of Southwold Official Plan"}, "geometry": {"type": "Polygon", "coordinates": [[[-81.24962, 42.79234], [-81.24223, 42.78648], [-81.23957, 42.78756], [-81.24724, 42.79332], [-81.24962, 42.79234]]]}}, {"type": "Feature", "properties": {"id": "on-ca-78", "name": "St. Mary's Tract", "hunting_allowed": null, "basis": "ca_permit", "permit_required": true, "authority": "Central Lake Ontario Conservation Authority", "management_plan": "CLOCA Conservation Area Management Plans"}, "geometry": {"type": "Polygon", "coordinates": [[[-78.67968, 43.97804], [-78.68018, 43.97793], [-78.68058, 43.97873], [-78.68008, 43.97887], [-78.68353, 43.97807], [-78.67913, 43.96825], [-78.67673, 43.96904], [-78.67438, 43.96939], [-78.67736, 43.97604], [-78.6781, 43.97586], [-78.67847, 43.9764], [-78.67885, 43.9763], [-78.67968, 43.97804]]]}}, {"type": "Feature", "properties": {"id": "on-ca-79", "name": "Dickenson Creek Wetland Complex - SNC 170", "hunting_allowed": null, "basis": "ca_permit", "permit_required": true, "authority": "South Nation Conservation", "owner": "South Nation River Conservation Authority", "management_plan": "United Counties of Prescott-Russell Official Plan (2018);Provincial Policy Statement (2014)"}, "geometry": {"type": "Polygon", "coordinates": [[[-75.10496, 45.51658], [-75.09788, 45.51849], [-75.10097, 45.52417], [-75.10784, 45.52239], [-75.10496, 45.51658]]]}}, {"type": "Feature", "properties": {"id": "on-ca-80", "name": "Limerick-Indian Creek Wetland Complex - SNC 175", "hunting_allowed": null, "basis": "ca_permit", "permit_required": true, "authority": "South Nation Conservation", "owner": "South Nation River Conservation Authority", "management_plan": "United Counties of Leeds-Grenville Official Plan (2019);Provincial Policy Statement (2014)"}, "geometry": {"type": "Polygon", "coordinates": [[[-75.62862, 44.90676], [-75.63866, 44.91707], [-75.64137, 44.91565], [-75.6313, 44.90524], [-75.62862, 44.90676]]]}}, {"type": "Feature", "properties": {"id": "on-ca-81", "name": "Terra Cotta Conservation Area", "hunting_allowed": null, "basis": "ca_permit", "permit_required": true, "authority": "Credit Valley Conservation Authority", "management_plan": "Terra Cotta \u2013 Silver Creek Complex Management Plan"}, "geometry": {"type": "MultiPolygon", "coordinates": [[[[-79.95103, 43.72112], [-79.94994, 43.72194], [-79.95053, 43.72163], [-79.95111, 43.72119], [-79.95103, 43.72112]]], [[[-79.9636, 43.71318], [-79.96247, 43.71204], [-79.96186, 43.71186], [-79.9636, 43.71318]]], [[[-79.96065, 43.71034], [-79.95998, 43.71043], [-79.96114, 43.71131], [-79.96065, 43.71034]]], [[[-79.95813, 43.72623], [-79.95819, 43.72565], [-79.95715, 43.7255], [-79.95813, 43.72623]]], [[[-79.96702, 43.71578], [-79.96883, 43.71716], [-79.97065, 43.71543], [-79.97, 43.71494], [-79.96936, 43.71537], [-79.96885, 43.7154], [-79.96851, 43.71478], [-79.96891, 43.71429], [-79.96872, 43.71417], [-79.96702, 43.71578]]], [[[-79.95704, 43.72536], [-79.95827, 43.72552], [-79.95942, 43.72452], [-79.96002, 43.72495], [-79.96868, 43.71731], [-79.95964, 43.71044], [-79.95901, 43.71046], [-79.95901, 43.71087], [-79.95967, 43.71174], [-79.95869, 43.71206], [-79.95605, 43.71189], [-79.95555, 43.71169], [-79.95301, 43.71382], [-79.94768, 43.70995], [-79.944, 43.71314], [-79.94336, 43.71517], [-79.94792, 43.71839], [-79.95308, 43.72247], [-79.95704, 43.72536]]]]}}, {"type": "Feature", "properties": {"id": "on-ca-82", "name": "Silver Creek Conservation Area", "hunting_allowed": null, "basis": "ca_permit", "permit_required": true, "authority": "Credit Valley Conservation Authority", "management_plan": "Terra Cotta \u2013 Silver Creek Complex Management Plan"}, "geometry": {"type": "MultiPolygon", "coordinates": [[[[-79.96108, 43.67577], [-79.95836, 43.67815], [-79.96107, 43.68021], [-79.96372, 43.67776], [-79.96163, 43.67652], [-79.96108, 43.67577]]], [[[-79.96369, 43.69528], [-79.96975, 43.69978], [-79.96985, 43.69853], [-79.97239, 43.6962], [-79.97044, 43.69508], [-79.9714, 43.6942], [-79.96928, 43.6939], [-79.9671, 43.69228], [-79.96369, 43.69528]]], [[[-79.95331, 43.69829], [-79.95695, 43.70144], [-79.96342, 43.69534], [-79.95818, 43.69138], [-79.95645, 43.69292], [-79.9574, 43.69439], [-79.95737, 43.69487], [-79.95665, 43.69591], [-79.95586, 43.69664], [-79.95601, 43.69674], [-79.95474, 43.69761], [-79.95437, 43.69732], [-79.95331, 43.69829]]], [[[-79.95834, 43.69124], [-79.96351, 43.69515], [-79.96692, 43.69216], [-79.96517, 43.69089], [-79.96464, 43.69023], [-79.96463, 43.68982], [-79.96537, 43.68892], [-79.9634, 43.68779], [-79.96329, 43.68708], [-79.96339, 43.68639], [-79.96265, 43.68582], [-79.96144, 43.68707], [-79.95933, 43.68484], [-79.95929, 43.68394], [-79.95876, 43.68355], [-79.9586, 43.68369], [-79.95817, 43.68336], [-79.95778, 43.68371], [-79.95736, 43.68339], [-79.95565, 43.68493], [-79.9575, 43.68578], [-79.96121, 43.68862], [-79.96164, 43.68822], [-79.96251, 43.68875], [-79.9622, 43.68902], [-79.96275, 43.68935], [-79.96172, 43.69025], [-79.96034, 43.68942], [-79.95834, 43.69124]]], [[[-79.96719, 43.6922], [-79.96935, 43.69379], [-79.97259, 43.69436], [-79.97349, 43.69536], [-79.96993, 43.69863], [-79.96989, 43.69989], [-79.9718, 43.70132], [-79.97709, 43.69654], [-79.97449, 43.69453], [-79.97692, 43.69231], [-79.97267, 43.68894], [-79.96987, 43.69092], [-79.96963, 43.69126], [-79.96849, 43.69106], [-79.96719, 43.6922]]], [[[-79.96554, 43.69098], [-79.96702, 43.69207], [-79.96832, 43.69093], [-79.96935, 43.69105], [-79.96972, 43.69091], [-79.96987, 43.69065], [-79.97198, 43.68912], [-79.97349, 43.68839], [-79.97229, 43.68746], [-79.97416, 43.68582], [-79.97383, 43.68545], [-79.97306, 43.68508], [-79.97294, 43.68474], [-79.969, 43.68173], [-79.96523, 43.68523], [-79.96394, 43.68419], [-79.96394, 43.68485], [-79.96344, 43.68681], [-79.96352, 43.68769], [-79.9655, 43.68887], [-79.96555, 43.68901], [-79.96478, 43.68985], [-79.96478, 43.6902], [-79.96554, 43.69098]]], [[[-79.96281, 43.70643], [-79.96315, 43.70794], [-79.96188, 43.70905], [-79.96479, 43.7106], [-79.96526, 43.71164], [-79.969, 43.70831], [-79.96796, 43.70752], [-79.96824, 43.70595], [-79.96765, 43.70508], [-79.96714, 43.70333], [-79.96611, 43.70188], [-79.96896, 43.69945], [-79.9636, 43.69547], [-79.95376, 43.70461], [-79.9552, 43.70474], [-79.95628, 43.7042], [-79.95838, 43.70585], [-79.95904, 43.70523], [-79.96105, 43.7067], [-79.96188, 43.70592], [-79.96281, 43.70643]]], [[[-79.96706, 43.67624], [-79.96446, 43.67806], [-79.96911, 43.68156], [-79.96976, 43.68174], [-79.97082, 43.68251], [-79.97149, 43.68333], [-79.97449, 43.68557], [-79.98017, 43.68039], [-79.97492, 43.67645], [-79.9775, 43.67412], [-79.97589, 43.67342], [-79.9742, 43.67451], [-79.97273, 43.6735], [-79.97491, 43.67032], [-79.97512, 43.66947], [-79.97498, 43.66887], [-79.97522, 43.6687], [-79.97441, 43.66822], [-79.96921, 43.67282], [-79.96643, 43.67068], [-79.96218, 43.67449], [-79.96265, 43.67483], [-79.96249, 43.67499], [-79.9625, 43.67563], [-79.96202, 43.67622], [-79.96386, 43.67761], [-79.96617, 43.67557], [-79.96706, 43.67624]]]]}}, {"type": "Feature", "properties": {"id": "on-ca-83", "name": "Terra Cotta Forest Conservation Area", "hunting_allowed": null, "basis": "ca_permit", "permit_required": true, "authority": "Credit Valley Conservation Authority", "management_plan": "Terra Cotta \u2013 Silver Creek Complex Management Plan"}, "geometry": {"type": "MultiPolygon", "coordinates": [[[[-79.96632, 43.72805], [-79.96371, 43.73037], [-79.9664, 43.73237], [-79.96896, 43.73002], [-79.96632, 43.72805]]], [[[-79.96152, 43.75556], [-79.96333, 43.75393], [-79.96154, 43.75262], [-79.96485, 43.74955], [-79.96332, 43.74841], [-79.95825, 43.75312], [-79.96152, 43.75556]]], [[[-79.95404, 43.74762], [-79.95778, 43.74435], [-79.95473, 43.74211], [-79.95245, 43.74406], [-79.95014, 43.74238], [-79.95154, 43.74133], [-79.94901, 43.73949], [-79.94852, 43.74019], [-79.94679, 43.73888], [-79.94712, 43.73782], [-79.94684, 43.73698], [-79.94719, 43.73655], [-79.94709, 43.73648], [-79.94202, 43.74118], [-79.94718, 43.74501], [-79.94869, 43.74367], [-79.95404, 43.74762]]], [[[-79.94851, 43.72832], [-79.96073, 43.7373], [-79.96209, 43.73609], [-79.96294, 43.735], [-79.96408, 43.73431], [-79.96622, 43.73248], [-79.96143, 43.72894], [-79.96004, 43.7302], [-79.95965, 43.7299], [-79.96103, 43.72865], [-79.95824, 43.72657], [-79.95746, 43.72624], [-79.95656, 43.72543], [-79.95432, 43.72741], [-79.95201, 43.72569], [-79.95355, 43.72433], [-79.95316, 43.72403], [-79.95296, 43.72421], [-79.95196, 43.72346], [-79.94731, 43.72762], [-79.94851, 43.72832]]]]}}, {"type": "Feature", "properties": {"id": "on-ca-84", "name": "Marble Rock Conservation Area", "hunting_allowed": null, "basis": "ca_permit", "permit_required": true, "authority": "Cataraqui Region Conservation Authority", "management_plan": "Hynes, J. D. (2010). Marble Rock Conservation Lands Management Plan. Cataraqui Region Conservation Authority."}, "geometry": {"type": "MultiPolygon", "coordinates": [[[[-76.14708, 44.38903], [-76.14787, 44.39494], [-76.14958, 44.39343], [-76.14897, 44.39295], [-76.14824, 44.39117], [-76.14834, 44.39008], [-76.14811, 44.38967], [-76.14708, 44.38903]]], [[[-76.15574, 44.39034], [-76.15336, 44.39106], [-76.15127, 44.39283], [-76.15157, 44.39309], [-76.15168, 44.39395], [-76.15319, 44.39367], [-76.15521, 44.39219], [-76.15821, 44.39031], [-76.15885, 44.39004], [-76.16113, 44.38967], [-76.16097, 44.38927], [-76.16095, 44.3883], [-76.1592, 44.38818], [-76.15823, 44.38831], [-76.15758, 44.38868], [-76.15798, 44.38883], [-76.15776, 44.38913], [-76.15738, 44.38899], [-76.15712, 44.38944], [-76.15574, 44.39034]]], [[[-76.1494, 44.39377], [-76.14971, 44.39359], [-76.15015, 44.39365], [-76.15023, 44.3935], [-76.14995, 44.39336], [-76.15008, 44.39305], [-76.15193, 44.39111], [-76.15365, 44.3903], [-76.15496, 44.38996], [-76.15474, 44.38813], [-76.14967, 44.38848], [-76.14972, 44.38884], [-76.14724, 44.38899], [-76.14791, 44.38941], [-76.14841, 44.3892], [-76.14878, 44.3895], [-76.14909, 44.38937], [-76.14931, 44.38965], [-76.14846, 44.39001], [-76.14832, 44.3909], [-76.14911, 44.3929], [-76.1498, 44.3934], [-76.1494, 44.39377]]], [[[-76.15779, 44.42039], [-76.16861, 44.41939], [-76.16651, 44.39565], [-76.16079, 44.39636], [-76.15998, 44.38997], [-76.1589, 44.39014], [-76.1583, 44.3904], [-76.15532, 44.39226], [-76.15327, 44.39376], [-76.15257, 44.39399], [-76.15099, 44.39405], [-76.1512, 44.39417], [-76.15087, 44.3952], [-76.15039, 44.39594], [-76.14987, 44.39615], [-76.14967, 44.39639], [-76.14979, 44.39715], [-76.15577, 44.39672], [-76.15679, 44.40728], [-76.15687, 44.41005], [-76.15732, 44.41512], [-76.15782, 44.41572], [-76.15897, 44.41832], [-76.15915, 44.41908], [-76.15938, 44.41929], [-76.15897, 44.41933], [-76.15878, 44.4185], [-76.15822, 44.41786], [-76.15805, 44.4178], [-76.15785, 44.41805], [-76.15758, 44.41798], [-76.15779, 44.42039]]]]}}, {"type": "Feature", "properties": {"id": "on-ca-85", "name": "Eden Grove Conservation Lands", "hunting_allowed": null, "basis": "ca_permit", "permit_required": true, "authority": "Cataraqui Region Conservation Authority"}, "geometry": {"type": "MultiPolygon", "coordinates": [[[[-76.10857, 44.4101], [-76.1097, 44.41947], [-76.09986, 44.42008], [-76.10259, 44.43951], [-76.11318, 44.43875], [-76.11063, 44.41941], [-76.11368, 44.41919], [-76.11332, 44.41669], [-76.11119, 44.41704], [-76.11036, 44.41001], [-76.10857, 44.4101]]], [[[-76.12764, 44.38812], [-76.12612, 44.38877], [-76.12431, 44.3905], [-76.12327, 44.39103], [-76.12429, 44.39947], [-76.12238, 44.39955], [-76.12325, 44.41069], [-76.11521, 44.41129], [-76.11589, 44.42007], [-76.114, 44.42044], [-76.11461, 44.42473], [-76.12706, 44.42346], [-76.12611, 44.41095], [-76.12888, 44.41072], [-76.12798, 44.39912], [-76.12958, 44.39897], [-76.12825, 44.38804], [-76.12764, 44.38812]]]]}}, {"type": "Feature", "properties": {"id": "on-ca-86", "name": "Gould Lake Conservation Area", "hunting_allowed": null, "basis": "ca_permit", "permit_required": true, "authority": "Cataraqui Region Conservation Authority"}, "geometry": {"type": "MultiPolygon", "coordinates": [[[[-76.58109, 44.47469], [-76.58095, 44.47483], [-76.58117, 44.47537], [-76.58109, 44.47469]]], [[[-76.58079, 44.47247], [-76.58028, 44.47283], [-76.58006, 44.47342], [-76.5797, 44.4736], [-76.57972, 44.4738], [-76.58094, 44.47345], [-76.58079, 44.47247]]], [[[-76.57469, 44.47521], [-76.57449, 44.47595], [-76.57471, 44.47605], [-76.57594, 44.47533], [-76.5763, 44.47483], [-76.57632, 44.47429], [-76.5766, 44.47389], [-76.57639, 44.47312], [-76.57675, 44.47301], [-76.57688, 44.4725], [-76.57722, 44.47233], [-76.57369, 44.47263], [-76.574, 44.47535], [-76.57469, 44.47521]]], [[[-76.5816, 44.4792], [-76.579, 44.48168], [-76.57765, 44.48383], [-76.5822, 44.48369], [-76.5816, 44.4792]]], [[[-76.56702, 44.47866], [-76.56763, 44.47879], [-76.56786, 44.47806], [-76.56924, 44.47691], [-76.56945, 44.47873], [-76.57029, 44.47842], [-76.57049, 44.47811], [-76.57171, 44.47774], [-76.57136, 44.47443], [-76.57239, 44.47439], [-76.57237, 44.47374], [-76.57272, 44.47268], [-76.56637, 44.47307], [-76.56702, 44.47866]]], [[[-76.58743, 44.47346], [-76.58754, 44.47393], [-76.58737, 44.47419], [-76.58662, 44.47483], [-76.585, 44.47576], [-76.58386, 44.47695], [-76.58306, 44.47749], [-76.58184, 44.47892], [-76.58249, 44.48368], [-76.5898, 44.48345], [-76.58812, 44.4714], [-76.58227, 44.47193], [-76.5818, 44.47184], [-76.58106, 44.47225], [-76.58118, 44.4733], [-76.58154, 44.47327], [-76.58176, 44.47357], [-76.58149, 44.47376], [-76.5815, 44.47418], [-76.58132, 44.47431], [-76.5814, 44.47518], [-76.58252, 44.4748], [-76.58317, 44.47424], [-76.58409, 44.47413], [-76.58511, 44.47336], [-76.58562, 44.47348], [-76.58559, 44.47385], [-76.58489, 44.47507], [-76.58387, 44.47579], [-76.58334, 44.47646], [-76.58392, 44.47626], [-76.58452, 44.47577], [-76.58693, 44.47316], [-76.58719, 44.47349], [-76.58743, 44.47346]]], [[[-76.58657, 44.45903], [-76.59587, 44.45855], [-76.59457, 44.44599], [-76.58839, 44.44629], [-76.58532, 44.4462], [-76.58657, 44.45903]]], [[[-76.56612, 44.4729], [-76.57742, 44.47213], [-76.57782, 44.47203], [-76.57865, 44.47147], [-76.5792, 44.47049], [-76.57899, 44.46983], [-76.57907, 44.46941], [-76.57894, 44.46932], [-76.57777, 44.46975], [-76.57753, 44.47024], [-76.57649, 44.4706], [-76.57635, 44.47124], [-76.57527, 44.47141], [-76.57534, 44.47091], [-76.5752, 44.4707], [-76.57595, 44.47031], [-76.57581, 44.46998], [-76.57545, 44.4699], [-76.57535, 44.46903], [-76.57637, 44.4684], [-76.57758, 44.46818], [-76.57792, 44.46764], [-76.57833, 44.4675], [-76.57827, 44.46659], [-76.57871, 44.4662], [-76.5791, 44.46658], [-76.57915, 44.4675], [-76.57879, 44.468], [-76.57862, 44.46864], [-76.57929, 44.469], [-76.57997, 44.46862], [-76.57999, 44.46799], [-76.58024, 44.46723], [-76.57932, 44.45958], [-76.57195, 44.46], [-76.5721, 44.46126], [-76.56982, 44.46136], [-76.5708, 44.46232], [-76.571, 44.46271], [-76.57114, 44.46421], [-76.57059, 44.46521], [-76.56924, 44.46666], [-76.56841, 44.46722], [-76.56784, 44.46863], [-76.5663, 44.4685], [-76.56562, 44.46922], [-76.56612, 44.4729]]], [[[-76.58982, 44.48363], [-76.5905, 44.48961], [-76.5832, 44.48988], [-76.58387, 44.49581], [-76.59847, 44.49523], [-76.59713, 44.48339], [-76.58982, 44.48363]]], [[[-76.58231, 44.47153], [-76.58265, 44.47169], [-76.59573, 44.47058], [-76.59432, 44.45881], [-76.57957, 44.45957], [-76.58041, 44.46654], [-76.58072, 44.46635], [-76.58086, 44.46598], [-76.5815, 44.46592], [-76.58197, 44.46453], [-76.58218, 44.46447], [-76.582, 44.46483], [-76.58226, 44.46522], [-76.5825, 44.46477], [-76.58246, 44.46424], [-76.58346, 44.46418], [-76.5841, 44.46347], [-76.5845, 44.46328], [-76.58457, 44.46159], [-76.58503, 44.46103], [-76.58625, 44.46075], [-76.58673, 44.46132], [-76.58736, 44.46126], [-76.58759, 44.46148], [-76.58729, 44.46191], [-76.5868, 44.46195], [-76.58647, 44.46237], [-76.58712, 44.46332], [-76.58709, 44.46352], [-76.58695, 44.46375], [-76.58665, 44.46374], [-76.58621, 44.46408], [-76.58549, 44.46506], [-76.58559, 44.46544], [-76.586, 44.46588], [-76.58544, 44.46641], [-76.58524, 44.46643], [-76.58478, 44.46701], [-76.58454, 44.46705], [-76.5845, 44.46718], [-76.58481, 44.46718], [-76.58474, 44.46737], [-76.58445, 44.46757], [-76.58446, 44.46738], [-76.58437, 44.46785], [-76.58374, 44.46822], [-76.58357, 44.46873], [-76.58369, 44.46896], [-76.58336, 44.46988], [-76.58263, 44.47024], [-76.58235, 44.47074], [-76.58233, 44.47098], [-76.58254, 44.47108], [-76.58257, 44.4713], [-76.58231, 44.47153]]]]}}, {"type": "Feature", "properties": {"id": "on-ca-87", "name": "Vanderwal Conservation Lands", "hunting_allowed": null, "basis": "ca_permit", "permit_required": true, "authority": "Cataraqui Region Conservation Authority"}, "geometry": {"type": "Polygon", "coordinates": [[[-76.51687, 44.44374], [-76.51936, 44.44457], [-76.52058, 44.44375], [-76.52027, 44.44032], [-76.52006, 44.43393], [-76.51624, 44.43381], [-76.51687, 44.44374]]]}}, {"type": "Feature", "properties": {"id": "on-ca-88", "name": "La Rue Mills Conservation Lands", "hunting_allowed": null, "basis": "ca_permit", "permit_required": true, "authority": "Cataraqui Region Conservation Authority"}, "geometry": {"type": "Polygon", "coordinates": [[[-75.9516, 44.43175], [-75.95819, 44.43957], [-75.9654, 44.43567], [-75.96804, 44.43371], [-75.96729, 44.43281], [-75.96659, 44.43313], [-75.96552, 44.43417], [-75.96064, 44.42873], [-75.9602, 44.42775], [-75.95573, 44.42927], [-75.95244, 44.43087], [-75.9516, 44.43175]]]}}, {"type": "Feature", "properties": {"id": "on-ca-89", "name": "Lees Ponds Conservation Lands", "hunting_allowed": null, "basis": "ca_permit", "permit_required": true, "authority": "Cataraqui Region Conservation Authority"}, "geometry": {"type": "Polygon", "coordinates": [[[-75.83808, 44.60838], [-75.83762, 44.60935], [-75.83751, 44.61026], [-75.83794, 44.61135], [-75.83917, 44.61196], [-75.83919, 44.61176], [-75.83816, 44.61125], [-75.83777, 44.61025], [-75.83787, 44.60938], [-75.83833, 44.60842], [-75.83836, 44.60749], [-75.83807, 44.60601], [-75.8384, 44.60493], [-75.83842, 44.60396], [-75.83813, 44.60299], [-75.83698, 44.60161], [-75.8399, 44.59941], [-75.84242, 44.60269], [-75.84251, 44.60186], [-75.84353, 44.60085], [-75.84386, 44.60077], [-75.84398, 44.59885], [-75.84436, 44.59766], [-75.84522, 44.59714], [-75.84435, 44.59607], [-75.84356, 44.59666], [-75.8388, 44.59045], [-75.83849, 44.59124], [-75.83788, 44.59173], [-75.83755, 44.59172], [-75.83618, 44.59104], [-75.83567, 44.58975], [-75.83598, 44.58897], [-75.8355, 44.58832], [-75.83549, 44.58783], [-75.82997, 44.59204], [-75.83018, 44.5911], [-75.83011, 44.5894], [-75.82881, 44.58897], [-75.82634, 44.59142], [-75.82583, 44.59287], [-75.82502, 44.59426], [-75.82433, 44.59488], [-75.82414, 44.59489], [-75.82341, 44.59411], [-75.82333, 44.59258], [-75.82201, 44.59259], [-75.82157, 44.59544], [-75.82109, 44.59661], [-75.82134, 44.59862], [-75.82141, 44.59872], [-75.82178, 44.59844], [-75.82402, 44.60137], [-75.82502, 44.6018], [-75.82536, 44.60173], [-75.82621, 44.60021], [-75.82815, 44.59556], [-75.82895, 44.59498], [-75.82936, 44.59515], [-75.82943, 44.596], [-75.8292, 44.59786], [-75.82778, 44.60153], [-75.82762, 44.60284], [-75.82727, 44.60332], [-75.82717, 44.60382], [-75.82718, 44.60472], [-75.82739, 44.60549], [-75.82795, 44.60623], [-75.82874, 44.60682], [-75.82908, 44.60754], [-75.83679, 44.60174], [-75.8379, 44.60305], [-75.83817, 44.60397], [-75.83815, 44.60491], [-75.83782, 44.60599], [-75.83811, 44.6075], [-75.83808, 44.60838]]]}}, {"type": "Feature", "properties": {"id": "on-ca-90", "name": "Lyn Valley Conservation Area", "hunting_allowed": null, "basis": "ca_permit", "permit_required": true, "authority": "Cataraqui Region Conservation Authority"}, "geometry": {"type": "MultiPolygon", "coordinates": [[[[-75.77197, 44.57878], [-75.77258, 44.57945], [-75.77344, 44.57878], [-75.77307, 44.57791], [-75.77197, 44.57878]]], [[[-75.77365, 44.57889], [-75.77671, 44.57779], [-75.77705, 44.57736], [-75.77681, 44.57711], [-75.77819, 44.57635], [-75.77867, 44.57745], [-75.77896, 44.57743], [-75.77896, 44.57728], [-75.78045, 44.57733], [-75.78045, 44.57713], [-75.78003, 44.57652], [-75.7801, 44.57621], [-75.77909, 44.57503], [-75.77817, 44.57536], [-75.77831, 44.57555], [-75.77701, 44.57623], [-75.77677, 44.57601], [-75.77615, 44.57649], [-75.7754, 44.57665], [-75.77419, 44.5764], [-75.77352, 44.57595], [-75.77303, 44.57539], [-75.77278, 44.57559], [-75.77315, 44.57601], [-75.77449, 44.57679], [-75.77319, 44.57782], [-75.77365, 44.57889]]]]}}, {"type": "Feature", "properties": {"id": "on-ca-91", "name": "Three Lakes Conservation Area", "hunting_allowed": null, "basis": "ca_permit", "permit_required": true, "authority": "Cataraqui Region Conservation Authority"}, "geometry": {"type": "MultiPolygon", "coordinates": [[[[-75.86775, 44.5925], [-75.86642, 44.59414], [-75.87162, 44.60054], [-75.87314, 44.59997], [-75.87314, 44.59968], [-75.87341, 44.59939], [-75.86775, 44.5925]]], [[[-75.86525, 44.60305], [-75.86952, 44.60146], [-75.86467, 44.59549], [-75.86399, 44.5955], [-75.86362, 44.59526], [-75.86451, 44.59388], [-75.86465, 44.59294], [-75.8646, 44.59234], [-75.86408, 44.59102], [-75.86287, 44.59014], [-75.85848, 44.58794], [-75.85792, 44.58736], [-75.85778, 44.58754], [-75.86184, 44.59228], [-75.864, 44.59142], [-75.86418, 44.59219], [-75.86329, 44.59297], [-75.86331, 44.5933], [-75.86216, 44.59538], [-75.86216, 44.5956], [-75.86254, 44.59594], [-75.86323, 44.59607], [-75.86333, 44.5966], [-75.86279, 44.59708], [-75.86232, 44.59716], [-75.86158, 44.59854], [-75.86114, 44.59868], [-75.86099, 44.59914], [-75.86132, 44.59935], [-75.86151, 44.59896], [-75.86192, 44.59914], [-75.86375, 44.59865], [-75.86411, 44.59818], [-75.86468, 44.59672], [-75.86484, 44.59669], [-75.86477, 44.59702], [-75.86515, 44.59723], [-75.86482, 44.59773], [-75.86473, 44.59824], [-75.86513, 44.59845], [-75.86585, 44.59846], [-75.86588, 44.59898], [-75.86426, 44.60013], [-75.86341, 44.60044], [-75.86309, 44.60039], [-75.86525, 44.60305]]]]}}, {"type": "Feature", "properties": {"id": "on-ca-92", "name": "Mac Johnson Wildlife Area", "hunting_allowed": null, "basis": "ca_permit", "permit_required": true, "authority": "Cataraqui Region Conservation Authority"}, "geometry": {"type": "MultiPolygon", "coordinates": [[[[-75.70486, 44.62442], [-75.70487, 44.62473], [-75.70462, 44.6249], [-75.70478, 44.62518], [-75.70555, 44.62466], [-75.70525, 44.6243], [-75.70486, 44.62442]]], [[[-75.7096, 44.63451], [-75.7081, 44.63551], [-75.71468, 44.64301], [-75.71581, 44.6422], [-75.71283, 44.6387], [-75.7096, 44.63451]]], [[[-75.70692, 44.63002], [-75.71193, 44.63707], [-75.71606, 44.64202], [-75.71948, 44.63954], [-75.72924, 44.63347], [-75.72887, 44.63304], [-75.72958, 44.63251], [-75.72939, 44.6323], [-75.72998, 44.63193], [-75.73057, 44.63264], [-75.74163, 44.62581], [-75.73293, 44.61573], [-75.73239, 44.61489], [-75.73178, 44.61446], [-75.73092, 44.61416], [-75.72897, 44.61257], [-75.728, 44.61148], [-75.7274, 44.61186], [-75.72701, 44.61142], [-75.72638, 44.61172], [-75.72668, 44.61196], [-75.7261, 44.61232], [-75.72555, 44.61187], [-75.71654, 44.61755], [-75.71855, 44.61984], [-75.71844, 44.61992], [-75.7164, 44.61759], [-75.70432, 44.62563], [-75.70581, 44.62825], [-75.70714, 44.62989], [-75.70692, 44.63002]]]]}}, {"type": "Feature", "properties": {"id": "on-ca-93", "name": "Long Sault Conservation Area-Craig Tract", "hunting_allowed": null, "basis": "ca_permit", "permit_required": true, "authority": "Central Lake Ontario Conservation Authority", "management_plan": "https://www.cloca.com/conservation-area-management-plans"}, "geometry": {"type": "Polygon", "coordinates": [[[-78.72337, 44.05453], [-78.7281, 44.05342], [-78.72516, 44.04726], [-78.72322, 44.0477], [-78.72253, 44.04619], [-78.72232, 44.04624], [-78.72302, 44.04774], [-78.72044, 44.04834], [-78.72337, 44.05453]]]}}, {"type": "Feature", "properties": {"id": "on-ca-94", "name": "Brampton ORC", "hunting_allowed": null, "basis": "ca_permit", "permit_required": true, "authority": "Credit Valley Conservation Authority"}, "geometry": {"type": "Polygon", "coordinates": [[[-79.74744, 43.63323], [-79.75136, 43.63559], [-79.75362, 43.63412], [-79.7539, 43.63434], [-79.75409, 43.63422], [-79.7538, 43.634], [-79.75411, 43.6338], [-79.75311, 43.63309], [-79.7519, 43.63411], [-79.75143, 43.63409], [-79.75078, 43.63381], [-79.75012, 43.63321], [-79.75166, 43.63178], [-79.74983, 43.63044], [-79.74744, 43.63323]]]}}, {"type": "Feature", "properties": {"id": "on-ca-95", "name": "Rothrock Property - Isaac Lake Management Area", "hunting_allowed": null, "basis": "ca_permit", "permit_required": true, "authority": "Grey Sauble Conservation Authority"}, "geometry": {"type": "Polygon", "coordinates": [[[-81.24393, 44.77688], [-81.24375, 44.77654], [-81.24013, 44.77754], [-81.24042, 44.77774], [-81.24044, 44.77754], [-81.24074, 44.77771], [-81.24393, 44.77688]]]}}, {"type": "Feature", "properties": {"id": "on-ca-96", "name": "Beaver Avenue", "hunting_allowed": null, "basis": "ca_permit", "permit_required": true, "authority": "Lakehead Region Conservation Authority"}, "geometry": {"type": "Polygon", "coordinates": [[[-89.24092, 48.46685], [-89.24092, 48.46522], [-89.23946, 48.46524], [-89.23946, 48.46687], [-89.24092, 48.46685]]]}}, {"type": "Feature", "properties": {"id": "on-ca-97", "name": "Devil's Punch Bowl Conservation Area & Saltfleet Conservation Area", "hunting_allowed": null, "basis": "ca_permit", "permit_required": true, "authority": "Hamilton Conservation Authority"}, "geometry": {"type": "MultiPolygon", "coordinates": [[[[-79.7417, 43.2082], [-79.74315, 43.20909], [-79.74435, 43.20955], [-79.74451, 43.20919], [-79.74131, 43.2077], [-79.74059, 43.20785], [-79.74039, 43.20808], [-79.73968, 43.20793], [-79.73953, 43.20827], [-79.7406, 43.20849], [-79.74119, 43.2081], [-79.7417, 43.2082]]], [[[-79.73811, 43.21155], [-79.73937, 43.21169], [-79.73936, 43.21183], [-79.7432, 43.21207], [-79.74348, 43.21149], [-79.74083, 43.21153], [-79.74007, 43.21129], [-79.73901, 43.21124], [-79.7382, 43.21134], [-79.73811, 43.21155]]], [[[-79.76408, 43.21067], [-79.7613, 43.21091], [-79.7611, 43.2111], [-79.75874, 43.21194], [-79.75856, 43.21241], [-79.76345, 43.21215], [-79.76369, 43.21159], [-79.76672, 43.21143], [-79.76509, 43.20911], [-79.7652, 43.20887], [-79.76487, 43.20879], [-79.76408, 43.21067]]], [[[-79.74871, 43.21232], [-79.75281, 43.21266], [-79.75692, 43.21246], [-79.75691, 43.21233], [-79.75851, 43.21223], [-79.75859, 43.21194], [-79.7604, 43.21103], [-79.75857, 43.21126], [-79.75791, 43.21059], [-79.75715, 43.21037], [-79.75631, 43.21045], [-79.75594, 43.2103], [-79.75427, 43.21158], [-79.75211, 43.21173], [-79.74906, 43.21152], [-79.74871, 43.21232]]], [[[-79.72252, 43.19809], [-79.72637, 43.1993], [-79.72871, 43.19982], [-79.73049, 43.19649], [-79.72813, 43.19593], [-79.72749, 43.19716], [-79.72357, 43.19594], [-79.72252, 43.19809]]], [[[-79.75205, 43.21087], [-79.75189, 43.21158], [-79.7539, 43.21156], [-79.75419, 43.2115], [-79.75503, 43.21081], [-79.75534, 43.21036], [-79.75514, 43.21019], [-79.75527, 43.20999], [-79.75636, 43.21], [-79.75934, 43.21096], [-79.75979, 43.21094], [-79.76028, 43.20976], [-79.76012, 43.20972], [-79.76027, 43.20934], [-79.76107, 43.20942], [-79.76162, 43.20812], [-79.75683, 43.20704], [-79.75162, 43.20561], [-79.74912, 43.21139], [-79.75036, 43.21148], [-79.75051, 43.21077], [-79.75205, 43.21087]]], [[[-79.74177, 43.20313], [-79.74675, 43.20377], [-79.7515, 43.20529], [-79.75511, 43.19672], [-79.75008, 43.19553], [-79.74949, 43.19701], [-79.74514, 43.19594], [-79.74351, 43.19941], [-79.74472, 43.1996], [-79.74443, 43.20021], [-79.74315, 43.20019], [-79.74177, 43.20313]]]]}}, {"type": "Feature", "properties": {"id": "on-ca-98", "name": "Beaver Meadow Conservation Area", "hunting_allowed": null, "basis": "ca_permit", "permit_required": true, "authority": "Quinte Conservation Authority"}, "geometry": {"type": "Polygon", "coordinates": [[[-77.17932, 43.96642], [-77.18256, 43.96331], [-77.18806, 43.96068], [-77.19025, 43.95946], [-77.19425, 43.95769], [-77.19352, 43.95701], [-77.19763, 43.95501], [-77.1955, 43.95304], [-77.19326, 43.95398], [-77.1927, 43.95337], [-77.19064, 43.95434], [-77.19287, 43.95634], [-77.19087, 43.95727], [-77.18936, 43.95587], [-77.1867, 43.95611], [-77.18635, 43.95587], [-77.18333, 43.95743], [-77.18379, 43.95836], [-77.18268, 43.95898], [-77.18189, 43.95824], [-77.18015, 43.95823], [-77.17823, 43.95686], [-77.17856, 43.95667], [-77.17715, 43.95534], [-77.17496, 43.95654], [-77.17236, 43.95406], [-77.17228, 43.95412], [-77.17933, 43.96085], [-77.17881, 43.9617], [-77.17596, 43.96327], [-77.17932, 43.96642]]]}}, {"type": "Feature", "properties": {"id": "on-ca-99", "name": "Demorestville Conservation Area", "hunting_allowed": null, "basis": "ca_permit", "permit_required": true, "authority": "Quinte Conservation Authority"}, "geometry": {"type": "Polygon", "coordinates": [[[-77.2082, 44.09155], [-77.20981, 44.09057], [-77.21031, 44.09085], [-77.21085, 44.09048], [-77.2086, 44.08807], [-77.20909, 44.08559], [-77.20728, 44.08384], [-77.20273, 44.08643], [-77.20442, 44.08854], [-77.20472, 44.08868], [-77.20735, 44.09148], [-77.20781, 44.09121], [-77.2082, 44.09155]]]}}, {"type": "Feature", "properties": {"id": "on-ca-100", "name": "H.R. Frink Conservation Area", "hunting_allowed": null, "basis": "ca_permit", "permit_required": true, "authority": "Quinte Conservation Authority"}, "geometry": {"type": "MultiPolygon", "coordinates": [[[[-77.34032, 44.26294], [-77.34451, 44.27165], [-77.34908, 44.27056], [-77.34487, 44.26182], [-77.34032, 44.26294]]], [[[-77.3526, 44.26983], [-77.33494, 44.27404], [-77.33694, 44.27818], [-77.34546, 44.27596], [-77.34508, 44.27516], [-77.35217, 44.27318], [-77.35254, 44.27393], [-77.35277, 44.27386], [-77.35241, 44.27311], [-77.35395, 44.27261], [-77.3526, 44.26983]]], [[[-77.3391, 44.29371], [-77.34195, 44.29296], [-77.34229, 44.29177], [-77.34355, 44.29144], [-77.34501, 44.29137], [-77.34558, 44.29095], [-77.34576, 44.29003], [-77.34528, 44.28908], [-77.3442, 44.28866], [-77.34282, 44.28861], [-77.34201, 44.28836], [-77.3417, 44.28798], [-77.34173, 44.28778], [-77.34219, 44.28762], [-77.3428, 44.28665], [-77.34211, 44.28646], [-77.34175, 44.28601], [-77.34242, 44.28523], [-77.34331, 44.28495], [-77.34481, 44.28378], [-77.34568, 44.28294], [-77.34712, 44.28081], [-77.34767, 44.28067], [-77.34554, 44.27614], [-77.33803, 44.27811], [-77.3383, 44.27867], [-77.3373, 44.27891], [-77.33945, 44.28333], [-77.33463, 44.28445], [-77.3391, 44.29371]]]]}}, {"type": "Feature", "properties": {"id": "on-ca-101", "name": "Little Bluff Conservation Area", "hunting_allowed": null, "basis": "ca_permit", "permit_required": true, "authority": "Quinte Conservation Authority"}, "geometry": {"type": "Polygon", "coordinates": [[[-76.99129, 43.93156], [-76.99083, 43.93147], [-76.98692, 43.93278], [-76.98878, 43.93398], [-76.98924, 43.93443], [-76.98948, 43.93491], [-76.98948, 43.93592], [-76.9898, 43.93629], [-76.99093, 43.93646], [-76.9924, 43.93639], [-76.99328, 43.93609], [-76.99435, 43.93516], [-76.99558, 43.9345], [-76.99681, 43.93411], [-76.99811, 43.93415], [-76.99275, 43.93049], [-76.99145, 43.93093], [-76.99185, 43.93121], [-76.99129, 43.93156]]]}}, {"type": "Feature", "properties": {"id": "on-ca-102", "name": "Macaulay Mountain Conservation Area", "hunting_allowed": null, "basis": "ca_permit", "permit_required": true, "authority": "Quinte Conservation Authority"}, "geometry": {"type": "MultiPolygon", "coordinates": [[[[-77.11886, 43.98983], [-77.11778, 43.99257], [-77.12632, 43.99328], [-77.12695, 43.98983], [-77.11886, 43.98983]]], [[[-77.11821, 43.99279], [-77.118, 43.99331], [-77.11751, 43.99327], [-77.11508, 43.99944], [-77.1277, 44.00036], [-77.1257, 43.99761], [-77.1263, 43.99346], [-77.11821, 43.99279]]], [[[-77.12858, 44.00712], [-77.12862, 44.00685], [-77.12968, 44.00694], [-77.12964, 44.00721], [-77.13045, 44.00727], [-77.13067, 44.00557], [-77.1299, 44.00549], [-77.1284, 44.00497], [-77.12775, 44.00452], [-77.12857, 44.00363], [-77.1303, 44.00394], [-77.12779, 44.00048], [-77.11502, 43.99954], [-77.11012, 44.00533], [-77.1114, 44.00571], [-77.11722, 44.00618], [-77.11736, 44.00486], [-77.11859, 44.00496], [-77.11845, 44.00629], [-77.12053, 44.00646], [-77.12058, 44.00613], [-77.12155, 44.00621], [-77.1215, 44.00654], [-77.12642, 44.00694], [-77.12647, 44.0066], [-77.1285, 44.00676], [-77.12844, 44.00711], [-77.12858, 44.00712]]]]}}, {"type": "Feature", "properties": {"id": "on-ca-103", "name": "Massassauga Point Conservation Area", "hunting_allowed": null, "basis": "ca_permit", "permit_required": true, "authority": "Quinte Conservation Authority"}, "geometry": {"type": "Polygon", "coordinates": [[[-77.31489, 44.14821], [-77.31447, 44.14718], [-77.31513, 44.14691], [-77.31629, 44.14604], [-77.31193, 44.14312], [-77.31087, 44.14342], [-77.31077, 44.14364], [-77.31001, 44.14399], [-77.3084, 44.1456], [-77.30795, 44.14582], [-77.30794, 44.14621], [-77.30831, 44.14666], [-77.30963, 44.14743], [-77.31077, 44.1477], [-77.31095, 44.14797], [-77.31087, 44.14819], [-77.31173, 44.14877], [-77.31199, 44.14863], [-77.31318, 44.1487], [-77.31408, 44.1483], [-77.31489, 44.14821]]]}}, {"type": "Feature", "properties": {"id": "on-ca-104", "name": "O'Hara Mill Homestead and Conservation Area", "hunting_allowed": null, "basis": "ca_permit", "permit_required": true, "authority": "Quinte Conservation Authority"}, "geometry": {"type": "Polygon", "coordinates": [[[-77.52788, 44.51493], [-77.52029, 44.51698], [-77.52322, 44.52218], [-77.53051, 44.5202], [-77.52945, 44.51754], [-77.52878, 44.51641], [-77.52865, 44.51645], [-77.52788, 44.51493]]]}}, {"type": "Feature", "properties": {"id": "on-ca-105", "name": "Potter's Creek Conservation Area", "hunting_allowed": null, "basis": "ca_permit", "permit_required": true, "authority": "Quinte Conservation Authority"}, "geometry": {"type": "MultiPolygon", "coordinates": [[[[-77.42632, 44.13714], [-77.4274, 44.13919], [-77.42858, 44.1386], [-77.42778, 44.13767], [-77.42752, 44.13759], [-77.42753, 44.13723], [-77.42725, 44.1371], [-77.42632, 44.13714]]], [[[-77.42816, 44.13733], [-77.42897, 44.13843], [-77.43086, 44.13766], [-77.42999, 44.13634], [-77.4288, 44.1364], [-77.4281, 44.13669], [-77.42782, 44.13687], [-77.4278, 44.13734], [-77.42816, 44.13733]]], [[[-77.43127, 44.13791], [-77.42794, 44.13934], [-77.42764, 44.13975], [-77.42908, 44.14267], [-77.43321, 44.14205], [-77.43127, 44.13791]]], [[[-77.43683, 44.1582], [-77.43824, 44.15882], [-77.43921, 44.1599], [-77.43931, 44.16035], [-77.43999, 44.16061], [-77.44444, 44.15947], [-77.44282, 44.15604], [-77.44291, 44.15573], [-77.44033, 44.15023], [-77.4387, 44.15059], [-77.43466, 44.14211], [-77.4292, 44.14293], [-77.42965, 44.14358], [-77.42963, 44.14381], [-77.43034, 44.14539], [-77.4306, 44.14534], [-77.4307, 44.14559], [-77.43045, 44.14564], [-77.43097, 44.14648], [-77.43493, 44.15524], [-77.436, 44.15499], [-77.43621, 44.15543], [-77.43513, 44.15568], [-77.43683, 44.1582]]]]}}, {"type": "Feature", "properties": {"id": "on-ca-106", "name": "Sidney Conservation Area", "hunting_allowed": null, "basis": "ca_permit", "permit_required": true, "authority": "Quinte Conservation Authority"}, "geometry": {"type": "Polygon", "coordinates": [[[-77.51731, 44.25205], [-77.52153, 44.25009], [-77.51951, 44.24584], [-77.51504, 44.24693], [-77.51731, 44.25205]]]}}, {"type": "Feature", "properties": {"id": "on-ca-107", "name": "Vanderwater Conservation Area", "hunting_allowed": null, "basis": "ca_permit", "permit_required": true, "authority": "Quinte Conservation Authority"}, "geometry": {"type": "MultiPolygon", "coordinates": [[[[-77.29736, 44.36255], [-77.3012, 44.37051], [-77.30834, 44.36866], [-77.30809, 44.36819], [-77.30717, 44.36778], [-77.30655, 44.3669], [-77.30631, 44.36548], [-77.30591, 44.36445], [-77.30551, 44.36402], [-77.30503, 44.36239], [-77.30434, 44.36157], [-77.30299, 44.36051], [-77.30399, 44.35981], [-77.30251, 44.35678], [-77.29664, 44.35834], [-77.2975, 44.35933], [-77.29864, 44.35895], [-77.29963, 44.36002], [-77.29968, 44.36041], [-77.29819, 44.36046], [-77.29867, 44.36144], [-77.29754, 44.36148], [-77.29736, 44.36255]]], [[[-77.31646, 44.38007], [-77.30695, 44.38246], [-77.31215, 44.39374], [-77.31512, 44.39274], [-77.3152, 44.39258], [-77.31594, 44.3925], [-77.3161, 44.39224], [-77.31624, 44.39169], [-77.3161, 44.39015], [-77.31628, 44.38951], [-77.31684, 44.38875], [-77.31677, 44.38759], [-77.31707, 44.38636], [-77.31696, 44.38584], [-77.31658, 44.38535], [-77.31676, 44.38504], [-77.31686, 44.38325], [-77.3177, 44.38222], [-77.31791, 44.38161], [-77.31766, 44.38085], [-77.31711, 44.38033], [-77.31646, 44.38007]]], [[[-77.30777, 44.369], [-77.30083, 44.3708], [-77.30646, 44.38239], [-77.3156, 44.38009], [-77.31488, 44.37944], [-77.31146, 44.37735], [-77.3111, 44.37556], [-77.30777, 44.369]]]]}}, {"type": "Feature", "properties": {"id": "on-ca-108", "name": "Sheffield Conservation Area", "hunting_allowed": null, "basis": "ca_permit", "permit_required": true, "authority": "Quinte Conservation Authority"}, "geometry": {"type": "MultiPolygon", "coordinates": [[[[-77.11626, 44.55758], [-77.11686, 44.55826], [-77.11668, 44.55732], [-77.11626, 44.55644], [-77.11563, 44.55564], [-77.11481, 44.55493], [-77.11626, 44.55758]]], [[[-77.11238, 44.55153], [-77.11122, 44.55207], [-77.11482, 44.55599], [-77.11249, 44.55176], [-77.11238, 44.55153]]], [[[-77.1163, 44.55971], [-77.11551, 44.56181], [-77.11528, 44.56285], [-77.11884, 44.56122], [-77.11705, 44.55921], [-77.11677, 44.55966], [-77.1164, 44.55969], [-77.11675, 44.55887], [-77.11643, 44.55851], [-77.1163, 44.55971]]], [[[-77.11421, 44.55711], [-77.1076, 44.56005], [-77.11159, 44.56454], [-77.11478, 44.56308], [-77.11501, 44.56186], [-77.11578, 44.55983], [-77.11588, 44.5582], [-77.11583, 44.55784], [-77.11545, 44.55741], [-77.11421, 44.55711]]], [[[-77.13283, 44.55422], [-77.11945, 44.56116], [-77.1242, 44.56625], [-77.13094, 44.56313], [-77.12992, 44.56204], [-77.13688, 44.55865], [-77.13283, 44.55422]]], [[[-77.1179, 44.54862], [-77.11812, 44.54887], [-77.11285, 44.55132], [-77.11452, 44.55442], [-77.11576, 44.55535], [-77.11665, 44.55646], [-77.11709, 44.55754], [-77.1172, 44.55865], [-77.11931, 44.561], [-77.13269, 44.55406], [-77.12486, 44.54523], [-77.1179, 44.54862]]], [[[-77.12778, 44.53683], [-77.12825, 44.53737], [-77.121, 44.54055], [-77.13291, 44.55396], [-77.14006, 44.55083], [-77.13575, 44.54593], [-77.1429, 44.54274], [-77.13499, 44.53362], [-77.12778, 44.53683]]]]}}, {"type": "Feature", "properties": {"id": "on-ca-109", "name": "Springbrook Road Conservation Reserve", "hunting_allowed": null, "basis": "ca_permit", "permit_required": true, "authority": "Quinte Conservation Authority"}, "geometry": {"type": "Polygon", "coordinates": [[[-77.50396, 44.42713], [-77.50943, 44.43871], [-77.513, 44.43785], [-77.50751, 44.42625], [-77.50396, 44.42713]]]}}, {"type": "Feature", "properties": {"id": "on-ca-110", "name": "Quin Mo Lac Road Conservation Reserve", "hunting_allowed": null, "basis": "ca_permit", "permit_required": true, "authority": "Quinte Conservation Authority"}, "geometry": {"type": "Polygon", "coordinates": [[[-77.41214, 44.46842], [-77.41525, 44.47442], [-77.4224, 44.47278], [-77.41927, 44.46674], [-77.41214, 44.46842]]]}}, {"type": "Feature", "properties": {"id": "on-ca-111", "name": "Lingham Lake Conservation Reserve", "hunting_allowed": null, "basis": "ca_permit", "permit_required": true, "authority": "Quinte Conservation Authority"}, "geometry": {"type": "MultiPolygon", "coordinates": [[[[-77.40069, 44.74709], [-77.40301, 44.75123], [-77.40775, 44.74996], [-77.40543, 44.7458], [-77.40069, 44.74709]]], [[[-77.41039, 44.74446], [-77.40566, 44.74574], [-77.40799, 44.7499], [-77.41272, 44.74862], [-77.41039, 44.74446]]]]}}, {"type": "Feature", "properties": {"id": "on-ca-112", "name": "Ackerman Conservation Reserve", "hunting_allowed": null, "basis": "ca_permit", "permit_required": true, "authority": "Quinte Conservation Authority"}, "geometry": {"type": "Polygon", "coordinates": [[[-77.61148, 44.50019], [-77.614, 44.49959], [-77.61396, 44.49919], [-77.6102, 44.49475], [-77.6092, 44.49497], [-77.61148, 44.50019]]]}}, {"type": "Feature", "properties": {"id": "on-ca-113", "name": "Bosley Road East Conservation Reserve", "hunting_allowed": null, "basis": "ca_permit", "permit_required": true, "authority": "Quinte Conservation Authority"}, "geometry": {"type": "Polygon", "coordinates": [[[-77.3831, 44.57943], [-77.37494, 44.58144], [-77.3754, 44.58235], [-77.37669, 44.5842], [-77.37765, 44.58664], [-77.3857, 44.58462], [-77.3831, 44.57943]]]}}, {"type": "Feature", "properties": {"id": "on-ca-114", "name": "Bosley Road West Conservation Reserve", "hunting_allowed": null, "basis": "ca_permit", "permit_required": true, "authority": "Quinte Conservation Authority"}, "geometry": {"type": "MultiPolygon", "coordinates": [[[[-77.39244, 44.57809], [-77.39446, 44.57758], [-77.39354, 44.57694], [-77.39201, 44.57664], [-77.3916, 44.57582], [-77.39125, 44.5756], [-77.39113, 44.5753], [-77.39099, 44.57534], [-77.39244, 44.57809]]], [[[-77.39315, 44.57634], [-77.39367, 44.57659], [-77.3946, 44.57754], [-77.39556, 44.5773], [-77.39238, 44.57499], [-77.39176, 44.57514], [-77.392, 44.57543], [-77.39132, 44.57526], [-77.39212, 44.57642], [-77.39306, 44.57652], [-77.39315, 44.57634]]], [[[-77.3953, 44.57693], [-77.39588, 44.57679], [-77.3963, 44.57712], [-77.40082, 44.57598], [-77.39937, 44.57324], [-77.39252, 44.57495], [-77.3953, 44.57693]]]]}}, {"type": "Feature", "properties": {"id": "on-ca-115", "name": "Cassidy Block Conservation Reserve", "hunting_allowed": null, "basis": "ca_permit", "permit_required": true, "authority": "Quinte Conservation Authority"}, "geometry": {"type": "MultiPolygon", "coordinates": [[[[-77.18198, 44.41453], [-77.18331, 44.41419], [-77.18131, 44.41314], [-77.18198, 44.41453]]], [[[-77.18277, 44.41173], [-77.18283, 44.4112], [-77.18067, 44.41175], [-77.18122, 44.4128], [-77.18361, 44.41411], [-77.18973, 44.41253], [-77.18805, 44.40903], [-77.18404, 44.41006], [-77.18421, 44.41186], [-77.18381, 44.41287], [-77.18355, 44.4131], [-77.18334, 44.41297], [-77.1833, 44.41223], [-77.18277, 44.41173]]], [[[-77.18357, 44.41431], [-77.1782, 44.4157], [-77.18095, 44.42135], [-77.1815, 44.42121], [-77.18191, 44.42089], [-77.18459, 44.42028], [-77.18477, 44.42011], [-77.18301, 44.41688], [-77.18387, 44.41446], [-77.18357, 44.41431]]], [[[-77.21526, 44.41914], [-77.21959, 44.42741], [-77.22197, 44.42848], [-77.22214, 44.42878], [-77.2222, 44.43013], [-77.2246, 44.42953], [-77.21915, 44.41814], [-77.21526, 44.41914]]], [[[-77.22596, 44.42938], [-77.22865, 44.43535], [-77.23577, 44.43355], [-77.23285, 44.42761], [-77.22596, 44.42938]]], [[[-77.21943, 44.41788], [-77.22549, 44.41632], [-77.22559, 44.41504], [-77.22608, 44.41456], [-77.22711, 44.41479], [-77.22744, 44.41523], [-77.2276, 44.4152], [-77.22761, 44.41496], [-77.22727, 44.41462], [-77.22544, 44.4136], [-77.22442, 44.41027], [-77.22448, 44.40958], [-77.22498, 44.40893], [-77.22486, 44.40854], [-77.22573, 44.40639], [-77.22595, 44.40544], [-77.22592, 44.40442], [-77.22564, 44.40345], [-77.21388, 44.40649], [-77.21943, 44.41788]]], [[[-77.22757, 44.40295], [-77.22689, 44.40577], [-77.2265, 44.406], [-77.22615, 44.40677], [-77.22556, 44.40922], [-77.22595, 44.40977], [-77.22596, 44.4107], [-77.22638, 44.41233], [-77.22727, 44.41328], [-77.22815, 44.41484], [-77.22838, 44.41558], [-77.23913, 44.41282], [-77.23357, 44.4014], [-77.22757, 44.40295]]], [[[-77.22484, 44.42948], [-77.24521, 44.42425], [-77.23975, 44.41285], [-77.22853, 44.41573], [-77.22876, 44.41596], [-77.22879, 44.41627], [-77.22816, 44.41646], [-77.22803, 44.41678], [-77.22845, 44.418], [-77.22905, 44.41876], [-77.2297, 44.41922], [-77.2298, 44.41899], [-77.22923, 44.41806], [-77.22948, 44.41814], [-77.23027, 44.41904], [-77.23078, 44.41998], [-77.23086, 44.42212], [-77.23132, 44.42347], [-77.2313, 44.42429], [-77.23169, 44.42524], [-77.23141, 44.42552], [-77.23143, 44.42587], [-77.23105, 44.42603], [-77.23034, 44.4255], [-77.23009, 44.42548], [-77.22962, 44.42576], [-77.22966, 44.42622], [-77.22842, 44.42596], [-77.22897, 44.42577], [-77.22904, 44.42531], [-77.22861, 44.42497], [-77.22816, 44.42496], [-77.22799, 44.4242], [-77.22754, 44.42379], [-77.2271, 44.42386], [-77.22681, 44.42418], [-77.22661, 44.42544], [-77.22624, 44.42533], [-77.22605, 44.42435], [-77.22541, 44.42374], [-77.22547, 44.4234], [-77.22616, 44.4224], [-77.22621, 44.42201], [-77.22617, 44.42148], [-77.22547, 44.42009], [-77.22537, 44.41947], [-77.2256, 44.41726], [-77.2255, 44.41651], [-77.21939, 44.41808], [-77.22484, 44.42948]]], [[[-77.21502, 44.4192], [-77.18871, 44.42593], [-77.19063, 44.42947], [-77.19424, 44.43721], [-77.22196, 44.43019], [-77.22176, 44.42858], [-77.21969, 44.42773], [-77.21933, 44.42744], [-77.21502, 44.4192]]], [[[-77.21365, 44.40655], [-77.18386, 44.41424], [-77.18416, 44.41439], [-77.18326, 44.41686], [-77.18506, 44.42014], [-77.18474, 44.42044], [-77.18201, 44.42106], [-77.1817, 44.42146], [-77.18471, 44.42676], [-77.21919, 44.41794], [-77.21365, 44.40655]]]]}}, {"type": "Feature", "properties": {"id": "on-ca-116", "name": "Clare River Centre Conservation Reserve", "hunting_allowed": null, "basis": "ca_permit", "permit_required": true, "authority": "Quinte Conservation Authority"}, "geometry": {"type": "MultiPolygon", "coordinates": [[[[-77.15674, 44.51402], [-77.15708, 44.51467], [-77.15725, 44.51424], [-77.1572, 44.5139], [-77.15674, 44.51402]]], [[[-77.15889, 44.51815], [-77.15946, 44.51754], [-77.15938, 44.51709], [-77.15919, 44.51686], [-77.15831, 44.51651], [-77.15771, 44.51588], [-77.15889, 44.51815]]], [[[-77.15792, 44.5153], [-77.15787, 44.51565], [-77.15804, 44.51589], [-77.15942, 44.5168], [-77.15972, 44.5173], [-77.15973, 44.51765], [-77.15902, 44.51839], [-77.1598, 44.51988], [-77.15906, 44.52007], [-77.16217, 44.5259], [-77.16897, 44.52411], [-77.16588, 44.51829], [-77.16713, 44.51796], [-77.16387, 44.51214], [-77.15747, 44.51383], [-77.15768, 44.51426], [-77.15734, 44.51449], [-77.15727, 44.51504], [-77.15739, 44.51526], [-77.15755, 44.51526], [-77.15754, 44.51556], [-77.15781, 44.51526], [-77.15792, 44.5153]]]]}}, {"type": "Feature", "properties": {"id": "on-ca-117", "name": "Clare River East Conservation Reserve", "hunting_allowed": null, "basis": "ca_permit", "permit_required": true, "authority": "Quinte Conservation Authority"}, "geometry": {"type": "Polygon", "coordinates": [[[-77.15226, 44.5285], [-77.15536, 44.52769], [-77.15225, 44.52186], [-77.14736, 44.52313], [-77.15226, 44.5285]]]}}, {"type": "Feature", "properties": {"id": "on-ca-118", "name": "Clare River Floodplain Conservation Reserve", "hunting_allowed": null, "basis": "ca_permit", "permit_required": true, "authority": "Quinte Conservation Authority"}, "geometry": {"type": "MultiPolygon", "coordinates": [[[[-77.19523, 44.49089], [-77.19411, 44.49089], [-77.19239, 44.49191], [-77.19534, 44.49113], [-77.19523, 44.49089]]], [[[-77.19241, 44.49149], [-77.19426, 44.49063], [-77.19509, 44.49055], [-77.19555, 44.49107], [-77.19964, 44.48999], [-77.19678, 44.48384], [-77.18969, 44.48565], [-77.19241, 44.49149]]]]}}, {"type": "Feature", "properties": {"id": "on-ca-119", "name": "Clare River West Conservation Reserve", "hunting_allowed": null, "basis": "ca_permit", "permit_required": true, "authority": "Quinte Conservation Authority"}, "geometry": {"type": "Polygon", "coordinates": [[[-77.18307, 44.5206], [-77.19027, 44.51889], [-77.18708, 44.51291], [-77.18828, 44.51262], [-77.18553, 44.50666], [-77.18196, 44.50754], [-77.18471, 44.51349], [-77.1799, 44.51465], [-77.18307, 44.5206]]]}}, {"type": "Feature", "properties": {"id": "on-ca-120", "name": "Cleveland Road Conservation Reserve", "hunting_allowed": null, "basis": "ca_permit", "permit_required": true, "authority": "Quinte Conservation Authority"}, "geometry": {"type": "MultiPolygon", "coordinates": [[[[-77.58334, 44.71024], [-77.58791, 44.71862], [-77.59266, 44.71729], [-77.5881, 44.70894], [-77.58334, 44.71024]]], [[[-77.59275, 44.71746], [-77.59741, 44.72594], [-77.60262, 44.72448], [-77.60229, 44.72368], [-77.59779, 44.71605], [-77.59606, 44.71653], [-77.59656, 44.71744], [-77.59585, 44.71764], [-77.59535, 44.71673], [-77.59275, 44.71746]]]]}}, {"type": "Feature", "properties": {"id": "on-ca-121", "name": "Daley Road Conservation Reserve", "hunting_allowed": null, "basis": "ca_permit", "permit_required": true, "authority": "Quinte Conservation Authority"}, "geometry": {"type": "MultiPolygon", "coordinates": [[[[-77.15444, 44.372], [-77.15852, 44.38037], [-77.15871, 44.38029], [-77.15972, 44.37873], [-77.16086, 44.37768], [-77.16092, 44.37659], [-77.16128, 44.37545], [-77.16118, 44.3747], [-77.15957, 44.37132], [-77.15444, 44.372]]], [[[-77.16781, 44.38835], [-77.17344, 44.38768], [-77.16912, 44.37912], [-77.16895, 44.37915], [-77.16479, 44.37062], [-77.15982, 44.37128], [-77.16141, 44.37464], [-77.16152, 44.37551], [-77.16117, 44.37665], [-77.16111, 44.37773], [-77.15995, 44.37881], [-77.15899, 44.38035], [-77.16352, 44.37986], [-77.16781, 44.38835]]]]}}, {"type": "Feature", "properties": {"id": "on-ca-122", "name": "Deerock Lake West Conservation Reserve", "hunting_allowed": null, "basis": "ca_permit", "permit_required": true, "authority": "Quinte Conservation Authority"}, "geometry": {"type": "Polygon", "coordinates": [[[-77.28832, 44.73281], [-77.29831, 44.73037], [-77.29588, 44.72526], [-77.29083, 44.72651], [-77.29143, 44.72776], [-77.28637, 44.72901], [-77.28725, 44.7308], [-77.28754, 44.73075], [-77.28798, 44.73102], [-77.28748, 44.73153], [-77.28755, 44.73169], [-77.28706, 44.73192], [-77.28697, 44.73214], [-77.28778, 44.73214], [-77.28793, 44.73245], [-77.28837, 44.73263], [-77.28832, 44.73281]]]}}, {"type": "Feature", "properties": {"id": "on-ca-123", "name": "Deloro Dam Conservation Reserve", "hunting_allowed": null, "basis": "ca_permit", "permit_required": true, "authority": "Quinte Conservation Authority"}, "geometry": {"type": "MultiPolygon", "coordinates": [[[[-77.61129, 44.52128], [-77.61159, 44.5217], [-77.61185, 44.52113], [-77.61129, 44.52128]]], [[[-77.6086, 44.52412], [-77.60993, 44.52381], [-77.6098, 44.52316], [-77.61018, 44.52313], [-77.61055, 44.5222], [-77.6112, 44.52182], [-77.60798, 44.52258], [-77.6086, 44.52412]]], [[[-77.60506, 44.52516], [-77.60737, 44.53029], [-77.60907, 44.52988], [-77.60943, 44.52922], [-77.60958, 44.52852], [-77.61019, 44.52748], [-77.61062, 44.52577], [-77.61087, 44.52554], [-77.61076, 44.52531], [-77.60993, 44.52476], [-77.61004, 44.52449], [-77.60961, 44.52439], [-77.60965, 44.52406], [-77.60506, 44.52516]]], [[[-77.61164, 44.52561], [-77.6109, 44.52648], [-77.61019, 44.52819], [-77.61018, 44.52909], [-77.60967, 44.52974], [-77.61608, 44.52813], [-77.61502, 44.52553], [-77.61628, 44.52525], [-77.61504, 44.52257], [-77.61213, 44.52327], [-77.61163, 44.52207], [-77.61128, 44.52225], [-77.61083, 44.52287], [-77.61098, 44.52356], [-77.61213, 44.52328], [-77.61221, 44.52345], [-77.61106, 44.52373], [-77.61135, 44.52425], [-77.6112, 44.52501], [-77.61143, 44.52533], [-77.61124, 44.52543], [-77.61164, 44.52561]]]]}}, {"type": "Feature", "properties": {"id": "on-ca-124", "name": "Dennison Road Conservation Reserve", "hunting_allowed": null, "basis": "ca_permit", "permit_required": true, "authority": "Quinte Conservation Authority"}, "geometry": {"type": "Polygon", "coordinates": [[[-77.13737, 44.4921], [-77.14456, 44.49026], [-77.15895, 44.48659], [-77.15607, 44.48059], [-77.14, 44.48465], [-77.13693, 44.47861], [-77.13023, 44.48031], [-77.13329, 44.48635], [-77.13446, 44.48605], [-77.13737, 44.4921]]]}}, {"type": "Feature", "properties": {"id": "on-ca-125", "name": "Downey Rapids South Conservation Reserve", "hunting_allowed": null, "basis": "ca_permit", "permit_required": true, "authority": "Quinte Conservation Authority"}, "geometry": {"type": "MultiPolygon", "coordinates": [[[[-77.38121, 44.52199], [-77.38032, 44.52255], [-77.38228, 44.52209], [-77.38188, 44.5218], [-77.38163, 44.52202], [-77.38121, 44.52199]]], [[[-77.36116, 44.52], [-77.36146, 44.5193], [-77.36185, 44.51902], [-77.363, 44.51879], [-77.36319, 44.51886], [-77.36324, 44.51908], [-77.36287, 44.51936], [-77.36342, 44.51943], [-77.36429, 44.51857], [-77.36477, 44.5183], [-77.36556, 44.51835], [-77.36697, 44.51925], [-77.36756, 44.51933], [-77.36826, 44.51914], [-77.36631, 44.51556], [-77.35969, 44.51732], [-77.36116, 44.52]]], [[[-77.36876, 44.52007], [-77.37128, 44.52467], [-77.37175, 44.52455], [-77.37225, 44.52417], [-77.37261, 44.52341], [-77.37264, 44.5228], [-77.37245, 44.5225], [-77.37148, 44.52206], [-77.37082, 44.52142], [-77.37064, 44.52109], [-77.37084, 44.52042], [-77.37075, 44.51994], [-77.37016, 44.51959], [-77.36918, 44.5194], [-77.36909, 44.51915], [-77.36894, 44.51939], [-77.36867, 44.51939], [-77.36901, 44.52001], [-77.36877, 44.52007], [-77.36843, 44.51945], [-77.36782, 44.51974], [-77.3669, 44.51969], [-77.36523, 44.51855], [-77.36456, 44.5187], [-77.36398, 44.51947], [-77.36353, 44.51963], [-77.36201, 44.51953], [-77.36155, 44.51966], [-77.36151, 44.52052], [-77.36217, 44.5207], [-77.36191, 44.52139], [-77.36216, 44.52184], [-77.36876, 44.52007]]], [[[-77.37264, 44.52214], [-77.37322, 44.52296], [-77.37314, 44.52343], [-77.37254, 44.52437], [-77.37931, 44.52279], [-77.37963, 44.52226], [-77.38025, 44.52206], [-77.38064, 44.52142], [-77.38117, 44.52123], [-77.38183, 44.52125], [-77.37727, 44.5129], [-77.36655, 44.5155], [-77.36849, 44.51905], [-77.36884, 44.51879], [-77.36911, 44.51901], [-77.36962, 44.51911], [-77.36961, 44.51924], [-77.37051, 44.51926], [-77.37086, 44.51952], [-77.37118, 44.52012], [-77.37125, 44.5212], [-77.37166, 44.52166], [-77.37264, 44.52214]]]]}}, {"type": "Feature", "properties": {"id": "on-ca-126", "name": "Goose Lake South Conservation Reserve", "hunting_allowed": null, "basis": "ca_permit", "permit_required": true, "authority": "Quinte Conservation Authority"}, "geometry": {"type": "MultiPolygon", "coordinates": [[[[-77.11895, 44.45695], [-77.11532, 44.45788], [-77.11829, 44.46367], [-77.11904, 44.46359], [-77.12176, 44.46257], [-77.11895, 44.45695]]], [[[-77.10514, 44.44705], [-77.11092, 44.45887], [-77.11441, 44.45793], [-77.10869, 44.44615], [-77.10514, 44.44705]]]]}}, {"type": "Feature", "properties": {"id": "on-ca-127", "name": "Heron Road Conservation Reserve", "hunting_allowed": null, "basis": "ca_permit", "permit_required": true, "authority": "Quinte Conservation Authority"}, "geometry": {"type": "MultiPolygon", "coordinates": [[[[-77.34717, 44.58408], [-77.34973, 44.58924], [-77.35885, 44.58691], [-77.35497, 44.57918], [-77.34588, 44.5815], [-77.33671, 44.58363], [-77.33794, 44.58615], [-77.34717, 44.58408]]], [[[-77.34981, 44.58941], [-77.35232, 44.59448], [-77.34307, 44.59662], [-77.34811, 44.60692], [-77.35743, 44.60476], [-77.35726, 44.60442], [-77.36647, 44.60207], [-77.35894, 44.58708], [-77.34981, 44.58941]]]]}}, {"type": "Feature", "properties": {"id": "on-ca-128", "name": "Hungerford Station Centre Conservation Reserve", "hunting_allowed": null, "basis": "ca_permit", "permit_required": true, "authority": "Quinte Conservation Authority"}, "geometry": {"type": "Polygon", "coordinates": [[[-77.2251, 44.53821], [-77.21816, 44.54002], [-77.22144, 44.54604], [-77.21475, 44.54775], [-77.2177, 44.55381], [-77.22479, 44.55205], [-77.22182, 44.54595], [-77.2284, 44.54427], [-77.2251, 44.53821]]]}}, {"type": "Feature", "properties": {"id": "on-ca-129", "name": "Hungerford Station East Conservation Reserve", "hunting_allowed": null, "basis": "ca_permit", "permit_required": true, "authority": "Quinte Conservation Authority"}, "geometry": {"type": "MultiPolygon", "coordinates": [[[[-77.18669, 44.54824], [-77.18721, 44.54921], [-77.18786, 44.54793], [-77.18669, 44.54824]]], [[[-77.18841, 44.54779], [-77.18741, 44.54958], [-77.18987, 44.5541], [-77.19338, 44.5532], [-77.19018, 44.54733], [-77.18841, 44.54779]]], [[[-77.20429, 44.54365], [-77.19042, 44.54727], [-77.19362, 44.55314], [-77.20057, 44.55137], [-77.19896, 44.5484], [-77.2059, 44.54659], [-77.20429, 44.54365]]]]}}, {"type": "Feature", "properties": {"id": "on-ca-130", "name": "Hungerford Station North-East Conservation Reserve", "hunting_allowed": null, "basis": "ca_permit", "permit_required": true, "authority": "Quinte Conservation Authority"}, "geometry": {"type": "Polygon", "coordinates": [[[-77.20742, 44.56633], [-77.21449, 44.56453], [-77.21246, 44.56008], [-77.21295, 44.55996], [-77.2107, 44.55575], [-77.20362, 44.55751], [-77.20587, 44.56173], [-77.20537, 44.56186], [-77.20742, 44.56633]]]}}, {"type": "Feature", "properties": {"id": "on-ca-131", "name": "Hungerford Station West Conservation Reserve", "hunting_allowed": null, "basis": "ca_permit", "permit_required": true, "authority": "Quinte Conservation Authority"}, "geometry": {"type": "Polygon", "coordinates": [[[-77.24627, 44.54669], [-77.25336, 44.54492], [-77.25031, 44.53867], [-77.24944, 44.53889], [-77.24608, 44.53273], [-77.23917, 44.53453], [-77.24252, 44.54066], [-77.24325, 44.54047], [-77.24627, 44.54669]]]}}, {"type": "Feature", "properties": {"id": "on-ca-132", "name": "Hwy 7 South Conservation Reserve", "hunting_allowed": null, "basis": "ca_permit", "permit_required": true, "authority": "Quinte Conservation Authority"}, "geometry": {"type": "Polygon", "coordinates": [[[-77.28302, 44.55651], [-77.28784, 44.55682], [-77.2861, 44.55274], [-77.27822, 44.55472], [-77.27907, 44.55662], [-77.28302, 44.55651]]]}}, {"type": "Feature", "properties": {"id": "on-ca-133", "name": "Labarge Road Conservation Reserve", "hunting_allowed": null, "basis": "ca_permit", "permit_required": true, "authority": "Quinte Conservation Authority"}, "geometry": {"type": "MultiPolygon", "coordinates": [[[[-77.31695, 44.52849], [-77.32396, 44.52663], [-77.32074, 44.52073], [-77.3189, 44.52121], [-77.31568, 44.51533], [-77.30155, 44.51875], [-77.3048, 44.52486], [-77.31372, 44.52255], [-77.31695, 44.52849]]], [[[-77.31004, 44.53052], [-77.31242, 44.5349], [-77.31167, 44.53509], [-77.31418, 44.53971], [-77.32077, 44.53816], [-77.32865, 44.53612], [-77.32612, 44.53147], [-77.32636, 44.53141], [-77.32889, 44.53606], [-77.32991, 44.5358], [-77.33087, 44.53345], [-77.33066, 44.52548], [-77.33177, 44.52519], [-77.33175, 44.52508], [-77.33065, 44.52527], [-77.33064, 44.52504], [-77.32429, 44.52673], [-77.32677, 44.5313], [-77.32654, 44.53136], [-77.32405, 44.5268], [-77.31004, 44.53052]]]]}}, {"type": "Feature", "properties": {"id": "on-ca-134", "name": "Malone Quarry Conservation Reserve", "hunting_allowed": null, "basis": "ca_permit", "permit_required": true, "authority": "Quinte Conservation Authority"}, "geometry": {"type": "Polygon", "coordinates": [[[-77.60143, 44.55469], [-77.60496, 44.55388], [-77.60405, 44.5531], [-77.6036, 44.55194], [-77.60364, 44.55142], [-77.60434, 44.55022], [-77.60427, 44.54962], [-77.60398, 44.54943], [-77.60266, 44.54944], [-77.60229, 44.54903], [-77.6023, 44.54873], [-77.59904, 44.54948], [-77.60143, 44.55469]]]}}, {"type": "Feature", "properties": {"id": "on-ca-135", "name": "Marlbank Road Conservation Reserve", "hunting_allowed": null, "basis": "ca_permit", "permit_required": true, "authority": "Quinte Conservation Authority"}, "geometry": {"type": "MultiPolygon", "coordinates": [[[[-77.16906, 44.4581], [-77.16885, 44.45855], [-77.16804, 44.45875], [-77.16753, 44.45924], [-77.16729, 44.45978], [-77.16727, 44.46179], [-77.16813, 44.46396], [-77.1722, 44.46291], [-77.16924, 44.45708], [-77.16771, 44.45742], [-77.16834, 44.45805], [-77.16906, 44.4581]]], [[[-77.16274, 44.45876], [-77.16309, 44.45944], [-77.16249, 44.4596], [-77.16511, 44.46476], [-77.16751, 44.46412], [-77.16721, 44.46262], [-77.16658, 44.46149], [-77.16659, 44.46045], [-77.16694, 44.4595], [-77.16785, 44.45869], [-77.16785, 44.4582], [-77.16748, 44.45769], [-77.16729, 44.45754], [-77.16274, 44.45876]]]]}}, {"type": "Feature", "properties": {"id": "on-ca-136", "name": "Meeks Road Conservation Reserve", "hunting_allowed": null, "basis": "ca_permit", "permit_required": true, "authority": "Quinte Conservation Authority"}, "geometry": {"type": "Polygon", "coordinates": [[[-77.13829, 44.42568], [-77.1493, 44.42289], [-77.14479, 44.41382], [-77.13775, 44.41566], [-77.13927, 44.41874], [-77.13534, 44.41974], [-77.13829, 44.42568]]]}}, {"type": "Feature", "properties": {"id": "on-ca-137", "name": "Moneymore Road Conservation Reserve", "hunting_allowed": null, "basis": "ca_permit", "permit_required": true, "authority": "Quinte Conservation Authority"}, "geometry": {"type": "Polygon", "coordinates": [[[-77.24377, 44.38521], [-77.25095, 44.38339], [-77.24521, 44.37168], [-77.23812, 44.37347], [-77.24377, 44.38521]]]}}, {"type": "Feature", "properties": {"id": "on-ca-138", "name": "Moore\u2019s Marsh Conservation Reserve", "hunting_allowed": null, "basis": "ca_permit", "permit_required": true, "authority": "Quinte Conservation Authority"}, "geometry": {"type": "MultiPolygon", "coordinates": [[[[-77.332, 44.62862], [-77.33206, 44.62874], [-77.324, 44.63082], [-77.32648, 44.63599], [-77.34251, 44.63171], [-77.34006, 44.62654], [-77.332, 44.62862]]], [[[-77.33784, 44.62131], [-77.34275, 44.63165], [-77.35805, 44.62774], [-77.35552, 44.6226], [-77.34791, 44.62454], [-77.34542, 44.61938], [-77.33784, 44.62131]]]]}}, {"type": "Feature", "properties": {"id": "on-ca-139", "name": "Rawdon Conservation Reserve", "hunting_allowed": null, "basis": "ca_permit", "permit_required": true, "authority": "Quinte Conservation Authority"}, "geometry": {"type": "MultiPolygon", "coordinates": [[[[-77.63552, 44.44696], [-77.6409, 44.45824], [-77.64419, 44.4573], [-77.63887, 44.44614], [-77.63552, 44.44696]]], [[[-77.63528, 44.44702], [-77.62785, 44.44873], [-77.63155, 44.45649], [-77.63499, 44.45572], [-77.63583, 44.45541], [-77.63836, 44.45348], [-77.63528, 44.44702]]], [[[-77.6156, 44.45746], [-77.61846, 44.46346], [-77.63318, 44.45991], [-77.6316, 44.45661], [-77.63032, 44.45706], [-77.62982, 44.45706], [-77.62759, 44.45799], [-77.6272, 44.45806], [-77.62589, 44.45784], [-77.62524, 44.45823], [-77.62439, 44.45832], [-77.62313, 44.45568], [-77.6156, 44.45746]]]]}}, {"type": "Feature", "properties": {"id": "on-ca-140", "name": "Robinson Road North Conservation Reserve", "hunting_allowed": null, "basis": "ca_permit", "permit_required": true, "authority": "Quinte Conservation Authority"}, "geometry": {"type": "MultiPolygon", "coordinates": [[[[-77.27789, 44.5722], [-77.2783, 44.57174], [-77.27752, 44.57147], [-77.27789, 44.5722]]], [[[-77.28077, 44.57157], [-77.27856, 44.57181], [-77.27806, 44.5723], [-77.28213, 44.57124], [-77.28077, 44.57157]]], [[[-77.27726, 44.57099], [-77.2778, 44.57139], [-77.2785, 44.57164], [-77.28068, 44.5714], [-77.28364, 44.57065], [-77.28546, 44.57044], [-77.28305, 44.56525], [-77.27541, 44.56716], [-77.27726, 44.57099]], [[-77.27778, 44.57063], [-77.27718, 44.57079], [-77.27701, 44.57044], [-77.27761, 44.57029], [-77.27778, 44.57063]]]]}}, {"type": "Feature", "properties": {"id": "on-ca-141", "name": "Skootamatta River Centre Conservation Reserve", "hunting_allowed": null, "basis": "ca_permit", "permit_required": true, "authority": "Quinte Conservation Authority"}, "geometry": {"type": "MultiPolygon", "coordinates": [[[[-77.28657, 44.59524], [-77.28633, 44.5958], [-77.28864, 44.59528], [-77.28797, 44.59388], [-77.28657, 44.59524]]], [[[-77.27948, 44.59509], [-77.27962, 44.59537], [-77.27144, 44.59722], [-77.27227, 44.59897], [-77.28603, 44.59587], [-77.28634, 44.59516], [-77.28787, 44.59367], [-77.28767, 44.59325], [-77.27948, 44.59509]]]]}}, {"type": "Feature", "properties": {"id": "on-ca-142", "name": "Skootamatta River North Conservation Reserve", "hunting_allowed": null, "basis": "ca_permit", "permit_required": true, "authority": "Quinte Conservation Authority"}, "geometry": {"type": "MultiPolygon", "coordinates": [[[[-77.23313, 44.61895], [-77.23439, 44.62156], [-77.2395, 44.62023], [-77.24075, 44.62281], [-77.24109, 44.62272], [-77.24069, 44.62198], [-77.24049, 44.62102], [-77.24168, 44.61978], [-77.24183, 44.61938], [-77.2417, 44.61914], [-77.24097, 44.6191], [-77.24057, 44.6194], [-77.24015, 44.61941], [-77.2396, 44.61929], [-77.23937, 44.61897], [-77.23886, 44.61891], [-77.23876, 44.61832], [-77.23854, 44.61853], [-77.23872, 44.61864], [-77.23799, 44.61892], [-77.23675, 44.61876], [-77.23625, 44.61835], [-77.23795, 44.61772], [-77.23313, 44.61895]]], [[[-77.24177, 44.61898], [-77.24203, 44.61919], [-77.2421, 44.61963], [-77.24166, 44.62024], [-77.24079, 44.62099], [-77.24083, 44.62159], [-77.24127, 44.62268], [-77.24586, 44.62151], [-77.24331, 44.6163], [-77.23833, 44.61758], [-77.23776, 44.61814], [-77.23667, 44.61835], [-77.23683, 44.61854], [-77.23772, 44.61872], [-77.23848, 44.61848], [-77.23859, 44.61812], [-77.23883, 44.6181], [-77.23917, 44.61855], [-77.23913, 44.61882], [-77.23977, 44.61898], [-77.24011, 44.61928], [-77.24051, 44.61925], [-77.24094, 44.61893], [-77.24177, 44.61898]]]]}}, {"type": "Feature", "properties": {"id": "on-ca-143", "name": "Smith Road South Conservation Reserve", "hunting_allowed": null, "basis": "ca_permit", "permit_required": true, "authority": "Quinte Conservation Authority"}, "geometry": {"type": "Polygon", "coordinates": [[[-77.24042, 44.36067], [-77.24479, 44.36012], [-77.24067, 44.35137], [-77.23563, 44.35198], [-77.24042, 44.36067]]]}}, {"type": "Feature", "properties": {"id": "on-ca-144", "name": "Smith Road North Conservation Reserve", "hunting_allowed": null, "basis": "ca_permit", "permit_required": true, "authority": "Quinte Conservation Authority"}, "geometry": {"type": "Polygon", "coordinates": [[[-77.25518, 44.36897], [-77.26002, 44.36775], [-77.25557, 44.35895], [-77.25042, 44.3596], [-77.25518, 44.36897]]]}}, {"type": "Feature", "properties": {"id": "on-ca-145", "name": "Storms Road Conservation Reserve", "hunting_allowed": null, "basis": "ca_permit", "permit_required": true, "authority": "Quinte Conservation Authority"}, "geometry": {"type": "Polygon", "coordinates": [[[-77.5748, 44.47389], [-77.5893, 44.47049], [-77.58363, 44.45883], [-77.56911, 44.46218], [-77.5748, 44.47389]]]}}, {"type": "Feature", "properties": {"id": "on-ca-146", "name": "Bordenwood Road Conservation Reserve", "hunting_allowed": null, "basis": "ca_permit", "permit_required": true, "authority": "Quinte Conservation Authority"}, "geometry": {"type": "Polygon", "coordinates": [[[-77.03194, 44.76532], [-77.03487, 44.77081], [-77.04457, 44.7683], [-77.03896, 44.75762], [-77.04897, 44.75521], [-77.04618, 44.74997], [-77.03048, 44.75389], [-77.03083, 44.75465], [-77.03072, 44.75562], [-77.02889, 44.75719], [-77.02933, 44.75768], [-77.02804, 44.75826], [-77.02771, 44.75786], [-77.02731, 44.75866], [-77.02845, 44.75882], [-77.02884, 44.75948], [-77.02735, 44.7596], [-77.02722, 44.76068], [-77.02916, 44.7601], [-77.03055, 44.76271], [-77.02135, 44.76542], [-77.02277, 44.76802], [-77.03194, 44.76532]]]}}, {"type": "Feature", "properties": {"id": "on-ca-147", "name": "Arnie Mountain Conservation Reserve", "hunting_allowed": null, "basis": "ca_permit", "permit_required": true, "authority": "Quinte Conservation Authority"}, "geometry": {"type": "MultiPolygon", "coordinates": [[[[-76.81798, 44.65053], [-76.81858, 44.65286], [-76.82602, 44.65278], [-76.82489, 44.65239], [-76.82235, 44.65188], [-76.81798, 44.65053]]], [[[-76.8921, 44.63427], [-76.9005, 44.63416], [-76.90016, 44.63281], [-76.89177, 44.63293], [-76.8921, 44.63427]]], [[[-76.81795, 44.6504], [-76.82276, 44.65184], [-76.82553, 44.65242], [-76.82751, 44.65331], [-76.82584, 44.64733], [-76.81719, 44.64742], [-76.81795, 44.6504]]], [[[-76.89378, 44.64095], [-76.91068, 44.64076], [-76.91053, 44.64035], [-76.91036, 44.64057], [-76.91012, 44.64028], [-76.90949, 44.64041], [-76.90877, 44.64023], [-76.90862, 44.6399], [-76.90827, 44.63974], [-76.90827, 44.63943], [-76.90796, 44.63928], [-76.90713, 44.63933], [-76.90706, 44.639], [-76.90688, 44.63889], [-76.90535, 44.63861], [-76.90503, 44.63895], [-76.90372, 44.63859], [-76.90404, 44.63838], [-76.90388, 44.63788], [-76.90401, 44.6376], [-76.90553, 44.63727], [-76.9065, 44.63739], [-76.90692, 44.6371], [-76.90759, 44.637], [-76.90889, 44.63586], [-76.90885, 44.6355], [-76.90934, 44.63541], [-76.89244, 44.6356], [-76.89378, 44.64095]]], [[[-76.84062, 44.63617], [-76.8433, 44.64686], [-76.86054, 44.64668], [-76.85787, 44.63598], [-76.84062, 44.63617]]], [[[-76.8261, 44.64733], [-76.83477, 44.64723], [-76.8347, 44.64695], [-76.84304, 44.64687], [-76.84037, 44.63617], [-76.82307, 44.63645], [-76.8261, 44.64733]]], [[[-76.85812, 44.63598], [-76.86223, 44.65241], [-76.87838, 44.64921], [-76.87502, 44.6358], [-76.85812, 44.63598]]], [[[-76.87394, 44.63045], [-76.87863, 44.64916], [-76.89476, 44.64588], [-76.89084, 44.63026], [-76.87394, 44.63045]]]]}}, {"type": "Feature", "properties": {"id": "on-ca-148", "name": "Dog Lake Conservation Reserve", "hunting_allowed": null, "basis": "ca_permit", "permit_required": true, "authority": "Quinte Conservation Authority"}, "geometry": {"type": "MultiPolygon", "coordinates": [[[[-76.88974, 44.62464], [-76.89105, 44.63008], [-76.89528, 44.63003], [-76.89397, 44.62455], [-76.88974, 44.62464]]], [[[-76.89821, 44.62476], [-76.8995, 44.62998], [-76.90795, 44.62989], [-76.90662, 44.62457], [-76.89821, 44.62476]]], [[[-76.86012, 44.61966], [-76.87103, 44.61948], [-76.86992, 44.61403], [-76.86146, 44.61423], [-76.86129, 44.61442], [-76.86142, 44.61457], [-76.86141, 44.61515], [-76.86046, 44.61622], [-76.86042, 44.61658], [-76.8605, 44.6168], [-76.86081, 44.61684], [-76.86103, 44.61776], [-76.86174, 44.61851], [-76.86111, 44.6193], [-76.86012, 44.61966]]], [[[-76.90274, 44.60809], [-76.90821, 44.62988], [-76.91899, 44.62997], [-76.90287, 44.60809], [-76.90274, 44.60809]]], [[[-76.91235, 44.63695], [-76.9132, 44.63743], [-76.91382, 44.63836], [-76.91396, 44.63911], [-76.91376, 44.63947], [-76.9142, 44.63985], [-76.91409, 44.64002], [-76.91427, 44.64018], [-76.91419, 44.6406], [-76.9186, 44.64067], [-76.92564, 44.639], [-76.91912, 44.63016], [-76.90825, 44.63006], [-76.9096, 44.63543], [-76.9105, 44.63622], [-76.91116, 44.63649], [-76.91166, 44.63693], [-76.91235, 44.63695]]], [[[-76.8955, 44.61359], [-76.89686, 44.61927], [-76.90524, 44.61908], [-76.90249, 44.60809], [-76.88579, 44.60835], [-76.8871, 44.61378], [-76.8955, 44.61359]]], [[[-76.87974, 44.61942], [-76.88817, 44.61923], [-76.88422, 44.60292], [-76.87103, 44.60322], [-76.87062, 44.60363], [-76.86995, 44.60371], [-76.87, 44.60389], [-76.86967, 44.60391], [-76.86954, 44.60366], [-76.86912, 44.60407], [-76.86853, 44.60385], [-76.8677, 44.60444], [-76.86793, 44.60527], [-76.86826, 44.60562], [-76.86807, 44.60576], [-76.87018, 44.61404], [-76.87128, 44.61948], [-76.87973, 44.61929], [-76.87974, 44.61942]]]]}}, {"type": "Feature", "properties": {"id": "on-ca-149", "name": "Dead Creek Conservation Reserve", "hunting_allowed": null, "basis": "ca_permit", "permit_required": true, "authority": "Quinte Conservation Authority"}, "geometry": {"type": "MultiPolygon", "coordinates": [[[[-76.92425, 44.78798], [-76.92453, 44.78776], [-76.92447, 44.78763], [-76.92371, 44.78702], [-76.92425, 44.78798]]], [[[-76.91998, 44.78939], [-76.91567, 44.79034], [-76.91734, 44.79322], [-76.91917, 44.79243], [-76.91972, 44.79202], [-76.92001, 44.79147], [-76.92002, 44.79057], [-76.92017, 44.79026], [-76.92382, 44.78833], [-76.91998, 44.78939]]], [[[-76.96389, 44.78198], [-76.95668, 44.78352], [-76.95911, 44.78806], [-76.9663, 44.78655], [-76.96389, 44.78198]]], [[[-76.91874, 44.77811], [-76.92144, 44.78294], [-76.9262, 44.7816], [-76.9263, 44.78024], [-76.92689, 44.7775], [-76.92717, 44.77697], [-76.92784, 44.77642], [-76.92738, 44.77651], [-76.92699, 44.77579], [-76.91874, 44.77811]]], [[[-76.92817, 44.77635], [-76.92734, 44.77705], [-76.92708, 44.77754], [-76.92649, 44.78026], [-76.92637, 44.78156], [-76.92955, 44.78059], [-76.93801, 44.7789], [-76.93577, 44.77483], [-76.92817, 44.77635]]], [[[-76.92367, 44.78861], [-76.92029, 44.79033], [-76.92017, 44.79148], [-76.91985, 44.79208], [-76.91926, 44.79252], [-76.9174, 44.79332], [-76.92166, 44.8007], [-76.92597, 44.79978], [-76.92589, 44.79964], [-76.92987, 44.79853], [-76.92412, 44.78824], [-76.92367, 44.78861]]], [[[-76.92364, 44.78689], [-76.92405, 44.78705], [-76.92461, 44.78757], [-76.92467, 44.78781], [-76.92436, 44.78817], [-76.9324, 44.78591], [-76.94076, 44.78425], [-76.9381, 44.77907], [-76.92964, 44.78076], [-76.92631, 44.78177], [-76.9259, 44.78241], [-76.92275, 44.7853], [-76.92364, 44.78689]]], [[[-76.9507, 44.7877], [-76.95186, 44.78991], [-76.95899, 44.78835], [-76.95644, 44.78357], [-76.9528, 44.78437], [-76.95025, 44.77959], [-76.94685, 44.78033], [-76.94527, 44.77727], [-76.93834, 44.77901], [-76.9437, 44.78946], [-76.9507, 44.7877]]]]}}, {"type": "Feature", "properties": {"id": "on-ca-150", "name": "Depot Lakes Conservation Area North Conservation Reserve", "hunting_allowed": null, "basis": "ca_permit", "permit_required": true, "authority": "Quinte Conservation Authority"}, "geometry": {"type": "MultiPolygon", "coordinates": [[[[-76.78286, 44.56108], [-76.78383, 44.5614], [-76.78374, 44.56097], [-76.78168, 44.56082], [-76.78217, 44.5611], [-76.78286, 44.56108]]], [[[-76.79222, 44.59917], [-76.79275, 44.59968], [-76.79401, 44.59968], [-76.79341, 44.5991], [-76.79222, 44.59917]]], [[[-76.78761, 44.57737], [-76.78818, 44.58009], [-76.78853, 44.58177], [-76.79152, 44.57736], [-76.78761, 44.57737]]], [[[-76.79214, 44.5991], [-76.79334, 44.59878], [-76.7942, 44.59874], [-76.79583, 44.59743], [-76.79759, 44.598], [-76.79896, 44.59807], [-76.79822, 44.59764], [-76.79845, 44.5972], [-76.79812, 44.59711], [-76.79796, 44.5963], [-76.79734, 44.59631], [-76.79728, 44.59595], [-76.79624, 44.59637], [-76.79577, 44.59638], [-76.79517, 44.59583], [-76.79456, 44.59554], [-76.79435, 44.5957], [-76.79303, 44.59587], [-76.79143, 44.5957], [-76.79214, 44.5991]]], [[[-76.78767, 44.58402], [-76.78593, 44.58268], [-76.78525, 44.58273], [-76.78501, 44.58308], [-76.78537, 44.58357], [-76.78522, 44.58392], [-76.78261, 44.58427], [-76.78203, 44.58459], [-76.78172, 44.58491], [-76.78166, 44.58524], [-76.78074, 44.58576], [-76.78105, 44.58583], [-76.78113, 44.58657], [-76.78149, 44.58728], [-76.78238, 44.58785], [-76.78371, 44.58793], [-76.78422, 44.58783], [-76.78446, 44.58757], [-76.78463, 44.5867], [-76.78449, 44.58629], [-76.78576, 44.58588], [-76.78729, 44.58491], [-76.78808, 44.58476], [-76.78767, 44.58402]]], [[[-76.78585, 44.58259], [-76.788, 44.58429], [-76.78837, 44.58498], [-76.78734, 44.58656], [-76.78736, 44.58723], [-76.7872, 44.58752], [-76.78732, 44.58754], [-76.78728, 44.58861], [-76.78743, 44.58872], [-76.78732, 44.58893], [-76.7875, 44.5891], [-76.78766, 44.589], [-76.78814, 44.58916], [-76.788, 44.58962], [-76.78811, 44.58989], [-76.78855, 44.59022], [-76.78869, 44.59072], [-76.78956, 44.59102], [-76.78971, 44.59073], [-76.79009, 44.59052], [-76.78742, 44.57767], [-76.78702, 44.57812], [-76.78559, 44.57839], [-76.7851, 44.57843], [-76.78459, 44.57795], [-76.78426, 44.57803], [-76.78415, 44.57827], [-76.78477, 44.57851], [-76.78413, 44.57887], [-76.78425, 44.5792], [-76.78515, 44.5791], [-76.78545, 44.57949], [-76.78577, 44.57958], [-76.78712, 44.5792], [-76.78778, 44.57953], [-76.78748, 44.5799], [-76.78787, 44.58021], [-76.78783, 44.5804], [-76.78748, 44.58087], [-76.78697, 44.58096], [-76.78633, 44.58066], [-76.78612, 44.5804], [-76.78596, 44.5809], [-76.78606, 44.58134], [-76.78554, 44.58191], [-76.78585, 44.58259]]], [[[-76.78513, 44.5989], [-76.79161, 44.60348], [-76.7953, 44.60238], [-76.792, 44.59923], [-76.78934, 44.599], [-76.78513, 44.5989]]], [[[-76.74584, 44.58685], [-76.7465, 44.58956], [-76.75507, 44.58888], [-76.75439, 44.58618], [-76.74584, 44.58685]]], [[[-76.80163, 44.58175], [-76.80064, 44.58266], [-76.79969, 44.58291], [-76.79944, 44.58381], [-76.79941, 44.58449], [-76.79961, 44.58513], [-76.79931, 44.58597], [-76.79961, 44.58761], [-76.80018, 44.58912], [-76.80076, 44.58997], [-76.80091, 44.5908], [-76.80156, 44.58993], [-76.80237, 44.58958], [-76.80439, 44.58913], [-76.80402, 44.58848], [-76.80163, 44.58175]]], [[[-76.76431, 44.58191], [-76.76616, 44.58199], [-76.76572, 44.58253], [-76.76699, 44.58352], [-76.76673, 44.58398], [-76.77264, 44.5861], [-76.77181, 44.58223], [-76.76758, 44.57918], [-76.76366, 44.57875], [-76.76431, 44.58191]]], [[[-76.78758, 44.57719], [-76.79282, 44.57718], [-76.79326, 44.57694], [-76.79383, 44.57699], [-76.79395, 44.57678], [-76.79389, 44.57637], [-76.79377, 44.57615], [-76.7935, 44.57634], [-76.79343, 44.57589], [-76.79365, 44.5757], [-76.79439, 44.57546], [-76.79621, 44.57553], [-76.79599, 44.57542], [-76.79607, 44.57521], [-76.79464, 44.57458], [-76.79442, 44.57434], [-76.79362, 44.57404], [-76.79349, 44.57414], [-76.79253, 44.57301], [-76.79138, 44.57223], [-76.79014, 44.57174], [-76.78934, 44.57117], [-76.78825, 44.57126], [-76.78761, 44.57099], [-76.78735, 44.57079], [-76.78761, 44.5705], [-76.78698, 44.56984], [-76.78619, 44.56985], [-76.78598, 44.56996], [-76.78758, 44.57719]]], [[[-76.76749, 44.56509], [-76.75786, 44.56874], [-76.75781, 44.56979], [-76.76051, 44.57014], [-76.76411, 44.57157], [-76.76915, 44.57126], [-76.76749, 44.56509]]], [[[-76.75535, 44.58899], [-76.76138, 44.58947], [-76.76379, 44.58693], [-76.76255, 44.58154], [-76.75331, 44.58081], [-76.75535, 44.58899]]], [[[-76.79239, 44.5701], [-76.79248, 44.57041], [-76.79277, 44.57055], [-76.79314, 44.57118], [-76.79318, 44.57222], [-76.79342, 44.57276], [-76.79412, 44.57342], [-76.79788, 44.56679], [-76.79261, 44.56139], [-76.79136, 44.55564], [-76.78297, 44.55566], [-76.7841, 44.56145], [-76.78777, 44.56189], [-76.78831, 44.56207], [-76.78831, 44.56227], [-76.78747, 44.56261], [-76.78717, 44.56252], [-76.78677, 44.56198], [-76.78627, 44.56191], [-76.78562, 44.56264], [-76.78572, 44.56345], [-76.78608, 44.56388], [-76.78716, 44.56456], [-76.78767, 44.56519], [-76.78862, 44.56581], [-76.78866, 44.56616], [-76.7896, 44.56699], [-76.78976, 44.56748], [-76.79103, 44.56827], [-76.79128, 44.56822], [-76.79158, 44.56783], [-76.79233, 44.56779], [-76.79211, 44.56706], [-76.79247, 44.567], [-76.79264, 44.56754], [-76.79349, 44.56705], [-76.79451, 44.56715], [-76.79495, 44.56696], [-76.79472, 44.56725], [-76.79396, 44.56753], [-76.79382, 44.56785], [-76.79419, 44.56834], [-76.79411, 44.56867], [-76.79462, 44.56867], [-76.79471, 44.56882], [-76.79374, 44.56957], [-76.7937, 44.57003], [-76.79336, 44.56999], [-76.79286, 44.56945], [-76.79216, 44.56974], [-76.79215, 44.56992], [-76.79239, 44.5701]]], [[[-76.79907, 44.59802], [-76.80018, 44.59794], [-76.80069, 44.59743], [-76.79743, 44.59387], [-76.79631, 44.5912], [-76.79333, 44.58873], [-76.79333, 44.58822], [-76.79747, 44.58821], [-76.79905, 44.59103], [-76.80078, 44.5908], [-76.80059, 44.58988], [-76.8001, 44.58918], [-76.79947, 44.58735], [-76.79925, 44.58588], [-76.79947, 44.58517], [-76.79933, 44.58453], [-76.79952, 44.58302], [-76.79955, 44.58287], [-76.8, 44.5827], [-76.80064, 44.58261], [-76.80142, 44.58197], [-76.80164, 44.58161], [-76.80166, 44.581], [-76.80248, 44.58013], [-76.80267, 44.57954], [-76.80319, 44.57882], [-76.80298, 44.57846], [-76.8029, 44.57775], [-76.79617, 44.57777], [-76.79613, 44.57759], [-76.80282, 44.57757], [-76.79529, 44.57221], [-76.79422, 44.57403], [-76.79447, 44.57377], [-76.79533, 44.57413], [-76.79541, 44.57437], [-76.79681, 44.57531], [-76.79705, 44.57592], [-76.79664, 44.57595], [-76.79665, 44.57617], [-76.79632, 44.57634], [-76.79598, 44.57584], [-76.79576, 44.57601], [-76.79538, 44.57563], [-76.79473, 44.57561], [-76.79387, 44.57587], [-76.79422, 44.57658], [-76.79407, 44.57717], [-76.79605, 44.57717], [-76.79608, 44.57735], [-76.79194, 44.57736], [-76.78862, 44.58221], [-76.79038, 44.59068], [-76.79089, 44.59043], [-76.79148, 44.59052], [-76.7918, 44.59089], [-76.79174, 44.59135], [-76.79244, 44.59143], [-76.79258, 44.59227], [-76.79339, 44.59244], [-76.79359, 44.59274], [-76.79448, 44.59262], [-76.79478, 44.59282], [-76.79471, 44.59312], [-76.7968, 44.5939], [-76.79721, 44.59447], [-76.79716, 44.59572], [-76.79745, 44.59596], [-76.7974, 44.59619], [-76.79812, 44.5963], [-76.79818, 44.5966], [-76.79872, 44.59717], [-76.79844, 44.59725], [-76.79833, 44.59762], [-76.79907, 44.59802]]], [[[-76.78613, 44.57182], [-76.78573, 44.57001], [-76.78514, 44.57004], [-76.78521, 44.56986], [-76.78567, 44.56971], [-76.78561, 44.56945], [-76.78532, 44.56918], [-76.78495, 44.56922], [-76.78455, 44.56893], [-76.78431, 44.56828], [-76.78359, 44.56831], [-76.78361, 44.56794], [-76.78312, 44.56752], [-76.78266, 44.56773], [-76.78148, 44.56772], [-76.78114, 44.5679], [-76.78104, 44.56814], [-76.77897, 44.56885], [-76.77844, 44.56928], [-76.77818, 44.56916], [-76.77741, 44.56933], [-76.77759, 44.56884], [-76.77856, 44.56855], [-76.77861, 44.56816], [-76.77748, 44.56847], [-76.77701, 44.56836], [-76.77699, 44.56818], [-76.77782, 44.56794], [-76.77811, 44.56764], [-76.77801, 44.5675], [-76.77856, 44.56715], [-76.77912, 44.56719], [-76.77978, 44.56695], [-76.77995, 44.56648], [-76.77984, 44.56618], [-76.77941, 44.56618], [-76.77729, 44.567], [-76.77693, 44.56741], [-76.77782, 44.56746], [-76.77727, 44.56767], [-76.77581, 44.56764], [-76.77474, 44.56789], [-76.77541, 44.56741], [-76.77538, 44.56715], [-76.77499, 44.56695], [-76.7767, 44.56645], [-76.77736, 44.56592], [-76.77726, 44.56546], [-76.77863, 44.56567], [-76.7787, 44.56589], [-76.77894, 44.5658], [-76.77875, 44.5647], [-76.77852, 44.56456], [-76.77769, 44.56465], [-76.77771, 44.56452], [-76.77829, 44.56449], [-76.7779, 44.56399], [-76.77736, 44.56362], [-76.77706, 44.56362], [-76.77714, 44.56354], [-76.77691, 44.56334], [-76.77701, 44.56319], [-76.77736, 44.56337], [-76.77756, 44.5633], [-76.77786, 44.56271], [-76.77687, 44.5621], [-76.77695, 44.56226], [-76.77671, 44.5624], [-76.77677, 44.562], [-76.77815, 44.56256], [-76.77887, 44.56218], [-76.77883, 44.56244], [-76.77858, 44.56267], [-76.77885, 44.56307], [-76.77958, 44.56279], [-76.77977, 44.56298], [-76.78017, 44.56295], [-76.78107, 44.56335], [-76.78188, 44.56271], [-76.78142, 44.56202], [-76.78104, 44.562], [-76.78058, 44.56171], [-76.77982, 44.56177], [-76.77956, 44.56153], [-76.77896, 44.56202], [-76.77918, 44.56104], [-76.77946, 44.56066], [-76.77894, 44.55929], [-76.7778, 44.55943], [-76.77671, 44.55893], [-76.7763, 44.55849], [-76.77594, 44.55765], [-76.77551, 44.55739], [-76.77567, 44.55733], [-76.7756, 44.55721], [-76.77498, 44.55702], [-76.7747, 44.55615], [-76.77419, 44.55559], [-76.77393, 44.55554], [-76.77363, 44.555], [-76.77319, 44.5548], [-76.77284, 44.55487], [-76.77302, 44.5547], [-76.77291, 44.55446], [-76.77189, 44.55404], [-76.76958, 44.55445], [-76.76911, 44.55488], [-76.76899, 44.55525], [-76.76512, 44.55497], [-76.7694, 44.57123], [-76.77783, 44.57184], [-76.77768, 44.5712], [-76.78613, 44.57182]]], [[[-76.77074, 44.5768], [-76.77501, 44.59571], [-76.78267, 44.59565], [-76.78493, 44.59871], [-76.7856, 44.59859], [-76.78804, 44.59891], [-76.79189, 44.59913], [-76.79115, 44.5956], [-76.79062, 44.59492], [-76.79083, 44.59421], [-76.79055, 44.59281], [-76.78907, 44.59229], [-76.78896, 44.59256], [-76.78837, 44.59262], [-76.78764, 44.59218], [-76.78756, 44.59129], [-76.78736, 44.59106], [-76.7868, 44.59106], [-76.78656, 44.59087], [-76.78703, 44.59046], [-76.78647, 44.58987], [-76.7855, 44.58983], [-76.78456, 44.58955], [-76.78415, 44.58933], [-76.78403, 44.58896], [-76.78247, 44.5886], [-76.78192, 44.58828], [-76.78124, 44.58812], [-76.77988, 44.58812], [-76.77863, 44.58765], [-76.77855, 44.58712], [-76.77781, 44.58693], [-76.77732, 44.58641], [-76.77599, 44.58613], [-76.7755, 44.58622], [-76.7746, 44.58584], [-76.77436, 44.58539], [-76.77399, 44.5853], [-76.7745, 44.58512], [-76.77424, 44.5849], [-76.77469, 44.58479], [-76.77469, 44.58461], [-76.77517, 44.58465], [-76.77526, 44.58446], [-76.77566, 44.58442], [-76.77591, 44.58411], [-76.77636, 44.58408], [-76.77688, 44.585], [-76.77806, 44.58507], [-76.7781, 44.58535], [-76.77843, 44.58563], [-76.77871, 44.58546], [-76.77853, 44.585], [-76.77897, 44.58468], [-76.77933, 44.58462], [-76.77944, 44.58442], [-76.77898, 44.58415], [-76.77826, 44.58402], [-76.77936, 44.58344], [-76.78032, 44.58345], [-76.78064, 44.5837], [-76.78079, 44.58451], [-76.7815, 44.58466], [-76.78216, 44.5843], [-76.78231, 44.58438], [-76.78251, 44.58415], [-76.78512, 44.58378], [-76.78501, 44.58328], [-76.78451, 44.58315], [-76.78548, 44.58241], [-76.78526, 44.58173], [-76.78529, 44.58161], [-76.78557, 44.58175], [-76.78576, 44.58163], [-76.78576, 44.58027], [-76.78554, 44.58031], [-76.78557, 44.58052], [-76.78527, 44.58051], [-76.78509, 44.58086], [-76.7841, 44.58076], [-76.78393, 44.58053], [-76.78406, 44.58004], [-76.78345, 44.58003], [-76.78334, 44.57956], [-76.78307, 44.57932], [-76.78317, 44.57908], [-76.78353, 44.57899], [-76.78357, 44.57881], [-76.78307, 44.57856], [-76.78148, 44.57828], [-76.78116, 44.57802], [-76.78118, 44.57784], [-76.78178, 44.57771], [-76.78286, 44.57796], [-76.78385, 44.57778], [-76.78404, 44.57753], [-76.78461, 44.57743], [-76.78561, 44.57759], [-76.78727, 44.57739], [-76.77898, 44.57679], [-76.77912, 44.57741], [-76.77074, 44.5768]], [[-76.78145, 44.59289], [-76.78105, 44.59331], [-76.78001, 44.59308], [-76.77986, 44.59278], [-76.78012, 44.59261], [-76.78015, 44.59234], [-76.77914, 44.59186], [-76.77897, 44.59116], [-76.77876, 44.59105], [-76.77906, 44.59081], [-76.78001, 44.59076], [-76.78057, 44.59051], [-76.78143, 44.58973], [-76.78134, 44.58932], [-76.782, 44.58902], [-76.78253, 44.58956], [-76.78292, 44.58972], [-76.78291, 44.59023], [-76.78449, 44.59104], [-76.78446, 44.59121], [-76.78366, 44.59163], [-76.78234, 44.59274], [-76.78145, 44.59289]]]]}}, {"type": "Feature", "properties": {"id": "on-ca-151", "name": "Depot Lakes Conservation Area South Conservation Reserve", "hunting_allowed": null, "basis": "ca_permit", "permit_required": true, "authority": "Quinte Conservation Authority"}, "geometry": {"type": "MultiPolygon", "coordinates": [[[[-76.75727, 44.54951], [-76.75793, 44.54947], [-76.75856, 44.54928], [-76.75676, 44.54915], [-76.75683, 44.54935], [-76.75727, 44.54951]]], [[[-76.76147, 44.55036], [-76.76193, 44.55071], [-76.76268, 44.55052], [-76.76461, 44.54967], [-76.76497, 44.5494], [-76.76481, 44.54914], [-76.76488, 44.54876], [-76.76428, 44.54845], [-76.76398, 44.54897], [-76.76277, 44.54918], [-76.76233, 44.54948], [-76.76233, 44.54976], [-76.76159, 44.54991], [-76.76088, 44.55037], [-76.76098, 44.5505], [-76.76147, 44.55036]]], [[[-76.7801, 44.54652], [-76.78057, 44.5465], [-76.78014, 44.5445], [-76.77722, 44.54473], [-76.77874, 44.54591], [-76.7801, 44.54652]]], [[[-76.76917, 44.54667], [-76.76909, 44.54727], [-76.76936, 44.54786], [-76.76986, 44.5482], [-76.77034, 44.54817], [-76.77173, 44.54755], [-76.77225, 44.54682], [-76.77139, 44.54699], [-76.77136, 44.54682], [-76.77163, 44.54662], [-76.77152, 44.54628], [-76.77039, 44.54618], [-76.76917, 44.54667]]], [[[-76.76572, 44.5387], [-76.76749, 44.53914], [-76.76824, 44.54092], [-76.76971, 44.54154], [-76.76978, 44.54097], [-76.77076, 44.53894], [-76.76572, 44.5387]]], [[[-76.76507, 44.55482], [-76.76884, 44.5551], [-76.76894, 44.5548], [-76.76934, 44.55447], [-76.76714, 44.55454], [-76.76544, 44.55484], [-76.76581, 44.55442], [-76.76773, 44.55326], [-76.76799, 44.55279], [-76.76774, 44.55255], [-76.76775, 44.55229], [-76.76729, 44.55216], [-76.76687, 44.55223], [-76.76666, 44.55244], [-76.76649, 44.55233], [-76.76527, 44.55234], [-76.76434, 44.55267], [-76.76507, 44.55482]]], [[[-76.77437, 44.54427], [-76.77477, 44.54462], [-76.77557, 44.54446], [-76.77467, 44.54444], [-76.77358, 44.53907], [-76.77154, 44.53898], [-76.77102, 44.53946], [-76.76996, 44.54163], [-76.77162, 44.54239], [-76.77224, 44.54374], [-76.77257, 44.54407], [-76.7732, 44.54429], [-76.77437, 44.54427]]], [[[-76.76251, 44.5462], [-76.76404, 44.54587], [-76.7662, 44.54493], [-76.76703, 44.54402], [-76.76682, 44.54367], [-76.76716, 44.54335], [-76.76715, 44.54292], [-76.7673, 44.54275], [-76.76708, 44.54191], [-76.76722, 44.5414], [-76.76824, 44.5419], [-76.76819, 44.54232], [-76.7685, 44.54269], [-76.76912, 44.54232], [-76.76958, 44.54172], [-76.76796, 44.54084], [-76.7677, 44.53981], [-76.76728, 44.53913], [-76.76486, 44.53868], [-76.76622, 44.5443], [-76.76205, 44.54415], [-76.76251, 44.5462]]], [[[-76.74584, 44.55094], [-76.7469, 44.55542], [-76.74721, 44.5547], [-76.74708, 44.55453], [-76.74771, 44.55375], [-76.74816, 44.55342], [-76.74894, 44.55326], [-76.74964, 44.5527], [-76.74972, 44.55214], [-76.74927, 44.55201], [-76.74925, 44.55169], [-76.74965, 44.55167], [-76.75017, 44.55114], [-76.751, 44.55106], [-76.75171, 44.55035], [-76.75313, 44.54992], [-76.75395, 44.54927], [-76.75382, 44.54883], [-76.74837, 44.54831], [-76.74902, 44.551], [-76.74584, 44.55094]]], [[[-76.74183, 44.55939], [-76.74233, 44.55991], [-76.74237, 44.56029], [-76.74163, 44.56158], [-76.74178, 44.56165], [-76.74242, 44.56084], [-76.74292, 44.55981], [-76.74392, 44.55866], [-76.74489, 44.55798], [-76.74523, 44.55801], [-76.74515, 44.55774], [-76.7454, 44.55789], [-76.74547, 44.55771], [-76.74526, 44.5576], [-76.74554, 44.55728], [-76.74558, 44.55756], [-76.74604, 44.55758], [-76.74663, 44.55719], [-76.74608, 44.55661], [-76.7467, 44.55567], [-76.74623, 44.55366], [-76.73966, 44.55417], [-76.74092, 44.55573], [-76.74183, 44.55939]]], [[[-76.75755, 44.54804], [-76.75679, 44.54893], [-76.75888, 44.54913], [-76.75921, 44.5489], [-76.7592, 44.54869], [-76.75889, 44.54854], [-76.75865, 44.54868], [-76.75847, 44.54853], [-76.75842, 44.5483], [-76.75872, 44.54805], [-76.75841, 44.54719], [-76.75909, 44.54696], [-76.76021, 44.54607], [-76.76075, 44.54602], [-76.76226, 44.54624], [-76.7618, 44.54418], [-76.75306, 44.54384], [-76.7541, 44.54819], [-76.74784, 44.54808], [-76.7538, 44.54864], [-76.75495, 44.54747], [-76.75537, 44.54794], [-76.75565, 44.54803], [-76.75573, 44.54837], [-76.75602, 44.5482], [-76.7564, 44.54838], [-76.75691, 44.54808], [-76.75755, 44.54804]]], [[[-76.77907, 44.55874], [-76.77983, 44.55915], [-76.77991, 44.55944], [-76.7802, 44.55962], [-76.78035, 44.5602], [-76.78065, 44.56043], [-76.78118, 44.56046], [-76.78168, 44.56082], [-76.78374, 44.56097], [-76.78272, 44.55568], [-76.77843, 44.55537], [-76.77516, 44.55272], [-76.77479, 44.55312], [-76.77281, 44.55336], [-76.77249, 44.55322], [-76.77183, 44.55356], [-76.77107, 44.55349], [-76.7702, 44.55374], [-76.76971, 44.55432], [-76.77055, 44.55413], [-76.77126, 44.55377], [-76.77269, 44.55412], [-76.77347, 44.55486], [-76.77377, 44.55487], [-76.77422, 44.55518], [-76.77521, 44.5567], [-76.77577, 44.55704], [-76.77674, 44.55829], [-76.77684, 44.55845], [-76.77664, 44.55854], [-76.77708, 44.55884], [-76.77818, 44.55915], [-76.77879, 44.55874], [-76.77907, 44.55874]]], [[[-76.77352, 44.54776], [-76.77201, 44.54833], [-76.77168, 44.54866], [-76.77225, 44.54905], [-76.77259, 44.54947], [-76.77254, 44.54972], [-76.78132, 44.54994], [-76.7806, 44.54663], [-76.77965, 44.54655], [-76.77863, 44.54603], [-76.77668, 44.54463], [-76.7756, 44.5446], [-76.77472, 44.54477], [-76.77432, 44.54447], [-76.77318, 44.54447], [-76.77258, 44.5443], [-76.77203, 44.54384], [-76.77142, 44.54251], [-76.76988, 44.5418], [-76.76968, 44.54368], [-76.76896, 44.54407], [-76.76906, 44.54448], [-76.76959, 44.54486], [-76.7699, 44.54483], [-76.77004, 44.54425], [-76.77052, 44.54398], [-76.77041, 44.54432], [-76.77088, 44.54469], [-76.77081, 44.54491], [-76.77052, 44.54502], [-76.77073, 44.54521], [-76.77051, 44.54553], [-76.77149, 44.54613], [-76.77296, 44.54633], [-76.77395, 44.54616], [-76.77459, 44.54623], [-76.77678, 44.54569], [-76.77683, 44.54595], [-76.77657, 44.54606], [-76.77671, 44.54639], [-76.77589, 44.54633], [-76.77528, 44.54652], [-76.77404, 44.54717], [-76.77352, 44.54776]]], [[[-76.74895, 44.56431], [-76.75035, 44.56321], [-76.75141, 44.5631], [-76.75183, 44.56258], [-76.75223, 44.56101], [-76.75138, 44.56231], [-76.7504, 44.56303], [-76.75049, 44.56216], [-76.75091, 44.56127], [-76.75162, 44.56068], [-76.7525, 44.55946], [-76.75259, 44.55887], [-76.75282, 44.55881], [-76.75271, 44.55845], [-76.75229, 44.55871], [-76.75212, 44.55855], [-76.75321, 44.55701], [-76.75338, 44.55633], [-76.75373, 44.55627], [-76.75354, 44.5561], [-76.75336, 44.55624], [-76.75355, 44.55579], [-76.75407, 44.55544], [-76.75438, 44.55567], [-76.75667, 44.55391], [-76.75713, 44.55339], [-76.75811, 44.55281], [-76.75883, 44.5521], [-76.75819, 44.55207], [-76.75879, 44.55146], [-76.7589, 44.55111], [-76.75876, 44.55098], [-76.75895, 44.55078], [-76.75827, 44.55095], [-76.7572, 44.55152], [-76.75726, 44.55182], [-76.7571, 44.55208], [-76.75624, 44.55232], [-76.7563, 44.55206], [-76.75614, 44.55194], [-76.75483, 44.55257], [-76.75353, 44.55277], [-76.75326, 44.5533], [-76.75261, 44.5534], [-76.75204, 44.55393], [-76.74928, 44.55568], [-76.7486, 44.55649], [-76.74849, 44.55701], [-76.74766, 44.55766], [-76.7475, 44.55806], [-76.74895, 44.56431]]], [[[-76.77852, 44.55524], [-76.78269, 44.55554], [-76.78165, 44.55013], [-76.77244, 44.5499], [-76.77216, 44.55096], [-76.77174, 44.55094], [-76.76907, 44.55192], [-76.76886, 44.55212], [-76.76877, 44.55291], [-76.76643, 44.55441], [-76.76945, 44.55434], [-76.77009, 44.55362], [-76.77102, 44.55336], [-76.77179, 44.55341], [-76.77249, 44.55305], [-76.77285, 44.55322], [-76.77467, 44.553], [-76.77514, 44.5525], [-76.77852, 44.55524]]], [[[-76.75188, 44.56275], [-76.75162, 44.56313], [-76.75118, 44.56336], [-76.75312, 44.56463], [-76.75439, 44.56492], [-76.75772, 44.56518], [-76.75771, 44.56243], [-76.75697, 44.55956], [-76.76164, 44.56], [-76.76019, 44.5545], [-76.76485, 44.55494], [-76.76408, 44.55269], [-76.76387, 44.55262], [-76.76405, 44.55243], [-76.7626, 44.55244], [-76.76167, 44.55266], [-76.75945, 44.55383], [-76.75942, 44.55408], [-76.75879, 44.55453], [-76.75613, 44.55747], [-76.75405, 44.5591], [-76.75309, 44.56028], [-76.75247, 44.56077], [-76.75188, 44.56275]]], [[[-76.74184, 44.5705], [-76.75019, 44.56985], [-76.74874, 44.5645], [-76.74737, 44.55858], [-76.74629, 44.55888], [-76.74548, 44.56009], [-76.74499, 44.56034], [-76.74456, 44.56023], [-76.7447, 44.55959], [-76.74459, 44.55902], [-76.74421, 44.55906], [-76.74269, 44.56064], [-76.74257, 44.56151], [-76.74272, 44.56186], [-76.74443, 44.56183], [-76.74494, 44.56216], [-76.74509, 44.56265], [-76.744, 44.56436], [-76.74381, 44.56562], [-76.74263, 44.5668], [-76.74166, 44.56716], [-76.74049, 44.56824], [-76.74005, 44.56954], [-76.73953, 44.5704], [-76.74178, 44.57022], [-76.74184, 44.5705]]], [[[-76.72973, 44.55469], [-76.73344, 44.57087], [-76.73934, 44.57041], [-76.73937, 44.57013], [-76.73987, 44.56949], [-76.74032, 44.56817], [-76.74154, 44.56705], [-76.7425, 44.56669], [-76.74362, 44.56557], [-76.74382, 44.56432], [-76.7449, 44.56266], [-76.74471, 44.56217], [-76.74411, 44.56189], [-76.74286, 44.56198], [-76.74291, 44.56248], [-76.74324, 44.56257], [-76.74322, 44.5628], [-76.74219, 44.56368], [-76.74184, 44.56431], [-76.74118, 44.56501], [-76.74088, 44.56515], [-76.74156, 44.56394], [-76.74237, 44.56293], [-76.74194, 44.5626], [-76.7417, 44.56296], [-76.74175, 44.56278], [-76.74154, 44.56251], [-76.74176, 44.5618], [-76.74138, 44.56163], [-76.74205, 44.5606], [-76.74215, 44.55998], [-76.74164, 44.55943], [-76.74072, 44.55573], [-76.73946, 44.55419], [-76.73801, 44.5543], [-76.73795, 44.55404], [-76.72973, 44.55469]]]]}}, {"type": "Feature", "properties": {"id": "on-ca-152", "name": "Cameron Swamp East Conservation Reserve", "hunting_allowed": null, "basis": "ca_permit", "permit_required": true, "authority": "Quinte Conservation Authority"}, "geometry": {"type": "Polygon", "coordinates": [[[-76.71759, 44.43875], [-76.71816, 44.44479], [-76.72194, 44.44459], [-76.72137, 44.43855], [-76.71759, 44.43875]]]}}, {"type": "Feature", "properties": {"id": "on-ca-153", "name": "First Depot Lake Conservation Reserve", "hunting_allowed": null, "basis": "ca_permit", "permit_required": true, "authority": "Quinte Conservation Authority"}, "geometry": {"type": "MultiPolygon", "coordinates": [[[[-76.75605, 44.50718], [-76.75656, 44.50738], [-76.75751, 44.50816], [-76.75814, 44.50837], [-76.75827, 44.50881], [-76.75809, 44.50906], [-76.75854, 44.51019], [-76.76431, 44.51049], [-76.7611, 44.49792], [-76.75357, 44.49777], [-76.75548, 44.50736], [-76.75605, 44.50718]]], [[[-76.75065, 44.50987], [-76.75432, 44.52119], [-76.76601, 44.52192], [-76.76199, 44.51053], [-76.75065, 44.50987]]]]}}, {"type": "Feature", "properties": {"id": "on-ca-154", "name": "Fifth Depot Lake Conservation Reserve", "hunting_allowed": null, "basis": "ca_permit", "permit_required": true, "authority": "Quinte Conservation Authority"}, "geometry": {"type": "MultiPolygon", "coordinates": [[[[-76.8812, 44.58175], [-76.8832, 44.5817], [-76.87888, 44.57617], [-76.8725, 44.57631], [-76.87357, 44.58163], [-76.88119, 44.58146], [-76.8812, 44.58175]]], [[[-76.87224, 44.57631], [-76.85516, 44.57669], [-76.85823, 44.5929], [-76.87367, 44.59268], [-76.87545, 44.59227], [-76.87224, 44.57631]]]]}}, {"type": "Feature", "properties": {"id": "on-ca-155", "name": "Turcotte Road Conservation Reserve", "hunting_allowed": null, "basis": "ca_permit", "permit_required": true, "authority": "Quinte Conservation Authority"}, "geometry": {"type": "Polygon", "coordinates": [[[-77.16162, 44.54764], [-77.16596, 44.55208], [-77.17145, 44.54985], [-77.16732, 44.54533], [-77.16162, 44.54764]]]}}, {"type": "Feature", "properties": {"id": "on-ca-156", "name": "Cameron Swamp South Conservation Reserve", "hunting_allowed": null, "basis": "ca_permit", "permit_required": true, "authority": "Quinte Conservation Authority"}, "geometry": {"type": "Polygon", "coordinates": [[[-76.77934, 44.41176], [-76.78449, 44.4172], [-76.78462, 44.41714], [-76.78385, 44.41633], [-76.78591, 44.41539], [-76.78405, 44.41345], [-76.78375, 44.41359], [-76.78113, 44.41084], [-76.77934, 44.41176]]]}}, {"type": "Feature", "properties": {"id": "on-ca-157", "name": "Cameron Swamp West Conservation Reserve", "hunting_allowed": null, "basis": "ca_permit", "permit_required": true, "authority": "Quinte Conservation Authority"}, "geometry": {"type": "Polygon", "coordinates": [[[-76.83531, 44.45906], [-76.84208, 44.46677], [-76.84642, 44.46487], [-76.83959, 44.45711], [-76.83531, 44.45906]]]}}, {"type": "Feature", "properties": {"id": "on-ca-158", "name": "Carman Creek Conservation Reserve", "hunting_allowed": null, "basis": "ca_permit", "permit_required": true, "authority": "Quinte Conservation Authority"}, "geometry": {"type": "Polygon", "coordinates": [[[-76.84051, 44.52633], [-76.84778, 44.53491], [-76.85187, 44.53272], [-76.84802, 44.52808], [-76.85854, 44.52257], [-76.85457, 44.51788], [-76.843, 44.52407], [-76.84051, 44.52633]]]}}, {"type": "Feature", "properties": {"id": "on-ca-159", "name": "Napanee River Conservation Reserve", "hunting_allowed": null, "basis": "ca_permit", "permit_required": true, "authority": "Quinte Conservation Authority"}, "geometry": {"type": "MultiPolygon", "coordinates": [[[[-76.93322, 44.266], [-76.93233, 44.26634], [-76.93224, 44.26662], [-76.93243, 44.26722], [-76.93605, 44.26612], [-76.93854, 44.26556], [-76.93783, 44.26418], [-76.93657, 44.26418], [-76.93464, 44.26467], [-76.9343, 44.26501], [-76.9338, 44.26599], [-76.93322, 44.266]]], [[[-76.93241, 44.26798], [-76.92685, 44.26962], [-76.9266, 44.27065], [-76.92625, 44.27099], [-76.92458, 44.27147], [-76.92525, 44.27207], [-76.92572, 44.27153], [-76.92947, 44.27048], [-76.93209, 44.26907], [-76.93226, 44.26886], [-76.93241, 44.26798]]]]}}, {"type": "Feature", "properties": {"id": "on-ca-160", "name": "Thurlow Wildlife Management Area", "hunting_allowed": null, "basis": "ca_permit", "permit_required": true, "authority": "Quinte Conservation Authority"}, "geometry": {"type": "Polygon", "coordinates": [[[-77.38146, 44.28321], [-77.4033, 44.27797], [-77.4053, 44.27709], [-77.40109, 44.26841], [-77.40599, 44.26722], [-77.40461, 44.26453], [-77.40379, 44.26562], [-77.4025, 44.26657], [-77.40164, 44.26744], [-77.40026, 44.26829], [-77.39886, 44.26862], [-77.39901, 44.26891], [-77.39437, 44.27003], [-77.39363, 44.26859], [-77.39346, 44.26862], [-77.39171, 44.26936], [-77.39038, 44.27047], [-77.3881, 44.2715], [-77.38615, 44.27219], [-77.3845, 44.2723], [-77.38243, 44.27295], [-77.38094, 44.27294], [-77.38007, 44.27264], [-77.37772, 44.26804], [-77.37693, 44.26868], [-77.37669, 44.26967], [-77.37603, 44.27008], [-77.37356, 44.27035], [-77.37759, 44.27824], [-77.37878, 44.27797], [-77.38146, 44.28321]]]}}, {"type": "Feature", "properties": {"id": "on-ca-161", "name": "Longwell Conservation Reserve", "hunting_allowed": null, "basis": "ca_permit", "permit_required": true, "authority": "Quinte Conservation Authority"}, "geometry": {"type": "Polygon", "coordinates": [[[-77.45852, 44.23487], [-77.46084, 44.23476], [-77.46353, 44.23393], [-77.4639, 44.23393], [-77.46471, 44.23324], [-77.46437, 44.23274], [-77.46503, 44.23252], [-77.46146, 44.22517], [-77.45904, 44.22562], [-77.4557, 44.22689], [-77.45555, 44.22728], [-77.4559, 44.22807], [-77.45528, 44.22831], [-77.45852, 44.23487]]]}}, {"type": "Feature", "properties": {"id": "on-ca-162", "name": "Foxboro Marsh Conservation Reserve", "hunting_allowed": null, "basis": "ca_permit", "permit_required": true, "authority": "Quinte Conservation Authority"}, "geometry": {"type": "MultiPolygon", "coordinates": [[[[-77.46614, 44.26893], [-77.46485, 44.26911], [-77.4675, 44.27447], [-77.46951, 44.27395], [-77.46634, 44.26682], [-77.46582, 44.26666], [-77.46173, 44.26275], [-77.46429, 44.26796], [-77.46551, 44.26754], [-77.46614, 44.26893]]], [[[-77.46038, 44.26003], [-77.46153, 44.26237], [-77.46379, 44.26431], [-77.466, 44.26652], [-77.46675, 44.26658], [-77.46861, 44.26626], [-77.46491, 44.25895], [-77.46038, 44.26003]]]]}}, {"type": "Feature", "properties": {"id": "on-ca-163", "name": "Gallivan Road Conservation Reserve", "hunting_allowed": null, "basis": "ca_permit", "permit_required": true, "authority": "Quinte Conservation Authority"}, "geometry": {"type": "MultiPolygon", "coordinates": [[[[-77.50304, 44.27997], [-77.50266, 44.28055], [-77.50504, 44.27991], [-77.50358, 44.27683], [-77.50304, 44.27997]]], [[[-77.49616, 44.27188], [-77.50051, 44.28112], [-77.50239, 44.28062], [-77.5029, 44.27986], [-77.50351, 44.27667], [-77.50062, 44.27082], [-77.49616, 44.27188]]]]}}, {"type": "Feature", "properties": {"id": "on-ca-164", "name": "Scuttlehole Conservation Reserve", "hunting_allowed": null, "basis": "ca_permit", "permit_required": true, "authority": "Quinte Conservation Authority"}, "geometry": {"type": "MultiPolygon", "coordinates": [[[[-77.32804, 44.31782], [-77.32838, 44.31852], [-77.32847, 44.31872], [-77.32873, 44.31766], [-77.32804, 44.31782]]], [[[-77.32876, 44.3183], [-77.32869, 44.31918], [-77.32912, 44.3201], [-77.3292, 44.31976], [-77.32889, 44.31825], [-77.32923, 44.31841], [-77.32927, 44.31873], [-77.32972, 44.31826], [-77.33028, 44.31823], [-77.3307, 44.31722], [-77.32903, 44.3176], [-77.32876, 44.3183]]]]}}, {"type": "Feature", "properties": {"id": "on-ca-165", "name": "Heart Lake Conservation Area", "hunting_allowed": null, "basis": "ca_permit", "permit_required": true, "authority": "Toronto and Region Conservation Authority", "management_plan": "TRCA. (2006). Heart Lake Conservation Area Master Plan."}, "geometry": {"type": "Polygon", "coordinates": [[[-79.8085, 43.748], [-79.79831, 43.74051], [-79.79863, 43.74023], [-79.79766, 43.73958], [-79.7976, 43.73989], [-79.79586, 43.7386], [-79.79673, 43.73769], [-79.79858, 43.73651], [-79.79553, 43.73417], [-79.78585, 43.73563], [-79.78398, 43.73489], [-79.78371, 43.73493], [-79.78166, 43.73683], [-79.80296, 43.75245], [-79.80321, 43.75244], [-79.80483, 43.75108], [-79.80397, 43.75058], [-79.80524, 43.74962], [-79.80604, 43.75009], [-79.80648, 43.74985], [-79.8085, 43.748]]]}}, {"type": "Feature", "properties": {"id": "on-ca-166", "name": "Conservation Drive Park", "hunting_allowed": null, "basis": "ca_permit", "permit_required": true, "authority": "Toronto and Region Conservation Authority", "managed_by": "City of Brampton", "management_plan": "City of Brampton. (2015). Natural Heritage and Environmental Management Strategy."}, "geometry": {"type": "MultiPolygon", "coordinates": [[[[-79.80328, 43.72654], [-79.80869, 43.7306], [-79.80891, 43.73021], [-79.80999, 43.72931], [-79.80867, 43.7287], [-79.80858, 43.72823], [-79.80821, 43.72787], [-79.80698, 43.72741], [-79.80645, 43.72692], [-79.8063, 43.72657], [-79.8053, 43.72603], [-79.80456, 43.72536], [-79.80328, 43.72654]]], [[[-79.81578, 43.73705], [-79.8161, 43.7376], [-79.8165, 43.73778], [-79.81656, 43.73816], [-79.81711, 43.73833], [-79.81742, 43.73868], [-79.81862, 43.73935], [-79.82036, 43.73757], [-79.82009, 43.73739], [-79.81963, 43.7378], [-79.81897, 43.73742], [-79.81923, 43.73718], [-79.81887, 43.73698], [-79.81907, 43.73679], [-79.81873, 43.73648], [-79.81864, 43.73608], [-79.81913, 43.73625], [-79.81976, 43.73548], [-79.82129, 43.73608], [-79.82195, 43.73619], [-79.82287, 43.73535], [-79.82183, 43.73566], [-79.81999, 43.73473], [-79.81975, 43.73487], [-79.81934, 43.73451], [-79.81937, 43.73402], [-79.81922, 43.73373], [-79.81826, 43.73277], [-79.81713, 43.73252], [-79.81634, 43.73265], [-79.81468, 43.73139], [-79.81544, 43.73067], [-79.81312, 43.729], [-79.81389, 43.7285], [-79.81231, 43.72752], [-79.81013, 43.72962], [-79.8092, 43.73064], [-79.80913, 43.73097], [-79.81017, 43.73145], [-79.81172, 43.73261], [-79.81176, 43.73279], [-79.81088, 43.73356], [-79.81354, 43.73553], [-79.8141, 43.735], [-79.8149, 43.73543], [-79.81569, 43.73523], [-79.81607, 43.73584], [-79.81606, 43.73642], [-79.81631, 43.73667], [-79.81614, 43.73685], [-79.81529, 43.73711], [-79.81535, 43.7372], [-79.81578, 43.73705]]]]}}, {"type": "Feature", "properties": {"id": "on-ca-167", "name": "Claireville Conservation Area", "hunting_allowed": null, "basis": "ca_permit", "permit_required": true, "authority": "Toronto and Region Conservation Authority", "management_plan": "TRCA. (2012). Claireville Conservation Area Management Plan Update."}, "geometry": {"type": "MultiPolygon", "coordinates": [[[[-79.70314, 43.76687], [-79.70556, 43.76865], [-79.70749, 43.76689], [-79.70567, 43.76465], [-79.70529, 43.76498], [-79.704, 43.76375], [-79.70197, 43.76365], [-79.70132, 43.76417], [-79.70137, 43.76387], [-79.70084, 43.7637], [-79.70067, 43.76274], [-79.70014, 43.76256], [-79.69937, 43.76255], [-79.69877, 43.76217], [-79.69786, 43.76292], [-79.70074, 43.76507], [-79.70102, 43.76485], [-79.70165, 43.76484], [-79.70212, 43.76458], [-79.7025, 43.76454], [-79.70282, 43.76486], [-79.70353, 43.76458], [-79.70339, 43.76504], [-79.70375, 43.76554], [-79.70414, 43.76557], [-79.70447, 43.7659], [-79.70622, 43.7656], [-79.70712, 43.7669], [-79.70707, 43.76703], [-79.70579, 43.76723], [-79.70525, 43.76694], [-79.70456, 43.76707], [-79.70433, 43.7669], [-79.70372, 43.7669], [-79.70333, 43.76671], [-79.70314, 43.76687]]], [[[-79.63398, 43.74164], [-79.63477, 43.74092], [-79.63492, 43.741], [-79.63506, 43.74088], [-79.63443, 43.73945], [-79.63443, 43.73872], [-79.6346, 43.73823], [-79.6355, 43.73742], [-79.63561, 43.73669], [-79.63487, 43.73616], [-79.63415, 43.73595], [-79.63257, 43.73581], [-79.63069, 43.736], [-79.63398, 43.74164]]], [[[-79.63865, 43.7481], [-79.63944, 43.74928], [-79.64024, 43.7489], [-79.6426, 43.74671], [-79.64274, 43.7468], [-79.64312, 43.74647], [-79.64382, 43.74576], [-79.64371, 43.7451], [-79.64323, 43.74467], [-79.64312, 43.74421], [-79.64247, 43.74374], [-79.64229, 43.7433], [-79.642, 43.7431], [-79.63957, 43.74222], [-79.63884, 43.7422], [-79.63744, 43.74154], [-79.6376, 43.74103], [-79.63721, 43.74067], [-79.63709, 43.74023], [-79.63685, 43.74027], [-79.6362, 43.74051], [-79.63439, 43.74235], [-79.63778, 43.74817], [-79.63796, 43.7483], [-79.63865, 43.7481]]], [[[-79.69423, 43.76751], [-79.69905, 43.77043], [-79.69952, 43.77091], [-79.7005, 43.77102], [-79.70254, 43.76945], [-79.70386, 43.76972], [-79.70499, 43.76974], [-79.70558, 43.76968], [-79.70613, 43.76934], [-79.70197, 43.76626], [-79.70068, 43.76629], [-79.69982, 43.7666], [-79.69928, 43.76594], [-79.6987, 43.76645], [-79.69771, 43.76561], [-79.69732, 43.76545], [-79.6961, 43.76503], [-79.6944, 43.76495], [-79.6939, 43.76478], [-79.69318, 43.76416], [-79.69258, 43.76428], [-79.69228, 43.76404], [-79.69146, 43.76446], [-79.6911, 43.76496], [-79.69098, 43.76541], [-79.69037, 43.76547], [-79.68978, 43.76431], [-79.68971, 43.76376], [-79.69067, 43.76302], [-79.6912, 43.76317], [-79.69158, 43.76286], [-79.69209, 43.7629], [-79.69254, 43.76272], [-79.69279, 43.76291], [-79.69266, 43.76303], [-79.69285, 43.76322], [-79.69324, 43.76291], [-79.69379, 43.76304], [-79.69514, 43.76261], [-79.6978, 43.76348], [-79.69801, 43.76333], [-79.69508, 43.76115], [-79.69373, 43.76234], [-79.6932, 43.76195], [-79.69406, 43.76119], [-79.693, 43.76073], [-79.69121, 43.76103], [-79.69103, 43.76095], [-79.69088, 43.76109], [-79.69031, 43.76066], [-79.68964, 43.76051], [-79.68896, 43.76006], [-79.68932, 43.75974], [-79.68568, 43.75715], [-79.68582, 43.75684], [-79.68546, 43.75644], [-79.68464, 43.75609], [-79.68416, 43.75597], [-79.68234, 43.7562], [-79.68163, 43.75597], [-79.67935, 43.75785], [-79.67931, 43.75855], [-79.67967, 43.75855], [-79.68036, 43.75817], [-79.68143, 43.75851], [-79.68212, 43.75849], [-79.68182, 43.75876], [-79.68149, 43.75863], [-79.68097, 43.75897], [-79.68139, 43.75914], [-79.6811, 43.75941], [-79.68197, 43.76017], [-79.68213, 43.7606], [-79.67991, 43.76224], [-79.67812, 43.76256], [-79.67778, 43.76274], [-79.67761, 43.76309], [-79.67763, 43.76384], [-79.67821, 43.76519], [-79.67822, 43.76559], [-79.68032, 43.76714], [-79.6809, 43.76641], [-79.681, 43.76567], [-79.6809, 43.76548], [-79.68161, 43.76541], [-79.68157, 43.76465], [-79.68209, 43.764], [-79.68133, 43.76351], [-79.68132, 43.76334], [-79.68209, 43.76233], [-79.68335, 43.76177], [-79.68493, 43.76211], [-79.68729, 43.76387], [-79.68847, 43.76496], [-79.68821, 43.76539], [-79.68798, 43.76509], [-79.6881, 43.76568], [-79.68777, 43.76596], [-79.6881, 43.76694], [-79.6897, 43.76851], [-79.69032, 43.7688], [-79.69113, 43.76883], [-79.69202, 43.76812], [-79.69344, 43.76808], [-79.69423, 43.76751]]], [[[-79.65627, 43.76092], [-79.65742, 43.76191], [-79.65821, 43.76351], [-79.66101, 43.76089], [-79.6623, 43.76214], [-79.665, 43.76328], [-79.6656, 43.76397], [-79.66795, 43.76335], [-79.67208, 43.76175], [-79.67221, 43.7614], [-79.67155, 43.76039], [-79.67193, 43.76021], [-79.6729, 43.76106], [-79.67341, 43.76101], [-79.67511, 43.7601], [-79.67472, 43.75981], [-79.67329, 43.75996], [-79.67188, 43.75948], [-79.67145, 43.75986], [-79.67103, 43.75952], [-79.66944, 43.75928], [-79.66998, 43.75976], [-79.66714, 43.75767], [-79.6672, 43.75731], [-79.66757, 43.75721], [-79.6685, 43.75644], [-79.66773, 43.75639], [-79.66727, 43.75361], [-79.66928, 43.7538], [-79.67002, 43.75415], [-79.67071, 43.75423], [-79.67107, 43.7536], [-79.67093, 43.75337], [-79.67144, 43.75316], [-79.67224, 43.75213], [-79.67296, 43.7522], [-79.67322, 43.75196], [-79.67334, 43.75218], [-79.67464, 43.75303], [-79.67417, 43.75325], [-79.67321, 43.75269], [-79.67291, 43.7527], [-79.67277, 43.75303], [-79.67457, 43.75452], [-79.67481, 43.75497], [-79.67454, 43.75505], [-79.67426, 43.75553], [-79.67444, 43.75583], [-79.67581, 43.75613], [-79.67692, 43.7573], [-79.67793, 43.75805], [-79.67896, 43.75718], [-79.6791, 43.75727], [-79.68326, 43.75364], [-79.68289, 43.75346], [-79.68229, 43.75349], [-79.68254, 43.75303], [-79.68208, 43.75281], [-79.68163, 43.75326], [-79.68088, 43.75321], [-79.6805, 43.75353], [-79.68027, 43.75351], [-79.67973, 43.75309], [-79.67784, 43.75237], [-79.67676, 43.75155], [-79.6751, 43.75146], [-79.67309, 43.75099], [-79.67275, 43.75109], [-79.67241, 43.75061], [-79.67161, 43.75059], [-79.67079, 43.75119], [-79.67046, 43.75114], [-79.67029, 43.7509], [-79.67072, 43.75072], [-79.67028, 43.75012], [-79.67032, 43.74913], [-79.67147, 43.7491], [-79.67189, 43.74892], [-79.67075, 43.74795], [-79.66898, 43.74668], [-79.66431, 43.74669], [-79.65996, 43.74339], [-79.65491, 43.74745], [-79.65315, 43.747], [-79.65277, 43.74672], [-79.65261, 43.74687], [-79.65274, 43.74696], [-79.6525, 43.74708], [-79.65226, 43.7469], [-79.6523, 43.74663], [-79.6492, 43.74445], [-79.64325, 43.74952], [-79.64359, 43.74994], [-79.64193, 43.75141], [-79.64113, 43.75139], [-79.64324, 43.7573], [-79.64368, 43.7576], [-79.64438, 43.75775], [-79.64567, 43.75891], [-79.64746, 43.76012], [-79.65145, 43.75659], [-79.65286, 43.75787], [-79.6554, 43.75863], [-79.6568, 43.75943], [-79.65627, 43.76092]]]]}}, {"type": "Feature", "properties": {"id": "on-ca-168", "name": "Finbeiner Tract", "hunting_allowed": null, "basis": "ca_permit", "permit_required": true, "authority": "Ausable Bayfield Conservation Authority"}, "geometry": {"type": "Polygon", "coordinates": [[[-81.55657, 43.34097], [-81.55641, 43.34025], [-81.54401, 43.3415], [-81.54417, 43.34223], [-81.55657, 43.34097]]]}}, {"type": "Feature", "properties": {"id": "on-ca-169", "name": "Triebner/ Hunt Property", "hunting_allowed": null, "basis": "ca_permit", "permit_required": true, "authority": "Ausable Bayfield Conservation Authority", "owner": "Ausable Bayfield Conservation Foundation"}, "geometry": {"type": "Polygon", "coordinates": [[[-81.53736, 43.37446], [-81.53593, 43.36728], [-81.53372, 43.3675], [-81.5339, 43.36789], [-81.53115, 43.36898], [-81.53128, 43.36957], [-81.53051, 43.36978], [-81.5299, 43.37041], [-81.52737, 43.37136], [-81.52612, 43.37143], [-81.52735, 43.37157], [-81.52766, 43.3718], [-81.52858, 43.37171], [-81.52931, 43.3753], [-81.53736, 43.37446]]]}}, {"type": "Feature", "properties": {"id": "on-ca-170", "name": "Elgin West Channel Lands", "hunting_allowed": null, "basis": "ca_permit", "permit_required": true, "authority": "Toronto and Region Conservation Authority", "managed_by": "City of Richmond Hill"}, "geometry": {"type": "MultiPolygon", "coordinates": [[[[-79.45106, 43.90554], [-79.45192, 43.90644], [-79.45227, 43.90636], [-79.45196, 43.90561], [-79.45334, 43.9055], [-79.45304, 43.90494], [-79.45275, 43.905], [-79.45227, 43.90483], [-79.45241, 43.90446], [-79.45084, 43.9048], [-79.4511, 43.90527], [-79.45106, 43.90554]]], [[[-79.45293, 43.91697], [-79.45446, 43.91765], [-79.45475, 43.91795], [-79.45462, 43.9184], [-79.46004, 43.91723], [-79.46027, 43.91671], [-79.45781, 43.91722], [-79.45669, 43.91715], [-79.45549, 43.9169], [-79.45474, 43.91579], [-79.45241, 43.91526], [-79.45179, 43.91474], [-79.44995, 43.91468], [-79.44809, 43.91513], [-79.44859, 43.91564], [-79.44874, 43.91606], [-79.44997, 43.91593], [-79.45058, 43.91603], [-79.45102, 43.91584], [-79.45252, 43.9164], [-79.45249, 43.91656], [-79.45293, 43.91697]]], [[[-79.46164, 43.9169], [-79.46239, 43.91966], [-79.4655, 43.91899], [-79.4653, 43.9185], [-79.46548, 43.91824], [-79.46533, 43.91783], [-79.46414, 43.9181], [-79.46396, 43.91767], [-79.46418, 43.91755], [-79.46436, 43.91712], [-79.46394, 43.91734], [-79.46361, 43.91663], [-79.46389, 43.91639], [-79.46333, 43.915], [-79.46518, 43.91509], [-79.46529, 43.91399], [-79.46432, 43.91412], [-79.46444, 43.91441], [-79.46389, 43.91453], [-79.46128, 43.91443], [-79.4611, 43.91447], [-79.4612, 43.91488], [-79.46057, 43.91456], [-79.45876, 43.91496], [-79.46044, 43.91553], [-79.46086, 43.9159], [-79.4611, 43.91627], [-79.46106, 43.91655], [-79.46056, 43.91665], [-79.46026, 43.91718], [-79.46164, 43.9169]]], [[[-79.46245, 43.91081], [-79.46211, 43.91127], [-79.46218, 43.91157], [-79.4626, 43.91195], [-79.46351, 43.91238], [-79.46421, 43.91392], [-79.46537, 43.91378], [-79.46531, 43.91305], [-79.46462, 43.91241], [-79.46448, 43.91209], [-79.46292, 43.91139], [-79.46344, 43.91133], [-79.46342, 43.9111], [-79.46363, 43.91098], [-79.46425, 43.9111], [-79.46414, 43.91061], [-79.46338, 43.91021], [-79.46364, 43.91008], [-79.46395, 43.91026], [-79.46452, 43.9101], [-79.4641, 43.90953], [-79.46381, 43.90947], [-79.4641, 43.90946], [-79.46409, 43.90905], [-79.46482, 43.90917], [-79.46509, 43.9087], [-79.4655, 43.90905], [-79.46609, 43.90891], [-79.46617, 43.90868], [-79.46674, 43.90875], [-79.46645, 43.90813], [-79.46568, 43.90807], [-79.46538, 43.90777], [-79.46575, 43.90734], [-79.46406, 43.90763], [-79.46418, 43.90659], [-79.46457, 43.90661], [-79.46659, 43.90593], [-79.46665, 43.90566], [-79.46695, 43.90557], [-79.46623, 43.90461], [-79.46602, 43.90389], [-79.46177, 43.90472], [-79.46158, 43.90532], [-79.46112, 43.90534], [-79.46048, 43.90566], [-79.46078, 43.90616], [-79.45986, 43.90614], [-79.45937, 43.90649], [-79.4585, 43.90658], [-79.45751, 43.90635], [-79.45448, 43.90639], [-79.45429, 43.90627], [-79.45311, 43.90652], [-79.45346, 43.90698], [-79.45333, 43.90746], [-79.45368, 43.90752], [-79.45411, 43.90841], [-79.45449, 43.90862], [-79.45457, 43.90887], [-79.455, 43.90876], [-79.45479, 43.90817], [-79.45497, 43.90795], [-79.45467, 43.90768], [-79.45492, 43.90749], [-79.45483, 43.90732], [-79.45583, 43.90764], [-79.45649, 43.90758], [-79.45716, 43.90798], [-79.45778, 43.9092], [-79.45799, 43.90918], [-79.45828, 43.91007], [-79.45895, 43.91037], [-79.45922, 43.91076], [-79.45958, 43.91082], [-79.45961, 43.91106], [-79.4599, 43.91115], [-79.46028, 43.91078], [-79.46186, 43.9104], [-79.46191, 43.91064], [-79.46245, 43.91081]], [[-79.46521, 43.90441], [-79.46561, 43.90537], [-79.46534, 43.90553], [-79.46414, 43.90524], [-79.4633, 43.90543], [-79.46399, 43.90521], [-79.46395, 43.9049], [-79.46356, 43.90491], [-79.46406, 43.90453], [-79.46461, 43.90453], [-79.46465, 43.90424], [-79.46521, 43.90441]]]]}}, {"type": "Feature", "properties": {"id": "on-ca-171", "name": "German Mills Channel", "hunting_allowed": null, "basis": "ca_permit", "permit_required": true, "authority": "Toronto and Region Conservation Authority", "managed_by": "City of Richmond Hill"}, "geometry": {"type": "Polygon", "coordinates": [[[-79.46918, 43.90542], [-79.46937, 43.90629], [-79.47021, 43.90645], [-79.47013, 43.90601], [-79.46981, 43.90568], [-79.46993, 43.9056], [-79.47004, 43.90573], [-79.47079, 43.90488], [-79.47064, 43.90415], [-79.47009, 43.90344], [-79.47176, 43.9038], [-79.47161, 43.90276], [-79.47051, 43.90275], [-79.46698, 43.90352], [-79.46632, 43.9038], [-79.46689, 43.90495], [-79.46826, 43.90455], [-79.46825, 43.90437], [-79.46866, 43.90426], [-79.4689, 43.90393], [-79.469, 43.90392], [-79.46891, 43.90425], [-79.46904, 43.90434], [-79.46958, 43.90428], [-79.46979, 43.90448], [-79.46923, 43.90469], [-79.46936, 43.90494], [-79.46919, 43.90508], [-79.46938, 43.90531], [-79.46918, 43.90542]]]}}, {"type": "Feature", "properties": {"id": "on-ca-172", "name": "Jefferson Forest", "hunting_allowed": null, "basis": "ca_permit", "permit_required": true, "authority": "Toronto and Region Conservation Authority", "managed_by": "City of Richmond Hill"}, "geometry": {"type": "Polygon", "coordinates": [[[-79.42634, 43.91704], [-79.4266, 43.91732], [-79.42699, 43.91827], [-79.42938, 43.91772], [-79.42928, 43.91734], [-79.42872, 43.91731], [-79.42818, 43.91687], [-79.4289, 43.91611], [-79.42586, 43.91681], [-79.42592, 43.91708], [-79.42634, 43.91704]]]}}, {"type": "Feature", "properties": {"id": "on-ca-173", "name": "Oak Ridges Meadow", "hunting_allowed": null, "basis": "ca_permit", "permit_required": true, "authority": "Toronto and Region Conservation Authority", "managed_by": "City of Richmond Hill"}, "geometry": {"type": "Polygon", "coordinates": [[[-79.46336, 43.94668], [-79.46443, 43.94645], [-79.46422, 43.94595], [-79.46373, 43.94605], [-79.46367, 43.94591], [-79.46416, 43.9458], [-79.4639, 43.94515], [-79.46349, 43.94523], [-79.46329, 43.94475], [-79.4635, 43.94471], [-79.46335, 43.94435], [-79.46225, 43.94459], [-79.46142, 43.94438], [-79.45981, 43.94472], [-79.46014, 43.94491], [-79.46067, 43.94472], [-79.46089, 43.94484], [-79.4628, 43.94641], [-79.46322, 43.94632], [-79.46336, 43.94668]], [[-79.46314, 43.94452], [-79.46272, 43.94474], [-79.46231, 43.9447], [-79.463, 43.94448], [-79.46314, 43.94452]]]}}, {"type": "Feature", "properties": {"id": "on-ca-174", "name": "Riotrin Valleylands", "hunting_allowed": null, "basis": "ca_permit", "permit_required": true, "authority": "Toronto and Region Conservation Authority", "managed_by": "City of Richmond Hill"}, "geometry": {"type": "Polygon", "coordinates": [[[-79.38783, 43.90197], [-79.38592, 43.90383], [-79.38579, 43.9048], [-79.3882, 43.90425], [-79.38788, 43.90324], [-79.3883, 43.903], [-79.38963, 43.90282], [-79.39027, 43.90378], [-79.39455, 43.9028], [-79.39357, 43.90233], [-79.39131, 43.90278], [-79.39027, 43.90195], [-79.389, 43.90177], [-79.38903, 43.90143], [-79.38969, 43.90124], [-79.38981, 43.90064], [-79.3894, 43.90027], [-79.38812, 43.90074], [-79.38783, 43.90197]]]}}, {"type": "Feature", "properties": {"id": "on-ca-175", "name": "Rouge River Headwaters Valley & Trails", "hunting_allowed": null, "basis": "ca_permit", "permit_required": true, "authority": "Toronto and Region Conservation Authority", "managed_by": "City of Richmond Hill"}, "geometry": {"type": "MultiPolygon", "coordinates": [[[[-79.41111, 43.89469], [-79.41198, 43.89459], [-79.41172, 43.89446], [-79.41159, 43.89363], [-79.41087, 43.89372], [-79.41111, 43.89469]]], [[[-79.4154, 43.89184], [-79.41558, 43.89258], [-79.41772, 43.89212], [-79.4154, 43.89184]]], [[[-79.4159, 43.89144], [-79.41676, 43.89145], [-79.41774, 43.89119], [-79.41897, 43.89135], [-79.4187, 43.89046], [-79.41614, 43.89077], [-79.4159, 43.89012], [-79.41501, 43.89023], [-79.41523, 43.89117], [-79.41555, 43.89118], [-79.4159, 43.89144]]], [[[-79.40719, 43.89255], [-79.40882, 43.89327], [-79.40965, 43.89413], [-79.40944, 43.89279], [-79.40805, 43.89188], [-79.40692, 43.89189], [-79.40649, 43.89114], [-79.40612, 43.8912], [-79.40636, 43.89209], [-79.40587, 43.8922], [-79.40657, 43.89254], [-79.40719, 43.89255]]]]}}, {"type": "Feature", "properties": {"id": "on-ca-176", "name": "Tranquility Park", "hunting_allowed": null, "basis": "ca_permit", "permit_required": true, "authority": "Toronto and Region Conservation Authority", "managed_by": "City of Richmond Hill"}, "geometry": {"type": "Polygon", "coordinates": [[[-79.46944, 43.95085], [-79.4708, 43.95067], [-79.47119, 43.94976], [-79.47246, 43.94997], [-79.47199, 43.95047], [-79.47225, 43.95049], [-79.47652, 43.94956], [-79.47608, 43.94955], [-79.47586, 43.94921], [-79.47558, 43.94917], [-79.47307, 43.94976], [-79.47226, 43.94916], [-79.47267, 43.94888], [-79.47601, 43.94841], [-79.47655, 43.9486], [-79.477, 43.94905], [-79.47711, 43.94932], [-79.47671, 43.94941], [-79.47675, 43.94951], [-79.48198, 43.94837], [-79.48192, 43.94811], [-79.48125, 43.94825], [-79.48084, 43.94824], [-79.48076, 43.94804], [-79.47995, 43.94823], [-79.47936, 43.94825], [-79.47926, 43.94801], [-79.47868, 43.94814], [-79.47797, 43.94791], [-79.47755, 43.94744], [-79.47723, 43.94751], [-79.47744, 43.94788], [-79.4772, 43.94792], [-79.47698, 43.94757], [-79.47079, 43.94892], [-79.47066, 43.9483], [-79.46688, 43.94912], [-79.46696, 43.94928], [-79.4673, 43.94917], [-79.46816, 43.94979], [-79.46795, 43.95001], [-79.46944, 43.95085]]]}}, {"type": "Feature", "properties": {"id": "on-ca-177", "name": "Millhaven Wetlands", "hunting_allowed": null, "basis": "ca_permit", "permit_required": true, "authority": "Cataraqui Region Conservation Authority (CRCA)", "owner": "Cataraqui Region Conservation Authority"}, "geometry": {"type": "MultiPolygon", "coordinates": [[[[-76.70429, 44.29534], [-76.70459, 44.29538], [-76.70469, 44.2951], [-76.70429, 44.29534]]], [[[-76.65395, 44.36106], [-76.6536, 44.36234], [-76.65275, 44.36363], [-76.64913, 44.367], [-76.64836, 44.36755], [-76.64917, 44.36752], [-76.64942, 44.36709], [-76.65028, 44.36654], [-76.65108, 44.36567], [-76.65292, 44.3642], [-76.65337, 44.36315], [-76.65412, 44.36219], [-76.65448, 44.36099], [-76.65497, 44.36004], [-76.65468, 44.35987], [-76.65395, 44.36106]]], [[[-76.65947, 44.35504], [-76.65697, 44.35519], [-76.65537, 44.35856], [-76.65463, 44.35942], [-76.65517, 44.35974], [-76.65666, 44.35729], [-76.65947, 44.35504]]], [[[-76.66824, 44.35446], [-76.66466, 44.35471], [-76.66465, 44.35858], [-76.66696, 44.35804], [-76.66913, 44.35688], [-76.66908, 44.35559], [-76.66824, 44.35446]]], [[[-76.65413, 44.36421], [-76.65419, 44.36435], [-76.65374, 44.36473], [-76.65374, 44.36547], [-76.65353, 44.36564], [-76.65359, 44.36609], [-76.65235, 44.36733], [-76.65346, 44.36726], [-76.6551, 44.36584], [-76.65584, 44.36536], [-76.65672, 44.36514], [-76.65867, 44.36355], [-76.65846, 44.36338], [-76.65944, 44.36289], [-76.65521, 44.36027], [-76.65507, 44.36152], [-76.65448, 44.36232], [-76.65443, 44.36298], [-76.65411, 44.36319], [-76.65419, 44.3634], [-76.65375, 44.36357], [-76.65366, 44.3638], [-76.65386, 44.36392], [-76.65356, 44.3641], [-76.65413, 44.36421]]], [[[-76.65702, 44.35735], [-76.65621, 44.35895], [-76.65549, 44.3597], [-76.65541, 44.35987], [-76.65564, 44.36001], [-76.65861, 44.35704], [-76.66033, 44.35819], [-76.66173, 44.35816], [-76.66367, 44.35881], [-76.66439, 44.35864], [-76.66441, 44.35472], [-76.66007, 44.35501], [-76.65702, 44.35735]]], [[[-76.6433, 44.38068], [-76.63889, 44.38096], [-76.63862, 44.38387], [-76.6388, 44.38455], [-76.63932, 44.38527], [-76.64226, 44.38727], [-76.64323, 44.38501], [-76.64266, 44.38405], [-76.64248, 44.38333], [-76.64326, 44.38125], [-76.6433, 44.38068]]], [[[-76.63903, 44.38645], [-76.6395, 44.3875], [-76.63817, 44.38794], [-76.637, 44.38921], [-76.63693, 44.39031], [-76.63552, 44.39127], [-76.63518, 44.3925], [-76.63444, 44.3933], [-76.64138, 44.39293], [-76.64166, 44.39129], [-76.64245, 44.38988], [-76.64209, 44.3886], [-76.64216, 44.38754], [-76.64115, 44.38669], [-76.63915, 44.38545], [-76.63903, 44.38645]]], [[[-76.6422, 44.37272], [-76.64074, 44.37466], [-76.64073, 44.37576], [-76.63894, 44.38078], [-76.64335, 44.3805], [-76.64384, 44.37896], [-76.64476, 44.37704], [-76.64589, 44.37548], [-76.64603, 44.37487], [-76.64643, 44.37434], [-76.64656, 44.37385], [-76.64747, 44.37264], [-76.6498, 44.37019], [-76.65324, 44.36745], [-76.6521, 44.36752], [-76.65187, 44.36787], [-76.65095, 44.3684], [-76.65042, 44.36905], [-76.648, 44.37107], [-76.64659, 44.37295], [-76.64571, 44.37299], [-76.64564, 44.37272], [-76.64533, 44.3728], [-76.64507, 44.37252], [-76.64439, 44.37241], [-76.64415, 44.37252], [-76.64433, 44.37289], [-76.64412, 44.37285], [-76.64394, 44.37244], [-76.64412, 44.37197], [-76.64631, 44.37008], [-76.6465, 44.36968], [-76.64791, 44.36876], [-76.64893, 44.36771], [-76.64813, 44.36774], [-76.64709, 44.36893], [-76.64633, 44.3692], [-76.64505, 44.37021], [-76.64447, 44.37092], [-76.64366, 44.37148], [-76.6429, 44.37233], [-76.6422, 44.37272]]], [[[-76.6193, 44.39995], [-76.61953, 44.40462], [-76.62721, 44.40472], [-76.63349, 44.40191], [-76.63249, 44.40012], [-76.6324, 44.39901], [-76.63358, 44.39809], [-76.63356, 44.39733], [-76.63749, 44.39422], [-76.63697, 44.39327], [-76.63368, 44.39355], [-76.63372, 44.39419], [-76.63273, 44.3948], [-76.63198, 44.39582], [-76.6296, 44.39646], [-76.62865, 44.39736], [-76.62776, 44.39704], [-76.62689, 44.39741], [-76.62555, 44.39761], [-76.62308, 44.39836], [-76.62217, 44.39881], [-76.62198, 44.3991], [-76.62004, 44.39995], [-76.6193, 44.39995]]], [[[-76.66301, 44.34931], [-76.66184, 44.3512], [-76.66176, 44.35222], [-76.6607, 44.35341], [-76.66025, 44.35481], [-76.66812, 44.35429], [-76.66688, 44.35357], [-76.66476, 44.35049], [-76.66466, 44.35077], [-76.66415, 44.35062], [-76.66429, 44.35029], [-76.66466, 44.35035], [-76.66487, 44.34944], [-76.66442, 44.34757], [-76.66468, 44.34704], [-76.66506, 44.34634], [-76.66606, 44.34535], [-76.66823, 44.34361], [-76.67072, 44.34196], [-76.67044, 44.34169], [-76.67092, 44.34141], [-76.67118, 44.34172], [-76.67508, 44.33974], [-76.67792, 44.3375], [-76.67829, 44.33623], [-76.67791, 44.33452], [-76.67774, 44.33431], [-76.67705, 44.33433], [-76.67704, 44.33398], [-76.67743, 44.33394], [-76.67731, 44.33378], [-76.67809, 44.33272], [-76.67803, 44.33151], [-76.67839, 44.33105], [-76.67985, 44.33008], [-76.68093, 44.32895], [-76.68127, 44.3284], [-76.68088, 44.32802], [-76.68119, 44.32776], [-76.68168, 44.32811], [-76.6833, 44.32677], [-76.68533, 44.32577], [-76.68584, 44.32471], [-76.68608, 44.3259], [-76.68768, 44.32582], [-76.68816, 44.32514], [-76.68861, 44.32483], [-76.68593, 44.31755], [-76.68661, 44.31682], [-76.6886, 44.31534], [-76.68849, 44.31518], [-76.6869, 44.3164], [-76.68497, 44.31829], [-76.68322, 44.32102], [-76.68105, 44.3233], [-76.67994, 44.32486], [-76.67972, 44.32569], [-76.67969, 44.32725], [-76.67857, 44.33051], [-76.67778, 44.33145], [-76.67777, 44.33176], [-76.67621, 44.33319], [-76.67605, 44.33403], [-76.67622, 44.33428], [-76.67489, 44.33634], [-76.67423, 44.33702], [-76.67364, 44.33701], [-76.67309, 44.33741], [-76.67276, 44.33821], [-76.67232, 44.33867], [-76.67226, 44.33925], [-76.6719, 44.33943], [-76.6715, 44.3399], [-76.67054, 44.34122], [-76.67006, 44.34224], [-76.66864, 44.34272], [-76.66556, 44.3447], [-76.66527, 44.34473], [-76.6652, 44.34453], [-76.6657, 44.34371], [-76.6654, 44.34363], [-76.66491, 44.34383], [-76.66322, 44.34493], [-76.66249, 44.34587], [-76.66327, 44.34712], [-76.66322, 44.3485], [-76.66301, 44.34931]]], [[[-76.70257, 44.29695], [-76.7007, 44.30042], [-76.697, 44.30478], [-76.69592, 44.30574], [-76.69524, 44.30574], [-76.69422, 44.30496], [-76.6928, 44.30488], [-76.69138, 44.30616], [-76.6904, 44.30794], [-76.68991, 44.30846], [-76.68864, 44.30926], [-76.68741, 44.30968], [-76.68709, 44.31013], [-76.68556, 44.3105], [-76.68527, 44.31053], [-76.68516, 44.31037], [-76.68393, 44.31101], [-76.68218, 44.31149], [-76.68175, 44.312], [-76.68151, 44.31287], [-76.67913, 44.31523], [-76.67595, 44.31948], [-76.6754, 44.32369], [-76.67535, 44.32562], [-76.67502, 44.32659], [-76.67337, 44.32894], [-76.67295, 44.32978], [-76.67191, 44.33066], [-76.67073, 44.33194], [-76.66951, 44.33383], [-76.66901, 44.33506], [-76.66875, 44.33507], [-76.66584, 44.33833], [-76.66303, 44.34046], [-76.66209, 44.34231], [-76.66034, 44.34453], [-76.65888, 44.34548], [-76.65486, 44.34916], [-76.65483, 44.35303], [-76.657, 44.35376], [-76.65702, 44.355], [-76.6597, 44.35485], [-76.6604, 44.35305], [-76.6614, 44.35183], [-76.66137, 44.35123], [-76.66262, 44.34899], [-76.66265, 44.34705], [-76.66205, 44.34634], [-76.66213, 44.34563], [-76.6626, 44.34488], [-76.66386, 44.34403], [-76.66443, 44.343], [-76.66588, 44.34157], [-76.66622, 44.34057], [-76.66694, 44.33961], [-76.66824, 44.33824], [-76.66843, 44.33769], [-76.66837, 44.33739], [-76.66905, 44.33661], [-76.66917, 44.33619], [-76.66902, 44.33592], [-76.66908, 44.3354], [-76.67013, 44.33295], [-76.67138, 44.3314], [-76.67191, 44.33113], [-76.67221, 44.33132], [-76.67248, 44.33115], [-76.67244, 44.33094], [-76.67208, 44.33085], [-76.67203, 44.33066], [-76.67304, 44.32983], [-76.67524, 44.32727], [-76.67618, 44.3253], [-76.67753, 44.32309], [-76.67847, 44.32223], [-76.6787, 44.32171], [-76.68241, 44.31788], [-76.68342, 44.31705], [-76.68409, 44.31674], [-76.68418, 44.31624], [-76.68432, 44.31617], [-76.68366, 44.31587], [-76.68286, 44.31521], [-76.68269, 44.31478], [-76.68278, 44.31423], [-76.68329, 44.31316], [-76.6834, 44.31256], [-76.6839, 44.31169], [-76.68524, 44.31064], [-76.68594, 44.31161], [-76.6859, 44.31145], [-76.68606, 44.31135], [-76.68595, 44.31121], [-76.68627, 44.31104], [-76.68603, 44.31085], [-76.68629, 44.31057], [-76.68624, 44.31041], [-76.68731, 44.31009], [-76.68972, 44.30861], [-76.69014, 44.30857], [-76.69105, 44.30784], [-76.6918, 44.30748], [-76.69174, 44.30734], [-76.69193, 44.30715], [-76.69368, 44.3062], [-76.6943, 44.30597], [-76.69565, 44.30583], [-76.69629, 44.30563], [-76.699, 44.30276], [-76.69945, 44.30268], [-76.6992, 44.30303], [-76.6994, 44.30316], [-76.69967, 44.30299], [-76.69943, 44.30299], [-76.69965, 44.30284], [-76.6998, 44.30294], [-76.70031, 44.30277], [-76.70017, 44.30254], [-76.69996, 44.30261], [-76.7004, 44.30209], [-76.70037, 44.30152], [-76.70075, 44.30117], [-76.70053, 44.30162], [-76.70084, 44.30168], [-76.70108, 44.30269], [-76.70136, 44.30271], [-76.70239, 44.30379], [-76.70437, 44.30371], [-76.70599, 44.30332], [-76.70628, 44.30353], [-76.70627, 44.30383], [-76.70687, 44.30353], [-76.70755, 44.30394], [-76.70768, 44.30371], [-76.70753, 44.3035], [-76.70668, 44.30336], [-76.7065, 44.30279], [-76.70702, 44.30274], [-76.70708, 44.3025], [-76.70757, 44.3026], [-76.70741, 44.30283], [-76.70753, 44.30322], [-76.70743, 44.30334], [-76.70772, 44.30338], [-76.70783, 44.30322], [-76.70773, 44.30291], [-76.70793, 44.30275], [-76.70781, 44.30305], [-76.7086, 44.30381], [-76.70864, 44.30477], [-76.70759, 44.30554], [-76.70645, 44.30585], [-76.70656, 44.30612], [-76.70596, 44.30683], [-76.70634, 44.30688], [-76.70718, 44.30654], [-76.70778, 44.30667], [-76.70795, 44.30687], [-76.70784, 44.30701], [-76.70798, 44.30722], [-76.70791, 44.30749], [-76.70811, 44.30761], [-76.70797, 44.30781], [-76.7082, 44.309], [-76.70755, 44.30957], [-76.70732, 44.30958], [-76.70666, 44.31004], [-76.70641, 44.31001], [-76.70621, 44.31022], [-76.70597, 44.31009], [-76.7056, 44.30937], [-76.70524, 44.30924], [-76.70553, 44.30865], [-76.70611, 44.30839], [-76.70616, 44.30796], [-76.70573, 44.30819], [-76.70553, 44.30798], [-76.70512, 44.3081], [-76.70531, 44.30837], [-76.70488, 44.30881], [-76.70473, 44.30959], [-76.70418, 44.30984], [-76.70373, 44.30969], [-76.70374, 44.30927], [-76.70402, 44.30904], [-76.70477, 44.30887], [-76.70483, 44.30871], [-76.70457, 44.30859], [-76.70374, 44.30872], [-76.70359, 44.30854], [-76.70259, 44.30944], [-76.7028, 44.30972], [-76.70295, 44.30965], [-76.70288, 44.30983], [-76.70322, 44.3103], [-76.70343, 44.31016], [-76.70385, 44.31036], [-76.70418, 44.3102], [-76.70425, 44.31035], [-76.70484, 44.31038], [-76.70396, 44.3107], [-76.70336, 44.31125], [-76.70205, 44.312], [-76.70062, 44.31207], [-76.70056, 44.31192], [-76.69998, 44.31182], [-76.69914, 44.3123], [-76.69674, 44.31277], [-76.69598, 44.31324], [-76.6941, 44.31365], [-76.69184, 44.3148], [-76.69011, 44.31508], [-76.68959, 44.31501], [-76.6892, 44.31475], [-76.68849, 44.31499], [-76.68895, 44.31539], [-76.68881, 44.31537], [-76.69012, 44.31728], [-76.69026, 44.31719], [-76.69051, 44.31753], [-76.69421, 44.31512], [-76.69531, 44.3142], [-76.6963, 44.31368], [-76.7038, 44.3124], [-76.70517, 44.31296], [-76.70813, 44.31358], [-76.71197, 44.31361], [-76.71765, 44.31454], [-76.71599, 44.31227], [-76.7169, 44.31074], [-76.71855, 44.30998], [-76.71774, 44.30801], [-76.71702, 44.30721], [-76.7147, 44.30692], [-76.71207, 44.30301], [-76.71221, 44.30227], [-76.71172, 44.30212], [-76.71164, 44.30188], [-76.71333, 44.30035], [-76.71298, 44.29979], [-76.71295, 44.29926], [-76.71337, 44.29878], [-76.7134, 44.29838], [-76.71382, 44.29793], [-76.71411, 44.29724], [-76.7131, 44.29642], [-76.71144, 44.29672], [-76.71031, 44.29755], [-76.70956, 44.29726], [-76.7083, 44.29781], [-76.70776, 44.29709], [-76.70817, 44.29693], [-76.70815, 44.29682], [-76.70678, 44.29474], [-76.7081, 44.29338], [-76.71012, 44.29169], [-76.71247, 44.29004], [-76.71289, 44.28938], [-76.71382, 44.28902], [-76.71723, 44.2871], [-76.71668, 44.28527], [-76.71662, 44.28559], [-76.71597, 44.28607], [-76.71534, 44.28686], [-76.7127, 44.28889], [-76.71204, 44.28974], [-76.70784, 44.29319], [-76.70388, 44.29601], [-76.70379, 44.29629], [-76.70431, 44.29649], [-76.70368, 44.29647], [-76.70411, 44.29696], [-76.70397, 44.29759], [-76.70316, 44.29844], [-76.70235, 44.29887], [-76.70221, 44.29913], [-76.70234, 44.29985], [-76.70261, 44.30015], [-76.70255, 44.30034], [-76.70307, 44.30076], [-76.70283, 44.30093], [-76.70283, 44.30131], [-76.70336, 44.30182], [-76.70338, 44.30204], [-76.70301, 44.30221], [-76.70275, 44.30207], [-76.70306, 44.30172], [-76.70283, 44.30167], [-76.70271, 44.30086], [-76.70205, 44.30055], [-76.70192, 44.30024], [-76.70087, 44.30069], [-76.70003, 44.30147], [-76.69994, 44.30172], [-76.70007, 44.30189], [-76.69968, 44.30187], [-76.69929, 44.30236], [-76.6999, 44.3014], [-76.70095, 44.30051], [-76.70175, 44.30012], [-76.70178, 44.29996], [-76.70154, 44.2999], [-76.70171, 44.29895], [-76.7028, 44.29826], [-76.70366, 44.29735], [-76.70367, 44.29694], [-76.70321, 44.29645], [-76.70364, 44.29572], [-76.7056, 44.29425], [-76.70667, 44.29324], [-76.70755, 44.29275], [-76.70855, 44.2914], [-76.71229, 44.28813], [-76.71527, 44.2859], [-76.71663, 44.28511], [-76.71657, 44.28494], [-76.71544, 44.28454], [-76.71352, 44.28644], [-76.71002, 44.28949], [-76.708, 44.29171], [-76.70404, 44.29528], [-76.70311, 44.29626], [-76.70257, 44.29695]]]]}}, {"type": "Feature", "properties": {"id": "on-ca-178", "name": "Little Cataraqui Creek", "hunting_allowed": null, "basis": "ca_permit", "permit_required": true, "authority": "Cataraqui Region Conservation Authority (CRCA)", "owner": "Cataraqui Region Conservation Authority"}, "geometry": {"type": "Polygon", "coordinates": [[[-76.50232, 44.30021], [-76.50665, 44.30017], [-76.50662, 44.29963], [-76.507, 44.29962], [-76.50704, 44.30017], [-76.51179, 44.30018], [-76.5115, 44.29539], [-76.51302, 44.29519], [-76.51268, 44.28993], [-76.52064, 44.29015], [-76.52054, 44.28857], [-76.5181, 44.28862], [-76.51807, 44.28797], [-76.52042, 44.28661], [-76.52281, 44.28414], [-76.52256, 44.28027], [-76.52944, 44.28054], [-76.52935, 44.27529], [-76.52345, 44.27368], [-76.51852, 44.27428], [-76.51599, 44.27359], [-76.51396, 44.27177], [-76.51625, 44.27171], [-76.51172, 44.27061], [-76.50257, 44.26982], [-76.50172, 44.26997], [-76.50109, 44.27042], [-76.50461, 44.27011], [-76.50464, 44.272], [-76.50955, 44.27188], [-76.50968, 44.28046], [-76.50244, 44.28104], [-76.50254, 44.28477], [-76.50161, 44.2892], [-76.50222, 44.28925], [-76.50222, 44.29018], [-76.50159, 44.29018], [-76.50216, 44.29809], [-76.50195, 44.29936], [-76.5023, 44.29939], [-76.50232, 44.30021]]]}}, {"type": "Feature", "properties": {"id": "on-ca-179", "name": "Little Cataraqui Creek Valleylands", "hunting_allowed": null, "basis": "ca_permit", "permit_required": true, "authority": "Cataraqui Region Conservation Authority (CRCA)", "owner": "Cataraqui Region Conservation Authority"}, "geometry": {"type": "MultiPolygon", "coordinates": [[[[-76.53673, 44.26128], [-76.53641, 44.2619], [-76.53489, 44.26202], [-76.53489, 44.26301], [-76.5355, 44.2633], [-76.53499, 44.263], [-76.53498, 44.26206], [-76.53649, 44.26196], [-76.53681, 44.2613], [-76.53744, 44.2612], [-76.53673, 44.26128]]], [[[-76.54262, 44.22142], [-76.54162, 44.22218], [-76.54447, 44.22094], [-76.54262, 44.22142]]], [[[-76.53033, 44.25771], [-76.53039, 44.25866], [-76.53134, 44.25864], [-76.53128, 44.25768], [-76.53033, 44.25771]]], [[[-76.54087, 44.22105], [-76.54096, 44.22263], [-76.54153, 44.22222], [-76.54132, 44.22217], [-76.54131, 44.22202], [-76.54202, 44.22168], [-76.5419, 44.22162], [-76.54218, 44.22136], [-76.5417, 44.22109], [-76.54142, 44.22135], [-76.5413, 44.22128], [-76.54157, 44.22102], [-76.54121, 44.22082], [-76.54087, 44.22105]]], [[[-76.54111, 44.23939], [-76.54063, 44.23974], [-76.5408, 44.23988], [-76.5407, 44.24013], [-76.54097, 44.24022], [-76.54199, 44.23927], [-76.54198, 44.23849], [-76.54186, 44.23835], [-76.54093, 44.23844], [-76.54177, 44.23865], [-76.5409, 44.23921], [-76.54087, 44.23937], [-76.54111, 44.23939]]], [[[-76.53478, 44.25412], [-76.53503, 44.2576], [-76.53671, 44.25666], [-76.53656, 44.25389], [-76.53647, 44.25424], [-76.53593, 44.25467], [-76.53511, 44.25467], [-76.53478, 44.25412]]], [[[-76.53165, 44.24237], [-76.53182, 44.24508], [-76.53605, 44.24409], [-76.53592, 44.23972], [-76.53574, 44.23974], [-76.5344, 44.24106], [-76.53445, 44.24185], [-76.53559, 44.24182], [-76.53566, 44.2429], [-76.53433, 44.24295], [-76.53435, 44.24324], [-76.53183, 44.24355], [-76.53165, 44.24237]]], [[[-76.54952, 44.22114], [-76.54866, 44.22118], [-76.54861, 44.22228], [-76.55216, 44.22359], [-76.55237, 44.21931], [-76.54959, 44.21955], [-76.54958, 44.22004], [-76.54916, 44.22006], [-76.54913, 44.22061], [-76.54955, 44.22059], [-76.54952, 44.22114]]], [[[-76.53715, 44.22013], [-76.53804, 44.22708], [-76.53753, 44.22718], [-76.53837, 44.23593], [-76.53869, 44.23591], [-76.53841, 44.23146], [-76.54066, 44.22212], [-76.53859, 44.22245], [-76.53816, 44.22105], [-76.53861, 44.22098], [-76.53856, 44.22018], [-76.53715, 44.22013]]], [[[-76.54023, 44.23822], [-76.54065, 44.23817], [-76.54038, 44.23788], [-76.54053, 44.23764], [-76.54205, 44.23697], [-76.54215, 44.23672], [-76.5419, 44.23643], [-76.5432, 44.23657], [-76.54003, 44.22642], [-76.53884, 44.23122], [-76.53875, 44.23215], [-76.53918, 44.23711], [-76.54013, 44.23703], [-76.54023, 44.23822]]], [[[-76.53964, 44.25436], [-76.54013, 44.25491], [-76.54711, 44.25101], [-76.54691, 44.24792], [-76.53928, 44.24843], [-76.5391, 44.24459], [-76.53846, 44.2446], [-76.53888, 44.2439], [-76.53902, 44.24262], [-76.53996, 44.24009], [-76.53926, 44.23942], [-76.53935, 44.23979], [-76.53858, 44.24018], [-76.53829, 44.2399], [-76.538, 44.23985], [-76.53749, 44.24051], [-76.53756, 44.24146], [-76.53638, 44.2415], [-76.53655, 44.24398], [-76.53638, 44.24402], [-76.53636, 44.2458], [-76.53533, 44.24769], [-76.53598, 44.24788], [-76.53601, 44.24833], [-76.53546, 44.24935], [-76.53554, 44.25084], [-76.53459, 44.25185], [-76.53524, 44.25217], [-76.53545, 44.25195], [-76.53734, 44.25172], [-76.53749, 44.25156], [-76.53878, 44.25226], [-76.53763, 44.25335], [-76.53964, 44.25436]]]]}}, {"type": "Feature", "properties": {"id": "on-ca-180", "name": "Collins Valleylands", "hunting_allowed": null, "basis": "ca_permit", "permit_required": true, "authority": "Cataraqui Region Conservation Authority (CRCA)", "owner": "Cataraqui Region Conservation Authority"}, "geometry": {"type": "Polygon", "coordinates": [[[-76.59024, 44.27892], [-76.5886, 44.27971], [-76.58911, 44.28784], [-76.59137, 44.28728], [-76.59085, 44.27897], [-76.59024, 44.27892]]]}}, {"type": "Feature", "properties": {"id": "on-ca-181", "name": "Abbey Dawn Forest", "hunting_allowed": null, "basis": "ca_permit", "permit_required": true, "authority": "Cataraqui Region Conservation Authority (CRCA)", "owner": "Cataraqui Region Conservation Authority"}, "geometry": {"type": "Polygon", "coordinates": [[[-76.38854, 44.27107], [-76.38912, 44.27602], [-76.38503, 44.27627], [-76.38556, 44.28089], [-76.39544, 44.28024], [-76.39428, 44.27007], [-76.39176, 44.27011], [-76.38421, 44.26921], [-76.38446, 44.27135], [-76.38854, 44.27107]]]}}, {"type": "Feature", "properties": {"id": "on-ca-182", "name": "Lemoine Point", "hunting_allowed": null, "basis": "ca_permit", "permit_required": true, "authority": "Cataraqui Region Conservation Authority (CRCA)", "owner": "Cataraqui Region Conservation Authority"}, "geometry": {"type": "Polygon", "coordinates": [[[-76.60588, 44.21596], [-76.60798, 44.23724], [-76.60904, 44.23706], [-76.61009, 44.2365], [-76.61043, 44.23552], [-76.61133, 44.23477], [-76.61261, 44.23438], [-76.61452, 44.23316], [-76.61473, 44.23268], [-76.61457, 44.23189], [-76.61467, 44.23159], [-76.6145, 44.23116], [-76.61449, 44.22927], [-76.61475, 44.22873], [-76.61522, 44.22824], [-76.61688, 44.22692], [-76.6172, 44.22545], [-76.61837, 44.22327], [-76.61858, 44.22197], [-76.61834, 44.22008], [-76.61815, 44.21962], [-76.61752, 44.21887], [-76.61664, 44.21839], [-76.61465, 44.22036], [-76.60947, 44.22063], [-76.609, 44.21585], [-76.60588, 44.21596]]]}}, {"type": "Feature", "properties": {"id": "on-ca-183", "name": "Parrotts Bay", "hunting_allowed": null, "basis": "ca_permit", "permit_required": true, "authority": "Cataraqui Region Conservation Authority (CRCA)", "owner": "Cataraqui Region Conservation Authority"}, "geometry": {"type": "MultiPolygon", "coordinates": [[[[-76.68455, 44.22675], [-76.68749, 44.22756], [-76.6887, 44.22758], [-76.68986, 44.22735], [-76.69101, 44.2268], [-76.69666, 44.22271], [-76.69503, 44.22213], [-76.69441, 44.22161], [-76.69347, 44.22123], [-76.69248, 44.22121], [-76.69143, 44.22146], [-76.69019, 44.22238], [-76.68924, 44.22281], [-76.6889, 44.22317], [-76.68723, 44.22402], [-76.687, 44.22427], [-76.68665, 44.22525], [-76.68639, 44.22561], [-76.68603, 44.22576], [-76.68608, 44.22596], [-76.68644, 44.2261], [-76.68636, 44.22645], [-76.68612, 44.22659], [-76.68573, 44.22654], [-76.68557, 44.22545], [-76.68613, 44.22393], [-76.68695, 44.22284], [-76.68834, 44.22159], [-76.68868, 44.2209], [-76.68717, 44.2193], [-76.68697, 44.21844], [-76.6872, 44.21759], [-76.68623, 44.217], [-76.68651, 44.21662], [-76.68622, 44.2165], [-76.6852, 44.21725], [-76.68556, 44.21762], [-76.68463, 44.21839], [-76.68619, 44.22088], [-76.68428, 44.22301], [-76.68513, 44.22437], [-76.68368, 44.22537], [-76.68455, 44.22675]]], [[[-76.69688, 44.22256], [-76.70154, 44.21924], [-76.6978, 44.21327], [-76.69664, 44.21374], [-76.69676, 44.21393], [-76.69634, 44.21409], [-76.69622, 44.2139], [-76.69571, 44.2141], [-76.69547, 44.21381], [-76.69583, 44.21439], [-76.69527, 44.21461], [-76.69491, 44.21403], [-76.69225, 44.21513], [-76.6919, 44.2153], [-76.69212, 44.21554], [-76.69189, 44.21564], [-76.69204, 44.21587], [-76.69153, 44.21604], [-76.69117, 44.21566], [-76.68936, 44.21653], [-76.68963, 44.21696], [-76.68928, 44.21708], [-76.68903, 44.21669], [-76.68889, 44.21673], [-76.68911, 44.21708], [-76.68777, 44.2184], [-76.68786, 44.2194], [-76.68823, 44.21986], [-76.68887, 44.22018], [-76.6901, 44.22001], [-76.69061, 44.21973], [-76.69134, 44.21897], [-76.69165, 44.21891], [-76.69176, 44.21908], [-76.69214, 44.21898], [-76.6937, 44.21824], [-76.69469, 44.21822], [-76.69526, 44.21848], [-76.69572, 44.21832], [-76.69558, 44.21898], [-76.69505, 44.21935], [-76.69469, 44.21996], [-76.69472, 44.22164], [-76.69577, 44.22226], [-76.69688, 44.22256]], [[-76.68999, 44.21751], [-76.68963, 44.21763], [-76.68938, 44.21724], [-76.68974, 44.21712], [-76.68999, 44.21751]]]]}}, {"type": "Feature", "properties": {"id": "on-ca-184", "name": "Bayview", "hunting_allowed": null, "basis": "ca_permit", "permit_required": true, "authority": "Cataraqui Region Conservation Authority (CRCA)", "owner": "Cataraqui Region Conservation Authority"}, "geometry": {"type": "MultiPolygon", "coordinates": [[[[-76.66506, 44.25324], [-76.66462, 44.25378], [-76.66648, 44.25404], [-76.6618, 44.24738], [-76.65752, 44.24898], [-76.66022, 44.25297], [-76.66291, 44.25282], [-76.66246, 44.25216], [-76.66415, 44.25184], [-76.66506, 44.25324]]], [[[-76.65153, 44.26028], [-76.65471, 44.25787], [-76.65393, 44.25722], [-76.65501, 44.25655], [-76.65342, 44.25414], [-76.65561, 44.25266], [-76.65394, 44.25032], [-76.64624, 44.2532], [-76.65066, 44.25968], [-76.65096, 44.25944], [-76.65153, 44.26028]]], [[[-76.64776, 44.24856], [-76.6455, 44.24938], [-76.64564, 44.24964], [-76.64417, 44.25015], [-76.64613, 44.25304], [-76.68179, 44.2397], [-76.68135, 44.239], [-76.67946, 44.23962], [-76.67725, 44.23614], [-76.67779, 44.23585], [-76.67698, 44.23457], [-76.67819, 44.23401], [-76.67733, 44.23265], [-76.67691, 44.23279], [-76.67673, 44.23251], [-76.67715, 44.23237], [-76.67679, 44.2318], [-76.67454, 44.23256], [-76.67594, 44.23477], [-76.6738, 44.23549], [-76.67083, 44.23084], [-76.66964, 44.23203], [-76.6682, 44.23257], [-76.66552, 44.23306], [-76.66382, 44.23458], [-76.66451, 44.23532], [-76.66424, 44.23557], [-76.66341, 44.23496], [-76.65355, 44.24384], [-76.65191, 44.245], [-76.6485, 44.24677], [-76.6433, 44.24865], [-76.64387, 44.24963], [-76.64534, 44.24913], [-76.64517, 44.24887], [-76.64748, 44.24812], [-76.64776, 44.24856]]]]}}, {"type": "Feature", "properties": {"id": "on-ca-185", "name": "Owl Woods", "hunting_allowed": null, "basis": "ca_permit", "permit_required": true, "authority": "Cataraqui Region Conservation Authority (CRCA)", "owner": "Cataraqui Region Conservation Authority"}, "geometry": {"type": "Polygon", "coordinates": [[[-76.65572, 44.17261], [-76.65273, 44.17383], [-76.66088, 44.18388], [-76.664, 44.18276], [-76.65572, 44.17261]]]}}, {"type": "Feature", "properties": {"id": "on-ca-186", "name": "Clancy", "hunting_allowed": null, "basis": "ca_permit", "permit_required": true, "authority": "Cataraqui Region Conservation Authority (CRCA)", "owner": "Cataraqui Region Conservation Authority"}, "geometry": {"type": "Polygon", "coordinates": [[[-76.90243, 44.24782], [-76.90269, 44.24809], [-76.90052, 44.24892], [-76.90664, 44.25499], [-76.91066, 44.25285], [-76.90413, 44.24646], [-76.90284, 44.24627], [-76.90243, 44.24782]]]}}, {"type": "Feature", "properties": {"id": "on-ca-187", "name": "Bastard Conservation Lands", "hunting_allowed": null, "basis": "ca_permit", "permit_required": true, "authority": "Cataraqui Region Conservation Authority (CRCA)", "owner": "Cataraqui Region Conservation Authority"}, "geometry": {"type": "MultiPolygon", "coordinates": [[[[-76.09674, 44.70612], [-76.10428, 44.71265], [-76.10709, 44.71098], [-76.09955, 44.70445], [-76.09674, 44.70612]]], [[[-76.10219, 44.69078], [-76.09709, 44.69431], [-76.11257, 44.70771], [-76.11725, 44.70492], [-76.11766, 44.70419], [-76.10219, 44.69078]]]]}}, {"type": "Feature", "properties": {"id": "on-ca-188", "name": "Cowan Tract - Long Sault Conservation Area", "hunting_allowed": null, "basis": "ca_permit", "permit_required": true, "authority": "Central Lake Ontario Conservation Authority"}, "geometry": {"type": "Polygon", "coordinates": [[[-78.74449, 44.06559], [-78.74918, 44.06446], [-78.74738, 44.06077], [-78.74266, 44.06187], [-78.74449, 44.06559]]]}}, {"type": "Feature", "properties": {"id": "on-ca-189", "name": "Graham Tract - Long Sault Conservation Area", "hunting_allowed": null, "basis": "ca_permit", "permit_required": true, "authority": "Central Lake Ontario Conservation Authority"}, "geometry": {"type": "Polygon", "coordinates": [[[-78.70026, 44.05106], [-78.70334, 44.05035], [-78.70306, 44.04985], [-78.70351, 44.04975], [-78.70379, 44.05024], [-78.70744, 44.04935], [-78.70352, 44.04075], [-78.69634, 44.04248], [-78.70026, 44.05106]]]}}, {"type": "Feature", "properties": {"id": "on-ca-190", "name": "Hubble Tract - Long Sault Conservation Area", "hunting_allowed": null, "basis": "ca_permit", "permit_required": true, "authority": "Central Lake Ontario Conservation Authority"}, "geometry": {"type": "Polygon", "coordinates": [[[-78.73228, 44.07351], [-78.73701, 44.07246], [-78.73588, 44.07011], [-78.73327, 44.07061], [-78.73088, 44.07067], [-78.73228, 44.07351]]]}}, {"type": "Feature", "properties": {"id": "on-ca-191", "name": "Mount Carmel Conservation Area (Huron and Byers Road Tracts)", "hunting_allowed": null, "basis": "ca_permit", "permit_required": true, "authority": "Central Lake Ontario Conservation Authority"}, "geometry": {"type": "Polygon", "coordinates": [[[-78.86072, 44.04996], [-78.85406, 44.05156], [-78.85345, 44.05157], [-78.85632, 44.05751], [-78.8634, 44.05588], [-78.86072, 44.04996]]]}}, {"type": "Feature", "properties": {"id": "on-ca-192", "name": "Valens Lake", "hunting_allowed": null, "basis": "ca_permit", "permit_required": true, "authority": "Hamilton Conservation Authority", "management_plan": "Valens Lake Conservation Area Master Plan (FINAL \u2013 April 2019)"}, "geometry": {"type": "MultiPolygon", "coordinates": [[[[-80.13029, 43.38699], [-80.1321, 43.38673], [-80.13217, 43.38692], [-80.13257, 43.38686], [-80.13214, 43.38557], [-80.12994, 43.38595], [-80.13029, 43.38699]]], [[[-80.13799, 43.39809], [-80.14219, 43.39736], [-80.14205, 43.39696], [-80.14242, 43.39689], [-80.14255, 43.39729], [-80.1494, 43.39617], [-80.15102, 43.3963], [-80.15282, 43.39677], [-80.15774, 43.39593], [-80.15537, 43.38892], [-80.16043, 43.38834], [-80.15911, 43.38425], [-80.1572, 43.38458], [-80.15631, 43.38192], [-80.15328, 43.38246], [-80.15458, 43.38671], [-80.15213, 43.38715], [-80.15019, 43.38109], [-80.14881, 43.38049], [-80.14738, 43.38014], [-80.14701, 43.37905], [-80.14731, 43.38015], [-80.14562, 43.38046], [-80.14595, 43.38145], [-80.14499, 43.38162], [-80.14413, 43.37906], [-80.13097, 43.38136], [-80.13436, 43.3914], [-80.13668, 43.39099], [-80.13712, 43.39226], [-80.1348, 43.39268], [-80.13633, 43.39723], [-80.13763, 43.39717], [-80.13799, 43.39809]]]]}}, {"type": "Feature", "properties": {"id": "on-ca-193", "name": "Fletcher Creek Ecological Preserve", "hunting_allowed": null, "basis": "ca_permit", "permit_required": true, "authority": "Hamilton Conservation Authority", "management_plan": "Fletcher Creek Ecological Preserve 2019 Management Plan"}, "geometry": {"type": "Polygon", "coordinates": [[[-80.10412, 43.40392], [-80.10376, 43.4028], [-80.10245, 43.40303], [-80.10175, 43.40045], [-80.10355, 43.40015], [-80.10338, 43.39962], [-80.10412, 43.39951], [-80.10353, 43.39773], [-80.09989, 43.39837], [-80.09937, 43.39683], [-80.09817, 43.39704], [-80.10049, 43.40398], [-80.10086, 43.40392], [-80.10104, 43.40445], [-80.10412, 43.40392]]]}}, {"type": "Feature", "properties": {"id": "on-ca-194", "name": "Westover Wetland", "hunting_allowed": null, "basis": "ca_permit", "permit_required": true, "authority": "Hamilton Conservation Authority", "management_plan": "Upper Watershed Beverly Swamp \u2013 2019 Management Plan"}, "geometry": {"type": "MultiPolygon", "coordinates": [[[[-80.0819, 43.33034], [-80.08314, 43.33014], [-80.08218, 43.32705], [-80.07989, 43.32728], [-80.08023, 43.3287], [-80.08141, 43.32852], [-80.0819, 43.33034]]], [[[-80.08887, 43.33279], [-80.08901, 43.33341], [-80.09043, 43.33464], [-80.09176, 43.33893], [-80.08732, 43.33967], [-80.08807, 43.34209], [-80.09292, 43.34127], [-80.09016, 43.33259], [-80.08887, 43.33279]]], [[[-80.08217, 43.343], [-80.08706, 43.34225], [-80.08698, 43.34198], [-80.08771, 43.34185], [-80.08715, 43.34007], [-80.08398, 43.342], [-80.08224, 43.34229], [-80.0807, 43.33723], [-80.0863, 43.33721], [-80.08561, 43.33512], [-80.08399, 43.33498], [-80.08393, 43.33481], [-80.0799, 43.33547], [-80.0816, 43.34075], [-80.08217, 43.343]]], [[[-80.07407, 43.34915], [-80.07617, 43.35072], [-80.0768, 43.35078], [-80.07736, 43.35161], [-80.07775, 43.35303], [-80.07802, 43.35298], [-80.07763, 43.35154], [-80.07698, 43.35059], [-80.07609, 43.35041], [-80.07541, 43.34905], [-80.07361, 43.34823], [-80.0728, 43.34687], [-80.07751, 43.34516], [-80.07709, 43.34388], [-80.06695, 43.34558], [-80.06764, 43.34759], [-80.07049, 43.34658], [-80.07183, 43.35054], [-80.07383, 43.35033], [-80.07349, 43.34931], [-80.07407, 43.34915]]], [[[-80.08878, 43.33262], [-80.0896, 43.33249], [-80.08672, 43.32412], [-80.0967, 43.32245], [-80.09441, 43.31532], [-80.09182, 43.31574], [-80.09277, 43.31861], [-80.08857, 43.31933], [-80.08853, 43.32167], [-80.08363, 43.32251], [-80.08519, 43.32724], [-80.08266, 43.32764], [-80.08359, 43.33063], [-80.08616, 43.33027], [-80.08656, 43.3315], [-80.08834, 43.33115], [-80.08878, 43.33262]]]]}}, {"type": "Feature", "properties": {"id": "on-ca-195", "name": "Hayesland Wetland", "hunting_allowed": null, "basis": "ca_permit", "permit_required": true, "authority": "Hamilton Conservation Authority"}, "geometry": {"type": "MultiPolygon", "coordinates": [[[[-80.02504, 43.35276], [-80.0262, 43.35666], [-80.02716, 43.35651], [-80.02694, 43.35577], [-80.02756, 43.35567], [-80.02655, 43.35247], [-80.02504, 43.35276]]], [[[-80.07703, 43.30977], [-80.07772, 43.31197], [-80.08265, 43.31116], [-80.08193, 43.30895], [-80.07703, 43.30977]]], [[[-80.04686, 43.3258], [-80.04751, 43.32618], [-80.04884, 43.3263], [-80.0494, 43.32722], [-80.04899, 43.32851], [-80.04644, 43.33062], [-80.0483, 43.3304], [-80.05138, 43.32966], [-80.05001, 43.32505], [-80.04835, 43.32572], [-80.04765, 43.32467], [-80.04663, 43.32505], [-80.04686, 43.3258]]], [[[-80.05886, 43.30189], [-80.06142, 43.31006], [-80.06345, 43.30973], [-80.06407, 43.30877], [-80.06399, 43.30815], [-80.06501, 43.30668], [-80.06497, 43.30641], [-80.06293, 43.30675], [-80.06116, 43.30109], [-80.0591, 43.30143], [-80.05923, 43.30183], [-80.05886, 43.30189]]], [[[-80.04245, 43.33486], [-80.04389, 43.3398], [-80.05297, 43.33829], [-80.05259, 43.33701], [-80.0535, 43.33686], [-80.05261, 43.33385], [-80.04766, 43.33463], [-80.04739, 43.33368], [-80.04245, 43.33486]]]]}}, {"type": "Feature", "properties": {"id": "on-ca-196", "name": "Crooks' Hollow", "hunting_allowed": null, "basis": "ca_permit", "permit_required": true, "authority": "Hamilton Conservation Authority", "management_plan": "Crook\u2019s Hollow Conservation Area \u2013Management Plan (February 2014)"}, "geometry": {"type": "MultiPolygon", "coordinates": [[[[-79.98435, 43.27288], [-79.98407, 43.2738], [-79.98412, 43.27384], [-79.98435, 43.27288]]], [[[-79.9852, 43.27463], [-79.98633, 43.2743], [-79.98643, 43.27458], [-79.98667, 43.27453], [-79.98644, 43.27392], [-79.98773, 43.27364], [-79.98639, 43.27379], [-79.9863, 43.27354], [-79.98415, 43.27386], [-79.9852, 43.27463]]], [[[-79.98601, 43.27659], [-79.98674, 43.27769], [-79.9875, 43.27819], [-79.98881, 43.27873], [-79.98864, 43.27812], [-79.98766, 43.27754], [-79.98812, 43.27738], [-79.98742, 43.27652], [-79.98675, 43.27659], [-79.98658, 43.27637], [-79.98601, 43.27659]]], [[[-79.99452, 43.28004], [-79.9958, 43.27974], [-79.99679, 43.27919], [-79.9979, 43.27811], [-79.99855, 43.27721], [-79.99886, 43.27705], [-80.00402, 43.27721], [-80.00351, 43.27563], [-80.00375, 43.27559], [-80.0035, 43.27479], [-80.00318, 43.27485], [-80.00251, 43.27454], [-80.00209, 43.27399], [-80.00115, 43.274], [-80.00064, 43.27409], [-80.00088, 43.27481], [-80.00047, 43.27545], [-79.99995, 43.27561], [-79.99918, 43.2755], [-79.99847, 43.27577], [-79.99827, 43.27511], [-79.99659, 43.27746], [-79.99617, 43.27856], [-79.99243, 43.27907], [-79.99306, 43.27917], [-79.99307, 43.27934], [-79.99224, 43.27925], [-79.99218, 43.27905], [-79.9916, 43.27893], [-79.9915, 43.2786], [-79.99164, 43.27921], [-79.98967, 43.27865], [-79.98977, 43.2789], [-79.98965, 43.27902], [-79.99194, 43.27959], [-79.99197, 43.27971], [-79.9944, 43.27967], [-79.99452, 43.28004]]], [[[-80.00032, 43.2771], [-80.00015, 43.28117], [-80.00057, 43.28247], [-80.00545, 43.28158], [-80.00407, 43.27735], [-80.00032, 43.2771]]]]}}, {"type": "Feature", "properties": {"id": "on-ca-197", "name": "Spencer Gorge", "hunting_allowed": null, "basis": "ca_permit", "permit_required": true, "authority": "Hamilton Conservation Authority", "management_plan": "Spencer Gorge-Webster's Falls Conservation Area Master Plan (June 2013)"}, "geometry": {"type": "MultiPolygon", "coordinates": [[[[-79.9574, 43.27267], [-79.95816, 43.27397], [-79.95879, 43.27375], [-79.95785, 43.2725], [-79.9574, 43.27267]]], [[[-79.97376, 43.27849], [-79.97384, 43.27876], [-79.9745, 43.27903], [-79.97545, 43.27977], [-79.97745, 43.28207], [-79.97981, 43.28172], [-79.97855, 43.2777], [-79.97376, 43.27849]]], [[[-79.97363, 43.27832], [-79.97877, 43.27748], [-79.97908, 43.27693], [-79.9793, 43.27739], [-79.98328, 43.27684], [-79.98409, 43.27659], [-79.98375, 43.27539], [-79.9824, 43.27583], [-79.98221, 43.27508], [-79.98189, 43.27517], [-79.98185, 43.27427], [-79.98082, 43.27388], [-79.97833, 43.27407], [-79.97715, 43.27439], [-79.97683, 43.27453], [-79.97652, 43.27491], [-79.97642, 43.27551], [-79.97621, 43.27483], [-79.97483, 43.27449], [-79.97283, 43.27429], [-79.97281, 43.27414], [-79.9736, 43.27412], [-79.97496, 43.27299], [-79.97546, 43.27278], [-79.97562, 43.27298], [-79.97626, 43.27269], [-79.97646, 43.27254], [-79.97643, 43.27235], [-79.9778, 43.27214], [-79.97776, 43.27198], [-79.97939, 43.27144], [-79.98216, 43.27077], [-79.97986, 43.27113], [-79.97662, 43.27213], [-79.97442, 43.27293], [-79.97338, 43.27377], [-79.97273, 43.27371], [-79.9727, 43.27351], [-79.9724, 43.27357], [-79.97238, 43.27343], [-79.97134, 43.27386], [-79.9712, 43.27373], [-79.96873, 43.27414], [-79.96656, 43.27417], [-79.96654, 43.2733], [-79.96477, 43.27336], [-79.96242, 43.27369], [-79.96266, 43.27448], [-79.96433, 43.27428], [-79.96423, 43.27457], [-79.96624, 43.27453], [-79.96812, 43.2749], [-79.96887, 43.27579], [-79.96926, 43.2767], [-79.97363, 43.27832]]]]}}, {"type": "Feature", "properties": {"id": "on-ca-198", "name": "Winona", "hunting_allowed": null, "basis": "ca_permit", "permit_required": true, "authority": "Hamilton Conservation Authority", "management_plan": "Winona and Vinemount Conservation Areas Management Plan \u2013 Draft (February 2023)"}, "geometry": {"type": "MultiPolygon", "coordinates": [[[[-79.67526, 43.2022], [-79.67643, 43.20224], [-79.67533, 43.20202], [-79.67526, 43.2022]]], [[[-79.71571, 43.20786], [-79.71835, 43.20796], [-79.71904, 43.20819], [-79.71934, 43.20751], [-79.71832, 43.20725], [-79.7168, 43.20721], [-79.71571, 43.20786]]], [[[-79.67494, 43.20235], [-79.67269, 43.20252], [-79.67371, 43.20371], [-79.67429, 43.20401], [-79.67494, 43.20235]]], [[[-79.67101, 43.20122], [-79.66986, 43.20383], [-79.67075, 43.20452], [-79.67143, 43.20461], [-79.67261, 43.20437], [-79.67074, 43.20421], [-79.67037, 43.20364], [-79.67074, 43.20233], [-79.67171, 43.20249], [-79.67275, 43.20229], [-79.675, 43.20222], [-79.67509, 43.202], [-79.67101, 43.20122]]], [[[-79.69553, 43.20529], [-79.70108, 43.20608], [-79.70249, 43.20651], [-79.70558, 43.20788], [-79.70568, 43.2076], [-79.7018, 43.20597], [-79.69745, 43.20528], [-79.6979, 43.20404], [-79.69762, 43.20397], [-79.69608, 43.20387], [-79.69553, 43.20529]]], [[[-79.68048, 43.20489], [-79.6827, 43.20454], [-79.68354, 43.20467], [-79.6849, 43.20428], [-79.68505, 43.20392], [-79.6801, 43.20319], [-79.68032, 43.20263], [-79.67986, 43.20244], [-79.67966, 43.20261], [-79.67667, 43.20228], [-79.67632, 43.20249], [-79.67519, 43.20238], [-79.67451, 43.20408], [-79.67614, 43.20398], [-79.67713, 43.20425], [-79.67947, 43.20443], [-79.68048, 43.20489]]], [[[-79.68524, 43.20459], [-79.6855, 43.20474], [-79.68539, 43.20534], [-79.68627, 43.20536], [-79.68717, 43.20515], [-79.68759, 43.2046], [-79.68877, 43.20466], [-79.68907, 43.20484], [-79.69018, 43.20454], [-79.69528, 43.20526], [-79.69582, 43.20385], [-79.69542, 43.20383], [-79.69545, 43.20362], [-79.69064, 43.20335], [-79.69057, 43.20352], [-79.68963, 43.20348], [-79.68966, 43.20323], [-79.68738, 43.20311], [-79.68613, 43.20283], [-79.68571, 43.20289], [-79.68516, 43.20429], [-79.68524, 43.20459]]]]}}, {"type": "Feature", "properties": {"id": "on-ca-199", "name": "Lower Spencer Creek", "hunting_allowed": null, "basis": "ca_permit", "permit_required": true, "authority": "Hamilton Conservation Authority"}, "geometry": {"type": "MultiPolygon", "coordinates": [[[[-79.93988, 43.2675], [-79.94001, 43.26795], [-79.94242, 43.26721], [-79.94219, 43.26682], [-79.93988, 43.2675]]], [[[-79.93081, 43.26718], [-79.92896, 43.2675], [-79.93128, 43.2677], [-79.93364, 43.26736], [-79.93303, 43.26551], [-79.93236, 43.26551], [-79.93237, 43.26579], [-79.93187, 43.26626], [-79.93123, 43.26591], [-79.93083, 43.26629], [-79.9302, 43.26594], [-79.93079, 43.26538], [-79.93028, 43.2651], [-79.92957, 43.2651], [-79.92954, 43.2635], [-79.93148, 43.26337], [-79.93221, 43.26278], [-79.93193, 43.26232], [-79.93211, 43.26207], [-79.93252, 43.26201], [-79.93242, 43.26056], [-79.93221, 43.26078], [-79.93221, 43.26179], [-79.93126, 43.26307], [-79.92899, 43.26342], [-79.92823, 43.26382], [-79.92895, 43.2642], [-79.92871, 43.26448], [-79.92884, 43.26468], [-79.92845, 43.26507], [-79.92848, 43.26533], [-79.92897, 43.26581], [-79.92943, 43.26593], [-79.92933, 43.26682], [-79.92907, 43.26714], [-79.92871, 43.26724], [-79.93046, 43.26706], [-79.93081, 43.26718]]], [[[-79.93541, 43.26605], [-79.93564, 43.26698], [-79.94279, 43.26563], [-79.9429, 43.26529], [-79.94436, 43.26502], [-79.94368, 43.26285], [-79.94007, 43.26345], [-79.93985, 43.26276], [-79.93922, 43.264], [-79.93752, 43.26429], [-79.93757, 43.26444], [-79.9363, 43.26509], [-79.93516, 43.26506], [-79.93577, 43.26443], [-79.9346, 43.26486], [-79.93499, 43.26612], [-79.93541, 43.26605]]]]}}, {"type": "Feature", "properties": {"id": "on-ca-200", "name": "Borer's Falls", "hunting_allowed": null, "basis": "ca_permit", "permit_required": true, "authority": "Hamilton Conservation Authority"}, "geometry": {"type": "MultiPolygon", "coordinates": [[[[-79.93355, 43.2782], [-79.9365, 43.27851], [-79.93643, 43.27933], [-79.93682, 43.27985], [-79.93693, 43.2798], [-79.93683, 43.2791], [-79.93718, 43.2788], [-79.93702, 43.27826], [-79.93737, 43.27835], [-79.93774, 43.2789], [-79.93821, 43.27917], [-79.93836, 43.27909], [-79.93791, 43.27876], [-79.93762, 43.27827], [-79.93828, 43.27794], [-79.93816, 43.27756], [-79.93908, 43.27741], [-79.93848, 43.27713], [-79.93795, 43.27729], [-79.93776, 43.27762], [-79.93744, 43.27776], [-79.93695, 43.27763], [-79.93607, 43.27787], [-79.93569, 43.27765], [-79.93478, 43.2777], [-79.93476, 43.2775], [-79.93448, 43.27735], [-79.93327, 43.27747], [-79.93355, 43.2782]]], [[[-79.92072, 43.28621], [-79.91524, 43.28607], [-79.91583, 43.28799], [-79.91971, 43.28733], [-79.92072, 43.28621]]], [[[-79.92625, 43.29026], [-79.92137, 43.29126], [-79.92286, 43.29611], [-79.92526, 43.29573], [-79.92531, 43.29315], [-79.92641, 43.29297], [-79.92617, 43.29164], [-79.92631, 43.29045], [-79.92625, 43.29026]]], [[[-79.92141, 43.28625], [-79.9202, 43.28759], [-79.92133, 43.29114], [-79.92448, 43.29043], [-79.92594, 43.28965], [-79.92667, 43.2887], [-79.9273, 43.28648], [-79.92141, 43.28625]]]]}}, {"type": "Feature", "properties": {"id": "on-ca-201", "name": "Meadowlands", "hunting_allowed": null, "basis": "ca_permit", "permit_required": true, "authority": "Hamilton Conservation Authority", "management_plan": "Meadowlands Conservation Area Management Plan (2012)"}, "geometry": {"type": "MultiPolygon", "coordinates": [[[[-79.92986, 43.21435], [-79.92988, 43.21377], [-79.92937, 43.21344], [-79.92958, 43.21461], [-79.92986, 43.21435]]], [[[-79.93669, 43.22349], [-79.93572, 43.22358], [-79.93526, 43.22371], [-79.93565, 43.22419], [-79.93614, 43.22439], [-79.93669, 43.22349]]], [[[-79.94048, 43.21816], [-79.94022, 43.2182], [-79.939, 43.22069], [-79.93914, 43.22089], [-79.94137, 43.22044], [-79.94069, 43.21804], [-79.94044, 43.21805], [-79.94048, 43.21816]]], [[[-79.93822, 43.2264], [-79.94121, 43.22649], [-79.94047, 43.2264], [-79.94096, 43.22582], [-79.94032, 43.22543], [-79.93913, 43.22518], [-79.93856, 43.22523], [-79.93834, 43.22509], [-79.93806, 43.22433], [-79.93702, 43.22396], [-79.93607, 43.22553], [-79.93638, 43.22622], [-79.9381, 43.22602], [-79.93822, 43.2264]]], [[[-79.9324, 43.21736], [-79.93222, 43.21794], [-79.93171, 43.21821], [-79.93112, 43.21814], [-79.93074, 43.2176], [-79.93131, 43.21744], [-79.93128, 43.2167], [-79.93097, 43.21615], [-79.93108, 43.21583], [-79.92982, 43.21498], [-79.92966, 43.21505], [-79.93066, 43.22053], [-79.93081, 43.22046], [-79.9311, 43.22135], [-79.93203, 43.22217], [-79.93315, 43.22238], [-79.9351, 43.2235], [-79.93612, 43.22332], [-79.93507, 43.2225], [-79.93422, 43.2194], [-79.93706, 43.21911], [-79.93754, 43.22068], [-79.93845, 43.22058], [-79.93958, 43.21831], [-79.93952, 43.21814], [-79.93752, 43.21849], [-79.93746, 43.21814], [-79.93686, 43.21809], [-79.93565, 43.21837], [-79.93527, 43.21831], [-79.93538, 43.2178], [-79.9349, 43.21727], [-79.93454, 43.21716], [-79.93376, 43.21713], [-79.93317, 43.21739], [-79.93245, 43.21711], [-79.93232, 43.21713], [-79.9324, 43.21736]]]]}}, {"type": "Feature", "properties": {"id": "on-ca-202", "name": "Mount Albion", "hunting_allowed": null, "basis": "ca_permit", "permit_required": true, "authority": "Hamilton Conservation Authority", "management_plan": "Mount Albion Conservation Area Master Plan (2000)"}, "geometry": {"type": "MultiPolygon", "coordinates": [[[[-79.82317, 43.19618], [-79.82314, 43.19594], [-79.82331, 43.19536], [-79.82301, 43.19601], [-79.82317, 43.19618]]], [[[-79.82505, 43.1908], [-79.8236, 43.19048], [-79.82351, 43.19132], [-79.82484, 43.19132], [-79.82505, 43.1908]]], [[[-79.82093, 43.18997], [-79.82076, 43.19038], [-79.82313, 43.19093], [-79.82324, 43.1904], [-79.82093, 43.18997]]], [[[-79.83008, 43.19445], [-79.82854, 43.19511], [-79.82797, 43.19603], [-79.82915, 43.19624], [-79.82964, 43.19556], [-79.83008, 43.19445]]], [[[-79.82722, 43.19275], [-79.82461, 43.19216], [-79.82481, 43.19361], [-79.82455, 43.19473], [-79.82501, 43.19484], [-79.82481, 43.19532], [-79.82425, 43.19524], [-79.82602, 43.19566], [-79.82722, 43.19275]]], [[[-79.82428, 43.19548], [-79.82374, 43.1967], [-79.82643, 43.19791], [-79.8275, 43.19778], [-79.82888, 43.19653], [-79.82385, 43.19538], [-79.82428, 43.19548]]], [[[-79.82505, 43.1908], [-79.82903, 43.1917], [-79.8273, 43.19591], [-79.82761, 43.19598], [-79.8284, 43.19496], [-79.82983, 43.19437], [-79.83035, 43.19396], [-79.83114, 43.19218], [-79.8308, 43.1921], [-79.83129, 43.19079], [-79.83156, 43.19084], [-79.83183, 43.19012], [-79.82949, 43.1897], [-79.8298, 43.18877], [-79.82596, 43.18799], [-79.82579, 43.18843], [-79.826, 43.18848], [-79.82505, 43.1908]]]]}}, {"type": "Feature", "properties": {"id": "on-ca-203", "name": "Eramosa Karst", "hunting_allowed": null, "basis": "ca_permit", "permit_required": true, "authority": "Hamilton Conservation Authority", "management_plan": "Eramosa Karst Conservation Area Master Plan (July 2007)"}, "geometry": {"type": "MultiPolygon", "coordinates": [[[[-79.79895, 43.18653], [-79.79878, 43.18695], [-79.79895, 43.187], [-79.79912, 43.18658], [-79.79895, 43.18653]]], [[[-79.79912, 43.18658], [-79.79941, 43.18588], [-79.79924, 43.18584], [-79.79895, 43.18653], [-79.79912, 43.18658]]], [[[-79.81175, 43.18869], [-79.81111, 43.18855], [-79.81124, 43.18823], [-79.81189, 43.18838], [-79.81273, 43.18639], [-79.81179, 43.18619], [-79.81241, 43.18474], [-79.81335, 43.18494], [-79.81343, 43.18477], [-79.81248, 43.18457], [-79.81341, 43.18238], [-79.80885, 43.18127], [-79.80676, 43.18107], [-79.80708, 43.18034], [-79.80671, 43.18025], [-79.80629, 43.18116], [-79.8064, 43.18118], [-79.80531, 43.18167], [-79.80497, 43.18148], [-79.80486, 43.1811], [-79.805, 43.18077], [-79.8039, 43.18051], [-79.80359, 43.18003], [-79.80281, 43.18033], [-79.80262, 43.18086], [-79.80285, 43.18115], [-79.80374, 43.18142], [-79.80366, 43.18177], [-79.80414, 43.1822], [-79.80132, 43.18348], [-79.8017, 43.18259], [-79.80098, 43.18152], [-79.80011, 43.18142], [-79.79998, 43.18204], [-79.80035, 43.18262], [-79.80014, 43.18311], [-79.79955, 43.18296], [-79.79817, 43.18297], [-79.79811, 43.18387], [-79.79939, 43.18385], [-79.80023, 43.18426], [-79.80012, 43.18437], [-79.79924, 43.18413], [-79.79832, 43.18429], [-79.79809, 43.18475], [-79.79886, 43.18551], [-79.79868, 43.18568], [-79.80253, 43.18671], [-79.80238, 43.18705], [-79.80348, 43.18724], [-79.80364, 43.18685], [-79.80455, 43.187], [-79.80406, 43.18818], [-79.81133, 43.1897], [-79.81175, 43.18869]]]]}}, {"type": "Feature", "properties": {"id": "on-ca-204", "name": "Felker's Falls", "hunting_allowed": null, "basis": "ca_permit", "permit_required": true, "authority": "Hamilton Conservation Authority", "management_plan": "Felker\u2019s Falls Management Plan (1979"}, "geometry": {"type": "MultiPolygon", "coordinates": [[[[-79.78068, 43.20828], [-79.77986, 43.20843], [-79.78029, 43.20937], [-79.77819, 43.20989], [-79.77832, 43.21017], [-79.7816, 43.20951], [-79.78161, 43.20908], [-79.78236, 43.20908], [-79.7824, 43.20894], [-79.78068, 43.20828]]], [[[-79.80143, 43.20393], [-79.80524, 43.20405], [-79.80557, 43.20331], [-79.80118, 43.20316], [-79.80143, 43.20393]]], [[[-79.78491, 43.20342], [-79.78299, 43.20814], [-79.78376, 43.20743], [-79.78838, 43.20633], [-79.78746, 43.20583], [-79.78936, 43.20542], [-79.78904, 43.20594], [-79.78958, 43.20657], [-79.78998, 43.20568], [-79.79176, 43.20562], [-79.79199, 43.2051], [-79.78996, 43.20451], [-79.78491, 43.20342]]], [[[-79.78993, 43.20431], [-79.79436, 43.2056], [-79.79466, 43.20488], [-79.79577, 43.20516], [-79.79695, 43.20513], [-79.79871, 43.20465], [-79.79925, 43.20433], [-79.79896, 43.20344], [-79.79641, 43.2044], [-79.79501, 43.20413], [-79.7947, 43.20487], [-79.79373, 43.2049], [-79.79377, 43.20409], [-79.79178, 43.20396], [-79.79148, 43.20359], [-79.79172, 43.2028], [-79.79136, 43.20245], [-79.78959, 43.20177], [-79.78924, 43.2019], [-79.78928, 43.20174], [-79.78899, 43.20182], [-79.78778, 43.20346], [-79.78753, 43.20358], [-79.7878, 43.20321], [-79.78697, 43.20255], [-79.78747, 43.20179], [-79.7868, 43.20148], [-79.78679, 43.20071], [-79.78625, 43.20035], [-79.78499, 43.20325], [-79.78993, 43.20431]]]]}}, {"type": "Feature", "properties": {"id": "on-ca-205", "name": "Vinemount", "hunting_allowed": null, "basis": "ca_permit", "permit_required": true, "authority": "Hamilton Conservation Authority", "management_plan": "Winona and Vinemount Conservation Areas Management Plan \u2013 Draft (February 2023)"}, "geometry": {"type": "MultiPolygon", "coordinates": [[[[-79.66455, 43.20163], [-79.6696, 43.20235], [-79.67017, 43.20111], [-79.66928, 43.20087], [-79.6678, 43.20082], [-79.66574, 43.20042], [-79.6655, 43.20026], [-79.66533, 43.20051], [-79.665, 43.20052], [-79.66455, 43.20163]]], [[[-79.65118, 43.1986], [-79.65408, 43.19947], [-79.65435, 43.19879], [-79.65266, 43.19847], [-79.65245, 43.19819], [-79.65058, 43.19756], [-79.65056, 43.19726], [-79.65009, 43.19663], [-79.65019, 43.19622], [-79.64985, 43.19616], [-79.64934, 43.19643], [-79.64887, 43.19644], [-79.64832, 43.19617], [-79.64834, 43.19597], [-79.64788, 43.19571], [-79.64649, 43.19548], [-79.64454, 43.19542], [-79.644, 43.19563], [-79.64546, 43.19595], [-79.65049, 43.19841], [-79.65056, 43.19827], [-79.65118, 43.1986]]], [[[-79.65429, 43.19958], [-79.66166, 43.20144], [-79.6643, 43.20161], [-79.66473, 43.20055], [-79.66276, 43.20062], [-79.66162, 43.20035], [-79.66091, 43.20038], [-79.65709, 43.19921], [-79.65479, 43.19886], [-79.65457, 43.19888], [-79.65429, 43.19958]]], [[[-79.63925, 43.19784], [-79.64134, 43.19832], [-79.64145, 43.19804], [-79.64179, 43.19788], [-79.64161, 43.19746], [-79.64127, 43.1975], [-79.64188, 43.19655], [-79.64247, 43.19684], [-79.64304, 43.19619], [-79.64223, 43.19612], [-79.64246, 43.19559], [-79.64376, 43.19562], [-79.64454, 43.1953], [-79.64758, 43.19557], [-79.64694, 43.19511], [-79.64677, 43.19521], [-79.64429, 43.19446], [-79.64292, 43.19502], [-79.64146, 43.19491], [-79.64097, 43.19503], [-79.64052, 43.1948], [-79.6382, 43.19469], [-79.63815, 43.19429], [-79.63769, 43.19435], [-79.63761, 43.19468], [-79.63744, 43.19458], [-79.63608, 43.19492], [-79.63565, 43.1959], [-79.64009, 43.19571], [-79.63925, 43.19784]]]]}}, {"type": "Feature", "properties": {"id": "on-ca-206", "name": "Iroquoia Heights", "hunting_allowed": null, "basis": "ca_permit", "permit_required": true, "authority": "Hamilton Conservation Authority", "management_plan": "Master Plan for the Development of the Iroquoia Heights Conservation Area (July 1993)"}, "geometry": {"type": "Polygon", "coordinates": [[[-79.93223, 43.24553], [-79.93441, 43.24534], [-79.93448, 43.24513], [-79.9342, 43.24457], [-79.93492, 43.24415], [-79.93559, 43.24469], [-79.93583, 43.24453], [-79.93576, 43.24482], [-79.93623, 43.24521], [-79.94137, 43.24354], [-79.94141, 43.24315], [-79.94188, 43.24305], [-79.94194, 43.24335], [-79.94625, 43.24185], [-79.9472, 43.24074], [-79.946, 43.23691], [-79.94812, 43.23561], [-79.94814, 43.2354], [-79.94803, 43.2353], [-79.94591, 43.23661], [-79.94503, 43.23376], [-79.94423, 43.23361], [-79.94418, 43.23342], [-79.94286, 43.23329], [-79.94299, 43.23291], [-79.94224, 43.23274], [-79.94202, 43.23327], [-79.94124, 43.23415], [-79.94006, 43.23435], [-79.94042, 43.23551], [-79.939, 43.23569], [-79.9381, 43.2325], [-79.93686, 43.23265], [-79.93707, 43.23363], [-79.93481, 43.23389], [-79.93455, 43.23303], [-79.93335, 43.23318], [-79.93347, 43.23356], [-79.93373, 43.23352], [-79.93371, 43.23367], [-79.93464, 43.23385], [-79.93449, 43.23419], [-79.93491, 43.23404], [-79.93568, 43.23466], [-79.93568, 43.23485], [-79.93522, 43.23488], [-79.93483, 43.23522], [-79.93503, 43.23573], [-79.93607, 43.23597], [-79.93791, 43.23713], [-79.9396, 43.23774], [-79.93987, 43.238], [-79.93982, 43.2384], [-79.93932, 43.23913], [-79.93891, 43.23892], [-79.93878, 43.23895], [-79.9389, 43.23926], [-79.93847, 43.23925], [-79.93832, 43.23998], [-79.93842, 43.24022], [-79.93784, 43.24128], [-79.93737, 43.24144], [-79.93516, 43.24086], [-79.93522, 43.24072], [-79.93499, 43.24066], [-79.93506, 43.24052], [-79.93425, 43.24051], [-79.93371, 43.2408], [-79.93514, 43.24204], [-79.93471, 43.243], [-79.93509, 43.24335], [-79.93389, 43.24382], [-79.93354, 43.24404], [-79.93351, 43.24428], [-79.93197, 43.24517], [-79.93186, 43.24547], [-79.93216, 43.24533], [-79.93223, 43.24553]]]}}, {"type": "Feature", "properties": {"id": "on-ca-207", "name": "Westfield Heritage Village", "hunting_allowed": null, "basis": "ca_permit", "permit_required": true, "authority": "Hamilton Conservation Authority", "management_plan": "Westfield Heritage Village Conservation Area Master Plan \u2013 Final (November 1, 2018)"}, "geometry": {"type": "Polygon", "coordinates": [[[-80.16129, 43.32094], [-80.169, 43.31969], [-80.16719, 43.3144], [-80.16584, 43.31395], [-80.1656, 43.31433], [-80.16526, 43.31421], [-80.16549, 43.31384], [-80.16207, 43.31271], [-80.16039, 43.31548], [-80.1596, 43.3156], [-80.1592, 43.31427], [-80.15694, 43.31462], [-80.15565, 43.31062], [-80.15536, 43.31053], [-80.15608, 43.31273], [-80.15101, 43.31361], [-80.14923, 43.30835], [-80.14261, 43.30628], [-80.14191, 43.30659], [-80.14071, 43.30627], [-80.13838, 43.30668], [-80.13979, 43.31084], [-80.14462, 43.31005], [-80.1452, 43.31181], [-80.14724, 43.31855], [-80.14253, 43.31932], [-80.14337, 43.32196], [-80.14811, 43.32119], [-80.1487, 43.32295], [-80.15908, 43.32128], [-80.15881, 43.32048], [-80.16103, 43.32014], [-80.16129, 43.32094]]]}}, {"type": "Feature", "properties": {"id": "on-ca-208", "name": "Dundas Valley", "hunting_allowed": null, "basis": "ca_permit", "permit_required": true, "authority": "Hamilton Conservation Authority", "management_plan": "Dundas Valley 50-year Vision & Strategy 2008-2058 (HCA 2009)"}, "geometry": {"type": "Polygon", "coordinates": [[[-80.05721, 43.22133], [-80.05596, 43.22202], [-80.05495, 43.22302], [-80.05444, 43.22406], [-80.05405, 43.22578], [-80.05438, 43.22599], [-80.0545, 43.22544], [-80.05581, 43.22549], [-80.05587, 43.22566], [-80.05655, 43.22573], [-80.05588, 43.22402], [-80.05622, 43.22222], [-80.05731, 43.2216], [-80.05721, 43.22133]]]}}, {"type": "Feature", "properties": {"id": "on-ca-209", "name": "Christie Lake", "hunting_allowed": null, "basis": "ca_permit", "permit_required": true, "authority": "Hamilton Conservation Authority", "management_plan": "Christie Lake Conservation Area Master Plan (2010)"}, "geometry": {"type": "MultiPolygon", "coordinates": [[[[-80.02912, 43.28237], [-80.02925, 43.28273], [-80.02956, 43.28286], [-80.02983, 43.28267], [-80.03004, 43.28199], [-80.02916, 43.28095], [-80.02618, 43.28149], [-80.02639, 43.2821], [-80.02912, 43.28237]]], [[[-80.00547, 43.28088], [-80.00624, 43.28327], [-80.00908, 43.28326], [-80.00924, 43.28298], [-80.00913, 43.28253], [-80.00888, 43.28233], [-80.00674, 43.28113], [-80.00547, 43.28088]]], [[[-80.0087, 43.28429], [-80.00787, 43.28473], [-80.00777, 43.28519], [-80.00805, 43.2855], [-80.00864, 43.28549], [-80.01021, 43.28471], [-80.0113, 43.28446], [-80.01524, 43.28443], [-80.01653, 43.2838], [-80.01698, 43.28524], [-80.01881, 43.28492], [-80.01772, 43.28425], [-80.01762, 43.28394], [-80.01805, 43.28333], [-80.01736, 43.28275], [-80.01666, 43.28314], [-80.01577, 43.2829], [-80.01553, 43.28263], [-80.01556, 43.28237], [-80.01641, 43.28159], [-80.01617, 43.28139], [-80.01561, 43.28146], [-80.01496, 43.282], [-80.01441, 43.28215], [-80.01347, 43.28206], [-80.01283, 43.28238], [-80.01216, 43.28227], [-80.01157, 43.28182], [-80.01102, 43.28183], [-80.01081, 43.2828], [-80.0109, 43.28302], [-80.01071, 43.2832], [-80.00984, 43.28301], [-80.00936, 43.28371], [-80.0087, 43.28429]]], [[[-80.0432, 43.28438], [-80.04641, 43.28388], [-80.0466, 43.28373], [-80.04618, 43.28166], [-80.04625, 43.28122], [-80.04671, 43.28365], [-80.04834, 43.28328], [-80.04898, 43.28348], [-80.05295, 43.28285], [-80.05178, 43.27907], [-80.04685, 43.27813], [-80.04664, 43.27763], [-80.04618, 43.27752], [-80.04577, 43.27672], [-80.04624, 43.27805], [-80.04172, 43.27711], [-80.04177, 43.27451], [-80.04145, 43.27439], [-80.04035, 43.2754], [-80.03999, 43.27423], [-80.03496, 43.2751], [-80.03587, 43.27786], [-80.03636, 43.27778], [-80.03667, 43.27797], [-80.03664, 43.27834], [-80.03608, 43.2785], [-80.03651, 43.27985], [-80.03982, 43.27929], [-80.04055, 43.28154], [-80.04222, 43.28125], [-80.0432, 43.28438]], [[-80.04557, 43.27904], [-80.04494, 43.27947], [-80.04466, 43.27925], [-80.04459, 43.27844], [-80.0448, 43.27798], [-80.04597, 43.27814], [-80.04625, 43.27832], [-80.04638, 43.27917], [-80.04601, 43.2793], [-80.04557, 43.27904]], [[-80.04668, 43.27828], [-80.05163, 43.27936], [-80.05175, 43.28037], [-80.05213, 43.28069], [-80.05206, 43.28091], [-80.05182, 43.28088], [-80.05093, 43.28014], [-80.04703, 43.27933], [-80.04648, 43.2784], [-80.04668, 43.27828]]], [[[-80.03433, 43.28239], [-80.03331, 43.27914], [-80.03445, 43.27782], [-80.03515, 43.2775], [-80.0355, 43.27752], [-80.03398, 43.27285], [-80.02907, 43.27366], [-80.02949, 43.27506], [-80.02432, 43.2761], [-80.0244, 43.27635], [-80.02202, 43.27678], [-80.02125, 43.27437], [-80.01564, 43.27503], [-80.01513, 43.27307], [-80.00964, 43.27384], [-80.00981, 43.27454], [-80.00914, 43.27567], [-80.00761, 43.27602], [-80.00698, 43.2764], [-80.0061, 43.27664], [-80.00699, 43.27796], [-80.00746, 43.27838], [-80.00711, 43.27857], [-80.00709, 43.27878], [-80.00732, 43.27896], [-80.00958, 43.27999], [-80.01171, 43.27983], [-80.01148, 43.28126], [-80.01167, 43.28151], [-80.01204, 43.28152], [-80.01238, 43.28114], [-80.01252, 43.28034], [-80.01239, 43.27984], [-80.01181, 43.2793], [-80.0124, 43.27922], [-80.0128, 43.2794], [-80.01338, 43.28019], [-80.01381, 43.28042], [-80.01552, 43.28046], [-80.01675, 43.28114], [-80.01766, 43.28174], [-80.01786, 43.28277], [-80.01835, 43.28318], [-80.01942, 43.28348], [-80.02143, 43.28345], [-80.02156, 43.28322], [-80.02019, 43.28185], [-80.02197, 43.28133], [-80.0228, 43.28091], [-80.02544, 43.28085], [-80.02909, 43.27988], [-80.03074, 43.27977], [-80.03242, 43.27888], [-80.03317, 43.28023], [-80.03312, 43.28064], [-80.03296, 43.28082], [-80.03048, 43.28149], [-80.03033, 43.28162], [-80.03033, 43.28208], [-80.03064, 43.28262], [-80.03128, 43.28283], [-80.03183, 43.28283], [-80.03433, 43.28239]]]]}}, {"type": "Feature", "properties": {"id": "on-ca-210", "name": "Saltfleet", "hunting_allowed": null, "basis": "ca_permit", "permit_required": true, "authority": "Hamilton Conservation Authority", "management_plan": "Saltfleet Conservation Area Management Plan (Draft \u2013 February 2023)."}, "geometry": {"type": "MultiPolygon", "coordinates": [[[[-79.68332, 43.19092], [-79.68273, 43.19231], [-79.68501, 43.19259], [-79.68853, 43.19259], [-79.68976, 43.19273], [-79.69008, 43.19196], [-79.68332, 43.19092]]], [[[-79.71661, 43.1866], [-79.72047, 43.1876], [-79.72161, 43.18521], [-79.71812, 43.18431], [-79.7177, 43.18517], [-79.7173, 43.18507], [-79.71661, 43.1866]]], [[[-79.68171, 43.1868], [-79.68414, 43.1873], [-79.6832, 43.18937], [-79.6857, 43.1899], [-79.68705, 43.18679], [-79.68218, 43.18573], [-79.68171, 43.1868]]], [[[-79.70905, 43.18864], [-79.70598, 43.19411], [-79.71065, 43.19515], [-79.71078, 43.19492], [-79.70938, 43.19459], [-79.71017, 43.19319], [-79.70917, 43.19296], [-79.70966, 43.19209], [-79.71207, 43.19265], [-79.71371, 43.18975], [-79.70905, 43.18864]]], [[[-79.72538, 43.1891], [-79.72121, 43.19769], [-79.72252, 43.1981], [-79.72357, 43.19594], [-79.72749, 43.19717], [-79.73084, 43.19086], [-79.72538, 43.1891]]]]}}, {"type": "Feature", "properties": {"id": "on-ca-211", "name": "Deer Ridge Conservation Area", "hunting_allowed": null, "basis": "ca_permit", "permit_required": true, "authority": "Kettle Creek Conservation Authority"}, "geometry": {"type": "Polygon", "coordinates": [[[-81.24052, 42.78675], [-81.24369, 42.78547], [-81.24135, 42.78363], [-81.23919, 42.78518], [-81.24041, 42.78612], [-81.24052, 42.78675]]]}}, {"type": "Feature", "properties": {"id": "on-ca-212", "name": "Lake Laurentian Conservation Area", "hunting_allowed": null, "basis": "ca_permit", "permit_required": true, "authority": "Conservation Sudbury", "management_plan": "Environmental Management Plan: Lake Laurentian Conservation Area"}, "geometry": {"type": "MultiPolygon", "coordinates": [[[[-80.94599, 46.45746], [-80.9464, 46.45781], [-80.94649, 46.45775], [-80.94636, 46.45768], [-80.94652, 46.45766], [-80.94599, 46.45746]]], [[[-80.94083, 46.47342], [-80.94127, 46.47337], [-80.94094, 46.47321], [-80.941, 46.47298], [-80.94051, 46.47316], [-80.94083, 46.47342]]], [[[-80.96114, 46.45293], [-80.96067, 46.45343], [-80.96048, 46.45396], [-80.96082, 46.4538], [-80.96128, 46.45298], [-80.96114, 46.45293]]], [[[-80.95304, 46.44877], [-80.95312, 46.44908], [-80.95357, 46.44932], [-80.95346, 46.44953], [-80.9536, 46.44966], [-80.95524, 46.4496], [-80.95528, 46.44923], [-80.95499, 46.44877], [-80.95463, 46.44858], [-80.95394, 46.44858], [-80.95348, 46.4489], [-80.95304, 46.44877]]], [[[-80.96097, 46.45652], [-80.9604, 46.457], [-80.96502, 46.457], [-80.96499, 46.45368], [-80.96401, 46.4536], [-80.96316, 46.45407], [-80.96282, 46.45397], [-80.96201, 46.45409], [-80.96215, 46.45466], [-80.96254, 46.4548], [-80.96286, 46.45532], [-80.96229, 46.45577], [-80.96195, 46.45577], [-80.96201, 46.4561], [-80.96097, 46.45652]]], [[[-80.9225, 46.44483], [-80.92332, 46.44438], [-80.92377, 46.44438], [-80.92386, 46.44408], [-80.92449, 46.44373], [-80.92498, 46.44367], [-80.92519, 46.44334], [-80.92697, 46.44241], [-80.9298, 46.44149], [-80.92253, 46.44151], [-80.9225, 46.44483]]], [[[-80.90162, 46.44975], [-80.90767, 46.44974], [-80.92013, 46.44592], [-80.90149, 46.44591], [-80.90162, 46.44975]]], [[[-80.93553, 46.47301], [-80.93609, 46.47295], [-80.9363, 46.47259], [-80.93617, 46.4722], [-80.93561, 46.47198], [-80.93604, 46.47118], [-80.93587, 46.47077], [-80.93535, 46.47028], [-80.9356, 46.47], [-80.93655, 46.46953], [-80.93653, 46.46798], [-80.94145, 46.46746], [-80.94217, 46.46698], [-80.94231, 46.46678], [-80.94218, 46.46658], [-80.94237, 46.46634], [-80.94312, 46.46628], [-80.94319, 46.46672], [-80.94353, 46.4668], [-80.94387, 46.46663], [-80.94436, 46.46593], [-80.94444, 46.46542], [-80.94363, 46.46476], [-80.94355, 46.46439], [-80.94413, 46.46392], [-80.94415, 46.46326], [-80.94451, 46.4629], [-80.94459, 46.46108], [-80.94403, 46.46081], [-80.94245, 46.46065], [-80.94227, 46.45966], [-80.94169, 46.4591], [-80.94279, 46.45874], [-80.94279, 46.45858], [-80.94306, 46.45858], [-80.94342, 46.4582], [-80.94403, 46.458], [-80.94403, 46.45659], [-80.94442, 46.45659], [-80.94487, 46.45738], [-80.94665, 46.45723], [-80.94724, 46.4566], [-80.9475, 46.45655], [-80.95449, 46.4566], [-80.95449, 46.45699], [-80.95772, 46.457], [-80.95815, 46.45627], [-80.95811, 46.45605], [-80.95633, 46.45643], [-80.95593, 46.45634], [-80.95591, 46.45578], [-80.95619, 46.45529], [-80.95594, 46.45518], [-80.95553, 46.45526], [-80.95575, 46.45502], [-80.95574, 46.45459], [-80.95522, 46.45482], [-80.95489, 46.45476], [-80.95489, 46.45433], [-80.95515, 46.45401], [-80.95507, 46.45352], [-80.95592, 46.45284], [-80.95614, 46.45314], [-80.95686, 46.45274], [-80.95735, 46.45294], [-80.95811, 46.45279], [-80.9585, 46.45232], [-80.95827, 46.45205], [-80.95839, 46.45181], [-80.95993, 46.4508], [-80.9604, 46.45033], [-80.95885, 46.45009], [-80.95743, 46.45076], [-80.95656, 46.45135], [-80.95678, 46.452], [-80.9571, 46.45218], [-80.95692, 46.45234], [-80.95608, 46.45235], [-80.95563, 46.45198], [-80.95478, 46.45207], [-80.95432, 46.45184], [-80.95377, 46.45205], [-80.95361, 46.45178], [-80.95325, 46.45192], [-80.95334, 46.45168], [-80.95206, 46.45192], [-80.95196, 46.4518], [-80.95231, 46.45168], [-80.95234, 46.45141], [-80.95206, 46.45129], [-80.95248, 46.45106], [-80.95244, 46.45085], [-80.95144, 46.45089], [-80.95023, 46.45118], [-80.94993, 46.45133], [-80.95006, 46.45149], [-80.94988, 46.45164], [-80.95071, 46.45188], [-80.9495, 46.45212], [-80.94993, 46.4527], [-80.9506, 46.45316], [-80.95176, 46.45346], [-80.95182, 46.45362], [-80.95353, 46.45396], [-80.95274, 46.45433], [-80.95076, 46.45395], [-80.95012, 46.45431], [-80.94917, 46.45448], [-80.94791, 46.45529], [-80.94754, 46.45525], [-80.94696, 46.45467], [-80.94718, 46.45441], [-80.9477, 46.45431], [-80.94792, 46.45344], [-80.94776, 46.4531], [-80.94661, 46.45282], [-80.94556, 46.45285], [-80.94485, 46.45316], [-80.94422, 46.45321], [-80.9433, 46.45305], [-80.9431, 46.45289], [-80.94414, 46.45182], [-80.94405, 46.45112], [-80.94434, 46.45091], [-80.94407, 46.45056], [-80.94361, 46.45055], [-80.9439, 46.4503], [-80.94353, 46.45007], [-80.94348, 46.44969], [-80.944, 46.44948], [-80.94435, 46.44828], [-80.94351, 46.44881], [-80.94337, 46.4485], [-80.94367, 46.4478], [-80.94361, 46.44752], [-80.94417, 46.44702], [-80.94439, 46.44651], [-80.94439, 46.44609], [-80.94394, 46.44631], [-80.94378, 46.44615], [-80.94329, 46.44631], [-80.94323, 46.44641], [-80.94341, 46.44649], [-80.94324, 46.44677], [-80.94298, 46.44666], [-80.94244, 46.44674], [-80.94255, 46.44661], [-80.94241, 46.44656], [-80.94209, 46.44693], [-80.9418, 46.44691], [-80.94149, 46.44731], [-80.94174, 46.448], [-80.94149, 46.4482], [-80.94121, 46.44823], [-80.94095, 46.44798], [-80.94117, 46.44777], [-80.94095, 46.44744], [-80.94067, 46.44766], [-80.94037, 46.44744], [-80.94011, 46.44783], [-80.93976, 46.44795], [-80.93963, 46.44838], [-80.93925, 46.44876], [-80.93828, 46.44912], [-80.93736, 46.44901], [-80.93726, 46.44877], [-80.93741, 46.44839], [-80.93735, 46.44797], [-80.93757, 46.44787], [-80.93753, 46.44745], [-80.93889, 46.44705], [-80.93922, 46.44672], [-80.93899, 46.44622], [-80.93936, 46.44544], [-80.93935, 46.44474], [-80.93972, 46.44483], [-80.93982, 46.44445], [-80.94048, 46.44416], [-80.94067, 46.44425], [-80.94076, 46.44455], [-80.94128, 46.44483], [-80.94112, 46.44515], [-80.94146, 46.44522], [-80.9419, 46.44472], [-80.94184, 46.44449], [-80.94197, 46.44431], [-80.9426, 46.44405], [-80.94319, 46.4443], [-80.94355, 46.44464], [-80.94402, 46.44462], [-80.94401, 46.44476], [-80.94467, 46.44524], [-80.94486, 46.44569], [-80.94472, 46.4458], [-80.94511, 46.44614], [-80.94515, 46.44642], [-80.94498, 46.44653], [-80.9453, 46.44716], [-80.94578, 46.44685], [-80.94556, 46.44676], [-80.94578, 46.44611], [-80.94522, 46.446], [-80.94538, 46.44557], [-80.94497, 46.44535], [-80.94512, 46.44495], [-80.94544, 46.44478], [-80.94612, 46.44505], [-80.94716, 46.44498], [-80.94667, 46.44531], [-80.9468, 46.44621], [-80.94664, 46.44639], [-80.94662, 46.44696], [-80.94628, 46.44711], [-80.94595, 46.44753], [-80.94551, 46.44765], [-80.9456, 46.44825], [-80.94537, 46.44839], [-80.94516, 46.44923], [-80.94559, 46.44948], [-80.9459, 46.44911], [-80.94631, 46.44911], [-80.94705, 46.44873], [-80.94733, 46.44891], [-80.94872, 46.44899], [-80.94995, 46.44878], [-80.95074, 46.44885], [-80.9512, 46.4487], [-80.95217, 46.44797], [-80.95234, 46.44813], [-80.95234, 46.44844], [-80.95356, 46.4485], [-80.95389, 46.44808], [-80.95427, 46.44788], [-80.95434, 46.44765], [-80.95455, 46.44766], [-80.95493, 46.44727], [-80.95563, 46.44694], [-80.95583, 46.44705], [-80.95608, 46.4469], [-80.9565, 46.44638], [-80.95632, 46.44622], [-80.95711, 46.4463], [-80.95748, 46.44591], [-80.95965, 46.44573], [-80.96001, 46.44562], [-80.96013, 46.44534], [-80.96077, 46.4453], [-80.96123, 46.44483], [-80.9621, 46.44467], [-80.96213, 46.44486], [-80.9614, 46.44507], [-80.96137, 46.44542], [-80.96202, 46.44593], [-80.96286, 46.44601], [-80.96282, 46.44646], [-80.96377, 46.4469], [-80.96456, 46.44763], [-80.96449, 46.44866], [-80.96418, 46.44883], [-80.96454, 46.44954], [-80.96426, 46.44988], [-80.96438, 46.45005], [-80.96374, 46.45064], [-80.96344, 46.45121], [-80.96406, 46.45178], [-80.96421, 46.45231], [-80.96465, 46.45243], [-80.96497, 46.45222], [-80.96495, 46.44964], [-80.972, 46.44963], [-80.97201, 46.43915], [-80.97123, 46.43916], [-80.97134, 46.43944], [-80.97109, 46.43958], [-80.97083, 46.43944], [-80.97095, 46.43925], [-80.96981, 46.43926], [-80.96988, 46.44159], [-80.96454, 46.44164], [-80.96451, 46.44101], [-80.95929, 46.44112], [-80.95933, 46.44208], [-80.94436, 46.44247], [-80.94443, 46.44155], [-80.94007, 46.44209], [-80.933, 46.442], [-80.93068, 46.44224], [-80.92773, 46.44314], [-80.9225, 46.44594], [-80.91984, 46.44705], [-80.90742, 46.45079], [-80.90748, 46.45652], [-80.90856, 46.45513], [-80.9098, 46.45407], [-80.91063, 46.45221], [-80.91159, 46.452], [-80.91251, 46.45119], [-80.91206, 46.45045], [-80.91105, 46.45084], [-80.91043, 46.45076], [-80.9101, 46.45035], [-80.91041, 46.45], [-80.91653, 46.44819], [-80.91675, 46.44854], [-80.91592, 46.44963], [-80.9167, 46.44993], [-80.9175, 46.45065], [-80.91754, 46.45131], [-80.9173, 46.45156], [-80.91664, 46.45129], [-80.91566, 46.45119], [-80.91499, 46.45157], [-80.91354, 46.45191], [-80.91214, 46.45313], [-80.91144, 46.45308], [-80.91018, 46.45425], [-80.91066, 46.45433], [-80.91033, 46.45518], [-80.90878, 46.45594], [-80.90895, 46.45636], [-80.90983, 46.45665], [-80.9099, 46.4573], [-80.90886, 46.45821], [-80.90865, 46.45928], [-80.90776, 46.45993], [-80.90762, 46.46046], [-80.90832, 46.46078], [-80.90893, 46.46065], [-80.90908, 46.46075], [-80.90796, 46.46128], [-80.90754, 46.46179], [-80.90757, 46.46416], [-80.91283, 46.46417], [-80.9127, 46.46987], [-80.91426, 46.46964], [-80.92154, 46.46959], [-80.92141, 46.46977], [-80.9143, 46.46982], [-80.9127, 46.47005], [-80.91264, 46.47213], [-80.91279, 46.47231], [-80.91393, 46.47198], [-80.91484, 46.47235], [-80.91625, 46.47188], [-80.91749, 46.47119], [-80.91929, 46.47069], [-80.92111, 46.47065], [-80.92285, 46.47027], [-80.9238, 46.47029], [-80.92382, 46.47047], [-80.92424, 46.47045], [-80.92432, 46.47062], [-80.92519, 46.47043], [-80.9252, 46.47029], [-80.92614, 46.47041], [-80.92706, 46.47065], [-80.92738, 46.47104], [-80.92773, 46.47109], [-80.92882, 46.47102], [-80.93061, 46.47058], [-80.93091, 46.47088], [-80.93131, 46.47085], [-80.93175, 46.47053], [-80.9319, 46.47022], [-80.93327, 46.47014], [-80.93373, 46.47023], [-80.93383, 46.4704], [-80.933, 46.47134], [-80.93487, 46.47208], [-80.93459, 46.47271], [-80.93553, 46.47301]], [[-80.92748, 46.45171], [-80.92526, 46.45217], [-80.92468, 46.45184], [-80.92382, 46.45173], [-80.92353, 46.45114], [-80.92402, 46.45075], [-80.92375, 46.45029], [-80.92469, 46.44861], [-80.92498, 46.44842], [-80.9252, 46.44793], [-80.92614, 46.44728], [-80.9266, 46.44674], [-80.92734, 46.44657], [-80.92772, 46.44611], [-80.92902, 46.44567], [-80.93014, 46.44565], [-80.93031, 46.44583], [-80.9306, 46.44584], [-80.93056, 46.44599], [-80.93082, 46.44612], [-80.93055, 46.44702], [-80.93114, 46.44665], [-80.93166, 46.44677], [-80.93158, 46.44702], [-80.93183, 46.44786], [-80.9318, 46.44971], [-80.93167, 46.4501], [-80.93048, 46.45136], [-80.92998, 46.45165], [-80.92857, 46.45133], [-80.92794, 46.4514], [-80.92748, 46.45171]], [[-80.9248, 46.46756], [-80.92444, 46.46841], [-80.92466, 46.46872], [-80.92442, 46.46889], [-80.92298, 46.46878], [-80.92252, 46.46843], [-80.92216, 46.46762], [-80.92218, 46.46671], [-80.92135, 46.46693], [-80.92068, 46.46754], [-80.91978, 46.468], [-80.91876, 46.46822], [-80.91777, 46.468], [-80.91706, 46.46749], [-80.91687, 46.46652], [-80.91772, 46.46553], [-80.9178, 46.46478], [-80.91678, 46.46398], [-80.91723, 46.46362], [-80.91712, 46.46294], [-80.91728, 46.46243], [-80.91701, 46.46197], [-80.91702, 46.46124], [-80.91444, 46.46096], [-80.91283, 46.46154], [-80.91191, 46.46137], [-80.90959, 46.46133], [-80.90918, 46.46106], [-80.91134, 46.46019], [-80.91151, 46.46092], [-80.91239, 46.4607], [-80.91275, 46.46007], [-80.91319, 46.45982], [-80.91323, 46.45956], [-80.91276, 46.4595], [-80.91274, 46.45922], [-80.91356, 46.45853], [-80.91512, 46.4585], [-80.9152, 46.45806], [-80.91566, 46.45775], [-80.91556, 46.45753], [-80.91618, 46.45737], [-80.91632, 46.45841], [-80.91669, 46.45852], [-80.91777, 46.45803], [-80.91815, 46.45775], [-80.9182, 46.45696], [-80.91842, 46.45649], [-80.91912, 46.4562], [-80.91911, 46.4558], [-80.91937, 46.45542], [-80.91991, 46.45545], [-80.92107, 46.45425], [-80.92077, 46.45384], [-80.92111, 46.45359], [-80.92167, 46.4539], [-80.92271, 46.45399], [-80.92318, 46.45363], [-80.92491, 46.4544], [-80.92555, 46.45507], [-80.92204, 46.45665], [-80.92058, 46.45869], [-80.91961, 46.45944], [-80.91821, 46.46009], [-80.91732, 46.4609], [-80.91721, 46.46147], [-80.91765, 46.46248], [-80.91753, 46.46286], [-80.91777, 46.46328], [-80.91765, 46.46401], [-80.91739, 46.46424], [-80.91846, 46.46436], [-80.91878, 46.46465], [-80.91962, 46.46434], [-80.92012, 46.46392], [-80.92064, 46.46388], [-80.92109, 46.46434], [-80.92112, 46.46563], [-80.92135, 46.46578], [-80.92196, 46.46547], [-80.92261, 46.46538], [-80.92299, 46.46657], [-80.92347, 46.46737], [-80.92426, 46.46734], [-80.9248, 46.46756]]]]}}, {"type": "Feature", "properties": {"id": "on-ca-213", "name": "Binbrook Tract", "hunting_allowed": null, "basis": "ca_permit", "permit_required": true, "authority": "Niagara Peninsula Conservation Authority", "management_plan": "Binbrook Managed Forest Plan"}, "geometry": {"type": "MultiPolygon", "coordinates": [[[[-79.7362, 43.12493], [-79.73867, 43.12547], [-79.7388, 43.12516], [-79.73648, 43.12425], [-79.7362, 43.12493]]], [[[-79.73976, 43.11626], [-79.73656, 43.12407], [-79.73886, 43.12496], [-79.74214, 43.11678], [-79.73976, 43.11626]]]]}}, {"type": "Feature", "properties": {"id": "on-ca-214", "name": "OPG Property", "hunting_allowed": null, "basis": "ca_permit", "permit_required": true, "authority": "Niagara Peninsula Conservation Authority"}, "geometry": {"type": "Polygon", "coordinates": [[[-79.09561, 43.04842], [-79.09683, 43.04839], [-79.09845, 43.04788], [-79.10241, 43.04569], [-79.1024, 43.04506], [-79.09731, 43.0472], [-79.09231, 43.0473], [-79.09232, 43.0479], [-79.09561, 43.04842]]]}}, {"type": "Feature", "properties": {"id": "on-ca-215", "name": "Beamer Memorial Conservation Area", "hunting_allowed": null, "basis": "ca_permit", "permit_required": true, "authority": "Niagara Peninsula Conservation Authority"}, "geometry": {"type": "Polygon", "coordinates": [[[-79.57541, 43.18926], [-79.578, 43.18956], [-79.5793, 43.18648], [-79.57856, 43.18633], [-79.57835, 43.18678], [-79.5779, 43.18669], [-79.57708, 43.1885], [-79.5767, 43.18841], [-79.57773, 43.18615], [-79.57692, 43.18598], [-79.57541, 43.18926]]]}}, {"type": "Feature", "properties": {"id": "on-ca-216", "name": "Ruigrok Tract", "hunting_allowed": null, "basis": "ca_permit", "permit_required": true, "authority": "Niagara Peninsula Conservation Authority"}, "geometry": {"type": "MultiPolygon", "coordinates": [[[[-79.6613, 43.00725], [-79.66301, 43.0084], [-79.66295, 43.00857], [-79.65852, 43.01249], [-79.65852, 43.01269], [-79.66391, 43.01466], [-79.66376, 43.00763], [-79.66325, 43.00763], [-79.66291, 43.00697], [-79.66209, 43.00657], [-79.6613, 43.00725]]], [[[-79.69522, 43.0297], [-79.69831, 43.03082], [-79.69809, 43.02336], [-79.70033, 43.02336], [-79.70034, 43.02455], [-79.70495, 43.0244], [-79.7049, 43.02208], [-79.71023, 43.02211], [-79.71018, 43.0201], [-79.70757, 43.02013], [-79.70757, 43.01915], [-79.70483, 43.01899], [-79.70488, 43.02145], [-79.70227, 43.02147], [-79.70218, 43.01844], [-79.69505, 43.01786], [-79.69522, 43.0297]]]]}}, {"type": "Feature", "properties": {"id": "on-ca-217", "name": "Lathrop", "hunting_allowed": null, "basis": "ca_permit", "permit_required": true, "authority": "Niagara Peninsula Conservation Authority"}, "geometry": {"type": "Polygon", "coordinates": [[[-79.29857, 43.08074], [-79.30163, 43.08067], [-79.30206, 43.08036], [-79.30205, 43.07996], [-79.30174, 43.07957], [-79.30188, 43.07891], [-79.30125, 43.07895], [-79.30127, 43.07859], [-79.30186, 43.07768], [-79.30197, 43.07704], [-79.30187, 43.07472], [-79.29918, 43.07511], [-79.29821, 43.0754], [-79.29673, 43.07615], [-79.29913, 43.07836], [-79.2992, 43.079], [-79.29878, 43.0805], [-79.29857, 43.08074]]]}}, {"type": "Feature", "properties": {"id": "on-ca-218", "name": "Rockway Conservation Area", "hunting_allowed": null, "basis": "ca_permit", "permit_required": true, "authority": "Niagara Peninsula Conservation Authority"}, "geometry": {"type": "Polygon", "coordinates": [[[-79.32318, 43.1148], [-79.32274, 43.11477], [-79.32277, 43.11408], [-79.32408, 43.11411], [-79.32446, 43.1135], [-79.32522, 43.11288], [-79.32339, 43.11336], [-79.32258, 43.11323], [-79.32252, 43.11219], [-79.32276, 43.11185], [-79.32319, 43.11174], [-79.3237, 43.11109], [-79.32291, 43.11094], [-79.32182, 43.11109], [-79.32188, 43.11142], [-79.32182, 43.11109], [-79.31612, 43.11177], [-79.3163, 43.11726], [-79.31232, 43.11715], [-79.31203, 43.11914], [-79.31149, 43.11953], [-79.31038, 43.11988], [-79.30909, 43.12077], [-79.30873, 43.12077], [-79.30799, 43.12223], [-79.30786, 43.12316], [-79.30742, 43.12314], [-79.30653, 43.12228], [-79.30676, 43.1214], [-79.30627, 43.12133], [-79.30576, 43.12155], [-79.3053, 43.12271], [-79.30534, 43.12338], [-79.30625, 43.1245], [-79.30673, 43.13446], [-79.30794, 43.1344], [-79.30801, 43.13551], [-79.30823, 43.13604], [-79.30895, 43.13645], [-79.30897, 43.13743], [-79.30943, 43.13752], [-79.30982, 43.13811], [-79.31095, 43.13844], [-79.31173, 43.13919], [-79.3125, 43.13837], [-79.31348, 43.13795], [-79.31418, 43.13737], [-79.31268, 43.13705], [-79.31234, 43.13731], [-79.31135, 43.13735], [-79.31012, 43.13539], [-79.31007, 43.1351], [-79.31072, 43.13423], [-79.31049, 43.13341], [-79.31113, 43.12856], [-79.31096, 43.12856], [-79.31094, 43.12767], [-79.31115, 43.12752], [-79.31096, 43.12278], [-79.31625, 43.12285], [-79.31619, 43.12086], [-79.31559, 43.12092], [-79.31542, 43.12052], [-79.31541, 43.12016], [-79.31616, 43.12015], [-79.3161, 43.11836], [-79.31696, 43.11864], [-79.3175, 43.11914], [-79.31963, 43.11893], [-79.32082, 43.11851], [-79.32131, 43.11816], [-79.3221, 43.11717], [-79.32124, 43.11716], [-79.32125, 43.11689], [-79.32238, 43.11691], [-79.32341, 43.11564], [-79.32318, 43.1148]]]}}, {"type": "Feature", "properties": {"id": "on-ca-219", "name": "McPhail Managed Forest", "hunting_allowed": null, "basis": "ca_permit", "permit_required": true, "authority": "St. Clair Region Conservation Authority", "management_plan": "McPhail Forest Management Plan, SCRCA 2012"}, "geometry": {"type": "Polygon", "coordinates": [[[-81.90091, 42.73919], [-81.90506, 42.73919], [-81.90503, 42.73368], [-81.90089, 42.73369], [-81.90091, 42.73919]]]}}, {"type": "Feature", "properties": {"id": "on-ca-220", "name": "Coldstream Conservation Area", "hunting_allowed": null, "basis": "ca_permit", "permit_required": true, "authority": "St. Clair Region Conservation Authority", "managed_by": "Enviro-Friends", "management_plan": "Coldstream Forest Management Plan, SCRCA 2012"}, "geometry": {"type": "MultiPolygon", "coordinates": [[[[-81.4899, 43.0261], [-81.48941, 43.02663], [-81.49212, 43.02862], [-81.49733, 43.02471], [-81.49455, 43.02267], [-81.49394, 43.02354], [-81.49294, 43.02325], [-81.49125, 43.0242], [-81.49122, 43.02458], [-81.4915, 43.02489], [-81.4915, 43.02517], [-81.49102, 43.02541], [-81.49088, 43.02594], [-81.4899, 43.0261]]], [[[-81.4944, 43.02072], [-81.49338, 43.02155], [-81.49428, 43.02222], [-81.49492, 43.02248], [-81.49567, 43.02315], [-81.49784, 43.02176], [-81.49701, 43.02115], [-81.49771, 43.02063], [-81.4986, 43.02128], [-81.49993, 43.02043], [-81.4996, 43.02018], [-81.50059, 43.01917], [-81.50023, 43.01891], [-81.50054, 43.01881], [-81.50102, 43.01916], [-81.50148, 43.01885], [-81.50189, 43.01915], [-81.50228, 43.01885], [-81.50166, 43.01841], [-81.50221, 43.01832], [-81.50266, 43.01856], [-81.5028, 43.01841], [-81.50307, 43.01736], [-81.50261, 43.01707], [-81.50284, 43.01673], [-81.50328, 43.01703], [-81.50389, 43.01631], [-81.50449, 43.01449], [-81.5044, 43.01339], [-81.50099, 43.01588], [-81.5011, 43.01596], [-81.50091, 43.01648], [-81.50096, 43.01709], [-81.5009, 43.01724], [-81.50077, 43.01714], [-81.50093, 43.01741], [-81.50028, 43.01788], [-81.49947, 43.01752], [-81.4965, 43.01861], [-81.4955, 43.01925], [-81.4944, 43.02072]]]]}}, {"type": "Feature", "properties": {"id": "on-ca-221", "name": "Bridgeview Conservation Area", "hunting_allowed": null, "basis": "ca_permit", "permit_required": true, "authority": "St. Clair Region Conservation Authority", "managed_by": "Town of Petrolia", "management_plan": "Bridgeview Conservation Area Management Plan, SCRCA 2012"}, "geometry": {"type": "Polygon", "coordinates": [[[-82.13473, 42.89297], [-82.13502, 42.893], [-82.1355, 42.89259], [-82.13548, 42.89231], [-82.13503, 42.89167], [-82.13524, 42.89125], [-82.13558, 42.89114], [-82.13631, 42.89127], [-82.13742, 42.89101], [-82.13744, 42.89009], [-82.13803, 42.89011], [-82.1384, 42.891], [-82.13852, 42.891], [-82.13855, 42.88977], [-82.13764, 42.8886], [-82.13768, 42.88714], [-82.13717, 42.88693], [-82.13648, 42.88576], [-82.13577, 42.8863], [-82.13589, 42.88325], [-82.13775, 42.88283], [-82.13778, 42.88232], [-82.13509, 42.88289], [-82.13508, 42.88277], [-82.1347, 42.88286], [-82.13471, 42.88253], [-82.13426, 42.88252], [-82.13426, 42.88278], [-82.13385, 42.88277], [-82.13385, 42.88251], [-82.13293, 42.88249], [-82.13279, 42.88293], [-82.13167, 42.88302], [-82.13165, 42.8834], [-82.13134, 42.8834], [-82.1313, 42.88468], [-82.13043, 42.88466], [-82.12997, 42.88653], [-82.13018, 42.89118], [-82.13108, 42.89119], [-82.13118, 42.88836], [-82.1314, 42.88838], [-82.13202, 42.88792], [-82.13203, 42.88776], [-82.13488, 42.88782], [-82.13473, 42.89297]]]}}, {"type": "Feature", "properties": {"id": "on-ca-222", "name": "W. Darcy McKeough Floodway", "hunting_allowed": null, "basis": "ca_permit", "permit_required": true, "authority": "St. Clair Region Conservation Authority"}, "geometry": {"type": "MultiPolygon", "coordinates": [[[[-82.48229, 42.69924], [-82.48414, 42.69926], [-82.48446, 42.69852], [-82.48506, 42.6978], [-82.48601, 42.69726], [-82.48566, 42.69691], [-82.48334, 42.69685], [-82.48229, 42.69924]]], [[[-82.40219, 42.69171], [-82.39512, 42.69158], [-82.39503, 42.69219], [-82.39344, 42.6922], [-82.39322, 42.69206], [-82.39287, 42.6923], [-82.39188, 42.69239], [-82.39186, 42.69277], [-82.39335, 42.69249], [-82.39493, 42.69241], [-82.39707, 42.69262], [-82.39852, 42.6933], [-82.40021, 42.69459], [-82.40077, 42.69462], [-82.40096, 42.69439], [-82.40126, 42.69302], [-82.40219, 42.69171]]], [[[-82.46631, 42.69593], [-82.46626, 42.69744], [-82.48069, 42.6977], [-82.48058, 42.6983], [-82.46623, 42.69805], [-82.4662, 42.69896], [-82.48097, 42.69921], [-82.48108, 42.69677], [-82.46792, 42.69667], [-82.46756, 42.69656], [-82.4675, 42.69595], [-82.46631, 42.69593]]], [[[-82.46601, 42.69732], [-82.42903, 42.69651], [-82.42896, 42.69826], [-82.46596, 42.69893], [-82.46599, 42.69804], [-82.44388, 42.6977], [-82.4439, 42.69747], [-82.466, 42.69784], [-82.46601, 42.69732]]], [[[-82.39903, 42.69771], [-82.42782, 42.69831], [-82.42791, 42.69597], [-82.41398, 42.69564], [-82.41402, 42.69489], [-82.40656, 42.69478], [-82.40667, 42.6918], [-82.40297, 42.69173], [-82.40206, 42.69297], [-82.40144, 42.69454], [-82.40106, 42.69508], [-82.40071, 42.69525], [-82.4, 42.69524], [-82.39971, 42.69511], [-82.39917, 42.69447], [-82.39903, 42.69771]]]]}}, {"type": "Feature", "properties": {"id": "on-ca-223", "name": "Warwick Conservation Area", "hunting_allowed": null, "basis": "ca_permit", "permit_required": true, "authority": "St. Clair Region Conservation Authority", "management_plan": "1976 Warwick Master Plan, SCRCA"}, "geometry": {"type": "MultiPolygon", "coordinates": [[[[-81.94768, 43.00094], [-81.95241, 42.99624], [-81.95219, 42.99364], [-81.95364, 42.99409], [-81.95407, 42.99364], [-81.95473, 42.99384], [-81.95537, 42.99319], [-81.95399, 42.99257], [-81.95282, 42.99242], [-81.94768, 42.99269], [-81.94768, 43.00094]]], [[[-81.93787, 43.00382], [-81.94012, 43.00405], [-81.94012, 43.00363], [-81.9408, 43.00363], [-81.9408, 43.00303], [-81.94094, 43.00303], [-81.94093, 43.00344], [-81.94167, 43.00344], [-81.94168, 43.00207], [-81.9447, 43.00205], [-81.94499, 43.00134], [-81.94467, 43.00125], [-81.94536, 43.00129], [-81.94536, 43.00107], [-81.94743, 43.00125], [-81.94744, 43.00004], [-81.94644, 43.00004], [-81.94712, 42.9996], [-81.94744, 42.99959], [-81.94744, 42.99419], [-81.94408, 42.9942], [-81.94386, 42.99458], [-81.94385, 42.99602], [-81.93994, 42.99603], [-81.93993, 42.99793], [-81.94051, 42.99795], [-81.94052, 42.99697], [-81.94348, 42.99699], [-81.94358, 43.00036], [-81.94253, 43.00038], [-81.94249, 42.99944], [-81.94054, 42.99946], [-81.94056, 43.00074], [-81.94002, 43.00105], [-81.93991, 43.00151], [-81.93961, 43.00186], [-81.93823, 43.00182], [-81.93838, 43.0027], [-81.93787, 43.00335], [-81.93787, 43.00382]]]]}}, {"type": "Feature", "properties": {"id": "on-ca-224", "name": "McAlpine Managed Forest", "hunting_allowed": null, "basis": "ca_permit", "permit_required": true, "authority": "St. Clair Region Conservation Authority", "management_plan": "McAlpine Management Plan, SCRCA 2012"}, "geometry": {"type": "Polygon", "coordinates": [[[-81.82758, 42.79689], [-81.83275, 42.79277], [-81.82702, 42.78846], [-81.82192, 42.79256], [-81.82758, 42.79689]]]}}, {"type": "Feature", "properties": {"id": "on-ca-225", "name": "Strathroy Wetlands Marsh Walk", "hunting_allowed": null, "basis": "ca_permit", "permit_required": true, "authority": "St. Clair Region Conservation Authority"}, "geometry": {"type": "MultiPolygon", "coordinates": [[[[-81.63858, 42.94688], [-81.63832, 42.94716], [-81.63723, 42.94767], [-81.63621, 42.94797], [-81.63641, 42.94829], [-81.63601, 42.94839], [-81.63577, 42.94798], [-81.63443, 42.94839], [-81.63532, 42.9499], [-81.63524, 42.94951], [-81.63562, 42.94938], [-81.63605, 42.94954], [-81.63637, 42.94946], [-81.63736, 42.94869], [-81.63752, 42.9485], [-81.63736, 42.94805], [-81.63785, 42.94816], [-81.63786, 42.94872], [-81.63859, 42.9486], [-81.63838, 42.94823], [-81.63858, 42.94799], [-81.63858, 42.94688]]], [[[-81.63858, 42.94688], [-81.6423, 42.94689], [-81.64232, 42.94328], [-81.6398, 42.94327], [-81.63954, 42.94346], [-81.64225, 42.94391], [-81.64227, 42.94538], [-81.6418, 42.94536], [-81.64155, 42.94517], [-81.64019, 42.94562], [-81.64036, 42.94603], [-81.63956, 42.94609], [-81.63858, 42.94688]]], [[[-81.63303, 42.95165], [-81.63439, 42.95202], [-81.6356, 42.95156], [-81.63472, 42.95106], [-81.63424, 42.95124], [-81.63396, 42.95094], [-81.63415, 42.9507], [-81.6347, 42.95056], [-81.63491, 42.95024], [-81.6347, 42.94998], [-81.63477, 42.94987], [-81.63426, 42.9499], [-81.63354, 42.94867], [-81.63185, 42.95004], [-81.63118, 42.94952], [-81.63116, 42.95189], [-81.63153, 42.95189], [-81.63153, 42.95209], [-81.63303, 42.95165]]]]}}, {"type": "Feature", "properties": {"id": "on-ca-226", "name": "A.W. Campbell Conservation Area", "hunting_allowed": null, "basis": "ca_permit", "permit_required": true, "authority": "St. Clair Region Conservation Authority", "management_plan": "A.W. Campbell Conservation Area Master Plan, SCRCA 1979"}, "geometry": {"type": "MultiPolygon", "coordinates": [[[[-81.83761, 42.82986], [-81.83768, 42.83057], [-81.83782, 42.83058], [-81.83786, 42.82951], [-81.83799, 42.82943], [-81.8398, 42.82939], [-81.83979, 42.82796], [-81.83913, 42.82797], [-81.83861, 42.82741], [-81.83889, 42.82664], [-81.83871, 42.82515], [-81.83979, 42.82515], [-81.83977, 42.82373], [-81.83836, 42.82358], [-81.83822, 42.82174], [-81.83975, 42.82165], [-81.83965, 42.81859], [-81.83707, 42.81864], [-81.83725, 42.82137], [-81.83554, 42.82156], [-81.83559, 42.82997], [-81.83761, 42.82986]]], [[[-81.82765, 42.82856], [-81.82904, 42.82972], [-81.82831, 42.83031], [-81.82978, 42.83143], [-81.83535, 42.82704], [-81.83528, 42.82057], [-81.83465, 42.82088], [-81.83343, 42.82067], [-81.83281, 42.82088], [-81.83107, 42.81948], [-81.83024, 42.81999], [-81.8295, 42.82015], [-81.82926, 42.82062], [-81.82867, 42.82084], [-81.8274, 42.81992], [-81.82617, 42.81974], [-81.82969, 42.82246], [-81.8248, 42.82642], [-81.82538, 42.82687], [-81.82651, 42.82599], [-81.82706, 42.82489], [-81.82942, 42.82298], [-81.82965, 42.82295], [-81.83274, 42.82521], [-81.83247, 42.82554], [-81.83264, 42.82577], [-81.83254, 42.8259], [-81.83148, 42.82617], [-81.8311, 42.82681], [-81.83085, 42.82683], [-81.83063, 42.82728], [-81.83022, 42.82763], [-81.82864, 42.82673], [-81.82788, 42.82725], [-81.82864, 42.82789], [-81.82765, 42.82856]]]]}}, {"type": "Feature", "properties": {"id": "on-ca-227", "name": "Chontos Managed Forest", "hunting_allowed": null, "basis": "ca_permit", "permit_required": true, "authority": "St. Clair Region Conservation Authority", "management_plan": "Chontos Forest Management Plan, SCRCA 2012"}, "geometry": {"type": "Polygon", "coordinates": [[[-82.18786, 42.86491], [-82.18427, 42.86437], [-82.18406, 42.87058], [-82.18757, 42.87065], [-82.18786, 42.86491]]]}}, {"type": "Feature", "properties": {"id": "on-ca-228", "name": "Wawanosh Conservation Area", "hunting_allowed": null, "basis": "ca_permit", "permit_required": true, "authority": "St. Clair Region Conservation Authority", "management_plan": "Wawanosh Management Plan, SCRCA 2012"}, "geometry": {"type": "Polygon", "coordinates": [[[-82.32475, 42.99674], [-82.32454, 43.00165], [-82.32568, 43.00055], [-82.334, 42.99106], [-82.32503, 42.99096], [-82.32475, 42.99665], [-82.32105, 42.99667], [-82.32475, 42.99674]]]}}, {"type": "Feature", "properties": {"id": "on-ca-229", "name": "Lorne C. Henderson Conservation Area", "hunting_allowed": null, "basis": "ca_permit", "permit_required": true, "authority": "St. Clair Region Conservation Authority", "management_plan": "Lorne C. Henderson Conservation Area, SCRCA 1980"}, "geometry": {"type": "Polygon", "coordinates": [[[-82.17651, 42.87292], [-82.17635, 42.87731], [-82.1766, 42.8772], [-82.17664, 42.87661], [-82.17985, 42.8767], [-82.17986, 42.87877], [-82.17957, 42.87891], [-82.17753, 42.8789], [-82.1772, 42.87847], [-82.17701, 42.87887], [-82.1763, 42.87883], [-82.17621, 42.88146], [-82.17769, 42.88166], [-82.17771, 42.88124], [-82.17827, 42.88123], [-82.1783, 42.8808], [-82.18357, 42.88098], [-82.18355, 42.88274], [-82.18725, 42.88284], [-82.18757, 42.87065], [-82.18345, 42.87057], [-82.18347, 42.87104], [-82.18312, 42.87139], [-82.18305, 42.87174], [-82.18263, 42.87187], [-82.18258, 42.87245], [-82.18243, 42.8726], [-82.18122, 42.8727], [-82.18078, 42.87258], [-82.18001, 42.87278], [-82.17977, 42.87239], [-82.17921, 42.87224], [-82.17877, 42.87189], [-82.17762, 42.87188], [-82.17707, 42.87297], [-82.17651, 42.87292]]]}}, {"type": "Feature", "properties": {"id": "on-ca-230", "name": "Strathroy Conservation Area", "hunting_allowed": null, "basis": "ca_permit", "permit_required": true, "authority": "St. Clair Region Conservation Authority", "management_plan": "Strathroy Conservation Area Management Plan, SCRCA 2012"}, "geometry": {"type": "Polygon", "coordinates": [[[-81.61169, 42.96798], [-81.61994, 42.96798], [-81.61957, 42.96626], [-81.62143, 42.96409], [-81.62242, 42.96385], [-81.6224, 42.96339], [-81.62296, 42.96339], [-81.62294, 42.96298], [-81.62233, 42.96174], [-81.62194, 42.96123], [-81.62078, 42.96148], [-81.61992, 42.96112], [-81.61774, 42.96324], [-81.61101, 42.9648], [-81.60913, 42.96609], [-81.61169, 42.96798]]]}}, {"type": "Feature", "properties": {"id": "on-ca-231", "name": "Garland Side Road Forest", "hunting_allowed": null, "basis": "ca_permit", "permit_required": true, "authority": "South Nation River Conservation Authority"}, "geometry": {"type": "MultiPolygon", "coordinates": [[[[-75.2877, 45.37592], [-75.2804, 45.37798], [-75.28181, 45.38059], [-75.28912, 45.37852], [-75.2877, 45.37592]]], [[[-75.29569, 45.3705], [-75.28651, 45.37322], [-75.29221, 45.38366], [-75.30133, 45.38103], [-75.29569, 45.3705]]]]}}, {"type": "Feature", "properties": {"id": "on-ca-232", "name": "Hoasic Creek Wetland", "hunting_allowed": null, "basis": "ca_permit", "permit_required": true, "authority": "South Nation River Conservation Authority"}, "geometry": {"type": "MultiPolygon", "coordinates": [[[[-75.18619, 45.03402], [-75.18691, 45.03375], [-75.18539, 45.0329], [-75.18619, 45.03402]]], [[[-75.18323, 44.9187], [-75.17061, 44.92427], [-75.17064, 44.92438], [-75.17279, 44.92697], [-75.18561, 44.92157], [-75.18323, 44.9187]]], [[[-75.14898, 44.93725], [-75.15165, 44.93618], [-75.17266, 44.92703], [-75.17051, 44.92443], [-75.1454, 44.93544], [-75.14567, 44.93576], [-75.14722, 44.93514], [-75.14898, 44.93725]]], [[[-75.17456, 45.01755], [-75.1849, 45.03203], [-75.18547, 45.03258], [-75.18727, 45.03363], [-75.1942, 45.03097], [-75.19071, 45.02555], [-75.18268, 45.01445], [-75.17456, 45.01755]]]]}}, {"type": "Feature", "properties": {"id": "on-ca-233", "name": "Newington Bog", "hunting_allowed": null, "basis": "ca_permit", "permit_required": true, "authority": "South Nation River Conservation Authority"}, "geometry": {"type": "MultiPolygon", "coordinates": [[[[-74.97747, 45.11352], [-74.98168, 45.11521], [-74.9857, 45.11614], [-74.98372, 45.11398], [-74.98267, 45.11447], [-74.98154, 45.11323], [-74.98251, 45.11282], [-74.97885, 45.10885], [-74.97487, 45.11067], [-74.97747, 45.11352]]], [[[-74.98957, 45.12678], [-74.99384, 45.12498], [-74.98599, 45.11645], [-74.98188, 45.11556], [-74.97795, 45.11405], [-74.98957, 45.12678]]]]}}, {"type": "Feature", "properties": {"id": "on-ca-234", "name": "Two Creeks Forest Conservation Area", "hunting_allowed": null, "basis": "ca_permit", "permit_required": true, "authority": "South Nation River Conservation Authority"}, "geometry": {"type": "MultiPolygon", "coordinates": [[[[-75.27422, 44.86491], [-75.26909, 44.86702], [-75.26902, 44.86721], [-75.26972, 44.86814], [-75.27223, 44.86739], [-75.27422, 44.86491]]], [[[-75.30378, 44.85768], [-75.30508, 44.85751], [-75.30189, 44.85333], [-75.30028, 44.85399], [-75.29888, 44.85215], [-75.29803, 44.85252], [-75.29737, 44.8517], [-75.30009, 44.85539], [-75.30187, 44.85471], [-75.30378, 44.85768]]], [[[-75.26974, 44.86817], [-75.27641, 44.87704], [-75.27969, 44.8757], [-75.29825, 44.86893], [-75.30343, 44.8666], [-75.30295, 44.86655], [-75.29999, 44.86747], [-75.29662, 44.86319], [-75.29614, 44.86352], [-75.29607, 44.86398], [-75.29567, 44.86426], [-75.29536, 44.86486], [-75.29382, 44.86595], [-75.29363, 44.86659], [-75.29337, 44.86636], [-75.29196, 44.86703], [-75.29149, 44.86789], [-75.29134, 44.86794], [-75.29137, 44.86748], [-75.29201, 44.86638], [-75.29172, 44.86577], [-75.29217, 44.86552], [-75.29123, 44.86562], [-75.29115, 44.86577], [-75.29078, 44.86584], [-75.29067, 44.86608], [-75.29025, 44.86602], [-75.28998, 44.86636], [-75.28862, 44.86628], [-75.28771, 44.86583], [-75.2879, 44.86636], [-75.28742, 44.86584], [-75.28626, 44.86585], [-75.28615, 44.86611], [-75.28707, 44.86634], [-75.28721, 44.86665], [-75.28709, 44.86681], [-75.28466, 44.86664], [-75.28487, 44.86707], [-75.28528, 44.86708], [-75.28494, 44.86715], [-75.28446, 44.86673], [-75.28308, 44.86649], [-75.28249, 44.86564], [-75.28248, 44.86539], [-75.28207, 44.86511], [-75.28076, 44.86516], [-75.27935, 44.86464], [-75.2788, 44.86427], [-75.27753, 44.86421], [-75.27711, 44.86447], [-75.27664, 44.86437], [-75.27625, 44.86464], [-75.27593, 44.86411], [-75.27551, 44.86431], [-75.27565, 44.86456], [-75.27549, 44.86472], [-75.27378, 44.86594], [-75.27386, 44.86608], [-75.27372, 44.866], [-75.27341, 44.86624], [-75.27215, 44.8675], [-75.27224, 44.8677], [-75.27016, 44.86843], [-75.27216, 44.8676], [-75.26974, 44.86817]]]]}}, {"type": "Feature", "properties": {"id": "on-ca-235", "name": "Warwick Forest", "hunting_allowed": null, "basis": "ca_permit", "permit_required": true, "authority": "South Nation River Conservation Authority"}, "geometry": {"type": "MultiPolygon", "coordinates": [[[[-75.04346, 45.20225], [-75.04618, 45.20562], [-75.04945, 45.2043], [-75.04674, 45.20093], [-75.04346, 45.20225]]], [[[-75.02767, 45.20266], [-75.03383, 45.21065], [-75.0359, 45.20969], [-75.02977, 45.20166], [-75.02767, 45.20266]]], [[[-75.05265, 45.18062], [-75.05468, 45.18332], [-75.06177, 45.18045], [-75.05962, 45.17788], [-75.05265, 45.18062]]], [[[-75.06387, 45.20844], [-75.06804, 45.21373], [-75.07476, 45.21103], [-75.07261, 45.20832], [-75.06921, 45.20967], [-75.06712, 45.20707], [-75.06387, 45.20844]]], [[[-75.06783, 45.18408], [-75.06455, 45.18538], [-75.06943, 45.19152], [-75.07291, 45.19011], [-75.06433, 45.17963], [-75.06103, 45.18096], [-75.06303, 45.18348], [-75.06629, 45.18219], [-75.06783, 45.18408]]], [[[-75.05329, 45.17025], [-75.04675, 45.17277], [-75.05071, 45.17804], [-75.05753, 45.17537], [-75.05329, 45.17025]]], [[[-75.03375, 45.19198], [-75.03789, 45.19722], [-75.04477, 45.19441], [-75.04055, 45.18924], [-75.03375, 45.19198]]], [[[-75.034, 45.21085], [-75.03427, 45.21122], [-75.03224, 45.21216], [-75.03861, 45.22056], [-75.04268, 45.21861], [-75.03606, 45.2099], [-75.034, 45.21085]]], [[[-74.99528, 45.19356], [-75.0024, 45.20233], [-75.0066, 45.20064], [-74.99952, 45.19178], [-74.9974, 45.19268], [-74.99802, 45.19346], [-74.99699, 45.19389], [-74.99636, 45.19311], [-74.99528, 45.19356]]], [[[-75.05102, 45.1992], [-75.05944, 45.20999], [-75.07007, 45.20567], [-75.06587, 45.20015], [-75.05926, 45.20284], [-75.05577, 45.19844], [-75.05401, 45.19913], [-75.05385, 45.19806], [-75.05102, 45.1992]]], [[[-75.05735, 45.19638], [-75.06841, 45.1919], [-75.06828, 45.19173], [-75.06855, 45.19162], [-75.06828, 45.19129], [-75.06879, 45.19109], [-75.06425, 45.18538], [-75.06268, 45.186], [-75.06149, 45.18451], [-75.06306, 45.18389], [-75.06081, 45.18105], [-75.05413, 45.18375], [-75.05844, 45.18903], [-75.05167, 45.1918], [-75.05413, 45.19481], [-75.0556, 45.19421], [-75.05735, 45.19638]]]]}}, {"type": "Feature", "properties": {"id": "on-ca-236", "name": "Alfred Bog", "hunting_allowed": null, "basis": "ca_permit", "permit_required": true, "authority": "South Nation River Conservation Authority"}, "geometry": {"type": "MultiPolygon", "coordinates": [[[[-74.85871, 45.46661], [-74.85476, 45.47495], [-74.85774, 45.47491], [-74.86166, 45.46659], [-74.85871, 45.46661]]], [[[-74.80397, 45.48406], [-74.79992, 45.49252], [-74.80542, 45.49248], [-74.80938, 45.48402], [-74.80397, 45.48406]]]]}}, {"type": "Feature", "properties": {"id": "on-ca-237", "name": "Baltics Corners Wetland", "hunting_allowed": null, "basis": "ca_permit", "permit_required": true, "authority": "South Nation River Conservation Authority"}, "geometry": {"type": "Polygon", "coordinates": [[[-74.78274, 45.35535], [-74.78304, 45.35521], [-74.78221, 45.35424], [-74.78557, 45.35272], [-74.77217, 45.33708], [-74.76873, 45.33862], [-74.77728, 45.34848], [-74.77431, 45.34968], [-74.77668, 45.35244], [-74.77925, 45.35128], [-74.78274, 45.35535]]]}}, {"type": "Feature", "properties": {"id": "on-ca-238", "name": "Crown 29 Swamp", "hunting_allowed": null, "basis": "ca_permit", "permit_required": true, "authority": "South Nation River Conservation Authority"}, "geometry": {"type": "Polygon", "coordinates": [[[-75.00349, 45.39935], [-75.00912, 45.39781], [-75.00242, 45.38639], [-74.99305, 45.38892], [-74.99641, 45.39465], [-75.0002, 45.39362], [-75.00349, 45.39935]]]}}, {"type": "Feature", "properties": {"id": "on-ca-239", "name": "Dickenson Creek Swamp", "hunting_allowed": null, "basis": "ca_permit", "permit_required": true, "authority": "South Nation River Conservation Authority"}, "geometry": {"type": "MultiPolygon", "coordinates": [[[[-75.06846, 45.52636], [-75.07148, 45.53207], [-75.07843, 45.5302], [-75.0756, 45.52445], [-75.06846, 45.52636]]], [[[-75.0932, 45.49357], [-75.09632, 45.49947], [-75.10356, 45.49752], [-75.10043, 45.4916], [-75.0932, 45.49357]]], [[[-75.12506, 45.50466], [-75.11621, 45.50699], [-75.11921, 45.51276], [-75.12804, 45.51065], [-75.12506, 45.50466]]]]}}, {"type": "Feature", "properties": {"id": "on-ca-240", "name": "Hammond Swamp", "hunting_allowed": null, "basis": "ca_permit", "permit_required": true, "authority": "South Nation River Conservation Authority"}, "geometry": {"type": "MultiPolygon", "coordinates": [[[[-75.20714, 45.45689], [-75.20548, 45.45427], [-75.18976, 45.45838], [-75.19139, 45.46094], [-75.19912, 45.45878], [-75.19928, 45.45903], [-75.20714, 45.45689]]], [[[-75.22599, 45.48697], [-75.2229, 45.48195], [-75.2147, 45.48414], [-75.21773, 45.4892], [-75.22599, 45.48697]]], [[[-75.26241, 45.48281], [-75.25699, 45.47257], [-75.24888, 45.47483], [-75.24614, 45.46974], [-75.242, 45.47089], [-75.24484, 45.47596], [-75.2407, 45.47715], [-75.24409, 45.48354], [-75.25227, 45.48132], [-75.25432, 45.48509], [-75.26241, 45.48281]], [[-75.24486, 45.48187], [-75.2445, 45.48197], [-75.24554, 45.47576], [-75.24591, 45.47566], [-75.24486, 45.48187]]]]}}, {"type": "Feature", "properties": {"id": "on-ca-241", "name": "Leitrim Wetland", "hunting_allowed": null, "basis": "ca_permit", "permit_required": true, "authority": "South Nation River Conservation Authority"}, "geometry": {"type": "Polygon", "coordinates": [[[-75.60385, 45.31202], [-75.61587, 45.30713], [-75.6139, 45.30373], [-75.60191, 45.30865], [-75.60385, 45.31202]]]}}, {"type": "Feature", "properties": {"id": "on-ca-242", "name": "Limerick-Indian Creek Wetland", "hunting_allowed": null, "basis": "ca_permit", "permit_required": true, "authority": "South Nation River Conservation Authority"}, "geometry": {"type": "MultiPolygon", "coordinates": [[[[-75.60605, 44.91801], [-75.60651, 44.91771], [-75.60547, 44.91663], [-75.60605, 44.91801]]], [[[-75.60126, 44.91225], [-75.59579, 44.91516], [-75.60125, 44.92084], [-75.60574, 44.91819], [-75.60478, 44.91591], [-75.60126, 44.91225]]]]}}, {"type": "Feature", "properties": {"id": "on-ca-243", "name": "Morewood Bog", "hunting_allowed": null, "basis": "ca_permit", "permit_required": true, "authority": "South Nation River Conservation Authority"}, "geometry": {"type": "Polygon", "coordinates": [[[-75.23435, 45.15198], [-75.24222, 45.16204], [-75.24577, 45.16072], [-75.2379, 45.15065], [-75.23435, 45.15198]]]}}, {"type": "Feature", "properties": {"id": "on-ca-244", "name": "Osgoode Wetland Complex", "hunting_allowed": null, "basis": "ca_permit", "permit_required": true, "authority": "South Nation River Conservation Authority"}, "geometry": {"type": "Polygon", "coordinates": [[[-75.54008, 45.23752], [-75.54263, 45.24047], [-75.55489, 45.23516], [-75.55296, 45.23176], [-75.53809, 45.23818], [-75.53847, 45.23861], [-75.53869, 45.23851], [-75.53844, 45.23824], [-75.54008, 45.23752]]]}}, {"type": "Feature", "properties": {"id": "on-ca-245", "name": "Pendleton Swamp", "hunting_allowed": null, "basis": "ca_permit", "permit_required": true, "authority": "South Nation River Conservation Authority"}, "geometry": {"type": "MultiPolygon", "coordinates": [[[[-75.00556, 45.43566], [-75.00712, 45.43843], [-75.01434, 45.43645], [-75.01277, 45.43371], [-75.00556, 45.43566]]], [[[-75.0187, 45.42163], [-75.02536, 45.43343], [-75.02695, 45.433], [-75.02356, 45.42707], [-75.02386, 45.42699], [-75.02051, 45.42113], [-75.0187, 45.42163]]], [[[-75.00795, 45.42463], [-75.0113, 45.43045], [-75.01843, 45.4285], [-75.01504, 45.42264], [-75.01093, 45.42378], [-75.01125, 45.42433], [-75.01047, 45.42455], [-75.01015, 45.42401], [-75.00795, 45.42463]], [[-75.01366, 45.42506], [-75.01316, 45.42487], [-75.01323, 45.42472], [-75.01442, 45.42508], [-75.01366, 45.42506]]]]}}, {"type": "Feature", "properties": {"id": "on-ca-246", "name": "South Nation River Wetland", "hunting_allowed": null, "basis": "ca_permit", "permit_required": true, "authority": "South Nation River Conservation Authority"}, "geometry": {"type": "MultiPolygon", "coordinates": [[[[-75.59068, 44.77703], [-75.59037, 44.7772], [-75.59065, 44.77751], [-75.59205, 44.77675], [-75.59276, 44.77754], [-75.59443, 44.77688], [-75.59279, 44.77504], [-75.592, 44.77586], [-75.59176, 44.77667], [-75.59122, 44.77701], [-75.59068, 44.77703]]], [[[-75.57412, 44.79874], [-75.5786, 44.80354], [-75.57875, 44.80316], [-75.5784, 44.8021], [-75.57754, 44.80136], [-75.57768, 44.80111], [-75.57817, 44.80085], [-75.5783, 44.80045], [-75.57811, 44.80005], [-75.57736, 44.79964], [-75.57743, 44.79928], [-75.57776, 44.79905], [-75.57489, 44.79553], [-75.57412, 44.79874]]]]}}, {"type": "Feature", "properties": {"id": "on-ca-247", "name": "Winchester Swamp", "hunting_allowed": null, "basis": "ca_permit", "permit_required": true, "authority": "South Nation River Conservation Authority"}, "geometry": {"type": "MultiPolygon", "coordinates": [[[[-75.42222, 45.10925], [-75.41499, 45.11199], [-75.41967, 45.11743], [-75.42684, 45.11479], [-75.42222, 45.10925]]], [[[-75.45743, 45.09631], [-75.44341, 45.10142], [-75.45246, 45.11195], [-75.45933, 45.10936], [-75.45512, 45.10441], [-75.46214, 45.10186], [-75.45743, 45.09631]]]]}}, {"type": "Feature", "properties": {"id": "on-ca-248", "name": "Wolf Creek Swamp", "hunting_allowed": null, "basis": "ca_permit", "permit_required": true, "authority": "South Nation River Conservation Authority"}, "geometry": {"type": "Polygon", "coordinates": [[[-75.21365, 45.36568], [-75.22001, 45.3637], [-75.21602, 45.35631], [-75.20957, 45.35811], [-75.21365, 45.36568]]]}}, {"type": "Feature", "properties": {"id": "on-ca-249", "name": "Edwardsburgh Forest", "hunting_allowed": null, "basis": "ca_permit", "permit_required": true, "authority": "South Nation River Conservation Authority"}, "geometry": {"type": "MultiPolygon", "coordinates": [[[[-75.46309, 44.81029], [-75.4684, 44.81697], [-75.47046, 44.81585], [-75.46506, 44.80934], [-75.46309, 44.81029]]], [[[-75.47851, 44.84998], [-75.47454, 44.85216], [-75.47801, 44.85631], [-75.48199, 44.85415], [-75.47851, 44.84998]]], [[[-75.47034, 44.81614], [-75.4776, 44.82508], [-75.47953, 44.82401], [-75.47221, 44.81513], [-75.47034, 44.81614]]], [[[-75.41481, 44.84591], [-75.41276, 44.84697], [-75.4255, 44.86248], [-75.42754, 44.86149], [-75.41481, 44.84591]]], [[[-75.48285, 44.80935], [-75.49769, 44.82749], [-75.49964, 44.82644], [-75.48484, 44.80827], [-75.48285, 44.80935]]]]}}, {"type": "Feature", "properties": {"id": "on-ca-250", "name": "Glen Stewart Forest", "hunting_allowed": null, "basis": "ca_permit", "permit_required": true, "authority": "South Nation River Conservation Authority"}, "geometry": {"type": "MultiPolygon", "coordinates": [[[[-75.41684, 44.89427], [-75.42314, 44.90215], [-75.42807, 44.90016], [-75.42294, 44.89372], [-75.41812, 44.89568], [-75.41695, 44.89422], [-75.41684, 44.89427]]], [[[-75.41444, 44.89938], [-75.42464, 44.91181], [-75.42812, 44.91037], [-75.42716, 44.90917], [-75.42835, 44.90868], [-75.42326, 44.90231], [-75.42077, 44.90325], [-75.4167, 44.89817], [-75.41444, 44.89938]]], [[[-75.4374, 44.89406], [-75.43363, 44.89564], [-75.4349, 44.89735], [-75.43237, 44.89839], [-75.43858, 44.90611], [-75.44314, 44.90426], [-75.4425, 44.90342], [-75.44407, 44.90278], [-75.4374, 44.89406]]]]}}, {"type": "Feature", "properties": {"id": "on-ca-251", "name": "Hulbert Forest", "hunting_allowed": null, "basis": "ca_permit", "permit_required": true, "authority": "South Nation River Conservation Authority"}, "geometry": {"type": "MultiPolygon", "coordinates": [[[[-75.42309, 44.96505], [-75.41866, 44.9667], [-75.42294, 44.97188], [-75.42459, 44.96852], [-75.42526, 44.96767], [-75.42309, 44.96505]]], [[[-75.42482, 44.96859], [-75.42323, 44.97189], [-75.42332, 44.97234], [-75.42735, 44.97721], [-75.43186, 44.97565], [-75.4254, 44.96783], [-75.42482, 44.96859]]], [[[-75.41398, 44.95887], [-75.41618, 44.95803], [-75.41654, 44.95848], [-75.41695, 44.95858], [-75.41828, 44.95808], [-75.41899, 44.95892], [-75.41979, 44.95861], [-75.41638, 44.95444], [-75.4185, 44.95361], [-75.42186, 44.9578], [-75.42445, 44.95678], [-75.42324, 44.95525], [-75.42399, 44.95496], [-75.42521, 44.95649], [-75.42827, 44.95529], [-75.42192, 44.94702], [-75.41529, 44.94961], [-75.41517, 44.94945], [-75.41299, 44.95027], [-75.4086, 44.95204], [-75.41398, 44.95887]]]]}}, {"type": "Feature", "properties": {"id": "on-ca-252", "name": "Riceville Forest", "hunting_allowed": null, "basis": "ca_permit", "permit_required": true, "authority": "South Nation River Conservation Authority"}, "geometry": {"type": "MultiPolygon", "coordinates": [[[[-74.9371, 45.42239], [-74.93843, 45.42468], [-74.93794, 45.42482], [-74.93837, 45.42557], [-74.94007, 45.42508], [-74.93994, 45.42485], [-74.94188, 45.42428], [-74.94159, 45.42377], [-74.94191, 45.42367], [-74.9406, 45.42138], [-74.9371, 45.42239]]], [[[-74.97074, 45.39513], [-74.97413, 45.4008], [-74.97728, 45.39993], [-74.97398, 45.39423], [-74.97074, 45.39513]]], [[[-75.02884, 45.3926], [-75.03192, 45.39832], [-75.03146, 45.39845], [-75.03464, 45.40415], [-75.03643, 45.40364], [-75.03326, 45.39795], [-75.03392, 45.39776], [-75.03075, 45.39208], [-75.02884, 45.3926]]], [[[-74.98862, 45.40343], [-74.99054, 45.4029], [-74.98719, 45.39719], [-74.98683, 45.39729], [-74.98348, 45.39158], [-74.98142, 45.39216], [-74.98477, 45.39786], [-74.98527, 45.39772], [-74.98862, 45.40343]]], [[[-75.03888, 45.3898], [-75.04207, 45.39549], [-75.04145, 45.39566], [-75.04461, 45.40132], [-75.04723, 45.40058], [-75.04408, 45.39492], [-75.0449, 45.39469], [-75.04173, 45.38901], [-75.03888, 45.3898]]], [[[-74.98801, 45.41755], [-74.99119, 45.42294], [-74.99832, 45.42089], [-74.99516, 45.41551], [-74.98801, 45.41755]]], [[[-75.01822, 45.39551], [-75.02158, 45.4012], [-75.02078, 45.40141], [-75.02409, 45.40714], [-75.02755, 45.40617], [-75.02434, 45.40043], [-75.0248, 45.4003], [-75.02171, 45.39455], [-75.01822, 45.39551]]], [[[-75.03672, 45.41645], [-75.03806, 45.41608], [-75.03685, 45.41556], [-75.03656, 45.41507], [-75.03965, 45.41435], [-75.04029, 45.41546], [-75.04329, 45.41463], [-75.04253, 45.41355], [-75.04322, 45.41336], [-75.04312, 45.41319], [-75.03952, 45.41412], [-75.03712, 45.41], [-75.03778, 45.40981], [-75.03463, 45.40435], [-75.03107, 45.40536], [-75.03406, 45.41085], [-75.03366, 45.41097], [-75.03672, 45.41645]]], [[[-74.96034, 45.4046], [-74.96366, 45.41027], [-74.96802, 45.40907], [-74.96469, 45.4034], [-74.96413, 45.40356], [-74.96081, 45.39789], [-74.95618, 45.39918], [-74.95946, 45.40485], [-74.96034, 45.4046]]], [[[-74.99256, 45.40235], [-74.99979, 45.40037], [-74.99644, 45.39464], [-74.99617, 45.39471], [-74.99281, 45.38899], [-74.98562, 45.39099], [-74.98893, 45.39671], [-74.98921, 45.39663], [-74.99256, 45.40235]]], [[[-74.99328, 45.41585], [-74.99684, 45.41484], [-74.99344, 45.40905], [-74.99405, 45.40888], [-74.99064, 45.40307], [-74.97821, 45.40648], [-74.98157, 45.41237], [-74.98618, 45.41108], [-74.98442, 45.40796], [-74.98701, 45.40725], [-74.98878, 45.41035], [-74.98987, 45.41005], [-74.99328, 45.41585]]], [[[-75.0114, 45.42346], [-75.01556, 45.42231], [-75.01518, 45.42162], [-75.01819, 45.42081], [-75.01857, 45.42147], [-75.02675, 45.41921], [-75.02668, 45.41905], [-75.02676, 45.41921], [-75.02954, 45.41844], [-75.0265, 45.41297], [-75.01631, 45.41582], [-75.01334, 45.41036], [-75.00604, 45.41242], [-75.00906, 45.41785], [-75.00838, 45.41804], [-75.0114, 45.42346]]]]}}, {"type": "Feature", "properties": {"id": "on-ca-253", "name": "Sand Road Forest", "hunting_allowed": null, "basis": "ca_permit", "permit_required": true, "authority": "South Nation River Conservation Authority"}, "geometry": {"type": "MultiPolygon", "coordinates": [[[[-74.92764, 45.24345], [-74.9234, 45.24508], [-74.92873, 45.25207], [-74.93031, 45.25117], [-74.93021, 45.25054], [-74.9292, 45.24928], [-74.9297, 45.24907], [-74.92946, 45.24874], [-74.93144, 45.24845], [-74.92764, 45.24345]]], [[[-74.92269, 45.23714], [-74.92764, 45.24332], [-74.932, 45.24165], [-74.9273, 45.23583], [-74.92269, 45.23714]]]]}}, {"type": "Feature", "properties": {"id": "on-ca-254", "name": "Bearbrook Forest", "hunting_allowed": null, "basis": "ca_permit", "permit_required": true, "authority": "South Nation River Conservation Authority"}, "geometry": {"type": "Polygon", "coordinates": [[[-75.40269, 45.3758], [-75.40909, 45.37445], [-75.40767, 45.37182], [-75.40127, 45.37316], [-75.40269, 45.3758]]]}}, {"type": "Feature", "properties": {"id": "on-ca-255", "name": "Curran Forest", "hunting_allowed": null, "basis": "ca_permit", "permit_required": true, "authority": "South Nation River Conservation Authority"}, "geometry": {"type": "MultiPolygon", "coordinates": [[[[-75.08057, 45.48516], [-75.07715, 45.48606], [-75.07988, 45.49116], [-75.08294, 45.49034], [-75.08265, 45.4901], [-75.08188, 45.48819], [-75.08124, 45.4876], [-75.0813, 45.48651], [-75.08057, 45.48516]]], [[[-75.10756, 45.48946], [-75.11346, 45.48785], [-75.11247, 45.48582], [-75.10946, 45.48664], [-75.10847, 45.48461], [-75.10555, 45.4854], [-75.10756, 45.48946]]], [[[-75.07339, 45.49895], [-75.0765, 45.50481], [-75.07615, 45.5049], [-75.07918, 45.51076], [-75.08101, 45.51027], [-75.0779, 45.50441], [-75.07812, 45.50435], [-75.07493, 45.49853], [-75.07339, 45.49895]]], [[[-74.99519, 45.47435], [-74.99415, 45.47456], [-74.99453, 45.47526], [-75.00174, 45.47332], [-75.00021, 45.47049], [-74.99299, 45.47243], [-74.9938, 45.47392], [-74.9948, 45.47376], [-74.99519, 45.47435]]], [[[-75.09973, 45.53111], [-75.10474, 45.54014], [-75.10713, 45.5395], [-75.10202, 45.53052], [-75.09973, 45.53111]]], [[[-75.04451, 45.49471], [-75.04727, 45.4998], [-75.05458, 45.49795], [-75.05187, 45.49276], [-75.04451, 45.49471]]], [[[-75.06132, 45.52827], [-75.06434, 45.53398], [-75.07148, 45.53207], [-75.06846, 45.52636], [-75.06132, 45.52827]]]]}}, {"type": "Feature", "properties": {"id": "on-ca-256", "name": "Gravel Hill Forest", "hunting_allowed": null, "basis": "ca_permit", "permit_required": true, "authority": "South Nation River Conservation Authority"}, "geometry": {"type": "MultiPolygon", "coordinates": [[[[-74.87635, 45.23259], [-74.88137, 45.23866], [-74.88342, 45.23783], [-74.87841, 45.23175], [-74.87635, 45.23259]]], [[[-74.88478, 45.22913], [-74.88993, 45.23534], [-74.89218, 45.23447], [-74.88704, 45.22824], [-74.88478, 45.22913]]], [[[-74.86765, 45.22202], [-74.87627, 45.23249], [-74.87832, 45.23164], [-74.8697, 45.22118], [-74.86765, 45.22202]]], [[[-74.86983, 45.22112], [-74.87685, 45.22964], [-74.88114, 45.22796], [-74.87408, 45.21939], [-74.86983, 45.22112]]], [[[-74.88683, 45.21421], [-74.90084, 45.23118], [-74.90295, 45.23039], [-74.89349, 45.21868], [-74.88897, 45.21333], [-74.88683, 45.21421]]]]}}, {"type": "Feature", "properties": {"id": "on-ca-257", "name": "Hallville Forest", "hunting_allowed": null, "basis": "ca_permit", "permit_required": true, "authority": "South Nation River Conservation Authority"}, "geometry": {"type": "MultiPolygon", "coordinates": [[[[-75.49597, 45.06326], [-75.49988, 45.06769], [-75.50151, 45.06708], [-75.49767, 45.0626], [-75.49597, 45.06326]]], [[[-75.52574, 45.03319], [-75.52906, 45.03692], [-75.53159, 45.036], [-75.52818, 45.03232], [-75.52574, 45.03319]]], [[[-75.49843, 45.01604], [-75.50291, 45.02112], [-75.5065, 45.02003], [-75.50191, 45.01481], [-75.49843, 45.01604]]], [[[-75.48543, 45.01456], [-75.48105, 45.01637], [-75.48461, 45.02067], [-75.48919, 45.01907], [-75.48543, 45.01456]]], [[[-75.49987, 44.98843], [-75.50292, 44.98667], [-75.50544, 44.98958], [-75.5063, 44.98889], [-75.50578, 44.9883], [-75.50598, 44.98821], [-75.5003, 44.98173], [-75.49565, 44.98349], [-75.49987, 44.98843]]]]}}, {"type": "Feature", "properties": {"id": "on-ca-258", "name": "Hell's Gate Forest", "hunting_allowed": null, "basis": "ca_permit", "permit_required": true, "authority": "South Nation River Conservation Authority"}, "geometry": {"type": "Polygon", "coordinates": [[[-75.49406, 44.94601], [-75.49514, 44.94584], [-75.49617, 44.94529], [-75.48494, 44.93107], [-75.48248, 44.9323], [-75.49354, 44.94631], [-75.49406, 44.94601]]]}}, {"type": "Feature", "properties": {"id": "on-ca-259", "name": "Leduc Forest", "hunting_allowed": null, "basis": "ca_permit", "permit_required": true, "authority": "South Nation River Conservation Authority"}, "geometry": {"type": "Polygon", "coordinates": [[[-74.86132, 45.34336], [-74.86376, 45.34238], [-74.85702, 45.33395], [-74.85475, 45.33494], [-74.86132, 45.34336]]]}}, {"type": "Feature", "properties": {"id": "on-ca-260", "name": "Maxville Forest", "hunting_allowed": null, "basis": "ca_permit", "permit_required": true, "authority": "South Nation River Conservation Authority"}, "geometry": {"type": "MultiPolygon", "coordinates": [[[[-74.82511, 45.31338], [-74.82086, 45.31526], [-74.83542, 45.33171], [-74.83969, 45.32985], [-74.82511, 45.31338]]], [[[-74.82637, 45.30188], [-74.82325, 45.30199], [-74.81708, 45.30132], [-74.81515, 45.30231], [-74.82474, 45.31342], [-74.83309, 45.30966], [-74.82637, 45.30188]]]]}}, {"type": "Feature", "properties": {"id": "on-ca-261", "name": "Mcintosh Forest", "hunting_allowed": null, "basis": "ca_permit", "permit_required": true, "authority": "South Nation River Conservation Authority"}, "geometry": {"type": "Polygon", "coordinates": [[[-75.09941, 45.17202], [-75.09912, 45.17243], [-75.09936, 45.17277], [-75.099, 45.17291], [-75.10298, 45.17795], [-75.10341, 45.17778], [-75.10288, 45.17709], [-75.10337, 45.1769], [-75.10325, 45.17672], [-75.10423, 45.17634], [-75.10426, 45.17609], [-75.10482, 45.17589], [-75.10499, 45.17567], [-75.10532, 45.17564], [-75.10597, 45.17613], [-75.10759, 45.17548], [-75.10737, 45.17521], [-75.1077, 45.17513], [-75.10552, 45.17352], [-75.10539, 45.17385], [-75.10412, 45.17508], [-75.10167, 45.17453], [-75.10157, 45.17445], [-75.10482, 45.17296], [-75.10249, 45.17106], [-75.10081, 45.17182], [-75.09941, 45.17202]]]}}, {"type": "Feature", "properties": {"id": "on-ca-262", "name": "Mcleod Forest", "hunting_allowed": null, "basis": "ca_permit", "permit_required": true, "authority": "South Nation River Conservation Authority"}, "geometry": {"type": "Polygon", "coordinates": [[[-75.10199, 45.13083], [-75.10369, 45.13015], [-75.10494, 45.1292], [-75.10457, 45.12815], [-75.10487, 45.12799], [-75.10462, 45.12661], [-75.1069, 45.12583], [-75.10395, 45.122], [-75.09714, 45.12452], [-75.10199, 45.13083]]]}}, {"type": "Feature", "properties": {"id": "on-ca-263", "name": "Navan Forest", "hunting_allowed": null, "basis": "ca_permit", "permit_required": true, "authority": "South Nation River Conservation Authority"}, "geometry": {"type": "Polygon", "coordinates": [[[-75.4067, 45.41885], [-75.40752, 45.42039], [-75.41561, 45.4182], [-75.41431, 45.41576], [-75.40671, 45.41768], [-75.40727, 45.4187], [-75.4067, 45.41885]]]}}, {"type": "Feature", "properties": {"id": "on-ca-264", "name": "Oschmann Forest Conservation Area", "hunting_allowed": null, "basis": "ca_permit", "permit_required": true, "authority": "South Nation River Conservation Authority"}, "geometry": {"type": "Polygon", "coordinates": [[[-75.39356, 45.15117], [-75.39487, 45.15089], [-75.39492, 45.15052], [-75.39794, 45.15039], [-75.3995, 45.14973], [-75.39824, 45.14826], [-75.393, 45.15041], [-75.39356, 45.15117]]]}}, {"type": "Feature", "properties": {"id": "on-ca-265", "name": "Reveler Conservation Area", "hunting_allowed": null, "basis": "ca_permit", "permit_required": true, "authority": "South Nation River Conservation Authority"}, "geometry": {"type": "Polygon", "coordinates": [[[-75.22692, 45.2111], [-75.23366, 45.20849], [-75.22931, 45.20291], [-75.22442, 45.20478], [-75.2249, 45.2054], [-75.22433, 45.20562], [-75.22385, 45.20499], [-75.22266, 45.20545], [-75.22692, 45.2111]]]}}, {"type": "Feature", "properties": {"id": "on-ca-266", "name": "Rowena Forest", "hunting_allowed": null, "basis": "ca_permit", "permit_required": true, "authority": "South Nation River Conservation Authority"}, "geometry": {"type": "Polygon", "coordinates": [[[-75.31771, 44.89136], [-75.32016, 44.89032], [-75.31982, 44.88987], [-75.3203, 44.88966], [-75.32064, 44.89012], [-75.32131, 44.88983], [-75.32094, 44.88939], [-75.32154, 44.88914], [-75.31541, 44.88168], [-75.31138, 44.88351], [-75.31771, 44.89136]]]}}, {"type": "Feature", "properties": {"id": "on-ca-267", "name": "Snake Island Forest", "hunting_allowed": null, "basis": "ca_permit", "permit_required": true, "authority": "South Nation River Conservation Authority"}, "geometry": {"type": "Polygon", "coordinates": [[[-75.4919, 45.21968], [-75.50283, 45.21505], [-75.50104, 45.21167], [-75.49014, 45.21626], [-75.4919, 45.21968]]]}}, {"type": "Feature", "properties": {"id": "on-ca-268", "name": "The Healing Place", "hunting_allowed": null, "basis": "ca_permit", "permit_required": true, "authority": "South Nation River Conservation Authority"}, "geometry": {"type": "Polygon", "coordinates": [[[-75.48897, 44.91063], [-75.49292, 44.91519], [-75.49644, 44.91337], [-75.48962, 44.90498], [-75.48581, 44.90698], [-75.4882, 44.90977], [-75.49057, 44.90875], [-75.49043, 44.90933], [-75.49082, 44.90984], [-75.48897, 44.91063]]]}}, {"type": "Feature", "properties": {"id": "on-ca-269", "name": "Velema Forest", "hunting_allowed": null, "basis": "ca_permit", "permit_required": true, "authority": "South Nation River Conservation Authority"}, "geometry": {"type": "MultiPolygon", "coordinates": [[[[-74.94524, 45.20197], [-74.94251, 45.20548], [-74.94817, 45.21238], [-74.95249, 45.21064], [-74.94524, 45.20197]]], [[[-74.99055, 45.2193], [-74.98396, 45.2219], [-74.98818, 45.22745], [-74.99473, 45.2249], [-74.99055, 45.2193]]], [[[-74.94817, 45.21255], [-74.95511, 45.22124], [-74.96372, 45.21795], [-74.95671, 45.20907], [-74.95631, 45.20923], [-74.9571, 45.21025], [-74.95323, 45.2118], [-74.95359, 45.21224], [-74.95269, 45.21274], [-74.95279, 45.21287], [-74.95165, 45.21333], [-74.95033, 45.21168], [-74.94817, 45.21255]]]]}}, {"type": "Feature", "properties": {"id": "on-ca-270", "name": "Adams Road Forest", "hunting_allowed": null, "basis": "ca_permit", "permit_required": true, "authority": "South Nation River Conservation Authority"}, "geometry": {"type": "Polygon", "coordinates": [[[-75.49984, 44.87541], [-75.5003, 44.87516], [-75.5009, 44.87586], [-75.50044, 44.87612], [-75.50687, 44.88365], [-75.51086, 44.88152], [-75.50375, 44.87316], [-75.49984, 44.87541]]]}}, {"type": "Feature", "properties": {"id": "on-ca-271", "name": "Allen Road Forest", "hunting_allowed": null, "basis": "ca_permit", "permit_required": true, "authority": "South Nation River Conservation Authority"}, "geometry": {"type": "MultiPolygon", "coordinates": [[[[-75.12834, 45.06983], [-75.13529, 45.07793], [-75.13736, 45.07711], [-75.13038, 45.06898], [-75.12834, 45.06983]]], [[[-75.11443, 45.07562], [-75.12823, 45.0915], [-75.12929, 45.09107], [-75.11549, 45.07518], [-75.11443, 45.07562]]]]}}, {"type": "Feature", "properties": {"id": "on-ca-272", "name": "Haig Forest", "hunting_allowed": null, "basis": "ca_permit", "permit_required": true, "authority": "South Nation River Conservation Authority"}, "geometry": {"type": "Polygon", "coordinates": [[[-75.21061, 45.3421], [-75.21147, 45.34188], [-75.20839, 45.33679], [-75.20686, 45.33729], [-75.20897, 45.34079], [-75.20971, 45.3406], [-75.21061, 45.3421]]]}}, {"type": "Feature", "properties": {"id": "on-ca-273", "name": "Lemieux Forest", "hunting_allowed": null, "basis": "ca_permit", "permit_required": true, "authority": "South Nation River Conservation Authority"}, "geometry": {"type": "MultiPolygon", "coordinates": [[[[-75.08048, 45.37499], [-75.08172, 45.37465], [-75.08142, 45.37414], [-75.08215, 45.37394], [-75.08097, 45.37196], [-75.08048, 45.37499]]], [[[-75.07586, 45.36928], [-75.07932, 45.37532], [-75.08019, 45.37507], [-75.08077, 45.37162], [-75.07885, 45.36841], [-75.07586, 45.36928]]], [[[-75.06615, 45.365], [-75.06307, 45.36588], [-75.06671, 45.3719], [-75.06967, 45.37106], [-75.06615, 45.365]]], [[[-75.07174, 45.3486], [-75.07932, 45.36099], [-75.08092, 45.36054], [-75.07334, 45.34814], [-75.07174, 45.3486]]], [[[-75.10183, 45.38657], [-75.10604, 45.39443], [-75.10916, 45.39356], [-75.10503, 45.38572], [-75.10183, 45.38657]]], [[[-75.1102, 45.35248], [-75.10595, 45.35363], [-75.10657, 45.35469], [-75.10429, 45.35531], [-75.10762, 45.36092], [-75.10898, 45.3605], [-75.1113, 45.35852], [-75.11302, 45.35738], [-75.1102, 45.35248]]], [[[-75.1019, 45.35454], [-75.1021, 45.35448], [-75.10178, 45.35396], [-75.10481, 45.35313], [-75.10512, 45.35366], [-75.10829, 45.3528], [-75.10456, 45.34651], [-75.09815, 45.34832], [-75.1019, 45.35454]]], [[[-75.09314, 45.34227], [-75.09634, 45.34137], [-75.0958, 45.34031], [-75.09658, 45.34008], [-75.09721, 45.34113], [-75.09959, 45.34047], [-75.09546, 45.33322], [-75.08955, 45.33603], [-75.09314, 45.34227]]], [[[-75.10825, 45.38924], [-75.10729, 45.38949], [-75.1094, 45.39349], [-75.116, 45.39177], [-75.11181, 45.38392], [-75.10527, 45.38566], [-75.10671, 45.38838], [-75.10765, 45.38813], [-75.10825, 45.38924]]], [[[-75.12601, 45.36315], [-75.11928, 45.36481], [-75.12815, 45.37976], [-75.13433, 45.37826], [-75.12601, 45.36315]]]]}}, {"type": "Feature", "properties": {"id": "on-ca-274", "name": "Claremont Field Centre", "hunting_allowed": null, "basis": "ca_permit", "permit_required": true, "authority": "Toronto and Region Conservation Authority"}, "geometry": {"type": "Polygon", "coordinates": [[[-79.07755, 43.95714], [-79.07812, 43.9589], [-79.08076, 43.96499], [-79.09073, 43.96273], [-79.08298, 43.94583], [-79.07387, 43.94805], [-79.07443, 43.94912], [-79.07405, 43.9492], [-79.07433, 43.94984], [-79.0753, 43.94965], [-79.07539, 43.94938], [-79.0757, 43.94928], [-79.07653, 43.94946], [-79.07702, 43.9507], [-79.0766, 43.95103], [-79.0772, 43.9511], [-79.07781, 43.95242], [-79.07687, 43.95288], [-79.07792, 43.95266], [-79.07804, 43.95301], [-79.07722, 43.95344], [-79.07728, 43.95366], [-79.07776, 43.95331], [-79.07824, 43.95329], [-79.07834, 43.95359], [-79.07815, 43.95436], [-79.07703, 43.95458], [-79.07669, 43.95414], [-79.07627, 43.95423], [-79.07755, 43.95714]], [[-79.07833, 43.95516], [-79.07842, 43.95544], [-79.07824, 43.95559], [-79.07742, 43.95564], [-79.0775, 43.9553], [-79.07833, 43.95516]], [[-79.07849, 43.95491], [-79.07692, 43.95525], [-79.0767, 43.95491], [-79.078, 43.95442], [-79.07842, 43.95449], [-79.07849, 43.95491]]]}}, {"type": "Feature", "properties": {"id": "on-ca-275", "name": "Black Creek Pioneer Village", "hunting_allowed": null, "basis": "ca_permit", "permit_required": true, "authority": "Toronto and Region Conservation Authority"}, "geometry": {"type": "MultiPolygon", "coordinates": [[[[-79.52187, 43.77666], [-79.52099, 43.77839], [-79.5211, 43.77941], [-79.52632, 43.77833], [-79.52649, 43.77766], [-79.52639, 43.77729], [-79.52576, 43.77653], [-79.52303, 43.77527], [-79.52197, 43.77578], [-79.52187, 43.77666]]], [[[-79.51403, 43.77189], [-79.51477, 43.77327], [-79.51655, 43.77505], [-79.51709, 43.77613], [-79.52136, 43.77534], [-79.52125, 43.77519], [-79.52143, 43.77433], [-79.51996, 43.77401], [-79.52009, 43.77376], [-79.51929, 43.7731], [-79.51867, 43.77231], [-79.52081, 43.77177], [-79.5183, 43.77225], [-79.51779, 43.77195], [-79.51769, 43.77177], [-79.51788, 43.77171], [-79.51776, 43.77143], [-79.51728, 43.77102], [-79.51718, 43.77056], [-79.5167, 43.77003], [-79.51403, 43.77189]]]]}}, {"type": "Feature", "properties": {"id": "on-ca-276", "name": "Petticoat Creek Conservation Area", "hunting_allowed": null, "basis": "ca_permit", "permit_required": true, "authority": "Toronto and Region Conservation Authority"}, "geometry": {"type": "MultiPolygon", "coordinates": [[[[-79.11373, 43.79676], [-79.11393, 43.79627], [-79.11339, 43.79595], [-79.11337, 43.79596], [-79.11373, 43.79676]]], [[[-79.10316, 43.80307], [-79.10403, 43.805], [-79.10413, 43.80454], [-79.10459, 43.80394], [-79.10628, 43.8025], [-79.10668, 43.80195], [-79.10755, 43.80172], [-79.10819, 43.80118], [-79.10829, 43.80042], [-79.10848, 43.8002], [-79.10895, 43.80014], [-79.1095, 43.79893], [-79.11057, 43.7986], [-79.11119, 43.7979], [-79.11164, 43.79759], [-79.11207, 43.79752], [-79.11188, 43.79707], [-79.11203, 43.79696], [-79.11224, 43.79746], [-79.11269, 43.7973], [-79.11262, 43.79668], [-79.11247, 43.79665], [-79.11292, 43.7963], [-79.11287, 43.79678], [-79.11361, 43.79662], [-79.11334, 43.79598], [-79.11373, 43.79572], [-79.11379, 43.79585], [-79.11414, 43.79579], [-79.11393, 43.79557], [-79.11446, 43.79509], [-79.11481, 43.795], [-79.11425, 43.79511], [-79.11152, 43.79722], [-79.11121, 43.79651], [-79.10839, 43.79765], [-79.10723, 43.79936], [-79.10761, 43.80028], [-79.10743, 43.80046], [-79.10703, 43.7995], [-79.10316, 43.80307]]], [[[-79.1128, 43.80551], [-79.1125, 43.80589], [-79.11278, 43.80651], [-79.11475, 43.80605], [-79.11497, 43.80533], [-79.1152, 43.80045], [-79.1164, 43.7971], [-79.11502, 43.79697], [-79.11518, 43.79724], [-79.11489, 43.79733], [-79.11508, 43.79767], [-79.11414, 43.79799], [-79.11377, 43.79725], [-79.11349, 43.79726], [-79.11365, 43.79763], [-79.11194, 43.79822], [-79.11173, 43.79773], [-79.11126, 43.79794], [-79.11063, 43.79865], [-79.10963, 43.79893], [-79.10926, 43.79947], [-79.10902, 43.8002], [-79.1084, 43.8004], [-79.10827, 43.80122], [-79.1076, 43.80177], [-79.10675, 43.80199], [-79.10635, 43.80254], [-79.10467, 43.80397], [-79.10422, 43.80456], [-79.10406, 43.80508], [-79.10438, 43.80577], [-79.10486, 43.80567], [-79.1056, 43.80579], [-79.10787, 43.80528], [-79.10957, 43.80556], [-79.10981, 43.80611], [-79.11005, 43.80606], [-79.10959, 43.80499], [-79.10995, 43.80488], [-79.11044, 43.80431], [-79.11086, 43.8051], [-79.11223, 43.80496], [-79.1128, 43.80551]], [[-79.11368, 43.79964], [-79.11336, 43.79977], [-79.11318, 43.79953], [-79.11345, 43.79943], [-79.11368, 43.79964]]]]}}, {"type": "Feature", "properties": {"id": "on-ca-277", "name": "Boyd Conservation Area", "hunting_allowed": null, "basis": "ca_permit", "permit_required": true, "authority": "Toronto and Region Conservation Authority"}, "geometry": {"type": "Polygon", "coordinates": [[[-79.57951, 43.80875], [-79.58216, 43.82075], [-79.58526, 43.82038], [-79.58763, 43.81969], [-79.5878, 43.819], [-79.58755, 43.81838], [-79.58617, 43.81854], [-79.58533, 43.81826], [-79.58483, 43.81846], [-79.58474, 43.81947], [-79.58501, 43.81977], [-79.58544, 43.81968], [-79.58545, 43.81946], [-79.58596, 43.81947], [-79.58596, 43.81973], [-79.58501, 43.81983], [-79.5848, 43.81974], [-79.58465, 43.81951], [-79.58477, 43.81842], [-79.58532, 43.8182], [-79.58589, 43.81837], [-79.58498, 43.81805], [-79.58457, 43.81811], [-79.58446, 43.8176], [-79.5851, 43.81747], [-79.58528, 43.81798], [-79.58609, 43.81837], [-79.58673, 43.81812], [-79.58667, 43.81793], [-79.58717, 43.81797], [-79.5873, 43.81827], [-79.58769, 43.81836], [-79.58791, 43.81899], [-79.58778, 43.81964], [-79.5925, 43.81858], [-79.59229, 43.81861], [-79.59153, 43.81683], [-79.59093, 43.81696], [-79.59048, 43.81638], [-79.59101, 43.81605], [-79.5904, 43.81528], [-79.59184, 43.81491], [-79.59201, 43.81526], [-79.5919, 43.81585], [-79.59269, 43.81567], [-79.59268, 43.81499], [-79.59422, 43.81444], [-79.59404, 43.81414], [-79.59356, 43.81408], [-79.59364, 43.81347], [-79.59401, 43.81322], [-79.58875, 43.80989], [-79.58716, 43.8075], [-79.58688, 43.80756], [-79.58677, 43.80726], [-79.58693, 43.80716], [-79.58511, 43.80447], [-79.58486, 43.80367], [-79.58277, 43.80404], [-79.58215, 43.80399], [-79.58243, 43.80434], [-79.58203, 43.80556], [-79.57883, 43.80629], [-79.57951, 43.80875]], [[-79.5862, 43.80785], [-79.58605, 43.80788], [-79.58601, 43.80776], [-79.58616, 43.80773], [-79.5862, 43.80785]], [[-79.57952, 43.8088], [-79.57992, 43.80889], [-79.57959, 43.80911], [-79.57952, 43.8088]]]}}, {"type": "Feature", "properties": {"id": "on-ca-278", "name": "Lake St. George Field Centre", "hunting_allowed": null, "basis": "ca_permit", "permit_required": true, "authority": "Toronto and Region Conservation Authority"}, "geometry": {"type": "Polygon", "coordinates": [[[-79.42138, 43.963], [-79.43331, 43.96052], [-79.43191, 43.95451], [-79.4311, 43.95358], [-79.42861, 43.95195], [-79.42812, 43.95134], [-79.42779, 43.9506], [-79.42756, 43.9505], [-79.41906, 43.95231], [-79.41989, 43.95582], [-79.41653, 43.95655], [-79.4173, 43.96014], [-79.4206, 43.95942], [-79.42138, 43.963]], [[-79.41681, 43.9566], [-79.41675, 43.95668], [-79.41673, 43.95662], [-79.41681, 43.9566]]]}}, {"type": "Feature", "properties": {"id": "on-ca-279", "name": "Albion Hills Conservation Area", "hunting_allowed": null, "basis": "ca_permit", "permit_required": true, "authority": "Toronto and Region Conservation Authority", "management_plan": "Albion Hills Conservation Area Master Plan (TRCA 2017)"}, "geometry": {"type": "Polygon", "coordinates": [[[-79.81901, 43.92145], [-79.81087, 43.92891], [-79.81486, 43.93291], [-79.81688, 43.93372], [-79.81797, 43.93455], [-79.82086, 43.93863], [-79.82189, 43.9377], [-79.82217, 43.9377], [-79.82291, 43.93835], [-79.82328, 43.93757], [-79.82441, 43.93752], [-79.82499, 43.93888], [-79.827, 43.94067], [-79.82808, 43.93971], [-79.83058, 43.9418], [-79.83799, 43.9349], [-79.84071, 43.93688], [-79.84328, 43.93459], [-79.84384, 43.93238], [-79.84382, 43.93053], [-79.84129, 43.92006], [-79.83623, 43.91637], [-79.83579, 43.91673], [-79.83593, 43.91682], [-79.83579, 43.91695], [-79.83562, 43.91691], [-79.8359, 43.91702], [-79.83647, 43.91666], [-79.83884, 43.9184], [-79.83889, 43.91859], [-79.83812, 43.91906], [-79.83671, 43.91913], [-79.83474, 43.91795], [-79.83415, 43.9172], [-79.83408, 43.91669], [-79.83426, 43.91619], [-79.83486, 43.9156], [-79.83517, 43.91591], [-79.83471, 43.91636], [-79.83522, 43.91667], [-79.83588, 43.91612], [-79.83311, 43.91424], [-79.82794, 43.919], [-79.82454, 43.91651], [-79.82133, 43.91939], [-79.81871, 43.91748], [-79.81638, 43.91953], [-79.81901, 43.92145]], [[-79.83662, 43.92252], [-79.83636, 43.92266], [-79.83585, 43.92252], [-79.83589, 43.92176], [-79.83664, 43.92226], [-79.83662, 43.92252]], [[-79.83925, 43.91868], [-79.83973, 43.91925], [-79.83983, 43.91963], [-79.83961, 43.91984], [-79.83919, 43.91977], [-79.83874, 43.91903], [-79.83925, 43.91868]], [[-79.83704, 43.92247], [-79.83904, 43.92073], [-79.84009, 43.92134], [-79.8382, 43.923], [-79.83704, 43.92247]], [[-79.83589, 43.92166], [-79.83781, 43.91993], [-79.83822, 43.91997], [-79.83909, 43.92041], [-79.83676, 43.92249], [-79.83663, 43.92214], [-79.83589, 43.92166]]]}}, {"type": "Feature", "properties": {"id": "on-ca-280", "name": "Bruce's Mill Conservation Area", "hunting_allowed": null, "basis": "ca_permit", "permit_required": true, "authority": "Toronto and Region Conservation Authority", "management_plan": "Bruce's Mill Conservation Area Master Plan (TRCA 2011)"}, "geometry": {"type": "Polygon", "coordinates": [[[-79.3452, 43.94866], [-79.34524, 43.94934], [-79.34812, 43.94868], [-79.34817, 43.94878], [-79.35018, 43.94825], [-79.34965, 43.94703], [-79.3512, 43.94667], [-79.35174, 43.94791], [-79.35492, 43.94706], [-79.35479, 43.94654], [-79.35641, 43.94616], [-79.35475, 43.93919], [-79.33805, 43.94308], [-79.33901, 43.94667], [-79.34129, 43.94613], [-79.34161, 43.94743], [-79.34346, 43.94708], [-79.34389, 43.94754], [-79.34485, 43.94806], [-79.3452, 43.94866]], [[-79.34504, 43.94714], [-79.34436, 43.94747], [-79.34399, 43.94721], [-79.34443, 43.94698], [-79.34504, 43.94714]]]}}, {"type": "Feature", "properties": {"id": "on-ca-281", "name": "Clubine", "hunting_allowed": null, "basis": "ca_permit", "permit_required": true, "authority": "Toronto and Region Conservation Authority"}, "geometry": {"type": "Polygon", "coordinates": [[[-79.16671, 44.03307], [-79.15633, 44.03558], [-79.15781, 44.03905], [-79.1697, 44.03625], [-79.16902, 44.03458], [-79.16748, 44.03496], [-79.16671, 44.03307]]]}}, {"type": "Feature", "properties": {"id": "on-ca-282", "name": "Secord", "hunting_allowed": null, "basis": "ca_permit", "permit_required": true, "authority": "Toronto and Region Conservation Authority"}, "geometry": {"type": "MultiPolygon", "coordinates": [[[[-79.17733, 44.02303], [-79.18899, 44.02034], [-79.18752, 44.01683], [-79.18289, 44.0179], [-79.1827, 44.01909], [-79.18273, 44.01925], [-79.18306, 44.01923], [-79.18309, 44.01955], [-79.18159, 44.01963], [-79.18154, 44.01922], [-79.18249, 44.01916], [-79.18253, 44.01865], [-79.18166, 44.01864], [-79.181, 44.01834], [-79.17581, 44.01954], [-79.17733, 44.02303]]], [[[-79.18269, 44.01776], [-79.18558, 44.01709], [-79.18469, 44.01598], [-79.18534, 44.01575], [-79.1852, 44.0147], [-79.18609, 44.01477], [-79.1866, 44.01459], [-79.18492, 44.01058], [-79.18249, 44.01116], [-79.18243, 44.01098], [-79.18027, 44.0115], [-79.17994, 44.01078], [-79.18005, 44.01061], [-79.18152, 44.01026], [-79.18309, 44.00932], [-79.18428, 44.00903], [-79.18417, 44.00878], [-79.18292, 44.00907], [-79.18129, 44.01003], [-79.17979, 44.01039], [-79.17953, 44.01076], [-79.17991, 44.01158], [-79.17813, 44.01202], [-79.1792, 44.01462], [-79.17425, 44.01571], [-79.17431, 44.0159], [-79.17106, 44.01664], [-79.17146, 44.01761], [-79.16826, 44.01842], [-79.16807, 44.01793], [-79.16517, 44.01859], [-79.16528, 44.0189], [-79.16486, 44.01899], [-79.16596, 44.02162], [-79.1823, 44.01785], [-79.18269, 44.01776]], [[-79.18276, 44.01774], [-79.18252, 44.01754], [-79.18177, 44.01737], [-79.18157, 44.01725], [-79.18143, 44.01699], [-79.18153, 44.01669], [-79.17985, 44.01696], [-79.17909, 44.01691], [-79.17893, 44.01711], [-79.17923, 44.01822], [-79.17887, 44.01838], [-79.17809, 44.01794], [-79.1773, 44.01818], [-79.17645, 44.01775], [-79.17549, 44.01788], [-79.17511, 44.01758], [-79.17598, 44.01701], [-79.17611, 44.0162], [-79.17547, 44.01611], [-79.17522, 44.01555], [-79.17757, 44.01504], [-79.17793, 44.01541], [-79.17809, 44.01525], [-79.17867, 44.01523], [-79.17883, 44.01481], [-79.18001, 44.01461], [-79.18001, 44.01512], [-79.18082, 44.01559], [-79.18171, 44.01666], [-79.18147, 44.01691], [-79.18158, 44.0172], [-79.18256, 44.01751], [-79.18276, 44.01774]]]]}}, {"type": "Feature", "properties": {"id": "on-ca-283", "name": "TRCA Passive Conservation Areas", "hunting_allowed": null, "basis": "ca_permit", "permit_required": true, "authority": "Toronto and Region Conservation Authority"}, "geometry": {"type": "MultiPolygon", "coordinates": [[[[-79.42653, 43.8536], [-79.42693, 43.85403], [-79.42742, 43.85392], [-79.42686, 43.85338], [-79.42599, 43.85299], [-79.42581, 43.85255], [-79.42525, 43.85268], [-79.4256, 43.85353], [-79.42612, 43.85342], [-79.42653, 43.8536]]], [[[-79.45654, 43.9383], [-79.45429, 43.93878], [-79.45752, 43.93819], [-79.4572, 43.93806], [-79.45748, 43.93771], [-79.45741, 43.93754], [-79.45683, 43.93737], [-79.45726, 43.93689], [-79.45607, 43.93714], [-79.45654, 43.9383]]], [[[-79.49206, 43.83668], [-79.49465, 43.83656], [-79.49676, 43.83748], [-79.4977, 43.83738], [-79.49749, 43.83621], [-79.49611, 43.83627], [-79.49524, 43.83601], [-79.49206, 43.83668]]], [[[-79.48053, 43.85836], [-79.48008, 43.85749], [-79.47992, 43.85672], [-79.48064, 43.85603], [-79.48079, 43.8555], [-79.48034, 43.8547], [-79.47559, 43.8557], [-79.47573, 43.8561], [-79.47485, 43.85632], [-79.47493, 43.8566], [-79.47723, 43.85612], [-79.47832, 43.85886], [-79.48053, 43.85836]]], [[[-79.08238, 44.02401], [-79.08855, 44.02253], [-79.08775, 44.02081], [-79.0816, 44.02224], [-79.08238, 44.02401]]], [[[-79.73428, 43.89415], [-79.73746, 43.89132], [-79.73614, 43.89035], [-79.73546, 43.89077], [-79.73562, 43.89104], [-79.73551, 43.89116], [-79.73435, 43.89048], [-79.73316, 43.89083], [-79.73326, 43.891], [-79.73291, 43.89108], [-79.73162, 43.89074], [-79.73066, 43.89073], [-79.73053, 43.8903], [-79.73083, 43.89002], [-79.73075, 43.88935], [-79.73005, 43.88919], [-79.72891, 43.8902], [-79.73428, 43.89415]]], [[[-79.83035, 43.75242], [-79.83267, 43.75175], [-79.83377, 43.751], [-79.83553, 43.75064], [-79.83577, 43.75082], [-79.83615, 43.75068], [-79.83594, 43.75015], [-79.83635, 43.74997], [-79.83782, 43.75011], [-79.83796, 43.74977], [-79.83825, 43.74981], [-79.83842, 43.75006], [-79.83863, 43.74989], [-79.83813, 43.74949], [-79.83881, 43.74943], [-79.83934, 43.74887], [-79.84072, 43.74871], [-79.84135, 43.74823], [-79.8417, 43.74788], [-79.84147, 43.74711], [-79.84042, 43.74615], [-79.83896, 43.74746], [-79.83799, 43.74696], [-79.83819, 43.7466], [-79.83799, 43.74623], [-79.83809, 43.74595], [-79.83848, 43.74521], [-79.83904, 43.74473], [-79.83834, 43.74407], [-79.8378, 43.74494], [-79.8375, 43.74686], [-79.83797, 43.74744], [-79.83725, 43.74746], [-79.8369, 43.74763], [-79.83634, 43.74866], [-79.83592, 43.74889], [-79.83345, 43.74905], [-79.83265, 43.74982], [-79.83157, 43.75016], [-79.82872, 43.75273], [-79.83018, 43.75228], [-79.83035, 43.75242]]], [[[-79.49593, 43.89431], [-79.49727, 43.89488], [-79.49808, 43.89465], [-79.49848, 43.89472], [-79.49848, 43.89485], [-79.4994, 43.89483], [-79.49883, 43.89329], [-79.49991, 43.8931], [-79.50053, 43.89356], [-79.50145, 43.8934], [-79.50191, 43.89317], [-79.5015, 43.89176], [-79.50207, 43.89167], [-79.50171, 43.89057], [-79.5038, 43.89022], [-79.50346, 43.89118], [-79.50354, 43.89142], [-79.50652, 43.89091], [-79.50608, 43.88981], [-79.50531, 43.88903], [-79.50562, 43.88878], [-79.50462, 43.88842], [-79.50443, 43.88857], [-79.5041, 43.88834], [-79.50464, 43.88812], [-79.50488, 43.88845], [-79.50558, 43.88859], [-79.50599, 43.88889], [-79.50685, 43.88875], [-79.50737, 43.89052], [-79.50661, 43.89065], [-79.5067, 43.89088], [-79.50744, 43.89076], [-79.50757, 43.89127], [-79.50772, 43.8926], [-79.50609, 43.89286], [-79.50584, 43.8933], [-79.50655, 43.89356], [-79.50807, 43.89324], [-79.5079, 43.89473], [-79.5085, 43.89459], [-79.50765, 43.89112], [-79.51144, 43.89027], [-79.51153, 43.89012], [-79.51129, 43.8899], [-79.51163, 43.88949], [-79.51158, 43.88915], [-79.51087, 43.88865], [-79.51118, 43.88839], [-79.51041, 43.88754], [-79.50811, 43.88748], [-79.50779, 43.8873], [-79.50131, 43.8888], [-79.50155, 43.8899], [-79.5007, 43.89044], [-79.5004, 43.89145], [-79.50005, 43.89198], [-79.49896, 43.89223], [-79.49802, 43.89265], [-79.4971, 43.89346], [-79.49662, 43.89357], [-79.49592, 43.8932], [-79.49593, 43.89431]]], [[[-79.72985, 43.90574], [-79.7288, 43.90667], [-79.72974, 43.90835], [-79.73318, 43.91087], [-79.73861, 43.90613], [-79.73824, 43.90466], [-79.73924, 43.90419], [-79.73873, 43.90378], [-79.73803, 43.90379], [-79.73764, 43.90402], [-79.73569, 43.90339], [-79.73616, 43.90277], [-79.73535, 43.90232], [-79.73496, 43.90344], [-79.73432, 43.90387], [-79.73318, 43.90339], [-79.73257, 43.90338], [-79.73295, 43.90408], [-79.73242, 43.90455], [-79.7324, 43.90484], [-79.73288, 43.9048], [-79.73325, 43.90521], [-79.73124, 43.9057], [-79.73084, 43.90545], [-79.73024, 43.90597], [-79.72985, 43.90574]]], [[[-79.06609, 44.02972], [-79.06497, 44.03091], [-79.06091, 44.03173], [-79.06355, 44.03784], [-79.07171, 44.0359], [-79.0705, 44.03315], [-79.0681, 44.03369], [-79.06695, 44.03126], [-79.06665, 44.0313], [-79.06608, 44.03006], [-79.0662, 44.02992], [-79.06609, 44.02972]]], [[[-79.61433, 43.83996], [-79.61427, 43.83879], [-79.6144, 43.83818], [-79.61494, 43.83804], [-79.61595, 43.83857], [-79.61579, 43.83798], [-79.61783, 43.83747], [-79.6178, 43.83691], [-79.61805, 43.83691], [-79.61803, 43.8364], [-79.6209, 43.83581], [-79.61931, 43.83406], [-79.61775, 43.83278], [-79.61505, 43.83324], [-79.61293, 43.83389], [-79.61018, 43.8343], [-79.6119, 43.84149], [-79.61315, 43.84138], [-79.61373, 43.84088], [-79.61433, 43.83996]]]]}}, {"type": "Feature", "properties": {"id": "on-ca-284", "name": "North Walker Woods", "hunting_allowed": null, "basis": "ca_permit", "permit_required": true, "authority": "Toronto and Region Conservation Authority"}, "geometry": {"type": "Polygon", "coordinates": [[[-79.12854, 44.03458], [-79.1159, 44.03761], [-79.12048, 44.04798], [-79.13306, 44.04506], [-79.12854, 44.03458]]]}}, {"type": "Feature", "properties": {"id": "on-ca-285", "name": "Dagmar Conservation Area", "hunting_allowed": null, "basis": "ca_permit", "permit_required": true, "authority": "Toronto and Region Conservation Authority"}, "geometry": {"type": "MultiPolygon", "coordinates": [[[[-79.06861, 44.00603], [-79.06178, 44.00764], [-79.06172, 44.00793], [-79.06079, 44.0086], [-79.06198, 44.0114], [-79.07018, 44.00947], [-79.06861, 44.00603]]], [[[-79.05709, 44.02388], [-79.06918, 44.02114], [-79.0685, 44.01967], [-79.07106, 44.01917], [-79.07092, 44.01881], [-79.07167, 44.01893], [-79.07168, 44.01905], [-79.0748, 44.01845], [-79.07459, 44.0175], [-79.07302, 44.01806], [-79.06752, 44.01853], [-79.06719, 44.01781], [-79.06932, 44.01731], [-79.06778, 44.01387], [-79.05124, 44.01771], [-79.05279, 44.02119], [-79.05563, 44.02053], [-79.05709, 44.02388]]]]}}, {"type": "Feature", "properties": {"id": "on-ca-286", "name": "Glen Major Forest", "hunting_allowed": null, "basis": "ca_permit", "permit_required": true, "authority": "Toronto and Region Conservation Authority"}, "geometry": {"type": "Polygon", "coordinates": [[[-79.0739, 44.00478], [-79.07856, 44.01514], [-79.10335, 44.00941], [-79.10262, 44.00768], [-79.09965, 44.00838], [-79.09923, 44.00733], [-79.10065, 44.00696], [-79.10075, 44.00713], [-79.10224, 44.0068], [-79.10087, 44.00357], [-79.09906, 44.004], [-79.09858, 44.00286], [-79.09407, 44.00391], [-79.09263, 44.00042], [-79.08405, 44.00242], [-79.08205, 43.99793], [-79.08232, 43.99786], [-79.08028, 43.9934], [-79.08503, 43.99238], [-79.08361, 43.98904], [-79.0812, 43.99048], [-79.07975, 43.99191], [-79.07753, 43.99492], [-79.07588, 43.99637], [-79.0747, 43.99705], [-79.07262, 43.99776], [-79.07088, 43.99799], [-79.06778, 43.99768], [-79.0658, 43.99708], [-79.06828, 44.00274], [-79.06872, 44.00251], [-79.06856, 44.00205], [-79.06932, 44.00193], [-79.06946, 44.00211], [-79.06937, 44.00269], [-79.06974, 44.00265], [-79.07009, 44.00304], [-79.06997, 44.00336], [-79.07018, 44.0038], [-79.06966, 44.0041], [-79.06999, 44.00482], [-79.06931, 44.00509], [-79.06954, 44.00562], [-79.07915, 44.00335], [-79.07923, 44.00354], [-79.0739, 44.00478]], [[-79.06982, 44.00159], [-79.06801, 44.00205], [-79.06757, 44.00084], [-79.06809, 44.00068], [-79.06819, 44.00104], [-79.06863, 44.00143], [-79.06934, 44.00124], [-79.06982, 44.00159]], [[-79.07023, 44.00168], [-79.06883, 44.00068], [-79.06904, 44.00039], [-79.06975, 44.00049], [-79.07014, 44.00096], [-79.07037, 44.00086], [-79.07103, 44.00119], [-79.07262, 44.00131], [-79.0728, 44.00162], [-79.07266, 44.00174], [-79.07023, 44.00168]], [[-79.07641, 44.00082], [-79.07663, 44.00159], [-79.0758, 44.00213], [-79.07498, 44.00214], [-79.07452, 44.00179], [-79.07472, 44.00094], [-79.07641, 44.00082]]]}}, {"type": "Feature", "properties": {"id": "on-ca-287", "name": "Bolton Camp", "hunting_allowed": null, "basis": "ca_permit", "permit_required": true, "authority": "Toronto and Region Conservation Authority", "management_plan": "Bolton Resource Management Tract Management Plan (TRCA 2013)"}, "geometry": {"type": "Polygon", "coordinates": [[[-79.72393, 43.89769], [-79.72471, 43.89704], [-79.72516, 43.89688], [-79.72655, 43.89726], [-79.7281, 43.89732], [-79.72778, 43.89711], [-79.72812, 43.89684], [-79.72776, 43.89663], [-79.72796, 43.8964], [-79.72713, 43.89581], [-79.72787, 43.89529], [-79.73139, 43.89669], [-79.73412, 43.89429], [-79.73299, 43.89346], [-79.73412, 43.89429], [-79.73428, 43.89415], [-79.7247, 43.88715], [-79.72231, 43.88745], [-79.72006, 43.88946], [-79.71936, 43.88965], [-79.72047, 43.89171], [-79.72046, 43.89161], [-79.72088, 43.89216], [-79.72101, 43.89271], [-79.72297, 43.89631], [-79.72393, 43.89769]], [[-79.72448, 43.89056], [-79.72514, 43.89144], [-79.7241, 43.89178], [-79.72337, 43.89101], [-79.72448, 43.89056]]]}}, {"type": "Feature", "properties": {"id": "on-ca-288", "name": "Arsenal Lands", "hunting_allowed": null, "basis": "ca_permit", "permit_required": true, "authority": "Toronto and Region Conservation Authority"}, "geometry": {"type": "Polygon", "coordinates": [[[-79.54991, 43.58276], [-79.54977, 43.58254], [-79.54471, 43.58356], [-79.54458, 43.58506], [-79.54734, 43.5867], [-79.54801, 43.58688], [-79.54915, 43.5858], [-79.54789, 43.5851], [-79.54947, 43.5836], [-79.54919, 43.58344], [-79.54958, 43.58307], [-79.54921, 43.58285], [-79.54891, 43.58312], [-79.54926, 43.58334], [-79.54914, 43.58345], [-79.54862, 43.58317], [-79.54808, 43.58317], [-79.54829, 43.5829], [-79.54973, 43.58266], [-79.54991, 43.58276]]]}}, {"type": "Feature", "properties": {"id": "on-ca-289", "name": "Kolodziej", "hunting_allowed": null, "basis": "ca_permit", "permit_required": true, "authority": "Toronto and Region Conservation Authority"}, "geometry": {"type": "Polygon", "coordinates": [[[-79.96094, 43.95522], [-79.95278, 43.957], [-79.95347, 43.95968], [-79.96159, 43.95791], [-79.96154, 43.9577], [-79.96969, 43.95597], [-79.96952, 43.95529], [-79.96628, 43.95595], [-79.96576, 43.95399], [-79.96087, 43.95496], [-79.96094, 43.95522]]]}}, {"type": "Feature", "properties": {"id": "on-ca-290", "name": "Brock (North & South)", "hunting_allowed": null, "basis": "ca_permit", "permit_required": true, "authority": "Toronto and Region Conservation Authority"}, "geometry": {"type": "MultiPolygon", "coordinates": [[[[-79.08009, 43.90409], [-79.08085, 43.90584], [-79.08715, 43.9044], [-79.0849, 43.8987], [-79.0832, 43.89933], [-79.08327, 43.89867], [-79.0847, 43.89818], [-79.08255, 43.89274], [-79.07355, 43.8964], [-79.07694, 43.90483], [-79.07883, 43.9044], [-79.07888, 43.90423], [-79.08009, 43.90409]]], [[[-79.07679, 43.92598], [-79.07765, 43.92563], [-79.08572, 43.92359], [-79.08569, 43.92253], [-79.08848, 43.92192], [-79.08893, 43.92285], [-79.09179, 43.92211], [-79.09315, 43.92008], [-79.0942, 43.91888], [-79.09385, 43.91695], [-79.09356, 43.91682], [-79.09295, 43.91518], [-79.09274, 43.91331], [-79.08887, 43.90521], [-79.08793, 43.90542], [-79.08769, 43.90533], [-79.08738, 43.90463], [-79.08849, 43.90443], [-79.08843, 43.9043], [-79.07925, 43.90639], [-79.07956, 43.90694], [-79.0789, 43.90709], [-79.07875, 43.90651], [-79.07787, 43.90671], [-79.07825, 43.90712], [-79.078, 43.90721], [-79.07754, 43.90683], [-79.07677, 43.90713], [-79.07348, 43.90772], [-79.07756, 43.91626], [-79.07038, 43.91789], [-79.07075, 43.91865], [-79.06925, 43.91902], [-79.06927, 43.91942], [-79.06941, 43.92], [-79.07064, 43.91961], [-79.07085, 43.92005], [-79.07156, 43.9206], [-79.07189, 43.92064], [-79.0721, 43.92132], [-79.07199, 43.92289], [-79.07224, 43.92341], [-79.07285, 43.92324], [-79.07362, 43.92502], [-79.07579, 43.92448], [-79.07472, 43.92227], [-79.07495, 43.92221], [-79.07679, 43.92598]]]]}}, {"type": "Feature", "properties": {"id": "on-ca-291", "name": "Rodar", "hunting_allowed": null, "basis": "ca_permit", "permit_required": true, "authority": "Toronto and Region Conservation Authority"}, "geometry": {"type": "Polygon", "coordinates": [[[-79.07043, 43.91462], [-79.06976, 43.9154], [-79.07013, 43.91576], [-79.0706, 43.9168], [-79.07089, 43.91706], [-79.07088, 43.91777], [-79.07756, 43.91626], [-79.07348, 43.90772], [-79.06506, 43.90965], [-79.06738, 43.91444], [-79.06784, 43.91432], [-79.06803, 43.91471], [-79.06875, 43.91453], [-79.06895, 43.91494], [-79.06991, 43.91457], [-79.07043, 43.91462]]]}}, {"type": "Feature", "properties": {"id": "on-ca-292", "name": "Wilder Forest and Wildlife Area", "hunting_allowed": null, "basis": "ca_permit", "permit_required": true, "authority": "Toronto and Region Conservation Authority"}, "geometry": {"type": "MultiPolygon", "coordinates": [[[[-79.10714, 44.01823], [-79.10594, 44.01919], [-79.10582, 44.01946], [-79.10601, 44.0207], [-79.10653, 44.02179], [-79.1093, 44.02317], [-79.10714, 44.01823]]], [[[-79.11011, 44.02441], [-79.11435, 44.02349], [-79.11477, 44.02445], [-79.12533, 44.02193], [-79.12547, 44.02178], [-79.1256, 44.02187], [-79.12647, 44.02166], [-79.12444, 44.01759], [-79.12358, 44.0165], [-79.11924, 44.01752], [-79.11852, 44.01589], [-79.12034, 44.01547], [-79.12028, 44.01534], [-79.12079, 44.01521], [-79.12012, 44.01341], [-79.11942, 44.01358], [-79.1201, 44.01538], [-79.10743, 44.01831], [-79.10968, 44.02342], [-79.11382, 44.02247], [-79.11426, 44.02347], [-79.11011, 44.02441]]]]}}, {"type": "Feature", "properties": {"id": "on-ca-293", "name": "Humber Source Woods", "hunting_allowed": null, "basis": "ca_permit", "permit_required": true, "authority": "Toronto and Region Conservation Authority"}, "geometry": {"type": "Polygon", "coordinates": [[[-79.6062, 43.94611], [-79.59854, 43.94774], [-79.59939, 43.95137], [-79.60555, 43.95003], [-79.60488, 43.94718], [-79.60637, 43.94685], [-79.6062, 43.94611]]]}}, {"type": "Feature", "properties": {"id": "on-ca-294", "name": "Palgrave Mill Pond", "hunting_allowed": null, "basis": "ca_permit", "permit_required": true, "authority": "Toronto and Region Conservation Authority"}, "geometry": {"type": "MultiPolygon", "coordinates": [[[[-79.841, 43.95473], [-79.84134, 43.95491], [-79.84199, 43.955], [-79.8414, 43.95437], [-79.841, 43.95473]]], [[[-79.83843, 43.95166], [-79.84037, 43.9531], [-79.84027, 43.95279], [-79.8404, 43.95269], [-79.84007, 43.95196], [-79.83937, 43.95145], [-79.83878, 43.9514], [-79.83873, 43.95122], [-79.83843, 43.95166]]], [[[-79.83463, 43.95315], [-79.83434, 43.95383], [-79.83882, 43.95668], [-79.84076, 43.95495], [-79.84048, 43.95453], [-79.84036, 43.95335], [-79.83821, 43.95176], [-79.83776, 43.95204], [-79.83737, 43.95171], [-79.83693, 43.95208], [-79.83762, 43.95261], [-79.837, 43.95306], [-79.83631, 43.95254], [-79.83562, 43.95307], [-79.83521, 43.95273], [-79.83463, 43.95315]]]]}}, {"type": "Feature", "properties": {"id": "on-ca-295", "name": "Palgrave Forest and Wildlife Centre", "hunting_allowed": null, "basis": "ca_permit", "permit_required": true, "authority": "Toronto and Region Conservation Authority"}, "geometry": {"type": "MultiPolygon", "coordinates": [[[[-79.86225, 43.95265], [-79.86766, 43.94803], [-79.86739, 43.94784], [-79.87264, 43.94318], [-79.87067, 43.9417], [-79.87007, 43.94211], [-79.86955, 43.94172], [-79.87014, 43.94131], [-79.86733, 43.9392], [-79.86191, 43.94384], [-79.8623, 43.94412], [-79.85703, 43.94881], [-79.86225, 43.95265]], [[-79.86125, 43.94952], [-79.86, 43.94978], [-79.85969, 43.94898], [-79.86121, 43.94897], [-79.86125, 43.94952]]], [[[-79.85683, 43.96417], [-79.85848, 43.96535], [-79.86283, 43.96147], [-79.86246, 43.96107], [-79.86749, 43.9567], [-79.85147, 43.94507], [-79.84682, 43.94921], [-79.84675, 43.94959], [-79.84234, 43.95352], [-79.84322, 43.95417], [-79.84282, 43.95453], [-79.84339, 43.95507], [-79.85145, 43.96092], [-79.85131, 43.96101], [-79.85257, 43.96194], [-79.85627, 43.96456], [-79.85683, 43.96417]]]]}}, {"type": "Feature", "properties": {"id": "on-ca-296", "name": "Palgrave Mills Park", "hunting_allowed": null, "basis": "ca_permit", "permit_required": true, "authority": "Toronto and Region Conservation Authority"}, "geometry": {"type": "Polygon", "coordinates": [[[-79.84162, 43.95053], [-79.8424, 43.95008], [-79.8427, 43.94967], [-79.84173, 43.94884], [-79.84104, 43.94861], [-79.84031, 43.94904], [-79.83981, 43.94961], [-79.83942, 43.94972], [-79.8392, 43.95056], [-79.83974, 43.95085], [-79.8393, 43.95107], [-79.83979, 43.95117], [-79.84032, 43.95164], [-79.84064, 43.95154], [-79.84162, 43.95053]]]}}, {"type": "Feature", "properties": {"id": "on-ca-297", "name": "Humber Trails", "hunting_allowed": null, "basis": "ca_permit", "permit_required": true, "authority": "Toronto and Region Conservation Authority"}, "geometry": {"type": "MultiPolygon", "coordinates": [[[[-79.61567, 43.8986], [-79.61582, 43.89897], [-79.61603, 43.89894], [-79.61588, 43.89855], [-79.61567, 43.8986]]], [[[-79.61722, 43.89896], [-79.61727, 43.90055], [-79.61844, 43.90034], [-79.61878, 43.8994], [-79.61836, 43.89896], [-79.61722, 43.89896]]], [[[-79.62298, 43.89996], [-79.62046, 43.90017], [-79.62038, 43.90033], [-79.6207, 43.90125], [-79.62254, 43.90083], [-79.6231, 43.9003], [-79.62298, 43.89996]]], [[[-79.61731, 43.90191], [-79.61904, 43.90156], [-79.61914, 43.90144], [-79.61894, 43.90097], [-79.61906, 43.90086], [-79.61942, 43.90093], [-79.61955, 43.90074], [-79.61964, 43.90101], [-79.62003, 43.90102], [-79.61977, 43.90028], [-79.61727, 43.90073], [-79.61731, 43.90191]]], [[[-79.6185, 43.8988], [-79.61905, 43.89937], [-79.61872, 43.90029], [-79.61989, 43.90008], [-79.61914, 43.89807], [-79.61893, 43.89799], [-79.61751, 43.89828], [-79.6177, 43.89815], [-79.61758, 43.89818], [-79.6167, 43.89879], [-79.6185, 43.8988]]], [[[-79.61646, 43.90088], [-79.61606, 43.90154], [-79.61364, 43.90208], [-79.61312, 43.90284], [-79.61706, 43.90196], [-79.61702, 43.90078], [-79.61646, 43.90088]]], [[[-79.61243, 43.90113], [-79.61284, 43.90156], [-79.61192, 43.90178], [-79.6123, 43.90202], [-79.61158, 43.90206], [-79.61201, 43.90289], [-79.61295, 43.90269], [-79.61346, 43.90193], [-79.61306, 43.90133], [-79.61271, 43.90132], [-79.61348, 43.90082], [-79.61354, 43.90102], [-79.61325, 43.90121], [-79.6137, 43.90187], [-79.61588, 43.90139], [-79.61628, 43.90072], [-79.61702, 43.90059], [-79.61697, 43.899], [-79.61606, 43.89912], [-79.61678, 43.89984], [-79.61567, 43.90063], [-79.61481, 43.90026], [-79.61457, 43.90035], [-79.61451, 43.90064], [-79.61503, 43.9008], [-79.615, 43.90097], [-79.61393, 43.90133], [-79.61364, 43.90111], [-79.61369, 43.90075], [-79.61272, 43.90074], [-79.6125, 43.90083], [-79.61243, 43.90113]]]]}}, {"type": "Feature", "properties": {"id": "on-ca-298", "name": "Oak Ridges Corridor Park East", "hunting_allowed": null, "basis": "ca_permit", "permit_required": true, "authority": "Toronto and Region Conservation Authority", "management_plan": "Oak Ridges Corridor Park East Management Plan (TRCA 2011)"}, "geometry": {"type": "Polygon", "coordinates": [[[-79.41819, 43.94857], [-79.419, 43.95198], [-79.42182, 43.95138], [-79.42136, 43.95035], [-79.42296, 43.95003], [-79.42416, 43.95021], [-79.42495, 43.94919], [-79.425, 43.94881], [-79.42604, 43.94795], [-79.426, 43.94722], [-79.42636, 43.9471], [-79.42683, 43.94667], [-79.42654, 43.94507], [-79.42681, 43.94498], [-79.42625, 43.94428], [-79.42406, 43.94491], [-79.42383, 43.94434], [-79.42292, 43.94375], [-79.42298, 43.94352], [-79.41906, 43.94432], [-79.4192, 43.94454], [-79.41727, 43.94498], [-79.41634, 43.94136], [-79.4223, 43.93995], [-79.42111, 43.93779], [-79.42168, 43.93773], [-79.42186, 43.93837], [-79.42322, 43.93825], [-79.4231, 43.93759], [-79.42843, 43.93692], [-79.42712, 43.93145], [-79.41656, 43.93369], [-79.41765, 43.9353], [-79.4185, 43.93706], [-79.40999, 43.93886], [-79.41035, 43.93895], [-79.41017, 43.93955], [-79.41024, 43.94002], [-79.41102, 43.94068], [-79.41173, 43.94095], [-79.41239, 43.94155], [-79.41317, 43.94168], [-79.41356, 43.94195], [-79.41416, 43.94367], [-79.41503, 43.94398], [-79.41563, 43.94391], [-79.416, 43.94488], [-79.4148, 43.94517], [-79.41499, 43.94587], [-79.41397, 43.94612], [-79.41236, 43.94575], [-79.41013, 43.94564], [-79.40918, 43.94601], [-79.40975, 43.94656], [-79.40987, 43.94693], [-79.41159, 43.94685], [-79.41251, 43.94748], [-79.41101, 43.94817], [-79.41067, 43.94855], [-79.41059, 43.949], [-79.41095, 43.94966], [-79.41138, 43.95], [-79.41197, 43.94988], [-79.4119, 43.94931], [-79.4114, 43.94839], [-79.41142, 43.94814], [-79.41195, 43.94788], [-79.41247, 43.94798], [-79.41346, 43.94784], [-79.4145, 43.94807], [-79.41564, 43.94726], [-79.41607, 43.94726], [-79.41672, 43.94751], [-79.41707, 43.94835], [-79.4175, 43.94871], [-79.41819, 43.94857]]]}}, {"type": "Feature", "properties": {"id": "on-ca-299", "name": "Goodwood", "hunting_allowed": null, "basis": "ca_permit", "permit_required": true, "authority": "Toronto and Region Conservation Authority"}, "geometry": {"type": "Polygon", "coordinates": [[[-79.1857, 44.00951], [-79.18908, 44.00879], [-79.20645, 44.00489], [-79.20498, 44.0014], [-79.20027, 44.00247], [-79.1988, 43.99897], [-79.19418, 44.00003], [-79.19505, 44.00216], [-79.19494, 44.0022], [-79.19393, 44.00009], [-79.18195, 44.00277], [-79.18202, 44.00295], [-79.18485, 44.00239], [-79.18562, 44.00387], [-79.18269, 44.00454], [-79.18445, 44.0088], [-79.18532, 44.00862], [-79.1857, 44.00951]]]}}, {"type": "Feature", "properties": {"id": "on-ca-300", "name": "Ballycroy West", "hunting_allowed": null, "basis": "ca_permit", "permit_required": true, "authority": "Toronto and Region Conservation Authority"}, "geometry": {"type": "Polygon", "coordinates": [[[-79.90556, 43.97277], [-79.88938, 43.97636], [-79.89073, 43.98173], [-79.90686, 43.97813], [-79.90556, 43.97277]]]}}, {"type": "Feature", "properties": {"id": "on-ca-301", "name": "Bolton Resource Management Tract", "hunting_allowed": null, "basis": "ca_permit", "permit_required": true, "authority": "Toronto and Region Conservation Authority", "management_plan": "Bolton Resource Management Tract Management Plan (TRCA 2013)"}, "geometry": {"type": "MultiPolygon", "coordinates": [[[[-79.75841, 43.89315], [-79.75786, 43.89364], [-79.75848, 43.8932], [-79.75841, 43.89315]]], [[[-79.74888, 43.8788], [-79.74875, 43.87908], [-79.74934, 43.87913], [-79.74888, 43.8788]]], [[[-79.76477, 43.87636], [-79.76439, 43.87669], [-79.76464, 43.87676], [-79.76496, 43.87647], [-79.76477, 43.87636]]], [[[-79.79345, 43.88531], [-79.79222, 43.88442], [-79.79228, 43.88485], [-79.79258, 43.88513], [-79.79345, 43.88531]]], [[[-79.77363, 43.88912], [-79.77431, 43.88904], [-79.77257, 43.88776], [-79.77329, 43.88892], [-79.77363, 43.88912]]], [[[-79.76477, 43.87636], [-79.76326, 43.87551], [-79.76288, 43.87564], [-79.76258, 43.87547], [-79.76236, 43.87612], [-79.76439, 43.87669], [-79.76477, 43.87636]]], [[[-79.79907, 43.88201], [-79.80179, 43.88382], [-79.80245, 43.88323], [-79.79709, 43.87933], [-79.79574, 43.88055], [-79.79907, 43.88201]]], [[[-79.81506, 43.90709], [-79.81884, 43.9037], [-79.81357, 43.89988], [-79.81242, 43.90088], [-79.81119, 43.89989], [-79.81235, 43.89902], [-79.81126, 43.89822], [-79.81008, 43.8993], [-79.80916, 43.89881], [-79.81049, 43.89761], [-79.81041, 43.89755], [-79.80881, 43.899], [-79.81127, 43.90035], [-79.81256, 43.9016], [-79.81458, 43.90574], [-79.81506, 43.90709]], [[-79.81328, 43.90199], [-79.81303, 43.90161], [-79.81316, 43.9018], [-79.81328, 43.90199]]], [[[-79.80155, 43.88403], [-79.7988, 43.88229], [-79.79544, 43.88082], [-79.79218, 43.87981], [-79.78799, 43.87886], [-79.78663, 43.88004], [-79.79733, 43.88785], [-79.80155, 43.88403]], [[-79.79959, 43.88559], [-79.79733, 43.88757], [-79.79543, 43.8862], [-79.79593, 43.8858], [-79.79651, 43.88561], [-79.79696, 43.88572], [-79.79859, 43.88485], [-79.79957, 43.88541], [-79.79959, 43.88559]]], [[[-79.8084, 43.90482], [-79.81343, 43.90842], [-79.81473, 43.90736], [-79.81436, 43.90613], [-79.81254, 43.90221], [-79.81104, 43.90063], [-79.80856, 43.89931], [-79.80863, 43.89924], [-79.80723, 43.89831], [-79.80646, 43.8975], [-79.80619, 43.89773], [-79.80833, 43.89914], [-79.80854, 43.90032], [-79.80927, 43.90072], [-79.80986, 43.90011], [-79.81006, 43.90012], [-79.8112, 43.90085], [-79.81112, 43.90144], [-79.81078, 43.90161], [-79.80987, 43.90143], [-79.80964, 43.90222], [-79.80927, 43.90241], [-79.80774, 43.90161], [-79.80438, 43.89927], [-79.80275, 43.90066], [-79.7973, 43.89679], [-79.80114, 43.89341], [-79.79835, 43.8917], [-79.79747, 43.89168], [-79.79655, 43.89263], [-79.79622, 43.89252], [-79.7957, 43.89302], [-79.79482, 43.89299], [-79.79359, 43.89239], [-79.79309, 43.89318], [-79.7929, 43.895], [-79.79261, 43.89566], [-79.7888, 43.8992], [-79.78882, 43.8994], [-79.80302, 43.90957], [-79.8084, 43.90482]], [[-79.80131, 43.90575], [-79.80033, 43.90652], [-79.79936, 43.9068], [-79.79879, 43.90642], [-79.79896, 43.90606], [-79.79861, 43.90628], [-79.79833, 43.90602], [-79.79832, 43.90577], [-79.79788, 43.90579], [-79.79747, 43.90545], [-79.79728, 43.9047], [-79.79839, 43.90356], [-79.79916, 43.90394], [-79.79948, 43.9039], [-79.79998, 43.90306], [-79.79933, 43.90274], [-79.80064, 43.90162], [-79.80099, 43.90165], [-79.80194, 43.90222], [-79.8014, 43.90279], [-79.80084, 43.90309], [-79.80075, 43.90342], [-79.80102, 43.90357], [-79.80176, 43.90343], [-79.8019, 43.90361], [-79.80067, 43.90419], [-79.80009, 43.90411], [-79.79982, 43.90424], [-79.8, 43.90463], [-79.79992, 43.90496], [-79.79917, 43.90582], [-79.79983, 43.9055], [-79.80029, 43.90576], [-79.80089, 43.90539], [-79.80131, 43.90575]]], [[[-79.79251, 43.8949], [-79.79262, 43.89292], [-79.7948, 43.89085], [-79.7959, 43.88906], [-79.79698, 43.88805], [-79.79696, 43.88784], [-79.7937, 43.8855], [-79.79297, 43.88549], [-79.79241, 43.88527], [-79.79204, 43.88492], [-79.79193, 43.88422], [-79.78613, 43.87993], [-79.78516, 43.88079], [-79.7843, 43.88016], [-79.78526, 43.8793], [-79.78372, 43.87818], [-79.78327, 43.8785], [-79.78239, 43.87792], [-79.78235, 43.87765], [-79.78176, 43.87769], [-79.78167, 43.87784], [-79.78189, 43.87789], [-79.7827, 43.87871], [-79.78281, 43.87901], [-79.78124, 43.88043], [-79.78103, 43.88041], [-79.78002, 43.87958], [-79.78027, 43.87913], [-79.77966, 43.87929], [-79.77874, 43.87849], [-79.78, 43.87742], [-79.78065, 43.87766], [-79.7817, 43.87767], [-79.78194, 43.87753], [-79.78081, 43.8775], [-79.78096, 43.87721], [-79.78208, 43.87752], [-79.77909, 43.87655], [-79.777, 43.87562], [-79.77299, 43.87915], [-79.77232, 43.87864], [-79.77147, 43.8794], [-79.77299, 43.88061], [-79.77324, 43.88134], [-79.77314, 43.88241], [-79.77194, 43.88576], [-79.77204, 43.88651], [-79.77274, 43.88749], [-79.77265, 43.88756], [-79.77477, 43.88911], [-79.77548, 43.88946], [-79.77566, 43.88976], [-79.77662, 43.88923], [-79.77723, 43.88826], [-79.77865, 43.88692], [-79.78009, 43.88689], [-79.78167, 43.88772], [-79.78215, 43.88729], [-79.78167, 43.88699], [-79.7813, 43.88636], [-79.78002, 43.88601], [-79.77904, 43.8855], [-79.7791, 43.88487], [-79.77972, 43.88427], [-79.78037, 43.8846], [-79.78091, 43.88521], [-79.78376, 43.88688], [-79.78672, 43.88426], [-79.78697, 43.8842], [-79.78717, 43.88439], [-79.78676, 43.88484], [-79.78702, 43.88553], [-79.78569, 43.88678], [-79.78543, 43.88723], [-79.78474, 43.88755], [-79.78503, 43.88781], [-79.78427, 43.88833], [-79.78376, 43.88953], [-79.78436, 43.88977], [-79.78442, 43.88923], [-79.78478, 43.88884], [-79.78594, 43.88885], [-79.78683, 43.88911], [-79.79229, 43.89308], [-79.79146, 43.8926], [-79.79034, 43.89346], [-79.79127, 43.89459], [-79.79208, 43.89507], [-79.79251, 43.8949]], [[-79.79179, 43.89129], [-79.79138, 43.89168], [-79.79136, 43.89211], [-79.79115, 43.89218], [-79.78833, 43.89003], [-79.78827, 43.88959], [-79.7884, 43.88933], [-79.7888, 43.88907], [-79.78912, 43.88912], [-79.78973, 43.8896], [-79.78976, 43.89007], [-79.7906, 43.89062], [-79.79125, 43.89073], [-79.79176, 43.89109], [-79.79179, 43.89129]], [[-79.7759, 43.87928], [-79.77539, 43.8794], [-79.77516, 43.87911], [-79.77479, 43.8791], [-79.77472, 43.8788], [-79.77413, 43.8786], [-79.77401, 43.87841], [-79.77495, 43.87755], [-79.77619, 43.8779], [-79.77662, 43.8777], [-79.77659, 43.87741], [-79.77579, 43.87707], [-79.77575, 43.87682], [-79.77701, 43.87574], [-79.78001, 43.87695], [-79.78003, 43.87711], [-79.77916, 43.87795], [-79.77833, 43.8785], [-79.77723, 43.87821], [-79.7759, 43.87928]]], [[[-79.77007, 43.89425], [-79.77014, 43.89396], [-79.77253, 43.89207], [-79.77293, 43.89142], [-79.77311, 43.89073], [-79.77287, 43.88958], [-79.7712, 43.88702], [-79.77094, 43.88631], [-79.77095, 43.8855], [-79.77136, 43.88435], [-79.77127, 43.88395], [-79.77159, 43.88309], [-79.77147, 43.88272], [-79.77161, 43.88235], [-79.77211, 43.88198], [-79.77214, 43.88175], [-79.77206, 43.88116], [-79.77179, 43.88066], [-79.77102, 43.8811], [-79.77084, 43.88093], [-79.77054, 43.88095], [-79.77124, 43.88012], [-79.77088, 43.87992], [-79.7669, 43.88341], [-79.76248, 43.88015], [-79.76267, 43.87998], [-79.76296, 43.87828], [-79.76409, 43.87726], [-79.76399, 43.87716], [-79.76142, 43.87939], [-79.7639, 43.87714], [-79.76297, 43.87689], [-79.76248, 43.87711], [-79.76132, 43.8769], [-79.76114, 43.87653], [-79.76068, 43.87647], [-79.76047, 43.87664], [-79.76197, 43.87777], [-79.76068, 43.87883], [-79.75918, 43.87769], [-79.75901, 43.87783], [-79.76047, 43.87893], [-79.75964, 43.87947], [-79.75978, 43.87958], [-79.76005, 43.87958], [-79.7607, 43.87911], [-79.76093, 43.87928], [-79.76092, 43.87954], [-79.75986, 43.87973], [-79.75976, 43.8799], [-79.75993, 43.88009], [-79.75952, 43.88036], [-79.75918, 43.87997], [-79.75965, 43.87967], [-79.75951, 43.87955], [-79.75894, 43.87992], [-79.75765, 43.87897], [-79.75695, 43.87934], [-79.75719, 43.87957], [-79.75678, 43.87979], [-79.75648, 43.87975], [-79.75654, 43.87956], [-79.75465, 43.88055], [-79.75163, 43.8809], [-79.7493, 43.87925], [-79.74869, 43.87917], [-79.74882, 43.8798], [-79.74856, 43.88003], [-79.74872, 43.88012], [-79.74734, 43.88135], [-79.74705, 43.88202], [-79.74803, 43.88148], [-79.74851, 43.88217], [-79.7485, 43.88255], [-79.74878, 43.8828], [-79.74962, 43.88321], [-79.75033, 43.88308], [-79.75055, 43.88336], [-79.75107, 43.88315], [-79.75209, 43.88461], [-79.75172, 43.88475], [-79.75133, 43.88421], [-79.75063, 43.88446], [-79.75023, 43.88442], [-79.75021, 43.88464], [-79.75159, 43.88505], [-79.75068, 43.88586], [-79.75003, 43.88591], [-79.75021, 43.88623], [-79.75005, 43.88637], [-79.75027, 43.88651], [-79.75016, 43.8866], [-79.7514, 43.88751], [-79.75095, 43.88803], [-79.75101, 43.88818], [-79.75068, 43.88841], [-79.75244, 43.88962], [-79.75377, 43.88902], [-79.75323, 43.88821], [-79.75484, 43.88673], [-79.75607, 43.88859], [-79.75753, 43.88965], [-79.7571, 43.89017], [-79.75778, 43.89066], [-79.75596, 43.89228], [-79.75693, 43.89297], [-79.75613, 43.89223], [-79.75724, 43.89121], [-79.75787, 43.89085], [-79.75798, 43.89134], [-79.75753, 43.89202], [-79.75781, 43.89252], [-79.75763, 43.89303], [-79.75795, 43.89275], [-79.75849, 43.89309], [-79.75919, 43.89243], [-79.75969, 43.89239], [-79.7603, 43.89269], [-79.7601, 43.89283], [-79.75997, 43.89345], [-79.76091, 43.89371], [-79.76134, 43.894], [-79.76512, 43.89066], [-79.77007, 43.89425]]]]}}, {"type": "Feature", "properties": {"id": "on-ca-302", "name": "Kortright Centre for Conservation", "hunting_allowed": null, "basis": "ca_permit", "permit_required": true, "authority": "Toronto and Region Conservation Authority"}, "geometry": {"type": "Polygon", "coordinates": [[[-79.58716, 43.83896], [-79.58992, 43.83831], [-79.58946, 43.83819], [-79.59, 43.83829], [-79.59441, 43.83698], [-79.59759, 43.83653], [-79.59808, 43.83642], [-79.59803, 43.83631], [-79.60324, 43.83516], [-79.60734, 43.83444], [-79.60757, 43.83425], [-79.60872, 43.83395], [-79.61003, 43.83379], [-79.61265, 43.83318], [-79.61222, 43.83272], [-79.61202, 43.83188], [-79.61114, 43.83187], [-79.60974, 43.8313], [-79.60953, 43.83038], [-79.60928, 43.8304], [-79.6091, 43.82968], [-79.60885, 43.82954], [-79.60902, 43.82935], [-79.60796, 43.82488], [-79.60764, 43.82497], [-79.60677, 43.82377], [-79.60763, 43.82352], [-79.60624, 43.82143], [-79.60545, 43.82068], [-79.60523, 43.82066], [-79.60534, 43.82059], [-79.60517, 43.82045], [-79.60444, 43.82002], [-79.60324, 43.82028], [-79.60211, 43.81946], [-79.60038, 43.81985], [-79.60008, 43.81933], [-79.59942, 43.81875], [-79.59788, 43.81807], [-79.59776, 43.81779], [-79.59687, 43.81794], [-79.59698, 43.81819], [-79.59497, 43.81886], [-79.59474, 43.81842], [-79.58787, 43.81997], [-79.58582, 43.82067], [-79.58339, 43.82095], [-79.58262, 43.82116], [-79.58271, 43.82153], [-79.58236, 43.82158], [-79.5826, 43.82256], [-79.58351, 43.8225], [-79.5844, 43.82293], [-79.58437, 43.82316], [-79.58407, 43.82334], [-79.58324, 43.82302], [-79.58392, 43.82281], [-79.58364, 43.8226], [-79.58261, 43.82263], [-79.58434, 43.83025], [-79.58502, 43.83017], [-79.58511, 43.83056], [-79.58443, 43.83064], [-79.58621, 43.83862], [-79.58704, 43.83844], [-79.58716, 43.83896]], [[-79.60513, 43.82506], [-79.60479, 43.82527], [-79.60491, 43.82552], [-79.60477, 43.82555], [-79.60465, 43.82511], [-79.60513, 43.82506]], [[-79.60373, 43.82588], [-79.60433, 43.82578], [-79.60441, 43.82599], [-79.60382, 43.82611], [-79.60373, 43.82588]], [[-79.5886, 43.83394], [-79.58874, 43.83388], [-79.58928, 43.8341], [-79.58871, 43.83419], [-79.5886, 43.83394]], [[-79.58754, 43.83427], [-79.58703, 43.83426], [-79.58694, 43.83375], [-79.58746, 43.83371], [-79.58754, 43.83427]], [[-79.58857, 43.83526], [-79.58881, 43.83596], [-79.58867, 43.83594], [-79.58851, 43.83539], [-79.58778, 43.83564], [-79.58753, 43.83593], [-79.58741, 43.83585], [-79.58742, 43.83548], [-79.58857, 43.83526]], [[-79.58761, 43.83237], [-79.58747, 43.83266], [-79.58686, 43.83245], [-79.58677, 43.83194], [-79.58789, 43.83174], [-79.58801, 43.83229], [-79.58761, 43.83237]], [[-79.58873, 43.83509], [-79.58727, 43.83533], [-79.58729, 43.83499], [-79.58784, 43.83469], [-79.58773, 43.83399], [-79.58848, 43.83397], [-79.58873, 43.83509]], [[-79.58836, 43.83798], [-79.58752, 43.83806], [-79.58732, 43.83772], [-79.58722, 43.83647], [-79.58816, 43.83688], [-79.58809, 43.83736], [-79.58836, 43.83798]], [[-79.58823, 43.82752], [-79.5871, 43.82721], [-79.5866, 43.82693], [-79.58618, 43.82638], [-79.58536, 43.82598], [-79.58547, 43.82526], [-79.58585, 43.82457], [-79.58769, 43.82389], [-79.59098, 43.82315], [-79.59116, 43.82399], [-79.5902, 43.82425], [-79.58929, 43.82634], [-79.58957, 43.82672], [-79.58935, 43.82724], [-79.58823, 43.82752]]]}}, {"type": "Feature", "properties": {"id": "on-ca-303", "name": "Walker Woods Tract", "hunting_allowed": null, "basis": "ca_permit", "permit_required": true, "authority": "Toronto and Region Conservation Authority"}, "geometry": {"type": "Polygon", "coordinates": [[[-79.11273, 44.03098], [-79.11094, 44.02691], [-79.10797, 44.02759], [-79.10643, 44.02605], [-79.10564, 44.02425], [-79.10939, 44.02338], [-79.10877, 44.02308], [-79.10854, 44.02333], [-79.10791, 44.02302], [-79.10814, 44.02278], [-79.10637, 44.02188], [-79.10576, 44.02031], [-79.10451, 44.0205], [-79.1033, 44.02045], [-79.1024, 44.0208], [-79.10256, 44.02111], [-79.10188, 44.02128], [-79.10169, 44.02096], [-79.10336, 44.02041], [-79.10451, 44.02047], [-79.10575, 44.02027], [-79.10559, 44.01923], [-79.1058, 44.01906], [-79.10557, 44.01912], [-79.10549, 44.01856], [-79.10473, 44.01873], [-79.10399, 44.01704], [-79.08775, 44.02081], [-79.08855, 44.02253], [-79.08238, 44.02401], [-79.08312, 44.02569], [-79.09564, 44.02275], [-79.09859, 44.0297], [-79.089, 44.03194], [-79.0898, 44.03365], [-79.08695, 44.03433], [-79.08928, 44.03951], [-79.11394, 44.03376], [-79.11353, 44.03282], [-79.11065, 44.03354], [-79.10978, 44.03163], [-79.11273, 44.03098]]]}}, {"type": "Feature", "properties": {"id": "on-ca-304", "name": "TRCA Management Areas", "hunting_allowed": null, "basis": "ca_permit", "permit_required": true, "authority": "Toronto and Region Conservation Authority"}, "geometry": {"type": "MultiPolygon", "coordinates": [[[[-79.11917, 43.7971], [-79.11916, 43.79707], [-79.11902, 43.79713], [-79.11917, 43.7971]]], [[[-79.11916, 43.79696], [-79.11916, 43.79693], [-79.11901, 43.79699], [-79.11916, 43.79696]]], [[[-79.11901, 43.79694], [-79.11915, 43.79685], [-79.119, 43.79688], [-79.11901, 43.79694]]], [[[-79.47596, 43.86915], [-79.47597, 43.86897], [-79.47591, 43.86899], [-79.47596, 43.86915]]], [[[-79.47565, 43.84586], [-79.47597, 43.84563], [-79.47602, 43.84553], [-79.47565, 43.84586]]], [[[-79.119, 43.79686], [-79.11915, 43.79674], [-79.11899, 43.79677], [-79.119, 43.79686]]], [[[-79.46998, 43.90587], [-79.46992, 43.90559], [-79.46979, 43.90575], [-79.46998, 43.90587]]], [[[-79.45343, 43.85908], [-79.45311, 43.85886], [-79.45306, 43.85888], [-79.45316, 43.85914], [-79.45343, 43.85908]]], [[[-79.61776, 43.79752], [-79.61726, 43.79763], [-79.61727, 43.79766], [-79.6175, 43.79777], [-79.61776, 43.79752]]], [[[-79.13423, 43.80486], [-79.1341, 43.80494], [-79.13384, 43.80511], [-79.13414, 43.80519], [-79.13423, 43.80486]]], [[[-79.62738, 43.79765], [-79.6273, 43.79732], [-79.62689, 43.79732], [-79.62738, 43.79765]]], [[[-79.08886, 43.8199], [-79.08935, 43.81979], [-79.08928, 43.81964], [-79.0888, 43.81975], [-79.08886, 43.8199]]], [[[-79.06161, 43.85332], [-79.06154, 43.85348], [-79.06167, 43.85357], [-79.06219, 43.85324], [-79.06161, 43.85332]]], [[[-79.5829, 43.79668], [-79.58286, 43.79657], [-79.58329, 43.79658], [-79.58327, 43.79642], [-79.58259, 43.79641], [-79.58266, 43.79668], [-79.5829, 43.79668]]], [[[-79.43485, 43.91125], [-79.43519, 43.91138], [-79.43544, 43.91144], [-79.43537, 43.91115], [-79.4348, 43.91105], [-79.43485, 43.91125]]], [[[-79.4651, 43.84613], [-79.46493, 43.84566], [-79.46448, 43.84576], [-79.46475, 43.84601], [-79.4651, 43.84613]]], [[[-79.13357, 43.80579], [-79.13301, 43.80564], [-79.13282, 43.80576], [-79.13283, 43.806], [-79.13357, 43.80579]]], [[[-79.45251, 43.89665], [-79.45229, 43.89645], [-79.45186, 43.89622], [-79.45209, 43.89677], [-79.45251, 43.89665]]], [[[-79.44144, 43.90307], [-79.44188, 43.90383], [-79.44205, 43.90379], [-79.44162, 43.90303], [-79.44144, 43.90307]]], [[[-79.43587, 43.96065], [-79.43575, 43.96038], [-79.43521, 43.96051], [-79.43531, 43.96077], [-79.43587, 43.96065]]], [[[-79.57695, 43.78476], [-79.57775, 43.78514], [-79.57795, 43.78511], [-79.5779, 43.78493], [-79.57695, 43.78476]]], [[[-79.08857, 43.81924], [-79.08875, 43.81962], [-79.08923, 43.81951], [-79.08906, 43.81912], [-79.08857, 43.81924]]], [[[-79.43834, 43.91157], [-79.43794, 43.91151], [-79.43767, 43.91124], [-79.43727, 43.91182], [-79.43834, 43.91157]]], [[[-79.15902, 44.01682], [-79.15864, 44.01689], [-79.15831, 44.01752], [-79.15886, 44.01718], [-79.15902, 44.01682]]], [[[-79.44727, 43.85773], [-79.4469, 43.85781], [-79.44718, 43.85851], [-79.44728, 43.85815], [-79.44751, 43.8581], [-79.44727, 43.85773]]], [[[-79.04357, 43.81626], [-79.0431, 43.81636], [-79.04247, 43.81662], [-79.04376, 43.81654], [-79.04357, 43.81626]]], [[[-79.62239, 43.86932], [-79.62277, 43.86938], [-79.62259, 43.86862], [-79.62226, 43.86868], [-79.62239, 43.86932]]], [[[-79.45297, 43.84565], [-79.45269, 43.84494], [-79.45231, 43.84502], [-79.4526, 43.84573], [-79.45297, 43.84565]]], [[[-79.13029, 43.81469], [-79.13008, 43.81417], [-79.12953, 43.81429], [-79.12975, 43.81481], [-79.13029, 43.81469]]], [[[-79.6274, 43.81096], [-79.62757, 43.81131], [-79.62833, 43.81101], [-79.6285, 43.81071], [-79.6274, 43.81096]]], [[[-79.13374, 43.80517], [-79.13349, 43.80533], [-79.13311, 43.80557], [-79.13382, 43.80578], [-79.1341, 43.80527], [-79.13374, 43.80517]]], [[[-79.48637, 43.85555], [-79.48782, 43.85522], [-79.48863, 43.85504], [-79.4867, 43.85523], [-79.48628, 43.85514], [-79.48637, 43.85555]]], [[[-79.49858, 43.8846], [-79.4983, 43.88427], [-79.49781, 43.88424], [-79.49754, 43.88407], [-79.49744, 43.88367], [-79.4972, 43.88361], [-79.49727, 43.88314], [-79.49715, 43.88312], [-79.49703, 43.88361], [-79.49724, 43.88385], [-79.4978, 43.88433], [-79.49799, 43.88433], [-79.49824, 43.88468], [-79.49858, 43.8846]]], [[[-79.6034, 43.80577], [-79.6029, 43.80587], [-79.60313, 43.80664], [-79.60342, 43.80661], [-79.60356, 43.80647], [-79.6034, 43.80577]]], [[[-79.12403, 43.80901], [-79.12365, 43.80813], [-79.12318, 43.80795], [-79.12366, 43.80908], [-79.12403, 43.80901]]], [[[-79.44381, 43.89771], [-79.44452, 43.89842], [-79.44499, 43.89828], [-79.44446, 43.8978], [-79.44445, 43.89757], [-79.44381, 43.89771]]], [[[-79.44379, 43.89106], [-79.44356, 43.89019], [-79.44271, 43.89037], [-79.44315, 43.89075], [-79.44379, 43.89106]]], [[[-79.12547, 43.80869], [-79.12448, 43.80891], [-79.12468, 43.80938], [-79.12559, 43.80899], [-79.12547, 43.80869]]], [[[-79.06423, 43.87115], [-79.06386, 43.87143], [-79.06394, 43.87163], [-79.06573, 43.87128], [-79.06423, 43.87115]]], [[[-79.12212, 43.80825], [-79.12174, 43.80829], [-79.12221, 43.80939], [-79.12257, 43.80931], [-79.12212, 43.80825]]], [[[-79.57906, 43.78442], [-79.57927, 43.78431], [-79.579, 43.78399], [-79.57917, 43.78394], [-79.57912, 43.78379], [-79.57869, 43.78359], [-79.57832, 43.78364], [-79.57855, 43.78374], [-79.5783, 43.78374], [-79.57833, 43.7839], [-79.57906, 43.78442]]], [[[-79.07686, 44.01205], [-79.07673, 44.01177], [-79.07537, 44.01207], [-79.07553, 44.01237], [-79.07686, 44.01205]]], [[[-79.48753, 43.86267], [-79.48728, 43.86198], [-79.48683, 43.86174], [-79.48561, 43.86184], [-79.4869, 43.86209], [-79.48753, 43.86267]]], [[[-79.18338, 43.90021], [-79.1824, 43.89971], [-79.18212, 43.89914], [-79.18198, 43.89918], [-79.18262, 43.90039], [-79.18338, 43.90021]]], [[[-79.00403, 43.84653], [-79.00388, 43.84617], [-79.00344, 43.84619], [-79.0035, 43.8459], [-79.00296, 43.84597], [-79.00326, 43.84669], [-79.00403, 43.84653]]], [[[-79.50456, 43.83765], [-79.50281, 43.83846], [-79.50283, 43.8385], [-79.50446, 43.83817], [-79.50456, 43.83765]]], [[[-79.46758, 43.90697], [-79.46479, 43.90752], [-79.46574, 43.90734], [-79.46567, 43.90755], [-79.46781, 43.90709], [-79.46758, 43.90697]]], [[[-79.46467, 43.87121], [-79.46433, 43.87125], [-79.46464, 43.87256], [-79.46512, 43.87229], [-79.46467, 43.87121]]], [[[-79.63623, 43.84003], [-79.6375, 43.84021], [-79.63797, 43.84002], [-79.63794, 43.83987], [-79.63691, 43.83974], [-79.63623, 43.84003]]], [[[-79.43188, 43.88294], [-79.43247, 43.88318], [-79.43159, 43.8819], [-79.43131, 43.88197], [-79.43188, 43.88294]]], [[[-79.43251, 43.91115], [-79.4338, 43.9108], [-79.43417, 43.91095], [-79.43406, 43.91049], [-79.4324, 43.91084], [-79.43251, 43.91115]]], [[[-79.6264, 43.84061], [-79.6264, 43.84079], [-79.62686, 43.84104], [-79.62817, 43.84055], [-79.62726, 43.84073], [-79.62696, 43.84037], [-79.6264, 43.84061]]], [[[-79.48067, 43.85833], [-79.47832, 43.85886], [-79.47841, 43.85923], [-79.47923, 43.85912], [-79.47921, 43.85894], [-79.47947, 43.8587], [-79.48075, 43.8586], [-79.48067, 43.85833]]], [[[-79.4713, 43.85071], [-79.47085, 43.85081], [-79.47145, 43.85117], [-79.47198, 43.85206], [-79.47183, 43.85238], [-79.47195, 43.85254], [-79.47241, 43.85244], [-79.47228, 43.85205], [-79.4713, 43.85071]]], [[[-79.51128, 43.8881], [-79.51143, 43.88785], [-79.51174, 43.88773], [-79.51229, 43.88788], [-79.51209, 43.88751], [-79.5118, 43.8874], [-79.51253, 43.887], [-79.51104, 43.8874], [-79.51061, 43.88731], [-79.51128, 43.8881]]], [[[-79.62712, 43.84201], [-79.62775, 43.84274], [-79.62847, 43.84246], [-79.62794, 43.84184], [-79.62712, 43.84201]]], [[[-79.63444, 43.82862], [-79.63519, 43.82822], [-79.63503, 43.82756], [-79.63436, 43.82757], [-79.63444, 43.82862]]], [[[-79.63341, 43.86533], [-79.63222, 43.86553], [-79.63203, 43.86607], [-79.63351, 43.86574], [-79.63341, 43.86533]]], [[[-79.47848, 43.84379], [-79.47709, 43.84409], [-79.47696, 43.84426], [-79.47709, 43.84461], [-79.47797, 43.84443], [-79.47854, 43.84406], [-79.47848, 43.84379]]], [[[-79.47565, 43.84586], [-79.47622, 43.84546], [-79.47659, 43.84461], [-79.47675, 43.84458], [-79.47665, 43.84433], [-79.47625, 43.8444], [-79.47588, 43.84522], [-79.47512, 43.84585], [-79.47565, 43.84586]]], [[[-79.46531, 43.90167], [-79.46552, 43.90194], [-79.46544, 43.90271], [-79.46566, 43.90284], [-79.46625, 43.90271], [-79.46577, 43.90157], [-79.46531, 43.90167]]], [[[-79.57975, 43.8191], [-79.57974, 43.81871], [-79.57937, 43.81823], [-79.57968, 43.81782], [-79.5788, 43.81798], [-79.57869, 43.81827], [-79.57935, 43.81879], [-79.57946, 43.81916], [-79.57975, 43.8191]]], [[[-79.79042, 43.93367], [-79.78977, 43.93405], [-79.78979, 43.93425], [-79.79029, 43.93461], [-79.79102, 43.93396], [-79.79078, 43.93369], [-79.79042, 43.93367]]], [[[-79.43817, 43.96238], [-79.43755, 43.96252], [-79.43803, 43.96363], [-79.43865, 43.96347], [-79.43817, 43.96238]]], [[[-79.51331, 43.88799], [-79.51305, 43.88763], [-79.51315, 43.88737], [-79.5128, 43.88705], [-79.51194, 43.8874], [-79.51221, 43.88746], [-79.51265, 43.88807], [-79.51295, 43.88821], [-79.51331, 43.88799]]], [[[-79.09101, 43.85129], [-79.08741, 43.85166], [-79.08707, 43.8517], [-79.08718, 43.85195], [-79.08775, 43.85201], [-79.09101, 43.85129]]], [[[-79.46773, 43.9016], [-79.46844, 43.9025], [-79.46848, 43.90282], [-79.46876, 43.90275], [-79.46806, 43.90108], [-79.46694, 43.90132], [-79.46773, 43.9016]]], [[[-79.41992, 43.90543], [-79.41963, 43.90574], [-79.4197, 43.90591], [-79.41938, 43.90607], [-79.41925, 43.90647], [-79.41991, 43.90632], [-79.42018, 43.90596], [-79.42123, 43.90528], [-79.41992, 43.90543]]], [[[-79.58159, 43.82026], [-79.58062, 43.82046], [-79.58093, 43.82126], [-79.58168, 43.82108], [-79.58182, 43.82091], [-79.58159, 43.82026]]], [[[-79.57754, 43.78369], [-79.57738, 43.78401], [-79.57748, 43.7843], [-79.57716, 43.7843], [-79.57728, 43.78441], [-79.57719, 43.78461], [-79.57698, 43.78468], [-79.57788, 43.78485], [-79.57783, 43.78469], [-79.5783, 43.78459], [-79.57815, 43.78421], [-79.57828, 43.78409], [-79.57802, 43.78389], [-79.57804, 43.78371], [-79.57754, 43.78369]]], [[[-78.99728, 43.85062], [-78.99694, 43.84994], [-78.9972, 43.84886], [-78.99622, 43.84907], [-78.99694, 43.85081], [-78.99728, 43.85062]]], [[[-79.58097, 43.79789], [-79.58185, 43.79826], [-79.58205, 43.79779], [-79.58281, 43.79784], [-79.58166, 43.79718], [-79.58088, 43.79752], [-79.58097, 43.79789]]], [[[-79.1523, 43.83033], [-79.1521, 43.83066], [-79.15114, 43.8309], [-79.15121, 43.83107], [-79.15085, 43.83115], [-79.15089, 43.83124], [-79.15307, 43.83076], [-79.15266, 43.82981], [-79.15215, 43.82992], [-79.1523, 43.83033]]], [[[-79.49696, 43.882], [-79.49722, 43.88292], [-79.49735, 43.88292], [-79.4972, 43.88225], [-79.49925, 43.88248], [-79.49828, 43.88168], [-79.49696, 43.882]]], [[[-79.47851, 43.84292], [-79.4769, 43.84341], [-79.47667, 43.84351], [-79.47692, 43.84373], [-79.47918, 43.84327], [-79.47895, 43.84281], [-79.47874, 43.8427], [-79.47845, 43.84273], [-79.47851, 43.84292]]], [[[-79.79186, 43.93097], [-79.79076, 43.93158], [-79.7914, 43.93211], [-79.79243, 43.93153], [-79.79186, 43.93097]]], [[[-79.46988, 43.90121], [-79.47034, 43.90111], [-79.47051, 43.90137], [-79.47064, 43.90134], [-79.47061, 43.90105], [-79.47107, 43.90095], [-79.47126, 43.90119], [-79.47107, 43.90042], [-79.46923, 43.90082], [-79.46952, 43.90154], [-79.46988, 43.90121]]], [[[-79.0855, 43.88319], [-79.08452, 43.88168], [-79.08369, 43.88186], [-79.0851, 43.8833], [-79.0855, 43.88319]]], [[[-79.63364, 43.8249], [-79.63203, 43.82495], [-79.63166, 43.82523], [-79.63167, 43.82561], [-79.63442, 43.82508], [-79.63364, 43.8249]]], [[[-79.6107, 43.81115], [-79.61243, 43.81076], [-79.6116, 43.81084], [-79.61063, 43.80965], [-79.61003, 43.81002], [-79.6103, 43.81025], [-79.6107, 43.81115]]], [[[-79.09121, 43.81936], [-79.09089, 43.81864], [-79.08929, 43.81905], [-79.08958, 43.81973], [-79.09121, 43.81936]]], [[[-79.09648, 43.8756], [-79.095, 43.87397], [-79.09473, 43.87403], [-79.09509, 43.87532], [-79.09564, 43.87543], [-79.09569, 43.87565], [-79.09648, 43.8756]]], [[[-79.60969, 43.82849], [-79.61015, 43.82864], [-79.61079, 43.8284], [-79.61014, 43.82801], [-79.60951, 43.82706], [-79.60881, 43.82741], [-79.6089, 43.82779], [-79.60923, 43.82775], [-79.60969, 43.82849]]], [[[-79.60183, 43.80681], [-79.6011, 43.80776], [-79.60369, 43.80721], [-79.60363, 43.80697], [-79.60342, 43.80686], [-79.60183, 43.80681]]], [[[-79.43565, 43.82487], [-79.43488, 43.82508], [-79.43477, 43.82544], [-79.43591, 43.8252], [-79.43554, 43.82365], [-79.4343, 43.82426], [-79.43469, 43.82455], [-79.43471, 43.82479], [-79.43546, 43.82453], [-79.43565, 43.82487]]], [[[-79.48331, 43.87506], [-79.48442, 43.87518], [-79.48503, 43.87507], [-79.4865, 43.87557], [-79.48633, 43.87484], [-79.48527, 43.87467], [-79.48425, 43.87486], [-79.4839, 43.87461], [-79.48331, 43.87506]]], [[[-79.47596, 43.85791], [-79.47387, 43.85832], [-79.47391, 43.85849], [-79.47621, 43.85801], [-79.47559, 43.85646], [-79.47461, 43.85666], [-79.47473, 43.85714], [-79.47501, 43.85713], [-79.47563, 43.85752], [-79.47596, 43.85791]]], [[[-79.28528, 43.94359], [-79.28592, 43.9424], [-79.28638, 43.9417], [-79.28463, 43.94211], [-79.28528, 43.94359]]], [[[-79.14829, 44.01436], [-79.14727, 44.01462], [-79.14748, 44.01507], [-79.1492, 44.01591], [-79.14942, 44.01556], [-79.14829, 44.01436]]], [[[-79.40626, 43.89427], [-79.40696, 43.89569], [-79.40733, 43.89561], [-79.4066, 43.89417], [-79.40536, 43.89374], [-79.40492, 43.89342], [-79.40457, 43.89248], [-79.40417, 43.89257], [-79.40453, 43.89344], [-79.40487, 43.89373], [-79.40497, 43.89415], [-79.40546, 43.89405], [-79.40626, 43.89427]]], [[[-79.62876, 43.83219], [-79.62807, 43.83145], [-79.62758, 43.83131], [-79.62744, 43.83052], [-79.62718, 43.83057], [-79.62731, 43.83057], [-79.62754, 43.83136], [-79.62778, 43.83143], [-79.62785, 43.83164], [-79.62714, 43.83186], [-79.62652, 43.83281], [-79.62876, 43.83219]]], [[[-79.27667, 43.94555], [-79.27658, 43.94519], [-79.27593, 43.94527], [-79.27536, 43.94462], [-79.27583, 43.94454], [-79.27475, 43.94404], [-79.27411, 43.94455], [-79.27336, 43.94461], [-79.27342, 43.94486], [-79.27414, 43.94469], [-79.27446, 43.94484], [-79.27467, 43.94475], [-79.27453, 43.94512], [-79.27476, 43.94475], [-79.27543, 43.94524], [-79.27543, 43.94563], [-79.27667, 43.94555]]], [[[-79.63713, 43.84036], [-79.63484, 43.84001], [-79.63434, 43.84025], [-79.63373, 43.84014], [-79.63317, 43.83982], [-79.63264, 43.83997], [-79.63269, 43.84013], [-79.63619, 43.84085], [-79.6364, 43.84059], [-79.63713, 43.84036]]], [[[-79.12758, 43.98635], [-79.12606, 43.98679], [-79.12647, 43.98776], [-79.12795, 43.98742], [-79.12758, 43.98635]]], [[[-79.14188, 43.83471], [-79.14313, 43.83433], [-79.14304, 43.83413], [-79.14322, 43.8341], [-79.14329, 43.83389], [-79.14315, 43.83356], [-79.14198, 43.83384], [-79.14167, 43.83366], [-79.14102, 43.8341], [-79.14129, 43.83471], [-79.14188, 43.83471]]], [[[-79.57663, 43.7852], [-79.57604, 43.78585], [-79.57604, 43.78639], [-79.57412, 43.78704], [-79.57421, 43.78729], [-79.57639, 43.78683], [-79.57688, 43.7859], [-79.57663, 43.7852]]], [[[-79.04181, 43.91684], [-79.04209, 43.91658], [-79.04177, 43.91632], [-79.04185, 43.91613], [-79.04086, 43.91566], [-79.04089, 43.91541], [-79.03991, 43.91552], [-79.04028, 43.91575], [-79.04043, 43.91601], [-79.04035, 43.91628], [-79.04054, 43.91654], [-79.04079, 43.91655], [-79.04108, 43.91702], [-79.04181, 43.91684]]], [[[-79.77737, 43.94598], [-79.77699, 43.94602], [-79.77563, 43.94627], [-79.77693, 43.9472], [-79.77804, 43.94663], [-79.77802, 43.9462], [-79.77737, 43.94598]]], [[[-79.06046, 43.85266], [-79.06107, 43.85247], [-79.06383, 43.85208], [-79.06348, 43.8515], [-79.05989, 43.85236], [-79.06046, 43.85266]]], [[[-79.4905, 43.85654], [-79.48848, 43.85718], [-79.48988, 43.8576], [-79.49026, 43.85816], [-79.49074, 43.85796], [-79.49085, 43.8575], [-79.4905, 43.85654]]], [[[-79.43212, 43.90901], [-79.42826, 43.90987], [-79.42976, 43.90955], [-79.431, 43.90978], [-79.43102, 43.90992], [-79.43134, 43.90988], [-79.43226, 43.91027], [-79.43244, 43.91049], [-79.43353, 43.91027], [-79.43203, 43.9095], [-79.43178, 43.90924], [-79.43212, 43.90901]]], [[[-79.5826, 43.79523], [-79.58255, 43.79613], [-79.58187, 43.79613], [-79.58323, 43.79614], [-79.58312, 43.79533], [-79.5827, 43.79537], [-79.58275, 43.79481], [-79.58286, 43.79427], [-79.58307, 43.79423], [-79.58305, 43.79394], [-79.58375, 43.79256], [-79.58292, 43.7937], [-79.58185, 43.79442], [-79.58185, 43.79523], [-79.5826, 43.79523]]], [[[-79.63078, 43.79811], [-79.63075, 43.7978], [-79.63109, 43.79781], [-79.62867, 43.79756], [-79.6281, 43.79773], [-79.62846, 43.79865], [-79.63078, 43.79811]]], [[[-79.13667, 43.98015], [-79.13391, 43.98232], [-79.13406, 43.98344], [-79.13479, 43.98328], [-79.13445, 43.98236], [-79.13702, 43.98038], [-79.13667, 43.98015]]], [[[-79.04174, 43.91971], [-79.04038, 43.92006], [-79.04279, 43.9195], [-79.04279, 43.91929], [-79.04227, 43.91884], [-79.04214, 43.91845], [-79.04145, 43.91833], [-79.04142, 43.91813], [-79.04171, 43.91796], [-79.04161, 43.91752], [-79.04095, 43.91768], [-79.04095, 43.9179], [-79.04174, 43.91971]]], [[[-79.47136, 43.91091], [-79.47255, 43.91188], [-79.4738, 43.91167], [-79.47367, 43.91113], [-79.47275, 43.91131], [-79.47223, 43.91051], [-79.47214, 43.91006], [-79.4714, 43.91015], [-79.47127, 43.91049], [-79.47136, 43.91091]]], [[[-79.62423, 43.82722], [-79.62277, 43.82904], [-79.62415, 43.8284], [-79.62429, 43.82811], [-79.62468, 43.82805], [-79.62515, 43.82821], [-79.62538, 43.8273], [-79.62602, 43.827], [-79.62657, 43.82712], [-79.62656, 43.82672], [-79.62423, 43.82722]]], [[[-79.16087, 44.01521], [-79.1584, 44.01578], [-79.15812, 44.01585], [-79.15832, 44.01591], [-79.1586, 44.01671], [-79.15928, 44.0166], [-79.15926, 44.0161], [-79.15955, 44.01602], [-79.16023, 44.01614], [-79.16123, 44.01603], [-79.16087, 44.01521]]], [[[-79.78031, 43.94314], [-79.78006, 43.94336], [-79.78076, 43.94448], [-79.78053, 43.94469], [-79.78082, 43.9451], [-79.78057, 43.94526], [-79.7811, 43.94564], [-79.78197, 43.94567], [-79.78252, 43.94549], [-79.78227, 43.94494], [-79.78118, 43.94434], [-79.78058, 43.94373], [-79.78031, 43.94314]]], [[[-79.45058, 43.82489], [-79.45035, 43.82516], [-79.44907, 43.82536], [-79.44927, 43.82642], [-79.44953, 43.82637], [-79.44949, 43.82623], [-79.45115, 43.82573], [-79.45101, 43.82515], [-79.45127, 43.82496], [-79.45279, 43.82483], [-79.45156, 43.82461], [-79.45058, 43.82489]]], [[[-79.03897, 43.81637], [-79.04116, 43.81626], [-79.04238, 43.81659], [-79.04397, 43.81611], [-79.04381, 43.81571], [-79.04134, 43.81597], [-79.03881, 43.81599], [-79.03897, 43.81637]]], [[[-79.06763, 43.86933], [-79.06637, 43.87017], [-79.0654, 43.87045], [-79.06501, 43.87072], [-79.06729, 43.87082], [-79.06824, 43.87071], [-79.06763, 43.86933]]], [[[-79.46913, 43.90659], [-79.46799, 43.90685], [-79.46808, 43.90702], [-79.46953, 43.90692], [-79.47159, 43.9072], [-79.47283, 43.90758], [-79.4727, 43.90705], [-79.47171, 43.90667], [-79.46936, 43.90629], [-79.46913, 43.90659]]], [[[-79.58391, 43.83848], [-79.58499, 43.83838], [-79.58471, 43.83839], [-79.58461, 43.83824], [-79.58468, 43.83793], [-79.58487, 43.83805], [-79.58466, 43.83711], [-79.58544, 43.83694], [-79.58521, 43.83572], [-79.58495, 43.83587], [-79.5851, 43.83592], [-79.58509, 43.83619], [-79.58435, 43.83644], [-79.58297, 43.83738], [-79.58406, 43.83728], [-79.58406, 43.83799], [-79.58376, 43.83805], [-79.58391, 43.83848]]], [[[-79.60619, 43.80863], [-79.60708, 43.80874], [-79.60699, 43.80852], [-79.60724, 43.80848], [-79.60713, 43.80811], [-79.60507, 43.80743], [-79.60447, 43.80659], [-79.60408, 43.80661], [-79.60444, 43.80826], [-79.60534, 43.80811], [-79.60619, 43.80863]]], [[[-79.97275, 43.94798], [-79.97227, 43.94811], [-79.973, 43.94909], [-79.97291, 43.94987], [-79.97309, 43.95015], [-79.97406, 43.94944], [-79.97447, 43.94863], [-79.9742, 43.94811], [-79.97275, 43.94798]]], [[[-79.5817, 43.82024], [-79.58182, 43.82091], [-79.58219, 43.82085], [-79.58053, 43.81363], [-79.58019, 43.81368], [-79.58107, 43.81759], [-79.58033, 43.8177], [-79.58082, 43.81778], [-79.58127, 43.8184], [-79.58108, 43.81759], [-79.5817, 43.82024]]], [[[-79.62902, 43.81986], [-79.62886, 43.82023], [-79.62909, 43.82045], [-79.63063, 43.82012], [-79.63062, 43.8199], [-79.62994, 43.81996], [-79.62925, 43.81959], [-79.62918, 43.8194], [-79.63004, 43.81935], [-79.63062, 43.81971], [-79.63049, 43.81822], [-79.62852, 43.81865], [-79.6288, 43.81897], [-79.62877, 43.81948], [-79.62902, 43.81986]]], [[[-79.66034, 43.72703], [-79.6595, 43.72777], [-79.65999, 43.72816], [-79.65992, 43.72882], [-79.66145, 43.72987], [-79.66108, 43.72751], [-79.66034, 43.72703]]], [[[-79.16519, 43.84714], [-79.1655, 43.84761], [-79.16605, 43.8479], [-79.16648, 43.84793], [-79.16616, 43.84678], [-79.16564, 43.84561], [-79.16595, 43.84646], [-79.1656, 43.8464], [-79.16527, 43.84569], [-79.16348, 43.84606], [-79.16376, 43.84639], [-79.16519, 43.84714]]], [[[-79.47661, 43.849], [-79.47697, 43.84943], [-79.48377, 43.8479], [-79.4837, 43.84761], [-79.48384, 43.84727], [-79.48319, 43.84736], [-79.48112, 43.84815], [-79.48029, 43.84817], [-79.47901, 43.84883], [-79.47754, 43.84916], [-79.47662, 43.84863], [-79.47594, 43.84868], [-79.47598, 43.84897], [-79.47661, 43.849]]], [[[-79.09585, 43.85967], [-79.09199, 43.86068], [-79.09169, 43.86163], [-79.09175, 43.86219], [-79.09585, 43.85967]]], [[[-79.05204, 43.83485], [-79.05151, 43.83517], [-79.04983, 43.83549], [-79.05036, 43.83674], [-79.05262, 43.83625], [-79.05204, 43.83485]]], [[[-79.61764, 43.86022], [-79.61911, 43.86058], [-79.61988, 43.86024], [-79.62024, 43.85989], [-79.62014, 43.85951], [-79.6193, 43.86004], [-79.61826, 43.86009], [-79.61786, 43.85894], [-79.61744, 43.85861], [-79.61704, 43.85839], [-79.61601, 43.85863], [-79.61627, 43.85899], [-79.61627, 43.85957], [-79.617, 43.85945], [-79.61764, 43.86022]]], [[[-79.47057, 43.84788], [-79.47013, 43.84814], [-79.47022, 43.84834], [-79.47011, 43.84847], [-79.47033, 43.84873], [-79.47148, 43.84857], [-79.47134, 43.84824], [-79.4724, 43.84826], [-79.4725, 43.8485], [-79.47296, 43.8485], [-79.47301, 43.84823], [-79.47374, 43.84816], [-79.47505, 43.84851], [-79.47587, 43.84845], [-79.47376, 43.84795], [-79.47274, 43.84801], [-79.47245, 43.84758], [-79.4722, 43.84774], [-79.47164, 43.84769], [-79.47128, 43.84753], [-79.47071, 43.84686], [-79.46988, 43.84765], [-79.47057, 43.84788]]], [[[-79.58639, 43.77766], [-79.58651, 43.77724], [-79.58693, 43.77689], [-79.58835, 43.77633], [-79.5866, 43.77653], [-79.58465, 43.7763], [-79.58337, 43.77683], [-79.58365, 43.77714], [-79.58483, 43.77722], [-79.58529, 43.77764], [-79.58639, 43.77766]]], [[[-79.85572, 43.88475], [-79.85604, 43.8852], [-79.85542, 43.88565], [-79.85624, 43.88617], [-79.85528, 43.88644], [-79.85472, 43.88698], [-79.85517, 43.8873], [-79.85812, 43.88469], [-79.85741, 43.88424], [-79.85688, 43.88457], [-79.85651, 43.8843], [-79.85572, 43.88475]]], [[[-79.46966, 43.84744], [-79.47034, 43.84681], [-79.46951, 43.84665], [-79.46946, 43.84617], [-79.46878, 43.8458], [-79.46536, 43.84649], [-79.46684, 43.84677], [-79.46734, 43.84671], [-79.46778, 43.84644], [-79.46871, 43.84735], [-79.46936, 43.84746], [-79.46966, 43.84744]]], [[[-79.15339, 44.01499], [-79.15458, 44.01469], [-79.15389, 44.01298], [-79.1518, 44.01348], [-79.15244, 44.0147], [-79.15339, 44.01499]]], [[[-79.464, 43.86852], [-79.46378, 43.86862], [-79.46396, 43.86931], [-79.46479, 43.86906], [-79.46543, 43.86909], [-79.46585, 43.86864], [-79.4659, 43.86925], [-79.46665, 43.86903], [-79.46634, 43.86823], [-79.46477, 43.86841], [-79.4646, 43.86738], [-79.46391, 43.86672], [-79.46362, 43.86602], [-79.46329, 43.86637], [-79.4634, 43.86746], [-79.46392, 43.86772], [-79.464, 43.86852]]], [[[-79.4987, 43.89664], [-79.49853, 43.89621], [-79.49802, 43.89624], [-79.4973, 43.89514], [-79.49749, 43.89488], [-79.49667, 43.89472], [-79.49593, 43.89431], [-79.49652, 43.89706], [-79.49672, 43.89715], [-79.49858, 43.8968], [-79.4987, 43.89664]]], [[[-79.09979, 43.80715], [-79.10206, 43.80546], [-79.10355, 43.80393], [-79.10316, 43.80307], [-79.09949, 43.80645], [-79.09979, 43.80715]]], [[[-79.46283, 43.84788], [-79.46548, 43.85046], [-79.46664, 43.84989], [-79.46614, 43.84976], [-79.46626, 43.84955], [-79.46525, 43.84847], [-79.46421, 43.84788], [-79.46377, 43.84724], [-79.46362, 43.84727], [-79.46385, 43.84767], [-79.46283, 43.84788]]], [[[-79.51684, 43.83849], [-79.51694, 43.83889], [-79.51645, 43.83926], [-79.51809, 43.83889], [-79.51812, 43.83842], [-79.51791, 43.83822], [-79.5176, 43.83829], [-79.51742, 43.83786], [-79.51705, 43.83801], [-79.51698, 43.83762], [-79.51668, 43.83754], [-79.51663, 43.83732], [-79.51646, 43.83735], [-79.51639, 43.83767], [-79.51613, 43.83753], [-79.5162, 43.83733], [-79.51571, 43.83721], [-79.51623, 43.83702], [-79.51603, 43.83683], [-79.51534, 43.8368], [-79.51554, 43.83662], [-79.51587, 43.8366], [-79.51567, 43.83629], [-79.51532, 43.83647], [-79.51523, 43.83635], [-79.5156, 43.83607], [-79.51541, 43.83594], [-79.51528, 43.83607], [-79.5152, 43.83592], [-79.51539, 43.83587], [-79.51527, 43.83572], [-79.5157, 43.83578], [-79.51538, 43.83543], [-79.51564, 43.83543], [-79.51559, 43.83526], [-79.51527, 43.83513], [-79.5144, 43.83531], [-79.5148, 43.83603], [-79.51495, 43.83698], [-79.51557, 43.83776], [-79.51541, 43.83786], [-79.5155, 43.838], [-79.51613, 43.83811], [-79.51684, 43.83849]]], [[[-79.13546, 43.97397], [-79.13527, 43.97535], [-79.1355, 43.97584], [-79.13541, 43.97597], [-79.13605, 43.97618], [-79.13623, 43.97516], [-79.13647, 43.97483], [-79.13611, 43.97269], [-79.13548, 43.97284], [-79.13505, 43.97179], [-79.13517, 43.97112], [-79.13448, 43.97124], [-79.13443, 43.97209], [-79.13469, 43.97303], [-79.13503, 43.97295], [-79.13546, 43.97397]]], [[[-79.46685, 43.85171], [-79.4666, 43.85209], [-79.46682, 43.85357], [-79.4683, 43.85326], [-79.46794, 43.85151], [-79.46783, 43.85153], [-79.46741, 43.85055], [-79.46692, 43.85], [-79.46575, 43.85058], [-79.46652, 43.85107], [-79.46685, 43.85171]]], [[[-79.65623, 43.79683], [-79.65708, 43.79687], [-79.65758, 43.79732], [-79.6578, 43.79734], [-79.65849, 43.79719], [-79.65866, 43.79693], [-79.65942, 43.797], [-79.66012, 43.79684], [-79.65977, 43.79595], [-79.65571, 43.79616], [-79.65566, 43.79595], [-79.6553, 43.7961], [-79.65552, 43.79702], [-79.65623, 43.79683]]], [[[-79.79776, 43.76073], [-79.80028, 43.7601], [-79.80064, 43.75972], [-79.79898, 43.75849], [-79.79728, 43.75999], [-79.79642, 43.75936], [-79.79697, 43.76027], [-79.79776, 43.76073]]], [[[-79.48313, 43.87496], [-79.4838, 43.87447], [-79.48358, 43.87392], [-79.48299, 43.87355], [-79.48269, 43.87354], [-79.4827, 43.87299], [-79.48218, 43.87224], [-79.48083, 43.87174], [-79.48073, 43.87149], [-79.47991, 43.87167], [-79.48043, 43.87187], [-79.48118, 43.8736], [-79.48243, 43.87444], [-79.48271, 43.87448], [-79.48313, 43.87496]]], [[[-79.78246, 43.94714], [-79.78224, 43.94679], [-79.78139, 43.94675], [-79.78091, 43.94648], [-79.78107, 43.94595], [-79.78002, 43.9452], [-79.78028, 43.94555], [-79.78014, 43.94569], [-79.78008, 43.94639], [-79.7802, 43.94687], [-79.77992, 43.94723], [-79.77963, 43.94731], [-79.77947, 43.94792], [-79.77903, 43.94849], [-79.77942, 43.94815], [-79.78047, 43.94891], [-79.78246, 43.94714]]], [[[-79.15904, 43.84296], [-79.15879, 43.84224], [-79.15984, 43.8427], [-79.16159, 43.84277], [-79.16244, 43.84339], [-79.16375, 43.84312], [-79.16268, 43.84221], [-79.16027, 43.84197], [-79.15956, 43.84153], [-79.15865, 43.84065], [-79.15805, 43.8408], [-79.15904, 43.84296]]], [[[-79.52117, 43.8463], [-79.52075, 43.84638], [-79.52111, 43.84667], [-79.52129, 43.84718], [-79.52289, 43.84682], [-79.5221, 43.84617], [-79.52175, 43.84526], [-79.522, 43.84521], [-79.52252, 43.8435], [-79.52246, 43.84318], [-79.52086, 43.8435], [-79.52096, 43.84399], [-79.5203, 43.84554], [-79.52085, 43.84543], [-79.52117, 43.8463]]], [[[-79.41034, 43.97382], [-79.40213, 43.97566], [-79.40226, 43.97597], [-79.40853, 43.97524], [-79.40868, 43.9745], [-79.41041, 43.97411], [-79.41034, 43.97382]]], [[[-79.63719, 43.82804], [-79.63569, 43.82916], [-79.63611, 43.83066], [-79.63724, 43.8296], [-79.63808, 43.8295], [-79.63821, 43.82911], [-79.63811, 43.82849], [-79.63857, 43.82846], [-79.63877, 43.82864], [-79.63946, 43.82824], [-79.63918, 43.82739], [-79.63719, 43.82804]]], [[[-79.08495, 43.85048], [-79.08621, 43.85035], [-79.08587, 43.84958], [-79.08513, 43.84975], [-79.0844, 43.8481], [-79.08404, 43.8483], [-79.08203, 43.84866], [-79.08247, 43.84958], [-79.08495, 43.85048]]], [[[-79.79389, 43.92846], [-79.79218, 43.93009], [-79.79458, 43.93098], [-79.79408, 43.93143], [-79.79403, 43.93177], [-79.79603, 43.92998], [-79.79389, 43.92846]]], [[[-79.58013, 43.83321], [-79.58178, 43.83287], [-79.58205, 43.83249], [-79.58354, 43.83173], [-79.58394, 43.83225], [-79.58418, 43.83211], [-79.58396, 43.83167], [-79.58429, 43.83118], [-79.58419, 43.83072], [-79.58366, 43.83113], [-79.58367, 43.83128], [-79.58238, 43.83193], [-79.58212, 43.83197], [-79.58201, 43.83173], [-79.58171, 43.83178], [-79.58097, 43.83152], [-79.5798, 43.83152], [-79.57901, 43.83187], [-79.57902, 43.83223], [-79.57854, 43.83246], [-79.57863, 43.83264], [-79.57901, 43.83273], [-79.57947, 43.83254], [-79.57999, 43.83255], [-79.58017, 43.83273], [-79.58013, 43.83321]]], [[[-79.48418, 43.85454], [-79.48451, 43.85568], [-79.48436, 43.85597], [-79.48514, 43.85737], [-79.4862, 43.85714], [-79.48527, 43.85366], [-79.48034, 43.8547], [-79.48052, 43.85516], [-79.48045, 43.85485], [-79.48359, 43.85424], [-79.48418, 43.85454]]], [[[-79.387, 43.88534], [-79.3871, 43.88587], [-79.38765, 43.88558], [-79.38792, 43.8858], [-79.38783, 43.88557], [-79.38857, 43.88501], [-79.38886, 43.88406], [-79.38945, 43.88391], [-79.38934, 43.88303], [-79.39113, 43.88262], [-79.39101, 43.88224], [-79.39046, 43.88207], [-79.39046, 43.88177], [-79.39087, 43.88131], [-79.39081, 43.88104], [-79.38883, 43.88146], [-79.38898, 43.88204], [-79.38953, 43.88188], [-79.38966, 43.88201], [-79.38897, 43.88209], [-79.38889, 43.88222], [-79.38921, 43.88241], [-79.38966, 43.88213], [-79.39014, 43.88242], [-79.38957, 43.88287], [-79.38905, 43.8829], [-79.38869, 43.88317], [-79.38813, 43.8833], [-79.38767, 43.88371], [-79.38768, 43.88452], [-79.3871, 43.88461], [-79.38728, 43.88526], [-79.387, 43.88534]]], [[[-79.62374, 43.87202], [-79.62226, 43.87213], [-79.62268, 43.87396], [-79.62576, 43.87331], [-79.62532, 43.87168], [-79.62397, 43.87197], [-79.6235, 43.87001], [-79.62328, 43.87006], [-79.62374, 43.87202]]], [[[-79.13195, 43.84359], [-79.13094, 43.84125], [-79.13019, 43.84174], [-79.13087, 43.84229], [-79.13115, 43.84292], [-79.13103, 43.84328], [-79.12873, 43.84494], [-79.12842, 43.84474], [-79.12764, 43.84518], [-79.12763, 43.84532], [-79.12805, 43.84605], [-79.12849, 43.84591], [-79.12866, 43.84645], [-79.13195, 43.84359]]], [[[-79.46342, 43.84651], [-79.46327, 43.8461], [-79.46401, 43.84596], [-79.46391, 43.8457], [-79.46445, 43.84573], [-79.46417, 43.84529], [-79.46578, 43.84492], [-79.46429, 43.84438], [-79.46192, 43.8448], [-79.46037, 43.84343], [-79.45946, 43.84361], [-79.46175, 43.84548], [-79.46243, 43.84669], [-79.46299, 43.84648], [-79.46342, 43.84651]]], [[[-79.64199, 43.78716], [-79.64179, 43.78738], [-79.6435, 43.78718], [-79.6432, 43.78617], [-79.64292, 43.78606], [-79.64238, 43.78543], [-79.64075, 43.78545], [-79.63995, 43.7852], [-79.63949, 43.78454], [-79.63815, 43.78484], [-79.63836, 43.78543], [-79.63866, 43.78571], [-79.639, 43.78563], [-79.6395, 43.78611], [-79.63971, 43.78613], [-79.63975, 43.78592], [-79.63991, 43.78593], [-79.63987, 43.78615], [-79.64022, 43.78632], [-79.64026, 43.78667], [-79.64073, 43.78642], [-79.6417, 43.78651], [-79.64199, 43.78716]]], [[[-79.77657, 43.94392], [-79.77503, 43.94528], [-79.77747, 43.9459], [-79.77873, 43.94598], [-79.7796, 43.94505], [-79.7796, 43.9449], [-79.77854, 43.94419], [-79.77735, 43.94381], [-79.77657, 43.94392]]], [[[-79.73424, 43.88546], [-79.73207, 43.88741], [-79.73299, 43.88699], [-79.73458, 43.88712], [-79.73359, 43.88684], [-79.73386, 43.88621], [-79.73602, 43.88547], [-79.73633, 43.88519], [-79.73628, 43.88474], [-79.73703, 43.88408], [-79.73506, 43.88337], [-79.734, 43.8843], [-79.73293, 43.88454], [-79.73424, 43.88546]]], [[[-79.19245, 44.02667], [-79.19211, 44.02718], [-79.19248, 44.02669], [-79.19299, 44.02658], [-79.19325, 44.02719], [-79.20427, 44.02472], [-79.20355, 44.02295], [-79.20028, 44.02367], [-79.201, 44.02541], [-79.19327, 44.02715], [-79.19302, 44.02655], [-79.19245, 44.02667]]], [[[-79.0873, 43.84901], [-79.08597, 43.8492], [-79.08644, 43.85027], [-79.09215, 43.84973], [-79.09208, 43.84956], [-79.09115, 43.84909], [-79.09106, 43.84888], [-79.08954, 43.84912], [-79.08883, 43.84884], [-79.088, 43.8482], [-79.08747, 43.84825], [-79.08699, 43.84852], [-79.08685, 43.84884], [-79.0872, 43.84879], [-79.0873, 43.84901]]], [[[-79.6217, 43.7984], [-79.62246, 43.798], [-79.62288, 43.79809], [-79.62324, 43.79856], [-79.62362, 43.79849], [-79.6233, 43.79775], [-79.62253, 43.79721], [-79.62275, 43.79695], [-79.62276, 43.79666], [-79.62216, 43.79473], [-79.62092, 43.79592], [-79.62054, 43.79652], [-79.6204, 43.79647], [-79.61973, 43.79747], [-79.61995, 43.79715], [-79.62011, 43.79721], [-79.61992, 43.79751], [-79.62074, 43.79797], [-79.62122, 43.79801], [-79.6217, 43.7984]]], [[[-79.13646, 43.98], [-79.13544, 43.97998], [-79.134, 43.9792], [-79.1344, 43.97906], [-79.13475, 43.97915], [-79.13518, 43.97872], [-79.13555, 43.97869], [-79.13531, 43.97812], [-79.13602, 43.97639], [-79.13529, 43.97614], [-79.13441, 43.97757], [-79.134, 43.978], [-79.13357, 43.9781], [-79.13326, 43.97865], [-79.13449, 43.98151], [-79.13646, 43.98]]], [[[-79.55942, 43.87173], [-79.55935, 43.87123], [-79.55978, 43.87055], [-79.55962, 43.87021], [-79.55978, 43.86999], [-79.56162, 43.86985], [-79.5615, 43.86968], [-79.56064, 43.86966], [-79.56045, 43.86952], [-79.56005, 43.86968], [-79.55848, 43.86978], [-79.55807, 43.86926], [-79.55694, 43.86899], [-79.55691, 43.86847], [-79.55655, 43.86853], [-79.55741, 43.87213], [-79.55942, 43.87173]]], [[[-79.47083, 43.86415], [-79.472, 43.86385], [-79.47184, 43.86358], [-79.46921, 43.86231], [-79.47003, 43.86137], [-79.47014, 43.86065], [-79.46925, 43.86057], [-79.46908, 43.86111], [-79.46805, 43.86152], [-79.46675, 43.86232], [-79.46702, 43.8627], [-79.46774, 43.86315], [-79.47027, 43.8638], [-79.47083, 43.86415]]], [[[-79.46913, 43.85898], [-79.46927, 43.86034], [-79.47018, 43.86041], [-79.47021, 43.85932], [-79.46995, 43.85804], [-79.46908, 43.85653], [-79.46916, 43.85571], [-79.46954, 43.85562], [-79.46926, 43.85466], [-79.46891, 43.85377], [-79.46859, 43.85383], [-79.46836, 43.8535], [-79.46756, 43.85365], [-79.46756, 43.85406], [-79.4679, 43.85417], [-79.46841, 43.85537], [-79.46802, 43.85626], [-79.46818, 43.85699], [-79.4687, 43.8578], [-79.46913, 43.85898]]], [[[-79.38649, 43.8931], [-79.38888, 43.89257], [-79.38775, 43.89207], [-79.38644, 43.8909], [-79.38497, 43.88926], [-79.38339, 43.89011], [-79.38394, 43.89075], [-79.38462, 43.891], [-79.38523, 43.89146], [-79.38559, 43.89245], [-79.38612, 43.89297], [-79.38649, 43.8931]]], [[[-79.83552, 43.96109], [-79.83709, 43.96235], [-79.83811, 43.96197], [-79.83772, 43.96161], [-79.83774, 43.96139], [-79.83869, 43.96076], [-79.83747, 43.95988], [-79.83871, 43.96077], [-79.83897, 43.96056], [-79.83645, 43.95878], [-79.83613, 43.95894], [-79.83517, 43.96006], [-79.83552, 43.96109]]], [[[-79.58, 43.82773], [-79.57956, 43.82837], [-79.57979, 43.82857], [-79.58081, 43.82783], [-79.58266, 43.82736], [-79.58256, 43.82768], [-79.5818, 43.8277], [-79.58119, 43.828], [-79.58093, 43.82826], [-79.58094, 43.82868], [-79.58193, 43.82809], [-79.58283, 43.82832], [-79.58301, 43.82821], [-79.58351, 43.82767], [-79.58299, 43.82531], [-79.5817, 43.82612], [-79.58136, 43.8267], [-79.5783, 43.82728], [-79.57864, 43.82769], [-79.57895, 43.82769], [-79.57896, 43.82787], [-79.58, 43.82773]]], [[[-79.15056, 44.01641], [-79.14981, 44.01722], [-79.14997, 44.01755], [-79.15047, 44.01787], [-79.15197, 44.01817], [-79.15358, 44.0179], [-79.15345, 44.01714], [-79.15595, 44.01636], [-79.15427, 44.01675], [-79.15435, 44.01629], [-79.15405, 44.01657], [-79.15286, 44.01678], [-79.15239, 44.01633], [-79.15191, 44.01524], [-79.1508, 44.01541], [-79.15063, 44.0152], [-79.14984, 44.0155], [-79.1495, 44.01582], [-79.15034, 44.01587], [-79.15056, 44.01641]]], [[[-79.55603, 43.86282], [-79.55546, 43.8636], [-79.55574, 43.8642], [-79.55546, 43.86439], [-79.55578, 43.86421], [-79.55687, 43.86406], [-79.55677, 43.8638], [-79.55802, 43.86367], [-79.5581, 43.8639], [-79.56043, 43.86366], [-79.56414, 43.86284], [-79.5643, 43.86267], [-79.56393, 43.8622], [-79.56392, 43.86155], [-79.56308, 43.8623], [-79.5626, 43.86255], [-79.56248, 43.86248], [-79.56236, 43.86222], [-79.56294, 43.86163], [-79.56273, 43.86145], [-79.56263, 43.86165], [-79.56218, 43.86173], [-79.56229, 43.86197], [-79.56089, 43.86237], [-79.56094, 43.86273], [-79.56048, 43.86286], [-79.56021, 43.86278], [-79.55719, 43.86343], [-79.55685, 43.86269], [-79.55603, 43.86282]]], [[[-79.41308, 43.92829], [-79.41326, 43.92869], [-79.41575, 43.92809], [-79.41547, 43.92698], [-79.4147, 43.92649], [-79.41305, 43.92625], [-79.41237, 43.92577], [-79.4128, 43.9256], [-79.41309, 43.92503], [-79.41185, 43.92606], [-79.40938, 43.92767], [-79.41048, 43.92712], [-79.41141, 43.92703], [-79.41163, 43.92737], [-79.41229, 43.92747], [-79.41308, 43.92829]]], [[[-79.51007, 43.89427], [-79.50995, 43.8939], [-79.51034, 43.89362], [-79.51025, 43.89338], [-79.50926, 43.89313], [-79.5102, 43.89203], [-79.51027, 43.89148], [-79.51099, 43.89115], [-79.51112, 43.89092], [-79.51099, 43.89064], [-79.51144, 43.89027], [-79.50765, 43.89112], [-79.50851, 43.8946], [-79.51007, 43.89427]]], [[[-79.63474, 43.87157], [-79.63394, 43.87194], [-79.63393, 43.87225], [-79.63241, 43.87267], [-79.63308, 43.87559], [-79.63556, 43.87507], [-79.63474, 43.87157]]], [[[-79.61156, 43.79509], [-79.6133, 43.79708], [-79.61382, 43.79738], [-79.61613, 43.79633], [-79.61722, 43.79629], [-79.61761, 43.7975], [-79.61784, 43.79696], [-79.61837, 43.79702], [-79.61884, 43.79746], [-79.61924, 43.79744], [-79.61984, 43.79676], [-79.61969, 43.79633], [-79.61886, 43.79617], [-79.61878, 43.79592], [-79.61604, 43.79584], [-79.61521, 43.7959], [-79.61451, 43.79618], [-79.61401, 43.79606], [-79.61358, 43.79463], [-79.61156, 43.79509]]], [[[-79.76443, 43.80099], [-79.76289, 43.80113], [-79.76243, 43.80169], [-79.76436, 43.8032], [-79.76536, 43.80365], [-79.76879, 43.80058], [-79.76806, 43.8005], [-79.766, 43.8016], [-79.76543, 43.80137], [-79.76565, 43.80117], [-79.76501, 43.80139], [-79.76443, 43.80099]]], [[[-79.08364, 43.86447], [-79.08318, 43.86519], [-79.08427, 43.8666], [-79.08685, 43.86509], [-79.08538, 43.86454], [-79.0857, 43.86444], [-79.08562, 43.86406], [-79.08604, 43.86397], [-79.08596, 43.86376], [-79.0852, 43.86394], [-79.08428, 43.86369], [-79.08396, 43.86328], [-79.08447, 43.86316], [-79.08432, 43.86293], [-79.08384, 43.86304], [-79.0831, 43.86284], [-79.08145, 43.86319], [-79.08182, 43.8642], [-79.08319, 43.86423], [-79.08364, 43.86447]]], [[[-79.63857, 43.84041], [-79.63832, 43.84044], [-79.6384, 43.84078], [-79.64223, 43.83993], [-79.64127, 43.83941], [-79.64105, 43.83815], [-79.63984, 43.83842], [-79.63965, 43.8382], [-79.64084, 43.83793], [-79.6408, 43.83766], [-79.63913, 43.83799], [-79.63886, 43.8379], [-79.63874, 43.8375], [-79.63833, 43.83721], [-79.63753, 43.83711], [-79.63826, 43.84017], [-79.63851, 43.84014], [-79.63857, 43.84041]]], [[[-79.47575, 43.87524], [-79.47616, 43.87527], [-79.47629, 43.87467], [-79.47668, 43.87418], [-79.47652, 43.87249], [-79.47672, 43.87221], [-79.47724, 43.87194], [-79.47728, 43.87073], [-79.4776, 43.87022], [-79.47822, 43.87029], [-79.4782, 43.87046], [-79.47872, 43.87091], [-79.47901, 43.87141], [-79.47933, 43.87159], [-79.48014, 43.87143], [-79.47934, 43.87126], [-79.47906, 43.87074], [-79.47858, 43.87038], [-79.4785, 43.87006], [-79.47723, 43.86983], [-79.47706, 43.86964], [-79.4774, 43.8693], [-79.47788, 43.86912], [-79.4781, 43.86834], [-79.47717, 43.86793], [-79.47607, 43.86707], [-79.47688, 43.87074], [-79.47613, 43.87089], [-79.47597, 43.87125], [-79.47612, 43.87198], [-79.47576, 43.87253], [-79.47552, 43.8733], [-79.4755, 43.87402], [-79.47509, 43.87489], [-79.4754, 43.87493], [-79.47575, 43.87524]]], [[[-79.62738, 43.79765], [-79.62689, 43.79732], [-79.62603, 43.79736], [-79.62549, 43.79695], [-79.62537, 43.79602], [-79.62622, 43.7958], [-79.62618, 43.79564], [-79.62361, 43.79622], [-79.62337, 43.79668], [-79.62339, 43.79718], [-79.62377, 43.79743], [-79.62407, 43.79803], [-79.62552, 43.79848], [-79.62578, 43.7996], [-79.62635, 43.79998], [-79.62707, 43.7998], [-79.62744, 43.79947], [-79.62793, 43.79963], [-79.62738, 43.79765]]], [[[-79.15116, 43.87639], [-79.14965, 43.87258], [-79.14528, 43.87354], [-79.14655, 43.87383], [-79.14832, 43.87488], [-79.14869, 43.87568], [-79.14945, 43.87574], [-79.15001, 43.87652], [-79.15116, 43.87639]]], [[[-79.38295, 43.88798], [-79.38251, 43.8886], [-79.38269, 43.88941], [-79.38479, 43.88907], [-79.38567, 43.88859], [-79.38511, 43.8874], [-79.38672, 43.88649], [-79.38655, 43.88584], [-79.38667, 43.88534], [-79.38383, 43.88616], [-79.38294, 43.88595], [-79.3827, 43.88635], [-79.38313, 43.8872], [-79.38295, 43.88798]]], [[[-79.84281, 43.96381], [-79.83995, 43.96166], [-79.83857, 43.96283], [-79.83794, 43.96225], [-79.83761, 43.96238], [-79.83833, 43.96304], [-79.83791, 43.96339], [-79.83843, 43.96377], [-79.83867, 43.96434], [-79.83903, 43.96453], [-79.83942, 43.9645], [-79.84086, 43.96555], [-79.84281, 43.96381]]], [[[-79.09127, 43.8195], [-79.08891, 43.82003], [-79.09066, 43.82397], [-79.09247, 43.82302], [-79.0919, 43.82163], [-79.09308, 43.82137], [-79.09127, 43.8195]]], [[[-79.11915, 43.80919], [-79.12033, 43.81039], [-79.12022, 43.81068], [-79.12054, 43.81043], [-79.12083, 43.80958], [-79.12188, 43.80923], [-79.12149, 43.80832], [-79.12099, 43.80826], [-79.12073, 43.8084], [-79.12098, 43.80897], [-79.11971, 43.80878], [-79.11983, 43.80861], [-79.11913, 43.80835], [-79.11988, 43.80818], [-79.11908, 43.80744], [-79.11862, 43.80734], [-79.11843, 43.80684], [-79.11782, 43.80656], [-79.11724, 43.80669], [-79.11687, 43.80621], [-79.11568, 43.80535], [-79.11527, 43.8053], [-79.11538, 43.80633], [-79.11519, 43.80681], [-79.11601, 43.8071], [-79.11575, 43.80724], [-79.1157, 43.80747], [-79.11586, 43.808], [-79.11666, 43.80807], [-79.11758, 43.80785], [-79.11789, 43.80852], [-79.11915, 43.80919]]], [[[-79.62108, 43.87019], [-79.62098, 43.86989], [-79.62155, 43.86914], [-79.62198, 43.8692], [-79.62198, 43.86882], [-79.62172, 43.86878], [-79.62064, 43.86671], [-79.61802, 43.86724], [-79.61881, 43.87054], [-79.61901, 43.87063], [-79.62108, 43.87019]]], [[[-79.48125, 43.86214], [-79.48099, 43.86136], [-79.47903, 43.86063], [-79.48027, 43.86056], [-79.48219, 43.86109], [-79.48256, 43.86103], [-79.48267, 43.86078], [-79.48376, 43.86124], [-79.484, 43.86165], [-79.48633, 43.86118], [-79.48602, 43.86073], [-79.48532, 43.86024], [-79.48353, 43.86003], [-79.48311, 43.85985], [-79.48298, 43.85954], [-79.4799, 43.85975], [-79.47934, 43.85935], [-79.47847, 43.85946], [-79.4789, 43.86126], [-79.48045, 43.86224], [-79.48125, 43.86214]]], [[[-79.58057, 43.82507], [-79.58047, 43.82554], [-79.58091, 43.8254], [-79.58161, 43.8241], [-79.58206, 43.82471], [-79.58186, 43.82502], [-79.58161, 43.8251], [-79.58194, 43.82526], [-79.58293, 43.82502], [-79.58208, 43.82148], [-79.58187, 43.82138], [-79.58001, 43.8218], [-79.58016, 43.82221], [-79.57979, 43.82262], [-79.5793, 43.8227], [-79.57927, 43.82287], [-79.57943, 43.8229], [-79.57906, 43.82306], [-79.5766, 43.82351], [-79.57652, 43.82383], [-79.577, 43.82384], [-79.57673, 43.82413], [-79.57723, 43.82383], [-79.57749, 43.82385], [-79.57756, 43.82405], [-79.57926, 43.82394], [-79.58023, 43.82416], [-79.58057, 43.82507]]], [[[-79.83814, 43.94201], [-79.83766, 43.94252], [-79.83766, 43.94285], [-79.83855, 43.94384], [-79.84063, 43.94189], [-79.84001, 43.94181], [-79.84031, 43.94164], [-79.83985, 43.93955], [-79.84016, 43.93878], [-79.8414, 43.93768], [-79.84073, 43.9372], [-79.83869, 43.93902], [-79.83912, 43.9393], [-79.83875, 43.93993], [-79.83706, 43.94084], [-79.83712, 43.94128], [-79.83814, 43.94201]]], [[[-79.83919, 43.94856], [-79.83894, 43.94878], [-79.83942, 43.94972], [-79.83981, 43.94961], [-79.84031, 43.94904], [-79.84104, 43.94861], [-79.84048, 43.94826], [-79.84026, 43.94761], [-79.84024, 43.94738], [-79.84055, 43.94692], [-79.83973, 43.94737], [-79.83924, 43.94738], [-79.83904, 43.94756], [-79.83891, 43.94746], [-79.84053, 43.94671], [-79.84019, 43.94508], [-79.84059, 43.9445], [-79.84103, 43.94425], [-79.84103, 43.944], [-79.84078, 43.94335], [-79.84017, 43.943], [-79.83787, 43.94503], [-79.83861, 43.94576], [-79.83854, 43.94626], [-79.83894, 43.94633], [-79.83882, 43.94649], [-79.83855, 43.94629], [-79.83813, 43.94684], [-79.83855, 43.948], [-79.83919, 43.94856]]], [[[-79.58217, 43.80349], [-79.58443, 43.80309], [-79.58476, 43.80226], [-79.5843, 43.80227], [-79.58373, 43.80148], [-79.58307, 43.80095], [-79.5833, 43.80083], [-79.58321, 43.80071], [-79.58252, 43.80046], [-79.5836, 43.80043], [-79.58343, 43.80018], [-79.58234, 43.80031], [-79.58319, 43.80015], [-79.58306, 43.79962], [-79.58291, 43.79962], [-79.58274, 43.80018], [-79.58178, 43.79988], [-79.58089, 43.80006], [-79.58059, 43.79997], [-79.58064, 43.79973], [-79.58123, 43.79935], [-79.58126, 43.79894], [-79.58096, 43.79823], [-79.58022, 43.79828], [-79.57958, 43.79948], [-79.57998, 43.80027], [-79.58016, 43.80047], [-79.5804, 43.80044], [-79.58067, 43.80106], [-79.58142, 43.8017], [-79.58182, 43.80305], [-79.58217, 43.80349]]], [[[-79.83954, 43.95776], [-79.84088, 43.95747], [-79.84144, 43.958], [-79.84215, 43.95829], [-79.84281, 43.95772], [-79.84385, 43.95794], [-79.84437, 43.95825], [-79.8453, 43.95739], [-79.84528, 43.95719], [-79.84276, 43.9554], [-79.84128, 43.95519], [-79.84076, 43.95496], [-79.83927, 43.95628], [-79.84022, 43.95662], [-79.83954, 43.95776]]], [[[-79.05633, 43.89084], [-79.05709, 43.89148], [-79.05706, 43.89159], [-79.05744, 43.89142], [-79.05667, 43.89041], [-79.05723, 43.88989], [-79.0579, 43.8896], [-79.05699, 43.88887], [-79.05721, 43.88835], [-79.05746, 43.88831], [-79.05762, 43.88848], [-79.05796, 43.88928], [-79.05957, 43.88887], [-79.05863, 43.88668], [-79.059, 43.88661], [-79.05835, 43.88569], [-79.05794, 43.88611], [-79.05635, 43.88649], [-79.05502, 43.88771], [-79.05542, 43.88947], [-79.05586, 43.88993], [-79.05633, 43.89084]]], [[[-79.14886, 43.83339], [-79.14728, 43.83374], [-79.14752, 43.83427], [-79.14836, 43.83408], [-79.1482, 43.83374], [-79.15016, 43.8333], [-79.14996, 43.83286], [-79.15032, 43.83278], [-79.15028, 43.83262], [-79.15075, 43.8322], [-79.15048, 43.83179], [-79.15082, 43.83169], [-79.15052, 43.83098], [-79.14924, 43.83126], [-79.14917, 43.8311], [-79.15045, 43.83082], [-79.15005, 43.82987], [-79.14874, 43.83016], [-79.14853, 43.82968], [-79.14735, 43.82994], [-79.14799, 43.83134], [-79.14425, 43.83217], [-79.14488, 43.83216], [-79.14502, 43.83237], [-79.14445, 43.83259], [-79.14521, 43.83341], [-79.14856, 43.83267], [-79.14886, 43.83339]]], [[[-79.61543, 43.8562], [-79.6165, 43.85646], [-79.61724, 43.8571], [-79.61812, 43.85699], [-79.61816, 43.85681], [-79.61843, 43.85674], [-79.61821, 43.85561], [-79.61905, 43.85543], [-79.61867, 43.85328], [-79.61786, 43.85345], [-79.61754, 43.85303], [-79.61661, 43.85313], [-79.61626, 43.85284], [-79.61678, 43.85209], [-79.61482, 43.85252], [-79.61467, 43.8527], [-79.61543, 43.8562]]], [[[-79.63205, 43.7831], [-79.63426, 43.78445], [-79.63465, 43.78453], [-79.63502, 43.78501], [-79.63596, 43.78532], [-79.63562, 43.78344], [-79.63442, 43.78333], [-79.63322, 43.78213], [-79.63423, 43.7819], [-79.63363, 43.78187], [-79.63341, 43.78167], [-79.63418, 43.78129], [-79.6339, 43.78096], [-79.63289, 43.78137], [-79.63249, 43.78132], [-79.63202, 43.78065], [-79.63151, 43.78053], [-79.62902, 43.78053], [-79.62716, 43.77999], [-79.62568, 43.78002], [-79.62415, 43.77948], [-79.62438, 43.77937], [-79.62427, 43.77892], [-79.62393, 43.77877], [-79.62334, 43.77889], [-79.62391, 43.78123], [-79.62449, 43.78135], [-79.62477, 43.7804], [-79.62506, 43.78029], [-79.62494, 43.78069], [-79.62607, 43.78052], [-79.63113, 43.78109], [-79.63151, 43.78121], [-79.63097, 43.78244], [-79.63115, 43.78259], [-79.63059, 43.78272], [-79.63098, 43.78295], [-79.63205, 43.7831]]], [[[-79.04362, 43.84735], [-79.04445, 43.84703], [-79.0439, 43.84638], [-79.04364, 43.84631], [-79.04374, 43.84624], [-79.04333, 43.84629], [-79.04318, 43.84613], [-79.04333, 43.84565], [-79.04297, 43.84551], [-79.04297, 43.84521], [-79.04265, 43.84485], [-79.04205, 43.84486], [-79.04182, 43.84415], [-79.04138, 43.84411], [-79.04148, 43.84341], [-79.0425, 43.84318], [-79.04297, 43.84242], [-79.04284, 43.84203], [-79.04252, 43.84185], [-79.0415, 43.84186], [-79.04142, 43.84173], [-79.04222, 43.84129], [-79.04234, 43.84099], [-79.04226, 43.84068], [-79.04184, 43.84045], [-79.04078, 43.84053], [-79.04049, 43.8404], [-79.04065, 43.8401], [-79.04016, 43.83931], [-79.03749, 43.83991], [-79.04362, 43.84735]]], [[[-79.58272, 43.8448], [-79.58206, 43.84492], [-79.58256, 43.84597], [-79.58233, 43.84626], [-79.58168, 43.8464], [-79.58193, 43.8469], [-79.58173, 43.84698], [-79.58211, 43.84732], [-79.58231, 43.84783], [-79.58177, 43.84783], [-79.58195, 43.84822], [-79.58581, 43.84743], [-79.58531, 43.84527], [-79.58729, 43.84487], [-79.58697, 43.84346], [-79.58099, 43.84466], [-79.58138, 43.84488], [-79.58252, 43.8447], [-79.58272, 43.8448]]], [[[-79.97817, 43.94708], [-79.97673, 43.94746], [-79.97707, 43.94878], [-79.97741, 43.9485], [-79.97844, 43.94817], [-79.97893, 43.94821], [-79.98008, 43.94795], [-79.98169, 43.94804], [-79.98251, 43.94741], [-79.98443, 43.94749], [-79.9858, 43.948], [-79.985, 43.94511], [-79.983, 43.94539], [-79.98265, 43.94497], [-79.98168, 43.94519], [-79.98204, 43.94538], [-79.98229, 43.94604], [-79.98103, 43.94643], [-79.9798, 43.94589], [-79.97856, 43.94607], [-79.97837, 43.94584], [-79.97869, 43.9472], [-79.97817, 43.94708]]], [[[-79.47308, 43.87964], [-79.47354, 43.88088], [-79.47587, 43.8804], [-79.47579, 43.87954], [-79.475, 43.87921], [-79.47537, 43.87923], [-79.47542, 43.87886], [-79.47431, 43.87792], [-79.47401, 43.87734], [-79.47265, 43.87703], [-79.47222, 43.87678], [-79.47148, 43.8768], [-79.47084, 43.87647], [-79.46929, 43.87627], [-79.46905, 43.87609], [-79.46794, 43.87624], [-79.46747, 43.87576], [-79.46718, 43.87568], [-79.46714, 43.87518], [-79.46684, 43.8747], [-79.46539, 43.87502], [-79.46586, 43.87505], [-79.46611, 43.87536], [-79.46652, 43.87666], [-79.4676, 43.87704], [-79.46883, 43.87697], [-79.46982, 43.87735], [-79.47, 43.87777], [-79.47051, 43.87766], [-79.47107, 43.87813], [-79.47166, 43.87838], [-79.47308, 43.87964]]], [[[-78.99696, 43.85086], [-78.99951, 43.85683], [-79.0019, 43.85628], [-78.99864, 43.84861], [-78.99816, 43.84872], [-78.99813, 43.84906], [-78.99843, 43.84919], [-78.99831, 43.84943], [-78.99782, 43.84964], [-78.99807, 43.85021], [-78.99777, 43.85065], [-78.99732, 43.85066], [-78.99696, 43.85086]]], [[[-79.8667, 43.96945], [-79.86655, 43.96912], [-79.86759, 43.96852], [-79.86781, 43.96864], [-79.86804, 43.96926], [-79.87233, 43.96828], [-79.87156, 43.96823], [-79.87496, 43.96548], [-79.87271, 43.96531], [-79.87061, 43.96547], [-79.86825, 43.96714], [-79.8679, 43.96714], [-79.86687, 43.96765], [-79.86655, 43.96767], [-79.86619, 43.96739], [-79.86438, 43.96905], [-79.8654, 43.96862], [-79.86587, 43.96886], [-79.86673, 43.96883], [-79.86641, 43.9691], [-79.86658, 43.96947], [-79.8667, 43.96945]]], [[[-79.64806, 43.83867], [-79.65041, 43.83818], [-79.64972, 43.8352], [-79.64817, 43.83594], [-79.64804, 43.83561], [-79.646, 43.83503], [-79.64487, 43.8342], [-79.64354, 43.83416], [-79.64324, 43.83391], [-79.64138, 43.83402], [-79.641, 43.83354], [-79.64024, 43.83304], [-79.63945, 43.83284], [-79.6383, 43.83306], [-79.63817, 43.83294], [-79.63832, 43.83267], [-79.63799, 43.83279], [-79.63686, 43.83258], [-79.63673, 43.83237], [-79.63693, 43.832], [-79.63684, 43.83162], [-79.63698, 43.83159], [-79.63624, 43.83115], [-79.63693, 43.83446], [-79.63851, 43.83403], [-79.63919, 43.83411], [-79.64029, 43.8346], [-79.64039, 43.83486], [-79.64313, 43.83522], [-79.64382, 43.83506], [-79.64447, 43.83519], [-79.64609, 43.83601], [-79.6469, 43.83607], [-79.64758, 43.83635], [-79.64817, 43.83614], [-79.64858, 43.83631], [-79.64918, 43.83712], [-79.64857, 43.83747], [-79.64779, 43.83763], [-79.64777, 43.83738], [-79.64755, 43.83742], [-79.64762, 43.83823], [-79.64802, 43.83835], [-79.64806, 43.83867]]], [[[-79.81039, 43.7669], [-79.812, 43.76549], [-79.81208, 43.76524], [-79.81035, 43.76399], [-79.80975, 43.7645], [-79.80687, 43.76289], [-79.8063, 43.76327], [-79.80552, 43.76322], [-79.80321, 43.76162], [-79.80215, 43.76259], [-79.80306, 43.76326], [-79.80314, 43.76423], [-79.80437, 43.76491], [-79.80456, 43.76516], [-79.80448, 43.76529], [-79.80553, 43.76588], [-79.80713, 43.7645], [-79.81039, 43.7669]]], [[[-79.50105, 43.8865], [-79.50079, 43.88698], [-79.50131, 43.8888], [-79.50628, 43.88766], [-79.50536, 43.884], [-79.4984, 43.88559], [-79.49894, 43.88564], [-79.49957, 43.88596], [-79.50087, 43.88586], [-79.50105, 43.8865]]], [[[-79.18663, 43.90475], [-79.18609, 43.9058], [-79.18767, 43.90786], [-79.1879, 43.9086], [-79.18779, 43.90929], [-79.18805, 43.91013], [-79.18793, 43.91021], [-79.18965, 43.90983], [-79.18941, 43.90927], [-79.18953, 43.90856], [-79.18912, 43.90723], [-79.18856, 43.90615], [-79.1892, 43.90616], [-79.18837, 43.90416], [-79.18746, 43.9033], [-79.18532, 43.90256], [-79.18441, 43.9024], [-79.18385, 43.90253], [-79.18338, 43.90236], [-79.18299, 43.90148], [-79.18096, 43.90198], [-79.18108, 43.90228], [-79.18211, 43.90282], [-79.18391, 43.90332], [-79.18436, 43.90418], [-79.18499, 43.90414], [-79.18515, 43.90449], [-79.18624, 43.90433], [-79.18663, 43.90475]]], [[[-79.63625, 43.87109], [-79.64132, 43.86995], [-79.64093, 43.86892], [-79.64142, 43.86827], [-79.64102, 43.86783], [-79.64422, 43.86794], [-79.64095, 43.86748], [-79.64096, 43.86702], [-79.63982, 43.8672], [-79.63956, 43.86693], [-79.6391, 43.86684], [-79.63901, 43.86663], [-79.63464, 43.86763], [-79.63471, 43.86785], [-79.63522, 43.86792], [-79.63625, 43.87109]]], [[[-79.12582, 43.98684], [-79.12179, 43.98717], [-79.1151, 43.98647], [-79.11655, 43.98985], [-79.12051, 43.98915], [-79.12624, 43.98782], [-79.12582, 43.98684]]], [[[-79.05796, 43.85216], [-79.05867, 43.85225], [-79.05888, 43.85208], [-79.05894, 43.8516], [-79.05926, 43.85107], [-79.05696, 43.84567], [-79.05473, 43.84659], [-79.05255, 43.84712], [-79.05313, 43.84847], [-79.05297, 43.8485], [-79.05303, 43.84869], [-79.05324, 43.84864], [-79.05482, 43.84951], [-79.056, 43.85042], [-79.05612, 43.85084], [-79.05768, 43.85118], [-79.05781, 43.852], [-79.05796, 43.85216]]], [[[-79.05915, 43.8817], [-79.06219, 43.87988], [-79.06059, 43.8798], [-79.06172, 43.87904], [-79.0626, 43.87775], [-79.06209, 43.87681], [-79.06144, 43.87658], [-79.06143, 43.87619], [-79.06211, 43.87487], [-79.06203, 43.87451], [-79.06178, 43.8745], [-79.06166, 43.87424], [-79.06128, 43.87432], [-79.06086, 43.87417], [-79.06074, 43.87363], [-79.06123, 43.87335], [-79.06244, 43.8732], [-79.06259, 43.87353], [-79.06327, 43.87337], [-79.06254, 43.8719], [-79.06044, 43.87228], [-79.06023, 43.87183], [-79.05999, 43.87231], [-79.05816, 43.87277], [-79.05914, 43.87397], [-79.06021, 43.8742], [-79.06047, 43.8744], [-79.06063, 43.87481], [-79.06055, 43.87508], [-79.06026, 43.87521], [-79.05909, 43.87548], [-79.05955, 43.87727], [-79.06023, 43.8782], [-79.06072, 43.87939], [-79.05746, 43.88007], [-79.05797, 43.88125], [-79.05902, 43.88145], [-79.05915, 43.8817]]], [[[-79.84434, 43.87937], [-79.84956, 43.87481], [-79.84691, 43.87282], [-79.84166, 43.87738], [-79.84434, 43.87937]]], [[[-79.78704, 43.94321], [-79.78825, 43.94215], [-79.78686, 43.94113], [-79.78651, 43.94111], [-79.78587, 43.94051], [-79.78535, 43.94032], [-79.78495, 43.94029], [-79.78454, 43.94084], [-79.78404, 43.94045], [-79.78379, 43.94055], [-79.7825, 43.94027], [-79.78204, 43.93977], [-79.78143, 43.93983], [-79.7812, 43.93945], [-79.78148, 43.93931], [-79.78198, 43.93941], [-79.78312, 43.93861], [-79.78275, 43.93856], [-79.78165, 43.93888], [-79.78102, 43.9383], [-79.78019, 43.938], [-79.77995, 43.93753], [-79.78014, 43.93707], [-79.7801, 43.93675], [-79.78049, 43.93654], [-79.7793, 43.93568], [-79.77966, 43.93641], [-79.77937, 43.93676], [-79.77958, 43.93706], [-79.77855, 43.93696], [-79.77751, 43.93726], [-79.77753, 43.93754], [-79.77802, 43.93816], [-79.77801, 43.93867], [-79.77838, 43.93875], [-79.77876, 43.93945], [-79.77929, 43.93944], [-79.77976, 43.93965], [-79.77997, 43.93993], [-79.77997, 43.94026], [-79.78036, 43.94046], [-79.77998, 43.94081], [-79.77947, 43.94087], [-79.7796, 43.94125], [-79.78067, 43.94031], [-79.78221, 43.94142], [-79.78128, 43.94226], [-79.78207, 43.94236], [-79.78275, 43.94224], [-79.78343, 43.94276], [-79.78704, 43.94321]]], [[[-79.81959, 43.94414], [-79.81935, 43.94688], [-79.81982, 43.94705], [-79.8234, 43.94385], [-79.82319, 43.94372], [-79.82116, 43.94385], [-79.82012, 43.94371], [-79.81993, 43.94321], [-79.82041, 43.94343], [-79.82099, 43.94327], [-79.82129, 43.94305], [-79.82081, 43.94271], [-79.82125, 43.94209], [-79.82278, 43.94197], [-79.82323, 43.94147], [-79.82278, 43.94097], [-79.82298, 43.94083], [-79.82079, 43.9393], [-79.81973, 43.93827], [-79.81685, 43.9362], [-79.81895, 43.94081], [-79.81944, 43.94262], [-79.81959, 43.94414]]], [[[-79.60654, 43.79702], [-79.60585, 43.7965], [-79.6057, 43.79682], [-79.60633, 43.79719], [-79.60646, 43.79757], [-79.60483, 43.79821], [-79.60413, 43.79946], [-79.60383, 43.79954], [-79.60382, 43.79978], [-79.60433, 43.7997], [-79.60469, 43.80016], [-79.60596, 43.8008], [-79.60576, 43.80151], [-79.6038, 43.80278], [-79.60428, 43.80348], [-79.60406, 43.80373], [-79.60405, 43.80435], [-79.60355, 43.80445], [-79.60394, 43.80531], [-79.604, 43.80618], [-79.6043, 43.80615], [-79.60424, 43.80559], [-79.60523, 43.80496], [-79.60571, 43.80423], [-79.60629, 43.80385], [-79.60647, 43.8034], [-79.60637, 43.80285], [-79.60794, 43.80216], [-79.60794, 43.80157], [-79.60837, 43.80147], [-79.60784, 43.80091], [-79.60761, 43.7998], [-79.60972, 43.79933], [-79.60892, 43.79849], [-79.60859, 43.79755], [-79.60795, 43.79715], [-79.60654, 43.79702]]], [[[-79.48216, 43.87096], [-79.482, 43.8713], [-79.48216, 43.87138], [-79.48235, 43.8709], [-79.48317, 43.87018], [-79.48383, 43.87067], [-79.48478, 43.87076], [-79.48531, 43.87065], [-79.48492, 43.86905], [-79.48729, 43.86856], [-79.48635, 43.8681], [-79.48581, 43.86815], [-79.4849, 43.86672], [-79.48327, 43.86559], [-79.48239, 43.86572], [-79.48086, 43.86518], [-79.47982, 43.86512], [-79.48009, 43.86627], [-79.47712, 43.86686], [-79.47741, 43.86697], [-79.47767, 43.86755], [-79.47852, 43.86787], [-79.47881, 43.86836], [-79.48041, 43.86926], [-79.48093, 43.86988], [-79.48116, 43.87086], [-79.48216, 43.87096]]], [[[-79.73036, 43.90501], [-79.72961, 43.90425], [-79.7294, 43.90343], [-79.72991, 43.90366], [-79.73015, 43.90396], [-79.73065, 43.90398], [-79.7304, 43.9036], [-79.7308, 43.90323], [-79.72855, 43.8992], [-79.72999, 43.89795], [-79.72873, 43.89738], [-79.72813, 43.89756], [-79.72667, 43.89752], [-79.72541, 43.89713], [-79.72492, 43.89723], [-79.72452, 43.89769], [-79.72406, 43.89792], [-79.72869, 43.90648], [-79.73036, 43.90501]]], [[[-79.39105, 43.93027], [-79.40287, 43.92759], [-79.40263, 43.92667], [-79.40066, 43.92712], [-79.40022, 43.92628], [-79.40067, 43.92619], [-79.4007, 43.92594], [-79.40027, 43.92443], [-79.39115, 43.9265], [-79.39125, 43.9284], [-79.39105, 43.93027]], [[-79.39249, 43.92795], [-79.39213, 43.92808], [-79.39193, 43.92799], [-79.39164, 43.92731], [-79.39229, 43.92725], [-79.39249, 43.92795]], [[-79.39276, 43.92782], [-79.39246, 43.92699], [-79.39137, 43.92703], [-79.39117, 43.92668], [-79.39312, 43.92619], [-79.39378, 43.92628], [-79.39408, 43.9268], [-79.39398, 43.92757], [-79.39276, 43.92782]], [[-79.39999, 43.92812], [-79.39593, 43.92906], [-79.39481, 43.92717], [-79.39429, 43.92598], [-79.39451, 43.92581], [-79.39848, 43.925], [-79.39865, 43.92528], [-79.39845, 43.92574], [-79.39857, 43.92638], [-79.39816, 43.92665], [-79.39718, 43.92681], [-79.39701, 43.92693], [-79.39701, 43.92718], [-79.39727, 43.92737], [-79.39781, 43.92728], [-79.39919, 43.92664], [-79.39945, 43.92684], [-79.39999, 43.92812]]], [[[-79.09585, 43.85967], [-79.10054, 43.85844], [-79.10546, 43.85742], [-79.10375, 43.85323], [-79.10317, 43.85336], [-79.10407, 43.85502], [-79.09937, 43.85771], [-79.09906, 43.85693], [-79.09817, 43.85611], [-79.09937, 43.856], [-79.09966, 43.85572], [-79.10012, 43.85565], [-79.10009, 43.85527], [-79.09781, 43.85542], [-79.09733, 43.85454], [-79.09654, 43.85467], [-79.09623, 43.85378], [-79.09708, 43.85359], [-79.09686, 43.85288], [-79.09591, 43.85309], [-79.09579, 43.85278], [-79.09542, 43.85287], [-79.09519, 43.85232], [-79.09194, 43.85308], [-79.09342, 43.85642], [-79.09435, 43.85625], [-79.09585, 43.85967]]], [[[-79.81308, 43.92686], [-79.81901, 43.92145], [-79.81366, 43.91755], [-79.81125, 43.91976], [-79.81205, 43.92044], [-79.811, 43.92169], [-79.8118, 43.92232], [-79.81143, 43.92271], [-79.81035, 43.92309], [-79.80861, 43.92333], [-79.809, 43.92511], [-79.80915, 43.92509], [-79.80925, 43.92549], [-79.8101, 43.92522], [-79.81058, 43.92524], [-79.81123, 43.92571], [-79.81159, 43.9262], [-79.8121, 43.92647], [-79.81257, 43.92651], [-79.81308, 43.92686]]], [[[-79.61909, 43.85138], [-79.61882, 43.84833], [-79.61929, 43.84816], [-79.61996, 43.84752], [-79.62066, 43.84778], [-79.62103, 43.84739], [-79.62054, 43.84644], [-79.62314, 43.8469], [-79.62305, 43.84672], [-79.62371, 43.84673], [-79.62364, 43.8466], [-79.62499, 43.8463], [-79.62491, 43.84583], [-79.6231, 43.84573], [-79.62149, 43.84494], [-79.6216, 43.84485], [-79.62151, 43.84471], [-79.62075, 43.84462], [-79.61957, 43.84525], [-79.61881, 43.84501], [-79.61829, 43.84502], [-79.61803, 43.84494], [-79.61802, 43.84476], [-79.61771, 43.84474], [-79.61647, 43.84522], [-79.61648, 43.84566], [-79.61626, 43.84586], [-79.61541, 43.84588], [-79.61522, 43.84567], [-79.61545, 43.84509], [-79.61513, 43.84468], [-79.61441, 43.84494], [-79.61402, 43.84492], [-79.61353, 43.84455], [-79.61317, 43.84448], [-79.61311, 43.84419], [-79.61322, 43.84386], [-79.61355, 43.84361], [-79.61352, 43.84336], [-79.613, 43.84298], [-79.61264, 43.84296], [-79.61252, 43.84239], [-79.61206, 43.84227], [-79.61322, 43.84799], [-79.61338, 43.84796], [-79.61363, 43.84874], [-79.61451, 43.85241], [-79.61909, 43.85138]]], [[[-79.07377, 43.86962], [-79.07492, 43.86936], [-79.07464, 43.86863], [-79.07485, 43.86846], [-79.07477, 43.86794], [-79.07451, 43.86784], [-79.07443, 43.8673], [-79.07406, 43.86702], [-79.07405, 43.8668], [-79.07454, 43.8657], [-79.07465, 43.86489], [-79.07519, 43.86423], [-79.07609, 43.86403], [-79.07539, 43.86243], [-79.07619, 43.86226], [-79.07679, 43.86258], [-79.07714, 43.86248], [-79.07802, 43.86257], [-79.07873, 43.86291], [-79.0789, 43.86324], [-79.07938, 43.86356], [-79.08081, 43.86324], [-79.08063, 43.86255], [-79.08028, 43.86246], [-79.08033, 43.86194], [-79.07952, 43.86194], [-79.07919, 43.86162], [-79.07818, 43.86146], [-79.07778, 43.86123], [-79.07705, 43.86122], [-79.0768, 43.86137], [-79.07643, 43.86109], [-79.07617, 43.86082], [-79.07703, 43.86078], [-79.0774, 43.86032], [-79.07727, 43.8602], [-79.07748, 43.85972], [-79.07742, 43.85945], [-79.0744, 43.86012], [-79.07114, 43.85303], [-79.07061, 43.85383], [-79.07024, 43.8538], [-79.06996, 43.85352], [-79.06967, 43.8536], [-79.06961, 43.85405], [-79.07021, 43.85446], [-79.07003, 43.85528], [-79.06969, 43.85542], [-79.06817, 43.85468], [-79.06746, 43.85462], [-79.06726, 43.8544], [-79.06631, 43.85423], [-79.066, 43.85351], [-79.06459, 43.85373], [-79.06431, 43.8531], [-79.064, 43.85317], [-79.06374, 43.85288], [-79.06319, 43.85304], [-79.0623, 43.85362], [-79.06255, 43.85383], [-79.06233, 43.85399], [-79.06265, 43.85423], [-79.06277, 43.85414], [-79.06349, 43.85473], [-79.06475, 43.85538], [-79.06515, 43.85525], [-79.06635, 43.85599], [-79.06695, 43.85654], [-79.0694, 43.85604], [-79.07006, 43.85742], [-79.07078, 43.85762], [-79.07141, 43.85814], [-79.0714, 43.85828], [-79.07029, 43.85897], [-79.0704, 43.85991], [-79.07107, 43.86054], [-79.07104, 43.86069], [-79.07092, 43.86096], [-79.06979, 43.86167], [-79.07008, 43.86234], [-79.07183, 43.86205], [-79.07161, 43.86257], [-79.0703, 43.86287], [-79.07095, 43.86437], [-79.07158, 43.86423], [-79.0716, 43.86437], [-79.07101, 43.86451], [-79.07139, 43.86539], [-79.07261, 43.86511], [-79.0728, 43.8645], [-79.07303, 43.86455], [-79.07318, 43.86432], [-79.07346, 43.86437], [-79.0735, 43.8646], [-79.07382, 43.86456], [-79.07341, 43.86569], [-79.07307, 43.86572], [-79.07296, 43.86617], [-79.07239, 43.86635], [-79.07229, 43.86668], [-79.07264, 43.86702], [-79.07287, 43.86756], [-79.07332, 43.86763], [-79.0734, 43.868], [-79.07305, 43.86827], [-79.07377, 43.86962]]], [[[-79.62008, 43.81023], [-79.62058, 43.81068], [-79.62035, 43.8109], [-79.62118, 43.81188], [-79.62157, 43.81208], [-79.62301, 43.81176], [-79.62264, 43.81151], [-79.62239, 43.81102], [-79.62326, 43.81078], [-79.62415, 43.81136], [-79.6241, 43.81043], [-79.62427, 43.81018], [-79.62494, 43.80995], [-79.62522, 43.81008], [-79.62514, 43.81029], [-79.62548, 43.81065], [-79.62575, 43.8107], [-79.62593, 43.81046], [-79.62592, 43.80999], [-79.62636, 43.80985], [-79.62693, 43.81007], [-79.62731, 43.81079], [-79.62849, 43.81052], [-79.62846, 43.80695], [-79.62693, 43.80642], [-79.62673, 43.80611], [-79.62681, 43.80542], [-79.62618, 43.80488], [-79.62587, 43.80489], [-79.62326, 43.80367], [-79.62247, 43.8035], [-79.6209, 43.80353], [-79.62059, 43.80328], [-79.6205, 43.80362], [-79.62014, 43.80374], [-79.61992, 43.8041], [-79.62009, 43.8042], [-79.61946, 43.80563], [-79.61894, 43.80635], [-79.6181, 43.80575], [-79.61747, 43.80476], [-79.61806, 43.80395], [-79.61799, 43.80348], [-79.61817, 43.8032], [-79.61759, 43.80253], [-79.61795, 43.80196], [-79.61685, 43.8017], [-79.61683, 43.80118], [-79.61625, 43.80091], [-79.61627, 43.80139], [-79.61665, 43.80164], [-79.61573, 43.80184], [-79.61663, 43.80549], [-79.61688, 43.80543], [-79.61681, 43.80589], [-79.61501, 43.80582], [-79.61475, 43.80596], [-79.61522, 43.80703], [-79.61513, 43.80719], [-79.6156, 43.80862], [-79.61596, 43.80914], [-79.6165, 43.8093], [-79.61661, 43.80982], [-79.61858, 43.80938], [-79.62024, 43.80993], [-79.62008, 43.81023]]], [[[-79.0352, 43.83515], [-79.03771, 43.83907], [-79.03848, 43.83935], [-79.0416, 43.83864], [-79.0414, 43.83818], [-79.04194, 43.83806], [-79.04216, 43.83857], [-79.04289, 43.83833], [-79.04216, 43.83643], [-79.04285, 43.83645], [-79.04368, 43.83606], [-79.04338, 43.83574], [-79.04266, 43.83585], [-79.04253, 43.83571], [-79.04237, 43.8353], [-79.04312, 43.83523], [-79.04328, 43.83504], [-79.04241, 43.83352], [-79.04385, 43.8332], [-79.0424, 43.8298], [-79.04422, 43.8294], [-79.04412, 43.82917], [-79.04447, 43.82909], [-79.04469, 43.82843], [-79.04618, 43.82731], [-79.04593, 43.82672], [-79.04831, 43.82614], [-79.04616, 43.82105], [-79.04429, 43.82077], [-79.04355, 43.82007], [-79.04261, 43.81952], [-79.04025, 43.82004], [-79.04018, 43.81987], [-79.03315, 43.8212], [-79.03682, 43.82443], [-79.03453, 43.82524], [-79.03448, 43.82606], [-79.03375, 43.82646], [-79.03479, 43.82893], [-79.03694, 43.82854], [-79.03909, 43.83017], [-79.03865, 43.83099], [-79.03866, 43.83184], [-79.03799, 43.83153], [-79.03757, 43.83153], [-79.03783, 43.832], [-79.03677, 43.83202], [-79.0365, 43.83216], [-79.03639, 43.83335], [-79.03784, 43.8346], [-79.0352, 43.83515]]]]}}, {"type": "Feature", "properties": {"id": "on-ca-305", "name": "Glen Ravine Park", "hunting_allowed": null, "basis": "ca_permit", "permit_required": true, "authority": "Toronto and Region Conservation Authority"}, "geometry": {"type": "MultiPolygon", "coordinates": [[[[-79.09618, 43.82462], [-79.09519, 43.82484], [-79.0956, 43.82579], [-79.09648, 43.82532], [-79.09618, 43.82462]]], [[[-79.09423, 43.82102], [-79.09512, 43.82467], [-79.0961, 43.82445], [-79.0946, 43.82094], [-79.09423, 43.82102]]], [[[-79.09521, 43.82177], [-79.0967, 43.82522], [-79.09956, 43.82251], [-79.09935, 43.82188], [-79.09867, 43.82191], [-79.09836, 43.82171], [-79.09792, 43.82052], [-79.09822, 43.81971], [-79.09738, 43.81938], [-79.09734, 43.81901], [-79.09766, 43.81871], [-79.09807, 43.81876], [-79.09816, 43.81843], [-79.09652, 43.81817], [-79.09733, 43.82073], [-79.09521, 43.82177]]]]}}, {"type": "Feature", "properties": {"id": "on-ca-306", "name": "Nashville Conservation Reserve", "hunting_allowed": null, "basis": "ca_permit", "permit_required": true, "authority": "Toronto and Region Conservation Authority"}, "geometry": {"type": "MultiPolygon", "coordinates": [[[[-79.66982, 43.86363], [-79.6694, 43.86344], [-79.66951, 43.86393], [-79.66982, 43.86363]]], [[[-79.68406, 43.87772], [-79.68387, 43.87648], [-79.67854, 43.8776], [-79.68022, 43.87779], [-79.68123, 43.87754], [-79.68178, 43.87816], [-79.68352, 43.87756], [-79.68406, 43.87772]]], [[[-79.65523, 43.85816], [-79.6561, 43.86182], [-79.66815, 43.85918], [-79.66778, 43.8577], [-79.66621, 43.8573], [-79.66557, 43.8575], [-79.66427, 43.85755], [-79.66257, 43.85807], [-79.66182, 43.8579], [-79.66142, 43.85809], [-79.66032, 43.8578], [-79.66027, 43.8576], [-79.65967, 43.85734], [-79.65959, 43.85717], [-79.65523, 43.85816]]], [[[-79.66409, 43.86786], [-79.66639, 43.86703], [-79.667, 43.86718], [-79.66987, 43.86656], [-79.66979, 43.86622], [-79.66864, 43.86623], [-79.66832, 43.8664], [-79.66779, 43.86612], [-79.6682, 43.86607], [-79.66798, 43.86565], [-79.66811, 43.86556], [-79.66946, 43.86543], [-79.66914, 43.86502], [-79.66934, 43.86429], [-79.66847, 43.86052], [-79.66739, 43.86065], [-79.66483, 43.86009], [-79.65517, 43.86221], [-79.65685, 43.86946], [-79.66409, 43.86786]]], [[[-79.68763, 43.88971], [-79.69968, 43.8871], [-79.69902, 43.88442], [-79.69815, 43.88097], [-79.69721, 43.87731], [-79.69639, 43.87383], [-79.68879, 43.87544], [-79.68944, 43.87594], [-79.68922, 43.87643], [-79.68949, 43.87754], [-79.68942, 43.87765], [-79.68869, 43.87768], [-79.68867, 43.87784], [-79.68949, 43.87788], [-79.68946, 43.87858], [-79.68932, 43.87874], [-79.68733, 43.87911], [-79.68728, 43.87876], [-79.68829, 43.87844], [-79.68866, 43.87791], [-79.68865, 43.87768], [-79.68832, 43.87757], [-79.68811, 43.8765], [-79.68793, 43.87623], [-79.68748, 43.87615], [-79.68734, 43.87574], [-79.68494, 43.87625], [-79.68516, 43.87696], [-79.68399, 43.87827], [-79.68423, 43.87989], [-79.68509, 43.87971], [-79.68763, 43.88971]], [[-79.69812, 43.88282], [-79.69765, 43.88231], [-79.69726, 43.88223], [-79.69687, 43.88092], [-79.69812, 43.88132], [-79.69847, 43.88267], [-79.69812, 43.88282]], [[-79.69341, 43.88481], [-79.68997, 43.88558], [-79.68974, 43.88525], [-79.68962, 43.88428], [-79.69016, 43.88415], [-79.69039, 43.88376], [-79.69134, 43.88362], [-79.69158, 43.88431], [-79.69176, 43.88437], [-79.69301, 43.88411], [-79.69341, 43.88481]], [[-79.68919, 43.8823], [-79.68725, 43.88264], [-79.68713, 43.88208], [-79.68781, 43.88183], [-79.68715, 43.87941], [-79.68895, 43.87904], [-79.6891, 43.87977], [-79.68877, 43.88017], [-79.68913, 43.88091], [-79.68952, 43.88114], [-79.6897, 43.88186], [-79.68919, 43.8823]], [[-79.68827, 43.88585], [-79.688, 43.88596], [-79.68745, 43.88574], [-79.68678, 43.88587], [-79.68625, 43.88391], [-79.68707, 43.88369], [-79.68642, 43.88345], [-79.68656, 43.88299], [-79.68828, 43.8826], [-79.6886, 43.88295], [-79.68879, 43.8835], [-79.68845, 43.88388], [-79.68871, 43.88433], [-79.68908, 43.88418], [-79.68938, 43.88431], [-79.68979, 43.88554], [-79.68961, 43.88568], [-79.68883, 43.88574], [-79.68841, 43.88471], [-79.68818, 43.88534], [-79.68827, 43.88585]], [[-79.69307, 43.88839], [-79.69148, 43.88876], [-79.69053, 43.8885], [-79.6899, 43.88865], [-79.68964, 43.88788], [-79.69003, 43.88737], [-79.68964, 43.88715], [-79.68912, 43.88633], [-79.68926, 43.88598], [-79.69051, 43.88562], [-79.69057, 43.88612], [-79.69113, 43.88581], [-79.69138, 43.88591], [-79.69169, 43.88642], [-79.69214, 43.88625], [-79.69234, 43.88633], [-79.69249, 43.8866], [-79.69223, 43.88683], [-79.69307, 43.88839]], [[-79.69679, 43.88414], [-79.69887, 43.88381], [-79.69952, 43.88644], [-79.6978, 43.88687], [-79.69808, 43.88624], [-79.69802, 43.88592], [-79.69768, 43.88596], [-79.69751, 43.88606], [-79.69752, 43.88694], [-79.69651, 43.88716], [-79.69529, 43.88668], [-79.69508, 43.88595], [-79.69488, 43.88609], [-79.695, 43.88673], [-79.69437, 43.88686], [-79.69469, 43.88771], [-79.69535, 43.88749], [-79.6956, 43.88697], [-79.69637, 43.88727], [-79.69648, 43.88756], [-79.69304, 43.88812], [-79.69307, 43.88772], [-79.6927, 43.88747], [-79.69263, 43.88667], [-79.69178, 43.88529], [-79.69245, 43.88511], [-79.69282, 43.88533], [-79.69288, 43.88502], [-79.69339, 43.8849], [-79.69373, 43.88537], [-79.69434, 43.88529], [-79.69414, 43.88472], [-79.69397, 43.88474], [-79.69399, 43.88405], [-79.69464, 43.88322], [-79.69642, 43.88289], [-79.69679, 43.88414]]], [[[-79.71805, 43.88786], [-79.71716, 43.88642], [-79.71676, 43.88662], [-79.71655, 43.88694], [-79.71607, 43.88709], [-79.71569, 43.88764], [-79.71522, 43.8876], [-79.71406, 43.88674], [-79.71403, 43.88654], [-79.71476, 43.88555], [-79.71438, 43.88498], [-79.71527, 43.88451], [-79.71501, 43.88428], [-79.7136, 43.88139], [-79.71331, 43.87953], [-79.70512, 43.88127], [-79.70404, 43.8797], [-79.70904, 43.87865], [-79.70711, 43.87521], [-79.70074, 43.87658], [-79.69903, 43.87329], [-79.69663, 43.8738], [-79.70011, 43.88784], [-79.70595, 43.88678], [-79.70687, 43.89029], [-79.70999, 43.8895], [-79.71805, 43.88786]]], [[[-79.65523, 43.85816], [-79.65407, 43.85375], [-79.65313, 43.85376], [-79.65289, 43.85285], [-79.65445, 43.85209], [-79.65555, 43.85262], [-79.65624, 43.8523], [-79.65635, 43.85131], [-79.65621, 43.85108], [-79.6556, 43.85071], [-79.65476, 43.85053], [-79.65573, 43.85031], [-79.65539, 43.84892], [-79.6598, 43.84791], [-79.65881, 43.84741], [-79.65804, 43.84735], [-79.65742, 43.84635], [-79.65698, 43.84616], [-79.65608, 43.84522], [-79.65545, 43.84481], [-79.65505, 43.84476], [-79.65371, 43.84502], [-79.65329, 43.84529], [-79.65278, 43.84523], [-79.6517, 43.84472], [-79.65213, 43.8442], [-79.65172, 43.84369], [-79.64983, 43.84343], [-79.64833, 43.84255], [-79.64697, 43.8414], [-79.64767, 43.84109], [-79.64587, 43.84055], [-79.64504, 43.84054], [-79.64461, 43.84074], [-79.64474, 43.84094], [-79.64327, 43.84383], [-79.64343, 43.84577], [-79.64094, 43.84636], [-79.63962, 43.84539], [-79.64097, 43.8438], [-79.64074, 43.84313], [-79.63961, 43.84285], [-79.63942, 43.84306], [-79.63782, 43.84282], [-79.63693, 43.84348], [-79.63719, 43.84445], [-79.63591, 43.84442], [-79.63604, 43.84519], [-79.63745, 43.84773], [-79.63819, 43.84665], [-79.639, 43.84656], [-79.63881, 43.8475], [-79.63893, 43.848], [-79.63821, 43.84817], [-79.63708, 43.84878], [-79.63748, 43.849], [-79.63819, 43.84886], [-79.63902, 43.84971], [-79.63963, 43.84945], [-79.64037, 43.84983], [-79.64124, 43.84966], [-79.64281, 43.84926], [-79.64359, 43.84874], [-79.64397, 43.8488], [-79.64426, 43.84859], [-79.64465, 43.8488], [-79.64453, 43.8489], [-79.64485, 43.84912], [-79.645, 43.84979], [-79.64471, 43.85042], [-79.64472, 43.85087], [-79.64496, 43.85119], [-79.6449, 43.85141], [-79.6455, 43.85199], [-79.64626, 43.85216], [-79.64737, 43.85179], [-79.64728, 43.85154], [-79.6476, 43.85074], [-79.64889, 43.85005], [-79.65063, 43.84983], [-79.65176, 43.85028], [-79.65161, 43.85072], [-79.65045, 43.85076], [-79.6502, 43.85115], [-79.65014, 43.85174], [-79.64986, 43.8519], [-79.64974, 43.8519], [-79.6497, 43.8516], [-79.64803, 43.85153], [-79.64807, 43.85171], [-79.64947, 43.85163], [-79.64972, 43.85227], [-79.64999, 43.85248], [-79.6496, 43.85303], [-79.64911, 43.85306], [-79.64851, 43.85355], [-79.6485, 43.85384], [-79.64914, 43.85343], [-79.64866, 43.85471], [-79.64904, 43.85572], [-79.64965, 43.8556], [-79.64984, 43.85605], [-79.65021, 43.85607], [-79.65028, 43.8565], [-79.64988, 43.85648], [-79.64979, 43.85679], [-79.65099, 43.85709], [-79.65222, 43.85681], [-79.6527, 43.85853], [-79.64987, 43.85916], [-79.64946, 43.85874], [-79.64682, 43.85853], [-79.64688, 43.85831], [-79.64663, 43.85834], [-79.64656, 43.85884], [-79.64671, 43.85947], [-79.64706, 43.85948], [-79.64722, 43.86004], [-79.64857, 43.85973], [-79.649, 43.86023], [-79.64853, 43.86033], [-79.64851, 43.8607], [-79.64708, 43.86102], [-79.64685, 43.86174], [-79.6461, 43.86154], [-79.64541, 43.86178], [-79.6455, 43.86216], [-79.64583, 43.86208], [-79.64597, 43.86225], [-79.64565, 43.8624], [-79.64603, 43.86285], [-79.64469, 43.86309], [-79.64469, 43.86357], [-79.64415, 43.86338], [-79.64399, 43.86278], [-79.64373, 43.86281], [-79.64388, 43.86343], [-79.64412, 43.86339], [-79.64418, 43.86366], [-79.64394, 43.86369], [-79.64411, 43.86445], [-79.64981, 43.8632], [-79.64893, 43.85956], [-79.65523, 43.85816]]], [[[-79.68384, 43.87629], [-79.68326, 43.87264], [-79.68294, 43.87177], [-79.68312, 43.87174], [-79.68269, 43.86891], [-79.68322, 43.8688], [-79.68488, 43.87607], [-79.69694, 43.87352], [-79.69525, 43.86625], [-79.6858, 43.86825], [-79.68278, 43.86699], [-79.68235, 43.86517], [-79.68468, 43.86467], [-79.68483, 43.86082], [-79.67545, 43.8628], [-79.6752, 43.86238], [-79.67543, 43.86209], [-79.6751, 43.86166], [-79.67421, 43.86108], [-79.67328, 43.86111], [-79.67257, 43.86145], [-79.6712, 43.85991], [-79.6687, 43.86044], [-79.66934, 43.86319], [-79.67018, 43.86359], [-79.66957, 43.86418], [-79.67296, 43.87859], [-79.68384, 43.87629]], [[-79.69503, 43.86802], [-79.69374, 43.86804], [-79.69291, 43.86764], [-79.69133, 43.86724], [-79.69491, 43.8665], [-79.69545, 43.86772], [-79.69503, 43.86802]]]]}}, {"type": "Feature", "properties": {"id": "on-ca-307", "name": "Sunkist Woods", "hunting_allowed": null, "basis": "ca_permit", "permit_required": true, "authority": "Toronto and Region Conservation Authority"}, "geometry": {"type": "Polygon", "coordinates": [[[-79.73014, 43.88463], [-79.7294, 43.88494], [-79.73043, 43.88557], [-79.73111, 43.88499], [-79.73074, 43.88472], [-79.73037, 43.88478], [-79.73014, 43.88463]]]}}, {"type": "Feature", "properties": {"id": "on-ca-308", "name": "Kleinburg New Forest North", "hunting_allowed": null, "basis": "ca_permit", "permit_required": true, "authority": "Toronto and Region Conservation Authority"}, "geometry": {"type": "Polygon", "coordinates": [[[-79.62801, 43.8651], [-79.63234, 43.86412], [-79.63229, 43.86367], [-79.63254, 43.86335], [-79.63131, 43.86245], [-79.631, 43.86247], [-79.63107, 43.86239], [-79.62966, 43.86184], [-79.62946, 43.8613], [-79.62976, 43.86117], [-79.6308, 43.86006], [-79.63248, 43.85966], [-79.63289, 43.85928], [-79.6322, 43.85786], [-79.63177, 43.85745], [-79.63172, 43.85664], [-79.63064, 43.85623], [-79.62956, 43.85642], [-79.62934, 43.85566], [-79.63027, 43.85497], [-79.63075, 43.85512], [-79.63205, 43.8548], [-79.63228, 43.85467], [-79.63177, 43.85436], [-79.63206, 43.85421], [-79.63189, 43.85408], [-79.63058, 43.85409], [-79.63012, 43.85381], [-79.62989, 43.85343], [-79.63008, 43.85312], [-79.62759, 43.85191], [-79.62745, 43.85134], [-79.62816, 43.85089], [-79.62849, 43.85015], [-79.62839, 43.84993], [-79.62859, 43.84977], [-79.62854, 43.84944], [-79.62793, 43.84922], [-79.62737, 43.84864], [-79.62765, 43.84833], [-79.62788, 43.84835], [-79.62799, 43.84769], [-79.62857, 43.8471], [-79.62837, 43.84619], [-79.62808, 43.84569], [-79.62621, 43.84604], [-79.6271, 43.84982], [-79.62301, 43.85071], [-79.62306, 43.85084], [-79.62139, 43.8512], [-79.62134, 43.85107], [-79.61915, 43.85162], [-79.61967, 43.85383], [-79.62187, 43.85335], [-79.62313, 43.85458], [-79.62339, 43.85514], [-79.62326, 43.8567], [-79.6241, 43.85781], [-79.62424, 43.85828], [-79.62453, 43.85849], [-79.62518, 43.85853], [-79.62558, 43.85939], [-79.62346, 43.8599], [-79.62288, 43.85966], [-79.62256, 43.8593], [-79.62107, 43.85891], [-79.6204, 43.85934], [-79.62049, 43.85975], [-79.62155, 43.85953], [-79.6222, 43.85978], [-79.62327, 43.86066], [-79.62308, 43.86172], [-79.62329, 43.86308], [-79.62357, 43.86352], [-79.62384, 43.86444], [-79.6247, 43.86526], [-79.62492, 43.86558], [-79.62483, 43.8658], [-79.62633, 43.86547], [-79.62562, 43.8655], [-79.62554, 43.86541], [-79.62568, 43.86538], [-79.62439, 43.86403], [-79.62404, 43.86212], [-79.62419, 43.86164], [-79.62495, 43.86146], [-79.6256, 43.86173], [-79.6258, 43.86285], [-79.6269, 43.86407], [-79.62801, 43.8651]], [[-79.6314, 43.85857], [-79.63126, 43.85816], [-79.63098, 43.85691], [-79.6314, 43.85857]], [[-79.62822, 43.85488], [-79.62759, 43.85191], [-79.62802, 43.85357], [-79.6287, 43.85342], [-79.62884, 43.85377], [-79.62942, 43.85407], [-79.62948, 43.85442], [-79.62921, 43.85485], [-79.62853, 43.85511], [-79.62822, 43.85488]]]}}, {"type": "Feature", "properties": {"id": "on-ca-309", "name": "Cedar Mains", "hunting_allowed": null, "basis": "ca_permit", "permit_required": true, "authority": "Toronto and Region Conservation Authority"}, "geometry": {"type": "MultiPolygon", "coordinates": [[[[-79.80323, 43.92591], [-79.80407, 43.92585], [-79.80461, 43.92523], [-79.804, 43.92533], [-79.80323, 43.92591]]], [[[-79.80136, 43.9254], [-79.80097, 43.9261], [-79.80125, 43.92662], [-79.80089, 43.92695], [-79.80086, 43.9272], [-79.80103, 43.92759], [-79.80167, 43.92559], [-79.80136, 43.9254]]]]}}, {"type": "Feature", "properties": {"id": "on-ca-310", "name": "McArthur", "hunting_allowed": null, "basis": "ca_permit", "permit_required": true, "authority": "Toronto and Region Conservation Authority"}, "geometry": {"type": "Polygon", "coordinates": [[[-79.86108, 43.90021], [-79.85579, 43.90488], [-79.86103, 43.90874], [-79.86575, 43.9045], [-79.86465, 43.90368], [-79.86514, 43.90323], [-79.86108, 43.90021]]]}}, {"type": "Feature", "properties": {"id": "on-ca-311", "name": "Kraker", "hunting_allowed": null, "basis": "ca_permit", "permit_required": true, "authority": "Toronto and Region Conservation Authority"}, "geometry": {"type": "Polygon", "coordinates": [[[-79.92111, 43.9671], [-79.92124, 43.96764], [-79.92942, 43.96583], [-79.92927, 43.96529], [-79.92111, 43.9671]]]}}, {"type": "Feature", "properties": {"id": "on-ca-312", "name": "Centreville Creek", "hunting_allowed": null, "basis": "ca_permit", "permit_required": true, "authority": "Toronto and Region Conservation Authority"}, "geometry": {"type": "Polygon", "coordinates": [[[-79.80421, 43.85867], [-79.80174, 43.86088], [-79.80511, 43.86333], [-79.8076, 43.86114], [-79.80421, 43.85867]]]}}, {"type": "Feature", "properties": {"id": "on-ca-313", "name": "Gibson Lake", "hunting_allowed": null, "basis": "ca_permit", "permit_required": true, "authority": "Toronto and Region Conservation Authority"}, "geometry": {"type": "Polygon", "coordinates": [[[-79.82108, 43.95679], [-79.82654, 43.96068], [-79.83137, 43.95637], [-79.82974, 43.95644], [-79.82921, 43.9563], [-79.82938, 43.95602], [-79.82918, 43.95534], [-79.82936, 43.95534], [-79.82943, 43.95604], [-79.83, 43.95632], [-79.83143, 43.95632], [-79.83192, 43.95588], [-79.83077, 43.95502], [-79.83252, 43.95342], [-79.82712, 43.94951], [-79.8254, 43.95106], [-79.82674, 43.95205], [-79.82498, 43.95334], [-79.82108, 43.95679]]]}}, {"type": "Feature", "properties": {"id": "on-ca-314", "name": "Caledon Tract", "hunting_allowed": null, "basis": "ca_permit", "permit_required": true, "authority": "Toronto and Region Conservation Authority"}, "geometry": {"type": "Polygon", "coordinates": [[[-79.96912, 43.92873], [-79.96929, 43.92872], [-79.97074, 43.9274], [-79.97059, 43.92732], [-79.97082, 43.92711], [-79.97097, 43.92719], [-79.97427, 43.92419], [-79.97385, 43.92367], [-79.97387, 43.92335], [-79.9684, 43.91957], [-79.9709, 43.91733], [-79.96955, 43.91636], [-79.97081, 43.91523], [-79.96992, 43.91464], [-79.96962, 43.91412], [-79.96964, 43.91371], [-79.96922, 43.91327], [-79.97039, 43.91256], [-79.96906, 43.91158], [-79.96804, 43.9125], [-79.96724, 43.91191], [-79.96304, 43.91565], [-79.96374, 43.91617], [-79.96051, 43.91899], [-79.95953, 43.91828], [-79.95755, 43.92015], [-79.96912, 43.92873]]]}}, {"type": "Feature", "properties": {"id": "on-ca-315", "name": "Rotary Frenchman's Bay West Park", "hunting_allowed": null, "basis": "ca_permit", "permit_required": true, "authority": "Toronto and Region Conservation Authority"}, "geometry": {"type": "Polygon", "coordinates": [[[-79.09584, 43.81305], [-79.09534, 43.81327], [-79.0959, 43.81315], [-79.09584, 43.81305]]]}}, {"type": "Feature", "properties": {"id": "on-ca-316", "name": "Slokker", "hunting_allowed": null, "basis": "ca_permit", "permit_required": true, "authority": "Toronto and Region Conservation Authority"}, "geometry": {"type": "MultiPolygon", "coordinates": [[[[-79.65081, 43.9115], [-79.6504, 43.91159], [-79.65104, 43.91222], [-79.65136, 43.91219], [-79.65081, 43.9115]]], [[[-79.65313, 43.91366], [-79.65343, 43.91393], [-79.65422, 43.91382], [-79.6533, 43.91333], [-79.6522, 43.91313], [-79.65164, 43.91238], [-79.65103, 43.91247], [-79.6513, 43.91307], [-79.65203, 43.91362], [-79.65313, 43.91366]]], [[[-79.65376, 43.91522], [-79.65241, 43.91565], [-79.65211, 43.91589], [-79.65196, 43.91618], [-79.65202, 43.91667], [-79.65049, 43.91701], [-79.6506, 43.91727], [-79.65572, 43.91614], [-79.65517, 43.91404], [-79.65496, 43.91394], [-79.65369, 43.91411], [-79.6538, 43.91438], [-79.65414, 43.91442], [-79.65406, 43.91478], [-79.65376, 43.91522]]], [[[-79.63618, 43.92045], [-79.64536, 43.91843], [-79.65036, 43.91732], [-79.65025, 43.91706], [-79.64885, 43.91736], [-79.64748, 43.91704], [-79.6451, 43.91799], [-79.64453, 43.91807], [-79.64374, 43.91738], [-79.6426, 43.91739], [-79.64193, 43.91768], [-79.64175, 43.91749], [-79.64245, 43.91716], [-79.64341, 43.91638], [-79.6441, 43.91635], [-79.6444, 43.91669], [-79.64507, 43.91688], [-79.64569, 43.91659], [-79.64572, 43.91622], [-79.64552, 43.91603], [-79.64418, 43.9158], [-79.64344, 43.91583], [-79.64289, 43.91599], [-79.64193, 43.91675], [-79.64026, 43.91763], [-79.63999, 43.9177], [-79.63904, 43.9173], [-79.63799, 43.91749], [-79.63755, 43.91795], [-79.63706, 43.91721], [-79.63823, 43.91706], [-79.63852, 43.91671], [-79.63862, 43.91604], [-79.63839, 43.91597], [-79.6388, 43.91529], [-79.63915, 43.9154], [-79.64032, 43.91348], [-79.64023, 43.91332], [-79.63793, 43.91368], [-79.63739, 43.91324], [-79.63927, 43.91215], [-79.63611, 43.91282], [-79.63694, 43.91645], [-79.63443, 43.91698], [-79.63494, 43.91879], [-79.63568, 43.91866], [-79.63618, 43.92045]]]]}}, {"type": "Feature", "properties": {"id": "on-ca-317", "name": "Argent", "hunting_allowed": null, "basis": "ca_permit", "permit_required": true, "authority": "Toronto and Region Conservation Authority"}, "geometry": {"type": "Polygon", "coordinates": [[[-79.81037, 43.89727], [-79.81373, 43.89973], [-79.81891, 43.89516], [-79.81348, 43.89119], [-79.80838, 43.89581], [-79.81022, 43.89716], [-79.81174, 43.89625], [-79.811, 43.89576], [-79.8124, 43.89487], [-79.81529, 43.89658], [-79.81348, 43.89747], [-79.81192, 43.89636], [-79.81037, 43.89727]]]}}, {"type": "Feature", "properties": {"id": "on-ca-318", "name": "Icon Forest North Limited - 2026 Altona Road", "hunting_allowed": null, "basis": "ca_permit", "permit_required": true, "authority": "Toronto and Region Conservation Authority"}, "geometry": {"type": "Polygon", "coordinates": [[[-79.1474, 43.83562], [-79.14525, 43.83615], [-79.14538, 43.83644], [-79.14944, 43.83582], [-79.15013, 43.83537], [-79.14998, 43.83503], [-79.14936, 43.83517], [-79.14998, 43.83503], [-79.14967, 43.83502], [-79.14897, 43.83451], [-79.149, 43.83475], [-79.14863, 43.83458], [-79.14845, 43.8343], [-79.147, 43.83462], [-79.1474, 43.83562]]]}}, {"type": "Feature", "properties": {"id": "on-ca-319", "name": "Finbeiner Tract", "hunting_allowed": null, "basis": "ca_permit", "permit_required": true, "authority": "Ausable Bayfield Conservation Authority"}, "geometry": {"type": "Polygon", "coordinates": [[[-81.54436, 43.34313], [-81.55676, 43.34187], [-81.55657, 43.34097], [-81.54417, 43.34223], [-81.54436, 43.34313]]]}}, {"type": "Feature", "properties": {"id": "on-ca-320", "name": "Boucher Natural Area", "hunting_allowed": null, "basis": "ca_permit", "permit_required": true, "authority": "Rideau Valley Conservation Authority", "owner": "Rideau Valley Conservation Foundation", "management_plan": "Boucher-Krzesniak Natural Area Management Plan (2013)"}, "geometry": {"type": "Polygon", "coordinates": [[[-75.64391, 45.07995], [-75.64508, 45.0775], [-75.64293, 45.07702], [-75.64281, 45.07733], [-75.64336, 45.07752], [-75.64302, 45.07802], [-75.64253, 45.07788], [-75.64227, 45.07868], [-75.64391, 45.07995]]]}}, {"type": "Feature", "properties": {"id": "on-ca-321", "name": "Mica Mines Natural Area", "hunting_allowed": null, "basis": "ca_permit", "permit_required": true, "authority": "Rideau Valley Conservation Authority", "management_plan": "Mica Mines Master Plan (2016)"}, "geometry": {"type": "Polygon", "coordinates": [[[-76.25016, 44.79225], [-76.25249, 44.79112], [-76.24953, 44.78848], [-76.24696, 44.79017], [-76.24838, 44.79024], [-76.24968, 44.78994], [-76.25028, 44.78998], [-76.25015, 44.7904], [-76.24915, 44.79089], [-76.24897, 44.79123], [-76.24957, 44.7918], [-76.24956, 44.79198], [-76.25013, 44.79203], [-76.25016, 44.79225]]]}}, {"type": "Feature", "properties": {"id": "on-ca-322", "name": "Wiseman Natural Area", "hunting_allowed": null, "basis": "ca_permit", "permit_required": true, "authority": "Rideau Valley Conservation Authority", "owner": "Rideau Valley Conservation Foundation", "management_plan": "Wiseman Natural Area Management Plan (2019)"}, "geometry": {"type": "Polygon", "coordinates": [[[-76.28166, 44.89905], [-76.28541, 44.89677], [-76.28369, 44.89538], [-76.28354, 44.89547], [-76.28249, 44.89649], [-76.28241, 44.89714], [-76.28291, 44.89687], [-76.28225, 44.89766], [-76.28152, 44.89786], [-76.28051, 44.89761], [-76.28014, 44.89777], [-76.28166, 44.89905]]]}}, {"type": "Feature", "properties": {"id": "on-ca-323", "name": "Kealey Natural Area", "hunting_allowed": null, "basis": "ca_permit", "permit_required": true, "authority": "Rideau Valley Conservation Authority", "management_plan": "Kealey Natural Area Management plan (2015)"}, "geometry": {"type": "Polygon", "coordinates": [[[-75.6216, 45.10144], [-75.62149, 45.10176], [-75.62261, 45.1016], [-75.62275, 45.10121], [-75.62268, 45.101], [-75.6216, 45.10144]]]}}, {"type": "Feature", "properties": {"id": "on-ca-324", "name": "Meisel Woods Conservation Area", "hunting_allowed": null, "basis": "ca_permit", "permit_required": true, "authority": "Rideau Valley Conservation Authority", "owner": "Rideau Valley Conservation Foundation", "management_plan": "Meisel Woods Conservation Area Management Plan (2012)"}, "geometry": {"type": "MultiPolygon", "coordinates": [[[[-76.6227, 44.72006], [-76.62277, 44.72052], [-76.62606, 44.7209], [-76.62679, 44.72028], [-76.62349, 44.72026], [-76.6227, 44.72006]]], [[[-76.62602, 44.72127], [-76.62562, 44.7218], [-76.62581, 44.72261], [-76.62566, 44.72291], [-76.62441, 44.72466], [-76.62369, 44.72511], [-76.62465, 44.72734], [-76.62625, 44.72545], [-76.62734, 44.72236], [-76.62602, 44.72127]]], [[[-76.62044, 44.7283], [-76.61991, 44.73047], [-76.6196, 44.73077], [-76.62015, 44.73118], [-76.62592, 44.73032], [-76.62738, 44.72988], [-76.6285, 44.72933], [-76.62959, 44.72852], [-76.63041, 44.72755], [-76.63338, 44.72188], [-76.62896, 44.72106], [-76.62877, 44.72122], [-76.6288, 44.72153], [-76.62938, 44.72183], [-76.62956, 44.72261], [-76.62939, 44.72297], [-76.62891, 44.72338], [-76.62829, 44.72573], [-76.62732, 44.72723], [-76.62661, 44.72737], [-76.62662, 44.72805], [-76.62644, 44.72839], [-76.62598, 44.72849], [-76.62565, 44.7291], [-76.62486, 44.72957], [-76.62351, 44.72916], [-76.62346, 44.72893], [-76.62449, 44.7276], [-76.62347, 44.72514], [-76.62267, 44.72555], [-76.62139, 44.72674], [-76.62109, 44.72723], [-76.62136, 44.72735], [-76.62044, 44.7283]]]]}}, {"type": "Feature", "properties": {"id": "on-ca-325", "name": "Hickman Natural Area", "hunting_allowed": null, "basis": "ca_permit", "permit_required": true, "authority": "Rideau Valley Conservation Authority", "management_plan": "Hickman Natural Area Management plan (2016)"}, "geometry": {"type": "Polygon", "coordinates": [[[-75.63545, 45.17852], [-75.63508, 45.17887], [-75.63517, 45.17897], [-75.63429, 45.17918], [-75.63568, 45.18121], [-75.63595, 45.18053], [-75.63585, 45.18033], [-75.637, 45.17736], [-75.63717, 45.17768], [-75.63709, 45.17784], [-75.63733, 45.17807], [-75.637, 45.1791], [-75.63719, 45.17917], [-75.63771, 45.17867], [-75.63786, 45.17815], [-75.63831, 45.17749], [-75.6392, 45.17705], [-75.6397, 45.17543], [-75.63981, 45.17406], [-75.63781, 45.17418], [-75.63778, 45.17536], [-75.63641, 45.17814], [-75.63545, 45.17852]]]}}, {"type": "Feature", "properties": {"id": "on-ca-326", "name": "Curtis Natural Area", "hunting_allowed": null, "basis": "ca_permit", "permit_required": true, "authority": "Rideau Valley Conservation Authority", "owner": "Rideau Valley Conservation Foundation", "management_plan": "Curtis Natural Area Management plan (2019)"}, "geometry": {"type": "MultiPolygon", "coordinates": [[[[-75.63729, 45.15588], [-75.6375, 45.15594], [-75.6374, 45.15629], [-75.63826, 45.15603], [-75.63963, 45.15502], [-75.64028, 45.15412], [-75.63827, 45.15509], [-75.63732, 45.15571], [-75.63729, 45.15588]]], [[[-75.63417, 45.15555], [-75.63294, 45.15758], [-75.63356, 45.15774], [-75.63346, 45.15754], [-75.6336, 45.15749], [-75.63358, 45.15713], [-75.63393, 45.15635], [-75.63448, 45.1562], [-75.63475, 45.15592], [-75.63487, 45.15598], [-75.63458, 45.1565], [-75.63455, 45.15696], [-75.63513, 45.15688], [-75.6359, 45.15587], [-75.63856, 45.15391], [-75.63854, 45.15354], [-75.63877, 45.15337], [-75.63839, 45.15307], [-75.63913, 45.1523], [-75.64056, 45.15132], [-75.641, 45.15126], [-75.64149, 45.15184], [-75.64191, 45.15119], [-75.6424, 45.15123], [-75.64258, 45.1501], [-75.63428, 45.15369], [-75.63417, 45.15555]]]]}}, {"type": "Feature", "properties": {"id": "on-ca-327", "name": "Tayside Natural Area", "hunting_allowed": null, "basis": "ca_permit", "permit_required": true, "authority": "Rideau Valley Conservation Authority", "owner": "Rideau Valley Conservation Foundation", "management_plan": "Tayside Natural Area Management Plan Draft (2024)"}, "geometry": {"type": "MultiPolygon", "coordinates": [[[[-76.29646, 44.87353], [-76.29457, 44.87473], [-76.29667, 44.87532], [-76.29694, 44.87601], [-76.29824, 44.87546], [-76.29871, 44.87475], [-76.29646, 44.87353]]], [[[-76.29062, 44.88285], [-76.29119, 44.88306], [-76.29215, 44.88118], [-76.29346, 44.88012], [-76.29383, 44.87964], [-76.29435, 44.87984], [-76.29607, 44.87808], [-76.29498, 44.87796], [-76.29371, 44.87753], [-76.29358, 44.87692], [-76.29474, 44.87583], [-76.29397, 44.87525], [-76.29258, 44.87598], [-76.29193, 44.87704], [-76.29312, 44.87799], [-76.29062, 44.88285]]], [[[-76.29779, 44.87786], [-76.29727, 44.87987], [-76.29596, 44.88143], [-76.29482, 44.88233], [-76.29416, 44.88466], [-76.29463, 44.88484], [-76.29488, 44.88375], [-76.29587, 44.88333], [-76.29629, 44.88289], [-76.29665, 44.88153], [-76.29684, 44.88136], [-76.29685, 44.88092], [-76.29813, 44.88023], [-76.29855, 44.88018], [-76.29917, 44.87965], [-76.29931, 44.87929], [-76.29927, 44.87789], [-76.29959, 44.87659], [-76.30018, 44.87606], [-76.30115, 44.87612], [-76.30184, 44.87515], [-76.30033, 44.87497], [-76.29952, 44.87611], [-76.29879, 44.87655], [-76.29808, 44.8758], [-76.29651, 44.87643], [-76.29619, 44.87707], [-76.29622, 44.87748], [-76.29637, 44.87768], [-76.29779, 44.87786]]]]}}, {"type": "Feature", "properties": {"id": "on-ca-328", "name": "Drolet Natural Area", "hunting_allowed": null, "basis": "ca_permit", "permit_required": true, "authority": "Rideau Valley Conservation Authority", "owner": "Rideau Valley Conservation Foundation", "management_plan": "Drolet Natural Area Management Plan (2022)"}, "geometry": {"type": "Polygon", "coordinates": [[[-76.50373, 44.8028], [-76.50396, 44.80235], [-76.50372, 44.80132], [-76.5043, 44.80072], [-76.50137, 44.80014], [-76.5013, 44.80136], [-76.50071, 44.80174], [-76.50068, 44.8021], [-76.50373, 44.8028]]]}}, {"type": "Feature", "properties": {"id": "on-ca-329", "name": "Bard Natural Area", "hunting_allowed": null, "basis": "ca_permit", "permit_required": true, "authority": "Rideau Valley Conservation Authority", "management_plan": "Bard Natural Area Management plan (2016)"}, "geometry": {"type": "Polygon", "coordinates": [[[-76.38544, 44.7634], [-76.37389, 44.77027], [-76.37927, 44.77461], [-76.39087, 44.76771], [-76.38544, 44.7634]]]}}, {"type": "Feature", "properties": {"id": "on-ca-330", "name": "Medley-Roziland Island Natural Area", "hunting_allowed": null, "basis": "ca_permit", "permit_required": true, "authority": "Rideau Valley Conservation Authority", "owner": "Rideau Valley Conservation Foundation", "management_plan": "Medley-Roziland Island Natural Area Management Plan (2013)"}, "geometry": {"type": "Polygon", "coordinates": [[[-76.70268, 44.68911], [-76.70317, 44.68907], [-76.70351, 44.68922], [-76.70377, 44.689], [-76.70387, 44.68856], [-76.70319, 44.68848], [-76.70267, 44.68862], [-76.70236, 44.68891], [-76.70268, 44.68911]]]}}, {"type": "Feature", "properties": {"id": "on-ca-331", "name": "Sister Island Natural Area", "hunting_allowed": null, "basis": "ca_permit", "permit_required": true, "authority": "Rideau Valley Conservation Authority", "owner": "Rideau Valley Conservation Foundation", "management_plan": "Sister Islands Natural Area Management plan (2018)"}, "geometry": {"type": "Polygon", "coordinates": [[[-76.31865, 44.69427], [-76.31905, 44.69438], [-76.31943, 44.69415], [-76.31946, 44.69398], [-76.31919, 44.6939], [-76.31939, 44.69365], [-76.31921, 44.69358], [-76.31879, 44.69387], [-76.31865, 44.69427]]]}}, {"type": "Feature", "properties": {"id": "on-ca-332", "name": "McEwen Natural Area", "hunting_allowed": null, "basis": "ca_permit", "permit_required": true, "authority": "Rideau Valley Conservation Authority", "owner": "Rideau Valley Conservation Foundation", "management_plan": "McEwen Natural Area Management Plan (2009)"}, "geometry": {"type": "MultiPolygon", "coordinates": [[[[-76.65782, 44.66267], [-76.65745, 44.66275], [-76.6578, 44.66484], [-76.65799, 44.66391], [-76.65782, 44.66267]]], [[[-76.64099, 44.66235], [-76.64154, 44.66469], [-76.64186, 44.66444], [-76.6418, 44.66397], [-76.64154, 44.66354], [-76.64158, 44.66303], [-76.64099, 44.66235]]], [[[-76.65542, 44.65961], [-76.65533, 44.65983], [-76.65544, 44.65997], [-76.65679, 44.66038], [-76.65664, 44.65951], [-76.65542, 44.65961]]], [[[-76.65256, 44.6586], [-76.65227, 44.65985], [-76.64064, 44.6609], [-76.64099, 44.66199], [-76.6418, 44.66308], [-76.64204, 44.66445], [-76.64164, 44.6651], [-76.64193, 44.66632], [-76.65264, 44.66548], [-76.65756, 44.66488], [-76.65681, 44.66052], [-76.65519, 44.65993], [-76.65531, 44.65928], [-76.65514, 44.65883], [-76.65256, 44.6586]]]]}}, {"type": "Feature", "properties": {"id": "on-ca-333", "name": "Sparks Natural Area", "hunting_allowed": null, "basis": "ca_permit", "permit_required": true, "authority": "Rideau Valley Conservation Authority", "management_plan": "Sparks Natural Area Management plan (2014)"}, "geometry": {"type": "Polygon", "coordinates": [[[-75.65143, 45.04462], [-75.6521, 45.04445], [-75.65185, 45.04422], [-75.65122, 45.04437], [-75.65143, 45.04462]]]}}, {"type": "Feature", "properties": {"id": "on-ca-334", "name": "Baxter Conservation Area", "hunting_allowed": null, "basis": "ca_permit", "permit_required": true, "authority": "Rideau Valley Conservation Authority", "management_plan": "Baxter Conservation Area Management plan (2010-2020)"}, "geometry": {"type": "MultiPolygon", "coordinates": [[[[-75.63658, 45.09689], [-75.63551, 45.09869], [-75.63745, 45.10025], [-75.64102, 45.0987], [-75.63945, 45.09741], [-75.63888, 45.09776], [-75.63811, 45.09708], [-75.63867, 45.09677], [-75.63685, 45.09531], [-75.63598, 45.09603], [-75.63613, 45.09645], [-75.63658, 45.09689]]], [[[-75.62219, 45.10354], [-75.62158, 45.1039], [-75.62195, 45.10425], [-75.6299, 45.10102], [-75.62815, 45.09962], [-75.6341, 45.09719], [-75.63382, 45.09644], [-75.63407, 45.09551], [-75.63428, 45.0934], [-75.63423, 45.09309], [-75.6334, 45.09201], [-75.63295, 45.09192], [-75.63228, 45.09212], [-75.62821, 45.09483], [-75.62654, 45.09574], [-75.62537, 45.09615], [-75.62471, 45.09693], [-75.62298, 45.09822], [-75.62228, 45.09937], [-75.6216, 45.10144], [-75.62315, 45.10081], [-75.62219, 45.10354]]]]}}, {"type": "Feature", "properties": {"id": "on-ca-335", "name": "McAlpine Natural Area", "hunting_allowed": null, "basis": "ca_permit", "permit_required": true, "authority": "Rideau Valley Conservation Authority", "owner": "Rideau Valley Conservation Foundation", "management_plan": "McAlpine Natural Area Management Plan (2019)"}, "geometry": {"type": "Polygon", "coordinates": [[[-76.4511, 44.80064], [-76.45123, 44.80055], [-76.45125, 44.80037], [-76.45088, 44.80046], [-76.4511, 44.80064]]]}}, {"type": "Feature", "properties": {"id": "on-ca-336", "name": "Tip of Tar Island Natural Area", "hunting_allowed": null, "basis": "ca_permit", "permit_required": true, "authority": "Rideau Valley Conservation Authority", "owner": "Rideau Valley Conservation Foundation", "management_plan": "Tip of Tar Island Natural Area Management Plan Draft (2023)"}, "geometry": {"type": "Polygon", "coordinates": [[[-76.21517, 44.7542], [-76.2146, 44.75439], [-76.21413, 44.75477], [-76.21409, 44.75577], [-76.21468, 44.75565], [-76.21598, 44.75491], [-76.21589, 44.75433], [-76.21517, 44.7542]]]}}, {"type": "Feature", "properties": {"id": "on-ca-337", "name": "ParMc Islands Natural Area", "hunting_allowed": null, "basis": "ca_permit", "permit_required": true, "authority": "Rideau Valley Conservation Authority", "owner": "Rideau Valley Conservation Foundation", "management_plan": "ParMc Islands Natural Area Management Plan (2024)"}, "geometry": {"type": "MultiPolygon", "coordinates": [[[[-76.22429, 44.72909], [-76.22415, 44.72908], [-76.22417, 44.72912], [-76.22429, 44.72909]]], [[[-76.22366, 44.72916], [-76.22365, 44.72897], [-76.22347, 44.72921], [-76.22366, 44.72916]]]]}}, {"type": "Feature", "properties": {"id": "on-ca-338", "name": "Lanark County Natural Area", "hunting_allowed": null, "basis": "ca_permit", "permit_required": true, "authority": "Rideau Valley Conservation Authority", "owner": "Rideau Valley Conservation Foundation", "management_plan": "Lanark County Natural Area Management Plan (2012)"}, "geometry": {"type": "Polygon", "coordinates": [[[-76.06925, 45.12934], [-76.06762, 45.13044], [-76.06789, 45.13174], [-76.06866, 45.13261], [-76.06875, 45.13205], [-76.06915, 45.13147], [-76.06951, 45.13146], [-76.07017, 45.13191], [-76.07069, 45.13153], [-76.07144, 45.13173], [-76.07168, 45.13139], [-76.07167, 45.13112], [-76.07152, 45.13103], [-76.07058, 45.13083], [-76.07068, 45.1305], [-76.06925, 45.12934]]]}}, {"type": "Feature", "properties": {"id": "on-ca-339", "name": "Mill Pond Conservation Area", "hunting_allowed": null, "basis": "ca_permit", "permit_required": true, "authority": "Rideau Valley Conservation Authority", "management_plan": "Mill Pond Management plan (2016)"}, "geometry": {"type": "MultiPolygon", "coordinates": [[[[-76.17491, 44.76785], [-76.17558, 44.76808], [-76.17678, 44.76881], [-76.17726, 44.7698], [-76.17932, 44.77024], [-76.18038, 44.77001], [-76.17637, 44.76701], [-76.17491, 44.76785]]], [[[-76.17484, 44.76968], [-76.17458, 44.77004], [-76.17502, 44.77082], [-76.17491, 44.77171], [-76.17401, 44.7724], [-76.17432, 44.77262], [-76.16933, 44.77585], [-76.17282, 44.77833], [-76.1828, 44.77208], [-76.1828, 44.77195], [-76.1806, 44.77019], [-76.17914, 44.77051], [-76.17698, 44.76993], [-76.1766, 44.76892], [-76.17583, 44.76844], [-76.17479, 44.76819], [-76.17454, 44.76875], [-76.17484, 44.76968]]]]}}, {"type": "Feature", "properties": {"id": "on-ca-340", "name": "Besley Woods Natural Area", "hunting_allowed": null, "basis": "ca_permit", "permit_required": true, "authority": "Rideau Valley Conservation Authority", "owner": "Rideau Valley Conservation Authority; Rideau Waterway Land Trust", "management_plan": "Besley Woods Natural Area Management plan (2012)"}, "geometry": {"type": "Polygon", "coordinates": [[[-75.64074, 45.06469], [-75.64099, 45.06519], [-75.64131, 45.06528], [-75.64259, 45.06465], [-75.64197, 45.06418], [-75.64257, 45.06391], [-75.64312, 45.06434], [-75.64431, 45.06376], [-75.6449, 45.06329], [-75.64436, 45.06286], [-75.64718, 45.06114], [-75.64818, 45.05994], [-75.64851, 45.06002], [-75.64912, 45.05943], [-75.64687, 45.06002], [-75.64605, 45.05906], [-75.63648, 45.06293], [-75.63707, 45.06365], [-75.63774, 45.06349], [-75.6382, 45.06375], [-75.6395, 45.06316], [-75.64037, 45.06315], [-75.64067, 45.06331], [-75.64081, 45.06365], [-75.64066, 45.06426], [-75.64036, 45.06457], [-75.64074, 45.06469]]]}}, {"type": "Feature", "properties": {"id": "on-ca-341", "name": "Beals Natural Area", "hunting_allowed": null, "basis": "ca_permit", "permit_required": true, "authority": "Rideau Valley Conservation Authority", "owner": "Rideau Valley Conservation Foundation", "management_plan": "Beals Natural Area Management Plan (2012)"}, "geometry": {"type": "Polygon", "coordinates": [[[-75.85047, 44.91807], [-75.84977, 44.91753], [-75.84855, 44.91801], [-75.84858, 44.91822], [-75.85047, 44.91807]]]}}, {"type": "Feature", "properties": {"id": "on-ca-342", "name": "Dworschak Natural Area", "hunting_allowed": null, "basis": "ca_permit", "permit_required": true, "authority": "Rideau Valley Conservation Authority", "management_plan": "Dworschak Natural Area Management plan (2012)"}, "geometry": {"type": "Polygon", "coordinates": [[[-76.16508, 44.85193], [-76.16272, 44.84987], [-76.16072, 44.85], [-76.15825, 44.85271], [-76.15742, 44.85316], [-76.15783, 44.853], [-76.15856, 44.85344], [-76.15781, 44.85458], [-76.15909, 44.85573], [-76.16508, 44.85193]]]}}, {"type": "Feature", "properties": {"id": "on-ca-343", "name": "Merrickville Estates Natural Area", "hunting_allowed": null, "basis": "ca_permit", "permit_required": true, "authority": "Rideau Valley Conservation Authority", "owner": "Rideau Valley Conservation Foundation", "management_plan": "Merrickville Natural Area Management Plan (2009)"}, "geometry": {"type": "Polygon", "coordinates": [[[-75.81205, 44.90421], [-75.81123, 44.90193], [-75.81129, 44.90099], [-75.81215, 44.90038], [-75.81225, 44.89913], [-75.81262, 44.89813], [-75.81207, 44.89768], [-75.80692, 44.90089], [-75.81008, 44.9035], [-75.80489, 44.90673], [-75.80778, 44.9091], [-75.80768, 44.90833], [-75.80792, 44.9079], [-75.80963, 44.90856], [-75.81024, 44.90786], [-75.81028, 44.90732], [-75.81207, 44.9066], [-75.81222, 44.90535], [-75.81185, 44.90468], [-75.81205, 44.90421]]]}}, {"type": "Feature", "properties": {"id": "on-ca-344", "name": "Struthers Natural Area", "hunting_allowed": null, "basis": "ca_permit", "permit_required": true, "authority": "Rideau Valley Conservation Authority", "owner": "Rideau Valley Conservation Foundation", "management_plan": "Struthers Natural Area Management Plan Draft (2018)"}, "geometry": {"type": "Polygon", "coordinates": [[[-75.97432, 44.73022], [-75.97656, 44.73197], [-75.97855, 44.73076], [-75.9768, 44.72865], [-75.97432, 44.73022]]]}}, {"type": "Feature", "properties": {"id": "on-ca-345", "name": "Motts Mills Conservation Area", "hunting_allowed": null, "basis": "ca_permit", "permit_required": true, "authority": "Rideau Valley Conservation Authority", "management_plan": "Motts Mills Conservation Area management plan (2016)"}, "geometry": {"type": "Polygon", "coordinates": [[[-76.0428, 44.79834], [-76.04236, 44.79948], [-76.04306, 44.79892], [-76.04332, 44.79911], [-76.04399, 44.79813], [-76.0437, 44.79799], [-76.04405, 44.79718], [-76.04334, 44.79684], [-76.04339, 44.79743], [-76.04254, 44.79758], [-76.0428, 44.79834]]]}}, {"type": "Feature", "properties": {"id": "on-ca-346", "name": "Bula Natural Area", "hunting_allowed": null, "basis": "ca_permit", "permit_required": true, "authority": "Rideau Valley Conservation Authority", "owner": "Rideau Valley Conservation Foundation", "management_plan": "Bula Natural Area Management Plan (2016)"}, "geometry": {"type": "Polygon", "coordinates": [[[-76.25856, 44.78881], [-76.2592, 44.78849], [-76.25824, 44.78825], [-76.25796, 44.78792], [-76.25799, 44.78752], [-76.25842, 44.78701], [-76.26, 44.78649], [-76.26115, 44.78638], [-76.2615, 44.78687], [-76.26188, 44.78699], [-76.26359, 44.78541], [-76.25952, 44.78202], [-76.25447, 44.78523], [-76.2566, 44.78724], [-76.25721, 44.78751], [-76.25856, 44.78881]]]}}, {"type": "Feature", "properties": {"id": "on-ca-347", "name": "Ruiter Natural Area", "hunting_allowed": null, "basis": "ca_permit", "permit_required": true, "authority": "Rideau Valley Conservation Authority", "owner": "Rideau Valley Conservation Foundation", "management_plan": "Ruiter Natural Area Management Plan (2016)"}, "geometry": {"type": "MultiPolygon", "coordinates": [[[[-75.87653, 45.17011], [-75.87685, 45.17037], [-75.87813, 45.16933], [-75.87795, 45.16918], [-75.87653, 45.17011]]], [[[-75.87709, 45.17058], [-75.88742, 45.17917], [-75.8888, 45.17821], [-75.87837, 45.16953], [-75.87709, 45.17058]]]]}}, {"type": "Feature", "properties": {"id": "on-ca-348", "name": "Reid Davidson Natural Area", "hunting_allowed": null, "basis": "ca_permit", "permit_required": true, "authority": "Rideau Valley Conservation Authority", "management_plan": "Reid Davidson Natural Area Management plan (2015)"}, "geometry": {"type": "Polygon", "coordinates": [[[-75.62011, 45.11976], [-75.62012, 45.11876], [-75.61932, 45.1191], [-75.61947, 45.11983], [-75.62011, 45.11976]]]}}, {"type": "Feature", "properties": {"id": "on-ca-349", "name": "Kaczkowski Natural Area", "hunting_allowed": null, "basis": "ca_permit", "permit_required": true, "authority": "Rideau Valley Conservation Authority", "owner": "Rideau Valley Conservation Foundation", "management_plan": "Kaczkowski Natural Area Management Plan (2018)"}, "geometry": {"type": "Polygon", "coordinates": [[[-75.68871, 45.03902], [-75.68781, 45.03815], [-75.68737, 45.03873], [-75.68823, 45.03931], [-75.68871, 45.03902]]]}}, {"type": "Feature", "properties": {"id": "on-ca-350", "name": "Rideau Trail Natural Area", "hunting_allowed": null, "basis": "ca_permit", "permit_required": true, "authority": "Rideau Valley Conservation Authority", "owner": "Rideau Valley Conservation Foundation", "management_plan": "Rideau Trail Natural Area Management Plan (2016)"}, "geometry": {"type": "Polygon", "coordinates": [[[-75.85717, 45.09135], [-75.85834, 45.09071], [-75.85703, 45.0896], [-75.85587, 45.09023], [-75.85717, 45.09135]]]}}, {"type": "Feature", "properties": {"id": "on-ca-351", "name": "Soumako Natural Area", "hunting_allowed": null, "basis": "ca_permit", "permit_required": true, "authority": "Rideau Valley Conservation Authority", "management_plan": "Soumako Natural Area Management plan (2014)"}, "geometry": {"type": "Polygon", "coordinates": [[[-75.65311, 45.04607], [-75.65297, 45.04582], [-75.65265, 45.04565], [-75.65251, 45.04597], [-75.65311, 45.04607]]]}}, {"type": "Feature", "properties": {"id": "on-ca-352", "name": "de Pencier Natural Area", "hunting_allowed": null, "basis": "ca_permit", "permit_required": true, "authority": "Rideau Valley Conservation Authority", "owner": "Rideau Valley Conservation Foundation", "management_plan": "De Pencier Natural Area Management Plan (2016)"}, "geometry": {"type": "MultiPolygon", "coordinates": [[[[-75.8623, 44.91626], [-75.86137, 44.91637], [-75.86161, 44.91701], [-75.86558, 44.91564], [-75.86481, 44.91471], [-75.86439, 44.91475], [-75.86311, 44.91514], [-75.86316, 44.91529], [-75.86254, 44.9157], [-75.86252, 44.91593], [-75.8622, 44.91613], [-75.8623, 44.91626]]], [[[-75.90205, 44.94813], [-75.91331, 44.95672], [-75.91486, 44.95519], [-75.90394, 44.94687], [-75.90205, 44.94813]]]]}}, {"type": "Feature", "properties": {"id": "on-ca-353", "name": "Lions Club Natural Area", "hunting_allowed": null, "basis": "ca_permit", "permit_required": true, "authority": "Rideau Valley Conservation Authority", "management_plan": "Lions Club Natural Area Management plan (2024)"}, "geometry": {"type": "Polygon", "coordinates": [[[-76.42973, 44.68234], [-76.42357, 44.6843], [-76.41944, 44.68532], [-76.41786, 44.68595], [-76.41836, 44.6905], [-76.4159, 44.69182], [-76.41636, 44.69225], [-76.43152, 44.68409], [-76.42973, 44.68234]]]}}, {"type": "Feature", "properties": {"id": "on-ca-354", "name": "Weiss Natural Area", "hunting_allowed": null, "basis": "ca_permit", "permit_required": true, "authority": "Rideau Valley Conservation Authority", "owner": "Rideau Valley Conservation Foundation", "management_plan": "Weiss Natural Area Management Plan (2011)"}, "geometry": {"type": "MultiPolygon", "coordinates": [[[[-76.32662, 44.69571], [-76.32699, 44.69617], [-76.32766, 44.69657], [-76.32823, 44.69609], [-76.32836, 44.69631], [-76.32864, 44.69551], [-76.32812, 44.6951], [-76.32815, 44.6955], [-76.32791, 44.69577], [-76.32747, 44.69562], [-76.32725, 44.69527], [-76.32662, 44.69571]]], [[[-76.32895, 44.69536], [-76.32859, 44.69609], [-76.32852, 44.6966], [-76.32925, 44.69713], [-76.33146, 44.69577], [-76.33193, 44.69596], [-76.33014, 44.69417], [-76.32952, 44.69495], [-76.32895, 44.69536]]], [[[-76.33428, 44.69083], [-76.33235, 44.69138], [-76.33162, 44.69217], [-76.33092, 44.69394], [-76.33038, 44.6941], [-76.33588, 44.69959], [-76.34123, 44.69655], [-76.33495, 44.6904], [-76.33428, 44.69083]]]]}}, {"type": "Feature", "properties": {"id": "on-ca-355", "name": "Senyck Natural Area", "hunting_allowed": null, "basis": "ca_permit", "permit_required": true, "authority": "Rideau Valley Conservation Authority", "management_plan": "Senyck Natural Area Management plan (2015)"}, "geometry": {"type": "Polygon", "coordinates": [[[-75.62366, 45.12437], [-75.62163, 45.12309], [-75.62134, 45.12321], [-75.62338, 45.12459], [-75.62366, 45.12437]]]}}, {"type": "Feature", "properties": {"id": "on-ca-356", "name": "von Mirbach Natural Area", "hunting_allowed": null, "basis": "ca_permit", "permit_required": true, "authority": "Rideau Valley Conservation Authority", "management_plan": "Von Mirbach Natural Area Management Plan Draft (2020)"}, "geometry": {"type": "Polygon", "coordinates": [[[-76.23304, 44.7986], [-76.23202, 44.79974], [-76.23464, 44.79802], [-76.23304, 44.7986]]]}}, {"type": "Feature", "properties": {"id": "on-ca-357", "name": "Gillespie Natural Area", "hunting_allowed": null, "basis": "ca_permit", "permit_required": true, "authority": "Rideau Valley Conservation Authority", "owner": "Rideau Valley Conservation Foundation", "management_plan": "Gillespie Natural Area Management Plan (2024)"}, "geometry": {"type": "MultiPolygon", "coordinates": [[[[-76.16007, 44.78317], [-76.15706, 44.78363], [-76.15359, 44.78511], [-76.15706, 44.78782], [-76.16217, 44.78477], [-76.16007, 44.78317]]], [[[-76.14325, 44.77727], [-76.15341, 44.78497], [-76.15696, 44.78346], [-76.15988, 44.78303], [-76.14814, 44.77413], [-76.14325, 44.77727]]]]}}, {"type": "Feature", "properties": {"id": "on-ca-358", "name": "Fine Natural Area", "hunting_allowed": null, "basis": "ca_permit", "permit_required": true, "authority": "Rideau Valley Conservation Authority", "owner": "Rideau Valley Conservation Foundation", "management_plan": "Fine Natural Area Management Plan (2016)"}, "geometry": {"type": "Polygon", "coordinates": [[[-75.87302, 45.1558], [-75.8759, 45.15399], [-75.86369, 45.14369], [-75.86077, 45.14545], [-75.87302, 45.1558]]]}}, {"type": "Feature", "properties": {"id": "on-ca-359", "name": "Lackner Natural Area", "hunting_allowed": null, "basis": "ca_permit", "permit_required": true, "authority": "Rideau Valley Conservation Authority", "owner": "Rideau Valley Conservation Foundation", "management_plan": "Lackner Natural Area Management Plan (2023)"}, "geometry": {"type": "Polygon", "coordinates": [[[-76.02961, 45.16701], [-76.03251, 45.1652], [-76.02684, 45.16053], [-76.02607, 45.16101], [-76.0266, 45.16144], [-76.02584, 45.16191], [-76.02531, 45.16148], [-76.02392, 45.16234], [-76.02961, 45.16701]]]}}, {"type": "Feature", "properties": {"id": "on-ca-360", "name": "Alexander Natural Area", "hunting_allowed": null, "basis": "ca_permit", "permit_required": true, "authority": "Rideau Valley Conservation Authority", "owner": "Rideau Valley Conservation Foundation", "management_plan": "Alexander Natural Area Management Plan (2012)"}, "geometry": {"type": "Polygon", "coordinates": [[[-75.33602, 45.51608], [-75.3402, 45.52344], [-75.34493, 45.52231], [-75.34068, 45.51498], [-75.33602, 45.51608]]]}}, {"type": "Feature", "properties": {"id": "on-ca-361", "name": "Haire Natural Area", "hunting_allowed": null, "basis": "ca_permit", "permit_required": true, "authority": "Rideau Valley Conservation Authority", "owner": "Rideau Valley Conservation Foundation", "management_plan": "Haire Natural Area Management Plan (2012)"}, "geometry": {"type": "Polygon", "coordinates": [[[-76.51508, 44.74856], [-76.51611, 44.74919], [-76.51627, 44.7495], [-76.51658, 44.74935], [-76.51544, 44.74837], [-76.51508, 44.74856]]]}}, {"type": "Feature", "properties": {"id": "on-ca-362", "name": "Chapman Mills Conservation Area", "hunting_allowed": null, "basis": "ca_permit", "permit_required": true, "authority": "Rideau Valley Conservation Authority", "management_plan": "Chapman Mills Conservation Area Management plan (2012)"}, "geometry": {"type": "Polygon", "coordinates": [[[-75.70279, 45.27038], [-75.70237, 45.27125], [-75.70236, 45.2719], [-75.70271, 45.27219], [-75.70294, 45.27216], [-75.70282, 45.27238], [-75.7032, 45.27226], [-75.70348, 45.27242], [-75.70323, 45.27242], [-75.70252, 45.27306], [-75.70217, 45.27314], [-75.70185, 45.27401], [-75.70248, 45.27482], [-75.70299, 45.27519], [-75.70321, 45.27514], [-75.70331, 45.27502], [-75.70306, 45.2746], [-75.70308, 45.27375], [-75.70285, 45.27332], [-75.7033, 45.27303], [-75.70374, 45.27341], [-75.70361, 45.27523], [-75.70347, 45.27605], [-75.70309, 45.27693], [-75.70307, 45.27712], [-75.70327, 45.27727], [-75.70284, 45.27751], [-75.70256, 45.27733], [-75.70268, 45.27777], [-75.70158, 45.27986], [-75.70251, 45.27957], [-75.7027, 45.27965], [-75.70316, 45.27887], [-75.70372, 45.27496], [-75.70389, 45.27247], [-75.70417, 45.27133], [-75.70454, 45.27078], [-75.70279, 45.27038]]]}}, {"type": "Feature", "properties": {"id": "on-ca-363", "name": "Manning MacPherson Natural Area", "hunting_allowed": null, "basis": "ca_permit", "permit_required": true, "authority": "Rideau Valley Conservation Authority", "owner": "Rideau Valley Conservation Foundation", "management_plan": "Manning Macpherson Natural Area Management Plan (2016)"}, "geometry": {"type": "MultiPolygon", "coordinates": [[[[-75.82177, 44.95996], [-75.82348, 44.96116], [-75.82322, 44.9592], [-75.82177, 44.95996]]], [[[-75.82, 44.95832], [-75.82002, 44.95918], [-75.8206, 44.95999], [-75.82132, 44.95997], [-75.82319, 44.95899], [-75.82308, 44.95708], [-75.81786, 44.95283], [-75.81776, 44.95495], [-75.81759, 44.95568], [-75.81724, 44.95623], [-75.81757, 44.9567], [-75.81771, 44.95764], [-75.81801, 44.95763], [-75.81841, 44.95733], [-75.81837, 44.95767], [-75.81909, 44.95838], [-75.82, 44.95832]]]]}}, {"type": "Feature", "properties": {"id": "on-ca-364", "name": "Naftel Natural Area", "hunting_allowed": null, "basis": "ca_permit", "permit_required": true, "authority": "Rideau Valley Conservation Authority", "management_plan": "Naftel Natural Area management plan (2014)"}, "geometry": {"type": "Polygon", "coordinates": [[[-75.7431, 44.88323], [-75.72993, 44.87296], [-75.7273, 44.87449], [-75.74041, 44.88472], [-75.7431, 44.88323]]]}}, {"type": "Feature", "properties": {"id": "on-ca-365", "name": "Sawmill Creek Natural Area", "hunting_allowed": null, "basis": "ca_permit", "permit_required": true, "authority": "Rideau Valley Conservation Authority", "owner": "Rideau Valley Conservation Foundation", "management_plan": "Sawmill Creek Natural Area Management Plan (2019)"}, "geometry": {"type": "Polygon", "coordinates": [[[-75.64931, 45.35261], [-75.65007, 45.35327], [-75.64962, 45.35248], [-75.64931, 45.35261]]]}}, {"type": "Feature", "properties": {"id": "on-ca-366", "name": "McKay Natural Area", "hunting_allowed": null, "basis": "ca_permit", "permit_required": true, "authority": "Rideau Valley Conservation Authority", "owner": "Rideau Valley Conservation Foundation", "management_plan": "McKay Property Baseline Document Report (2022)"}, "geometry": {"type": "MultiPolygon", "coordinates": [[[[-75.83518, 45.16648], [-75.83363, 45.16944], [-75.83409, 45.16983], [-75.83576, 45.16838], [-75.83601, 45.16788], [-75.83606, 45.16722], [-75.83518, 45.16648]]], [[[-75.82838, 45.16503], [-75.83334, 45.1692], [-75.83489, 45.16624], [-75.83131, 45.16326], [-75.82838, 45.16503]]]]}}, {"type": "Feature", "properties": {"id": "on-ca-367", "name": "Foley Mountain Conservation Area", "hunting_allowed": null, "basis": "ca_permit", "permit_required": true, "authority": "Rideau Valley Conservation Authority", "management_plan": "Foley Mountain Conservation Area Management plan (2020)"}, "geometry": {"type": "Polygon", "coordinates": [[[-76.36977, 44.69107], [-76.38086, 44.69827], [-76.38222, 44.6994], [-76.38438, 44.69881], [-76.38478, 44.69801], [-76.38715, 44.69645], [-76.38779, 44.69695], [-76.39371, 44.6916], [-76.3938, 44.69168], [-76.39449, 44.69117], [-76.39509, 44.69013], [-76.39631, 44.6888], [-76.39682, 44.68781], [-76.39789, 44.68671], [-76.39797, 44.68646], [-76.3976, 44.68524], [-76.39698, 44.68474], [-76.39332, 44.68265], [-76.39321, 44.68292], [-76.39296, 44.68294], [-76.39077, 44.68268], [-76.38714, 44.68257], [-76.38726, 44.68188], [-76.38395, 44.68236], [-76.38344, 44.68277], [-76.38211, 44.68302], [-76.38055, 44.68247], [-76.37892, 44.68235], [-76.37718, 44.68252], [-76.37583, 44.68291], [-76.37453, 44.68411], [-76.37371, 44.68404], [-76.37281, 44.68435], [-76.37116, 44.68409], [-76.37107, 44.68393], [-76.37129, 44.68373], [-76.37107, 44.68348], [-76.37122, 44.68337], [-76.36786, 44.68349], [-76.36729, 44.68239], [-76.36625, 44.68287], [-76.36399, 44.68244], [-76.36311, 44.68245], [-76.36371, 44.68358], [-76.36229, 44.68363], [-76.36187, 44.68285], [-76.36145, 44.68314], [-76.36172, 44.68365], [-76.36109, 44.68373], [-76.36977, 44.69107]]]}}, {"type": "Feature", "properties": {"id": "on-ca-368", "name": "Perth Wildlife Reserve Conservation Area", "hunting_allowed": null, "basis": "ca_permit", "permit_required": true, "authority": "Rideau Valley Conservation Authority", "management_plan": "Perth Wildlife Reserve Management plan (2015)"}, "geometry": {"type": "Polygon", "coordinates": [[[-76.21001, 44.89047], [-76.20992, 44.8904], [-76.21186, 44.88922], [-76.2031, 44.88195], [-76.19951, 44.88649], [-76.20017, 44.88704], [-76.19571, 44.88966], [-76.19502, 44.889], [-76.19454, 44.88534], [-76.19577, 44.88542], [-76.19205, 44.88247], [-76.18767, 44.88517], [-76.18823, 44.88515], [-76.18872, 44.88534], [-76.19037, 44.88671], [-76.19104, 44.8876], [-76.19121, 44.88834], [-76.19137, 44.88846], [-76.19099, 44.88964], [-76.19127, 44.89001], [-76.19376, 44.89055], [-76.19458, 44.89037], [-76.1949, 44.89064], [-76.19489, 44.89086], [-76.19431, 44.8912], [-76.19779, 44.89298], [-76.19887, 44.89335], [-76.20017, 44.89308], [-76.20313, 44.89346], [-76.20439, 44.89345], [-76.20604, 44.89286], [-76.20694, 44.89236], [-76.20766, 44.89225], [-76.20832, 44.89235], [-76.2098, 44.89321], [-76.21055, 44.89329], [-76.21135, 44.89314], [-76.21179, 44.89244], [-76.21176, 44.89009], [-76.21206, 44.88934], [-76.21001, 44.89047]]]}}, {"type": "Feature", "properties": {"id": "on-ca-369", "name": "PWR Tay Marsh Natural Area", "hunting_allowed": null, "basis": "ca_permit", "permit_required": true, "authority": "Rideau Valley Conservation Authority", "management_plan": "Perth Wildlife Reserve Management plan (2015)"}, "geometry": {"type": "MultiPolygon", "coordinates": [[[[-76.18159, 44.87866], [-76.18859, 44.88436], [-76.1937, 44.88121], [-76.18681, 44.87558], [-76.18159, 44.87866]]], [[[-76.18359, 44.88769], [-76.17805, 44.89108], [-76.18454, 44.89649], [-76.1897, 44.89331], [-76.19186, 44.89509], [-76.19325, 44.89417], [-76.1945, 44.89426], [-76.19494, 44.89324], [-76.19603, 44.89378], [-76.19597, 44.89364], [-76.19685, 44.89273], [-76.19428, 44.89145], [-76.19399, 44.89251], [-76.19351, 44.89269], [-76.19363, 44.89305], [-76.19323, 44.89289], [-76.19286, 44.89298], [-76.19357, 44.89236], [-76.19224, 44.89162], [-76.19174, 44.89113], [-76.19033, 44.89049], [-76.18981, 44.88988], [-76.18943, 44.8885], [-76.18838, 44.88718], [-76.18767, 44.88662], [-76.1868, 44.88624], [-76.18607, 44.88631], [-76.18572, 44.88677], [-76.1848, 44.88739], [-76.18359, 44.88769]]]]}}, {"type": "Feature", "properties": {"id": "on-ca-370", "name": "Webb Natural Heritage Area", "hunting_allowed": null, "basis": "ca_permit", "permit_required": true, "authority": "Lake Simcoe Region Conservation Authority"}, "geometry": {"type": "Polygon", "coordinates": [[[-79.48284, 44.18932], [-79.48301, 44.18991], [-79.48228, 44.19007], [-79.48344, 44.1943], [-79.48722, 44.19347], [-79.48589, 44.18865], [-79.48284, 44.18932]]]}}, {"type": "Feature", "properties": {"id": "on-ca-371", "name": "Holland Landing Conservation Area", "hunting_allowed": null, "basis": "ca_permit", "permit_required": true, "authority": "Lake Simcoe Region Conservation Authority"}, "geometry": {"type": "Polygon", "coordinates": [[[-79.48588, 44.11568], [-79.48875, 44.11501], [-79.48776, 44.1112], [-79.48526, 44.11176], [-79.48605, 44.11481], [-79.48601, 44.11508], [-79.48574, 44.11514], [-79.48588, 44.11568]]]}}, {"type": "Feature", "properties": {"id": "on-ca-372", "name": "Luck Conservation Area", "hunting_allowed": null, "basis": "ca_permit", "permit_required": true, "authority": "Lake Simcoe Region Conservation Authority"}, "geometry": {"type": "Polygon", "coordinates": [[[-79.54945, 44.22897], [-79.55396, 44.22795], [-79.55276, 44.22361], [-79.55086, 44.22405], [-79.5513, 44.22503], [-79.54985, 44.22537], [-79.54941, 44.22438], [-79.54682, 44.22498], [-79.54945, 44.22897]]]}}, {"type": "Feature", "properties": {"id": "on-ca-373", "name": "Mabel Davis Conservation Area", "hunting_allowed": null, "basis": "ca_permit", "permit_required": true, "authority": "Lake Simcoe Region Conservation Authority"}, "geometry": {"type": "Polygon", "coordinates": [[[-79.45726, 44.06577], [-79.45868, 44.06546], [-79.45891, 44.06506], [-79.45917, 44.06515], [-79.45974, 44.0638], [-79.45966, 44.06243], [-79.4592, 44.06144], [-79.45862, 44.06105], [-79.45825, 44.06042], [-79.45825, 44.05989], [-79.45757, 44.06004], [-79.45785, 44.06068], [-79.45611, 44.06106], [-79.45629, 44.06184], [-79.45814, 44.06224], [-79.45811, 44.06258], [-79.4574, 44.06262], [-79.4574, 44.06334], [-79.45707, 44.06338], [-79.4572, 44.0639], [-79.4568, 44.06399], [-79.45726, 44.06577]]]}}, {"type": "Feature", "properties": {"id": "on-ca-374", "name": "Walls Lake Forest", "hunting_allowed": null, "basis": "ca_permit", "permit_required": true, "authority": "Sault Ste. Marie Region Conservation Authority"}, "geometry": {"type": "Polygon", "coordinates": [[[-84.57043, 46.53866], [-84.54941, 46.53865], [-84.54933, 46.54944], [-84.57033, 46.54945], [-84.57043, 46.53866]]]}}, {"type": "Feature", "properties": {"id": "on-ca-375", "name": "Marks Bay Conservation Area", "hunting_allowed": null, "basis": "ca_permit", "permit_required": true, "authority": "Sault Ste. Marie Region Conservation Authority"}, "geometry": {"type": "Polygon", "coordinates": [[[-84.4795, 46.49183], [-84.47698, 46.4921], [-84.47629, 46.49274], [-84.47317, 46.49431], [-84.4691, 46.49697], [-84.46452, 46.49872], [-84.46457, 46.49956], [-84.47032, 46.49954], [-84.47031, 46.49871], [-84.47608, 46.49868], [-84.47605, 46.49506], [-84.48631, 46.495], [-84.48631, 46.48215], [-84.46846, 46.48229], [-84.46922, 46.4826], [-84.47043, 46.48345], [-84.47393, 46.48473], [-84.47524, 46.48407], [-84.47619, 46.48402], [-84.47734, 46.48425], [-84.47898, 46.48403], [-84.48006, 46.48419], [-84.48229, 46.48502], [-84.48253, 46.48524], [-84.48339, 46.48664], [-84.48401, 46.48842], [-84.48407, 46.48944], [-84.4838, 46.4902], [-84.48327, 46.49056], [-84.48179, 46.49092], [-84.48096, 46.49144], [-84.4795, 46.49183]]]}}, {"type": "Feature", "properties": {"id": "on-ca-376", "name": "Burke Forest", "hunting_allowed": null, "basis": "ca_permit", "permit_required": true, "authority": "Sault Ste. Marie Region Conservation Authority"}, "geometry": {"type": "MultiPolygon", "coordinates": [[[[-84.38577, 46.60951], [-84.39089, 46.60941], [-84.39061, 46.6022], [-84.38546, 46.60225], [-84.38577, 46.60951]]], [[[-84.38567, 46.6077], [-84.38544, 46.60228], [-84.36967, 46.60261], [-84.37005, 46.60984], [-84.38041, 46.60961], [-84.38031, 46.60782], [-84.38567, 46.6077]]]]}}, {"type": "Feature", "properties": {"id": "on-ca-377", "name": "Headwater Forest", "hunting_allowed": null, "basis": "ca_permit", "permit_required": true, "authority": "Sault Ste. Marie Region Conservation Authority"}, "geometry": {"type": "Polygon", "coordinates": [[[-84.4272, 46.5942], [-84.40599, 46.59465], [-84.40628, 46.60189], [-84.42748, 46.60139], [-84.4272, 46.5942]]]}}, {"type": "Feature", "properties": {"id": "on-ca-378", "name": "Hiawatha Highlands Conservation Area", "hunting_allowed": null, "basis": "ca_permit", "permit_required": true, "authority": "Sault Ste. Marie Region Conservation Authority"}, "geometry": {"type": "MultiPolygon", "coordinates": [[[[-84.28069, 46.58257], [-84.28092, 46.58321], [-84.28206, 46.58415], [-84.28279, 46.58555], [-84.29237, 46.58235], [-84.28069, 46.58257]]], [[[-84.27964, 46.58259], [-84.2798, 46.58532], [-84.28184, 46.58527], [-84.28199, 46.58464], [-84.28183, 46.58423], [-84.28071, 46.58332], [-84.28043, 46.58265], [-84.28048, 46.57984], [-84.27939, 46.57986], [-84.27931, 46.57895], [-84.27412, 46.57915], [-84.27442, 46.58273], [-84.27964, 46.58259]]], [[[-84.28075, 46.57984], [-84.28069, 46.5824], [-84.29036, 46.5823], [-84.29034, 46.58189], [-84.28994, 46.5819], [-84.28979, 46.57871], [-84.28339, 46.57883], [-84.28345, 46.57977], [-84.28075, 46.57984]]], [[[-84.28198, 46.59276], [-84.28202, 46.59339], [-84.28772, 46.5933], [-84.29053, 46.59189], [-84.29041, 46.58965], [-84.2995, 46.58942], [-84.29919, 46.58272], [-84.2984, 46.58274], [-84.29837, 46.5822], [-84.29315, 46.58239], [-84.28007, 46.5867], [-84.27989, 46.587], [-84.28, 46.58917], [-84.28191, 46.58913], [-84.28198, 46.59005], [-84.28005, 46.59008], [-84.28025, 46.59279], [-84.28198, 46.59276]]], [[[-84.22965, 46.61266], [-84.27057, 46.61186], [-84.26963, 46.59715], [-84.26961, 46.59461], [-84.26886, 46.59482], [-84.26867, 46.59567], [-84.2682, 46.59602], [-84.2678, 46.59599], [-84.26631, 46.59523], [-84.2649, 46.59539], [-84.26288, 46.59597], [-84.26069, 46.5959], [-84.25832, 46.59526], [-84.25841, 46.59509], [-84.25999, 46.59561], [-84.26117, 46.59578], [-84.26285, 46.59579], [-84.26481, 46.59521], [-84.26631, 46.59504], [-84.26815, 46.59584], [-84.26842, 46.59563], [-84.26859, 46.59473], [-84.26965, 46.59441], [-84.27033, 46.59447], [-84.27735, 46.59523], [-84.27882, 46.59625], [-84.28016, 46.59682], [-84.28063, 46.5972], [-84.28099, 46.59721], [-84.28115, 46.597], [-84.28061, 46.59642], [-84.28013, 46.59551], [-84.27991, 46.59328], [-84.26954, 46.59357], [-84.26928, 46.58644], [-84.25914, 46.58669], [-84.25933, 46.5903], [-84.24557, 46.5908], [-84.23993, 46.59691], [-84.22988, 46.59686], [-84.22965, 46.61266]], [[-84.25957, 46.60142], [-84.25439, 46.60155], [-84.25424, 46.59817], [-84.25943, 46.59804], [-84.25957, 46.60142]]]]}}, {"type": "Feature", "properties": {"id": "on-ca-379", "name": "Shore Ridges Conservation Area", "hunting_allowed": null, "basis": "ca_permit", "permit_required": true, "authority": "Sault Ste. Marie Region Conservation Authority"}, "geometry": {"type": "MultiPolygon", "coordinates": [[[[-84.54029, 46.50766], [-84.54196, 46.50837], [-84.54283, 46.50854], [-84.54384, 46.50747], [-84.54261, 46.50674], [-84.54187, 46.50648], [-84.54115, 46.50634], [-84.53971, 46.50634], [-84.53928, 46.50648], [-84.53928, 46.50763], [-84.54029, 46.50766]]], [[[-84.5496, 46.51313], [-84.54964, 46.52035], [-84.55549, 46.52034], [-84.55217, 46.5184], [-84.55119, 46.51401], [-84.54754, 46.51098], [-84.54558, 46.50974], [-84.5437, 46.50882], [-84.54217, 46.50863], [-84.54056, 46.50791], [-84.53928, 46.50783], [-84.53602, 46.50674], [-84.53207, 46.51049], [-84.53114, 46.51155], [-84.53077, 46.51255], [-84.52964, 46.51314], [-84.53009, 46.51314], [-84.53495, 46.51765], [-84.53914, 46.51765], [-84.53923, 46.51316], [-84.5496, 46.51313]]], [[[-84.52178, 46.52029], [-84.52206, 46.52029], [-84.52202, 46.51315], [-84.5292, 46.51314], [-84.53058, 46.51244], [-84.5309, 46.51148], [-84.53185, 46.51039], [-84.53586, 46.50658], [-84.53335, 46.50369], [-84.53177, 46.501], [-84.53163, 46.49891], [-84.53141, 46.49878], [-84.52996, 46.49877], [-84.52996, 46.4986], [-84.53159, 46.4986], [-84.53094, 46.494], [-84.53065, 46.49375], [-84.53059, 46.49339], [-84.53074, 46.49286], [-84.53027, 46.49265], [-84.53055, 46.49231], [-84.52849, 46.49229], [-84.52849, 46.49137], [-84.51817, 46.49138], [-84.51808, 46.51315], [-84.52175, 46.51315], [-84.52178, 46.52029]]]]}}, {"type": "Feature", "properties": {"id": "on-ca-380", "name": "Fort Creek Conservation Area", "hunting_allowed": null, "basis": "ca_permit", "permit_required": true, "authority": "Sault Ste. Marie Region Conservation Authority"}, "geometry": {"type": "Polygon", "coordinates": [[[-84.33392, 46.55023], [-84.34082, 46.5512], [-84.34126, 46.54951], [-84.34289, 46.54971], [-84.34367, 46.54681], [-84.34626, 46.54709], [-84.34654, 46.54529], [-84.34699, 46.54521], [-84.34713, 46.54535], [-84.34784, 46.54543], [-84.3479, 46.54517], [-84.34764, 46.54514], [-84.34776, 46.54461], [-84.34802, 46.54464], [-84.34794, 46.54499], [-84.3482, 46.54502], [-84.34828, 46.54466], [-84.3488, 46.54472], [-84.349, 46.54384], [-84.34954, 46.54381], [-84.34889, 46.54374], [-84.34898, 46.54333], [-84.34963, 46.5434], [-84.34967, 46.54323], [-84.34871, 46.54312], [-84.34877, 46.54285], [-84.34948, 46.54292], [-84.34939, 46.54277], [-84.34862, 46.54266], [-84.34768, 46.54143], [-84.34686, 46.54066], [-84.34555, 46.53956], [-84.34508, 46.53951], [-84.34477, 46.53876], [-84.34293, 46.53942], [-84.34013, 46.53935], [-84.33766, 46.54899], [-84.33654, 46.5491], [-84.33642, 46.54938], [-84.33552, 46.54916], [-84.33513, 46.54872], [-84.33448, 46.54848], [-84.33288, 46.54819], [-84.33268, 46.54902], [-84.33418, 46.5492], [-84.33392, 46.55023]]]}}, {"type": "Feature", "properties": {"id": "on-ca-381", "name": "Gros Cap Conservation Area", "hunting_allowed": null, "basis": "ca_permit", "permit_required": true, "authority": "Sault Ste. Marie Region Conservation Authority"}, "geometry": {"type": "Polygon", "coordinates": [[[-84.58089, 46.54228], [-84.59138, 46.54228], [-84.59144, 46.53487], [-84.58096, 46.53488], [-84.58089, 46.54228]], [[-84.58438, 46.53797], [-84.58197, 46.53935], [-84.58118, 46.5384], [-84.58121, 46.53595], [-84.58438, 46.53797]]]}}, {"type": "Feature", "properties": {"id": "on-ca-382", "name": "South Gads Hill Swamp", "hunting_allowed": null, "basis": "ca_permit", "permit_required": true, "authority": "Upper Thames River Conservation Authority"}, "geometry": {"type": "Polygon", "coordinates": [[[-80.90348, 43.43934], [-80.90999, 43.43943], [-80.91097, 43.43796], [-80.91314, 43.43759], [-80.91316, 43.43848], [-80.92751, 43.43865], [-80.93774, 43.42619], [-80.91837, 43.42584], [-80.91845, 43.4304], [-80.91314, 43.43043], [-80.9131, 43.43493], [-80.90342, 43.43481], [-80.90348, 43.43934]]]}}, {"type": "Feature", "properties": {"id": "on-ca-383", "name": "Beachville Tract", "hunting_allowed": null, "basis": "ca_permit", "permit_required": true, "authority": "Upper Thames River Conservation Authority"}, "geometry": {"type": "Polygon", "coordinates": [[[-80.8335, 43.0919], [-80.83404, 43.09208], [-80.83484, 43.09152], [-80.8352, 43.09183], [-80.83906, 43.08912], [-80.84133, 43.08702], [-80.84099, 43.08713], [-80.84068, 43.08694], [-80.84144, 43.08669], [-80.84163, 43.0863], [-80.8425, 43.08558], [-80.84344, 43.08397], [-80.83918, 43.08297], [-80.83672, 43.08583], [-80.83301, 43.08899], [-80.83341, 43.09028], [-80.83247, 43.09109], [-80.8335, 43.0919]]]}}, {"type": "Feature", "properties": {"id": "on-ca-384", "name": "Embro Conservation Area", "hunting_allowed": null, "basis": "ca_permit", "permit_required": true, "authority": "Upper Thames River Conservation Authority"}, "geometry": {"type": "Polygon", "coordinates": [[[-80.91466, 43.16781], [-80.91589, 43.16881], [-80.91617, 43.17015], [-80.91577, 43.17096], [-80.91444, 43.17136], [-80.91565, 43.17374], [-80.91862, 43.17286], [-80.91561, 43.16752], [-80.91466, 43.16781]]]}}, {"type": "Feature", "properties": {"id": "on-ca-385", "name": "Harrington Conservation Area", "hunting_allowed": null, "basis": "ca_permit", "permit_required": true, "authority": "Upper Thames River Conservation Authority"}, "geometry": {"type": "Polygon", "coordinates": [[[-80.99225, 43.24129], [-80.99235, 43.2416], [-80.9928, 43.24147], [-80.99256, 43.2408], [-80.99268, 43.24077], [-80.99303, 43.2414], [-80.99326, 43.24133], [-80.99277, 43.24054], [-80.99283, 43.24035], [-80.99226, 43.2391], [-80.99274, 43.23807], [-80.99196, 43.23767], [-80.99097, 43.23869], [-80.98989, 43.23895], [-80.99014, 43.23945], [-80.99069, 43.2393], [-80.99103, 43.24044], [-80.99127, 43.24049], [-80.99188, 43.24123], [-80.99169, 43.24136], [-80.99225, 43.24129]]]}}, {"type": "Feature", "properties": {"id": "on-ca-386", "name": "Lowthian Flats", "hunting_allowed": null, "basis": "ca_permit", "permit_required": true, "authority": "Upper Thames River Conservation Authority"}, "geometry": {"type": "Polygon", "coordinates": [[[-81.44421, 42.91035], [-81.44462, 42.91087], [-81.44523, 42.91114], [-81.44717, 42.90982], [-81.4475, 42.90907], [-81.44733, 42.90877], [-81.4474, 42.90838], [-81.44711, 42.90796], [-81.44639, 42.90749], [-81.44728, 42.9071], [-81.44658, 42.90685], [-81.44559, 42.90613], [-81.44167, 42.90712], [-81.44101, 42.90608], [-81.43948, 42.90489], [-81.43928, 42.90496], [-81.43904, 42.90421], [-81.43911, 42.90501], [-81.438, 42.90512], [-81.43786, 42.90433], [-81.43536, 42.90442], [-81.43535, 42.90504], [-81.43633, 42.90495], [-81.43746, 42.90532], [-81.43751, 42.9058], [-81.43708, 42.90618], [-81.43656, 42.9075], [-81.4366, 42.90789], [-81.43716, 42.9085], [-81.43805, 42.90848], [-81.43855, 42.90812], [-81.43899, 42.9081], [-81.43971, 42.90841], [-81.44029, 42.90902], [-81.44078, 42.91073], [-81.44104, 42.91103], [-81.44421, 42.91035]]]}}, {"type": "Feature", "properties": {"id": "on-ca-387", "name": "Ivey Tract", "hunting_allowed": null, "basis": "ca_permit", "permit_required": true, "authority": "Upper Thames River Conservation Authority"}, "geometry": {"type": "MultiPolygon", "coordinates": [[[[-80.97683, 42.98733], [-80.97727, 42.98735], [-80.97782, 42.98691], [-80.97769, 42.98673], [-80.97743, 42.98672], [-80.97676, 42.98684], [-80.97661, 42.98659], [-80.97683, 42.98733]]], [[[-80.9737, 42.99281], [-80.97351, 42.9921], [-80.97374, 42.99087], [-80.97452, 42.98915], [-80.9759, 42.98822], [-80.97549, 42.98821], [-80.97546, 42.9881], [-80.97662, 42.98749], [-80.97536, 42.98322], [-80.97379, 42.98408], [-80.97233, 42.98513], [-80.97018, 42.98618], [-80.96972, 42.9867], [-80.96939, 42.98687], [-80.96862, 42.98687], [-80.96858, 42.98669], [-80.9673, 42.98723], [-80.9652, 42.98863], [-80.96625, 42.99014], [-80.96938, 42.98965], [-80.96995, 42.99174], [-80.97105, 42.99158], [-80.9737, 42.99281]]], [[[-80.98539, 42.98832], [-80.98661, 42.98854], [-80.98677, 42.98878], [-80.98646, 42.98943], [-80.98601, 42.98983], [-80.98627, 42.98994], [-80.98558, 42.99101], [-80.98623, 42.99091], [-80.98612, 42.99067], [-80.98669, 42.9896], [-80.98746, 42.98915], [-80.98767, 42.98838], [-80.98827, 42.98778], [-80.9885, 42.98725], [-80.98948, 42.98629], [-80.98926, 42.98546], [-80.98725, 42.98485], [-80.98778, 42.98405], [-80.98783, 42.98363], [-80.98348, 42.9842], [-80.98302, 42.98255], [-80.98238, 42.98275], [-80.98201, 42.98271], [-80.9814, 42.98189], [-80.98138, 42.98075], [-80.98098, 42.98014], [-80.98026, 42.97952], [-80.97856, 42.97957], [-80.97741, 42.98015], [-80.97607, 42.98248], [-80.97545, 42.98266], [-80.97647, 42.98613], [-80.9768, 42.98562], [-80.97741, 42.98552], [-80.98137, 42.98636], [-80.98261, 42.98628], [-80.98395, 42.98589], [-80.98467, 42.98615], [-80.98463, 42.98648], [-80.98443, 42.98675], [-80.98348, 42.98713], [-80.98347, 42.98753], [-80.98372, 42.98767], [-80.98297, 42.98827], [-80.98354, 42.98842], [-80.98504, 42.98839], [-80.98532, 42.98868], [-80.98548, 42.98841], [-80.98539, 42.98832]]]]}}, {"type": "Feature", "properties": {"id": "on-ca-388", "name": "Arboretum", "hunting_allowed": null, "basis": "ca_permit", "permit_required": true, "authority": "Upper Thames River Conservation Authority"}, "geometry": {"type": "Polygon", "coordinates": [[[-80.70996, 43.18228], [-80.71092, 43.18481], [-80.71185, 43.18319], [-80.71083, 43.18083], [-80.70996, 43.18228]]]}}, {"type": "Feature", "properties": {"id": "on-ca-389", "name": "Dorchester Mill Pond Conservation Area", "hunting_allowed": null, "basis": "ca_permit", "permit_required": true, "authority": "Upper Thames River Conservation Authority"}, "geometry": {"type": "Polygon", "coordinates": [[[-81.06589, 42.98765], [-81.06655, 42.9875], [-81.0667, 42.98481], [-81.06599, 42.98217], [-81.06527, 42.98227], [-81.06493, 42.98099], [-81.06417, 42.98003], [-81.06402, 42.97953], [-81.06175, 42.97983], [-81.06196, 42.98072], [-81.06236, 42.98108], [-81.06286, 42.98207], [-81.06291, 42.98258], [-81.0631, 42.98267], [-81.06322, 42.98326], [-81.06355, 42.98363], [-81.06528, 42.98448], [-81.06512, 42.98619], [-81.0652, 42.98646], [-81.0657, 42.98686], [-81.06589, 42.98765]]]}}, {"type": "Feature", "properties": {"id": "on-ca-390", "name": "Fish Creek", "hunting_allowed": null, "basis": "ca_permit", "permit_required": true, "authority": "Upper Thames River Conservation Authority"}, "geometry": {"type": "MultiPolygon", "coordinates": [[[[-81.26702, 43.23011], [-81.26448, 43.23327], [-81.26879, 43.23518], [-81.27138, 43.23202], [-81.26702, 43.23011]]], [[[-81.27162, 43.23212], [-81.26952, 43.23471], [-81.27465, 43.23812], [-81.27308, 43.24095], [-81.27362, 43.24119], [-81.27871, 43.23516], [-81.27162, 43.23212]]], [[[-81.27909, 43.24116], [-81.28019, 43.24125], [-81.28348, 43.24264], [-81.28676, 43.23867], [-81.28006, 43.23575], [-81.27497, 43.24178], [-81.27513, 43.24186], [-81.27663, 43.24007], [-81.27909, 43.24116]]]]}}, {"type": "Feature", "properties": {"id": "on-ca-391", "name": "Downey Tract", "hunting_allowed": null, "basis": "ca_permit", "permit_required": true, "authority": "Upper Thames River Conservation Authority"}, "geometry": {"type": "Polygon", "coordinates": [[[-80.66294, 43.1944], [-80.66526, 43.20029], [-80.66883, 43.19973], [-80.66654, 43.19385], [-80.66294, 43.1944]]]}}, {"type": "Feature", "properties": {"id": "on-ca-392", "name": "Golspie Swamp", "hunting_allowed": null, "basis": "ca_permit", "permit_required": true, "authority": "Upper Thames River Conservation Authority"}, "geometry": {"type": "MultiPolygon", "coordinates": [[[[-80.85708, 43.13164], [-80.86104, 43.13046], [-80.85584, 43.12013], [-80.84821, 43.12248], [-80.85133, 43.12889], [-80.85327, 43.12838], [-80.85261, 43.12704], [-80.85453, 43.12648], [-80.85708, 43.13164]]], [[[-80.83539, 43.11586], [-80.84239, 43.12987], [-80.85034, 43.12741], [-80.84329, 43.1134], [-80.83539, 43.11586]]]]}}, {"type": "Feature", "properties": {"id": "on-ca-393", "name": "Kintore Swamp", "hunting_allowed": null, "basis": "ca_permit", "permit_required": true, "authority": "Upper Thames River Conservation Authority"}, "geometry": {"type": "MultiPolygon", "coordinates": [[[[-81.00481, 43.16059], [-81.00502, 43.16101], [-81.00963, 43.15968], [-81.00941, 43.15926], [-81.00481, 43.16059]]], [[[-81.00672, 43.16442], [-81.00984, 43.16352], [-81.01028, 43.16441], [-81.01489, 43.16308], [-81.01364, 43.16049], [-81.00589, 43.16274], [-81.00672, 43.16442]]]]}}, {"type": "Feature", "properties": {"id": "on-ca-394", "name": "North Gads Hill Swamp", "hunting_allowed": null, "basis": "ca_permit", "permit_required": true, "authority": "Upper Thames River Conservation Authority"}, "geometry": {"type": "Polygon", "coordinates": [[[-80.89463, 43.47188], [-80.89961, 43.47195], [-80.89958, 43.46502], [-80.89462, 43.46494], [-80.89463, 43.47188]]]}}, {"type": "Feature", "properties": {"id": "on-ca-395", "name": "Shakespeare Conservation Area", "hunting_allowed": null, "basis": "ca_permit", "permit_required": true, "authority": "Upper Thames River Conservation Authority"}, "geometry": {"type": "Polygon", "coordinates": [[[-80.83379, 43.37999], [-80.83123, 43.38001], [-80.83238, 43.38285], [-80.83466, 43.38283], [-80.83605, 43.38195], [-80.83701, 43.38195], [-80.83699, 43.37997], [-80.83503, 43.37998], [-80.83502, 43.37962], [-80.83379, 43.37963], [-80.83379, 43.37999]]]}}, {"type": "Feature", "properties": {"id": "on-ca-396", "name": "Cade Tract", "hunting_allowed": null, "basis": "ca_permit", "permit_required": true, "authority": "Upper Thames River Conservation Authority"}, "geometry": {"type": "Polygon", "coordinates": [[[-81.19435, 43.24814], [-81.1995, 43.24868], [-81.19915, 43.24687], [-81.19718, 43.24707], [-81.1963, 43.24657], [-81.19509, 43.24616], [-81.1947, 43.24367], [-81.19078, 43.2441], [-81.19061, 43.2439], [-81.19041, 43.24392], [-81.18984, 43.24313], [-81.18816, 43.24302], [-81.18915, 43.24791], [-81.19222, 43.24757], [-81.19223, 43.24861], [-81.1944, 43.24835], [-81.19435, 43.24814]]]}}, {"type": "Feature", "properties": {"id": "on-ca-397", "name": "Dorchester Conservation Area", "hunting_allowed": null, "basis": "ca_permit", "permit_required": true, "authority": "Upper Thames River Conservation Authority"}, "geometry": {"type": "Polygon", "coordinates": [[[-81.07643, 42.98865], [-81.0764, 42.98894], [-81.07584, 42.98983], [-81.07399, 42.99052], [-81.07436, 42.99123], [-81.07881, 42.9913], [-81.07764, 42.98906], [-81.07756, 42.98852], [-81.07618, 42.9882], [-81.07643, 42.98865]]]}}, {"type": "Feature", "properties": {"id": "on-ca-398", "name": "Mill Pond West", "hunting_allowed": null, "basis": "ca_permit", "permit_required": true, "authority": "Upper Thames River Conservation Authority"}, "geometry": {"type": "Polygon", "coordinates": [[[-81.07048, 42.98159], [-81.07092, 42.98243], [-81.06962, 42.98364], [-81.06944, 42.98426], [-81.06872, 42.98539], [-81.06874, 42.98594], [-81.06802, 42.98639], [-81.06854, 42.98693], [-81.07306, 42.98473], [-81.07211, 42.98134], [-81.07048, 42.98159]]]}}, {"type": "Feature", "properties": {"id": "on-ca-399", "name": "Westminster Sugarbush", "hunting_allowed": null, "basis": "ca_permit", "permit_required": true, "authority": "Upper Thames River Conservation Authority"}, "geometry": {"type": "Polygon", "coordinates": [[[-81.15084, 42.91942], [-81.15239, 42.92546], [-81.15424, 42.9253], [-81.15374, 42.92335], [-81.15511, 42.92321], [-81.15408, 42.91912], [-81.15084, 42.91942]]]}}, {"type": "Feature", "properties": {"id": "on-ca-400", "name": "Harvey Tract", "hunting_allowed": null, "basis": "ca_permit", "permit_required": true, "authority": "Long Point Region Conservation Authority"}, "geometry": {"type": "Polygon", "coordinates": [[[-80.70361, 42.65939], [-80.70362, 42.65907], [-80.70455, 42.65942], [-80.70477, 42.65365], [-80.69738, 42.65101], [-80.69721, 42.65704], [-80.70361, 42.65939]]]}}, {"type": "Feature", "properties": {"id": "on-ca-401", "name": "Burwell Tract", "hunting_allowed": null, "basis": "ca_permit", "permit_required": true, "authority": "Long Point Region Conservation Authority"}, "geometry": {"type": "Polygon", "coordinates": [[[-80.65152, 42.67063], [-80.65167, 42.66501], [-80.6443, 42.66246], [-80.64419, 42.66812], [-80.65152, 42.67063]]]}}, {"type": "Feature", "properties": {"id": "on-ca-402", "name": "Carr Tract", "hunting_allowed": null, "basis": "ca_permit", "permit_required": true, "authority": "Long Point Region Conservation Authority"}, "geometry": {"type": "Polygon", "coordinates": [[[-80.4673, 42.72256], [-80.47065, 42.72117], [-80.46632, 42.71575], [-80.46295, 42.71717], [-80.4673, 42.72256]]]}}, {"type": "Feature", "properties": {"id": "on-ca-403", "name": "Harris/ Harris/ Floyd Tract", "hunting_allowed": null, "basis": "ca_permit", "permit_required": true, "authority": "Long Point Region Conservation Authority"}, "geometry": {"type": "Polygon", "coordinates": [[[-80.64388, 42.67124], [-80.64406, 42.66223], [-80.63651, 42.65949], [-80.63634, 42.66854], [-80.64388, 42.67124]]]}}, {"type": "Feature", "properties": {"id": "on-ca-404", "name": "Watson Conservation Area", "hunting_allowed": null, "basis": "ca_permit", "permit_required": true, "authority": "Long Point Region Conservation Authority"}, "geometry": {"type": "MultiPolygon", "coordinates": [[[[-80.67912, 42.81501], [-80.67926, 42.81543], [-80.68002, 42.81548], [-80.67949, 42.81481], [-80.67912, 42.81501]]], [[[-80.66817, 42.82411], [-80.66929, 42.82453], [-80.66958, 42.82416], [-80.66911, 42.82354], [-80.66817, 42.82411]]], [[[-80.65467, 42.83461], [-80.65741, 42.8339], [-80.66037, 42.83459], [-80.66206, 42.83352], [-80.66206, 42.83322], [-80.66255, 42.83323], [-80.66426, 42.83212], [-80.66381, 42.83144], [-80.66172, 42.83225], [-80.66151, 42.83199], [-80.65966, 42.8333], [-80.65903, 42.83272], [-80.65369, 42.83331], [-80.65467, 42.83461]]], [[[-80.66412, 42.83149], [-80.66452, 42.8321], [-80.66633, 42.83112], [-80.66662, 42.83169], [-80.66692, 42.83156], [-80.66676, 42.831], [-80.66841, 42.83024], [-80.66874, 42.83085], [-80.66948, 42.8302], [-80.66906, 42.82952], [-80.67046, 42.829], [-80.67078, 42.82943], [-80.67126, 42.82906], [-80.67097, 42.82863], [-80.67231, 42.82778], [-80.67178, 42.82736], [-80.67372, 42.82606], [-80.6751, 42.82756], [-80.67549, 42.82744], [-80.67529, 42.82689], [-80.67611, 42.82661], [-80.67669, 42.82614], [-80.67839, 42.82524], [-80.67845, 42.82588], [-80.67883, 42.82562], [-80.67922, 42.82584], [-80.6797, 42.82559], [-80.67849, 42.82414], [-80.67996, 42.8246], [-80.68022, 42.82428], [-80.67842, 42.82357], [-80.67943, 42.82216], [-80.68005, 42.82215], [-80.68022, 42.82238], [-80.68015, 42.82265], [-80.68043, 42.82259], [-80.68054, 42.82095], [-80.6817, 42.82078], [-80.68194, 42.82105], [-80.68222, 42.82072], [-80.68293, 42.82062], [-80.68277, 42.81968], [-80.68157, 42.81992], [-80.68102, 42.8197], [-80.67839, 42.82081], [-80.67745, 42.8208], [-80.67815, 42.82164], [-80.67629, 42.8228], [-80.67516, 42.82142], [-80.67467, 42.82116], [-80.67433, 42.82125], [-80.67633, 42.82414], [-80.67528, 42.8245], [-80.67587, 42.82526], [-80.67508, 42.82573], [-80.67411, 42.82518], [-80.67325, 42.82512], [-80.67294, 42.82457], [-80.67319, 42.82411], [-80.6731, 42.82399], [-80.67147, 42.82489], [-80.66999, 42.82401], [-80.66949, 42.82466], [-80.67032, 42.82521], [-80.67108, 42.82616], [-80.66989, 42.82669], [-80.67063, 42.82794], [-80.66919, 42.82878], [-80.66864, 42.8286], [-80.66705, 42.82931], [-80.66676, 42.83032], [-80.66569, 42.83067], [-80.66486, 42.83055], [-80.66412, 42.83149]]], [[[-80.6836, 42.82233], [-80.68464, 42.82106], [-80.6852, 42.82178], [-80.68511, 42.82074], [-80.68599, 42.82013], [-80.68622, 42.8204], [-80.68679, 42.8202], [-80.68654, 42.81983], [-80.6872, 42.81948], [-80.68801, 42.82016], [-80.68825, 42.81989], [-80.68758, 42.81848], [-80.68829, 42.81844], [-80.68821, 42.81834], [-80.68967, 42.81796], [-80.68961, 42.81857], [-80.68985, 42.81867], [-80.69037, 42.81788], [-80.69087, 42.81783], [-80.69117, 42.81803], [-80.69164, 42.81788], [-80.69158, 42.81764], [-80.69199, 42.81744], [-80.69231, 42.81754], [-80.69264, 42.81831], [-80.69224, 42.81906], [-80.69232, 42.81982], [-80.69281, 42.82004], [-80.69303, 42.8204], [-80.69272, 42.82096], [-80.6929, 42.82148], [-80.69365, 42.82142], [-80.69389, 42.82066], [-80.69361, 42.81999], [-80.69393, 42.81961], [-80.69473, 42.81968], [-80.69382, 42.81937], [-80.69312, 42.8197], [-80.6929, 42.81919], [-80.69315, 42.81769], [-80.69393, 42.81765], [-80.69357, 42.81733], [-80.69294, 42.81615], [-80.69405, 42.8156], [-80.69404, 42.81417], [-80.69479, 42.8139], [-80.69541, 42.81427], [-80.6965, 42.81565], [-80.69616, 42.81617], [-80.69633, 42.81756], [-80.697, 42.81958], [-80.69785, 42.82066], [-80.69981, 42.81823], [-80.69549, 42.81279], [-80.69578, 42.81242], [-80.69639, 42.81234], [-80.69694, 42.81161], [-80.69812, 42.81318], [-80.69833, 42.81303], [-80.6978, 42.81208], [-80.69819, 42.81177], [-80.6977, 42.81138], [-80.6996, 42.81052], [-80.70204, 42.81372], [-80.70184, 42.81555], [-80.70215, 42.81558], [-80.70249, 42.81514], [-80.70286, 42.81507], [-80.70272, 42.8146], [-80.70234, 42.81411], [-80.70268, 42.81392], [-80.70237, 42.81388], [-80.70227, 42.81351], [-80.70255, 42.81337], [-80.70243, 42.81271], [-80.70155, 42.81164], [-80.70162, 42.81134], [-80.70117, 42.81078], [-80.70177, 42.80989], [-80.7024, 42.80977], [-80.70335, 42.80993], [-80.70393, 42.8095], [-80.70318, 42.80906], [-80.70211, 42.80884], [-80.70209, 42.8082], [-80.70173, 42.80795], [-80.70203, 42.80753], [-80.70179, 42.80729], [-80.70213, 42.80718], [-80.70137, 42.80671], [-80.70105, 42.80688], [-80.70161, 42.80724], [-80.70073, 42.80806], [-80.69999, 42.80789], [-80.69973, 42.80803], [-80.69935, 42.80761], [-80.69872, 42.80788], [-80.69928, 42.80852], [-80.69875, 42.80879], [-80.6992, 42.80929], [-80.6989, 42.80942], [-80.69892, 42.80958], [-80.69775, 42.80997], [-80.69734, 42.80954], [-80.69686, 42.80948], [-80.69658, 42.80914], [-80.69636, 42.80929], [-80.6966, 42.80971], [-80.69696, 42.80983], [-80.69711, 42.81008], [-80.69703, 42.81023], [-80.69592, 42.81045], [-80.69539, 42.81088], [-80.69482, 42.81038], [-80.69464, 42.81042], [-80.69469, 42.81083], [-80.69452, 42.81093], [-80.69382, 42.81054], [-80.6929, 42.81082], [-80.69384, 42.81112], [-80.69331, 42.81141], [-80.69377, 42.81152], [-80.69414, 42.81136], [-80.69452, 42.81171], [-80.69445, 42.81188], [-80.69394, 42.81211], [-80.69386, 42.81268], [-80.69358, 42.81304], [-80.69217, 42.81233], [-80.6919, 42.81256], [-80.69271, 42.81364], [-80.69239, 42.81443], [-80.69209, 42.81471], [-80.69208, 42.8152], [-80.69164, 42.8153], [-80.69194, 42.81569], [-80.69158, 42.81572], [-80.69059, 42.81521], [-80.69019, 42.81533], [-80.6899, 42.81566], [-80.6904, 42.8155], [-80.69072, 42.81563], [-80.69135, 42.81624], [-80.69121, 42.81642], [-80.68993, 42.81672], [-80.68959, 42.81655], [-80.68861, 42.81699], [-80.6879, 42.81678], [-80.68728, 42.81715], [-80.68605, 42.81556], [-80.68427, 42.81477], [-80.68229, 42.81215], [-80.68167, 42.81228], [-80.68264, 42.81348], [-80.68333, 42.81501], [-80.68313, 42.81528], [-80.67977, 42.8148], [-80.68032, 42.8155], [-80.68116, 42.81528], [-80.6833, 42.81609], [-80.68378, 42.81569], [-80.68456, 42.81603], [-80.68649, 42.81792], [-80.68561, 42.81844], [-80.68513, 42.81921], [-80.68454, 42.81948], [-80.68337, 42.81941], [-80.68327, 42.81927], [-80.68307, 42.81941], [-80.6836, 42.82233]]]]}}, {"type": "Feature", "properties": {"id": "on-ca-405", "name": "Hepburn Tract", "hunting_allowed": null, "basis": "ca_permit", "permit_required": true, "authority": "Long Point Region Conservation Authority"}, "geometry": {"type": "Polygon", "coordinates": [[[-80.55481, 42.7007], [-80.55297, 42.69862], [-80.55478, 42.69788], [-80.55651, 42.69999], [-80.55917, 42.69888], [-80.56175, 42.70214], [-80.56318, 42.70278], [-80.56376, 42.70255], [-80.56286, 42.70133], [-80.56236, 42.70141], [-80.55592, 42.69324], [-80.54936, 42.69595], [-80.55357, 42.70122], [-80.55481, 42.7007]]]}}, {"type": "Feature", "properties": {"id": "on-ca-406", "name": "Moulton Tract", "hunting_allowed": null, "basis": "ca_permit", "permit_required": true, "authority": "Long Point Region Conservation Authority"}, "geometry": {"type": "Polygon", "coordinates": [[[-80.57547, 42.63389], [-80.57178, 42.62927], [-80.56846, 42.63067], [-80.57213, 42.63531], [-80.57547, 42.63389]]]}}, {"type": "Feature", "properties": {"id": "on-ca-407", "name": "Black Property", "hunting_allowed": null, "basis": "ca_permit", "permit_required": true, "authority": "Niagara Peninsula Conservation Authority"}, "geometry": {"type": "Polygon", "coordinates": [[[-79.66915, 43.01102], [-79.66936, 43.01669], [-79.67637, 43.01928], [-79.676, 43.00976], [-79.67336, 43.00965], [-79.67335, 43.00948], [-79.67236, 43.00974], [-79.67192, 43.01023], [-79.67085, 43.01085], [-79.66915, 43.01102]]]}}, {"type": "Feature", "properties": {"id": "on-ca-408", "name": "Dykstra Parcel", "hunting_allowed": null, "basis": "ca_permit", "permit_required": true, "authority": "Niagara Peninsula Conservation Authority"}, "geometry": {"type": "MultiPolygon", "coordinates": [[[[-79.65695, 43.01409], [-79.65694, 43.01605], [-79.66051, 43.01735], [-79.66051, 43.01342], [-79.65852, 43.01269], [-79.65695, 43.01409]]], [[[-79.6639, 43.01372], [-79.66401, 43.01714], [-79.66426, 43.01874], [-79.66957, 43.02068], [-79.66926, 43.01369], [-79.6639, 43.01372]]]]}}, {"type": "Feature", "properties": {"id": "on-ca-409", "name": "Kala Parcel", "hunting_allowed": null, "basis": "ca_permit", "permit_required": true, "authority": "Niagara Peninsula Conservation Authority"}, "geometry": {"type": "Polygon", "coordinates": [[[-79.48353, 43.05427], [-79.47868, 43.05445], [-79.47875, 43.05624], [-79.48361, 43.0561], [-79.48353, 43.05427]]]}}]}