{"type": "FeatureCollection", "metadata": {"crs": "EPSG:4326", "province": "on", "layer": "game_preserve", "layer_role": "closure", "feature_count": 15, "coverage": "Ontario Crown game preserves, province-wide. Hunting and trapping are prohibited inside these boundaries.", "boundary_accuracy": "mapped", "accuracy_note": "Provincial boundaries accurate to between 10 m and 100 m. Exemptions for residents of a preserve and for one lot of the Himsworth preserve are not mapped.", "default_name": "Crown game preserve", "tenure": "Crown game preserve \u2014 closed to hunting", "basis_notes": {"fwca_s9": "Crown game preserve. Under the Fish and Wildlife Conservation Act s. 9 you may not hunt, trap or possess wildlife here, and may not possess a firearm or trap unless you live on private land inside the preserve. This overrides the land being Crown land.", "fwca_s9_unconfirmed": "Mapped by Ontario as a Crown game preserve, but the provincial record does not confirm it is currently regulated. Treat it as closed to hunting until the MNR district office says otherwise."}, "license": "Open Government Licence \u2013 Ontario", "license_url": "https://www.ontario.ca/page/open-government-licence-ontario", "source": "Ontario Crown Game Preserve (Land Information Ontario)", "source_url": "https://data.ontario.ca/dataset/crown-game-preserves", "authority": "Fish and Wildlife Conservation Act, 1997 s. 9; O. Reg. 665/98 Part XIII", "note": "Drawn over Crown land deliberately: this layer is the reason not to hunt ground that otherwise looks open."}, "features": [{"type": "Feature", "properties": {"id": "on-cgp-258595461", "name": "Brigden Crown Game Preserve", "hunting_allowed": false, "basis": "fwca_s9"}, "geometry": {"type": "Polygon", "coordinates": [[[-82.32667, 42.83711], [-82.32703, 42.82802], [-82.32715, 42.82501], [-82.3274, 42.81874], [-82.32741, 42.81846], [-82.32746, 42.81715], [-82.32748, 42.81669], [-82.32758, 42.81415], [-82.32759, 42.81391], [-82.32763, 42.81284], [-82.32764, 42.81266], [-82.32765, 42.81253], [-82.32781, 42.80837], [-82.32797, 42.80426], [-82.32798, 42.8042], [-82.32812, 42.80045], [-82.32854, 42.79004], [-82.32861, 42.78819], [-82.32862, 42.78801], [-82.32866, 42.78694], [-82.32905, 42.77609], [-82.32905, 42.77591], [-82.32911, 42.77427], [-82.32912, 42.77415], [-82.32927, 42.77001], [-82.32929, 42.76929], [-82.32931, 42.76878], [-82.32933, 42.7682], [-82.32942, 42.76563], [-82.32943, 42.76544], [-82.32948, 42.76408], [-82.32949, 42.76394], [-82.32949, 42.76385], [-82.31472, 42.76357], [-82.30748, 42.76343], [-82.30748, 42.76352], [-82.30698, 42.77553], [-82.30674, 42.77553], [-82.30323, 42.77545], [-82.30321, 42.77576], [-82.30304, 42.77922], [-82.30287, 42.78421], [-82.30275, 42.78742], [-82.30275, 42.78745], [-82.30274, 42.78763], [-82.30269, 42.78763], [-82.3025, 42.78762], [-82.29889, 42.78754], [-82.29517, 42.78746], [-82.29147, 42.78738], [-82.28961, 42.78734], [-82.28771, 42.7873], [-82.28404, 42.78722], [-82.28355, 42.79946], [-82.2833, 42.80561], [-82.2832, 42.808], [-82.28317, 42.80876], [-82.28313, 42.80988], [-82.28311, 42.81037], [-82.2831, 42.81044], [-82.28306, 42.81159], [-82.28305, 42.81173], [-82.28304, 42.81191], [-82.28304, 42.81196], [-82.28304, 42.81202], [-82.28304, 42.81207], [-82.28303, 42.81224], [-82.28303, 42.81235], [-82.28303, 42.81238], [-82.28302, 42.81253], [-82.28302, 42.81266], [-82.28301, 42.81277], [-82.28301, 42.81283], [-82.28301, 42.81291], [-82.283, 42.81304], [-82.283, 42.81311], [-82.283, 42.81318], [-82.283, 42.81324], [-82.28299, 42.81338], [-82.28299, 42.81338], [-82.28299, 42.81351], [-82.28298, 42.81366], [-82.28298, 42.81384], [-82.28297, 42.81401], [-82.28296, 42.81434], [-82.28295, 42.81458], [-82.28294, 42.81494], [-82.28293, 42.81526], [-82.28292, 42.81544], [-82.28291, 42.81572], [-82.2829, 42.816], [-82.28289, 42.81629], [-82.28288, 42.81665], [-82.28286, 42.81701], [-82.28284, 42.81778], [-82.28283, 42.81804], [-82.28279, 42.81896], [-82.28278, 42.8194], [-82.28273, 42.82078], [-82.28261, 42.824], [-82.28256, 42.82561], [-82.2825, 42.82716], [-82.28244, 42.82879], [-82.28239, 42.83017], [-82.28218, 42.83601], [-82.28218, 42.83626], [-82.28226, 42.83626], [-82.2831, 42.83628], [-82.28499, 42.83632], [-82.28956, 42.83641], [-82.29324, 42.83648], [-82.29389, 42.8365], [-82.29689, 42.83656], [-82.30421, 42.83671], [-82.30446, 42.83671], [-82.30468, 42.83672], [-82.30813, 42.83678], [-82.31188, 42.83685], [-82.31555, 42.83691], [-82.31741, 42.83695], [-82.31931, 42.83698], [-82.32179, 42.83703], [-82.32667, 42.83711]]]}}, {"type": "Feature", "properties": {"id": "on-cgp-258595457", "name": "Conroy Marsh Crown Game Preserve", "hunting_allowed": false, "basis": "fwca_s9"}, "geometry": {"type": "Polygon", "coordinates": [[[-77.57099, 45.28517], [-77.57123, 45.28563], [-77.57138, 45.2859], [-77.57329, 45.28955], [-77.57338, 45.28972], [-77.58439, 45.2895], [-77.58439, 45.2895], [-77.58285, 45.28663], [-77.58245, 45.28588], [-77.58345, 45.28381], [-77.58356, 45.28326], [-77.58384, 45.28249], [-77.58494, 45.28147], [-77.58544, 45.28049], [-77.58578, 45.2803], [-77.58661, 45.27983], [-77.58584, 45.27818], [-77.58572, 45.27818], [-77.5857, 45.27817], [-77.58564, 45.27818], [-77.58558, 45.27816], [-77.58548, 45.27815], [-77.58542, 45.27813], [-77.58536, 45.27811], [-77.58531, 45.2781], [-77.58526, 45.2781], [-77.58521, 45.27809], [-77.58512, 45.27807], [-77.58511, 45.27806], [-77.58505, 45.27806], [-77.58504, 45.27805], [-77.58499, 45.27804], [-77.58488, 45.27801], [-77.58481, 45.27799], [-77.58476, 45.27797], [-77.58467, 45.27793], [-77.58464, 45.2779], [-77.58463, 45.2779], [-77.58459, 45.27788], [-77.58455, 45.27783], [-77.58452, 45.27781], [-77.58446, 45.27775], [-77.58444, 45.27771], [-77.58439, 45.27764], [-77.58435, 45.27757], [-77.58432, 45.27755], [-77.58431, 45.27752], [-77.58429, 45.2775], [-77.58429, 45.2775], [-77.58414, 45.27722], [-77.58414, 45.27722], [-77.58414, 45.27716], [-77.58414, 45.27716], [-77.58412, 45.27713], [-77.58413, 45.27692], [-77.58414, 45.27689], [-77.58414, 45.27682], [-77.58416, 45.27679], [-77.58416, 45.27677], [-77.58423, 45.27659], [-77.58424, 45.27656], [-77.58424, 45.27655], [-77.58424, 45.27655], [-77.58424, 45.27652], [-77.58424, 45.27648], [-77.58422, 45.27646], [-77.58422, 45.27644], [-77.58419, 45.27639], [-77.58418, 45.27635], [-77.58413, 45.27628], [-77.58412, 45.27624], [-77.58407, 45.27614], [-77.58406, 45.27612], [-77.58405, 45.2761], [-77.58403, 45.27608], [-77.58399, 45.27604], [-77.58393, 45.27599], [-77.58379, 45.27592], [-77.58368, 45.27584], [-77.58364, 45.27579], [-77.5836, 45.27575], [-77.5836, 45.27574], [-77.58355, 45.27569], [-77.58351, 45.27565], [-77.58349, 45.27562], [-77.58345, 45.27555], [-77.58344, 45.27551], [-77.58343, 45.2755], [-77.58339, 45.27545], [-77.58338, 45.27542], [-77.58331, 45.27532], [-77.5833, 45.27529], [-77.58329, 45.27528], [-77.58325, 45.27524], [-77.58317, 45.27513], [-77.58315, 45.2751], [-77.58312, 45.27506], [-77.5831, 45.27501], [-77.58309, 45.27493], [-77.58307, 45.27489], [-77.58306, 45.27484], [-77.58303, 45.2747], [-77.58301, 45.27466], [-77.58301, 45.27462], [-77.58298, 45.27454], [-77.58297, 45.27449], [-77.58297, 45.27447], [-77.58297, 45.27444], [-77.58297, 45.27429], [-77.58296, 45.27414], [-77.58296, 45.27411], [-77.58296, 45.27407], [-77.58297, 45.27399], [-77.58298, 45.27396], [-77.58299, 45.27393], [-77.58299, 45.2739], [-77.58298, 45.27388], [-77.58298, 45.27372], [-77.58298, 45.27371], [-77.58296, 45.27368], [-77.58296, 45.27366], [-77.58295, 45.27363], [-77.58292, 45.27358], [-77.58289, 45.27352], [-77.58288, 45.2735], [-77.58285, 45.27344], [-77.58284, 45.27343], [-77.58282, 45.27339], [-77.58275, 45.27326], [-77.58274, 45.27322], [-77.58272, 45.27318], [-77.58265, 45.273], [-77.58265, 45.27295], [-77.58265, 45.27294], [-77.58262, 45.27292], [-77.5826, 45.27291], [-77.58256, 45.27289], [-77.58253, 45.27287], [-77.58237, 45.2728], [-77.58236, 45.2728], [-77.58232, 45.27279], [-77.58212, 45.27269], [-77.58179, 45.27256], [-77.58163, 45.27248], [-77.58155, 45.27243], [-77.58141, 45.27228], [-77.58137, 45.27225], [-77.58135, 45.27223], [-77.58131, 45.27219], [-77.58127, 45.27215], [-77.58126, 45.27213], [-77.58122, 45.27211], [-77.58116, 45.27201], [-77.58115, 45.27197], [-77.58111, 45.2719], [-77.58111, 45.27186], [-77.58107, 45.27174], [-77.58105, 45.2717], [-77.58105, 45.27162], [-77.58105, 45.27159], [-77.58104, 45.27143], [-77.58103, 45.27133], [-77.58106, 45.27129], [-77.58107, 45.27126], [-77.58109, 45.27124], [-77.58111, 45.27118], [-77.58118, 45.27113], [-77.58119, 45.27112], [-77.5812, 45.2711], [-77.5812, 45.27108], [-77.58121, 45.27104], [-77.58121, 45.271], [-77.58122, 45.27097], [-77.58122, 45.27087], [-77.58138, 45.27078], [-77.58144, 45.27075], [-77.58147, 45.27074], [-77.58152, 45.27072], [-77.58169, 45.27065], [-77.58173, 45.27061], [-77.58181, 45.2706], [-77.58181, 45.27059], [-77.58183, 45.27058], [-77.58187, 45.27056], [-77.58189, 45.27054], [-77.58196, 45.2705], [-77.58201, 45.27048], [-77.58202, 45.27048], [-77.58207, 45.27045], [-77.5821, 45.27044], [-77.58212, 45.27043], [-77.58213, 45.27041], [-77.58221, 45.27036], [-77.58225, 45.2703], [-77.58227, 45.27029], [-77.58228, 45.27028], [-77.58235, 45.27022], [-77.58239, 45.27019], [-77.5824, 45.27016], [-77.58243, 45.27015], [-77.58243, 45.27014], [-77.58246, 45.27009], [-77.58249, 45.27007], [-77.58251, 45.27004], [-77.58253, 45.26998], [-77.58256, 45.26996], [-77.58258, 45.26992], [-77.58263, 45.26988], [-77.58264, 45.26988], [-77.58273, 45.26974], [-77.58275, 45.26973], [-77.58275, 45.26972], [-77.58276, 45.26969], [-77.58278, 45.26966], [-77.58279, 45.26963], [-77.58281, 45.26958], [-77.58283, 45.26954], [-77.58288, 45.26949], [-77.58291, 45.26945], [-77.58292, 45.26944], [-77.58295, 45.26925], [-77.58307, 45.26921], [-77.58311, 45.26917], [-77.58316, 45.26914], [-77.58328, 45.26908], [-77.58338, 45.26908], [-77.58342, 45.26908], [-77.5835, 45.26908], [-77.58359, 45.2691], [-77.58366, 45.26912], [-77.58367, 45.26912], [-77.58371, 45.26914], [-77.58375, 45.26916], [-77.58377, 45.26916], [-77.58379, 45.26916], [-77.58382, 45.26915], [-77.58386, 45.26914], [-77.58389, 45.26911], [-77.58394, 45.26909], [-77.58403, 45.26905], [-77.5841, 45.26904], [-77.58414, 45.26903], [-77.58425, 45.26903], [-77.58429, 45.26904], [-77.58438, 45.26904], [-77.5845, 45.26908], [-77.5846, 45.26914], [-77.58454, 45.26901], [-77.58451, 45.26897], [-77.58451, 45.2689], [-77.58448, 45.26886], [-77.58447, 45.26885], [-77.58446, 45.26883], [-77.58444, 45.2688], [-77.58442, 45.26878], [-77.58441, 45.26877], [-77.58433, 45.26871], [-77.5843, 45.26866], [-77.58427, 45.26864], [-77.58426, 45.26862], [-77.58422, 45.2686], [-77.58416, 45.26852], [-77.58404, 45.2684], [-77.58399, 45.26835], [-77.58398, 45.26832], [-77.58393, 45.26827], [-77.58392, 45.26824], [-77.58387, 45.26819], [-77.58385, 45.26816], [-77.58384, 45.26813], [-77.58382, 45.26811], [-77.58377, 45.26805], [-77.58376, 45.26804], [-77.58373, 45.268], [-77.58371, 45.26795], [-77.58365, 45.26786], [-77.58362, 45.26781], [-77.58361, 45.2678], [-77.58355, 45.2677], [-77.5835, 45.26761], [-77.5835, 45.26756], [-77.58349, 45.26753], [-77.58346, 45.2674], [-77.58345, 45.26737], [-77.58344, 45.2673], [-77.58343, 45.26729], [-77.58341, 45.26717], [-77.58341, 45.26713], [-77.5834, 45.26711], [-77.5834, 45.26708], [-77.5834, 45.26705], [-77.5834, 45.26701], [-77.58343, 45.26693], [-77.58352, 45.26682], [-77.5813, 45.26271], [-77.57643, 45.26397], [-77.57452, 45.26447], [-77.57013, 45.26561], [-77.56674, 45.26649], [-77.57133, 45.27534], [-77.56653, 45.27662], [-77.57099, 45.28517]]]}}, {"type": "Feature", "properties": {"id": "on-cgp-602251737", "name": "Conestogo Crown Game Preserve", "hunting_allowed": false, "basis": "fwca_s9_unconfirmed"}, "geometry": {"type": "Polygon", "coordinates": [[[-80.49487, 43.5066], [-80.49484, 43.50662], [-80.49487, 43.50669], [-80.49492, 43.50681], [-80.49493, 43.50686], [-80.4949, 43.50689], [-80.4949, 43.50693], [-80.49493, 43.50695], [-80.49496, 43.50697], [-80.495, 43.507], [-80.49501, 43.50704], [-80.49503, 43.50708], [-80.49504, 43.50716], [-80.49508, 43.50737], [-80.49512, 43.50752], [-80.49518, 43.50774], [-80.49521, 43.50787], [-80.49523, 43.50798], [-80.49525, 43.50805], [-80.49526, 43.5081], [-80.49527, 43.50814], [-80.49526, 43.50818], [-80.49524, 43.50821], [-80.49526, 43.50825], [-80.4953, 43.50836], [-80.49532, 43.50845], [-80.49531, 43.50848], [-80.49529, 43.50849], [-80.49528, 43.50851], [-80.49528, 43.50855], [-80.49529, 43.5086], [-80.49533, 43.50865], [-80.49537, 43.50868], [-80.4954, 43.50871], [-80.4954, 43.50871], [-80.49544, 43.50874], [-80.49545, 43.50877], [-80.49546, 43.50879], [-80.49546, 43.50881], [-80.49546, 43.50881], [-80.49546, 43.50884], [-80.49546, 43.50888], [-80.49546, 43.50894], [-80.49547, 43.50902], [-80.49549, 43.50913], [-80.49551, 43.50925], [-80.49553, 43.50941], [-80.49555, 43.50957], [-80.49558, 43.50974], [-80.4956, 43.50983], [-80.49561, 43.50996], [-80.49562, 43.51003], [-80.49561, 43.51016], [-80.49562, 43.51022], [-80.49562, 43.51028], [-80.49562, 43.51034], [-80.4956, 43.5104], [-80.49557, 43.51045], [-80.49554, 43.5105], [-80.49554, 43.51054], [-80.49555, 43.51057], [-80.49557, 43.5106], [-80.49555, 43.51068], [-80.49554, 43.51071], [-80.49551, 43.51079], [-80.4955, 43.51083], [-80.49549, 43.51089], [-80.49549, 43.51094], [-80.49548, 43.51099], [-80.49547, 43.51105], [-80.49547, 43.51111], [-80.49547, 43.51116], [-80.49545, 43.51129], [-80.49543, 43.51134], [-80.49542, 43.51141], [-80.49541, 43.51145], [-80.49541, 43.51148], [-80.49542, 43.51151], [-80.49542, 43.51153], [-80.4954, 43.51155], [-80.49538, 43.51156], [-80.49538, 43.51156], [-80.49537, 43.51156], [-80.49535, 43.51157], [-80.49533, 43.51157], [-80.49532, 43.5116], [-80.49531, 43.51164], [-80.49529, 43.51168], [-80.49528, 43.51171], [-80.4953, 43.51176], [-80.49533, 43.51178], [-80.49536, 43.5118], [-80.49537, 43.51184], [-80.49538, 43.51186], [-80.49537, 43.51188], [-80.49535, 43.5119], [-80.49535, 43.51191], [-80.49534, 43.51193], [-80.49533, 43.51195], [-80.49533, 43.51198], [-80.49529, 43.51198], [-80.49526, 43.51199], [-80.49523, 43.51195], [-80.49522, 43.51191], [-80.4952, 43.51188], [-80.4952, 43.51188], [-80.49519, 43.51187], [-80.49517, 43.51188], [-80.49515, 43.51192], [-80.49513, 43.51195], [-80.49512, 43.51199], [-80.49512, 43.51199], [-80.49512, 43.51199], [-80.49505, 43.51199], [-80.49505, 43.51199], [-80.49503, 43.51198], [-80.49501, 43.51198], [-80.49497, 43.51198], [-80.49495, 43.512], [-80.49492, 43.51202], [-80.49488, 43.51203], [-80.49487, 43.51204], [-80.49482, 43.51206], [-80.49477, 43.51209], [-80.49476, 43.5121], [-80.49471, 43.51214], [-80.49467, 43.51218], [-80.49463, 43.51226], [-80.49461, 43.5123], [-80.49458, 43.51233], [-80.49452, 43.51237], [-80.49451, 43.51238], [-80.49446, 43.51241], [-80.49445, 43.51241], [-80.49441, 43.51243], [-80.49434, 43.51245], [-80.49433, 43.51245], [-80.49423, 43.51249], [-80.49423, 43.51249], [-80.49417, 43.51251], [-80.49417, 43.51251], [-80.4941, 43.51253], [-80.49404, 43.51253], [-80.49399, 43.51254], [-80.49398, 43.51254], [-80.49394, 43.51257], [-80.49389, 43.5126], [-80.49383, 43.51262], [-80.49374, 43.51265], [-80.49361, 43.5127], [-80.49354, 43.51275], [-80.4935, 43.5128], [-80.49346, 43.51284], [-80.4934, 43.51288], [-80.49335, 43.51289], [-80.49329, 43.5129], [-80.49324, 43.51293], [-80.49319, 43.51296], [-80.49315, 43.51299], [-80.4931, 43.51301], [-80.49308, 43.51301], [-80.49301, 43.51303], [-80.49296, 43.51303], [-80.49296, 43.51303], [-80.4929, 43.51303], [-80.49285, 43.51305], [-80.49282, 43.51306], [-80.4928, 43.51307], [-80.49274, 43.51309], [-80.49266, 43.51311], [-80.4925, 43.51315], [-80.49238, 43.51316], [-80.49225, 43.51318], [-80.49214, 43.51318], [-80.49201, 43.51319], [-80.49192, 43.5132], [-80.49183, 43.51318], [-80.49177, 43.51317], [-80.49171, 43.51315], [-80.49163, 43.51313], [-80.49151, 43.51313], [-80.49134, 43.51313], [-80.49112, 43.51314], [-80.491, 43.51314], [-80.49086, 43.51314], [-80.4907, 43.51317], [-80.49056, 43.51317], [-80.49043, 43.51317], [-80.49035, 43.51316], [-80.49033, 43.51314], [-80.49039, 43.51312], [-80.49051, 43.5131], [-80.49076, 43.51309], [-80.491, 43.51309], [-80.49125, 43.51308], [-80.49141, 43.51306], [-80.49154, 43.51305], [-80.49165, 43.51305], [-80.49178, 43.51305], [-80.49201, 43.51305], [-80.4921, 43.51305], [-80.49219, 43.51305], [-80.49228, 43.51305], [-80.49234, 43.51306], [-80.49246, 43.51309], [-80.49254, 43.51308], [-80.4926, 43.51306], [-80.4927, 43.51303], [-80.49278, 43.51301], [-80.49283, 43.51298], [-80.49287, 43.51295], [-80.49287, 43.51295], [-80.49293, 43.51291], [-80.49296, 43.51287], [-80.49295, 43.51285], [-80.49286, 43.51282], [-80.49279, 43.51281], [-80.49276, 43.51283], [-80.49272, 43.51289], [-80.4927, 43.51292], [-80.49267, 43.51294], [-80.49266, 43.51295], [-80.4926, 43.51296], [-80.49253, 43.51298], [-80.49246, 43.51301], [-80.49241, 43.51303], [-80.49236, 43.51304], [-80.49231, 43.51303], [-80.49225, 43.51303], [-80.49219, 43.513], [-80.49214, 43.51298], [-80.49209, 43.51296], [-80.49204, 43.51294], [-80.49198, 43.51292], [-80.49191, 43.51288], [-80.49187, 43.51284], [-80.49184, 43.5128], [-80.49177, 43.51279], [-80.49168, 43.51278], [-80.4916, 43.51278], [-80.49151, 43.51278], [-80.49137, 43.51279], [-80.49112, 43.51283], [-80.49096, 43.51285], [-80.49083, 43.51287], [-80.4905, 43.51294], [-80.49029, 43.51299], [-80.49021, 43.51301], [-80.49017, 43.51303], [-80.49016, 43.51305], [-80.49016, 43.51306], [-80.49015, 43.51307], [-80.49014, 43.51307], [-80.4901, 43.51307], [-80.49003, 43.51307], [-80.48997, 43.51308], [-80.4899, 43.51309], [-80.4898, 43.5131], [-80.48962, 43.5131], [-80.48952, 43.51311], [-80.48943, 43.51312], [-80.48934, 43.51313], [-80.48926, 43.51313], [-80.48916, 43.51315], [-80.48899, 43.51317], [-80.4889, 43.51319], [-80.48879, 43.5132], [-80.48867, 43.51322], [-80.48856, 43.51324], [-80.48849, 43.51324], [-80.48843, 43.51325], [-80.48837, 43.51326], [-80.48832, 43.51327], [-80.48831, 43.51327], [-80.48825, 43.51329], [-80.48819, 43.51333], [-80.48817, 43.51334], [-80.48811, 43.51337], [-80.48806, 43.5134], [-80.48798, 43.51344], [-80.48793, 43.51346], [-80.48789, 43.51348], [-80.48785, 43.5135], [-80.48782, 43.5135], [-80.4878, 43.5135], [-80.48779, 43.51349], [-80.48779, 43.51347], [-80.48782, 43.51345], [-80.48787, 43.51341], [-80.48792, 43.51337], [-80.48798, 43.51333], [-80.48801, 43.51331], [-80.48802, 43.51328], [-80.48798, 43.51328], [-80.4879, 43.51329], [-80.48783, 43.51331], [-80.48777, 43.51334], [-80.48769, 43.51339], [-80.48762, 43.51343], [-80.48753, 43.51349], [-80.48745, 43.51354], [-80.48737, 43.5136], [-80.4873, 43.51365], [-80.48725, 43.51369], [-80.48719, 43.51374], [-80.48709, 43.51384], [-80.48705, 43.51388], [-80.48702, 43.51391], [-80.48698, 43.51401], [-80.48697, 43.51403], [-80.48696, 43.51406], [-80.48693, 43.5141], [-80.48689, 43.51414], [-80.4868, 43.51424], [-80.48667, 43.51442], [-80.48663, 43.51446], [-80.48658, 43.51452], [-80.48652, 43.51458], [-80.48648, 43.51463], [-80.48647, 43.5147], [-80.48643, 43.51474], [-80.48638, 43.51478], [-80.48633, 43.51483], [-80.4863, 43.51487], [-80.48627, 43.51491], [-80.48623, 43.51496], [-80.48617, 43.515], [-80.48607, 43.51507], [-80.486, 43.51511], [-80.48592, 43.51518], [-80.48585, 43.51522], [-80.4858, 43.51525], [-80.48578, 43.51526], [-80.48571, 43.51531], [-80.48568, 43.51533], [-80.48565, 43.51536], [-80.48563, 43.51537], [-80.4856, 43.51539], [-80.48553, 43.51542], [-80.48546, 43.51547], [-80.4854, 43.51552], [-80.48532, 43.51557], [-80.48522, 43.51564], [-80.48519, 43.51566], [-80.48505, 43.51574], [-80.48498, 43.51577], [-80.48491, 43.5158], [-80.48491, 43.51581], [-80.48485, 43.51584], [-80.48483, 43.51586], [-80.48482, 43.51587], [-80.48478, 43.51588], [-80.48476, 43.51589], [-80.48471, 43.5159], [-80.48466, 43.51591], [-80.48461, 43.51594], [-80.48456, 43.51598], [-80.4845, 43.51602], [-80.48446, 43.51606], [-80.48441, 43.51608], [-80.48436, 43.5161], [-80.48429, 43.51613], [-80.48424, 43.51616], [-80.48421, 43.51618], [-80.48418, 43.5162], [-80.48413, 43.51622], [-80.48409, 43.51625], [-80.48406, 43.51627], [-80.48398, 43.51631], [-80.4839, 43.51635], [-80.48383, 43.51637], [-80.48376, 43.5164], [-80.48368, 43.51643], [-80.48367, 43.51643], [-80.48359, 43.51646], [-80.48348, 43.51649], [-80.48336, 43.51652], [-80.48323, 43.51654], [-80.48312, 43.51654], [-80.48304, 43.51653], [-80.48302, 43.51653], [-80.48294, 43.51652], [-80.48287, 43.51651], [-80.48278, 43.51651], [-80.48268, 43.51652], [-80.48259, 43.51652], [-80.4825, 43.51653], [-80.48241, 43.51653], [-80.48231, 43.51653], [-80.48223, 43.51653], [-80.48214, 43.51652], [-80.48204, 43.51651], [-80.48197, 43.51651], [-80.48188, 43.51649], [-80.48182, 43.51648], [-80.48174, 43.51647], [-80.48166, 43.51647], [-80.48159, 43.51647], [-80.48151, 43.51647], [-80.48144, 43.51646], [-80.48136, 43.51644], [-80.48126, 43.51642], [-80.48118, 43.51641], [-80.48116, 43.51641], [-80.4811, 43.5164], [-80.48105, 43.51638], [-80.48094, 43.51637], [-80.4809, 43.51636], [-80.48089, 43.51636], [-80.48088, 43.51635], [-80.48079, 43.51635], [-80.48079, 43.51635], [-80.48071, 43.51635], [-80.48064, 43.51636], [-80.48056, 43.51636], [-80.48046, 43.51636], [-80.48036, 43.51636], [-80.4803, 43.51635], [-80.48027, 43.51635], [-80.48021, 43.51634], [-80.48015, 43.51632], [-80.48011, 43.5163], [-80.4801, 43.51629], [-80.48008, 43.51628], [-80.48004, 43.51628], [-80.47997, 43.51628], [-80.47994, 43.51628], [-80.47992, 43.51629], [-80.47991, 43.51628], [-80.47988, 43.51628], [-80.47977, 43.51629], [-80.47971, 43.51631], [-80.47967, 43.51632], [-80.47965, 43.51632], [-80.47963, 43.51634], [-80.47963, 43.51634], [-80.4796, 43.51634], [-80.47955, 43.51633], [-80.47949, 43.51632], [-80.47947, 43.51632], [-80.47943, 43.51632], [-80.47935, 43.51632], [-80.47927, 43.51632], [-80.47919, 43.51631], [-80.4791, 43.51631], [-80.47901, 43.51631], [-80.47898, 43.51631], [-80.47891, 43.51631], [-80.47886, 43.51633], [-80.4788, 43.51633], [-80.47873, 43.51633], [-80.47871, 43.51635], [-80.47868, 43.51635], [-80.47859, 43.51634], [-80.4785, 43.51634], [-80.47846, 43.51636], [-80.47837, 43.51637], [-80.47828, 43.51638], [-80.47813, 43.51638], [-80.47806, 43.51638], [-80.478, 43.51639], [-80.47793, 43.5164], [-80.47789, 43.51638], [-80.47785, 43.51638], [-80.47782, 43.51638], [-80.47774, 43.51638], [-80.4777, 43.51638], [-80.47765, 43.51638], [-80.47756, 43.51638], [-80.47747, 43.51637], [-80.4774, 43.51636], [-80.47739, 43.51636], [-80.47731, 43.51635], [-80.47721, 43.51634], [-80.47711, 43.51634], [-80.47698, 43.51634], [-80.47676, 43.51634], [-80.47653, 43.51636], [-80.4762, 43.51639], [-80.47605, 43.5164], [-80.47588, 43.51643], [-80.47588, 43.51643], [-80.47577, 43.51645], [-80.47566, 43.51647], [-80.47552, 43.5165], [-80.4753, 43.51651], [-80.47518, 43.5165], [-80.47511, 43.51649], [-80.47507, 43.51649], [-80.47499, 43.51648], [-80.47495, 43.51648], [-80.47479, 43.51649], [-80.47473, 43.5165], [-80.47469, 43.51651], [-80.47461, 43.5165], [-80.47451, 43.51651], [-80.47446, 43.51652], [-80.47443, 43.51654], [-80.4743, 43.51655], [-80.47416, 43.51654], [-80.47405, 43.51654], [-80.47393, 43.51654], [-80.47381, 43.51654], [-80.47362, 43.51654], [-80.47354, 43.51654], [-80.47346, 43.51654], [-80.47335, 43.51653], [-80.4733, 43.51653], [-80.47329, 43.51653], [-80.47316, 43.51652], [-80.47308, 43.51652], [-80.47304, 43.5165], [-80.47301, 43.51649], [-80.47299, 43.51647], [-80.47292, 43.51646], [-80.47288, 43.51646], [-80.47282, 43.51646], [-80.47271, 43.51646], [-80.4726, 43.51646], [-80.47249, 43.51646], [-80.47227, 43.51647], [-80.4721, 43.51648], [-80.47195, 43.51649], [-80.47183, 43.5165], [-80.47152, 43.51654], [-80.47141, 43.51655], [-80.47128, 43.51657], [-80.47118, 43.51658], [-80.47108, 43.5166], [-80.471, 43.51665], [-80.47092, 43.51669], [-80.4708, 43.51672], [-80.47068, 43.51674], [-80.47058, 43.51675], [-80.47049, 43.51675], [-80.47041, 43.51677], [-80.47033, 43.51679], [-80.47026, 43.51682], [-80.47023, 43.51682], [-80.4702, 43.51683], [-80.47016, 43.51686], [-80.47014, 43.51687], [-80.47006, 43.51689], [-80.46994, 43.51692], [-80.46985, 43.51694], [-80.46979, 43.51698], [-80.46972, 43.51701], [-80.4696, 43.51702], [-80.4695, 43.51705], [-80.46943, 43.51709], [-80.46935, 43.51714], [-80.46923, 43.51721], [-80.46916, 43.51726], [-80.46905, 43.51729], [-80.4689, 43.51737], [-80.46877, 43.51746], [-80.46865, 43.51754], [-80.46853, 43.51763], [-80.46843, 43.51772], [-80.46831, 43.51784], [-80.46828, 43.51787], [-80.46826, 43.51791], [-80.46823, 43.51796], [-80.46821, 43.51802], [-80.46819, 43.51806], [-80.46813, 43.51813], [-80.4681, 43.51818], [-80.46803, 43.51827], [-80.468, 43.51835], [-80.46798, 43.51841], [-80.46794, 43.51848], [-80.46792, 43.51853], [-80.4679, 43.5186], [-80.46789, 43.51865], [-80.46789, 43.51866], [-80.46787, 43.5187], [-80.46785, 43.51875], [-80.46782, 43.5188], [-80.46779, 43.51886], [-80.46777, 43.51892], [-80.46777, 43.51892], [-80.46776, 43.51897], [-80.4677, 43.51914], [-80.46767, 43.51922], [-80.46767, 43.51927], [-80.46766, 43.51931], [-80.46766, 43.51937], [-80.46766, 43.51941], [-80.46766, 43.51947], [-80.46766, 43.51953], [-80.46766, 43.5196], [-80.46766, 43.51965], [-80.46767, 43.51971], [-80.46768, 43.51976], [-80.46771, 43.51981], [-80.46774, 43.51986], [-80.46778, 43.51995], [-80.46781, 43.52001], [-80.46784, 43.52008], [-80.46785, 43.52012], [-80.46786, 43.52015], [-80.46788, 43.52019], [-80.46789, 43.52023], [-80.46792, 43.52027], [-80.46794, 43.5203], [-80.46796, 43.52034], [-80.46798, 43.52038], [-80.46801, 43.52042], [-80.46802, 43.52045], [-80.46808, 43.52055], [-80.46812, 43.52061], [-80.46816, 43.52066], [-80.46819, 43.52071], [-80.46822, 43.52076], [-80.46826, 43.5208], [-80.46829, 43.52083], [-80.46834, 43.52086], [-80.46837, 43.52088], [-80.46839, 43.52088], [-80.46843, 43.52092], [-80.46844, 43.52094], [-80.46845, 43.52096], [-80.46851, 43.52103], [-80.46858, 43.52107], [-80.46864, 43.52112], [-80.46867, 43.52113], [-80.4687, 43.52116], [-80.46876, 43.52121], [-80.46882, 43.52125], [-80.46885, 43.52128], [-80.46888, 43.5213], [-80.46892, 43.52135], [-80.46896, 43.52138], [-80.46901, 43.52143], [-80.46903, 43.52147], [-80.46903, 43.52148], [-80.46906, 43.52151], [-80.46909, 43.52153], [-80.46914, 43.52157], [-80.4692, 43.52161], [-80.46923, 43.52165], [-80.46929, 43.52168], [-80.46933, 43.52171], [-80.46938, 43.52172], [-80.46939, 43.52172], [-80.46945, 43.52175], [-80.46951, 43.52179], [-80.46953, 43.52181], [-80.46956, 43.52185], [-80.46959, 43.52187], [-80.46962, 43.52189], [-80.46965, 43.52192], [-80.46969, 43.52194], [-80.46971, 43.52196], [-80.46972, 43.52199], [-80.46974, 43.52202], [-80.46978, 43.52208], [-80.46986, 43.52214], [-80.46989, 43.52216], [-80.46992, 43.5222], [-80.46995, 43.52224], [-80.46999, 43.52227], [-80.47, 43.52227], [-80.47004, 43.5223], [-80.47007, 43.52233], [-80.4701, 43.52236], [-80.47021, 43.52242], [-80.47027, 43.52246], [-80.47031, 43.52249], [-80.47036, 43.52252], [-80.4704, 43.52254], [-80.47047, 43.52257], [-80.47056, 43.52261], [-80.47064, 43.52265], [-80.47072, 43.52268], [-80.4708, 43.5227], [-80.47087, 43.52273], [-80.47095, 43.52277], [-80.47107, 43.52282], [-80.47114, 43.52284], [-80.47123, 43.52286], [-80.47131, 43.52289], [-80.47142, 43.52294], [-80.4715, 43.52297], [-80.47158, 43.523], [-80.47166, 43.52303], [-80.47172, 43.52305], [-80.47177, 43.52307], [-80.47181, 43.52311], [-80.47184, 43.52314], [-80.47184, 43.52314], [-80.47186, 43.52315], [-80.47191, 43.52318], [-80.47201, 43.52323], [-80.47207, 43.52325], [-80.47216, 43.52327], [-80.47225, 43.52329], [-80.47233, 43.52329], [-80.47244, 43.52329], [-80.47249, 43.52329], [-80.47256, 43.52331], [-80.47264, 43.52333], [-80.47273, 43.52335], [-80.47282, 43.52338], [-80.47286, 43.52339], [-80.47289, 43.5234], [-80.47293, 43.52341], [-80.47296, 43.52342], [-80.47303, 43.52344], [-80.47309, 43.52346], [-80.4731, 43.52346], [-80.47313, 43.52347], [-80.47324, 43.52351], [-80.47334, 43.52355], [-80.47344, 43.5236], [-80.47345, 43.52361], [-80.47354, 43.52365], [-80.47368, 43.52371], [-80.47373, 43.52373], [-80.47377, 43.52375], [-80.47385, 43.52377], [-80.47391, 43.52378], [-80.47409, 43.52383], [-80.47415, 43.52384], [-80.47417, 43.52385], [-80.47422, 43.52387], [-80.47426, 43.52388], [-80.47432, 43.52388], [-80.47438, 43.52389], [-80.47444, 43.52391], [-80.47449, 43.52393], [-80.47453, 43.52396], [-80.47461, 43.52399], [-80.47462, 43.524], [-80.47467, 43.52402], [-80.47474, 43.52405], [-80.47481, 43.52406], [-80.47488, 43.52407], [-80.47493, 43.52408], [-80.47498, 43.52409], [-80.47503, 43.52411], [-80.47506, 43.52413], [-80.4751, 43.52415], [-80.47516, 43.52417], [-80.47522, 43.52419], [-80.47533, 43.52423], [-80.47533, 43.52423], [-80.47541, 43.52425], [-80.47545, 43.52426], [-80.4755, 43.52428], [-80.47553, 43.52431], [-80.4756, 43.52433], [-80.47568, 43.52437], [-80.47574, 43.52439], [-80.4758, 43.52442], [-80.47585, 43.52445], [-80.47591, 43.52448], [-80.47598, 43.5245], [-80.47609, 43.52456], [-80.47613, 43.52458], [-80.47621, 43.52464], [-80.47623, 43.52465], [-80.47626, 43.52467], [-80.47631, 43.5247], [-80.47638, 43.52473], [-80.47641, 43.52474], [-80.47646, 43.52476], [-80.47653, 43.52479], [-80.47656, 43.52481], [-80.47658, 43.52483], [-80.47663, 43.52485], [-80.47667, 43.52487], [-80.47675, 43.52492], [-80.47683, 43.52498], [-80.47684, 43.52499], [-80.47686, 43.52501], [-80.47688, 43.52504], [-80.47693, 43.52508], [-80.47698, 43.52511], [-80.47705, 43.52514], [-80.4771, 43.52518], [-80.47715, 43.52521], [-80.47725, 43.5253], [-80.4773, 43.52534], [-80.47732, 43.52536], [-80.47735, 43.52539], [-80.47739, 43.52542], [-80.47743, 43.52546], [-80.47743, 43.52548], [-80.47744, 43.5255], [-80.47744, 43.52553], [-80.47747, 43.52555], [-80.47753, 43.52559], [-80.47756, 43.52563], [-80.4776, 43.52567], [-80.47765, 43.5257], [-80.47771, 43.52574], [-80.47777, 43.52578], [-80.47781, 43.52582], [-80.47785, 43.52586], [-80.47788, 43.52589], [-80.47789, 43.52593], [-80.47795, 43.52601], [-80.47798, 43.52604], [-80.47802, 43.52608], [-80.47806, 43.52612], [-80.47814, 43.52618], [-80.47821, 43.52624], [-80.4783, 43.52632], [-80.47835, 43.52638], [-80.47839, 43.52642], [-80.47842, 43.52646], [-80.47844, 43.52649], [-80.47845, 43.52651], [-80.47846, 43.52653], [-80.47847, 43.52655], [-80.47851, 43.52658], [-80.47855, 43.52661], [-80.47861, 43.52667], [-80.47871, 43.52674], [-80.47874, 43.52678], [-80.47878, 43.52682], [-80.47883, 43.52687], [-80.47888, 43.5269], [-80.47895, 43.52695], [-80.47898, 43.527], [-80.47901, 43.52704], [-80.47906, 43.52707], [-80.47908, 43.52709], [-80.47912, 43.52713], [-80.47916, 43.52716], [-80.4792, 43.52721], [-80.47923, 43.52725], [-80.47924, 43.52728], [-80.47925, 43.5273], [-80.47927, 43.52732], [-80.47929, 43.52735], [-80.47933, 43.52741], [-80.47936, 43.52745], [-80.4794, 43.52749], [-80.47944, 43.52753], [-80.47948, 43.52758], [-80.47951, 43.52764], [-80.47956, 43.52769], [-80.4796, 43.52775], [-80.47965, 43.52782], [-80.47967, 43.52786], [-80.4797, 43.52792], [-80.47972, 43.52796], [-80.47976, 43.528], [-80.47978, 43.52804], [-80.47981, 43.52807], [-80.47984, 43.52811], [-80.47988, 43.52814], [-80.47991, 43.52818], [-80.47993, 43.52825], [-80.47996, 43.5283], [-80.47996, 43.52832], [-80.47994, 43.52834], [-80.47994, 43.52836], [-80.47999, 43.52839], [-80.48003, 43.52843], [-80.48007, 43.52847], [-80.4801, 43.52852], [-80.48019, 43.52863], [-80.48023, 43.52871], [-80.48033, 43.52882], [-80.48037, 43.52888], [-80.48041, 43.52893], [-80.48052, 43.52908], [-80.4806, 43.52918], [-80.4806, 43.52918], [-80.48065, 43.52926], [-80.4807, 43.52933], [-80.48076, 43.52942], [-80.48079, 43.52948], [-80.48079, 43.52954], [-80.4808, 43.52959], [-80.48082, 43.52965], [-80.48084, 43.52972], [-80.48089, 43.52984], [-80.48089, 43.52984], [-80.48091, 43.52991], [-80.48093, 43.52999], [-80.48094, 43.53006], [-80.48094, 43.53012], [-80.48094, 43.53016], [-80.48096, 43.53022], [-80.48098, 43.53028], [-80.481, 43.53034], [-80.48102, 43.5304], [-80.48102, 43.53044], [-80.48104, 43.53055], [-80.48105, 43.53061], [-80.48107, 43.53065], [-80.48109, 43.53076], [-80.48109, 43.53085], [-80.48112, 43.53092], [-80.48113, 43.53095], [-80.48114, 43.53098], [-80.48115, 43.53104], [-80.48113, 43.53109], [-80.48111, 43.53111], [-80.48106, 43.53111], [-80.48106, 43.53111], [-80.48103, 43.53109], [-80.48101, 43.53105], [-80.481, 43.531], [-80.48099, 43.53098], [-80.48096, 43.53096], [-80.48095, 43.53096], [-80.48093, 43.53098], [-80.48092, 43.53101], [-80.48091, 43.53106], [-80.48088, 43.5311], [-80.48088, 43.53114], [-80.4809, 43.53119], [-80.48093, 43.53121], [-80.48095, 43.53123], [-80.48097, 43.53125], [-80.48097, 43.53125], [-80.48096, 43.53128], [-80.48096, 43.53133], [-80.48092, 43.53153], [-80.48086, 43.53168], [-80.48083, 43.53178], [-80.48079, 43.53188], [-80.48075, 43.53197], [-80.48071, 43.53205], [-80.48068, 43.53215], [-80.48064, 43.53222], [-80.48063, 43.5323], [-80.48063, 43.53231], [-80.48062, 43.53235], [-80.48061, 43.53241], [-80.48056, 43.53249], [-80.48057, 43.53254], [-80.48054, 43.53259], [-80.48054, 43.53261], [-80.48053, 43.53264], [-80.48053, 43.53269], [-80.48051, 43.53274], [-80.4805, 43.53282], [-80.4805, 43.53288], [-80.4805, 43.53296], [-80.4805, 43.53308], [-80.48051, 43.53329], [-80.48055, 43.53341], [-80.48062, 43.53359], [-80.48066, 43.5337], [-80.4807, 43.5338], [-80.48073, 43.53388], [-80.48078, 43.53399], [-80.48091, 43.53424], [-80.48095, 43.53431], [-80.48099, 43.53439], [-80.48101, 43.53443], [-80.48106, 43.5345], [-80.48111, 43.53455], [-80.48117, 43.53461], [-80.48118, 43.53461], [-80.48125, 43.53468], [-80.48132, 43.53473], [-80.48137, 43.53478], [-80.4814, 43.53484], [-80.48144, 43.53488], [-80.48145, 43.5349], [-80.48155, 43.535], [-80.48169, 43.53512], [-80.48171, 43.53513], [-80.48175, 43.53517], [-80.48182, 43.53525], [-80.48193, 43.53531], [-80.48201, 43.53538], [-80.48208, 43.53546], [-80.48208, 43.53546], [-80.48215, 43.53551], [-80.48222, 43.53557], [-80.48231, 43.53566], [-80.48239, 43.53573], [-80.48253, 43.53584], [-80.48261, 43.53591], [-80.4827, 43.53597], [-80.48273, 43.536], [-80.48276, 43.53603], [-80.48286, 43.5361], [-80.48298, 43.53614], [-80.48306, 43.53619], [-80.48313, 43.53623], [-80.48315, 43.53623], [-80.48321, 43.53626], [-80.4833, 43.53635], [-80.4834, 43.53643], [-80.4835, 43.5365], [-80.48359, 43.53656], [-80.48373, 43.53665], [-80.48385, 43.53672], [-80.48396, 43.53677], [-80.48405, 43.53683], [-80.48425, 43.53695], [-80.48437, 43.537], [-80.48445, 43.53706], [-80.48448, 43.53711], [-80.48452, 43.53717], [-80.48463, 43.53724], [-80.48481, 43.53736], [-80.48487, 43.53743], [-80.48497, 43.53752], [-80.48507, 43.53763], [-80.48515, 43.53768], [-80.48522, 43.53776], [-80.48531, 43.53781], [-80.4854, 43.53784], [-80.4855, 43.53787], [-80.48568, 43.53795], [-80.48573, 43.538], [-80.48578, 43.53803], [-80.48583, 43.53805], [-80.48588, 43.53806], [-80.48598, 43.53806], [-80.48609, 43.53806], [-80.48609, 43.53806], [-80.4862, 43.53805], [-80.48631, 43.53805], [-80.48641, 43.53806], [-80.48655, 43.53808], [-80.48656, 43.5381], [-80.48651, 43.53812], [-80.48643, 43.53814], [-80.48635, 43.53815], [-80.48627, 43.53815], [-80.4862, 43.53816], [-80.48613, 43.53817], [-80.48611, 43.53818], [-80.48611, 43.5382], [-80.48615, 43.53823], [-80.4862, 43.53825], [-80.48626, 43.53827], [-80.48628, 43.53829], [-80.4863, 43.53832], [-80.48635, 43.53834], [-80.48653, 43.53832], [-80.48661, 43.53831], [-80.48665, 43.5383], [-80.48669, 43.53829], [-80.48676, 43.53825], [-80.48679, 43.53823], [-80.48683, 43.5382], [-80.48687, 43.53819], [-80.4869, 43.53818], [-80.48695, 43.53817], [-80.48703, 43.53816], [-80.48707, 43.53814], [-80.4871, 43.53813], [-80.48713, 43.5381], [-80.48716, 43.53807], [-80.48716, 43.53805], [-80.48716, 43.53805], [-80.48717, 43.53803], [-80.48718, 43.53802], [-80.48721, 43.53799], [-80.48723, 43.53799], [-80.48724, 43.53798], [-80.48726, 43.53796], [-80.4873, 43.53793], [-80.48733, 43.53791], [-80.48734, 43.53789], [-80.48735, 43.53788], [-80.48735, 43.53786], [-80.48735, 43.53784], [-80.48737, 43.53782], [-80.48738, 43.53779], [-80.4874, 43.53779], [-80.48743, 43.53779], [-80.48745, 43.53779], [-80.48746, 43.53779], [-80.48749, 43.53779], [-80.48752, 43.53778], [-80.48756, 43.53774], [-80.48758, 43.53773], [-80.48761, 43.53769], [-80.48761, 43.53769], [-80.48764, 43.53767], [-80.48767, 43.53766], [-80.48768, 43.53766], [-80.48772, 43.53763], [-80.48775, 43.53762], [-80.48778, 43.53761], [-80.4878, 43.5376], [-80.48783, 43.53759], [-80.48786, 43.53758], [-80.48788, 43.53757], [-80.48789, 43.53756], [-80.48794, 43.53754], [-80.48797, 43.53752], [-80.48801, 43.53751], [-80.48805, 43.5375], [-80.48806, 43.5375], [-80.48808, 43.53749], [-80.48811, 43.53749], [-80.48814, 43.53748], [-80.48817, 43.53747], [-80.48824, 43.53746], [-80.48827, 43.53746], [-80.4883, 43.53745], [-80.48835, 43.53743], [-80.48841, 43.53741], [-80.48846, 43.5374], [-80.4885, 43.5374], [-80.48855, 43.53739], [-80.4886, 43.53738], [-80.48869, 43.53736], [-80.48876, 43.53735], [-80.48879, 43.53734], [-80.48885, 43.53734], [-80.48893, 43.53733], [-80.48899, 43.53732], [-80.48908, 43.53731], [-80.48912, 43.5373], [-80.48916, 43.53729], [-80.48921, 43.53729], [-80.48928, 43.53728], [-80.48928, 43.53728], [-80.48933, 43.53728], [-80.48938, 43.53728], [-80.48941, 43.53728], [-80.48944, 43.53728], [-80.48948, 43.53728], [-80.48952, 43.53727], [-80.48956, 43.53726], [-80.4896, 43.53726], [-80.48963, 43.53726], [-80.48967, 43.53728], [-80.4897, 43.53729], [-80.48974, 43.5373], [-80.48978, 43.5373], [-80.48983, 43.53731], [-80.48987, 43.53732], [-80.48991, 43.53732], [-80.48997, 43.53732], [-80.49, 43.53732], [-80.49005, 43.53732], [-80.49009, 43.53731], [-80.49014, 43.53731], [-80.49017, 43.53731], [-80.49025, 43.53731], [-80.49034, 43.53731], [-80.49043, 43.5373], [-80.49047, 43.53729], [-80.49051, 43.53729], [-80.49056, 43.53729], [-80.49062, 43.53729], [-80.49066, 43.53728], [-80.49069, 43.53728], [-80.49072, 43.53728], [-80.49076, 43.53729], [-80.49079, 43.53729], [-80.49081, 43.5373], [-80.49086, 43.5373], [-80.49089, 43.53729], [-80.4909, 43.53728], [-80.49095, 43.53727], [-80.49098, 43.53727], [-80.49102, 43.53727], [-80.49106, 43.53726], [-80.4911, 43.53726], [-80.49114, 43.53725], [-80.49117, 43.53724], [-80.49119, 43.53724], [-80.49121, 43.53725], [-80.49122, 43.53726], [-80.49124, 43.53727], [-80.49127, 43.53726], [-80.49131, 43.53727], [-80.49139, 43.53728], [-80.49142, 43.53728], [-80.49144, 43.53728], [-80.49148, 43.5373], [-80.49152, 43.53731], [-80.49157, 43.53731], [-80.49161, 43.53731], [-80.49164, 43.53731], [-80.49168, 43.5373], [-80.49175, 43.5373], [-80.4918, 43.53731], [-80.49183, 43.53731], [-80.49184, 43.5373], [-80.49185, 43.5373], [-80.49189, 43.53729], [-80.49192, 43.53729], [-80.49198, 43.53728], [-80.49199, 43.53728], [-80.49199, 43.53727], [-80.49201, 43.53725], [-80.49205, 43.53725], [-80.49208, 43.53724], [-80.49211, 43.53725], [-80.49213, 43.53726], [-80.49214, 43.53726], [-80.49213, 43.53728], [-80.49211, 43.53728], [-80.49209, 43.53729], [-80.49209, 43.5373], [-80.49208, 43.53731], [-80.49209, 43.53733], [-80.49211, 43.53733], [-80.49214, 43.53733], [-80.49217, 43.53733], [-80.4922, 43.53733], [-80.49228, 43.53734], [-80.4923, 43.53735], [-80.49233, 43.53736], [-80.49236, 43.53739], [-80.49241, 43.53739], [-80.49245, 43.5374], [-80.49248, 43.53739], [-80.49251, 43.53739], [-80.49254, 43.53738], [-80.49259, 43.53736], [-80.49268, 43.53737], [-80.49271, 43.53737], [-80.49274, 43.53738], [-80.49277, 43.53738], [-80.49281, 43.53738], [-80.49285, 43.53738], [-80.49287, 43.53738], [-80.49288, 43.53738], [-80.49289, 43.5374], [-80.49288, 43.53741], [-80.49288, 43.53743], [-80.49288, 43.53743], [-80.49289, 43.53745], [-80.49287, 43.53746], [-80.49284, 43.53747], [-80.4928, 43.53747], [-80.4928, 43.53747], [-80.49275, 43.53748], [-80.49272, 43.5375], [-80.4927, 43.53751], [-80.49268, 43.53752], [-80.49264, 43.53752], [-80.4926, 43.53751], [-80.49257, 43.5375], [-80.49254, 43.53751], [-80.49255, 43.53752], [-80.49261, 43.53755], [-80.49265, 43.53758], [-80.4927, 43.53759], [-80.49275, 43.53761], [-80.4928, 43.53763], [-80.49284, 43.53764], [-80.49291, 43.53766], [-80.49298, 43.53767], [-80.49305, 43.53769], [-80.49308, 43.5377], [-80.49313, 43.53772], [-80.49317, 43.53773], [-80.49324, 43.53774], [-80.49327, 43.53775], [-80.49331, 43.53775], [-80.49334, 43.53776], [-80.49338, 43.53776], [-80.49343, 43.53777], [-80.4935, 43.53776], [-80.49354, 43.53776], [-80.49358, 43.53776], [-80.49358, 43.53776], [-80.49362, 43.53775], [-80.49364, 43.53775], [-80.49369, 43.53774], [-80.49373, 43.53774], [-80.49379, 43.53775], [-80.49384, 43.53776], [-80.49392, 43.53776], [-80.49397, 43.53776], [-80.494, 43.53776], [-80.49404, 43.53776], [-80.49407, 43.53777], [-80.49411, 43.53777], [-80.49417, 43.53776], [-80.4942, 43.53777], [-80.49424, 43.53778], [-80.49429, 43.53778], [-80.49435, 43.53778], [-80.49438, 43.53777], [-80.4944, 43.53777], [-80.49443, 43.53777], [-80.49448, 43.53777], [-80.49455, 43.53778], [-80.4946, 43.53778], [-80.49463, 43.53779], [-80.49467, 43.53779], [-80.49471, 43.53778], [-80.49475, 43.53778], [-80.49479, 43.53778], [-80.49483, 43.53777], [-80.49486, 43.53776], [-80.49488, 43.53775], [-80.4949, 43.53773], [-80.49493, 43.53773], [-80.49497, 43.53773], [-80.49499, 43.53772], [-80.49501, 43.53771], [-80.49504, 43.53772], [-80.49507, 43.53772], [-80.49511, 43.53771], [-80.49515, 43.53771], [-80.49519, 43.53772], [-80.49526, 43.53774], [-80.49531, 43.53775], [-80.49534, 43.53775], [-80.49539, 43.53775], [-80.49543, 43.53776], [-80.49549, 43.53777], [-80.49553, 43.53778], [-80.49565, 43.53783], [-80.49571, 43.53786], [-80.49572, 43.53786], [-80.49577, 43.53789], [-80.49583, 43.5379], [-80.49589, 43.5379], [-80.49593, 43.5379], [-80.49595, 43.5379], [-80.49603, 43.53788], [-80.49611, 43.53787], [-80.49618, 43.53785], [-80.49623, 43.53784], [-80.4963, 43.53782], [-80.49637, 43.53781], [-80.49645, 43.53779], [-80.4965, 43.53779], [-80.49657, 43.5378], [-80.49665, 43.5378], [-80.49673, 43.5378], [-80.49683, 43.53782], [-80.49683, 43.53783], [-80.4969, 43.53784], [-80.49698, 43.53786], [-80.49706, 43.53787], [-80.49712, 43.53788], [-80.4972, 43.5379], [-80.49727, 43.53792], [-80.49739, 43.53792], [-80.49745, 43.53791], [-80.49745, 43.53791], [-80.49752, 43.5379], [-80.49762, 43.5379], [-80.49769, 43.53788], [-80.49775, 43.53788], [-80.49784, 43.53788], [-80.49792, 43.5379], [-80.49802, 43.5379], [-80.49809, 43.53791], [-80.49815, 43.53792], [-80.49816, 43.53792], [-80.49823, 43.53792], [-80.49823, 43.53792], [-80.4983, 43.53791], [-80.49836, 43.53792], [-80.49843, 43.53791], [-80.4985, 43.5379], [-80.49858, 43.5379], [-80.49866, 43.5379], [-80.49873, 43.53789], [-80.49881, 43.53788], [-80.49889, 43.53789], [-80.49897, 43.53789], [-80.49908, 43.53791], [-80.49913, 43.53791], [-80.49918, 43.53791], [-80.49922, 43.53791], [-80.49927, 43.53791], [-80.49932, 43.53791], [-80.49939, 43.5379], [-80.49944, 43.5379], [-80.4995, 43.5379], [-80.49954, 43.53789], [-80.49959, 43.53788], [-80.49965, 43.53787], [-80.49965, 43.53787], [-80.49966, 43.53787], [-80.49967, 43.53789], [-80.49969, 43.53789], [-80.49972, 43.53789], [-80.49974, 43.53788], [-80.49976, 43.53787], [-80.49979, 43.53786], [-80.49984, 43.53786], [-80.4999, 43.53787], [-80.49992, 43.53788], [-80.49996, 43.53788], [-80.49998, 43.53787], [-80.5, 43.53786], [-80.50001, 43.53786], [-80.50005, 43.53786], [-80.5001, 43.53786], [-80.50014, 43.53786], [-80.50017, 43.53787], [-80.5002, 43.53788], [-80.50023, 43.53788], [-80.50024, 43.53789], [-80.50026, 43.53793], [-80.50028, 43.53794], [-80.50033, 43.53795], [-80.50039, 43.53795], [-80.50044, 43.53795], [-80.50049, 43.53795], [-80.50054, 43.53795], [-80.50059, 43.53795], [-80.50063, 43.53795], [-80.50068, 43.53794], [-80.50073, 43.53794], [-80.50079, 43.53795], [-80.5008, 43.53795], [-80.50086, 43.53795], [-80.5009, 43.53795], [-80.50093, 43.53797], [-80.50094, 43.53797], [-80.50097, 43.53799], [-80.50098, 43.538], [-80.50098, 43.53803], [-80.501, 43.53805], [-80.50102, 43.53806], [-80.50101, 43.53808], [-80.50099, 43.53811], [-80.50097, 43.53813], [-80.50097, 43.53814], [-80.50096, 43.53816], [-80.50096, 43.53821], [-80.50097, 43.53825], [-80.50102, 43.53829], [-80.50106, 43.53831], [-80.50108, 43.53832], [-80.50113, 43.53834], [-80.50116, 43.53835], [-80.50119, 43.53836], [-80.50122, 43.53837], [-80.50125, 43.53838], [-80.50131, 43.53839], [-80.50134, 43.5384], [-80.50138, 43.53841], [-80.50142, 43.53841], [-80.50146, 43.53842], [-80.50149, 43.53843], [-80.50153, 43.53844], [-80.50157, 43.53845], [-80.50162, 43.53846], [-80.50168, 43.53848], [-80.50172, 43.53849], [-80.50176, 43.5385], [-80.50179, 43.5385], [-80.50182, 43.53851], [-80.50186, 43.53851], [-80.50189, 43.53852], [-80.50192, 43.53852], [-80.50196, 43.53853], [-80.50199, 43.53854], [-80.50202, 43.53855], [-80.50206, 43.53856], [-80.5021, 43.53856], [-80.50213, 43.53857], [-80.50216, 43.53858], [-80.50219, 43.53858], [-80.50223, 43.53859], [-80.50227, 43.53859], [-80.50229, 43.5386], [-80.50232, 43.5386], [-80.50234, 43.53861], [-80.50237, 43.53861], [-80.5024, 43.53862], [-80.50243, 43.53862], [-80.50249, 43.53862], [-80.50252, 43.53863], [-80.50258, 43.53864], [-80.50262, 43.53864], [-80.50265, 43.53865], [-80.5027, 43.53865], [-80.50275, 43.53866], [-80.50278, 43.53866], [-80.50282, 43.53866], [-80.50285, 43.53866], [-80.50289, 43.53867], [-80.50295, 43.53868], [-80.50299, 43.53869], [-80.50303, 43.53869], [-80.50309, 43.5387], [-80.50312, 43.5387], [-80.50315, 43.5387], [-80.50317, 43.5387], [-80.5032, 43.53871], [-80.50324, 43.53871], [-80.50331, 43.53871], [-80.50334, 43.53871], [-80.50336, 43.53872], [-80.5034, 43.53872], [-80.50343, 43.53873], [-80.5035, 43.53874], [-80.50355, 43.53875], [-80.50358, 43.53875], [-80.50364, 43.53876], [-80.50366, 43.53876], [-80.50368, 43.53876], [-80.50371, 43.53877], [-80.50374, 43.53877], [-80.50376, 43.53877], [-80.50378, 43.53877], [-80.50382, 43.53877], [-80.50385, 43.53876], [-80.50392, 43.53875], [-80.50395, 43.53874], [-80.50399, 43.53874], [-80.50402, 43.53873], [-80.50404, 43.53873], [-80.50407, 43.53873], [-80.50409, 43.53872], [-80.50412, 43.53872], [-80.50415, 43.53872], [-80.50417, 43.53871], [-80.50418, 43.53872], [-80.5042, 43.53872], [-80.50425, 43.53869], [-80.50426, 43.53867], [-80.50427, 43.53866], [-80.50429, 43.53866], [-80.5043, 43.53866], [-80.50432, 43.53865], [-80.50434, 43.53864], [-80.50436, 43.53863], [-80.50438, 43.53863], [-80.50439, 43.53863], [-80.50441, 43.53861], [-80.50444, 43.5386], [-80.50446, 43.5386], [-80.50448, 43.53859], [-80.5045, 43.53859], [-80.50451, 43.53858], [-80.50451, 43.53857], [-80.50452, 43.53856], [-80.50453, 43.53855], [-80.50455, 43.53854], [-80.50457, 43.53855], [-80.50459, 43.53855], [-80.50461, 43.53855], [-80.50463, 43.53856], [-80.50464, 43.53856], [-80.50464, 43.53857], [-80.50462, 43.53858], [-80.5046, 43.53859], [-80.50459, 43.53861], [-80.5046, 43.53861], [-80.50462, 43.53862], [-80.50465, 43.53861], [-80.50467, 43.53861], [-80.5047, 43.53862], [-80.50472, 43.53862], [-80.50475, 43.53862], [-80.50477, 43.53862], [-80.5048, 43.53862], [-80.50482, 43.53862], [-80.50484, 43.53862], [-80.50486, 43.53861], [-80.50489, 43.5386], [-80.5049, 43.53859], [-80.50488, 43.53858], [-80.50486, 43.53858], [-80.50484, 43.53859], [-80.50483, 43.53859], [-80.50484, 43.53857], [-80.50486, 43.53855], [-80.50488, 43.53855], [-80.5049, 43.53854], [-80.50493, 43.53854], [-80.50495, 43.53853], [-80.50499, 43.53851], [-80.50502, 43.53849], [-80.50505, 43.53848], [-80.5051, 43.53847], [-80.50512, 43.53847], [-80.50515, 43.53847], [-80.50513, 43.538], [-80.50503, 43.53747], [-80.50461, 43.53661], [-80.50453, 43.53644], [-80.504, 43.53603], [-80.50077, 43.53353], [-80.50068, 43.53341], [-80.50058, 43.53323], [-80.50052, 43.53274], [-80.50037, 43.53218], [-80.50024, 43.53201], [-80.50016, 43.53193], [-80.49873, 43.53091], [-80.49861, 43.53095], [-80.49736, 43.5299], [-80.49606, 43.52792], [-80.49499, 43.5263], [-80.49493, 43.5262], [-80.49461, 43.52352], [-80.49461, 43.52332], [-80.49497, 43.52266], [-80.495, 43.52262], [-80.49521, 43.52224], [-80.49522, 43.52201], [-80.4953, 43.52114], [-80.49536, 43.52026], [-80.4954, 43.52016], [-80.49545, 43.51998], [-80.4955, 43.51984], [-80.49555, 43.51969], [-80.4956, 43.51953], [-80.49575, 43.51911], [-80.49576, 43.51908], [-80.49764, 43.5136], [-80.49766, 43.51354], [-80.49763, 43.51288], [-80.49761, 43.51247], [-80.49749, 43.5094], [-80.49736, 43.50909], [-80.49714, 43.50857], [-80.49702, 43.50831], [-80.49702, 43.5083], [-80.49689, 43.50801], [-80.49688, 43.50797], [-80.49676, 43.50771], [-80.49667, 43.5075], [-80.49659, 43.5073], [-80.49648, 43.50706], [-80.49625, 43.50652], [-80.49613, 43.50625], [-80.4961, 43.50587], [-80.4961, 43.5058], [-80.49609, 43.50574], [-80.49605, 43.50577], [-80.49597, 43.50582], [-80.49587, 43.50589], [-80.49578, 43.50595], [-80.49567, 43.50603], [-80.49557, 43.5061], [-80.49545, 43.50618], [-80.49532, 43.50627], [-80.49523, 43.50634], [-80.4951, 43.50643], [-80.49495, 43.50654], [-80.49487, 43.5066]]]}}, {"type": "Feature", "properties": {"id": "on-cgp-602251743", "name": "Dumfries Crown Game Preserve", "hunting_allowed": false, "basis": "fwca_s9_unconfirmed"}, "geometry": {"type": "Polygon", "coordinates": [[[-80.31357, 43.33883], [-80.31395, 43.33877], [-80.31766, 43.33815], [-80.31845, 43.33801], [-80.3187, 43.33796], [-80.32126, 43.33753], [-80.32127, 43.33735], [-80.32127, 43.33717], [-80.32128, 43.33695], [-80.3213, 43.33664], [-80.3213, 43.33643], [-80.32131, 43.33616], [-80.32133, 43.33588], [-80.32133, 43.33564], [-80.32134, 43.33539], [-80.32135, 43.33514], [-80.32137, 43.3349], [-80.32138, 43.33463], [-80.3214, 43.33441], [-80.32142, 43.33418], [-80.32146, 43.33377], [-80.32149, 43.33344], [-80.32152, 43.33312], [-80.32142, 43.33313], [-80.32143, 43.33307], [-80.32146, 43.33275], [-80.32148, 43.33253], [-80.32155, 43.33189], [-80.32159, 43.33148], [-80.32164, 43.33107], [-80.32168, 43.33066], [-80.32172, 43.33025], [-80.32173, 43.32984], [-80.32174, 43.32912], [-80.32184, 43.3291], [-80.32176, 43.32856], [-80.32172, 43.32857], [-80.32168, 43.32829], [-80.32164, 43.32802], [-80.3216, 43.32775], [-80.3216, 43.32773], [-80.32151, 43.32748], [-80.32156, 43.32747], [-80.3212, 43.32637], [-80.32101, 43.32586], [-80.32054, 43.32516], [-80.31938, 43.3237], [-80.31897, 43.32314], [-80.31886, 43.32297], [-80.31848, 43.32246], [-80.31738, 43.3212], [-80.31715, 43.32088], [-80.31701, 43.32058], [-80.31687, 43.32025], [-80.31672, 43.31965], [-80.31647, 43.31868], [-80.31644, 43.31855], [-80.31641, 43.31844], [-80.31628, 43.31792], [-80.31606, 43.31706], [-80.31601, 43.31688], [-80.31588, 43.31639], [-80.31582, 43.31612], [-80.31576, 43.31588], [-80.3157, 43.31565], [-80.31575, 43.31564], [-80.31568, 43.31522], [-80.31562, 43.31494], [-80.31557, 43.31465], [-80.31549, 43.31427], [-80.31547, 43.31403], [-80.31541, 43.31371], [-80.31539, 43.31358], [-80.31537, 43.31345], [-80.31536, 43.31324], [-80.31536, 43.3129], [-80.31564, 43.31202], [-80.31587, 43.31116], [-80.31588, 43.3111], [-80.31603, 43.31039], [-80.31618, 43.30856], [-80.31623, 43.30796], [-80.31627, 43.30762], [-80.31706, 43.30554], [-80.31721, 43.30514], [-80.31736, 43.30475], [-80.31736, 43.30475], [-80.31751, 43.30435], [-80.31758, 43.30418], [-80.31778, 43.30365], [-80.31804, 43.30295], [-80.31799, 43.30296], [-80.31825, 43.30227], [-80.31852, 43.30158], [-80.31857, 43.30158], [-80.31874, 43.30111], [-80.31892, 43.30065], [-80.3191, 43.30018], [-80.31927, 43.29972], [-80.31947, 43.29919], [-80.31968, 43.29866], [-80.31997, 43.29787], [-80.32057, 43.29717], [-80.32184, 43.29566], [-80.32248, 43.29528], [-80.32243, 43.29526], [-80.32647, 43.2928], [-80.32687, 43.29256], [-80.32736, 43.29236], [-80.32849, 43.2919], [-80.32926, 43.29172], [-80.32969, 43.29163], [-80.3301, 43.29158], [-80.33046, 43.29157], [-80.33048, 43.2916], [-80.33101, 43.29164], [-80.33107, 43.29164], [-80.33127, 43.29165], [-80.33151, 43.29164], [-80.33212, 43.29162], [-80.33254, 43.2916], [-80.33381, 43.29149], [-80.33439, 43.29145], [-80.33687, 43.29133], [-80.33812, 43.29115], [-80.33986, 43.2909], [-80.33994, 43.29089], [-80.34001, 43.29086], [-80.34041, 43.2907], [-80.34111, 43.2904], [-80.34123, 43.29035], [-80.34135, 43.2903], [-80.34146, 43.29024], [-80.34157, 43.29018], [-80.34168, 43.29011], [-80.34178, 43.29004], [-80.34188, 43.28997], [-80.34198, 43.28989], [-80.34213, 43.28977], [-80.34223, 43.28968], [-80.34234, 43.28959], [-80.34243, 43.28949], [-80.34252, 43.28939], [-80.34259, 43.2893], [-80.34265, 43.2892], [-80.34271, 43.28911], [-80.34277, 43.28901], [-80.34282, 43.28891], [-80.34286, 43.28881], [-80.34289, 43.28869], [-80.34291, 43.28863], [-80.34201, 43.28879], [-80.3403, 43.28909], [-80.33831, 43.28943], [-80.33618, 43.28981], [-80.336, 43.28984], [-80.32998, 43.29089], [-80.3298, 43.29092], [-80.32764, 43.29131], [-80.32764, 43.29131], [-80.32763, 43.29131], [-80.32555, 43.29167], [-80.32527, 43.29172], [-80.32397, 43.29196], [-80.3195, 43.29275], [-80.31828, 43.29295], [-80.31821, 43.29296], [-80.31763, 43.29306], [-80.31554, 43.2934], [-80.31514, 43.29347], [-80.31501, 43.29349], [-80.31481, 43.29352], [-80.31472, 43.29354], [-80.31192, 43.294], [-80.31179, 43.29402], [-80.31183, 43.29411], [-80.31187, 43.29419], [-80.31215, 43.29474], [-80.31252, 43.29586], [-80.31255, 43.29598], [-80.31259, 43.2961], [-80.31261, 43.29623], [-80.31262, 43.2963], [-80.31263, 43.29635], [-80.31262, 43.29691], [-80.31257, 43.29746], [-80.31212, 43.29844], [-80.31143, 43.30054], [-80.31112, 43.30148], [-80.30965, 43.30601], [-80.30959, 43.30619], [-80.30954, 43.30637], [-80.30949, 43.30655], [-80.30944, 43.30676], [-80.3094, 43.30697], [-80.30936, 43.30717], [-80.30933, 43.30738], [-80.3093, 43.30759], [-80.30928, 43.3078], [-80.30926, 43.30801], [-80.30926, 43.30809], [-80.30926, 43.30833], [-80.30926, 43.30857], [-80.30928, 43.30881], [-80.3093, 43.30904], [-80.30933, 43.30928], [-80.30936, 43.30952], [-80.30932, 43.30952], [-80.30935, 43.3097], [-80.30939, 43.30993], [-80.30943, 43.31015], [-80.30948, 43.31038], [-80.30954, 43.3106], [-80.30961, 43.31082], [-80.30968, 43.31105], [-80.30971, 43.31115], [-80.30975, 43.31126], [-80.3098, 43.31139], [-80.30984, 43.3115], [-80.30994, 43.31172], [-80.31102, 43.31403], [-80.31112, 43.31422], [-80.31123, 43.31446], [-80.31128, 43.31456], [-80.31211, 43.31633], [-80.31222, 43.31658], [-80.31233, 43.31683], [-80.31243, 43.31708], [-80.31253, 43.31733], [-80.31262, 43.31759], [-80.31271, 43.31784], [-80.31276, 43.31801], [-80.31284, 43.31828], [-80.31291, 43.31855], [-80.31298, 43.31883], [-80.31304, 43.3191], [-80.31309, 43.31938], [-80.31313, 43.31966], [-80.31317, 43.31994], [-80.3132, 43.32019], [-80.31323, 43.32045], [-80.31324, 43.3207], [-80.31326, 43.32096], [-80.31326, 43.32122], [-80.31326, 43.32147], [-80.31326, 43.32173], [-80.31325, 43.32198], [-80.3132, 43.32289], [-80.31317, 43.32326], [-80.31328, 43.32398], [-80.31327, 43.32416], [-80.31328, 43.3244], [-80.31329, 43.32458], [-80.31332, 43.32458], [-80.31335, 43.32478], [-80.31337, 43.32499], [-80.31339, 43.32518], [-80.3134, 43.32537], [-80.31341, 43.32558], [-80.31335, 43.32558], [-80.31336, 43.32599], [-80.31342, 43.32597], [-80.31343, 43.32625], [-80.31344, 43.32658], [-80.31345, 43.32693], [-80.31345, 43.32715], [-80.31346, 43.32725], [-80.31346, 43.32746], [-80.31347, 43.32759], [-80.31348, 43.32799], [-80.31349, 43.32842], [-80.31351, 43.32904], [-80.31355, 43.32904], [-80.31355, 43.32923], [-80.31355, 43.32925], [-80.31356, 43.32927], [-80.31357, 43.32963], [-80.31358, 43.33003], [-80.31358, 43.33005], [-80.31358, 43.33007], [-80.31359, 43.33052], [-80.31358, 43.33052], [-80.31362, 43.33118], [-80.31362, 43.33135], [-80.31362, 43.33163], [-80.31363, 43.33208], [-80.31363, 43.33292], [-80.31358, 43.33398], [-80.31357, 43.33408], [-80.31356, 43.33433], [-80.31356, 43.33438], [-80.31354, 43.33482], [-80.31352, 43.3352], [-80.31344, 43.33634], [-80.31343, 43.33643], [-80.3134, 43.3373], [-80.31343, 43.33757], [-80.31363, 43.33783], [-80.31361, 43.33818], [-80.31359, 43.3384], [-80.31358, 43.33862], [-80.31357, 43.33883]]]}}, {"type": "Feature", "properties": {"id": "on-cgp-258595462", "name": "Geikie Island Crown Game Preserve", "hunting_allowed": false, "basis": "fwca_s9"}, "geometry": {"type": "Polygon", "coordinates": [[[-88.63116, 50.04577], [-88.63151, 50.04579], [-88.6319, 50.04579], [-88.63206, 50.04577], [-88.63235, 50.04577], [-88.63258, 50.04574], [-88.63271, 50.04574], [-88.6328, 50.04573], [-88.63291, 50.04573], [-88.63339, 50.04567], [-88.63352, 50.04562], [-88.63402, 50.04547], [-88.63418, 50.04541], [-88.63432, 50.04532], [-88.63444, 50.04527], [-88.63458, 50.04518], [-88.63472, 50.04513], [-88.63484, 50.04511], [-88.63502, 50.04502], [-88.63513, 50.04494], [-88.63531, 50.04489], [-88.63542, 50.04484], [-88.63555, 50.04475], [-88.63557, 50.04472], [-88.63559, 50.04467], [-88.63561, 50.04465], [-88.63577, 50.04461], [-88.63593, 50.04458], [-88.63601, 50.04457], [-88.63612, 50.04458], [-88.63626, 50.04457], [-88.63642, 50.04458], [-88.63654, 50.04456], [-88.63665, 50.04457], [-88.63675, 50.04455], [-88.63695, 50.04454], [-88.6371, 50.04456], [-88.63745, 50.04464], [-88.63755, 50.04464], [-88.63769, 50.04462], [-88.63786, 50.04456], [-88.638, 50.04454], [-88.63829, 50.04453], [-88.63844, 50.04456], [-88.63849, 50.04456], [-88.63866, 50.04451], [-88.63891, 50.04441], [-88.63901, 50.04438], [-88.63918, 50.04427], [-88.63932, 50.04423], [-88.63942, 50.04417], [-88.63954, 50.04415], [-88.63968, 50.04407], [-88.63978, 50.044], [-88.63996, 50.04382], [-88.64004, 50.0437], [-88.64009, 50.0436], [-88.64018, 50.04348], [-88.64022, 50.04337], [-88.64032, 50.04322], [-88.64035, 50.04315], [-88.64041, 50.04308], [-88.64048, 50.04295], [-88.64053, 50.04288], [-88.6406, 50.04269], [-88.6406, 50.04257], [-88.64092, 50.04231], [-88.64094, 50.04223], [-88.641, 50.04218], [-88.64102, 50.04214], [-88.641, 50.04207], [-88.64101, 50.04202], [-88.64114, 50.04194], [-88.64126, 50.04189], [-88.64131, 50.04186], [-88.64133, 50.04183], [-88.64134, 50.04178], [-88.64139, 50.04173], [-88.64143, 50.04165], [-88.64152, 50.04156], [-88.64155, 50.04152], [-88.64156, 50.04148], [-88.64153, 50.0414], [-88.64158, 50.04133], [-88.64158, 50.0412], [-88.64153, 50.04095], [-88.64153, 50.04092], [-88.64158, 50.04079], [-88.64166, 50.0407], [-88.64172, 50.04061], [-88.64177, 50.04047], [-88.64183, 50.04036], [-88.64184, 50.04029], [-88.64192, 50.04025], [-88.64194, 50.04023], [-88.64195, 50.04017], [-88.64197, 50.04011], [-88.64194, 50.03998], [-88.64199, 50.03988], [-88.64197, 50.03984], [-88.6419, 50.03977], [-88.64172, 50.03964], [-88.64167, 50.03956], [-88.64158, 50.03948], [-88.64149, 50.03935], [-88.64132, 50.03922], [-88.64125, 50.03913], [-88.64125, 50.03909], [-88.64133, 50.03902], [-88.64136, 50.03898], [-88.64138, 50.03888], [-88.64138, 50.03878], [-88.64144, 50.03865], [-88.6415, 50.0386], [-88.64163, 50.03854], [-88.64177, 50.03853], [-88.6419, 50.03854], [-88.64212, 50.03851], [-88.64241, 50.03842], [-88.64252, 50.0384], [-88.64268, 50.03836], [-88.64289, 50.03827], [-88.64305, 50.03818], [-88.64319, 50.03808], [-88.64327, 50.03799], [-88.64338, 50.03793], [-88.64346, 50.03784], [-88.64351, 50.03782], [-88.64358, 50.03782], [-88.64361, 50.0378], [-88.64373, 50.03767], [-88.64378, 50.03763], [-88.64382, 50.03761], [-88.64389, 50.03762], [-88.64392, 50.03761], [-88.64405, 50.0375], [-88.64413, 50.03747], [-88.64417, 50.03745], [-88.64424, 50.03733], [-88.64426, 50.03726], [-88.64432, 50.03715], [-88.64438, 50.03708], [-88.64446, 50.03702], [-88.64453, 50.03681], [-88.64454, 50.03674], [-88.64453, 50.03668], [-88.64458, 50.03648], [-88.64458, 50.0364], [-88.64454, 50.03631], [-88.64452, 50.03622], [-88.64454, 50.0361], [-88.64454, 50.03596], [-88.6445, 50.03583], [-88.64449, 50.03575], [-88.64444, 50.03567], [-88.64439, 50.03562], [-88.64432, 50.03559], [-88.6439, 50.03553], [-88.64371, 50.03552], [-88.64357, 50.03549], [-88.6434, 50.03548], [-88.64331, 50.03547], [-88.64322, 50.03547], [-88.6431, 50.03549], [-88.64295, 50.03554], [-88.64276, 50.03556], [-88.6426, 50.0356], [-88.64247, 50.03563], [-88.64231, 50.03566], [-88.64218, 50.03569], [-88.64208, 50.0357], [-88.64184, 50.03576], [-88.64158, 50.03586], [-88.64136, 50.03592], [-88.64113, 50.03603], [-88.64101, 50.03612], [-88.64075, 50.03623], [-88.64066, 50.03629], [-88.64064, 50.03633], [-88.64065, 50.0364], [-88.64064, 50.03643], [-88.64056, 50.03651], [-88.64051, 50.03654], [-88.64023, 50.03663], [-88.64018, 50.03664], [-88.64005, 50.03664], [-88.63997, 50.03666], [-88.63993, 50.03668], [-88.63989, 50.03677], [-88.63985, 50.03682], [-88.63966, 50.03693], [-88.63955, 50.03695], [-88.63945, 50.03699], [-88.6393, 50.037], [-88.639, 50.03705], [-88.63893, 50.03705], [-88.6388, 50.03703], [-88.63877, 50.03704], [-88.63869, 50.0371], [-88.63865, 50.03712], [-88.63852, 50.03713], [-88.63851, 50.03715], [-88.63853, 50.03729], [-88.63856, 50.03736], [-88.63855, 50.03739], [-88.63851, 50.03741], [-88.63837, 50.03744], [-88.63825, 50.03741], [-88.63818, 50.03741], [-88.63813, 50.03742], [-88.63801, 50.03746], [-88.63795, 50.0375], [-88.63792, 50.03751], [-88.63782, 50.03751], [-88.63748, 50.03753], [-88.63734, 50.03753], [-88.63721, 50.03756], [-88.63713, 50.03759], [-88.63698, 50.03761], [-88.63691, 50.03762], [-88.63673, 50.03767], [-88.63659, 50.03772], [-88.63646, 50.03774], [-88.63621, 50.03774], [-88.63608, 50.03771], [-88.63591, 50.03764], [-88.63581, 50.03761], [-88.63575, 50.03762], [-88.63573, 50.03763], [-88.63573, 50.03765], [-88.63578, 50.03773], [-88.63579, 50.03778], [-88.63571, 50.03799], [-88.63571, 50.03803], [-88.63572, 50.03806], [-88.63585, 50.03813], [-88.63588, 50.03815], [-88.63596, 50.03829], [-88.63596, 50.03836], [-88.63587, 50.03842], [-88.63582, 50.03843], [-88.63573, 50.03843], [-88.63564, 50.0384], [-88.63553, 50.03842], [-88.63538, 50.03841], [-88.63525, 50.03845], [-88.63512, 50.03846], [-88.63495, 50.0385], [-88.63481, 50.03855], [-88.63467, 50.03858], [-88.63456, 50.03858], [-88.63443, 50.03862], [-88.63432, 50.03863], [-88.63421, 50.03866], [-88.63407, 50.03867], [-88.63395, 50.03871], [-88.63377, 50.03879], [-88.63366, 50.03887], [-88.63359, 50.03892], [-88.63348, 50.03896], [-88.63336, 50.03897], [-88.63325, 50.03903], [-88.63316, 50.03905], [-88.63308, 50.03903], [-88.633, 50.03899], [-88.63289, 50.03889], [-88.63277, 50.0388], [-88.63276, 50.03877], [-88.63276, 50.03872], [-88.63274, 50.03868], [-88.63265, 50.03863], [-88.63254, 50.03859], [-88.6325, 50.03855], [-88.63248, 50.03849], [-88.63254, 50.03841], [-88.63255, 50.03838], [-88.63255, 50.03829], [-88.63252, 50.03821], [-88.63253, 50.03813], [-88.63256, 50.03801], [-88.63263, 50.03796], [-88.63265, 50.03793], [-88.63264, 50.0379], [-88.63259, 50.03786], [-88.63259, 50.03786], [-88.63259, 50.03786], [-88.63263, 50.03785], [-88.63264, 50.03783], [-88.63267, 50.03775], [-88.63262, 50.03759], [-88.63261, 50.03756], [-88.63264, 50.03753], [-88.63271, 50.03751], [-88.63273, 50.03749], [-88.63272, 50.03747], [-88.63268, 50.03742], [-88.63268, 50.0374], [-88.63271, 50.03737], [-88.63286, 50.03735], [-88.63293, 50.03733], [-88.63297, 50.03733], [-88.63306, 50.03736], [-88.6331, 50.03736], [-88.6331, 50.03735], [-88.63306, 50.03727], [-88.63301, 50.0372], [-88.63285, 50.03711], [-88.63273, 50.03705], [-88.63253, 50.03699], [-88.6323, 50.03691], [-88.63216, 50.03688], [-88.63213, 50.03687], [-88.63201, 50.03689], [-88.63188, 50.03691], [-88.63169, 50.03691], [-88.63131, 50.0368], [-88.63117, 50.03678], [-88.63095, 50.03676], [-88.63079, 50.03672], [-88.63053, 50.03669], [-88.6304, 50.03666], [-88.63027, 50.03659], [-88.63012, 50.03654], [-88.62992, 50.03652], [-88.62986, 50.0365], [-88.62984, 50.03646], [-88.62984, 50.03633], [-88.62987, 50.03626], [-88.62993, 50.03619], [-88.62995, 50.03614], [-88.62996, 50.03611], [-88.63003, 50.03608], [-88.63014, 50.03606], [-88.63018, 50.03604], [-88.63026, 50.03593], [-88.63045, 50.03578], [-88.63057, 50.0357], [-88.63068, 50.03565], [-88.63082, 50.03563], [-88.63104, 50.03556], [-88.63108, 50.03554], [-88.63129, 50.0354], [-88.63141, 50.03535], [-88.63146, 50.03528], [-88.63153, 50.03524], [-88.6316, 50.03515], [-88.63159, 50.035], [-88.63158, 50.03493], [-88.6316, 50.03486], [-88.63165, 50.03477], [-88.63179, 50.03463], [-88.63182, 50.03456], [-88.63193, 50.03452], [-88.63199, 50.03447], [-88.63205, 50.0344], [-88.63217, 50.03432], [-88.63232, 50.03425], [-88.63237, 50.03425], [-88.63244, 50.03428], [-88.63249, 50.03427], [-88.63255, 50.03424], [-88.6326, 50.03419], [-88.63262, 50.03414], [-88.63263, 50.03409], [-88.63265, 50.03406], [-88.63271, 50.03404], [-88.63284, 50.03402], [-88.63306, 50.03395], [-88.63326, 50.03391], [-88.63335, 50.03385], [-88.63348, 50.0338], [-88.63368, 50.03371], [-88.63404, 50.03348], [-88.63411, 50.03344], [-88.63416, 50.03338], [-88.63425, 50.03336], [-88.63438, 50.03328], [-88.63446, 50.03318], [-88.63452, 50.03317], [-88.63463, 50.03317], [-88.63478, 50.03312], [-88.63483, 50.03309], [-88.63489, 50.03302], [-88.63494, 50.03299], [-88.63503, 50.03296], [-88.63507, 50.03296], [-88.63541, 50.03301], [-88.63555, 50.03301], [-88.63561, 50.03301], [-88.6357, 50.03298], [-88.6362, 50.03279], [-88.63658, 50.03268], [-88.63673, 50.03259], [-88.63678, 50.03252], [-88.63685, 50.03247], [-88.6369, 50.03242], [-88.63699, 50.03229], [-88.63702, 50.03221], [-88.63707, 50.03213], [-88.63707, 50.03203], [-88.63709, 50.03196], [-88.63708, 50.0319], [-88.63707, 50.03177], [-88.63706, 50.03173], [-88.63699, 50.03166], [-88.63694, 50.03158], [-88.63688, 50.03142], [-88.63681, 50.03114], [-88.63681, 50.03101], [-88.63677, 50.03088], [-88.63677, 50.03083], [-88.63674, 50.03072], [-88.6366, 50.03053], [-88.63649, 50.03034], [-88.63644, 50.03028], [-88.63636, 50.03021], [-88.63627, 50.03009], [-88.63618, 50.03002], [-88.63601, 50.02997], [-88.63594, 50.02992], [-88.63588, 50.02987], [-88.6358, 50.02983], [-88.6357, 50.02971], [-88.63566, 50.02959], [-88.63555, 50.02952], [-88.6355, 50.02947], [-88.63541, 50.0294], [-88.63535, 50.02932], [-88.63531, 50.02925], [-88.63522, 50.02918], [-88.63517, 50.02911], [-88.63518, 50.02899], [-88.63527, 50.02875], [-88.63526, 50.02869], [-88.63526, 50.02855], [-88.63525, 50.02852], [-88.6352, 50.02846], [-88.6352, 50.02836], [-88.63525, 50.02829], [-88.63526, 50.02822], [-88.63535, 50.02813], [-88.63538, 50.02808], [-88.63538, 50.02793], [-88.63541, 50.0278], [-88.63537, 50.02771], [-88.63535, 50.02761], [-88.6352, 50.02744], [-88.63512, 50.02738], [-88.63488, 50.02729], [-88.63459, 50.02709], [-88.63447, 50.02699], [-88.6344, 50.02696], [-88.63427, 50.02693], [-88.63422, 50.02689], [-88.63422, 50.02686], [-88.63424, 50.02679], [-88.63426, 50.02665], [-88.63432, 50.02649], [-88.63427, 50.02637], [-88.6343, 50.02623], [-88.63426, 50.02607], [-88.63429, 50.02597], [-88.63424, 50.02589], [-88.63426, 50.02573], [-88.63425, 50.02567], [-88.63419, 50.02558], [-88.63417, 50.02549], [-88.63417, 50.0254], [-88.63412, 50.02527], [-88.63406, 50.02516], [-88.63399, 50.02512], [-88.63391, 50.02508], [-88.63378, 50.02511], [-88.63365, 50.0251], [-88.63354, 50.02511], [-88.63337, 50.02508], [-88.63322, 50.02507], [-88.63305, 50.02507], [-88.63266, 50.02499], [-88.63259, 50.02496], [-88.63246, 50.02486], [-88.63237, 50.02482], [-88.63228, 50.02471], [-88.63222, 50.02456], [-88.63222, 50.02451], [-88.63228, 50.02443], [-88.6323, 50.02436], [-88.63231, 50.02428], [-88.63238, 50.02422], [-88.63249, 50.02407], [-88.6325, 50.02398], [-88.6325, 50.02391], [-88.63257, 50.02384], [-88.63257, 50.02381], [-88.63256, 50.02376], [-88.63256, 50.02362], [-88.63253, 50.02355], [-88.63239, 50.02342], [-88.63231, 50.02336], [-88.63216, 50.02323], [-88.63215, 50.02319], [-88.63216, 50.02306], [-88.63212, 50.02301], [-88.63207, 50.02297], [-88.63201, 50.02296], [-88.63196, 50.02296], [-88.63185, 50.023], [-88.63178, 50.02301], [-88.63136, 50.02296], [-88.63117, 50.02296], [-88.63104, 50.02297], [-88.63097, 50.02298], [-88.63086, 50.02302], [-88.63057, 50.02314], [-88.63048, 50.02316], [-88.6304, 50.02317], [-88.63008, 50.02316], [-88.62983, 50.02312], [-88.62977, 50.02313], [-88.62965, 50.02316], [-88.62956, 50.02316], [-88.62947, 50.02315], [-88.6293, 50.02309], [-88.62924, 50.02305], [-88.62921, 50.02298], [-88.62914, 50.02293], [-88.62911, 50.02287], [-88.62906, 50.02281], [-88.62884, 50.02264], [-88.62879, 50.02259], [-88.62871, 50.02255], [-88.62865, 50.02251], [-88.62865, 50.02248], [-88.62872, 50.02236], [-88.62868, 50.02229], [-88.62866, 50.02223], [-88.62862, 50.02214], [-88.62858, 50.02211], [-88.62857, 50.02206], [-88.62856, 50.02205], [-88.6285, 50.02202], [-88.6284, 50.02202], [-88.62837, 50.022], [-88.62836, 50.02196], [-88.62838, 50.02192], [-88.62843, 50.02187], [-88.6285, 50.02183], [-88.62854, 50.02178], [-88.62857, 50.0217], [-88.62857, 50.02164], [-88.62854, 50.02154], [-88.62851, 50.0215], [-88.62842, 50.02146], [-88.62828, 50.02143], [-88.62827, 50.02142], [-88.62826, 50.02141], [-88.62827, 50.02138], [-88.62827, 50.02138], [-88.62835, 50.02135], [-88.62837, 50.02132], [-88.62836, 50.02121], [-88.62834, 50.02114], [-88.6283, 50.02107], [-88.62829, 50.02105], [-88.6283, 50.02093], [-88.62835, 50.02089], [-88.62836, 50.02086], [-88.62832, 50.02081], [-88.62824, 50.02075], [-88.62813, 50.0207], [-88.62808, 50.02069], [-88.62804, 50.02071], [-88.62799, 50.02077], [-88.62794, 50.0208], [-88.62785, 50.02082], [-88.62766, 50.02083], [-88.62754, 50.02086], [-88.62748, 50.02086], [-88.62736, 50.02086], [-88.62724, 50.02087], [-88.62708, 50.02084], [-88.62695, 50.02088], [-88.62692, 50.02087], [-88.62685, 50.02085], [-88.62681, 50.02085], [-88.62678, 50.02088], [-88.62676, 50.02097], [-88.62676, 50.02109], [-88.62666, 50.02127], [-88.62664, 50.02129], [-88.62651, 50.02137], [-88.62646, 50.02139], [-88.62625, 50.02143], [-88.62616, 50.02145], [-88.62602, 50.02147], [-88.62586, 50.0215], [-88.62564, 50.02152], [-88.62559, 50.02151], [-88.62537, 50.02144], [-88.62534, 50.02145], [-88.62532, 50.02148], [-88.62523, 50.02146], [-88.6251, 50.02149], [-88.62506, 50.02149], [-88.62503, 50.02148], [-88.62492, 50.02139], [-88.62488, 50.02134], [-88.62486, 50.02128], [-88.62488, 50.02127], [-88.62496, 50.02123], [-88.62505, 50.02112], [-88.62511, 50.02105], [-88.62511, 50.02102], [-88.62509, 50.02101], [-88.62504, 50.02102], [-88.62484, 50.02113], [-88.6248, 50.02114], [-88.62476, 50.02113], [-88.62472, 50.02108], [-88.62467, 50.02106], [-88.62461, 50.02106], [-88.62454, 50.02112], [-88.62448, 50.02113], [-88.62444, 50.02112], [-88.62432, 50.02105], [-88.62429, 50.021], [-88.6243, 50.02095], [-88.62433, 50.02092], [-88.62441, 50.02088], [-88.62442, 50.02085], [-88.6244, 50.02084], [-88.62439, 50.02083], [-88.62437, 50.02082], [-88.62433, 50.0208], [-88.62423, 50.02079], [-88.62421, 50.02079], [-88.6242, 50.02077], [-88.62421, 50.02077], [-88.62422, 50.02075], [-88.62428, 50.0207], [-88.62434, 50.02069], [-88.62439, 50.02071], [-88.62445, 50.02077], [-88.62447, 50.02079], [-88.62448, 50.0208], [-88.6245, 50.02082], [-88.62454, 50.02082], [-88.62456, 50.02081], [-88.62459, 50.02079], [-88.6246, 50.02076], [-88.62458, 50.02067], [-88.62456, 50.02062], [-88.62446, 50.02054], [-88.62436, 50.02049], [-88.62432, 50.02049], [-88.62428, 50.02049], [-88.62414, 50.02055], [-88.62412, 50.02058], [-88.62413, 50.02063], [-88.62413, 50.02066], [-88.62407, 50.02075], [-88.62387, 50.02086], [-88.62377, 50.02089], [-88.62358, 50.0209], [-88.62354, 50.0209], [-88.62344, 50.02087], [-88.62338, 50.02086], [-88.62333, 50.02084], [-88.62325, 50.02078], [-88.62313, 50.02062], [-88.62307, 50.02055], [-88.62298, 50.02048], [-88.62285, 50.02041], [-88.62281, 50.02038], [-88.62274, 50.02026], [-88.62267, 50.02017], [-88.62264, 50.02014], [-88.62264, 50.0201], [-88.62265, 50.02007], [-88.62278, 50.02], [-88.62286, 50.01992], [-88.62295, 50.01986], [-88.62297, 50.01982], [-88.62297, 50.01974], [-88.62299, 50.01967], [-88.62298, 50.01962], [-88.62292, 50.01957], [-88.62278, 50.01951], [-88.62274, 50.01948], [-88.62273, 50.01944], [-88.62273, 50.01935], [-88.62275, 50.01929], [-88.6228, 50.01923], [-88.62286, 50.0192], [-88.623, 50.01916], [-88.62311, 50.01916], [-88.62316, 50.01913], [-88.62318, 50.01907], [-88.6232, 50.01906], [-88.62326, 50.01904], [-88.62336, 50.01904], [-88.62344, 50.01899], [-88.62349, 50.01897], [-88.62351, 50.01897], [-88.62358, 50.01901], [-88.62369, 50.01902], [-88.62372, 50.01904], [-88.62374, 50.01907], [-88.62377, 50.01908], [-88.62379, 50.01908], [-88.62381, 50.01907], [-88.62377, 50.01904], [-88.62377, 50.01902], [-88.6238, 50.019], [-88.62385, 50.01899], [-88.62399, 50.01898], [-88.62419, 50.01899], [-88.62437, 50.01903], [-88.62444, 50.01903], [-88.62458, 50.01898], [-88.62463, 50.0189], [-88.6247, 50.01885], [-88.62491, 50.01881], [-88.62493, 50.01879], [-88.62498, 50.01874], [-88.62511, 50.0187], [-88.62513, 50.01868], [-88.62514, 50.01865], [-88.62512, 50.01863], [-88.62499, 50.01856], [-88.62481, 50.0185], [-88.62462, 50.01843], [-88.62457, 50.01842], [-88.62444, 50.01841], [-88.62426, 50.01838], [-88.62414, 50.01837], [-88.62408, 50.01835], [-88.62391, 50.01825], [-88.62367, 50.01808], [-88.62359, 50.01799], [-88.62356, 50.01798], [-88.6235, 50.01799], [-88.62347, 50.01796], [-88.62344, 50.01784], [-88.62344, 50.01781], [-88.62349, 50.01775], [-88.6235, 50.0177], [-88.62354, 50.01763], [-88.62357, 50.01762], [-88.62362, 50.01763], [-88.62364, 50.01762], [-88.62362, 50.0176], [-88.62354, 50.01756], [-88.62352, 50.01753], [-88.62354, 50.0175], [-88.62361, 50.01748], [-88.62363, 50.01745], [-88.62363, 50.01742], [-88.62359, 50.01735], [-88.62363, 50.01721], [-88.62362, 50.01711], [-88.62368, 50.01702], [-88.62367, 50.01693], [-88.62375, 50.01678], [-88.62376, 50.01671], [-88.62373, 50.0166], [-88.62373, 50.01652], [-88.62372, 50.01644], [-88.62372, 50.01639], [-88.62371, 50.01633], [-88.62372, 50.01617], [-88.62368, 50.01608], [-88.62366, 50.01598], [-88.62358, 50.01585], [-88.62352, 50.01578], [-88.62347, 50.0157], [-88.62347, 50.01565], [-88.62351, 50.0156], [-88.62366, 50.01552], [-88.62368, 50.01546], [-88.62377, 50.0154], [-88.62378, 50.01538], [-88.62377, 50.01533], [-88.62379, 50.01523], [-88.62384, 50.01512], [-88.62394, 50.01505], [-88.62399, 50.015], [-88.62415, 50.01494], [-88.62426, 50.01487], [-88.62442, 50.01481], [-88.62451, 50.01473], [-88.62455, 50.01472], [-88.62465, 50.01472], [-88.62468, 50.01471], [-88.62472, 50.01467], [-88.6248, 50.01462], [-88.6249, 50.01455], [-88.62494, 50.01452], [-88.62503, 50.0145], [-88.62506, 50.01448], [-88.62513, 50.0144], [-88.6253, 50.01439], [-88.62545, 50.01435], [-88.62554, 50.01432], [-88.62571, 50.0143], [-88.62579, 50.01427], [-88.62591, 50.01419], [-88.62595, 50.01414], [-88.62605, 50.01407], [-88.62611, 50.01401], [-88.62628, 50.01395], [-88.62639, 50.01387], [-88.6265, 50.01377], [-88.62652, 50.0137], [-88.62661, 50.0136], [-88.6266, 50.01357], [-88.62654, 50.0135], [-88.62654, 50.01342], [-88.62651, 50.01338], [-88.62643, 50.01333], [-88.62628, 50.01327], [-88.62621, 50.01323], [-88.62621, 50.01321], [-88.62622, 50.01316], [-88.62627, 50.01308], [-88.62628, 50.01304], [-88.62625, 50.01301], [-88.62618, 50.01298], [-88.62611, 50.01295], [-88.62575, 50.01287], [-88.62517, 50.01283], [-88.62492, 50.01276], [-88.62478, 50.01271], [-88.62451, 50.01257], [-88.62443, 50.0125], [-88.62433, 50.01246], [-88.62428, 50.01245], [-88.6241, 50.01248], [-88.62389, 50.01248], [-88.6238, 50.01245], [-88.62374, 50.01238], [-88.62369, 50.01232], [-88.62366, 50.01225], [-88.62367, 50.01218], [-88.6237, 50.01209], [-88.62381, 50.01199], [-88.62392, 50.01192], [-88.62403, 50.01187], [-88.62414, 50.01176], [-88.62419, 50.01168], [-88.62419, 50.01162], [-88.62414, 50.01155], [-88.62403, 50.01142], [-88.62393, 50.01129], [-88.62388, 50.01116], [-88.62383, 50.0111], [-88.62363, 50.01099], [-88.62356, 50.01096], [-88.62344, 50.01094], [-88.62329, 50.01089], [-88.62325, 50.01087], [-88.62323, 50.01084], [-88.62326, 50.01079], [-88.62342, 50.01065], [-88.62351, 50.01052], [-88.62353, 50.01046], [-88.62352, 50.01038], [-88.62354, 50.01029], [-88.62355, 50.01017], [-88.62365, 50.00999], [-88.6237, 50.00995], [-88.62378, 50.00985], [-88.62388, 50.00975], [-88.62395, 50.00972], [-88.62414, 50.00965], [-88.62423, 50.00964], [-88.62435, 50.00965], [-88.62452, 50.00966], [-88.62465, 50.00965], [-88.62481, 50.00961], [-88.62486, 50.00958], [-88.62491, 50.00955], [-88.625, 50.00945], [-88.62503, 50.00936], [-88.62503, 50.00931], [-88.62497, 50.00921], [-88.62498, 50.00906], [-88.62507, 50.00892], [-88.62509, 50.00887], [-88.62512, 50.00871], [-88.62513, 50.00853], [-88.62515, 50.00838], [-88.62523, 50.00819], [-88.62526, 50.00813], [-88.62534, 50.00803], [-88.62547, 50.00792], [-88.62556, 50.00786], [-88.62577, 50.00776], [-88.62607, 50.00765], [-88.62656, 50.00749], [-88.62664, 50.00749], [-88.62709, 50.00749], [-88.62737, 50.00746], [-88.62773, 50.00744], [-88.62826, 50.00739], [-88.62837, 50.00738], [-88.62889, 50.00725], [-88.62977, 50.00699], [-88.63012, 50.00686], [-88.63042, 50.00673], [-88.63054, 50.00671], [-88.63062, 50.00671], [-88.63067, 50.00672], [-88.63074, 50.00676], [-88.63078, 50.00677], [-88.63091, 50.00676], [-88.63101, 50.00675], [-88.63104, 50.00673], [-88.63106, 50.00671], [-88.63103, 50.0066], [-88.63103, 50.00657], [-88.63105, 50.00656], [-88.63127, 50.00648], [-88.63139, 50.00648], [-88.63142, 50.00648], [-88.6315, 50.00644], [-88.63151, 50.00642], [-88.6315, 50.0064], [-88.63139, 50.00629], [-88.63133, 50.00626], [-88.6312, 50.00621], [-88.63109, 50.00618], [-88.63098, 50.00614], [-88.6308, 50.0061], [-88.6306, 50.00606], [-88.63049, 50.00604], [-88.63025, 50.006], [-88.63008, 50.00596], [-88.62969, 50.00589], [-88.6294, 50.0058], [-88.62901, 50.00563], [-88.62856, 50.00546], [-88.62844, 50.00543], [-88.62835, 50.00539], [-88.62823, 50.00539], [-88.62817, 50.00537], [-88.62806, 50.00532], [-88.62797, 50.00526], [-88.62789, 50.00522], [-88.62788, 50.0052], [-88.62787, 50.00516], [-88.62785, 50.00514], [-88.62771, 50.0051], [-88.62765, 50.00506], [-88.6276, 50.00503], [-88.62755, 50.00502], [-88.62745, 50.00502], [-88.62734, 50.005], [-88.62726, 50.00495], [-88.62714, 50.00492], [-88.62707, 50.00489], [-88.62696, 50.00488], [-88.62681, 50.00483], [-88.62664, 50.00474], [-88.62652, 50.00471], [-88.62639, 50.00464], [-88.62624, 50.0046], [-88.62614, 50.00456], [-88.62598, 50.00454], [-88.62596, 50.00452], [-88.62594, 50.00447], [-88.62592, 50.00445], [-88.62588, 50.00443], [-88.62578, 50.00441], [-88.6257, 50.00436], [-88.62566, 50.00433], [-88.62559, 50.00422], [-88.62547, 50.00413], [-88.62536, 50.00408], [-88.62528, 50.00402], [-88.62519, 50.00391], [-88.62491, 50.00373], [-88.62475, 50.00361], [-88.62467, 50.00356], [-88.62448, 50.00354], [-88.62445, 50.00352], [-88.62443, 50.00349], [-88.62447, 50.00341], [-88.62445, 50.00336], [-88.62449, 50.00332], [-88.6245, 50.00331], [-88.62447, 50.00328], [-88.62437, 50.00324], [-88.62424, 50.0032], [-88.62413, 50.0032], [-88.62391, 50.00317], [-88.62381, 50.00314], [-88.6237, 50.00308], [-88.62364, 50.00307], [-88.62358, 50.00307], [-88.62341, 50.00309], [-88.62318, 50.0031], [-88.62311, 50.00309], [-88.62301, 50.00306], [-88.62295, 50.00305], [-88.62286, 50.00305], [-88.62268, 50.00305], [-88.62244, 50.00302], [-88.62232, 50.00298], [-88.62225, 50.00293], [-88.62216, 50.00288], [-88.62204, 50.00278], [-88.62196, 50.00274], [-88.62183, 50.0027], [-88.62169, 50.00261], [-88.62167, 50.00259], [-88.62166, 50.00253], [-88.6216, 50.00249], [-88.62159, 50.00246], [-88.6217, 50.00229], [-88.6217, 50.00226], [-88.62165, 50.00221], [-88.62165, 50.00219], [-88.6217, 50.00211], [-88.62172, 50.00203], [-88.62171, 50.00202], [-88.62169, 50.00201], [-88.62159, 50.00202], [-88.62155, 50.00201], [-88.62155, 50.00199], [-88.62157, 50.00192], [-88.62153, 50.00182], [-88.62152, 50.00173], [-88.62156, 50.00168], [-88.62157, 50.00162], [-88.62168, 50.00156], [-88.62172, 50.00153], [-88.62175, 50.00149], [-88.62178, 50.00142], [-88.62185, 50.00134], [-88.6219, 50.00132], [-88.62211, 50.0013], [-88.6222, 50.00129], [-88.62244, 50.00122], [-88.62267, 50.00119], [-88.62284, 50.0012], [-88.62302, 50.00118], [-88.62314, 50.00117], [-88.62323, 50.00116], [-88.62341, 50.00117], [-88.62352, 50.00116], [-88.62364, 50.00116], [-88.62378, 50.00119], [-88.62407, 50.0012], [-88.62418, 50.00118], [-88.62432, 50.00121], [-88.62445, 50.0012], [-88.6245, 50.00118], [-88.62458, 50.00111], [-88.62468, 50.00101], [-88.62482, 50.0009], [-88.62483, 50.00087], [-88.62484, 50.00082], [-88.62488, 50.00075], [-88.62495, 50.0007], [-88.62504, 50.00056], [-88.62515, 50.00051], [-88.62519, 50.00048], [-88.62522, 50.00037], [-88.62528, 50.0003], [-88.62529, 50.00026], [-88.62528, 50.00015], [-88.62521, 50.00008], [-88.62517, 49.99998], [-88.62511, 49.99991], [-88.62499, 49.99983], [-88.62491, 49.99975], [-88.62473, 49.99967], [-88.62459, 49.99963], [-88.62449, 49.99957], [-88.62427, 49.99951], [-88.62416, 49.99942], [-88.62394, 49.99924], [-88.62384, 49.9992], [-88.62349, 49.99908], [-88.6233, 49.99899], [-88.62318, 49.9989], [-88.62308, 49.9988], [-88.62296, 49.99867], [-88.62288, 49.99861], [-88.62283, 49.99856], [-88.62276, 49.99845], [-88.62267, 49.99833], [-88.62259, 49.99827], [-88.62255, 49.99814], [-88.6225, 49.9981], [-88.62234, 49.99806], [-88.62222, 49.998], [-88.62194, 49.99798], [-88.62177, 49.99792], [-88.62161, 49.99785], [-88.62117, 49.99756], [-88.62105, 49.99751], [-88.62071, 49.99739], [-88.62061, 49.99733], [-88.62051, 49.99729], [-88.62045, 49.99728], [-88.62029, 49.99727], [-88.62015, 49.99724], [-88.62007, 49.99724], [-88.61991, 49.99722], [-88.61974, 49.99718], [-88.61955, 49.9971], [-88.61935, 49.99706], [-88.61907, 49.99705], [-88.61897, 49.99705], [-88.61861, 49.99701], [-88.61838, 49.99701], [-88.61812, 49.99702], [-88.6177, 49.99699], [-88.61756, 49.99696], [-88.61741, 49.99697], [-88.61713, 49.99694], [-88.61683, 49.99692], [-88.61649, 49.99687], [-88.61606, 49.99688], [-88.61591, 49.99691], [-88.61568, 49.99691], [-88.61557, 49.99692], [-88.61541, 49.99692], [-88.61511, 49.99688], [-88.61495, 49.99689], [-88.61479, 49.99689], [-88.61465, 49.99687], [-88.61453, 49.99683], [-88.61433, 49.99684], [-88.61422, 49.99683], [-88.61399, 49.99679], [-88.61383, 49.99678], [-88.61362, 49.99675], [-88.6134, 49.9967], [-88.61315, 49.99668], [-88.61305, 49.99666], [-88.61295, 49.99665], [-88.61283, 49.99661], [-88.61261, 49.99657], [-88.61246, 49.99652], [-88.61231, 49.99652], [-88.6121, 49.99648], [-88.61193, 49.99646], [-88.61128, 49.9963], [-88.61093, 49.99623], [-88.61082, 49.99619], [-88.61074, 49.99612], [-88.61065, 49.99608], [-88.61058, 49.99604], [-88.61041, 49.99598], [-88.61026, 49.99591], [-88.61009, 49.9958], [-88.61005, 49.99577], [-88.60999, 49.99567], [-88.60994, 49.99551], [-88.6099, 49.99544], [-88.60986, 49.99529], [-88.60974, 49.99507], [-88.60974, 49.99502], [-88.60974, 49.99495], [-88.60975, 49.99491], [-88.60969, 49.99482], [-88.60963, 49.99455], [-88.60962, 49.99447], [-88.60965, 49.99433], [-88.6096, 49.99423], [-88.60957, 49.99409], [-88.60957, 49.99403], [-88.6096, 49.99393], [-88.60958, 49.99384], [-88.60957, 49.99379], [-88.60961, 49.9937], [-88.60962, 49.99359], [-88.60962, 49.99356], [-88.60957, 49.99348], [-88.60961, 49.99342], [-88.60962, 49.99339], [-88.60961, 49.99327], [-88.60959, 49.99317], [-88.60956, 49.99298], [-88.60959, 49.99292], [-88.60961, 49.99283], [-88.60961, 49.99272], [-88.60965, 49.99262], [-88.60963, 49.99255], [-88.60965, 49.99249], [-88.60964, 49.99244], [-88.6097, 49.99238], [-88.60971, 49.99224], [-88.60987, 49.99214], [-88.60995, 49.99211], [-88.61005, 49.99208], [-88.61014, 49.99203], [-88.61023, 49.99199], [-88.61042, 49.99195], [-88.61068, 49.99182], [-88.61077, 49.99172], [-88.61085, 49.99156], [-88.61087, 49.9915], [-88.61093, 49.99138], [-88.61096, 49.9913], [-88.61105, 49.99122], [-88.61115, 49.99116], [-88.61117, 49.99108], [-88.61122, 49.99103], [-88.61124, 49.991], [-88.61126, 49.99099], [-88.61132, 49.991], [-88.61133, 49.99099], [-88.61137, 49.99093], [-88.61148, 49.9909], [-88.61153, 49.99088], [-88.61161, 49.99081], [-88.61179, 49.99071], [-88.61189, 49.99064], [-88.61196, 49.99056], [-88.61209, 49.99054], [-88.61229, 49.99046], [-88.61246, 49.99034], [-88.61263, 49.99024], [-88.61269, 49.9902], [-88.61276, 49.99017], [-88.61289, 49.99015], [-88.61293, 49.9901], [-88.61307, 49.99006], [-88.61335, 49.9899], [-88.61347, 49.98989], [-88.61357, 49.9899], [-88.61361, 49.9899], [-88.61367, 49.98987], [-88.61371, 49.98982], [-88.61374, 49.9898], [-88.61378, 49.98979], [-88.61385, 49.98979], [-88.61395, 49.98977], [-88.61404, 49.98973], [-88.61423, 49.98966], [-88.61434, 49.98959], [-88.61448, 49.98955], [-88.61459, 49.98953], [-88.6147, 49.98952], [-88.61479, 49.98947], [-88.61493, 49.98942], [-88.61502, 49.98936], [-88.6152, 49.98931], [-88.61533, 49.98927], [-88.61547, 49.98924], [-88.61558, 49.98919], [-88.61579, 49.98912], [-88.61585, 49.98908], [-88.61593, 49.98901], [-88.61602, 49.98897], [-88.61604, 49.98895], [-88.6161, 49.98884], [-88.6161, 49.98878], [-88.61613, 49.98873], [-88.61611, 49.98869], [-88.61613, 49.98865], [-88.6161, 49.98859], [-88.6161, 49.98852], [-88.61604, 49.98839], [-88.61609, 49.98819], [-88.61615, 49.98811], [-88.61622, 49.98805], [-88.61634, 49.98799], [-88.61642, 49.98793], [-88.61669, 49.98784], [-88.61695, 49.98765], [-88.61699, 49.9876], [-88.61698, 49.9875], [-88.61702, 49.98735], [-88.61701, 49.9873], [-88.61698, 49.98724], [-88.61692, 49.98719], [-88.61679, 49.98701], [-88.61676, 49.98695], [-88.61676, 49.98687], [-88.61667, 49.98666], [-88.61657, 49.98653], [-88.61651, 49.98644], [-88.61641, 49.98636], [-88.61625, 49.98627], [-88.61612, 49.98622], [-88.61596, 49.98613], [-88.61583, 49.98608], [-88.61567, 49.98603], [-88.61554, 49.98598], [-88.61545, 49.98595], [-88.6153, 49.98593], [-88.61509, 49.98592], [-88.61496, 49.98591], [-88.61472, 49.98593], [-88.61455, 49.98593], [-88.61442, 49.98595], [-88.61435, 49.98594], [-88.61421, 49.98589], [-88.61412, 49.98588], [-88.6141, 49.98587], [-88.61408, 49.98583], [-88.61407, 49.98576], [-88.61411, 49.98571], [-88.61419, 49.98566], [-88.61425, 49.9856], [-88.61426, 49.98553], [-88.61427, 49.98547], [-88.61426, 49.98544], [-88.61423, 49.98542], [-88.61419, 49.98541], [-88.61404, 49.98539], [-88.61388, 49.98536], [-88.61376, 49.98532], [-88.61366, 49.98527], [-88.61358, 49.98525], [-88.61347, 49.98525], [-88.61329, 49.98524], [-88.61317, 49.98525], [-88.61304, 49.9853], [-88.61281, 49.98541], [-88.61266, 49.98545], [-88.61253, 49.98551], [-88.6125, 49.98554], [-88.61246, 49.98563], [-88.61244, 49.98571], [-88.61247, 49.98581], [-88.61256, 49.986], [-88.61257, 49.98606], [-88.61257, 49.9861], [-88.61249, 49.98618], [-88.61241, 49.98624], [-88.61225, 49.98634], [-88.61206, 49.9864], [-88.61187, 49.98644], [-88.61178, 49.98643], [-88.61171, 49.98644], [-88.6114, 49.98644], [-88.61128, 49.98642], [-88.61087, 49.98638], [-88.61074, 49.98635], [-88.61056, 49.98629], [-88.61028, 49.98624], [-88.61007, 49.98618], [-88.61003, 49.98618], [-88.60984, 49.98621], [-88.60972, 49.98621], [-88.60962, 49.98619], [-88.60956, 49.98621], [-88.60944, 49.9863], [-88.60923, 49.98637], [-88.60912, 49.98641], [-88.60894, 49.98645], [-88.60876, 49.98651], [-88.60869, 49.98651], [-88.60859, 49.98657], [-88.60844, 49.98661], [-88.60804, 49.9867], [-88.60795, 49.9867], [-88.6079, 49.98669], [-88.60788, 49.98666], [-88.60786, 49.9866], [-88.60785, 49.98658], [-88.6078, 49.98655], [-88.60774, 49.98653], [-88.60769, 49.98653], [-88.60766, 49.98654], [-88.60756, 49.98659], [-88.60753, 49.9866], [-88.60734, 49.98657], [-88.60687, 49.98635], [-88.60686, 49.98633], [-88.60691, 49.98628], [-88.60691, 49.98626], [-88.60682, 49.98623], [-88.60673, 49.98616], [-88.60665, 49.98612], [-88.60647, 49.98596], [-88.60637, 49.98593], [-88.60635, 49.98583], [-88.60636, 49.9858], [-88.60641, 49.98578], [-88.60653, 49.98576], [-88.60654, 49.98574], [-88.60654, 49.98573], [-88.60641, 49.98566], [-88.60635, 49.98565], [-88.60627, 49.98566], [-88.60622, 49.98565], [-88.60612, 49.98558], [-88.60607, 49.98549], [-88.60607, 49.98546], [-88.60613, 49.98535], [-88.60622, 49.98531], [-88.60631, 49.98524], [-88.60645, 49.98518], [-88.60656, 49.98502], [-88.6067, 49.98491], [-88.60675, 49.98489], [-88.60693, 49.98488], [-88.60706, 49.98485], [-88.6071, 49.98483], [-88.60721, 49.98473], [-88.60727, 49.98464], [-88.60737, 49.9846], [-88.60745, 49.98455], [-88.60771, 49.9844], [-88.60784, 49.98435], [-88.60795, 49.98428], [-88.608, 49.98424], [-88.6081, 49.98408], [-88.60817, 49.98402], [-88.60825, 49.98394], [-88.60828, 49.98386], [-88.6083, 49.98377], [-88.60835, 49.98363], [-88.60835, 49.98355], [-88.60837, 49.98352], [-88.60844, 49.98346], [-88.60846, 49.98324], [-88.60841, 49.98313], [-88.60835, 49.9831], [-88.60822, 49.98308], [-88.60792, 49.98307], [-88.60783, 49.98307], [-88.60768, 49.98309], [-88.60755, 49.98309], [-88.60747, 49.98308], [-88.60733, 49.98301], [-88.60726, 49.9829], [-88.60722, 49.98287], [-88.60704, 49.98277], [-88.60694, 49.98274], [-88.6068, 49.98273], [-88.60664, 49.98271], [-88.60651, 49.98265], [-88.60637, 49.98262], [-88.60613, 49.98263], [-88.60598, 49.98266], [-88.60591, 49.98266], [-88.6058, 49.98265], [-88.6057, 49.98265], [-88.60548, 49.98268], [-88.60513, 49.98271], [-88.60507, 49.98273], [-88.605, 49.98277], [-88.60494, 49.98279], [-88.60485, 49.9828], [-88.6047, 49.9828], [-88.60454, 49.98284], [-88.60446, 49.98285], [-88.60429, 49.98285], [-88.60409, 49.98279], [-88.60394, 49.9828], [-88.60385, 49.98278], [-88.60363, 49.98276], [-88.60356, 49.98274], [-88.60338, 49.98269], [-88.60314, 49.98264], [-88.60298, 49.98263], [-88.60294, 49.98262], [-88.60289, 49.98258], [-88.6028, 49.98247], [-88.60278, 49.98245], [-88.60271, 49.98244], [-88.60268, 49.98241], [-88.60262, 49.98232], [-88.60261, 49.98223], [-88.60255, 49.98211], [-88.60258, 49.98201], [-88.60257, 49.98193], [-88.60255, 49.98186], [-88.60248, 49.98174], [-88.60248, 49.98151], [-88.60253, 49.98127], [-88.60254, 49.98104], [-88.60258, 49.98097], [-88.60259, 49.98094], [-88.60259, 49.98086], [-88.60262, 49.98079], [-88.60272, 49.98067], [-88.6028, 49.98062], [-88.60286, 49.98055], [-88.60301, 49.9805], [-88.60335, 49.98052], [-88.60339, 49.98053], [-88.60344, 49.98056], [-88.60348, 49.98056], [-88.60361, 49.98052], [-88.60376, 49.98051], [-88.60392, 49.98046], [-88.60403, 49.98046], [-88.60416, 49.98043], [-88.60433, 49.98043], [-88.60447, 49.98042], [-88.60467, 49.98036], [-88.60478, 49.98035], [-88.60494, 49.98033], [-88.60505, 49.98035], [-88.6053, 49.98034], [-88.60534, 49.98034], [-88.60541, 49.98031], [-88.60553, 49.9803], [-88.60561, 49.98033], [-88.60568, 49.98033], [-88.60579, 49.98029], [-88.60592, 49.98029], [-88.60602, 49.98024], [-88.60611, 49.98025], [-88.60619, 49.98023], [-88.60629, 49.98024], [-88.60639, 49.98019], [-88.60661, 49.98015], [-88.60665, 49.98015], [-88.60676, 49.98017], [-88.6069, 49.98017], [-88.60699, 49.98012], [-88.6071, 49.98011], [-88.6072, 49.98009], [-88.60726, 49.98009], [-88.60734, 49.9801], [-88.60745, 49.98014], [-88.60747, 49.98013], [-88.60753, 49.9801], [-88.60762, 49.9801], [-88.60773, 49.98013], [-88.60778, 49.98014], [-88.60795, 49.98011], [-88.60806, 49.98005], [-88.60814, 49.98005], [-88.60824, 49.98], [-88.60828, 49.98], [-88.60837, 49.98001], [-88.60847, 49.98], [-88.60854, 49.98001], [-88.60867, 49.97997], [-88.60872, 49.97996], [-88.60877, 49.97997], [-88.60881, 49.98003], [-88.60887, 49.98006], [-88.60894, 49.98006], [-88.60896, 49.98006], [-88.60898, 49.98004], [-88.60899, 49.98003], [-88.609, 49.98003], [-88.60902, 49.98003], [-88.60903, 49.98005], [-88.60903, 49.98007], [-88.60907, 49.98008], [-88.6093, 49.98002], [-88.60942, 49.98001], [-88.60964, 49.98], [-88.61002, 49.98001], [-88.6104, 49.97995], [-88.61053, 49.97995], [-88.61062, 49.97997], [-88.61083, 49.97993], [-88.6111, 49.97993], [-88.61131, 49.9799], [-88.61163, 49.9799], [-88.6117, 49.97989], [-88.61187, 49.97984], [-88.6121, 49.97976], [-88.61217, 49.97978], [-88.61222, 49.97978], [-88.61237, 49.97974], [-88.61262, 49.97973], [-88.61273, 49.97968], [-88.61282, 49.97966], [-88.61298, 49.97966], [-88.61319, 49.97957], [-88.61339, 49.97955], [-88.61349, 49.9795], [-88.61356, 49.97948], [-88.61399, 49.97945], [-88.6142, 49.97945], [-88.6143, 49.97946], [-88.61446, 49.97944], [-88.61461, 49.97946], [-88.61488, 49.97941], [-88.61511, 49.9794], [-88.61516, 49.97939], [-88.61521, 49.97935], [-88.61526, 49.97933], [-88.61571, 49.97922], [-88.61582, 49.97921], [-88.61607, 49.9792], [-88.61619, 49.97918], [-88.61635, 49.97918], [-88.61649, 49.97913], [-88.61664, 49.97913], [-88.61686, 49.97913], [-88.61692, 49.97913], [-88.61711, 49.97908], [-88.61726, 49.979], [-88.61739, 49.97897], [-88.61745, 49.97895], [-88.61748, 49.97895], [-88.61756, 49.97898], [-88.61761, 49.97898], [-88.61765, 49.97897], [-88.61772, 49.97893], [-88.61786, 49.9789], [-88.61808, 49.97891], [-88.61822, 49.97893], [-88.61829, 49.97893], [-88.61849, 49.97895], [-88.61858, 49.97899], [-88.61863, 49.97899], [-88.61877, 49.97896], [-88.61888, 49.97895], [-88.61897, 49.97892], [-88.61907, 49.97891], [-88.61919, 49.97887], [-88.61927, 49.97884], [-88.6193, 49.97883], [-88.61935, 49.97884], [-88.61942, 49.97887], [-88.61953, 49.97891], [-88.6196, 49.97892], [-88.61976, 49.97889], [-88.6199, 49.97883], [-88.61999, 49.97882], [-88.62002, 49.97884], [-88.62004, 49.97884], [-88.62014, 49.97879], [-88.62014, 49.97878], [-88.62016, 49.97879], [-88.62016, 49.97879], [-88.62019, 49.97883], [-88.62024, 49.97884], [-88.6204, 49.9788], [-88.62054, 49.97882], [-88.62075, 49.97878], [-88.62087, 49.97874], [-88.621, 49.97865], [-88.6211, 49.97864], [-88.62119, 49.97863], [-88.62129, 49.97857], [-88.62142, 49.97855], [-88.62153, 49.97851], [-88.62171, 49.97846], [-88.62193, 49.97837], [-88.6222, 49.97821], [-88.62236, 49.97815], [-88.62248, 49.97807], [-88.62258, 49.97803], [-88.62271, 49.97785], [-88.62274, 49.97779], [-88.62284, 49.97768], [-88.62289, 49.97761], [-88.62302, 49.9775], [-88.62307, 49.97746], [-88.62314, 49.97742], [-88.62321, 49.97735], [-88.62329, 49.9772], [-88.62341, 49.97715], [-88.62344, 49.97711], [-88.62347, 49.97704], [-88.6235, 49.97701], [-88.62356, 49.97698], [-88.62365, 49.97695], [-88.62369, 49.97693], [-88.62371, 49.97689], [-88.62369, 49.97684], [-88.6237, 49.97682], [-88.62373, 49.97682], [-88.62384, 49.97681], [-88.62388, 49.9768], [-88.62389, 49.97674], [-88.62416, 49.9765], [-88.62424, 49.97638], [-88.62434, 49.97628], [-88.62441, 49.97619], [-88.62441, 49.97616], [-88.62433, 49.97611], [-88.62432, 49.97609], [-88.62446, 49.97603], [-88.62453, 49.97595], [-88.62461, 49.97592], [-88.62464, 49.97586], [-88.62469, 49.97582], [-88.62482, 49.97577], [-88.62496, 49.97567], [-88.625, 49.97557], [-88.62507, 49.9755], [-88.62509, 49.97542], [-88.62512, 49.97537], [-88.62511, 49.97528], [-88.62516, 49.9752], [-88.62516, 49.97511], [-88.62517, 49.97508], [-88.62519, 49.97507], [-88.62522, 49.97507], [-88.62532, 49.97511], [-88.62536, 49.97511], [-88.62537, 49.97507], [-88.62543, 49.97501], [-88.62547, 49.97495], [-88.62559, 49.97491], [-88.62566, 49.97491], [-88.62573, 49.97486], [-88.62579, 49.97485], [-88.62586, 49.97485], [-88.62598, 49.97487], [-88.62602, 49.97488], [-88.62617, 49.97482], [-88.62628, 49.97482], [-88.62636, 49.9748], [-88.62657, 49.97476], [-88.6267, 49.97479], [-88.62689, 49.97477], [-88.62707, 49.97483], [-88.62713, 49.97486], [-88.62722, 49.97489], [-88.62726, 49.97492], [-88.62732, 49.97498], [-88.62734, 49.97503], [-88.62733, 49.97506], [-88.62729, 49.97509], [-88.62729, 49.9751], [-88.62739, 49.97514], [-88.62753, 49.97521], [-88.62758, 49.97524], [-88.62761, 49.97528], [-88.62761, 49.97534], [-88.62755, 49.97545], [-88.62753, 49.97558], [-88.62757, 49.97565], [-88.62768, 49.97573], [-88.62769, 49.97576], [-88.62768, 49.97583], [-88.62773, 49.97586], [-88.62774, 49.97588], [-88.62776, 49.97597], [-88.62775, 49.97602], [-88.62771, 49.97609], [-88.62772, 49.97615], [-88.62777, 49.9762], [-88.62785, 49.97624], [-88.62788, 49.97626], [-88.62792, 49.97632], [-88.62807, 49.97649], [-88.62819, 49.97672], [-88.62823, 49.97676], [-88.62833, 49.97683], [-88.62843, 49.97686], [-88.62854, 49.97692], [-88.6288, 49.97699], [-88.62895, 49.97705], [-88.62906, 49.97706], [-88.62914, 49.97709], [-88.62921, 49.97709], [-88.62926, 49.97709], [-88.62932, 49.97707], [-88.62941, 49.977], [-88.62945, 49.97698], [-88.62966, 49.97693], [-88.62983, 49.97691], [-88.62989, 49.97687], [-88.62992, 49.97684], [-88.62992, 49.97681], [-88.62987, 49.97667], [-88.62987, 49.97655], [-88.62995, 49.97631], [-88.63, 49.97608], [-88.63012, 49.97585], [-88.63019, 49.97579], [-88.63035, 49.97571], [-88.63051, 49.97556], [-88.63057, 49.97549], [-88.63066, 49.97543], [-88.63077, 49.97539], [-88.63082, 49.97532], [-88.63089, 49.97529], [-88.63105, 49.9752], [-88.63113, 49.97514], [-88.63119, 49.97507], [-88.6313, 49.97501], [-88.63143, 49.97496], [-88.63154, 49.9749], [-88.63161, 49.97485], [-88.63171, 49.97481], [-88.63177, 49.97477], [-88.63188, 49.97466], [-88.63192, 49.9746], [-88.63196, 49.97447], [-88.63206, 49.97437], [-88.63215, 49.9743], [-88.63219, 49.97418], [-88.6322, 49.97409], [-88.63217, 49.97405], [-88.63213, 49.97402], [-88.63167, 49.9739], [-88.63155, 49.97385], [-88.63146, 49.97379], [-88.63122, 49.9737], [-88.63112, 49.97364], [-88.63102, 49.97357], [-88.63083, 49.97348], [-88.63075, 49.97339], [-88.63043, 49.97327], [-88.63027, 49.97324], [-88.6301, 49.97319], [-88.62992, 49.97318], [-88.62978, 49.97314], [-88.62967, 49.97314], [-88.62932, 49.9731], [-88.62919, 49.97309], [-88.62899, 49.97303], [-88.62883, 49.97302], [-88.62871, 49.97298], [-88.62861, 49.97293], [-88.6286, 49.97293], [-88.62857, 49.97295], [-88.62856, 49.97295], [-88.62853, 49.97295], [-88.62852, 49.97293], [-88.62851, 49.97292], [-88.62851, 49.97275], [-88.62858, 49.97243], [-88.62858, 49.97237], [-88.62862, 49.97231], [-88.62864, 49.97229], [-88.62872, 49.97219], [-88.62875, 49.97217], [-88.62883, 49.97217], [-88.62891, 49.97215], [-88.62908, 49.97216], [-88.62914, 49.97217], [-88.62923, 49.97212], [-88.62934, 49.9721], [-88.62937, 49.97211], [-88.62945, 49.97216], [-88.62948, 49.97217], [-88.62963, 49.97217], [-88.62973, 49.97218], [-88.62986, 49.97218], [-88.63005, 49.97221], [-88.63035, 49.97219], [-88.63038, 49.97218], [-88.63047, 49.97213], [-88.63059, 49.97209], [-88.63065, 49.97206], [-88.63074, 49.97204], [-88.63091, 49.97206], [-88.63105, 49.97205], [-88.63118, 49.97203], [-88.63127, 49.97202], [-88.63134, 49.972], [-88.63139, 49.97194], [-88.63141, 49.97192], [-88.63151, 49.97194], [-88.63164, 49.97195], [-88.63181, 49.97193], [-88.63198, 49.97189], [-88.63204, 49.97188], [-88.63212, 49.97184], [-88.63224, 49.97181], [-88.63232, 49.97177], [-88.63245, 49.97174], [-88.63276, 49.97168], [-88.63286, 49.97166], [-88.63321, 49.97156], [-88.6333, 49.97155], [-88.63337, 49.97154], [-88.63346, 49.97154], [-88.63355, 49.97148], [-88.63364, 49.97148], [-88.63375, 49.97145], [-88.63386, 49.97139], [-88.63397, 49.97139], [-88.6341, 49.97134], [-88.63423, 49.9713], [-88.63451, 49.97125], [-88.63467, 49.97121], [-88.63478, 49.97121], [-88.63485, 49.9712], [-88.63496, 49.97116], [-88.63506, 49.9711], [-88.63522, 49.97105], [-88.63529, 49.97104], [-88.63535, 49.97104], [-88.6354, 49.97105], [-88.63549, 49.97109], [-88.63564, 49.97114], [-88.63582, 49.97119], [-88.63595, 49.97121], [-88.63604, 49.97124], [-88.63608, 49.97126], [-88.63621, 49.97125], [-88.63629, 49.97127], [-88.63634, 49.97128], [-88.63644, 49.97127], [-88.63653, 49.97125], [-88.63676, 49.97115], [-88.63686, 49.97108], [-88.63713, 49.97097], [-88.63718, 49.97094], [-88.63723, 49.97087], [-88.63739, 49.97072], [-88.63742, 49.97068], [-88.63742, 49.97065], [-88.63741, 49.97061], [-88.63733, 49.97054], [-88.63728, 49.97051], [-88.6372, 49.97048], [-88.63696, 49.97036], [-88.63683, 49.97033], [-88.63677, 49.97033], [-88.63661, 49.97034], [-88.63631, 49.97032], [-88.63602, 49.97034], [-88.63567, 49.97032], [-88.63553, 49.97033], [-88.63551, 49.97032], [-88.63548, 49.97028], [-88.63543, 49.97026], [-88.63538, 49.97026], [-88.63531, 49.97027], [-88.63525, 49.97026], [-88.6352, 49.97021], [-88.63518, 49.97015], [-88.63512, 49.97009], [-88.63511, 49.97007], [-88.63514, 49.97005], [-88.63526, 49.97002], [-88.63536, 49.96997], [-88.63547, 49.96996], [-88.63556, 49.96993], [-88.63575, 49.96984], [-88.63587, 49.96983], [-88.63595, 49.96978], [-88.63616, 49.96969], [-88.63629, 49.96968], [-88.63641, 49.96963], [-88.63652, 49.96961], [-88.6366, 49.96957], [-88.63665, 49.96952], [-88.63675, 49.96952], [-88.63683, 49.96951], [-88.63691, 49.96947], [-88.637, 49.96945], [-88.63708, 49.96941], [-88.63716, 49.96939], [-88.63737, 49.96932], [-88.63747, 49.96925], [-88.63767, 49.96921], [-88.6378, 49.96914], [-88.63809, 49.96906], [-88.63834, 49.96892], [-88.63839, 49.96884], [-88.63842, 49.96878], [-88.63855, 49.96868], [-88.63863, 49.96855], [-88.6387, 49.96846], [-88.63886, 49.96841], [-88.63891, 49.96841], [-88.63896, 49.96842], [-88.63927, 49.96856], [-88.63947, 49.96862], [-88.63962, 49.96872], [-88.63972, 49.96876], [-88.63977, 49.96879], [-88.63981, 49.96884], [-88.63984, 49.96892], [-88.63985, 49.969], [-88.63982, 49.96908], [-88.63974, 49.96917], [-88.63965, 49.96931], [-88.63964, 49.96935], [-88.63964, 49.96939], [-88.63973, 49.96949], [-88.6398, 49.96962], [-88.63983, 49.96968], [-88.63985, 49.9697], [-88.63993, 49.96976], [-88.64003, 49.96982], [-88.64015, 49.96986], [-88.64024, 49.96991], [-88.64043, 49.96995], [-88.64048, 49.96996], [-88.64056, 49.96995], [-88.64067, 49.96991], [-88.64078, 49.96991], [-88.6409, 49.96985], [-88.64101, 49.96982], [-88.64111, 49.96975], [-88.6412, 49.96975], [-88.64127, 49.96972], [-88.64134, 49.9697], [-88.64138, 49.96968], [-88.64142, 49.96963], [-88.64153, 49.96962], [-88.64162, 49.96957], [-88.64176, 49.96953], [-88.64178, 49.96951], [-88.64179, 49.96945], [-88.64185, 49.96945], [-88.64197, 49.96942], [-88.64199, 49.96939], [-88.642, 49.96935], [-88.64208, 49.96933], [-88.64214, 49.96926], [-88.64222, 49.96921], [-88.64227, 49.96913], [-88.64239, 49.96907], [-88.64246, 49.96905], [-88.64252, 49.96898], [-88.64261, 49.96894], [-88.64267, 49.96889], [-88.64275, 49.96878], [-88.64285, 49.96874], [-88.6429, 49.9687], [-88.64294, 49.96864], [-88.64296, 49.96856], [-88.64299, 49.96851], [-88.64302, 49.96843], [-88.64302, 49.96839], [-88.64299, 49.96835], [-88.643, 49.96832], [-88.64312, 49.96825], [-88.64319, 49.96816], [-88.64327, 49.9681], [-88.64333, 49.96802], [-88.6434, 49.9679], [-88.6434, 49.96783], [-88.64344, 49.96774], [-88.64347, 49.96755], [-88.64346, 49.9675], [-88.64337, 49.96742], [-88.64334, 49.96736], [-88.64335, 49.96734], [-88.64338, 49.96728], [-88.64341, 49.96713], [-88.64334, 49.96704], [-88.64326, 49.967], [-88.64323, 49.96698], [-88.64321, 49.96694], [-88.6432, 49.9669], [-88.64325, 49.9668], [-88.64345, 49.96665], [-88.64348, 49.96662], [-88.64351, 49.96657], [-88.64349, 49.9665], [-88.6435, 49.96643], [-88.64359, 49.9663], [-88.64361, 49.96625], [-88.64365, 49.96622], [-88.64375, 49.96619], [-88.64381, 49.96617], [-88.64393, 49.96606], [-88.64403, 49.96599], [-88.64412, 49.96596], [-88.64418, 49.96595], [-88.64429, 49.96598], [-88.6444, 49.966], [-88.64445, 49.96599], [-88.64448, 49.96597], [-88.64449, 49.96594], [-88.64448, 49.96593], [-88.64438, 49.96589], [-88.64433, 49.96582], [-88.64425, 49.96578], [-88.64422, 49.96576], [-88.64421, 49.96575], [-88.64424, 49.96569], [-88.64424, 49.96561], [-88.64428, 49.96552], [-88.64428, 49.96546], [-88.6443, 49.96544], [-88.64441, 49.9654], [-88.64454, 49.96539], [-88.64462, 49.96535], [-88.64463, 49.96531], [-88.64468, 49.96529], [-88.64471, 49.96524], [-88.64471, 49.9652], [-88.64469, 49.96516], [-88.64466, 49.96512], [-88.64462, 49.9651], [-88.64438, 49.96506], [-88.64429, 49.96506], [-88.64416, 49.96509], [-88.64409, 49.96509], [-88.64393, 49.96508], [-88.6438, 49.96504], [-88.64376, 49.96501], [-88.64371, 49.96493], [-88.6437, 49.96487], [-88.64371, 49.96479], [-88.64366, 49.96472], [-88.64365, 49.96469], [-88.64369, 49.96462], [-88.64381, 49.96455], [-88.6439, 49.96451], [-88.64396, 49.96445], [-88.64404, 49.96445], [-88.64418, 49.96441], [-88.64422, 49.96439], [-88.64428, 49.96434], [-88.64439, 49.96431], [-88.64455, 49.96423], [-88.64463, 49.96412], [-88.64463, 49.96406], [-88.64465, 49.96399], [-88.64459, 49.96388], [-88.64449, 49.9638], [-88.64418, 49.96367], [-88.64413, 49.96365], [-88.64406, 49.96366], [-88.64404, 49.96364], [-88.64403, 49.9636], [-88.64404, 49.96356], [-88.64413, 49.96344], [-88.64414, 49.96337], [-88.6441, 49.96333], [-88.64396, 49.96328], [-88.64367, 49.9632], [-88.64357, 49.9632], [-88.64338, 49.96321], [-88.64333, 49.9632], [-88.6433, 49.96316], [-88.64328, 49.96312], [-88.64333, 49.96306], [-88.64334, 49.96299], [-88.64339, 49.96292], [-88.6435, 49.96289], [-88.64354, 49.96286], [-88.64357, 49.9628], [-88.64358, 49.96275], [-88.64362, 49.96269], [-88.6436, 49.96262], [-88.64352, 49.96256], [-88.64349, 49.96254], [-88.64347, 49.96245], [-88.64346, 49.96237], [-88.64343, 49.96231], [-88.64337, 49.96225], [-88.64332, 49.96215], [-88.6433, 49.96209], [-88.64331, 49.96201], [-88.64329, 49.96197], [-88.64324, 49.96193], [-88.64307, 49.96188], [-88.64286, 49.96184], [-88.64275, 49.96182], [-88.64263, 49.96178], [-88.64257, 49.96177], [-88.64252, 49.96177], [-88.64241, 49.96181], [-88.64234, 49.96182], [-88.64227, 49.96182], [-88.64216, 49.9618], [-88.6421, 49.9618], [-88.64188, 49.96185], [-88.64182, 49.96185], [-88.6416, 49.96186], [-88.64148, 49.96184], [-88.64135, 49.96182], [-88.64123, 49.96181], [-88.64115, 49.96183], [-88.64093, 49.96193], [-88.64087, 49.96194], [-88.64073, 49.9619], [-88.6402, 49.96182], [-88.63997, 49.96182], [-88.63971, 49.96179], [-88.63959, 49.96179], [-88.63943, 49.96179], [-88.63927, 49.9618], [-88.63923, 49.9618], [-88.63916, 49.96178], [-88.6391, 49.96173], [-88.63903, 49.96168], [-88.63898, 49.96163], [-88.63897, 49.96159], [-88.639, 49.96149], [-88.63908, 49.96138], [-88.63909, 49.96132], [-88.63897, 49.96109], [-88.63895, 49.96102], [-88.6389, 49.96095], [-88.63884, 49.96091], [-88.63873, 49.96088], [-88.63867, 49.96084], [-88.63862, 49.96079], [-88.63846, 49.96058], [-88.63841, 49.96055], [-88.63832, 49.96051], [-88.63826, 49.96044], [-88.63817, 49.9604], [-88.63786, 49.96034], [-88.63777, 49.9603], [-88.63776, 49.96028], [-88.63778, 49.96022], [-88.63776, 49.96016], [-88.63785, 49.96005], [-88.63788, 49.95998], [-88.63793, 49.95993], [-88.63797, 49.95991], [-88.63806, 49.9599], [-88.63819, 49.95989], [-88.63826, 49.95984], [-88.63835, 49.9598], [-88.63841, 49.95973], [-88.63847, 49.95969], [-88.63852, 49.95963], [-88.63865, 49.95955], [-88.63868, 49.95954], [-88.63876, 49.95952], [-88.63894, 49.95942], [-88.63912, 49.95937], [-88.63924, 49.95928], [-88.63938, 49.95925], [-88.63951, 49.9592], [-88.63963, 49.95913], [-88.63973, 49.95912], [-88.63998, 49.95903], [-88.64008, 49.95902], [-88.64026, 49.95906], [-88.64032, 49.95906], [-88.64037, 49.95903], [-88.64044, 49.95896], [-88.64063, 49.95887], [-88.64064, 49.95885], [-88.64063, 49.95883], [-88.64059, 49.95879], [-88.64045, 49.95875], [-88.64026, 49.95874], [-88.64012, 49.95871], [-88.64006, 49.95867], [-88.64004, 49.95861], [-88.63999, 49.95856], [-88.63991, 49.95853], [-88.63973, 49.95848], [-88.63967, 49.95848], [-88.63949, 49.95851], [-88.63927, 49.95859], [-88.6391, 49.95864], [-88.63907, 49.95866], [-88.63901, 49.95875], [-88.63893, 49.95881], [-88.6389, 49.95885], [-88.63888, 49.95896], [-88.63897, 49.95908], [-88.63898, 49.95912], [-88.63897, 49.95916], [-88.63893, 49.95919], [-88.63886, 49.95922], [-88.6387, 49.95922], [-88.63851, 49.95923], [-88.63834, 49.95926], [-88.63816, 49.95925], [-88.63795, 49.9592], [-88.63774, 49.95918], [-88.6377, 49.95916], [-88.63764, 49.9591], [-88.63755, 49.95906], [-88.63749, 49.95905], [-88.63735, 49.95905], [-88.63716, 49.959], [-88.63706, 49.95893], [-88.63698, 49.95889], [-88.63693, 49.95884], [-88.63686, 49.95871], [-88.63681, 49.95867], [-88.63666, 49.95859], [-88.63654, 49.9585], [-88.63645, 49.95847], [-88.6362, 49.95848], [-88.636, 49.95847], [-88.63589, 49.95845], [-88.63583, 49.95845], [-88.63556, 49.95852], [-88.63522, 49.95858], [-88.635, 49.95864], [-88.63484, 49.95867], [-88.63467, 49.95866], [-88.63452, 49.95864], [-88.63408, 49.95865], [-88.63398, 49.95868], [-88.63382, 49.95874], [-88.63368, 49.95876], [-88.63359, 49.95875], [-88.63353, 49.95876], [-88.63337, 49.9588], [-88.63328, 49.95884], [-88.63318, 49.95887], [-88.63307, 49.95893], [-88.63292, 49.95899], [-88.63276, 49.95902], [-88.6327, 49.95904], [-88.63265, 49.95908], [-88.63247, 49.95933], [-88.6324, 49.9594], [-88.6323, 49.95956], [-88.6322, 49.95964], [-88.63215, 49.95965], [-88.6321, 49.95966], [-88.63199, 49.95963], [-88.63182, 49.95958], [-88.63171, 49.95955], [-88.6315, 49.95951], [-88.63142, 49.95951], [-88.6313, 49.95953], [-88.63118, 49.95951], [-88.63108, 49.95951], [-88.63102, 49.9595], [-88.63084, 49.95944], [-88.63079, 49.95942], [-88.63077, 49.95938], [-88.63078, 49.95931], [-88.63076, 49.95929], [-88.63072, 49.95928], [-88.63041, 49.95928], [-88.63025, 49.95929], [-88.63007, 49.95931], [-88.62996, 49.9593], [-88.62988, 49.95927], [-88.62972, 49.95918], [-88.62964, 49.95911], [-88.62955, 49.95895], [-88.62938, 49.95885], [-88.62934, 49.95879], [-88.62914, 49.9587], [-88.62907, 49.95869], [-88.62896, 49.9587], [-88.62891, 49.9587], [-88.62866, 49.95864], [-88.62839, 49.95862], [-88.62826, 49.9586], [-88.6282, 49.95858], [-88.62812, 49.95853], [-88.62799, 49.95849], [-88.62782, 49.95846], [-88.62765, 49.9584], [-88.62756, 49.95824], [-88.62755, 49.95818], [-88.62758, 49.95812], [-88.62771, 49.95802], [-88.62781, 49.95798], [-88.62786, 49.95793], [-88.6279, 49.95792], [-88.62803, 49.95792], [-88.6281, 49.95791], [-88.62818, 49.95791], [-88.62833, 49.95794], [-88.62857, 49.95784], [-88.6287, 49.95781], [-88.62879, 49.95777], [-88.62881, 49.95774], [-88.62879, 49.95769], [-88.62876, 49.95767], [-88.62873, 49.95765], [-88.62859, 49.95762], [-88.62822, 49.95757], [-88.6281, 49.95758], [-88.62792, 49.95755], [-88.62745, 49.95754], [-88.62718, 49.95746], [-88.62706, 49.95743], [-88.6268, 49.95737], [-88.62633, 49.95729], [-88.62626, 49.95729], [-88.6262, 49.9573], [-88.62609, 49.95732], [-88.62598, 49.95736], [-88.62569, 49.9574], [-88.62541, 49.95745], [-88.6253, 49.95752], [-88.6252, 49.95764], [-88.62515, 49.95769], [-88.62508, 49.95773], [-88.62501, 49.95775], [-88.62494, 49.95776], [-88.62475, 49.95774], [-88.62462, 49.95776], [-88.62433, 49.95772], [-88.62424, 49.95772], [-88.62408, 49.95773], [-88.62405, 49.95772], [-88.6239, 49.95763], [-88.62375, 49.95757], [-88.62365, 49.95755], [-88.62348, 49.95746], [-88.62346, 49.95744], [-88.62347, 49.95736], [-88.62343, 49.95732], [-88.62339, 49.95731], [-88.6233, 49.95731], [-88.62318, 49.95729], [-88.6231, 49.95725], [-88.623, 49.9572], [-88.62297, 49.95718], [-88.62295, 49.95715], [-88.62296, 49.95708], [-88.62286, 49.95695], [-88.62287, 49.95692], [-88.62289, 49.95686], [-88.62289, 49.95679], [-88.62286, 49.95672], [-88.62285, 49.95667], [-88.62281, 49.95661], [-88.6228, 49.95658], [-88.62281, 49.95654], [-88.62285, 49.95648], [-88.62286, 49.95646], [-88.62281, 49.95634], [-88.62281, 49.95633], [-88.62282, 49.95631], [-88.62284, 49.9563], [-88.62285, 49.95631], [-88.62287, 49.95632], [-88.6229, 49.95632], [-88.62312, 49.95615], [-88.62327, 49.95607], [-88.62347, 49.95603], [-88.62352, 49.95601], [-88.6236, 49.95596], [-88.62362, 49.95591], [-88.62363, 49.9559], [-88.62372, 49.95586], [-88.62388, 49.95576], [-88.62392, 49.95575], [-88.62404, 49.95576], [-88.62413, 49.95577], [-88.62424, 49.95577], [-88.6244, 49.95581], [-88.62454, 49.95581], [-88.62463, 49.95585], [-88.62481, 49.95596], [-88.62485, 49.95597], [-88.62488, 49.95597], [-88.62492, 49.95591], [-88.62499, 49.9559], [-88.62503, 49.95589], [-88.62521, 49.95572], [-88.62524, 49.95562], [-88.62529, 49.95556], [-88.62527, 49.9555], [-88.62528, 49.95548], [-88.62539, 49.95543], [-88.62546, 49.95535], [-88.62549, 49.95531], [-88.62553, 49.9553], [-88.62559, 49.9553], [-88.62567, 49.95528], [-88.62584, 49.95518], [-88.62586, 49.95514], [-88.62582, 49.95507], [-88.62583, 49.95503], [-88.6259, 49.955], [-88.62598, 49.95493], [-88.62616, 49.95486], [-88.62628, 49.95474], [-88.62632, 49.95467], [-88.62635, 49.95464], [-88.62645, 49.9546], [-88.6265, 49.95455], [-88.62659, 49.9545], [-88.62662, 49.95449], [-88.62672, 49.95448], [-88.62686, 49.95441], [-88.62689, 49.95438], [-88.62693, 49.95429], [-88.62699, 49.95426], [-88.62703, 49.95425], [-88.62707, 49.95425], [-88.62731, 49.95432], [-88.62736, 49.95431], [-88.62738, 49.9543], [-88.62737, 49.95428], [-88.62734, 49.95427], [-88.62725, 49.95426], [-88.6272, 49.95426], [-88.62692, 49.95412], [-88.62665, 49.95411], [-88.6264, 49.95408], [-88.62635, 49.95407], [-88.62618, 49.95399], [-88.62599, 49.95388], [-88.62593, 49.95385], [-88.62551, 49.95377], [-88.62541, 49.95374], [-88.62525, 49.95365], [-88.62519, 49.95364], [-88.62512, 49.95365], [-88.62493, 49.95372], [-88.62483, 49.95376], [-88.62474, 49.95378], [-88.62459, 49.95379], [-88.6244, 49.95379], [-88.62424, 49.95377], [-88.62414, 49.95378], [-88.62396, 49.95373], [-88.62382, 49.95372], [-88.62371, 49.95368], [-88.62358, 49.95366], [-88.62332, 49.95358], [-88.62326, 49.95355], [-88.62311, 49.95345], [-88.62298, 49.95328], [-88.62293, 49.9532], [-88.62292, 49.95314], [-88.62282, 49.95303], [-88.62276, 49.95293], [-88.62273, 49.95285], [-88.62278, 49.95263], [-88.62281, 49.95257], [-88.62281, 49.95247], [-88.62282, 49.9524], [-88.62294, 49.95227], [-88.62299, 49.95217], [-88.62316, 49.95195], [-88.62319, 49.95186], [-88.62322, 49.95181], [-88.62333, 49.95176], [-88.62338, 49.95169], [-88.62344, 49.95166], [-88.62348, 49.95164], [-88.62355, 49.95163], [-88.62357, 49.95162], [-88.62361, 49.95155], [-88.62371, 49.95152], [-88.62375, 49.95146], [-88.62389, 49.95137], [-88.62397, 49.95131], [-88.62405, 49.95126], [-88.62415, 49.95117], [-88.62417, 49.95116], [-88.62424, 49.95116], [-88.62427, 49.95115], [-88.62434, 49.95105], [-88.62438, 49.95102], [-88.62445, 49.95099], [-88.62454, 49.95098], [-88.62466, 49.95095], [-88.62469, 49.9509], [-88.62471, 49.95084], [-88.62471, 49.95083], [-88.62473, 49.95081], [-88.62475, 49.95081], [-88.62477, 49.95081], [-88.62479, 49.95083], [-88.62482, 49.95086], [-88.62485, 49.95088], [-88.62488, 49.95087], [-88.62494, 49.95083], [-88.62497, 49.95082], [-88.62509, 49.95085], [-88.62521, 49.95086], [-88.62531, 49.95088], [-88.62543, 49.95089], [-88.6255, 49.95094], [-88.62557, 49.95096], [-88.62563, 49.95097], [-88.62572, 49.95098], [-88.62608, 49.95108], [-88.62626, 49.95115], [-88.62641, 49.95124], [-88.6265, 49.95127], [-88.62655, 49.9513], [-88.62668, 49.95143], [-88.62675, 49.95156], [-88.62681, 49.95163], [-88.62684, 49.95172], [-88.6269, 49.95192], [-88.62695, 49.95204], [-88.62714, 49.95223], [-88.62728, 49.95232], [-88.62747, 49.9524], [-88.62754, 49.95244], [-88.62757, 49.95245], [-88.62765, 49.95245], [-88.62768, 49.95246], [-88.62773, 49.95249], [-88.62778, 49.95251], [-88.62788, 49.9526], [-88.62795, 49.95261], [-88.628, 49.95264], [-88.62825, 49.95281], [-88.62853, 49.95298], [-88.62859, 49.95304], [-88.62878, 49.95329], [-88.62885, 49.95336], [-88.62902, 49.9535], [-88.6291, 49.95353], [-88.6292, 49.95353], [-88.62924, 49.95354], [-88.62931, 49.95358], [-88.62942, 49.95366], [-88.62944, 49.95374], [-88.62946, 49.95377], [-88.62949, 49.9538], [-88.62956, 49.95382], [-88.6297, 49.95383], [-88.6298, 49.95386], [-88.62997, 49.95389], [-88.63005, 49.95389], [-88.63012, 49.95389], [-88.63026, 49.95388], [-88.63036, 49.95389], [-88.63048, 49.95394], [-88.63074, 49.95395], [-88.63087, 49.95397], [-88.63097, 49.95397], [-88.63105, 49.95396], [-88.63116, 49.95397], [-88.63119, 49.95396], [-88.63125, 49.95392], [-88.6314, 49.95387], [-88.63156, 49.95381], [-88.63157, 49.95379], [-88.63156, 49.95374], [-88.63164, 49.95369], [-88.63167, 49.95361], [-88.63178, 49.95361], [-88.63187, 49.95353], [-88.63199, 49.95351], [-88.63207, 49.95344], [-88.6322, 49.95342], [-88.63226, 49.95335], [-88.6324, 49.95331], [-88.63242, 49.9533], [-88.63243, 49.9533], [-88.63245, 49.95331], [-88.63245, 49.95331], [-88.63246, 49.95336], [-88.63247, 49.95339], [-88.6325, 49.95342], [-88.63254, 49.95343], [-88.63255, 49.95341], [-88.63255, 49.95335], [-88.63265, 49.95326], [-88.63266, 49.95323], [-88.63264, 49.95316], [-88.63264, 49.95311], [-88.63267, 49.95305], [-88.6327, 49.95293], [-88.63264, 49.9528], [-88.63261, 49.95262], [-88.63257, 49.95256], [-88.6326, 49.95245], [-88.63264, 49.95235], [-88.63263, 49.95233], [-88.63258, 49.95228], [-88.63257, 49.95225], [-88.63266, 49.95215], [-88.63284, 49.95209], [-88.63288, 49.95207], [-88.63292, 49.952], [-88.63292, 49.95191], [-88.63294, 49.95188], [-88.63301, 49.9518], [-88.63309, 49.95177], [-88.63311, 49.95176], [-88.6331, 49.95175], [-88.63308, 49.95173], [-88.63289, 49.95166], [-88.63286, 49.95162], [-88.63287, 49.95157], [-88.63301, 49.95141], [-88.63303, 49.95137], [-88.63301, 49.95128], [-88.63293, 49.95123], [-88.63296, 49.95118], [-88.63295, 49.95112], [-88.63283, 49.95104], [-88.63272, 49.95091], [-88.63259, 49.95084], [-88.63247, 49.95069], [-88.63231, 49.95059], [-88.63226, 49.95057], [-88.6322, 49.95057], [-88.63192, 49.95061], [-88.63182, 49.95059], [-88.63156, 49.95056], [-88.63149, 49.95054], [-88.63143, 49.95051], [-88.63132, 49.95043], [-88.6313, 49.95039], [-88.6313, 49.95036], [-88.63133, 49.95027], [-88.63131, 49.95018], [-88.63133, 49.95011], [-88.63132, 49.95009], [-88.63126, 49.95008], [-88.63111, 49.95009], [-88.6309, 49.95007], [-88.63074, 49.95004], [-88.63064, 49.95002], [-88.63032, 49.95004], [-88.63016, 49.94999], [-88.63013, 49.94995], [-88.63015, 49.94992], [-88.63023, 49.94987], [-88.63026, 49.94987], [-88.63031, 49.94989], [-88.63036, 49.94988], [-88.63038, 49.94984], [-88.63037, 49.94979], [-88.63038, 49.94976], [-88.63043, 49.94968], [-88.63046, 49.94966], [-88.63055, 49.94962], [-88.63066, 49.94959], [-88.63075, 49.94953], [-88.63085, 49.94948], [-88.63089, 49.94944], [-88.63096, 49.94939], [-88.63104, 49.94926], [-88.63105, 49.94922], [-88.63103, 49.94916], [-88.63096, 49.94908], [-88.63092, 49.94902], [-88.63085, 49.94895], [-88.63075, 49.94876], [-88.63075, 49.94867], [-88.63084, 49.94839], [-88.63081, 49.94831], [-88.63083, 49.94827], [-88.63101, 49.94814], [-88.63121, 49.94807], [-88.63135, 49.94801], [-88.63148, 49.94794], [-88.63157, 49.94791], [-88.63182, 49.94786], [-88.63196, 49.94785], [-88.63205, 49.94783], [-88.6321, 49.9478], [-88.63216, 49.94774], [-88.63218, 49.9477], [-88.63218, 49.94768], [-88.63214, 49.94765], [-88.63208, 49.94764], [-88.6318, 49.94767], [-88.63156, 49.94765], [-88.63131, 49.94757], [-88.63117, 49.94747], [-88.63111, 49.94746], [-88.63103, 49.94746], [-88.63093, 49.9475], [-88.63085, 49.94751], [-88.6306, 49.94751], [-88.63042, 49.94752], [-88.63026, 49.94749], [-88.63018, 49.94749], [-88.63008, 49.94751], [-88.62998, 49.9475], [-88.62991, 49.9475], [-88.62978, 49.94748], [-88.62959, 49.94748], [-88.62945, 49.94746], [-88.62929, 49.94748], [-88.62911, 49.94745], [-88.62885, 49.94743], [-88.62873, 49.94738], [-88.62862, 49.94737], [-88.62855, 49.94734], [-88.62843, 49.94727], [-88.62839, 49.94723], [-88.62835, 49.94713], [-88.62835, 49.94708], [-88.62839, 49.94705], [-88.62851, 49.94698], [-88.62861, 49.94696], [-88.62863, 49.94691], [-88.62863, 49.94688], [-88.62862, 49.94685], [-88.6286, 49.94683], [-88.62854, 49.94682], [-88.62844, 49.94684], [-88.62837, 49.94685], [-88.62822, 49.94683], [-88.62817, 49.94684], [-88.62813, 49.94687], [-88.6281, 49.94691], [-88.62798, 49.94717], [-88.62796, 49.94719], [-88.62791, 49.9472], [-88.62786, 49.9472], [-88.62779, 49.94716], [-88.62775, 49.94711], [-88.62775, 49.94703], [-88.62768, 49.94699], [-88.62759, 49.94691], [-88.62756, 49.94689], [-88.62752, 49.94689], [-88.62747, 49.94692], [-88.62743, 49.94697], [-88.62746, 49.94711], [-88.62744, 49.94719], [-88.62742, 49.94724], [-88.62735, 49.94732], [-88.62724, 49.94738], [-88.62705, 49.94746], [-88.62698, 49.94752], [-88.62693, 49.94759], [-88.62686, 49.94784], [-88.62687, 49.94788], [-88.62703, 49.94807], [-88.62718, 49.94817], [-88.62722, 49.94822], [-88.62723, 49.94827], [-88.62722, 49.94837], [-88.62719, 49.94841], [-88.627, 49.94858], [-88.62691, 49.94862], [-88.62682, 49.94869], [-88.62675, 49.94871], [-88.62668, 49.94871], [-88.62645, 49.94866], [-88.62635, 49.94861], [-88.62626, 49.94858], [-88.62605, 49.94845], [-88.62595, 49.94843], [-88.62587, 49.9484], [-88.62573, 49.94831], [-88.62549, 49.94822], [-88.62535, 49.94813], [-88.62517, 49.94808], [-88.62498, 49.94801], [-88.62481, 49.94798], [-88.62474, 49.94796], [-88.6247, 49.94794], [-88.62449, 49.94782], [-88.62446, 49.94779], [-88.62444, 49.94775], [-88.62446, 49.94765], [-88.62454, 49.94756], [-88.62458, 49.94755], [-88.6247, 49.94754], [-88.62473, 49.94752], [-88.62474, 49.94749], [-88.62472, 49.94746], [-88.62465, 49.94743], [-88.62451, 49.94735], [-88.62434, 49.94729], [-88.62424, 49.94723], [-88.62413, 49.9472], [-88.62408, 49.94719], [-88.62396, 49.9472], [-88.6239, 49.94719], [-88.62386, 49.94716], [-88.62378, 49.94708], [-88.62373, 49.94706], [-88.62368, 49.94706], [-88.62348, 49.94713], [-88.62341, 49.94713], [-88.62301, 49.94707], [-88.62283, 49.94702], [-88.6227, 49.94696], [-88.62264, 49.94692], [-88.62261, 49.94689], [-88.62258, 49.94684], [-88.62254, 49.94681], [-88.62241, 49.94675], [-88.62231, 49.94674], [-88.62227, 49.94672], [-88.62219, 49.94664], [-88.62215, 49.9465], [-88.62214, 49.94648], [-88.62209, 49.94648], [-88.62199, 49.94652], [-88.62194, 49.94653], [-88.6219, 49.94653], [-88.6216, 49.9464], [-88.62142, 49.94635], [-88.62123, 49.94632], [-88.62118, 49.9463], [-88.62105, 49.94614], [-88.62099, 49.94601], [-88.62099, 49.94598], [-88.62101, 49.94593], [-88.62105, 49.94591], [-88.62118, 49.94587], [-88.62133, 49.94579], [-88.62142, 49.94577], [-88.62161, 49.94569], [-88.62172, 49.94567], [-88.62181, 49.94564], [-88.6219, 49.94563], [-88.62195, 49.94561], [-88.62201, 49.94556], [-88.62211, 49.94551], [-88.62217, 49.94542], [-88.62224, 49.94535], [-88.62229, 49.94528], [-88.6224, 49.94522], [-88.62249, 49.94519], [-88.62252, 49.94517], [-88.62253, 49.94515], [-88.62252, 49.9451], [-88.62253, 49.94505], [-88.62253, 49.94498], [-88.62253, 49.94495], [-88.62257, 49.94489], [-88.62266, 49.94483], [-88.62284, 49.94473], [-88.62293, 49.94472], [-88.62304, 49.94466], [-88.62308, 49.94465], [-88.62317, 49.94465], [-88.62326, 49.94466], [-88.62329, 49.94468], [-88.62335, 49.94473], [-88.62339, 49.94474], [-88.62359, 49.94471], [-88.62362, 49.9447], [-88.62363, 49.94466], [-88.62363, 49.94458], [-88.62366, 49.94453], [-88.62369, 49.94441], [-88.62376, 49.94431], [-88.62383, 49.94426], [-88.62385, 49.94422], [-88.62387, 49.94411], [-88.62383, 49.94401], [-88.62387, 49.94389], [-88.62387, 49.94383], [-88.62389, 49.94378], [-88.62394, 49.94374], [-88.62399, 49.94367], [-88.62402, 49.94361], [-88.62404, 49.94354], [-88.62411, 49.94345], [-88.62412, 49.94342], [-88.62411, 49.94336], [-88.62412, 49.9433], [-88.62412, 49.94324], [-88.62418, 49.9431], [-88.6242, 49.94308], [-88.62426, 49.94305], [-88.62432, 49.94299], [-88.62432, 49.94293], [-88.62434, 49.94291], [-88.62449, 49.94282], [-88.62458, 49.94273], [-88.62468, 49.94269], [-88.62472, 49.94267], [-88.62473, 49.94257], [-88.62478, 49.94252], [-88.6248, 49.94248], [-88.62481, 49.94239], [-88.6249, 49.94233], [-88.62494, 49.94226], [-88.62505, 49.94215], [-88.6251, 49.94208], [-88.62517, 49.94202], [-88.62522, 49.94197], [-88.62535, 49.94189], [-88.62545, 49.94184], [-88.6255, 49.94184], [-88.62557, 49.94186], [-88.62561, 49.94185], [-88.62569, 49.94181], [-88.62572, 49.94177], [-88.62573, 49.94172], [-88.62569, 49.94168], [-88.62561, 49.94165], [-88.62547, 49.94163], [-88.62544, 49.94161], [-88.62546, 49.94154], [-88.62542, 49.94146], [-88.62547, 49.94136], [-88.62545, 49.94127], [-88.62553, 49.94114], [-88.62555, 49.94108], [-88.62554, 49.94104], [-88.6255, 49.94097], [-88.62552, 49.94087], [-88.6255, 49.94083], [-88.62541, 49.94075], [-88.62531, 49.94069], [-88.62527, 49.94064], [-88.62518, 49.94059], [-88.62513, 49.94054], [-88.62512, 49.9405], [-88.62513, 49.94047], [-88.62516, 49.94043], [-88.62521, 49.94039], [-88.62521, 49.94037], [-88.62518, 49.9403], [-88.62513, 49.94026], [-88.62506, 49.94022], [-88.62501, 49.94021], [-88.62497, 49.94023], [-88.62494, 49.94028], [-88.62492, 49.9403], [-88.62472, 49.94036], [-88.62467, 49.94037], [-88.62456, 49.94035], [-88.62446, 49.9403], [-88.62435, 49.94026], [-88.62431, 49.94024], [-88.62427, 49.94018], [-88.62419, 49.9401], [-88.62412, 49.94006], [-88.624, 49.93988], [-88.62398, 49.93986], [-88.62392, 49.93984], [-88.62391, 49.93973], [-88.62388, 49.93969], [-88.62384, 49.93967], [-88.62376, 49.93966], [-88.62374, 49.93965], [-88.62375, 49.93957], [-88.6238, 49.93947], [-88.62407, 49.9393], [-88.62413, 49.93924], [-88.62413, 49.93919], [-88.62409, 49.93912], [-88.6241, 49.93907], [-88.62413, 49.93905], [-88.62416, 49.93905], [-88.62423, 49.93907], [-88.62434, 49.93908], [-88.62447, 49.93912], [-88.6245, 49.93912], [-88.62451, 49.93909], [-88.62451, 49.93904], [-88.62444, 49.93896], [-88.6244, 49.93894], [-88.62431, 49.93893], [-88.62425, 49.93892], [-88.6239, 49.93876], [-88.62381, 49.93871], [-88.62368, 49.93867], [-88.62361, 49.93864], [-88.62358, 49.93864], [-88.62324, 49.93866], [-88.62319, 49.93865], [-88.62308, 49.93862], [-88.62298, 49.93856], [-88.62289, 49.93849], [-88.62285, 49.93833], [-88.62278, 49.93825], [-88.62273, 49.93822], [-88.6227, 49.93822], [-88.62267, 49.93824], [-88.62254, 49.93841], [-88.62251, 49.93848], [-88.62246, 49.9385], [-88.62233, 49.9385], [-88.62202, 49.9385], [-88.62196, 49.93848], [-88.62183, 49.93842], [-88.62176, 49.93837], [-88.62164, 49.93824], [-88.62159, 49.93817], [-88.62145, 49.93801], [-88.62141, 49.93793], [-88.62138, 49.93792], [-88.62131, 49.9379], [-88.62128, 49.93788], [-88.62128, 49.93782], [-88.62123, 49.93768], [-88.62128, 49.93755], [-88.6213, 49.93733], [-88.62135, 49.93715], [-88.62133, 49.93702], [-88.62125, 49.93686], [-88.62123, 49.93678], [-88.62114, 49.93668], [-88.62113, 49.9366], [-88.62109, 49.93653], [-88.62098, 49.93636], [-88.62093, 49.93631], [-88.6208, 49.93624], [-88.6204, 49.93607], [-88.62014, 49.93597], [-88.61989, 49.93594], [-88.6197, 49.9359], [-88.61954, 49.93589], [-88.61941, 49.93589], [-88.61913, 49.93586], [-88.61893, 49.93586], [-88.61881, 49.93584], [-88.61861, 49.93581], [-88.61833, 49.93574], [-88.61817, 49.93565], [-88.61799, 49.93551], [-88.61796, 49.93539], [-88.61793, 49.93533], [-88.61785, 49.93526], [-88.61784, 49.93523], [-88.6178, 49.93514], [-88.61767, 49.93493], [-88.61764, 49.93492], [-88.61756, 49.93493], [-88.61747, 49.93489], [-88.61733, 49.93488], [-88.61718, 49.93485], [-88.61687, 49.93483], [-88.61679, 49.93479], [-88.61672, 49.93474], [-88.61669, 49.93475], [-88.61662, 49.9348], [-88.61657, 49.93481], [-88.61637, 49.9348], [-88.61624, 49.93483], [-88.61594, 49.93485], [-88.61583, 49.93483], [-88.61574, 49.93478], [-88.61564, 49.93479], [-88.6155, 49.93479], [-88.61538, 49.93477], [-88.61525, 49.93478], [-88.61512, 49.93478], [-88.61507, 49.93477], [-88.61499, 49.93473], [-88.61492, 49.93473], [-88.6147, 49.93478], [-88.61459, 49.93479], [-88.61447, 49.93483], [-88.61433, 49.93486], [-88.61426, 49.93488], [-88.61418, 49.93492], [-88.61406, 49.93504], [-88.61387, 49.93516], [-88.61386, 49.9352], [-88.61388, 49.93529], [-88.61388, 49.93535], [-88.61383, 49.93548], [-88.6137, 49.93559], [-88.6136, 49.9357], [-88.6133, 49.93591], [-88.61325, 49.93598], [-88.61323, 49.93606], [-88.6132, 49.93611], [-88.61316, 49.93613], [-88.61307, 49.93617], [-88.61294, 49.93619], [-88.61286, 49.93622], [-88.61281, 49.93626], [-88.61278, 49.93633], [-88.6128, 49.93644], [-88.61304, 49.93671], [-88.61309, 49.9368], [-88.61309, 49.93684], [-88.61308, 49.93692], [-88.61303, 49.937], [-88.61302, 49.93703], [-88.61303, 49.93708], [-88.61306, 49.93714], [-88.6131, 49.93718], [-88.61315, 49.9372], [-88.61327, 49.93723], [-88.61344, 49.93725], [-88.61369, 49.93732], [-88.6138, 49.93739], [-88.61389, 49.93743], [-88.61391, 49.93746], [-88.61392, 49.93751], [-88.61394, 49.93754], [-88.61407, 49.93762], [-88.61417, 49.93773], [-88.61426, 49.93789], [-88.61427, 49.93797], [-88.61438, 49.9381], [-88.61442, 49.93819], [-88.61446, 49.93825], [-88.61447, 49.9383], [-88.61445, 49.93839], [-88.61445, 49.93858], [-88.61435, 49.93868], [-88.61426, 49.93884], [-88.61422, 49.9389], [-88.6142, 49.939], [-88.61415, 49.93907], [-88.61413, 49.93917], [-88.61402, 49.93936], [-88.61376, 49.93961], [-88.6137, 49.9397], [-88.6136, 49.93977], [-88.61343, 49.93986], [-88.61334, 49.93989], [-88.61323, 49.93991], [-88.61319, 49.93992], [-88.61305, 49.94003], [-88.61292, 49.94011], [-88.61291, 49.94015], [-88.61296, 49.94018], [-88.61307, 49.94019], [-88.61315, 49.94021], [-88.61344, 49.94039], [-88.6135, 49.94042], [-88.61365, 49.94045], [-88.61378, 49.9405], [-88.6139, 49.94058], [-88.61412, 49.94064], [-88.61422, 49.9407], [-88.61441, 49.94079], [-88.61448, 49.94084], [-88.61455, 49.94093], [-88.61461, 49.94102], [-88.61473, 49.94114], [-88.61475, 49.94119], [-88.61475, 49.94123], [-88.61473, 49.94127], [-88.6147, 49.9413], [-88.61452, 49.94138], [-88.61448, 49.94142], [-88.61447, 49.94145], [-88.61451, 49.94152], [-88.61451, 49.9416], [-88.61449, 49.94167], [-88.61422, 49.94187], [-88.61413, 49.94191], [-88.6141, 49.94195], [-88.61411, 49.94198], [-88.61418, 49.94203], [-88.61428, 49.94208], [-88.61442, 49.94216], [-88.61448, 49.94219], [-88.61457, 49.9422], [-88.61459, 49.94222], [-88.61469, 49.94234], [-88.6148, 49.94243], [-88.61487, 49.94254], [-88.61514, 49.94273], [-88.61519, 49.94278], [-88.61535, 49.94288], [-88.61548, 49.94289], [-88.6156, 49.94294], [-88.61573, 49.94306], [-88.61578, 49.94314], [-88.61585, 49.94319], [-88.61592, 49.94325], [-88.61596, 49.94327], [-88.61605, 49.9433], [-88.61613, 49.94335], [-88.61626, 49.94342], [-88.61641, 49.94352], [-88.61654, 49.9436], [-88.61662, 49.94367], [-88.61682, 49.94381], [-88.61695, 49.94393], [-88.61714, 49.94404], [-88.61719, 49.9441], [-88.61722, 49.94421], [-88.61736, 49.94433], [-88.61741, 49.9444], [-88.61744, 49.94442], [-88.61752, 49.94445], [-88.61763, 49.94453], [-88.61776, 49.94457], [-88.61785, 49.94466], [-88.6179, 49.94474], [-88.61791, 49.94476], [-88.61789, 49.94496], [-88.61776, 49.94506], [-88.61764, 49.94512], [-88.61746, 49.9452], [-88.61733, 49.94524], [-88.61719, 49.94529], [-88.61699, 49.94533], [-88.61665, 49.94542], [-88.61644, 49.94552], [-88.61638, 49.94556], [-88.61635, 49.94564], [-88.61633, 49.94574], [-88.61634, 49.94583], [-88.61635, 49.94588], [-88.61641, 49.94598], [-88.61644, 49.94611], [-88.61651, 49.94626], [-88.61649, 49.94656], [-88.61648, 49.94659], [-88.61642, 49.94665], [-88.61629, 49.94675], [-88.61619, 49.94687], [-88.61611, 49.947], [-88.61596, 49.94728], [-88.61596, 49.94746], [-88.61598, 49.94751], [-88.61622, 49.94764], [-88.61633, 49.94771], [-88.61654, 49.94797], [-88.61665, 49.94809], [-88.61673, 49.94814], [-88.61682, 49.94824], [-88.61697, 49.94835], [-88.61704, 49.94842], [-88.61717, 49.94849], [-88.61721, 49.94853], [-88.61723, 49.94857], [-88.61723, 49.94865], [-88.61726, 49.94873], [-88.61724, 49.94886], [-88.61726, 49.949], [-88.6173, 49.94911], [-88.61734, 49.94931], [-88.61737, 49.94944], [-88.61738, 49.94952], [-88.61736, 49.94964], [-88.61738, 49.94988], [-88.61735, 49.94996], [-88.61737, 49.95008], [-88.61734, 49.95018], [-88.61728, 49.9503], [-88.61713, 49.95052], [-88.61681, 49.95085], [-88.61677, 49.95093], [-88.61673, 49.95103], [-88.61671, 49.95112], [-88.61666, 49.9512], [-88.61662, 49.95131], [-88.61661, 49.95149], [-88.61662, 49.95152], [-88.61669, 49.9516], [-88.61672, 49.95167], [-88.61671, 49.9517], [-88.61663, 49.9519], [-88.61663, 49.95205], [-88.61661, 49.95214], [-88.61662, 49.95218], [-88.61669, 49.95238], [-88.61667, 49.95245], [-88.61665, 49.95247], [-88.61657, 49.95252], [-88.61649, 49.95258], [-88.61643, 49.95261], [-88.61628, 49.95262], [-88.61612, 49.95262], [-88.61596, 49.95259], [-88.61585, 49.95258], [-88.61572, 49.9525], [-88.61569, 49.95247], [-88.61569, 49.95238], [-88.61562, 49.95231], [-88.6156, 49.95228], [-88.61561, 49.95219], [-88.61562, 49.95211], [-88.61561, 49.95204], [-88.61558, 49.95201], [-88.61554, 49.95199], [-88.61531, 49.95194], [-88.61517, 49.95188], [-88.61492, 49.95188], [-88.61486, 49.95188], [-88.61477, 49.95185], [-88.61461, 49.95177], [-88.61458, 49.95175], [-88.61456, 49.95169], [-88.61441, 49.95151], [-88.61436, 49.9514], [-88.61427, 49.95131], [-88.61421, 49.95121], [-88.61404, 49.95107], [-88.61402, 49.95104], [-88.61402, 49.95097], [-88.61401, 49.95094], [-88.61393, 49.95084], [-88.6139, 49.95079], [-88.61385, 49.95073], [-88.61382, 49.95063], [-88.61376, 49.95055], [-88.61371, 49.95042], [-88.61373, 49.9503], [-88.61381, 49.95017], [-88.6138, 49.95013], [-88.61376, 49.9501], [-88.6136, 49.95005], [-88.61348, 49.95005], [-88.61336, 49.95002], [-88.61317, 49.95002], [-88.61295, 49.95008], [-88.61284, 49.95008], [-88.6125, 49.95015], [-88.61235, 49.95024], [-88.61222, 49.9503], [-88.61217, 49.95032], [-88.61205, 49.95034], [-88.61195, 49.95038], [-88.61189, 49.95041], [-88.6117, 49.95058], [-88.61158, 49.95075], [-88.61152, 49.95081], [-88.61148, 49.95087], [-88.61131, 49.95103], [-88.61129, 49.95106], [-88.61128, 49.95115], [-88.61124, 49.95123], [-88.61124, 49.95128], [-88.61126, 49.95136], [-88.61127, 49.95148], [-88.61131, 49.9516], [-88.61136, 49.95166], [-88.61153, 49.95182], [-88.61163, 49.95191], [-88.61165, 49.95196], [-88.61165, 49.95205], [-88.61167, 49.95208], [-88.61172, 49.9521], [-88.61177, 49.95212], [-88.61185, 49.95214], [-88.61192, 49.95217], [-88.61202, 49.9522], [-88.61213, 49.95228], [-88.61225, 49.95232], [-88.61235, 49.95232], [-88.61247, 49.95228], [-88.61259, 49.95229], [-88.61265, 49.95231], [-88.61272, 49.95231], [-88.61275, 49.9523], [-88.61276, 49.95229], [-88.61278, 49.95225], [-88.6128, 49.95224], [-88.61282, 49.95226], [-88.61281, 49.9523], [-88.6128, 49.95231], [-88.61281, 49.95233], [-88.61285, 49.95233], [-88.61288, 49.9523], [-88.61289, 49.95229], [-88.61291, 49.95229], [-88.61292, 49.9523], [-88.61293, 49.95231], [-88.61294, 49.95234], [-88.61298, 49.95237], [-88.61305, 49.95237], [-88.61313, 49.95238], [-88.61322, 49.95236], [-88.61332, 49.95237], [-88.61342, 49.95237], [-88.61344, 49.95238], [-88.61348, 49.95244], [-88.61354, 49.95248], [-88.61361, 49.95254], [-88.61365, 49.95259], [-88.61366, 49.95266], [-88.61363, 49.95274], [-88.6136, 49.95277], [-88.61353, 49.95281], [-88.61335, 49.95289], [-88.61324, 49.95291], [-88.61319, 49.95291], [-88.61314, 49.95292], [-88.61309, 49.95295], [-88.61302, 49.95297], [-88.61298, 49.95301], [-88.61294, 49.95302], [-88.61281, 49.95301], [-88.61279, 49.953], [-88.61276, 49.95295], [-88.61269, 49.95293], [-88.61266, 49.95293], [-88.61254, 49.95296], [-88.61246, 49.95297], [-88.61226, 49.95294], [-88.61211, 49.95292], [-88.61188, 49.95298], [-88.61182, 49.95297], [-88.6117, 49.95292], [-88.61156, 49.9529], [-88.61141, 49.95287], [-88.61126, 49.95287], [-88.61121, 49.95288], [-88.61108, 49.95297], [-88.61095, 49.953], [-88.6109, 49.95303], [-88.61073, 49.95318], [-88.61065, 49.95328], [-88.6106, 49.95337], [-88.61058, 49.95347], [-88.6106, 49.95352], [-88.61071, 49.95362], [-88.61071, 49.95365], [-88.61069, 49.9537], [-88.61061, 49.95374], [-88.61051, 49.95381], [-88.61026, 49.95405], [-88.61018, 49.9541], [-88.6101, 49.95418], [-88.61002, 49.95423], [-88.60993, 49.95425], [-88.6099, 49.95426], [-88.60987, 49.95429], [-88.60982, 49.95436], [-88.60978, 49.95439], [-88.60951, 49.9545], [-88.60939, 49.95456], [-88.60928, 49.9546], [-88.60916, 49.95461], [-88.60898, 49.95461], [-88.60893, 49.9546], [-88.60885, 49.95456], [-88.60874, 49.95456], [-88.60868, 49.95457], [-88.60859, 49.95462], [-88.60852, 49.95464], [-88.60846, 49.95464], [-88.60835, 49.95464], [-88.60823, 49.95464], [-88.60817, 49.95464], [-88.60811, 49.95461], [-88.60797, 49.95452], [-88.60788, 49.95447], [-88.60773, 49.95436], [-88.60768, 49.95428], [-88.60761, 49.95424], [-88.60751, 49.9542], [-88.60743, 49.95415], [-88.60742, 49.95413], [-88.60745, 49.95407], [-88.60743, 49.95399], [-88.60744, 49.95391], [-88.60746, 49.95386], [-88.60746, 49.9538], [-88.60748, 49.95377], [-88.60755, 49.95373], [-88.60759, 49.95366], [-88.60763, 49.95363], [-88.60767, 49.95362], [-88.60773, 49.95361], [-88.60776, 49.95357], [-88.60778, 49.95355], [-88.60788, 49.95353], [-88.60797, 49.95351], [-88.6081, 49.95344], [-88.60811, 49.95342], [-88.60809, 49.95335], [-88.60811, 49.9533], [-88.60815, 49.95328], [-88.60822, 49.95328], [-88.60826, 49.95326], [-88.60831, 49.95322], [-88.60834, 49.95315], [-88.60839, 49.9531], [-88.60844, 49.95306], [-88.60852, 49.95303], [-88.60853, 49.95301], [-88.60849, 49.95293], [-88.60846, 49.95291], [-88.60841, 49.9529], [-88.60819, 49.95288], [-88.60806, 49.95289], [-88.60786, 49.95289], [-88.60772, 49.95287], [-88.60766, 49.95283], [-88.60763, 49.9528], [-88.60763, 49.95277], [-88.60764, 49.95272], [-88.60762, 49.95267], [-88.60766, 49.95263], [-88.60772, 49.9526], [-88.6078, 49.95259], [-88.60791, 49.95257], [-88.60793, 49.95256], [-88.60796, 49.95252], [-88.60797, 49.95251], [-88.60807, 49.95253], [-88.60821, 49.95248], [-88.60826, 49.95243], [-88.60836, 49.95238], [-88.60837, 49.95236], [-88.60835, 49.95234], [-88.60831, 49.95233], [-88.60813, 49.9523], [-88.60798, 49.95231], [-88.6077, 49.95231], [-88.6074, 49.95235], [-88.60723, 49.95245], [-88.6071, 49.95249], [-88.60699, 49.95256], [-88.60694, 49.95256], [-88.60684, 49.95252], [-88.60678, 49.95253], [-88.60672, 49.95257], [-88.60667, 49.95264], [-88.60667, 49.95267], [-88.60676, 49.95275], [-88.60677, 49.95279], [-88.60672, 49.95288], [-88.60665, 49.95299], [-88.60663, 49.95306], [-88.60663, 49.95314], [-88.60662, 49.95317], [-88.60657, 49.95321], [-88.60654, 49.95322], [-88.60642, 49.95319], [-88.60637, 49.95318], [-88.60626, 49.95326], [-88.60617, 49.95329], [-88.60609, 49.95331], [-88.60604, 49.95331], [-88.60599, 49.95328], [-88.60594, 49.95318], [-88.60591, 49.95308], [-88.60593, 49.95304], [-88.60602, 49.95299], [-88.60606, 49.95296], [-88.60607, 49.95292], [-88.60604, 49.9529], [-88.60596, 49.95289], [-88.60584, 49.95293], [-88.60574, 49.95292], [-88.60564, 49.95291], [-88.60556, 49.9529], [-88.60545, 49.95291], [-88.60541, 49.9529], [-88.60533, 49.95285], [-88.60507, 49.95281], [-88.60499, 49.95282], [-88.60485, 49.95285], [-88.60475, 49.95286], [-88.60471, 49.95288], [-88.60468, 49.9529], [-88.60467, 49.95293], [-88.60471, 49.95306], [-88.60469, 49.95319], [-88.60469, 49.95332], [-88.60463, 49.95339], [-88.60462, 49.95342], [-88.60463, 49.95344], [-88.60467, 49.95347], [-88.60468, 49.95349], [-88.60469, 49.95353], [-88.60467, 49.95356], [-88.6046, 49.95359], [-88.60446, 49.9536], [-88.60441, 49.9536], [-88.60437, 49.95358], [-88.60428, 49.9535], [-88.60415, 49.95343], [-88.6041, 49.95339], [-88.60396, 49.95338], [-88.60388, 49.95339], [-88.60383, 49.95342], [-88.6038, 49.95349], [-88.60374, 49.95357], [-88.60359, 49.95366], [-88.60348, 49.95371], [-88.60346, 49.95373], [-88.60341, 49.95381], [-88.6034, 49.95394], [-88.60341, 49.95397], [-88.60346, 49.95401], [-88.60359, 49.95406], [-88.6038, 49.9541], [-88.60388, 49.9541], [-88.60396, 49.95415], [-88.60403, 49.95416], [-88.60409, 49.95416], [-88.60416, 49.95413], [-88.6043, 49.954], [-88.60434, 49.95399], [-88.60442, 49.954], [-88.60458, 49.95411], [-88.60459, 49.95418], [-88.60463, 49.95425], [-88.60467, 49.95434], [-88.60471, 49.95437], [-88.60482, 49.9544], [-88.60486, 49.9544], [-88.60493, 49.95438], [-88.60501, 49.95435], [-88.60506, 49.9543], [-88.60511, 49.95424], [-88.60517, 49.9542], [-88.60523, 49.95415], [-88.60529, 49.95414], [-88.60539, 49.95414], [-88.60542, 49.95415], [-88.60551, 49.95424], [-88.60562, 49.95428], [-88.60575, 49.95434], [-88.60584, 49.95437], [-88.60594, 49.95444], [-88.60603, 49.95448], [-88.60614, 49.95457], [-88.60622, 49.95461], [-88.60624, 49.95463], [-88.60622, 49.95464], [-88.60613, 49.95469], [-88.60603, 49.95473], [-88.60589, 49.95482], [-88.60583, 49.95484], [-88.60571, 49.95486], [-88.60553, 49.95492], [-88.60522, 49.95498], [-88.60505, 49.95501], [-88.605, 49.95501], [-88.60493, 49.955], [-88.60481, 49.95502], [-88.60465, 49.955], [-88.6044, 49.95499], [-88.60432, 49.95502], [-88.6042, 49.9551], [-88.60414, 49.95513], [-88.60409, 49.95514], [-88.60395, 49.95514], [-88.60379, 49.95517], [-88.60369, 49.95518], [-88.60366, 49.95519], [-88.60362, 49.95523], [-88.60353, 49.95526], [-88.60348, 49.95527], [-88.60338, 49.95527], [-88.60335, 49.95527], [-88.60328, 49.95532], [-88.60316, 49.95536], [-88.60313, 49.95539], [-88.60312, 49.95542], [-88.60312, 49.9555], [-88.60311, 49.95555], [-88.60303, 49.95572], [-88.60293, 49.95584], [-88.60281, 49.95593], [-88.60267, 49.95599], [-88.60248, 49.9561], [-88.60237, 49.95614], [-88.60228, 49.95619], [-88.60205, 49.95617], [-88.602, 49.95617], [-88.60178, 49.95622], [-88.60163, 49.95629], [-88.60152, 49.95629], [-88.60143, 49.95632], [-88.60134, 49.95633], [-88.60122, 49.95639], [-88.60112, 49.95646], [-88.60101, 49.95653], [-88.60075, 49.95659], [-88.60061, 49.9566], [-88.60047, 49.95662], [-88.60031, 49.95667], [-88.59997, 49.95674], [-88.5999, 49.95678], [-88.59982, 49.95684], [-88.59972, 49.95686], [-88.59957, 49.95693], [-88.59953, 49.95697], [-88.5995, 49.95704], [-88.59943, 49.95708], [-88.59927, 49.95723], [-88.5992, 49.95732], [-88.59911, 49.95737], [-88.59901, 49.95754], [-88.59883, 49.95774], [-88.59876, 49.95778], [-88.59861, 49.95784], [-88.59851, 49.9579], [-88.59841, 49.95792], [-88.59839, 49.95793], [-88.59839, 49.95804], [-88.59831, 49.95817], [-88.59828, 49.95821], [-88.59823, 49.95823], [-88.59813, 49.95826], [-88.59787, 49.95831], [-88.59783, 49.95833], [-88.59773, 49.95841], [-88.59773, 49.95843], [-88.59776, 49.95846], [-88.59782, 49.95848], [-88.59792, 49.9585], [-88.598, 49.95853], [-88.59808, 49.95863], [-88.59809, 49.95868], [-88.59806, 49.95872], [-88.59799, 49.95876], [-88.59795, 49.95877], [-88.59787, 49.95878], [-88.59783, 49.9588], [-88.59772, 49.95891], [-88.59766, 49.95899], [-88.59755, 49.95908], [-88.59729, 49.95918], [-88.59709, 49.95923], [-88.59694, 49.95925], [-88.59666, 49.95923], [-88.59649, 49.95925], [-88.59644, 49.95926], [-88.59638, 49.95929], [-88.59626, 49.95933], [-88.59614, 49.95933], [-88.59606, 49.95935], [-88.59595, 49.95935], [-88.59585, 49.95938], [-88.59574, 49.95939], [-88.59565, 49.95943], [-88.59554, 49.95957], [-88.59544, 49.95965], [-88.59539, 49.95973], [-88.59536, 49.95975], [-88.5951, 49.95988], [-88.59493, 49.95993], [-88.59482, 49.95999], [-88.59478, 49.96], [-88.59468, 49.96002], [-88.59456, 49.96003], [-88.59445, 49.96005], [-88.59427, 49.96004], [-88.59414, 49.96006], [-88.59403, 49.96006], [-88.59389, 49.96006], [-88.59379, 49.96008], [-88.59365, 49.96011], [-88.59361, 49.96015], [-88.59359, 49.96023], [-88.59356, 49.96027], [-88.59334, 49.96043], [-88.59331, 49.96052], [-88.59325, 49.96058], [-88.59316, 49.96073], [-88.59311, 49.96076], [-88.59303, 49.96079], [-88.59293, 49.96089], [-88.59289, 49.96103], [-88.59287, 49.9611], [-88.59287, 49.96117], [-88.59286, 49.96122], [-88.59282, 49.96126], [-88.59263, 49.96138], [-88.59253, 49.96154], [-88.59243, 49.96165], [-88.5924, 49.96178], [-88.59236, 49.96186], [-88.59234, 49.96202], [-88.59218, 49.9623], [-88.59201, 49.96243], [-88.59177, 49.96252], [-88.59172, 49.96253], [-88.59159, 49.96253], [-88.5913, 49.96252], [-88.59117, 49.96254], [-88.5911, 49.96259], [-88.59108, 49.96262], [-88.59108, 49.96265], [-88.5911, 49.9627], [-88.59114, 49.96273], [-88.59121, 49.96275], [-88.59139, 49.96276], [-88.59149, 49.96282], [-88.59158, 49.96286], [-88.59172, 49.96286], [-88.59177, 49.96288], [-88.59181, 49.96291], [-88.59185, 49.96298], [-88.59192, 49.96309], [-88.59195, 49.96316], [-88.59202, 49.96324], [-88.59211, 49.96342], [-88.59214, 49.96356], [-88.59211, 49.96373], [-88.5921, 49.96376], [-88.59203, 49.96384], [-88.59199, 49.96391], [-88.59192, 49.96399], [-88.59182, 49.9641], [-88.59171, 49.9642], [-88.5916, 49.96434], [-88.59153, 49.96442], [-88.59143, 49.96457], [-88.59138, 49.96466], [-88.59131, 49.96477], [-88.59122, 49.96487], [-88.5912, 49.96492], [-88.59115, 49.9651], [-88.59108, 49.96523], [-88.59107, 49.96532], [-88.59102, 49.96541], [-88.591, 49.96547], [-88.59092, 49.9656], [-88.59086, 49.96567], [-88.59077, 49.96573], [-88.59063, 49.96584], [-88.59059, 49.96592], [-88.59058, 49.96602], [-88.59054, 49.9661], [-88.59048, 49.96617], [-88.59044, 49.96625], [-88.59033, 49.96638], [-88.59014, 49.9667], [-88.59011, 49.96678], [-88.59005, 49.9669], [-88.59003, 49.967], [-88.58998, 49.96713], [-88.58997, 49.96728], [-88.58995, 49.96737], [-88.58991, 49.9675], [-88.58992, 49.96759], [-88.58989, 49.96776], [-88.5898, 49.968], [-88.58977, 49.96809], [-88.5897, 49.96827], [-88.58965, 49.96833], [-88.58953, 49.96843], [-88.58945, 49.96847], [-88.58941, 49.96856], [-88.58931, 49.96862], [-88.58915, 49.96878], [-88.58911, 49.96887], [-88.58899, 49.96918], [-88.58891, 49.9693], [-88.58886, 49.96936], [-88.58886, 49.96948], [-88.58884, 49.96952], [-88.58877, 49.96955], [-88.58866, 49.96959], [-88.58849, 49.9697], [-88.58838, 49.96978], [-88.58829, 49.96986], [-88.5881, 49.96998], [-88.58803, 49.97005], [-88.58786, 49.97008], [-88.58758, 49.97017], [-88.5875, 49.97019], [-88.58746, 49.97021], [-88.58738, 49.97027], [-88.58715, 49.97042], [-88.58711, 49.97047], [-88.58706, 49.97055], [-88.58694, 49.97062], [-88.58682, 49.97072], [-88.58673, 49.97078], [-88.58658, 49.97083], [-88.58651, 49.97087], [-88.58641, 49.9709], [-88.58632, 49.97095], [-88.5863, 49.97097], [-88.58626, 49.97103], [-88.5862, 49.97118], [-88.58618, 49.97134], [-88.58613, 49.97152], [-88.58598, 49.97175], [-88.5859, 49.97184], [-88.58583, 49.97194], [-88.58573, 49.97224], [-88.58571, 49.97248], [-88.58574, 49.97259], [-88.58573, 49.97274], [-88.58576, 49.97284], [-88.58573, 49.97293], [-88.58571, 49.97307], [-88.58573, 49.97318], [-88.58572, 49.97331], [-88.58573, 49.97336], [-88.58577, 49.97343], [-88.58577, 49.97346], [-88.58574, 49.97348], [-88.58566, 49.97352], [-88.58563, 49.97356], [-88.58561, 49.97367], [-88.58556, 49.97373], [-88.58553, 49.97381], [-88.58547, 49.97388], [-88.58544, 49.97393], [-88.58541, 49.97406], [-88.58534, 49.97417], [-88.58529, 49.97433], [-88.58527, 49.97437], [-88.58516, 49.97448], [-88.58501, 49.9746], [-88.58496, 49.97471], [-88.58492, 49.97475], [-88.58485, 49.97482], [-88.58477, 49.97488], [-88.58467, 49.97498], [-88.58462, 49.97506], [-88.58458, 49.97517], [-88.58453, 49.97523], [-88.58449, 49.97526], [-88.58432, 49.97532], [-88.58428, 49.97542], [-88.58425, 49.97546], [-88.58415, 49.97552], [-88.58407, 49.97555], [-88.58403, 49.97564], [-88.58397, 49.97571], [-88.58394, 49.97573], [-88.58386, 49.97575], [-88.58383, 49.97577], [-88.58375, 49.97588], [-88.58372, 49.97597], [-88.58365, 49.97603], [-88.58368, 49.97609], [-88.58368, 49.97614], [-88.5837, 49.97619], [-88.58369, 49.97623], [-88.58366, 49.97629], [-88.5837, 49.9764], [-88.58368, 49.97664], [-88.58366, 49.97671], [-88.58357, 49.9768], [-88.58354, 49.97687], [-88.5835, 49.97693], [-88.58349, 49.97711], [-88.58352, 49.97724], [-88.5836, 49.97742], [-88.58362, 49.97751], [-88.58367, 49.97762], [-88.5838, 49.97775], [-88.58392, 49.97789], [-88.58406, 49.97798], [-88.58411, 49.97805], [-88.58416, 49.97811], [-88.58429, 49.97819], [-88.58436, 49.97836], [-88.58443, 49.97844], [-88.58457, 49.97852], [-88.5847, 49.97857], [-88.58472, 49.97857], [-88.58481, 49.97854], [-88.58485, 49.97854], [-88.58488, 49.97855], [-88.58497, 49.97864], [-88.58505, 49.97873], [-88.58515, 49.97881], [-88.58521, 49.97886], [-88.58529, 49.9789], [-88.58541, 49.97894], [-88.58544, 49.97895], [-88.58547, 49.97908], [-88.5855, 49.97913], [-88.58554, 49.97915], [-88.58562, 49.97916], [-88.58567, 49.97922], [-88.58573, 49.97927], [-88.58588, 49.97936], [-88.58596, 49.97943], [-88.58599, 49.97944], [-88.58606, 49.97943], [-88.58613, 49.97943], [-88.58624, 49.97947], [-88.5863, 49.9795], [-88.58638, 49.9795], [-88.58651, 49.97954], [-88.58663, 49.97954], [-88.58668, 49.97955], [-88.58681, 49.97958], [-88.58695, 49.97964], [-88.58706, 49.97978], [-88.58709, 49.97983], [-88.5871, 49.97989], [-88.58713, 49.9799], [-88.58723, 49.9799], [-88.58727, 49.9799], [-88.58736, 49.97996], [-88.5874, 49.98], [-88.58742, 49.98005], [-88.58742, 49.98017], [-88.58744, 49.98024], [-88.58741, 49.98035], [-88.58739, 49.98037], [-88.58736, 49.9804], [-88.58726, 49.98043], [-88.58723, 49.98043], [-88.58714, 49.98041], [-88.58706, 49.98041], [-88.58684, 49.98046], [-88.58655, 49.98044], [-88.5864, 49.9804], [-88.58633, 49.9804], [-88.58628, 49.98038], [-88.58619, 49.98032], [-88.58605, 49.98016], [-88.58598, 49.98015], [-88.58587, 49.98015], [-88.58582, 49.98015], [-88.58572, 49.9801], [-88.58567, 49.98004], [-88.58564, 49.98001], [-88.58548, 49.97995], [-88.58511, 49.97986], [-88.58502, 49.97986], [-88.58491, 49.97987], [-88.58479, 49.97986], [-88.5847, 49.97981], [-88.58455, 49.97971], [-88.58445, 49.97968], [-88.58431, 49.97964], [-88.58412, 49.97964], [-88.58396, 49.97962], [-88.58372, 49.97949], [-88.5834, 49.97942], [-88.58329, 49.97937], [-88.58321, 49.97936], [-88.58313, 49.97933], [-88.58309, 49.97931], [-88.58302, 49.97925], [-88.58296, 49.97922], [-88.58292, 49.97922], [-88.58288, 49.97922], [-88.58278, 49.97927], [-88.58273, 49.97933], [-88.58269, 49.97946], [-88.58262, 49.97956], [-88.58257, 49.9797], [-88.5825, 49.97977], [-88.58247, 49.97982], [-88.58241, 49.97995], [-88.58231, 49.98012], [-88.58227, 49.98023], [-88.58217, 49.98034], [-88.58208, 49.98046], [-88.58202, 49.98064], [-88.58193, 49.98071], [-88.58186, 49.98093], [-88.5818, 49.98102], [-88.58177, 49.98109], [-88.58177, 49.98119], [-88.58166, 49.98129], [-88.58161, 49.98139], [-88.58158, 49.98159], [-88.58146, 49.9817], [-88.58141, 49.98178], [-88.58137, 49.98188], [-88.58128, 49.98198], [-88.58119, 49.98212], [-88.58116, 49.98222], [-88.58115, 49.98234], [-88.58112, 49.98243], [-88.58106, 49.98254], [-88.58103, 49.98263], [-88.58101, 49.98266], [-88.58091, 49.98274], [-88.58082, 49.98288], [-88.5808, 49.98297], [-88.58082, 49.98304], [-88.58081, 49.98319], [-88.58079, 49.98334], [-88.5808, 49.98344], [-88.58079, 49.98347], [-88.58073, 49.98353], [-88.58072, 49.98356], [-88.58075, 49.98361], [-88.58087, 49.98372], [-88.58089, 49.98383], [-88.58087, 49.98393], [-88.58084, 49.98398], [-88.58078, 49.98403], [-88.58077, 49.98406], [-88.58083, 49.98425], [-88.58087, 49.98428], [-88.58097, 49.9843], [-88.581, 49.98432], [-88.58102, 49.98435], [-88.58104, 49.98436], [-88.58105, 49.98438], [-88.58099, 49.98445], [-88.58095, 49.9846], [-88.5809, 49.98467], [-88.5808, 49.98477], [-88.5806, 49.98492], [-88.5805, 49.98498], [-88.58043, 49.98501], [-88.58024, 49.98507], [-88.58017, 49.9851], [-88.58014, 49.98513], [-88.58014, 49.98516], [-88.5803, 49.98528], [-88.58053, 49.98545], [-88.5807, 49.98554], [-88.58087, 49.98567], [-88.58103, 49.98576], [-88.5813, 49.98594], [-88.58177, 49.9862], [-88.58193, 49.98632], [-88.58212, 49.98644], [-88.58256, 49.98681], [-88.58269, 49.98691], [-88.58286, 49.987], [-88.58325, 49.98715], [-88.58348, 49.9873], [-88.58374, 49.98747], [-88.58375, 49.98748], [-88.5838, 49.9875], [-88.58383, 49.98749], [-88.58384, 49.98749], [-88.5839, 49.98747], [-88.58398, 49.98739], [-88.58402, 49.98738], [-88.58404, 49.98739], [-88.58403, 49.98741], [-88.58393, 49.98747], [-88.58385, 49.98753], [-88.58378, 49.98758], [-88.58377, 49.98759], [-88.58375, 49.98764], [-88.58375, 49.98771], [-88.58374, 49.98771], [-88.58373, 49.98771], [-88.58371, 49.98768], [-88.58369, 49.98758], [-88.58369, 49.98756], [-88.58368, 49.98753], [-88.58366, 49.98751], [-88.58364, 49.98749], [-88.58358, 49.98746], [-88.58339, 49.98736], [-88.58328, 49.9873], [-88.58309, 49.98722], [-88.58296, 49.98718], [-88.58271, 49.9871], [-88.58256, 49.98704], [-88.58234, 49.98692], [-88.58213, 49.98682], [-88.58181, 49.98668], [-88.58162, 49.98661], [-88.58142, 49.98653], [-88.5812, 49.98647], [-88.581, 49.98642], [-88.58084, 49.98641], [-88.58069, 49.98641], [-88.58043, 49.98646], [-88.58028, 49.98652], [-88.5802, 49.98656], [-88.58014, 49.98665], [-88.58012, 49.9868], [-88.58008, 49.9869], [-88.58, 49.98702], [-88.57999, 49.98706], [-88.58001, 49.98709], [-88.58005, 49.98712], [-88.58018, 49.9872], [-88.58026, 49.98725], [-88.58035, 49.98735], [-88.58038, 49.98742], [-88.58039, 49.98744], [-88.58042, 49.98771], [-88.58041, 49.98773], [-88.5804, 49.98773], [-88.58037, 49.9877], [-88.58026, 49.98745], [-88.58024, 49.98742], [-88.5802, 49.98737], [-88.58014, 49.98732], [-88.57987, 49.98719], [-88.57978, 49.98714], [-88.57973, 49.98709], [-88.57959, 49.98689], [-88.57955, 49.98685], [-88.57951, 49.98683], [-88.57938, 49.9868], [-88.57919, 49.98673], [-88.57917, 49.98671], [-88.57914, 49.98666], [-88.57911, 49.98663], [-88.57895, 49.98655], [-88.57891, 49.98649], [-88.57884, 49.98629], [-88.5788, 49.98624], [-88.57867, 49.98614], [-88.5786, 49.98611], [-88.57856, 49.9861], [-88.57852, 49.9861], [-88.57843, 49.98613], [-88.57838, 49.98613], [-88.57825, 49.98613], [-88.57816, 49.98611], [-88.57811, 49.98609], [-88.57807, 49.98605], [-88.57805, 49.98601], [-88.57805, 49.98597], [-88.57804, 49.98594], [-88.578, 49.98592], [-88.57796, 49.98592], [-88.57776, 49.98596], [-88.57759, 49.98603], [-88.57747, 49.9861], [-88.57734, 49.98614], [-88.57725, 49.98615], [-88.57706, 49.98612], [-88.57699, 49.98612], [-88.57679, 49.98616], [-88.57666, 49.98616], [-88.57653, 49.98618], [-88.57644, 49.98621], [-88.57633, 49.98627], [-88.57626, 49.98636], [-88.57622, 49.9864], [-88.57618, 49.98641], [-88.57608, 49.98643], [-88.57593, 49.98652], [-88.5757, 49.98676], [-88.57556, 49.98686], [-88.57541, 49.98698], [-88.57532, 49.98702], [-88.57517, 49.98708], [-88.57507, 49.98715], [-88.57503, 49.98717], [-88.57493, 49.98718], [-88.5747, 49.98716], [-88.57452, 49.98711], [-88.57444, 49.98707], [-88.57438, 49.98703], [-88.57436, 49.987], [-88.57434, 49.98693], [-88.57436, 49.98683], [-88.57433, 49.98679], [-88.57431, 49.98673], [-88.57428, 49.9867], [-88.57422, 49.98668], [-88.57409, 49.98665], [-88.57397, 49.98661], [-88.57372, 49.98653], [-88.5733, 49.98646], [-88.57315, 49.98639], [-88.57309, 49.98634], [-88.57301, 49.9863], [-88.57299, 49.98627], [-88.57298, 49.98623], [-88.573, 49.98617], [-88.57298, 49.98608], [-88.57297, 49.98595], [-88.57295, 49.98592], [-88.5729, 49.9859], [-88.57272, 49.98585], [-88.57248, 49.98573], [-88.57227, 49.98561], [-88.57212, 49.98554], [-88.57194, 49.9854], [-88.57185, 49.98536], [-88.57183, 49.98532], [-88.57182, 49.98526], [-88.57177, 49.98521], [-88.57177, 49.9852], [-88.5718, 49.98513], [-88.57181, 49.98506], [-88.57178, 49.98497], [-88.57181, 49.98488], [-88.57177, 49.98481], [-88.57178, 49.98471], [-88.57176, 49.98468], [-88.57172, 49.98466], [-88.5716, 49.98462], [-88.57156, 49.9846], [-88.57139, 49.98445], [-88.57125, 49.98436], [-88.5712, 49.98431], [-88.57118, 49.98429], [-88.57118, 49.98425], [-88.5712, 49.98416], [-88.57123, 49.98408], [-88.57127, 49.98401], [-88.57132, 49.98394], [-88.57137, 49.98392], [-88.57149, 49.98387], [-88.57159, 49.9838], [-88.57173, 49.98376], [-88.57181, 49.98374], [-88.57188, 49.98371], [-88.57216, 49.98372], [-88.57222, 49.98371], [-88.57225, 49.98368], [-88.5723, 49.98361], [-88.57239, 49.9836], [-88.57252, 49.98355], [-88.57258, 49.98351], [-88.57263, 49.98346], [-88.57271, 49.98344], [-88.57273, 49.98342], [-88.57276, 49.98335], [-88.57276, 49.9833], [-88.57285, 49.98321], [-88.57286, 49.98315], [-88.5729, 49.9831], [-88.57292, 49.98306], [-88.5729, 49.98302], [-88.57278, 49.98287], [-88.57275, 49.9828], [-88.57275, 49.98274], [-88.57274, 49.98267], [-88.57277, 49.98248], [-88.57275, 49.98244], [-88.57271, 49.98239], [-88.57272, 49.98229], [-88.57271, 49.98221], [-88.5727, 49.98218], [-88.57266, 49.98214], [-88.57269, 49.982], [-88.57265, 49.98188], [-88.57266, 49.98181], [-88.57262, 49.98164], [-88.57257, 49.98153], [-88.57242, 49.98141], [-88.57239, 49.98131], [-88.57232, 49.98123], [-88.57227, 49.98112], [-88.57227, 49.98103], [-88.57224, 49.98094], [-88.5721, 49.98078], [-88.57206, 49.98076], [-88.57198, 49.98077], [-88.57187, 49.98076], [-88.57176, 49.98076], [-88.57167, 49.98077], [-88.57154, 49.9808], [-88.57141, 49.9808], [-88.57135, 49.98082], [-88.5713, 49.98086], [-88.57128, 49.98091], [-88.57131, 49.9811], [-88.5713, 49.98117], [-88.57125, 49.98142], [-88.57114, 49.98158], [-88.57115, 49.9819], [-88.57113, 49.98192], [-88.57095, 49.982], [-88.57089, 49.98209], [-88.57078, 49.98215], [-88.5707, 49.98217], [-88.57059, 49.98219], [-88.57046, 49.98222], [-88.57037, 49.98223], [-88.57025, 49.98224], [-88.57012, 49.98222], [-88.57003, 49.98225], [-88.56994, 49.98226], [-88.56991, 49.98228], [-88.56988, 49.9823], [-88.56985, 49.98238], [-88.56985, 49.98249], [-88.56979, 49.98257], [-88.56978, 49.98262], [-88.56975, 49.98267], [-88.56976, 49.98277], [-88.56983, 49.98293], [-88.56997, 49.98311], [-88.57003, 49.98326], [-88.57011, 49.98334], [-88.57018, 49.98342], [-88.57023, 49.9835], [-88.57024, 49.98354], [-88.57023, 49.98362], [-88.57017, 49.9837], [-88.57014, 49.98372], [-88.57003, 49.98376], [-88.5699, 49.98387], [-88.56986, 49.98389], [-88.56977, 49.98391], [-88.56952, 49.98395], [-88.56944, 49.98396], [-88.56932, 49.98394], [-88.56921, 49.98391], [-88.56887, 49.98385], [-88.56882, 49.98384], [-88.56877, 49.98379], [-88.56869, 49.98379], [-88.5686, 49.98376], [-88.56856, 49.98376], [-88.56833, 49.98381], [-88.56827, 49.98381], [-88.56817, 49.98377], [-88.56811, 49.98372], [-88.56809, 49.98369], [-88.5681, 49.98362], [-88.56809, 49.98357], [-88.56801, 49.98347], [-88.56796, 49.98343], [-88.56792, 49.98342], [-88.56786, 49.98343], [-88.56776, 49.98348], [-88.56769, 49.98351], [-88.56764, 49.98351], [-88.56754, 49.9835], [-88.56752, 49.98352], [-88.56743, 49.98362], [-88.56733, 49.98369], [-88.56729, 49.98371], [-88.56722, 49.98372], [-88.56719, 49.98373], [-88.56718, 49.98378], [-88.56714, 49.98383], [-88.56714, 49.98388], [-88.56708, 49.98394], [-88.56708, 49.98399], [-88.56704, 49.98411], [-88.56705, 49.98416], [-88.56709, 49.9842], [-88.56709, 49.98424], [-88.56705, 49.98431], [-88.56702, 49.98435], [-88.56696, 49.98438], [-88.56685, 49.9844], [-88.56684, 49.98456], [-88.56681, 49.9846], [-88.56663, 49.98468], [-88.56657, 49.9847], [-88.56625, 49.98476], [-88.56594, 49.98478], [-88.56571, 49.98483], [-88.56566, 49.98484], [-88.56557, 49.9849], [-88.56544, 49.98495], [-88.56535, 49.98497], [-88.56524, 49.98501], [-88.56507, 49.9851], [-88.56497, 49.98521], [-88.56489, 49.98532], [-88.56484, 49.9855], [-88.56479, 49.98556], [-88.56479, 49.98567], [-88.56474, 49.98577], [-88.56458, 49.98599], [-88.56454, 49.98608], [-88.56448, 49.98615], [-88.56446, 49.9862], [-88.56447, 49.98628], [-88.56438, 49.98647], [-88.56434, 49.98664], [-88.56423, 49.98689], [-88.56421, 49.98702], [-88.56438, 49.98733], [-88.56437, 49.98742], [-88.5644, 49.98753], [-88.56439, 49.98757], [-88.56431, 49.98764], [-88.56422, 49.98771], [-88.56355, 49.98804], [-88.5633, 49.98812], [-88.5632, 49.98819], [-88.5631, 49.98839], [-88.56312, 49.98849], [-88.56312, 49.98853], [-88.56308, 49.98861], [-88.56301, 49.98869], [-88.56297, 49.98882], [-88.56297, 49.9889], [-88.56294, 49.98899], [-88.56294, 49.98907], [-88.56293, 49.98913], [-88.56293, 49.98919], [-88.56291, 49.98929], [-88.56294, 49.98939], [-88.56292, 49.98947], [-88.56294, 49.98961], [-88.56291, 49.98977], [-88.56289, 49.98983], [-88.56266, 49.9901], [-88.56243, 49.99029], [-88.56227, 49.99044], [-88.56211, 49.99062], [-88.56189, 49.99086], [-88.56184, 49.99094], [-88.56178, 49.99099], [-88.56162, 49.99118], [-88.56148, 49.99132], [-88.56141, 49.99142], [-88.56136, 49.99163], [-88.56125, 49.99174], [-88.5611, 49.99187], [-88.56097, 49.99211], [-88.56095, 49.99218], [-88.56094, 49.99228], [-88.56091, 49.99236], [-88.56094, 49.99245], [-88.56094, 49.99271], [-88.56099, 49.99294], [-88.5611, 49.99311], [-88.56119, 49.99318], [-88.56127, 49.99326], [-88.5613, 49.99335], [-88.56136, 49.99341], [-88.56139, 49.99348], [-88.56151, 49.99363], [-88.56154, 49.99378], [-88.56159, 49.9939], [-88.56162, 49.99403], [-88.56163, 49.99414], [-88.56166, 49.99423], [-88.56154, 49.99445], [-88.56151, 49.99466], [-88.56143, 49.9948], [-88.56141, 49.99483], [-88.56127, 49.9949], [-88.5612, 49.99496], [-88.56112, 49.99508], [-88.56109, 49.99517], [-88.56102, 49.99527], [-88.56093, 49.99547], [-88.56083, 49.99558], [-88.5608, 49.99566], [-88.5608, 49.99571], [-88.5608, 49.99578], [-88.56083, 49.9959], [-88.56083, 49.996], [-88.56085, 49.9961], [-88.56085, 49.99616], [-88.5608, 49.9963], [-88.56066, 49.99642], [-88.56062, 49.99649], [-88.56058, 49.99651], [-88.56035, 49.9966], [-88.5603, 49.9966], [-88.56022, 49.9966], [-88.56001, 49.99654], [-88.55996, 49.9965], [-88.55988, 49.99644], [-88.5598, 49.9964], [-88.55972, 49.99638], [-88.55959, 49.99637], [-88.55949, 49.99639], [-88.55933, 49.99645], [-88.55909, 49.99651], [-88.559, 49.99653], [-88.55874, 49.99659], [-88.55859, 49.99661], [-88.55847, 49.99665], [-88.55832, 49.99664], [-88.55815, 49.99665], [-88.55805, 49.99666], [-88.55799, 49.99666], [-88.55794, 49.99664], [-88.5579, 49.99661], [-88.55787, 49.99657], [-88.55785, 49.99653], [-88.55785, 49.99642], [-88.55788, 49.99628], [-88.55792, 49.9962], [-88.55789, 49.99605], [-88.55776, 49.99588], [-88.55767, 49.99579], [-88.55744, 49.99561], [-88.55734, 49.99557], [-88.55727, 49.99553], [-88.55709, 49.99547], [-88.55703, 49.99546], [-88.55695, 49.99548], [-88.55689, 49.99548], [-88.55675, 49.99543], [-88.55649, 49.99547], [-88.5563, 49.99549], [-88.55606, 49.99548], [-88.55596, 49.99546], [-88.55589, 49.99547], [-88.5557, 49.99552], [-88.55558, 49.99557], [-88.55545, 49.9956], [-88.5553, 49.99571], [-88.55516, 49.99582], [-88.55506, 49.99595], [-88.55507, 49.99617], [-88.55502, 49.99628], [-88.55492, 49.99635], [-88.55484, 49.99639], [-88.55477, 49.99646], [-88.55473, 49.99654], [-88.55465, 49.9966], [-88.55454, 49.99665], [-88.55442, 49.99668], [-88.55432, 49.99673], [-88.55429, 49.99675], [-88.55426, 49.99682], [-88.55416, 49.9969], [-88.55404, 49.99694], [-88.5539, 49.99694], [-88.55381, 49.99703], [-88.55376, 49.99706], [-88.5536, 49.99708], [-88.55344, 49.99713], [-88.55326, 49.99717], [-88.55316, 49.99721], [-88.55313, 49.99721], [-88.553, 49.9972], [-88.55284, 49.99722], [-88.55275, 49.99722], [-88.55259, 49.99725], [-88.5525, 49.99724], [-88.55243, 49.99726], [-88.55235, 49.99726], [-88.55224, 49.9973], [-88.55212, 49.99732], [-88.55204, 49.99737], [-88.55177, 49.99746], [-88.55168, 49.9975], [-88.55164, 49.99754], [-88.55161, 49.99765], [-88.5516, 49.99774], [-88.55158, 49.99778], [-88.5514, 49.99795], [-88.55124, 49.99809], [-88.55118, 49.99816], [-88.55115, 49.99823], [-88.5511, 49.9984], [-88.55112, 49.99851], [-88.55112, 49.99858], [-88.55103, 49.99878], [-88.55107, 49.99894], [-88.55106, 49.99901], [-88.55101, 49.99913], [-88.55101, 49.9992], [-88.55102, 49.99929], [-88.551, 49.99938], [-88.55097, 49.99945], [-88.55094, 49.99954], [-88.55092, 49.99968], [-88.55096, 49.99987], [-88.55099, 49.99992], [-88.55104, 49.99994], [-88.55118, 49.99999], [-88.55129, 50.0], [-88.55138, 50.00003], [-88.55146, 50.00003], [-88.55152, 50.00007], [-88.55163, 50.00008], [-88.55183, 50.00011], [-88.55192, 50.00012], [-88.55201, 50.00017], [-88.55215, 50.00022], [-88.5522, 50.00025], [-88.55223, 50.00028], [-88.55224, 50.00036], [-88.55226, 50.00038], [-88.55231, 50.00039], [-88.5524, 50.00039], [-88.55251, 50.00036], [-88.55263, 50.00036], [-88.55305, 50.00028], [-88.55311, 50.00027], [-88.55328, 50.00028], [-88.55345, 50.00028], [-88.55371, 50.00034], [-88.55385, 50.00042], [-88.55397, 50.00045], [-88.55407, 50.00051], [-88.55409, 50.00058], [-88.55421, 50.00074], [-88.55424, 50.00083], [-88.55424, 50.00088], [-88.5542, 50.00093], [-88.55403, 50.001], [-88.55395, 50.00101], [-88.5537, 50.00103], [-88.55356, 50.00108], [-88.55315, 50.00113], [-88.55295, 50.00115], [-88.55288, 50.00113], [-88.55272, 50.00111], [-88.55246, 50.00116], [-88.55235, 50.00114], [-88.55225, 50.00114], [-88.5522, 50.00116], [-88.55202, 50.00126], [-88.55183, 50.00132], [-88.55177, 50.00132], [-88.55148, 50.00128], [-88.55128, 50.00123], [-88.55121, 50.00124], [-88.55099, 50.00128], [-88.55091, 50.00129], [-88.55089, 50.0013], [-88.55079, 50.00138], [-88.55073, 50.00141], [-88.55056, 50.00147], [-88.55043, 50.00149], [-88.55035, 50.00156], [-88.55024, 50.0016], [-88.5502, 50.00162], [-88.55017, 50.00166], [-88.55022, 50.00172], [-88.55023, 50.00175], [-88.55018, 50.00185], [-88.55014, 50.00195], [-88.55015, 50.00216], [-88.55013, 50.00231], [-88.55014, 50.00234], [-88.55019, 50.0024], [-88.55021, 50.00247], [-88.55017, 50.00273], [-88.55018, 50.00287], [-88.55022, 50.00293], [-88.55023, 50.003], [-88.55026, 50.00306], [-88.55039, 50.00317], [-88.55042, 50.00319], [-88.55053, 50.00321], [-88.55065, 50.00321], [-88.55082, 50.00318], [-88.55095, 50.00313], [-88.55113, 50.00312], [-88.55126, 50.00314], [-88.55134, 50.00312], [-88.55146, 50.00311], [-88.55155, 50.00311], [-88.55172, 50.00315], [-88.55185, 50.00315], [-88.55197, 50.0032], [-88.55211, 50.00322], [-88.55223, 50.00321], [-88.55232, 50.00323], [-88.5524, 50.00327], [-88.55248, 50.0033], [-88.55251, 50.00332], [-88.55258, 50.0034], [-88.55258, 50.00347], [-88.55246, 50.00361], [-88.55228, 50.00371], [-88.55209, 50.00379], [-88.55179, 50.00385], [-88.55159, 50.00387], [-88.55136, 50.00393], [-88.55127, 50.00397], [-88.55105, 50.00402], [-88.55082, 50.00404], [-88.5506, 50.00402], [-88.55044, 50.00402], [-88.55033, 50.00405], [-88.55023, 50.00409], [-88.55, 50.00413], [-88.54995, 50.00413], [-88.54987, 50.00412], [-88.54972, 50.00413], [-88.54955, 50.00417], [-88.54948, 50.00419], [-88.5494, 50.00424], [-88.54929, 50.00425], [-88.54924, 50.00428], [-88.54919, 50.00436], [-88.54918, 50.00449], [-88.54927, 50.0046], [-88.5493, 50.00462], [-88.54939, 50.00464], [-88.54971, 50.00465], [-88.54997, 50.00465], [-88.55012, 50.00466], [-88.55025, 50.00469], [-88.5504, 50.0047], [-88.55061, 50.00467], [-88.5507, 50.00464], [-88.55088, 50.00462], [-88.551, 50.0046], [-88.55111, 50.0046], [-88.55119, 50.00458], [-88.55127, 50.0046], [-88.55138, 50.00459], [-88.55153, 50.0046], [-88.55165, 50.00463], [-88.55183, 50.00466], [-88.55198, 50.00474], [-88.55201, 50.00474], [-88.55207, 50.00471], [-88.55214, 50.00472], [-88.55217, 50.00474], [-88.55229, 50.00484], [-88.55239, 50.00488], [-88.55249, 50.00492], [-88.55256, 50.00499], [-88.55259, 50.00501], [-88.55272, 50.00502], [-88.55284, 50.00505], [-88.55297, 50.00509], [-88.55317, 50.00515], [-88.55333, 50.00521], [-88.55354, 50.00526], [-88.5536, 50.00529], [-88.55365, 50.0053], [-88.55378, 50.0053], [-88.55391, 50.00526], [-88.55404, 50.00526], [-88.55409, 50.00525], [-88.55432, 50.00517], [-88.55441, 50.00512], [-88.55446, 50.00508], [-88.55455, 50.00504], [-88.55465, 50.005], [-88.55477, 50.005], [-88.55486, 50.00503], [-88.55494, 50.00503], [-88.55497, 50.00504], [-88.55513, 50.00517], [-88.55519, 50.0052], [-88.55532, 50.00527], [-88.55559, 50.00539], [-88.55568, 50.00548], [-88.55572, 50.00555], [-88.55576, 50.00569], [-88.55574, 50.00584], [-88.55574, 50.00604], [-88.5557, 50.00612], [-88.55568, 50.00618], [-88.55569, 50.00635], [-88.55571, 50.00643], [-88.55566, 50.00659], [-88.55567, 50.00667], [-88.55571, 50.00673], [-88.55573, 50.0068], [-88.55576, 50.00683], [-88.55596, 50.00698], [-88.55608, 50.00705], [-88.55618, 50.00709], [-88.55625, 50.00713], [-88.55646, 50.00735], [-88.55648, 50.00738], [-88.55648, 50.00741], [-88.55642, 50.00749], [-88.55634, 50.00755], [-88.55632, 50.00757], [-88.55631, 50.00764], [-88.55625, 50.0077], [-88.55622, 50.00778], [-88.55616, 50.00787], [-88.55614, 50.008], [-88.55595, 50.00817], [-88.55587, 50.00821], [-88.55585, 50.00824], [-88.55581, 50.00837], [-88.5558, 50.00844], [-88.55578, 50.00856], [-88.55574, 50.00863], [-88.55557, 50.00876], [-88.55542, 50.00882], [-88.55534, 50.00887], [-88.55517, 50.00894], [-88.55507, 50.00902], [-88.55499, 50.00906], [-88.55489, 50.00914], [-88.55475, 50.00922], [-88.55461, 50.00935], [-88.55443, 50.00956], [-88.55428, 50.00981], [-88.55426, 50.00987], [-88.55428, 50.00993], [-88.55433, 50.01], [-88.55469, 50.01035], [-88.55478, 50.01051], [-88.55497, 50.01081], [-88.55503, 50.011], [-88.55513, 50.01115], [-88.55514, 50.01131], [-88.55517, 50.01139], [-88.55524, 50.01153], [-88.5553, 50.01167], [-88.55536, 50.01187], [-88.55538, 50.01214], [-88.55536, 50.0123], [-88.55537, 50.01234], [-88.55543, 50.01239], [-88.55544, 50.01241], [-88.55538, 50.01251], [-88.55536, 50.01256], [-88.55536, 50.01272], [-88.5553, 50.01293], [-88.55529, 50.0131], [-88.55514, 50.01346], [-88.55513, 50.0136], [-88.55514, 50.01373], [-88.55515, 50.01387], [-88.55514, 50.01393], [-88.55512, 50.01392], [-88.55511, 50.0139], [-88.55505, 50.01376], [-88.55504, 50.01375], [-88.55499, 50.01369], [-88.55488, 50.01364], [-88.55474, 50.01358], [-88.55462, 50.01351], [-88.55457, 50.0135], [-88.55449, 50.0135], [-88.55444, 50.0135], [-88.55432, 50.01345], [-88.55408, 50.01331], [-88.55396, 50.0132], [-88.55388, 50.01309], [-88.55374, 50.01284], [-88.55369, 50.01268], [-88.55364, 50.01248], [-88.55364, 50.0123], [-88.55358, 50.0122], [-88.55353, 50.01215], [-88.55339, 50.01208], [-88.55328, 50.01202], [-88.55325, 50.01199], [-88.55307, 50.01168], [-88.55302, 50.01156], [-88.55298, 50.01148], [-88.55295, 50.01139], [-88.55293, 50.01137], [-88.55288, 50.01135], [-88.55287, 50.01133], [-88.55288, 50.01126], [-88.55287, 50.01119], [-88.55287, 50.01105], [-88.55289, 50.011], [-88.55296, 50.01093], [-88.55304, 50.01089], [-88.55307, 50.01089], [-88.55315, 50.01089], [-88.55318, 50.01088], [-88.55322, 50.01085], [-88.55323, 50.01082], [-88.55321, 50.0108], [-88.55304, 50.01063], [-88.55295, 50.01059], [-88.55285, 50.01058], [-88.55281, 50.01057], [-88.55273, 50.01052], [-88.55268, 50.01047], [-88.55267, 50.01042], [-88.5527, 50.01033], [-88.55269, 50.01018], [-88.55264, 50.01011], [-88.55264, 50.01005], [-88.55261, 50.00998], [-88.55264, 50.00988], [-88.55264, 50.00985], [-88.55261, 50.00976], [-88.55251, 50.0097], [-88.55248, 50.00966], [-88.55247, 50.00958], [-88.55243, 50.00946], [-88.55242, 50.00937], [-88.55239, 50.00927], [-88.55238, 50.00925], [-88.55235, 50.00925], [-88.55226, 50.00931], [-88.55218, 50.00933], [-88.55214, 50.00934], [-88.552, 50.00929], [-88.55186, 50.0092], [-88.55178, 50.00911], [-88.55177, 50.00905], [-88.55171, 50.00893], [-88.55169, 50.00884], [-88.5516, 50.00872], [-88.55156, 50.00862], [-88.55151, 50.00858], [-88.55148, 50.0085], [-88.55149, 50.00836], [-88.55157, 50.00819], [-88.55176, 50.00801], [-88.55185, 50.00799], [-88.55198, 50.00798], [-88.55201, 50.00796], [-88.55204, 50.0079], [-88.55203, 50.00786], [-88.552, 50.00783], [-88.55192, 50.00779], [-88.55188, 50.00778], [-88.55179, 50.0078], [-88.55174, 50.0078], [-88.55132, 50.00769], [-88.55123, 50.00767], [-88.55081, 50.00769], [-88.55013, 50.00775], [-88.54997, 50.00774], [-88.54983, 50.00771], [-88.54968, 50.00771], [-88.54957, 50.00772], [-88.54942, 50.00768], [-88.54911, 50.00768], [-88.54901, 50.00767], [-88.54891, 50.00767], [-88.54875, 50.00766], [-88.54869, 50.00767], [-88.54848, 50.00775], [-88.54832, 50.00786], [-88.54817, 50.00791], [-88.54804, 50.008], [-88.54797, 50.00809], [-88.54785, 50.00821], [-88.54778, 50.00843], [-88.54779, 50.00847], [-88.54782, 50.00851], [-88.54798, 50.00867], [-88.54808, 50.00873], [-88.54814, 50.0088], [-88.54816, 50.00885], [-88.54816, 50.00895], [-88.5481, 50.00907], [-88.54805, 50.00922], [-88.54803, 50.00933], [-88.54804, 50.00942], [-88.5481, 50.00949], [-88.54812, 50.00956], [-88.54816, 50.00964], [-88.54816, 50.00976], [-88.54822, 50.00994], [-88.54821, 50.01011], [-88.54833, 50.01027], [-88.54843, 50.01036], [-88.5485, 50.01046], [-88.54857, 50.01053], [-88.54867, 50.01064], [-88.54875, 50.01086], [-88.54887, 50.01099], [-88.54891, 50.01106], [-88.54893, 50.01113], [-88.549, 50.01122], [-88.54902, 50.0113], [-88.54899, 50.01137], [-88.54887, 50.01149], [-88.54871, 50.01157], [-88.54848, 50.01166], [-88.54837, 50.01173], [-88.54834, 50.01173], [-88.54825, 50.01172], [-88.5482, 50.01173], [-88.54811, 50.0118], [-88.54799, 50.01186], [-88.54774, 50.01195], [-88.5477, 50.01201], [-88.54766, 50.01202], [-88.54758, 50.01202], [-88.54737, 50.01199], [-88.54716, 50.01197], [-88.54712, 50.01195], [-88.54699, 50.01186], [-88.54688, 50.01181], [-88.54676, 50.01178], [-88.54642, 50.01173], [-88.54637, 50.01174], [-88.54621, 50.01182], [-88.54603, 50.01186], [-88.54584, 50.01196], [-88.54579, 50.01196], [-88.5457, 50.01195], [-88.54567, 50.01196], [-88.54563, 50.01198], [-88.54559, 50.01203], [-88.54552, 50.01208], [-88.54539, 50.01221], [-88.5453, 50.01225], [-88.54522, 50.01232], [-88.54512, 50.0124], [-88.54505, 50.01249], [-88.54494, 50.01258], [-88.54492, 50.01266], [-88.54492, 50.01272], [-88.54496, 50.01279], [-88.54502, 50.01288], [-88.54507, 50.01292], [-88.54519, 50.01296], [-88.54528, 50.01301], [-88.54536, 50.01304], [-88.54546, 50.01309], [-88.54586, 50.01323], [-88.54595, 50.01324], [-88.54617, 50.01327], [-88.54634, 50.01327], [-88.54644, 50.01329], [-88.54677, 50.01331], [-88.547, 50.01334], [-88.54715, 50.01333], [-88.5473, 50.01337], [-88.54742, 50.01337], [-88.54754, 50.01338], [-88.54787, 50.01343], [-88.54807, 50.01343], [-88.54814, 50.01345], [-88.54817, 50.01348], [-88.54826, 50.01363], [-88.54837, 50.01374], [-88.54834, 50.01381], [-88.54831, 50.01383], [-88.54827, 50.01385], [-88.54818, 50.01391], [-88.54782, 50.01417], [-88.54772, 50.01423], [-88.54764, 50.01432], [-88.54762, 50.01437], [-88.54763, 50.01446], [-88.54756, 50.01455], [-88.54753, 50.01466], [-88.54756, 50.01481], [-88.54761, 50.015], [-88.54764, 50.01506], [-88.54766, 50.01512], [-88.54768, 50.01515], [-88.54772, 50.01518], [-88.54778, 50.0152], [-88.54785, 50.01521], [-88.54792, 50.01526], [-88.548, 50.01527], [-88.54806, 50.01529], [-88.54813, 50.0153], [-88.5482, 50.01533], [-88.54832, 50.01533], [-88.5486, 50.01541], [-88.54864, 50.01541], [-88.54868, 50.0154], [-88.54876, 50.0154], [-88.54881, 50.0154], [-88.54897, 50.0153], [-88.54911, 50.01528], [-88.54918, 50.01528], [-88.54926, 50.01528], [-88.54941, 50.01534], [-88.54944, 50.01535], [-88.54954, 50.01532], [-88.54965, 50.01531], [-88.54995, 50.01518], [-88.55006, 50.01512], [-88.55009, 50.01509], [-88.55021, 50.01494], [-88.55032, 50.01487], [-88.55036, 50.01482], [-88.55038, 50.01481], [-88.55049, 50.01483], [-88.5506, 50.01483], [-88.55078, 50.01488], [-88.55088, 50.01487], [-88.55095, 50.01491], [-88.55101, 50.01493], [-88.55117, 50.01494], [-88.55127, 50.01493], [-88.55136, 50.01496], [-88.55145, 50.01496], [-88.55159, 50.01495], [-88.55168, 50.01493], [-88.55182, 50.01494], [-88.55186, 50.01493], [-88.55197, 50.01489], [-88.55208, 50.01487], [-88.55226, 50.01481], [-88.55245, 50.01478], [-88.5526, 50.01477], [-88.55272, 50.0148], [-88.55295, 50.0148], [-88.553, 50.01481], [-88.55317, 50.01485], [-88.5533, 50.01491], [-88.55341, 50.01501], [-88.5536, 50.0152], [-88.55368, 50.01526], [-88.55375, 50.01529], [-88.55389, 50.0153], [-88.55394, 50.01531], [-88.55393, 50.01532], [-88.5539, 50.01534], [-88.5539, 50.01535], [-88.55378, 50.01541], [-88.55375, 50.01543], [-88.55374, 50.01549], [-88.55375, 50.01553], [-88.55391, 50.0157], [-88.55415, 50.01589], [-88.55425, 50.01596], [-88.55444, 50.01605], [-88.55448, 50.01606], [-88.55467, 50.01602], [-88.55489, 50.016], [-88.55506, 50.016], [-88.5553, 50.01601], [-88.55533, 50.01601], [-88.55538, 50.01601], [-88.5556, 50.016], [-88.5557, 50.01599], [-88.55575, 50.01597], [-88.55586, 50.01594], [-88.55589, 50.01594], [-88.55591, 50.01595], [-88.55589, 50.01598], [-88.55589, 50.01599], [-88.55584, 50.01603], [-88.55581, 50.01605], [-88.55578, 50.01606], [-88.5557, 50.01608], [-88.55558, 50.0161], [-88.55539, 50.0161], [-88.55539, 50.0161], [-88.55533, 50.0161], [-88.55505, 50.01611], [-88.55495, 50.01612], [-88.55488, 50.01616], [-88.55485, 50.01619], [-88.55482, 50.01627], [-88.55479, 50.01652], [-88.55472, 50.01678], [-88.55463, 50.01694], [-88.55459, 50.01707], [-88.55459, 50.01715], [-88.55454, 50.01724], [-88.55448, 50.01732], [-88.55433, 50.01746], [-88.55428, 50.01749], [-88.55419, 50.01752], [-88.55405, 50.01754], [-88.55389, 50.01756], [-88.55368, 50.01753], [-88.55353, 50.01754], [-88.55331, 50.01755], [-88.55316, 50.01757], [-88.55294, 50.01754], [-88.55279, 50.01749], [-88.55265, 50.01748], [-88.55261, 50.01746], [-88.55246, 50.01739], [-88.55235, 50.0173], [-88.5523, 50.01729], [-88.55225, 50.01729], [-88.55216, 50.01733], [-88.55199, 50.01734], [-88.55173, 50.0173], [-88.5516, 50.01732], [-88.55145, 50.01732], [-88.55134, 50.0173], [-88.55092, 50.01728], [-88.55081, 50.01729], [-88.5507, 50.01726], [-88.55064, 50.01725], [-88.55051, 50.01727], [-88.55035, 50.01734], [-88.55025, 50.01736], [-88.54952, 50.01755], [-88.54936, 50.01754], [-88.54924, 50.01755], [-88.54904, 50.01754], [-88.5489, 50.0175], [-88.54878, 50.01748], [-88.54873, 50.01748], [-88.54855, 50.01751], [-88.54844, 50.0175], [-88.54835, 50.0175], [-88.54826, 50.01748], [-88.5482, 50.01749], [-88.54811, 50.01752], [-88.5479, 50.01762], [-88.54771, 50.01768], [-88.54759, 50.01777], [-88.54749, 50.01781], [-88.54746, 50.01783], [-88.54742, 50.01786], [-88.54737, 50.01794], [-88.54733, 50.01797], [-88.5472, 50.01803], [-88.54711, 50.01804], [-88.54706, 50.01807], [-88.54703, 50.0181], [-88.54697, 50.01819], [-88.5469, 50.01825], [-88.54679, 50.01837], [-88.54677, 50.01847], [-88.54663, 50.01863], [-88.54653, 50.01884], [-88.54647, 50.01892], [-88.54645, 50.01897], [-88.54647, 50.01915], [-88.54644, 50.01922], [-88.54645, 50.01933], [-88.54643, 50.01945], [-88.54645, 50.01957], [-88.54641, 50.01974], [-88.54641, 50.01976], [-88.54646, 50.0198], [-88.54653, 50.01989], [-88.54657, 50.01999], [-88.54657, 50.02007], [-88.54662, 50.02021], [-88.54666, 50.02025], [-88.54676, 50.02032], [-88.54683, 50.02038], [-88.54696, 50.02048], [-88.54706, 50.0206], [-88.54712, 50.02064], [-88.54716, 50.02066], [-88.54732, 50.0207], [-88.54737, 50.0207], [-88.54748, 50.02064], [-88.54755, 50.02059], [-88.54767, 50.02055], [-88.54773, 50.02048], [-88.54774, 50.02047], [-88.54787, 50.02048], [-88.54799, 50.0205], [-88.5481, 50.02056], [-88.5482, 50.02057], [-88.54829, 50.0206], [-88.54841, 50.02067], [-88.54853, 50.02071], [-88.54883, 50.02088], [-88.54894, 50.02096], [-88.54908, 50.02104], [-88.54932, 50.02124], [-88.54946, 50.02133], [-88.54956, 50.02143], [-88.54963, 50.02156], [-88.54977, 50.02167], [-88.54982, 50.02174], [-88.54994, 50.0218], [-88.55009, 50.02194], [-88.55022, 50.02202], [-88.55028, 50.02211], [-88.55037, 50.02219], [-88.5504, 50.02227], [-88.55048, 50.02233], [-88.5506, 50.0225], [-88.55064, 50.02272], [-88.55061, 50.02281], [-88.55065, 50.02289], [-88.55062, 50.02299], [-88.55065, 50.02309], [-88.55063, 50.02329], [-88.55061, 50.02336], [-88.55064, 50.02343], [-88.55062, 50.02346], [-88.55058, 50.02349], [-88.55056, 50.02352], [-88.55058, 50.02371], [-88.55057, 50.02375], [-88.55054, 50.02381], [-88.55047, 50.02388], [-88.55031, 50.024], [-88.55011, 50.02416], [-88.55006, 50.02421], [-88.54998, 50.02425], [-88.5499, 50.02428], [-88.54963, 50.02434], [-88.54945, 50.02442], [-88.54928, 50.02452], [-88.54911, 50.02456], [-88.54898, 50.02458], [-88.54886, 50.02451], [-88.54869, 50.02446], [-88.5486, 50.02442], [-88.54852, 50.02437], [-88.54815, 50.02425], [-88.54804, 50.02419], [-88.54787, 50.02411], [-88.54776, 50.02407], [-88.54765, 50.02405], [-88.54749, 50.02401], [-88.54735, 50.02399], [-88.54715, 50.02397], [-88.54696, 50.02397], [-88.54673, 50.02402], [-88.54657, 50.02409], [-88.54648, 50.02412], [-88.54638, 50.02417], [-88.54628, 50.02425], [-88.54625, 50.02428], [-88.54619, 50.0244], [-88.54609, 50.02448], [-88.54598, 50.02454], [-88.54573, 50.02463], [-88.54568, 50.02466], [-88.54551, 50.02484], [-88.54542, 50.02492], [-88.54528, 50.02508], [-88.54516, 50.02519], [-88.54512, 50.02524], [-88.54511, 50.02529], [-88.54516, 50.02568], [-88.54529, 50.02583], [-88.54537, 50.026], [-88.54544, 50.02608], [-88.54551, 50.02614], [-88.54555, 50.02623], [-88.54553, 50.02632], [-88.54547, 50.02638], [-88.54535, 50.02646], [-88.54523, 50.02652], [-88.54513, 50.02654], [-88.54495, 50.02652], [-88.5449, 50.02652], [-88.54486, 50.02655], [-88.5448, 50.0266], [-88.54479, 50.02663], [-88.5448, 50.02666], [-88.54489, 50.02673], [-88.54494, 50.02678], [-88.54495, 50.02683], [-88.54494, 50.02689], [-88.5449, 50.02696], [-88.54481, 50.02705], [-88.54472, 50.02711], [-88.5446, 50.02719], [-88.54455, 50.02723], [-88.54452, 50.02731], [-88.54454, 50.02738], [-88.54459, 50.02743], [-88.54465, 50.02747], [-88.54473, 50.02748], [-88.54479, 50.02746], [-88.54487, 50.02741], [-88.54506, 50.02723], [-88.54509, 50.02719], [-88.54515, 50.02702], [-88.54519, 50.02697], [-88.54523, 50.02693], [-88.54544, 50.0268], [-88.54555, 50.02675], [-88.54567, 50.02672], [-88.54584, 50.02671], [-88.54593, 50.02672], [-88.54603, 50.02678], [-88.54609, 50.02685], [-88.54615, 50.02697], [-88.54625, 50.02704], [-88.54628, 50.02708], [-88.54631, 50.02714], [-88.54631, 50.02721], [-88.54627, 50.02728], [-88.54622, 50.02733], [-88.54611, 50.02736], [-88.54607, 50.02738], [-88.54599, 50.02744], [-88.54598, 50.02747], [-88.54606, 50.02759], [-88.54615, 50.02784], [-88.54621, 50.02792], [-88.54622, 50.02797], [-88.54621, 50.02804], [-88.54622, 50.02807], [-88.54626, 50.02813], [-88.54639, 50.02824], [-88.54645, 50.02836], [-88.54667, 50.02849], [-88.54683, 50.02856], [-88.54707, 50.02857], [-88.54716, 50.02855], [-88.54721, 50.02855], [-88.5473, 50.02858], [-88.54734, 50.02858], [-88.54748, 50.02855], [-88.54749, 50.02852], [-88.54748, 50.02842], [-88.54749, 50.02837], [-88.54755, 50.0283], [-88.54765, 50.02826], [-88.54777, 50.02825], [-88.54785, 50.02825], [-88.54792, 50.02828], [-88.54806, 50.02838], [-88.54812, 50.0284], [-88.5483, 50.0284], [-88.54843, 50.02844], [-88.54854, 50.02846], [-88.5486, 50.02845], [-88.5487, 50.0284], [-88.54877, 50.02834], [-88.54887, 50.02827], [-88.54896, 50.02825], [-88.54911, 50.02814], [-88.54912, 50.02811], [-88.54911, 50.02805], [-88.54913, 50.02801], [-88.54914, 50.02794], [-88.54922, 50.02789], [-88.54924, 50.02784], [-88.54929, 50.02776], [-88.54937, 50.0277], [-88.54943, 50.02765], [-88.5495, 50.02762], [-88.54963, 50.02759], [-88.54986, 50.02756], [-88.54993, 50.02756], [-88.55027, 50.02761], [-88.55041, 50.02765], [-88.55048, 50.02768], [-88.55059, 50.02777], [-88.55073, 50.02787], [-88.55096, 50.02797], [-88.55102, 50.02804], [-88.55104, 50.02814], [-88.55106, 50.02818], [-88.5511, 50.02822], [-88.55124, 50.0283], [-88.55137, 50.02843], [-88.55142, 50.02854], [-88.55128, 50.02876], [-88.55122, 50.02883], [-88.55119, 50.0289], [-88.55115, 50.02898], [-88.5509, 50.02913], [-88.55085, 50.02919], [-88.5508, 50.02924], [-88.55076, 50.02928], [-88.55068, 50.02931], [-88.55065, 50.02934], [-88.55054, 50.02946], [-88.55052, 50.02947], [-88.55047, 50.02948], [-88.55027, 50.02948], [-88.55021, 50.02949], [-88.55007, 50.02956], [-88.54996, 50.0296], [-88.54975, 50.02965], [-88.54952, 50.02972], [-88.54941, 50.02977], [-88.54924, 50.02982], [-88.54919, 50.02986], [-88.54906, 50.03002], [-88.54883, 50.03019], [-88.54883, 50.03022], [-88.54886, 50.03034], [-88.54885, 50.03038], [-88.54882, 50.03041], [-88.54871, 50.03046], [-88.54856, 50.03058], [-88.54851, 50.03061], [-88.54839, 50.03066], [-88.54827, 50.03066], [-88.54823, 50.03067], [-88.54809, 50.03079], [-88.54804, 50.03082], [-88.54793, 50.03085], [-88.54782, 50.03087], [-88.54777, 50.03089], [-88.54757, 50.03102], [-88.54746, 50.03114], [-88.54738, 50.03122], [-88.54732, 50.03132], [-88.5472, 50.03142], [-88.54715, 50.03144], [-88.54706, 50.03146], [-88.547, 50.03145], [-88.54687, 50.03143], [-88.54682, 50.03144], [-88.54668, 50.03151], [-88.54646, 50.03169], [-88.54638, 50.03173], [-88.54628, 50.03175], [-88.54605, 50.03176], [-88.54582, 50.03183], [-88.54561, 50.03185], [-88.54551, 50.0319], [-88.54548, 50.03193], [-88.54546, 50.032], [-88.54542, 50.03206], [-88.54537, 50.03216], [-88.54536, 50.03223], [-88.54537, 50.03233], [-88.54535, 50.03239], [-88.54532, 50.03244], [-88.54523, 50.0325], [-88.54515, 50.03253], [-88.54508, 50.03256], [-88.54497, 50.03257], [-88.54481, 50.03261], [-88.54473, 50.03263], [-88.5447, 50.03266], [-88.5447, 50.03268], [-88.54473, 50.03271], [-88.54489, 50.03276], [-88.54508, 50.03284], [-88.5451, 50.03287], [-88.54514, 50.03297], [-88.5452, 50.03305], [-88.5452, 50.03311], [-88.54515, 50.03321], [-88.54513, 50.03325], [-88.54504, 50.03333], [-88.54501, 50.03342], [-88.54495, 50.03345], [-88.54489, 50.03346], [-88.54476, 50.03345], [-88.54459, 50.03346], [-88.54444, 50.03343], [-88.54436, 50.03342], [-88.54424, 50.03343], [-88.54413, 50.03345], [-88.54399, 50.03345], [-88.54384, 50.0335], [-88.54363, 50.03355], [-88.54344, 50.03364], [-88.54341, 50.03366], [-88.54336, 50.03372], [-88.5433, 50.03389], [-88.5433, 50.03405], [-88.54335, 50.03418], [-88.54337, 50.03427], [-88.54328, 50.03446], [-88.54313, 50.03456], [-88.54304, 50.03463], [-88.54292, 50.03469], [-88.54283, 50.03473], [-88.54269, 50.03482], [-88.54257, 50.03491], [-88.54241, 50.03498], [-88.54233, 50.03509], [-88.54228, 50.03524], [-88.54221, 50.03532], [-88.54217, 50.03535], [-88.542, 50.03544], [-88.54187, 50.03554], [-88.54179, 50.03565], [-88.54158, 50.03576], [-88.54153, 50.03584], [-88.54149, 50.03587], [-88.54143, 50.0359], [-88.54129, 50.03594], [-88.54106, 50.03606], [-88.54095, 50.03609], [-88.54085, 50.03614], [-88.54077, 50.03615], [-88.54062, 50.03616], [-88.54057, 50.03616], [-88.54049, 50.03613], [-88.54046, 50.03613], [-88.5404, 50.03616], [-88.54037, 50.03619], [-88.54037, 50.03621], [-88.54039, 50.03624], [-88.54042, 50.03626], [-88.5406, 50.0363], [-88.54065, 50.03633], [-88.54072, 50.0364], [-88.5408, 50.03652], [-88.54087, 50.03659], [-88.5409, 50.03663], [-88.54091, 50.03669], [-88.5409, 50.03681], [-88.54093, 50.03698], [-88.54089, 50.03717], [-88.54095, 50.03726], [-88.54091, 50.03744], [-88.54094, 50.03764], [-88.54096, 50.03767], [-88.54104, 50.03777], [-88.54105, 50.03791], [-88.54107, 50.03798], [-88.5411, 50.038], [-88.54117, 50.03805], [-88.54121, 50.03809], [-88.54122, 50.03823], [-88.54123, 50.03826], [-88.54136, 50.03834], [-88.54144, 50.03837], [-88.54147, 50.03837], [-88.54151, 50.03836], [-88.54154, 50.03833], [-88.54155, 50.03824], [-88.54159, 50.03822], [-88.54164, 50.03821], [-88.54167, 50.03823], [-88.54178, 50.03833], [-88.54194, 50.03839], [-88.54204, 50.03841], [-88.54224, 50.03848], [-88.54238, 50.03851], [-88.54248, 50.03852], [-88.54259, 50.03854], [-88.54277, 50.03853], [-88.54284, 50.03854], [-88.5429, 50.03857], [-88.54295, 50.03858], [-88.54314, 50.03857], [-88.54327, 50.03853], [-88.54331, 50.03848], [-88.54337, 50.03849], [-88.54339, 50.03848], [-88.54339, 50.03845], [-88.54335, 50.03841], [-88.54337, 50.03837], [-88.5434, 50.03835], [-88.5435, 50.03832], [-88.54361, 50.0382], [-88.54365, 50.03816], [-88.5437, 50.03814], [-88.54377, 50.03812], [-88.54385, 50.03811], [-88.5439, 50.0381], [-88.54402, 50.03804], [-88.54405, 50.03804], [-88.54412, 50.03805], [-88.54418, 50.03804], [-88.54426, 50.03802], [-88.54433, 50.03798], [-88.54442, 50.03798], [-88.54448, 50.03794], [-88.54451, 50.03794], [-88.54455, 50.03794], [-88.54462, 50.03798], [-88.54465, 50.03798], [-88.54488, 50.03797], [-88.54513, 50.03799], [-88.54527, 50.03798], [-88.54543, 50.03799], [-88.54562, 50.03803], [-88.54571, 50.03803], [-88.54578, 50.03805], [-88.54605, 50.03809], [-88.54615, 50.03806], [-88.5463, 50.03799], [-88.54642, 50.038], [-88.54649, 50.03799], [-88.54658, 50.03795], [-88.54671, 50.03796], [-88.54693, 50.03793], [-88.54703, 50.0379], [-88.54718, 50.03789], [-88.54741, 50.03778], [-88.54758, 50.03775], [-88.54777, 50.03769], [-88.54806, 50.03762], [-88.54832, 50.03752], [-88.54842, 50.03754], [-88.54856, 50.03754], [-88.5487, 50.03757], [-88.54879, 50.03757], [-88.5489, 50.0376], [-88.54912, 50.03762], [-88.54918, 50.03762], [-88.54927, 50.0376], [-88.54936, 50.03763], [-88.54953, 50.03766], [-88.54961, 50.03765], [-88.54971, 50.03761], [-88.54977, 50.0376], [-88.54983, 50.03755], [-88.54993, 50.0375], [-88.54996, 50.03744], [-88.54999, 50.03741], [-88.5502, 50.03736], [-88.55028, 50.03731], [-88.55031, 50.03727], [-88.55032, 50.03724], [-88.55024, 50.03716], [-88.55024, 50.03714], [-88.55025, 50.03711], [-88.55029, 50.03706], [-88.55037, 50.03698], [-88.55052, 50.0369], [-88.55057, 50.03688], [-88.55063, 50.03688], [-88.55073, 50.0369], [-88.55092, 50.03691], [-88.55108, 50.03694], [-88.55132, 50.03694], [-88.55146, 50.03697], [-88.55152, 50.03697], [-88.55157, 50.03694], [-88.55162, 50.03685], [-88.55169, 50.03678], [-88.55174, 50.03675], [-88.55185, 50.03671], [-88.55193, 50.03666], [-88.55195, 50.03657], [-88.5519, 50.03647], [-88.55189, 50.03642], [-88.5519, 50.0364], [-88.55193, 50.03637], [-88.55197, 50.03636], [-88.55208, 50.03634], [-88.55231, 50.03634], [-88.55241, 50.03633], [-88.55249, 50.0363], [-88.55254, 50.03629], [-88.55258, 50.03629], [-88.5527, 50.03633], [-88.55274, 50.03633], [-88.55276, 50.03632], [-88.55276, 50.03632], [-88.55278, 50.03631], [-88.55281, 50.03627], [-88.5528, 50.03621], [-88.55259, 50.036], [-88.55257, 50.03598], [-88.55258, 50.03595], [-88.55269, 50.03584], [-88.55273, 50.03583], [-88.55287, 50.03585], [-88.55294, 50.03582], [-88.55303, 50.03581], [-88.55311, 50.03578], [-88.55324, 50.03568], [-88.5533, 50.03565], [-88.55365, 50.03564], [-88.55381, 50.03561], [-88.55391, 50.03561], [-88.5541, 50.03555], [-88.55419, 50.03553], [-88.55426, 50.03548], [-88.55433, 50.03546], [-88.55443, 50.03543], [-88.55453, 50.03539], [-88.55482, 50.03538], [-88.55504, 50.03543], [-88.55519, 50.03541], [-88.55532, 50.03542], [-88.5555, 50.03547], [-88.55592, 50.03542], [-88.55611, 50.03543], [-88.55619, 50.03544], [-88.55645, 50.03544], [-88.55649, 50.03545], [-88.55658, 50.03549], [-88.55671, 50.03552], [-88.55691, 50.03561], [-88.55706, 50.03565], [-88.55718, 50.03567], [-88.55735, 50.03571], [-88.55766, 50.03583], [-88.55816, 50.03598], [-88.55832, 50.03604], [-88.55846, 50.03607], [-88.5586, 50.03607], [-88.55922, 50.03611], [-88.55958, 50.0361], [-88.55987, 50.03612], [-88.56012, 50.0361], [-88.56032, 50.03612], [-88.56054, 50.03612], [-88.56063, 50.03611], [-88.56078, 50.03608], [-88.56109, 50.03603], [-88.56118, 50.036], [-88.56135, 50.03599], [-88.56157, 50.03594], [-88.56168, 50.03594], [-88.56192, 50.0359], [-88.56214, 50.03589], [-88.56223, 50.0359], [-88.5623, 50.03587], [-88.56241, 50.03589], [-88.5625, 50.03586], [-88.56254, 50.03586], [-88.56273, 50.03585], [-88.56284, 50.03586], [-88.56296, 50.03585], [-88.56317, 50.03587], [-88.56337, 50.03587], [-88.56342, 50.03586], [-88.56359, 50.0358], [-88.5637, 50.0358], [-88.56384, 50.03578], [-88.56398, 50.03579], [-88.56407, 50.03576], [-88.56416, 50.03576], [-88.56427, 50.03574], [-88.56437, 50.03572], [-88.56446, 50.03571], [-88.56464, 50.03568], [-88.56471, 50.03566], [-88.5648, 50.03565], [-88.56491, 50.03562], [-88.56504, 50.03559], [-88.56524, 50.03559], [-88.56542, 50.03553], [-88.56568, 50.03551], [-88.56587, 50.03546], [-88.56599, 50.03545], [-88.56609, 50.03542], [-88.56619, 50.0354], [-88.56629, 50.03535], [-88.56633, 50.03534], [-88.56654, 50.03536], [-88.56677, 50.03541], [-88.56683, 50.03539], [-88.56692, 50.03532], [-88.56706, 50.03527], [-88.56709, 50.03527], [-88.56718, 50.0353], [-88.56723, 50.03529], [-88.56743, 50.03521], [-88.56754, 50.03517], [-88.56749, 50.03523], [-88.56749, 50.03524], [-88.56748, 50.03527], [-88.56749, 50.03536], [-88.56752, 50.03542], [-88.56761, 50.03557], [-88.56776, 50.0359], [-88.56784, 50.03603], [-88.5679, 50.03611], [-88.56788, 50.03621], [-88.56785, 50.03641], [-88.56782, 50.03649], [-88.56779, 50.03654], [-88.56774, 50.03659], [-88.56769, 50.03662], [-88.56745, 50.03671], [-88.56732, 50.03677], [-88.56696, 50.03685], [-88.56664, 50.03696], [-88.56657, 50.03699], [-88.5665, 50.03707], [-88.56634, 50.0372], [-88.56611, 50.03729], [-88.56599, 50.03732], [-88.56595, 50.03735], [-88.56591, 50.03739], [-88.5659, 50.03745], [-88.56591, 50.0375], [-88.56596, 50.03755], [-88.56603, 50.03759], [-88.56621, 50.03765], [-88.5665, 50.03768], [-88.56653, 50.0377], [-88.56658, 50.03777], [-88.5666, 50.03778], [-88.56666, 50.03778], [-88.56679, 50.03777], [-88.56686, 50.03778], [-88.56699, 50.03781], [-88.56705, 50.03786], [-88.56713, 50.03798], [-88.56714, 50.03804], [-88.56714, 50.03813], [-88.56717, 50.03817], [-88.56722, 50.0382], [-88.56724, 50.0382], [-88.56734, 50.03821], [-88.56735, 50.03823], [-88.56731, 50.03825], [-88.56722, 50.03826], [-88.56722, 50.03826], [-88.56715, 50.03826], [-88.56696, 50.03825], [-88.56675, 50.03826], [-88.5667, 50.03827], [-88.56666, 50.0383], [-88.56666, 50.03833], [-88.56667, 50.03836], [-88.56671, 50.0384], [-88.5667, 50.03845], [-88.56666, 50.03856], [-88.56664, 50.03871], [-88.56657, 50.03881], [-88.56654, 50.03889], [-88.56652, 50.03892], [-88.56648, 50.03894], [-88.56636, 50.03899], [-88.56626, 50.039], [-88.56611, 50.03901], [-88.56603, 50.039], [-88.56586, 50.03896], [-88.56569, 50.03896], [-88.56559, 50.03898], [-88.56539, 50.03904], [-88.56515, 50.03907], [-88.56509, 50.03911], [-88.56503, 50.03921], [-88.56501, 50.03924], [-88.56496, 50.03926], [-88.56482, 50.0393], [-88.56477, 50.03932], [-88.56472, 50.03936], [-88.56471, 50.03941], [-88.56474, 50.03944], [-88.5648, 50.03946], [-88.56513, 50.0395], [-88.56522, 50.0395], [-88.56529, 50.03947], [-88.56539, 50.0394], [-88.56549, 50.03927], [-88.56561, 50.03918], [-88.56567, 50.03915], [-88.56575, 50.03914], [-88.56586, 50.03914], [-88.56612, 50.03918], [-88.56617, 50.03917], [-88.5663, 50.03912], [-88.56636, 50.03911], [-88.5664, 50.03911], [-88.56657, 50.03916], [-88.56668, 50.03921], [-88.56672, 50.03926], [-88.56675, 50.03928], [-88.56692, 50.03933], [-88.56708, 50.0394], [-88.56712, 50.03942], [-88.56725, 50.03955], [-88.56728, 50.0396], [-88.5673, 50.03972], [-88.56732, 50.03978], [-88.56735, 50.0398], [-88.56743, 50.03984], [-88.56754, 50.0399], [-88.56762, 50.04001], [-88.56766, 50.0401], [-88.56774, 50.04019], [-88.56778, 50.04022], [-88.56789, 50.04023], [-88.56795, 50.04025], [-88.56797, 50.04028], [-88.56797, 50.04036], [-88.56799, 50.04039], [-88.56817, 50.04051], [-88.56835, 50.04061], [-88.56841, 50.0407], [-88.56841, 50.04074], [-88.56842, 50.04077], [-88.5685, 50.04085], [-88.56851, 50.04088], [-88.56851, 50.04092], [-88.56848, 50.04097], [-88.56849, 50.04099], [-88.56863, 50.04109], [-88.56866, 50.04117], [-88.56868, 50.0412], [-88.56874, 50.04123], [-88.56891, 50.04129], [-88.56896, 50.04132], [-88.56899, 50.04135], [-88.56901, 50.04143], [-88.56899, 50.04155], [-88.56898, 50.04159], [-88.56895, 50.04162], [-88.56892, 50.04163], [-88.56886, 50.04165], [-88.56864, 50.04165], [-88.56844, 50.04167], [-88.56827, 50.04167], [-88.56796, 50.04169], [-88.56788, 50.04171], [-88.56774, 50.04176], [-88.56767, 50.04177], [-88.56732, 50.04174], [-88.56716, 50.04177], [-88.56702, 50.04178], [-88.56696, 50.04179], [-88.56692, 50.04181], [-88.56686, 50.04188], [-88.56686, 50.04198], [-88.56677, 50.04209], [-88.56678, 50.04217], [-88.56663, 50.04228], [-88.56658, 50.04232], [-88.56656, 50.04237], [-88.56657, 50.0424], [-88.5666, 50.04243], [-88.56665, 50.04246], [-88.56671, 50.04247], [-88.56677, 50.04247], [-88.56682, 50.04246], [-88.56696, 50.0424], [-88.56701, 50.0424], [-88.56704, 50.0424], [-88.5671, 50.04243], [-88.56721, 50.04253], [-88.56733, 50.04257], [-88.56743, 50.04262], [-88.5676, 50.04266], [-88.56774, 50.04271], [-88.56786, 50.04276], [-88.56795, 50.04281], [-88.56798, 50.04284], [-88.56801, 50.04295], [-88.56805, 50.04306], [-88.56803, 50.0432], [-88.5681, 50.04328], [-88.5682, 50.04334], [-88.56831, 50.04336], [-88.56845, 50.04342], [-88.56868, 50.04345], [-88.56874, 50.04344], [-88.56881, 50.04341], [-88.56893, 50.04332], [-88.56899, 50.04324], [-88.56912, 50.04318], [-88.56923, 50.04315], [-88.56942, 50.04313], [-88.56949, 50.0431], [-88.56953, 50.04305], [-88.56951, 50.04296], [-88.56952, 50.04289], [-88.56959, 50.0428], [-88.56963, 50.04271], [-88.56973, 50.04258], [-88.56977, 50.0425], [-88.56992, 50.04229], [-88.57002, 50.04226], [-88.57008, 50.04221], [-88.5704, 50.04214], [-88.57057, 50.04208], [-88.57072, 50.042], [-88.57081, 50.04192], [-88.57093, 50.04188], [-88.57105, 50.04185], [-88.57116, 50.04184], [-88.57129, 50.04185], [-88.57139, 50.04184], [-88.57162, 50.04179], [-88.57189, 50.0418], [-88.57206, 50.04177], [-88.57214, 50.04175], [-88.57227, 50.04167], [-88.57238, 50.04164], [-88.57252, 50.04162], [-88.57265, 50.04155], [-88.57271, 50.04154], [-88.5729, 50.04154], [-88.57303, 50.04156], [-88.57323, 50.04153], [-88.57328, 50.04153], [-88.57345, 50.04157], [-88.57363, 50.04164], [-88.57391, 50.0417], [-88.57399, 50.0417], [-88.57406, 50.04169], [-88.5741, 50.04167], [-88.57429, 50.0415], [-88.57435, 50.04148], [-88.57447, 50.04146], [-88.57465, 50.0415], [-88.5747, 50.04149], [-88.57478, 50.04145], [-88.57482, 50.04145], [-88.57497, 50.04146], [-88.57521, 50.04146], [-88.5753, 50.04148], [-88.57534, 50.0415], [-88.57537, 50.04155], [-88.57538, 50.04164], [-88.57536, 50.04168], [-88.57529, 50.04174], [-88.57525, 50.04181], [-88.57524, 50.0419], [-88.57522, 50.04197], [-88.57523, 50.04201], [-88.57528, 50.04204], [-88.57539, 50.04209], [-88.57559, 50.04212], [-88.57582, 50.04221], [-88.57602, 50.04236], [-88.5761, 50.04241], [-88.57615, 50.04246], [-88.57618, 50.04252], [-88.5762, 50.04263], [-88.57624, 50.04269], [-88.57633, 50.04275], [-88.57648, 50.0428], [-88.57652, 50.04284], [-88.57652, 50.04292], [-88.57649, 50.04297], [-88.57643, 50.04302], [-88.57632, 50.04307], [-88.57623, 50.04323], [-88.57612, 50.04327], [-88.57598, 50.04338], [-88.57596, 50.04341], [-88.57606, 50.04353], [-88.57601, 50.04365], [-88.57603, 50.0437], [-88.57605, 50.04372], [-88.57621, 50.04378], [-88.57634, 50.04386], [-88.57646, 50.04391], [-88.57653, 50.04397], [-88.57658, 50.04408], [-88.57655, 50.04411], [-88.57645, 50.04415], [-88.57619, 50.04419], [-88.57598, 50.04421], [-88.57574, 50.04431], [-88.57564, 50.04433], [-88.57549, 50.04439], [-88.57534, 50.04449], [-88.57522, 50.04452], [-88.57518, 50.04453], [-88.57511, 50.04465], [-88.57502, 50.04476], [-88.57498, 50.04479], [-88.57486, 50.04483], [-88.57473, 50.04485], [-88.57459, 50.0449], [-88.5745, 50.04495], [-88.57448, 50.04497], [-88.57447, 50.04501], [-88.5745, 50.04516], [-88.57449, 50.04531], [-88.57451, 50.04542], [-88.57452, 50.04544], [-88.57471, 50.04558], [-88.57496, 50.04568], [-88.57517, 50.04581], [-88.57527, 50.04584], [-88.57542, 50.04586], [-88.57552, 50.04585], [-88.57569, 50.04585], [-88.57585, 50.0459], [-88.57609, 50.04594], [-88.57628, 50.04594], [-88.57643, 50.04595], [-88.57663, 50.04594], [-88.57676, 50.04594], [-88.57684, 50.04595], [-88.57695, 50.04595], [-88.57707, 50.04596], [-88.57719, 50.04596], [-88.57732, 50.04594], [-88.57749, 50.04595], [-88.5776, 50.04591], [-88.57785, 50.04588], [-88.57799, 50.04584], [-88.57811, 50.04577], [-88.57817, 50.04573], [-88.5782, 50.04565], [-88.57827, 50.04555], [-88.57831, 50.04545], [-88.57833, 50.04543], [-88.57838, 50.04542], [-88.57852, 50.04548], [-88.5786, 50.0455], [-88.5788, 50.04546], [-88.57885, 50.04544], [-88.57888, 50.04541], [-88.57889, 50.04537], [-88.57887, 50.04529], [-88.57888, 50.0452], [-88.57887, 50.04516], [-88.57884, 50.04512], [-88.57877, 50.04507], [-88.57865, 50.04504], [-88.57861, 50.04502], [-88.57859, 50.04493], [-88.57854, 50.04488], [-88.57849, 50.04486], [-88.57837, 50.04485], [-88.57834, 50.04482], [-88.57834, 50.04476], [-88.5784, 50.0447], [-88.57844, 50.04468], [-88.5786, 50.04464], [-88.57869, 50.04465], [-88.5788, 50.04465], [-88.57894, 50.04472], [-88.579, 50.04474], [-88.57924, 50.04475], [-88.57958, 50.04481], [-88.5799, 50.04492], [-88.58002, 50.04498], [-88.58011, 50.04504], [-88.58026, 50.0451], [-88.58046, 50.04515], [-88.58058, 50.04516], [-88.58085, 50.04522], [-88.58119, 50.04525], [-88.58135, 50.04528], [-88.58201, 50.04532], [-88.58251, 50.04538], [-88.58291, 50.04536], [-88.58298, 50.04533], [-88.5833, 50.04517], [-88.58342, 50.04514], [-88.58358, 50.04506], [-88.58363, 50.04504], [-88.58375, 50.04503], [-88.58381, 50.04502], [-88.58396, 50.04493], [-88.58436, 50.04482], [-88.58443, 50.0448], [-88.58452, 50.04475], [-88.5847, 50.04471], [-88.58489, 50.04464], [-88.58508, 50.04459], [-88.58528, 50.04462], [-88.5854, 50.04462], [-88.58565, 50.04455], [-88.58577, 50.04449], [-88.58582, 50.04445], [-88.58586, 50.04437], [-88.58588, 50.04422], [-88.58591, 50.04419], [-88.58595, 50.04416], [-88.58604, 50.04413], [-88.58617, 50.0441], [-88.58624, 50.04407], [-88.58635, 50.044], [-88.58665, 50.04388], [-88.58675, 50.04386], [-88.58694, 50.04377], [-88.58702, 50.04375], [-88.58722, 50.04373], [-88.58733, 50.04374], [-88.58739, 50.04373], [-88.58745, 50.0437], [-88.58752, 50.04366], [-88.58771, 50.04358], [-88.58783, 50.0435], [-88.58798, 50.04346], [-88.58809, 50.04343], [-88.58812, 50.04342], [-88.58816, 50.04344], [-88.58824, 50.04348], [-88.58833, 50.0435], [-88.58836, 50.04351], [-88.58855, 50.04364], [-88.58861, 50.0437], [-88.58866, 50.04372], [-88.5887, 50.04373], [-88.58878, 50.04373], [-88.58886, 50.04374], [-88.589, 50.04372], [-88.58909, 50.04373], [-88.58909, 50.04374], [-88.58924, 50.04387], [-88.58934, 50.04398], [-88.58948, 50.04408], [-88.58951, 50.04412], [-88.58949, 50.04418], [-88.58953, 50.04424], [-88.5896, 50.04428], [-88.58964, 50.04428], [-88.5897, 50.04427], [-88.58973, 50.04429], [-88.58975, 50.04435], [-88.58983, 50.04441], [-88.58985, 50.04444], [-88.58985, 50.04447], [-88.58983, 50.04451], [-88.58973, 50.0446], [-88.58965, 50.04472], [-88.58959, 50.04479], [-88.58956, 50.04486], [-88.58955, 50.04491], [-88.58954, 50.04525], [-88.5895, 50.04534], [-88.58957, 50.04548], [-88.5896, 50.04565], [-88.58959, 50.04575], [-88.58954, 50.04586], [-88.58957, 50.04594], [-88.58959, 50.04608], [-88.58963, 50.04612], [-88.58973, 50.04617], [-88.58985, 50.04625], [-88.58993, 50.04628], [-88.59005, 50.0463], [-88.59014, 50.04633], [-88.59024, 50.04637], [-88.59037, 50.04645], [-88.59043, 50.0465], [-88.59048, 50.04661], [-88.59053, 50.04669], [-88.59064, 50.04679], [-88.59069, 50.04688], [-88.59079, 50.04692], [-88.59094, 50.04698], [-88.59103, 50.04699], [-88.59109, 50.047], [-88.59123, 50.04698], [-88.59131, 50.04695], [-88.59136, 50.04694], [-88.59147, 50.04694], [-88.59156, 50.04695], [-88.59166, 50.04699], [-88.59173, 50.04706], [-88.59184, 50.04708], [-88.5919, 50.04711], [-88.59208, 50.04721], [-88.59215, 50.04727], [-88.59223, 50.04731], [-88.59232, 50.04734], [-88.59266, 50.04741], [-88.59302, 50.04748], [-88.5931, 50.04748], [-88.59326, 50.04746], [-88.59345, 50.04742], [-88.5937, 50.04738], [-88.59401, 50.0474], [-88.59406, 50.04738], [-88.59422, 50.04726], [-88.5944, 50.04718], [-88.59445, 50.04718], [-88.59456, 50.0472], [-88.5947, 50.0472], [-88.59475, 50.04721], [-88.59484, 50.04727], [-88.59491, 50.04728], [-88.59502, 50.04727], [-88.59509, 50.04729], [-88.59541, 50.04741], [-88.59554, 50.0475], [-88.59555, 50.04752], [-88.59555, 50.04757], [-88.59557, 50.0476], [-88.59566, 50.04771], [-88.59571, 50.04774], [-88.59575, 50.04774], [-88.59578, 50.04773], [-88.59583, 50.04766], [-88.59589, 50.04764], [-88.59593, 50.04764], [-88.59596, 50.04765], [-88.59603, 50.04771], [-88.59607, 50.04773], [-88.5963, 50.04775], [-88.59635, 50.04774], [-88.59638, 50.04773], [-88.59641, 50.04767], [-88.59643, 50.04767], [-88.59652, 50.04769], [-88.59656, 50.04769], [-88.59659, 50.04768], [-88.59666, 50.04763], [-88.5967, 50.04762], [-88.59685, 50.04763], [-88.59698, 50.04764], [-88.59717, 50.04762], [-88.59727, 50.04763], [-88.59749, 50.04767], [-88.59761, 50.04771], [-88.59772, 50.04769], [-88.5979, 50.04768], [-88.59807, 50.0477], [-88.59819, 50.04768], [-88.59837, 50.04767], [-88.59864, 50.04768], [-88.5988, 50.04768], [-88.59893, 50.04768], [-88.59904, 50.04767], [-88.59915, 50.04772], [-88.59931, 50.04772], [-88.59947, 50.04781], [-88.59967, 50.04788], [-88.59989, 50.04795], [-88.59995, 50.04796], [-88.60007, 50.04795], [-88.60019, 50.04793], [-88.60027, 50.04792], [-88.60042, 50.04791], [-88.60052, 50.04792], [-88.60075, 50.04789], [-88.60096, 50.04791], [-88.60111, 50.0479], [-88.60132, 50.04787], [-88.60146, 50.04794], [-88.60154, 50.04799], [-88.6016, 50.048], [-88.6017, 50.04799], [-88.60174, 50.04799], [-88.60194, 50.04805], [-88.60205, 50.04806], [-88.60208, 50.04808], [-88.60216, 50.04815], [-88.60228, 50.0482], [-88.6024, 50.04823], [-88.60252, 50.04827], [-88.60261, 50.0483], [-88.60283, 50.04834], [-88.60297, 50.04834], [-88.60315, 50.04838], [-88.60336, 50.04842], [-88.60356, 50.04848], [-88.60383, 50.04854], [-88.60403, 50.0486], [-88.6042, 50.04862], [-88.6043, 50.04864], [-88.60442, 50.04865], [-88.60488, 50.04872], [-88.60505, 50.04878], [-88.60517, 50.04879], [-88.60533, 50.04884], [-88.60548, 50.04886], [-88.6057, 50.04895], [-88.60581, 50.04897], [-88.60591, 50.04899], [-88.60604, 50.04906], [-88.60617, 50.04905], [-88.60629, 50.04907], [-88.6064, 50.04905], [-88.60649, 50.04902], [-88.60655, 50.04901], [-88.6067, 50.04902], [-88.60677, 50.04901], [-88.60682, 50.049], [-88.60697, 50.04893], [-88.60721, 50.04887], [-88.60734, 50.04883], [-88.60748, 50.04879], [-88.60758, 50.04875], [-88.6077, 50.04866], [-88.60792, 50.04854], [-88.60802, 50.04847], [-88.6082, 50.04842], [-88.60827, 50.04838], [-88.60854, 50.04829], [-88.60865, 50.04821], [-88.60869, 50.04819], [-88.60873, 50.04819], [-88.60881, 50.04819], [-88.60891, 50.04817], [-88.60903, 50.04816], [-88.60907, 50.04816], [-88.60919, 50.04819], [-88.60926, 50.04819], [-88.60931, 50.04818], [-88.60941, 50.04813], [-88.60958, 50.04807], [-88.60966, 50.04799], [-88.60977, 50.04797], [-88.60983, 50.04792], [-88.60985, 50.0479], [-88.60983, 50.04787], [-88.60966, 50.04781], [-88.60964, 50.04779], [-88.60962, 50.04777], [-88.60963, 50.04775], [-88.6097, 50.04773], [-88.6098, 50.04765], [-88.60986, 50.04762], [-88.60991, 50.04761], [-88.60996, 50.04761], [-88.61003, 50.04762], [-88.61006, 50.04762], [-88.61029, 50.04754], [-88.61041, 50.04751], [-88.61045, 50.04749], [-88.61053, 50.04741], [-88.61063, 50.04734], [-88.61083, 50.04727], [-88.61103, 50.04723], [-88.61113, 50.04722], [-88.61136, 50.04725], [-88.61148, 50.04725], [-88.61156, 50.04725], [-88.61168, 50.04723], [-88.61176, 50.04723], [-88.612, 50.04726], [-88.61218, 50.04731], [-88.6124, 50.04731], [-88.6125, 50.04733], [-88.61265, 50.04731], [-88.61279, 50.04728], [-88.61288, 50.04727], [-88.61298, 50.04724], [-88.61315, 50.04725], [-88.61335, 50.0473], [-88.61341, 50.04733], [-88.6135, 50.0474], [-88.61363, 50.04745], [-88.61381, 50.04751], [-88.61388, 50.04751], [-88.61408, 50.04748], [-88.61419, 50.04748], [-88.61439, 50.04748], [-88.61477, 50.04757], [-88.61482, 50.04757], [-88.61492, 50.04754], [-88.61497, 50.04754], [-88.61513, 50.04758], [-88.61531, 50.04759], [-88.61545, 50.04761], [-88.61556, 50.0476], [-88.61568, 50.04762], [-88.61581, 50.04762], [-88.61588, 50.04761], [-88.61599, 50.04757], [-88.61605, 50.04756], [-88.6162, 50.04759], [-88.61637, 50.04761], [-88.61641, 50.04759], [-88.61648, 50.04754], [-88.61654, 50.04751], [-88.61682, 50.04752], [-88.61689, 50.0475], [-88.61698, 50.04744], [-88.61703, 50.04742], [-88.61725, 50.0474], [-88.61755, 50.04743], [-88.61769, 50.04747], [-88.61783, 50.04753], [-88.61812, 50.04756], [-88.6183, 50.04761], [-88.6184, 50.04762], [-88.61856, 50.0476], [-88.61869, 50.04763], [-88.61881, 50.04763], [-88.6189, 50.04765], [-88.61913, 50.04765], [-88.61922, 50.04764], [-88.61936, 50.0476], [-88.61948, 50.04753], [-88.61966, 50.0474], [-88.61975, 50.04736], [-88.61982, 50.04734], [-88.62007, 50.0473], [-88.62013, 50.04728], [-88.6202, 50.04724], [-88.62022, 50.0472], [-88.62022, 50.04716], [-88.62018, 50.04714], [-88.62008, 50.04709], [-88.62004, 50.04707], [-88.62, 50.04701], [-88.61999, 50.04695], [-88.6201, 50.04685], [-88.6202, 50.04669], [-88.62034, 50.04661], [-88.62052, 50.04656], [-88.62059, 50.04655], [-88.6208, 50.04656], [-88.62098, 50.04655], [-88.6211, 50.04653], [-88.62131, 50.04656], [-88.62138, 50.04658], [-88.62148, 50.04664], [-88.62176, 50.04674], [-88.62196, 50.04688], [-88.6223, 50.04697], [-88.62246, 50.04704], [-88.62266, 50.04705], [-88.62282, 50.04704], [-88.6231, 50.04699], [-88.62322, 50.04695], [-88.62342, 50.04691], [-88.62353, 50.04691], [-88.62372, 50.04686], [-88.62428, 50.0468], [-88.62458, 50.04673], [-88.62474, 50.04671], [-88.62486, 50.04667], [-88.62527, 50.04662], [-88.62537, 50.0466], [-88.62545, 50.04659], [-88.62558, 50.04655], [-88.62594, 50.04653], [-88.62611, 50.0465], [-88.62635, 50.04639], [-88.62662, 50.04631], [-88.62677, 50.04625], [-88.62684, 50.04622], [-88.62694, 50.04611], [-88.62697, 50.04606], [-88.62699, 50.046], [-88.62699, 50.04589], [-88.62695, 50.04581], [-88.62687, 50.04573], [-88.62681, 50.04569], [-88.62654, 50.04554], [-88.62631, 50.04545], [-88.62621, 50.04541], [-88.62591, 50.04528], [-88.62578, 50.04519], [-88.62578, 50.04508], [-88.6258, 50.04507], [-88.62589, 50.04504], [-88.62593, 50.04499], [-88.62595, 50.04488], [-88.62594, 50.04479], [-88.626, 50.0445], [-88.62599, 50.04445], [-88.62596, 50.0444], [-88.62576, 50.04424], [-88.62575, 50.04422], [-88.62575, 50.0442], [-88.62577, 50.04418], [-88.62595, 50.0441], [-88.62601, 50.04405], [-88.62607, 50.04403], [-88.62631, 50.04398], [-88.62656, 50.04396], [-88.6267, 50.04394], [-88.62684, 50.04394], [-88.62689, 50.04393], [-88.62697, 50.04388], [-88.62701, 50.04384], [-88.62703, 50.04377], [-88.62703, 50.04375], [-88.62694, 50.04365], [-88.62682, 50.04356], [-88.62678, 50.04343], [-88.62678, 50.04339], [-88.6268, 50.04329], [-88.62684, 50.04322], [-88.62681, 50.04316], [-88.62682, 50.04313], [-88.62688, 50.04305], [-88.62699, 50.04299], [-88.62705, 50.04291], [-88.62708, 50.0429], [-88.62725, 50.04286], [-88.62743, 50.04279], [-88.62754, 50.04278], [-88.62764, 50.04275], [-88.62776, 50.04275], [-88.62787, 50.04274], [-88.62797, 50.04274], [-88.62829, 50.04271], [-88.62838, 50.04271], [-88.62846, 50.04273], [-88.62872, 50.0427], [-88.62879, 50.0427], [-88.6289, 50.04271], [-88.629, 50.04274], [-88.6291, 50.04274], [-88.62918, 50.04276], [-88.62922, 50.04278], [-88.62923, 50.0428], [-88.62926, 50.04283], [-88.62937, 50.04286], [-88.62944, 50.0429], [-88.62945, 50.04292], [-88.62945, 50.04297], [-88.62947, 50.04298], [-88.62953, 50.043], [-88.62955, 50.04304], [-88.62955, 50.04312], [-88.62951, 50.04323], [-88.62952, 50.04331], [-88.6295, 50.04337], [-88.62949, 50.04358], [-88.62948, 50.04363], [-88.62955, 50.04372], [-88.62956, 50.04382], [-88.62961, 50.04394], [-88.62973, 50.0441], [-88.62978, 50.0442], [-88.62982, 50.04432], [-88.62984, 50.04442], [-88.62995, 50.0447], [-88.62997, 50.04481], [-88.63003, 50.04488], [-88.63013, 50.04506], [-88.63021, 50.04513], [-88.63035, 50.0453], [-88.63047, 50.04536], [-88.63056, 50.04543], [-88.63067, 50.04549], [-88.63077, 50.04558], [-88.63095, 50.0457], [-88.63108, 50.04575], [-88.63116, 50.04577]]]}}, {"type": "Feature", "properties": {"id": "on-cgp-127547631", "name": "Himsworth Crown Game Preserve", "hunting_allowed": false, "basis": "fwca_s9"}, "geometry": {"type": "MultiPolygon", "coordinates": [[[[-79.33246, 46.19398], [-79.33244, 46.19401], [-79.33243, 46.19401], [-79.3324, 46.19405], [-79.33233, 46.19413], [-79.33225, 46.19422], [-79.3322, 46.19428], [-79.33192, 46.19459], [-79.33219, 46.19466], [-79.33236, 46.1947], [-79.33253, 46.19474], [-79.3327, 46.19478], [-79.33287, 46.1948], [-79.33305, 46.19483], [-79.33322, 46.19485], [-79.3334, 46.19486], [-79.33358, 46.19487], [-79.33375, 46.19487], [-79.33393, 46.19487], [-79.33409, 46.19487], [-79.33411, 46.19487], [-79.33429, 46.19486], [-79.33445, 46.19484], [-79.33464, 46.19482], [-79.33483, 46.1948], [-79.335, 46.19477], [-79.33518, 46.19473], [-79.33535, 46.19469], [-79.33552, 46.19465], [-79.33558, 46.19463], [-79.33569, 46.1946], [-79.33585, 46.19454], [-79.33601, 46.19449], [-79.33666, 46.19424], [-79.33685, 46.19417], [-79.33704, 46.19411], [-79.33723, 46.19405], [-79.33742, 46.194], [-79.33762, 46.19395], [-79.33782, 46.1939], [-79.33798, 46.19387], [-79.33803, 46.19386], [-79.33823, 46.19383], [-79.33844, 46.1938], [-79.33864, 46.19377], [-79.33885, 46.19375], [-79.33907, 46.19373], [-79.33927, 46.19372], [-79.33942, 46.19373], [-79.33955, 46.19373], [-79.33939, 46.19343], [-79.33792, 46.19075], [-79.34275, 46.18937], [-79.34758, 46.18799], [-79.3524, 46.18661], [-79.35723, 46.18523], [-79.35926, 46.18465], [-79.35926, 46.18465], [-79.35883, 46.18266], [-79.35876, 46.18231], [-79.35869, 46.18196], [-79.35864, 46.18161], [-79.35859, 46.18126], [-79.35855, 46.18091], [-79.35852, 46.18055], [-79.3585, 46.1802], [-79.35849, 46.17985], [-79.35848, 46.17949], [-79.35848, 46.17798], [-79.35848, 46.17793], [-79.35848, 46.17725], [-79.35848, 46.17677], [-79.35848, 46.17623], [-79.35848, 46.17619], [-79.35843, 46.17606], [-79.35838, 46.17592], [-79.35848, 46.17591], [-79.35848, 46.17492], [-79.35772, 46.17514], [-79.35653, 46.17288], [-79.35567, 46.17125], [-79.35324, 46.16666], [-79.35485, 46.16621], [-79.35799, 46.16532], [-79.3579, 46.16515], [-79.3578, 46.16498], [-79.35782, 46.16497], [-79.35819, 46.16487], [-79.35818, 46.16132], [-79.35856, 46.16035], [-79.35856, 46.15763], [-79.35856, 46.15729], [-79.35857, 46.15696], [-79.35868, 46.15513], [-79.35851, 46.15518], [-79.35812, 46.15529], [-79.35801, 46.15532], [-79.35794, 46.15534], [-79.35358, 46.14778], [-79.35338, 46.14743], [-79.35309, 46.14692], [-79.35791, 46.14555], [-79.3587, 46.14692], [-79.35872, 46.14689], [-79.35889, 46.14656], [-79.35914, 46.14581], [-79.35917, 46.14524], [-79.359, 46.14515], [-79.35897, 46.14511], [-79.3589, 46.14499], [-79.35901, 46.14496], [-79.35917, 46.1448], [-79.3592, 46.14477], [-79.35979, 46.13481], [-79.35984, 46.13387], [-79.35985, 46.13378], [-79.35987, 46.13346], [-79.35991, 46.13315], [-79.35995, 46.13283], [-79.36, 46.13251], [-79.36006, 46.1322], [-79.3601, 46.132], [-79.36013, 46.13188], [-79.3602, 46.13157], [-79.36027, 46.13134], [-79.36029, 46.13126], [-79.3606, 46.13021], [-79.36069, 46.12989], [-79.36076, 46.13], [-79.36092, 46.12943], [-79.36237, 46.12448], [-79.36216, 46.12445], [-79.36203, 46.12444], [-79.36197, 46.12431], [-79.36155, 46.12443], [-79.36126, 46.12451], [-79.35895, 46.12516], [-79.35827, 46.12535], [-79.35337, 46.11681], [-79.35102, 46.11271], [-79.35102, 46.11271], [-79.34978, 46.11338], [-79.34936, 46.11362], [-79.34706, 46.11487], [-79.34655, 46.11517], [-79.34646, 46.11523], [-79.34612, 46.11546], [-79.34584, 46.11564], [-79.34556, 46.11586], [-79.34496, 46.11643], [-79.34441, 46.11696], [-79.34392, 46.11742], [-79.34368, 46.11765], [-79.34258, 46.11877], [-79.34233, 46.11902], [-79.34107, 46.12025], [-79.34084, 46.12047], [-79.33927, 46.12201], [-79.33922, 46.12206], [-79.33787, 46.12341], [-79.33658, 46.12466], [-79.33555, 46.12566], [-79.33314, 46.1279], [-79.33083, 46.13005], [-79.3288, 46.13195], [-79.32832, 46.13239], [-79.32708, 46.13353], [-79.32696, 46.13364], [-79.32688, 46.13372], [-79.32681, 46.13378], [-79.32557, 46.13493], [-79.32414, 46.13627], [-79.3229, 46.13741], [-79.32161, 46.13865], [-79.32132, 46.13893], [-79.32099, 46.13933], [-79.32067, 46.13983], [-79.32039, 46.1403], [-79.32017, 46.14078], [-79.31999, 46.14132], [-79.3199, 46.14172], [-79.31964, 46.14301], [-79.31938, 46.14445], [-79.31929, 46.14493], [-79.31917, 46.14556], [-79.31916, 46.14561], [-79.31911, 46.14588], [-79.31885, 46.14715], [-79.31879, 46.14741], [-79.31879, 46.14741], [-79.31879, 46.14743], [-79.31861, 46.14786], [-79.3186, 46.14787], [-79.3186, 46.14787], [-79.31839, 46.14821], [-79.31832, 46.14833], [-79.31832, 46.14834], [-79.31812, 46.14861], [-79.31811, 46.14862], [-79.31786, 46.14891], [-79.31786, 46.14892], [-79.31757, 46.1492], [-79.31757, 46.1492], [-79.31639, 46.15029], [-79.31439, 46.15218], [-79.31393, 46.15266], [-79.3137, 46.15298], [-79.3135, 46.15341], [-79.31344, 46.15363], [-79.31342, 46.15392], [-79.31343, 46.15414], [-79.31347, 46.15439], [-79.31358, 46.15468], [-79.31364, 46.1548], [-79.31381, 46.15507], [-79.31464, 46.15628], [-79.31465, 46.15629], [-79.31482, 46.15659], [-79.31482, 46.1566], [-79.31482, 46.1566], [-79.31497, 46.15697], [-79.31498, 46.15698], [-79.31502, 46.15712], [-79.31503, 46.15716], [-79.31503, 46.15717], [-79.31504, 46.15718], [-79.31507, 46.15742], [-79.31507, 46.15743], [-79.31507, 46.15743], [-79.31505, 46.15779], [-79.31505, 46.1578], [-79.31502, 46.15799], [-79.31502, 46.15801], [-79.31501, 46.15801], [-79.31492, 46.15829], [-79.31492, 46.15831], [-79.31479, 46.15858], [-79.31478, 46.15859], [-79.31478, 46.1586], [-79.31466, 46.15877], [-79.31455, 46.15894], [-79.31453, 46.15895], [-79.31451, 46.15898], [-79.31433, 46.15918], [-79.31432, 46.15918], [-79.31368, 46.1598], [-79.31363, 46.15986], [-79.31276, 46.16074], [-79.31196, 46.16157], [-79.3119, 46.16163], [-79.31164, 46.16193], [-79.31154, 46.1621], [-79.31138, 46.16239], [-79.31125, 46.1627], [-79.31113, 46.16315], [-79.31113, 46.16317], [-79.31108, 46.16357], [-79.31112, 46.16396], [-79.31116, 46.16422], [-79.31125, 46.16454], [-79.31137, 46.16481], [-79.31156, 46.16515], [-79.31176, 46.16544], [-79.31211, 46.16578], [-79.31241, 46.16604], [-79.31388, 46.16726], [-79.31391, 46.16729], [-79.31465, 46.16791], [-79.31466, 46.16792], [-79.31504, 46.16829], [-79.31505, 46.1683], [-79.31536, 46.16868], [-79.31576, 46.16919], [-79.31577, 46.1692], [-79.31614, 46.16979], [-79.31614, 46.1698], [-79.31675, 46.17085], [-79.31696, 46.17123], [-79.31756, 46.1723], [-79.31804, 46.17315], [-79.31844, 46.17374], [-79.3186, 46.17396], [-79.31891, 46.1743], [-79.31916, 46.17457], [-79.31948, 46.17488], [-79.31969, 46.17507], [-79.32, 46.17533], [-79.32033, 46.17557], [-79.32132, 46.17631], [-79.32182, 46.17667], [-79.32191, 46.17674], [-79.32192, 46.17674], [-79.32192, 46.17675], [-79.32218, 46.17696], [-79.32218, 46.17696], [-79.32219, 46.17697], [-79.32247, 46.17727], [-79.32247, 46.17728], [-79.32266, 46.17751], [-79.32267, 46.17753], [-79.32289, 46.1779], [-79.3229, 46.17791], [-79.3229, 46.17792], [-79.32395, 46.18039], [-79.32425, 46.18106], [-79.32438, 46.18126], [-79.32464, 46.1816], [-79.32498, 46.18202], [-79.32562, 46.18275], [-79.32563, 46.18276], [-79.32581, 46.18299], [-79.326, 46.18322], [-79.32601, 46.18323], [-79.32616, 46.18347], [-79.32627, 46.18365], [-79.32627, 46.18365], [-79.32643, 46.18392], [-79.32653, 46.18411], [-79.32687, 46.18469], [-79.32716, 46.18507], [-79.32741, 46.18537], [-79.3277, 46.18562], [-79.32807, 46.18592], [-79.32852, 46.18624], [-79.32885, 46.18647], [-79.33028, 46.18745], [-79.33097, 46.18792], [-79.33137, 46.1882], [-79.33137, 46.1882], [-79.33172, 46.18844], [-79.33183, 46.18853], [-79.33185, 46.18854], [-79.33213, 46.18879], [-79.33213, 46.1888], [-79.3323, 46.18897], [-79.33244, 46.18912], [-79.33245, 46.18913], [-79.33246, 46.18914], [-79.33264, 46.18943], [-79.33265, 46.18944], [-79.3328, 46.18973], [-79.3328, 46.18974], [-79.33281, 46.18975], [-79.33289, 46.19002], [-79.33289, 46.19002], [-79.33302, 46.19057], [-79.33302, 46.19058], [-79.33321, 46.19181], [-79.33321, 46.19182], [-79.33322, 46.19229], [-79.33322, 46.1923], [-79.33322, 46.19231], [-79.33319, 46.19263], [-79.33319, 46.19264], [-79.33309, 46.19298], [-79.33309, 46.193], [-79.33292, 46.19336], [-79.33292, 46.19336], [-79.33291, 46.19338], [-79.33268, 46.19369], [-79.33246, 46.19398]], [[-79.35274, 46.17655], [-79.3525, 46.17662], [-79.34785, 46.17795], [-79.34767, 46.178], [-79.34296, 46.17934], [-79.33831, 46.17088], [-79.34321, 46.1695], [-79.3481, 46.16812], [-79.35041, 46.17231], [-79.35274, 46.17655]], [[-79.3529, 46.16656], [-79.34801, 46.16795], [-79.34335, 46.15948], [-79.34805, 46.15814], [-79.3529, 46.16656]]], [[[-79.36366, 46.11522], [-79.36433, 46.11639], [-79.36436, 46.11619], [-79.36438, 46.11608], [-79.36465, 46.11457], [-79.3648, 46.1136], [-79.36489, 46.11304], [-79.365, 46.11239], [-79.36502, 46.11227], [-79.36512, 46.11169], [-79.36521, 46.1117], [-79.3653, 46.11119], [-79.36512, 46.11117], [-79.36542, 46.11015], [-79.36556, 46.10968], [-79.36569, 46.10886], [-79.36589, 46.10769], [-79.36592, 46.10752], [-79.36595, 46.10739], [-79.36598, 46.10727], [-79.366, 46.10714], [-79.36601, 46.10701], [-79.36601, 46.10688], [-79.36601, 46.10676], [-79.36599, 46.10652], [-79.36616, 46.10552], [-79.36617, 46.10544], [-79.36618, 46.10539], [-79.36633, 46.10447], [-79.36654, 46.10322], [-79.36605, 46.10336], [-79.36579, 46.10343], [-79.36508, 46.10363], [-79.36474, 46.10372], [-79.36439, 46.10382], [-79.36405, 46.10391], [-79.36373, 46.10401], [-79.36338, 46.1041], [-79.36297, 46.10422], [-79.36269, 46.1043], [-79.36193, 46.10451], [-79.36117, 46.10472], [-79.3604, 46.10494], [-79.35962, 46.10515], [-79.35938, 46.10522], [-79.35863, 46.10543], [-79.35795, 46.10562], [-79.35655, 46.10602], [-79.35577, 46.10623], [-79.35567, 46.10626], [-79.35567, 46.10626], [-79.35566, 46.10627], [-79.35561, 46.10655], [-79.35555, 46.10706], [-79.35543, 46.10792], [-79.35537, 46.1083], [-79.35537, 46.10832], [-79.35531, 46.10865], [-79.35531, 46.10865], [-79.35524, 46.10888], [-79.35524, 46.10889], [-79.35514, 46.10917], [-79.35513, 46.10919], [-79.35512, 46.1092], [-79.35512, 46.10921], [-79.35506, 46.10933], [-79.35503, 46.10939], [-79.35491, 46.10964], [-79.35491, 46.10965], [-79.3549, 46.10965], [-79.35483, 46.10977], [-79.35811, 46.11549], [-79.35819, 46.11546], [-79.36284, 46.11416], [-79.36302, 46.11411], [-79.36366, 46.11522]]]]}}, {"type": "Feature", "properties": {"id": "on-cgp-450757661", "name": "Chapleau Crown Game Preserve", "hunting_allowed": false, "basis": "fwca_s9"}, "geometry": {"type": "Polygon", "coordinates": [[[-84.10301, 49.05533], [-84.10279, 49.05485], [-84.10232, 49.05342], [-84.10097, 49.04864], [-84.10095, 49.04855], [-84.09964, 49.04392], [-84.0995, 49.0434], [-84.09946, 49.04327], [-84.09772, 49.03708], [-84.09765, 49.03683], [-84.09761, 49.03668], [-84.09712, 49.03492], [-84.09697, 49.03439], [-84.09302, 49.02014], [-84.08998, 49.00918], [-84.08987, 49.00856], [-84.08982, 49.008], [-84.08984, 49.00733], [-84.08991, 49.00676], [-84.08996, 49.00636], [-84.09001, 49.00593], [-84.09026, 49.00385], [-84.09073, 48.99933], [-84.09084, 48.99829], [-84.09154, 48.99151], [-84.09174, 48.98959], [-84.09176, 48.98942], [-84.09214, 48.98572], [-84.09219, 48.98486], [-84.09218, 48.9839], [-84.09204, 48.9801], [-84.09194, 48.97753], [-84.09192, 48.977], [-84.09191, 48.97665], [-84.09193, 48.97616], [-84.092, 48.97561], [-84.09207, 48.97519], [-84.09368, 48.96884], [-84.09488, 48.96377], [-84.09498, 48.9632], [-84.09503, 48.96276], [-84.09506, 48.96245], [-84.09506, 48.96163], [-84.09506, 48.95488], [-84.09507, 48.95315], [-84.09508, 48.95276], [-84.0951, 48.95246], [-84.09512, 48.95195], [-84.09521, 48.95131], [-84.09543, 48.95066], [-84.09563, 48.95023], [-84.09593, 48.94977], [-84.09632, 48.9493], [-84.09664, 48.949], [-84.09685, 48.94882], [-84.09736, 48.94843], [-84.09778, 48.94816], [-84.09827, 48.9479], [-84.09863, 48.94775], [-84.10185, 48.9466], [-84.1027, 48.94629], [-84.10402, 48.94578], [-84.1048, 48.94539], [-84.10544, 48.94495], [-84.10597, 48.94452], [-84.1064, 48.94406], [-84.10675, 48.94357], [-84.11067, 48.93811], [-84.11202, 48.93623], [-84.11223, 48.93585], [-84.11246, 48.93535], [-84.11247, 48.93527], [-84.11254, 48.93481], [-84.1125, 48.93436], [-84.11238, 48.9338], [-84.11208, 48.93325], [-84.11142, 48.93237], [-84.10773, 48.92827], [-84.10746, 48.92789], [-84.10723, 48.92741], [-84.10704, 48.92674], [-84.10694, 48.92598], [-84.10701, 48.92536], [-84.10713, 48.92476], [-84.1072, 48.92462], [-84.10729, 48.92441], [-84.1073, 48.9244], [-84.10772, 48.92378], [-84.10938, 48.92154], [-84.10963, 48.92111], [-84.10979, 48.92067], [-84.10999, 48.91984], [-84.11015, 48.91884], [-84.11074, 48.91206], [-84.11088, 48.91116], [-84.11106, 48.9106], [-84.1111, 48.91046], [-84.1114, 48.90978], [-84.11222, 48.90866], [-84.11244, 48.90844], [-84.11593, 48.90507], [-84.11643, 48.90461], [-84.1168, 48.90417], [-84.11716, 48.90361], [-84.11748, 48.90289], [-84.11758, 48.90224], [-84.11756, 48.9016], [-84.1175, 48.90105], [-84.11592, 48.89746], [-84.11557, 48.89665], [-84.11482, 48.89495], [-84.11461, 48.89433], [-84.1145, 48.89384], [-84.11449, 48.89328], [-84.11467, 48.89253], [-84.11498, 48.89183], [-84.11528, 48.89138], [-84.11849, 48.88767], [-84.11863, 48.8875], [-84.11876, 48.88735], [-84.12225, 48.88331], [-84.13019, 48.87411], [-84.13069, 48.87352], [-84.13118, 48.87281], [-84.13146, 48.87219], [-84.13167, 48.87166], [-84.13172, 48.87149], [-84.13186, 48.87105], [-84.13195, 48.87039], [-84.132, 48.86959], [-84.13174, 48.86854], [-84.13072, 48.86531], [-84.13068, 48.86482], [-84.13069, 48.86438], [-84.13077, 48.86389], [-84.13093, 48.86342], [-84.13123, 48.86276], [-84.13334, 48.85874], [-84.13351, 48.85842], [-84.13386, 48.85775], [-84.13399, 48.85751], [-84.13824, 48.84958], [-84.14057, 48.8452], [-84.14127, 48.84385], [-84.14255, 48.8415], [-84.14424, 48.83837], [-84.1447, 48.83752], [-84.14496, 48.83703], [-84.14511, 48.83664], [-84.14526, 48.83623], [-84.14632, 48.83143], [-84.1465, 48.83085], [-84.14664, 48.83049], [-84.14684, 48.83015], [-84.14704, 48.82988], [-84.14728, 48.82961], [-84.14767, 48.82927], [-84.14815, 48.82892], [-84.14936, 48.82817], [-84.15251, 48.82634], [-84.15372, 48.82555], [-84.15428, 48.8251], [-84.15478, 48.82462], [-84.15542, 48.82385], [-84.15577, 48.82344], [-84.15935, 48.81933], [-84.15989, 48.81882], [-84.16018, 48.81857], [-84.1604, 48.81837], [-84.16084, 48.81807], [-84.16138, 48.81774], [-84.16211, 48.81731], [-84.16429, 48.81621], [-84.17086, 48.81287], [-84.17731, 48.80958], [-84.17808, 48.80918], [-84.17905, 48.80876], [-84.17989, 48.80846], [-84.18102, 48.80815], [-84.18157, 48.80802], [-84.18247, 48.80785], [-84.18546, 48.80739], [-84.18896, 48.80688], [-84.18996, 48.80673], [-84.19091, 48.8065], [-84.19234, 48.80608], [-84.19327, 48.8057], [-84.19433, 48.8052], [-84.1951, 48.8047], [-84.19567, 48.80429], [-84.19661, 48.80352], [-84.19951, 48.801], [-84.19989, 48.80065], [-84.20022, 48.80028], [-84.20049, 48.79997], [-84.20075, 48.79952], [-84.20104, 48.79882], [-84.20268, 48.79004], [-84.20374, 48.78457], [-84.20388, 48.78397], [-84.2039, 48.78351], [-84.20388, 48.78277], [-84.20371, 48.78199], [-84.20349, 48.78131], [-84.20314, 48.78058], [-84.20203, 48.77896], [-84.20053, 48.77691], [-84.20003, 48.77624], [-84.20001, 48.77621], [-84.19974, 48.77574], [-84.19957, 48.77528], [-84.19943, 48.77454], [-84.19942, 48.77404], [-84.1995, 48.77356], [-84.19972, 48.77288], [-84.20009, 48.7721], [-84.20056, 48.77155], [-84.20117, 48.77092], [-84.2021, 48.77026], [-84.20803, 48.76685], [-84.20865, 48.76643], [-84.20915, 48.76599], [-84.20948, 48.76552], [-84.20976, 48.76496], [-84.2099, 48.76435], [-84.20991, 48.76384], [-84.20974, 48.7598], [-84.2096, 48.75879], [-84.2093, 48.75795], [-84.20892, 48.7573], [-84.20831, 48.75666], [-84.20763, 48.75604], [-84.20699, 48.75559], [-84.20089, 48.75247], [-84.19677, 48.75036], [-84.19564, 48.74972], [-84.19487, 48.74914], [-84.194, 48.74839], [-84.19348, 48.74773], [-84.18878, 48.7408], [-84.18662, 48.73762], [-84.18363, 48.73321], [-84.18305, 48.73198], [-84.18295, 48.73178], [-84.1821, 48.72937], [-84.18157, 48.72776], [-84.18143, 48.72726], [-84.18133, 48.72688], [-84.18129, 48.72618], [-84.18135, 48.72565], [-84.18174, 48.72472], [-84.18609, 48.71746], [-84.18669, 48.71647], [-84.18694, 48.71606], [-84.18744, 48.71539], [-84.18797, 48.71483], [-84.18981, 48.71313], [-84.19164, 48.71145], [-84.19695, 48.70661], [-84.19849, 48.70518], [-84.20189, 48.70209], [-84.20194, 48.70205], [-84.20245, 48.70155], [-84.20283, 48.70112], [-84.2031, 48.70073], [-84.20334, 48.70026], [-84.20354, 48.69981], [-84.20426, 48.69668], [-84.20431, 48.69649], [-84.20437, 48.69625], [-84.20574, 48.69081], [-84.20591, 48.69021], [-84.20603, 48.68988], [-84.20621, 48.68956], [-84.20644, 48.68924], [-84.20679, 48.68892], [-84.20712, 48.68864], [-84.20752, 48.6884], [-84.20862, 48.68786], [-84.21125, 48.68666], [-84.21188, 48.68641], [-84.21237, 48.68627], [-84.21282, 48.68616], [-84.21337, 48.68609], [-84.21398, 48.68604], [-84.21474, 48.68608], [-84.21545, 48.68617], [-84.21663, 48.6864], [-84.21805, 48.68666], [-84.21942, 48.68681], [-84.22059, 48.68685], [-84.22486, 48.68681], [-84.2258, 48.68677], [-84.22641, 48.68671], [-84.22723, 48.68653], [-84.2278, 48.68634], [-84.2283, 48.68616], [-84.22906, 48.68582], [-84.23228, 48.68416], [-84.23444, 48.68308], [-84.23528, 48.68262], [-84.23752, 48.68124], [-84.23932, 48.68007], [-84.24037, 48.67944], [-84.24115, 48.67914], [-84.24178, 48.67894], [-84.24259, 48.67871], [-84.24268, 48.67868], [-84.2436, 48.67842], [-84.24548, 48.67801], [-84.24567, 48.67796], [-84.24721, 48.67749], [-84.24838, 48.67714], [-84.24923, 48.67672], [-84.2503, 48.67606], [-84.25107, 48.6757], [-84.25234, 48.67527], [-84.25497, 48.67453], [-84.25581, 48.67425], [-84.25623, 48.67405], [-84.25665, 48.6738], [-84.25697, 48.67349], [-84.25726, 48.67316], [-84.25761, 48.67259], [-84.25797, 48.67085], [-84.25845, 48.66808], [-84.2586, 48.66753], [-84.2589, 48.66691], [-84.25916, 48.66655], [-84.25949, 48.66617], [-84.25977, 48.66587], [-84.26102, 48.66449], [-84.2623, 48.66307], [-84.26319, 48.66212], [-84.26406, 48.66116], [-84.26455, 48.66074], [-84.26505, 48.66042], [-84.2658, 48.66009], [-84.2675, 48.65949], [-84.26811, 48.65925], [-84.26873, 48.65891], [-84.26905, 48.65864], [-84.27091, 48.65669], [-84.27106, 48.65652], [-84.27131, 48.65624], [-84.2715, 48.65602], [-84.27198, 48.65549], [-84.27563, 48.65162], [-84.27598, 48.65102], [-84.27632, 48.65027], [-84.27657, 48.64975], [-84.27686, 48.64929], [-84.2773, 48.64878], [-84.27794, 48.64826], [-84.27842, 48.64796], [-84.27909, 48.64765], [-84.2799, 48.64737], [-84.28304, 48.64653], [-84.28435, 48.64616], [-84.28494, 48.64598], [-84.28569, 48.64562], [-84.28613, 48.64533], [-84.28667, 48.64488], [-84.28707, 48.64445], [-84.28734, 48.64404], [-84.28755, 48.6436], [-84.28763, 48.64335], [-84.2881, 48.64141], [-84.28833, 48.64065], [-84.28857, 48.64001], [-84.28895, 48.63905], [-84.28991, 48.63685], [-84.29016, 48.63628], [-84.29037, 48.63581], [-84.29057, 48.63534], [-84.29075, 48.63494], [-84.29085, 48.63457], [-84.29092, 48.63395], [-84.29089, 48.63308], [-84.29084, 48.63274], [-84.29076, 48.6324], [-84.29034, 48.63072], [-84.29014, 48.63006], [-84.28994, 48.62944], [-84.2895, 48.62861], [-84.28909, 48.62792], [-84.28652, 48.62352], [-84.28489, 48.62147], [-84.28316, 48.61935], [-84.28311, 48.61928], [-84.28267, 48.6187], [-84.2822, 48.61796], [-84.27938, 48.61213], [-84.27813, 48.60959], [-84.2762, 48.60562], [-84.27617, 48.60557], [-84.27454, 48.60221], [-84.27343, 48.59993], [-84.27105, 48.59498], [-84.27076, 48.59436], [-84.27049, 48.59383], [-84.27037, 48.59343], [-84.27022, 48.59297], [-84.27017, 48.59262], [-84.27012, 48.59232], [-84.2701, 48.59183], [-84.27011, 48.59176], [-84.27014, 48.59123], [-84.27024, 48.59061], [-84.27213, 48.58219], [-84.27261, 48.58003], [-84.27324, 48.57722], [-84.27325, 48.57717], [-84.27419, 48.57315], [-84.2744, 48.57252], [-84.27467, 48.57195], [-84.275, 48.57145], [-84.2753, 48.57116], [-84.27594, 48.57053], [-84.27898, 48.56796], [-84.28245, 48.56493], [-84.28258, 48.56483], [-84.28499, 48.56265], [-84.28563, 48.56212], [-84.28621, 48.56172], [-84.28666, 48.56145], [-84.28727, 48.56117], [-84.28829, 48.5608], [-84.29015, 48.56018], [-84.29078, 48.55994], [-84.29141, 48.5597], [-84.29197, 48.55941], [-84.29264, 48.55902], [-84.29362, 48.55827], [-84.29419, 48.55771], [-84.29623, 48.55546], [-84.29725, 48.5545], [-84.29924, 48.55272], [-84.29973, 48.55233], [-84.30039, 48.55188], [-84.30095, 48.55158], [-84.30156, 48.55136], [-84.30233, 48.55116], [-84.30497, 48.5507], [-84.30548, 48.55056], [-84.30593, 48.55039], [-84.30641, 48.55016], [-84.30855, 48.54879], [-84.3092, 48.54843], [-84.31014, 48.54801], [-84.31228, 48.54709], [-84.31275, 48.54688], [-84.31319, 48.54664], [-84.31353, 48.54641], [-84.31385, 48.54612], [-84.31409, 48.54589], [-84.31435, 48.54551], [-84.31452, 48.54506], [-84.3146, 48.54468], [-84.31481, 48.54304], [-84.3149, 48.54263], [-84.31502, 48.54227], [-84.3152, 48.54195], [-84.3155, 48.54161], [-84.31567, 48.54145], [-84.316, 48.5412], [-84.31635, 48.541], [-84.31658, 48.54089], [-84.31724, 48.54065], [-84.31778, 48.54054], [-84.31819, 48.54048], [-84.31864, 48.54045], [-84.31923, 48.54045], [-84.32018, 48.54049], [-84.32066, 48.5405], [-84.32113, 48.5405], [-84.32176, 48.54043], [-84.32226, 48.54033], [-84.32272, 48.54019], [-84.32317, 48.54001], [-84.32358, 48.53978], [-84.32397, 48.5395], [-84.3243, 48.53917], [-84.32455, 48.53884], [-84.32469, 48.5386], [-84.32513, 48.53784], [-84.32606, 48.53611], [-84.32699, 48.53456], [-84.32731, 48.53401], [-84.32755, 48.53371], [-84.32784, 48.5334], [-84.3282, 48.53314], [-84.32856, 48.53291], [-84.329, 48.5327], [-84.3293, 48.53258], [-84.32976, 48.53245], [-84.33039, 48.53231], [-84.33208, 48.532], [-84.33328, 48.53177], [-84.33383, 48.53164], [-84.33425, 48.5315], [-84.33472, 48.53131], [-84.33529, 48.53103], [-84.33565, 48.53081], [-84.33605, 48.53051], [-84.33635, 48.53025], [-84.33682, 48.52973], [-84.33798, 48.52839], [-84.33843, 48.52789], [-84.33931, 48.52689], [-84.33985, 48.52626], [-84.34009, 48.52599], [-84.3405, 48.52549], [-84.34168, 48.52388], [-84.34215, 48.52318], [-84.34255, 48.52257], [-84.34666, 48.5164], [-84.34689, 48.51612], [-84.34721, 48.51577], [-84.34787, 48.51514], [-84.34922, 48.51397], [-84.3497, 48.51357], [-84.3501, 48.51329], [-84.35044, 48.5131], [-84.35092, 48.51287], [-84.35149, 48.51267], [-84.35187, 48.51255], [-84.35277, 48.51232], [-84.35419, 48.51199], [-84.35477, 48.51183], [-84.35508, 48.51172], [-84.35547, 48.51156], [-84.35577, 48.51143], [-84.35632, 48.51108], [-84.35842, 48.50967], [-84.36022, 48.50844], [-84.36062, 48.50816], [-84.36105, 48.50782], [-84.36157, 48.50729], [-84.36272, 48.50593], [-84.36277, 48.50586], [-84.36321, 48.50533], [-84.36332, 48.50524], [-84.36387, 48.50479], [-84.36404, 48.50466], [-84.36485, 48.50407], [-84.36543, 48.5036], [-84.36676, 48.50265], [-84.36709, 48.50241], [-84.3674, 48.50217], [-84.36775, 48.50186], [-84.36804, 48.50149], [-84.36822, 48.50119], [-84.36836, 48.50079], [-84.36839, 48.50036], [-84.36835, 48.50002], [-84.36818, 48.49957], [-84.3679, 48.49915], [-84.36737, 48.49862], [-84.36642, 48.49787], [-84.36591, 48.49744], [-84.36558, 48.49709], [-84.36532, 48.49672], [-84.36474, 48.49572], [-84.36431, 48.49494], [-84.36401, 48.49435], [-84.36388, 48.49404], [-84.3638, 48.49368], [-84.36374, 48.49309], [-84.3638, 48.49266], [-84.36393, 48.49223], [-84.36406, 48.49196], [-84.36425, 48.49161], [-84.36459, 48.49117], [-84.36505, 48.49071], [-84.36682, 48.48899], [-84.36732, 48.48858], [-84.36769, 48.48833], [-84.36812, 48.48808], [-84.36862, 48.48785], [-84.3692, 48.48764], [-84.36974, 48.4875], [-84.3785, 48.48569], [-84.37914, 48.48558], [-84.37992, 48.48548], [-84.3817, 48.48531], [-84.3829, 48.48521], [-84.38349, 48.48515], [-84.38419, 48.48501], [-84.38461, 48.48488], [-84.38504, 48.48472], [-84.38547, 48.48448], [-84.38575, 48.4843], [-84.3862, 48.48394], [-84.3865, 48.48366], [-84.38735, 48.48287], [-84.38763, 48.48258], [-84.38788, 48.48225], [-84.38807, 48.48189], [-84.38821, 48.48146], [-84.38858, 48.47971], [-84.38873, 48.47916], [-84.38891, 48.47874], [-84.38916, 48.47833], [-84.38944, 48.47798], [-84.38977, 48.47767], [-84.39017, 48.47735], [-84.39058, 48.47709], [-84.39106, 48.47684], [-84.3916, 48.47661], [-84.39231, 48.47639], [-84.393, 48.47623], [-84.39377, 48.47614], [-84.39452, 48.47611], [-84.39509, 48.47614], [-84.39675, 48.47629], [-84.3977, 48.47639], [-84.39813, 48.47643], [-84.39854, 48.47644], [-84.39908, 48.47642], [-84.39963, 48.47633], [-84.40004, 48.47624], [-84.40043, 48.47611], [-84.40083, 48.47594], [-84.40126, 48.47571], [-84.40164, 48.47543], [-84.40194, 48.47509], [-84.40223, 48.47472], [-84.40315, 48.47306], [-84.40421, 48.4711], [-84.40461, 48.47046], [-84.40501, 48.47006], [-84.4054, 48.46975], [-84.40593, 48.46944], [-84.40738, 48.46868], [-84.40959, 48.46754], [-84.41, 48.46732], [-84.41038, 48.46707], [-84.41073, 48.46676], [-84.41097, 48.46649], [-84.41109, 48.46631], [-84.4112, 48.4661], [-84.41128, 48.46593], [-84.41135, 48.46565], [-84.41138, 48.46528], [-84.41133, 48.46461], [-84.41107, 48.46447], [-84.41073, 48.46433], [-84.4098, 48.464], [-84.40926, 48.46377], [-84.40883, 48.46351], [-84.4084, 48.46312], [-84.40804, 48.46273], [-84.40779, 48.46244], [-84.40757, 48.46215], [-84.40723, 48.46167], [-84.40711, 48.46144], [-84.40696, 48.46095], [-84.40688, 48.4605], [-84.40686, 48.45985], [-84.40685, 48.45966], [-84.40684, 48.45904], [-84.40687, 48.45852], [-84.40692, 48.45803], [-84.40701, 48.45767], [-84.40729, 48.45691], [-84.40745, 48.45651], [-84.40766, 48.45595], [-84.40788, 48.45533], [-84.40799, 48.45482], [-84.408, 48.45427], [-84.40797, 48.4539], [-84.40782, 48.4531], [-84.40709, 48.44963], [-84.40699, 48.44919], [-84.40698, 48.44913], [-84.40697, 48.44873], [-84.40702, 48.44816], [-84.40725, 48.44728], [-84.40751, 48.44655], [-84.40766, 48.44606], [-84.40771, 48.44558], [-84.40753, 48.44231], [-84.40737, 48.44176], [-84.40708, 48.44126], [-84.4067, 48.44083], [-84.40569, 48.43991], [-84.40531, 48.4395], [-84.4051, 48.43924], [-84.40494, 48.43896], [-84.40482, 48.43868], [-84.40475, 48.43839], [-84.40473, 48.4381], [-84.40473, 48.43762], [-84.40473, 48.43573], [-84.40482, 48.43521], [-84.40505, 48.43471], [-84.40525, 48.43443], [-84.40548, 48.43417], [-84.40712, 48.43265], [-84.40746, 48.43218], [-84.40769, 48.43172], [-84.4078, 48.43116], [-84.40778, 48.43076], [-84.40771, 48.43036], [-84.40732, 48.42922], [-84.4072, 48.42882], [-84.40718, 48.42829], [-84.4072, 48.42788], [-84.40748, 48.42557], [-84.40742, 48.42511], [-84.40728, 48.42469], [-84.40703, 48.42429], [-84.40652, 48.42363], [-84.40453, 48.42114], [-84.40427, 48.42092], [-84.40382, 48.42055], [-84.40204, 48.41924], [-84.40131, 48.41874], [-84.40094, 48.41852], [-84.40072, 48.41841], [-84.39978, 48.41802], [-84.39776, 48.41731], [-84.39682, 48.41696], [-84.39627, 48.41672], [-84.39587, 48.41651], [-84.3955, 48.41628], [-84.39502, 48.41595], [-84.39183, 48.41329], [-84.39139, 48.41287], [-84.39126, 48.41269], [-84.39104, 48.4124], [-84.39078, 48.41193], [-84.39066, 48.41159], [-84.39013, 48.40873], [-84.39007, 48.40836], [-84.38983, 48.40722], [-84.38973, 48.40685], [-84.38959, 48.40651], [-84.38943, 48.40619], [-84.38926, 48.40588], [-84.38882, 48.40531], [-84.3884, 48.40492], [-84.38809, 48.40466], [-84.38487, 48.4022], [-84.38459, 48.40193], [-84.38421, 48.40151], [-84.38398, 48.40116], [-84.38379, 48.40078], [-84.38368, 48.40036], [-84.38362, 48.39993], [-84.38363, 48.39969], [-84.38363, 48.3995], [-84.3837, 48.39908], [-84.38383, 48.39872], [-84.38403, 48.39836], [-84.38425, 48.39802], [-84.38456, 48.39767], [-84.38516, 48.39711], [-84.38602, 48.39639], [-84.38655, 48.39584], [-84.3868, 48.39547], [-84.38697, 48.39516], [-84.38709, 48.39484], [-84.38713, 48.39448], [-84.38716, 48.39385], [-84.38712, 48.39353], [-84.38705, 48.39322], [-84.38668, 48.39246], [-84.38662, 48.39237], [-84.38609, 48.39155], [-84.38582, 48.39106], [-84.38573, 48.39065], [-84.38565, 48.39005], [-84.38573, 48.38937], [-84.3859, 48.38885], [-84.38643, 48.38762], [-84.38664, 48.38716], [-84.38739, 48.38552], [-84.38748, 48.38517], [-84.38749, 48.38511], [-84.38756, 48.38467], [-84.38747, 48.38396], [-84.38735, 48.38362], [-84.38719, 48.38327], [-84.38699, 48.38295], [-84.38671, 48.38261], [-84.38639, 48.38229], [-84.38603, 48.38199], [-84.38557, 48.3817], [-84.38441, 48.38108], [-84.38393, 48.38079], [-84.38339, 48.38037], [-84.38305, 48.38001], [-84.38281, 48.37969], [-84.38263, 48.37941], [-84.38246, 48.37903], [-84.38237, 48.37871], [-84.38169, 48.37493], [-84.3816, 48.37436], [-84.38145, 48.37332], [-84.38135, 48.3724], [-84.38113, 48.3698], [-84.38104, 48.36941], [-84.38087, 48.36904], [-84.38056, 48.36858], [-84.38021, 48.36822], [-84.37977, 48.36786], [-84.37938, 48.36763], [-84.37885, 48.36738], [-84.37785, 48.36709], [-84.37756, 48.36702], [-84.37396, 48.36634], [-84.37255, 48.36609], [-84.37212, 48.36605], [-84.37165, 48.36604], [-84.37111, 48.36607], [-84.37061, 48.36615], [-84.36988, 48.36634], [-84.36673, 48.36724], [-84.36614, 48.36735], [-84.36537, 48.36741], [-84.36536, 48.36741], [-84.36466, 48.36739], [-84.3642, 48.36733], [-84.36363, 48.36718], [-84.36304, 48.36695], [-84.36248, 48.36665], [-84.36209, 48.36634], [-84.36145, 48.36566], [-84.36109, 48.36535], [-84.36046, 48.36497], [-84.35976, 48.36469], [-84.35933, 48.36459], [-84.3589, 48.36451], [-84.3582, 48.36447], [-84.35755, 48.3645], [-84.35696, 48.36458], [-84.35612, 48.36483], [-84.3491, 48.36706], [-84.34851, 48.36722], [-84.34794, 48.36731], [-84.34724, 48.36739], [-84.34643, 48.36737], [-84.346, 48.36732], [-84.34557, 48.36725], [-84.34419, 48.36685], [-84.34289, 48.36643], [-84.33918, 48.36522], [-84.33835, 48.36504], [-84.3379, 48.36498], [-84.33742, 48.36495], [-84.33668, 48.36496], [-84.33593, 48.36505], [-84.33521, 48.36524], [-84.33457, 48.36549], [-84.33328, 48.36614], [-84.3329, 48.36631], [-84.33233, 48.36649], [-84.33199, 48.36658], [-84.33161, 48.36667], [-84.33108, 48.36674], [-84.32886, 48.3669], [-84.32822, 48.36692], [-84.32752, 48.3669], [-84.32667, 48.36681], [-84.32642, 48.36675], [-84.32552, 48.36656], [-84.32503, 48.36646], [-84.32447, 48.36638], [-84.32399, 48.36635], [-84.32349, 48.36636], [-84.32285, 48.36643], [-84.32189, 48.36664], [-84.31997, 48.36708], [-84.31742, 48.36771], [-84.31671, 48.36785], [-84.31624, 48.36792], [-84.31578, 48.36797], [-84.31499, 48.36801], [-84.31432, 48.36799], [-84.31407, 48.36796], [-84.3135, 48.36789], [-84.31302, 48.3678], [-84.31254, 48.36769], [-84.31172, 48.36744], [-84.30782, 48.36583], [-84.30301, 48.36385], [-84.29669, 48.36125], [-84.29571, 48.36087], [-84.29493, 48.36065], [-84.29437, 48.36052], [-84.29312, 48.36031], [-84.28148, 48.3586], [-84.28091, 48.3585], [-84.28049, 48.35841], [-84.28045, 48.3584], [-84.27958, 48.35815], [-84.27915, 48.35798], [-84.27876, 48.35779], [-84.2782, 48.35741], [-84.27766, 48.35695], [-84.27723, 48.35651], [-84.27661, 48.35571], [-84.2764, 48.35547], [-84.27595, 48.35503], [-84.27562, 48.3548], [-84.27515, 48.3545], [-84.27455, 48.35422], [-84.27399, 48.35401], [-84.27276, 48.35367], [-84.27265, 48.35364], [-84.2726, 48.35363], [-84.2693, 48.35277], [-84.26764, 48.35235], [-84.26578, 48.35181], [-84.26573, 48.35179], [-84.26494, 48.35159], [-84.26401, 48.35139], [-84.26369, 48.35132], [-84.26303, 48.35123], [-84.26228, 48.35116], [-84.26164, 48.35112], [-84.26074, 48.35114], [-84.25995, 48.3512], [-84.25922, 48.3513], [-84.25729, 48.3517], [-84.24561, 48.35412], [-84.24357, 48.35446], [-84.24218, 48.35462], [-84.23706, 48.35509], [-84.23519, 48.35526], [-84.23301, 48.35545], [-84.23238, 48.35552], [-84.23112, 48.35569], [-84.23012, 48.35584], [-84.22924, 48.35603], [-84.22622, 48.35673], [-84.22413, 48.35722], [-84.22319, 48.35742], [-84.22246, 48.35748], [-84.22192, 48.35747], [-84.22126, 48.3574], [-84.22051, 48.35725], [-84.21925, 48.35688], [-84.21846, 48.3567], [-84.21761, 48.35655], [-84.21701, 48.35649], [-84.21605, 48.35647], [-84.21479, 48.35653], [-84.21163, 48.35672], [-84.21029, 48.35673], [-84.20949, 48.35669], [-84.20753, 48.35647], [-84.20646, 48.35635], [-84.20533, 48.35628], [-84.2046, 48.35626], [-84.2038, 48.35626], [-84.20291, 48.3563], [-84.20114, 48.35645], [-84.19976, 48.35661], [-84.19811, 48.35685], [-84.19665, 48.35714], [-84.18744, 48.35973], [-84.1869, 48.35986], [-84.18605, 48.36006], [-84.18512, 48.3602], [-84.18437, 48.36025], [-84.18348, 48.36028], [-84.18291, 48.36025], [-84.1827, 48.36023], [-84.18247, 48.36022], [-84.18228, 48.36021], [-84.18166, 48.36012], [-84.18108, 48.36001], [-84.17995, 48.35968], [-84.17942, 48.35946], [-84.17891, 48.35921], [-84.17798, 48.35864], [-84.17693, 48.35805], [-84.17472, 48.35675], [-84.17427, 48.35652], [-84.1738, 48.35631], [-84.17331, 48.35612], [-84.17245, 48.35588], [-84.17162, 48.35569], [-84.17119, 48.35562], [-84.1702, 48.35552], [-84.16819, 48.35552], [-84.16275, 48.35552], [-84.15825, 48.35553], [-84.15782, 48.35553], [-84.15718, 48.35557], [-84.15656, 48.35564], [-84.15574, 48.35575], [-84.15534, 48.35583], [-84.15477, 48.35598], [-84.15194, 48.35693], [-84.15145, 48.35708], [-84.15096, 48.3572], [-84.1502, 48.35734], [-84.14903, 48.35744], [-84.14846, 48.35744], [-84.14789, 48.35741], [-84.14703, 48.35731], [-84.14656, 48.35721], [-84.14576, 48.35701], [-84.14523, 48.35683], [-84.14473, 48.35661], [-84.14443, 48.35646], [-84.13776, 48.35271], [-84.13727, 48.35241], [-84.13679, 48.3521], [-84.1364, 48.35177], [-84.13607, 48.35144], [-84.13567, 48.35096], [-84.13553, 48.35075], [-84.13535, 48.35041], [-84.13512, 48.34984], [-84.13507, 48.34968], [-84.13502, 48.3495], [-84.13497, 48.34933], [-84.13222, 48.3397], [-84.13208, 48.33934], [-84.1319, 48.33899], [-84.13165, 48.3386], [-84.13142, 48.3383], [-84.13101, 48.33789], [-84.13052, 48.3375], [-84.13018, 48.33727], [-84.12983, 48.33707], [-84.12945, 48.33687], [-84.12907, 48.3367], [-84.12866, 48.33653], [-84.12809, 48.33634], [-84.12758, 48.3362], [-84.1275, 48.33618], [-84.12692, 48.33607], [-84.12153, 48.33538], [-84.12092, 48.33528], [-84.12048, 48.33516], [-84.1202, 48.33506], [-84.11962, 48.33483], [-84.11933, 48.3347], [-84.11893, 48.33447], [-84.11845, 48.33414], [-84.11813, 48.33387], [-84.11785, 48.33357], [-84.11763, 48.33326], [-84.11737, 48.33283], [-84.11674, 48.33153], [-84.11658, 48.33126], [-84.11638, 48.33098], [-84.11607, 48.33064], [-84.11566, 48.33027], [-84.11515, 48.3299], [-84.11482, 48.32973], [-84.11449, 48.32957], [-84.11415, 48.32943], [-84.11379, 48.3293], [-84.11334, 48.32917], [-84.11155, 48.32871], [-84.11048, 48.32844], [-84.10955, 48.32817], [-84.10901, 48.32802], [-84.1086, 48.32787], [-84.10833, 48.32771], [-84.10363, 48.32465], [-84.1034, 48.3245], [-84.10143, 48.32322], [-84.10051, 48.3225], [-84.09925, 48.32143], [-84.09693, 48.31948], [-84.09572, 48.31852], [-84.09385, 48.31728], [-84.09171, 48.31587], [-84.08802, 48.31339], [-84.0873, 48.3129], [-84.08604, 48.31205], [-84.08488, 48.31127], [-84.08408, 48.31073], [-84.08338, 48.31027], [-84.08105, 48.30873], [-84.08063, 48.30846], [-84.08027, 48.30827], [-84.07961, 48.30801], [-84.07908, 48.30785], [-84.07855, 48.30775], [-84.07818, 48.3077], [-84.07772, 48.30768], [-84.07716, 48.30768], [-84.07633, 48.30774], [-84.07564, 48.30774], [-84.07516, 48.30771], [-84.07471, 48.30765], [-84.07426, 48.30755], [-84.07366, 48.30734], [-84.07329, 48.30717], [-84.07296, 48.30698], [-84.0725, 48.30666], [-84.07227, 48.30644], [-84.07191, 48.30599], [-84.07172, 48.30561], [-84.07164, 48.30529], [-84.07152, 48.30464], [-84.07149, 48.30448], [-84.07146, 48.30433], [-84.07136, 48.30362], [-84.07136, 48.30335], [-84.0714, 48.30299], [-84.07159, 48.30249], [-84.07171, 48.30227], [-84.07186, 48.30207], [-84.07212, 48.30177], [-84.0754, 48.29891], [-84.0758, 48.29844], [-84.07602, 48.29805], [-84.07616, 48.29762], [-84.07619, 48.29704], [-84.07613, 48.29664], [-84.07595, 48.29613], [-84.07572, 48.29563], [-84.07572, 48.29563], [-84.07516, 48.29443], [-84.0743, 48.2926], [-84.07419, 48.29227], [-84.07406, 48.29171], [-84.07403, 48.29113], [-84.07408, 48.29067], [-84.07415, 48.29034], [-84.07429, 48.2899], [-84.07445, 48.28957], [-84.07661, 48.28644], [-84.07686, 48.28599], [-84.07709, 48.28531], [-84.07712, 48.28502], [-84.0771, 48.28473], [-84.07699, 48.28426], [-84.07685, 48.2839], [-84.0767, 48.28365], [-84.07645, 48.28329], [-84.07611, 48.28293], [-84.07592, 48.28277], [-84.07561, 48.28255], [-84.07509, 48.28223], [-84.07461, 48.28202], [-84.07397, 48.28179], [-84.07269, 48.2814], [-84.07236, 48.28129], [-84.07202, 48.28114], [-84.06933, 48.27966], [-84.06828, 48.27911], [-84.06788, 48.27892], [-84.06742, 48.27874], [-84.06635, 48.27844], [-84.0655, 48.27815], [-84.0644, 48.27766], [-84.0631, 48.27704], [-84.06277, 48.27685], [-84.06253, 48.27669], [-84.06231, 48.27652], [-84.06193, 48.27617], [-84.06156, 48.2757], [-84.06135, 48.27526], [-84.06131, 48.27515], [-84.06124, 48.27496], [-84.06115, 48.27445], [-84.06116, 48.27392], [-84.06122, 48.27356], [-84.06137, 48.27322], [-84.06257, 48.271], [-84.0628, 48.27046], [-84.06289, 48.27018], [-84.06296, 48.26977], [-84.06293, 48.26935], [-84.06283, 48.26896], [-84.06272, 48.26868], [-84.06145, 48.2668], [-84.06097, 48.26606], [-84.06074, 48.26579], [-84.06042, 48.26545], [-84.05953, 48.26471], [-84.05887, 48.26421], [-84.05858, 48.26396], [-84.05758, 48.26268], [-84.05727, 48.2624], [-84.05707, 48.26225], [-84.0567, 48.26204], [-84.05638, 48.26188], [-84.05604, 48.26176], [-84.05553, 48.26162], [-84.05362, 48.26117], [-84.05107, 48.2606], [-84.05054, 48.26051], [-84.04998, 48.26046], [-84.04811, 48.26038], [-84.04744, 48.26033], [-84.04687, 48.26022], [-84.04603, 48.25995], [-84.04542, 48.25966], [-84.04515, 48.25951], [-84.04472, 48.25923], [-84.04454, 48.25908], [-84.04423, 48.25874], [-84.04395, 48.25835], [-84.04383, 48.25805], [-84.04376, 48.25782], [-84.04371, 48.25746], [-84.04369, 48.25718], [-84.04372, 48.25692], [-84.04382, 48.2565], [-84.04397, 48.25615], [-84.04463, 48.25523], [-84.04616, 48.25332], [-84.04644, 48.25283], [-84.04661, 48.25229], [-84.04664, 48.25199], [-84.04657, 48.25155], [-84.04645, 48.25107], [-84.04589, 48.24971], [-84.04587, 48.24949], [-84.04589, 48.24923], [-84.04633, 48.24766], [-84.04638, 48.24728], [-84.04636, 48.24703], [-84.04632, 48.24676], [-84.04495, 48.24393], [-84.04466, 48.24356], [-84.04435, 48.24329], [-84.04287, 48.24215], [-84.04279, 48.24207], [-84.04268, 48.24196], [-84.04252, 48.24173], [-84.04233, 48.24134], [-84.04223, 48.24092], [-84.04219, 48.24067], [-84.04222, 48.24034], [-84.04278, 48.238], [-84.04297, 48.23734], [-84.04312, 48.23696], [-84.04322, 48.23671], [-84.04336, 48.23647], [-84.04364, 48.23609], [-84.04401, 48.23569], [-84.04435, 48.23537], [-84.04487, 48.23499], [-84.04634, 48.23399], [-84.04701, 48.23365], [-84.04757, 48.23337], [-84.04817, 48.23312], [-84.04865, 48.23299], [-84.04915, 48.23287], [-84.04968, 48.23275], [-84.05031, 48.23255], [-84.05072, 48.23237], [-84.05122, 48.2321], [-84.05161, 48.23184], [-84.05362, 48.2305], [-84.05398, 48.23029], [-84.05431, 48.23011], [-84.05662, 48.22911], [-84.05968, 48.22775], [-84.06029, 48.22744], [-84.06049, 48.22733], [-84.06072, 48.22718], [-84.06132, 48.22672], [-84.06288, 48.22531], [-84.06406, 48.22424], [-84.06426, 48.22408], [-84.06462, 48.22374], [-84.06492, 48.22339], [-84.0652, 48.22302], [-84.06532, 48.22283], [-84.06557, 48.22233], [-84.06587, 48.22193], [-84.06612, 48.22165], [-84.06631, 48.22146], [-84.06729, 48.2206], [-84.06758, 48.22034], [-84.06787, 48.22], [-84.06804, 48.2198], [-84.06816, 48.21959], [-84.06835, 48.21917], [-84.06842, 48.21899], [-84.0685, 48.21866], [-84.06854, 48.21832], [-84.06857, 48.21777], [-84.06858, 48.21762], [-84.06855, 48.21545], [-84.06855, 48.21515], [-84.0686, 48.21478], [-84.06873, 48.21433], [-84.06899, 48.21385], [-84.06933, 48.21345], [-84.06979, 48.21291], [-84.07004, 48.21254], [-84.07015, 48.21228], [-84.07023, 48.21201], [-84.07026, 48.21168], [-84.07017, 48.21118], [-84.07005, 48.21086], [-84.06984, 48.21052], [-84.06953, 48.21014], [-84.06916, 48.20954], [-84.06901, 48.20923], [-84.06893, 48.20894], [-84.06887, 48.20864], [-84.06889, 48.20818], [-84.06898, 48.20679], [-84.06901, 48.20645], [-84.069, 48.20614], [-84.06897, 48.20587], [-84.06881, 48.20539], [-84.06732, 48.20049], [-84.06724, 48.20008], [-84.06715, 48.19955], [-84.06715, 48.19907], [-84.06721, 48.19861], [-84.06736, 48.19806], [-84.06755, 48.19759], [-84.06767, 48.19733], [-84.07089, 48.19024], [-84.07104, 48.18983], [-84.0711, 48.18947], [-84.07112, 48.18893], [-84.07108, 48.18857], [-84.07098, 48.18804], [-84.07095, 48.18792], [-84.07087, 48.18769], [-84.07071, 48.18735], [-84.07052, 48.18701], [-84.07028, 48.18668], [-84.0666, 48.18214], [-84.06636, 48.1819], [-84.06608, 48.18167], [-84.06576, 48.18143], [-84.06522, 48.18118], [-84.06476, 48.18102], [-84.06433, 48.18091], [-84.06388, 48.18083], [-84.06359, 48.1808], [-84.06281, 48.18073], [-84.06195, 48.18064], [-84.06144, 48.18057], [-84.06097, 48.18046], [-84.06052, 48.18029], [-84.06031, 48.18019], [-84.05995, 48.17995], [-84.05431, 48.1755], [-84.05372, 48.17503], [-84.05316, 48.17457], [-84.05289, 48.17426], [-84.05271, 48.17402], [-84.05256, 48.17375], [-84.05242, 48.1734], [-84.05237, 48.17303], [-84.05227, 48.1726], [-84.05214, 48.17221], [-84.05186, 48.1716], [-84.05136, 48.17071], [-84.05102, 48.17031], [-84.05078, 48.17007], [-84.0505, 48.16988], [-84.049, 48.16893], [-84.04852, 48.16863], [-84.04706, 48.16779], [-84.04647, 48.16752], [-84.0459, 48.1673], [-84.04532, 48.16714], [-84.04483, 48.16708], [-84.04421, 48.16704], [-84.04342, 48.16709], [-84.04263, 48.16721], [-84.04185, 48.1674], [-84.04112, 48.16757], [-84.04046, 48.16765], [-84.0398, 48.16769], [-84.03908, 48.16764], [-84.03799, 48.1675], [-84.03784, 48.16748], [-84.03716, 48.16739], [-84.03604, 48.16722], [-84.03531, 48.16706], [-84.03473, 48.1669], [-84.03412, 48.1667], [-84.0335, 48.16643], [-84.03316, 48.16623], [-84.03278, 48.16595], [-84.03239, 48.16559], [-84.03213, 48.16531], [-84.03188, 48.16495], [-84.03173, 48.1646], [-84.03161, 48.16416], [-84.03162, 48.16376], [-84.03169, 48.16337], [-84.03188, 48.16284], [-84.03208, 48.16248], [-84.03448, 48.15824], [-84.03475, 48.1577], [-84.03489, 48.1573], [-84.03499, 48.15699], [-84.03502, 48.15683], [-84.03505, 48.15653], [-84.03502, 48.15614], [-84.03492, 48.1557], [-84.03476, 48.15521], [-84.03457, 48.15482], [-84.03437, 48.15446], [-84.03129, 48.14949], [-84.03085, 48.14889], [-84.03048, 48.14851], [-84.02999, 48.14813], [-84.02959, 48.14787], [-84.02907, 48.14761], [-84.02854, 48.1474], [-84.02769, 48.14712], [-84.02613, 48.14667], [-84.02557, 48.14649], [-84.02512, 48.14632], [-84.02467, 48.14613], [-84.02434, 48.14593], [-84.02399, 48.14563], [-84.02396, 48.14561], [-84.02359, 48.14525], [-84.0233, 48.14483], [-84.02311, 48.14441], [-84.02302, 48.14393], [-84.02305, 48.14341], [-84.0232, 48.14273], [-84.02325, 48.14249], [-84.0233, 48.14226], [-84.02339, 48.14176], [-84.02334, 48.14142], [-84.02331, 48.14118], [-84.02316, 48.14074], [-84.02292, 48.14033], [-84.02263, 48.13999], [-84.02221, 48.13962], [-84.02171, 48.13932], [-84.02124, 48.13909], [-84.02067, 48.1389], [-84.01999, 48.13874], [-84.01952, 48.13868], [-84.01892, 48.13865], [-84.01786, 48.13863], [-84.01673, 48.1386], [-84.01471, 48.13857], [-84.01358, 48.1385], [-84.01253, 48.13841], [-84.01144, 48.1382], [-84.01068, 48.13804], [-84.00956, 48.1377], [-84.00554, 48.13627], [-84.005, 48.13612], [-84.0034, 48.13576], [-84.00284, 48.13561], [-84.00239, 48.13545], [-84.00198, 48.13526], [-84.00121, 48.13478], [-84.00064, 48.13442], [-84.00052, 48.13436], [-84.0002, 48.13418], [-83.99969, 48.13396], [-83.99932, 48.13384], [-83.99894, 48.13374], [-83.99854, 48.13367], [-83.99799, 48.13361], [-83.99749, 48.1336], [-83.9969, 48.13363], [-83.9936, 48.13381], [-83.99287, 48.13384], [-83.99156, 48.13387], [-83.99082, 48.13383], [-83.99005, 48.13377], [-83.98911, 48.13363], [-83.98568, 48.13305], [-83.98478, 48.13288], [-83.98391, 48.13267], [-83.9829, 48.13235], [-83.98229, 48.13211], [-83.98016, 48.13112], [-83.98012, 48.1311], [-83.97831, 48.13027], [-83.97742, 48.12985], [-83.9773, 48.12979], [-83.97672, 48.12949], [-83.97613, 48.12908], [-83.97545, 48.12852], [-83.97493, 48.12812], [-83.97446, 48.12783], [-83.97389, 48.12764], [-83.97329, 48.12748], [-83.9726, 48.12738], [-83.97216, 48.12735], [-83.97186, 48.12735], [-83.97123, 48.1274], [-83.9707, 48.12749], [-83.97021, 48.12762], [-83.96971, 48.12779], [-83.96872, 48.12812], [-83.96776, 48.12834], [-83.9671, 48.1284], [-83.9666, 48.12838], [-83.96623, 48.12834], [-83.96578, 48.12824], [-83.96504, 48.12799], [-83.96442, 48.12765], [-83.96411, 48.12742], [-83.96381, 48.12714], [-83.96315, 48.12642], [-83.96288, 48.1262], [-83.96248, 48.1259], [-83.96231, 48.12581], [-83.96228, 48.1258], [-83.96185, 48.1256], [-83.96144, 48.12544], [-83.96071, 48.1252], [-83.95853, 48.12457], [-83.95775, 48.12429], [-83.95718, 48.12401], [-83.95677, 48.12376], [-83.95648, 48.12353], [-83.95597, 48.12303], [-83.95543, 48.12232], [-83.95501, 48.12163], [-83.95465, 48.12091], [-83.95454, 48.12059], [-83.95443, 48.1202], [-83.95406, 48.118], [-83.95392, 48.11755], [-83.95365, 48.11716], [-83.95338, 48.11681], [-83.95308, 48.11656], [-83.95261, 48.11625], [-83.95221, 48.11607], [-83.95174, 48.1159], [-83.95127, 48.1158], [-83.95078, 48.11573], [-83.94986, 48.11567], [-83.94859, 48.11565], [-83.94807, 48.11569], [-83.9476, 48.11572], [-83.94678, 48.11588], [-83.94615, 48.11611], [-83.9455, 48.11644], [-83.94468, 48.11699], [-83.94365, 48.11764], [-83.94272, 48.11825], [-83.94221, 48.11864], [-83.94169, 48.11911], [-83.94113, 48.11961], [-83.94054, 48.12004], [-83.94, 48.12039], [-83.93954, 48.12062], [-83.93865, 48.12099], [-83.93784, 48.1214], [-83.93719, 48.12178], [-83.93637, 48.12231], [-83.93562, 48.12272], [-83.93521, 48.12287], [-83.93473, 48.12301], [-83.93426, 48.12309], [-83.93376, 48.12314], [-83.9334, 48.12315], [-83.93293, 48.12311], [-83.9325, 48.12302], [-83.93204, 48.12292], [-83.93165, 48.12278], [-83.93127, 48.12263], [-83.93087, 48.12239], [-83.92656, 48.11946], [-83.92605, 48.11904], [-83.92572, 48.11873], [-83.92547, 48.11846], [-83.92518, 48.11811], [-83.92471, 48.11735], [-83.92464, 48.11725], [-83.92428, 48.11673], [-83.92395, 48.11638], [-83.9236, 48.1161], [-83.92307, 48.11577], [-83.92258, 48.11554], [-83.92195, 48.11534], [-83.92131, 48.11522], [-83.92073, 48.11516], [-83.92042, 48.11517], [-83.92026, 48.11517], [-83.91973, 48.11522], [-83.91884, 48.11535], [-83.91714, 48.11564], [-83.91638, 48.11576], [-83.91572, 48.11579], [-83.91471, 48.1157], [-83.91428, 48.1156], [-83.91383, 48.11545], [-83.91332, 48.1152], [-83.91279, 48.11481], [-83.91233, 48.11438], [-83.91212, 48.11409], [-83.91192, 48.11356], [-83.91175, 48.11219], [-83.9117, 48.11172], [-83.91142, 48.1108], [-83.91119, 48.11036], [-83.91091, 48.10994], [-83.9108, 48.10981], [-83.91048, 48.10944], [-83.91014, 48.10909], [-83.90921, 48.10836], [-83.9088, 48.10804], [-83.90737, 48.10695], [-83.9069, 48.1066], [-83.90626, 48.10617], [-83.9054, 48.1057], [-83.90349, 48.10475], [-83.90198, 48.10399], [-83.90134, 48.10361], [-83.90083, 48.10326], [-83.90044, 48.10297], [-83.89984, 48.10251], [-83.89914, 48.10212], [-83.89533, 48.10044], [-83.89522, 48.10039], [-83.89514, 48.10035], [-83.89441, 48.10005], [-83.89372, 48.09979], [-83.89325, 48.09964], [-83.89273, 48.09953], [-83.89213, 48.09943], [-83.89166, 48.0994], [-83.89121, 48.0994], [-83.89049, 48.09942], [-83.88995, 48.09952], [-83.8895, 48.09961], [-83.88892, 48.09979], [-83.88828, 48.10004], [-83.88747, 48.10045], [-83.88614, 48.10112], [-83.88564, 48.1014], [-83.88466, 48.1019], [-83.88389, 48.10224], [-83.88318, 48.10247], [-83.88242, 48.1026], [-83.88176, 48.10265], [-83.88118, 48.10263], [-83.8807, 48.10261], [-83.88023, 48.10252], [-83.88002, 48.10247], [-83.87996, 48.10246], [-83.87922, 48.10223], [-83.87875, 48.10202], [-83.87835, 48.10177], [-83.87795, 48.1015], [-83.87731, 48.10093], [-83.87599, 48.0997], [-83.87592, 48.09963], [-83.87583, 48.09955], [-83.87194, 48.09589], [-83.87129, 48.09528], [-83.87065, 48.0945], [-83.8699, 48.09344], [-83.86915, 48.0924], [-83.86872, 48.09171], [-83.86833, 48.09081], [-83.86763, 48.08892], [-83.86708, 48.08709], [-83.86684, 48.08658], [-83.86657, 48.08616], [-83.86626, 48.08575], [-83.86604, 48.08553], [-83.86553, 48.08506], [-83.8649, 48.08461], [-83.86457, 48.08439], [-83.8642, 48.0842], [-83.86367, 48.08396], [-83.86289, 48.08365], [-83.86208, 48.08342], [-83.86109, 48.08323], [-83.85966, 48.08302], [-83.85777, 48.08282], [-83.85279, 48.08222], [-83.85218, 48.08213], [-83.8517, 48.08202], [-83.85123, 48.08184], [-83.85065, 48.08157], [-83.85026, 48.0813], [-83.85013, 48.08116], [-83.84985, 48.08083], [-83.84963, 48.08047], [-83.84789, 48.07492], [-83.84773, 48.0745], [-83.84761, 48.07424], [-83.84746, 48.07393], [-83.84724, 48.07365], [-83.84689, 48.07327], [-83.84645, 48.07288], [-83.84579, 48.07242], [-83.84508, 48.07206], [-83.84445, 48.07179], [-83.84394, 48.07158], [-83.84326, 48.07125], [-83.84282, 48.07096], [-83.84234, 48.07057], [-83.84194, 48.07002], [-83.84177, 48.06965], [-83.84163, 48.06916], [-83.84161, 48.0688], [-83.84164, 48.06842], [-83.84202, 48.0673], [-83.84392, 48.0619], [-83.84405, 48.06141], [-83.8441, 48.06104], [-83.84412, 48.06066], [-83.84406, 48.06031], [-83.84399, 48.05984], [-83.84179, 48.05437], [-83.84153, 48.05374], [-83.84137, 48.0534], [-83.84115, 48.05301], [-83.8409, 48.05264], [-83.84052, 48.05221], [-83.83989, 48.05167], [-83.83896, 48.05095], [-83.83831, 48.05042], [-83.83736, 48.04961], [-83.83657, 48.04878], [-83.83072, 48.04262], [-83.82997, 48.0418], [-83.82945, 48.04114], [-83.82706, 48.03813], [-83.82584, 48.0366], [-83.82503, 48.03551], [-83.82451, 48.03478], [-83.82414, 48.0341], [-83.82393, 48.03355], [-83.82376, 48.033], [-83.82361, 48.03236], [-83.82357, 48.03167], [-83.82362, 48.031], [-83.82373, 48.03029], [-83.82405, 48.02697], [-83.8243, 48.02433], [-83.82443, 48.02331], [-83.82445, 48.02316], [-83.82455, 48.02189], [-83.82449, 48.02114], [-83.82436, 48.02065], [-83.82423, 48.02031], [-83.82385, 48.01974], [-83.82362, 48.01945], [-83.81886, 48.01435], [-83.81841, 48.01383], [-83.81805, 48.0134], [-83.81762, 48.01274], [-83.81719, 48.01198], [-83.81589, 48.00884], [-83.8156, 48.00813], [-83.81536, 48.00748], [-83.81522, 48.00691], [-83.81516, 48.00644], [-83.81512, 48.0061], [-83.81511, 48.00556], [-83.81519, 48.00506], [-83.8153, 48.00469], [-83.81549, 48.00416], [-83.81586, 48.00324], [-83.8162, 48.0021], [-83.81627, 48.00159], [-83.81625, 48.00109], [-83.81621, 48.00055], [-83.81614, 48.00004], [-83.81582, 47.99876], [-83.81567, 47.99795], [-83.81566, 47.99739], [-83.81574, 47.99701], [-83.81614, 47.99594], [-83.81627, 47.99552], [-83.81634, 47.99513], [-83.81632, 47.99473], [-83.81614, 47.99362], [-83.81605, 47.99239], [-83.81601, 47.99195], [-83.81586, 47.99143], [-83.81562, 47.99097], [-83.81501, 47.99011], [-83.81461, 47.98971], [-83.81394, 47.9892], [-83.8133, 47.98882], [-83.80627, 47.9851], [-83.80493, 47.98435], [-83.80367, 47.98353], [-83.80244, 47.98263], [-83.80238, 47.98259], [-83.80232, 47.98255], [-83.79971, 47.98065], [-83.7967, 47.97833], [-83.79535, 47.97732], [-83.79467, 47.97686], [-83.79394, 47.97648], [-83.79319, 47.97624], [-83.79229, 47.97601], [-83.79117, 47.97579], [-83.79063, 47.97568], [-83.7899, 47.97543], [-83.78937, 47.9752], [-83.78874, 47.97483], [-83.78821, 47.9744], [-83.78788, 47.97404], [-83.78762, 47.97363], [-83.78734, 47.97305], [-83.78645, 47.97111], [-83.7844, 47.96655], [-83.78383, 47.96558], [-83.78328, 47.96479], [-83.78172, 47.96259], [-83.7806, 47.96111], [-83.77969, 47.96022], [-83.77901, 47.95969], [-83.77828, 47.95925], [-83.77754, 47.95893], [-83.77646, 47.95864], [-83.77416, 47.95816], [-83.77297, 47.95799], [-83.77183, 47.95791], [-83.77003, 47.95786], [-83.76932, 47.95784], [-83.76863, 47.95777], [-83.76723, 47.95756], [-83.7655, 47.95737], [-83.76481, 47.95736], [-83.76384, 47.95736], [-83.76241, 47.95749], [-83.75563, 47.95865], [-83.75314, 47.95909], [-83.75258, 47.95917], [-83.75222, 47.9592], [-83.75148, 47.95925], [-83.75046, 47.95921], [-83.74929, 47.95909], [-83.74843, 47.95898], [-83.7475, 47.95893], [-83.74683, 47.95896], [-83.74594, 47.95908], [-83.74441, 47.95938], [-83.7409, 47.96013], [-83.73945, 47.96037], [-83.7389, 47.9604], [-83.73836, 47.96039], [-83.73776, 47.96031], [-83.73735, 47.96023], [-83.73699, 47.96011], [-83.73655, 47.95996], [-83.73611, 47.95973], [-83.73568, 47.95945], [-83.73519, 47.95904], [-83.73318, 47.9563], [-83.73288, 47.95576], [-83.73267, 47.95507], [-83.73265, 47.95484], [-83.73251, 47.95397], [-83.73235, 47.95346], [-83.73217, 47.95317], [-83.73193, 47.95285], [-83.73162, 47.95251], [-83.73119, 47.95223], [-83.73062, 47.95195], [-83.73014, 47.95178], [-83.72953, 47.95164], [-83.7264, 47.95101], [-83.72568, 47.95086], [-83.72491, 47.95067], [-83.72437, 47.9505], [-83.72228, 47.94967], [-83.72173, 47.94951], [-83.72106, 47.94937], [-83.72016, 47.9492], [-83.71923, 47.94903], [-83.71797, 47.94881], [-83.7174, 47.94875], [-83.7167, 47.94873], [-83.71589, 47.94875], [-83.71521, 47.94884], [-83.7146, 47.94895], [-83.71394, 47.94911], [-83.71273, 47.94938], [-83.71174, 47.94954], [-83.71092, 47.94961], [-83.70996, 47.9496], [-83.70904, 47.94949], [-83.7082, 47.94931], [-83.70718, 47.94903], [-83.70498, 47.94844], [-83.70348, 47.94799], [-83.70247, 47.94764], [-83.70179, 47.94739], [-83.70004, 47.94672], [-83.69912, 47.94637], [-83.6888, 47.94242], [-83.68784, 47.94209], [-83.68693, 47.9418], [-83.68587, 47.94152], [-83.68497, 47.94134], [-83.68395, 47.94116], [-83.6826, 47.94104], [-83.67944, 47.94082], [-83.67924, 47.9408], [-83.6792, 47.9408], [-83.67895, 47.94079], [-83.67415, 47.94052], [-83.67293, 47.94045], [-83.67292, 47.94045], [-83.6717, 47.94036], [-83.67095, 47.94029], [-83.67021, 47.94017], [-83.66952, 47.93999], [-83.66866, 47.9397], [-83.66812, 47.93942], [-83.66738, 47.93893], [-83.6669, 47.93855], [-83.66682, 47.93848], [-83.66626, 47.9379], [-83.66602, 47.93754], [-83.66568, 47.93688], [-83.66531, 47.93604], [-83.66502, 47.93547], [-83.66446, 47.93466], [-83.66398, 47.93411], [-83.66276, 47.93294], [-83.66231, 47.93254], [-83.66165, 47.93194], [-83.66101, 47.93137], [-83.6605, 47.93089], [-83.65988, 47.93027], [-83.65936, 47.92975], [-83.6589, 47.92921], [-83.6547, 47.92282], [-83.65433, 47.92222], [-83.6543, 47.92217], [-83.65406, 47.92185], [-83.65372, 47.92138], [-83.65344, 47.92106], [-83.65312, 47.92078], [-83.65243, 47.92031], [-83.65187, 47.92002], [-83.65032, 47.91928], [-83.64958, 47.91892], [-83.64903, 47.91859], [-83.64859, 47.91827], [-83.64716, 47.91689], [-83.64562, 47.91533], [-83.64509, 47.91491], [-83.64453, 47.91457], [-83.64404, 47.91431], [-83.64348, 47.91405], [-83.64295, 47.91387], [-83.64223, 47.91366], [-83.64156, 47.91351], [-83.63738, 47.91277], [-83.63555, 47.91245], [-83.63261, 47.91192], [-83.63179, 47.91172], [-83.63119, 47.91153], [-83.63044, 47.91123], [-83.62998, 47.91097], [-83.62207, 47.90615], [-83.62121, 47.90562], [-83.62027, 47.90501], [-83.61955, 47.9045], [-83.61903, 47.904], [-83.61869, 47.9036], [-83.61836, 47.9031], [-83.61126, 47.89012], [-83.61096, 47.88961], [-83.61065, 47.88917], [-83.61027, 47.88865], [-83.6097, 47.88807], [-83.60292, 47.88113], [-83.60241, 47.88062], [-83.59969, 47.87783], [-83.59898, 47.87712], [-83.59841, 47.87656], [-83.59783, 47.87603], [-83.59712, 47.87543], [-83.59647, 47.87492], [-83.59107, 47.87073], [-83.59037, 47.87014], [-83.58981, 47.86959], [-83.58935, 47.86913], [-83.58771, 47.86751], [-83.58455, 47.86439], [-83.58407, 47.86393], [-83.58338, 47.86348], [-83.58144, 47.86237], [-83.56956, 47.85569], [-83.56829, 47.85497], [-83.56644, 47.85395], [-83.56464, 47.85308], [-83.56402, 47.85279], [-83.56308, 47.85234], [-83.56286, 47.85224], [-83.56216, 47.85191], [-83.56216, 47.85191], [-83.55886, 47.85035], [-83.55803, 47.84995], [-83.55733, 47.84966], [-83.5566, 47.8494], [-83.55566, 47.84912], [-83.55435, 47.8488], [-83.55371, 47.84863], [-83.55308, 47.84847], [-83.55245, 47.84825], [-83.55203, 47.84808], [-83.55114, 47.84762], [-83.54917, 47.84652], [-83.54823, 47.84604], [-83.54685, 47.8454], [-83.54153, 47.84295], [-83.54055, 47.84253], [-83.53985, 47.84232], [-83.5391, 47.84215], [-83.5383, 47.84207], [-83.53746, 47.84206], [-83.53661, 47.84212], [-83.53579, 47.84228], [-83.53214, 47.84338], [-83.52978, 47.8441], [-83.52605, 47.84547], [-83.52301, 47.8466], [-83.52201, 47.84701], [-83.52144, 47.8472], [-83.52093, 47.84735], [-83.52052, 47.84745], [-83.51987, 47.84757], [-83.51911, 47.84767], [-83.51753, 47.84774], [-83.51688, 47.84776], [-83.51535, 47.84785], [-83.51419, 47.84791], [-83.5132, 47.84796], [-83.51244, 47.84807], [-83.51166, 47.84824], [-83.51071, 47.84848], [-83.51001, 47.8487], [-83.50623, 47.84987], [-83.494, 47.85364], [-83.49301, 47.85385], [-83.49229, 47.85393], [-83.49168, 47.85392], [-83.49112, 47.85388], [-83.49053, 47.85381], [-83.48991, 47.85367], [-83.48911, 47.8534], [-83.48784, 47.85288], [-83.48734, 47.8527], [-83.48675, 47.85254], [-83.48599, 47.85241], [-83.48503, 47.85234], [-83.48413, 47.85241], [-83.48314, 47.85261], [-83.48247, 47.85284], [-83.48135, 47.85337], [-83.47892, 47.85483], [-83.47755, 47.85569], [-83.47688, 47.85616], [-83.4763, 47.8567], [-83.47586, 47.85721], [-83.47484, 47.8589], [-83.47448, 47.8595], [-83.47398, 47.86014], [-83.47349, 47.86064], [-83.47276, 47.86117], [-83.4722, 47.86153], [-83.4715, 47.86186], [-83.47061, 47.8622], [-83.46975, 47.86245], [-83.46851, 47.86264], [-83.46722, 47.86274], [-83.46387, 47.86295], [-83.46234, 47.86307], [-83.46115, 47.86313], [-83.46041, 47.86314], [-83.45936, 47.86306], [-83.45868, 47.86298], [-83.45724, 47.86269], [-83.45585, 47.86237], [-83.45479, 47.86213], [-83.4541, 47.86191], [-83.45347, 47.86163], [-83.45302, 47.86137], [-83.45265, 47.86111], [-83.45227, 47.86077], [-83.45182, 47.86017], [-83.45159, 47.85971], [-83.45136, 47.85921], [-83.45089, 47.85829], [-83.45038, 47.85766], [-83.45001, 47.85727], [-83.44697, 47.85472], [-83.44587, 47.85392], [-83.44469, 47.85325], [-83.44377, 47.85286], [-83.4428, 47.85252], [-83.44161, 47.85222], [-83.44034, 47.852], [-83.43881, 47.85185], [-83.4378, 47.85176], [-83.43743, 47.85173], [-83.4363, 47.8516], [-83.43576, 47.85149], [-83.43526, 47.85132], [-83.4346, 47.85102], [-83.43399, 47.85064], [-83.43315, 47.85005], [-83.43256, 47.84961], [-83.43144, 47.849], [-83.43065, 47.8487], [-83.42968, 47.84847], [-83.42896, 47.84833], [-83.42818, 47.84824], [-83.42702, 47.84816], [-83.42694, 47.84815], [-83.42551, 47.84809], [-83.42436, 47.84801], [-83.41607, 47.84743], [-83.41532, 47.84731], [-83.41472, 47.84718], [-83.41383, 47.84695], [-83.4129, 47.84662], [-83.40979, 47.84516], [-83.40974, 47.84514], [-83.40965, 47.84522], [-83.40963, 47.84525], [-83.40961, 47.84532], [-83.40952, 47.84535], [-83.40944, 47.8454], [-83.40933, 47.84549], [-83.4093, 47.84556], [-83.40928, 47.84559], [-83.40914, 47.84566], [-83.40908, 47.84567], [-83.40889, 47.8457], [-83.40876, 47.84568], [-83.40866, 47.84568], [-83.4086, 47.84564], [-83.40858, 47.84564], [-83.40854, 47.84565], [-83.40849, 47.84571], [-83.40845, 47.84572], [-83.40837, 47.84573], [-83.40828, 47.84571], [-83.40824, 47.84571], [-83.4082, 47.84572], [-83.40815, 47.84578], [-83.40811, 47.8458], [-83.40807, 47.84581], [-83.408, 47.84578], [-83.40797, 47.84579], [-83.40794, 47.84584], [-83.40794, 47.84592], [-83.4079, 47.84602], [-83.40782, 47.84614], [-83.40784, 47.8462], [-83.40784, 47.84624], [-83.40784, 47.84629], [-83.40779, 47.84639], [-83.40776, 47.84642], [-83.40773, 47.8464], [-83.40777, 47.84633], [-83.40778, 47.84626], [-83.40778, 47.84626], [-83.40777, 47.84624], [-83.40772, 47.84623], [-83.40764, 47.84624], [-83.40759, 47.84629], [-83.40758, 47.84634], [-83.4075, 47.84636], [-83.40746, 47.84639], [-83.40745, 47.84642], [-83.40745, 47.84646], [-83.40751, 47.8465], [-83.40752, 47.8465], [-83.40752, 47.84652], [-83.4075, 47.84653], [-83.4075, 47.84653], [-83.40743, 47.84654], [-83.40741, 47.84656], [-83.40739, 47.8466], [-83.40739, 47.84669], [-83.40734, 47.84672], [-83.40672, 47.8469], [-83.40616, 47.84701], [-83.40608, 47.84701], [-83.40589, 47.847], [-83.4057, 47.84695], [-83.40566, 47.84695], [-83.4056, 47.84698], [-83.40532, 47.84718], [-83.40527, 47.8472], [-83.40518, 47.84723], [-83.40444, 47.84728], [-83.40418, 47.84727], [-83.4036, 47.84733], [-83.40353, 47.84735], [-83.40281, 47.84764], [-83.40238, 47.8477], [-83.40222, 47.8477], [-83.40207, 47.8477], [-83.40198, 47.84772], [-83.4016, 47.8479], [-83.40149, 47.84794], [-83.40124, 47.84797], [-83.40102, 47.84802], [-83.40091, 47.84802], [-83.40076, 47.84799], [-83.4006, 47.84799], [-83.40041, 47.84796], [-83.40033, 47.84796], [-83.40004, 47.84798], [-83.39992, 47.84801], [-83.39984, 47.84804], [-83.39943, 47.8483], [-83.39937, 47.84832], [-83.39928, 47.84834], [-83.39923, 47.84836], [-83.39909, 47.84846], [-83.39905, 47.84851], [-83.39904, 47.84862], [-83.39898, 47.84872], [-83.39876, 47.84887], [-83.39861, 47.84892], [-83.3985, 47.849], [-83.39837, 47.84913], [-83.39827, 47.84931], [-83.39819, 47.84942], [-83.398, 47.84958], [-83.39777, 47.84976], [-83.39771, 47.8498], [-83.39765, 47.84982], [-83.39719, 47.84993], [-83.39707, 47.84997], [-83.39667, 47.85027], [-83.39629, 47.85044], [-83.39621, 47.85049], [-83.39614, 47.85056], [-83.39599, 47.85075], [-83.39588, 47.85084], [-83.39575, 47.8509], [-83.39563, 47.85098], [-83.39547, 47.85102], [-83.39534, 47.85108], [-83.39527, 47.85113], [-83.3951, 47.85126], [-83.39498, 47.85134], [-83.39491, 47.85144], [-83.39488, 47.85152], [-83.3949, 47.85171], [-83.39497, 47.85188], [-83.39497, 47.85209], [-83.39497, 47.85225], [-83.39491, 47.85258], [-83.3949, 47.85301], [-83.39486, 47.85329], [-83.39484, 47.85339], [-83.39468, 47.8537], [-83.39459, 47.85384], [-83.39437, 47.8541], [-83.39383, 47.85467], [-83.39372, 47.85494], [-83.39362, 47.85514], [-83.39356, 47.85521], [-83.39347, 47.85528], [-83.39344, 47.85535], [-83.39341, 47.8554], [-83.39342, 47.85548], [-83.3934, 47.85553], [-83.39331, 47.85566], [-83.39316, 47.85576], [-83.39313, 47.8558], [-83.39312, 47.85584], [-83.39318, 47.85589], [-83.39319, 47.8559], [-83.3932, 47.85592], [-83.39319, 47.85593], [-83.39315, 47.85593], [-83.39311, 47.85593], [-83.39299, 47.85591], [-83.39297, 47.8559], [-83.39294, 47.85585], [-83.39286, 47.85583], [-83.39266, 47.85583], [-83.39242, 47.85581], [-83.39222, 47.85583], [-83.39206, 47.85587], [-83.392, 47.8559], [-83.39199, 47.85592], [-83.392, 47.85593], [-83.39204, 47.85597], [-83.39207, 47.85597], [-83.39214, 47.85595], [-83.39217, 47.85595], [-83.39219, 47.85596], [-83.3922, 47.85598], [-83.39219, 47.856], [-83.39218, 47.85601], [-83.39215, 47.85604], [-83.39198, 47.85613], [-83.39182, 47.85616], [-83.39165, 47.85615], [-83.39159, 47.85614], [-83.39139, 47.85608], [-83.39132, 47.85607], [-83.39129, 47.85608], [-83.39118, 47.85615], [-83.39104, 47.85622], [-83.39089, 47.85627], [-83.3908, 47.85633], [-83.39072, 47.85635], [-83.39065, 47.85634], [-83.39043, 47.85629], [-83.39026, 47.85626], [-83.39, 47.85616], [-83.38988, 47.85615], [-83.38964, 47.8561], [-83.38924, 47.85606], [-83.38912, 47.85608], [-83.38886, 47.85615], [-83.38871, 47.85616], [-83.38869, 47.85617], [-83.38868, 47.85621], [-83.38865, 47.85627], [-83.38865, 47.85634], [-83.38862, 47.85637], [-83.38791, 47.85652], [-83.38774, 47.85653], [-83.38752, 47.85651], [-83.38746, 47.85649], [-83.38727, 47.85644], [-83.38717, 47.85641], [-83.38698, 47.85641], [-83.38689, 47.85643], [-83.3867, 47.85645], [-83.38664, 47.85647], [-83.38633, 47.8566], [-83.38625, 47.85663], [-83.38617, 47.85664], [-83.38601, 47.85664], [-83.38588, 47.85666], [-83.38562, 47.85679], [-83.38522, 47.8569], [-83.38517, 47.85693], [-83.38509, 47.85701], [-83.38504, 47.85704], [-83.38454, 47.85719], [-83.38443, 47.85723], [-83.38432, 47.85729], [-83.38422, 47.85733], [-83.38404, 47.85738], [-83.38389, 47.8574], [-83.38358, 47.8575], [-83.38352, 47.85754], [-83.38345, 47.85761], [-83.38327, 47.85777], [-83.38303, 47.85795], [-83.38284, 47.85809], [-83.38277, 47.85812], [-83.3827, 47.85814], [-83.38247, 47.85818], [-83.38216, 47.85818], [-83.38199, 47.85819], [-83.38184, 47.85822], [-83.38171, 47.85827], [-83.38152, 47.85832], [-83.38129, 47.8584], [-83.38118, 47.85841], [-83.38103, 47.85842], [-83.38093, 47.85841], [-83.38084, 47.85838], [-83.38062, 47.8583], [-83.38056, 47.85826], [-83.38052, 47.85823], [-83.38043, 47.85808], [-83.38039, 47.85805], [-83.38033, 47.85804], [-83.38021, 47.85803], [-83.38013, 47.85804], [-83.38001, 47.85807], [-83.37985, 47.85809], [-83.37963, 47.85814], [-83.37945, 47.8582], [-83.37921, 47.85826], [-83.37906, 47.85833], [-83.379, 47.85833], [-83.3789, 47.85832], [-83.37879, 47.85834], [-83.37867, 47.85836], [-83.37851, 47.85843], [-83.37844, 47.85844], [-83.37839, 47.85844], [-83.37826, 47.85841], [-83.37762, 47.85839], [-83.37747, 47.85836], [-83.37738, 47.85836], [-83.3773, 47.85836], [-83.37723, 47.85836], [-83.3772, 47.85834], [-83.37721, 47.85832], [-83.3772, 47.85831], [-83.37705, 47.85828], [-83.37694, 47.85828], [-83.37681, 47.8583], [-83.37677, 47.8583], [-83.37671, 47.85829], [-83.37654, 47.85823], [-83.37621, 47.85819], [-83.37593, 47.85809], [-83.37578, 47.85803], [-83.37571, 47.85801], [-83.3756, 47.858], [-83.37538, 47.85797], [-83.3753, 47.85797], [-83.37522, 47.858], [-83.37519, 47.85802], [-83.37516, 47.85809], [-83.3751, 47.85816], [-83.37481, 47.85849], [-83.37472, 47.85858], [-83.37463, 47.85864], [-83.37417, 47.85892], [-83.37382, 47.85909], [-83.37354, 47.85927], [-83.37347, 47.8593], [-83.37335, 47.85932], [-83.37309, 47.85934], [-83.37302, 47.85936], [-83.37298, 47.85939], [-83.37296, 47.85944], [-83.37298, 47.85952], [-83.37301, 47.85959], [-83.3731, 47.85975], [-83.37312, 47.85982], [-83.37312, 47.85995], [-83.37307, 47.86008], [-83.37301, 47.86013], [-83.37283, 47.86027], [-83.37271, 47.86041], [-83.37253, 47.86067], [-83.37213, 47.86119], [-83.37174, 47.86153], [-83.37143, 47.86173], [-83.37131, 47.8618], [-83.37077, 47.86197], [-83.37038, 47.86211], [-83.37029, 47.86216], [-83.37028, 47.86219], [-83.37034, 47.86228], [-83.37041, 47.86237], [-83.37043, 47.86245], [-83.37041, 47.86254], [-83.37039, 47.86261], [-83.37035, 47.86269], [-83.37029, 47.86275], [-83.3702, 47.8628], [-83.36989, 47.86294], [-83.36963, 47.86309], [-83.36946, 47.86316], [-83.36908, 47.8633], [-83.36904, 47.86333], [-83.36896, 47.8634], [-83.36891, 47.86342], [-83.36883, 47.86344], [-83.36831, 47.86348], [-83.36823, 47.8635], [-83.36818, 47.86351], [-83.36815, 47.86354], [-83.36813, 47.8636], [-83.36813, 47.86369], [-83.36815, 47.86379], [-83.36815, 47.86382], [-83.36811, 47.86389], [-83.36804, 47.86396], [-83.36795, 47.864], [-83.3677, 47.86406], [-83.36761, 47.86407], [-83.3674, 47.86408], [-83.36732, 47.86409], [-83.36725, 47.86411], [-83.36721, 47.86414], [-83.36719, 47.86419], [-83.36715, 47.86434], [-83.36702, 47.86453], [-83.36692, 47.86459], [-83.36686, 47.86462], [-83.36662, 47.86467], [-83.36642, 47.86471], [-83.3661, 47.86472], [-83.36599, 47.86474], [-83.36585, 47.86474], [-83.3658, 47.86475], [-83.36576, 47.86482], [-83.36572, 47.86487], [-83.36569, 47.86494], [-83.3656, 47.86502], [-83.3656, 47.86502], [-83.36544, 47.86521], [-83.36542, 47.8653], [-83.3654, 47.86531], [-83.36534, 47.86534], [-83.36532, 47.86535], [-83.36529, 47.86542], [-83.36524, 47.86547], [-83.3652, 47.86564], [-83.36517, 47.86573], [-83.36512, 47.8658], [-83.36504, 47.86584], [-83.36475, 47.86595], [-83.36468, 47.86599], [-83.36465, 47.86604], [-83.36467, 47.86607], [-83.36473, 47.86613], [-83.36476, 47.86617], [-83.36476, 47.8662], [-83.36474, 47.86628], [-83.36476, 47.86632], [-83.36484, 47.86636], [-83.36505, 47.86644], [-83.36529, 47.86654], [-83.36551, 47.86668], [-83.36578, 47.86695], [-83.36583, 47.86703], [-83.3659, 47.86718], [-83.3659, 47.86724], [-83.3659, 47.86731], [-83.36585, 47.86749], [-83.36581, 47.86774], [-83.36577, 47.8679], [-83.36566, 47.86814], [-83.3655, 47.86836], [-83.36547, 47.86843], [-83.36548, 47.86849], [-83.36557, 47.86864], [-83.3656, 47.86871], [-83.36565, 47.8688], [-83.36567, 47.86889], [-83.36568, 47.86903], [-83.36562, 47.86923], [-83.36564, 47.86941], [-83.36565, 47.86957], [-83.36567, 47.86965], [-83.36571, 47.86984], [-83.36574, 47.87005], [-83.36574, 47.87027], [-83.36571, 47.87033], [-83.36568, 47.87045], [-83.36565, 47.8705], [-83.3656, 47.87055], [-83.36542, 47.87066], [-83.36538, 47.8707], [-83.36536, 47.87079], [-83.36539, 47.8709], [-83.36548, 47.871], [-83.36551, 47.87108], [-83.36554, 47.8711], [-83.3656, 47.87112], [-83.36563, 47.87114], [-83.3657, 47.87137], [-83.36575, 47.87145], [-83.3658, 47.8715], [-83.36587, 47.87154], [-83.366, 47.87155], [-83.36606, 47.87157], [-83.36617, 47.87162], [-83.36623, 47.87166], [-83.36642, 47.8717], [-83.36662, 47.87177], [-83.36673, 47.87182], [-83.36682, 47.8719], [-83.3669, 47.87202], [-83.36705, 47.87246], [-83.36719, 47.87271], [-83.36725, 47.87277], [-83.36739, 47.87284], [-83.3675, 47.87293], [-83.36757, 47.87299], [-83.36764, 47.87306], [-83.36777, 47.87317], [-83.36782, 47.87324], [-83.3679, 47.87341], [-83.36803, 47.87361], [-83.36808, 47.87371], [-83.36819, 47.87403], [-83.36821, 47.87441], [-83.36819, 47.87454], [-83.36817, 47.87461], [-83.36811, 47.87469], [-83.36795, 47.87484], [-83.3678, 47.87502], [-83.36772, 47.8751], [-83.36765, 47.87515], [-83.36743, 47.87526], [-83.367, 47.87559], [-83.36681, 47.87571], [-83.36646, 47.87592], [-83.36631, 47.87599], [-83.36598, 47.8761], [-83.36571, 47.87623], [-83.36536, 47.87635], [-83.3653, 47.87638], [-83.36513, 47.87649], [-83.36505, 47.87653], [-83.3649, 47.87658], [-83.3646, 47.87663], [-83.36444, 47.87667], [-83.36429, 47.87674], [-83.36405, 47.87687], [-83.364, 47.87694], [-83.364, 47.87697], [-83.36404, 47.87701], [-83.36416, 47.8771], [-83.36418, 47.87713], [-83.36417, 47.87717], [-83.36414, 47.8772], [-83.364, 47.8773], [-83.36388, 47.87742], [-83.36379, 47.87756], [-83.36366, 47.8777], [-83.36357, 47.87789], [-83.36345, 47.87804], [-83.36341, 47.8781], [-83.36329, 47.87838], [-83.36325, 47.87855], [-83.3632, 47.8786], [-83.36306, 47.87873], [-83.3629, 47.87898], [-83.36274, 47.87912], [-83.36254, 47.87934], [-83.36249, 47.87951], [-83.36243, 47.87955], [-83.36218, 47.87963], [-83.36197, 47.87974], [-83.3617, 47.87984], [-83.3616, 47.87989], [-83.36149, 47.88001], [-83.36144, 47.88011], [-83.36142, 47.88016], [-83.36141, 47.88028], [-83.36137, 47.88036], [-83.36133, 47.8804], [-83.3612, 47.88046], [-83.36114, 47.8805], [-83.36102, 47.88062], [-83.361, 47.88067], [-83.361, 47.8807], [-83.36106, 47.88082], [-83.36107, 47.8809], [-83.36108, 47.88093], [-83.3611, 47.88094], [-83.36113, 47.88095], [-83.36122, 47.88094], [-83.36126, 47.88095], [-83.36128, 47.88098], [-83.36127, 47.88111], [-83.36132, 47.88124], [-83.36138, 47.88133], [-83.36143, 47.88158], [-83.36147, 47.88167], [-83.36147, 47.88171], [-83.36142, 47.88179], [-83.36141, 47.88183], [-83.36144, 47.88197], [-83.36144, 47.88209], [-83.36145, 47.88222], [-83.36144, 47.88226], [-83.36133, 47.88233], [-83.36132, 47.88236], [-83.36137, 47.88246], [-83.36142, 47.88264], [-83.36145, 47.88268], [-83.3619, 47.88296], [-83.36194, 47.88299], [-83.36197, 47.88303], [-83.36198, 47.88308], [-83.36196, 47.88322], [-83.36194, 47.88325], [-83.36188, 47.88331], [-83.36187, 47.88337], [-83.3619, 47.88347], [-83.36198, 47.88366], [-83.36201, 47.88369], [-83.36207, 47.88373], [-83.36208, 47.88376], [-83.36205, 47.88388], [-83.36207, 47.88394], [-83.36202, 47.88404], [-83.36198, 47.88406], [-83.3619, 47.8841], [-83.36184, 47.88415], [-83.36176, 47.88426], [-83.36168, 47.8844], [-83.36152, 47.88461], [-83.36146, 47.88465], [-83.36137, 47.88468], [-83.36132, 47.8847], [-83.36123, 47.88478], [-83.36111, 47.88485], [-83.36108, 47.88491], [-83.36104, 47.88493], [-83.36101, 47.88493], [-83.36096, 47.88491], [-83.36093, 47.88491], [-83.36075, 47.88498], [-83.36067, 47.88499], [-83.36045, 47.88501], [-83.3603, 47.885], [-83.36015, 47.88497], [-83.36008, 47.88498], [-83.35999, 47.88495], [-83.35981, 47.88498], [-83.35971, 47.88498], [-83.35964, 47.88496], [-83.35953, 47.88492], [-83.35951, 47.8849], [-83.35949, 47.88483], [-83.35944, 47.88479], [-83.35935, 47.88478], [-83.35909, 47.88476], [-83.35868, 47.8848], [-83.35857, 47.88483], [-83.35838, 47.88489], [-83.35816, 47.88493], [-83.35803, 47.88493], [-83.35775, 47.88492], [-83.35745, 47.88494], [-83.35725, 47.88493], [-83.35704, 47.88494], [-83.35692, 47.88496], [-83.35678, 47.885], [-83.35668, 47.88501], [-83.35662, 47.88503], [-83.35659, 47.88505], [-83.35657, 47.88507], [-83.35655, 47.88514], [-83.35645, 47.88533], [-83.35641, 47.88544], [-83.35628, 47.88556], [-83.35617, 47.88563], [-83.35612, 47.88569], [-83.35608, 47.88577], [-83.35602, 47.88582], [-83.35592, 47.88586], [-83.35563, 47.88594], [-83.35556, 47.88598], [-83.35546, 47.88607], [-83.3554, 47.88609], [-83.35535, 47.8861], [-83.3552, 47.88609], [-83.35506, 47.88612], [-83.35501, 47.88612], [-83.35497, 47.88611], [-83.35485, 47.88603], [-83.3548, 47.88602], [-83.35476, 47.88603], [-83.3547, 47.88606], [-83.35462, 47.88616], [-83.35451, 47.88626], [-83.35437, 47.88631], [-83.35421, 47.88635], [-83.35411, 47.88639], [-83.35406, 47.88642], [-83.35398, 47.88648], [-83.35394, 47.88653], [-83.35387, 47.88668], [-83.35386, 47.88674], [-83.35388, 47.88692], [-83.35388, 47.88696], [-83.35385, 47.88698], [-83.35375, 47.88704], [-83.35368, 47.88713], [-83.35359, 47.8872], [-83.35354, 47.88723], [-83.35343, 47.88727], [-83.35306, 47.88739], [-83.35295, 47.88744], [-83.35267, 47.88755], [-83.35246, 47.88765], [-83.35231, 47.88769], [-83.35212, 47.8877], [-83.35185, 47.88779], [-83.3518, 47.88781], [-83.35172, 47.88787], [-83.35162, 47.88792], [-83.3516, 47.88797], [-83.35158, 47.88799], [-83.35144, 47.88803], [-83.35134, 47.88808], [-83.35123, 47.8881], [-83.35101, 47.88819], [-83.35082, 47.88821], [-83.35078, 47.88822], [-83.35069, 47.88828], [-83.35061, 47.88833], [-83.35045, 47.88838], [-83.35037, 47.88839], [-83.35028, 47.88839], [-83.35024, 47.8884], [-83.35018, 47.88844], [-83.34989, 47.88858], [-83.34977, 47.88869], [-83.34963, 47.88873], [-83.34957, 47.88875], [-83.34953, 47.88878], [-83.34947, 47.88885], [-83.34938, 47.88891], [-83.34928, 47.88909], [-83.34922, 47.88916], [-83.349, 47.88931], [-83.34892, 47.88938], [-83.34884, 47.88942], [-83.34875, 47.88954], [-83.34863, 47.88963], [-83.34857, 47.88977], [-83.34845, 47.88987], [-83.34825, 47.8901], [-83.3482, 47.89017], [-83.34819, 47.89022], [-83.34819, 47.89038], [-83.34815, 47.89046], [-83.34808, 47.8907], [-83.34803, 47.89079], [-83.34803, 47.89083], [-83.34805, 47.89098], [-83.34816, 47.89125], [-83.34819, 47.89142], [-83.34824, 47.89158], [-83.34825, 47.89165], [-83.34824, 47.89171], [-83.3482, 47.89179], [-83.34805, 47.8919], [-83.34785, 47.89214], [-83.34781, 47.89217], [-83.34768, 47.89224], [-83.34761, 47.89233], [-83.34753, 47.89258], [-83.34751, 47.8927], [-83.34749, 47.89279], [-83.34744, 47.89292], [-83.34736, 47.89305], [-83.34734, 47.89312], [-83.34727, 47.89328], [-83.34726, 47.8934], [-83.34722, 47.89352], [-83.34717, 47.89363], [-83.34708, 47.89378], [-83.34697, 47.8939], [-83.34692, 47.89399], [-83.34689, 47.89402], [-83.34673, 47.89412], [-83.34644, 47.89426], [-83.34635, 47.89431], [-83.34629, 47.89437], [-83.3462, 47.8945], [-83.34597, 47.89471], [-83.34575, 47.89484], [-83.34557, 47.89497], [-83.3454, 47.89506], [-83.34532, 47.89512], [-83.34523, 47.89523], [-83.34508, 47.89537], [-83.34494, 47.89552], [-83.34486, 47.89569], [-83.34478, 47.8958], [-83.34474, 47.89591], [-83.34468, 47.89604], [-83.34465, 47.89607], [-83.34453, 47.89615], [-83.34442, 47.89617], [-83.34425, 47.89624], [-83.34414, 47.89627], [-83.34395, 47.8963], [-83.34382, 47.8963], [-83.3437, 47.89633], [-83.3436, 47.89634], [-83.34335, 47.89638], [-83.34315, 47.89637], [-83.34307, 47.89638], [-83.34302, 47.89641], [-83.34293, 47.89649], [-83.34287, 47.89653], [-83.34278, 47.89657], [-83.34267, 47.89659], [-83.3423, 47.89661], [-83.34203, 47.8966], [-83.34174, 47.8966], [-83.34154, 47.89657], [-83.3414, 47.89653], [-83.3413, 47.89653], [-83.34123, 47.89652], [-83.34093, 47.89643], [-83.34088, 47.89643], [-83.34077, 47.89644], [-83.34066, 47.89641], [-83.3406, 47.8964], [-83.34052, 47.89641], [-83.3405, 47.89642], [-83.34052, 47.89648], [-83.3405, 47.8965], [-83.34031, 47.89656], [-83.34007, 47.89657], [-83.34001, 47.8966], [-83.3399, 47.89658], [-83.33976, 47.89658], [-83.33965, 47.89655], [-83.33956, 47.89656], [-83.33951, 47.89656], [-83.33936, 47.89652], [-83.33923, 47.89647], [-83.33917, 47.89644], [-83.33912, 47.89642], [-83.33906, 47.89637], [-83.33892, 47.8963], [-83.33886, 47.89625], [-83.33878, 47.89622], [-83.33875, 47.8962], [-83.33867, 47.89609], [-83.33864, 47.89603], [-83.33862, 47.89601], [-83.33858, 47.89599], [-83.33849, 47.89597], [-83.33833, 47.8959], [-83.33824, 47.89577], [-83.33814, 47.8957], [-83.33814, 47.8957], [-83.33814, 47.89569], [-83.33815, 47.89568], [-83.33815, 47.89567], [-83.33816, 47.89566], [-83.33816, 47.89566], [-83.33811, 47.89563], [-83.3381, 47.89562], [-83.33808, 47.89561], [-83.33807, 47.89559], [-83.33803, 47.89558], [-83.33799, 47.89556], [-83.33796, 47.89554], [-83.33794, 47.89554], [-83.33792, 47.89553], [-83.33789, 47.89552], [-83.33789, 47.89551], [-83.33784, 47.89549], [-83.33781, 47.89547], [-83.33778, 47.89547], [-83.33776, 47.89546], [-83.33774, 47.89545], [-83.33772, 47.89544], [-83.33772, 47.89544], [-83.33771, 47.89545], [-83.3377, 47.89545], [-83.33768, 47.89546], [-83.33767, 47.89546], [-83.33764, 47.89545], [-83.33761, 47.89544], [-83.33756, 47.89544], [-83.33729, 47.89547], [-83.33708, 47.89552], [-83.337, 47.89555], [-83.33696, 47.89559], [-83.33694, 47.89564], [-83.33698, 47.89581], [-83.33698, 47.89588], [-83.33696, 47.89593], [-83.33692, 47.89599], [-83.33688, 47.89602], [-83.33672, 47.89609], [-83.33642, 47.89615], [-83.33621, 47.89616], [-83.3361, 47.89614], [-83.33606, 47.89614], [-83.33595, 47.89618], [-83.33565, 47.89625], [-83.33558, 47.89628], [-83.33542, 47.89639], [-83.33529, 47.89651], [-83.33512, 47.8966], [-83.33503, 47.89662], [-83.33492, 47.89667], [-83.33486, 47.89672], [-83.33487, 47.89674], [-83.33496, 47.89674], [-83.33502, 47.89675], [-83.33511, 47.89678], [-83.33515, 47.89681], [-83.33516, 47.89685], [-83.33517, 47.89695], [-83.33515, 47.89698], [-83.33512, 47.89702], [-83.33506, 47.89704], [-83.33498, 47.89705], [-83.33469, 47.89706], [-83.33444, 47.89709], [-83.33432, 47.89711], [-83.33419, 47.89717], [-83.33407, 47.89726], [-83.3339, 47.89733], [-83.33379, 47.89744], [-83.3336, 47.89754], [-83.33356, 47.89758], [-83.33348, 47.89767], [-83.33337, 47.89775], [-83.33329, 47.8978], [-83.33318, 47.89784], [-83.3331, 47.89787], [-83.33299, 47.89794], [-83.33279, 47.89811], [-83.33265, 47.89828], [-83.33263, 47.89834], [-83.33265, 47.89848], [-83.33264, 47.89855], [-83.33262, 47.89858], [-83.33258, 47.89863], [-83.33251, 47.89876], [-83.33247, 47.8988], [-83.33241, 47.89884], [-83.3323, 47.89888], [-83.33216, 47.89897], [-83.33196, 47.89903], [-83.33186, 47.8991], [-83.33169, 47.89917], [-83.33144, 47.89922], [-83.33133, 47.89925], [-83.33127, 47.89928], [-83.33122, 47.89933], [-83.33119, 47.89937], [-83.33118, 47.89941], [-83.33119, 47.89947], [-83.33122, 47.89955], [-83.33119, 47.8996], [-83.3312, 47.89963], [-83.33124, 47.89966], [-83.33134, 47.89968], [-83.33138, 47.89969], [-83.33152, 47.89977], [-83.33162, 47.89989], [-83.33164, 47.89993], [-83.33164, 47.90001], [-83.33163, 47.90007], [-83.33161, 47.90012], [-83.33156, 47.90018], [-83.33151, 47.90022], [-83.33143, 47.90024], [-83.33119, 47.90024], [-83.33107, 47.90029], [-83.331, 47.90031], [-83.33089, 47.90032], [-83.33076, 47.90031], [-83.33058, 47.90032], [-83.33043, 47.90031], [-83.33024, 47.90027], [-83.33006, 47.90026], [-83.32976, 47.90019], [-83.32953, 47.90012], [-83.32936, 47.90009], [-83.32907, 47.90006], [-83.32889, 47.90006], [-83.32868, 47.90007], [-83.32859, 47.90008], [-83.3284, 47.90014], [-83.32827, 47.9002], [-83.32819, 47.90025], [-83.32814, 47.9003], [-83.3281, 47.9004], [-83.32807, 47.90045], [-83.32798, 47.90051], [-83.3279, 47.90055], [-83.32772, 47.90068], [-83.32769, 47.90072], [-83.32767, 47.90079], [-83.32767, 47.90088], [-83.32763, 47.90104], [-83.3277, 47.90114], [-83.32771, 47.90116], [-83.3277, 47.90119], [-83.32766, 47.90123], [-83.32758, 47.90128], [-83.32747, 47.90132], [-83.32727, 47.90133], [-83.32714, 47.90135], [-83.32705, 47.90133], [-83.32702, 47.90133], [-83.32701, 47.90135], [-83.32702, 47.90139], [-83.32701, 47.90141], [-83.32681, 47.90152], [-83.32677, 47.90156], [-83.32673, 47.90163], [-83.32665, 47.90169], [-83.32661, 47.90176], [-83.32647, 47.90184], [-83.32641, 47.90193], [-83.32634, 47.902], [-83.3261, 47.90215], [-83.32598, 47.90218], [-83.3259, 47.90222], [-83.32583, 47.90225], [-83.32577, 47.90229], [-83.32569, 47.90236], [-83.32569, 47.9024], [-83.32578, 47.90253], [-83.32582, 47.90257], [-83.32586, 47.90259], [-83.32591, 47.90259], [-83.32595, 47.90258], [-83.32608, 47.9025], [-83.32614, 47.90245], [-83.32617, 47.90243], [-83.32622, 47.90243], [-83.32626, 47.90244], [-83.32639, 47.90249], [-83.32648, 47.90256], [-83.32656, 47.90258], [-83.32659, 47.90259], [-83.32663, 47.90269], [-83.32665, 47.90271], [-83.32672, 47.90275], [-83.32674, 47.90278], [-83.32674, 47.90283], [-83.32671, 47.90293], [-83.32675, 47.90302], [-83.32676, 47.90307], [-83.32674, 47.90318], [-83.32671, 47.90324], [-83.32671, 47.90332], [-83.32675, 47.90338], [-83.32685, 47.90346], [-83.32692, 47.90354], [-83.32694, 47.90358], [-83.32694, 47.9036], [-83.32693, 47.90363], [-83.32685, 47.90372], [-83.32682, 47.90374], [-83.32678, 47.90375], [-83.32668, 47.90375], [-83.32649, 47.90376], [-83.32629, 47.90385], [-83.32622, 47.90392], [-83.32616, 47.90394], [-83.32615, 47.90398], [-83.32612, 47.90401], [-83.32611, 47.90407], [-83.32604, 47.90422], [-83.32611, 47.9043], [-83.32612, 47.90438], [-83.32616, 47.90443], [-83.32617, 47.90455], [-83.32622, 47.90468], [-83.32621, 47.90471], [-83.32618, 47.90476], [-83.32615, 47.90479], [-83.32609, 47.90482], [-83.32608, 47.90483], [-83.32614, 47.9049], [-83.32621, 47.90505], [-83.32624, 47.90512], [-83.32629, 47.9052], [-83.32627, 47.90526], [-83.32628, 47.90532], [-83.32623, 47.90538], [-83.32626, 47.90544], [-83.32627, 47.90548], [-83.32623, 47.90553], [-83.32623, 47.90556], [-83.32625, 47.90558], [-83.32632, 47.90563], [-83.32635, 47.9057], [-83.32642, 47.90573], [-83.32639, 47.90578], [-83.32639, 47.9058], [-83.32647, 47.90583], [-83.32649, 47.90586], [-83.32648, 47.90588], [-83.32644, 47.90594], [-83.32647, 47.90602], [-83.32646, 47.90604], [-83.32642, 47.90609], [-83.32643, 47.90616], [-83.32638, 47.9062], [-83.32636, 47.90625], [-83.32637, 47.90628], [-83.32644, 47.90635], [-83.32646, 47.90641], [-83.32644, 47.90642], [-83.32637, 47.90644], [-83.32633, 47.90646], [-83.32629, 47.90654], [-83.32624, 47.90658], [-83.32621, 47.90662], [-83.3262, 47.90665], [-83.32621, 47.90671], [-83.32617, 47.90676], [-83.32619, 47.90681], [-83.32618, 47.90687], [-83.32619, 47.90689], [-83.32623, 47.90693], [-83.32625, 47.90698], [-83.32638, 47.90709], [-83.32646, 47.90714], [-83.32658, 47.90717], [-83.32673, 47.90717], [-83.32701, 47.9071], [-83.32715, 47.90702], [-83.32724, 47.90691], [-83.32724, 47.90689], [-83.32722, 47.90687], [-83.32712, 47.90682], [-83.32707, 47.90678], [-83.32697, 47.90663], [-83.32693, 47.90658], [-83.32685, 47.90651], [-83.32682, 47.9065], [-83.32676, 47.90649], [-83.32675, 47.90647], [-83.32676, 47.90646], [-83.32679, 47.90645], [-83.32683, 47.90644], [-83.32685, 47.90644], [-83.32708, 47.90645], [-83.32715, 47.90642], [-83.32723, 47.9064], [-83.3273, 47.90638], [-83.3274, 47.90636], [-83.32755, 47.90631], [-83.32762, 47.90629], [-83.32764, 47.90627], [-83.32764, 47.90625], [-83.32762, 47.90621], [-83.32761, 47.90615], [-83.32757, 47.90611], [-83.32739, 47.906], [-83.3273, 47.90597], [-83.32726, 47.90594], [-83.32716, 47.9059], [-83.32712, 47.90586], [-83.3271, 47.90583], [-83.32721, 47.90569], [-83.32725, 47.9056], [-83.3273, 47.90553], [-83.32734, 47.90539], [-83.32731, 47.9053], [-83.32731, 47.90525], [-83.32737, 47.90517], [-83.32748, 47.90506], [-83.32754, 47.90494], [-83.32756, 47.90482], [-83.3276, 47.90476], [-83.3276, 47.90464], [-83.32761, 47.90459], [-83.32767, 47.9045], [-83.32773, 47.90443], [-83.32777, 47.90441], [-83.32784, 47.9044], [-83.32787, 47.90438], [-83.32787, 47.90434], [-83.32782, 47.90429], [-83.32784, 47.90419], [-83.32785, 47.90413], [-83.32789, 47.90409], [-83.32796, 47.90405], [-83.32807, 47.904], [-83.32815, 47.90398], [-83.32827, 47.90396], [-83.32845, 47.90395], [-83.32852, 47.90396], [-83.32858, 47.90397], [-83.32863, 47.904], [-83.32893, 47.90421], [-83.32917, 47.90433], [-83.32924, 47.90438], [-83.3294, 47.90463], [-83.32944, 47.90471], [-83.32952, 47.90481], [-83.32957, 47.90495], [-83.32957, 47.90502], [-83.32955, 47.90511], [-83.32948, 47.9052], [-83.32945, 47.90528], [-83.3293, 47.90541], [-83.32921, 47.90547], [-83.32917, 47.90552], [-83.32916, 47.90556], [-83.32919, 47.90566], [-83.32924, 47.90573], [-83.32924, 47.90576], [-83.32919, 47.90582], [-83.32922, 47.90589], [-83.3292, 47.90592], [-83.32912, 47.90599], [-83.32899, 47.90615], [-83.32887, 47.90625], [-83.32883, 47.90632], [-83.32877, 47.90639], [-83.32876, 47.90641], [-83.3288, 47.9065], [-83.32877, 47.90656], [-83.32877, 47.9066], [-83.32875, 47.90671], [-83.32868, 47.90681], [-83.32866, 47.90686], [-83.32863, 47.9069], [-83.32863, 47.90698], [-83.32857, 47.90704], [-83.32854, 47.90712], [-83.32856, 47.90725], [-83.32855, 47.90733], [-83.32856, 47.90744], [-83.32859, 47.90748], [-83.32876, 47.90756], [-83.32899, 47.90766], [-83.32901, 47.90768], [-83.32903, 47.90775], [-83.32907, 47.90779], [-83.32924, 47.90785], [-83.32932, 47.90786], [-83.32938, 47.90787], [-83.32944, 47.90787], [-83.32946, 47.90787], [-83.32959, 47.90791], [-83.32968, 47.90797], [-83.32975, 47.90796], [-83.32985, 47.90795], [-83.32996, 47.90791], [-83.33009, 47.90791], [-83.33019, 47.90782], [-83.33021, 47.90782], [-83.33025, 47.90783], [-83.33031, 47.90783], [-83.33064, 47.90778], [-83.33066, 47.90779], [-83.33074, 47.90783], [-83.33084, 47.90785], [-83.3311, 47.90783], [-83.33119, 47.90784], [-83.33125, 47.90785], [-83.3313, 47.90787], [-83.33139, 47.90796], [-83.33151, 47.90801], [-83.33154, 47.90809], [-83.33162, 47.90814], [-83.33162, 47.90815], [-83.33157, 47.90822], [-83.33156, 47.90825], [-83.33162, 47.90837], [-83.33161, 47.90847], [-83.33163, 47.90855], [-83.33163, 47.90862], [-83.33161, 47.90869], [-83.33149, 47.90888], [-83.33144, 47.90892], [-83.33123, 47.909], [-83.33108, 47.90907], [-83.33085, 47.90915], [-83.33071, 47.90919], [-83.33049, 47.90926], [-83.33033, 47.9093], [-83.32998, 47.90935], [-83.32959, 47.90936], [-83.32938, 47.90938], [-83.32907, 47.90942], [-83.32882, 47.90943], [-83.32857, 47.90941], [-83.32848, 47.9094], [-83.32825, 47.90933], [-83.32815, 47.90928], [-83.32808, 47.90922], [-83.32806, 47.90913], [-83.32806, 47.90909], [-83.3281, 47.90898], [-83.32809, 47.90892], [-83.32806, 47.90888], [-83.32801, 47.90884], [-83.32797, 47.90883], [-83.32793, 47.90883], [-83.32781, 47.90886], [-83.32774, 47.90889], [-83.32771, 47.90892], [-83.3277, 47.90896], [-83.3277, 47.90909], [-83.32769, 47.90912], [-83.32766, 47.90914], [-83.32761, 47.90916], [-83.32752, 47.90917], [-83.32719, 47.9092], [-83.32694, 47.90927], [-83.3269, 47.9093], [-83.32683, 47.90939], [-83.32688, 47.90949], [-83.32687, 47.90952], [-83.32685, 47.90956], [-83.3268, 47.90959], [-83.3267, 47.90963], [-83.3265, 47.90967], [-83.32642, 47.9097], [-83.32632, 47.90972], [-83.32616, 47.90978], [-83.32611, 47.90978], [-83.32603, 47.90978], [-83.32592, 47.90987], [-83.32582, 47.90991], [-83.3258, 47.90995], [-83.32578, 47.90997], [-83.32574, 47.90998], [-83.32565, 47.90998], [-83.32554, 47.91002], [-83.3255, 47.91007], [-83.32549, 47.91014], [-83.32546, 47.91021], [-83.32547, 47.91024], [-83.32551, 47.91027], [-83.32558, 47.9103], [-83.32556, 47.91036], [-83.3256, 47.91043], [-83.32561, 47.91053], [-83.32565, 47.91058], [-83.32583, 47.91067], [-83.32588, 47.91068], [-83.32595, 47.91069], [-83.32605, 47.91066], [-83.3261, 47.91067], [-83.32626, 47.91075], [-83.32634, 47.91081], [-83.32642, 47.91084], [-83.32646, 47.91086], [-83.32649, 47.91091], [-83.32652, 47.91097], [-83.32658, 47.91101], [-83.3266, 47.91103], [-83.32662, 47.91108], [-83.32662, 47.91114], [-83.32672, 47.9112], [-83.32673, 47.91125], [-83.32679, 47.91132], [-83.32689, 47.91147], [-83.32688, 47.91154], [-83.32677, 47.91168], [-83.32675, 47.91174], [-83.32673, 47.91187], [-83.32671, 47.91191], [-83.32665, 47.91197], [-83.32665, 47.912], [-83.32665, 47.912], [-83.32665, 47.912], [-83.32664, 47.91201], [-83.3266, 47.91199], [-83.32658, 47.912], [-83.32654, 47.91207], [-83.32653, 47.91213], [-83.32651, 47.91214], [-83.32643, 47.91216], [-83.32641, 47.91217], [-83.32641, 47.91219], [-83.32647, 47.91222], [-83.32648, 47.91222], [-83.32647, 47.91225], [-83.32645, 47.91226], [-83.32644, 47.91226], [-83.32636, 47.91227], [-83.32633, 47.91229], [-83.32634, 47.91236], [-83.32628, 47.91241], [-83.32625, 47.91246], [-83.32626, 47.91256], [-83.32626, 47.91264], [-83.32628, 47.91266], [-83.32633, 47.91267], [-83.32637, 47.91269], [-83.32642, 47.91274], [-83.32649, 47.91288], [-83.32649, 47.91294], [-83.3265, 47.91296], [-83.32653, 47.91298], [-83.32663, 47.913], [-83.32666, 47.91302], [-83.32667, 47.91306], [-83.32662, 47.91318], [-83.32663, 47.91323], [-83.32662, 47.9133], [-83.32665, 47.91334], [-83.32674, 47.91342], [-83.32681, 47.91344], [-83.32687, 47.91346], [-83.32703, 47.91348], [-83.32718, 47.91348], [-83.32725, 47.91349], [-83.32735, 47.9135], [-83.3274, 47.91351], [-83.32756, 47.91356], [-83.32768, 47.91361], [-83.32781, 47.91363], [-83.32791, 47.91367], [-83.32802, 47.9137], [-83.3281, 47.91377], [-83.32819, 47.91383], [-83.32821, 47.91386], [-83.32821, 47.91391], [-83.32812, 47.91406], [-83.32815, 47.91411], [-83.32817, 47.91418], [-83.32823, 47.91429], [-83.32824, 47.91435], [-83.32826, 47.91437], [-83.32829, 47.91439], [-83.32837, 47.91439], [-83.32841, 47.91441], [-83.32863, 47.91469], [-83.32873, 47.91493], [-83.32874, 47.91506], [-83.32876, 47.91509], [-83.32883, 47.91514], [-83.32884, 47.91516], [-83.32895, 47.91525], [-83.32918, 47.91539], [-83.32925, 47.91545], [-83.3293, 47.91552], [-83.32932, 47.91556], [-83.32931, 47.91561], [-83.32925, 47.9157], [-83.32919, 47.91575], [-83.32907, 47.91582], [-83.3288, 47.91592], [-83.32856, 47.91601], [-83.32838, 47.91605], [-83.32829, 47.91606], [-83.32813, 47.91604], [-83.32784, 47.91599], [-83.32777, 47.91599], [-83.32771, 47.916], [-83.32764, 47.91603], [-83.32756, 47.91607], [-83.32738, 47.91628], [-83.32738, 47.91633], [-83.32743, 47.91636], [-83.32773, 47.9165], [-83.32801, 47.91659], [-83.32821, 47.91669], [-83.32844, 47.91685], [-83.32848, 47.9169], [-83.32851, 47.91696], [-83.32851, 47.91703], [-83.32845, 47.91715], [-83.32842, 47.91731], [-83.32839, 47.91742], [-83.32839, 47.9175], [-83.32844, 47.91762], [-83.32853, 47.91776], [-83.32861, 47.91794], [-83.3287, 47.91806], [-83.32872, 47.91817], [-83.32876, 47.91819], [-83.32886, 47.91819], [-83.32908, 47.91822], [-83.32934, 47.91829], [-83.32936, 47.91829], [-83.32937, 47.91828], [-83.32933, 47.91816], [-83.32941, 47.91804], [-83.32952, 47.91794], [-83.32956, 47.9179], [-83.32961, 47.91785], [-83.32982, 47.91762], [-83.3299, 47.91748], [-83.32992, 47.91738], [-83.32991, 47.9173], [-83.32992, 47.9172], [-83.32993, 47.91716], [-83.32995, 47.91713], [-83.32999, 47.9171], [-83.33004, 47.91707], [-83.33043, 47.91694], [-83.33048, 47.9169], [-83.33059, 47.91678], [-83.33069, 47.91674], [-83.33073, 47.91674], [-83.33079, 47.91674], [-83.33089, 47.91676], [-83.33096, 47.91682], [-83.33116, 47.91695], [-83.33123, 47.917], [-83.33129, 47.91707], [-83.33139, 47.91711], [-83.33148, 47.91712], [-83.33153, 47.91714], [-83.33163, 47.9172], [-83.33194, 47.91742], [-83.33213, 47.9175], [-83.33228, 47.91756], [-83.33237, 47.91757], [-83.33248, 47.9176], [-83.33262, 47.91756], [-83.33275, 47.91746], [-83.33285, 47.91735], [-83.33291, 47.91731], [-83.33295, 47.91727], [-83.33297, 47.91728], [-83.33298, 47.91732], [-83.333, 47.91742], [-83.33299, 47.91747], [-83.33294, 47.91754], [-83.33295, 47.91755], [-83.33296, 47.91755], [-83.33303, 47.91752], [-83.33315, 47.91741], [-83.33316, 47.91739], [-83.33315, 47.91734], [-83.33317, 47.91731], [-83.33325, 47.91725], [-83.33333, 47.91722], [-83.33343, 47.91721], [-83.33359, 47.91723], [-83.33393, 47.91726], [-83.33395, 47.91728], [-83.33393, 47.91731], [-83.33384, 47.91741], [-83.33381, 47.91747], [-83.33382, 47.91749], [-83.33391, 47.91753], [-83.33392, 47.91755], [-83.33392, 47.91757], [-83.33388, 47.91759], [-83.33375, 47.91761], [-83.33367, 47.91763], [-83.33361, 47.9177], [-83.33354, 47.9178], [-83.33348, 47.91784], [-83.33337, 47.91789], [-83.33328, 47.91794], [-83.33325, 47.91795], [-83.33317, 47.91794], [-83.33313, 47.91795], [-83.33308, 47.918], [-83.33305, 47.91801], [-83.33291, 47.91806], [-83.33265, 47.91818], [-83.33252, 47.91822], [-83.33231, 47.91826], [-83.33225, 47.9183], [-83.33217, 47.91833], [-83.33198, 47.91846], [-83.3319, 47.91857], [-83.33179, 47.91862], [-83.33165, 47.91871], [-83.33155, 47.91879], [-83.33144, 47.91886], [-83.33142, 47.91888], [-83.3314, 47.91894], [-83.33136, 47.91897], [-83.33116, 47.91901], [-83.33103, 47.91902], [-83.33096, 47.91905], [-83.33084, 47.91905], [-83.33075, 47.91909], [-83.33069, 47.91913], [-83.33066, 47.91917], [-83.33062, 47.91927], [-83.3306, 47.9194], [-83.33061, 47.91945], [-83.33066, 47.9195], [-83.33068, 47.91951], [-83.33074, 47.91952], [-83.33076, 47.91956], [-83.33078, 47.91956], [-83.33079, 47.91956], [-83.3308, 47.91955], [-83.33081, 47.91958], [-83.33079, 47.91962], [-83.33076, 47.91963], [-83.33076, 47.91963], [-83.33073, 47.91962], [-83.33071, 47.91965], [-83.33067, 47.91965], [-83.33061, 47.91965], [-83.3306, 47.9196], [-83.33058, 47.91959], [-83.33055, 47.9196], [-83.33048, 47.91962], [-83.33046, 47.91968], [-83.33044, 47.91969], [-83.33041, 47.9197], [-83.33034, 47.91969], [-83.33026, 47.91971], [-83.33009, 47.91978], [-83.3299, 47.91993], [-83.32991, 47.91996], [-83.32995, 47.92], [-83.32995, 47.92], [-83.32995, 47.92], [-83.3299, 47.92002], [-83.32989, 47.92003], [-83.32989, 47.92005], [-83.32992, 47.92007], [-83.32992, 47.92008], [-83.32989, 47.9201], [-83.32977, 47.92013], [-83.32975, 47.92015], [-83.32969, 47.92024], [-83.32967, 47.92031], [-83.32964, 47.92033], [-83.32946, 47.92038], [-83.32938, 47.92044], [-83.32927, 47.92042], [-83.32917, 47.92044], [-83.32893, 47.92054], [-83.32884, 47.92061], [-83.32873, 47.92063], [-83.32852, 47.92074], [-83.32843, 47.92079], [-83.32813, 47.92082], [-83.32777, 47.92083], [-83.32773, 47.92084], [-83.32764, 47.9209], [-83.32756, 47.92093], [-83.32752, 47.92092], [-83.32742, 47.92089], [-83.32734, 47.92091], [-83.32726, 47.9209], [-83.32717, 47.92091], [-83.32707, 47.92094], [-83.32702, 47.92094], [-83.32696, 47.92094], [-83.32686, 47.92091], [-83.32672, 47.92095], [-83.32669, 47.92097], [-83.3266, 47.92106], [-83.32652, 47.92118], [-83.32652, 47.92123], [-83.32655, 47.92129], [-83.32655, 47.92133], [-83.32649, 47.92154], [-83.32648, 47.92157], [-83.32646, 47.92158], [-83.3264, 47.92159], [-83.32627, 47.9216], [-83.32599, 47.92158], [-83.32579, 47.92165], [-83.32556, 47.92169], [-83.32536, 47.92175], [-83.32529, 47.92176], [-83.32515, 47.92176], [-83.32504, 47.92178], [-83.32485, 47.9218], [-83.32472, 47.92182], [-83.32454, 47.92183], [-83.32448, 47.92184], [-83.32446, 47.92186], [-83.32445, 47.92188], [-83.32446, 47.9219], [-83.32449, 47.92195], [-83.32446, 47.922], [-83.32447, 47.92206], [-83.32445, 47.9221], [-83.32439, 47.92214], [-83.32421, 47.92224], [-83.32407, 47.92235], [-83.32391, 47.92239], [-83.32382, 47.92244], [-83.32371, 47.92252], [-83.32368, 47.92256], [-83.32364, 47.92264], [-83.3236, 47.92268], [-83.32352, 47.92274], [-83.32336, 47.92285], [-83.3233, 47.92289], [-83.32327, 47.92294], [-83.32325, 47.92305], [-83.32321, 47.9231], [-83.32293, 47.92333], [-83.32279, 47.92339], [-83.32251, 47.92343], [-83.32239, 47.9235], [-83.32225, 47.92354], [-83.32211, 47.9236], [-83.32205, 47.9236], [-83.32187, 47.92359], [-83.32179, 47.92359], [-83.32166, 47.92362], [-83.32148, 47.92363], [-83.32133, 47.92367], [-83.3212, 47.92366], [-83.32107, 47.92369], [-83.32095, 47.92374], [-83.3209, 47.92378], [-83.32088, 47.92382], [-83.32088, 47.92389], [-83.32085, 47.92393], [-83.3208, 47.92396], [-83.3207, 47.924], [-83.32059, 47.92406], [-83.32053, 47.92408], [-83.32043, 47.92409], [-83.32032, 47.92412], [-83.32027, 47.92411], [-83.32019, 47.92407], [-83.32016, 47.92407], [-83.32014, 47.92408], [-83.32008, 47.92414], [-83.32007, 47.92417], [-83.32007, 47.92432], [-83.32013, 47.92443], [-83.32015, 47.92444], [-83.3202, 47.92445], [-83.32021, 47.92445], [-83.32022, 47.92446], [-83.3202, 47.92447], [-83.3202, 47.92448], [-83.32007, 47.92456], [-83.32003, 47.92457], [-83.31993, 47.92456], [-83.3196, 47.92464], [-83.31945, 47.92464], [-83.31937, 47.92465], [-83.31922, 47.9247], [-83.31907, 47.92473], [-83.31898, 47.92474], [-83.31894, 47.92476], [-83.3189, 47.92479], [-83.31887, 47.92483], [-83.31888, 47.92493], [-83.31891, 47.92496], [-83.31902, 47.92502], [-83.31904, 47.92505], [-83.31904, 47.92507], [-83.31902, 47.92509], [-83.31896, 47.92512], [-83.31893, 47.92515], [-83.31891, 47.92521], [-83.31891, 47.92527], [-83.31883, 47.92536], [-83.31881, 47.92541], [-83.31873, 47.92547], [-83.31865, 47.92555], [-83.3185, 47.92567], [-83.31843, 47.9258], [-83.31844, 47.92582], [-83.31849, 47.92585], [-83.3185, 47.92587], [-83.31841, 47.92592], [-83.31837, 47.92596], [-83.31838, 47.92605], [-83.31834, 47.92615], [-83.31829, 47.9262], [-83.31822, 47.92623], [-83.31811, 47.92631], [-83.31789, 47.92644], [-83.31782, 47.9265], [-83.31771, 47.92657], [-83.31762, 47.92664], [-83.3175, 47.9267], [-83.31738, 47.9268], [-83.31733, 47.92681], [-83.31724, 47.92679], [-83.3172, 47.92679], [-83.31715, 47.92682], [-83.3171, 47.92686], [-83.31708, 47.92691], [-83.31704, 47.92697], [-83.31703, 47.927], [-83.31707, 47.92706], [-83.31714, 47.92715], [-83.31715, 47.92723], [-83.31713, 47.92731], [-83.3171, 47.92739], [-83.31704, 47.92745], [-83.31708, 47.92754], [-83.31705, 47.92768], [-83.31701, 47.92773], [-83.31701, 47.92778], [-83.31699, 47.92788], [-83.31698, 47.92796], [-83.31692, 47.92806], [-83.3169, 47.92814], [-83.31688, 47.92817], [-83.31682, 47.92821], [-83.31675, 47.92824], [-83.31665, 47.92835], [-83.3166, 47.92851], [-83.31657, 47.92871], [-83.31657, 47.92883], [-83.31661, 47.92892], [-83.31663, 47.92895], [-83.31666, 47.92896], [-83.31668, 47.92896], [-83.31672, 47.92895], [-83.31681, 47.9289], [-83.31692, 47.92879], [-83.31696, 47.92872], [-83.31702, 47.92869], [-83.31748, 47.92865], [-83.31768, 47.92865], [-83.31782, 47.92867], [-83.31794, 47.92867], [-83.31822, 47.92873], [-83.31835, 47.92879], [-83.31844, 47.92881], [-83.31873, 47.92894], [-83.3189, 47.92899], [-83.31914, 47.92915], [-83.31918, 47.9292], [-83.31922, 47.92927], [-83.31921, 47.92954], [-83.31922, 47.92958], [-83.3193, 47.92969], [-83.31946, 47.92978], [-83.31954, 47.92986], [-83.31961, 47.92995], [-83.31964, 47.93002], [-83.31963, 47.93011], [-83.31966, 47.93018], [-83.3197, 47.93048], [-83.31978, 47.9306], [-83.31984, 47.93066], [-83.31989, 47.93076], [-83.31996, 47.93084], [-83.31996, 47.93092], [-83.31995, 47.93098], [-83.31999, 47.93103], [-83.31998, 47.93105], [-83.31993, 47.93112], [-83.3199, 47.93125], [-83.31986, 47.9313], [-83.31983, 47.93133], [-83.3197, 47.93137], [-83.31961, 47.93144], [-83.31952, 47.93148], [-83.31948, 47.93155], [-83.3194, 47.93161], [-83.31937, 47.93168], [-83.3193, 47.93174], [-83.31927, 47.93179], [-83.31907, 47.9319], [-83.31898, 47.93208], [-83.31898, 47.93213], [-83.319, 47.9322], [-83.31923, 47.93242], [-83.31927, 47.93252], [-83.31926, 47.93255], [-83.31922, 47.93258], [-83.31921, 47.9326], [-83.31928, 47.93267], [-83.3193, 47.93271], [-83.3193, 47.93275], [-83.31927, 47.93282], [-83.31926, 47.93284], [-83.31923, 47.93286], [-83.31916, 47.93288], [-83.31914, 47.93289], [-83.31916, 47.93297], [-83.31915, 47.93308], [-83.31916, 47.93313], [-83.3192, 47.93319], [-83.31942, 47.93339], [-83.31942, 47.93345], [-83.3195, 47.93349], [-83.31958, 47.93356], [-83.31962, 47.93362], [-83.31969, 47.93367], [-83.31971, 47.93372], [-83.3197, 47.93376], [-83.31969, 47.93379], [-83.31966, 47.9338], [-83.31961, 47.93381], [-83.31959, 47.93382], [-83.31958, 47.93388], [-83.31957, 47.93391], [-83.31952, 47.93394], [-83.31944, 47.93396], [-83.31941, 47.93398], [-83.31932, 47.93411], [-83.31932, 47.93416], [-83.31933, 47.9342], [-83.31935, 47.93424], [-83.31938, 47.93426], [-83.31953, 47.93429], [-83.31958, 47.93429], [-83.31964, 47.93427], [-83.31974, 47.93422], [-83.3198, 47.93422], [-83.31985, 47.93423], [-83.31988, 47.93426], [-83.31987, 47.93431], [-83.31991, 47.93434], [-83.31992, 47.93436], [-83.3199, 47.93446], [-83.31984, 47.93454], [-83.31983, 47.93457], [-83.31985, 47.9346], [-83.3199, 47.93465], [-83.32006, 47.93468], [-83.32015, 47.93472], [-83.32027, 47.93475], [-83.32037, 47.93476], [-83.32085, 47.93481], [-83.32093, 47.93485], [-83.321, 47.93491], [-83.32108, 47.93497], [-83.32111, 47.93502], [-83.32115, 47.93522], [-83.3212, 47.93529], [-83.32126, 47.93534], [-83.32132, 47.9354], [-83.3214, 47.93547], [-83.32146, 47.93557], [-83.32146, 47.93561], [-83.32143, 47.93569], [-83.32142, 47.93578], [-83.32139, 47.93583], [-83.32139, 47.93586], [-83.32152, 47.9359], [-83.32164, 47.936], [-83.32168, 47.93608], [-83.32176, 47.93619], [-83.32188, 47.93632], [-83.32198, 47.93646], [-83.322, 47.93656], [-83.32198, 47.93665], [-83.32195, 47.93672], [-83.32194, 47.93686], [-83.32193, 47.93694], [-83.32193, 47.93697], [-83.32197, 47.937], [-83.32214, 47.93709], [-83.32224, 47.9372], [-83.32231, 47.93725], [-83.32236, 47.93727], [-83.32251, 47.9373], [-83.32262, 47.93736], [-83.32263, 47.93741], [-83.32258, 47.93751], [-83.32258, 47.93755], [-83.32272, 47.93769], [-83.32284, 47.93776], [-83.32286, 47.93779], [-83.32287, 47.93791], [-83.32283, 47.93797], [-83.32275, 47.93805], [-83.32275, 47.9381], [-83.3228, 47.93816], [-83.32282, 47.93819], [-83.32287, 47.93821], [-83.32297, 47.93823], [-83.32308, 47.93831], [-83.32318, 47.93842], [-83.32316, 47.93852], [-83.32311, 47.93858], [-83.32312, 47.93863], [-83.32312, 47.93865], [-83.32304, 47.93871], [-83.323, 47.93877], [-83.3229, 47.93886], [-83.32287, 47.93889], [-83.32286, 47.93892], [-83.32289, 47.93899], [-83.32296, 47.9391], [-83.323, 47.93912], [-83.32303, 47.93912], [-83.32308, 47.9391], [-83.32313, 47.93914], [-83.32316, 47.93921], [-83.32316, 47.93931], [-83.32319, 47.9394], [-83.32321, 47.93948], [-83.32331, 47.93961], [-83.32334, 47.93967], [-83.32335, 47.93974], [-83.32339, 47.93981], [-83.32347, 47.93987], [-83.3235, 47.93993], [-83.32355, 47.93998], [-83.32356, 47.94], [-83.32354, 47.94005], [-83.32361, 47.94018], [-83.3236, 47.94028], [-83.32365, 47.94037], [-83.32365, 47.94041], [-83.32362, 47.94055], [-83.32354, 47.94071], [-83.32354, 47.94077], [-83.3235, 47.94085], [-83.32346, 47.94099], [-83.32338, 47.94107], [-83.32335, 47.94114], [-83.32326, 47.94122], [-83.32319, 47.94127], [-83.32314, 47.94132], [-83.32301, 47.94134], [-83.32288, 47.94135], [-83.32279, 47.94139], [-83.32265, 47.94139], [-83.32258, 47.94141], [-83.32255, 47.94142], [-83.32249, 47.94147], [-83.32242, 47.9415], [-83.32223, 47.94156], [-83.32212, 47.94158], [-83.32187, 47.94171], [-83.32177, 47.94175], [-83.32168, 47.94184], [-83.32161, 47.94189], [-83.32147, 47.94203], [-83.32144, 47.94212], [-83.32147, 47.94219], [-83.32145, 47.94223], [-83.32138, 47.94229], [-83.32131, 47.94237], [-83.32124, 47.9424], [-83.32115, 47.94243], [-83.321, 47.94254], [-83.32092, 47.94268], [-83.32091, 47.94278], [-83.32095, 47.94289], [-83.32098, 47.943], [-83.32104, 47.94306], [-83.32113, 47.94321], [-83.32116, 47.94323], [-83.32123, 47.94327], [-83.32133, 47.94328], [-83.32137, 47.94329], [-83.32145, 47.94336], [-83.3215, 47.94345], [-83.32155, 47.94348], [-83.32166, 47.94351], [-83.3218, 47.94357], [-83.32193, 47.94359], [-83.32204, 47.94358], [-83.3221, 47.94358], [-83.32215, 47.9436], [-83.32222, 47.94364], [-83.32229, 47.94366], [-83.32231, 47.94367], [-83.32229, 47.94373], [-83.32221, 47.94381], [-83.3221, 47.94401], [-83.32198, 47.94419], [-83.32194, 47.94422], [-83.3218, 47.94427], [-83.32178, 47.94428], [-83.32177, 47.94434], [-83.32172, 47.94439], [-83.3217, 47.94442], [-83.32171, 47.94447], [-83.32175, 47.9445], [-83.32184, 47.94453], [-83.322, 47.94454], [-83.32216, 47.94458], [-83.32223, 47.94461], [-83.32225, 47.94461], [-83.32226, 47.9446], [-83.32225, 47.94455], [-83.32228, 47.94452], [-83.32228, 47.94448], [-83.32234, 47.94442], [-83.32236, 47.9444], [-83.32234, 47.9442], [-83.32242, 47.94397], [-83.32243, 47.9439], [-83.32244, 47.94388], [-83.32249, 47.94386], [-83.32257, 47.94387], [-83.32262, 47.94389], [-83.32274, 47.94395], [-83.3228, 47.94396], [-83.32298, 47.94388], [-83.32305, 47.94383], [-83.32311, 47.94381], [-83.32316, 47.94376], [-83.32324, 47.94373], [-83.32328, 47.94372], [-83.32336, 47.94374], [-83.32347, 47.94374], [-83.32352, 47.94376], [-83.32358, 47.94383], [-83.32355, 47.94396], [-83.3235, 47.94403], [-83.32346, 47.94414], [-83.32349, 47.94422], [-83.32348, 47.94427], [-83.32349, 47.94433], [-83.32348, 47.9444], [-83.32351, 47.94446], [-83.32358, 47.94454], [-83.32359, 47.94463], [-83.3236, 47.94466], [-83.32365, 47.94468], [-83.32375, 47.94469], [-83.32396, 47.94465], [-83.32403, 47.94465], [-83.32411, 47.94467], [-83.32423, 47.94471], [-83.32431, 47.94472], [-83.32444, 47.94477], [-83.32447, 47.94479], [-83.32452, 47.94485], [-83.32458, 47.94501], [-83.32461, 47.94505], [-83.32465, 47.94508], [-83.32475, 47.94511], [-83.32479, 47.94513], [-83.32485, 47.94519], [-83.32488, 47.94524], [-83.3249, 47.94533], [-83.32492, 47.94538], [-83.32493, 47.94545], [-83.32497, 47.94559], [-83.32499, 47.94574], [-83.32506, 47.94582], [-83.32505, 47.94589], [-83.32506, 47.94596], [-83.32506, 47.94601], [-83.32507, 47.94619], [-83.32502, 47.94626], [-83.32504, 47.94637], [-83.32499, 47.94656], [-83.32491, 47.94672], [-83.32487, 47.94676], [-83.32485, 47.94682], [-83.32485, 47.94684], [-83.32487, 47.94687], [-83.32487, 47.9469], [-83.32481, 47.94696], [-83.32476, 47.9471], [-83.32468, 47.94719], [-83.32466, 47.94726], [-83.3246, 47.94733], [-83.32456, 47.94744], [-83.32444, 47.94762], [-83.32438, 47.94779], [-83.32431, 47.94793], [-83.3243, 47.94802], [-83.32426, 47.94809], [-83.32423, 47.94817], [-83.32423, 47.94822], [-83.32425, 47.94829], [-83.32425, 47.94832], [-83.32423, 47.94846], [-83.32425, 47.94863], [-83.32423, 47.94869], [-83.32426, 47.94875], [-83.32427, 47.94884], [-83.32427, 47.94909], [-83.32433, 47.94925], [-83.32433, 47.9493], [-83.32435, 47.94935], [-83.32436, 47.94942], [-83.32435, 47.94947], [-83.3243, 47.94952], [-83.3243, 47.94956], [-83.32424, 47.94962], [-83.32423, 47.94966], [-83.32425, 47.94972], [-83.32421, 47.94978], [-83.32421, 47.94982], [-83.32422, 47.94985], [-83.32427, 47.9499], [-83.32437, 47.94994], [-83.32444, 47.94999], [-83.32445, 47.95], [-83.32444, 47.95001], [-83.32443, 47.95001], [-83.32439, 47.95002], [-83.32438, 47.95004], [-83.32444, 47.95011], [-83.32447, 47.95019], [-83.32446, 47.95026], [-83.32448, 47.95031], [-83.32451, 47.95034], [-83.32475, 47.95044], [-83.32501, 47.9505], [-83.3251, 47.95055], [-83.32527, 47.95061], [-83.32547, 47.9508], [-83.32553, 47.95087], [-83.32568, 47.95096], [-83.32575, 47.95104], [-83.32581, 47.95107], [-83.3259, 47.95108], [-83.32599, 47.95116], [-83.32601, 47.9512], [-83.32601, 47.95127], [-83.32606, 47.9513], [-83.32608, 47.95132], [-83.32607, 47.95134], [-83.32602, 47.95138], [-83.32599, 47.95144], [-83.32599, 47.95151], [-83.32602, 47.95159], [-83.32608, 47.95166], [-83.32625, 47.95175], [-83.32629, 47.95179], [-83.32633, 47.95185], [-83.32644, 47.95192], [-83.32658, 47.95204], [-83.32661, 47.95212], [-83.32668, 47.95219], [-83.32676, 47.9524], [-83.32676, 47.95253], [-83.3267, 47.95259], [-83.32669, 47.95262], [-83.32671, 47.95264], [-83.32674, 47.95265], [-83.32677, 47.95265], [-83.3268, 47.95264], [-83.32682, 47.95264], [-83.32684, 47.95264], [-83.32684, 47.95265], [-83.32683, 47.95267], [-83.32677, 47.9528], [-83.32674, 47.95291], [-83.32675, 47.95293], [-83.32678, 47.95297], [-83.32679, 47.953], [-83.32679, 47.95305], [-83.32678, 47.95309], [-83.32672, 47.95316], [-83.32658, 47.95322], [-83.32653, 47.9533], [-83.3265, 47.95334], [-83.32646, 47.95335], [-83.3264, 47.95336], [-83.32637, 47.95335], [-83.32631, 47.95333], [-83.32628, 47.95333], [-83.32622, 47.95336], [-83.32615, 47.95341], [-83.32603, 47.95345], [-83.32599, 47.95348], [-83.32596, 47.95353], [-83.32592, 47.95354], [-83.32587, 47.95354], [-83.3258, 47.95352], [-83.3257, 47.95354], [-83.32564, 47.95354], [-83.3256, 47.95352], [-83.32552, 47.95346], [-83.32547, 47.95344], [-83.32539, 47.95343], [-83.32535, 47.95343], [-83.32532, 47.95344], [-83.32528, 47.95347], [-83.32521, 47.95368], [-83.32521, 47.95371], [-83.32526, 47.95375], [-83.32527, 47.95378], [-83.32526, 47.95386], [-83.32527, 47.95391], [-83.32527, 47.95397], [-83.32529, 47.95404], [-83.32527, 47.95418], [-83.32519, 47.95437], [-83.32519, 47.95469], [-83.32513, 47.95482], [-83.32499, 47.95502], [-83.32493, 47.95508], [-83.32483, 47.95523], [-83.32475, 47.95529], [-83.32468, 47.95534], [-83.32459, 47.95542], [-83.32447, 47.95556], [-83.32446, 47.9556], [-83.32448, 47.95563], [-83.32459, 47.95569], [-83.32463, 47.95573], [-83.32466, 47.95573], [-83.3247, 47.95572], [-83.32477, 47.95567], [-83.32485, 47.95564], [-83.3249, 47.95558], [-83.32498, 47.95553], [-83.325, 47.95551], [-83.32504, 47.95543], [-83.32505, 47.95537], [-83.32507, 47.95535], [-83.32528, 47.95529], [-83.3254, 47.95521], [-83.32554, 47.95518], [-83.32556, 47.95518], [-83.32557, 47.95519], [-83.32557, 47.9552], [-83.32556, 47.95524], [-83.32557, 47.95526], [-83.3256, 47.95528], [-83.32569, 47.9553], [-83.32574, 47.95533], [-83.32577, 47.95537], [-83.3258, 47.95544], [-83.32584, 47.95548], [-83.32592, 47.95551], [-83.326, 47.95551], [-83.32604, 47.95551], [-83.32607, 47.95552], [-83.32602, 47.95555], [-83.32596, 47.95561], [-83.32588, 47.95565], [-83.32586, 47.95566], [-83.32583, 47.95567], [-83.32582, 47.95566], [-83.32582, 47.95563], [-83.32582, 47.95559], [-83.3258, 47.95557], [-83.32574, 47.95557], [-83.32566, 47.95563], [-83.32564, 47.95565], [-83.32564, 47.95569], [-83.32569, 47.95583], [-83.32567, 47.95586], [-83.32563, 47.95591], [-83.32561, 47.95594], [-83.32562, 47.95604], [-83.32559, 47.95606], [-83.32559, 47.95606], [-83.32556, 47.95608], [-83.32554, 47.95608], [-83.32553, 47.95607], [-83.3255, 47.95604], [-83.32548, 47.95604], [-83.32546, 47.95606], [-83.32546, 47.95613], [-83.32548, 47.95616], [-83.32553, 47.9562], [-83.32553, 47.95629], [-83.32554, 47.95633], [-83.32558, 47.95634], [-83.32568, 47.95633], [-83.32574, 47.95634], [-83.32579, 47.95636], [-83.32581, 47.95638], [-83.32582, 47.95643], [-83.32581, 47.95649], [-83.32577, 47.95659], [-83.32573, 47.95664], [-83.32569, 47.95664], [-83.3256, 47.9566], [-83.32556, 47.95661], [-83.32549, 47.95665], [-83.32544, 47.95665], [-83.32532, 47.95661], [-83.32518, 47.95658], [-83.32514, 47.95655], [-83.32513, 47.95652], [-83.32512, 47.9564], [-83.32511, 47.95637], [-83.32501, 47.95632], [-83.32499, 47.95628], [-83.32493, 47.95623], [-83.32492, 47.95619], [-83.32482, 47.95611], [-83.32478, 47.95604], [-83.32475, 47.95601], [-83.32469, 47.95597], [-83.32465, 47.95595], [-83.32455, 47.95596], [-83.32447, 47.95595], [-83.32442, 47.95597], [-83.3244, 47.95602], [-83.3244, 47.95609], [-83.32439, 47.95615], [-83.32441, 47.95633], [-83.32439, 47.95642], [-83.32443, 47.9566], [-83.32441, 47.95665], [-83.32435, 47.95674], [-83.32432, 47.95676], [-83.32425, 47.95679], [-83.32423, 47.95681], [-83.32422, 47.95687], [-83.32418, 47.95693], [-83.32418, 47.95696], [-83.3242, 47.95704], [-83.32423, 47.95708], [-83.32433, 47.95714], [-83.32436, 47.95715], [-83.32441, 47.95714], [-83.32447, 47.95711], [-83.3245, 47.95708], [-83.32452, 47.95704], [-83.32453, 47.95695], [-83.32454, 47.95688], [-83.32454, 47.95681], [-83.32459, 47.95678], [-83.32466, 47.95677], [-83.32477, 47.95679], [-83.32491, 47.95684], [-83.32501, 47.95686], [-83.32527, 47.95694], [-83.32542, 47.95699], [-83.32547, 47.95702], [-83.32551, 47.95707], [-83.32554, 47.95709], [-83.32557, 47.95709], [-83.32563, 47.95708], [-83.32568, 47.95708], [-83.32574, 47.95712], [-83.32578, 47.95716], [-83.32577, 47.95722], [-83.32579, 47.95733], [-83.32573, 47.95749], [-83.32575, 47.95753], [-83.3258, 47.95757], [-83.3258, 47.95758], [-83.32576, 47.95761], [-83.32576, 47.95764], [-83.32577, 47.95771], [-83.32582, 47.95777], [-83.32577, 47.95781], [-83.32573, 47.95798], [-83.32565, 47.95808], [-83.32562, 47.95815], [-83.32559, 47.95832], [-83.32557, 47.95838], [-83.32548, 47.95847], [-83.32548, 47.95854], [-83.32546, 47.9586], [-83.32548, 47.95869], [-83.32546, 47.95877], [-83.32532, 47.95897], [-83.32528, 47.95906], [-83.32529, 47.9591], [-83.32535, 47.95915], [-83.32539, 47.95916], [-83.32546, 47.95915], [-83.32554, 47.95921], [-83.32562, 47.95936], [-83.32566, 47.95938], [-83.32573, 47.9594], [-83.32575, 47.95946], [-83.3258, 47.9595], [-83.32585, 47.95958], [-83.32586, 47.95961], [-83.32585, 47.95972], [-83.3258, 47.95981], [-83.3258, 47.95986], [-83.3258, 47.95987], [-83.32579, 47.95988], [-83.32578, 47.95988], [-83.32576, 47.95988], [-83.32573, 47.95986], [-83.32567, 47.95986], [-83.32563, 47.95989], [-83.32557, 47.95993], [-83.32554, 47.95995], [-83.32549, 47.95996], [-83.32539, 47.95996], [-83.32533, 47.95997], [-83.32519, 47.96005], [-83.32516, 47.96008], [-83.32516, 47.96018], [-83.32514, 47.96025], [-83.32512, 47.96028], [-83.32506, 47.96034], [-83.32503, 47.96044], [-83.325, 47.96049], [-83.32497, 47.9605], [-83.32493, 47.96051], [-83.32469, 47.96048], [-83.32462, 47.96044], [-83.32457, 47.96037], [-83.32452, 47.96035], [-83.32436, 47.96033], [-83.32431, 47.96034], [-83.32426, 47.96036], [-83.32421, 47.9604], [-83.32415, 47.96041], [-83.32411, 47.96041], [-83.32406, 47.96036], [-83.32402, 47.96034], [-83.3239, 47.96035], [-83.32383, 47.96034], [-83.32379, 47.96031], [-83.32377, 47.96026], [-83.32378, 47.96018], [-83.32388, 47.96008], [-83.32389, 47.96005], [-83.32392, 47.95996], [-83.32393, 47.95993], [-83.32394, 47.95992], [-83.32398, 47.9599], [-83.32401, 47.95991], [-83.32402, 47.95993], [-83.32402, 47.95996], [-83.32405, 47.95998], [-83.32411, 47.95996], [-83.32416, 47.95993], [-83.32417, 47.9599], [-83.32417, 47.95988], [-83.32413, 47.95978], [-83.32408, 47.95973], [-83.32403, 47.9597], [-83.32393, 47.95967], [-83.32379, 47.9596], [-83.32363, 47.95956], [-83.32328, 47.95942], [-83.32304, 47.95933], [-83.32287, 47.9593], [-83.32282, 47.95927], [-83.32275, 47.95921], [-83.32272, 47.95918], [-83.3227, 47.95913], [-83.32258, 47.95904], [-83.32251, 47.95896], [-83.32251, 47.9589], [-83.32253, 47.95888], [-83.32257, 47.95884], [-83.32258, 47.95882], [-83.32257, 47.9588], [-83.32247, 47.95872], [-83.3224, 47.95862], [-83.32236, 47.95857], [-83.32228, 47.9585], [-83.32215, 47.95843], [-83.3221, 47.95838], [-83.32194, 47.9581], [-83.32176, 47.95793], [-83.32175, 47.9579], [-83.32176, 47.95783], [-83.32175, 47.95779], [-83.32172, 47.95776], [-83.32163, 47.95768], [-83.32159, 47.95756], [-83.3215, 47.95738], [-83.32163, 47.95732], [-83.32174, 47.95722], [-83.32186, 47.95717], [-83.32188, 47.95715], [-83.3219, 47.9571], [-83.32205, 47.95701], [-83.32213, 47.95692], [-83.3222, 47.95676], [-83.32232, 47.95668], [-83.32243, 47.95665], [-83.32248, 47.9566], [-83.32261, 47.95647], [-83.32265, 47.9564], [-83.32273, 47.95634], [-83.3228, 47.95624], [-83.3229, 47.95615], [-83.32301, 47.95605], [-83.32311, 47.95599], [-83.3232, 47.95588], [-83.3232, 47.9558], [-83.32322, 47.95573], [-83.3232, 47.95565], [-83.3231, 47.95559], [-83.32301, 47.95549], [-83.32292, 47.95541], [-83.32285, 47.95525], [-83.3228, 47.95519], [-83.32277, 47.95517], [-83.32259, 47.95507], [-83.32255, 47.95506], [-83.32246, 47.95505], [-83.32235, 47.95506], [-83.32224, 47.95505], [-83.32217, 47.95506], [-83.32204, 47.95512], [-83.32189, 47.95517], [-83.32184, 47.95518], [-83.3217, 47.95517], [-83.32165, 47.95516], [-83.32144, 47.95507], [-83.32139, 47.95504], [-83.32138, 47.95499], [-83.32133, 47.95497], [-83.32131, 47.95494], [-83.32131, 47.95488], [-83.32139, 47.95468], [-83.3214, 47.95466], [-83.32147, 47.95462], [-83.32149, 47.95459], [-83.32152, 47.95452], [-83.32157, 47.95442], [-83.32159, 47.95436], [-83.32162, 47.95431], [-83.32161, 47.95425], [-83.32162, 47.95418], [-83.32157, 47.95411], [-83.32155, 47.95405], [-83.32158, 47.95391], [-83.32159, 47.95383], [-83.32175, 47.95368], [-83.32181, 47.95365], [-83.32185, 47.95364], [-83.32197, 47.95365], [-83.32211, 47.95363], [-83.32213, 47.95363], [-83.32215, 47.95361], [-83.3222, 47.95352], [-83.32219, 47.95349], [-83.32206, 47.95333], [-83.3219, 47.95322], [-83.3217, 47.95315], [-83.3216, 47.95307], [-83.32159, 47.95304], [-83.3216, 47.95301], [-83.32173, 47.95286], [-83.32181, 47.95273], [-83.3219, 47.95263], [-83.32202, 47.95239], [-83.32203, 47.95229], [-83.32204, 47.95222], [-83.32203, 47.95219], [-83.32195, 47.95211], [-83.32191, 47.95203], [-83.32191, 47.95197], [-83.32189, 47.95189], [-83.32191, 47.9518], [-83.32198, 47.95166], [-83.32212, 47.95159], [-83.32229, 47.95151], [-83.3224, 47.95142], [-83.32245, 47.95136], [-83.32252, 47.95133], [-83.32253, 47.95129], [-83.32251, 47.95125], [-83.32243, 47.95122], [-83.32238, 47.95118], [-83.32228, 47.95108], [-83.32224, 47.95106], [-83.32216, 47.95104], [-83.32201, 47.95098], [-83.32187, 47.9509], [-83.32182, 47.95084], [-83.32177, 47.95079], [-83.32164, 47.95074], [-83.32151, 47.95067], [-83.32147, 47.95064], [-83.32142, 47.95057], [-83.32138, 47.95055], [-83.32126, 47.95052], [-83.32124, 47.9505], [-83.32124, 47.95048], [-83.32129, 47.9504], [-83.32139, 47.95034], [-83.32151, 47.95025], [-83.32171, 47.95014], [-83.32178, 47.95005], [-83.32191, 47.94994], [-83.32202, 47.94976], [-83.32209, 47.9497], [-83.32209, 47.94968], [-83.32205, 47.94963], [-83.32204, 47.94952], [-83.32206, 47.9495], [-83.32218, 47.94943], [-83.32222, 47.9494], [-83.32223, 47.94936], [-83.3222, 47.94933], [-83.32217, 47.94931], [-83.32211, 47.9493], [-83.322, 47.9493], [-83.32182, 47.94935], [-83.32169, 47.94941], [-83.32143, 47.9495], [-83.32094, 47.9496], [-83.32083, 47.9496], [-83.32072, 47.94962], [-83.32046, 47.94964], [-83.32031, 47.9496], [-83.3202, 47.94959], [-83.32011, 47.94956], [-83.32005, 47.94956], [-83.32001, 47.94957], [-83.31998, 47.94965], [-83.31994, 47.94967], [-83.31969, 47.9497], [-83.31953, 47.94967], [-83.31947, 47.94968], [-83.3194, 47.94969], [-83.31936, 47.94968], [-83.31935, 47.94968], [-83.31936, 47.94966], [-83.31943, 47.94963], [-83.31945, 47.94962], [-83.31946, 47.94961], [-83.31943, 47.94959], [-83.3194, 47.94958], [-83.31936, 47.94959], [-83.31933, 47.9496], [-83.31929, 47.94964], [-83.31926, 47.94969], [-83.31926, 47.94972], [-83.31929, 47.94974], [-83.31934, 47.94975], [-83.31946, 47.94974], [-83.31956, 47.94976], [-83.31971, 47.94974], [-83.31975, 47.94975], [-83.31977, 47.94977], [-83.31978, 47.94984], [-83.31969, 47.95002], [-83.31975, 47.9501], [-83.31981, 47.95017], [-83.3198, 47.95027], [-83.31986, 47.95035], [-83.31983, 47.95049], [-83.31978, 47.95058], [-83.31967, 47.95071], [-83.31961, 47.95076], [-83.31958, 47.95083], [-83.31951, 47.9509], [-83.31951, 47.95099], [-83.31945, 47.95106], [-83.31945, 47.9511], [-83.31942, 47.95116], [-83.31942, 47.95122], [-83.3194, 47.95126], [-83.31934, 47.95129], [-83.31928, 47.95136], [-83.31926, 47.95143], [-83.31924, 47.95152], [-83.31919, 47.95162], [-83.31918, 47.95176], [-83.31916, 47.95181], [-83.31902, 47.95203], [-83.31884, 47.95219], [-83.31871, 47.95227], [-83.31856, 47.95231], [-83.31837, 47.95244], [-83.31834, 47.95248], [-83.31829, 47.95256], [-83.3183, 47.95267], [-83.31828, 47.9527], [-83.31822, 47.95271], [-83.3182, 47.95273], [-83.31816, 47.95284], [-83.31815, 47.95298], [-83.31806, 47.95309], [-83.31804, 47.95322], [-83.318, 47.95328], [-83.31801, 47.9533], [-83.31805, 47.95333], [-83.31807, 47.95336], [-83.31808, 47.95341], [-83.31806, 47.95347], [-83.31807, 47.9535], [-83.31809, 47.95351], [-83.31817, 47.95352], [-83.3182, 47.95355], [-83.31826, 47.95363], [-83.31839, 47.95387], [-83.3184, 47.95393], [-83.31835, 47.95404], [-83.31838, 47.9541], [-83.31841, 47.95413], [-83.31853, 47.95423], [-83.31863, 47.95435], [-83.31868, 47.95438], [-83.31873, 47.95439], [-83.31881, 47.95448], [-83.31889, 47.95452], [-83.319, 47.95462], [-83.31909, 47.95467], [-83.31923, 47.95482], [-83.31937, 47.9549], [-83.31943, 47.95495], [-83.31946, 47.95499], [-83.31963, 47.95523], [-83.31976, 47.95536], [-83.31982, 47.95547], [-83.31993, 47.95556], [-83.32002, 47.95561], [-83.32007, 47.9557], [-83.32011, 47.95574], [-83.32012, 47.95577], [-83.32005, 47.95585], [-83.32005, 47.95589], [-83.32008, 47.95591], [-83.32016, 47.95594], [-83.32021, 47.95598], [-83.32026, 47.95608], [-83.3203, 47.95621], [-83.32038, 47.9564], [-83.3204, 47.95643], [-83.32049, 47.95647], [-83.32061, 47.95657], [-83.32069, 47.95671], [-83.32074, 47.95683], [-83.32066, 47.957], [-83.32053, 47.95714], [-83.32034, 47.95721], [-83.32022, 47.95728], [-83.31987, 47.95746], [-83.31974, 47.9575], [-83.31967, 47.95751], [-83.31954, 47.95752], [-83.31941, 47.95756], [-83.31928, 47.95758], [-83.31922, 47.9576], [-83.31914, 47.95766], [-83.31909, 47.95767], [-83.31888, 47.9577], [-83.31873, 47.95774], [-83.31865, 47.95774], [-83.31847, 47.95768], [-83.31826, 47.95764], [-83.31818, 47.95764], [-83.31811, 47.95766], [-83.31805, 47.9577], [-83.31802, 47.95775], [-83.31802, 47.95788], [-83.31806, 47.95796], [-83.31806, 47.95799], [-83.31793, 47.95805], [-83.31784, 47.95813], [-83.31775, 47.95818], [-83.31756, 47.95833], [-83.31737, 47.9584], [-83.31718, 47.95845], [-83.31705, 47.95859], [-83.317, 47.95862], [-83.31696, 47.95864], [-83.31679, 47.95868], [-83.31661, 47.9587], [-83.31646, 47.95872], [-83.31626, 47.9588], [-83.31615, 47.95884], [-83.3158, 47.95887], [-83.3156, 47.95884], [-83.31544, 47.95886], [-83.31535, 47.95886], [-83.31523, 47.95885], [-83.31498, 47.95881], [-83.31487, 47.95878], [-83.31476, 47.95872], [-83.31472, 47.95867], [-83.3147, 47.95864], [-83.31471, 47.95857], [-83.31474, 47.95846], [-83.31473, 47.95843], [-83.31467, 47.95838], [-83.31465, 47.95835], [-83.31472, 47.95822], [-83.31479, 47.95813], [-83.31478, 47.95806], [-83.3148, 47.95804], [-83.31484, 47.95802], [-83.31493, 47.95799], [-83.31498, 47.95796], [-83.31506, 47.95787], [-83.31509, 47.9578], [-83.31514, 47.95772], [-83.31523, 47.95768], [-83.31524, 47.95763], [-83.31526, 47.9576], [-83.31537, 47.95754], [-83.31541, 47.95743], [-83.3157, 47.95708], [-83.31573, 47.95702], [-83.31574, 47.95696], [-83.31578, 47.95688], [-83.31583, 47.95682], [-83.31591, 47.95669], [-83.31597, 47.95662], [-83.31599, 47.95655], [-83.31608, 47.95636], [-83.31618, 47.9561], [-83.31622, 47.95589], [-83.31627, 47.95579], [-83.3163, 47.95565], [-83.31634, 47.95552], [-83.31635, 47.95542], [-83.31643, 47.95531], [-83.31647, 47.95511], [-83.31657, 47.95495], [-83.31662, 47.95484], [-83.31668, 47.95477], [-83.31671, 47.9547], [-83.31678, 47.95464], [-83.31682, 47.95451], [-83.31697, 47.95435], [-83.31701, 47.95423], [-83.31709, 47.95408], [-83.31712, 47.95394], [-83.3171, 47.95382], [-83.31713, 47.95371], [-83.31716, 47.95361], [-83.3172, 47.95354], [-83.31724, 47.95344], [-83.3173, 47.95331], [-83.31731, 47.95313], [-83.31738, 47.95306], [-83.31737, 47.95301], [-83.31736, 47.9529], [-83.31738, 47.95287], [-83.31742, 47.95281], [-83.3174, 47.9527], [-83.31743, 47.95259], [-83.31745, 47.95257], [-83.31749, 47.95257], [-83.31752, 47.95258], [-83.31758, 47.95262], [-83.31764, 47.95262], [-83.31768, 47.95259], [-83.31769, 47.95253], [-83.31773, 47.95249], [-83.31772, 47.95244], [-83.31773, 47.95224], [-83.31769, 47.9522], [-83.31766, 47.95219], [-83.31764, 47.9522], [-83.31764, 47.9522], [-83.31761, 47.95224], [-83.31759, 47.95225], [-83.31758, 47.95223], [-83.3176, 47.95217], [-83.31761, 47.95216], [-83.31767, 47.95211], [-83.3177, 47.95204], [-83.3178, 47.95188], [-83.31787, 47.95181], [-83.3179, 47.95174], [-83.31799, 47.95164], [-83.31802, 47.95157], [-83.31818, 47.95145], [-83.31824, 47.95137], [-83.31844, 47.95116], [-83.31848, 47.95108], [-83.31855, 47.951], [-83.31859, 47.95095], [-83.31867, 47.9509], [-83.31871, 47.95085], [-83.31875, 47.95081], [-83.31877, 47.95078], [-83.31878, 47.9506], [-83.3188, 47.95054], [-83.31885, 47.95035], [-83.31882, 47.95025], [-83.31877, 47.9502], [-83.31881, 47.95015], [-83.31882, 47.95011], [-83.31879, 47.95005], [-83.31867, 47.94999], [-83.31865, 47.94997], [-83.31865, 47.94988], [-83.31867, 47.94985], [-83.31872, 47.94982], [-83.31873, 47.94981], [-83.31867, 47.94975], [-83.31868, 47.94974], [-83.3187, 47.94971], [-83.3187, 47.94969], [-83.31864, 47.94964], [-83.31861, 47.94956], [-83.31857, 47.94952], [-83.3185, 47.94947], [-83.31842, 47.94944], [-83.31834, 47.94942], [-83.31824, 47.94941], [-83.31815, 47.94943], [-83.31803, 47.94949], [-83.31796, 47.94952], [-83.31761, 47.9496], [-83.31747, 47.94961], [-83.31738, 47.94956], [-83.31724, 47.9494], [-83.31707, 47.94931], [-83.31697, 47.94925], [-83.31664, 47.94899], [-83.3166, 47.94895], [-83.31651, 47.94881], [-83.31645, 47.94869], [-83.31637, 47.94841], [-83.31634, 47.94823], [-83.31628, 47.94814], [-83.31627, 47.94811], [-83.31628, 47.94806], [-83.31631, 47.94803], [-83.31645, 47.94798], [-83.31648, 47.94794], [-83.31647, 47.94784], [-83.31645, 47.9478], [-83.31641, 47.94775], [-83.31634, 47.9477], [-83.31632, 47.94767], [-83.31643, 47.94736], [-83.31646, 47.94731], [-83.31663, 47.94713], [-83.31673, 47.94699], [-83.31697, 47.94669], [-83.31698, 47.94668], [-83.31703, 47.94665], [-83.31707, 47.94664], [-83.31709, 47.94665], [-83.31707, 47.9467], [-83.31706, 47.94673], [-83.31708, 47.94675], [-83.31711, 47.94675], [-83.31733, 47.94664], [-83.31739, 47.94663], [-83.31753, 47.94665], [-83.31767, 47.94664], [-83.31784, 47.94668], [-83.31793, 47.94669], [-83.31803, 47.94668], [-83.31813, 47.94663], [-83.31817, 47.94658], [-83.3182, 47.94652], [-83.31822, 47.94623], [-83.31825, 47.94614], [-83.31832, 47.94601], [-83.31836, 47.94596], [-83.31851, 47.94582], [-83.31873, 47.94568], [-83.31878, 47.94565], [-83.31883, 47.94558], [-83.31884, 47.94552], [-83.31884, 47.94548], [-83.31881, 47.9454], [-83.31875, 47.94531], [-83.31868, 47.94526], [-83.31847, 47.94514], [-83.31831, 47.94503], [-83.31824, 47.94501], [-83.31816, 47.945], [-83.31779, 47.94504], [-83.31768, 47.94504], [-83.31756, 47.94502], [-83.31748, 47.94499], [-83.31737, 47.94492], [-83.3173, 47.94486], [-83.31724, 47.94478], [-83.31721, 47.94472], [-83.3172, 47.94464], [-83.31725, 47.94448], [-83.31724, 47.94435], [-83.31728, 47.94427], [-83.31737, 47.94414], [-83.3174, 47.94411], [-83.31744, 47.9441], [-83.31756, 47.94409], [-83.31764, 47.94407], [-83.31769, 47.94404], [-83.31772, 47.94401], [-83.31772, 47.94393], [-83.31769, 47.94382], [-83.31763, 47.94372], [-83.31757, 47.94364], [-83.31752, 47.94361], [-83.31746, 47.94359], [-83.31724, 47.94355], [-83.31708, 47.94351], [-83.31702, 47.94348], [-83.31691, 47.94341], [-83.31681, 47.94338], [-83.31646, 47.94338], [-83.31636, 47.94339], [-83.31619, 47.94341], [-83.31607, 47.94342], [-83.31597, 47.94341], [-83.31567, 47.94336], [-83.31544, 47.94334], [-83.31535, 47.94333], [-83.31527, 47.94331], [-83.31521, 47.94328], [-83.31519, 47.94324], [-83.3152, 47.94319], [-83.31517, 47.94317], [-83.31502, 47.94312], [-83.31498, 47.9431], [-83.31497, 47.9431], [-83.31486, 47.94309], [-83.31483, 47.94311], [-83.31481, 47.94312], [-83.31476, 47.94326], [-83.31462, 47.94339], [-83.31459, 47.94345], [-83.31456, 47.94354], [-83.31454, 47.94371], [-83.31453, 47.94377], [-83.3144, 47.94394], [-83.31433, 47.94412], [-83.31426, 47.94424], [-83.31425, 47.94432], [-83.31426, 47.94443], [-83.31424, 47.94451], [-83.3142, 47.94456], [-83.31413, 47.94462], [-83.31406, 47.94473], [-83.31397, 47.94481], [-83.31392, 47.94484], [-83.31378, 47.94491], [-83.31369, 47.94493], [-83.31356, 47.94494], [-83.3134, 47.94501], [-83.31327, 47.94503], [-83.31319, 47.94503], [-83.31299, 47.94495], [-83.3129, 47.94491], [-83.31275, 47.94486], [-83.31262, 47.94476], [-83.31257, 47.94471], [-83.31248, 47.94468], [-83.31245, 47.94466], [-83.31241, 47.94458], [-83.31238, 47.94455], [-83.3123, 47.94451], [-83.31224, 47.9445], [-83.31219, 47.94451], [-83.31215, 47.94453], [-83.31206, 47.94462], [-83.31204, 47.94466], [-83.31205, 47.94477], [-83.31204, 47.9448], [-83.31202, 47.94484], [-83.31196, 47.94487], [-83.31188, 47.9449], [-83.31162, 47.94493], [-83.31144, 47.94494], [-83.31129, 47.94492], [-83.3112, 47.94489], [-83.31113, 47.94482], [-83.31104, 47.94478], [-83.31095, 47.94472], [-83.31093, 47.94468], [-83.31095, 47.94463], [-83.31094, 47.94462], [-83.31081, 47.94455], [-83.31074, 47.94445], [-83.31053, 47.94437], [-83.31038, 47.94433], [-83.3103, 47.94429], [-83.31023, 47.94425], [-83.3102, 47.94419], [-83.31018, 47.94416], [-83.31015, 47.94416], [-83.31007, 47.94416], [-83.31003, 47.94415], [-83.30991, 47.94408], [-83.30979, 47.94403], [-83.30971, 47.94397], [-83.30952, 47.94387], [-83.30948, 47.94384], [-83.30941, 47.94372], [-83.30927, 47.94359], [-83.30914, 47.94348], [-83.30903, 47.94341], [-83.30899, 47.94337], [-83.30891, 47.94329], [-83.30881, 47.94315], [-83.30871, 47.94305], [-83.30864, 47.94287], [-83.30859, 47.94281], [-83.30838, 47.94246], [-83.30828, 47.94224], [-83.30825, 47.94196], [-83.30824, 47.94193], [-83.30822, 47.9419], [-83.30807, 47.94181], [-83.30802, 47.94176], [-83.30798, 47.94166], [-83.30789, 47.94149], [-83.30786, 47.94147], [-83.30783, 47.94147], [-83.30772, 47.94154], [-83.30759, 47.94159], [-83.3075, 47.94167], [-83.30738, 47.9418], [-83.30733, 47.94183], [-83.30729, 47.942], [-83.30727, 47.94203], [-83.30724, 47.94206], [-83.30715, 47.94209], [-83.30686, 47.94214], [-83.30675, 47.94217], [-83.30648, 47.94231], [-83.30634, 47.94236], [-83.30629, 47.9424], [-83.30623, 47.94248], [-83.30611, 47.94254], [-83.30602, 47.94259], [-83.30598, 47.9426], [-83.30592, 47.94257], [-83.30589, 47.94256], [-83.30586, 47.94257], [-83.30584, 47.94258], [-83.30582, 47.94261], [-83.30581, 47.94267], [-83.30577, 47.94276], [-83.30571, 47.94282], [-83.30566, 47.94289], [-83.30557, 47.94296], [-83.30554, 47.94299], [-83.30549, 47.94309], [-83.30549, 47.94319], [-83.30551, 47.94322], [-83.30564, 47.9433], [-83.3057, 47.94332], [-83.30583, 47.94332], [-83.30587, 47.94338], [-83.30605, 47.94346], [-83.30608, 47.94347], [-83.30611, 47.94346], [-83.30615, 47.94343], [-83.30615, 47.94343], [-83.30617, 47.94343], [-83.30617, 47.94343], [-83.30624, 47.94348], [-83.30634, 47.94352], [-83.30635, 47.94355], [-83.30631, 47.94363], [-83.3063, 47.94366], [-83.30631, 47.94369], [-83.30636, 47.94379], [-83.30635, 47.94384], [-83.30636, 47.94389], [-83.30634, 47.94392], [-83.3063, 47.94396], [-83.30628, 47.94397], [-83.30619, 47.944], [-83.30615, 47.944], [-83.30607, 47.94399], [-83.30601, 47.94398], [-83.3059, 47.94389], [-83.30586, 47.94391], [-83.30578, 47.9439], [-83.30576, 47.94391], [-83.30577, 47.94394], [-83.30575, 47.94395], [-83.30566, 47.94394], [-83.3056, 47.94395], [-83.30541, 47.94392], [-83.30524, 47.94391], [-83.30521, 47.94391], [-83.30519, 47.94393], [-83.3052, 47.94398], [-83.3052, 47.94398], [-83.3052, 47.94399], [-83.30519, 47.94399], [-83.3051, 47.94399], [-83.30504, 47.944], [-83.30496, 47.94405], [-83.30486, 47.94407], [-83.30468, 47.94414], [-83.30461, 47.94419], [-83.30457, 47.94424], [-83.30456, 47.94431], [-83.30459, 47.94436], [-83.30456, 47.94442], [-83.30459, 47.94447], [-83.30462, 47.9445], [-83.30478, 47.94457], [-83.30484, 47.94461], [-83.30492, 47.94461], [-83.30495, 47.94462], [-83.30501, 47.94466], [-83.30504, 47.94466], [-83.30507, 47.94462], [-83.30513, 47.94463], [-83.30534, 47.94475], [-83.30564, 47.94491], [-83.30572, 47.94498], [-83.30574, 47.94502], [-83.30577, 47.94514], [-83.30576, 47.94517], [-83.30573, 47.94522], [-83.30567, 47.94527], [-83.30559, 47.94529], [-83.30554, 47.94528], [-83.30544, 47.94525], [-83.30538, 47.94525], [-83.30523, 47.94533], [-83.30498, 47.94541], [-83.3049, 47.94545], [-83.30479, 47.94559], [-83.30474, 47.94562], [-83.30462, 47.94564], [-83.30446, 47.94562], [-83.3044, 47.94563], [-83.30435, 47.94566], [-83.30429, 47.9457], [-83.3042, 47.94582], [-83.30403, 47.946], [-83.30398, 47.94609], [-83.30394, 47.94625], [-83.30392, 47.94631], [-83.30387, 47.94637], [-83.30379, 47.94642], [-83.30344, 47.94656], [-83.30332, 47.94659], [-83.30314, 47.94663], [-83.30308, 47.94663], [-83.303, 47.94662], [-83.30289, 47.94659], [-83.30277, 47.94655], [-83.30268, 47.94654], [-83.30258, 47.94654], [-83.30242, 47.94658], [-83.3022, 47.94659], [-83.30199, 47.94659], [-83.30173, 47.94658], [-83.3016, 47.94659], [-83.3013, 47.94665], [-83.30116, 47.94669], [-83.30091, 47.94681], [-83.30075, 47.94692], [-83.30067, 47.94697], [-83.30065, 47.94699], [-83.30066, 47.94702], [-83.3007, 47.94708], [-83.30069, 47.94712], [-83.30065, 47.94716], [-83.30049, 47.94726], [-83.3004, 47.94735], [-83.30037, 47.94739], [-83.30036, 47.94743], [-83.30034, 47.94765], [-83.30025, 47.94785], [-83.3002, 47.948], [-83.30019, 47.9481], [-83.30019, 47.94819], [-83.30021, 47.94827], [-83.30021, 47.94841], [-83.30025, 47.94853], [-83.30026, 47.94859], [-83.30024, 47.94864], [-83.30018, 47.9487], [-83.30017, 47.94875], [-83.30019, 47.9488], [-83.30026, 47.94886], [-83.30031, 47.94898], [-83.30039, 47.94913], [-83.30042, 47.94925], [-83.30042, 47.94946], [-83.30041, 47.94949], [-83.30034, 47.94961], [-83.30028, 47.94973], [-83.3003, 47.94984], [-83.30035, 47.94992], [-83.30034, 47.94996], [-83.30033, 47.94997], [-83.30029, 47.94998], [-83.30018, 47.94997], [-83.30007, 47.95001], [-83.30006, 47.95004], [-83.30008, 47.95009], [-83.30002, 47.9502], [-83.30003, 47.95028], [-83.30001, 47.9503], [-83.29998, 47.95032], [-83.29984, 47.95034], [-83.29975, 47.95036], [-83.29956, 47.95045], [-83.29949, 47.95047], [-83.29943, 47.95047], [-83.29931, 47.95046], [-83.29917, 47.95047], [-83.29903, 47.95046], [-83.29894, 47.95048], [-83.2988, 47.95047], [-83.29869, 47.95048], [-83.29839, 47.9504], [-83.29824, 47.95039], [-83.29811, 47.95039], [-83.29798, 47.95036], [-83.29789, 47.95035], [-83.29776, 47.95036], [-83.29751, 47.9504], [-83.29749, 47.95042], [-83.29747, 47.95049], [-83.29745, 47.95051], [-83.29741, 47.95052], [-83.29728, 47.95053], [-83.29707, 47.9506], [-83.29703, 47.95062], [-83.29695, 47.95069], [-83.29689, 47.95072], [-83.29655, 47.95076], [-83.29635, 47.95085], [-83.29619, 47.95087], [-83.29606, 47.95091], [-83.29587, 47.95095], [-83.29571, 47.95096], [-83.29551, 47.95093], [-83.29527, 47.95096], [-83.29501, 47.95093], [-83.29498, 47.95092], [-83.29492, 47.95089], [-83.2949, 47.95088], [-83.29475, 47.9509], [-83.29471, 47.95089], [-83.29464, 47.95086], [-83.29454, 47.95082], [-83.29451, 47.95076], [-83.29448, 47.95074], [-83.29439, 47.95072], [-83.29438, 47.95066], [-83.29433, 47.95062], [-83.29426, 47.9506], [-83.29416, 47.95059], [-83.29412, 47.95058], [-83.29402, 47.95053], [-83.29391, 47.95046], [-83.29375, 47.95038], [-83.29362, 47.95034], [-83.29357, 47.9503], [-83.29354, 47.9503], [-83.2935, 47.95031], [-83.29346, 47.95035], [-83.29347, 47.95043], [-83.29345, 47.95047], [-83.29341, 47.95051], [-83.29334, 47.95054], [-83.29332, 47.95056], [-83.29332, 47.95058], [-83.29335, 47.95063], [-83.29333, 47.95066], [-83.29325, 47.95069], [-83.2932, 47.95074], [-83.29317, 47.95075], [-83.29311, 47.95073], [-83.29307, 47.95074], [-83.29301, 47.9508], [-83.29289, 47.95086], [-83.29282, 47.95093], [-83.29277, 47.95095], [-83.29266, 47.95096], [-83.29255, 47.95102], [-83.2925, 47.95105], [-83.29249, 47.95109], [-83.29254, 47.95116], [-83.29255, 47.95121], [-83.29264, 47.95132], [-83.29274, 47.95142], [-83.29275, 47.95146], [-83.29276, 47.95166], [-83.29274, 47.95176], [-83.29277, 47.95188], [-83.29277, 47.95198], [-83.29275, 47.952], [-83.29266, 47.95206], [-83.29256, 47.95212], [-83.2924, 47.95226], [-83.29234, 47.95231], [-83.2923, 47.95237], [-83.2922, 47.95249], [-83.29208, 47.95254], [-83.29191, 47.95258], [-83.29188, 47.9526], [-83.29187, 47.95262], [-83.29189, 47.95267], [-83.29196, 47.95277], [-83.29201, 47.95279], [-83.29209, 47.9528], [-83.29212, 47.95281], [-83.29216, 47.95294], [-83.29224, 47.95303], [-83.29222, 47.95311], [-83.2923, 47.95324], [-83.2923, 47.95339], [-83.29234, 47.95346], [-83.29231, 47.95353], [-83.2923, 47.95363], [-83.29227, 47.95365], [-83.29219, 47.95369], [-83.29213, 47.95374], [-83.29212, 47.95376], [-83.29212, 47.95381], [-83.2921, 47.95386], [-83.2921, 47.95391], [-83.29218, 47.95403], [-83.29221, 47.95411], [-83.29215, 47.95423], [-83.29214, 47.95433], [-83.29208, 47.95442], [-83.29193, 47.95451], [-83.29187, 47.95453], [-83.29153, 47.95465], [-83.2915, 47.95466], [-83.29147, 47.9547], [-83.29141, 47.95485], [-83.29132, 47.95496], [-83.29124, 47.95502], [-83.29119, 47.95509], [-83.29116, 47.95511], [-83.29106, 47.95515], [-83.2909, 47.95524], [-83.29077, 47.9553], [-83.29069, 47.9554], [-83.29062, 47.95552], [-83.29049, 47.95562], [-83.29045, 47.95569], [-83.29043, 47.95589], [-83.29059, 47.95605], [-83.29062, 47.95607], [-83.29072, 47.95611], [-83.29076, 47.95618], [-83.29084, 47.95622], [-83.29087, 47.95625], [-83.29095, 47.95638], [-83.29096, 47.95645], [-83.291, 47.95649], [-83.29099, 47.95659], [-83.29099, 47.95676], [-83.29097, 47.95681], [-83.29092, 47.95688], [-83.29086, 47.95693], [-83.29074, 47.95699], [-83.29057, 47.9571], [-83.2904, 47.95718], [-83.29024, 47.95723], [-83.29017, 47.95724], [-83.28981, 47.95729], [-83.28964, 47.95734], [-83.28942, 47.95739], [-83.28933, 47.95739], [-83.2892, 47.95738], [-83.28915, 47.95738], [-83.28907, 47.95744], [-83.28906, 47.95751], [-83.28901, 47.95757], [-83.28889, 47.95763], [-83.2888, 47.95765], [-83.28873, 47.95765], [-83.28867, 47.95764], [-83.28858, 47.9576], [-83.28849, 47.95757], [-83.28838, 47.95752], [-83.28832, 47.9575], [-83.2882, 47.95748], [-83.28808, 47.95742], [-83.28803, 47.95741], [-83.28783, 47.95742], [-83.28772, 47.95745], [-83.28758, 47.95747], [-83.28738, 47.95752], [-83.28722, 47.95754], [-83.28716, 47.95754], [-83.28706, 47.95751], [-83.287, 47.95751], [-83.28696, 47.95752], [-83.28693, 47.95755], [-83.28691, 47.95767], [-83.28686, 47.95776], [-83.28673, 47.95785], [-83.28662, 47.95791], [-83.2866, 47.95793], [-83.2866, 47.95798], [-83.28661, 47.95803], [-83.28677, 47.95817], [-83.28691, 47.95822], [-83.28701, 47.95829], [-83.28712, 47.95833], [-83.28727, 47.95837], [-83.2874, 47.95841], [-83.28761, 47.95847], [-83.28773, 47.95851], [-83.28783, 47.95856], [-83.2879, 47.95859], [-83.28806, 47.95862], [-83.28812, 47.95864], [-83.28821, 47.95868], [-83.28831, 47.95878], [-83.28834, 47.95884], [-83.28837, 47.95893], [-83.28834, 47.95906], [-83.28831, 47.95917], [-83.28826, 47.95924], [-83.28805, 47.95934], [-83.28802, 47.95937], [-83.28801, 47.9594], [-83.28803, 47.95947], [-83.28806, 47.95954], [-83.2882, 47.95963], [-83.28823, 47.95968], [-83.28826, 47.95976], [-83.28825, 47.95988], [-83.28823, 47.95992], [-83.28818, 47.95997], [-83.28806, 47.96003], [-83.28798, 47.96009], [-83.28795, 47.96013], [-83.28795, 47.96016], [-83.28797, 47.9602], [-83.28805, 47.96029], [-83.28822, 47.9604], [-83.28827, 47.9604], [-83.28836, 47.96037], [-83.28843, 47.96036], [-83.28855, 47.96037], [-83.28872, 47.96041], [-83.28876, 47.96044], [-83.28878, 47.96048], [-83.28877, 47.96059], [-83.28879, 47.96065], [-83.28878, 47.96072], [-83.28881, 47.9608], [-83.28879, 47.96084], [-83.28873, 47.9609], [-83.2887, 47.96101], [-83.28868, 47.96105], [-83.28864, 47.96106], [-83.28847, 47.96107], [-83.28832, 47.96106], [-83.28827, 47.96106], [-83.28812, 47.96112], [-83.28796, 47.96116], [-83.28783, 47.9612], [-83.28779, 47.96123], [-83.28777, 47.9613], [-83.28773, 47.96136], [-83.2876, 47.96146], [-83.28751, 47.96154], [-83.28745, 47.96161], [-83.28744, 47.96165], [-83.28744, 47.96173], [-83.2874, 47.9618], [-83.28736, 47.96193], [-83.28733, 47.96204], [-83.28728, 47.96211], [-83.28725, 47.96218], [-83.28727, 47.96223], [-83.28725, 47.96227], [-83.28726, 47.96229], [-83.28733, 47.96233], [-83.28734, 47.96237], [-83.28734, 47.96242], [-83.28736, 47.96244], [-83.28747, 47.96252], [-83.28751, 47.96254], [-83.28761, 47.96266], [-83.28761, 47.96273], [-83.28757, 47.96279], [-83.28744, 47.96292], [-83.28739, 47.96295], [-83.28732, 47.96296], [-83.28702, 47.96295], [-83.28687, 47.96291], [-83.28681, 47.96288], [-83.28677, 47.96284], [-83.2867, 47.96273], [-83.28668, 47.96266], [-83.28669, 47.96263], [-83.28672, 47.96255], [-83.28681, 47.96242], [-83.28687, 47.96237], [-83.28688, 47.96233], [-83.28686, 47.96229], [-83.28677, 47.96224], [-83.28674, 47.96221], [-83.28663, 47.96208], [-83.28658, 47.96199], [-83.28658, 47.96191], [-83.28659, 47.96185], [-83.28662, 47.9618], [-83.2867, 47.96172], [-83.28671, 47.96169], [-83.28668, 47.96166], [-83.28661, 47.96162], [-83.28657, 47.96159], [-83.28649, 47.96139], [-83.28648, 47.96135], [-83.2865, 47.96117], [-83.28654, 47.96103], [-83.28651, 47.96095], [-83.28646, 47.9609], [-83.28633, 47.96085], [-83.28622, 47.96077], [-83.28609, 47.9607], [-83.286, 47.96069], [-83.28592, 47.96066], [-83.28586, 47.96065], [-83.28569, 47.96066], [-83.28562, 47.96067], [-83.28555, 47.96072], [-83.28549, 47.96083], [-83.28538, 47.96095], [-83.28522, 47.96104], [-83.2851, 47.96107], [-83.28486, 47.9611], [-83.28478, 47.96114], [-83.28467, 47.96118], [-83.28463, 47.96118], [-83.28455, 47.96116], [-83.2845, 47.96117], [-83.28444, 47.96121], [-83.28435, 47.9613], [-83.2843, 47.96135], [-83.28416, 47.96141], [-83.28408, 47.96146], [-83.28402, 47.96148], [-83.28389, 47.96147], [-83.28384, 47.96148], [-83.28383, 47.9615], [-83.28381, 47.96158], [-83.28377, 47.96164], [-83.28378, 47.96166], [-83.28383, 47.96171], [-83.28382, 47.96176], [-83.28377, 47.96181], [-83.28369, 47.96183], [-83.28363, 47.96183], [-83.28339, 47.96181], [-83.28331, 47.96179], [-83.28326, 47.96176], [-83.28322, 47.96171], [-83.28314, 47.96154], [-83.2831, 47.96152], [-83.28302, 47.96151], [-83.28291, 47.96146], [-83.28284, 47.96144], [-83.28279, 47.96143], [-83.28257, 47.96145], [-83.28233, 47.96148], [-83.28204, 47.9615], [-83.28183, 47.96153], [-83.28174, 47.96156], [-83.28163, 47.96161], [-83.28156, 47.96163], [-83.28142, 47.96169], [-83.28103, 47.9618], [-83.28093, 47.96184], [-83.28078, 47.96191], [-83.28068, 47.96197], [-83.28059, 47.96205], [-83.28056, 47.96211], [-83.28057, 47.96218], [-83.28067, 47.96239], [-83.28068, 47.96247], [-83.28068, 47.96249], [-83.28068, 47.96255], [-83.28068, 47.96264], [-83.28059, 47.96287], [-83.28058, 47.96295], [-83.28061, 47.96299], [-83.28073, 47.96305], [-83.28087, 47.96316], [-83.28106, 47.96328], [-83.28113, 47.96331], [-83.28115, 47.96331], [-83.28117, 47.96329], [-83.28117, 47.96323], [-83.28119, 47.9632], [-83.28127, 47.96317], [-83.2814, 47.96315], [-83.28151, 47.96314], [-83.28161, 47.96315], [-83.28165, 47.96315], [-83.28178, 47.96313], [-83.28197, 47.96312], [-83.28213, 47.96308], [-83.28226, 47.96309], [-83.28243, 47.96309], [-83.28249, 47.9631], [-83.28255, 47.96312], [-83.28262, 47.96317], [-83.28264, 47.96319], [-83.28266, 47.96327], [-83.28272, 47.96336], [-83.28276, 47.96345], [-83.28273, 47.96357], [-83.28275, 47.96368], [-83.28274, 47.96371], [-83.2827, 47.96379], [-83.28267, 47.96387], [-83.28258, 47.96395], [-83.28253, 47.96401], [-83.28244, 47.96419], [-83.28246, 47.96437], [-83.2824, 47.96459], [-83.28239, 47.96477], [-83.28232, 47.96498], [-83.28227, 47.96518], [-83.28227, 47.96559], [-83.28224, 47.96578], [-83.28219, 47.96589], [-83.28214, 47.96594], [-83.28202, 47.96603], [-83.282, 47.96605], [-83.282, 47.96609], [-83.28201, 47.96612], [-83.28204, 47.96617], [-83.28219, 47.96629], [-83.28246, 47.96655], [-83.28255, 47.96661], [-83.28278, 47.96671], [-83.28298, 47.96685], [-83.28315, 47.96695], [-83.28325, 47.96703], [-83.28334, 47.96715], [-83.28337, 47.96723], [-83.2834, 47.96737], [-83.28341, 47.9675], [-83.28338, 47.96773], [-83.28334, 47.96787], [-83.28326, 47.96809], [-83.28324, 47.96821], [-83.28326, 47.9683], [-83.28331, 47.96841], [-83.28333, 47.96849], [-83.28331, 47.96867], [-83.28335, 47.96876], [-83.28334, 47.9688], [-83.28325, 47.96893], [-83.28321, 47.96903], [-83.28317, 47.96908], [-83.28306, 47.96915], [-83.28303, 47.9692], [-83.28302, 47.96924], [-83.28304, 47.96938], [-83.28303, 47.96949], [-83.28301, 47.96962], [-83.28296, 47.96977], [-83.28291, 47.96983], [-83.28266, 47.97006], [-83.28228, 47.97031], [-83.2822, 47.97037], [-83.28219, 47.97042], [-83.28226, 47.97052], [-83.28227, 47.97061], [-83.28224, 47.97069], [-83.28213, 47.97081], [-83.28202, 47.97085], [-83.2818, 47.97089], [-83.28175, 47.97092], [-83.28172, 47.97095], [-83.28172, 47.97103], [-83.28178, 47.9711], [-83.28179, 47.97123], [-83.28174, 47.9714], [-83.28174, 47.97148], [-83.28179, 47.97158], [-83.28182, 47.97162], [-83.28185, 47.97164], [-83.28201, 47.97166], [-83.28211, 47.97169], [-83.28231, 47.97179], [-83.28246, 47.97183], [-83.28258, 47.97191], [-83.28282, 47.97196], [-83.2829, 47.972], [-83.28295, 47.97202], [-83.28301, 47.97201], [-83.28309, 47.97198], [-83.2833, 47.97189], [-83.28339, 47.97182], [-83.28349, 47.97168], [-83.28353, 47.97166], [-83.28366, 47.97163], [-83.28374, 47.97163], [-83.2838, 47.97164], [-83.28387, 47.97169], [-83.28404, 47.97181], [-83.28413, 47.97187], [-83.28419, 47.97188], [-83.28438, 47.97189], [-83.28446, 47.97189], [-83.28466, 47.97186], [-83.2847, 47.97187], [-83.28474, 47.9719], [-83.28475, 47.97189], [-83.28474, 47.97186], [-83.28476, 47.97184], [-83.28479, 47.97184], [-83.28487, 47.97184], [-83.28493, 47.97183], [-83.28506, 47.9718], [-83.28517, 47.97178], [-83.28526, 47.97171], [-83.28533, 47.97171], [-83.28534, 47.97171], [-83.28537, 47.97172], [-83.28538, 47.97173], [-83.28537, 47.97174], [-83.28535, 47.97177], [-83.28533, 47.97182], [-83.28534, 47.97188], [-83.28548, 47.97199], [-83.28551, 47.97205], [-83.28554, 47.97206], [-83.28557, 47.97204], [-83.28559, 47.97203], [-83.28561, 47.97204], [-83.28562, 47.97205], [-83.28562, 47.97207], [-83.28561, 47.97211], [-83.28554, 47.97217], [-83.28553, 47.97219], [-83.28554, 47.97221], [-83.2856, 47.97227], [-83.28561, 47.97233], [-83.28563, 47.97238], [-83.28564, 47.97246], [-83.28562, 47.97252], [-83.28567, 47.97261], [-83.28566, 47.97264], [-83.28561, 47.9727], [-83.28571, 47.9727], [-83.28572, 47.9727], [-83.2859, 47.97276], [-83.28599, 47.97277], [-83.28604, 47.97277], [-83.28617, 47.97277], [-83.28623, 47.97279], [-83.28631, 47.97282], [-83.2864, 47.97282], [-83.28649, 47.97284], [-83.28658, 47.97286], [-83.28668, 47.97288], [-83.28692, 47.97298], [-83.28697, 47.973], [-83.28704, 47.97299], [-83.2872, 47.97294], [-83.28728, 47.97292], [-83.28733, 47.97293], [-83.28742, 47.97287], [-83.28757, 47.97266], [-83.28773, 47.97254], [-83.28791, 47.9725], [-83.2879, 47.97246], [-83.28791, 47.97244], [-83.28795, 47.97242], [-83.28803, 47.97243], [-83.28812, 47.97241], [-83.28816, 47.97241], [-83.28825, 47.97243], [-83.28837, 47.97244], [-83.28849, 47.97247], [-83.28851, 47.97247], [-83.28853, 47.97243], [-83.28855, 47.97242], [-83.28865, 47.97242], [-83.28868, 47.97243], [-83.2887, 47.97244], [-83.2887, 47.97251], [-83.28872, 47.97252], [-83.28874, 47.97252], [-83.28877, 47.9725], [-83.28878, 47.97245], [-83.2888, 47.97243], [-83.28883, 47.97242], [-83.2889, 47.97242], [-83.28892, 47.97241], [-83.28891, 47.9724], [-83.28888, 47.97237], [-83.28887, 47.97236], [-83.28887, 47.97234], [-83.28891, 47.97233], [-83.28892, 47.97233], [-83.28903, 47.97233], [-83.28906, 47.97233], [-83.28908, 47.97231], [-83.28907, 47.97228], [-83.289, 47.97224], [-83.28897, 47.97222], [-83.28896, 47.97218], [-83.28898, 47.97214], [-83.289, 47.97213], [-83.28903, 47.97212], [-83.28919, 47.97212], [-83.28925, 47.97213], [-83.2893, 47.97215], [-83.28944, 47.97225], [-83.28967, 47.97234], [-83.28984, 47.97238], [-83.28992, 47.97245], [-83.29, 47.97246], [-83.29006, 47.97252], [-83.29015, 47.97257], [-83.29027, 47.97261], [-83.29039, 47.97263], [-83.29051, 47.97263], [-83.29067, 47.97264], [-83.29091, 47.97262], [-83.2911, 47.97262], [-83.29123, 47.97261], [-83.29132, 47.97262], [-83.29142, 47.97265], [-83.29148, 47.97268], [-83.29154, 47.97272], [-83.29156, 47.97274], [-83.29156, 47.97275], [-83.29159, 47.97287], [-83.29159, 47.97295], [-83.29157, 47.97301], [-83.29149, 47.97311], [-83.29148, 47.97318], [-83.2915, 47.97324], [-83.29154, 47.97328], [-83.29175, 47.9734], [-83.2918, 47.97345], [-83.29181, 47.97348], [-83.2918, 47.97352], [-83.29177, 47.97355], [-83.29168, 47.9736], [-83.29166, 47.97363], [-83.29165, 47.97367], [-83.29169, 47.97374], [-83.2918, 47.97385], [-83.29182, 47.9739], [-83.29182, 47.97393], [-83.29177, 47.9741], [-83.29173, 47.97414], [-83.29164, 47.97421], [-83.29161, 47.97425], [-83.29159, 47.97428], [-83.29156, 47.9744], [-83.2915, 47.97449], [-83.29144, 47.97453], [-83.29134, 47.97456], [-83.29126, 47.97456], [-83.29111, 47.97456], [-83.29108, 47.97457], [-83.29107, 47.9746], [-83.29108, 47.97464], [-83.29114, 47.97473], [-83.29122, 47.97483], [-83.29129, 47.9749], [-83.29143, 47.97499], [-83.29167, 47.97511], [-83.29172, 47.97515], [-83.29174, 47.97518], [-83.29175, 47.97526], [-83.2918, 47.97539], [-83.29179, 47.97542], [-83.29172, 47.97551], [-83.29169, 47.97558], [-83.29167, 47.9756], [-83.29159, 47.97563], [-83.29138, 47.97567], [-83.29125, 47.97571], [-83.29117, 47.97576], [-83.29112, 47.97576], [-83.29105, 47.97574], [-83.29101, 47.97573], [-83.29097, 47.97575], [-83.29095, 47.97577], [-83.29094, 47.97581], [-83.29094, 47.97592], [-83.2909, 47.97601], [-83.29092, 47.97605], [-83.29091, 47.97609], [-83.29091, 47.97622], [-83.29089, 47.97625], [-83.2908, 47.97636], [-83.29074, 47.97645], [-83.29072, 47.97652], [-83.29073, 47.97666], [-83.29072, 47.97672], [-83.2906, 47.97704], [-83.29055, 47.97712], [-83.29053, 47.97719], [-83.2905, 47.97722], [-83.29043, 47.97727], [-83.29028, 47.97733], [-83.29013, 47.97741], [-83.29004, 47.97747], [-83.28984, 47.97754], [-83.28971, 47.97761], [-83.28931, 47.97766], [-83.28918, 47.9777], [-83.28912, 47.9777], [-83.28901, 47.97768], [-83.28898, 47.97769], [-83.28895, 47.97771], [-83.28894, 47.97775], [-83.28895, 47.97779], [-83.28903, 47.97786], [-83.28918, 47.97802], [-83.28928, 47.97824], [-83.28937, 47.97833], [-83.28938, 47.97836], [-83.28937, 47.97839], [-83.28932, 47.97843], [-83.28922, 47.97848], [-83.28909, 47.97857], [-83.28899, 47.97861], [-83.28882, 47.97874], [-83.28876, 47.97882], [-83.2886, 47.97895], [-83.28836, 47.9792], [-83.28828, 47.97931], [-83.28824, 47.97938], [-83.28824, 47.97947], [-83.28817, 47.97955], [-83.28801, 47.97965], [-83.28783, 47.97982], [-83.28764, 47.97994], [-83.28758, 47.98], [-83.28755, 47.98001], [-83.28745, 47.98003], [-83.28733, 47.98011], [-83.28728, 47.98013], [-83.2872, 47.98014], [-83.28683, 47.98011], [-83.28667, 47.98016], [-83.28644, 47.98028], [-83.28635, 47.9803], [-83.28631, 47.98032], [-83.28626, 47.98037], [-83.28621, 47.98044], [-83.28616, 47.98049], [-83.28613, 47.98056], [-83.28608, 47.98062], [-83.28612, 47.98076], [-83.2861, 47.9808], [-83.28605, 47.98084], [-83.28597, 47.98086], [-83.28589, 47.98084], [-83.28571, 47.98076], [-83.28552, 47.98063], [-83.28549, 47.98062], [-83.28544, 47.98062], [-83.28532, 47.98062], [-83.28527, 47.98064], [-83.28518, 47.98071], [-83.28513, 47.98079], [-83.28503, 47.98087], [-83.28501, 47.98091], [-83.28502, 47.98094], [-83.28506, 47.98097], [-83.28512, 47.981], [-83.28536, 47.98109], [-83.28565, 47.98116], [-83.28572, 47.98117], [-83.28585, 47.98117], [-83.28589, 47.98119], [-83.28589, 47.98121], [-83.28585, 47.98132], [-83.28578, 47.9814], [-83.28579, 47.98146], [-83.28573, 47.98152], [-83.28568, 47.9816], [-83.28566, 47.98167], [-83.28566, 47.9817], [-83.28569, 47.98176], [-83.28569, 47.98188], [-83.28575, 47.982], [-83.28578, 47.98212], [-83.28576, 47.9822], [-83.2857, 47.98226], [-83.28559, 47.98233], [-83.28547, 47.9824], [-83.28543, 47.98242], [-83.28531, 47.98243], [-83.28517, 47.98249], [-83.28512, 47.98251], [-83.28507, 47.98251], [-83.28495, 47.98248], [-83.28463, 47.98245], [-83.28433, 47.98246], [-83.28398, 47.98252], [-83.28377, 47.9826], [-83.28363, 47.98264], [-83.28354, 47.98271], [-83.2834, 47.98279], [-83.2833, 47.98289], [-83.28322, 47.98291], [-83.28318, 47.98294], [-83.28313, 47.98309], [-83.28311, 47.98338], [-83.28306, 47.98344], [-83.28303, 47.98351], [-83.28292, 47.98361], [-83.28289, 47.98365], [-83.28287, 47.98371], [-83.28287, 47.9838], [-83.28285, 47.98385], [-83.28275, 47.984], [-83.28265, 47.9842], [-83.28263, 47.9843], [-83.28258, 47.98436], [-83.28254, 47.98438], [-83.2825, 47.98439], [-83.28231, 47.98436], [-83.28225, 47.98436], [-83.28203, 47.98441], [-83.28175, 47.98443], [-83.28147, 47.9845], [-83.28126, 47.98453], [-83.28116, 47.98453], [-83.28076, 47.98447], [-83.28066, 47.98448], [-83.28063, 47.98449], [-83.28061, 47.98455], [-83.28056, 47.98459], [-83.28053, 47.98466], [-83.28048, 47.98471], [-83.28044, 47.98478], [-83.28025, 47.98488], [-83.28016, 47.98495], [-83.28011, 47.985], [-83.28001, 47.98506], [-83.27994, 47.98509], [-83.27981, 47.98513], [-83.27964, 47.9852], [-83.2795, 47.98529], [-83.2794, 47.98537], [-83.27933, 47.98546], [-83.27931, 47.98553], [-83.27932, 47.98564], [-83.27933, 47.98567], [-83.27941, 47.98577], [-83.27941, 47.98586], [-83.27943, 47.98592], [-83.27942, 47.98596], [-83.27939, 47.98601], [-83.27939, 47.98608], [-83.27942, 47.98611], [-83.27951, 47.98615], [-83.27954, 47.98617], [-83.27956, 47.98622], [-83.27955, 47.98631], [-83.27971, 47.98659], [-83.27979, 47.98669], [-83.27985, 47.98681], [-83.27986, 47.98684], [-83.27985, 47.98687], [-83.27976, 47.98699], [-83.27969, 47.98703], [-83.27954, 47.98712], [-83.27947, 47.98714], [-83.27939, 47.98712], [-83.27936, 47.98712], [-83.27917, 47.98718], [-83.27901, 47.98724], [-83.2789, 47.98735], [-83.27887, 47.98741], [-83.27886, 47.98749], [-83.27891, 47.98761], [-83.27889, 47.98772], [-83.27896, 47.98782], [-83.279, 47.98792], [-83.27901, 47.98796], [-83.279, 47.98801], [-83.27893, 47.98809], [-83.27893, 47.98812], [-83.27896, 47.98823], [-83.27901, 47.98829], [-83.27905, 47.98835], [-83.27907, 47.98842], [-83.2791, 47.98845], [-83.27915, 47.98846], [-83.27926, 47.98848], [-83.27935, 47.98851], [-83.27938, 47.98851], [-83.27947, 47.98847], [-83.27953, 47.98846], [-83.27965, 47.98847], [-83.27977, 47.9885], [-83.27984, 47.98854], [-83.27999, 47.98872], [-83.28003, 47.98879], [-83.28008, 47.9889], [-83.28012, 47.98894], [-83.28024, 47.98899], [-83.28078, 47.98909], [-83.2809, 47.98914], [-83.28098, 47.98918], [-83.28116, 47.98931], [-83.28127, 47.98943], [-83.2813, 47.98947], [-83.28138, 47.98969], [-83.2814, 47.98982], [-83.28139, 47.9899], [-83.28134, 47.99016], [-83.28134, 47.99024], [-83.28137, 47.99029], [-83.28145, 47.99041], [-83.28148, 47.99068], [-83.28156, 47.99087], [-83.28157, 47.99091], [-83.28157, 47.99112], [-83.28153, 47.99127], [-83.28156, 47.99139], [-83.28154, 47.99157], [-83.28154, 47.99186], [-83.28155, 47.99206], [-83.28158, 47.99214], [-83.28165, 47.99223], [-83.28169, 47.99231], [-83.28171, 47.99244], [-83.2817, 47.99256], [-83.28166, 47.99265], [-83.2816, 47.99272], [-83.28156, 47.9928], [-83.28144, 47.99291], [-83.28138, 47.99301], [-83.28137, 47.99304], [-83.28136, 47.99308], [-83.28136, 47.99311], [-83.28136, 47.99314], [-83.28139, 47.99324], [-83.28146, 47.99339], [-83.2815, 47.99354], [-83.28154, 47.99361], [-83.28156, 47.99364], [-83.28155, 47.99381], [-83.28153, 47.99388], [-83.28149, 47.99396], [-83.28148, 47.99401], [-83.28146, 47.99405], [-83.28143, 47.9941], [-83.28131, 47.99424], [-83.28121, 47.99439], [-83.28112, 47.99449], [-83.28105, 47.99455], [-83.28096, 47.99459], [-83.28072, 47.99473], [-83.28064, 47.99482], [-83.28056, 47.99493], [-83.28056, 47.99494], [-83.28056, 47.99494], [-83.28053, 47.995], [-83.2805, 47.99519], [-83.28048, 47.99524], [-83.28043, 47.99533], [-83.28031, 47.99546], [-83.28024, 47.99552], [-83.28014, 47.99556], [-83.27987, 47.99564], [-83.27975, 47.99564], [-83.27965, 47.99563], [-83.27964, 47.99563], [-83.27916, 47.9958], [-83.27913, 47.99583], [-83.27913, 47.99583], [-83.27908, 47.99588], [-83.27897, 47.99595], [-83.27888, 47.996], [-83.27875, 47.99605], [-83.27832, 47.99621], [-83.27811, 47.99632], [-83.27798, 47.99642], [-83.27787, 47.99656], [-83.27783, 47.99659], [-83.27778, 47.99659], [-83.27767, 47.99657], [-83.27739, 47.99645], [-83.27728, 47.9964], [-83.27709, 47.99629], [-83.27696, 47.9962], [-83.2768, 47.99601], [-83.27672, 47.99594], [-83.27666, 47.99591], [-83.27661, 47.99589], [-83.27652, 47.99586], [-83.27644, 47.99586], [-83.27639, 47.99586], [-83.27623, 47.99584], [-83.27612, 47.99585], [-83.27598, 47.99589], [-83.27584, 47.99588], [-83.27583, 47.99588], [-83.27579, 47.99589], [-83.27566, 47.99592], [-83.27557, 47.99593], [-83.27552, 47.99593], [-83.27551, 47.99593], [-83.27545, 47.99595], [-83.27541, 47.996], [-83.27537, 47.99604], [-83.27531, 47.99611], [-83.27532, 47.99613], [-83.27533, 47.99615], [-83.27531, 47.99621], [-83.27529, 47.99623], [-83.27526, 47.99625], [-83.27523, 47.99626], [-83.27519, 47.99634], [-83.27514, 47.99636], [-83.27506, 47.99635], [-83.27498, 47.9963], [-83.27486, 47.99631], [-83.27478, 47.99633], [-83.27471, 47.99628], [-83.27461, 47.99623], [-83.27449, 47.99615], [-83.27433, 47.99611], [-83.27431, 47.99609], [-83.27431, 47.99608], [-83.27431, 47.99606], [-83.27416, 47.99605], [-83.27396, 47.99605], [-83.27376, 47.99608], [-83.27376, 47.99611], [-83.27374, 47.99613], [-83.2737, 47.99614], [-83.27357, 47.99614], [-83.27357, 47.99614], [-83.27352, 47.99621], [-83.27346, 47.99624], [-83.27335, 47.99626], [-83.27313, 47.99629], [-83.27302, 47.99632], [-83.27269, 47.99638], [-83.27264, 47.99639], [-83.2726, 47.99642], [-83.27255, 47.99648], [-83.27252, 47.99655], [-83.27252, 47.99664], [-83.27256, 47.99671], [-83.27245, 47.99682], [-83.27244, 47.99708], [-83.27241, 47.99712], [-83.2724, 47.99713], [-83.27237, 47.99715], [-83.27233, 47.99723], [-83.27232, 47.99724], [-83.2723, 47.99727], [-83.27228, 47.9973], [-83.27226, 47.99732], [-83.27223, 47.99736], [-83.27221, 47.99739], [-83.2722, 47.9974], [-83.27219, 47.99742], [-83.27217, 47.99743], [-83.27216, 47.99746], [-83.27214, 47.99747], [-83.27213, 47.99749], [-83.27212, 47.9975], [-83.2721, 47.99753], [-83.27206, 47.99755], [-83.27205, 47.99756], [-83.27204, 47.99757], [-83.272, 47.99757], [-83.27198, 47.9976], [-83.27196, 47.99766], [-83.27191, 47.99772], [-83.27182, 47.99778], [-83.2718, 47.9978], [-83.2718, 47.99782], [-83.27176, 47.99788], [-83.27176, 47.99791], [-83.27175, 47.99791], [-83.27175, 47.99793], [-83.27174, 47.99795], [-83.27174, 47.99796], [-83.27172, 47.998], [-83.27169, 47.99806], [-83.2717, 47.99807], [-83.27172, 47.99807], [-83.27173, 47.99807], [-83.27174, 47.99808], [-83.27176, 47.99808], [-83.27177, 47.99809], [-83.27179, 47.99822], [-83.27178, 47.99833], [-83.27181, 47.99844], [-83.27185, 47.99847], [-83.27195, 47.9985], [-83.272, 47.99858], [-83.27203, 47.99861], [-83.27214, 47.99866], [-83.27224, 47.9987], [-83.2725, 47.99884], [-83.27265, 47.99891], [-83.27274, 47.99893], [-83.27276, 47.99895], [-83.27276, 47.99897], [-83.27274, 47.99899], [-83.27272, 47.99901], [-83.27263, 47.99902], [-83.27259, 47.99905], [-83.27258, 47.99908], [-83.27262, 47.99919], [-83.27265, 47.9993], [-83.27269, 47.99937], [-83.27269, 47.99941], [-83.27256, 47.99964], [-83.27243, 47.99978], [-83.27237, 47.99989], [-83.27234, 47.99999], [-83.27231, 48.00002], [-83.27212, 48.00003], [-83.27205, 48.00003], [-83.27198, 48.0], [-83.27187, 47.99993], [-83.27179, 47.99991], [-83.27168, 47.99991], [-83.27162, 47.99992], [-83.27154, 47.99994], [-83.2715, 47.99997], [-83.27143, 48.00007], [-83.27141, 48.00019], [-83.27142, 48.00023], [-83.27152, 48.0003], [-83.27157, 48.00035], [-83.27159, 48.00038], [-83.27156, 48.00048], [-83.27156, 48.00055], [-83.2715, 48.00062], [-83.27149, 48.00064], [-83.27151, 48.00076], [-83.2715, 48.00085], [-83.27148, 48.00088], [-83.27144, 48.00092], [-83.27141, 48.00094], [-83.27135, 48.00094], [-83.27127, 48.00096], [-83.27126, 48.00096], [-83.27124, 48.001], [-83.27121, 48.00105], [-83.27119, 48.00107], [-83.27116, 48.0011], [-83.27103, 48.00113], [-83.27096, 48.00114], [-83.27088, 48.00122], [-83.2708, 48.00133], [-83.27077, 48.00141], [-83.27078, 48.00144], [-83.2708, 48.0015], [-83.27075, 48.00161], [-83.27064, 48.00168], [-83.27056, 48.00167], [-83.27026, 48.00165], [-83.27021, 48.00166], [-83.27016, 48.00167], [-83.2701, 48.00171], [-83.27006, 48.00175], [-83.26997, 48.00193], [-83.26993, 48.00197], [-83.26988, 48.002], [-83.26976, 48.00203], [-83.2694, 48.00208], [-83.26914, 48.00216], [-83.26892, 48.00225], [-83.26852, 48.00247], [-83.26838, 48.00253], [-83.26824, 48.00256], [-83.26795, 48.00258], [-83.26783, 48.0026], [-83.26772, 48.00263], [-83.26757, 48.00272], [-83.26748, 48.00276], [-83.26717, 48.00282], [-83.26704, 48.00285], [-83.26694, 48.0029], [-83.26684, 48.00296], [-83.26666, 48.00315], [-83.26659, 48.0032], [-83.26649, 48.00325], [-83.26634, 48.00331], [-83.26606, 48.00337], [-83.26587, 48.00338], [-83.26573, 48.00337], [-83.26541, 48.00329], [-83.26533, 48.00328], [-83.26528, 48.00329], [-83.26521, 48.00334], [-83.26512, 48.00344], [-83.26511, 48.00349], [-83.26513, 48.0036], [-83.26513, 48.00365], [-83.2651, 48.00372], [-83.26504, 48.00377], [-83.26498, 48.00379], [-83.26484, 48.00383], [-83.26475, 48.00387], [-83.26465, 48.00393], [-83.26461, 48.00394], [-83.26439, 48.00397], [-83.2643, 48.00397], [-83.26422, 48.00395], [-83.26413, 48.00395], [-83.26398, 48.00412], [-83.26388, 48.00418], [-83.26377, 48.00422], [-83.26356, 48.00426], [-83.26342, 48.0043], [-83.26329, 48.00436], [-83.26314, 48.00441], [-83.26304, 48.00447], [-83.26292, 48.00452], [-83.26274, 48.00463], [-83.26263, 48.00472], [-83.26249, 48.00486], [-83.26237, 48.00494], [-83.26234, 48.00498], [-83.26231, 48.00504], [-83.26229, 48.00514], [-83.26232, 48.00527], [-83.26232, 48.00532], [-83.26217, 48.00559], [-83.26204, 48.0057], [-83.26202, 48.00573], [-83.26202, 48.00591], [-83.262, 48.00602], [-83.26199, 48.0061], [-83.262, 48.00615], [-83.26206, 48.00628], [-83.26206, 48.00636], [-83.262, 48.00656], [-83.2619, 48.00674], [-83.26181, 48.00687], [-83.26171, 48.00697], [-83.26152, 48.00708], [-83.26122, 48.00721], [-83.26098, 48.00729], [-83.26093, 48.00732], [-83.26087, 48.00736], [-83.2608, 48.00745], [-83.26067, 48.00772], [-83.26064, 48.00775], [-83.26048, 48.00786], [-83.26042, 48.00791], [-83.26038, 48.00798], [-83.26034, 48.00809], [-83.2603, 48.00813], [-83.26024, 48.00818], [-83.2601, 48.00825], [-83.26004, 48.00828], [-83.25985, 48.00846], [-83.25974, 48.00861], [-83.25973, 48.00866], [-83.25973, 48.0088], [-83.25968, 48.00898], [-83.25969, 48.0091], [-83.25971, 48.00917], [-83.25973, 48.00922], [-83.25979, 48.00927], [-83.26006, 48.00943], [-83.2601, 48.00946], [-83.26014, 48.0095], [-83.26024, 48.00969], [-83.26028, 48.00973], [-83.26029, 48.00983], [-83.26028, 48.00987], [-83.26019, 48.00992], [-83.26016, 48.00997], [-83.2601, 48.00998], [-83.26008, 48.01001], [-83.26012, 48.01013], [-83.26017, 48.01019], [-83.26018, 48.01024], [-83.26018, 48.01043], [-83.2602, 48.01055], [-83.26017, 48.01062], [-83.26014, 48.01064], [-83.26014, 48.01064], [-83.2601, 48.01064], [-83.25997, 48.0106], [-83.25985, 48.01058], [-83.25967, 48.01054], [-83.25966, 48.01038], [-83.2596, 48.01025], [-83.25959, 48.0102], [-83.2596, 48.01013], [-83.25967, 48.00998], [-83.25968, 48.00991], [-83.25967, 48.00988], [-83.25965, 48.00987], [-83.25962, 48.00985], [-83.25959, 48.00985], [-83.25956, 48.00986], [-83.25951, 48.00988], [-83.25941, 48.00996], [-83.25931, 48.01003], [-83.2592, 48.01007], [-83.25917, 48.01009], [-83.25904, 48.01024], [-83.259, 48.01027], [-83.25863, 48.01045], [-83.2585, 48.0105], [-83.25844, 48.01053], [-83.25824, 48.01069], [-83.25811, 48.01082], [-83.25806, 48.01085], [-83.25801, 48.01086], [-83.25789, 48.01088], [-83.25782, 48.0109], [-83.25763, 48.01101], [-83.2575, 48.01111], [-83.25734, 48.0112], [-83.25718, 48.01126], [-83.25702, 48.01136], [-83.25697, 48.01138], [-83.2569, 48.01138], [-83.25684, 48.01139], [-83.25674, 48.01138], [-83.25659, 48.01145], [-83.25655, 48.01149], [-83.25641, 48.01175], [-83.2563, 48.01189], [-83.25621, 48.01193], [-83.25599, 48.01201], [-83.25591, 48.01207], [-83.25589, 48.01212], [-83.25587, 48.01232], [-83.25588, 48.01257], [-83.25586, 48.01263], [-83.25586, 48.01269], [-83.25585, 48.01281], [-83.25585, 48.01286], [-83.25585, 48.01288], [-83.25581, 48.01301], [-83.25582, 48.01306], [-83.25584, 48.01308], [-83.25598, 48.01313], [-83.25601, 48.01316], [-83.25602, 48.0132], [-83.25603, 48.01325], [-83.25602, 48.01328], [-83.256, 48.0133], [-83.25595, 48.01332], [-83.25583, 48.01335], [-83.25564, 48.01341], [-83.25536, 48.01343], [-83.2553, 48.01346], [-83.25514, 48.01356], [-83.25506, 48.01358], [-83.25482, 48.01359], [-83.25478, 48.01358], [-83.25469, 48.01353], [-83.25455, 48.01351], [-83.2545, 48.01351], [-83.25441, 48.01353], [-83.25439, 48.01354], [-83.25437, 48.01356], [-83.25437, 48.01365], [-83.25434, 48.0137], [-83.25428, 48.01373], [-83.25411, 48.01379], [-83.25391, 48.01393], [-83.25383, 48.01397], [-83.25376, 48.01399], [-83.25368, 48.01399], [-83.25336, 48.01394], [-83.25328, 48.01394], [-83.25312, 48.01396], [-83.25306, 48.01399], [-83.25302, 48.01402], [-83.2529, 48.01415], [-83.25285, 48.01426], [-83.25269, 48.01441], [-83.25266, 48.01452], [-83.2526, 48.01462], [-83.25255, 48.01466], [-83.25246, 48.01472], [-83.2524, 48.01478], [-83.25233, 48.015], [-83.25228, 48.01509], [-83.25224, 48.01529], [-83.25223, 48.01541], [-83.25219, 48.0155], [-83.25217, 48.01558], [-83.25213, 48.01565], [-83.2521, 48.01575], [-83.25205, 48.01581], [-83.25205, 48.01588], [-83.252, 48.01596], [-83.25195, 48.01607], [-83.25192, 48.01622], [-83.25193, 48.01632], [-83.25183, 48.01647], [-83.25176, 48.01667], [-83.25174, 48.01674], [-83.25171, 48.0168], [-83.25166, 48.01684], [-83.25156, 48.01689], [-83.25145, 48.01695], [-83.25135, 48.01704], [-83.25128, 48.01715], [-83.25122, 48.01732], [-83.25118, 48.01736], [-83.25114, 48.0174], [-83.25105, 48.01744], [-83.25092, 48.01756], [-83.25079, 48.01762], [-83.25066, 48.01772], [-83.25047, 48.0179], [-83.25037, 48.01797], [-83.2503, 48.01804], [-83.25011, 48.01813], [-83.24995, 48.01818], [-83.24987, 48.01823], [-83.24978, 48.0183], [-83.24968, 48.0184], [-83.24957, 48.01849], [-83.24949, 48.01852], [-83.24946, 48.01854], [-83.24943, 48.01859], [-83.24938, 48.01868], [-83.24926, 48.01879], [-83.24923, 48.0188], [-83.24905, 48.01884], [-83.24887, 48.01887], [-83.24882, 48.01889], [-83.24874, 48.01896], [-83.24866, 48.01909], [-83.24851, 48.01917], [-83.24845, 48.01925], [-83.24837, 48.01929], [-83.24818, 48.01936], [-83.24816, 48.01936], [-83.24803, 48.01947], [-83.248, 48.0195], [-83.248, 48.01951], [-83.24803, 48.01962], [-83.24802, 48.01966], [-83.24797, 48.01973], [-83.24783, 48.01985], [-83.24781, 48.01987], [-83.24778, 48.01996], [-83.24777, 48.01999], [-83.24777, 48.02], [-83.2478, 48.02005], [-83.24782, 48.02013], [-83.2478, 48.02028], [-83.24777, 48.02048], [-83.24772, 48.02061], [-83.24759, 48.02081], [-83.24758, 48.02082], [-83.24759, 48.02085], [-83.24759, 48.02087], [-83.24769, 48.02095], [-83.24773, 48.02103], [-83.24774, 48.02114], [-83.24772, 48.02122], [-83.24765, 48.02129], [-83.24754, 48.02138], [-83.24748, 48.02143], [-83.2474, 48.02163], [-83.24736, 48.02169], [-83.24731, 48.02174], [-83.24726, 48.02176], [-83.2471, 48.02179], [-83.24708, 48.0218], [-83.24701, 48.02183], [-83.247, 48.02183], [-83.24695, 48.02189], [-83.2469, 48.02197], [-83.24683, 48.02203], [-83.24669, 48.02206], [-83.24659, 48.02207], [-83.24657, 48.02205], [-83.24648, 48.02213], [-83.24645, 48.02216], [-83.24642, 48.02219], [-83.24639, 48.02221], [-83.24636, 48.02223], [-83.24633, 48.02226], [-83.24629, 48.02232], [-83.24629, 48.02234], [-83.24622, 48.02241], [-83.24619, 48.02242], [-83.24618, 48.02245], [-83.24617, 48.02246], [-83.24615, 48.02253], [-83.24615, 48.02254], [-83.24613, 48.02258], [-83.24612, 48.0226], [-83.24611, 48.02261], [-83.2461, 48.02263], [-83.24607, 48.02266], [-83.246, 48.02272], [-83.24593, 48.02278], [-83.24581, 48.02285], [-83.24577, 48.02288], [-83.24573, 48.02291], [-83.24568, 48.02293], [-83.24563, 48.02296], [-83.24559, 48.02298], [-83.24554, 48.02302], [-83.24549, 48.02305], [-83.24545, 48.02308], [-83.2454, 48.02312], [-83.24536, 48.02315], [-83.24531, 48.02319], [-83.24527, 48.02323], [-83.24523, 48.02327], [-83.24519, 48.02331], [-83.24515, 48.02335], [-83.24511, 48.02339], [-83.24508, 48.02344], [-83.24505, 48.02348], [-83.24502, 48.02353], [-83.24499, 48.02357], [-83.24495, 48.02362], [-83.24492, 48.02366], [-83.24489, 48.02371], [-83.24485, 48.02375], [-83.24482, 48.0238], [-83.2448, 48.02384], [-83.24478, 48.02389], [-83.24478, 48.02391], [-83.24477, 48.02395], [-83.24475, 48.024], [-83.24471, 48.02404], [-83.2447, 48.02404], [-83.24463, 48.0241], [-83.24461, 48.02412], [-83.24462, 48.02413], [-83.24462, 48.02414], [-83.24463, 48.02415], [-83.24463, 48.02416], [-83.24455, 48.02422], [-83.24443, 48.02429], [-83.2444, 48.02431], [-83.24427, 48.02433], [-83.24423, 48.02434], [-83.24422, 48.02435], [-83.2442, 48.02436], [-83.24418, 48.02438], [-83.24416, 48.02441], [-83.24416, 48.02445], [-83.24422, 48.02454], [-83.24422, 48.0246], [-83.2442, 48.02464], [-83.2441, 48.02473], [-83.24404, 48.02487], [-83.24397, 48.02492], [-83.24383, 48.02499], [-83.24369, 48.02509], [-83.24343, 48.02517], [-83.24334, 48.02522], [-83.24326, 48.0253], [-83.24317, 48.02534], [-83.24312, 48.0254], [-83.24305, 48.02543], [-83.24304, 48.02545], [-83.24304, 48.02555], [-83.24301, 48.02558], [-83.24294, 48.02562], [-83.2428, 48.02566], [-83.24266, 48.02573], [-83.24254, 48.02576], [-83.24246, 48.02579], [-83.24238, 48.02583], [-83.24231, 48.02588], [-83.24217, 48.02597], [-83.24182, 48.0261], [-83.24173, 48.02612], [-83.24138, 48.02617], [-83.24116, 48.02621], [-83.24107, 48.02621], [-83.24095, 48.02619], [-83.24064, 48.02608], [-83.24057, 48.02604], [-83.24047, 48.02594], [-83.24044, 48.02592], [-83.24032, 48.02588], [-83.24021, 48.02586], [-83.23995, 48.02583], [-83.23965, 48.02579], [-83.23945, 48.02578], [-83.23898, 48.02579], [-83.23876, 48.02582], [-83.23844, 48.02588], [-83.23819, 48.02588], [-83.23811, 48.02589], [-83.23794, 48.02592], [-83.23769, 48.026], [-83.23764, 48.02604], [-83.23758, 48.0261], [-83.23747, 48.02627], [-83.23742, 48.02637], [-83.23742, 48.02645], [-83.23744, 48.02647], [-83.23763, 48.02658], [-83.23776, 48.02669], [-83.23781, 48.02672], [-83.23799, 48.02677], [-83.23813, 48.02676], [-83.23818, 48.02676], [-83.23823, 48.02678], [-83.23826, 48.0268], [-83.23829, 48.02683], [-83.23833, 48.0269], [-83.23839, 48.02714], [-83.23842, 48.02719], [-83.23859, 48.02734], [-83.23866, 48.02738], [-83.23875, 48.02742], [-83.23879, 48.02746], [-83.23885, 48.02754], [-83.2389, 48.02766], [-83.23893, 48.0278], [-83.239, 48.02798], [-83.23901, 48.02812], [-83.23905, 48.0283], [-83.23904, 48.02841], [-83.23903, 48.02844], [-83.23905, 48.02853], [-83.23908, 48.02858], [-83.23909, 48.0286], [-83.23921, 48.02866], [-83.23927, 48.02874], [-83.23929, 48.02882], [-83.23938, 48.029], [-83.23937, 48.0291], [-83.23935, 48.02915], [-83.23937, 48.02922], [-83.23935, 48.02928], [-83.23936, 48.02936], [-83.23941, 48.02947], [-83.23951, 48.02961], [-83.23952, 48.02965], [-83.2395, 48.0297], [-83.23936, 48.02979], [-83.23927, 48.02989], [-83.23922, 48.02994], [-83.23916, 48.03004], [-83.2391, 48.03021], [-83.23902, 48.03036], [-83.23894, 48.03051], [-83.23864, 48.03076], [-83.23847, 48.0309], [-83.2383, 48.03101], [-83.23815, 48.03109], [-83.23799, 48.03116], [-83.2379, 48.03123], [-83.23769, 48.03136], [-83.23762, 48.0314], [-83.23749, 48.0315], [-83.23738, 48.03155], [-83.23732, 48.03158], [-83.23727, 48.03162], [-83.23722, 48.03167], [-83.23716, 48.03168], [-83.23703, 48.03172], [-83.23675, 48.03186], [-83.2366, 48.0319], [-83.23644, 48.03198], [-83.23633, 48.03202], [-83.23624, 48.03208], [-83.23618, 48.03216], [-83.23612, 48.03231], [-83.23594, 48.03262], [-83.2359, 48.03274], [-83.23584, 48.03285], [-83.2358, 48.03301], [-83.2356, 48.03324], [-83.23541, 48.03337], [-83.23541, 48.03339], [-83.23537, 48.03347], [-83.23529, 48.03357], [-83.23529, 48.03357], [-83.23526, 48.03373], [-83.23525, 48.03376], [-83.2351, 48.03391], [-83.23501, 48.03398], [-83.23492, 48.03412], [-83.23487, 48.03418], [-83.23479, 48.03424], [-83.23462, 48.03436], [-83.23438, 48.03441], [-83.23424, 48.03451], [-83.23409, 48.03456], [-83.23396, 48.03459], [-83.23367, 48.03459], [-83.23346, 48.03461], [-83.23335, 48.03465], [-83.23319, 48.03476], [-83.23318, 48.03478], [-83.23314, 48.03483], [-83.23306, 48.03498], [-83.23295, 48.0351], [-83.2329, 48.03518], [-83.23284, 48.03529], [-83.23279, 48.03544], [-83.23278, 48.03547], [-83.23274, 48.03553], [-83.23248, 48.0358], [-83.23239, 48.03588], [-83.23238, 48.03589], [-83.23234, 48.03594], [-83.23221, 48.03608], [-83.23216, 48.03614], [-83.23212, 48.03624], [-83.23211, 48.03625], [-83.232, 48.03637], [-83.23194, 48.0365], [-83.23181, 48.03667], [-83.2318, 48.03668], [-83.23172, 48.03676], [-83.23163, 48.03685], [-83.23161, 48.03686], [-83.23161, 48.03687], [-83.23135, 48.03701], [-83.23117, 48.03706], [-83.23111, 48.03709], [-83.23101, 48.03718], [-83.23095, 48.03731], [-83.23095, 48.03734], [-83.23091, 48.03742], [-83.23089, 48.03754], [-83.23083, 48.03762], [-83.23073, 48.03766], [-83.23064, 48.03775], [-83.23058, 48.03779], [-83.23044, 48.03791], [-83.23043, 48.03791], [-83.2304, 48.03804], [-83.23034, 48.0381], [-83.23032, 48.03812], [-83.2303, 48.03815], [-83.23024, 48.03821], [-83.23017, 48.03825], [-83.23005, 48.03835], [-83.22998, 48.0384], [-83.22994, 48.0385], [-83.22996, 48.03859], [-83.22986, 48.03869], [-83.22974, 48.03887], [-83.22963, 48.03897], [-83.22952, 48.03912], [-83.22948, 48.03921], [-83.22948, 48.03923], [-83.22947, 48.03933], [-83.22945, 48.03939], [-83.22944, 48.03942], [-83.22943, 48.0395], [-83.22942, 48.03954], [-83.22939, 48.03966], [-83.22934, 48.03972], [-83.22939, 48.03981], [-83.2294, 48.03994], [-83.22949, 48.04007], [-83.22948, 48.04012], [-83.22944, 48.04024], [-83.22946, 48.04032], [-83.22952, 48.04041], [-83.22967, 48.04054], [-83.22979, 48.04059], [-83.22983, 48.04063], [-83.22984, 48.04065], [-83.22981, 48.04066], [-83.22975, 48.04069], [-83.22975, 48.04075], [-83.22977, 48.04081], [-83.2298, 48.04085], [-83.22983, 48.04086], [-83.2299, 48.04087], [-83.2299, 48.0409], [-83.2299, 48.04093], [-83.22991, 48.04109], [-83.22986, 48.04122], [-83.22985, 48.04131], [-83.22982, 48.04138], [-83.22982, 48.04143], [-83.22983, 48.04157], [-83.22988, 48.0417], [-83.2299, 48.04174], [-83.22999, 48.04184], [-83.23006, 48.04207], [-83.23006, 48.04221], [-83.23007, 48.04229], [-83.23005, 48.04244], [-83.23009, 48.04255], [-83.23014, 48.04259], [-83.23011, 48.04267], [-83.23006, 48.04269], [-83.23003, 48.04276], [-83.23007, 48.04279], [-83.23009, 48.04281], [-83.23005, 48.04285], [-83.23004, 48.04289], [-83.23004, 48.04296], [-83.23009, 48.0431], [-83.23006, 48.04321], [-83.23006, 48.04328], [-83.2301, 48.0434], [-83.23011, 48.04356], [-83.23014, 48.04366], [-83.23018, 48.04399], [-83.23017, 48.04415], [-83.23018, 48.04428], [-83.23023, 48.04454], [-83.23022, 48.04477], [-83.23021, 48.04484], [-83.23021, 48.04491], [-83.23016, 48.04501], [-83.23013, 48.0452], [-83.23014, 48.04544], [-83.23018, 48.04555], [-83.23023, 48.04563], [-83.23025, 48.04573], [-83.23021, 48.04596], [-83.23019, 48.04611], [-83.2302, 48.04624], [-83.23019, 48.04628], [-83.23015, 48.04642], [-83.23018, 48.04646], [-83.23014, 48.0465], [-83.23012, 48.04658], [-83.23007, 48.04666], [-83.23006, 48.0467], [-83.23004, 48.04675], [-83.23005, 48.04676], [-83.23009, 48.04682], [-83.23008, 48.04691], [-83.23003, 48.04697], [-83.23001, 48.04701], [-83.23005, 48.04711], [-83.23008, 48.04718], [-83.23014, 48.04731], [-83.23013, 48.04744], [-83.23007, 48.04759], [-83.23006, 48.0477], [-83.23009, 48.0478], [-83.23014, 48.04786], [-83.23015, 48.04793], [-83.23013, 48.048], [-83.2301, 48.04811], [-83.23011, 48.04821], [-83.23016, 48.04839], [-83.23017, 48.04844], [-83.23013, 48.04867], [-83.23008, 48.04875], [-83.23012, 48.04879], [-83.23014, 48.04884], [-83.23016, 48.04917], [-83.23023, 48.04931], [-83.23028, 48.0495], [-83.2303, 48.04974], [-83.23031, 48.04995], [-83.23023, 48.05011], [-83.2302, 48.05026], [-83.23014, 48.05034], [-83.23003, 48.05056], [-83.22984, 48.0508], [-83.22969, 48.05087], [-83.22963, 48.05089], [-83.22939, 48.05103], [-83.22917, 48.05108], [-83.22904, 48.05113], [-83.22897, 48.05115], [-83.22878, 48.05118], [-83.22857, 48.05119], [-83.22851, 48.05118], [-83.22827, 48.05111], [-83.22813, 48.0511], [-83.22799, 48.05111], [-83.22786, 48.05114], [-83.22781, 48.05116], [-83.22779, 48.05118], [-83.22763, 48.05136], [-83.22748, 48.0515], [-83.22739, 48.05156], [-83.2273, 48.05167], [-83.22722, 48.05184], [-83.22722, 48.05188], [-83.22721, 48.05196], [-83.22718, 48.05205], [-83.22713, 48.0522], [-83.22707, 48.0523], [-83.22701, 48.05237], [-83.22695, 48.05245], [-83.22691, 48.05249], [-83.22688, 48.05251], [-83.22684, 48.05258], [-83.22678, 48.05264], [-83.22673, 48.05266], [-83.22664, 48.05268], [-83.22659, 48.0527], [-83.2265, 48.05275], [-83.22637, 48.05282], [-83.22621, 48.05291], [-83.22609, 48.05296], [-83.22608, 48.05297], [-83.22608, 48.053], [-83.22606, 48.05302], [-83.22601, 48.05305], [-83.22595, 48.05309], [-83.22589, 48.0531], [-83.22575, 48.05309], [-83.22561, 48.0531], [-83.22558, 48.05311], [-83.22555, 48.05316], [-83.22553, 48.05319], [-83.22546, 48.05322], [-83.2254, 48.05323], [-83.22526, 48.05322], [-83.22512, 48.05327], [-83.22489, 48.0533], [-83.22481, 48.0533], [-83.22467, 48.05326], [-83.22447, 48.05329], [-83.22443, 48.05329], [-83.22434, 48.05329], [-83.22425, 48.05331], [-83.22419, 48.05332], [-83.22413, 48.05331], [-83.22409, 48.05329], [-83.22402, 48.0533], [-83.22393, 48.05329], [-83.22382, 48.05328], [-83.22377, 48.05323], [-83.22359, 48.05322], [-83.22346, 48.05322], [-83.22323, 48.05321], [-83.22308, 48.05322], [-83.22248, 48.05324], [-83.22229, 48.05326], [-83.22219, 48.05325], [-83.22207, 48.05322], [-83.22192, 48.05314], [-83.22177, 48.05308], [-83.22165, 48.05298], [-83.22155, 48.05292], [-83.22152, 48.05285], [-83.22145, 48.05278], [-83.22143, 48.0527], [-83.22141, 48.05264], [-83.22142, 48.05259], [-83.22148, 48.05251], [-83.22172, 48.05232], [-83.22177, 48.05227], [-83.22181, 48.05219], [-83.22183, 48.05209], [-83.22183, 48.05205], [-83.2218, 48.05202], [-83.22172, 48.05197], [-83.22164, 48.05188], [-83.22154, 48.05181], [-83.22139, 48.05176], [-83.22123, 48.05172], [-83.22104, 48.05171], [-83.22088, 48.05171], [-83.22024, 48.05177], [-83.21984, 48.05178], [-83.21952, 48.0518], [-83.21938, 48.05181], [-83.21922, 48.05183], [-83.21898, 48.05182], [-83.21892, 48.05182], [-83.21876, 48.05177], [-83.21863, 48.05176], [-83.21834, 48.05178], [-83.21809, 48.05181], [-83.21775, 48.05182], [-83.21748, 48.05181], [-83.21732, 48.05176], [-83.21722, 48.05176], [-83.21717, 48.05176], [-83.21698, 48.05174], [-83.21667, 48.05178], [-83.21643, 48.05182], [-83.21608, 48.05193], [-83.21536, 48.05202], [-83.21528, 48.05201], [-83.21521, 48.05201], [-83.21513, 48.052], [-83.2151, 48.05198], [-83.21509, 48.05196], [-83.21509, 48.05195], [-83.21503, 48.05193], [-83.21494, 48.05189], [-83.21468, 48.05191], [-83.21465, 48.05191], [-83.21457, 48.05193], [-83.2144, 48.05197], [-83.21438, 48.05197], [-83.21428, 48.05201], [-83.21417, 48.05206], [-83.21406, 48.05212], [-83.21388, 48.05232], [-83.21387, 48.05236], [-83.21389, 48.05249], [-83.21388, 48.05261], [-83.21392, 48.05273], [-83.21401, 48.05279], [-83.21406, 48.05289], [-83.21417, 48.05299], [-83.21427, 48.05311], [-83.21432, 48.05317], [-83.21437, 48.05327], [-83.21441, 48.0533], [-83.21449, 48.05334], [-83.21451, 48.05336], [-83.21451, 48.05339], [-83.2145, 48.0534], [-83.2145, 48.05341], [-83.21449, 48.05341], [-83.21447, 48.05341], [-83.21443, 48.05341], [-83.2144, 48.05347], [-83.21441, 48.05352], [-83.21442, 48.05356], [-83.21442, 48.05361], [-83.21441, 48.05366], [-83.21437, 48.05372], [-83.21436, 48.05377], [-83.21436, 48.05383], [-83.21441, 48.0539], [-83.21442, 48.054], [-83.21445, 48.05405], [-83.2145, 48.05411], [-83.2145, 48.05415], [-83.2145, 48.05417], [-83.2145, 48.05422], [-83.2145, 48.05425], [-83.21447, 48.05429], [-83.21446, 48.05434], [-83.21445, 48.0544], [-83.21444, 48.05445], [-83.21444, 48.05447], [-83.21441, 48.0545], [-83.21439, 48.05452], [-83.21436, 48.05454], [-83.21438, 48.05456], [-83.2144, 48.05459], [-83.21441, 48.05469], [-83.2144, 48.05479], [-83.21444, 48.05485], [-83.21453, 48.05497], [-83.21462, 48.05505], [-83.21474, 48.0553], [-83.21481, 48.05534], [-83.21484, 48.05536], [-83.21487, 48.05538], [-83.21494, 48.05545], [-83.21496, 48.05549], [-83.21498, 48.05554], [-83.215, 48.05564], [-83.21495, 48.0557], [-83.21495, 48.05573], [-83.21495, 48.05581], [-83.21496, 48.05584], [-83.21496, 48.05585], [-83.21503, 48.05596], [-83.21502, 48.05609], [-83.215, 48.05613], [-83.21493, 48.05619], [-83.2148, 48.05637], [-83.21479, 48.05639], [-83.21477, 48.05644], [-83.21477, 48.05644], [-83.21478, 48.05656], [-83.2148, 48.05659], [-83.21482, 48.05661], [-83.21486, 48.05663], [-83.21489, 48.05663], [-83.21495, 48.05662], [-83.21518, 48.05652], [-83.21525, 48.05651], [-83.21535, 48.05654], [-83.21544, 48.05659], [-83.21546, 48.05661], [-83.21552, 48.05669], [-83.2155, 48.05672], [-83.21552, 48.05675], [-83.21558, 48.05676], [-83.21561, 48.0568], [-83.21565, 48.05687], [-83.21566, 48.0569], [-83.21564, 48.05694], [-83.21563, 48.05697], [-83.21563, 48.05702], [-83.21566, 48.05706], [-83.21566, 48.0571], [-83.21566, 48.05713], [-83.21566, 48.05719], [-83.21563, 48.05727], [-83.21562, 48.05732], [-83.21561, 48.05733], [-83.2156, 48.05738], [-83.21553, 48.05747], [-83.21548, 48.05751], [-83.21529, 48.05755], [-83.2151, 48.0576], [-83.21498, 48.05763], [-83.21491, 48.05769], [-83.21483, 48.05772], [-83.21472, 48.05774], [-83.21462, 48.05779], [-83.21453, 48.05782], [-83.21445, 48.05783], [-83.21439, 48.0578], [-83.2143, 48.05778], [-83.21413, 48.05777], [-83.21407, 48.05777], [-83.21389, 48.05782], [-83.21377, 48.05793], [-83.2136, 48.05799], [-83.21337, 48.05804], [-83.21315, 48.05808], [-83.21304, 48.05811], [-83.213, 48.05815], [-83.21284, 48.05818], [-83.21275, 48.05816], [-83.21268, 48.05813], [-83.21261, 48.0581], [-83.21261, 48.05809], [-83.21261, 48.05807], [-83.21262, 48.05805], [-83.21256, 48.05803], [-83.21253, 48.05804], [-83.2125, 48.05804], [-83.21247, 48.05804], [-83.21239, 48.05803], [-83.21228, 48.05796], [-83.21225, 48.05792], [-83.21224, 48.05791], [-83.21218, 48.05788], [-83.21209, 48.05785], [-83.212, 48.05783], [-83.21179, 48.05782], [-83.21173, 48.05783], [-83.21166, 48.05785], [-83.21159, 48.05788], [-83.21152, 48.05794], [-83.21149, 48.058], [-83.21148, 48.05812], [-83.21145, 48.0582], [-83.21142, 48.05824], [-83.21133, 48.05831], [-83.21124, 48.05836], [-83.21113, 48.05841], [-83.21103, 48.05845], [-83.21096, 48.05849], [-83.2109, 48.0585], [-83.2108, 48.0585], [-83.21074, 48.05851], [-83.21072, 48.05852], [-83.21071, 48.05852], [-83.21064, 48.05857], [-83.21056, 48.05863], [-83.21048, 48.05867], [-83.21036, 48.05872], [-83.21029, 48.05879], [-83.21026, 48.05882], [-83.21022, 48.05891], [-83.2102, 48.05897], [-83.2102, 48.05899], [-83.21019, 48.05904], [-83.21016, 48.0591], [-83.21009, 48.05916], [-83.21004, 48.05919], [-83.21003, 48.0592], [-83.20986, 48.05923], [-83.2095, 48.05925], [-83.20923, 48.05929], [-83.2091, 48.05932], [-83.20901, 48.05936], [-83.20895, 48.05941], [-83.20889, 48.05953], [-83.2088, 48.0596], [-83.20877, 48.05969], [-83.20874, 48.05973], [-83.20873, 48.05973], [-83.20866, 48.05978], [-83.20859, 48.0598], [-83.20854, 48.05982], [-83.20851, 48.05986], [-83.20851, 48.05991], [-83.20851, 48.05994], [-83.2085, 48.05997], [-83.20843, 48.06003], [-83.20835, 48.06015], [-83.20813, 48.0604], [-83.20803, 48.06049], [-83.20793, 48.06055], [-83.20788, 48.06063], [-83.20787, 48.06068], [-83.20788, 48.06075], [-83.20793, 48.06085], [-83.20794, 48.06089], [-83.20793, 48.06098], [-83.20786, 48.06113], [-83.20786, 48.06114], [-83.2079, 48.0612], [-83.20791, 48.06123], [-83.2079, 48.06125], [-83.20784, 48.0613], [-83.20786, 48.06135], [-83.20786, 48.06137], [-83.20776, 48.06144], [-83.20774, 48.06147], [-83.20768, 48.06169], [-83.2077, 48.06174], [-83.20774, 48.06176], [-83.20781, 48.06176], [-83.20791, 48.06173], [-83.20795, 48.06174], [-83.208, 48.06178], [-83.20807, 48.06185], [-83.20807, 48.06187], [-83.20797, 48.06193], [-83.20793, 48.06199], [-83.2078, 48.06204], [-83.20777, 48.06207], [-83.20773, 48.06213], [-83.20769, 48.06216], [-83.20731, 48.0623], [-83.20727, 48.0623], [-83.2072, 48.06229], [-83.20718, 48.06229], [-83.20715, 48.0623], [-83.2071, 48.06237], [-83.20703, 48.06241], [-83.20693, 48.06246], [-83.20684, 48.06249], [-83.20673, 48.06256], [-83.20666, 48.06263], [-83.20658, 48.06268], [-83.2065, 48.06277], [-83.2063, 48.06287], [-83.20604, 48.06306], [-83.20596, 48.06313], [-83.2058, 48.06322], [-83.20565, 48.06336], [-83.20561, 48.0634], [-83.20554, 48.06344], [-83.20551, 48.0635], [-83.20541, 48.06356], [-83.20534, 48.06362], [-83.20519, 48.06371], [-83.20501, 48.06385], [-83.20492, 48.06395], [-83.20477, 48.06408], [-83.20461, 48.06423], [-83.20451, 48.0643], [-83.20428, 48.06443], [-83.20422, 48.06452], [-83.20405, 48.0647], [-83.20396, 48.06475], [-83.2039, 48.06476], [-83.2039, 48.06478], [-83.2039, 48.06483], [-83.20389, 48.06487], [-83.20375, 48.06503], [-83.20368, 48.06508], [-83.20348, 48.06519], [-83.20323, 48.06536], [-83.20305, 48.0655], [-83.20284, 48.0657], [-83.2028, 48.06575], [-83.20279, 48.06583], [-83.20277, 48.06587], [-83.20267, 48.06595], [-83.20263, 48.06598], [-83.20263, 48.06608], [-83.20252, 48.06626], [-83.20246, 48.06643], [-83.20234, 48.06653], [-83.20223, 48.06667], [-83.20211, 48.06677], [-83.20204, 48.06689], [-83.20203, 48.06692], [-83.20205, 48.06697], [-83.20209, 48.06701], [-83.20217, 48.06704], [-83.20218, 48.06706], [-83.20218, 48.06708], [-83.20215, 48.06712], [-83.20207, 48.06717], [-83.20187, 48.06725], [-83.20175, 48.06732], [-83.20163, 48.06738], [-83.20156, 48.06743], [-83.20149, 48.06751], [-83.20144, 48.06759], [-83.2013, 48.06767], [-83.2012, 48.06779], [-83.20113, 48.06797], [-83.20112, 48.06806], [-83.20107, 48.06813], [-83.20106, 48.06819], [-83.20101, 48.06826], [-83.20095, 48.06844], [-83.20086, 48.06857], [-83.20083, 48.06864], [-83.20083, 48.06869], [-83.20077, 48.06874], [-83.20067, 48.06888], [-83.20062, 48.06903], [-83.20055, 48.06909], [-83.2005, 48.06916], [-83.20048, 48.06923], [-83.20042, 48.06937], [-83.20041, 48.06946], [-83.20035, 48.06954], [-83.20032, 48.06961], [-83.20033, 48.06966], [-83.20039, 48.06973], [-83.20038, 48.06983], [-83.20035, 48.06987], [-83.20025, 48.06996], [-83.20019, 48.07005], [-83.20005, 48.07037], [-83.20002, 48.07048], [-83.19991, 48.07087], [-83.19982, 48.07104], [-83.19957, 48.07135], [-83.19944, 48.07148], [-83.19923, 48.07166], [-83.19894, 48.07202], [-83.19888, 48.07207], [-83.19871, 48.07216], [-83.19862, 48.07225], [-83.19855, 48.07235], [-83.19847, 48.07247], [-83.19841, 48.07261], [-83.1983, 48.07273], [-83.19828, 48.07278], [-83.19828, 48.07288], [-83.19824, 48.07293], [-83.1982, 48.07297], [-83.19814, 48.073], [-83.19783, 48.0731], [-83.19771, 48.07316], [-83.19766, 48.07322], [-83.19757, 48.07338], [-83.19751, 48.07343], [-83.1974, 48.07347], [-83.19716, 48.07352], [-83.19704, 48.07357], [-83.19698, 48.07359], [-83.19694, 48.07363], [-83.19691, 48.07368], [-83.19688, 48.07379], [-83.19685, 48.07385], [-83.19682, 48.07389], [-83.19678, 48.07392], [-83.1965, 48.07406], [-83.19628, 48.07415], [-83.19596, 48.07425], [-83.19525, 48.07444], [-83.19509, 48.07447], [-83.1949, 48.07449], [-83.19445, 48.0745], [-83.19403, 48.07449], [-83.19381, 48.07451], [-83.19365, 48.07455], [-83.19338, 48.07466], [-83.19327, 48.07469], [-83.19284, 48.07479], [-83.19252, 48.07484], [-83.19246, 48.07486], [-83.19241, 48.07489], [-83.19239, 48.07492], [-83.19238, 48.07494], [-83.1924, 48.07507], [-83.19239, 48.07513], [-83.19236, 48.07519], [-83.19229, 48.07527], [-83.19218, 48.07536], [-83.19182, 48.07559], [-83.19179, 48.07562], [-83.19172, 48.07571], [-83.19161, 48.07578], [-83.19151, 48.07587], [-83.19141, 48.07599], [-83.19133, 48.0762], [-83.19129, 48.07625], [-83.19123, 48.07631], [-83.19111, 48.0764], [-83.19089, 48.07649], [-83.19077, 48.07655], [-83.19068, 48.07662], [-83.19058, 48.07673], [-83.19049, 48.07685], [-83.1904, 48.07705], [-83.1902, 48.07728], [-83.19018, 48.07732], [-83.19016, 48.07739], [-83.19017, 48.07758], [-83.19013, 48.07768], [-83.19006, 48.07775], [-83.18999, 48.07781], [-83.18964, 48.07806], [-83.18953, 48.07824], [-83.1892, 48.07862], [-83.18913, 48.07869], [-83.18876, 48.079], [-83.18856, 48.07921], [-83.18847, 48.07933], [-83.1884, 48.07944], [-83.18835, 48.07953], [-83.18827, 48.07973], [-83.18812, 48.08], [-83.18806, 48.08009], [-83.18787, 48.08032], [-83.18778, 48.08044], [-83.18773, 48.08057], [-83.18763, 48.08091], [-83.18751, 48.08112], [-83.18743, 48.08132], [-83.1874, 48.08144], [-83.18736, 48.08172], [-83.18735, 48.08185], [-83.1873, 48.08193], [-83.18722, 48.08215], [-83.18716, 48.08235], [-83.18716, 48.08243], [-83.1872, 48.08258], [-83.1872, 48.08265], [-83.18709, 48.08296], [-83.18703, 48.08306], [-83.18702, 48.08318], [-83.18702, 48.08325], [-83.18704, 48.0834], [-83.18701, 48.08364], [-83.18701, 48.08374], [-83.18702, 48.0838], [-83.18708, 48.08397], [-83.18708, 48.08411], [-83.1871, 48.08416], [-83.18714, 48.0842], [-83.18729, 48.08434], [-83.18733, 48.08442], [-83.18729, 48.08455], [-83.18733, 48.08469], [-83.18732, 48.08505], [-83.1873, 48.08509], [-83.18718, 48.08527], [-83.1871, 48.08548], [-83.18707, 48.08558], [-83.18707, 48.0857], [-83.18709, 48.08585], [-83.18708, 48.08604], [-83.18708, 48.0862], [-83.18711, 48.08629], [-83.18715, 48.08636], [-83.18722, 48.08642], [-83.18739, 48.08654], [-83.18744, 48.08662], [-83.18751, 48.0868], [-83.18754, 48.08693], [-83.18758, 48.08723], [-83.18762, 48.08742], [-83.18763, 48.08775], [-83.1876, 48.08786], [-83.18754, 48.08843], [-83.18745, 48.08876], [-83.18738, 48.08891], [-83.18737, 48.08907], [-83.18731, 48.08923], [-83.18729, 48.08943], [-83.18735, 48.08954], [-83.18742, 48.0897], [-83.18744, 48.08976], [-83.18744, 48.08984], [-83.18746, 48.08988], [-83.18751, 48.08992], [-83.18768, 48.09002], [-83.18775, 48.09011], [-83.18783, 48.09014], [-83.18796, 48.09016], [-83.18811, 48.0902], [-83.1883, 48.09028], [-83.18868, 48.09042], [-83.18885, 48.0905], [-83.18899, 48.09061], [-83.18904, 48.09065], [-83.1891, 48.09073], [-83.18915, 48.09088], [-83.18919, 48.09095], [-83.1892, 48.09107], [-83.18923, 48.0912], [-83.18928, 48.09133], [-83.18933, 48.0915], [-83.18934, 48.09176], [-83.18933, 48.09182], [-83.18922, 48.09212], [-83.18918, 48.09227], [-83.1891, 48.09236], [-83.18903, 48.0925], [-83.18886, 48.09275], [-83.1887, 48.0929], [-83.18861, 48.093], [-83.18856, 48.09304], [-83.18835, 48.09316], [-83.18821, 48.09331], [-83.18796, 48.09354], [-83.1879, 48.09361], [-83.18775, 48.09385], [-83.18772, 48.09389], [-83.18746, 48.09412], [-83.18714, 48.09433], [-83.1869, 48.09457], [-83.18681, 48.09468], [-83.18666, 48.09495], [-83.18659, 48.0951], [-83.18657, 48.09515], [-83.18658, 48.09517], [-83.18662, 48.09519], [-83.18663, 48.09521], [-83.1866, 48.09531], [-83.18665, 48.09542], [-83.18666, 48.09559], [-83.18672, 48.0957], [-83.18684, 48.09582], [-83.18689, 48.0959], [-83.1869, 48.09598], [-83.18695, 48.0961], [-83.18699, 48.09616], [-83.18701, 48.09624], [-83.18706, 48.09632], [-83.18707, 48.0964], [-83.18711, 48.09646], [-83.18711, 48.09664], [-83.18717, 48.09675], [-83.18717, 48.09684], [-83.18721, 48.09691], [-83.1872, 48.09694], [-83.18716, 48.09704], [-83.18721, 48.09714], [-83.18718, 48.09722], [-83.18717, 48.0974], [-83.1871, 48.09756], [-83.18706, 48.09781], [-83.18699, 48.09794], [-83.187, 48.09818], [-83.18703, 48.09823], [-83.18708, 48.09835], [-83.18713, 48.09841], [-83.18714, 48.09842], [-83.18724, 48.09843], [-83.18734, 48.09847], [-83.18736, 48.09849], [-83.18738, 48.09857], [-83.1874, 48.0986], [-83.18745, 48.09864], [-83.18746, 48.09864], [-83.18753, 48.09867], [-83.18754, 48.09869], [-83.18759, 48.09871], [-83.18767, 48.09872], [-83.18776, 48.09872], [-83.18783, 48.09873], [-83.18786, 48.09875], [-83.18789, 48.09874], [-83.18793, 48.09874], [-83.18802, 48.09876], [-83.1881, 48.09878], [-83.18815, 48.09877], [-83.1882, 48.09876], [-83.18824, 48.09877], [-83.1883, 48.0988], [-83.18834, 48.09885], [-83.18837, 48.09887], [-83.18851, 48.09897], [-83.18863, 48.09904], [-83.1888, 48.09909], [-83.18897, 48.09915], [-83.18916, 48.09919], [-83.18931, 48.09926], [-83.18936, 48.09929], [-83.18939, 48.09932], [-83.18942, 48.09935], [-83.18943, 48.09939], [-83.1894, 48.09956], [-83.1893, 48.09969], [-83.18919, 48.09988], [-83.18909, 48.10002], [-83.18897, 48.10013], [-83.18892, 48.10024], [-83.1889, 48.10034], [-83.18891, 48.10037], [-83.18901, 48.10045], [-83.18911, 48.1005], [-83.18913, 48.10053], [-83.18913, 48.10056], [-83.18908, 48.10063], [-83.18904, 48.10072], [-83.18903, 48.10075], [-83.189, 48.10079], [-83.18892, 48.10086], [-83.18885, 48.10089], [-83.18876, 48.10093], [-83.18864, 48.10097], [-83.18864, 48.10097], [-83.18852, 48.10103], [-83.18852, 48.10103], [-83.18841, 48.10107], [-83.18822, 48.10115], [-83.18807, 48.1012], [-83.18805, 48.10122], [-83.18804, 48.10123], [-83.18796, 48.10134], [-83.18791, 48.10137], [-83.1878, 48.10143], [-83.18775, 48.10149], [-83.18773, 48.10154], [-83.18766, 48.10157], [-83.18759, 48.1016], [-83.18753, 48.10165], [-83.18746, 48.1017], [-83.1874, 48.10173], [-83.18735, 48.10176], [-83.18728, 48.10179], [-83.18715, 48.10187], [-83.18714, 48.10188], [-83.18684, 48.102], [-83.18674, 48.10207], [-83.18645, 48.10234], [-83.18639, 48.10242], [-83.18639, 48.1025], [-83.18644, 48.10264], [-83.18646, 48.10278], [-83.18641, 48.10295], [-83.18638, 48.1033], [-83.18632, 48.10353], [-83.18633, 48.10356], [-83.18639, 48.10368], [-83.18641, 48.10373], [-83.18642, 48.10399], [-83.18641, 48.10409], [-83.18641, 48.10417], [-83.1865, 48.10431], [-83.18659, 48.10438], [-83.18666, 48.10445], [-83.18683, 48.10468], [-83.18703, 48.10496], [-83.18706, 48.10503], [-83.18717, 48.10519], [-83.18721, 48.10533], [-83.18722, 48.10541], [-83.18721, 48.10546], [-83.18715, 48.10557], [-83.18713, 48.10563], [-83.18714, 48.1057], [-83.18709, 48.10578], [-83.18705, 48.10602], [-83.18701, 48.10608], [-83.18695, 48.10613], [-83.18671, 48.10629], [-83.18646, 48.10665], [-83.18637, 48.10674], [-83.1862, 48.10681], [-83.18611, 48.10686], [-83.18589, 48.10694], [-83.18576, 48.10703], [-83.18573, 48.10709], [-83.18571, 48.1072], [-83.18568, 48.10725], [-83.18551, 48.10729], [-83.18532, 48.10749], [-83.18531, 48.10754], [-83.18529, 48.10761], [-83.18524, 48.10763], [-83.18526, 48.10767], [-83.18529, 48.10791], [-83.18533, 48.10803], [-83.18532, 48.10808], [-83.18536, 48.10815], [-83.18536, 48.10821], [-83.18534, 48.10825], [-83.18547, 48.10836], [-83.18561, 48.10854], [-83.18567, 48.10863], [-83.18564, 48.10869], [-83.18565, 48.10872], [-83.18572, 48.10876], [-83.18578, 48.10883], [-83.1858, 48.10888], [-83.18583, 48.10894], [-83.18588, 48.10899], [-83.18589, 48.109], [-83.18595, 48.10905], [-83.18599, 48.10912], [-83.18598, 48.10914], [-83.18597, 48.10915], [-83.18599, 48.10918], [-83.18599, 48.10919], [-83.186, 48.10922], [-83.18599, 48.10923], [-83.18599, 48.10924], [-83.18597, 48.10929], [-83.18601, 48.10931], [-83.18604, 48.10931], [-83.18604, 48.10931], [-83.18609, 48.10929], [-83.18615, 48.10929], [-83.18614, 48.10932], [-83.18612, 48.10935], [-83.18616, 48.10937], [-83.1862, 48.1094], [-83.18621, 48.10947], [-83.18617, 48.10951], [-83.18608, 48.10956], [-83.18608, 48.10956], [-83.18608, 48.10957], [-83.18608, 48.1097], [-83.18605, 48.10976], [-83.18605, 48.10979], [-83.18608, 48.1098], [-83.18608, 48.10983], [-83.18602, 48.10984], [-83.18599, 48.10986], [-83.18597, 48.10991], [-83.18592, 48.10994], [-83.18586, 48.10999], [-83.18578, 48.11004], [-83.18571, 48.11009], [-83.18564, 48.11019], [-83.18559, 48.11024], [-83.18534, 48.11038], [-83.18512, 48.1105], [-83.18489, 48.11063], [-83.18458, 48.11077], [-83.18437, 48.1109], [-83.18418, 48.11104], [-83.18408, 48.11109], [-83.18394, 48.11127], [-83.18387, 48.11133], [-83.18379, 48.1114], [-83.18371, 48.11145], [-83.18365, 48.11149], [-83.18363, 48.11152], [-83.18363, 48.1116], [-83.18355, 48.11167], [-83.18338, 48.11175], [-83.18318, 48.11178], [-83.18314, 48.11179], [-83.18313, 48.11181], [-83.18314, 48.11184], [-83.18311, 48.11187], [-83.18303, 48.11191], [-83.18294, 48.11193], [-83.18285, 48.11202], [-83.18277, 48.11208], [-83.18269, 48.11212], [-83.18261, 48.11214], [-83.18255, 48.1122], [-83.18252, 48.11221], [-83.1824, 48.11222], [-83.18236, 48.11224], [-83.18228, 48.11228], [-83.18213, 48.1123], [-83.18202, 48.11234], [-83.18193, 48.11235], [-83.18188, 48.11237], [-83.1818, 48.11243], [-83.18166, 48.11248], [-83.1816, 48.1125], [-83.18157, 48.11251], [-83.18148, 48.11259], [-83.18138, 48.11263], [-83.18135, 48.11265], [-83.18133, 48.11266], [-83.18128, 48.11269], [-83.18124, 48.11274], [-83.18124, 48.11274], [-83.18122, 48.11277], [-83.18118, 48.1128], [-83.18114, 48.11282], [-83.18113, 48.11282], [-83.18113, 48.11283], [-83.18113, 48.11285], [-83.18115, 48.11287], [-83.18115, 48.11288], [-83.18113, 48.11291], [-83.1811, 48.11293], [-83.18105, 48.11297], [-83.18098, 48.11302], [-83.18094, 48.11305], [-83.18085, 48.11308], [-83.18069, 48.11316], [-83.1806, 48.11319], [-83.18049, 48.11317], [-83.18041, 48.11319], [-83.18037, 48.11319], [-83.18033, 48.11318], [-83.18019, 48.11312], [-83.18016, 48.11309], [-83.18012, 48.113], [-83.18004, 48.11291], [-83.17986, 48.11278], [-83.1798, 48.11271], [-83.17965, 48.11258], [-83.17963, 48.11254], [-83.17962, 48.11246], [-83.1796, 48.11243], [-83.17955, 48.1124], [-83.17949, 48.11239], [-83.17946, 48.1124], [-83.17941, 48.11243], [-83.17937, 48.11242], [-83.17927, 48.11234], [-83.17921, 48.11226], [-83.17915, 48.11224], [-83.17908, 48.11224], [-83.17896, 48.11225], [-83.17892, 48.11226], [-83.1789, 48.11228], [-83.17885, 48.11234], [-83.17876, 48.11237], [-83.17873, 48.11238], [-83.17867, 48.11242], [-83.17861, 48.11244], [-83.1785, 48.11245], [-83.17847, 48.11245], [-83.17842, 48.11246], [-83.17832, 48.1125], [-83.17822, 48.11252], [-83.17795, 48.1125], [-83.17782, 48.11246], [-83.17776, 48.11248], [-83.17772, 48.11247], [-83.17768, 48.11246], [-83.17763, 48.11242], [-83.1776, 48.11241], [-83.17753, 48.11239], [-83.17745, 48.11239], [-83.17742, 48.11238], [-83.17733, 48.11236], [-83.17729, 48.11238], [-83.17725, 48.11242], [-83.17721, 48.11244], [-83.17718, 48.11243], [-83.17711, 48.11241], [-83.17709, 48.1124], [-83.17705, 48.1124], [-83.17697, 48.11243], [-83.17683, 48.11245], [-83.17672, 48.11249], [-83.17647, 48.11253], [-83.17635, 48.11254], [-83.17627, 48.11255], [-83.17618, 48.11256], [-83.17607, 48.11254], [-83.17601, 48.11258], [-83.17592, 48.11262], [-83.17589, 48.11264], [-83.17587, 48.11267], [-83.17587, 48.11271], [-83.17591, 48.11277], [-83.17592, 48.11284], [-83.1759, 48.11313], [-83.17591, 48.11324], [-83.17588, 48.1134], [-83.17587, 48.11346], [-83.17584, 48.11352], [-83.17583, 48.1136], [-83.17562, 48.11386], [-83.1755, 48.11397], [-83.17548, 48.1141], [-83.17542, 48.11418], [-83.17533, 48.11424], [-83.17529, 48.11432], [-83.17519, 48.11441], [-83.17509, 48.11447], [-83.17502, 48.11449], [-83.17499, 48.11451], [-83.17492, 48.11459], [-83.17491, 48.11464], [-83.17491, 48.11467], [-83.17489, 48.11469], [-83.17484, 48.11469], [-83.17481, 48.11468], [-83.1748, 48.11466], [-83.1748, 48.11464], [-83.17478, 48.11458], [-83.17475, 48.11455], [-83.17472, 48.11454], [-83.17463, 48.11455], [-83.17453, 48.11454], [-83.17442, 48.11458], [-83.17441, 48.11459], [-83.17439, 48.11461], [-83.1744, 48.11468], [-83.17438, 48.11469], [-83.17436, 48.11469], [-83.17431, 48.11464], [-83.17428, 48.1146], [-83.17429, 48.11457], [-83.17433, 48.11454], [-83.17436, 48.11452], [-83.17435, 48.1145], [-83.17432, 48.11448], [-83.17427, 48.11447], [-83.17425, 48.11447], [-83.17422, 48.11447], [-83.17412, 48.1145], [-83.17411, 48.1145], [-83.17402, 48.11451], [-83.17389, 48.1145], [-83.17385, 48.1145], [-83.17377, 48.11454], [-83.17374, 48.11458], [-83.17376, 48.1146], [-83.17385, 48.11464], [-83.17388, 48.11464], [-83.17394, 48.11461], [-83.17402, 48.11458], [-83.17408, 48.11456], [-83.17412, 48.11457], [-83.17414, 48.11459], [-83.17412, 48.11462], [-83.17408, 48.11464], [-83.17403, 48.11468], [-83.174, 48.11471], [-83.17395, 48.11479], [-83.17389, 48.11495], [-83.17381, 48.115], [-83.17377, 48.11505], [-83.17372, 48.11508], [-83.17341, 48.11511], [-83.17331, 48.11515], [-83.17327, 48.11514], [-83.17308, 48.11504], [-83.17297, 48.11501], [-83.17292, 48.11499], [-83.17287, 48.11495], [-83.17282, 48.11489], [-83.17258, 48.11472], [-83.17254, 48.1147], [-83.17243, 48.11467], [-83.17239, 48.11467], [-83.17223, 48.11472], [-83.17218, 48.11473], [-83.17213, 48.11472], [-83.172, 48.11468], [-83.17191, 48.11468], [-83.17184, 48.11469], [-83.17169, 48.11476], [-83.17166, 48.11478], [-83.17163, 48.11483], [-83.1716, 48.11485], [-83.17147, 48.11485], [-83.17136, 48.1149], [-83.17127, 48.11492], [-83.17118, 48.11498], [-83.17101, 48.11503], [-83.17095, 48.11507], [-83.17089, 48.11513], [-83.17078, 48.11522], [-83.17062, 48.11529], [-83.17037, 48.11537], [-83.17026, 48.1154], [-83.17021, 48.11541], [-83.17004, 48.11539], [-83.16994, 48.11536], [-83.16986, 48.11533], [-83.16977, 48.11527], [-83.16971, 48.11525], [-83.16965, 48.11525], [-83.16958, 48.11525], [-83.16949, 48.11528], [-83.16942, 48.11531], [-83.16921, 48.11543], [-83.1691, 48.11552], [-83.16901, 48.11563], [-83.16898, 48.11571], [-83.16895, 48.1159], [-83.16896, 48.11595], [-83.16899, 48.116], [-83.16907, 48.11607], [-83.16932, 48.1162], [-83.16936, 48.11621], [-83.16943, 48.11621], [-83.16954, 48.11619], [-83.16959, 48.11619], [-83.16963, 48.11619], [-83.16967, 48.11621], [-83.16972, 48.11628], [-83.16977, 48.11642], [-83.16984, 48.11659], [-83.16989, 48.11668], [-83.16998, 48.11681], [-83.17, 48.11693], [-83.17003, 48.117], [-83.16998, 48.11714], [-83.16995, 48.11731], [-83.16986, 48.11746], [-83.16984, 48.11752], [-83.16985, 48.11756], [-83.16991, 48.11762], [-83.16997, 48.11772], [-83.16999, 48.11781], [-83.16999, 48.11789], [-83.16998, 48.11802], [-83.16993, 48.11811], [-83.16993, 48.11821], [-83.16995, 48.11823], [-83.16998, 48.11826], [-83.1701, 48.11832], [-83.17013, 48.11834], [-83.17024, 48.1185], [-83.17029, 48.11857], [-83.17031, 48.11865], [-83.17037, 48.11879], [-83.17041, 48.11883], [-83.17047, 48.11887], [-83.17047, 48.11893], [-83.1705, 48.11898], [-83.17065, 48.11913], [-83.17071, 48.11922], [-83.17072, 48.1193], [-83.17075, 48.11937], [-83.17077, 48.11946], [-83.1709, 48.11968], [-83.17088, 48.11983], [-83.17091, 48.11993], [-83.17087, 48.11999], [-83.17086, 48.12011], [-83.17081, 48.12024], [-83.17074, 48.12033], [-83.1707, 48.12036], [-83.17039, 48.12049], [-83.17027, 48.12057], [-83.17016, 48.12063], [-83.17007, 48.1207], [-83.16989, 48.12079], [-83.16979, 48.12082], [-83.16968, 48.12084], [-83.1696, 48.12089], [-83.16957, 48.1209], [-83.16951, 48.1209], [-83.16942, 48.12087], [-83.16938, 48.12087], [-83.16926, 48.12095], [-83.16922, 48.12097], [-83.16913, 48.12099], [-83.16907, 48.12099], [-83.16897, 48.12096], [-83.16886, 48.12096], [-83.16867, 48.12094], [-83.16853, 48.12089], [-83.1685, 48.12084], [-83.16842, 48.12081], [-83.16839, 48.12081], [-83.16834, 48.12082], [-83.16825, 48.1208], [-83.16816, 48.1208], [-83.16794, 48.12076], [-83.16787, 48.12074], [-83.16773, 48.12076], [-83.16766, 48.12075], [-83.16762, 48.12072], [-83.16753, 48.12073], [-83.16745, 48.12071], [-83.16742, 48.1207], [-83.16738, 48.12068], [-83.16733, 48.1207], [-83.16732, 48.1207], [-83.16728, 48.1207], [-83.16727, 48.1207], [-83.16726, 48.1207], [-83.16724, 48.12069], [-83.16721, 48.12068], [-83.16717, 48.12067], [-83.16708, 48.12066], [-83.16698, 48.12067], [-83.16692, 48.12068], [-83.16691, 48.12069], [-83.16687, 48.12076], [-83.16681, 48.12086], [-83.16672, 48.12094], [-83.16656, 48.12099], [-83.16639, 48.12102], [-83.16618, 48.12102], [-83.16601, 48.121], [-83.16588, 48.12097], [-83.16572, 48.12098], [-83.16567, 48.12099], [-83.16561, 48.12101], [-83.16551, 48.121], [-83.16538, 48.121], [-83.16533, 48.12101], [-83.1653, 48.12102], [-83.1652, 48.1211], [-83.16519, 48.12117], [-83.16514, 48.12123], [-83.16504, 48.12129], [-83.16493, 48.12134], [-83.16485, 48.12139], [-83.16483, 48.12143], [-83.16483, 48.12151], [-83.16482, 48.12156], [-83.16473, 48.12166], [-83.16465, 48.12171], [-83.16459, 48.12177], [-83.16453, 48.12181], [-83.16438, 48.12185], [-83.16434, 48.12187], [-83.16408, 48.12208], [-83.16394, 48.12223], [-83.16385, 48.12233], [-83.16378, 48.12239], [-83.16376, 48.12242], [-83.16374, 48.12251], [-83.1637, 48.12264], [-83.16369, 48.1227], [-83.16369, 48.12272], [-83.16374, 48.12277], [-83.16375, 48.12279], [-83.16373, 48.1229], [-83.16375, 48.12301], [-83.16381, 48.12307], [-83.16383, 48.1231], [-83.16382, 48.12314], [-83.16376, 48.1232], [-83.16375, 48.12323], [-83.16377, 48.12326], [-83.1638, 48.12328], [-83.16388, 48.12328], [-83.16392, 48.1233], [-83.16407, 48.12341], [-83.16411, 48.12343], [-83.16433, 48.12349], [-83.16448, 48.12352], [-83.1645, 48.12351], [-83.16452, 48.1235], [-83.16465, 48.12338], [-83.16468, 48.12336], [-83.16472, 48.12336], [-83.16484, 48.12345], [-83.16486, 48.12352], [-83.16485, 48.12363], [-83.16487, 48.1238], [-83.16487, 48.12383], [-83.16484, 48.12388], [-83.16478, 48.12392], [-83.16478, 48.12398], [-83.16471, 48.12408], [-83.16472, 48.12414], [-83.16471, 48.12418], [-83.16466, 48.12426], [-83.16465, 48.12433], [-83.16463, 48.12437], [-83.16437, 48.12468], [-83.1643, 48.12473], [-83.16422, 48.12477], [-83.16412, 48.1248], [-83.16409, 48.12483], [-83.16392, 48.12485], [-83.16374, 48.12484], [-83.16351, 48.12491], [-83.16333, 48.12503], [-83.16324, 48.12503], [-83.16314, 48.125], [-83.16294, 48.12507], [-83.16267, 48.12508], [-83.16247, 48.1251], [-83.16233, 48.12514], [-83.16218, 48.12518], [-83.16208, 48.12525], [-83.16199, 48.12527], [-83.16189, 48.12538], [-83.16178, 48.12547], [-83.16162, 48.12556], [-83.16161, 48.12556], [-83.16151, 48.12559], [-83.16145, 48.12563], [-83.16145, 48.12564], [-83.1614, 48.12571], [-83.16132, 48.12578], [-83.16121, 48.1259], [-83.16115, 48.126], [-83.16099, 48.12615], [-83.16096, 48.12624], [-83.16098, 48.12635], [-83.16097, 48.12648], [-83.16096, 48.12649], [-83.16083, 48.12659], [-83.16083, 48.1266], [-83.16081, 48.12664], [-83.16081, 48.12665], [-83.16082, 48.12666], [-83.16083, 48.12668], [-83.16104, 48.12676], [-83.16111, 48.12681], [-83.16121, 48.12685], [-83.16131, 48.12695], [-83.16143, 48.12706], [-83.16153, 48.12711], [-83.16159, 48.12719], [-83.16172, 48.1273], [-83.16185, 48.12745], [-83.16189, 48.12751], [-83.16196, 48.12757], [-83.162, 48.12762], [-83.16208, 48.12767], [-83.16214, 48.12772], [-83.16222, 48.12776], [-83.16224, 48.12778], [-83.16229, 48.12789], [-83.1623, 48.12795], [-83.16235, 48.12802], [-83.16236, 48.12809], [-83.16238, 48.12816], [-83.16238, 48.12825], [-83.16232, 48.1284], [-83.16226, 48.12859], [-83.16229, 48.12871], [-83.16226, 48.12886], [-83.16226, 48.12897], [-83.16223, 48.12911], [-83.16217, 48.12927], [-83.16217, 48.12938], [-83.16207, 48.12964], [-83.16205, 48.12972], [-83.162, 48.12979], [-83.16197, 48.12985], [-83.16186, 48.12997], [-83.16183, 48.13004], [-83.16182, 48.13012], [-83.1618, 48.13015], [-83.16171, 48.13021], [-83.16159, 48.1303], [-83.16132, 48.13043], [-83.16128, 48.13044], [-83.16124, 48.13044], [-83.16116, 48.1304], [-83.16113, 48.13039], [-83.16099, 48.13045], [-83.16085, 48.13047], [-83.16069, 48.13047], [-83.16045, 48.13049], [-83.16038, 48.13048], [-83.1603, 48.13049], [-83.16019, 48.13048], [-83.16005, 48.13044], [-83.15989, 48.13044], [-83.15985, 48.13044], [-83.15974, 48.13045], [-83.15947, 48.13043], [-83.15933, 48.13043], [-83.15881, 48.13051], [-83.15847, 48.13059], [-83.15829, 48.13066], [-83.15798, 48.1308], [-83.15788, 48.13085], [-83.15783, 48.1309], [-83.15779, 48.13095], [-83.15777, 48.131], [-83.15777, 48.13106], [-83.15778, 48.13112], [-83.15782, 48.13121], [-83.15792, 48.13141], [-83.15811, 48.13183], [-83.15816, 48.13192], [-83.15824, 48.13202], [-83.1583, 48.13222], [-83.15842, 48.13243], [-83.15843, 48.13248], [-83.15844, 48.1326], [-83.15849, 48.13278], [-83.15855, 48.1329], [-83.15861, 48.13299], [-83.15868, 48.13305], [-83.15891, 48.13318], [-83.15937, 48.13338], [-83.15971, 48.13348], [-83.15978, 48.13351], [-83.15984, 48.13356], [-83.1599, 48.13362], [-83.15995, 48.13369], [-83.15997, 48.13377], [-83.16004, 48.13384], [-83.16006, 48.13387], [-83.16004, 48.13391], [-83.16004, 48.134], [-83.16002, 48.13403], [-83.15997, 48.13413], [-83.15992, 48.13422], [-83.1597, 48.13449], [-83.15967, 48.13456], [-83.15965, 48.13468], [-83.15936, 48.13512], [-83.15932, 48.13526], [-83.15926, 48.13535], [-83.15921, 48.1355], [-83.15905, 48.13568], [-83.15898, 48.1358], [-83.15889, 48.13586], [-83.15886, 48.13594], [-83.15881, 48.136], [-83.15874, 48.13614], [-83.15861, 48.13635], [-83.15851, 48.13641], [-83.15849, 48.13645], [-83.15844, 48.13658], [-83.15834, 48.1367], [-83.15832, 48.13673], [-83.1583, 48.13691], [-83.15832, 48.13709], [-83.15836, 48.13719], [-83.15845, 48.13732], [-83.15847, 48.13738], [-83.15846, 48.13754], [-83.15847, 48.13763], [-83.15845, 48.13768], [-83.15846, 48.13772], [-83.15846, 48.13779], [-83.15859, 48.13794], [-83.15864, 48.13804], [-83.15864, 48.13812], [-83.15861, 48.13823], [-83.15862, 48.13831], [-83.15866, 48.13842], [-83.1587, 48.13847], [-83.15877, 48.13863], [-83.15879, 48.13876], [-83.1589, 48.13893], [-83.159, 48.13905], [-83.15904, 48.13916], [-83.15901, 48.13944], [-83.159, 48.13948], [-83.15895, 48.13955], [-83.15891, 48.13976], [-83.15887, 48.13984], [-83.15883, 48.13988], [-83.15879, 48.13991], [-83.15872, 48.13993], [-83.15864, 48.13993], [-83.15859, 48.13995], [-83.15847, 48.14003], [-83.15845, 48.14006], [-83.15845, 48.14008], [-83.1585, 48.14021], [-83.15858, 48.14029], [-83.15867, 48.1404], [-83.15889, 48.14064], [-83.15902, 48.14082], [-83.15904, 48.14089], [-83.15906, 48.14102], [-83.15912, 48.14118], [-83.15913, 48.14135], [-83.1592, 48.14145], [-83.15932, 48.14185], [-83.15935, 48.14192], [-83.1594, 48.14199], [-83.1594, 48.14209], [-83.15946, 48.14217], [-83.15951, 48.14233], [-83.1596, 48.14244], [-83.15961, 48.14254], [-83.15957, 48.14269], [-83.15958, 48.14325], [-83.15957, 48.14334], [-83.15963, 48.14347], [-83.15963, 48.1435], [-83.15961, 48.14355], [-83.15957, 48.14357], [-83.15965, 48.14363], [-83.15968, 48.14363], [-83.15971, 48.14365], [-83.15972, 48.14366], [-83.15983, 48.14383], [-83.15988, 48.14389], [-83.15993, 48.14393], [-83.16001, 48.14397], [-83.16005, 48.144], [-83.16005, 48.14404], [-83.16003, 48.14411], [-83.16007, 48.14419], [-83.16007, 48.14431], [-83.16008, 48.14433], [-83.16008, 48.14434], [-83.16012, 48.14444], [-83.16028, 48.14469], [-83.16036, 48.14477], [-83.16054, 48.14488], [-83.16058, 48.1449], [-83.16066, 48.14491], [-83.16072, 48.14494], [-83.16088, 48.14511], [-83.16095, 48.14517], [-83.16098, 48.14518], [-83.16102, 48.14517], [-83.16134, 48.14507], [-83.1615, 48.14504], [-83.16158, 48.14504], [-83.16163, 48.14506], [-83.1617, 48.14509], [-83.1618, 48.14516], [-83.16184, 48.14517], [-83.16185, 48.14517], [-83.16187, 48.14516], [-83.16189, 48.14516], [-83.16204, 48.14509], [-83.16235, 48.14507], [-83.16248, 48.14501], [-83.16271, 48.14485], [-83.16275, 48.14481], [-83.16275, 48.14476], [-83.16275, 48.14474], [-83.16277, 48.14473], [-83.1628, 48.14474], [-83.16282, 48.14475], [-83.16288, 48.14479], [-83.16297, 48.14482], [-83.16302, 48.14483], [-83.16312, 48.14483], [-83.16315, 48.14484], [-83.1632, 48.14487], [-83.16334, 48.14498], [-83.16336, 48.14503], [-83.16339, 48.14513], [-83.16341, 48.14517], [-83.16353, 48.14527], [-83.16377, 48.14544], [-83.16381, 48.14549], [-83.16383, 48.14555], [-83.1638, 48.14567], [-83.16374, 48.14575], [-83.16371, 48.14587], [-83.16365, 48.14596], [-83.16363, 48.146], [-83.16363, 48.14602], [-83.16364, 48.14613], [-83.16364, 48.14613], [-83.16369, 48.14627], [-83.16364, 48.14643], [-83.16353, 48.14661], [-83.16344, 48.14667], [-83.16338, 48.1467], [-83.16329, 48.1467], [-83.16319, 48.14671], [-83.16315, 48.14673], [-83.16312, 48.14676], [-83.16313, 48.14685], [-83.16306, 48.14697], [-83.16305, 48.14704], [-83.16305, 48.14708], [-83.16309, 48.14713], [-83.16327, 48.14723], [-83.16325, 48.14727], [-83.16328, 48.14735], [-83.16327, 48.1474], [-83.16313, 48.14764], [-83.16303, 48.14776], [-83.16288, 48.14785], [-83.16281, 48.14792], [-83.16273, 48.14804], [-83.16269, 48.14816], [-83.16268, 48.1484], [-83.1627, 48.14856], [-83.16271, 48.14873], [-83.1628, 48.14895], [-83.16282, 48.14908], [-83.16289, 48.14918], [-83.16295, 48.14932], [-83.16304, 48.14948], [-83.16309, 48.14966], [-83.1631, 48.14979], [-83.16308, 48.14992], [-83.16302, 48.15006], [-83.16294, 48.15023], [-83.16284, 48.15037], [-83.16269, 48.15057], [-83.16259, 48.15074], [-83.16256, 48.15085], [-83.1625, 48.15098], [-83.16248, 48.15111], [-83.16249, 48.15117], [-83.16252, 48.15123], [-83.16258, 48.15132], [-83.16267, 48.15142], [-83.16276, 48.1515], [-83.16293, 48.1516], [-83.16298, 48.15161], [-83.1631, 48.1516], [-83.16332, 48.15163], [-83.16338, 48.15163], [-83.16346, 48.15161], [-83.1635, 48.1516], [-83.1635, 48.15163], [-83.1635, 48.15164], [-83.16343, 48.15179], [-83.16342, 48.15185], [-83.16336, 48.15196], [-83.16332, 48.15209], [-83.16327, 48.15216], [-83.16325, 48.15222], [-83.16321, 48.15232], [-83.16311, 48.15246], [-83.16293, 48.15261], [-83.16276, 48.15275], [-83.16237, 48.15303], [-83.16195, 48.15328], [-83.16169, 48.15346], [-83.1616, 48.15353], [-83.16154, 48.15363], [-83.16155, 48.15369], [-83.16164, 48.15385], [-83.16181, 48.15409], [-83.16188, 48.15416], [-83.16194, 48.15418], [-83.16199, 48.15418], [-83.16202, 48.15416], [-83.16208, 48.15411], [-83.16216, 48.15401], [-83.16217, 48.154], [-83.16218, 48.154], [-83.16218, 48.154], [-83.16221, 48.15401], [-83.1623, 48.15409], [-83.16236, 48.15413], [-83.16237, 48.15416], [-83.16232, 48.1542], [-83.16232, 48.15421], [-83.16234, 48.15426], [-83.16235, 48.15435], [-83.16243, 48.15446], [-83.16249, 48.1546], [-83.1625, 48.15468], [-83.16254, 48.15477], [-83.16254, 48.15482], [-83.16251, 48.15489], [-83.1625, 48.15498], [-83.16244, 48.15508], [-83.16237, 48.15518], [-83.16226, 48.15525], [-83.16213, 48.1553], [-83.16208, 48.15534], [-83.16192, 48.15555], [-83.1619, 48.15562], [-83.1618, 48.1557], [-83.16177, 48.1558], [-83.16174, 48.15594], [-83.16174, 48.15602], [-83.1617, 48.15614], [-83.1617, 48.15622], [-83.16165, 48.15629], [-83.16164, 48.15632], [-83.16166, 48.15647], [-83.16165, 48.15665], [-83.16165, 48.15669], [-83.16176, 48.1569], [-83.16183, 48.15699], [-83.1619, 48.15704], [-83.16192, 48.15711], [-83.16198, 48.15716], [-83.162, 48.15742], [-83.16207, 48.15758], [-83.16208, 48.15784], [-83.16209, 48.15787], [-83.16211, 48.1579], [-83.16216, 48.15793], [-83.16218, 48.15797], [-83.1622, 48.15811], [-83.16231, 48.15846], [-83.16236, 48.15865], [-83.16247, 48.15893], [-83.16251, 48.15907], [-83.16257, 48.15916], [-83.16267, 48.15929], [-83.1629, 48.15965], [-83.16299, 48.15973], [-83.16301, 48.15985], [-83.16307, 48.16003], [-83.16308, 48.16012], [-83.16306, 48.16026], [-83.16297, 48.16063], [-83.16296, 48.16073], [-83.1629, 48.16093], [-83.1629, 48.16103], [-83.16287, 48.16112], [-83.16288, 48.16118], [-83.16293, 48.16127], [-83.16294, 48.1613], [-83.16293, 48.16142], [-83.1629, 48.16153], [-83.16291, 48.16162], [-83.16288, 48.16169], [-83.16283, 48.16176], [-83.16277, 48.16187], [-83.16277, 48.16191], [-83.1628, 48.16194], [-83.16286, 48.16195], [-83.16293, 48.16194], [-83.1631, 48.16188], [-83.1633, 48.16184], [-83.1634, 48.16179], [-83.16347, 48.16176], [-83.16352, 48.1617], [-83.16365, 48.16151], [-83.16375, 48.16131], [-83.16378, 48.16118], [-83.16378, 48.16111], [-83.16374, 48.16106], [-83.16364, 48.16098], [-83.1636, 48.16096], [-83.16349, 48.16092], [-83.16349, 48.16092], [-83.16345, 48.1609], [-83.16343, 48.16088], [-83.16344, 48.16086], [-83.16346, 48.16085], [-83.1635, 48.16085], [-83.16352, 48.16085], [-83.16364, 48.16086], [-83.16372, 48.16088], [-83.16387, 48.16093], [-83.16392, 48.16096], [-83.16394, 48.16099], [-83.16396, 48.16116], [-83.16395, 48.16124], [-83.16395, 48.16133], [-83.16388, 48.1615], [-83.16388, 48.16161], [-83.16379, 48.16172], [-83.16373, 48.16177], [-83.16365, 48.16181], [-83.16341, 48.16192], [-83.163, 48.16218], [-83.16295, 48.16222], [-83.16289, 48.16229], [-83.16286, 48.16242], [-83.16287, 48.16251], [-83.16292, 48.16262], [-83.16297, 48.16271], [-83.16312, 48.16286], [-83.1632, 48.16294], [-83.1633, 48.16301], [-83.16336, 48.16303], [-83.16342, 48.16303], [-83.16352, 48.16302], [-83.16366, 48.16299], [-83.16371, 48.16299], [-83.16375, 48.163], [-83.16386, 48.16305], [-83.16391, 48.16308], [-83.16397, 48.16312], [-83.16431, 48.16329], [-83.16442, 48.16336], [-83.16447, 48.1634], [-83.16458, 48.16354], [-83.16467, 48.16372], [-83.16471, 48.16378], [-83.165, 48.16401], [-83.16504, 48.16404], [-83.1651, 48.16406], [-83.16516, 48.1641], [-83.16525, 48.16414], [-83.16534, 48.16422], [-83.16535, 48.16425], [-83.16536, 48.16432], [-83.16545, 48.1644], [-83.16549, 48.16445], [-83.16553, 48.16456], [-83.16554, 48.16463], [-83.16557, 48.16475], [-83.16557, 48.16478], [-83.16555, 48.16484], [-83.16554, 48.16494], [-83.16551, 48.16505], [-83.16551, 48.16518], [-83.16551, 48.1653], [-83.16546, 48.1654], [-83.16545, 48.16545], [-83.16541, 48.1655], [-83.16535, 48.16556], [-83.16525, 48.16563], [-83.16513, 48.16573], [-83.16511, 48.1658], [-83.16513, 48.16586], [-83.16513, 48.16589], [-83.1651, 48.16592], [-83.16503, 48.16596], [-83.16499, 48.16605], [-83.16499, 48.16607], [-83.16501, 48.16609], [-83.16523, 48.16611], [-83.16526, 48.16613], [-83.16531, 48.16616], [-83.16535, 48.16617], [-83.16539, 48.16616], [-83.1655, 48.1661], [-83.16584, 48.16602], [-83.16608, 48.16593], [-83.16613, 48.16594], [-83.1662, 48.16598], [-83.16624, 48.16599], [-83.16627, 48.166], [-83.16631, 48.16599], [-83.16636, 48.16596], [-83.16644, 48.1659], [-83.16654, 48.16586], [-83.16672, 48.16575], [-83.16684, 48.16574], [-83.16696, 48.16571], [-83.16708, 48.16569], [-83.16714, 48.16567], [-83.16722, 48.16562], [-83.16727, 48.16555], [-83.16731, 48.16534], [-83.16739, 48.1652], [-83.16747, 48.16508], [-83.16752, 48.16502], [-83.16757, 48.16496], [-83.1677, 48.16487], [-83.16775, 48.16483], [-83.16787, 48.16464], [-83.16787, 48.16459], [-83.16784, 48.16448], [-83.16779, 48.16441], [-83.16777, 48.16435], [-83.1678, 48.16422], [-83.16783, 48.16417], [-83.16794, 48.16397], [-83.168, 48.1639], [-83.16801, 48.16384], [-83.16803, 48.1638], [-83.16812, 48.16368], [-83.16825, 48.16354], [-83.16838, 48.16329], [-83.16841, 48.16319], [-83.16856, 48.16299], [-83.16861, 48.16289], [-83.16869, 48.16275], [-83.16881, 48.16262], [-83.16897, 48.16253], [-83.16906, 48.16247], [-83.16909, 48.16242], [-83.1691, 48.16235], [-83.16913, 48.16232], [-83.1692, 48.16229], [-83.16926, 48.16229], [-83.16931, 48.16229], [-83.16927, 48.1622], [-83.1692, 48.16211], [-83.16909, 48.16207], [-83.169, 48.16203], [-83.16898, 48.16192], [-83.16898, 48.16185], [-83.16899, 48.16175], [-83.16899, 48.16168], [-83.16901, 48.16161], [-83.16903, 48.16157], [-83.16909, 48.16152], [-83.1691, 48.1615], [-83.16905, 48.16139], [-83.16903, 48.16133], [-83.16905, 48.16125], [-83.16907, 48.16118], [-83.16903, 48.16115], [-83.16895, 48.16108], [-83.16892, 48.16108], [-83.16885, 48.16108], [-83.16873, 48.16103], [-83.16858, 48.16099], [-83.16849, 48.16095], [-83.16841, 48.16088], [-83.16835, 48.16084], [-83.16812, 48.16072], [-83.16793, 48.16067], [-83.1679, 48.16065], [-83.16787, 48.1606], [-83.16757, 48.16041], [-83.16742, 48.16031], [-83.16736, 48.16023], [-83.16726, 48.16004], [-83.16712, 48.15982], [-83.16707, 48.15964], [-83.16701, 48.15955], [-83.167, 48.15948], [-83.16693, 48.15942], [-83.16689, 48.15934], [-83.16676, 48.15918], [-83.1667, 48.15901], [-83.16673, 48.15881], [-83.16675, 48.15877], [-83.1668, 48.15873], [-83.16682, 48.15864], [-83.16685, 48.15859], [-83.16694, 48.1585], [-83.16704, 48.15843], [-83.16739, 48.15814], [-83.16752, 48.15805], [-83.16759, 48.15801], [-83.16774, 48.15797], [-83.16801, 48.15779], [-83.16814, 48.15774], [-83.16835, 48.1577], [-83.16851, 48.15762], [-83.16892, 48.15754], [-83.16898, 48.15754], [-83.16898, 48.15754], [-83.16898, 48.15754], [-83.16898, 48.15759], [-83.16902, 48.15762], [-83.16904, 48.15762], [-83.16917, 48.15761], [-83.16923, 48.15763], [-83.1693, 48.15767], [-83.16932, 48.15768], [-83.16939, 48.1577], [-83.16962, 48.1577], [-83.16966, 48.15771], [-83.16974, 48.15776], [-83.16982, 48.15779], [-83.16999, 48.15789], [-83.17016, 48.15794], [-83.17022, 48.15797], [-83.17026, 48.15811], [-83.17029, 48.15815], [-83.1704, 48.15825], [-83.17042, 48.15829], [-83.17042, 48.15833], [-83.1704, 48.15839], [-83.17033, 48.15849], [-83.17033, 48.15856], [-83.17032, 48.15858], [-83.17029, 48.1586], [-83.17024, 48.15862], [-83.17006, 48.15863], [-83.17002, 48.15865], [-83.17001, 48.15867], [-83.17, 48.15877], [-83.16999, 48.15882], [-83.16996, 48.15885], [-83.16989, 48.1589], [-83.16986, 48.15893], [-83.16985, 48.15897], [-83.16985, 48.15902], [-83.16994, 48.15922], [-83.16997, 48.15925], [-83.17001, 48.15929], [-83.17009, 48.15933], [-83.17014, 48.15932], [-83.17025, 48.15929], [-83.17029, 48.15929], [-83.17034, 48.1593], [-83.17043, 48.1594], [-83.1705, 48.1595], [-83.17055, 48.15952], [-83.17065, 48.15951], [-83.17071, 48.15952], [-83.17076, 48.15957], [-83.1708, 48.15965], [-83.17083, 48.15968], [-83.17099, 48.15979], [-83.17103, 48.15981], [-83.17106, 48.1598], [-83.17106, 48.15978], [-83.17107, 48.15969], [-83.17108, 48.15967], [-83.1711, 48.15966], [-83.17113, 48.15974], [-83.17114, 48.1598], [-83.17114, 48.15986], [-83.17117, 48.15988], [-83.17132, 48.15995], [-83.17135, 48.15997], [-83.17136, 48.15999], [-83.17133, 48.1601], [-83.17134, 48.16026], [-83.17129, 48.16032], [-83.17124, 48.1604], [-83.17121, 48.16043], [-83.17114, 48.16044], [-83.17112, 48.16045], [-83.17107, 48.16055], [-83.17095, 48.16063], [-83.17086, 48.16074], [-83.17081, 48.16078], [-83.1706, 48.16089], [-83.17057, 48.1609], [-83.17049, 48.16091], [-83.17046, 48.16095], [-83.17043, 48.16096], [-83.17033, 48.161], [-83.17021, 48.16101], [-83.17017, 48.16103], [-83.17011, 48.16107], [-83.17008, 48.16114], [-83.16997, 48.16119], [-83.16994, 48.16126], [-83.16983, 48.16134], [-83.16973, 48.16145], [-83.16965, 48.1615], [-83.16955, 48.16155], [-83.16947, 48.16156], [-83.16944, 48.16155], [-83.16943, 48.16154], [-83.16943, 48.1615], [-83.16942, 48.16148], [-83.16937, 48.16147], [-83.16932, 48.16148], [-83.16929, 48.16153], [-83.16927, 48.16159], [-83.16927, 48.16167], [-83.16926, 48.16171], [-83.16928, 48.16177], [-83.16927, 48.16184], [-83.16927, 48.16186], [-83.16929, 48.1619], [-83.16935, 48.16199], [-83.1694, 48.16203], [-83.16947, 48.16207], [-83.16952, 48.16215], [-83.16955, 48.16216], [-83.16957, 48.16218], [-83.1696, 48.16218], [-83.16961, 48.16217], [-83.16963, 48.16211], [-83.16966, 48.16209], [-83.16973, 48.1621], [-83.16981, 48.16213], [-83.16988, 48.1621], [-83.16993, 48.1621], [-83.17018, 48.16211], [-83.17042, 48.16215], [-83.17046, 48.16216], [-83.17048, 48.16217], [-83.17048, 48.16218], [-83.17043, 48.16219], [-83.17041, 48.1622], [-83.1704, 48.16221], [-83.17041, 48.16222], [-83.17044, 48.16223], [-83.17061, 48.16225], [-83.17065, 48.16225], [-83.17072, 48.16222], [-83.17075, 48.16222], [-83.17079, 48.16224], [-83.17083, 48.16226], [-83.17087, 48.16231], [-83.17087, 48.16234], [-83.17087, 48.1624], [-83.17088, 48.16243], [-83.17098, 48.16259], [-83.17106, 48.16268], [-83.17112, 48.16272], [-83.17125, 48.16278], [-83.17142, 48.16284], [-83.17156, 48.16294], [-83.17162, 48.163], [-83.1717, 48.16326], [-83.1717, 48.1633], [-83.17168, 48.16338], [-83.17169, 48.16341], [-83.1718, 48.16369], [-83.17174, 48.16387], [-83.17175, 48.16394], [-83.17171, 48.16399], [-83.17167, 48.16408], [-83.17162, 48.16414], [-83.17162, 48.16425], [-83.17158, 48.16432], [-83.17154, 48.16435], [-83.1715, 48.16437], [-83.17138, 48.16438], [-83.17128, 48.16442], [-83.1712, 48.16443], [-83.17118, 48.16445], [-83.17118, 48.16452], [-83.1712, 48.16455], [-83.17127, 48.1646], [-83.17129, 48.16468], [-83.17132, 48.16472], [-83.17145, 48.1648], [-83.17169, 48.16492], [-83.1719, 48.16505], [-83.17193, 48.16508], [-83.17196, 48.16512], [-83.17205, 48.16534], [-83.17204, 48.16541], [-83.17204, 48.16545], [-83.17215, 48.16567], [-83.17218, 48.16585], [-83.17224, 48.16594], [-83.17227, 48.16602], [-83.17227, 48.16609], [-83.17225, 48.16618], [-83.1723, 48.16634], [-83.17229, 48.16638], [-83.17224, 48.16643], [-83.17227, 48.16647], [-83.17226, 48.16651], [-83.17221, 48.16656], [-83.17214, 48.16659], [-83.17204, 48.16668], [-83.17187, 48.16679], [-83.17154, 48.16691], [-83.17143, 48.16697], [-83.17139, 48.16706], [-83.17144, 48.16715], [-83.17144, 48.16718], [-83.17142, 48.1672], [-83.17136, 48.16722], [-83.17128, 48.16721], [-83.17122, 48.16722], [-83.17109, 48.16725], [-83.17099, 48.16728], [-83.17094, 48.16732], [-83.17079, 48.16748], [-83.17072, 48.16753], [-83.17065, 48.16756], [-83.1705, 48.16757], [-83.17046, 48.16759], [-83.17043, 48.16763], [-83.17041, 48.16775], [-83.17038, 48.16778], [-83.17032, 48.1678], [-83.17012, 48.16786], [-83.17004, 48.16789], [-83.16995, 48.16791], [-83.16988, 48.16797], [-83.16981, 48.16797], [-83.16979, 48.16798], [-83.16976, 48.16804], [-83.16976, 48.1681], [-83.16974, 48.16818], [-83.16978, 48.16831], [-83.16983, 48.16835], [-83.1699, 48.16842], [-83.1699, 48.16844], [-83.16989, 48.16846], [-83.16986, 48.16847], [-83.16983, 48.16846], [-83.16978, 48.1684], [-83.16978, 48.1684], [-83.16976, 48.16839], [-83.16973, 48.16839], [-83.16969, 48.16841], [-83.16963, 48.16849], [-83.16957, 48.16854], [-83.16949, 48.16856], [-83.16939, 48.16858], [-83.16932, 48.16857], [-83.16923, 48.16856], [-83.16903, 48.16851], [-83.16897, 48.16851], [-83.16889, 48.16852], [-83.16883, 48.16852], [-83.16874, 48.1685], [-83.16868, 48.16845], [-83.16869, 48.16842], [-83.16875, 48.16836], [-83.16874, 48.16833], [-83.16861, 48.16827], [-83.1685, 48.16819], [-83.16846, 48.16815], [-83.16846, 48.168], [-83.16842, 48.16767], [-83.16836, 48.1676], [-83.16824, 48.1674], [-83.16803, 48.16727], [-83.16795, 48.16719], [-83.16791, 48.16713], [-83.16787, 48.16703], [-83.16778, 48.16689], [-83.16777, 48.16666], [-83.16779, 48.16663], [-83.16786, 48.16657], [-83.16787, 48.16655], [-83.16779, 48.16642], [-83.16771, 48.16634], [-83.1676, 48.16629], [-83.16754, 48.16625], [-83.16747, 48.16615], [-83.16738, 48.16607], [-83.16732, 48.16599], [-83.16729, 48.16597], [-83.16711, 48.16588], [-83.16696, 48.16586], [-83.16688, 48.16586], [-83.16683, 48.16589], [-83.16676, 48.16596], [-83.16669, 48.166], [-83.16663, 48.16605], [-83.16656, 48.16609], [-83.1665, 48.16615], [-83.16642, 48.16617], [-83.16632, 48.16623], [-83.16623, 48.16625], [-83.16621, 48.16626], [-83.16613, 48.16638], [-83.16615, 48.16644], [-83.16615, 48.16651], [-83.16619, 48.16663], [-83.16621, 48.16675], [-83.1662, 48.16677], [-83.16615, 48.16681], [-83.16606, 48.16689], [-83.16592, 48.16696], [-83.16557, 48.16707], [-83.16552, 48.16713], [-83.16546, 48.16716], [-83.16545, 48.16718], [-83.16543, 48.16724], [-83.16543, 48.16732], [-83.16544, 48.16745], [-83.16548, 48.16758], [-83.16549, 48.16767], [-83.16544, 48.16785], [-83.16544, 48.16791], [-83.16546, 48.16794], [-83.16562, 48.16802], [-83.16578, 48.16812], [-83.1659, 48.16824], [-83.16606, 48.16836], [-83.16608, 48.1684], [-83.16609, 48.16844], [-83.16607, 48.16853], [-83.16602, 48.16862], [-83.16597, 48.16869], [-83.16582, 48.16883], [-83.16574, 48.16888], [-83.16566, 48.16892], [-83.16545, 48.16897], [-83.16539, 48.16899], [-83.16534, 48.16903], [-83.16525, 48.16914], [-83.16513, 48.16923], [-83.16498, 48.16944], [-83.16495, 48.1695], [-83.16496, 48.16956], [-83.16501, 48.16972], [-83.165, 48.1698], [-83.16499, 48.16983], [-83.16496, 48.16986], [-83.1649, 48.16988], [-83.16483, 48.1699], [-83.16469, 48.16993], [-83.16457, 48.16999], [-83.16449, 48.17001], [-83.16442, 48.17002], [-83.16433, 48.17001], [-83.16429, 48.17001], [-83.16424, 48.17004], [-83.16418, 48.17009], [-83.16409, 48.17011], [-83.16406, 48.17013], [-83.16404, 48.17017], [-83.16405, 48.1702], [-83.16407, 48.17023], [-83.16416, 48.17027], [-83.16418, 48.1703], [-83.16416, 48.17036], [-83.16412, 48.17043], [-83.16411, 48.17049], [-83.16402, 48.17059], [-83.16389, 48.17068], [-83.16386, 48.17075], [-83.16379, 48.17081], [-83.16374, 48.17089], [-83.16375, 48.171], [-83.16375, 48.17105], [-83.16378, 48.17108], [-83.16381, 48.17109], [-83.16385, 48.17109], [-83.16396, 48.17104], [-83.16403, 48.17104], [-83.16423, 48.1711], [-83.16433, 48.17114], [-83.1644, 48.17119], [-83.16444, 48.17122], [-83.16445, 48.17125], [-83.16446, 48.1713], [-83.16444, 48.17137], [-83.16447, 48.17142], [-83.16449, 48.17144], [-83.16459, 48.1715], [-83.16469, 48.1716], [-83.1647, 48.17163], [-83.16472, 48.17166], [-83.16471, 48.17168], [-83.16468, 48.17169], [-83.16464, 48.17167], [-83.16456, 48.17164], [-83.16453, 48.17164], [-83.1645, 48.17165], [-83.16446, 48.17171], [-83.16439, 48.17175], [-83.16437, 48.17182], [-83.1644, 48.17191], [-83.16438, 48.17202], [-83.16436, 48.17208], [-83.16437, 48.1721], [-83.16441, 48.17214], [-83.16441, 48.17216], [-83.16439, 48.1722], [-83.16436, 48.17225], [-83.16433, 48.17227], [-83.16411, 48.17232], [-83.16399, 48.17238], [-83.16391, 48.1724], [-83.16388, 48.17242], [-83.16386, 48.17245], [-83.16387, 48.17249], [-83.16394, 48.17254], [-83.16392, 48.1726], [-83.16401, 48.1727], [-83.16404, 48.17281], [-83.16406, 48.17304], [-83.16414, 48.17317], [-83.16421, 48.17339], [-83.16424, 48.17353], [-83.16421, 48.1736], [-83.16426, 48.17365], [-83.16427, 48.1737], [-83.16426, 48.17373], [-83.16419, 48.17387], [-83.1642, 48.17409], [-83.16422, 48.17416], [-83.16431, 48.17427], [-83.16432, 48.17434], [-83.16437, 48.17441], [-83.16439, 48.17453], [-83.16439, 48.17459], [-83.16442, 48.17468], [-83.16442, 48.17473], [-83.16437, 48.17492], [-83.16433, 48.17497], [-83.16414, 48.17504], [-83.16395, 48.17509], [-83.16381, 48.17515], [-83.16379, 48.17517], [-83.16383, 48.17521], [-83.16405, 48.17531], [-83.16435, 48.17542], [-83.16451, 48.1755], [-83.16464, 48.17553], [-83.16472, 48.17558], [-83.16492, 48.17574], [-83.16504, 48.17588], [-83.16505, 48.17592], [-83.16503, 48.17598], [-83.16503, 48.176], [-83.165, 48.176], [-83.16498, 48.17599], [-83.16495, 48.17598], [-83.16481, 48.17586], [-83.16475, 48.17583], [-83.16469, 48.17578], [-83.16464, 48.17576], [-83.1646, 48.17577], [-83.16458, 48.17578], [-83.16458, 48.17581], [-83.16463, 48.17586], [-83.16464, 48.17592], [-83.16472, 48.17605], [-83.1648, 48.1761], [-83.1649, 48.17622], [-83.16498, 48.1763], [-83.16502, 48.17631], [-83.16514, 48.17633], [-83.16519, 48.17635], [-83.16525, 48.17639], [-83.16536, 48.17648], [-83.16548, 48.17652], [-83.16572, 48.17667], [-83.16591, 48.17677], [-83.16599, 48.1768], [-83.16602, 48.17682], [-83.16604, 48.17685], [-83.16606, 48.17693], [-83.16634, 48.17723], [-83.16643, 48.17739], [-83.16649, 48.17748], [-83.16649, 48.17757], [-83.16649, 48.17757], [-83.16654, 48.17763], [-83.16655, 48.17767], [-83.16655, 48.17777], [-83.16646, 48.17784], [-83.16639, 48.17796], [-83.16631, 48.17805], [-83.16622, 48.17812], [-83.16621, 48.17815], [-83.16622, 48.17818], [-83.16634, 48.17825], [-83.16666, 48.1784], [-83.16682, 48.1785], [-83.16692, 48.17855], [-83.16701, 48.17863], [-83.16721, 48.17879], [-83.16729, 48.17887], [-83.16742, 48.17897], [-83.16748, 48.17911], [-83.16749, 48.17918], [-83.16747, 48.17927], [-83.16743, 48.17929], [-83.16738, 48.17928], [-83.16737, 48.17928], [-83.16728, 48.17932], [-83.16719, 48.17936], [-83.16716, 48.17939], [-83.16719, 48.17942], [-83.16738, 48.17951], [-83.1675, 48.17961], [-83.16757, 48.17962], [-83.16765, 48.17965], [-83.16778, 48.17966], [-83.16783, 48.17967], [-83.16799, 48.17978], [-83.16808, 48.17985], [-83.16816, 48.17995], [-83.16819, 48.18004], [-83.16821, 48.18014], [-83.1682, 48.18017], [-83.16818, 48.18019], [-83.16816, 48.1802], [-83.16808, 48.18017], [-83.16805, 48.18016], [-83.168, 48.18017], [-83.16798, 48.18019], [-83.16793, 48.18028], [-83.16794, 48.18031], [-83.16802, 48.18044], [-83.16806, 48.18046], [-83.16811, 48.18047], [-83.16824, 48.18047], [-83.16839, 48.18049], [-83.16844, 48.18048], [-83.16852, 48.18043], [-83.16856, 48.18043], [-83.16863, 48.18044], [-83.16872, 48.18048], [-83.16896, 48.18064], [-83.16905, 48.1807], [-83.16911, 48.18076], [-83.16921, 48.18089], [-83.16926, 48.18097], [-83.16939, 48.18128], [-83.16943, 48.18142], [-83.16941, 48.1815], [-83.16945, 48.18156], [-83.16944, 48.18165], [-83.16947, 48.1818], [-83.16955, 48.18199], [-83.16961, 48.18206], [-83.16965, 48.18208], [-83.16971, 48.1821], [-83.16974, 48.18211], [-83.16978, 48.1821], [-83.16986, 48.18207], [-83.16998, 48.18205], [-83.17013, 48.18204], [-83.17018, 48.18204], [-83.17033, 48.18208], [-83.17037, 48.18208], [-83.17041, 48.18207], [-83.17046, 48.18202], [-83.17049, 48.18201], [-83.17093, 48.18204], [-83.171, 48.18205], [-83.17107, 48.18209], [-83.17134, 48.18225], [-83.17137, 48.18228], [-83.17137, 48.1823], [-83.17135, 48.18232], [-83.17129, 48.18233], [-83.17122, 48.18232], [-83.17101, 48.18226], [-83.1709, 48.18224], [-83.17069, 48.18223], [-83.17053, 48.18224], [-83.17045, 48.18225], [-83.1704, 48.18227], [-83.17033, 48.18232], [-83.17029, 48.18236], [-83.17027, 48.18241], [-83.17027, 48.18244], [-83.1703, 48.18248], [-83.17036, 48.18251], [-83.17041, 48.18252], [-83.1706, 48.18255], [-83.17082, 48.18257], [-83.17096, 48.18255], [-83.17107, 48.18255], [-83.17175, 48.18258], [-83.17184, 48.18258], [-83.17197, 48.18255], [-83.17201, 48.18255], [-83.17206, 48.18256], [-83.17215, 48.18261], [-83.17227, 48.1826], [-83.17243, 48.18262], [-83.17255, 48.18265], [-83.17267, 48.1827], [-83.17279, 48.18273], [-83.17295, 48.1828], [-83.17306, 48.18287], [-83.17313, 48.18294], [-83.17319, 48.18303], [-83.17325, 48.18307], [-83.17326, 48.18308], [-83.17329, 48.18318], [-83.17328, 48.1832], [-83.17326, 48.18321], [-83.17324, 48.1832], [-83.17318, 48.18314], [-83.17316, 48.18313], [-83.17313, 48.18311], [-83.17304, 48.18308], [-83.17301, 48.1831], [-83.17299, 48.18318], [-83.17303, 48.18334], [-83.17313, 48.18347], [-83.17332, 48.18357], [-83.17338, 48.18364], [-83.17346, 48.18371], [-83.17353, 48.18375], [-83.17362, 48.18386], [-83.17384, 48.18398], [-83.17399, 48.18411], [-83.17402, 48.18414], [-83.17407, 48.18425], [-83.1741, 48.18435], [-83.17408, 48.18444], [-83.1741, 48.18473], [-83.1741, 48.18484], [-83.17416, 48.18501], [-83.17418, 48.18511], [-83.17416, 48.18528], [-83.17417, 48.18536], [-83.17415, 48.18543], [-83.17415, 48.18556], [-83.17414, 48.18565], [-83.17411, 48.18572], [-83.17411, 48.18579], [-83.17405, 48.18591], [-83.17403, 48.18599], [-83.17396, 48.1861], [-83.17397, 48.18616], [-83.17394, 48.18632], [-83.17389, 48.18643], [-83.17382, 48.18652], [-83.17376, 48.18657], [-83.17372, 48.18663], [-83.17368, 48.18665], [-83.17357, 48.18666], [-83.17344, 48.18672], [-83.17326, 48.18675], [-83.17299, 48.18687], [-83.1729, 48.18688], [-83.17273, 48.18689], [-83.17266, 48.1869], [-83.17262, 48.18693], [-83.17255, 48.18702], [-83.1725, 48.18706], [-83.17246, 48.18706], [-83.1724, 48.18704], [-83.17235, 48.18704], [-83.17225, 48.18704], [-83.17219, 48.18705], [-83.17216, 48.18708], [-83.17217, 48.18714], [-83.17223, 48.18722], [-83.17238, 48.18732], [-83.17244, 48.18734], [-83.17259, 48.18737], [-83.17261, 48.18739], [-83.17265, 48.18743], [-83.17275, 48.18743], [-83.17277, 48.18745], [-83.17279, 48.18749], [-83.17285, 48.18753], [-83.1729, 48.18755], [-83.1731, 48.18756], [-83.17321, 48.18761], [-83.17337, 48.18764], [-83.1734, 48.18765], [-83.1736, 48.18787], [-83.17377, 48.18812], [-83.17377, 48.18816], [-83.17374, 48.18819], [-83.17373, 48.18821], [-83.17374, 48.18827], [-83.17388, 48.18845], [-83.17397, 48.18852], [-83.17415, 48.18857], [-83.17422, 48.18859], [-83.17431, 48.18857], [-83.17432, 48.18857], [-83.17437, 48.18858], [-83.17438, 48.1886], [-83.17436, 48.18861], [-83.17434, 48.18862], [-83.17434, 48.18864], [-83.17448, 48.1887], [-83.17458, 48.18877], [-83.17494, 48.18888], [-83.17503, 48.18892], [-83.17507, 48.18896], [-83.17506, 48.18901], [-83.17508, 48.18903], [-83.17514, 48.18907], [-83.17526, 48.18912], [-83.17533, 48.18918], [-83.17537, 48.18921], [-83.17548, 48.18936], [-83.17556, 48.18947], [-83.1756, 48.18963], [-83.17568, 48.18981], [-83.17568, 48.18988], [-83.17567, 48.18998], [-83.17568, 48.19008], [-83.17563, 48.19034], [-83.17558, 48.19045], [-83.17547, 48.19055], [-83.17545, 48.19064], [-83.17543, 48.19065], [-83.17538, 48.19066], [-83.17536, 48.19067], [-83.17536, 48.19078], [-83.1753, 48.19091], [-83.17531, 48.19093], [-83.17537, 48.19094], [-83.17539, 48.19095], [-83.17542, 48.19107], [-83.17541, 48.19119], [-83.17535, 48.19133], [-83.17525, 48.19149], [-83.17497, 48.19181], [-83.17494, 48.19187], [-83.17489, 48.19192], [-83.17479, 48.19207], [-83.17464, 48.19226], [-83.17453, 48.19236], [-83.1744, 48.19246], [-83.17433, 48.1925], [-83.17423, 48.19254], [-83.17415, 48.19259], [-83.17402, 48.19262], [-83.17394, 48.19267], [-83.17364, 48.19292], [-83.17359, 48.19297], [-83.17357, 48.19303], [-83.17356, 48.19312], [-83.17359, 48.19321], [-83.17376, 48.19353], [-83.1738, 48.19364], [-83.17382, 48.19395], [-83.17382, 48.19402], [-83.17379, 48.19408], [-83.17375, 48.19414], [-83.17367, 48.19422], [-83.1735, 48.19433], [-83.17335, 48.19439], [-83.17304, 48.19447], [-83.17301, 48.19449], [-83.173, 48.19451], [-83.17302, 48.19454], [-83.1733, 48.19474], [-83.17342, 48.19486], [-83.17364, 48.19499], [-83.1737, 48.19503], [-83.17378, 48.1951], [-83.17393, 48.19525], [-83.17406, 48.19534], [-83.17411, 48.19545], [-83.17418, 48.19554], [-83.1742, 48.19571], [-83.17419, 48.1959], [-83.17423, 48.19604], [-83.1742, 48.19615], [-83.17424, 48.19634], [-83.17421, 48.19642], [-83.17415, 48.19648], [-83.17411, 48.19655], [-83.17403, 48.19672], [-83.17401, 48.19678], [-83.17401, 48.19685], [-83.17399, 48.1969], [-83.17391, 48.19699], [-83.17387, 48.19709], [-83.17381, 48.19717], [-83.17381, 48.1973], [-83.17379, 48.19738], [-83.17382, 48.19747], [-83.17381, 48.19757], [-83.17381, 48.19764], [-83.17374, 48.19779], [-83.17371, 48.19782], [-83.17353, 48.19786], [-83.17349, 48.19788], [-83.17345, 48.19792], [-83.17343, 48.19798], [-83.17344, 48.19814], [-83.17343, 48.19819], [-83.17333, 48.19843], [-83.17325, 48.19853], [-83.17303, 48.1987], [-83.17295, 48.19874], [-83.17276, 48.19881], [-83.17272, 48.19884], [-83.1727, 48.19886], [-83.17271, 48.19891], [-83.17278, 48.19896], [-83.17309, 48.19911], [-83.17321, 48.19919], [-83.17344, 48.19928], [-83.17354, 48.1993], [-83.17363, 48.19935], [-83.17372, 48.19942], [-83.17376, 48.19948], [-83.17386, 48.19953], [-83.17397, 48.1996], [-83.1741, 48.19968], [-83.17416, 48.19974], [-83.17424, 48.19978], [-83.17435, 48.19988], [-83.1744, 48.19998], [-83.17441, 48.20008], [-83.17444, 48.20018], [-83.17443, 48.2003], [-83.17448, 48.20038], [-83.1745, 48.20048], [-83.17449, 48.20057], [-83.17452, 48.20065], [-83.17451, 48.20069], [-83.17448, 48.20075], [-83.1745, 48.20081], [-83.1745, 48.20101], [-83.17447, 48.20107], [-83.17441, 48.2013], [-83.17437, 48.20137], [-83.17436, 48.20143], [-83.17433, 48.20149], [-83.17433, 48.20159], [-83.17425, 48.20171], [-83.17414, 48.20181], [-83.17411, 48.20195], [-83.17401, 48.20202], [-83.17395, 48.20213], [-83.17394, 48.2022], [-83.17392, 48.20228], [-83.17393, 48.20231], [-83.17398, 48.20234], [-83.17399, 48.20235], [-83.17398, 48.20237], [-83.17394, 48.20239], [-83.17392, 48.20242], [-83.17393, 48.20266], [-83.17396, 48.20285], [-83.17393, 48.20296], [-83.17387, 48.20301], [-83.17376, 48.20309], [-83.17349, 48.20321], [-83.17334, 48.20332], [-83.17322, 48.20339], [-83.17303, 48.20353], [-83.17293, 48.20358], [-83.17287, 48.20362], [-83.17281, 48.20364], [-83.1727, 48.20366], [-83.17234, 48.20368], [-83.17183, 48.20375], [-83.17139, 48.2038], [-83.17105, 48.20382], [-83.17099, 48.20384], [-83.17097, 48.20387], [-83.17098, 48.2039], [-83.17101, 48.20393], [-83.1711, 48.20398], [-83.17115, 48.204], [-83.17134, 48.20402], [-83.17149, 48.20406], [-83.17156, 48.20409], [-83.17163, 48.20414], [-83.1718, 48.20431], [-83.17183, 48.20437], [-83.17183, 48.20448], [-83.17186, 48.20458], [-83.17191, 48.20478], [-83.17198, 48.20491], [-83.17202, 48.20505], [-83.1721, 48.20514], [-83.17216, 48.20531], [-83.17215, 48.20538], [-83.1721, 48.20545], [-83.17199, 48.20552], [-83.17183, 48.20561], [-83.1718, 48.20565], [-83.1717, 48.20589], [-83.17163, 48.20602], [-83.17151, 48.20618], [-83.17131, 48.20634], [-83.17129, 48.20639], [-83.17129, 48.20643], [-83.17133, 48.20645], [-83.17142, 48.20646], [-83.17169, 48.20641], [-83.1718, 48.2064], [-83.17187, 48.2064], [-83.17243, 48.20653], [-83.17282, 48.20663], [-83.17288, 48.20667], [-83.17299, 48.20671], [-83.17303, 48.20673], [-83.17315, 48.2068], [-83.17319, 48.20683], [-83.1732, 48.20688], [-83.17317, 48.20688], [-83.17312, 48.20687], [-83.17304, 48.20683], [-83.173, 48.20679], [-83.17299, 48.20679], [-83.17297, 48.20678], [-83.17293, 48.20681], [-83.17283, 48.20695], [-83.17282, 48.20699], [-83.17283, 48.20704], [-83.17287, 48.20714], [-83.17294, 48.20721], [-83.17295, 48.20725], [-83.17294, 48.20734], [-83.1729, 48.20747], [-83.17292, 48.20765], [-83.17309, 48.20793], [-83.17318, 48.20812], [-83.17329, 48.20828], [-83.17339, 48.20838], [-83.17345, 48.20842], [-83.17349, 48.20843], [-83.17358, 48.20843], [-83.17363, 48.20846], [-83.17376, 48.20858], [-83.17389, 48.20875], [-83.17397, 48.20883], [-83.17409, 48.20895], [-83.17419, 48.20912], [-83.17423, 48.20925], [-83.17423, 48.20934], [-83.17427, 48.20943], [-83.17428, 48.20947], [-83.17426, 48.20957], [-83.17421, 48.20964], [-83.17418, 48.2097], [-83.17409, 48.20982], [-83.17397, 48.20992], [-83.1739, 48.21009], [-83.1738, 48.21024], [-83.17377, 48.21026], [-83.17361, 48.21033], [-83.17356, 48.21036], [-83.17352, 48.21041], [-83.17342, 48.21059], [-83.17327, 48.21074], [-83.17312, 48.21083], [-83.17302, 48.21093], [-83.17292, 48.21097], [-83.17286, 48.21102], [-83.17277, 48.21107], [-83.17271, 48.21117], [-83.17258, 48.21124], [-83.17237, 48.2114], [-83.17219, 48.2116], [-83.17216, 48.21165], [-83.17216, 48.21169], [-83.17229, 48.21183], [-83.17231, 48.21189], [-83.1723, 48.21194], [-83.17225, 48.212], [-83.17219, 48.21204], [-83.17213, 48.21206], [-83.1716, 48.21208], [-83.17152, 48.21209], [-83.17145, 48.21212], [-83.17141, 48.21218], [-83.17141, 48.21223], [-83.17145, 48.21228], [-83.17153, 48.21233], [-83.17161, 48.21241], [-83.17174, 48.21246], [-83.1718, 48.21249], [-83.17185, 48.21253], [-83.17187, 48.21257], [-83.17187, 48.2126], [-83.17181, 48.21271], [-83.17178, 48.21279], [-83.1719, 48.21312], [-83.1719, 48.21322], [-83.17187, 48.21342], [-83.17188, 48.21346], [-83.17191, 48.21352], [-83.17188, 48.2136], [-83.17175, 48.21371], [-83.17164, 48.21375], [-83.17148, 48.21384], [-83.17142, 48.21391], [-83.17135, 48.21395], [-83.17125, 48.21403], [-83.17111, 48.21411], [-83.17059, 48.2143], [-83.17008, 48.21438], [-83.16993, 48.21438], [-83.16968, 48.21442], [-83.1695, 48.21446], [-83.16878, 48.21453], [-83.16867, 48.21459], [-83.16857, 48.21466], [-83.16859, 48.21467], [-83.16865, 48.21467], [-83.16879, 48.21466], [-83.16887, 48.21466], [-83.169, 48.21464], [-83.16911, 48.21463], [-83.16929, 48.2146], [-83.16951, 48.21458], [-83.16991, 48.21458], [-83.16994, 48.21458], [-83.16996, 48.21456], [-83.16999, 48.21456], [-83.17014, 48.21461], [-83.1703, 48.21465], [-83.17054, 48.21476], [-83.17071, 48.21486], [-83.17083, 48.21498], [-83.17083, 48.21498], [-83.17083, 48.21498], [-83.17051, 48.21515], [-83.17037, 48.21519], [-83.17026, 48.21522], [-83.17011, 48.21524], [-83.16999, 48.21524], [-83.1699, 48.21523], [-83.16972, 48.21517], [-83.16967, 48.21517], [-83.16965, 48.21519], [-83.16967, 48.21522], [-83.16975, 48.21528], [-83.16992, 48.21538], [-83.17002, 48.21542], [-83.17056, 48.21559], [-83.17067, 48.21564], [-83.17074, 48.2157], [-83.17084, 48.21588], [-83.17093, 48.21598], [-83.17096, 48.21607], [-83.17094, 48.21616], [-83.17087, 48.21629], [-83.17088, 48.21631], [-83.17091, 48.21638], [-83.17091, 48.21641], [-83.1709, 48.21648], [-83.17085, 48.21656], [-83.17085, 48.2166], [-83.17086, 48.21662], [-83.17093, 48.21673], [-83.17105, 48.21683], [-83.17114, 48.21689], [-83.17128, 48.21694], [-83.17137, 48.21699], [-83.17146, 48.21705], [-83.17153, 48.21711], [-83.17156, 48.21715], [-83.17154, 48.21721], [-83.17154, 48.21726], [-83.17157, 48.21733], [-83.17173, 48.21751], [-83.17194, 48.21767], [-83.17201, 48.21775], [-83.17203, 48.2178], [-83.17203, 48.21786], [-83.17202, 48.21794], [-83.172, 48.21798], [-83.17189, 48.21814], [-83.1718, 48.21823], [-83.17172, 48.21827], [-83.17164, 48.21831], [-83.17158, 48.21833], [-83.17149, 48.21835], [-83.17124, 48.21837], [-83.17074, 48.21837], [-83.16976, 48.21839], [-83.16886, 48.21838], [-83.16865, 48.2184], [-83.16862, 48.21841], [-83.16861, 48.21843], [-83.16864, 48.21846], [-83.16871, 48.21849], [-83.16922, 48.21866], [-83.17005, 48.21884], [-83.17117, 48.21911], [-83.17144, 48.2192], [-83.17166, 48.21926], [-83.17191, 48.21934], [-83.17201, 48.21939], [-83.17212, 48.21946], [-83.17218, 48.21949], [-83.17242, 48.21955], [-83.17258, 48.21956], [-83.17262, 48.21957], [-83.17272, 48.21962], [-83.17281, 48.21964], [-83.17294, 48.21969], [-83.17315, 48.21982], [-83.17326, 48.21985], [-83.17326, 48.21988], [-83.17327, 48.2199], [-83.1734, 48.21997], [-83.17348, 48.22009], [-83.17369, 48.22024], [-83.17376, 48.22031], [-83.17384, 48.22044], [-83.17392, 48.22049], [-83.17405, 48.22063], [-83.17412, 48.22073], [-83.17415, 48.2208], [-83.17426, 48.22092], [-83.17431, 48.221], [-83.17433, 48.22106], [-83.17439, 48.22115], [-83.1744, 48.22126], [-83.17436, 48.22143], [-83.17433, 48.2215], [-83.17437, 48.22162], [-83.17435, 48.22172], [-83.17439, 48.22177], [-83.1744, 48.2218], [-83.1744, 48.22191], [-83.17439, 48.22194], [-83.17435, 48.222], [-83.17435, 48.22205], [-83.17432, 48.2221], [-83.17432, 48.22223], [-83.17428, 48.22229], [-83.17418, 48.22238], [-83.17405, 48.22244], [-83.17376, 48.22259], [-83.17371, 48.22263], [-83.17369, 48.22266], [-83.17368, 48.22273], [-83.17365, 48.22279], [-83.17364, 48.22285], [-83.17366, 48.22291], [-83.1738, 48.2231], [-83.1739, 48.22321], [-83.17411, 48.22336], [-83.17421, 48.2234], [-83.17431, 48.22346], [-83.17439, 48.22353], [-83.17442, 48.22361], [-83.17444, 48.22369], [-83.17443, 48.22374], [-83.1744, 48.22383], [-83.1744, 48.22387], [-83.17442, 48.22391], [-83.17451, 48.22402], [-83.17453, 48.22406], [-83.17453, 48.2241], [-83.17452, 48.22414], [-83.17446, 48.22422], [-83.17445, 48.22429], [-83.17442, 48.22432], [-83.1742, 48.2245], [-83.1741, 48.22454], [-83.17403, 48.22459], [-83.17397, 48.22461], [-83.17395, 48.22464], [-83.17389, 48.22466], [-83.17315, 48.22495], [-83.17285, 48.22502], [-83.17275, 48.22503], [-83.17254, 48.22503], [-83.17238, 48.22503], [-83.17223, 48.22501], [-83.17219, 48.22502], [-83.17217, 48.22503], [-83.17217, 48.22505], [-83.17219, 48.22508], [-83.17233, 48.22518], [-83.17243, 48.22526], [-83.17265, 48.2255], [-83.17297, 48.22575], [-83.17321, 48.22597], [-83.17332, 48.2261], [-83.17337, 48.22618], [-83.17339, 48.22627], [-83.1734, 48.22637], [-83.17331, 48.22651], [-83.17323, 48.22661], [-83.17304, 48.22673], [-83.17238, 48.22726], [-83.17224, 48.22736], [-83.17216, 48.22744], [-83.17199, 48.22757], [-83.17194, 48.22765], [-83.17193, 48.22771], [-83.17192, 48.22774], [-83.17177, 48.2278], [-83.17157, 48.22787], [-83.17152, 48.22789], [-83.17151, 48.22791], [-83.17154, 48.22793], [-83.17173, 48.22796], [-83.17193, 48.228], [-83.17202, 48.22805], [-83.17232, 48.22814], [-83.17241, 48.22819], [-83.17262, 48.22837], [-83.17297, 48.22863], [-83.17335, 48.22896], [-83.17353, 48.22916], [-83.17358, 48.22922], [-83.17362, 48.22932], [-83.17373, 48.22944], [-83.17375, 48.22949], [-83.17373, 48.22954], [-83.17376, 48.22974], [-83.17369, 48.22992], [-83.1736, 48.23008], [-83.17344, 48.23031], [-83.17312, 48.23062], [-83.1731, 48.23066], [-83.17312, 48.23069], [-83.17305, 48.23076], [-83.17298, 48.23082], [-83.17277, 48.23077], [-83.17266, 48.23071], [-83.17262, 48.23069], [-83.17255, 48.2307], [-83.17251, 48.23071], [-83.17249, 48.23075], [-83.17248, 48.23078], [-83.1725, 48.23084], [-83.17255, 48.2309], [-83.17272, 48.23107], [-83.17286, 48.23128], [-83.17292, 48.23134], [-83.17299, 48.2314], [-83.17329, 48.23156], [-83.17337, 48.23162], [-83.17341, 48.23166], [-83.17343, 48.2317], [-83.17344, 48.23176], [-83.17343, 48.2318], [-83.17339, 48.23192], [-83.1733, 48.23201], [-83.17318, 48.23221], [-83.17309, 48.2323], [-83.17309, 48.23233], [-83.17311, 48.23241], [-83.17308, 48.23248], [-83.17304, 48.23253], [-83.173, 48.23257], [-83.17293, 48.23261], [-83.17286, 48.23264], [-83.17265, 48.2327], [-83.17242, 48.23274], [-83.17207, 48.23283], [-83.17171, 48.23288], [-83.17151, 48.2329], [-83.17142, 48.23288], [-83.17137, 48.23285], [-83.17133, 48.23281], [-83.17129, 48.23272], [-83.17123, 48.23268], [-83.17118, 48.23265], [-83.17111, 48.23266], [-83.17039, 48.23298], [-83.17026, 48.23302], [-83.17014, 48.23306], [-83.16981, 48.23315], [-83.16942, 48.23329], [-83.16851, 48.23352], [-83.16826, 48.23362], [-83.16797, 48.23372], [-83.16781, 48.23379], [-83.16771, 48.23386], [-83.16751, 48.23401], [-83.16737, 48.23415], [-83.16713, 48.23435], [-83.16688, 48.23452], [-83.16682, 48.23458], [-83.16681, 48.23461], [-83.16684, 48.23461], [-83.16689, 48.23459], [-83.16719, 48.2344], [-83.16731, 48.23436], [-83.16743, 48.23434], [-83.16781, 48.23434], [-83.16787, 48.23433], [-83.16796, 48.23429], [-83.16805, 48.23431], [-83.16809, 48.23433], [-83.16813, 48.23436], [-83.16822, 48.23448], [-83.16828, 48.23458], [-83.16836, 48.23478], [-83.1684, 48.23485], [-83.1685, 48.23496], [-83.16866, 48.23509], [-83.16875, 48.23524], [-83.16891, 48.2354], [-83.16902, 48.23551], [-83.16931, 48.2357], [-83.16941, 48.23579], [-83.16957, 48.2359], [-83.16965, 48.23596], [-83.16982, 48.23614], [-83.16998, 48.23628], [-83.17016, 48.2365], [-83.1702, 48.23665], [-83.17026, 48.23672], [-83.17028, 48.23677], [-83.17035, 48.23682], [-83.17043, 48.23693], [-83.1706, 48.23713], [-83.17068, 48.23728], [-83.17072, 48.23737], [-83.17073, 48.23748], [-83.17072, 48.23758], [-83.17069, 48.23764], [-83.17061, 48.23771], [-83.17053, 48.23776], [-83.17045, 48.2378], [-83.17036, 48.23783], [-83.1702, 48.23787], [-83.1701, 48.23791], [-83.17002, 48.23796], [-83.16985, 48.23811], [-83.16969, 48.23821], [-83.16931, 48.23842], [-83.16928, 48.23845], [-83.16927, 48.23848], [-83.16931, 48.23851], [-83.1695, 48.23861], [-83.1696, 48.23868], [-83.16964, 48.23873], [-83.16967, 48.23879], [-83.16968, 48.23888], [-83.16963, 48.2391], [-83.16952, 48.23945], [-83.16948, 48.23961], [-83.1694, 48.23975], [-83.1691, 48.24], [-83.16902, 48.24009], [-83.16895, 48.24018], [-83.16892, 48.24021], [-83.1688, 48.24026], [-83.16861, 48.24029], [-83.16808, 48.24043], [-83.16794, 48.24046], [-83.16777, 48.24051], [-83.16751, 48.24056], [-83.16729, 48.24057], [-83.16713, 48.2406], [-83.16687, 48.24061], [-83.16683, 48.2406], [-83.16674, 48.24057], [-83.16657, 48.2406], [-83.16648, 48.2406], [-83.16643, 48.24058], [-83.16632, 48.24053], [-83.16621, 48.24045], [-83.16617, 48.24036], [-83.16622, 48.24029], [-83.16623, 48.24027], [-83.16622, 48.24023], [-83.16619, 48.24019], [-83.16614, 48.24017], [-83.16601, 48.24015], [-83.16595, 48.24016], [-83.1659, 48.24018], [-83.16585, 48.24022], [-83.16583, 48.24033], [-83.16582, 48.24036], [-83.16576, 48.24039], [-83.16561, 48.24041], [-83.16555, 48.24044], [-83.16552, 48.24047], [-83.16551, 48.24058], [-83.16553, 48.24063], [-83.16563, 48.24073], [-83.16569, 48.24082], [-83.16574, 48.24092], [-83.16574, 48.24103], [-83.16583, 48.24114], [-83.16584, 48.24118], [-83.16586, 48.24133], [-83.16585, 48.2415], [-83.16585, 48.24171], [-83.16587, 48.24175], [-83.16597, 48.24185], [-83.166, 48.24192], [-83.16593, 48.24233], [-83.16599, 48.24263], [-83.16599, 48.24269], [-83.16597, 48.24272], [-83.16592, 48.24276], [-83.16581, 48.24279], [-83.16568, 48.24285], [-83.16545, 48.24292], [-83.16528, 48.24296], [-83.165, 48.24304], [-83.1648, 48.24307], [-83.16453, 48.24308], [-83.16437, 48.24308], [-83.16407, 48.2431], [-83.16387, 48.24308], [-83.16371, 48.24304], [-83.16363, 48.24302], [-83.1636, 48.24301], [-83.16356, 48.24303], [-83.16344, 48.24312], [-83.1634, 48.24313], [-83.16336, 48.24313], [-83.16333, 48.24312], [-83.1633, 48.2431], [-83.16326, 48.24303], [-83.16324, 48.24302], [-83.16322, 48.24302], [-83.16317, 48.24305], [-83.16308, 48.24315], [-83.16296, 48.24321], [-83.16284, 48.24324], [-83.16274, 48.24334], [-83.16258, 48.24344], [-83.16252, 48.24349], [-83.16246, 48.24352], [-83.16233, 48.24355], [-83.16227, 48.24359], [-83.16207, 48.24367], [-83.16188, 48.2437], [-83.1618, 48.24374], [-83.16178, 48.24377], [-83.16178, 48.24379], [-83.16182, 48.24382], [-83.16205, 48.24393], [-83.16208, 48.24396], [-83.1621, 48.244], [-83.1621, 48.24406], [-83.16206, 48.24425], [-83.16198, 48.24454], [-83.16198, 48.24461], [-83.16199, 48.24468], [-83.1621, 48.2448], [-83.16218, 48.24485], [-83.16222, 48.24489], [-83.16225, 48.24494], [-83.16228, 48.24505], [-83.16232, 48.2451], [-83.16239, 48.24514], [-83.16264, 48.24525], [-83.16272, 48.24531], [-83.16279, 48.24538], [-83.16283, 48.24544], [-83.16285, 48.2455], [-83.16286, 48.24573], [-83.16288, 48.24576], [-83.16291, 48.24579], [-83.16294, 48.24581], [-83.16299, 48.24582], [-83.16312, 48.24579], [-83.16323, 48.24577], [-83.1633, 48.24576], [-83.16335, 48.24576], [-83.16341, 48.24579], [-83.16351, 48.24588], [-83.16354, 48.24593], [-83.16355, 48.24597], [-83.16354, 48.24614], [-83.16357, 48.24631], [-83.1636, 48.24638], [-83.16369, 48.24657], [-83.16371, 48.24664], [-83.16371, 48.24674], [-83.16365, 48.24695], [-83.16364, 48.24713], [-83.16365, 48.24733], [-83.16372, 48.24753], [-83.16374, 48.2477], [-83.16372, 48.24783], [-83.16366, 48.24796], [-83.16361, 48.24802], [-83.16355, 48.24807], [-83.16348, 48.24811], [-83.16339, 48.24814], [-83.16323, 48.24817], [-83.16287, 48.24817], [-83.16276, 48.24819], [-83.16268, 48.24823], [-83.16261, 48.24828], [-83.16258, 48.24832], [-83.16256, 48.24837], [-83.16257, 48.24842], [-83.1626, 48.24845], [-83.16264, 48.24846], [-83.16271, 48.24848], [-83.16298, 48.2485], [-83.16308, 48.24852], [-83.16316, 48.24854], [-83.16321, 48.24858], [-83.16324, 48.24865], [-83.16327, 48.24886], [-83.1633, 48.24896], [-83.16334, 48.24901], [-83.16355, 48.24923], [-83.16373, 48.24937], [-83.16383, 48.2495], [-83.16389, 48.24958], [-83.16391, 48.24965], [-83.16392, 48.24971], [-83.16391, 48.24982], [-83.16392, 48.24987], [-83.16404, 48.25002], [-83.16407, 48.2501], [-83.16413, 48.25015], [-83.16414, 48.25018], [-83.16413, 48.25022], [-83.1641, 48.25025], [-83.1639, 48.25035], [-83.16378, 48.25046], [-83.16372, 48.25058], [-83.16372, 48.25068], [-83.1637, 48.25083], [-83.16362, 48.25111], [-83.16358, 48.25115], [-83.16349, 48.25118], [-83.16347, 48.25122], [-83.1635, 48.25134], [-83.16355, 48.25142], [-83.16356, 48.2515], [-83.16355, 48.25155], [-83.16352, 48.25159], [-83.16349, 48.25162], [-83.16342, 48.25166], [-83.16341, 48.25169], [-83.16345, 48.25177], [-83.16346, 48.25182], [-83.16341, 48.25202], [-83.16336, 48.25215], [-83.16336, 48.25234], [-83.16335, 48.25246], [-83.16325, 48.25278], [-83.16322, 48.25283], [-83.16303, 48.25296], [-83.16293, 48.253], [-83.16259, 48.25307], [-83.16254, 48.25307], [-83.1624, 48.25306], [-83.1623, 48.25306], [-83.16223, 48.25308], [-83.16217, 48.25311], [-83.16211, 48.25317], [-83.16208, 48.25331], [-83.16198, 48.2535], [-83.16196, 48.25364], [-83.16199, 48.25374], [-83.16197, 48.25384], [-83.16192, 48.25391], [-83.16181, 48.25401], [-83.16169, 48.25417], [-83.16165, 48.2542], [-83.16159, 48.25423], [-83.16152, 48.25425], [-83.16146, 48.25426], [-83.16115, 48.25424], [-83.16102, 48.25419], [-83.16096, 48.2542], [-83.16087, 48.25426], [-83.16082, 48.2543], [-83.16063, 48.25452], [-83.16054, 48.25459], [-83.16048, 48.25468], [-83.16046, 48.25473], [-83.16045, 48.25481], [-83.16038, 48.25492], [-83.16029, 48.25503], [-83.16016, 48.25515], [-83.16014, 48.25519], [-83.16014, 48.25524], [-83.16019, 48.25543], [-83.16019, 48.25553], [-83.16021, 48.25555], [-83.16025, 48.25555], [-83.16034, 48.25545], [-83.16039, 48.25542], [-83.16044, 48.2554], [-83.16055, 48.25539], [-83.16071, 48.25542], [-83.16077, 48.25546], [-83.16083, 48.25551], [-83.16093, 48.25561], [-83.16094, 48.25569], [-83.16092, 48.25581], [-83.16088, 48.25587], [-83.1608, 48.25595], [-83.1607, 48.25603], [-83.16061, 48.25609], [-83.16036, 48.25619], [-83.16023, 48.25623], [-83.16007, 48.25628], [-83.15989, 48.25632], [-83.15983, 48.25635], [-83.15972, 48.25645], [-83.15959, 48.25656], [-83.15945, 48.25673], [-83.15944, 48.25677], [-83.15944, 48.25687], [-83.15943, 48.25695], [-83.15944, 48.25705], [-83.15942, 48.25708], [-83.15933, 48.25714], [-83.1592, 48.25714], [-83.15913, 48.25715], [-83.159, 48.25723], [-83.15886, 48.25728], [-83.15882, 48.25731], [-83.15881, 48.25734], [-83.15881, 48.25738], [-83.15884, 48.25749], [-83.15891, 48.25758], [-83.15895, 48.25769], [-83.15908, 48.25783], [-83.15917, 48.25796], [-83.15925, 48.25813], [-83.15927, 48.25822], [-83.15926, 48.25826], [-83.15923, 48.25829], [-83.15898, 48.25847], [-83.15886, 48.25858], [-83.15884, 48.25865], [-83.15883, 48.25883], [-83.15883, 48.2589], [-83.15882, 48.25891], [-83.15879, 48.25892], [-83.15861, 48.25894], [-83.15841, 48.25893], [-83.15836, 48.25893], [-83.15817, 48.25896], [-83.15809, 48.259], [-83.15803, 48.25902], [-83.15791, 48.25903], [-83.15783, 48.25906], [-83.1578, 48.25907], [-83.15766, 48.25905], [-83.15757, 48.25907], [-83.1575, 48.25907], [-83.15732, 48.25902], [-83.15722, 48.25896], [-83.15714, 48.25895], [-83.157, 48.25891], [-83.1569, 48.25888], [-83.15687, 48.25888], [-83.15683, 48.25891], [-83.15682, 48.25899], [-83.15688, 48.2591], [-83.15692, 48.25926], [-83.15695, 48.25934], [-83.15691, 48.25936], [-83.15687, 48.2594], [-83.15676, 48.25962], [-83.15667, 48.25973], [-83.15663, 48.25979], [-83.15662, 48.25984], [-83.15663, 48.25989], [-83.15664, 48.25994], [-83.15668, 48.25998], [-83.15674, 48.26002], [-83.1568, 48.26003], [-83.15693, 48.26003], [-83.15709, 48.25998], [-83.15721, 48.25997], [-83.15749, 48.25999], [-83.1576, 48.26001], [-83.15766, 48.26005], [-83.15791, 48.26024], [-83.15797, 48.2603], [-83.158, 48.26035], [-83.158, 48.26039], [-83.15798, 48.26051], [-83.15798, 48.26054], [-83.15809, 48.26061], [-83.15814, 48.26066], [-83.15818, 48.26071], [-83.15822, 48.26081], [-83.15824, 48.26084], [-83.15828, 48.26086], [-83.15834, 48.26088], [-83.1586, 48.26092], [-83.15881, 48.26101], [-83.15886, 48.26106], [-83.15891, 48.26117], [-83.15898, 48.26124], [-83.15902, 48.26127], [-83.15911, 48.26136], [-83.15916, 48.26144], [-83.1592, 48.26151], [-83.15925, 48.26163], [-83.1593, 48.26169], [-83.15952, 48.2618], [-83.1598, 48.2619], [-83.15985, 48.26193], [-83.15989, 48.26197], [-83.1599, 48.26204], [-83.15989, 48.26209], [-83.15985, 48.26215], [-83.15978, 48.26223], [-83.15976, 48.26227], [-83.15976, 48.26241], [-83.15972, 48.26251], [-83.15973, 48.26264], [-83.15967, 48.26281], [-83.15967, 48.26284], [-83.15968, 48.26287], [-83.1597, 48.26288], [-83.15978, 48.2629], [-83.15989, 48.26297], [-83.15994, 48.26303], [-83.15998, 48.26312], [-83.16014, 48.26325], [-83.16023, 48.26331], [-83.16049, 48.26342], [-83.16064, 48.26352], [-83.16072, 48.26359], [-83.16083, 48.26373], [-83.16074, 48.26392], [-83.16065, 48.26403], [-83.16062, 48.26409], [-83.16061, 48.26419], [-83.16055, 48.26428], [-83.16052, 48.26435], [-83.16053, 48.26444], [-83.16052, 48.26448], [-83.16043, 48.26459], [-83.16036, 48.26464], [-83.16035, 48.26466], [-83.16044, 48.26473], [-83.16046, 48.26479], [-83.16047, 48.26486], [-83.16054, 48.26499], [-83.16058, 48.26502], [-83.16072, 48.26505], [-83.16078, 48.26508], [-83.16083, 48.26513], [-83.16087, 48.26518], [-83.16091, 48.26527], [-83.16091, 48.26534], [-83.16086, 48.26543], [-83.16078, 48.26549], [-83.16065, 48.26556], [-83.16055, 48.2656], [-83.16038, 48.26563], [-83.16032, 48.26565], [-83.16023, 48.26573], [-83.16019, 48.26578], [-83.1602, 48.26584], [-83.1603, 48.26595], [-83.16034, 48.26602], [-83.16037, 48.26613], [-83.16039, 48.26622], [-83.16039, 48.2663], [-83.16036, 48.26639], [-83.16032, 48.26646], [-83.16026, 48.26653], [-83.16016, 48.2666], [-83.16, 48.26666], [-83.15933, 48.2668], [-83.15886, 48.26698], [-83.15879, 48.26699], [-83.1587, 48.26698], [-83.15867, 48.267], [-83.15869, 48.26702], [-83.15879, 48.26708], [-83.15879, 48.26709], [-83.1588, 48.26717], [-83.15883, 48.26724], [-83.15887, 48.26729], [-83.15901, 48.26742], [-83.15906, 48.2675], [-83.15906, 48.26761], [-83.15899, 48.26827], [-83.15901, 48.26834], [-83.15904, 48.26838], [-83.15909, 48.26841], [-83.15933, 48.26847], [-83.15938, 48.26849], [-83.15942, 48.26853], [-83.15951, 48.26864], [-83.15957, 48.26874], [-83.15961, 48.26887], [-83.15964, 48.26901], [-83.15966, 48.26905], [-83.15976, 48.26912], [-83.15998, 48.26923], [-83.16001, 48.26926], [-83.16004, 48.26931], [-83.16009, 48.26942], [-83.16011, 48.26952], [-83.16018, 48.26955], [-83.16023, 48.2696], [-83.16031, 48.26971], [-83.16031, 48.26975], [-83.1603, 48.2698], [-83.16032, 48.26991], [-83.16034, 48.27], [-83.16037, 48.27005], [-83.16038, 48.27011], [-83.16047, 48.27018], [-83.16052, 48.27023], [-83.16064, 48.2703], [-83.16072, 48.27038], [-83.1608, 48.27043], [-83.16083, 48.27053], [-83.16091, 48.27062], [-83.16092, 48.2707], [-83.16096, 48.27077], [-83.16106, 48.27086], [-83.16112, 48.2709], [-83.16118, 48.27097], [-83.1613, 48.27107], [-83.16134, 48.27116], [-83.16136, 48.27123], [-83.16141, 48.27133], [-83.16151, 48.27139], [-83.16161, 48.27152], [-83.16168, 48.27158], [-83.16177, 48.27175], [-83.16192, 48.27185], [-83.16199, 48.27186], [-83.16201, 48.27187], [-83.16208, 48.27201], [-83.16215, 48.27209], [-83.16223, 48.27213], [-83.16229, 48.2722], [-83.16246, 48.27227], [-83.1625, 48.2723], [-83.16257, 48.27243], [-83.16257, 48.27251], [-83.16259, 48.27259], [-83.1626, 48.27271], [-83.16263, 48.27275], [-83.16271, 48.27283], [-83.16277, 48.27292], [-83.16284, 48.27296], [-83.16293, 48.273], [-83.16299, 48.273], [-83.16306, 48.27301], [-83.1632, 48.27302], [-83.16328, 48.27305], [-83.1633, 48.27305], [-83.16338, 48.27306], [-83.16343, 48.27307], [-83.16353, 48.27311], [-83.16361, 48.27312], [-83.16369, 48.27315], [-83.1638, 48.27318], [-83.16395, 48.27324], [-83.16399, 48.27327], [-83.16404, 48.27333], [-83.16416, 48.27352], [-83.16427, 48.27363], [-83.16432, 48.27367], [-83.16445, 48.27374], [-83.16452, 48.27383], [-83.16468, 48.27396], [-83.16479, 48.27404], [-83.16487, 48.27408], [-83.165, 48.27411], [-83.1651, 48.27415], [-83.16534, 48.27421], [-83.16542, 48.27423], [-83.16554, 48.27423], [-83.1657, 48.27425], [-83.1658, 48.27425], [-83.16592, 48.27423], [-83.16604, 48.27424], [-83.1661, 48.27426], [-83.16619, 48.27436], [-83.1662, 48.27438], [-83.16618, 48.27443], [-83.16619, 48.27446], [-83.16625, 48.27454], [-83.16635, 48.27463], [-83.16643, 48.27476], [-83.16644, 48.27481], [-83.16643, 48.27486], [-83.16639, 48.27492], [-83.16633, 48.27499], [-83.16628, 48.27506], [-83.16618, 48.27515], [-83.16614, 48.27521], [-83.16614, 48.27527], [-83.16612, 48.27535], [-83.16613, 48.27537], [-83.1662, 48.27541], [-83.16624, 48.27543], [-83.16628, 48.27547], [-83.16628, 48.2755], [-83.16626, 48.27566], [-83.16623, 48.27574], [-83.16622, 48.27581], [-83.16607, 48.27603], [-83.16603, 48.27607], [-83.16594, 48.27613], [-83.16583, 48.27624], [-83.16577, 48.27634], [-83.16571, 48.2765], [-83.16562, 48.27662], [-83.16559, 48.27663], [-83.16548, 48.27666], [-83.16545, 48.27667], [-83.16538, 48.27675], [-83.16533, 48.27678], [-83.16522, 48.2768], [-83.16518, 48.27681], [-83.16499, 48.277], [-83.16496, 48.27708], [-83.16493, 48.27711], [-83.1649, 48.27713], [-83.1648, 48.27715], [-83.16475, 48.27722], [-83.16468, 48.27725], [-83.16465, 48.27727], [-83.16459, 48.27736], [-83.16458, 48.27747], [-83.16451, 48.2776], [-83.16451, 48.27765], [-83.16449, 48.2777], [-83.16449, 48.27776], [-83.16448, 48.27779], [-83.16446, 48.27781], [-83.16437, 48.27786], [-83.16431, 48.27791], [-83.16426, 48.278], [-83.1641, 48.27814], [-83.16401, 48.27828], [-83.16398, 48.2783], [-83.16386, 48.27834], [-83.16373, 48.27841], [-83.16361, 48.27846], [-83.16351, 48.27849], [-83.16345, 48.27851], [-83.16341, 48.27854], [-83.16332, 48.27865], [-83.16328, 48.27868], [-83.16315, 48.27875], [-83.16299, 48.27882], [-83.16291, 48.27883], [-83.16273, 48.2788], [-83.16265, 48.2788], [-83.16255, 48.27879], [-83.16235, 48.27878], [-83.16193, 48.27868], [-83.16178, 48.27866], [-83.16154, 48.27868], [-83.1614, 48.27871], [-83.16122, 48.27873], [-83.161, 48.27873], [-83.16067, 48.27877], [-83.16033, 48.27878], [-83.16019, 48.27877], [-83.15995, 48.27872], [-83.15981, 48.27871], [-83.15976, 48.27873], [-83.15958, 48.27888], [-83.15951, 48.27891], [-83.15944, 48.27898], [-83.15917, 48.27907], [-83.15911, 48.2791], [-83.15904, 48.27916], [-83.15901, 48.27923], [-83.15899, 48.27923], [-83.15893, 48.27922], [-83.15891, 48.27923], [-83.15889, 48.27924], [-83.15887, 48.27928], [-83.15884, 48.2793], [-83.15873, 48.27932], [-83.15863, 48.27932], [-83.15829, 48.2794], [-83.15822, 48.2794], [-83.1581, 48.27939], [-83.15803, 48.27939], [-83.15796, 48.27942], [-83.15789, 48.27947], [-83.15785, 48.27952], [-83.15786, 48.27959], [-83.15783, 48.27961], [-83.1578, 48.27962], [-83.15768, 48.27963], [-83.15759, 48.27961], [-83.15748, 48.2796], [-83.15733, 48.27962], [-83.15717, 48.27966], [-83.15699, 48.2797], [-83.15689, 48.27974], [-83.15662, 48.27982], [-83.15654, 48.27986], [-83.15641, 48.27994], [-83.15638, 48.27998], [-83.15636, 48.28007], [-83.15628, 48.28014], [-83.15612, 48.28022], [-83.1559, 48.28035], [-83.15567, 48.28045], [-83.15559, 48.28051], [-83.15546, 48.28064], [-83.15537, 48.2807], [-83.15516, 48.28078], [-83.155, 48.28088], [-83.15469, 48.28103], [-83.15465, 48.28104], [-83.15459, 48.28104], [-83.15457, 48.28103], [-83.1545, 48.28099], [-83.15444, 48.28099], [-83.15441, 48.281], [-83.15431, 48.28106], [-83.15425, 48.28108], [-83.15421, 48.28108], [-83.15411, 48.28103], [-83.154, 48.28099], [-83.15397, 48.28097], [-83.15394, 48.28091], [-83.15391, 48.28089], [-83.15383, 48.28089], [-83.15366, 48.28092], [-83.15355, 48.28096], [-83.15337, 48.28108], [-83.15316, 48.28117], [-83.153, 48.28122], [-83.15284, 48.28125], [-83.15262, 48.28133], [-83.15258, 48.28135], [-83.15251, 48.28142], [-83.15236, 48.28145], [-83.15224, 48.28148], [-83.152, 48.2816], [-83.15188, 48.28164], [-83.15177, 48.28168], [-83.15165, 48.28171], [-83.15156, 48.28176], [-83.1515, 48.28179], [-83.15138, 48.28182], [-83.15128, 48.28185], [-83.15113, 48.28188], [-83.15101, 48.28196], [-83.15091, 48.28199], [-83.15063, 48.28203], [-83.15022, 48.28205], [-83.14991, 48.28211], [-83.14955, 48.28214], [-83.14926, 48.28221], [-83.14895, 48.28227], [-83.1488, 48.28229], [-83.14847, 48.28237], [-83.14819, 48.28241], [-83.14811, 48.28244], [-83.14807, 48.28248], [-83.1479, 48.28275], [-83.14788, 48.28286], [-83.1479, 48.28298], [-83.1479, 48.28311], [-83.14789, 48.28316], [-83.14782, 48.2833], [-83.14779, 48.28341], [-83.14777, 48.28346], [-83.14766, 48.28364], [-83.14756, 48.28377], [-83.14734, 48.28403], [-83.14724, 48.28412], [-83.14715, 48.28422], [-83.14704, 48.28439], [-83.14698, 48.28451], [-83.14685, 48.28472], [-83.14679, 48.285], [-83.14672, 48.28515], [-83.1467, 48.28526], [-83.14665, 48.28536], [-83.14658, 48.28569], [-83.14659, 48.28583], [-83.14667, 48.28596], [-83.1467, 48.2861], [-83.14682, 48.28625], [-83.14688, 48.28629], [-83.14695, 48.28632], [-83.14707, 48.28635], [-83.14709, 48.28634], [-83.14716, 48.28629], [-83.14723, 48.28628], [-83.1473, 48.28629], [-83.14738, 48.28634], [-83.14741, 48.28638], [-83.14743, 48.28644], [-83.1475, 48.28656], [-83.14757, 48.28661], [-83.14771, 48.28665], [-83.14778, 48.28671], [-83.14781, 48.28676], [-83.14785, 48.28691], [-83.14791, 48.28699], [-83.14805, 48.28713], [-83.14819, 48.28725], [-83.14831, 48.28733], [-83.14848, 48.28747], [-83.14852, 48.28751], [-83.14856, 48.28763], [-83.14859, 48.28768], [-83.14863, 48.28771], [-83.14879, 48.28779], [-83.14884, 48.28784], [-83.14892, 48.28794], [-83.14897, 48.28804], [-83.14901, 48.2882], [-83.14907, 48.28837], [-83.14921, 48.2886], [-83.14924, 48.28873], [-83.14931, 48.28887], [-83.14936, 48.28901], [-83.14939, 48.28913], [-83.14936, 48.28937], [-83.14938, 48.28946], [-83.14944, 48.28958], [-83.14946, 48.28969], [-83.14946, 48.28979], [-83.14943, 48.28997], [-83.14934, 48.29017], [-83.14925, 48.2903], [-83.14922, 48.29041], [-83.14913, 48.29053], [-83.14891, 48.29073], [-83.14886, 48.29079], [-83.14883, 48.29084], [-83.14882, 48.29089], [-83.14885, 48.29107], [-83.14885, 48.29114], [-83.14883, 48.29124], [-83.1488, 48.29136], [-83.14877, 48.29154], [-83.14869, 48.29166], [-83.14864, 48.29179], [-83.14861, 48.29184], [-83.14855, 48.29198], [-83.14836, 48.29223], [-83.14824, 48.29236], [-83.14806, 48.29255], [-83.1479, 48.29268], [-83.14777, 48.29282], [-83.14745, 48.29306], [-83.1471, 48.29337], [-83.147, 48.2935], [-83.14691, 48.29371], [-83.14684, 48.29379], [-83.14677, 48.29383], [-83.14658, 48.2939], [-83.14656, 48.29393], [-83.14653, 48.29401], [-83.14646, 48.29407], [-83.14623, 48.29417], [-83.14614, 48.29419], [-83.14589, 48.2942], [-83.14581, 48.29422], [-83.14561, 48.29429], [-83.14549, 48.29434], [-83.1453, 48.29441], [-83.14507, 48.29444], [-83.14488, 48.29449], [-83.14481, 48.2945], [-83.14469, 48.2945], [-83.14454, 48.29449], [-83.14432, 48.29447], [-83.14414, 48.29446], [-83.14397, 48.29448], [-83.14384, 48.29449], [-83.1437, 48.29453], [-83.14355, 48.29456], [-83.14332, 48.29466], [-83.1432, 48.29475], [-83.1431, 48.29489], [-83.14301, 48.29498], [-83.14297, 48.29508], [-83.14293, 48.29512], [-83.14282, 48.29519], [-83.14271, 48.29522], [-83.1426, 48.29522], [-83.14239, 48.29519], [-83.14218, 48.29521], [-83.14196, 48.29522], [-83.14167, 48.29519], [-83.14144, 48.29519], [-83.14134, 48.29517], [-83.14127, 48.29513], [-83.14122, 48.29507], [-83.14111, 48.29487], [-83.14101, 48.29474], [-83.14101, 48.29473], [-83.14091, 48.29465], [-83.14091, 48.29465], [-83.14083, 48.29455], [-83.1408, 48.29453], [-83.14072, 48.29452], [-83.14064, 48.29449], [-83.14056, 48.29446], [-83.14046, 48.29438], [-83.14033, 48.29434], [-83.14024, 48.2943], [-83.14019, 48.29426], [-83.14014, 48.29418], [-83.14009, 48.29411], [-83.13999, 48.29404], [-83.1399, 48.29396], [-83.13974, 48.2938], [-83.13959, 48.29371], [-83.13925, 48.29359], [-83.13919, 48.29355], [-83.13913, 48.29349], [-83.13907, 48.29341], [-83.13902, 48.29331], [-83.13896, 48.293], [-83.13899, 48.29285], [-83.1391, 48.29258], [-83.13918, 48.29234], [-83.13918, 48.29229], [-83.13913, 48.2922], [-83.13913, 48.29215], [-83.13918, 48.29203], [-83.13923, 48.29183], [-83.13923, 48.29174], [-83.13925, 48.29165], [-83.13922, 48.29154], [-83.13917, 48.29142], [-83.13915, 48.29137], [-83.13908, 48.29133], [-83.139, 48.29126], [-83.13899, 48.29123], [-83.139, 48.29117], [-83.139, 48.29113], [-83.13896, 48.29109], [-83.13889, 48.29104], [-83.13874, 48.29099], [-83.13861, 48.29097], [-83.13842, 48.29092], [-83.13828, 48.29087], [-83.13819, 48.29082], [-83.13807, 48.29083], [-83.13792, 48.2908], [-83.13782, 48.29074], [-83.13762, 48.29065], [-83.13755, 48.2906], [-83.13746, 48.29057], [-83.13741, 48.29056], [-83.13733, 48.29056], [-83.13694, 48.29067], [-83.13691, 48.29066], [-83.13684, 48.29059], [-83.13689, 48.29053], [-83.13688, 48.2905], [-83.13684, 48.29048], [-83.13672, 48.29043], [-83.13668, 48.29042], [-83.13664, 48.29043], [-83.13652, 48.29048], [-83.13647, 48.29049], [-83.13643, 48.29048], [-83.13636, 48.29046], [-83.13633, 48.29047], [-83.13631, 48.29048], [-83.13629, 48.29047], [-83.13577, 48.29061], [-83.13556, 48.29066], [-83.13558, 48.29068], [-83.13556, 48.2907], [-83.13554, 48.29071], [-83.13549, 48.29071], [-83.13548, 48.29071], [-83.13545, 48.29072], [-83.13533, 48.29085], [-83.13528, 48.29086], [-83.13522, 48.29086], [-83.13514, 48.29084], [-83.13511, 48.29084], [-83.1351, 48.29083], [-83.1351, 48.29081], [-83.13512, 48.29079], [-83.13501, 48.29077], [-83.13487, 48.29076], [-83.13472, 48.29076], [-83.1347, 48.29078], [-83.13466, 48.29079], [-83.13458, 48.29079], [-83.13454, 48.29078], [-83.13449, 48.29073], [-83.13438, 48.29066], [-83.13437, 48.29063], [-83.13438, 48.29059], [-83.1344, 48.29055], [-83.1345, 48.29044], [-83.13456, 48.29038], [-83.13456, 48.29035], [-83.13462, 48.29013], [-83.13467, 48.29003], [-83.13468, 48.2899], [-83.13468, 48.28989], [-83.13472, 48.28978], [-83.13477, 48.28975], [-83.13479, 48.28974], [-83.1349, 48.28963], [-83.135, 48.28949], [-83.13506, 48.28932], [-83.13499, 48.28914], [-83.13478, 48.28884], [-83.13476, 48.28883], [-83.13476, 48.2888], [-83.13475, 48.28879], [-83.13475, 48.28876], [-83.13474, 48.28875], [-83.13474, 48.28873], [-83.13473, 48.28871], [-83.13473, 48.2887], [-83.13471, 48.28868], [-83.13471, 48.28867], [-83.1347, 48.28865], [-83.1347, 48.28863], [-83.13469, 48.28862], [-83.13469, 48.28859], [-83.13469, 48.28856], [-83.13469, 48.28855], [-83.13469, 48.28854], [-83.13468, 48.28854], [-83.13466, 48.28854], [-83.13465, 48.28854], [-83.13463, 48.28854], [-83.13459, 48.28848], [-83.13457, 48.2884], [-83.13453, 48.28835], [-83.13437, 48.28823], [-83.13432, 48.28821], [-83.13419, 48.28824], [-83.134, 48.2882], [-83.13386, 48.28821], [-83.13369, 48.28818], [-83.13357, 48.28815], [-83.13349, 48.28815], [-83.13341, 48.28807], [-83.1334, 48.28801], [-83.13338, 48.28799], [-83.13328, 48.28795], [-83.13317, 48.28787], [-83.13305, 48.28785], [-83.13301, 48.28783], [-83.133, 48.28783], [-83.13299, 48.2878], [-83.133, 48.2878], [-83.13305, 48.28777], [-83.13307, 48.28775], [-83.13305, 48.28772], [-83.133, 48.2877], [-83.13298, 48.2877], [-83.13284, 48.28767], [-83.13271, 48.28767], [-83.13259, 48.28769], [-83.13246, 48.28773], [-83.13235, 48.28781], [-83.13229, 48.28789], [-83.13225, 48.28799], [-83.13223, 48.28811], [-83.13217, 48.28822], [-83.13203, 48.28832], [-83.13188, 48.28847], [-83.13186, 48.28849], [-83.13185, 48.28852], [-83.13186, 48.28854], [-83.13189, 48.28865], [-83.13188, 48.28876], [-83.13182, 48.28894], [-83.13171, 48.28905], [-83.13168, 48.28911], [-83.13166, 48.28919], [-83.1316, 48.28927], [-83.13164, 48.28942], [-83.1317, 48.28951], [-83.1317, 48.2896], [-83.13177, 48.28979], [-83.13174, 48.28989], [-83.13177, 48.28997], [-83.13177, 48.29], [-83.13172, 48.29011], [-83.13171, 48.29024], [-83.13168, 48.29031], [-83.13161, 48.29039], [-83.13154, 48.29049], [-83.13139, 48.29059], [-83.13127, 48.29064], [-83.13117, 48.29067], [-83.13099, 48.29069], [-83.13094, 48.29069], [-83.1309, 48.29068], [-83.13086, 48.29067], [-83.13078, 48.29067], [-83.13072, 48.29064], [-83.13069, 48.29062], [-83.13065, 48.29057], [-83.13057, 48.29052], [-83.13055, 48.29048], [-83.13019, 48.29027], [-83.13003, 48.29016], [-83.13001, 48.29017], [-83.12999, 48.29017], [-83.12996, 48.29015], [-83.12996, 48.29015], [-83.12992, 48.2901], [-83.12994, 48.28995], [-83.12991, 48.2897], [-83.12993, 48.28966], [-83.12999, 48.28961], [-83.13001, 48.28955], [-83.13005, 48.28948], [-83.13007, 48.28943], [-83.13004, 48.28932], [-83.12995, 48.28925], [-83.12996, 48.28916], [-83.12995, 48.28912], [-83.12989, 48.28903], [-83.12985, 48.28902], [-83.12978, 48.28904], [-83.12975, 48.28903], [-83.12972, 48.28899], [-83.1297, 48.28888], [-83.12968, 48.28885], [-83.12965, 48.28883], [-83.12956, 48.2888], [-83.12943, 48.2887], [-83.12931, 48.28863], [-83.12924, 48.28856], [-83.12919, 48.28852], [-83.12915, 48.28846], [-83.12912, 48.28844], [-83.12902, 48.28837], [-83.12893, 48.28832], [-83.12882, 48.28828], [-83.12872, 48.28825], [-83.12846, 48.28825], [-83.12823, 48.28832], [-83.12818, 48.28832], [-83.12812, 48.28831], [-83.12804, 48.28826], [-83.12795, 48.28818], [-83.12792, 48.28812], [-83.12789, 48.28797], [-83.12786, 48.2879], [-83.12782, 48.28784], [-83.12775, 48.28779], [-83.12766, 48.28776], [-83.12752, 48.28775], [-83.12738, 48.28776], [-83.12722, 48.2878], [-83.12711, 48.28784], [-83.12704, 48.28788], [-83.12693, 48.288], [-83.12678, 48.2882], [-83.12674, 48.28828], [-83.12672, 48.28833], [-83.12673, 48.28838], [-83.12678, 48.28847], [-83.12677, 48.2885], [-83.12668, 48.28853], [-83.12657, 48.28854], [-83.12649, 48.28857], [-83.12637, 48.28867], [-83.12608, 48.28886], [-83.12577, 48.28902], [-83.12565, 48.2891], [-83.1255, 48.28918], [-83.12538, 48.28926], [-83.12521, 48.28933], [-83.125, 48.28937], [-83.12489, 48.2894], [-83.1247, 48.28947], [-83.12444, 48.28962], [-83.12435, 48.28966], [-83.12411, 48.28973], [-83.12362, 48.28991], [-83.12349, 48.28994], [-83.12305, 48.29001], [-83.12273, 48.29008], [-83.12236, 48.29016], [-83.12223, 48.29019], [-83.12218, 48.29022], [-83.12214, 48.29025], [-83.12205, 48.29037], [-83.12193, 48.29043], [-83.12187, 48.29048], [-83.12184, 48.29054], [-83.12183, 48.29064], [-83.12187, 48.29083], [-83.12196, 48.29099], [-83.12205, 48.2911], [-83.1221, 48.29113], [-83.12216, 48.29115], [-83.1222, 48.29115], [-83.12225, 48.29114], [-83.12228, 48.29111], [-83.12234, 48.29104], [-83.12241, 48.29086], [-83.12247, 48.2908], [-83.12251, 48.29078], [-83.12258, 48.29076], [-83.12265, 48.29075], [-83.12272, 48.29076], [-83.1228, 48.29077], [-83.12289, 48.29079], [-83.12303, 48.29088], [-83.12308, 48.29094], [-83.12316, 48.29106], [-83.12326, 48.29114], [-83.12332, 48.29121], [-83.12333, 48.29124], [-83.12333, 48.29129], [-83.12327, 48.2914], [-83.12316, 48.2915], [-83.1231, 48.29159], [-83.12307, 48.29171], [-83.12302, 48.29184], [-83.123, 48.29186], [-83.12291, 48.29194], [-83.12288, 48.292], [-83.12284, 48.29218], [-83.12288, 48.29234], [-83.12288, 48.29258], [-83.12289, 48.29265], [-83.12286, 48.29276], [-83.12288, 48.29299], [-83.12289, 48.29319], [-83.12288, 48.29325], [-83.12282, 48.2934], [-83.12281, 48.29347], [-83.12284, 48.29369], [-83.12292, 48.29394], [-83.12293, 48.29418], [-83.12295, 48.2943], [-83.12302, 48.29452], [-83.1231, 48.29464], [-83.12312, 48.29476], [-83.12314, 48.2948], [-83.12341, 48.29494], [-83.12361, 48.29513], [-83.12366, 48.29519], [-83.12371, 48.29537], [-83.12371, 48.29548], [-83.12369, 48.2956], [-83.12373, 48.29574], [-83.12373, 48.29581], [-83.12372, 48.29588], [-83.1237, 48.29593], [-83.12359, 48.29605], [-83.12354, 48.29608], [-83.12341, 48.29612], [-83.12332, 48.29617], [-83.12321, 48.29619], [-83.12312, 48.29618], [-83.12298, 48.29616], [-83.1229, 48.29613], [-83.12285, 48.29608], [-83.12281, 48.29599], [-83.12272, 48.29591], [-83.12259, 48.29588], [-83.12243, 48.29588], [-83.12225, 48.29594], [-83.12215, 48.29601], [-83.12208, 48.29609], [-83.12193, 48.29616], [-83.12191, 48.29619], [-83.12189, 48.29627], [-83.12189, 48.29627], [-83.12188, 48.29627], [-83.1218, 48.29625], [-83.12171, 48.29625], [-83.12162, 48.29627], [-83.12153, 48.2963], [-83.12149, 48.29632], [-83.12133, 48.29645], [-83.12101, 48.2966], [-83.12071, 48.29678], [-83.12053, 48.29686], [-83.12044, 48.2969], [-83.12008, 48.29715], [-83.11968, 48.29734], [-83.11953, 48.29739], [-83.11924, 48.29741], [-83.11914, 48.29741], [-83.11887, 48.29733], [-83.11871, 48.29726], [-83.11862, 48.29724], [-83.11852, 48.29725], [-83.1183, 48.2973], [-83.11809, 48.29732], [-83.11785, 48.29736], [-83.11772, 48.29737], [-83.11734, 48.29737], [-83.11721, 48.29738], [-83.11705, 48.29743], [-83.11697, 48.29744], [-83.11685, 48.29744], [-83.11664, 48.29742], [-83.11629, 48.29746], [-83.11622, 48.29748], [-83.11615, 48.2975], [-83.11594, 48.29762], [-83.11581, 48.29765], [-83.11574, 48.29765], [-83.11568, 48.29765], [-83.11548, 48.29759], [-83.11542, 48.29758], [-83.11527, 48.29757], [-83.11517, 48.29756], [-83.11511, 48.29758], [-83.11501, 48.29762], [-83.11485, 48.29767], [-83.11471, 48.29774], [-83.11463, 48.29775], [-83.11445, 48.29774], [-83.11439, 48.29772], [-83.11422, 48.29765], [-83.11416, 48.29764], [-83.11412, 48.29764], [-83.11405, 48.29766], [-83.11395, 48.29771], [-83.11379, 48.2978], [-83.11372, 48.29782], [-83.11365, 48.29783], [-83.11344, 48.29781], [-83.11333, 48.29783], [-83.11329, 48.29783], [-83.11321, 48.29781], [-83.11312, 48.29773], [-83.11304, 48.2977], [-83.11277, 48.29766], [-83.11267, 48.29766], [-83.11256, 48.29766], [-83.11221, 48.29774], [-83.112, 48.2978], [-83.11186, 48.29782], [-83.11133, 48.29792], [-83.11127, 48.29794], [-83.11115, 48.298], [-83.11105, 48.29803], [-83.11053, 48.29807], [-83.11042, 48.2981], [-83.11038, 48.29812], [-83.11033, 48.29817], [-83.11019, 48.29838], [-83.11008, 48.2985], [-83.11002, 48.29861], [-83.10997, 48.29868], [-83.1099, 48.29873], [-83.10977, 48.2988], [-83.10968, 48.29884], [-83.10959, 48.29887], [-83.10929, 48.29894], [-83.10912, 48.29893], [-83.10867, 48.29894], [-83.10836, 48.29898], [-83.10825, 48.29901], [-83.1082, 48.29904], [-83.10812, 48.29914], [-83.10802, 48.29923], [-83.10776, 48.29938], [-83.10757, 48.29951], [-83.10751, 48.29957], [-83.10742, 48.29972], [-83.10734, 48.29978], [-83.1072, 48.29983], [-83.107, 48.29988], [-83.10659, 48.29994], [-83.10635, 48.30002], [-83.1063, 48.30004], [-83.10628, 48.30006], [-83.10618, 48.30023], [-83.1061, 48.30033], [-83.10607, 48.30039], [-83.10606, 48.30046], [-83.10613, 48.30059], [-83.10613, 48.30066], [-83.10608, 48.30075], [-83.10597, 48.30088], [-83.10595, 48.30093], [-83.10595, 48.30096], [-83.10598, 48.30099], [-83.10603, 48.30102], [-83.1063, 48.30111], [-83.10655, 48.30121], [-83.10661, 48.30124], [-83.10665, 48.30129], [-83.10667, 48.30134], [-83.10665, 48.30148], [-83.10671, 48.3016], [-83.10679, 48.30187], [-83.10679, 48.30203], [-83.10681, 48.30213], [-83.10686, 48.30222], [-83.10687, 48.30224], [-83.10688, 48.30239], [-83.10691, 48.30244], [-83.10697, 48.30248], [-83.10703, 48.30251], [-83.10717, 48.30254], [-83.10722, 48.30257], [-83.10724, 48.30261], [-83.10724, 48.30265], [-83.10722, 48.30269], [-83.10706, 48.30287], [-83.10692, 48.30295], [-83.10673, 48.30304], [-83.10659, 48.30312], [-83.10657, 48.30315], [-83.10655, 48.3032], [-83.10655, 48.30324], [-83.10657, 48.30326], [-83.10658, 48.30332], [-83.10663, 48.30342], [-83.10665, 48.30351], [-83.10665, 48.30356], [-83.10663, 48.30362], [-83.10668, 48.30369], [-83.1067, 48.30378], [-83.10666, 48.30393], [-83.10665, 48.30403], [-83.10658, 48.30414], [-83.10657, 48.30425], [-83.10645, 48.30447], [-83.10644, 48.30459], [-83.10639, 48.30464], [-83.10636, 48.30473], [-83.10631, 48.30481], [-83.10625, 48.3049], [-83.10625, 48.30499], [-83.10622, 48.30507], [-83.10629, 48.30524], [-83.10628, 48.30529], [-83.10622, 48.3054], [-83.10617, 48.30546], [-83.1061, 48.30551], [-83.10601, 48.30565], [-83.10595, 48.3057], [-83.10593, 48.30575], [-83.10591, 48.30577], [-83.10587, 48.30579], [-83.10574, 48.30581], [-83.10558, 48.3058], [-83.10557, 48.30581], [-83.10557, 48.30586], [-83.10551, 48.30589], [-83.10546, 48.30596], [-83.10546, 48.30598], [-83.10554, 48.30604], [-83.10558, 48.30611], [-83.10566, 48.30642], [-83.10564, 48.30652], [-83.10564, 48.30662], [-83.10563, 48.30676], [-83.10563, 48.30685], [-83.1056, 48.30695], [-83.10546, 48.30722], [-83.10544, 48.30732], [-83.10544, 48.30742], [-83.10546, 48.30755], [-83.10549, 48.30761], [-83.10549, 48.30781], [-83.10548, 48.3079], [-83.10551, 48.30814], [-83.10546, 48.30819], [-83.1054, 48.3083], [-83.10539, 48.30849], [-83.10537, 48.30856], [-83.10534, 48.30879], [-83.10529, 48.30892], [-83.1052, 48.30909], [-83.10517, 48.30918], [-83.10505, 48.30934], [-83.10503, 48.30945], [-83.10492, 48.30954], [-83.10486, 48.30956], [-83.10483, 48.30955], [-83.10474, 48.30952], [-83.10466, 48.30952], [-83.10451, 48.3095], [-83.10441, 48.30946], [-83.10435, 48.30941], [-83.1043, 48.30933], [-83.10425, 48.30926], [-83.10422, 48.3092], [-83.10411, 48.30907], [-83.10408, 48.3089], [-83.10402, 48.30883], [-83.10399, 48.30877], [-83.10399, 48.30871], [-83.10396, 48.30865], [-83.10396, 48.30859], [-83.10392, 48.30848], [-83.10391, 48.30843], [-83.10393, 48.30835], [-83.10401, 48.30827], [-83.10404, 48.30823], [-83.10403, 48.30816], [-83.10406, 48.30811], [-83.10405, 48.30805], [-83.1041, 48.30794], [-83.10409, 48.30786], [-83.1041, 48.30774], [-83.10417, 48.30759], [-83.10422, 48.30737], [-83.10426, 48.30731], [-83.10435, 48.30713], [-83.10442, 48.30703], [-83.10448, 48.3069], [-83.10453, 48.30683], [-83.10459, 48.30677], [-83.10463, 48.3067], [-83.10467, 48.30665], [-83.10469, 48.30657], [-83.10475, 48.30649], [-83.1048, 48.30639], [-83.1049, 48.30623], [-83.10511, 48.30604], [-83.10525, 48.30594], [-83.10529, 48.3059], [-83.10532, 48.30584], [-83.10531, 48.3058], [-83.10529, 48.30577], [-83.10522, 48.30571], [-83.10497, 48.30559], [-83.10472, 48.30549], [-83.10447, 48.30542], [-83.10415, 48.30527], [-83.10411, 48.30523], [-83.10412, 48.30522], [-83.10415, 48.30521], [-83.10416, 48.30519], [-83.10406, 48.30508], [-83.10399, 48.30492], [-83.10394, 48.30484], [-83.10384, 48.30475], [-83.1038, 48.30474], [-83.1037, 48.30472], [-83.10361, 48.30466], [-83.10354, 48.30459], [-83.10352, 48.30455], [-83.10352, 48.3045], [-83.10359, 48.30431], [-83.10362, 48.3042], [-83.10365, 48.30407], [-83.10367, 48.30392], [-83.10372, 48.3038], [-83.10377, 48.30374], [-83.10397, 48.3036], [-83.10405, 48.30353], [-83.10409, 48.30343], [-83.10409, 48.30329], [-83.10417, 48.30306], [-83.10426, 48.3029], [-83.10435, 48.30283], [-83.10442, 48.30275], [-83.10447, 48.3027], [-83.10457, 48.30265], [-83.10463, 48.30257], [-83.10478, 48.30244], [-83.10489, 48.30233], [-83.10495, 48.30229], [-83.10503, 48.30227], [-83.10515, 48.30224], [-83.10526, 48.30219], [-83.10545, 48.30217], [-83.1057, 48.30206], [-83.10596, 48.30202], [-83.10602, 48.30199], [-83.10605, 48.30196], [-83.10606, 48.30191], [-83.10603, 48.30185], [-83.10597, 48.30181], [-83.10582, 48.30176], [-83.10577, 48.30173], [-83.10561, 48.30155], [-83.10545, 48.30133], [-83.10541, 48.3013], [-83.10537, 48.30129], [-83.10532, 48.3013], [-83.10528, 48.30132], [-83.10515, 48.3014], [-83.10508, 48.30147], [-83.10491, 48.30171], [-83.10486, 48.30178], [-83.10478, 48.30183], [-83.10453, 48.30197], [-83.10435, 48.30208], [-83.10432, 48.30212], [-83.10425, 48.30221], [-83.1042, 48.30228], [-83.10409, 48.30238], [-83.10399, 48.30245], [-83.10386, 48.30251], [-83.10376, 48.30257], [-83.10354, 48.30271], [-83.10346, 48.30277], [-83.10342, 48.30286], [-83.10343, 48.30309], [-83.10338, 48.30328], [-83.10329, 48.30342], [-83.10302, 48.30371], [-83.10295, 48.30382], [-83.10282, 48.30406], [-83.10268, 48.30429], [-83.10265, 48.30449], [-83.1026, 48.3046], [-83.10255, 48.30465], [-83.10249, 48.30469], [-83.1023, 48.30479], [-83.10224, 48.30483], [-83.10194, 48.30509], [-83.10186, 48.30519], [-83.10181, 48.30522], [-83.10167, 48.30529], [-83.10155, 48.30536], [-83.10133, 48.30543], [-83.10119, 48.30545], [-83.10082, 48.30546], [-83.10075, 48.30547], [-83.10071, 48.3055], [-83.10066, 48.30559], [-83.10063, 48.30562], [-83.10058, 48.30564], [-83.10046, 48.30568], [-83.10041, 48.30568], [-83.10033, 48.30566], [-83.10028, 48.30566], [-83.10007, 48.30568], [-83.0999, 48.30568], [-83.09926, 48.30584], [-83.09891, 48.30591], [-83.09885, 48.30594], [-83.09874, 48.30599], [-83.09867, 48.30601], [-83.09842, 48.30606], [-83.09821, 48.30611], [-83.09812, 48.30612], [-83.09804, 48.30611], [-83.09781, 48.30606], [-83.09771, 48.30605], [-83.09758, 48.30607], [-83.09737, 48.30614], [-83.0973, 48.30615], [-83.09724, 48.30614], [-83.09719, 48.30612], [-83.09701, 48.30598], [-83.09692, 48.30594], [-83.09685, 48.30593], [-83.09677, 48.30593], [-83.09668, 48.30595], [-83.09661, 48.30597], [-83.09653, 48.30602], [-83.09651, 48.30605], [-83.09651, 48.30608], [-83.09654, 48.30612], [-83.09666, 48.30617], [-83.0967, 48.30621], [-83.09673, 48.30628], [-83.09671, 48.30634], [-83.09627, 48.30658], [-83.09622, 48.30658], [-83.09619, 48.30657], [-83.09609, 48.3065], [-83.09606, 48.30649], [-83.09603, 48.30649], [-83.09599, 48.30651], [-83.09593, 48.30657], [-83.09588, 48.30661], [-83.09583, 48.30663], [-83.09569, 48.30668], [-83.09566, 48.3067], [-83.0956, 48.30678], [-83.09528, 48.3071], [-83.09522, 48.3072], [-83.09517, 48.30725], [-83.09511, 48.3073], [-83.09501, 48.30735], [-83.09485, 48.30746], [-83.09479, 48.30751], [-83.09478, 48.30754], [-83.09478, 48.3076], [-83.09474, 48.30771], [-83.0947, 48.30776], [-83.09461, 48.30783], [-83.09458, 48.30788], [-83.09457, 48.30792], [-83.09459, 48.30805], [-83.09458, 48.30811], [-83.09455, 48.30817], [-83.09445, 48.30827], [-83.09434, 48.30835], [-83.09429, 48.30843], [-83.09422, 48.30847], [-83.09418, 48.30851], [-83.09414, 48.30859], [-83.09413, 48.30872], [-83.0941, 48.30876], [-83.09395, 48.30885], [-83.09389, 48.30894], [-83.09377, 48.30903], [-83.09369, 48.30907], [-83.09343, 48.30913], [-83.09335, 48.30917], [-83.09321, 48.30926], [-83.09313, 48.30929], [-83.0928, 48.30934], [-83.09268, 48.30937], [-83.09254, 48.30945], [-83.09236, 48.30961], [-83.09227, 48.30966], [-83.09209, 48.30973], [-83.0919, 48.30982], [-83.09173, 48.30987], [-83.09154, 48.30995], [-83.09102, 48.31004], [-83.0907, 48.31007], [-83.09048, 48.31007], [-83.0902, 48.31015], [-83.09005, 48.31017], [-83.08982, 48.31019], [-83.0897, 48.31021], [-83.08932, 48.31035], [-83.08923, 48.31041], [-83.08912, 48.31053], [-83.08907, 48.31057], [-83.08897, 48.31061], [-83.08871, 48.31068], [-83.08867, 48.3107], [-83.08861, 48.31076], [-83.08857, 48.31078], [-83.08849, 48.3108], [-83.08828, 48.31082], [-83.08817, 48.31084], [-83.08802, 48.3109], [-83.08776, 48.31096], [-83.08757, 48.31098], [-83.08743, 48.31102], [-83.08734, 48.31103], [-83.08725, 48.31102], [-83.0871, 48.31098], [-83.08698, 48.31097], [-83.08686, 48.31096], [-83.08677, 48.31097], [-83.0867, 48.311], [-83.08665, 48.31104], [-83.08649, 48.31117], [-83.08638, 48.31124], [-83.08625, 48.31134], [-83.08619, 48.31137], [-83.08613, 48.31139], [-83.08605, 48.31142], [-83.08592, 48.31149], [-83.08577, 48.31159], [-83.08569, 48.31163], [-83.08561, 48.31166], [-83.08529, 48.31174], [-83.08492, 48.3117], [-83.0848, 48.31166], [-83.08469, 48.31166], [-83.08462, 48.31163], [-83.08453, 48.31162], [-83.08437, 48.31157], [-83.08424, 48.31154], [-83.08398, 48.31155], [-83.08385, 48.31157], [-83.08378, 48.3116], [-83.08366, 48.31167], [-83.08358, 48.31182], [-83.08352, 48.31199], [-83.08336, 48.31213], [-83.08332, 48.31214], [-83.08315, 48.31217], [-83.08299, 48.31221], [-83.08283, 48.31224], [-83.08265, 48.31223], [-83.08253, 48.31225], [-83.08245, 48.31224], [-83.08239, 48.31224], [-83.08229, 48.31221], [-83.08218, 48.31213], [-83.08211, 48.31207], [-83.08208, 48.31203], [-83.08206, 48.31195], [-83.08204, 48.31193], [-83.08202, 48.3119], [-83.082, 48.31189], [-83.08194, 48.31186], [-83.08183, 48.31183], [-83.0814, 48.31184], [-83.0812, 48.31189], [-83.08108, 48.31194], [-83.08098, 48.31196], [-83.08083, 48.31199], [-83.08073, 48.31204], [-83.08064, 48.31207], [-83.08047, 48.31209], [-83.08023, 48.31206], [-83.08008, 48.31206], [-83.07993, 48.31204], [-83.07977, 48.31205], [-83.0795, 48.31203], [-83.07926, 48.31196], [-83.07912, 48.31189], [-83.07903, 48.31186], [-83.0789, 48.31184], [-83.07869, 48.31179], [-83.07844, 48.31179], [-83.07839, 48.31177], [-83.07817, 48.31167], [-83.07805, 48.31162], [-83.07797, 48.31161], [-83.07774, 48.31158], [-83.07756, 48.31158], [-83.0774, 48.31156], [-83.07712, 48.31156], [-83.07692, 48.31159], [-83.07655, 48.31167], [-83.07649, 48.31167], [-83.07626, 48.31165], [-83.07621, 48.31166], [-83.07612, 48.31169], [-83.07608, 48.3117], [-83.07583, 48.31166], [-83.07562, 48.31166], [-83.0754, 48.31164], [-83.07533, 48.31162], [-83.0752, 48.31156], [-83.07507, 48.3115], [-83.07496, 48.31147], [-83.07487, 48.31148], [-83.07474, 48.3115], [-83.07466, 48.31151], [-83.0745, 48.31151], [-83.07427, 48.31147], [-83.07408, 48.3115], [-83.07382, 48.31145], [-83.07348, 48.31141], [-83.07332, 48.31139], [-83.07316, 48.3114], [-83.07303, 48.31142], [-83.07271, 48.31149], [-83.07236, 48.31158], [-83.07223, 48.31162], [-83.07212, 48.31164], [-83.07186, 48.31173], [-83.07167, 48.31183], [-83.07155, 48.31187], [-83.07101, 48.31197], [-83.07041, 48.31213], [-83.07021, 48.31221], [-83.07011, 48.31226], [-83.06985, 48.31241], [-83.06968, 48.31254], [-83.06943, 48.31266], [-83.06931, 48.31269], [-83.06903, 48.31271], [-83.06885, 48.31274], [-83.06878, 48.31276], [-83.06842, 48.3129], [-83.06802, 48.31312], [-83.06789, 48.31322], [-83.06771, 48.31334], [-83.06762, 48.31346], [-83.06753, 48.31366], [-83.06749, 48.31387], [-83.06745, 48.31401], [-83.06742, 48.31417], [-83.06734, 48.31432], [-83.06722, 48.31458], [-83.06719, 48.31469], [-83.06708, 48.31486], [-83.067, 48.31512], [-83.06697, 48.31529], [-83.06693, 48.31539], [-83.06689, 48.31547], [-83.06676, 48.31564], [-83.06666, 48.31574], [-83.0666, 48.31586], [-83.06654, 48.31593], [-83.06649, 48.31601], [-83.06636, 48.31614], [-83.06622, 48.31635], [-83.06605, 48.3165], [-83.06598, 48.3166], [-83.06593, 48.31666], [-83.06576, 48.31675], [-83.06561, 48.31687], [-83.06535, 48.31705], [-83.06521, 48.31712], [-83.06516, 48.31715], [-83.06505, 48.31727], [-83.06479, 48.31749], [-83.0647, 48.31754], [-83.06448, 48.31764], [-83.06428, 48.31777], [-83.06398, 48.31796], [-83.06385, 48.31805], [-83.06374, 48.31811], [-83.06355, 48.31825], [-83.06342, 48.31831], [-83.06337, 48.31835], [-83.06331, 48.31841], [-83.06328, 48.3185], [-83.06319, 48.31862], [-83.06297, 48.31884], [-83.06277, 48.31906], [-83.06239, 48.31953], [-83.0623, 48.31967], [-83.06226, 48.31978], [-83.06224, 48.3198], [-83.06218, 48.31981], [-83.06216, 48.31982], [-83.06213, 48.31997], [-83.06201, 48.32018], [-83.06197, 48.3203], [-83.0619, 48.3204], [-83.06189, 48.32045], [-83.0619, 48.32062], [-83.06193, 48.32067], [-83.06198, 48.32069], [-83.06203, 48.3207], [-83.0622, 48.32068], [-83.06228, 48.3207], [-83.06233, 48.32073], [-83.06237, 48.32077], [-83.06238, 48.3208], [-83.06238, 48.32083], [-83.06233, 48.32091], [-83.06223, 48.32098], [-83.06219, 48.321], [-83.06214, 48.32101], [-83.06195, 48.32103], [-83.06189, 48.32105], [-83.06184, 48.32108], [-83.06179, 48.32116], [-83.06177, 48.32119], [-83.06178, 48.32123], [-83.06184, 48.32135], [-83.06186, 48.32141], [-83.06175, 48.3217], [-83.06175, 48.32176], [-83.06178, 48.32185], [-83.06178, 48.32188], [-83.06176, 48.32191], [-83.06172, 48.32192], [-83.06165, 48.32204], [-83.06165, 48.32227], [-83.06163, 48.32235], [-83.06149, 48.3226], [-83.06134, 48.32278], [-83.06105, 48.32318], [-83.06099, 48.32325], [-83.06081, 48.3234], [-83.06063, 48.32351], [-83.06034, 48.32365], [-83.06022, 48.32368], [-83.06007, 48.32369], [-83.06, 48.32372], [-83.05989, 48.32375], [-83.05973, 48.32379], [-83.05965, 48.3238], [-83.0594, 48.32381], [-83.05925, 48.32384], [-83.05916, 48.32388], [-83.05896, 48.32401], [-83.0589, 48.32404], [-83.05882, 48.32407], [-83.05869, 48.32409], [-83.05836, 48.32412], [-83.0582, 48.32413], [-83.05805, 48.32411], [-83.05772, 48.32403], [-83.05763, 48.32402], [-83.05751, 48.32403], [-83.05743, 48.32404], [-83.0573, 48.32408], [-83.05724, 48.32409], [-83.05706, 48.32409], [-83.05688, 48.32409], [-83.05664, 48.3241], [-83.05653, 48.32412], [-83.05627, 48.32418], [-83.05586, 48.32423], [-83.05565, 48.32422], [-83.05555, 48.32422], [-83.05539, 48.32421], [-83.05503, 48.32422], [-83.05471, 48.32426], [-83.05448, 48.32428], [-83.05432, 48.32431], [-83.05392, 48.32434], [-83.05378, 48.32434], [-83.05335, 48.3244], [-83.05308, 48.3244], [-83.0528, 48.32441], [-83.0526, 48.32442], [-83.05213, 48.32446], [-83.05195, 48.32447], [-83.05153, 48.32456], [-83.05135, 48.32462], [-83.05122, 48.32464], [-83.05093, 48.32472], [-83.05076, 48.32475], [-83.0504, 48.32488], [-83.05006, 48.32496], [-83.04977, 48.32507], [-83.04938, 48.32524], [-83.04911, 48.32542], [-83.04893, 48.32558], [-83.04884, 48.32569], [-83.04879, 48.32577], [-83.04874, 48.32599], [-83.04868, 48.32612], [-83.04869, 48.32615], [-83.0487, 48.32618], [-83.04878, 48.32623], [-83.04881, 48.32625], [-83.04882, 48.32629], [-83.04882, 48.32632], [-83.04879, 48.32637], [-83.04869, 48.32651], [-83.04864, 48.32661], [-83.04863, 48.32668], [-83.04866, 48.32682], [-83.04865, 48.32689], [-83.04862, 48.32693], [-83.04852, 48.32704], [-83.0484, 48.32713], [-83.0481, 48.3273], [-83.04794, 48.32738], [-83.04785, 48.3274], [-83.0477, 48.32743], [-83.04742, 48.32746], [-83.0472, 48.32754], [-83.04714, 48.32757], [-83.04709, 48.3276], [-83.04704, 48.32766], [-83.04703, 48.32771], [-83.04697, 48.32781], [-83.04697, 48.32785], [-83.047, 48.32794], [-83.04696, 48.32799], [-83.04695, 48.32806], [-83.04693, 48.3281], [-83.04691, 48.32814], [-83.04687, 48.32816], [-83.04677, 48.32821], [-83.04662, 48.32824], [-83.04651, 48.32829], [-83.04632, 48.32834], [-83.04629, 48.32834], [-83.04628, 48.32835], [-83.04597, 48.3284], [-83.04587, 48.32845], [-83.04568, 48.32851], [-83.04553, 48.32858], [-83.04544, 48.3286], [-83.0454, 48.32863], [-83.04538, 48.32869], [-83.04538, 48.32869], [-83.04535, 48.32872], [-83.04519, 48.32879], [-83.04514, 48.32883], [-83.045, 48.32895], [-83.04486, 48.32904], [-83.04471, 48.3291], [-83.04455, 48.32914], [-83.04444, 48.32919], [-83.04436, 48.32925], [-83.0441, 48.3293], [-83.04402, 48.32933], [-83.04396, 48.32937], [-83.04391, 48.32942], [-83.04386, 48.32949], [-83.0438, 48.32957], [-83.0437, 48.32966], [-83.04364, 48.32973], [-83.04345, 48.32987], [-83.04336, 48.32995], [-83.04324, 48.33014], [-83.04322, 48.3302], [-83.04322, 48.33027], [-83.04328, 48.33044], [-83.04327, 48.33048], [-83.04324, 48.33054], [-83.04317, 48.33064], [-83.04309, 48.33072], [-83.04291, 48.33085], [-83.0428, 48.33096], [-83.04271, 48.33101], [-83.04263, 48.33105], [-83.04239, 48.33113], [-83.04226, 48.33115], [-83.04194, 48.33119], [-83.04177, 48.33122], [-83.04159, 48.33123], [-83.04138, 48.33122], [-83.04113, 48.33122], [-83.04099, 48.33123], [-83.04079, 48.33127], [-83.04054, 48.33129], [-83.04043, 48.33129], [-83.04028, 48.33125], [-83.04018, 48.33123], [-83.03983, 48.33122], [-83.03973, 48.3312], [-83.03965, 48.33117], [-83.03951, 48.33109], [-83.03941, 48.33105], [-83.03932, 48.33097], [-83.03916, 48.33093], [-83.03901, 48.33084], [-83.03856, 48.33074], [-83.03831, 48.33064], [-83.03789, 48.33055], [-83.03763, 48.33045], [-83.03736, 48.33031], [-83.03726, 48.33028], [-83.03718, 48.33027], [-83.03706, 48.33027], [-83.03694, 48.33028], [-83.03668, 48.33032], [-83.03635, 48.33032], [-83.03622, 48.33031], [-83.03598, 48.33027], [-83.03565, 48.33015], [-83.03551, 48.33007], [-83.03531, 48.32991], [-83.0352, 48.32977], [-83.03509, 48.32967], [-83.03503, 48.32962], [-83.03498, 48.32961], [-83.0349, 48.32961], [-83.03479, 48.32961], [-83.03471, 48.32963], [-83.03462, 48.32966], [-83.03439, 48.32982], [-83.03411, 48.32999], [-83.03368, 48.33032], [-83.03355, 48.33044], [-83.03341, 48.33053], [-83.03328, 48.33064], [-83.03306, 48.33078], [-83.033, 48.33085], [-83.0329, 48.331], [-83.03264, 48.33131], [-83.03259, 48.33141], [-83.03259, 48.3315], [-83.0326, 48.33153], [-83.03263, 48.33155], [-83.03267, 48.33157], [-83.03271, 48.33157], [-83.03278, 48.33155], [-83.03294, 48.33148], [-83.03298, 48.33143], [-83.033, 48.3314], [-83.03312, 48.33133], [-83.03325, 48.33122], [-83.03339, 48.33114], [-83.03357, 48.33108], [-83.03368, 48.33107], [-83.03373, 48.33108], [-83.03377, 48.3311], [-83.0338, 48.33113], [-83.03382, 48.33117], [-83.03383, 48.33127], [-83.0338, 48.33135], [-83.03377, 48.33138], [-83.03367, 48.33146], [-83.03358, 48.33155], [-83.03353, 48.33161], [-83.03352, 48.33168], [-83.03349, 48.33172], [-83.03304, 48.33213], [-83.03294, 48.33221], [-83.03285, 48.33226], [-83.03269, 48.33239], [-83.03258, 48.33246], [-83.03246, 48.33252], [-83.03229, 48.33259], [-83.03218, 48.33261], [-83.03212, 48.33261], [-83.0321, 48.3326], [-83.03209, 48.33258], [-83.03209, 48.33242], [-83.03207, 48.33238], [-83.03205, 48.33234], [-83.03201, 48.33232], [-83.03195, 48.3323], [-83.03189, 48.3323], [-83.03181, 48.33231], [-83.03174, 48.33235], [-83.03168, 48.33242], [-83.03165, 48.3325], [-83.03159, 48.33277], [-83.03154, 48.33285], [-83.03143, 48.33295], [-83.03128, 48.33307], [-83.03104, 48.33323], [-83.03094, 48.33328], [-83.03074, 48.33333], [-83.03038, 48.33335], [-83.03014, 48.33339], [-83.03, 48.33343], [-83.02974, 48.33353], [-83.02966, 48.33355], [-83.02957, 48.33356], [-83.02937, 48.33354], [-83.02922, 48.33354], [-83.02901, 48.33357], [-83.02839, 48.3336], [-83.02791, 48.33364], [-83.02764, 48.33367], [-83.02751, 48.3337], [-83.02712, 48.3338], [-83.02684, 48.33388], [-83.02661, 48.33397], [-83.02635, 48.33408], [-83.02622, 48.33412], [-83.02603, 48.3342], [-83.02585, 48.33431], [-83.02575, 48.33439], [-83.02563, 48.33445], [-83.02538, 48.33465], [-83.02536, 48.33468], [-83.02532, 48.33475], [-83.02521, 48.33483], [-83.02513, 48.33493], [-83.02493, 48.33523], [-83.0249, 48.33531], [-83.02487, 48.33538], [-83.02488, 48.33551], [-83.02494, 48.33566], [-83.02498, 48.3359], [-83.02497, 48.33606], [-83.02508, 48.33633], [-83.02511, 48.33649], [-83.02515, 48.33662], [-83.02517, 48.3369], [-83.02516, 48.33701], [-83.02511, 48.33715], [-83.02506, 48.33735], [-83.02501, 48.33751], [-83.02493, 48.33772], [-83.02488, 48.33781], [-83.02488, 48.33787], [-83.02494, 48.33806], [-83.02511, 48.33835], [-83.02516, 48.33841], [-83.0252, 48.33846], [-83.02528, 48.33849], [-83.02535, 48.33851], [-83.02538, 48.33852], [-83.0254, 48.33851], [-83.02546, 48.33845], [-83.02551, 48.33842], [-83.02558, 48.3384], [-83.02564, 48.33841], [-83.02569, 48.33844], [-83.02575, 48.33857], [-83.02583, 48.33864], [-83.02584, 48.33867], [-83.02583, 48.3387], [-83.0258, 48.33873], [-83.02565, 48.33878], [-83.02562, 48.3388], [-83.0256, 48.33882], [-83.0256, 48.33885], [-83.0257, 48.33906], [-83.02588, 48.33928], [-83.02603, 48.33952], [-83.02607, 48.33963], [-83.02611, 48.33982], [-83.0261, 48.34011], [-83.02608, 48.3403], [-83.02608, 48.34039], [-83.02605, 48.34056], [-83.02604, 48.34068], [-83.026, 48.34083], [-83.02598, 48.34098], [-83.02594, 48.34111], [-83.02588, 48.3414], [-83.02587, 48.34146], [-83.0259, 48.34154], [-83.0259, 48.34158], [-83.02584, 48.34167], [-83.02581, 48.34179], [-83.02577, 48.34187], [-83.02572, 48.34213], [-83.02564, 48.34237], [-83.02563, 48.34255], [-83.0256, 48.34271], [-83.02555, 48.34285], [-83.02543, 48.34314], [-83.02521, 48.34348], [-83.0251, 48.34364], [-83.02503, 48.34376], [-83.02486, 48.34391], [-83.02471, 48.34401], [-83.0246, 48.34405], [-83.02457, 48.34408], [-83.02449, 48.34421], [-83.02436, 48.34438], [-83.02431, 48.34447], [-83.02423, 48.34466], [-83.0241, 48.34508], [-83.02403, 48.34521], [-83.02392, 48.34553], [-83.02392, 48.34563], [-83.02396, 48.34575], [-83.02395, 48.34581], [-83.02392, 48.34586], [-83.02381, 48.346], [-83.02373, 48.34616], [-83.02366, 48.34636], [-83.02363, 48.34651], [-83.02351, 48.34684], [-83.0234, 48.3471], [-83.02334, 48.34724], [-83.02328, 48.34735], [-83.02325, 48.34746], [-83.02315, 48.34761], [-83.02295, 48.34783], [-83.02257, 48.34814], [-83.02219, 48.3484], [-83.02192, 48.34856], [-83.02159, 48.34873], [-83.02087, 48.349], [-83.02047, 48.3491], [-83.02032, 48.34913], [-83.02001, 48.34916], [-83.01987, 48.34916], [-83.01973, 48.34915], [-83.01949, 48.34919], [-83.01935, 48.3492], [-83.01918, 48.3492], [-83.01901, 48.34918], [-83.01893, 48.34919], [-83.01873, 48.34921], [-83.01851, 48.34928], [-83.01838, 48.34933], [-83.01832, 48.34939], [-83.01824, 48.34947], [-83.01821, 48.34956], [-83.01819, 48.34958], [-83.01816, 48.34961], [-83.01808, 48.34963], [-83.01782, 48.34962], [-83.01768, 48.34964], [-83.01761, 48.34966], [-83.01745, 48.34972], [-83.01735, 48.34978], [-83.01724, 48.34986], [-83.01712, 48.34991], [-83.01699, 48.35001], [-83.01665, 48.35019], [-83.01652, 48.35024], [-83.01639, 48.35028], [-83.01631, 48.35032], [-83.01625, 48.35039], [-83.01618, 48.35043], [-83.01608, 48.35047], [-83.01599, 48.35047], [-83.01593, 48.35049], [-83.0156, 48.35072], [-83.01545, 48.35076], [-83.01532, 48.35082], [-83.01516, 48.35088], [-83.0149, 48.35102], [-83.01479, 48.3511], [-83.01464, 48.35115], [-83.01455, 48.35118], [-83.01434, 48.35132], [-83.01397, 48.35143], [-83.01387, 48.35148], [-83.01367, 48.35158], [-83.01348, 48.35166], [-83.01343, 48.35168], [-83.01333, 48.35177], [-83.01311, 48.3519], [-83.01298, 48.35201], [-83.01281, 48.35219], [-83.01272, 48.35226], [-83.01266, 48.35235], [-83.01264, 48.35245], [-83.01256, 48.35251], [-83.01252, 48.35259], [-83.01244, 48.35268], [-83.01236, 48.3528], [-83.0122, 48.35295], [-83.01205, 48.35315], [-83.01197, 48.35329], [-83.01195, 48.35338], [-83.01188, 48.3535], [-83.01187, 48.35354], [-83.01185, 48.35365], [-83.01185, 48.3538], [-83.01182, 48.35398], [-83.01183, 48.35409], [-83.01178, 48.35419], [-83.01175, 48.35431], [-83.01176, 48.35435], [-83.01181, 48.35444], [-83.0118, 48.35462], [-83.01183, 48.35472], [-83.01184, 48.35479], [-83.01184, 48.35483], [-83.0118, 48.35491], [-83.0118, 48.35501], [-83.0117, 48.3552], [-83.01157, 48.35538], [-83.01137, 48.35558], [-83.01109, 48.35582], [-83.01099, 48.35588], [-83.01083, 48.35596], [-83.0106, 48.35607], [-83.01039, 48.35615], [-83.01006, 48.35623], [-83.00978, 48.35629], [-83.00957, 48.35634], [-83.00931, 48.35639], [-83.00925, 48.3564], [-83.00891, 48.35639], [-83.00815, 48.35641], [-83.00778, 48.35646], [-83.00754, 48.3565], [-83.0071, 48.35661], [-83.00688, 48.3567], [-83.00678, 48.35674], [-83.00658, 48.35685], [-83.00647, 48.35691], [-83.00643, 48.35695], [-83.00628, 48.35712], [-83.00622, 48.35718], [-83.00616, 48.35726], [-83.00609, 48.35732], [-83.00604, 48.35741], [-83.00602, 48.35746], [-83.00603, 48.35755], [-83.00608, 48.35765], [-83.00602, 48.35774], [-83.00601, 48.35785], [-83.00607, 48.35813], [-83.00611, 48.35824], [-83.00615, 48.35856], [-83.0062, 48.35873], [-83.0062, 48.35898], [-83.00617, 48.35909], [-83.00607, 48.3593], [-83.00589, 48.35952], [-83.00574, 48.35968], [-83.00562, 48.35978], [-83.00509, 48.36009], [-83.00489, 48.3602], [-83.00477, 48.36025], [-83.00451, 48.36033], [-83.0044, 48.36035], [-83.0043, 48.36036], [-83.00418, 48.36039], [-83.00388, 48.36052], [-83.00365, 48.36059], [-83.00351, 48.36064], [-83.00327, 48.36076], [-83.00291, 48.36097], [-83.00269, 48.36116], [-83.00257, 48.36123], [-83.00222, 48.36152], [-83.00208, 48.36161], [-83.00188, 48.36181], [-83.00158, 48.36207], [-83.0015, 48.36216], [-83.00141, 48.36223], [-83.00106, 48.36266], [-83.00085, 48.36295], [-83.00075, 48.36317], [-83.00069, 48.36327], [-83.00062, 48.36347], [-83.00057, 48.36367], [-83.00057, 48.3638], [-83.00059, 48.36387], [-83.00063, 48.36393], [-83.00067, 48.36399], [-83.00079, 48.36406], [-83.00082, 48.3641], [-83.0009, 48.36429], [-83.00095, 48.36433], [-83.00101, 48.36439], [-83.00117, 48.36448], [-83.0013, 48.36457], [-83.00143, 48.36466], [-83.00157, 48.36473], [-83.00171, 48.36478], [-83.00183, 48.36485], [-83.00207, 48.36496], [-83.00246, 48.36514], [-83.00285, 48.36528], [-83.00314, 48.36542], [-83.00326, 48.36546], [-83.00344, 48.36551], [-83.00368, 48.3656], [-83.00388, 48.3657], [-83.004, 48.36574], [-83.00404, 48.36579], [-83.00415, 48.36584], [-83.00424, 48.36591], [-83.0044, 48.36599], [-83.00448, 48.36604], [-83.00455, 48.36606], [-83.00472, 48.36616], [-83.00489, 48.36622], [-83.00524, 48.3664], [-83.00545, 48.36646], [-83.00573, 48.36659], [-83.00584, 48.36661], [-83.00598, 48.36667], [-83.00612, 48.3667], [-83.00648, 48.3668], [-83.00675, 48.36685], [-83.00696, 48.3669], [-83.00717, 48.36698], [-83.00742, 48.36703], [-83.00762, 48.36711], [-83.00774, 48.36712], [-83.00791, 48.36717], [-83.00809, 48.36725], [-83.00833, 48.36732], [-83.00846, 48.36738], [-83.00857, 48.36742], [-83.00868, 48.36744], [-83.00882, 48.36749], [-83.00904, 48.36755], [-83.00911, 48.36756], [-83.00936, 48.3676], [-83.00965, 48.36764], [-83.00978, 48.36769], [-83.00987, 48.36774], [-83.00998, 48.36779], [-83.01015, 48.36785], [-83.0103, 48.36792], [-83.01036, 48.36799], [-83.01039, 48.36801], [-83.01048, 48.36802], [-83.01057, 48.36807], [-83.01068, 48.36809], [-83.01071, 48.36812], [-83.01079, 48.36822], [-83.01081, 48.36837], [-83.01083, 48.36842], [-83.01089, 48.36847], [-83.01097, 48.36859], [-83.01106, 48.36864], [-83.01113, 48.36873], [-83.01113, 48.36878], [-83.01114, 48.36884], [-83.01123, 48.36897], [-83.01131, 48.3692], [-83.01135, 48.36928], [-83.01136, 48.36939], [-83.01139, 48.36948], [-83.0114, 48.36964], [-83.01145, 48.36971], [-83.01145, 48.36976], [-83.01142, 48.36987], [-83.01142, 48.36997], [-83.01137, 48.37002], [-83.01135, 48.37018], [-83.01128, 48.37036], [-83.01116, 48.37046], [-83.01102, 48.37052], [-83.01098, 48.37055], [-83.01093, 48.37069], [-83.01083, 48.37081], [-83.01081, 48.37098], [-83.01077, 48.3711], [-83.01062, 48.3713], [-83.01061, 48.37136], [-83.01061, 48.37143], [-83.01058, 48.37149], [-83.01056, 48.37152], [-83.01048, 48.37157], [-83.01043, 48.3716], [-83.01042, 48.37162], [-83.01045, 48.37162], [-83.01046, 48.37164], [-83.01044, 48.37168], [-83.01031, 48.37174], [-83.01027, 48.37177], [-83.01025, 48.37181], [-83.01022, 48.37192], [-83.01019, 48.37196], [-83.01009, 48.37203], [-83.01004, 48.37213], [-83.00999, 48.37218], [-83.00985, 48.37226], [-83.00982, 48.37227], [-83.00975, 48.37226], [-83.00972, 48.37226], [-83.0097, 48.37228], [-83.00968, 48.37232], [-83.00966, 48.37234], [-83.00955, 48.37236], [-83.00941, 48.37241], [-83.00937, 48.37241], [-83.00923, 48.37237], [-83.00919, 48.37237], [-83.00891, 48.37238], [-83.00879, 48.37241], [-83.00865, 48.37241], [-83.00843, 48.37237], [-83.00828, 48.37236], [-83.00817, 48.37238], [-83.00799, 48.37239], [-83.00785, 48.37241], [-83.00775, 48.37244], [-83.00764, 48.37246], [-83.00752, 48.37251], [-83.00739, 48.37252], [-83.00716, 48.37258], [-83.00708, 48.37262], [-83.00698, 48.37271], [-83.00684, 48.37283], [-83.00674, 48.37292], [-83.00668, 48.37299], [-83.0066, 48.37315], [-83.00659, 48.37332], [-83.00657, 48.37343], [-83.00657, 48.37351], [-83.00659, 48.37358], [-83.00664, 48.37367], [-83.00668, 48.37382], [-83.0067, 48.37394], [-83.00669, 48.37407], [-83.0067, 48.37414], [-83.0067, 48.37414], [-83.00677, 48.37424], [-83.00674, 48.37426], [-83.0067, 48.37426], [-83.00665, 48.37421], [-83.00662, 48.37416], [-83.00662, 48.37415], [-83.0066, 48.37414], [-83.00659, 48.37415], [-83.00653, 48.37418], [-83.00648, 48.37424], [-83.00648, 48.37428], [-83.0065, 48.37433], [-83.00656, 48.37438], [-83.00656, 48.37439], [-83.00656, 48.37439], [-83.00662, 48.3744], [-83.0067, 48.37438], [-83.00673, 48.37433], [-83.00675, 48.37432], [-83.00677, 48.37431], [-83.00679, 48.37432], [-83.0068, 48.37434], [-83.00682, 48.37437], [-83.00683, 48.37441], [-83.00682, 48.37445], [-83.00677, 48.37451], [-83.00676, 48.37454], [-83.00676, 48.37457], [-83.00676, 48.37458], [-83.00678, 48.3746], [-83.00685, 48.37465], [-83.0069, 48.37468], [-83.00705, 48.3747], [-83.00728, 48.3748], [-83.00734, 48.37485], [-83.00745, 48.37492], [-83.00752, 48.37497], [-83.00764, 48.37503], [-83.00772, 48.37508], [-83.00785, 48.3752], [-83.00791, 48.37527], [-83.00794, 48.37533], [-83.00809, 48.37535], [-83.00812, 48.37537], [-83.0082, 48.37545], [-83.00829, 48.37548], [-83.00834, 48.37554], [-83.00836, 48.37563], [-83.00843, 48.37575], [-83.00845, 48.37581], [-83.00846, 48.37597], [-83.00844, 48.3761], [-83.00846, 48.37632], [-83.0085, 48.3764], [-83.00851, 48.37656], [-83.00849, 48.37668], [-83.00852, 48.37676], [-83.0085, 48.37678], [-83.00846, 48.37678], [-83.00845, 48.3768], [-83.00848, 48.37684], [-83.00854, 48.37689], [-83.00858, 48.37696], [-83.00858, 48.37713], [-83.00856, 48.37722], [-83.00858, 48.37732], [-83.00856, 48.37742], [-83.00857, 48.37757], [-83.00853, 48.37773], [-83.00853, 48.37783], [-83.00849, 48.37794], [-83.00851, 48.37804], [-83.00857, 48.37813], [-83.00857, 48.3782], [-83.00852, 48.37829], [-83.00844, 48.3784], [-83.00843, 48.37848], [-83.00837, 48.37857], [-83.00839, 48.37866], [-83.00836, 48.37872], [-83.00818, 48.37891], [-83.00814, 48.37894], [-83.00807, 48.37897], [-83.00803, 48.37899], [-83.00796, 48.37918], [-83.00776, 48.37935], [-83.00767, 48.37946], [-83.00762, 48.37953], [-83.0076, 48.37961], [-83.00756, 48.3797], [-83.00756, 48.37979], [-83.00752, 48.37989], [-83.00753, 48.37998], [-83.00754, 48.38001], [-83.00754, 48.38001], [-83.00761, 48.3802], [-83.00762, 48.38028], [-83.00761, 48.38055], [-83.00753, 48.3808], [-83.00748, 48.38088], [-83.00735, 48.381], [-83.00732, 48.38104], [-83.0073, 48.38111], [-83.00728, 48.38113], [-83.00711, 48.38122], [-83.00701, 48.38129], [-83.00663, 48.38147], [-83.00646, 48.38161], [-83.00626, 48.3817], [-83.00619, 48.38177], [-83.00618, 48.38187], [-83.00615, 48.38192], [-83.00596, 48.38202], [-83.00579, 48.38216], [-83.0057, 48.38222], [-83.00555, 48.38236], [-83.00545, 48.38244], [-83.00532, 48.38251], [-83.00508, 48.38269], [-83.00499, 48.38279], [-83.00482, 48.38303], [-83.00475, 48.38318], [-83.00471, 48.38324], [-83.00469, 48.38333], [-83.00475, 48.38337], [-83.00475, 48.38341], [-83.00461, 48.38355], [-83.00453, 48.38373], [-83.00446, 48.38383], [-83.00442, 48.38402], [-83.00443, 48.38418], [-83.00439, 48.38438], [-83.00434, 48.38446], [-83.00428, 48.38452], [-83.00426, 48.3846], [-83.00406, 48.38475], [-83.00403, 48.38479], [-83.00401, 48.38489], [-83.00403, 48.38503], [-83.00402, 48.38514], [-83.00398, 48.3852], [-83.00395, 48.38523], [-83.00387, 48.38526], [-83.00377, 48.38533], [-83.00369, 48.38537], [-83.00365, 48.38544], [-83.00357, 48.3855], [-83.00348, 48.38564], [-83.0034, 48.38569], [-83.00335, 48.38574], [-83.00327, 48.38577], [-83.0032, 48.38587], [-83.00309, 48.38594], [-83.0029, 48.38603], [-83.00281, 48.38606], [-83.00275, 48.38611], [-83.00247, 48.38627], [-83.00213, 48.38639], [-83.00195, 48.3865], [-83.00184, 48.38661], [-83.00177, 48.38666], [-83.00158, 48.38675], [-83.00129, 48.38685], [-83.00114, 48.38692], [-83.00104, 48.38699], [-83.00094, 48.38704], [-83.00085, 48.3871], [-83.00078, 48.38713], [-83.00075, 48.38719], [-83.00066, 48.38727], [-83.00056, 48.38741], [-83.00038, 48.38754], [-83.00033, 48.38763], [-83.00033, 48.3877], [-83.00041, 48.38789], [-83.00048, 48.38801], [-83.00059, 48.38811], [-83.00063, 48.38818], [-83.0007, 48.3883], [-83.00074, 48.38841], [-83.00075, 48.38853], [-83.00073, 48.38865], [-83.0006, 48.3888], [-83.00052, 48.38891], [-83.0005, 48.38898], [-83.00051, 48.38911], [-83.00054, 48.38917], [-83.00058, 48.38922], [-83.00093, 48.38941], [-83.00113, 48.38955], [-83.00123, 48.38961], [-83.00128, 48.38963], [-83.00144, 48.38964], [-83.00149, 48.38965], [-83.00158, 48.38971], [-83.00178, 48.38981], [-83.00192, 48.38989], [-83.00199, 48.38993], [-83.00208, 48.38995], [-83.0022, 48.38994], [-83.00228, 48.38995], [-83.00245, 48.39], [-83.00257, 48.39001], [-83.00262, 48.39003], [-83.00267, 48.39008], [-83.00277, 48.3902], [-83.00283, 48.39033], [-83.00292, 48.39046], [-83.00303, 48.39057], [-83.00311, 48.39061], [-83.00319, 48.39068], [-83.00327, 48.39072], [-83.0034, 48.39075], [-83.00393, 48.39086], [-83.00405, 48.3909], [-83.00414, 48.39089], [-83.00425, 48.3909], [-83.00443, 48.3909], [-83.00475, 48.39096], [-83.0049, 48.391], [-83.00499, 48.39104], [-83.00511, 48.39107], [-83.00516, 48.3911], [-83.0052, 48.39114], [-83.00528, 48.39125], [-83.00541, 48.39133], [-83.00546, 48.39141], [-83.0055, 48.39143], [-83.00557, 48.39145], [-83.0056, 48.39146], [-83.00559, 48.39148], [-83.00555, 48.39153], [-83.00556, 48.39156], [-83.00559, 48.39157], [-83.00565, 48.39154], [-83.00569, 48.39154], [-83.00575, 48.39159], [-83.00578, 48.39165], [-83.00576, 48.3917], [-83.0057, 48.39177], [-83.00566, 48.39187], [-83.0056, 48.39195], [-83.0055, 48.39204], [-83.00544, 48.39208], [-83.00539, 48.39214], [-83.00534, 48.39218], [-83.00528, 48.39221], [-83.00515, 48.39226], [-83.00501, 48.39234], [-83.00497, 48.39243], [-83.00483, 48.39256], [-83.00476, 48.39267], [-83.0047, 48.39271], [-83.00472, 48.39278], [-83.00468, 48.39291], [-83.00468, 48.393], [-83.00462, 48.39311], [-83.00456, 48.39318], [-83.00451, 48.39331], [-83.00451, 48.39349], [-83.00456, 48.39358], [-83.00464, 48.39361], [-83.00472, 48.39367], [-83.00481, 48.3937], [-83.00482, 48.39371], [-83.00497, 48.39373], [-83.00499, 48.39373], [-83.00499, 48.39375], [-83.00497, 48.39376], [-83.00493, 48.39376], [-83.00481, 48.39377], [-83.00476, 48.39377], [-83.00472, 48.39378], [-83.00469, 48.39381], [-83.00466, 48.39387], [-83.00467, 48.39396], [-83.00467, 48.39401], [-83.00459, 48.39411], [-83.00455, 48.39418], [-83.00454, 48.39425], [-83.00449, 48.3943], [-83.00448, 48.39437], [-83.00441, 48.39443], [-83.00422, 48.39455], [-83.00407, 48.39464], [-83.00394, 48.39468], [-83.00379, 48.39471], [-83.0037, 48.39476], [-83.00359, 48.3948], [-83.0035, 48.39486], [-83.00344, 48.39494], [-83.00343, 48.39498], [-83.00345, 48.39501], [-83.00353, 48.3951], [-83.00363, 48.39516], [-83.00374, 48.3952], [-83.0039, 48.39523], [-83.004, 48.39526], [-83.0042, 48.3953], [-83.00425, 48.39531], [-83.00428, 48.39534], [-83.00433, 48.39542], [-83.00442, 48.39553], [-83.00444, 48.39557], [-83.00442, 48.39561], [-83.00434, 48.39572], [-83.00424, 48.39587], [-83.00421, 48.39607], [-83.00418, 48.39614], [-83.004, 48.39641], [-83.00386, 48.39658], [-83.00374, 48.39668], [-83.00355, 48.39678], [-83.00324, 48.39696], [-83.00323, 48.39697], [-83.00316, 48.39704], [-83.00305, 48.39716], [-83.00296, 48.39721], [-83.00277, 48.39737], [-83.00274, 48.39739], [-83.00266, 48.39741], [-83.00262, 48.39742], [-83.00256, 48.39748], [-83.00239, 48.39759], [-83.00228, 48.3977], [-83.00225, 48.39775], [-83.00225, 48.3978], [-83.00228, 48.39788], [-83.00236, 48.398], [-83.00254, 48.39816], [-83.00265, 48.39823], [-83.00275, 48.39837], [-83.00279, 48.39846], [-83.00282, 48.3985], [-83.00285, 48.39852], [-83.00293, 48.39855], [-83.00295, 48.39856], [-83.00292, 48.39865], [-83.00299, 48.39886], [-83.00304, 48.39908], [-83.00305, 48.39935], [-83.00303, 48.3996], [-83.00299, 48.39971], [-83.00297, 48.39979], [-83.00287, 48.39994], [-83.0027, 48.40007], [-83.00255, 48.40016], [-83.00247, 48.40019], [-83.00235, 48.40022], [-83.00232, 48.40024], [-83.00205, 48.40056], [-83.00195, 48.40065], [-83.00184, 48.40077], [-83.00172, 48.40097], [-83.00163, 48.40125], [-83.00155, 48.40136], [-83.00155, 48.40138], [-83.00158, 48.40144], [-83.00158, 48.40149], [-83.00149, 48.40161], [-83.00144, 48.40167], [-83.00142, 48.40172], [-83.00145, 48.40176], [-83.00149, 48.40179], [-83.00156, 48.40181], [-83.00161, 48.40186], [-83.00162, 48.40196], [-83.00169, 48.40212], [-83.00174, 48.40221], [-83.00177, 48.40232], [-83.0018, 48.40236], [-83.00185, 48.4024], [-83.00187, 48.40243], [-83.00189, 48.40261], [-83.00182, 48.40289], [-83.00182, 48.40302], [-83.00176, 48.40316], [-83.00168, 48.40324], [-83.00169, 48.40341], [-83.00167, 48.40349], [-83.00164, 48.40356], [-83.00164, 48.40362], [-83.00155, 48.40374], [-83.0015, 48.40388], [-83.00142, 48.40404], [-83.00136, 48.40411], [-83.00133, 48.4042], [-83.00117, 48.40438], [-83.00105, 48.40443], [-83.00102, 48.40447], [-83.00098, 48.40459], [-83.00081, 48.4049], [-83.00075, 48.40512], [-83.00074, 48.40523], [-83.00075, 48.40537], [-83.00074, 48.40541], [-83.00072, 48.40544], [-83.00061, 48.4055], [-83.00058, 48.40553], [-83.00058, 48.40559], [-83.00062, 48.40566], [-83.00065, 48.4057], [-83.00073, 48.40574], [-83.00075, 48.40577], [-83.00074, 48.40581], [-83.00069, 48.4059], [-83.00066, 48.40599], [-83.00067, 48.40603], [-83.00071, 48.40608], [-83.00071, 48.40611], [-83.00065, 48.40621], [-83.00055, 48.40628], [-83.00031, 48.40638], [-83.00011, 48.40641], [-83.00008, 48.40642], [-83.00008, 48.40644], [-83.00009, 48.40648], [-83.00018, 48.40654], [-83.00029, 48.40666], [-83.00031, 48.40674], [-83.00033, 48.40677], [-83.00054, 48.40688], [-83.00063, 48.40694], [-83.00073, 48.40703], [-83.00095, 48.40715], [-83.00098, 48.40718], [-83.00099, 48.40725], [-83.00096, 48.40736], [-83.00097, 48.40743], [-83.00107, 48.40761], [-83.00113, 48.40769], [-83.00114, 48.40773], [-83.00113, 48.40778], [-83.00106, 48.40787], [-83.001, 48.40793], [-83.00098, 48.40799], [-83.00099, 48.40804], [-83.00107, 48.40816], [-83.00108, 48.40828], [-83.00112, 48.40834], [-83.0012, 48.40841], [-83.00126, 48.40842], [-83.00134, 48.40842], [-83.00137, 48.4084], [-83.00137, 48.4084], [-83.00139, 48.40836], [-83.00137, 48.40831], [-83.00129, 48.40823], [-83.0013, 48.40821], [-83.00134, 48.40821], [-83.00139, 48.40824], [-83.00148, 48.40836], [-83.00149, 48.40838], [-83.00144, 48.40843], [-83.00143, 48.40845], [-83.00139, 48.40855], [-83.00136, 48.40857], [-83.0013, 48.4086], [-83.00118, 48.40863], [-83.00111, 48.40864], [-83.00106, 48.40863], [-83.00093, 48.40859], [-83.00088, 48.40859], [-83.00082, 48.4086], [-83.00068, 48.40866], [-83.00055, 48.40877], [-83.00044, 48.40883], [-83.00042, 48.40885], [-83.00042, 48.40887], [-83.00044, 48.40889], [-83.00051, 48.40891], [-83.00054, 48.40893], [-83.00055, 48.40896], [-83.00053, 48.40899], [-83.00042, 48.40911], [-83.00029, 48.40921], [-83.00017, 48.40929], [-82.99998, 48.40952], [-82.99985, 48.40962], [-82.99968, 48.40969], [-82.9995, 48.40973], [-82.99939, 48.40979], [-82.99913, 48.40988], [-82.99901, 48.40996], [-82.99878, 48.41007], [-82.99853, 48.41019], [-82.99844, 48.41027], [-82.99836, 48.41031], [-82.9983, 48.4104], [-82.99817, 48.4105], [-82.99791, 48.41059], [-82.99774, 48.41062], [-82.9976, 48.4107], [-82.9975, 48.41075], [-82.99734, 48.41078], [-82.99706, 48.41079], [-82.99687, 48.41084], [-82.9968, 48.41084], [-82.99664, 48.41081], [-82.99654, 48.41081], [-82.99649, 48.41082], [-82.99638, 48.41087], [-82.99629, 48.41091], [-82.99621, 48.41094], [-82.99603, 48.41105], [-82.99595, 48.41112], [-82.99593, 48.41114], [-82.99589, 48.41125], [-82.99583, 48.41134], [-82.99567, 48.41143], [-82.99551, 48.41147], [-82.99547, 48.4115], [-82.9954, 48.41155], [-82.99532, 48.41158], [-82.99511, 48.41178], [-82.99488, 48.41188], [-82.99478, 48.41194], [-82.9947, 48.41197], [-82.99458, 48.41202], [-82.99443, 48.41204], [-82.99429, 48.41204], [-82.99412, 48.41202], [-82.99402, 48.41203], [-82.99398, 48.41205], [-82.9939, 48.4121], [-82.9938, 48.41214], [-82.99374, 48.41215], [-82.99357, 48.41213], [-82.99331, 48.41213], [-82.99323, 48.41211], [-82.99308, 48.41208], [-82.99287, 48.4121], [-82.99272, 48.41214], [-82.99258, 48.41213], [-82.99241, 48.4121], [-82.99229, 48.4121], [-82.99219, 48.4121], [-82.99207, 48.41214], [-82.99189, 48.41216], [-82.99163, 48.41216], [-82.99128, 48.41227], [-82.99115, 48.4123], [-82.99084, 48.41241], [-82.99079, 48.41244], [-82.99076, 48.4125], [-82.99072, 48.41259], [-82.99063, 48.41275], [-82.99055, 48.41291], [-82.99054, 48.413], [-82.9905, 48.41307], [-82.99046, 48.41324], [-82.99033, 48.41341], [-82.99029, 48.41355], [-82.99029, 48.41366], [-82.99026, 48.41376], [-82.99025, 48.41383], [-82.99026, 48.414], [-82.99025, 48.41407], [-82.9904, 48.41442], [-82.9904, 48.41456], [-82.99039, 48.41464], [-82.99037, 48.41472], [-82.99036, 48.41479], [-82.99033, 48.41484], [-82.99024, 48.41492], [-82.99016, 48.41505], [-82.99014, 48.41513], [-82.99009, 48.41524], [-82.99008, 48.41532], [-82.99004, 48.41547], [-82.99001, 48.4155], [-82.98995, 48.41554], [-82.98994, 48.41564], [-82.98978, 48.41593], [-82.9897, 48.4161], [-82.98965, 48.41617], [-82.98951, 48.41652], [-82.98948, 48.41668], [-82.98944, 48.41677], [-82.98942, 48.41685], [-82.98938, 48.41695], [-82.98938, 48.41705], [-82.98934, 48.41711], [-82.98933, 48.41717], [-82.98926, 48.41733], [-82.9892, 48.41753], [-82.98919, 48.41763], [-82.98915, 48.41777], [-82.98909, 48.4179], [-82.98907, 48.418], [-82.98901, 48.41812], [-82.98901, 48.41818], [-82.98905, 48.41826], [-82.98904, 48.41831], [-82.98895, 48.41848], [-82.98882, 48.41866], [-82.98869, 48.4188], [-82.98859, 48.41895], [-82.98858, 48.419], [-82.98859, 48.41904], [-82.98863, 48.41907], [-82.98873, 48.41912], [-82.98875, 48.41914], [-82.98875, 48.41916], [-82.98858, 48.41931], [-82.98852, 48.41934], [-82.98845, 48.41939], [-82.98808, 48.4196], [-82.98793, 48.41973], [-82.98789, 48.41981], [-82.98776, 48.41992], [-82.98751, 48.42026], [-82.98749, 48.4203], [-82.98748, 48.42037], [-82.98745, 48.42047], [-82.98744, 48.42058], [-82.9874, 48.42068], [-82.98745, 48.42089], [-82.98745, 48.42097], [-82.98748, 48.42108], [-82.98751, 48.42118], [-82.98759, 48.42148], [-82.98759, 48.42163], [-82.98761, 48.42173], [-82.9876, 48.42202], [-82.98762, 48.42215], [-82.9876, 48.42231], [-82.9876, 48.42253], [-82.98762, 48.42262], [-82.98763, 48.42268], [-82.9876, 48.423], [-82.98761, 48.42306], [-82.98765, 48.42314], [-82.98762, 48.42325], [-82.98765, 48.42335], [-82.98764, 48.42358], [-82.98765, 48.42367], [-82.98767, 48.42375], [-82.98766, 48.42389], [-82.98762, 48.42404], [-82.98765, 48.42409], [-82.98773, 48.42415], [-82.9878, 48.42429], [-82.98785, 48.42454], [-82.98793, 48.42473], [-82.98796, 48.42482], [-82.98795, 48.42487], [-82.98791, 48.42496], [-82.98775, 48.42512], [-82.98773, 48.42518], [-82.98773, 48.42524], [-82.98775, 48.42528], [-82.98784, 48.42534], [-82.98786, 48.42537], [-82.98789, 48.4255], [-82.98797, 48.42558], [-82.98799, 48.42564], [-82.98797, 48.42574], [-82.98794, 48.42581], [-82.98791, 48.42593], [-82.98789, 48.42607], [-82.98781, 48.42622], [-82.98783, 48.42631], [-82.9878, 48.42643], [-82.98776, 48.42649], [-82.98769, 48.42653], [-82.98767, 48.42657], [-82.98767, 48.42664], [-82.98769, 48.42669], [-82.98773, 48.42672], [-82.98781, 48.42676], [-82.98783, 48.42679], [-82.98782, 48.42682], [-82.98776, 48.42689], [-82.9877, 48.427], [-82.9877, 48.42703], [-82.98772, 48.42714], [-82.9877, 48.42721], [-82.98765, 48.42727], [-82.98761, 48.4273], [-82.98754, 48.42732], [-82.98743, 48.42735], [-82.98713, 48.4275], [-82.98701, 48.42752], [-82.98686, 48.42756], [-82.98667, 48.42757], [-82.98654, 48.42758], [-82.9865, 48.4276], [-82.98645, 48.42765], [-82.9864, 48.42768], [-82.98624, 48.42771], [-82.98605, 48.42774], [-82.98603, 48.42775], [-82.98602, 48.42777], [-82.98605, 48.42778], [-82.98605, 48.42778], [-82.98612, 48.4278], [-82.98612, 48.42782], [-82.98609, 48.42783], [-82.98603, 48.42784], [-82.98597, 48.42783], [-82.98597, 48.42783], [-82.98588, 48.42778], [-82.98585, 48.42778], [-82.98575, 48.42779], [-82.98567, 48.42781], [-82.98558, 48.4279], [-82.98552, 48.42794], [-82.98533, 48.42799], [-82.98517, 48.42799], [-82.98513, 48.428], [-82.98498, 48.42808], [-82.98467, 48.42817], [-82.9845, 48.42828], [-82.98439, 48.42839], [-82.98429, 48.42842], [-82.98426, 48.42843], [-82.98415, 48.42848], [-82.98404, 48.4285], [-82.98389, 48.42855], [-82.98377, 48.42855], [-82.98361, 48.42858], [-82.98347, 48.42859], [-82.98332, 48.42863], [-82.98313, 48.42865], [-82.98297, 48.42869], [-82.9828, 48.42869], [-82.98267, 48.42866], [-82.98261, 48.42865], [-82.98257, 48.42866], [-82.98251, 48.42869], [-82.98246, 48.42871], [-82.98226, 48.4287], [-82.98217, 48.42874], [-82.98193, 48.42879], [-82.98161, 48.4289], [-82.98139, 48.42894], [-82.98127, 48.42898], [-82.98108, 48.42909], [-82.98099, 48.42916], [-82.98095, 48.42919], [-82.98092, 48.42925], [-82.98084, 48.4293], [-82.98081, 48.42933], [-82.98077, 48.42943], [-82.98076, 48.4296], [-82.98079, 48.42968], [-82.98079, 48.42981], [-82.98083, 48.42987], [-82.98091, 48.42996], [-82.98093, 48.42999], [-82.98093, 48.43008], [-82.98098, 48.43022], [-82.98099, 48.43036], [-82.98103, 48.43045], [-82.98104, 48.43048], [-82.98099, 48.43072], [-82.98098, 48.43085], [-82.98094, 48.43105], [-82.98092, 48.43109], [-82.98085, 48.43117], [-82.98083, 48.43122], [-82.9808, 48.43134], [-82.98079, 48.4315], [-82.98077, 48.43158], [-82.98075, 48.43174], [-82.98071, 48.43187], [-82.98069, 48.43196], [-82.98063, 48.43205], [-82.98063, 48.43221], [-82.98055, 48.43228], [-82.9805, 48.43236], [-82.98035, 48.43246], [-82.98029, 48.43247], [-82.9802, 48.43245], [-82.98016, 48.43247], [-82.98013, 48.4325], [-82.98012, 48.43256], [-82.98003, 48.43258], [-82.97993, 48.43265], [-82.97984, 48.43275], [-82.97973, 48.43288], [-82.97966, 48.43303], [-82.97958, 48.43327], [-82.97957, 48.43333], [-82.97959, 48.43348], [-82.97958, 48.43355], [-82.97962, 48.43368], [-82.9796, 48.43372], [-82.97954, 48.4338], [-82.97948, 48.43385], [-82.97943, 48.43387], [-82.97919, 48.43391], [-82.97904, 48.43395], [-82.9789, 48.434], [-82.9788, 48.43406], [-82.97832, 48.43428], [-82.9782, 48.43438], [-82.97812, 48.43447], [-82.978, 48.43459], [-82.97789, 48.43475], [-82.97782, 48.4348], [-82.97777, 48.43486], [-82.97766, 48.43493], [-82.97767, 48.43498], [-82.97766, 48.43502], [-82.97764, 48.43507], [-82.97757, 48.43516], [-82.97757, 48.43527], [-82.9775, 48.43533], [-82.97753, 48.43546], [-82.9775, 48.43557], [-82.97754, 48.43568], [-82.97765, 48.43579], [-82.9777, 48.43586], [-82.97774, 48.43596], [-82.97773, 48.43617], [-82.9777, 48.4362], [-82.97762, 48.43627], [-82.97765, 48.43639], [-82.97764, 48.43642], [-82.97757, 48.43651], [-82.97755, 48.43671], [-82.97756, 48.43674], [-82.97759, 48.43676], [-82.97768, 48.4368], [-82.97771, 48.43682], [-82.97774, 48.43687], [-82.97772, 48.43691], [-82.97765, 48.43696], [-82.97757, 48.43704], [-82.97733, 48.43717], [-82.97725, 48.4372], [-82.97705, 48.43724], [-82.9769, 48.4373], [-82.97668, 48.4374], [-82.9765, 48.43743], [-82.97634, 48.43741], [-82.97627, 48.43741], [-82.97613, 48.43745], [-82.97592, 48.43746], [-82.97567, 48.4375], [-82.97557, 48.43754], [-82.97534, 48.43763], [-82.97527, 48.43768], [-82.97509, 48.43783], [-82.97502, 48.43783], [-82.97493, 48.43786], [-82.97491, 48.43785], [-82.97489, 48.43782], [-82.97487, 48.43782], [-82.97477, 48.43785], [-82.97463, 48.43786], [-82.97441, 48.43792], [-82.97435, 48.43792], [-82.97428, 48.43792], [-82.97425, 48.43797], [-82.97421, 48.438], [-82.97403, 48.43805], [-82.97395, 48.43807], [-82.97386, 48.4381], [-82.97368, 48.43815], [-82.97357, 48.43817], [-82.97348, 48.43822], [-82.97335, 48.43827], [-82.97307, 48.43839], [-82.97282, 48.43853], [-82.97267, 48.43863], [-82.97254, 48.43875], [-82.97248, 48.43882], [-82.97233, 48.43893], [-82.97231, 48.43896], [-82.97232, 48.43902], [-82.97231, 48.43908], [-82.97232, 48.43915], [-82.97232, 48.4392], [-82.97229, 48.43924], [-82.97223, 48.4393], [-82.97219, 48.43937], [-82.97202, 48.43962], [-82.97198, 48.4397], [-82.97189, 48.43984], [-82.97169, 48.43999], [-82.97159, 48.4401], [-82.97155, 48.44018], [-82.97151, 48.44035], [-82.9713, 48.44067], [-82.9712, 48.4409], [-82.97119, 48.44107], [-82.97114, 48.44122], [-82.97115, 48.4413], [-82.97118, 48.4414], [-82.97118, 48.44151], [-82.97115, 48.44177], [-82.97114, 48.44186], [-82.97114, 48.44202], [-82.97112, 48.44215], [-82.97112, 48.4422], [-82.97105, 48.44228], [-82.97098, 48.44247], [-82.97093, 48.44254], [-82.97087, 48.44261], [-82.97079, 48.44272], [-82.97037, 48.44315], [-82.97033, 48.44323], [-82.9702, 48.44329], [-82.97017, 48.44336], [-82.97012, 48.44339], [-82.96986, 48.44351], [-82.96972, 48.4436], [-82.96946, 48.44372], [-82.96915, 48.44381], [-82.96899, 48.44384], [-82.9687, 48.44387], [-82.96842, 48.44387], [-82.96821, 48.44384], [-82.96805, 48.4438], [-82.96793, 48.44374], [-82.96776, 48.44367], [-82.9674, 48.44358], [-82.96686, 48.44353], [-82.96657, 48.44348], [-82.96644, 48.44346], [-82.9663, 48.44346], [-82.9658, 48.44349], [-82.96551, 48.44354], [-82.96525, 48.4436], [-82.96506, 48.44367], [-82.9649, 48.44376], [-82.9647, 48.44391], [-82.96462, 48.444], [-82.96443, 48.44432], [-82.96432, 48.44446], [-82.96426, 48.44455], [-82.96414, 48.44465], [-82.96411, 48.44474], [-82.96403, 48.44482], [-82.96402, 48.44495], [-82.96393, 48.44509], [-82.96392, 48.44522], [-82.96388, 48.44533], [-82.96378, 48.44597], [-82.96372, 48.44623], [-82.96371, 48.44642], [-82.96361, 48.4467], [-82.96356, 48.44691], [-82.96355, 48.44704], [-82.96352, 48.44712], [-82.96344, 48.44735], [-82.96339, 48.44743], [-82.96335, 48.44765], [-82.96326, 48.44782], [-82.9632, 48.44795], [-82.9632, 48.44804], [-82.96315, 48.44812], [-82.96309, 48.44826], [-82.96305, 48.44844], [-82.96302, 48.44851], [-82.96301, 48.4486], [-82.96296, 48.4487], [-82.96291, 48.44884], [-82.96287, 48.44904], [-82.96286, 48.44916], [-82.96281, 48.44932], [-82.96281, 48.44945], [-82.96278, 48.44954], [-82.96276, 48.44967], [-82.96268, 48.44991], [-82.96254, 48.45028], [-82.96244, 48.45049], [-82.96242, 48.45051], [-82.96226, 48.45072], [-82.96223, 48.45079], [-82.96222, 48.45089], [-82.96219, 48.45095], [-82.96176, 48.45161], [-82.96172, 48.4517], [-82.96167, 48.45181], [-82.96164, 48.45193], [-82.96152, 48.45206], [-82.96149, 48.45216], [-82.96138, 48.45233], [-82.96131, 48.4525], [-82.96124, 48.45263], [-82.96118, 48.45279], [-82.96107, 48.45306], [-82.96092, 48.45336], [-82.96088, 48.45352], [-82.96083, 48.4536], [-82.9607, 48.45396], [-82.96064, 48.45405], [-82.96063, 48.45412], [-82.96057, 48.45429], [-82.96049, 48.45463], [-82.96043, 48.45482], [-82.96042, 48.45488], [-82.96037, 48.45497], [-82.96031, 48.45506], [-82.96024, 48.45528], [-82.96021, 48.45536], [-82.96018, 48.45547], [-82.96018, 48.45561], [-82.96013, 48.45582], [-82.96008, 48.45591], [-82.96007, 48.45595], [-82.9601, 48.45604], [-82.96012, 48.45616], [-82.96018, 48.45635], [-82.96017, 48.45651], [-82.96014, 48.45663], [-82.96011, 48.45669], [-82.96016, 48.45674], [-82.96013, 48.45681], [-82.96016, 48.45685], [-82.96017, 48.45691], [-82.96023, 48.45698], [-82.96024, 48.45717], [-82.96029, 48.45726], [-82.96026, 48.45741], [-82.96029, 48.4576], [-82.96033, 48.45772], [-82.96032, 48.45785], [-82.96034, 48.45796], [-82.96034, 48.45805], [-82.96033, 48.45809], [-82.96028, 48.45816], [-82.9603, 48.45822], [-82.96029, 48.45834], [-82.96023, 48.45842], [-82.96018, 48.45852], [-82.96013, 48.4587], [-82.96007, 48.45879], [-82.96006, 48.4588], [-82.96005, 48.45882], [-82.95997, 48.45906], [-82.95989, 48.45917], [-82.95981, 48.45926], [-82.9597, 48.45934], [-82.95957, 48.45945], [-82.95937, 48.4596], [-82.95924, 48.45968], [-82.95911, 48.45984], [-82.95898, 48.45992], [-82.95888, 48.46003], [-82.95873, 48.46013], [-82.95842, 48.46037], [-82.95836, 48.46044], [-82.95823, 48.46052], [-82.95814, 48.46057], [-82.95808, 48.46064], [-82.95796, 48.46072], [-82.95743, 48.46116], [-82.95705, 48.46161], [-82.95693, 48.46179], [-82.95681, 48.46203], [-82.95673, 48.4623], [-82.95672, 48.46238], [-82.95672, 48.4625], [-82.95675, 48.46261], [-82.95675, 48.4627], [-82.95678, 48.46282], [-82.95679, 48.46292], [-82.95683, 48.46302], [-82.95689, 48.46307], [-82.95689, 48.46312], [-82.95692, 48.46318], [-82.95699, 48.46325], [-82.95702, 48.46336], [-82.95718, 48.4636], [-82.95729, 48.46371], [-82.95737, 48.46378], [-82.9575, 48.46387], [-82.95773, 48.46404], [-82.95774, 48.46405], [-82.95773, 48.46408], [-82.95774, 48.46411], [-82.95789, 48.46428], [-82.958, 48.46442], [-82.95809, 48.46465], [-82.95813, 48.46481], [-82.95815, 48.46497], [-82.95815, 48.46498], [-82.95817, 48.46503], [-82.95826, 48.46512], [-82.95829, 48.46518], [-82.9583, 48.46526], [-82.95828, 48.46546], [-82.95821, 48.46575], [-82.9581, 48.46602], [-82.9581, 48.46606], [-82.95813, 48.46613], [-82.95812, 48.46617], [-82.95805, 48.46626], [-82.95793, 48.46634], [-82.95792, 48.46635], [-82.95794, 48.4664], [-82.95793, 48.46643], [-82.95785, 48.46654], [-82.95768, 48.4667], [-82.95764, 48.46682], [-82.95746, 48.46696], [-82.95729, 48.46732], [-82.95724, 48.4674], [-82.95725, 48.46749], [-82.95723, 48.46759], [-82.95723, 48.46771], [-82.95731, 48.46793], [-82.9574, 48.46805], [-82.95742, 48.46813], [-82.95743, 48.46826], [-82.95742, 48.46829], [-82.9574, 48.46831], [-82.95727, 48.46833], [-82.95722, 48.46835], [-82.95711, 48.46847], [-82.9571, 48.46851], [-82.9571, 48.46855], [-82.95716, 48.46863], [-82.95721, 48.46879], [-82.95726, 48.46886], [-82.9573, 48.4689], [-82.95736, 48.46893], [-82.9575, 48.46898], [-82.95764, 48.46899], [-82.95771, 48.469], [-82.9578, 48.469], [-82.95785, 48.46899], [-82.95792, 48.46894], [-82.95796, 48.46893], [-82.95802, 48.46894], [-82.95815, 48.46899], [-82.95833, 48.4691], [-82.9584, 48.46916], [-82.95841, 48.46919], [-82.9584, 48.46925], [-82.95841, 48.46927], [-82.95851, 48.4693], [-82.95859, 48.46936], [-82.95861, 48.46942], [-82.95865, 48.4695], [-82.95868, 48.46954], [-82.95871, 48.46959], [-82.9588, 48.46964], [-82.9589, 48.46969], [-82.95899, 48.46973], [-82.9591, 48.46976], [-82.95927, 48.46979], [-82.95929, 48.46979], [-82.95937, 48.46979], [-82.95943, 48.46978], [-82.95954, 48.46976], [-82.95961, 48.46979], [-82.95976, 48.46988], [-82.95991, 48.46994], [-82.96015, 48.47012], [-82.96021, 48.47016], [-82.9603, 48.47018], [-82.96042, 48.47018], [-82.96074, 48.47009], [-82.96087, 48.47007], [-82.96107, 48.47006], [-82.96126, 48.47009], [-82.96134, 48.47012], [-82.96139, 48.47016], [-82.96146, 48.47024], [-82.96156, 48.47032], [-82.96162, 48.47036], [-82.96166, 48.47044], [-82.96165, 48.47049], [-82.96159, 48.47054], [-82.96161, 48.4706], [-82.9616, 48.47067], [-82.96158, 48.47075], [-82.96157, 48.47084], [-82.96152, 48.47092], [-82.96152, 48.47097], [-82.96155, 48.47106], [-82.96153, 48.47122], [-82.96156, 48.47126], [-82.9616, 48.47129], [-82.96177, 48.47134], [-82.96185, 48.47143], [-82.9619, 48.4715], [-82.96193, 48.47159], [-82.96193, 48.47174], [-82.96187, 48.47185], [-82.9618, 48.47192], [-82.96169, 48.47203], [-82.96163, 48.47214], [-82.96162, 48.47224], [-82.96155, 48.47239], [-82.96152, 48.47248], [-82.96145, 48.47259], [-82.96144, 48.47267], [-82.96136, 48.47277], [-82.96132, 48.47286], [-82.96118, 48.47299], [-82.9611, 48.47304], [-82.96098, 48.47305], [-82.96095, 48.47307], [-82.96091, 48.4731], [-82.96086, 48.47316], [-82.96067, 48.47327], [-82.9606, 48.4733], [-82.96058, 48.47331], [-82.96054, 48.47331], [-82.96045, 48.47326], [-82.9604, 48.47325], [-82.96033, 48.47324], [-82.96024, 48.47325], [-82.96003, 48.47331], [-82.95974, 48.47338], [-82.95956, 48.47351], [-82.95952, 48.47355], [-82.95953, 48.47358], [-82.95958, 48.47366], [-82.95973, 48.47377], [-82.95975, 48.47379], [-82.95977, 48.47388], [-82.9598, 48.47394], [-82.95982, 48.47401], [-82.9598, 48.47414], [-82.95979, 48.47418], [-82.95967, 48.4743], [-82.95958, 48.47436], [-82.95955, 48.4744], [-82.95953, 48.47443], [-82.95951, 48.47453], [-82.95952, 48.47459], [-82.9596, 48.47468], [-82.95962, 48.47473], [-82.95966, 48.47486], [-82.9597, 48.47497], [-82.9597, 48.47505], [-82.95975, 48.4751], [-82.95977, 48.47516], [-82.95981, 48.47524], [-82.95992, 48.47538], [-82.95998, 48.47544], [-82.96001, 48.4755], [-82.96008, 48.47557], [-82.96016, 48.47564], [-82.96022, 48.47568], [-82.96027, 48.47569], [-82.96035, 48.4757], [-82.96038, 48.47571], [-82.9604, 48.47577], [-82.96047, 48.47586], [-82.96042, 48.47591], [-82.96042, 48.47596], [-82.96045, 48.47599], [-82.96054, 48.47602], [-82.96056, 48.47605], [-82.96055, 48.47608], [-82.96052, 48.47613], [-82.96051, 48.47618], [-82.96054, 48.47625], [-82.96053, 48.47628], [-82.9605, 48.47633], [-82.96046, 48.47642], [-82.96037, 48.47647], [-82.96035, 48.4765], [-82.96035, 48.47652], [-82.96039, 48.47656], [-82.9604, 48.47661], [-82.96045, 48.47667], [-82.96046, 48.47673], [-82.96043, 48.47676], [-82.96034, 48.47681], [-82.96027, 48.47689], [-82.96018, 48.47697], [-82.96015, 48.47701], [-82.96014, 48.47707], [-82.96014, 48.47715], [-82.96016, 48.47724], [-82.96018, 48.47727], [-82.96025, 48.47733], [-82.9603, 48.47742], [-82.96037, 48.47749], [-82.9604, 48.47756], [-82.9604, 48.4776], [-82.96032, 48.47771], [-82.96026, 48.47784], [-82.96024, 48.47791], [-82.96017, 48.478], [-82.96004, 48.47811], [-82.96004, 48.47817], [-82.95998, 48.47824], [-82.95995, 48.47842], [-82.95992, 48.47846], [-82.95984, 48.4785], [-82.95966, 48.47854], [-82.9596, 48.47857], [-82.95955, 48.47865], [-82.95954, 48.47871], [-82.9595, 48.47876], [-82.95947, 48.47878], [-82.95937, 48.47882], [-82.95933, 48.47889], [-82.9593, 48.4789], [-82.95922, 48.4789], [-82.95918, 48.47891], [-82.95915, 48.47894], [-82.95912, 48.47901], [-82.95908, 48.47904], [-82.95904, 48.47905], [-82.95894, 48.47904], [-82.95884, 48.47905], [-82.95869, 48.47909], [-82.95856, 48.4791], [-82.95842, 48.4791], [-82.9583, 48.47907], [-82.95827, 48.47907], [-82.95823, 48.47909], [-82.95811, 48.47918], [-82.95807, 48.47923], [-82.95806, 48.47929], [-82.95804, 48.47931], [-82.95795, 48.47932], [-82.9579, 48.47937], [-82.95785, 48.47949], [-82.95771, 48.47967], [-82.95761, 48.47979], [-82.95756, 48.47988], [-82.95752, 48.47994], [-82.95735, 48.48008], [-82.95723, 48.48015], [-82.95714, 48.48023], [-82.95706, 48.48032], [-82.957, 48.48042], [-82.95695, 48.48047], [-82.95678, 48.48057], [-82.95674, 48.4806], [-82.95665, 48.48072], [-82.95658, 48.48083], [-82.95652, 48.48097], [-82.95646, 48.48101], [-82.95647, 48.48107], [-82.95647, 48.48108], [-82.95645, 48.48109], [-82.95639, 48.48109], [-82.95637, 48.4811], [-82.95632, 48.48116], [-82.95624, 48.48133], [-82.95626, 48.48135], [-82.95632, 48.48138], [-82.95634, 48.48141], [-82.95631, 48.48144], [-82.95622, 48.48147], [-82.95621, 48.4815], [-82.95628, 48.48165], [-82.95628, 48.48182], [-82.95638, 48.48196], [-82.9565, 48.48222], [-82.9565, 48.48227], [-82.95648, 48.48233], [-82.95649, 48.48236], [-82.95655, 48.48243], [-82.95672, 48.48251], [-82.95678, 48.48252], [-82.95688, 48.48251], [-82.95698, 48.48252], [-82.9571, 48.48249], [-82.95715, 48.48248], [-82.9574, 48.48249], [-82.95744, 48.4825], [-82.95766, 48.48264], [-82.95776, 48.48267], [-82.95786, 48.48268], [-82.95794, 48.48267], [-82.95806, 48.48264], [-82.95833, 48.48264], [-82.9584, 48.48261], [-82.9585, 48.48256], [-82.95854, 48.48255], [-82.95859, 48.48255], [-82.95864, 48.48257], [-82.95866, 48.48261], [-82.95866, 48.48264], [-82.95863, 48.48272], [-82.95864, 48.48277], [-82.95866, 48.4828], [-82.9588, 48.48285], [-82.95898, 48.48295], [-82.95904, 48.48297], [-82.95911, 48.48298], [-82.95923, 48.48296], [-82.95938, 48.4829], [-82.95958, 48.48278], [-82.95963, 48.48273], [-82.95967, 48.48269], [-82.9597, 48.48268], [-82.95971, 48.4827], [-82.95971, 48.48274], [-82.95971, 48.48274], [-82.95972, 48.48278], [-82.95974, 48.48281], [-82.95977, 48.48284], [-82.95988, 48.48286], [-82.9604, 48.48306], [-82.96045, 48.48306], [-82.96056, 48.48305], [-82.96068, 48.48306], [-82.96073, 48.4831], [-82.96084, 48.48315], [-82.96089, 48.48323], [-82.96095, 48.48324], [-82.96099, 48.48327], [-82.96108, 48.48329], [-82.96121, 48.48336], [-82.96126, 48.4834], [-82.96159, 48.48357], [-82.96165, 48.48362], [-82.96179, 48.4837], [-82.96187, 48.48375], [-82.96195, 48.48378], [-82.96204, 48.48387], [-82.96213, 48.48394], [-82.96224, 48.48401], [-82.96235, 48.48406], [-82.96241, 48.48414], [-82.96246, 48.48417], [-82.96247, 48.4842], [-82.96236, 48.48433], [-82.96232, 48.48442], [-82.96226, 48.48451], [-82.96226, 48.48457], [-82.96229, 48.48465], [-82.96233, 48.48468], [-82.96238, 48.48469], [-82.9625, 48.48465], [-82.96252, 48.48467], [-82.96254, 48.4847], [-82.96256, 48.48472], [-82.96269, 48.48474], [-82.96272, 48.48475], [-82.96284, 48.48488], [-82.96295, 48.48498], [-82.96304, 48.48504], [-82.96308, 48.4851], [-82.96315, 48.48515], [-82.96321, 48.48519], [-82.96326, 48.48523], [-82.96337, 48.48529], [-82.96343, 48.48533], [-82.96351, 48.48549], [-82.96355, 48.48554], [-82.96356, 48.48557], [-82.96353, 48.4857], [-82.96345, 48.48582], [-82.9634, 48.48595], [-82.96341, 48.486], [-82.96347, 48.48607], [-82.96348, 48.48609], [-82.96348, 48.48641], [-82.9635, 48.48654], [-82.96353, 48.4866], [-82.96363, 48.48672], [-82.96369, 48.48677], [-82.9637, 48.4868], [-82.96369, 48.48682], [-82.96367, 48.48684], [-82.96359, 48.48687], [-82.96352, 48.48689], [-82.96349, 48.4869], [-82.96347, 48.48693], [-82.96346, 48.48696], [-82.96347, 48.48698], [-82.9635, 48.487], [-82.9636, 48.487], [-82.96363, 48.48701], [-82.96365, 48.48703], [-82.96367, 48.48706], [-82.96368, 48.48709], [-82.96366, 48.48717], [-82.96366, 48.48728], [-82.96368, 48.48736], [-82.96373, 48.48744], [-82.96374, 48.48752], [-82.96371, 48.48757], [-82.9636, 48.48763], [-82.96356, 48.48769], [-82.96356, 48.48775], [-82.96362, 48.48783], [-82.96363, 48.4879], [-82.96362, 48.48802], [-82.96358, 48.4881], [-82.96353, 48.48813], [-82.96347, 48.48815], [-82.96341, 48.48814], [-82.96336, 48.48811], [-82.96331, 48.48811], [-82.96328, 48.48813], [-82.96324, 48.48816], [-82.96322, 48.48821], [-82.96323, 48.48825], [-82.96326, 48.48827], [-82.9633, 48.48829], [-82.96338, 48.48831], [-82.96343, 48.48834], [-82.96345, 48.48843], [-82.9635, 48.48852], [-82.9635, 48.48857], [-82.96348, 48.48862], [-82.96345, 48.48865], [-82.9633, 48.48874], [-82.96318, 48.48888], [-82.96307, 48.48896], [-82.96306, 48.48908], [-82.96304, 48.48917], [-82.96301, 48.48921], [-82.96269, 48.48944], [-82.96247, 48.48965], [-82.96232, 48.48974], [-82.96229, 48.48979], [-82.96226, 48.48985], [-82.96227, 48.48994], [-82.96224, 48.49], [-82.96222, 48.49009], [-82.96215, 48.49021], [-82.96206, 48.49027], [-82.96201, 48.49032], [-82.96196, 48.49043], [-82.96195, 48.4905], [-82.96195, 48.49054], [-82.96197, 48.49058], [-82.96205, 48.49068], [-82.96207, 48.49078], [-82.96206, 48.49081], [-82.96202, 48.49086], [-82.962, 48.49087], [-82.96195, 48.49088], [-82.96179, 48.49103], [-82.96162, 48.49128], [-82.96158, 48.49133], [-82.96152, 48.49137], [-82.96132, 48.49146], [-82.96125, 48.49152], [-82.96121, 48.49155], [-82.96112, 48.49158], [-82.96096, 48.49162], [-82.96076, 48.49173], [-82.9605, 48.49184], [-82.96043, 48.49189], [-82.96031, 48.49197], [-82.96028, 48.49201], [-82.96025, 48.49207], [-82.96019, 48.49226], [-82.96015, 48.49244], [-82.96014, 48.49252], [-82.96015, 48.49271], [-82.96013, 48.49284], [-82.96015, 48.49301], [-82.96006, 48.49342], [-82.96006, 48.49361], [-82.96003, 48.49377], [-82.95997, 48.49403], [-82.95999, 48.49426], [-82.95996, 48.4945], [-82.95993, 48.49461], [-82.95979, 48.49483], [-82.95976, 48.49491], [-82.95972, 48.49527], [-82.95968, 48.49546], [-82.95964, 48.49584], [-82.95964, 48.49611], [-82.95976, 48.49659], [-82.95988, 48.49695], [-82.95992, 48.49715], [-82.95997, 48.49729], [-82.96007, 48.49746], [-82.96017, 48.49758], [-82.96036, 48.49785], [-82.96054, 48.49825], [-82.96055, 48.49833], [-82.96046, 48.49856], [-82.96044, 48.49863], [-82.96043, 48.49865], [-82.96036, 48.49871], [-82.96033, 48.49874], [-82.96033, 48.49877], [-82.96036, 48.49884], [-82.96037, 48.49888], [-82.96032, 48.49897], [-82.9603, 48.49906], [-82.96026, 48.4991], [-82.96023, 48.49911], [-82.9602, 48.49911], [-82.96014, 48.4991], [-82.96012, 48.49911], [-82.96011, 48.49917], [-82.96008, 48.49924], [-82.96005, 48.49927], [-82.96, 48.49929], [-82.9599, 48.49931], [-82.9596, 48.49935], [-82.95952, 48.49937], [-82.95946, 48.49939], [-82.95931, 48.49949], [-82.95922, 48.49956], [-82.95889, 48.49973], [-82.95884, 48.49981], [-82.95875, 48.49981], [-82.95871, 48.49983], [-82.95863, 48.4999], [-82.95859, 48.49997], [-82.95853, 48.50002], [-82.95847, 48.50009], [-82.9584, 48.50014], [-82.95833, 48.50018], [-82.95827, 48.50019], [-82.95822, 48.50019], [-82.95814, 48.50017], [-82.95812, 48.50017], [-82.95808, 48.5002], [-82.95799, 48.50027], [-82.95797, 48.50032], [-82.95797, 48.50035], [-82.95802, 48.50041], [-82.95803, 48.50045], [-82.95802, 48.50048], [-82.95796, 48.50053], [-82.95794, 48.50058], [-82.958, 48.50069], [-82.95805, 48.5008], [-82.95798, 48.5009], [-82.95797, 48.50094], [-82.958, 48.50097], [-82.95806, 48.50103], [-82.95809, 48.5011], [-82.95818, 48.50114], [-82.9582, 48.50117], [-82.95819, 48.50124], [-82.95823, 48.5013], [-82.95825, 48.50136], [-82.95825, 48.50138], [-82.9582, 48.50142], [-82.95818, 48.50144], [-82.95818, 48.50147], [-82.95822, 48.50156], [-82.95835, 48.50163], [-82.9584, 48.50172], [-82.95855, 48.50183], [-82.95859, 48.50185], [-82.95868, 48.50186], [-82.95877, 48.50192], [-82.95886, 48.50194], [-82.95894, 48.50196], [-82.95896, 48.50198], [-82.959, 48.50203], [-82.95905, 48.50206], [-82.95909, 48.50207], [-82.95918, 48.50207], [-82.95921, 48.50206], [-82.95927, 48.50202], [-82.95932, 48.50199], [-82.9594, 48.50198], [-82.95947, 48.50197], [-82.95954, 48.50199], [-82.95966, 48.50201], [-82.95972, 48.50204], [-82.95978, 48.50208], [-82.95985, 48.50218], [-82.95991, 48.50223], [-82.95997, 48.50228], [-82.96009, 48.50241], [-82.96013, 48.50243], [-82.96016, 48.50244], [-82.96022, 48.50242], [-82.96022, 48.50241], [-82.96024, 48.50242], [-82.96025, 48.50242], [-82.96026, 48.50243], [-82.96026, 48.50243], [-82.96027, 48.50244], [-82.96028, 48.50245], [-82.96029, 48.50246], [-82.96029, 48.50246], [-82.96021, 48.50255], [-82.9602, 48.50259], [-82.9602, 48.50262], [-82.96032, 48.50275], [-82.96043, 48.50291], [-82.96045, 48.50296], [-82.96046, 48.50312], [-82.96044, 48.50323], [-82.96047, 48.50336], [-82.96048, 48.50355], [-82.96042, 48.50372], [-82.96041, 48.50389], [-82.96038, 48.50396], [-82.96029, 48.50413], [-82.96018, 48.50431], [-82.95998, 48.50451], [-82.95994, 48.50464], [-82.95986, 48.50474], [-82.95983, 48.50478], [-82.95981, 48.50493], [-82.95977, 48.50504], [-82.95975, 48.50507], [-82.95968, 48.50513], [-82.95965, 48.50526], [-82.95956, 48.50533], [-82.95954, 48.50536], [-82.95947, 48.50551], [-82.9594, 48.50562], [-82.95938, 48.50568], [-82.95935, 48.50586], [-82.95934, 48.50595], [-82.9593, 48.50625], [-82.95931, 48.50637], [-82.95931, 48.50649], [-82.95935, 48.50659], [-82.95937, 48.50666], [-82.95937, 48.50679], [-82.95934, 48.50685], [-82.95938, 48.50694], [-82.95939, 48.50703], [-82.95938, 48.5071], [-82.95935, 48.50722], [-82.95936, 48.50731], [-82.95935, 48.50736], [-82.95937, 48.50749], [-82.95934, 48.50764], [-82.95936, 48.5077], [-82.95944, 48.50782], [-82.95947, 48.50789], [-82.95947, 48.50792], [-82.95941, 48.50803], [-82.95937, 48.5082], [-82.95929, 48.50828], [-82.95927, 48.50833], [-82.95926, 48.5084], [-82.95927, 48.5085], [-82.95923, 48.50865], [-82.95919, 48.50868], [-82.95908, 48.50875], [-82.95904, 48.50878], [-82.95899, 48.50884], [-82.95891, 48.50899], [-82.95877, 48.50913], [-82.95874, 48.50919], [-82.9587, 48.50942], [-82.95864, 48.50955], [-82.95854, 48.50969], [-82.9585, 48.50976], [-82.95849, 48.5098], [-82.95851, 48.50986], [-82.95849, 48.50992], [-82.95849, 48.51003], [-82.95848, 48.51007], [-82.95844, 48.51008], [-82.95842, 48.51009], [-82.95841, 48.51015], [-82.95837, 48.51023], [-82.95837, 48.51046], [-82.95829, 48.51077], [-82.95821, 48.51089], [-82.95817, 48.51106], [-82.95817, 48.51118], [-82.95815, 48.51122], [-82.95806, 48.51134], [-82.95799, 48.51149], [-82.95792, 48.51161], [-82.95787, 48.51176], [-82.95785, 48.51189], [-82.9578, 48.51201], [-82.95776, 48.5121], [-82.95767, 48.51221], [-82.95765, 48.51227], [-82.95764, 48.51231], [-82.95765, 48.51244], [-82.95762, 48.51252], [-82.95753, 48.5126], [-82.95751, 48.51265], [-82.9575, 48.51279], [-82.95748, 48.51286], [-82.95747, 48.51294], [-82.95744, 48.51309], [-82.95731, 48.5134], [-82.95731, 48.51357], [-82.95725, 48.51373], [-82.95726, 48.51385], [-82.95722, 48.51392], [-82.95712, 48.51402], [-82.9571, 48.51406], [-82.95709, 48.51432], [-82.95707, 48.51447], [-82.9571, 48.51479], [-82.95707, 48.51484], [-82.95697, 48.51496], [-82.95693, 48.51502], [-82.95693, 48.51519], [-82.9569, 48.51529], [-82.95685, 48.5154], [-82.95676, 48.51552], [-82.95674, 48.51557], [-82.95671, 48.51577], [-82.95671, 48.51591], [-82.9567, 48.51598], [-82.95665, 48.51607], [-82.95662, 48.51616], [-82.9565, 48.5164], [-82.95644, 48.51661], [-82.95641, 48.51665], [-82.95633, 48.5167], [-82.95636, 48.51674], [-82.95636, 48.51676], [-82.95635, 48.51683], [-82.95629, 48.51696], [-82.95628, 48.51704], [-82.95629, 48.51712], [-82.95623, 48.51724], [-82.95616, 48.51748], [-82.95606, 48.51762], [-82.95598, 48.5179], [-82.9559, 48.51807], [-82.95588, 48.51812], [-82.95588, 48.51825], [-82.95582, 48.51837], [-82.95572, 48.5187], [-82.95565, 48.51883], [-82.95559, 48.51888], [-82.95559, 48.51893], [-82.95557, 48.51896], [-82.95551, 48.519], [-82.9554, 48.51905], [-82.9553, 48.51911], [-82.95525, 48.51913], [-82.95506, 48.51913], [-82.95497, 48.51914], [-82.95471, 48.51921], [-82.95446, 48.51928], [-82.95416, 48.51934], [-82.95371, 48.51942], [-82.95306, 48.51951], [-82.95273, 48.51955], [-82.9523, 48.51959], [-82.95219, 48.51977], [-82.95358, 48.52011], [-82.95526, 48.5205], [-82.9556, 48.52058], [-82.95938, 48.5215], [-82.9684, 48.52368], [-82.97594, 48.5255], [-82.97968, 48.5264], [-82.98963, 48.5288], [-82.99667, 48.53051], [-82.99708, 48.5306], [-82.99984, 48.53127], [-83.00063, 48.53147], [-83.00143, 48.53171], [-83.00222, 48.53199], [-83.0028, 48.53224], [-83.0036, 48.53264], [-83.00411, 48.53291], [-83.00513, 48.53361], [-83.01035, 48.53758], [-83.01275, 48.53939], [-83.01746, 48.54299], [-83.02433, 48.54822], [-83.02491, 48.54869], [-83.02536, 48.54914], [-83.02571, 48.54958], [-83.02593, 48.55003], [-83.02643, 48.55106], [-83.02682, 48.55181], [-83.02722, 48.55229], [-83.02764, 48.55266], [-83.02817, 48.55304], [-83.03062, 48.55465], [-83.03274, 48.55605], [-83.03328, 48.55641], [-83.04061, 48.56122], [-83.04085, 48.56138], [-83.04144, 48.56177], [-83.04218, 48.5622], [-83.04299, 48.56261], [-83.04379, 48.56296], [-83.04464, 48.56327], [-83.04469, 48.56328], [-83.04557, 48.56352], [-83.04665, 48.56375], [-83.05573, 48.56539], [-83.05603, 48.56545], [-83.0563, 48.56549], [-83.06093, 48.56633], [-83.06105, 48.56635], [-83.06317, 48.56674], [-83.06951, 48.5679], [-83.07088, 48.56821], [-83.07171, 48.56844], [-83.0723, 48.56863], [-83.07345, 48.56905], [-83.07461, 48.56952], [-83.07548, 48.5699], [-83.08068, 48.57234], [-83.08642, 48.57503], [-83.09467, 48.5789], [-83.09534, 48.57917], [-83.09629, 48.57947], [-83.09681, 48.5796], [-83.09721, 48.5797], [-83.09729, 48.57971], [-83.09759, 48.57977], [-83.09804, 48.57986], [-83.09867, 48.57996], [-83.09922, 48.58002], [-83.09924, 48.58002], [-83.10007, 48.58009], [-83.10074, 48.58009], [-83.10117, 48.58009], [-83.10193, 48.58007], [-83.10262, 48.58002], [-83.10313, 48.57995], [-83.10352, 48.57989], [-83.11253, 48.57862], [-83.11712, 48.57797], [-83.11908, 48.57769], [-83.11999, 48.57756], [-83.12133, 48.57737], [-83.12343, 48.57707], [-83.12969, 48.57618], [-83.1373, 48.57511], [-83.14236, 48.57439], [-83.15058, 48.57321], [-83.16339, 48.57138], [-83.17582, 48.56961], [-83.17654, 48.56952], [-83.17761, 48.56946], [-83.17829, 48.56945], [-83.18454, 48.5696], [-83.18728, 48.56967], [-83.1968, 48.5699], [-83.19766, 48.56996], [-83.19832, 48.57004], [-83.19889, 48.57015], [-83.19945, 48.57028], [-83.19998, 48.57044], [-83.2056, 48.57246], [-83.21794, 48.57689], [-83.21866, 48.57711], [-83.22007, 48.57751], [-83.22139, 48.57781], [-83.22274, 48.57806], [-83.22356, 48.57818], [-83.22499, 48.57841], [-83.24027, 48.58086], [-83.24101, 48.58093], [-83.24158, 48.58093], [-83.24642, 48.58099], [-83.24658, 48.581], [-83.24789, 48.58105], [-83.24891, 48.58113], [-83.25004, 48.58125], [-83.25101, 48.58139], [-83.25169, 48.5815], [-83.2525, 48.58165], [-83.25373, 48.58193], [-83.25517, 48.5823], [-83.256, 48.58258], [-83.25601, 48.58258], [-83.25652, 48.58277], [-83.25742, 48.5832], [-83.25925, 48.58423], [-83.25955, 48.5844], [-83.25995, 48.58459], [-83.26052, 48.58481], [-83.26112, 48.58505], [-83.26178, 48.58525], [-83.26235, 48.58542], [-83.26293, 48.58555], [-83.2667, 48.58632], [-83.28131, 48.58929], [-83.28253, 48.58954], [-83.28727, 48.59046], [-83.29511, 48.59199], [-83.29528, 48.59202], [-83.29546, 48.59205], [-83.30647, 48.59424], [-83.3082, 48.59459], [-83.3084, 48.59463], [-83.30841, 48.59463], [-83.3095, 48.59485], [-83.31336, 48.5956], [-83.31467, 48.59581], [-83.3162, 48.59604], [-83.3289, 48.59759], [-83.33581, 48.59844], [-83.33634, 48.59851], [-83.33684, 48.59857], [-83.3378, 48.59868], [-83.33833, 48.59875], [-83.33924, 48.59888], [-83.33988, 48.59899], [-83.3409, 48.59921], [-83.34202, 48.59947], [-83.34276, 48.59967], [-83.34409, 48.60009], [-83.34628, 48.60091], [-83.3475, 48.60137], [-83.34867, 48.6018], [-83.35055, 48.60251], [-83.35506, 48.60419], [-83.35865, 48.60553], [-83.36303, 48.60715], [-83.36494, 48.60787], [-83.3661, 48.60832], [-83.36706, 48.60871], [-83.36757, 48.60895], [-83.36838, 48.60938], [-83.36899, 48.60971], [-83.36932, 48.60989], [-83.37, 48.61029], [-83.37083, 48.61086], [-83.37192, 48.61164], [-83.37303, 48.61253], [-83.37477, 48.61393], [-83.37688, 48.61564], [-83.38297, 48.62054], [-83.39008, 48.62631], [-83.39654, 48.63148], [-83.39695, 48.63181], [-83.39832, 48.63293], [-83.40493, 48.63828], [-83.40788, 48.64065], [-83.40875, 48.64132], [-83.40932, 48.6417], [-83.40965, 48.64189], [-83.41023, 48.64221], [-83.41067, 48.64242], [-83.41099, 48.64256], [-83.41116, 48.64263], [-83.41184, 48.64292], [-83.41378, 48.64375], [-83.4148, 48.64424], [-83.41564, 48.64471], [-83.4163, 48.64516], [-83.41677, 48.64554], [-83.41734, 48.64602], [-83.41773, 48.64642], [-83.41811, 48.64686], [-83.42303, 48.65511], [-83.42314, 48.65529], [-83.42321, 48.65542], [-83.42339, 48.65571], [-83.42598, 48.66006], [-83.42603, 48.66013], [-83.42754, 48.66268], [-83.4301, 48.66702], [-83.43083, 48.66832], [-83.43252, 48.67113], [-83.43347, 48.67272], [-83.43515, 48.67553], [-83.43579, 48.67642], [-83.43609, 48.6769], [-83.43643, 48.67738], [-83.43693, 48.67807], [-83.438, 48.67933], [-83.43865, 48.68004], [-83.43915, 48.68059], [-83.43959, 48.6811], [-83.43974, 48.68123], [-83.44006, 48.68157], [-83.44064, 48.6821], [-83.44122, 48.68262], [-83.44181, 48.68314], [-83.44788, 48.68814], [-83.44871, 48.68882], [-83.4507, 48.69047], [-83.4512, 48.69094], [-83.45147, 48.69127], [-83.45171, 48.69167], [-83.4519, 48.69207], [-83.45198, 48.69241], [-83.45205, 48.69271], [-83.45206, 48.69306], [-83.45203, 48.69332], [-83.45196, 48.6937], [-83.45184, 48.69403], [-83.45159, 48.69463], [-83.45113, 48.69562], [-83.45097, 48.69611], [-83.45072, 48.69671], [-83.45062, 48.69714], [-83.45056, 48.6975], [-83.45057, 48.69792], [-83.45066, 48.69825], [-83.45081, 48.69857], [-83.45097, 48.6989], [-83.45116, 48.69913], [-83.4514, 48.69938], [-83.45163, 48.69959], [-83.45196, 48.69983], [-83.45253, 48.70015], [-83.4537, 48.70077], [-83.45437, 48.7011], [-83.45519, 48.70154], [-83.45586, 48.70188], [-83.45647, 48.70212], [-83.45692, 48.70229], [-83.45733, 48.70241], [-83.45799, 48.70256], [-83.4592, 48.70283], [-83.46141, 48.70317], [-83.46177, 48.70324], [-83.46376, 48.70359], [-83.46492, 48.70382], [-83.46578, 48.70401], [-83.46651, 48.7042], [-83.46702, 48.70438], [-83.46761, 48.70463], [-83.46914, 48.70527], [-83.46951, 48.70542], [-83.46989, 48.70559], [-83.47207, 48.7065], [-83.48004, 48.70988], [-83.48049, 48.71008], [-83.48107, 48.71033], [-83.4813, 48.71043], [-83.48297, 48.71122], [-83.49043, 48.71518], [-83.49786, 48.7191], [-83.50283, 48.72173], [-83.51513, 48.72817], [-83.52103, 48.73129], [-83.52949, 48.73581], [-83.53065, 48.73638], [-83.53134, 48.73671], [-83.53205, 48.73695], [-83.53245, 48.73707], [-83.53333, 48.73729], [-83.53402, 48.73739], [-83.53471, 48.73746], [-83.53544, 48.73749], [-83.53613, 48.73747], [-83.53672, 48.73742], [-83.53755, 48.73731], [-83.53815, 48.73718], [-83.53875, 48.73702], [-83.54566, 48.73457], [-83.54643, 48.73432], [-83.54709, 48.73421], [-83.54778, 48.73414], [-83.54861, 48.73415], [-83.54941, 48.73423], [-83.55019, 48.73444], [-83.55086, 48.73471], [-83.55153, 48.7351], [-83.55214, 48.73554], [-83.55216, 48.73556], [-83.56658, 48.74663], [-83.57104, 48.75005], [-83.57157, 48.75039], [-83.57238, 48.75087], [-83.57318, 48.75121], [-83.57381, 48.75146], [-83.5745, 48.75169], [-83.57515, 48.75186], [-83.57579, 48.75199], [-83.57645, 48.75212], [-83.57808, 48.75244], [-83.57839, 48.7525], [-83.57876, 48.75257], [-83.58446, 48.75366], [-83.58938, 48.75461], [-83.59106, 48.755], [-83.59215, 48.75536], [-83.59251, 48.75548], [-83.59367, 48.75601], [-83.59478, 48.75657], [-83.59579, 48.75722], [-83.59668, 48.75788], [-83.59734, 48.75852], [-83.59815, 48.75948], [-83.59859, 48.76012], [-83.59892, 48.76087], [-83.59911, 48.76133], [-83.59929, 48.7618], [-83.59932, 48.76193], [-83.59944, 48.76243], [-83.59946, 48.76251], [-83.59953, 48.76303], [-83.59955, 48.76361], [-83.59951, 48.76497], [-83.59946, 48.76972], [-83.59946, 48.77026], [-83.59942, 48.77179], [-83.59945, 48.77228], [-83.59961, 48.7729], [-83.59975, 48.77332], [-83.60003, 48.7738], [-83.60041, 48.77433], [-83.60219, 48.77665], [-83.604, 48.779], [-83.60794, 48.78412], [-83.61096, 48.78794], [-83.61228, 48.78968], [-83.6125, 48.78997], [-83.61296, 48.79042], [-83.6134, 48.79085], [-83.61387, 48.79128], [-83.61403, 48.79141], [-83.62529, 48.80107], [-83.63243, 48.80719], [-83.63372, 48.80821], [-83.63441, 48.8086], [-83.635, 48.80885], [-83.63761, 48.80978], [-83.63885, 48.8102], [-83.63967, 48.81057], [-83.64044, 48.81103], [-83.64076, 48.81127], [-83.6413, 48.81168], [-83.64631, 48.81559], [-83.64815, 48.81702], [-83.65469, 48.82213], [-83.6561, 48.82323], [-83.65684, 48.82381], [-83.65948, 48.82593], [-83.65997, 48.82647], [-83.66031, 48.82699], [-83.66049, 48.82741], [-83.66063, 48.82783], [-83.66073, 48.82821], [-83.66079, 48.8286], [-83.66079, 48.82907], [-83.66074, 48.8332], [-83.66081, 48.83407], [-83.66083, 48.83416], [-83.6609, 48.83438], [-83.66095, 48.83452], [-83.66109, 48.83498], [-83.6613, 48.83541], [-83.66135, 48.83552], [-83.66162, 48.83605], [-83.66196, 48.83651], [-83.66228, 48.83689], [-83.6627, 48.83733], [-83.66297, 48.8376], [-83.66336, 48.83792], [-83.66395, 48.83837], [-83.66442, 48.83868], [-83.66516, 48.83911], [-83.66603, 48.83952], [-83.66695, 48.83991], [-83.67291, 48.8422], [-83.67409, 48.84267], [-83.67489, 48.84294], [-83.67654, 48.84337], [-83.67728, 48.84355], [-83.67805, 48.84377], [-83.67812, 48.84379], [-83.67859, 48.84392], [-83.67924, 48.84414], [-83.68002, 48.84443], [-83.68107, 48.84494], [-83.68233, 48.84551], [-83.68307, 48.84583], [-83.68385, 48.84615], [-83.68453, 48.84637], [-83.68533, 48.84659], [-83.68594, 48.8467], [-83.68648, 48.84677], [-83.69318, 48.84723], [-83.69431, 48.84727], [-83.69572, 48.84723], [-83.69833, 48.84697], [-83.69844, 48.84696], [-83.69911, 48.84693], [-83.69972, 48.84694], [-83.70028, 48.84696], [-83.70088, 48.84703], [-83.70151, 48.84713], [-83.70219, 48.84729], [-83.70268, 48.84744], [-83.70319, 48.84762], [-83.70353, 48.84775], [-83.70411, 48.84803], [-83.7045, 48.84826], [-83.7049, 48.84852], [-83.70563, 48.84901], [-83.70644, 48.84948], [-83.70695, 48.8497], [-83.70747, 48.84988], [-83.7082, 48.85008], [-83.70931, 48.85033], [-83.7101, 48.85051], [-83.7119, 48.85093], [-83.71246, 48.85107], [-83.71304, 48.85126], [-83.71374, 48.85154], [-83.71423, 48.85176], [-83.71485, 48.85212], [-83.71537, 48.85248], [-83.71589, 48.85292], [-83.71636, 48.85344], [-83.71662, 48.85376], [-83.71685, 48.85418], [-83.71705, 48.85462], [-83.71716, 48.85495], [-83.71717, 48.85499], [-83.71804, 48.85784], [-83.71824, 48.8585], [-83.71943, 48.86242], [-83.71971, 48.86311], [-83.71986, 48.86339], [-83.72016, 48.86376], [-83.72062, 48.8642], [-83.72238, 48.86575], [-83.72456, 48.86767], [-83.72526, 48.86829], [-83.72727, 48.86973], [-83.72859, 48.87053], [-83.72963, 48.87109], [-83.73075, 48.87162], [-83.73184, 48.8721], [-83.73282, 48.87247], [-83.73402, 48.87285], [-83.73519, 48.87319], [-83.73656, 48.87352], [-83.73747, 48.87372], [-83.73837, 48.87387], [-83.73887, 48.87396], [-83.7403, 48.87415], [-83.74113, 48.87425], [-83.7429, 48.87448], [-83.74462, 48.8747], [-83.74521, 48.87478], [-83.74802, 48.87514], [-83.7578, 48.87641], [-83.76457, 48.87728], [-83.77482, 48.8786], [-83.78626, 48.88008], [-83.78653, 48.88011], [-83.79893, 48.88171], [-83.80035, 48.88197], [-83.80166, 48.88227], [-83.80178, 48.88229], [-83.80185, 48.88231], [-83.8019, 48.88232], [-83.80275, 48.88257], [-83.80407, 48.88297], [-83.80693, 48.88397], [-83.81405, 48.88646], [-83.81583, 48.8871], [-83.8177, 48.88774], [-83.81833, 48.88793], [-83.81875, 48.88802], [-83.81928, 48.88813], [-83.82013, 48.88821], [-83.82494, 48.88839], [-83.82557, 48.88846], [-83.8261, 48.88854], [-83.82733, 48.88887], [-83.82974, 48.88962], [-83.83488, 48.89122], [-83.83538, 48.89143], [-83.83632, 48.89174], [-83.83667, 48.89187], [-83.83698, 48.89201], [-83.83749, 48.8923], [-83.83787, 48.89258], [-83.8382, 48.89289], [-83.83838, 48.8931], [-83.83857, 48.89338], [-83.83869, 48.89361], [-83.83883, 48.89404], [-83.83898, 48.89462], [-83.83984, 48.898], [-83.84009, 48.89904], [-83.84013, 48.89922], [-83.84116, 48.90331], [-83.84126, 48.90376], [-83.84153, 48.90483], [-83.84162, 48.90516], [-83.84225, 48.90782], [-83.8424, 48.90846], [-83.84252, 48.90896], [-83.84258, 48.90926], [-83.84268, 48.90965], [-83.84281, 48.91012], [-83.84293, 48.91055], [-83.84311, 48.91095], [-83.8433, 48.91125], [-83.84358, 48.91157], [-83.84377, 48.91183], [-83.84399, 48.91214], [-83.84416, 48.91245], [-83.8443, 48.91281], [-83.84442, 48.91315], [-83.84455, 48.91357], [-83.84457, 48.91363], [-83.84473, 48.91407], [-83.84488, 48.9144], [-83.84501, 48.91465], [-83.8452, 48.91493], [-83.84538, 48.91519], [-83.84562, 48.91546], [-83.84591, 48.91575], [-83.84631, 48.91614], [-83.84681, 48.91658], [-83.8472, 48.91691], [-83.84749, 48.91722], [-83.84809, 48.91786], [-83.8484, 48.91821], [-83.84882, 48.91875], [-83.84929, 48.91943], [-83.84977, 48.92015], [-83.85035, 48.92111], [-83.85064, 48.92158], [-83.85094, 48.92215], [-83.85115, 48.92274], [-83.85125, 48.92313], [-83.85137, 48.92352], [-83.85141, 48.92368], [-83.85145, 48.92391], [-83.85152, 48.92434], [-83.85159, 48.92482], [-83.85168, 48.92517], [-83.85183, 48.92556], [-83.85221, 48.92643], [-83.8525, 48.92712], [-83.85352, 48.92953], [-83.85357, 48.92995], [-83.85356, 48.9303], [-83.85347, 48.93073], [-83.85321, 48.93188], [-83.8532, 48.93227], [-83.85323, 48.93258], [-83.85329, 48.93298], [-83.85336, 48.93349], [-83.85356, 48.93485], [-83.85366, 48.93549], [-83.85375, 48.93608], [-83.85388, 48.93655], [-83.854, 48.93694], [-83.85413, 48.9372], [-83.85434, 48.93758], [-83.8545, 48.93786], [-83.85473, 48.93814], [-83.85499, 48.93843], [-83.85535, 48.93887], [-83.85595, 48.93948], [-83.85656, 48.94014], [-83.85982, 48.9436], [-83.86129, 48.94524], [-83.8632, 48.94728], [-83.86371, 48.9478], [-83.86423, 48.94838], [-83.8646, 48.94881], [-83.86483, 48.94923], [-83.86506, 48.94964], [-83.86526, 48.95009], [-83.86542, 48.95045], [-83.8655, 48.95082], [-83.86566, 48.95134], [-83.86582, 48.9519], [-83.86601, 48.95245], [-83.86617, 48.95287], [-83.86625, 48.95303], [-83.86648, 48.95353], [-83.8667, 48.95395], [-83.86707, 48.95462], [-83.8674, 48.95516], [-83.86786, 48.95578], [-83.8687, 48.9568], [-83.87024, 48.95853], [-83.87148, 48.95996], [-83.87191, 48.96041], [-83.87244, 48.96108], [-83.87275, 48.96148], [-83.87303, 48.96194], [-83.87441, 48.96427], [-83.87477, 48.96477], [-83.87511, 48.96513], [-83.87557, 48.96552], [-83.87599, 48.96584], [-83.87625, 48.966], [-83.87663, 48.96624], [-83.87711, 48.96649], [-83.87749, 48.96666], [-83.87801, 48.96688], [-83.88988, 48.97131], [-83.89214, 48.97215], [-83.89285, 48.97235], [-83.8933, 48.97243], [-83.89383, 48.97248], [-83.89434, 48.97248], [-83.89479, 48.97245], [-83.89523, 48.97238], [-83.89551, 48.97232], [-83.89633, 48.9721], [-83.89679, 48.97195], [-83.89754, 48.97175], [-83.8986, 48.97163], [-83.89911, 48.97166], [-83.89952, 48.97169], [-83.90043, 48.97184], [-83.90098, 48.97192], [-83.90152, 48.97198], [-83.9022, 48.97199], [-83.90299, 48.97191], [-83.90365, 48.97175], [-83.90407, 48.97162], [-83.90472, 48.97139], [-83.90571, 48.97107], [-83.90651, 48.97085], [-83.90737, 48.97066], [-83.90812, 48.97053], [-83.90916, 48.97042], [-83.91005, 48.97035], [-83.91114, 48.97033], [-83.91299, 48.97035], [-83.91337, 48.97036], [-83.91379, 48.97037], [-83.91418, 48.97038], [-83.91489, 48.9704], [-83.91666, 48.97049], [-83.91697, 48.9705], [-83.91777, 48.9706], [-83.91845, 48.97071], [-83.91934, 48.97089], [-83.91994, 48.97104], [-83.92066, 48.97127], [-83.92136, 48.97155], [-83.92207, 48.97186], [-83.92284, 48.97224], [-83.92365, 48.97273], [-83.92426, 48.97312], [-83.92471, 48.97357], [-83.92504, 48.97401], [-83.92528, 48.97441], [-83.92547, 48.97498], [-83.92553, 48.97553], [-83.92557, 48.97615], [-83.92558, 48.97678], [-83.9256, 48.97771], [-83.92568, 48.98006], [-83.92576, 48.98094], [-83.92581, 48.98132], [-83.92611, 48.98222], [-83.92645, 48.98293], [-83.92677, 48.98344], [-83.92707, 48.98391], [-83.92769, 48.98452], [-83.92832, 48.98513], [-83.9289, 48.98558], [-83.92946, 48.98599], [-83.92989, 48.98625], [-83.93057, 48.98667], [-83.93125, 48.98705], [-83.93193, 48.98736], [-83.93293, 48.98778], [-83.93372, 48.98805], [-83.93487, 48.9884], [-83.93588, 48.98866], [-83.93794, 48.98913], [-83.941, 48.98979], [-83.94218, 48.99005], [-83.94357, 48.99034], [-83.94445, 48.9906], [-83.9451, 48.99081], [-83.94598, 48.99116], [-83.95289, 48.99375], [-83.95402, 48.9942], [-83.95678, 48.99524], [-83.96735, 48.99917], [-83.96814, 48.99949], [-83.97354, 49.00153], [-83.9764, 49.00258], [-83.97733, 49.00293], [-83.97897, 49.00356], [-83.97983, 49.0039], [-83.98035, 49.00408], [-83.98127, 49.00439], [-83.98177, 49.00451], [-83.98232, 49.00461], [-83.9829, 49.00467], [-83.98434, 49.00471], [-84.00026, 49.00482], [-84.00035, 49.00482], [-84.01251, 49.00488], [-84.01829, 49.00494], [-84.0212, 49.00494], [-84.02241, 49.00495], [-84.02419, 49.00497], [-84.02535, 49.00498], [-84.02639, 49.00507], [-84.02724, 49.00519], [-84.02819, 49.00538], [-84.02941, 49.00564], [-84.03017, 49.0058], [-84.03129, 49.00605], [-84.03243, 49.00631], [-84.03367, 49.0066], [-84.03453, 49.00687], [-84.03694, 49.00765], [-84.03821, 49.00821], [-84.03932, 49.00876], [-84.04175, 49.00989], [-84.04268, 49.01031], [-84.04432, 49.01107], [-84.04511, 49.01139], [-84.04574, 49.01161], [-84.0465, 49.01182], [-84.04722, 49.01198], [-84.04849, 49.01225], [-84.05895, 49.01432], [-84.05957, 49.01444], [-84.06346, 49.01522], [-84.06439, 49.0154], [-84.07072, 49.01667], [-84.07249, 49.01705], [-84.07347, 49.01726], [-84.07386, 49.01736], [-84.07427, 49.01747], [-84.07526, 49.01776], [-84.07607, 49.01809], [-84.07628, 49.01818], [-84.07652, 49.01829], [-84.0768, 49.01842], [-84.07703, 49.01854], [-84.07761, 49.01887], [-84.07823, 49.01928], [-84.07874, 49.01967], [-84.07938, 49.02026], [-84.07985, 49.02075], [-84.08019, 49.0211], [-84.08036, 49.02134], [-84.08089, 49.02209], [-84.08252, 49.0245], [-84.08402, 49.02676], [-84.08718, 49.03156], [-84.08907, 49.03439], [-84.09035, 49.03632], [-84.091, 49.03727], [-84.0931, 49.04042], [-84.09436, 49.04229], [-84.09573, 49.04439], [-84.09778, 49.04746], [-84.09935, 49.04983], [-84.10181, 49.05353], [-84.10258, 49.05469], [-84.10301, 49.05533]]]}}, {"type": "Feature", "properties": {"id": "on-cgp-251214169", "name": "Shirley Bay Crown Game Preserve", "hunting_allowed": false, "basis": "fwca_s9"}, "geometry": {"type": "Polygon", "coordinates": [[[-75.91728, 45.40216], [-75.91747, 45.40204], [-75.92011, 45.40034], [-75.9203, 45.40021], [-75.93285, 45.39216], [-75.93304, 45.39204], [-75.93525, 45.39062], [-75.9353, 45.39059], [-75.93932, 45.38801], [-75.93945, 45.38793], [-75.94504, 45.38433], [-75.94509, 45.3843], [-75.94558, 45.38398], [-75.9429, 45.38194], [-75.94033, 45.37989], [-75.93772, 45.37783], [-75.93511, 45.37577], [-75.93252, 45.37375], [-75.92989, 45.37169], [-75.92715, 45.36957], [-75.92468, 45.36761], [-75.91943, 45.36353], [-75.91926, 45.36339], [-75.91665, 45.36134], [-75.91404, 45.3593], [-75.90885, 45.35521], [-75.90758, 45.35422], [-75.90673, 45.35354], [-75.9063, 45.35321], [-75.90486, 45.35208], [-75.90459, 45.35185], [-75.90449, 45.35168], [-75.90406, 45.35093], [-75.9039, 45.35088], [-75.89916, 45.34946], [-75.89884, 45.34937], [-75.89709, 45.34885], [-75.89016, 45.34678], [-75.88333, 45.34475], [-75.88275, 45.34457], [-75.88271, 45.34463], [-75.88213, 45.34446], [-75.87837, 45.34605], [-75.87411, 45.34791], [-75.87365, 45.34811], [-75.87375, 45.34828], [-75.87538, 45.35108], [-75.87547, 45.35123], [-75.87554, 45.35135], [-75.88235, 45.36315], [-75.88317, 45.36455], [-75.89407, 45.38337], [-75.89388, 45.38344], [-75.89352, 45.38368], [-75.89362, 45.38371], [-75.89381, 45.3837], [-75.89401, 45.38375], [-75.89413, 45.38381], [-75.89431, 45.38385], [-75.8948, 45.38406], [-75.89501, 45.38426], [-75.89519, 45.38449], [-75.89519, 45.3847], [-75.89522, 45.38497], [-75.8953, 45.38509], [-75.89534, 45.38518], [-75.89551, 45.38527], [-75.89587, 45.38534], [-75.89611, 45.38535], [-75.89646, 45.38537], [-75.8968, 45.38555], [-75.89688, 45.38588], [-75.8968, 45.38605], [-75.89656, 45.38619], [-75.89625, 45.38627], [-75.89596, 45.38627], [-75.89571, 45.38623], [-75.89515, 45.38618], [-75.89498, 45.38619], [-75.89478, 45.3862], [-75.89461, 45.38626], [-75.89458, 45.38631], [-75.89444, 45.38637], [-75.89426, 45.38639], [-75.89408, 45.38635], [-75.89379, 45.38631], [-75.89361, 45.38636], [-75.89356, 45.38645], [-75.89334, 45.38656], [-75.89279, 45.38681], [-75.89258, 45.38697], [-75.89244, 45.38704], [-75.89249, 45.38709], [-75.8927, 45.38725], [-75.89301, 45.38739], [-75.8934, 45.38753], [-75.89355, 45.38761], [-75.89369, 45.38777], [-75.89403, 45.38788], [-75.89416, 45.38802], [-75.89442, 45.38831], [-75.89444, 45.38852], [-75.89436, 45.38865], [-75.89431, 45.38876], [-75.8943, 45.38888], [-75.89426, 45.38895], [-75.89422, 45.38903], [-75.8941, 45.38915], [-75.89392, 45.38922], [-75.89367, 45.38925], [-75.89346, 45.38924], [-75.89346, 45.38924], [-75.89368, 45.38938], [-75.89417, 45.38954], [-75.89463, 45.3897], [-75.89511, 45.38977], [-75.89572, 45.38984], [-75.89582, 45.38993], [-75.89617, 45.3901], [-75.8964, 45.39037], [-75.89659, 45.39061], [-75.89683, 45.39089], [-75.89715, 45.39123], [-75.89742, 45.39132], [-75.89782, 45.39142], [-75.8985, 45.3915], [-75.89877, 45.3916], [-75.89906, 45.39172], [-75.89938, 45.39171], [-75.89954, 45.39175], [-75.89973, 45.39183], [-75.90004, 45.39188], [-75.90019, 45.39187], [-75.90007, 45.39172], [-75.9001, 45.39167], [-75.89998, 45.39163], [-75.89992, 45.39151], [-75.89985, 45.39142], [-75.89981, 45.3914], [-75.89969, 45.39139], [-75.89952, 45.39127], [-75.89956, 45.39099], [-75.89977, 45.39089], [-75.90005, 45.39083], [-75.90031, 45.39079], [-75.9005, 45.39077], [-75.90071, 45.39072], [-75.90084, 45.39056], [-75.90088, 45.39049], [-75.90117, 45.39042], [-75.90144, 45.3903], [-75.90189, 45.3902], [-75.90211, 45.39019], [-75.90255, 45.39024], [-75.90292, 45.39035], [-75.90326, 45.39045], [-75.90352, 45.39047], [-75.90407, 45.39072], [-75.90428, 45.39096], [-75.90445, 45.39126], [-75.90462, 45.3915], [-75.90493, 45.39175], [-75.90502, 45.39191], [-75.90531, 45.39204], [-75.90566, 45.39214], [-75.90604, 45.39219], [-75.90634, 45.39228], [-75.90647, 45.39245], [-75.90657, 45.39266], [-75.90665, 45.39279], [-75.90663, 45.39286], [-75.90661, 45.39298], [-75.90657, 45.39318], [-75.90674, 45.39333], [-75.90696, 45.39346], [-75.90726, 45.39354], [-75.90788, 45.39362], [-75.90808, 45.39362], [-75.9082, 45.39361], [-75.90837, 45.39365], [-75.90877, 45.3938], [-75.90919, 45.39403], [-75.90956, 45.39429], [-75.90979, 45.39457], [-75.90987, 45.39476], [-75.90982, 45.39485], [-75.90993, 45.39492], [-75.91007, 45.395], [-75.9103, 45.39516], [-75.91038, 45.39535], [-75.91043, 45.39559], [-75.91043, 45.39587], [-75.91027, 45.39611], [-75.91022, 45.39639], [-75.91022, 45.39666], [-75.91023, 45.39691], [-75.91034, 45.39704], [-75.91085, 45.39728], [-75.91146, 45.39749], [-75.91172, 45.39776], [-75.91196, 45.39808], [-75.91226, 45.39839], [-75.91246, 45.39853], [-75.91289, 45.39872], [-75.91314, 45.39892], [-75.91364, 45.39939], [-75.91385, 45.39971], [-75.91398, 45.40004], [-75.91409, 45.4004], [-75.91438, 45.40066], [-75.91449, 45.40081], [-75.91477, 45.40108], [-75.91501, 45.40125], [-75.91531, 45.40139], [-75.91557, 45.40152], [-75.91587, 45.40165], [-75.91629, 45.40177], [-75.91665, 45.40191], [-75.91711, 45.40207], [-75.91728, 45.40216]]]}}, {"type": "Feature", "properties": {"id": "on-cgp-700346130", "name": "Nipissing Crown Game Preserve", "hunting_allowed": false, "basis": "fwca_s9"}, "geometry": {"type": "Polygon", "coordinates": [[[-79.67007, 46.6243], [-79.66434, 46.62431], [-79.65576, 46.62432], [-79.64667, 46.62433], [-79.64334, 46.62433], [-79.63285, 46.62436], [-79.62499, 46.62434], [-79.62377, 46.62434], [-79.61789, 46.62433], [-79.61553, 46.62435], [-79.61484, 46.62435], [-79.61448, 46.62435], [-79.59225, 46.62452], [-79.58917, 46.62454], [-79.58294, 46.62454], [-79.58045, 46.62455], [-79.57243, 46.62455], [-79.56995, 46.62457], [-79.56208, 46.62458], [-79.55613, 46.62459], [-79.54496, 46.62462], [-79.54058, 46.62462], [-79.5333, 46.62462], [-79.52303, 46.62461], [-79.51713, 46.62461], [-79.50688, 46.62461], [-79.48725, 46.62462], [-79.47063, 46.62463], [-79.47026, 46.62463], [-79.46623, 46.62463], [-79.44521, 46.62463], [-79.4347, 46.62463], [-79.42605, 46.62463], [-79.42603, 46.6247], [-79.42596, 46.62504], [-79.42594, 46.62534], [-79.42594, 46.62534], [-79.42602, 46.62564], [-79.42604, 46.62569], [-79.42613, 46.62593], [-79.42614, 46.62595], [-79.42625, 46.62613], [-79.42645, 46.62639], [-79.42668, 46.62662], [-79.42693, 46.6268], [-79.4274, 46.62707], [-79.42795, 46.62727], [-79.43226, 46.62832], [-79.43228, 46.62832], [-79.43228, 46.62833], [-79.43228, 46.62833], [-79.43229, 46.62833], [-79.4332, 46.62863], [-79.43321, 46.62863], [-79.43324, 46.62864], [-79.43412, 46.62914], [-79.43414, 46.62915], [-79.43415, 46.62916], [-79.43481, 46.6298], [-79.43482, 46.62982], [-79.43482, 46.62982], [-79.43558, 46.63084], [-79.43599, 46.6313], [-79.4363, 46.63158], [-79.43684, 46.63189], [-79.43736, 46.63212], [-79.44213, 46.63385], [-79.44926, 46.63644], [-79.44927, 46.63645], [-79.44928, 46.63645], [-79.45088, 46.63719], [-79.45138, 46.63743], [-79.45184, 46.63764], [-79.45201, 46.63773], [-79.45297, 46.63807], [-79.45537, 46.63877], [-79.45539, 46.63878], [-79.45651, 46.6392], [-79.45652, 46.63921], [-79.45654, 46.63922], [-79.45745, 46.6397], [-79.45746, 46.6397], [-79.45747, 46.63971], [-79.45836, 46.64037], [-79.45837, 46.64038], [-79.45838, 46.64039], [-79.45895, 46.641], [-79.45895, 46.641], [-79.4632, 46.64613], [-79.46423, 46.64733], [-79.46474, 46.64781], [-79.4651, 46.64812], [-79.46555, 46.64843], [-79.46607, 46.6487], [-79.46667, 46.64899], [-79.46667, 46.64899], [-79.46745, 46.64931], [-79.4701, 46.65012], [-79.47225, 46.65081], [-79.47227, 46.65082], [-79.47227, 46.65082], [-79.47283, 46.65107], [-79.47284, 46.65108], [-79.47286, 46.65109], [-79.47287, 46.65109], [-79.47333, 46.65137], [-79.47335, 46.65138], [-79.47366, 46.65161], [-79.47369, 46.65163], [-79.47369, 46.65164], [-79.4737, 46.65164], [-79.47371, 46.65165], [-79.47406, 46.65205], [-79.47407, 46.65205], [-79.47407, 46.65206], [-79.47432, 46.65244], [-79.47433, 46.65244], [-79.47433, 46.65245], [-79.47434, 46.65246], [-79.47434, 46.65246], [-79.47434, 46.65247], [-79.47633, 46.65817], [-79.47637, 46.65829], [-79.47963, 46.66767], [-79.48751, 46.69054], [-79.48859, 46.69361], [-79.49416, 46.70936], [-79.49416, 46.70936], [-79.49447, 46.70993], [-79.49486, 46.7104], [-79.49486, 46.7104], [-79.49921, 46.71516], [-79.50676, 46.72334], [-79.50975, 46.72657], [-79.51411, 46.73128], [-79.5161, 46.73343], [-79.5161, 46.73343], [-79.51777, 46.73537], [-79.51777, 46.73537], [-79.51778, 46.73538], [-79.51884, 46.73699], [-79.52767, 46.75102], [-79.52883, 46.75279], [-79.52884, 46.7528], [-79.52951, 46.75404], [-79.52951, 46.75404], [-79.52951, 46.75405], [-79.52973, 46.75461], [-79.52973, 46.75462], [-79.52984, 46.75508], [-79.52985, 46.75509], [-79.5299, 46.75564], [-79.5299, 46.75565], [-79.52988, 46.75603], [-79.52988, 46.75603], [-79.52983, 46.75656], [-79.52983, 46.75656], [-79.52977, 46.75701], [-79.52977, 46.75702], [-79.52977, 46.75703], [-79.5296, 46.75745], [-79.5296, 46.75746], [-79.52932, 46.75804], [-79.52932, 46.75805], [-79.52932, 46.75805], [-79.52905, 46.7585], [-79.52905, 46.75851], [-79.52874, 46.75893], [-79.52853, 46.75922], [-79.52852, 46.75923], [-79.52852, 46.75923], [-79.52821, 46.75954], [-79.52821, 46.75955], [-79.52792, 46.75983], [-79.5279, 46.75984], [-79.52754, 46.76012], [-79.52754, 46.76012], [-79.52713, 46.76041], [-79.52712, 46.76041], [-79.52116, 46.76414], [-79.52085, 46.76439], [-79.52054, 46.76471], [-79.52031, 46.76503], [-79.52015, 46.76547], [-79.52011, 46.76593], [-79.52025, 46.76649], [-79.52041, 46.76691], [-79.52094, 46.7676], [-79.52146, 46.76824], [-79.52203, 46.76873], [-79.52255, 46.76914], [-79.52303, 46.76944], [-79.52721, 46.77181], [-79.52772, 46.7721], [-79.53675, 46.77722], [-79.55619, 46.78824], [-79.5562, 46.78824], [-79.55621, 46.78825], [-79.55683, 46.78868], [-79.55684, 46.78869], [-79.5572, 46.78899], [-79.55721, 46.78899], [-79.55723, 46.78901], [-79.55757, 46.78934], [-79.55758, 46.78934], [-79.55792, 46.7897], [-79.55792, 46.7897], [-79.55869, 46.79057], [-79.56156, 46.79383], [-79.56211, 46.79443], [-79.56271, 46.79503], [-79.56369, 46.79582], [-79.56382, 46.79593], [-79.56397, 46.79605], [-79.56615, 46.79784], [-79.57273, 46.80322], [-79.57273, 46.80323], [-79.57332, 46.80373], [-79.57364, 46.80401], [-79.57365, 46.80402], [-79.57413, 46.80454], [-79.57413, 46.80455], [-79.57414, 46.80455], [-79.57445, 46.805], [-79.57446, 46.80501], [-79.57545, 46.80677], [-79.57718, 46.8098], [-79.57718, 46.8098], [-79.57751, 46.81029], [-79.57799, 46.81079], [-79.57874, 46.81128], [-79.57878, 46.8113], [-79.58026, 46.81216], [-79.58027, 46.81217], [-79.58077, 46.81254], [-79.58078, 46.81254], [-79.58079, 46.81256], [-79.58113, 46.81292], [-79.58114, 46.81292], [-79.58114, 46.81293], [-79.58144, 46.81338], [-79.58156, 46.81358], [-79.58315, 46.81609], [-79.58315, 46.81609], [-79.58331, 46.81629], [-79.58347, 46.81648], [-79.58384, 46.81682], [-79.58436, 46.8172], [-79.58517, 46.81758], [-79.58623, 46.81793], [-79.5875, 46.81833], [-79.58752, 46.81834], [-79.58805, 46.81857], [-79.58807, 46.81857], [-79.58893, 46.81903], [-79.58894, 46.81904], [-79.58895, 46.81904], [-79.59004, 46.81976], [-79.59158, 46.82076], [-79.59319, 46.82181], [-79.59349, 46.82196], [-79.59351, 46.82197], [-79.59351, 46.82198], [-79.59381, 46.82217], [-79.59402, 46.82231], [-79.59403, 46.82231], [-79.59488, 46.82289], [-79.59549, 46.82322], [-79.5961, 46.82347], [-79.59622, 46.82351], [-79.59634, 46.82355], [-79.59656, 46.82362], [-79.59674, 46.82367], [-79.59768, 46.82388], [-79.59894, 46.8241], [-79.59895, 46.82411], [-79.59908, 46.82413], [-79.59969, 46.82426], [-79.59973, 46.82427], [-79.59975, 46.82427], [-79.59977, 46.82428], [-79.59981, 46.82429], [-79.60046, 46.82453], [-79.60053, 46.82456], [-79.60056, 46.82457], [-79.60058, 46.82458], [-79.60062, 46.8246], [-79.60124, 46.82501], [-79.60126, 46.82502], [-79.60127, 46.82503], [-79.6018, 46.82554], [-79.60181, 46.82554], [-79.60191, 46.82565], [-79.60289, 46.8267], [-79.60349, 46.82737], [-79.60349, 46.82738], [-79.60351, 46.82739], [-79.60393, 46.82819], [-79.60393, 46.82819], [-79.60394, 46.8282], [-79.60412, 46.8286], [-79.60437, 46.82915], [-79.60437, 46.82917], [-79.60437, 46.82918], [-79.60442, 46.82945], [-79.60446, 46.82971], [-79.60446, 46.82973], [-79.60446, 46.82974], [-79.60437, 46.83027], [-79.60437, 46.83028], [-79.60436, 46.8303], [-79.60434, 46.83035], [-79.60414, 46.83073], [-79.60414, 46.83074], [-79.60413, 46.83075], [-79.60383, 46.83118], [-79.60382, 46.83119], [-79.60381, 46.8312], [-79.60336, 46.83159], [-79.60336, 46.83159], [-79.60335, 46.8316], [-79.60278, 46.83203], [-79.60233, 46.83243], [-79.60206, 46.83282], [-79.6019, 46.83322], [-79.60181, 46.8336], [-79.60187, 46.83417], [-79.60226, 46.83519], [-79.60227, 46.8352], [-79.60227, 46.8352], [-79.60235, 46.83567], [-79.60235, 46.83569], [-79.60235, 46.83571], [-79.60229, 46.83598], [-79.60229, 46.83598], [-79.60217, 46.83647], [-79.60216, 46.83649], [-79.60186, 46.83705], [-79.60158, 46.83757], [-79.60146, 46.8379], [-79.60141, 46.83838], [-79.60144, 46.83882], [-79.60154, 46.83926], [-79.60179, 46.83973], [-79.60219, 46.84021], [-79.60766, 46.84669], [-79.6082, 46.84733], [-79.60821, 46.84735], [-79.60846, 46.84778], [-79.60846, 46.84779], [-79.60846, 46.84779], [-79.60863, 46.84819], [-79.60864, 46.84821], [-79.60913, 46.85062], [-79.60928, 46.85114], [-79.60946, 46.85157], [-79.60971, 46.85194], [-79.6101, 46.85227], [-79.6104, 46.85246], [-79.61072, 46.85264], [-79.61109, 46.85279], [-79.61228, 46.85319], [-79.61229, 46.8532], [-79.61285, 46.85337], [-79.61305, 46.85344], [-79.61347, 46.85357], [-79.61441, 46.8538], [-79.61503, 46.85388], [-79.61593, 46.85386], [-79.61686, 46.85383], [-79.618, 46.85367], [-79.62712, 46.85245], [-79.62906, 46.8522], [-79.62908, 46.8522], [-79.62911, 46.8522], [-79.62974, 46.85223], [-79.62976, 46.85223], [-79.6304, 46.85232], [-79.63043, 46.85232], [-79.63126, 46.85253], [-79.6313, 46.85254], [-79.63187, 46.85279], [-79.63189, 46.8528], [-79.6319, 46.8528], [-79.63238, 46.85312], [-79.63239, 46.85313], [-79.6324, 46.85314], [-79.63244, 46.85318], [-79.63267, 46.85341], [-79.63267, 46.85342], [-79.63296, 46.85374], [-79.63297, 46.85375], [-79.63298, 46.85376], [-79.63318, 46.85409], [-79.63318, 46.85409], [-79.63318, 46.8541], [-79.63332, 46.85445], [-79.63333, 46.85447], [-79.63333, 46.85448], [-79.63336, 46.85499], [-79.63336, 46.855], [-79.63336, 46.85501], [-79.63288, 46.85964], [-79.63283, 46.86015], [-79.63281, 46.8603], [-79.63279, 46.8605], [-79.63187, 46.86942], [-79.63185, 46.87036], [-79.63185, 46.87037], [-79.63181, 46.87113], [-79.63181, 46.87114], [-79.63173, 46.87172], [-79.63173, 46.87173], [-79.63161, 46.8723], [-79.63151, 46.8728], [-79.63151, 46.87281], [-79.63151, 46.87282], [-79.63132, 46.87333], [-79.63131, 46.87334], [-79.63112, 46.87378], [-79.63103, 46.87399], [-79.63102, 46.874], [-79.63102, 46.87401], [-79.63067, 46.87457], [-79.63026, 46.87523], [-79.63017, 46.87538], [-79.62984, 46.87598], [-79.62954, 46.87668], [-79.62952, 46.87671], [-79.62941, 46.87706], [-79.62935, 46.87721], [-79.62926, 46.87754], [-79.62921, 46.8779], [-79.62924, 46.87828], [-79.62925, 46.87836], [-79.6293, 46.87853], [-79.6293, 46.87854], [-79.62937, 46.87878], [-79.62938, 46.87883], [-79.62969, 46.87955], [-79.63019, 46.88056], [-79.63091, 46.88161], [-79.63106, 46.88178], [-79.6315, 46.88217], [-79.63178, 46.88242], [-79.63178, 46.88243], [-79.63198, 46.88262], [-79.63199, 46.88264], [-79.63221, 46.88291], [-79.63222, 46.88292], [-79.63242, 46.88326], [-79.63243, 46.88327], [-79.63243, 46.88329], [-79.63245, 46.88338], [-79.6326, 46.88411], [-79.63276, 46.88467], [-79.6328, 46.88477], [-79.633, 46.88522], [-79.6332, 46.8855], [-79.63346, 46.88584], [-79.6339, 46.8863], [-79.63422, 46.88662], [-79.63423, 46.88662], [-79.63451, 46.88693], [-79.63451, 46.88694], [-79.63452, 46.88695], [-79.63475, 46.88731], [-79.63475, 46.88732], [-79.63476, 46.88733], [-79.63488, 46.88768], [-79.63489, 46.88769], [-79.63489, 46.88769], [-79.63492, 46.88786], [-79.63498, 46.88817], [-79.63498, 46.88819], [-79.63498, 46.8882], [-79.63497, 46.88836], [-79.63495, 46.8886], [-79.63494, 46.88875], [-79.63494, 46.88877], [-79.63494, 46.88878], [-79.63491, 46.88887], [-79.63473, 46.88942], [-79.63458, 46.89017], [-79.6345, 46.89103], [-79.63463, 46.89151], [-79.63465, 46.89155], [-79.6348, 46.89188], [-79.63493, 46.89209], [-79.63519, 46.89232], [-79.63553, 46.8926], [-79.63598, 46.89284], [-79.6365, 46.89305], [-79.63709, 46.89322], [-79.63761, 46.89334], [-79.63852, 46.89352], [-79.63952, 46.8937], [-79.64006, 46.8938], [-79.64055, 46.89389], [-79.6422, 46.89419], [-79.6422, 46.8942], [-79.64664, 46.89511], [-79.6475, 46.89527], [-79.64751, 46.89527], [-79.64752, 46.89528], [-79.64819, 46.89548], [-79.64821, 46.89548], [-79.64872, 46.89568], [-79.64873, 46.89568], [-79.64875, 46.89569], [-79.64913, 46.8959], [-79.64913, 46.8959], [-79.64955, 46.89615], [-79.65041, 46.89669], [-79.65097, 46.89704], [-79.65166, 46.89747], [-79.65304, 46.89834], [-79.65369, 46.89875], [-79.65391, 46.89887], [-79.65419, 46.89904], [-79.65465, 46.89928], [-79.65507, 46.89948], [-79.65564, 46.89971], [-79.65661, 46.90009], [-79.66027, 46.90133], [-79.66497, 46.90283], [-79.66804, 46.90381], [-79.66804, 46.90381], [-79.66949, 46.90431], [-79.66949, 46.90431], [-79.67027, 46.9046], [-79.67027, 46.90461], [-79.67028, 46.90461], [-79.67109, 46.90498], [-79.67208, 46.90541], [-79.67208, 46.90541], [-79.67444, 46.90651], [-79.67538, 46.90696], [-79.67724, 46.90779], [-79.68684, 46.91216], [-79.68737, 46.9124], [-79.68794, 46.91259], [-79.68839, 46.9127], [-79.68904, 46.91282], [-79.68989, 46.9129], [-79.6911, 46.91299], [-79.69111, 46.91299], [-79.69211, 46.91309], [-79.69212, 46.91309], [-79.69263, 46.91314], [-79.69284, 46.91317], [-79.69286, 46.91317], [-79.69288, 46.91318], [-79.69337, 46.91326], [-79.69339, 46.91326], [-79.69413, 46.91346], [-79.69414, 46.91346], [-79.6948, 46.91365], [-79.69482, 46.91365], [-79.69531, 46.91383], [-79.69532, 46.91384], [-79.69533, 46.91384], [-79.69586, 46.91408], [-79.69587, 46.91409], [-79.69719, 46.91482], [-79.69803, 46.91527], [-79.69893, 46.91571], [-79.69941, 46.91595], [-79.70157, 46.917], [-79.70167, 46.91704], [-79.70177, 46.91709], [-79.70191, 46.91716], [-79.7021, 46.91726], [-79.70605, 46.91929], [-79.70881, 46.92067], [-79.70887, 46.92071], [-79.70893, 46.92073], [-79.70905, 46.9208], [-79.70906, 46.9208], [-79.70907, 46.92081], [-79.71285, 46.92273], [-79.71297, 46.92279], [-79.71312, 46.92286], [-79.71379, 46.92321], [-79.7138, 46.92321], [-79.71487, 46.92382], [-79.71487, 46.92383], [-79.71575, 46.92438], [-79.71576, 46.92439], [-79.71658, 46.92499], [-79.71658, 46.925], [-79.71803, 46.92621], [-79.71803, 46.92621], [-79.71856, 46.92667], [-79.71893, 46.927], [-79.71935, 46.92731], [-79.72004, 46.92769], [-79.72116, 46.92826], [-79.72171, 46.92855], [-79.72408, 46.92978], [-79.72428, 46.92989], [-79.72587, 46.92986], [-79.72622, 46.92984], [-79.72651, 46.92979], [-79.72674, 46.92976], [-79.72711, 46.92964], [-79.72738, 46.9295], [-79.72764, 46.92933], [-79.72847, 46.92858], [-79.7288, 46.92828], [-79.73017, 46.92724], [-79.73047, 46.92709], [-79.73105, 46.92684], [-79.73133, 46.92668], [-79.73183, 46.92623], [-79.73204, 46.92596], [-79.73227, 46.92576], [-79.73262, 46.92556], [-79.73284, 46.92546], [-79.73377, 46.92516], [-79.7342, 46.925], [-79.73478, 46.92477], [-79.73559, 46.92439], [-79.73605, 46.92414], [-79.737, 46.9234], [-79.73765, 46.92282], [-79.73784, 46.92259], [-79.73815, 46.92209], [-79.73835, 46.92188], [-79.73886, 46.92156], [-79.73936, 46.92142], [-79.73975, 46.92128], [-79.74016, 46.9211], [-79.74044, 46.92094], [-79.74065, 46.92086], [-79.74111, 46.92075], [-79.74145, 46.92078], [-79.74168, 46.92086], [-79.74179, 46.9209], [-79.74205, 46.92102], [-79.74222, 46.92105], [-79.74239, 46.92106], [-79.74255, 46.92103], [-79.74284, 46.92094], [-79.74315, 46.92081], [-79.74334, 46.9207], [-79.74368, 46.92044], [-79.744, 46.92024], [-79.74425, 46.92014], [-79.74469, 46.92008], [-79.74507, 46.9201], [-79.74627, 46.92025], [-79.74833, 46.92032], [-79.74877, 46.92031], [-79.74926, 46.92029], [-79.75014, 46.92023], [-79.75017, 46.92023], [-79.75024, 46.91684], [-79.75028, 46.91468], [-79.75029, 46.91445], [-79.75031, 46.91422], [-79.75034, 46.91399], [-79.75038, 46.91376], [-79.75043, 46.91353], [-79.75048, 46.9133], [-79.75055, 46.91307], [-79.75062, 46.91285], [-79.75071, 46.91263], [-79.7508, 46.9124], [-79.75091, 46.91218], [-79.75102, 46.91197], [-79.75108, 46.91186], [-79.75114, 46.91175], [-79.75119, 46.91167], [-79.75127, 46.91154], [-79.75257, 46.9095], [-79.75269, 46.9093], [-79.75281, 46.90909], [-79.75292, 46.90888], [-79.75302, 46.90866], [-79.75311, 46.90845], [-79.75319, 46.90823], [-79.75326, 46.90801], [-79.75332, 46.90779], [-79.75338, 46.90757], [-79.75342, 46.90735], [-79.75345, 46.90712], [-79.75347, 46.9069], [-79.75349, 46.90668], [-79.75349, 46.90645], [-79.75349, 46.90623], [-79.7533, 46.90228], [-79.75329, 46.90195], [-79.75329, 46.90162], [-79.7533, 46.90129], [-79.75332, 46.90096], [-79.75335, 46.90064], [-79.75339, 46.90031], [-79.75344, 46.89998], [-79.7535, 46.89966], [-79.75356, 46.89933], [-79.75364, 46.89901], [-79.75373, 46.89868], [-79.75377, 46.89856], [-79.75383, 46.89836], [-79.75393, 46.89804], [-79.75405, 46.89772], [-79.75418, 46.89741], [-79.75431, 46.89709], [-79.75482, 46.89595], [-79.7559, 46.89355], [-79.75626, 46.89274], [-79.75681, 46.89151], [-79.7573, 46.8904], [-79.7577, 46.88951], [-79.75816, 46.88845], [-79.75885, 46.88688], [-79.75918, 46.88614], [-79.75917, 46.88614], [-79.7608, 46.88241], [-79.76094, 46.88209], [-79.7611, 46.88178], [-79.76126, 46.88147], [-79.76143, 46.88116], [-79.76161, 46.88086], [-79.7618, 46.88056], [-79.762, 46.88026], [-79.76221, 46.87996], [-79.76243, 46.87967], [-79.76266, 46.87938], [-79.7629, 46.87909], [-79.76314, 46.87881], [-79.7634, 46.87853], [-79.76366, 46.87825], [-79.76393, 46.87798], [-79.76421, 46.87771], [-79.7645, 46.87745], [-79.76692, 46.87528], [-79.76721, 46.87502], [-79.76749, 46.87476], [-79.76775, 46.87449], [-79.76802, 46.87422], [-79.76827, 46.87394], [-79.76851, 46.87366], [-79.76875, 46.87338], [-79.76897, 46.87309], [-79.76919, 46.8728], [-79.7694, 46.87251], [-79.7696, 46.87221], [-79.77582, 46.8627], [-79.77803, 46.85934], [-79.77857, 46.85851], [-79.77871, 46.8583], [-79.77885, 46.8581], [-79.77901, 46.8579], [-79.77917, 46.8577], [-79.77934, 46.85751], [-79.77952, 46.85732], [-79.77971, 46.85713], [-79.77991, 46.85695], [-79.78011, 46.85677], [-79.78032, 46.8566], [-79.78053, 46.85643], [-79.78075, 46.85626], [-79.78098, 46.8561], [-79.78122, 46.85594], [-79.78146, 46.85579], [-79.78187, 46.85553], [-79.78592, 46.85304], [-79.78624, 46.85284], [-79.78655, 46.85264], [-79.78672, 46.85252], [-79.78686, 46.85243], [-79.78715, 46.85222], [-79.78745, 46.852], [-79.78774, 46.85179], [-79.78802, 46.85156], [-79.78829, 46.85134], [-79.79194, 46.84828], [-79.79414, 46.84644], [-79.79425, 46.84635], [-79.79431, 46.8463], [-79.79446, 46.84615], [-79.79461, 46.846], [-79.79475, 46.84585], [-79.79489, 46.84569], [-79.79496, 46.8456], [-79.79501, 46.84553], [-79.79512, 46.84538], [-79.79512, 46.84537], [-79.79514, 46.84534], [-79.79523, 46.8452], [-79.79533, 46.84503], [-79.79542, 46.84486], [-79.7955, 46.84469], [-79.79557, 46.84451], [-79.79563, 46.84434], [-79.79568, 46.84416], [-79.79572, 46.84398], [-79.79575, 46.8438], [-79.79577, 46.84362], [-79.79626, 46.8385], [-79.79665, 46.83444], [-79.79668, 46.83412], [-79.79669, 46.8338], [-79.7967, 46.83348], [-79.79672, 46.82954], [-79.7968, 46.82484], [-79.79681, 46.8246], [-79.79682, 46.82437], [-79.79685, 46.82414], [-79.79689, 46.82391], [-79.79694, 46.82368], [-79.797, 46.82345], [-79.79706, 46.82322], [-79.79711, 46.82307], [-79.79714, 46.82299], [-79.79723, 46.82277], [-79.79732, 46.82254], [-79.79742, 46.82232], [-79.79754, 46.8221], [-79.79994, 46.81767], [-79.8001, 46.81736], [-79.80023, 46.81708], [-79.80026, 46.81704], [-79.8004, 46.81672], [-79.80053, 46.8164], [-79.80066, 46.81608], [-79.80077, 46.81576], [-79.80088, 46.81543], [-79.80097, 46.81511], [-79.80105, 46.81478], [-79.80113, 46.81445], [-79.80119, 46.81412], [-79.80124, 46.81379], [-79.80128, 46.81346], [-79.80131, 46.81312], [-79.80133, 46.81279], [-79.80134, 46.81246], [-79.80134, 46.81212], [-79.80115, 46.80005], [-79.80115, 46.79993], [-79.80115, 46.7999], [-79.80115, 46.79964], [-79.80115, 46.7995], [-79.80116, 46.79936], [-79.80116, 46.79935], [-79.80116, 46.79919], [-79.80117, 46.79908], [-79.80117, 46.79905], [-79.80118, 46.79888], [-79.80119, 46.7988], [-79.80119, 46.79876], [-79.80121, 46.79859], [-79.80122, 46.79851], [-79.80123, 46.7984], [-79.80127, 46.7981], [-79.80132, 46.79779], [-79.80138, 46.79749], [-79.80303, 46.78957], [-79.80416, 46.78414], [-79.80566, 46.77695], [-79.80724, 46.76928], [-79.80803, 46.76548], [-79.80999, 46.75597], [-79.81088, 46.75163], [-79.81133, 46.74947], [-79.81137, 46.74925], [-79.8114, 46.74902], [-79.81143, 46.7488], [-79.81144, 46.74858], [-79.81144, 46.74835], [-79.81143, 46.74813], [-79.81142, 46.7479], [-79.81139, 46.74768], [-79.81136, 46.74746], [-79.81131, 46.74724], [-79.81126, 46.74702], [-79.81119, 46.7468], [-79.81112, 46.74658], [-79.81104, 46.74636], [-79.81094, 46.74615], [-79.81084, 46.74593], [-79.81073, 46.74572], [-79.81061, 46.74552], [-79.81049, 46.74531], [-79.81035, 46.74511], [-79.8102, 46.74491], [-79.80011, 46.73153], [-79.79994, 46.7313], [-79.79989, 46.73124], [-79.79983, 46.73115], [-79.79978, 46.73108], [-79.79964, 46.73087], [-79.7995, 46.73064], [-79.79937, 46.73042], [-79.79925, 46.73019], [-79.79914, 46.72997], [-79.79905, 46.72974], [-79.79896, 46.7295], [-79.79888, 46.72927], [-79.79881, 46.72903], [-79.79875, 46.7288], [-79.7987, 46.72856], [-79.79867, 46.72832], [-79.79865, 46.72815], [-79.79864, 46.72808], [-79.79861, 46.72785], [-79.79857, 46.72762], [-79.79853, 46.72739], [-79.79847, 46.72716], [-79.7984, 46.72693], [-79.79832, 46.7267], [-79.79824, 46.72648], [-79.79814, 46.72626], [-79.79812, 46.72622], [-79.79809, 46.72616], [-79.79803, 46.72604], [-79.79791, 46.72582], [-79.79779, 46.72561], [-79.79765, 46.72539], [-79.7975, 46.72518], [-79.79735, 46.72498], [-79.79724, 46.72485], [-79.79718, 46.72478], [-79.79701, 46.72458], [-79.79683, 46.72438], [-79.79664, 46.72419], [-79.79644, 46.724], [-79.7961, 46.72369], [-79.79591, 46.72351], [-79.79572, 46.72333], [-79.79555, 46.72314], [-79.79538, 46.72295], [-79.79522, 46.72276], [-79.79506, 46.72256], [-79.79492, 46.72236], [-79.79478, 46.72216], [-79.79465, 46.72196], [-79.79287, 46.71906], [-79.79271, 46.7188], [-79.79076, 46.71563], [-79.79048, 46.71517], [-79.7886, 46.71211], [-79.7886, 46.71211], [-79.7876, 46.71048], [-79.7871, 46.70967], [-79.78694, 46.70942], [-79.78677, 46.70917], [-79.78666, 46.70902], [-79.78658, 46.70893], [-79.78638, 46.70869], [-79.78623, 46.70852], [-79.78618, 46.70846], [-79.78595, 46.70823], [-79.78577, 46.70806], [-79.78572, 46.70801], [-79.78548, 46.7078], [-79.7854, 46.70773], [-79.78523, 46.70759], [-79.78508, 46.70747], [-79.78496, 46.70738], [-79.78469, 46.70719], [-79.7844, 46.707], [-79.78433, 46.70695], [-79.78062, 46.70455], [-79.78043, 46.70443], [-79.77559, 46.70129], [-79.77196, 46.69895], [-79.76798, 46.69639], [-79.76536, 46.6947], [-79.76514, 46.69456], [-79.7646, 46.69419], [-79.76407, 46.69382], [-79.76392, 46.69371], [-79.76116, 46.69167], [-79.7594, 46.69038], [-79.7594, 46.69038], [-79.75579, 46.68772], [-79.75237, 46.6852], [-79.75218, 46.68507], [-79.752, 46.68493], [-79.75128, 46.68443], [-79.75068, 46.68401], [-79.74876, 46.68266], [-79.74802, 46.68214], [-79.73813, 46.67519], [-79.72916, 46.66889], [-79.72886, 46.66868], [-79.72859, 46.66849], [-79.72833, 46.66829], [-79.72807, 46.66809], [-79.72804, 46.66807], [-79.72781, 46.66789], [-79.72759, 46.66771], [-79.72732, 46.66748], [-79.72717, 46.66735], [-79.72706, 46.66725], [-79.71874, 46.65981], [-79.71852, 46.65962], [-79.71824, 46.65937], [-79.71795, 46.65913], [-79.71766, 46.65889], [-79.7173, 46.65861], [-79.71725, 46.65857], [-79.71062, 46.65334], [-79.70643, 46.65003], [-79.69651, 46.64219], [-79.69641, 46.64211], [-79.69636, 46.64207], [-79.69631, 46.64203], [-79.69626, 46.64199], [-79.6962, 46.64195], [-79.69615, 46.6419], [-79.6961, 46.64186], [-79.69605, 46.64182], [-79.696, 46.64179], [-79.69594, 46.64175], [-79.69589, 46.64171], [-79.69586, 46.64169], [-79.69582, 46.64165], [-79.69576, 46.64161], [-79.69571, 46.64158], [-79.69565, 46.64154], [-79.6956, 46.6415], [-79.69554, 46.64146], [-79.69549, 46.64142], [-79.69543, 46.64139], [-79.69538, 46.64135], [-79.69532, 46.64131], [-79.69526, 46.64127], [-79.69164, 46.63883], [-79.68525, 46.63453], [-79.67471, 46.62742], [-79.67023, 46.6244], [-79.67007, 46.6243]]]}}, {"type": "Feature", "properties": {"id": "on-cgp-258595464", "name": "Miner Crown Game Preserve", "hunting_allowed": false, "basis": "fwca_s9"}, "geometry": {"type": "Polygon", "coordinates": [[[-82.77722, 42.054], [-82.7753, 42.05394], [-82.77451, 42.05391], [-82.77409, 42.0539], [-82.77341, 42.05388], [-82.77304, 42.05386], [-82.77228, 42.05383], [-82.77198, 42.05382], [-82.76986, 42.05374], [-82.76667, 42.05362], [-82.76615, 42.0536], [-82.76304, 42.05349], [-82.76247, 42.05347], [-82.76211, 42.05346], [-82.76178, 42.05345], [-82.76137, 42.05343], [-82.76063, 42.0534], [-82.76053, 42.0534], [-82.75973, 42.05337], [-82.75797, 42.05331], [-82.75772, 42.0533], [-82.75508, 42.05319], [-82.75445, 42.05317], [-82.75401, 42.05315], [-82.75283, 42.0531], [-82.75075, 42.05303], [-82.75065, 42.05303], [-82.75003, 42.05301], [-82.74823, 42.05295], [-82.74769, 42.05293], [-82.74706, 42.0529], [-82.74583, 42.05285], [-82.7453, 42.05283], [-82.74394, 42.05275], [-82.74386, 42.05275], [-82.7421, 42.05267], [-82.74133, 42.05264], [-82.74109, 42.05263], [-82.74033, 42.0526], [-82.73994, 42.05258], [-82.73955, 42.05256], [-82.7393, 42.05255], [-82.73899, 42.05254], [-82.73864, 42.05252], [-82.73858, 42.05252], [-82.73848, 42.05393], [-82.73812, 42.05869], [-82.7379, 42.06135], [-82.73765, 42.06491], [-82.73765, 42.06509], [-82.73676, 42.07701], [-82.73863, 42.07708], [-82.74574, 42.07736], [-82.7528, 42.0776], [-82.75354, 42.07763], [-82.76053, 42.07792], [-82.76798, 42.07825], [-82.76823, 42.07826], [-82.77538, 42.07852], [-82.77552, 42.07673], [-82.77555, 42.07632], [-82.77573, 42.074], [-82.77585, 42.07254], [-82.77631, 42.06659], [-82.77632, 42.0664], [-82.77693, 42.05898], [-82.77697, 42.05841], [-82.77694, 42.0576], [-82.77722, 42.054]]]}}, {"type": "Feature", "properties": {"id": "on-cgp-602251742", "name": "Puslinch Crown Game Preserve", "hunting_allowed": false, "basis": "fwca_s9_unconfirmed"}, "geometry": {"type": "Polygon", "coordinates": [[[-80.28045, 43.4213], [-80.28059, 43.42111], [-80.28061, 43.42108], [-80.28069, 43.42094], [-80.2807, 43.42092], [-80.28072, 43.4209], [-80.28121, 43.41918], [-80.28116, 43.41902], [-80.28113, 43.41853], [-80.2811, 43.41839], [-80.281, 43.4181], [-80.281, 43.4181], [-80.28107, 43.4178], [-80.28108, 43.41773], [-80.2811, 43.41766], [-80.2811, 43.41763], [-80.28117, 43.41703], [-80.28113, 43.41643], [-80.28105, 43.41596], [-80.28104, 43.41596], [-80.28104, 43.41594], [-80.28101, 43.41577], [-80.28098, 43.41568], [-80.28097, 43.41565], [-80.2808, 43.41522], [-80.28052, 43.41457], [-80.27999, 43.41343], [-80.2793, 43.41194], [-80.2785, 43.40994], [-80.27821, 43.4092], [-80.27808, 43.40912], [-80.27691, 43.40857], [-80.27656, 43.40839], [-80.27613, 43.40802], [-80.27547, 43.4076], [-80.27517, 43.40743], [-80.27496, 43.40734], [-80.27474, 43.40721], [-80.27461, 43.40715], [-80.27432, 43.40689], [-80.27425, 43.40681], [-80.27398, 43.40659], [-80.27388, 43.40654], [-80.2738, 43.40647], [-80.27376, 43.40643], [-80.27373, 43.40641], [-80.27364, 43.40633], [-80.27362, 43.40631], [-80.27335, 43.40607], [-80.27301, 43.4058], [-80.27283, 43.40571], [-80.27272, 43.40559], [-80.27245, 43.40542], [-80.27125, 43.40486], [-80.27075, 43.40463], [-80.26879, 43.40434], [-80.26451, 43.40505], [-80.26434, 43.40512], [-80.26404, 43.40526], [-80.26372, 43.40544], [-80.26352, 43.40552], [-80.26324, 43.40569], [-80.26274, 43.40601], [-80.26206, 43.40661], [-80.26197, 43.40669], [-80.26195, 43.4067], [-80.26194, 43.40671], [-80.26186, 43.4068], [-80.26176, 43.40693], [-80.26165, 43.40703], [-80.26161, 43.40708], [-80.26147, 43.40726], [-80.26127, 43.40754], [-80.26122, 43.4076], [-80.26115, 43.40769], [-80.26092, 43.40775], [-80.26058, 43.40786], [-80.26011, 43.40795], [-80.26003, 43.40799], [-80.25874, 43.40816], [-80.25868, 43.40819], [-80.25863, 43.4082], [-80.2586, 43.40821], [-80.25856, 43.40822], [-80.25849, 43.40824], [-80.25847, 43.40825], [-80.25844, 43.40826], [-80.25839, 43.40827], [-80.25766, 43.40864], [-80.25765, 43.40864], [-80.25732, 43.40866], [-80.25688, 43.40874], [-80.25555, 43.40897], [-80.25548, 43.409], [-80.2554, 43.40902], [-80.2551, 43.40911], [-80.25504, 43.40914], [-80.25501, 43.40915], [-80.25472, 43.40921], [-80.25392, 43.4095], [-80.25368, 43.4096], [-80.2535, 43.4097], [-80.25326, 43.4098], [-80.25301, 43.40992], [-80.25277, 43.41005], [-80.25243, 43.41025], [-80.25232, 43.4103], [-80.25222, 43.41037], [-80.25219, 43.41038], [-80.25216, 43.4104], [-80.25212, 43.41043], [-80.25193, 43.41054], [-80.25119, 43.41091], [-80.25039, 43.41161], [-80.2503, 43.41172], [-80.2502, 43.41185], [-80.24992, 43.4121], [-80.24978, 43.41226], [-80.24934, 43.41288], [-80.24929, 43.413], [-80.24925, 43.41305], [-80.2488, 43.41368], [-80.24868, 43.41394], [-80.24861, 43.41405], [-80.2485, 43.41429], [-80.24908, 43.41585], [-80.24958, 43.41709], [-80.25245, 43.42414], [-80.25254, 43.42417], [-80.25337, 43.4245], [-80.25348, 43.42453], [-80.25352, 43.42454], [-80.25352, 43.42454], [-80.25366, 43.4246], [-80.25419, 43.42472], [-80.25422, 43.42473], [-80.25535, 43.42499], [-80.2556, 43.42502], [-80.25561, 43.42503], [-80.25562, 43.42503], [-80.25588, 43.42507], [-80.25624, 43.4251], [-80.25672, 43.42519], [-80.25703, 43.42521], [-80.25711, 43.42521], [-80.25717, 43.42524], [-80.25736, 43.4253], [-80.25838, 43.42514], [-80.25839, 43.42512], [-80.25829, 43.42487], [-80.25829, 43.42486], [-80.26334, 43.42409], [-80.26844, 43.42331], [-80.27069, 43.42297], [-80.27339, 43.42255], [-80.275, 43.42227], [-80.27829, 43.42168], [-80.27987, 43.4214], [-80.28045, 43.4213]]]}}, {"type": "Feature", "properties": {"id": "on-cgp-258595456", "name": "Conroy Marsh Crown Game Preserve", "hunting_allowed": false, "basis": "fwca_s9"}, "geometry": {"type": "Polygon", "coordinates": [[[-77.61861, 45.27041], [-77.622, 45.27682], [-77.62674, 45.27545], [-77.63242, 45.2738], [-77.63621, 45.2727], [-77.64095, 45.27133], [-77.64009, 45.2697], [-77.63654, 45.26301], [-77.63678, 45.26294], [-77.64167, 45.26161], [-77.63839, 45.25558], [-77.63835, 45.25551], [-77.63717, 45.25333], [-77.63348, 45.25432], [-77.63334, 45.25436], [-77.63237, 45.25462], [-77.63213, 45.25468], [-77.6274, 45.25592], [-77.62255, 45.25718], [-77.62021, 45.25779], [-77.62005, 45.258], [-77.61988, 45.2582], [-77.61977, 45.25828], [-77.61965, 45.25836], [-77.61955, 45.25844], [-77.61946, 45.25852], [-77.61932, 45.25861], [-77.6192, 45.25867], [-77.61911, 45.25874], [-77.619, 45.25882], [-77.61863, 45.25907], [-77.61851, 45.25914], [-77.61848, 45.25915], [-77.61847, 45.25916], [-77.61844, 45.25922], [-77.61836, 45.2593], [-77.61831, 45.25935], [-77.61826, 45.2594], [-77.61823, 45.25943], [-77.61818, 45.25949], [-77.61827, 45.25969], [-77.61642, 45.25979], [-77.61636, 45.25985], [-77.61631, 45.2599], [-77.61625, 45.25999], [-77.61618, 45.26006], [-77.6161, 45.26013], [-77.61594, 45.26025], [-77.61584, 45.26032], [-77.61574, 45.26039], [-77.61565, 45.26046], [-77.61552, 45.26054], [-77.6154, 45.26061], [-77.61527, 45.26066], [-77.61516, 45.26071], [-77.61502, 45.26077], [-77.61489, 45.26081], [-77.61479, 45.26086], [-77.61463, 45.26091], [-77.61449, 45.26094], [-77.61437, 45.26098], [-77.61422, 45.26103], [-77.61404, 45.26106], [-77.6136, 45.26109], [-77.6174, 45.26827], [-77.61746, 45.26825], [-77.61861, 45.27041]]]}}, {"type": "Feature", "properties": {"id": "on-cgp-900857584", "name": "Nopiming Crown Game Preserve", "hunting_allowed": false, "basis": "fwca_s9"}, "geometry": {"type": "Polygon", "coordinates": [[[-76.35049, 45.42936], [-76.35035, 45.42931], [-76.35035, 45.42931], [-76.35034, 45.42931], [-76.35034, 45.42931], [-76.34972, 45.4291], [-76.34958, 45.42906], [-76.34945, 45.42902], [-76.34916, 45.42894], [-76.34865, 45.42883], [-76.34817, 45.42876], [-76.3476, 45.42872], [-76.34701, 45.42872], [-76.34671, 45.42875], [-76.34635, 45.42879], [-76.34603, 45.42884], [-76.34574, 45.4289], [-76.34352, 45.42949], [-76.33882, 45.43073], [-76.33882, 45.43074], [-76.33836, 45.43086], [-76.33835, 45.43086], [-76.33832, 45.43087], [-76.33828, 45.43088], [-76.33573, 45.43153], [-76.33572, 45.43154], [-76.33516, 45.43164], [-76.33501, 45.43167], [-76.335, 45.43168], [-76.33486, 45.43169], [-76.33394, 45.4318], [-76.33391, 45.43181], [-76.3339, 45.43181], [-76.3339, 45.43181], [-76.33389, 45.43181], [-76.33289, 45.43185], [-76.33288, 45.43185], [-76.33225, 45.43185], [-76.33166, 45.43184], [-76.33153, 45.43184], [-76.33153, 45.43184], [-76.33151, 45.43184], [-76.33141, 45.43183], [-76.32975, 45.43162], [-76.32975, 45.43162], [-76.32913, 45.43152], [-76.32707, 45.4312], [-76.32683, 45.43117], [-76.3179, 45.42978], [-76.3164, 45.42955], [-76.3155, 45.42941], [-76.30987, 45.42853], [-76.30848, 45.42831], [-76.30726, 45.42816], [-76.30565, 45.42802], [-76.30441, 45.42795], [-76.30395, 45.42792], [-76.30384, 45.42792], [-76.30372, 45.42791], [-76.30024, 45.42772], [-76.30008, 45.42771], [-76.29587, 45.42748], [-76.29586, 45.42748], [-76.29522, 45.42742], [-76.29325, 45.42726], [-76.29324, 45.42726], [-76.28718, 45.42664], [-76.28302, 45.42622], [-76.28085, 45.426], [-76.28011, 45.42593], [-76.27895, 45.42581], [-76.27872, 45.42579], [-76.27788, 45.4257], [-76.27719, 45.42563], [-76.27212, 45.42867], [-76.27212, 45.42867], [-76.27108, 45.42785], [-76.26578, 45.43102], [-76.26582, 45.43108], [-76.26584, 45.43118], [-76.26587, 45.43123], [-76.2659, 45.43128], [-76.26599, 45.43143], [-76.26612, 45.43158], [-76.2663, 45.43175], [-76.2665, 45.43188], [-76.26683, 45.43199], [-76.26705, 45.43205], [-76.2673, 45.4321], [-76.26755, 45.43213], [-76.26787, 45.43215], [-76.26818, 45.43217], [-76.26844, 45.43216], [-76.26874, 45.43212], [-76.26901, 45.43209], [-76.26929, 45.43208], [-76.26957, 45.43208], [-76.26985, 45.43205], [-76.27008, 45.432], [-76.27029, 45.43197], [-76.27041, 45.43196], [-76.27058, 45.43194], [-76.27076, 45.43191], [-76.27084, 45.43179], [-76.27093, 45.43176], [-76.271, 45.43185], [-76.271, 45.43193], [-76.27118, 45.43195], [-76.27139, 45.43197], [-76.27162, 45.43205], [-76.27185, 45.43211], [-76.27207, 45.4321], [-76.27226, 45.43208], [-76.27233, 45.43213], [-76.27257, 45.43215], [-76.2729, 45.43213], [-76.2729, 45.43221], [-76.27298, 45.43228], [-76.27318, 45.43232], [-76.27347, 45.43239], [-76.27376, 45.43248], [-76.27401, 45.43258], [-76.27429, 45.43267], [-76.27452, 45.43277], [-76.27479, 45.43288], [-76.27503, 45.43297], [-76.2753, 45.43308], [-76.27552, 45.43318], [-76.27581, 45.43325], [-76.27608, 45.43331], [-76.27643, 45.43339], [-76.27669, 45.43347], [-76.277, 45.43357], [-76.27724, 45.43368], [-76.27731, 45.43372], [-76.27746, 45.4338], [-76.27767, 45.43397], [-76.27785, 45.43412], [-76.27805, 45.43428], [-76.2781, 45.43429], [-76.27831, 45.4344], [-76.27844, 45.43454], [-76.27863, 45.43471], [-76.27881, 45.43484], [-76.27901, 45.435], [-76.2792, 45.43516], [-76.27936, 45.43532], [-76.27973, 45.43568], [-76.27991, 45.43583], [-76.28011, 45.43601], [-76.28026, 45.43619], [-76.28042, 45.43638], [-76.28053, 45.43655], [-76.28058, 45.43674], [-76.28061, 45.43693], [-76.28069, 45.43712], [-76.2808, 45.43727], [-76.28094, 45.43741], [-76.28111, 45.43757], [-76.28128, 45.43766], [-76.28146, 45.43779], [-76.28158, 45.43792], [-76.28157, 45.43804], [-76.28157, 45.43819], [-76.28165, 45.4383], [-76.28164, 45.43842], [-76.28163, 45.43857], [-76.28169, 45.43866], [-76.28183, 45.43879], [-76.282, 45.43893], [-76.28219, 45.43902], [-76.28241, 45.43903], [-76.28264, 45.439], [-76.2831, 45.43886], [-76.28331, 45.4388], [-76.28358, 45.43877], [-76.28379, 45.43879], [-76.28399, 45.43883], [-76.28417, 45.43887], [-76.28435, 45.43893], [-76.2844, 45.43896], [-76.28447, 45.43901], [-76.28451, 45.43908], [-76.2846, 45.43911], [-76.28461, 45.43902], [-76.2847, 45.43893], [-76.28468, 45.43886], [-76.28463, 45.43887], [-76.28467, 45.43881], [-76.28475, 45.4388], [-76.28476, 45.43881], [-76.28483, 45.43894], [-76.28484, 45.43902], [-76.28493, 45.43908], [-76.28493, 45.43915], [-76.28505, 45.43918], [-76.28518, 45.43916], [-76.28515, 45.43921], [-76.2851, 45.43926], [-76.28509, 45.43933], [-76.28503, 45.43945], [-76.28499, 45.43952], [-76.28483, 45.43951], [-76.28461, 45.43944], [-76.28443, 45.43935], [-76.2843, 45.43929], [-76.28422, 45.43933], [-76.28416, 45.43942], [-76.28423, 45.43952], [-76.28433, 45.43963], [-76.28442, 45.43972], [-76.28445, 45.43983], [-76.2844, 45.43989], [-76.2844, 45.43997], [-76.28438, 45.44003], [-76.28441, 45.44009], [-76.28452, 45.44014], [-76.28464, 45.44024], [-76.28479, 45.44028], [-76.28493, 45.44027], [-76.28507, 45.4402], [-76.28516, 45.44013], [-76.28522, 45.43994], [-76.28534, 45.43981], [-76.28548, 45.43977], [-76.28557, 45.43967], [-76.28565, 45.4395], [-76.28582, 45.43932], [-76.28598, 45.43916], [-76.28626, 45.43903], [-76.28632, 45.43896], [-76.28654, 45.43883], [-76.28692, 45.43869], [-76.28697, 45.43868], [-76.28701, 45.43864], [-76.28711, 45.43862], [-76.28715, 45.43861], [-76.28716, 45.43863], [-76.28732, 45.43865], [-76.28745, 45.43867], [-76.2876, 45.43863], [-76.28771, 45.43859], [-76.28786, 45.43859], [-76.28792, 45.43859], [-76.28804, 45.43856], [-76.28806, 45.43853], [-76.28824, 45.43846], [-76.28814, 45.43836], [-76.28832, 45.43823], [-76.28837, 45.43807], [-76.28854, 45.43803], [-76.28859, 45.4381], [-76.2886, 45.4381], [-76.28868, 45.43814], [-76.28878, 45.43813], [-76.28885, 45.43811], [-76.28887, 45.43801], [-76.28896, 45.43795], [-76.28905, 45.43791], [-76.28916, 45.43784], [-76.28926, 45.43781], [-76.28935, 45.43784], [-76.28947, 45.43784], [-76.28957, 45.43778], [-76.28962, 45.43782], [-76.28969, 45.43784], [-76.28977, 45.43779], [-76.2899, 45.43773], [-76.28998, 45.43767], [-76.28997, 45.43757], [-76.2899, 45.43749], [-76.28979, 45.43741], [-76.28978, 45.43733], [-76.28989, 45.43725], [-76.28999, 45.43726], [-76.29001, 45.43727], [-76.29001, 45.4373], [-76.2901, 45.43731], [-76.29021, 45.4373], [-76.29026, 45.43729], [-76.2903, 45.43728], [-76.29035, 45.43723], [-76.29049, 45.43715], [-76.29062, 45.43715], [-76.29066, 45.43721], [-76.29073, 45.43728], [-76.29094, 45.43728], [-76.29113, 45.43727], [-76.29127, 45.43726], [-76.2914, 45.43727], [-76.29156, 45.43724], [-76.29172, 45.43726], [-76.29185, 45.43726], [-76.29199, 45.43724], [-76.29205, 45.43723], [-76.2922, 45.4372], [-76.29227, 45.43713], [-76.2923, 45.43705], [-76.29233, 45.43697], [-76.29223, 45.43688], [-76.29216, 45.4368], [-76.29218, 45.43671], [-76.29224, 45.43663], [-76.29232, 45.43655], [-76.29238, 45.43645], [-76.29244, 45.43637], [-76.2925, 45.43631], [-76.29253, 45.4363], [-76.29259, 45.43628], [-76.29274, 45.43623], [-76.29288, 45.43616], [-76.29303, 45.43609], [-76.2932, 45.43601], [-76.29322, 45.43593], [-76.29308, 45.43582], [-76.29308, 45.43582], [-76.29307, 45.43581], [-76.29307, 45.43581], [-76.29295, 45.4357], [-76.29295, 45.43555], [-76.29314, 45.43542], [-76.2935, 45.43522], [-76.29378, 45.43535], [-76.29378, 45.43535], [-76.2938, 45.43536], [-76.29385, 45.43538], [-76.29385, 45.43539], [-76.29385, 45.43539], [-76.29392, 45.43557], [-76.29403, 45.43563], [-76.29419, 45.43566], [-76.29426, 45.43563], [-76.29432, 45.4356], [-76.29443, 45.43569], [-76.29457, 45.43577], [-76.29477, 45.43587], [-76.29493, 45.4359], [-76.29507, 45.43587], [-76.29524, 45.43581], [-76.29542, 45.43581], [-76.29562, 45.43583], [-76.29582, 45.43584], [-76.29597, 45.4358], [-76.29615, 45.43576], [-76.29629, 45.43576], [-76.29639, 45.43581], [-76.29645, 45.43583], [-76.29642, 45.43588], [-76.29644, 45.43591], [-76.2965, 45.43593], [-76.29663, 45.43587], [-76.29683, 45.43583], [-76.29698, 45.43589], [-76.29715, 45.43594], [-76.29724, 45.43593], [-76.29734, 45.43585], [-76.29737, 45.43578], [-76.29737, 45.43577], [-76.29749, 45.43568], [-76.29769, 45.43561], [-76.29784, 45.43558], [-76.29805, 45.4356], [-76.29821, 45.43565], [-76.29821, 45.43565], [-76.29823, 45.43566], [-76.29837, 45.43571], [-76.29842, 45.4358], [-76.29844, 45.43595], [-76.2984, 45.43605], [-76.29842, 45.43614], [-76.29851, 45.43626], [-76.29865, 45.43638], [-76.29875, 45.43648], [-76.29886, 45.43658], [-76.29901, 45.43666], [-76.29915, 45.43676], [-76.29932, 45.43684], [-76.29948, 45.43687], [-76.29974, 45.43693], [-76.29993, 45.43697], [-76.30014, 45.43697], [-76.30027, 45.43702], [-76.30042, 45.43711], [-76.30062, 45.43717], [-76.30083, 45.4372], [-76.30102, 45.43719], [-76.30122, 45.43724], [-76.30142, 45.43727], [-76.30164, 45.43729], [-76.30178, 45.43732], [-76.30197, 45.43735], [-76.30214, 45.43735], [-76.30208, 45.43739], [-76.30195, 45.43745], [-76.30194, 45.43752], [-76.30207, 45.43753], [-76.30223, 45.4375], [-76.30246, 45.43755], [-76.30259, 45.43763], [-76.30279, 45.43769], [-76.30295, 45.43772], [-76.30308, 45.4377], [-76.30325, 45.43775], [-76.30333, 45.43784], [-76.30343, 45.43792], [-76.30355, 45.43799], [-76.30366, 45.43801], [-76.30379, 45.43795], [-76.30393, 45.43785], [-76.304, 45.43775], [-76.30391, 45.43769], [-76.30376, 45.43761], [-76.30351, 45.43762], [-76.3035, 45.43752], [-76.30355, 45.43747], [-76.30372, 45.4375], [-76.30392, 45.43751], [-76.3041, 45.43754], [-76.30433, 45.43752], [-76.30451, 45.43753], [-76.30462, 45.43749], [-76.30476, 45.43743], [-76.30497, 45.43742], [-76.30511, 45.43746], [-76.30528, 45.43745], [-76.30542, 45.4374], [-76.30557, 45.43736], [-76.30559, 45.43737], [-76.30573, 45.43738], [-76.30593, 45.43736], [-76.30612, 45.4373], [-76.30624, 45.43722], [-76.30638, 45.43712], [-76.30655, 45.43708], [-76.30672, 45.43702], [-76.30694, 45.43698], [-76.30713, 45.43692], [-76.30728, 45.43685], [-76.3075, 45.43684], [-76.3077, 45.43684], [-76.30788, 45.43686], [-76.30797, 45.43694], [-76.30796, 45.43704], [-76.3079, 45.43712], [-76.30772, 45.43719], [-76.30759, 45.43726], [-76.3074, 45.43732], [-76.30723, 45.43736], [-76.3071, 45.43737], [-76.30704, 45.43729], [-76.30689, 45.43725], [-76.30677, 45.43727], [-76.30667, 45.43736], [-76.30664, 45.43745], [-76.30667, 45.43754], [-76.30665, 45.43766], [-76.3066, 45.43773], [-76.30668, 45.43778], [-76.30674, 45.43787], [-76.30682, 45.43788], [-76.30692, 45.4379], [-76.30704, 45.43794], [-76.30693, 45.43801], [-76.30677, 45.43806], [-76.30658, 45.43813], [-76.30644, 45.4382], [-76.30632, 45.43824], [-76.30629, 45.43816], [-76.30629, 45.43804], [-76.30621, 45.43801], [-76.30608, 45.43802], [-76.3059, 45.43804], [-76.30575, 45.43804], [-76.30565, 45.4381], [-76.30569, 45.43816], [-76.30575, 45.4382], [-76.3057, 45.4383], [-76.3056, 45.43835], [-76.3055, 45.43837], [-76.30554, 45.4384], [-76.30568, 45.43844], [-76.30575, 45.43844], [-76.30582, 45.43837], [-76.30596, 45.43834], [-76.30606, 45.4384], [-76.30612, 45.4385], [-76.30615, 45.43861], [-76.30621, 45.43873], [-76.30639, 45.43876], [-76.30656, 45.4388], [-76.30671, 45.43882], [-76.30691, 45.43886], [-76.30707, 45.43887], [-76.30719, 45.43877], [-76.30727, 45.43865], [-76.30737, 45.43857], [-76.30753, 45.43861], [-76.30772, 45.43869], [-76.30791, 45.43873], [-76.30808, 45.43869], [-76.30837, 45.43869], [-76.30863, 45.43866], [-76.30882, 45.43861], [-76.30901, 45.43858], [-76.30914, 45.4385], [-76.30913, 45.43842], [-76.30906, 45.43836], [-76.30896, 45.43829], [-76.30881, 45.43824], [-76.30862, 45.43821], [-76.30841, 45.43818], [-76.30823, 45.43817], [-76.30818, 45.43809], [-76.30822, 45.43801], [-76.30832, 45.43789], [-76.30825, 45.43776], [-76.30811, 45.43766], [-76.30807, 45.43756], [-76.30813, 45.43748], [-76.30828, 45.43753], [-76.30843, 45.43764], [-76.30862, 45.43771], [-76.30881, 45.43781], [-76.30907, 45.43794], [-76.30917, 45.43798], [-76.30933, 45.43805], [-76.30954, 45.43809], [-76.30968, 45.43816], [-76.30986, 45.43818], [-76.31005, 45.43819], [-76.31025, 45.43821], [-76.31042, 45.43824], [-76.31059, 45.43818], [-76.31066, 45.43812], [-76.3107, 45.43806], [-76.31062, 45.43798], [-76.31064, 45.43786], [-76.31076, 45.43778], [-76.31091, 45.43777], [-76.31106, 45.43784], [-76.31121, 45.43792], [-76.31141, 45.43799], [-76.31146, 45.43801], [-76.31159, 45.43807], [-76.31203, 45.43819], [-76.31226, 45.43822], [-76.31244, 45.43825], [-76.31266, 45.43829], [-76.31281, 45.43829], [-76.31299, 45.43825], [-76.31317, 45.4382], [-76.31333, 45.43813], [-76.31347, 45.43811], [-76.31359, 45.43808], [-76.31356, 45.43798], [-76.31344, 45.43792], [-76.31326, 45.4379], [-76.3131, 45.43784], [-76.31292, 45.43776], [-76.31282, 45.43767], [-76.3129, 45.43758], [-76.31291, 45.4375], [-76.31288, 45.43742], [-76.31278, 45.43737], [-76.31279, 45.43728], [-76.31286, 45.43719], [-76.313, 45.43711], [-76.31317, 45.43706], [-76.31332, 45.43712], [-76.3135, 45.43719], [-76.31368, 45.43725], [-76.31384, 45.43723], [-76.31399, 45.43716], [-76.31413, 45.43711], [-76.31423, 45.43703], [-76.31422, 45.43701], [-76.31404, 45.43698], [-76.31383, 45.43694], [-76.31344, 45.43685], [-76.3133, 45.43679], [-76.31324, 45.43678], [-76.31315, 45.43669], [-76.31304, 45.43662], [-76.31303, 45.43652], [-76.31303, 45.43641], [-76.31304, 45.43642], [-76.3131, 45.43645], [-76.31323, 45.43644], [-76.31333, 45.43638], [-76.31343, 45.43628], [-76.31354, 45.43614], [-76.31368, 45.43602], [-76.31381, 45.43595], [-76.31397, 45.43599], [-76.31415, 45.43595], [-76.31427, 45.43586], [-76.31445, 45.43575], [-76.31467, 45.43562], [-76.31487, 45.43552], [-76.3151, 45.43546], [-76.31527, 45.43549], [-76.31527, 45.43557], [-76.3153, 45.43564], [-76.31536, 45.43571], [-76.31554, 45.43567], [-76.31568, 45.43577], [-76.31577, 45.43577], [-76.31578, 45.43567], [-76.31587, 45.43565], [-76.31605, 45.4357], [-76.31632, 45.43575], [-76.31653, 45.43571], [-76.3167, 45.43564], [-76.3169, 45.43571], [-76.31717, 45.4358], [-76.31738, 45.43585], [-76.31763, 45.43582], [-76.31792, 45.43577], [-76.31817, 45.43573], [-76.3184, 45.43569], [-76.31867, 45.43565], [-76.31888, 45.43562], [-76.31914, 45.43557], [-76.31927, 45.43548], [-76.31915, 45.43539], [-76.31903, 45.43548], [-76.31864, 45.43557], [-76.31867, 45.43549], [-76.31878, 45.43536], [-76.31894, 45.43525], [-76.31918, 45.43517], [-76.31944, 45.43508], [-76.31966, 45.43509], [-76.31983, 45.43503], [-76.31984, 45.43489], [-76.31969, 45.43484], [-76.3195, 45.43496], [-76.31931, 45.43495], [-76.31942, 45.43491], [-76.31951, 45.4348], [-76.31952, 45.43469], [-76.31975, 45.43463], [-76.31989, 45.43467], [-76.31999, 45.43471], [-76.32022, 45.43472], [-76.32038, 45.43487], [-76.32042, 45.43496], [-76.32059, 45.43493], [-76.3208, 45.43485], [-76.32106, 45.4348], [-76.32132, 45.43483], [-76.32158, 45.43486], [-76.32179, 45.43494], [-76.32199, 45.43491], [-76.3222, 45.43497], [-76.3224, 45.43504], [-76.32257, 45.43496], [-76.32257, 45.43486], [-76.3229, 45.43485], [-76.32294, 45.43486], [-76.32291, 45.43487], [-76.3228, 45.4349], [-76.32266, 45.435], [-76.32247, 45.4351], [-76.32229, 45.43515], [-76.3221, 45.43509], [-76.32196, 45.43516], [-76.32184, 45.43514], [-76.32164, 45.43507], [-76.32142, 45.43506], [-76.32115, 45.43509], [-76.32092, 45.43512], [-76.32072, 45.43514], [-76.32048, 45.43514], [-76.32032, 45.43521], [-76.3202, 45.43532], [-76.3201, 45.43542], [-76.31993, 45.4355], [-76.31983, 45.43559], [-76.31982, 45.43569], [-76.31988, 45.43582], [-76.31984, 45.43593], [-76.31984, 45.43595], [-76.31983, 45.43604], [-76.31997, 45.43609], [-76.32017, 45.43615], [-76.3204, 45.43611], [-76.3206, 45.43609], [-76.32086, 45.43616], [-76.32108, 45.43625], [-76.32131, 45.43637], [-76.32153, 45.43649], [-76.3217, 45.43659], [-76.32187, 45.43671], [-76.32201, 45.43685], [-76.32218, 45.43699], [-76.32232, 45.43711], [-76.32242, 45.43723], [-76.32247, 45.43736], [-76.32251, 45.43751], [-76.32249, 45.43759], [-76.32241, 45.43761], [-76.32238, 45.43775], [-76.32219, 45.43784], [-76.32215, 45.43787], [-76.32219, 45.43791], [-76.32215, 45.43795], [-76.32205, 45.43801], [-76.32199, 45.43807], [-76.32198, 45.43813], [-76.32197, 45.43818], [-76.32197, 45.43839], [-76.32204, 45.43842], [-76.32215, 45.43852], [-76.32224, 45.43862], [-76.32237, 45.43869], [-76.32246, 45.43872], [-76.32253, 45.43875], [-76.32271, 45.43879], [-76.32282, 45.43882], [-76.32307, 45.43882], [-76.32327, 45.43884], [-76.32345, 45.43884], [-76.3236, 45.43883], [-76.32366, 45.43881], [-76.32367, 45.43875], [-76.32372, 45.43875], [-76.32371, 45.4388], [-76.32376, 45.43881], [-76.32378, 45.43876], [-76.32382, 45.43871], [-76.32388, 45.43877], [-76.32393, 45.43873], [-76.32401, 45.4387], [-76.324, 45.43873], [-76.32415, 45.43875], [-76.32416, 45.43871], [-76.3242, 45.43871], [-76.32419, 45.43876], [-76.32433, 45.43877], [-76.32434, 45.43878], [-76.32444, 45.43881], [-76.3246, 45.43886], [-76.3248, 45.43891], [-76.32495, 45.43894], [-76.32505, 45.43895], [-76.32509, 45.43893], [-76.3251, 45.43897], [-76.32514, 45.43896], [-76.32526, 45.43895], [-76.32523, 45.43893], [-76.32519, 45.43889], [-76.32519, 45.43886], [-76.32532, 45.43886], [-76.32547, 45.43885], [-76.32547, 45.4388], [-76.32571, 45.43879], [-76.32571, 45.43874], [-76.32576, 45.43874], [-76.32578, 45.43884], [-76.32613, 45.43874], [-76.3262, 45.43875], [-76.32633, 45.43883], [-76.32647, 45.43887], [-76.32659, 45.4389], [-76.3267, 45.43896], [-76.32682, 45.43904], [-76.32697, 45.43909], [-76.32714, 45.43917], [-76.32732, 45.43923], [-76.32749, 45.43929], [-76.32768, 45.43934], [-76.32807, 45.43948], [-76.32828, 45.43958], [-76.32847, 45.43965], [-76.32864, 45.43974], [-76.32882, 45.43979], [-76.32895, 45.43983], [-76.32915, 45.43989], [-76.32954, 45.43999], [-76.32974, 45.44003], [-76.32996, 45.44009], [-76.33018, 45.44016], [-76.33036, 45.44024], [-76.33054, 45.44033], [-76.33071, 45.44039], [-76.33093, 45.44042], [-76.33111, 45.44045], [-76.33115, 45.44046], [-76.33139, 45.44048], [-76.33161, 45.44053], [-76.33177, 45.44059], [-76.33198, 45.44065], [-76.33219, 45.44069], [-76.33238, 45.44074], [-76.33261, 45.44075], [-76.33282, 45.44073], [-76.33305, 45.44075], [-76.33327, 45.44078], [-76.33347, 45.44082], [-76.33366, 45.44084], [-76.33383, 45.44082], [-76.33398, 45.44076], [-76.33413, 45.44068], [-76.33431, 45.44066], [-76.33449, 45.44065], [-76.33467, 45.44061], [-76.33483, 45.44058], [-76.33499, 45.44056], [-76.33519, 45.44053], [-76.33536, 45.44047], [-76.33552, 45.44041], [-76.3357, 45.44036], [-76.33589, 45.44031], [-76.33607, 45.44031], [-76.33626, 45.44035], [-76.3364, 45.44032], [-76.33644, 45.44032], [-76.33647, 45.44032], [-76.33653, 45.44032], [-76.33666, 45.44037], [-76.33682, 45.44041], [-76.33695, 45.44046], [-76.33708, 45.4405], [-76.33721, 45.44048], [-76.33734, 45.44053], [-76.33748, 45.44058], [-76.33764, 45.44063], [-76.33779, 45.44069], [-76.33796, 45.44069], [-76.33807, 45.44073], [-76.33814, 45.44076], [-76.33811, 45.44081], [-76.33813, 45.44083], [-76.33819, 45.4409], [-76.33822, 45.44093], [-76.33827, 45.44097], [-76.33834, 45.44103], [-76.33836, 45.44107], [-76.33843, 45.44106], [-76.3385, 45.44108], [-76.33864, 45.44112], [-76.33876, 45.44115], [-76.33888, 45.44118], [-76.33898, 45.4412], [-76.33915, 45.44125], [-76.3393, 45.44129], [-76.3394, 45.44134], [-76.33946, 45.44138], [-76.33952, 45.44133], [-76.33958, 45.44131], [-76.33968, 45.4413], [-76.33984, 45.44134], [-76.33995, 45.44138], [-76.34003, 45.44145], [-76.3401, 45.44151], [-76.3401, 45.44157], [-76.34004, 45.44166], [-76.33996, 45.44175], [-76.33995, 45.44184], [-76.33996, 45.44193], [-76.34001, 45.44203], [-76.34014, 45.44212], [-76.34019, 45.44215], [-76.34029, 45.44219], [-76.34038, 45.44223], [-76.34039, 45.4423], [-76.34036, 45.44236], [-76.34049, 45.4424], [-76.34075, 45.44242], [-76.34098, 45.44245], [-76.3411, 45.44242], [-76.34115, 45.44237], [-76.34122, 45.44238], [-76.34132, 45.44241], [-76.34146, 45.44242], [-76.34159, 45.4424], [-76.34171, 45.44243], [-76.34174, 45.44244], [-76.34177, 45.44248], [-76.34187, 45.44253], [-76.34202, 45.44257], [-76.34211, 45.44256], [-76.34194, 45.44245], [-76.34188, 45.44239], [-76.3419, 45.44236], [-76.34189, 45.44231], [-76.34191, 45.44227], [-76.34198, 45.44225], [-76.34211, 45.44223], [-76.34221, 45.44221], [-76.34228, 45.44227], [-76.34233, 45.44225], [-76.34234, 45.44222], [-76.34239, 45.44218], [-76.34247, 45.4422], [-76.34253, 45.44223], [-76.34262, 45.44226], [-76.3427, 45.44227], [-76.34279, 45.44229], [-76.34285, 45.44232], [-76.34293, 45.44242], [-76.343, 45.44244], [-76.34306, 45.44245], [-76.34311, 45.44249], [-76.3432, 45.44254], [-76.3433, 45.44257], [-76.34337, 45.4426], [-76.34345, 45.44261], [-76.34351, 45.44256], [-76.34356, 45.44248], [-76.34366, 45.44248], [-76.34381, 45.44254], [-76.34393, 45.44259], [-76.34408, 45.44265], [-76.34421, 45.44271], [-76.34433, 45.44275], [-76.34448, 45.44279], [-76.34462, 45.44282], [-76.34473, 45.44283], [-76.34486, 45.44283], [-76.34499, 45.44284], [-76.3451, 45.44286], [-76.34523, 45.44289], [-76.34537, 45.44293], [-76.34548, 45.44297], [-76.34559, 45.443], [-76.34572, 45.44302], [-76.34583, 45.44305], [-76.34593, 45.44306], [-76.34602, 45.44305], [-76.34611, 45.44304], [-76.34617, 45.44301], [-76.34626, 45.44302], [-76.34638, 45.44304], [-76.34644, 45.44306], [-76.34649, 45.44308], [-76.34672, 45.44313], [-76.34683, 45.44316], [-76.34693, 45.44319], [-76.34701, 45.44323], [-76.34739, 45.44336], [-76.34757, 45.44336], [-76.34766, 45.44337], [-76.34774, 45.44337], [-76.34779, 45.44334], [-76.34777, 45.44329], [-76.34771, 45.44323], [-76.3477, 45.44317], [-76.34773, 45.44313], [-76.3478, 45.44312], [-76.34787, 45.44316], [-76.34799, 45.44319], [-76.34809, 45.44323], [-76.34817, 45.44325], [-76.34826, 45.44325], [-76.34832, 45.44324], [-76.34828, 45.4432], [-76.34821, 45.44314], [-76.34812, 45.44308], [-76.34805, 45.44303], [-76.34805, 45.443], [-76.34811, 45.443], [-76.34816, 45.44301], [-76.34815, 45.44298], [-76.34809, 45.44294], [-76.34806, 45.4429], [-76.34801, 45.44286], [-76.34795, 45.4428], [-76.34788, 45.44274], [-76.34777, 45.44272], [-76.34772, 45.44267], [-76.34773, 45.44263], [-76.34776, 45.4426], [-76.34784, 45.44261], [-76.34789, 45.4426], [-76.34789, 45.44256], [-76.34783, 45.44251], [-76.34776, 45.44247], [-76.34769, 45.44243], [-76.3476, 45.44242], [-76.34754, 45.44238], [-76.34744, 45.44231], [-76.34733, 45.44224], [-76.34724, 45.44218], [-76.34719, 45.44215], [-76.34713, 45.44211], [-76.34703, 45.44205], [-76.34694, 45.44199], [-76.34685, 45.44194], [-76.34677, 45.44188], [-76.34668, 45.44181], [-76.34659, 45.44174], [-76.34647, 45.44169], [-76.34645, 45.44168], [-76.34641, 45.44165], [-76.34634, 45.44161], [-76.34622, 45.44149], [-76.34611, 45.44138], [-76.346, 45.44128], [-76.34592, 45.44119], [-76.34587, 45.44112], [-76.34586, 45.44108], [-76.34588, 45.441], [-76.3459, 45.44091], [-76.34591, 45.44085], [-76.34594, 45.44081], [-76.34603, 45.44075], [-76.34609, 45.44069], [-76.34613, 45.44061], [-76.34616, 45.44053], [-76.34621, 45.44043], [-76.34623, 45.44034], [-76.34627, 45.44025], [-76.34629, 45.44016], [-76.34628, 45.44008], [-76.34625, 45.44001], [-76.34624, 45.43992], [-76.34623, 45.43983], [-76.34628, 45.43976], [-76.3463, 45.43968], [-76.34633, 45.4396], [-76.34639, 45.43954], [-76.34644, 45.43947], [-76.34647, 45.4394], [-76.34649, 45.43931], [-76.34651, 45.43924], [-76.34654, 45.43915], [-76.34654, 45.43908], [-76.34653, 45.43901], [-76.34655, 45.43893], [-76.34657, 45.43885], [-76.34661, 45.43877], [-76.34664, 45.43869], [-76.34668, 45.43863], [-76.34669, 45.43857], [-76.34669, 45.43855], [-76.34652, 45.4385], [-76.34655, 45.43844], [-76.34673, 45.43845], [-76.34675, 45.43842], [-76.34677, 45.43833], [-76.3468, 45.43824], [-76.34682, 45.43815], [-76.34682, 45.43809], [-76.34678, 45.43804], [-76.34679, 45.438], [-76.34686, 45.43799], [-76.34687, 45.43795], [-76.34687, 45.43788], [-76.34688, 45.43778], [-76.34689, 45.43771], [-76.34687, 45.43762], [-76.34686, 45.43754], [-76.34689, 45.43745], [-76.34696, 45.43739], [-76.34704, 45.43733], [-76.34712, 45.43725], [-76.34718, 45.43718], [-76.34723, 45.4371], [-76.34727, 45.43703], [-76.34732, 45.43695], [-76.34737, 45.43686], [-76.34743, 45.43678], [-76.34749, 45.4367], [-76.34754, 45.43661], [-76.34758, 45.43653], [-76.34757, 45.43645], [-76.34753, 45.43635], [-76.34753, 45.43627], [-76.34754, 45.4362], [-76.34759, 45.43614], [-76.34763, 45.436], [-76.34763, 45.43594], [-76.34765, 45.43586], [-76.34769, 45.43579], [-76.34774, 45.43573], [-76.3478, 45.43571], [-76.34785, 45.43567], [-76.34791, 45.43563], [-76.34794, 45.4356], [-76.34794, 45.43555], [-76.34791, 45.43553], [-76.34796, 45.43552], [-76.34798, 45.43547], [-76.34797, 45.43504], [-76.34799, 45.435], [-76.34802, 45.43495], [-76.34836, 45.43448], [-76.34834, 45.43431], [-76.34844, 45.43427], [-76.34888, 45.43388], [-76.34887, 45.43365], [-76.34884, 45.43361], [-76.34876, 45.43354], [-76.34869, 45.43345], [-76.34865, 45.43339], [-76.34864, 45.43334], [-76.34866, 45.4333], [-76.34863, 45.43324], [-76.34859, 45.43317], [-76.34853, 45.4331], [-76.34846, 45.43304], [-76.34836, 45.43301], [-76.34828, 45.43296], [-76.34824, 45.43287], [-76.34819, 45.43281], [-76.3481, 45.43279], [-76.34797, 45.43275], [-76.34787, 45.4327], [-76.34783, 45.43264], [-76.34784, 45.43259], [-76.34792, 45.43257], [-76.34811, 45.43257], [-76.34818, 45.43258], [-76.3482, 45.43261], [-76.34819, 45.43269], [-76.34823, 45.43273], [-76.34832, 45.43274], [-76.34843, 45.43271], [-76.34853, 45.43266], [-76.34859, 45.4326], [-76.34863, 45.43253], [-76.34865, 45.43243], [-76.3487, 45.43237], [-76.34869, 45.43231], [-76.34866, 45.43228], [-76.34861, 45.43223], [-76.34856, 45.43218], [-76.34848, 45.43212], [-76.34843, 45.43208], [-76.34841, 45.43201], [-76.34838, 45.43181], [-76.34842, 45.43172], [-76.34848, 45.43169], [-76.34857, 45.43167], [-76.34866, 45.43169], [-76.34873, 45.43171], [-76.34877, 45.43174], [-76.34878, 45.43176], [-76.34875, 45.43178], [-76.3487, 45.43177], [-76.34868, 45.43178], [-76.34865, 45.43181], [-76.34859, 45.43185], [-76.34862, 45.43191], [-76.34857, 45.432], [-76.34853, 45.43203], [-76.34852, 45.43204], [-76.34852, 45.43208], [-76.34853, 45.4321], [-76.34856, 45.43211], [-76.3486, 45.43213], [-76.34867, 45.4322], [-76.34873, 45.43224], [-76.34878, 45.43228], [-76.34882, 45.43233], [-76.34887, 45.43237], [-76.34896, 45.43242], [-76.34905, 45.43245], [-76.34914, 45.43248], [-76.34924, 45.4325], [-76.34931, 45.43251], [-76.3494, 45.43249], [-76.34947, 45.43246], [-76.34955, 45.43243], [-76.34961, 45.43238], [-76.34967, 45.43233], [-76.34972, 45.43227], [-76.34975, 45.43222], [-76.34976, 45.43216], [-76.34976, 45.4321], [-76.34974, 45.43206], [-76.34973, 45.43204], [-76.34969, 45.43202], [-76.34964, 45.43201], [-76.3496, 45.43198], [-76.34955, 45.43197], [-76.34947, 45.43197], [-76.34941, 45.43196], [-76.34937, 45.43194], [-76.34942, 45.43192], [-76.3495, 45.43191], [-76.34956, 45.4319], [-76.34959, 45.43186], [-76.34958, 45.43172], [-76.34957, 45.43169], [-76.34959, 45.43165], [-76.34962, 45.43161], [-76.34962, 45.43156], [-76.3496, 45.4315], [-76.3496, 45.43145], [-76.34961, 45.43139], [-76.34957, 45.4313], [-76.34955, 45.43126], [-76.34948, 45.43122], [-76.34943, 45.43119], [-76.34938, 45.43114], [-76.34934, 45.43111], [-76.34929, 45.4311], [-76.34924, 45.43111], [-76.34916, 45.43108], [-76.34907, 45.43105], [-76.349, 45.43102], [-76.34895, 45.43098], [-76.34892, 45.43087], [-76.34893, 45.43082], [-76.34896, 45.43079], [-76.34901, 45.43077], [-76.34907, 45.43079], [-76.34916, 45.4308], [-76.34936, 45.43083], [-76.3494, 45.43083], [-76.34944, 45.43075], [-76.34944, 45.43042], [-76.34941, 45.43037], [-76.34938, 45.43033], [-76.34932, 45.4303], [-76.34927, 45.43026], [-76.34923, 45.43022], [-76.34921, 45.43016], [-76.3492, 45.43012], [-76.34919, 45.43009], [-76.34915, 45.43007], [-76.34911, 45.43008], [-76.34906, 45.43008], [-76.34902, 45.43006], [-76.34906, 45.43003], [-76.34915, 45.43001], [-76.34921, 45.42998], [-76.34926, 45.42995], [-76.3493, 45.42991], [-76.34937, 45.42991], [-76.34944, 45.42994], [-76.34949, 45.42995], [-76.34954, 45.42993], [-76.34958, 45.42988], [-76.34963, 45.42983], [-76.34971, 45.4297], [-76.34978, 45.42963], [-76.34986, 45.42958], [-76.34994, 45.42953], [-76.35014, 45.42944], [-76.35024, 45.42941], [-76.35026, 45.4294], [-76.35046, 45.42937], [-76.35049, 45.42936]]]}}, {"type": "Feature", "properties": {"id": "on-cgp-901452206", "name": "Pembroke Crown Game Preserve", "hunting_allowed": false, "basis": "fwca_s9"}, "geometry": {"type": "Polygon", "coordinates": [[[-77.22975, 45.88839], [-77.22975, 45.88841], [-77.22976, 45.8885], [-77.22972, 45.88856], [-77.22972, 45.88856], [-77.22969, 45.8886], [-77.22966, 45.88867], [-77.22965, 45.88875], [-77.22962, 45.88891], [-77.22949, 45.88903], [-77.22942, 45.88905], [-77.22931, 45.88913], [-77.22925, 45.88915], [-77.22925, 45.88916], [-77.22931, 45.88915], [-77.22957, 45.88914], [-77.22959, 45.88915], [-77.2297, 45.88923], [-77.22977, 45.88931], [-77.22984, 45.88939], [-77.22982, 45.88944], [-77.22982, 45.88944], [-77.2298, 45.88951], [-77.22978, 45.88955], [-77.22976, 45.88958], [-77.22973, 45.88963], [-77.22957, 45.88978], [-77.22957, 45.88979], [-77.22957, 45.88979], [-77.22955, 45.88985], [-77.22954, 45.8899], [-77.22951, 45.88998], [-77.22951, 45.89], [-77.22951, 45.89004], [-77.2296, 45.89011], [-77.22969, 45.89024], [-77.22973, 45.8903], [-77.2298, 45.89032], [-77.22985, 45.89034], [-77.22994, 45.89039], [-77.23018, 45.89052], [-77.23035, 45.89046], [-77.23048, 45.89042], [-77.23079, 45.89034], [-77.23092, 45.89041], [-77.23092, 45.89041], [-77.23094, 45.89042], [-77.231, 45.89045], [-77.23102, 45.89045], [-77.23104, 45.89045], [-77.23105, 45.89045], [-77.23113, 45.89045], [-77.2313, 45.89049], [-77.23151, 45.89058], [-77.23171, 45.89082], [-77.23161, 45.8912], [-77.23186, 45.89114], [-77.23188, 45.89114], [-77.23212, 45.89113], [-77.23234, 45.89122], [-77.23242, 45.89138], [-77.23235, 45.89148], [-77.23236, 45.89149], [-77.23238, 45.8915], [-77.23242, 45.89152], [-77.23248, 45.89158], [-77.23263, 45.89166], [-77.23273, 45.89169], [-77.23283, 45.89173], [-77.23292, 45.89176], [-77.23298, 45.89182], [-77.23301, 45.89184], [-77.23301, 45.89184], [-77.23302, 45.89185], [-77.23316, 45.89191], [-77.23317, 45.89191], [-77.23327, 45.892], [-77.23333, 45.89206], [-77.23339, 45.89209], [-77.23341, 45.8921], [-77.23343, 45.89209], [-77.23344, 45.89208], [-77.23346, 45.89203], [-77.23347, 45.892], [-77.23365, 45.89193], [-77.23378, 45.89188], [-77.23397, 45.89201], [-77.23408, 45.89213], [-77.23408, 45.8922], [-77.23411, 45.89221], [-77.23417, 45.89223], [-77.23429, 45.89232], [-77.23439, 45.89241], [-77.23446, 45.89249], [-77.23448, 45.89251], [-77.23457, 45.89262], [-77.23457, 45.89262], [-77.2346, 45.89266], [-77.23465, 45.89272], [-77.23469, 45.89278], [-77.23471, 45.89282], [-77.23473, 45.89284], [-77.23475, 45.89287], [-77.23478, 45.89291], [-77.23481, 45.89295], [-77.23483, 45.89297], [-77.2349, 45.89302], [-77.23501, 45.89311], [-77.2351, 45.89326], [-77.2351, 45.8933], [-77.23511, 45.89337], [-77.23508, 45.89349], [-77.23504, 45.8936], [-77.23499, 45.89372], [-77.23495, 45.89379], [-77.23494, 45.89381], [-77.2349, 45.8939], [-77.23487, 45.89398], [-77.23488, 45.89407], [-77.23488, 45.89407], [-77.23485, 45.89421], [-77.23478, 45.8943], [-77.23479, 45.8943], [-77.23497, 45.89436], [-77.23511, 45.89446], [-77.23524, 45.89457], [-77.23524, 45.89457], [-77.23524, 45.89458], [-77.23527, 45.89457], [-77.23533, 45.89456], [-77.23535, 45.89455], [-77.23539, 45.89454], [-77.23546, 45.89451], [-77.23568, 45.8944], [-77.23587, 45.89444], [-77.2359, 45.89446], [-77.23594, 45.89448], [-77.23599, 45.89448], [-77.23604, 45.89449], [-77.25018, 45.89065], [-77.24903, 45.88857], [-77.24829, 45.88725], [-77.24646, 45.88384], [-77.22975, 45.88839]]]}}, {"type": "Feature", "properties": {"id": "on-cgp-54331178", "name": "Peterborough Crown Game Preserve", "hunting_allowed": false, "basis": "fwca_s9"}, "geometry": {"type": "Polygon", "coordinates": [[[-77.97474, 44.63391], [-77.97463, 44.63399], [-77.97421, 44.6342], [-77.97413, 44.63424], [-77.97338, 44.6346], [-77.97336, 44.63483], [-77.97339, 44.63491], [-77.97347, 44.63496], [-77.97357, 44.63499], [-77.97369, 44.63502], [-77.97378, 44.63506], [-77.97386, 44.6351], [-77.97395, 44.63514], [-77.97395, 44.63514], [-77.97403, 44.63518], [-77.9741, 44.63522], [-77.97412, 44.63524], [-77.97417, 44.63529], [-77.97425, 44.63533], [-77.9744, 44.63541], [-77.97445, 44.63547], [-77.97447, 44.63552], [-77.97461, 44.63562], [-77.97468, 44.63567], [-77.97476, 44.63568], [-77.97489, 44.63564], [-77.975, 44.6356], [-77.97512, 44.63558], [-77.97511, 44.63558], [-77.97516, 44.63569], [-77.97515, 44.63579], [-77.9751, 44.63586], [-77.97501, 44.63591], [-77.97495, 44.63594], [-77.97492, 44.63606], [-77.97491, 44.63619], [-77.97486, 44.63628], [-77.97484, 44.63638], [-77.97487, 44.63656], [-77.97496, 44.63657], [-77.97497, 44.63667], [-77.97495, 44.63674], [-77.975, 44.63681], [-77.97505, 44.63691], [-77.97502, 44.63702], [-77.97498, 44.63716], [-77.97504, 44.63728], [-77.97508, 44.63735], [-77.97513, 44.63739], [-77.97521, 44.63738], [-77.97526, 44.63739], [-77.97531, 44.63745], [-77.97534, 44.63747], [-77.97539, 44.63748], [-77.97543, 44.63756], [-77.97539, 44.63779], [-77.97536, 44.63786], [-77.97526, 44.63798], [-77.97517, 44.63811], [-77.975, 44.63825], [-77.97498, 44.63827], [-77.97488, 44.6384], [-77.97479, 44.63853], [-77.97472, 44.63866], [-77.97471, 44.63878], [-77.97473, 44.63885], [-77.97466, 44.63893], [-77.97465, 44.639], [-77.97473, 44.63901], [-77.97481, 44.63894], [-77.97486, 44.63887], [-77.97492, 44.6388], [-77.97499, 44.63879], [-77.97503, 44.63883], [-77.97497, 44.63892], [-77.97492, 44.63903], [-77.97496, 44.63905], [-77.97511, 44.63909], [-77.9753, 44.63912], [-77.97545, 44.63919], [-77.97557, 44.63924], [-77.97567, 44.63927], [-77.97576, 44.63931], [-77.97591, 44.63927], [-77.97604, 44.63929], [-77.97615, 44.63929], [-77.9762, 44.63925], [-77.97625, 44.63913], [-77.9763, 44.63894], [-77.97643, 44.63877], [-77.97658, 44.6386], [-77.97676, 44.63843], [-77.97692, 44.63825], [-77.97701, 44.63806], [-77.97705, 44.63786], [-77.97705, 44.63772], [-77.97706, 44.63759], [-77.977, 44.63748], [-77.9769, 44.63745], [-77.97685, 44.63746], [-77.97675, 44.63747], [-77.97663, 44.63745], [-77.97669, 44.63733], [-77.97675, 44.63726], [-77.9768, 44.6372], [-77.97691, 44.63708], [-77.977, 44.63696], [-77.97711, 44.63688], [-77.97724, 44.63683], [-77.97737, 44.63678], [-77.97753, 44.63678], [-77.97757, 44.6368], [-77.97758, 44.63689], [-77.97762, 44.63697], [-77.97769, 44.63699], [-77.97777, 44.63695], [-77.97782, 44.63691], [-77.97786, 44.63681], [-77.97797, 44.63666], [-77.97809, 44.63657], [-77.97817, 44.63651], [-77.97822, 44.63637], [-77.97827, 44.63626], [-77.97835, 44.63618], [-77.97847, 44.63613], [-77.97859, 44.63609], [-77.97865, 44.63609], [-77.97869, 44.63615], [-77.97862, 44.63624], [-77.97856, 44.63626], [-77.97849, 44.6363], [-77.97848, 44.6363], [-77.9784, 44.63633], [-77.97834, 44.63636], [-77.97828, 44.63644], [-77.97829, 44.63653], [-77.97829, 44.63669], [-77.97828, 44.63679], [-77.97823, 44.63686], [-77.97817, 44.63694], [-77.97813, 44.63704], [-77.97807, 44.63715], [-77.978, 44.6373], [-77.97793, 44.63744], [-77.9779, 44.63752], [-77.97782, 44.63761], [-77.97773, 44.63773], [-77.9777, 44.63783], [-77.97773, 44.6379], [-77.97781, 44.63792], [-77.97789, 44.63792], [-77.97792, 44.63794], [-77.97796, 44.63802], [-77.97801, 44.63806], [-77.97809, 44.63807], [-77.97817, 44.63805], [-77.97821, 44.63801], [-77.97825, 44.63797], [-77.9783, 44.63793], [-77.97837, 44.63792], [-77.97841, 44.63791], [-77.97845, 44.63794], [-77.97846, 44.638], [-77.97845, 44.6381], [-77.9784, 44.63817], [-77.97834, 44.63823], [-77.97824, 44.63829], [-77.97822, 44.63831], [-77.97806, 44.63839], [-77.97788, 44.6385], [-77.97781, 44.63853], [-77.97772, 44.63856], [-77.97763, 44.63861], [-77.9776, 44.63865], [-77.97757, 44.63869], [-77.9775, 44.63878], [-77.97745, 44.63884], [-77.9773, 44.63899], [-77.97727, 44.63902], [-77.97718, 44.63911], [-77.97708, 44.63922], [-77.97702, 44.63934], [-77.97698, 44.63948], [-77.97693, 44.63958], [-77.9769, 44.63972], [-77.97689, 44.63983], [-77.97694, 44.6399], [-77.97699, 44.63993], [-77.97708, 44.63992], [-77.97717, 44.6399], [-77.97722, 44.63996], [-77.97711, 44.64022], [-77.97708, 44.64025], [-77.97697, 44.64034], [-77.97694, 44.64038], [-77.9769, 44.6404], [-77.97682, 44.64044], [-77.97656, 44.64043], [-77.97605, 44.64046], [-77.97585, 44.6405], [-77.97569, 44.64056], [-77.97556, 44.64061], [-77.97547, 44.64065], [-77.97545, 44.64066], [-77.97537, 44.64065], [-77.97528, 44.64058], [-77.97525, 44.64048], [-77.97518, 44.64041], [-77.97501, 44.64043], [-77.97495, 44.64046], [-77.97486, 44.64049], [-77.97479, 44.64054], [-77.97472, 44.64061], [-77.97467, 44.64068], [-77.97465, 44.64077], [-77.97463, 44.64086], [-77.9746, 44.64107], [-77.97453, 44.64112], [-77.97444, 44.64117], [-77.97441, 44.6412], [-77.97437, 44.64123], [-77.97432, 44.64131], [-77.97426, 44.64137], [-77.97419, 44.64143], [-77.97412, 44.64149], [-77.97402, 44.64155], [-77.97393, 44.64162], [-77.97384, 44.64168], [-77.97374, 44.64177], [-77.97367, 44.64185], [-77.97361, 44.64193], [-77.97357, 44.64202], [-77.97354, 44.64212], [-77.97359, 44.64222], [-77.97367, 44.64227], [-77.97373, 44.64233], [-77.97372, 44.64254], [-77.9737, 44.64259], [-77.97366, 44.64266], [-77.97363, 44.64275], [-77.9736, 44.64282], [-77.97357, 44.643], [-77.97353, 44.64309], [-77.97349, 44.6432], [-77.97344, 44.6433], [-77.97338, 44.64339], [-77.97332, 44.64348], [-77.97327, 44.64357], [-77.97323, 44.64367], [-77.97328, 44.64388], [-77.97334, 44.64394], [-77.97369, 44.6439], [-77.97377, 44.64384], [-77.97383, 44.64377], [-77.9739, 44.64367], [-77.97395, 44.64359], [-77.97399, 44.64352], [-77.97405, 44.64349], [-77.97409, 44.64352], [-77.97407, 44.64379], [-77.97404, 44.64388], [-77.97408, 44.64395], [-77.97415, 44.64403], [-77.97419, 44.64436], [-77.97425, 44.64441], [-77.97439, 44.64441], [-77.97444, 44.64442], [-77.97476, 44.64444], [-77.97482, 44.64449], [-77.97489, 44.64453], [-77.97497, 44.64457], [-77.97507, 44.64461], [-77.97518, 44.64465], [-77.97527, 44.64469], [-77.97541, 44.64471], [-77.97538, 44.64478], [-77.9753, 44.64483], [-77.97518, 44.64486], [-77.97504, 44.6449], [-77.9749, 44.64493], [-77.97476, 44.64498], [-77.97464, 44.64503], [-77.97453, 44.64508], [-77.97439, 44.64509], [-77.97434, 44.6451], [-77.97421, 44.64513], [-77.97411, 44.64518], [-77.97402, 44.64525], [-77.97396, 44.64532], [-77.97399, 44.64541], [-77.97396, 44.64567], [-77.97392, 44.64575], [-77.97396, 44.64594], [-77.97402, 44.64601], [-77.97408, 44.64606], [-77.97412, 44.6461], [-77.97409, 44.64617], [-77.97402, 44.64622], [-77.97399, 44.64625], [-77.97397, 44.64626], [-77.97389, 44.64624], [-77.9738, 44.64618], [-77.9737, 44.64614], [-77.9736, 44.64613], [-77.97345, 44.64616], [-77.97338, 44.64621], [-77.97334, 44.64629], [-77.97329, 44.64634], [-77.97323, 44.6464], [-77.97318, 44.64646], [-77.97315, 44.64661], [-77.97305, 44.64665], [-77.97296, 44.64672], [-77.97288, 44.64679], [-77.97286, 44.64687], [-77.97278, 44.64694], [-77.97269, 44.64701], [-77.97259, 44.64708], [-77.97251, 44.64716], [-77.97243, 44.64725], [-77.97238, 44.64735], [-77.97235, 44.64745], [-77.97231, 44.64754], [-77.97226, 44.64763], [-77.97218, 44.6477], [-77.97207, 44.64776], [-77.97196, 44.64782], [-77.97183, 44.64788], [-77.97173, 44.64796], [-77.97161, 44.64801], [-77.97149, 44.64807], [-77.97143, 44.64808], [-77.97139, 44.64809], [-77.97133, 44.64808], [-77.97134, 44.64805], [-77.97135, 44.64786], [-77.9714, 44.64775], [-77.97142, 44.64766], [-77.97145, 44.64754], [-77.97147, 44.64743], [-77.97151, 44.64734], [-77.97147, 44.64714], [-77.97149, 44.64705], [-77.97156, 44.64696], [-77.97163, 44.64688], [-77.9717, 44.6468], [-77.97179, 44.64671], [-77.97187, 44.64662], [-77.97194, 44.64654], [-77.97202, 44.64644], [-77.97209, 44.64634], [-77.97219, 44.64624], [-77.97228, 44.64613], [-77.97236, 44.64602], [-77.97244, 44.64591], [-77.97248, 44.64582], [-77.97244, 44.64561], [-77.97235, 44.64552], [-77.97228, 44.64542], [-77.97215, 44.64534], [-77.97206, 44.64524], [-77.97195, 44.64514], [-77.97187, 44.64505], [-77.97177, 44.645], [-77.97144, 44.64504], [-77.97125, 44.64502], [-77.97121, 44.64497], [-77.97118, 44.64489], [-77.97109, 44.64491], [-77.97106, 44.64499], [-77.97097, 44.64507], [-77.97089, 44.64516], [-77.97083, 44.64525], [-77.9708, 44.64535], [-77.97071, 44.64542], [-77.97064, 44.64547], [-77.97061, 44.6455], [-77.97054, 44.64554], [-77.97038, 44.64556], [-77.97027, 44.64558], [-77.97016, 44.64561], [-77.9699, 44.6456], [-77.96993, 44.64549], [-77.97, 44.64539], [-77.97004, 44.64531], [-77.97009, 44.6452], [-77.97009, 44.645], [-77.97019, 44.64496], [-77.97037, 44.64493], [-77.97039, 44.64485], [-77.97035, 44.6446], [-77.97039, 44.64446], [-77.97041, 44.6444], [-77.97038, 44.64436], [-77.97022, 44.64439], [-77.97016, 44.64442], [-77.97011, 44.64444], [-77.96996, 44.64443], [-77.96987, 44.6444], [-77.96981, 44.64442], [-77.96953, 44.64444], [-77.9694, 44.64449], [-77.96928, 44.64452], [-77.96883, 44.64455], [-77.96877, 44.64456], [-77.96871, 44.64459], [-77.96865, 44.64461], [-77.96857, 44.64465], [-77.96847, 44.6447], [-77.96839, 44.64477], [-77.96831, 44.64485], [-77.96823, 44.64492], [-77.96812, 44.64497], [-77.968, 44.64502], [-77.96788, 44.64508], [-77.96778, 44.64515], [-77.96766, 44.64522], [-77.96757, 44.6453], [-77.96751, 44.64535], [-77.96749, 44.64538], [-77.96745, 44.6454], [-77.96737, 44.64545], [-77.96726, 44.64553], [-77.96716, 44.64563], [-77.96707, 44.64572], [-77.96697, 44.64581], [-77.96691, 44.64588], [-77.96685, 44.6459], [-77.96675, 44.64585], [-77.96662, 44.64577], [-77.96649, 44.64572], [-77.96639, 44.64566], [-77.96609, 44.64569], [-77.96595, 44.64571], [-77.96578, 44.64574], [-77.96572, 44.64572], [-77.96574, 44.64557], [-77.9657, 44.64551], [-77.96556, 44.64554], [-77.96546, 44.64555], [-77.96519, 44.64559], [-77.96506, 44.64565], [-77.96497, 44.64571], [-77.96494, 44.64574], [-77.96491, 44.64576], [-77.96485, 44.64581], [-77.96482, 44.64591], [-77.9648, 44.64598], [-77.96477, 44.64602], [-77.96472, 44.64603], [-77.96458, 44.64605], [-77.96446, 44.64608], [-77.96434, 44.64611], [-77.96401, 44.6461], [-77.9639, 44.64605], [-77.96386, 44.64602], [-77.96382, 44.64599], [-77.96384, 44.64589], [-77.9641, 44.64585], [-77.96421, 44.64581], [-77.96433, 44.64576], [-77.96445, 44.64573], [-77.96453, 44.64568], [-77.96459, 44.64561], [-77.96466, 44.64556], [-77.9647, 44.64552], [-77.96476, 44.64549], [-77.96477, 44.64517], [-77.96485, 44.6451], [-77.96495, 44.64505], [-77.96504, 44.645], [-77.96512, 44.64502], [-77.96516, 44.64513], [-77.96523, 44.64511], [-77.96532, 44.64505], [-77.96538, 44.64498], [-77.9654, 44.64491], [-77.96544, 44.64484], [-77.96563, 44.64487], [-77.96565, 44.64492], [-77.96569, 44.64494], [-77.96575, 44.64492], [-77.96579, 44.64485], [-77.96584, 44.64478], [-77.96587, 44.64471], [-77.96583, 44.64463], [-77.96566, 44.6446], [-77.96568, 44.64428], [-77.96575, 44.6442], [-77.96583, 44.64413], [-77.96591, 44.64408], [-77.96611, 44.64405], [-77.96615, 44.64396], [-77.96617, 44.64394], [-77.96623, 44.6439], [-77.96628, 44.64383], [-77.96633, 44.64378], [-77.96639, 44.64372], [-77.96648, 44.64368], [-77.96654, 44.64365], [-77.96655, 44.6435], [-77.96665, 44.64344], [-77.96676, 44.64338], [-77.96687, 44.64331], [-77.96697, 44.64325], [-77.96708, 44.64319], [-77.96718, 44.64312], [-77.96721, 44.64306], [-77.96729, 44.64301], [-77.96744, 44.64304], [-77.9677, 44.64301], [-77.96778, 44.64294], [-77.96784, 44.64286], [-77.96788, 44.64279], [-77.96797, 44.64275], [-77.96814, 44.64273], [-77.96824, 44.64269], [-77.96829, 44.64263], [-77.96832, 44.64255], [-77.96838, 44.64247], [-77.96845, 44.64243], [-77.96852, 44.64237], [-77.96847, 44.64223], [-77.96839, 44.64225], [-77.96835, 44.64229], [-77.96823, 44.64227], [-77.96814, 44.64223], [-77.96807, 44.64218], [-77.96803, 44.64196], [-77.96795, 44.64193], [-77.96784, 44.64189], [-77.96772, 44.64186], [-77.96759, 44.64185], [-77.96745, 44.64188], [-77.96742, 44.64194], [-77.96746, 44.642], [-77.96754, 44.64203], [-77.9675, 44.64206], [-77.96736, 44.64209], [-77.96728, 44.64213], [-77.96719, 44.64215], [-77.96704, 44.64214], [-77.967, 44.64209], [-77.96686, 44.64212], [-77.9668, 44.64216], [-77.96677, 44.64221], [-77.96679, 44.64227], [-77.96676, 44.64241], [-77.96656, 44.64239], [-77.96643, 44.64237], [-77.96638, 44.64233], [-77.96634, 44.64222], [-77.96623, 44.64218], [-77.96612, 44.64216], [-77.966, 44.6422], [-77.96588, 44.64226], [-77.96575, 44.64229], [-77.96557, 44.64227], [-77.96552, 44.64217], [-77.96543, 44.64214], [-77.96525, 44.64216], [-77.9652, 44.64222], [-77.96518, 44.64226], [-77.96516, 44.64231], [-77.96508, 44.64234], [-77.96498, 44.64238], [-77.96494, 44.64244], [-77.96497, 44.64253], [-77.96511, 44.6425], [-77.96518, 44.64253], [-77.96516, 44.64263], [-77.96505, 44.64272], [-77.96497, 44.64279], [-77.96489, 44.64276], [-77.96478, 44.64272], [-77.96462, 44.6427], [-77.96448, 44.64266], [-77.96432, 44.64263], [-77.96407, 44.64266], [-77.96399, 44.64274], [-77.96404, 44.64284], [-77.96413, 44.64292], [-77.96422, 44.64296], [-77.9643, 44.64293], [-77.96436, 44.64299], [-77.96443, 44.64308], [-77.96454, 44.64309], [-77.96451, 44.64318], [-77.96435, 44.64327], [-77.96421, 44.64333], [-77.96411, 44.64337], [-77.96406, 44.64333], [-77.96401, 44.64323], [-77.96388, 44.64328], [-77.96377, 44.64335], [-77.96363, 44.64338], [-77.96347, 44.6434], [-77.96343, 44.64342], [-77.96337, 44.64345], [-77.96327, 44.64349], [-77.96317, 44.64354], [-77.96313, 44.64356], [-77.96295, 44.64366], [-77.96279, 44.64373], [-77.96255, 44.64382], [-77.96227, 44.64386], [-77.96205, 44.64381], [-77.96187, 44.6437], [-77.96174, 44.6436], [-77.96161, 44.64353], [-77.9615, 44.64358], [-77.96135, 44.64358], [-77.96116, 44.64357], [-77.96099, 44.6436], [-77.96083, 44.6436], [-77.96066, 44.64366], [-77.96059, 44.64374], [-77.96041, 44.6438], [-77.9602, 44.6438], [-77.96, 44.64381], [-77.95988, 44.64386], [-77.95966, 44.64389], [-77.95947, 44.64391], [-77.95935, 44.64396], [-77.95945, 44.644], [-77.9595, 44.64406], [-77.95951, 44.64409], [-77.9595, 44.64413], [-77.9595, 44.64417], [-77.95946, 44.64426], [-77.95939, 44.64425], [-77.95941, 44.64417], [-77.9593, 44.64414], [-77.95925, 44.64414], [-77.95906, 44.64415], [-77.95886, 44.64419], [-77.95875, 44.64427], [-77.95863, 44.64438], [-77.95857, 44.64448], [-77.95847, 44.64457], [-77.95834, 44.64463], [-77.95827, 44.64477], [-77.95831, 44.64486], [-77.95822, 44.64494], [-77.95802, 44.64505], [-77.95786, 44.64513], [-77.95777, 44.64524], [-77.9577, 44.64536], [-77.95756, 44.64541], [-77.95741, 44.64546], [-77.95739, 44.64558], [-77.95731, 44.64567], [-77.95722, 44.64579], [-77.95715, 44.6459], [-77.95695, 44.64597], [-77.95672, 44.64603], [-77.95649, 44.646], [-77.95628, 44.64594], [-77.9561, 44.64583], [-77.95596, 44.64568], [-77.95591, 44.64555], [-77.95596, 44.6454], [-77.95604, 44.64524], [-77.95609, 44.6451], [-77.9561, 44.645], [-77.95593, 44.645], [-77.95574, 44.64505], [-77.95557, 44.64514], [-77.95539, 44.64522], [-77.95525, 44.64537], [-77.95524, 44.64538], [-77.95513, 44.64536], [-77.95501, 44.64532], [-77.95492, 44.64525], [-77.95484, 44.6452], [-77.95476, 44.6452], [-77.95477, 44.64528], [-77.95477, 44.64534], [-77.95468, 44.64539], [-77.95464, 44.64544], [-77.95456, 44.64542], [-77.9545, 44.64544], [-77.9545, 44.64549], [-77.95445, 44.64559], [-77.95441, 44.64568], [-77.95436, 44.6457], [-77.95429, 44.6457], [-77.95423, 44.64576], [-77.95424, 44.64581], [-77.95429, 44.64586], [-77.95422, 44.64595], [-77.95415, 44.64606], [-77.9541, 44.64619], [-77.95405, 44.64629], [-77.95397, 44.64637], [-77.9539, 44.64646], [-77.95384, 44.6465], [-77.9538, 44.64656], [-77.95381, 44.64665], [-77.95386, 44.64671], [-77.95391, 44.64678], [-77.9539, 44.64693], [-77.95389, 44.64708], [-77.95388, 44.64722], [-77.95386, 44.64732], [-77.95387, 44.6474], [-77.95393, 44.64743], [-77.95404, 44.64747], [-77.95411, 44.64756], [-77.95414, 44.64759], [-77.95426, 44.64761], [-77.95435, 44.64765], [-77.9544, 44.64774], [-77.95438, 44.64782], [-77.95439, 44.6479], [-77.95447, 44.64791], [-77.95455, 44.64785], [-77.95456, 44.64774], [-77.95458, 44.6476], [-77.95463, 44.64748], [-77.9547, 44.64743], [-77.95471, 44.64744], [-77.9548, 44.64747], [-77.95497, 44.64732], [-77.95507, 44.64733], [-77.95505, 44.6474], [-77.95507, 44.64751], [-77.95513, 44.64759], [-77.95516, 44.64771], [-77.95516, 44.64779], [-77.95503, 44.64786], [-77.95489, 44.6479], [-77.95474, 44.64785], [-77.95462, 44.64788], [-77.95448, 44.64796], [-77.95439, 44.64808], [-77.95427, 44.64815], [-77.95413, 44.64824], [-77.95408, 44.64835], [-77.95404, 44.64847], [-77.95397, 44.64859], [-77.95387, 44.64867], [-77.95386, 44.64882], [-77.95388, 44.64898], [-77.95393, 44.6491], [-77.95394, 44.64925], [-77.9539, 44.64934], [-77.95387, 44.64935], [-77.95372, 44.64928], [-77.95359, 44.64922], [-77.95346, 44.64914], [-77.95333, 44.64911], [-77.95332, 44.64896], [-77.95329, 44.64885], [-77.9532, 44.6488], [-77.95307, 44.64885], [-77.9529, 44.64893], [-77.95273, 44.64892], [-77.95255, 44.64888], [-77.95245, 44.64885], [-77.9524, 44.64885], [-77.95229, 44.6489], [-77.9521, 44.64888], [-77.95192, 44.64885], [-77.95172, 44.64879], [-77.95128, 44.64872], [-77.95131, 44.64877], [-77.95166, 44.64948], [-77.95175, 44.64965], [-77.95417, 44.65449], [-77.95659, 44.65933], [-77.95667, 44.6595], [-77.959, 44.66417], [-77.96142, 44.66901], [-77.96384, 44.67385], [-77.96392, 44.67402], [-77.96576, 44.67876], [-77.96612, 44.67969], [-77.9676, 44.6835], [-77.97016, 44.68863], [-77.97273, 44.69376], [-77.97529, 44.6989], [-77.97538, 44.69907], [-77.97794, 44.7042], [-77.98051, 44.70933], [-77.98307, 44.71446], [-77.98564, 44.71959], [-77.98821, 44.72472], [-77.98829, 44.72489], [-77.99028, 44.72917], [-77.99072, 44.73005], [-77.99081, 44.73003], [-77.99938, 44.72762], [-77.99991, 44.72867], [-78.00004, 44.72894], [-78.00886, 44.72647], [-78.01888, 44.72365], [-78.01893, 44.72357], [-78.019, 44.72335], [-78.01872, 44.72301], [-78.01846, 44.72298], [-78.01831, 44.72311], [-78.01813, 44.72325], [-78.01799, 44.72332], [-78.01785, 44.72329], [-78.01765, 44.72324], [-78.01756, 44.72319], [-78.01749, 44.72312], [-78.01722, 44.72299], [-78.0172, 44.72291], [-78.01731, 44.72275], [-78.01724, 44.72265], [-78.01719, 44.72252], [-78.01715, 44.72236], [-78.01726, 44.7223], [-78.01735, 44.72226], [-78.01725, 44.7222], [-78.01722, 44.7221], [-78.01727, 44.72201], [-78.0172, 44.72195], [-78.0172, 44.72188], [-78.01732, 44.72185], [-78.01739, 44.72179], [-78.0173, 44.72172], [-78.01726, 44.72168], [-78.01724, 44.72165], [-78.01733, 44.72159], [-78.01752, 44.72155], [-78.01766, 44.7215], [-78.01774, 44.72142], [-78.0177, 44.72136], [-78.0177, 44.7213], [-78.01778, 44.72121], [-78.01787, 44.72114], [-78.01797, 44.7211], [-78.01807, 44.7211], [-78.01817, 44.72101], [-78.01827, 44.72094], [-78.0184, 44.72093], [-78.01846, 44.721], [-78.01849, 44.72114], [-78.01852, 44.72119], [-78.01858, 44.72125], [-78.01869, 44.72132], [-78.01882, 44.72134], [-78.01891, 44.72131], [-78.01901, 44.72131], [-78.01905, 44.72132], [-78.0191, 44.7213], [-78.01918, 44.72127], [-78.01937, 44.72124], [-78.01951, 44.72125], [-78.01961, 44.72124], [-78.01973, 44.72126], [-78.01981, 44.72134], [-78.01988, 44.72141], [-78.01996, 44.72146], [-78.02008, 44.72149], [-78.0202, 44.72151], [-78.02039, 44.72155], [-78.02054, 44.72157], [-78.02068, 44.72156], [-78.02079, 44.72155], [-78.02093, 44.72159], [-78.02103, 44.7216], [-78.02105, 44.72161], [-78.02117, 44.72157], [-78.02127, 44.72149], [-78.02138, 44.72142], [-78.02148, 44.72135], [-78.0216, 44.72131], [-78.02175, 44.72124], [-78.02186, 44.72119], [-78.02201, 44.72114], [-78.02215, 44.72109], [-78.02226, 44.72108], [-78.02238, 44.72104], [-78.02252, 44.72102], [-78.02265, 44.72101], [-78.0228, 44.72101], [-78.02294, 44.72101], [-78.02307, 44.72101], [-78.02318, 44.72099], [-78.02332, 44.72099], [-78.02345, 44.72097], [-78.02355, 44.72092], [-78.02359, 44.7209], [-78.02369, 44.72086], [-78.02381, 44.72081], [-78.02391, 44.72077], [-78.024, 44.72071], [-78.0241, 44.72066], [-78.02419, 44.72059], [-78.02428, 44.72052], [-78.02437, 44.72046], [-78.02447, 44.72041], [-78.02461, 44.72038], [-78.02468, 44.72034], [-78.02473, 44.72025], [-78.0248, 44.72018], [-78.02488, 44.72012], [-78.02495, 44.72006], [-78.02501, 44.71997], [-78.02507, 44.71989], [-78.02511, 44.7198], [-78.02514, 44.71972], [-78.02511, 44.71966], [-78.02505, 44.71959], [-78.02504, 44.71953], [-78.02503, 44.71946], [-78.02497, 44.71941], [-78.025, 44.71936], [-78.02508, 44.71934], [-78.02522, 44.71934], [-78.02537, 44.71935], [-78.02551, 44.71932], [-78.02565, 44.7193], [-78.02579, 44.71928], [-78.02595, 44.71925], [-78.02609, 44.71921], [-78.02622, 44.71918], [-78.02634, 44.71916], [-78.02647, 44.71912], [-78.02661, 44.71912], [-78.02671, 44.71911], [-78.02685, 44.71911], [-78.02698, 44.71908], [-78.02708, 44.71906], [-78.02721, 44.71902], [-78.02734, 44.71898], [-78.02744, 44.71896], [-78.02757, 44.71894], [-78.02769, 44.71894], [-78.02778, 44.71897], [-78.02789, 44.71899], [-78.02798, 44.71902], [-78.02808, 44.71907], [-78.02813, 44.71909], [-78.02819, 44.71913], [-78.02833, 44.71915], [-78.02844, 44.7191], [-78.02857, 44.71905], [-78.02867, 44.71902], [-78.02878, 44.71899], [-78.02892, 44.71895], [-78.02903, 44.71893], [-78.02917, 44.7189], [-78.02929, 44.71886], [-78.02939, 44.71883], [-78.02954, 44.71882], [-78.02962, 44.7188], [-78.02975, 44.71874], [-78.02976, 44.71871], [-78.02978, 44.71862], [-78.02986, 44.71854], [-78.02994, 44.71843], [-78.02997, 44.71831], [-78.02998, 44.7182], [-78.02999, 44.71814], [-78.02996, 44.71803], [-78.02988, 44.718], [-78.02985, 44.71792], [-78.02988, 44.71787], [-78.03, 44.71781], [-78.0301, 44.71774], [-78.03018, 44.71772], [-78.03016, 44.71778], [-78.03015, 44.71786], [-78.03009, 44.71796], [-78.03014, 44.71806], [-78.0302, 44.71815], [-78.03029, 44.71824], [-78.0303, 44.71831], [-78.0302, 44.71835], [-78.03014, 44.71845], [-78.03011, 44.71854], [-78.03019, 44.71858], [-78.03026, 44.71857], [-78.03041, 44.71856], [-78.03054, 44.71855], [-78.03066, 44.71852], [-78.03067, 44.71848], [-78.03062, 44.7184], [-78.03062, 44.7183], [-78.03061, 44.71819], [-78.03064, 44.71808], [-78.03068, 44.71801], [-78.03084, 44.71798], [-78.03094, 44.71792], [-78.03102, 44.71784], [-78.03109, 44.71776], [-78.03119, 44.71765], [-78.03129, 44.71758], [-78.03139, 44.7175], [-78.03153, 44.71747], [-78.03172, 44.71748], [-78.03187, 44.71749], [-78.03205, 44.71752], [-78.03216, 44.71753], [-78.03218, 44.71755], [-78.03221, 44.71757], [-78.03232, 44.71759], [-78.0325, 44.71763], [-78.03266, 44.71766], [-78.03271, 44.71767], [-78.03282, 44.71768], [-78.033, 44.71765], [-78.03314, 44.7176], [-78.03332, 44.71753], [-78.03346, 44.71748], [-78.03361, 44.71739], [-78.03365, 44.71731], [-78.03364, 44.71725], [-78.03374, 44.71719], [-78.0339, 44.71712], [-78.03404, 44.71706], [-78.03418, 44.71702], [-78.03431, 44.71701], [-78.03443, 44.71702], [-78.03457, 44.71699], [-78.03473, 44.71696], [-78.0349, 44.71693], [-78.03506, 44.71691], [-78.0352, 44.7169], [-78.03517, 44.71695], [-78.03513, 44.71701], [-78.03521, 44.71704], [-78.03538, 44.71703], [-78.03552, 44.71701], [-78.03559, 44.71706], [-78.03568, 44.71709], [-78.03589, 44.71707], [-78.03604, 44.71703], [-78.03609, 44.71696], [-78.03614, 44.71689], [-78.03625, 44.71688], [-78.03643, 44.7169], [-78.03663, 44.71692], [-78.03686, 44.71694], [-78.037, 44.71696], [-78.03708, 44.71701], [-78.03712, 44.71709], [-78.03718, 44.71718], [-78.03725, 44.71725], [-78.03722, 44.71731], [-78.0371, 44.71737], [-78.03699, 44.71739], [-78.03685, 44.7174], [-78.03677, 44.71741], [-78.03682, 44.71743], [-78.037, 44.71744], [-78.0372, 44.71745], [-78.03736, 44.71746], [-78.03759, 44.71748], [-78.03772, 44.7175], [-78.03792, 44.71754], [-78.03808, 44.71757], [-78.03827, 44.71761], [-78.03843, 44.71762], [-78.03858, 44.71761], [-78.03874, 44.71758], [-78.03886, 44.71752], [-78.03896, 44.71743], [-78.03905, 44.71737], [-78.0392, 44.7174], [-78.03936, 44.71742], [-78.0395, 44.71747], [-78.03965, 44.71748], [-78.03983, 44.71745], [-78.03997, 44.71743], [-78.04018, 44.71741], [-78.04039, 44.71739], [-78.04054, 44.71737], [-78.0407, 44.71732], [-78.04083, 44.71732], [-78.04097, 44.7173], [-78.04113, 44.71725], [-78.04128, 44.71718], [-78.04146, 44.71712], [-78.04168, 44.7171], [-78.04183, 44.71707], [-78.04202, 44.71705], [-78.04228, 44.71705], [-78.04247, 44.71705], [-78.04269, 44.71704], [-78.04287, 44.71704], [-78.04302, 44.71703], [-78.04323, 44.71703], [-78.04338, 44.71702], [-78.04355, 44.71698], [-78.04371, 44.71693], [-78.04387, 44.71687], [-78.04405, 44.7168], [-78.04422, 44.71674], [-78.04441, 44.71671], [-78.04463, 44.71667], [-78.04482, 44.71662], [-78.04501, 44.71656], [-78.04523, 44.71648], [-78.04541, 44.71642], [-78.04558, 44.71635], [-78.04577, 44.71627], [-78.04598, 44.71618], [-78.04617, 44.71611], [-78.0464, 44.71603], [-78.04659, 44.71597], [-78.0468, 44.71592], [-78.04702, 44.71585], [-78.04718, 44.71578], [-78.04735, 44.71571], [-78.04752, 44.71564], [-78.0477, 44.71554], [-78.0479, 44.71547], [-78.04805, 44.71542], [-78.04825, 44.71536], [-78.04842, 44.7153], [-78.0486, 44.71523], [-78.04883, 44.71512], [-78.04902, 44.71504], [-78.04912, 44.71498], [-78.04917, 44.71494], [-78.04933, 44.71484], [-78.04948, 44.71476], [-78.04965, 44.71468], [-78.04982, 44.71463], [-78.04997, 44.7146], [-78.05018, 44.71454], [-78.05024, 44.71447], [-78.0502, 44.7144], [-78.0501, 44.71433], [-78.04996, 44.71424], [-78.04983, 44.71417], [-78.04968, 44.7141], [-78.04956, 44.71406], [-78.04942, 44.714], [-78.0493, 44.71399], [-78.04919, 44.71402], [-78.04906, 44.71408], [-78.04893, 44.71415], [-78.04882, 44.71419], [-78.0487, 44.7142], [-78.04861, 44.71414], [-78.04853, 44.71407], [-78.04849, 44.71401], [-78.04834, 44.71389], [-78.04822, 44.71383], [-78.04807, 44.71376], [-78.04792, 44.71371], [-78.04777, 44.71369], [-78.04763, 44.71372], [-78.04745, 44.71377], [-78.04728, 44.71385], [-78.04713, 44.71393], [-78.04701, 44.71404], [-78.04686, 44.71414], [-78.04676, 44.71422], [-78.0466, 44.71433], [-78.04645, 44.71441], [-78.04632, 44.7145], [-78.04616, 44.71459], [-78.04601, 44.71465], [-78.04586, 44.71471], [-78.04567, 44.7148], [-78.04553, 44.71487], [-78.04543, 44.71495], [-78.04534, 44.71504], [-78.04526, 44.71515], [-78.04522, 44.71524], [-78.04515, 44.71534], [-78.04507, 44.71542], [-78.04496, 44.7155], [-78.04487, 44.71557], [-78.04477, 44.71563], [-78.04464, 44.71571], [-78.04451, 44.71578], [-78.04438, 44.71583], [-78.04421, 44.71587], [-78.04403, 44.71591], [-78.04386, 44.71593], [-78.04362, 44.71594], [-78.04344, 44.71594], [-78.04328, 44.71593], [-78.0431, 44.71592], [-78.04292, 44.7159], [-78.04282, 44.71587], [-78.04284, 44.71583], [-78.04278, 44.71578], [-78.04268, 44.71575], [-78.04257, 44.71568], [-78.04248, 44.71561], [-78.04239, 44.71553], [-78.04228, 44.71547], [-78.04218, 44.71542], [-78.0421, 44.71539], [-78.04203, 44.71541], [-78.04194, 44.71538], [-78.04187, 44.71532], [-78.04174, 44.71525], [-78.04162, 44.71519], [-78.04155, 44.71512], [-78.04147, 44.71503], [-78.04142, 44.71495], [-78.04136, 44.71487], [-78.0413, 44.71478], [-78.04127, 44.71469], [-78.04124, 44.71459], [-78.04123, 44.71448], [-78.04123, 44.71439], [-78.04124, 44.71426], [-78.04125, 44.71412], [-78.04124, 44.71402], [-78.04122, 44.71391], [-78.0412, 44.71383], [-78.04113, 44.71373], [-78.04106, 44.71365], [-78.04098, 44.71359], [-78.0409, 44.7135], [-78.04083, 44.71342], [-78.04074, 44.71333], [-78.04066, 44.71326], [-78.04057, 44.7132], [-78.04049, 44.71315], [-78.04039, 44.71309], [-78.04029, 44.71303], [-78.04019, 44.71301], [-78.04009, 44.71303], [-78.04, 44.7131], [-78.03995, 44.71316], [-78.0399, 44.71321], [-78.03984, 44.71324], [-78.03969, 44.71317], [-78.03961, 44.71309], [-78.03952, 44.713], [-78.03944, 44.71293], [-78.03935, 44.71288], [-78.03928, 44.71281], [-78.03922, 44.71275], [-78.03916, 44.71269], [-78.03916, 44.71268], [-78.03915, 44.71259], [-78.0392, 44.7125], [-78.03925, 44.71241], [-78.03924, 44.71231], [-78.03921, 44.7122], [-78.03919, 44.71211], [-78.03922, 44.71201], [-78.03928, 44.71191], [-78.03936, 44.71182], [-78.03947, 44.71175], [-78.03963, 44.7117], [-78.03974, 44.71166], [-78.0399, 44.7116], [-78.03995, 44.71155], [-78.04003, 44.7114], [-78.04012, 44.71131], [-78.04022, 44.71122], [-78.04036, 44.71116], [-78.04054, 44.71113], [-78.04067, 44.7111], [-78.04082, 44.71105], [-78.04096, 44.71103], [-78.0411, 44.71104], [-78.04125, 44.71108], [-78.04139, 44.71113], [-78.04152, 44.71118], [-78.04161, 44.71125], [-78.04164, 44.71136], [-78.04166, 44.71143], [-78.04176, 44.71148], [-78.04191, 44.71151], [-78.04211, 44.71154], [-78.04231, 44.71156], [-78.04249, 44.71158], [-78.04268, 44.7116], [-78.04286, 44.71162], [-78.04305, 44.71165], [-78.04323, 44.71167], [-78.0434, 44.71168], [-78.04363, 44.71167], [-78.04377, 44.71168], [-78.04393, 44.71167], [-78.04405, 44.71165], [-78.04419, 44.71162], [-78.04434, 44.71157], [-78.04449, 44.71153], [-78.04465, 44.71149], [-78.04482, 44.71143], [-78.04497, 44.71138], [-78.04513, 44.7113], [-78.04526, 44.71123], [-78.04539, 44.71114], [-78.04548, 44.71108], [-78.04556, 44.711], [-78.04552, 44.71094], [-78.04541, 44.71088], [-78.04532, 44.7108], [-78.04525, 44.7107], [-78.04519, 44.7106], [-78.04516, 44.71051], [-78.04515, 44.71042], [-78.04518, 44.71029], [-78.04521, 44.71018], [-78.04527, 44.71007], [-78.04532, 44.70996], [-78.04537, 44.70987], [-78.04541, 44.70979], [-78.04551, 44.70971], [-78.04563, 44.70967], [-78.04575, 44.70967], [-78.04589, 44.70969], [-78.04607, 44.70973], [-78.04635, 44.70977], [-78.04653, 44.70982], [-78.04668, 44.70987], [-78.04678, 44.70992], [-78.04686, 44.70997], [-78.04695, 44.70999], [-78.04714, 44.71003], [-78.04727, 44.7101], [-78.04733, 44.71018], [-78.04735, 44.71028], [-78.04732, 44.71035], [-78.04722, 44.71041], [-78.04714, 44.71047], [-78.04707, 44.71055], [-78.04708, 44.71063], [-78.04723, 44.71066], [-78.04742, 44.71067], [-78.04756, 44.71066], [-78.04769, 44.71065], [-78.04785, 44.71061], [-78.04794, 44.7106], [-78.04803, 44.71061], [-78.04815, 44.71061], [-78.04828, 44.71062], [-78.04838, 44.71064], [-78.04848, 44.71068], [-78.04858, 44.71072], [-78.0486, 44.7108], [-78.04859, 44.71092], [-78.04856, 44.711], [-78.04852, 44.7111], [-78.04847, 44.71119], [-78.04842, 44.71127], [-78.04843, 44.71137], [-78.04845, 44.71148], [-78.0485, 44.71158], [-78.04853, 44.71161], [-78.04862, 44.71174], [-78.04869, 44.71183], [-78.04877, 44.71192], [-78.04883, 44.71203], [-78.04893, 44.71209], [-78.04908, 44.71221], [-78.04916, 44.71227], [-78.04921, 44.7123], [-78.0493, 44.71236], [-78.04944, 44.71241], [-78.04952, 44.7124], [-78.04958, 44.71244], [-78.04953, 44.71252], [-78.04962, 44.71252], [-78.04972, 44.71253], [-78.04987, 44.71263], [-78.04999, 44.71272], [-78.05011, 44.71281], [-78.05022, 44.71289], [-78.05036, 44.71297], [-78.0505, 44.71308], [-78.05061, 44.71315], [-78.05073, 44.71317], [-78.05084, 44.71316], [-78.05093, 44.71312], [-78.05111, 44.71312], [-78.0512, 44.71314], [-78.05124, 44.71325], [-78.05124, 44.71333], [-78.05132, 44.71343], [-78.05142, 44.71351], [-78.05151, 44.7136], [-78.05161, 44.71368], [-78.05171, 44.71375], [-78.0518, 44.71386], [-78.05184, 44.71392], [-78.0519, 44.71395], [-78.05202, 44.71399], [-78.05213, 44.71403], [-78.05227, 44.71409], [-78.05238, 44.71413], [-78.05253, 44.71417], [-78.05263, 44.71417], [-78.05272, 44.71417], [-78.05281, 44.71421], [-78.05291, 44.71424], [-78.05309, 44.71427], [-78.05327, 44.71427], [-78.05342, 44.71427], [-78.05359, 44.71424], [-78.05372, 44.7142], [-78.05386, 44.71416], [-78.05399, 44.71414], [-78.05409, 44.71411], [-78.05416, 44.71409], [-78.05423, 44.71406], [-78.05425, 44.71406], [-78.05432, 44.71406], [-78.05454, 44.71363], [-78.05454, 44.71363], [-78.05457, 44.71359], [-78.05466, 44.71358], [-78.05477, 44.71354], [-78.0549, 44.71349], [-78.05502, 44.71344], [-78.05515, 44.7134], [-78.05517, 44.71343], [-78.05533, 44.71375], [-78.05567, 44.71409], [-78.05582, 44.71434], [-78.05585, 44.71449], [-78.05593, 44.71461], [-78.05604, 44.7147], [-78.05647, 44.71538], [-78.05681, 44.71601], [-78.05698, 44.71629], [-78.05702, 44.71623], [-78.05699, 44.71609], [-78.0566, 44.71542], [-78.05675, 44.71536], [-78.05666, 44.71518], [-78.05671, 44.71497], [-78.0567, 44.71489], [-78.05655, 44.71478], [-78.05656, 44.7147], [-78.05661, 44.71462], [-78.05685, 44.71458], [-78.05696, 44.71454], [-78.05698, 44.71435], [-78.05706, 44.71425], [-78.05715, 44.71422], [-78.05737, 44.71431], [-78.05747, 44.71438], [-78.05745, 44.71447], [-78.05748, 44.71462], [-78.05748, 44.7147], [-78.05741, 44.71479], [-78.05743, 44.71489], [-78.05756, 44.7149], [-78.05755, 44.71498], [-78.0576, 44.71504], [-78.05768, 44.71494], [-78.05763, 44.71473], [-78.0577, 44.71462], [-78.05759, 44.71441], [-78.05764, 44.71432], [-78.05775, 44.71429], [-78.05785, 44.71431], [-78.05791, 44.71447], [-78.058, 44.71446], [-78.05801, 44.71435], [-78.05797, 44.71413], [-78.05757, 44.71394], [-78.05725, 44.7138], [-78.0573, 44.71375], [-78.05745, 44.71374], [-78.05759, 44.71378], [-78.05766, 44.71378], [-78.0579, 44.71367], [-78.05808, 44.71355], [-78.05835, 44.71352], [-78.05857, 44.71354], [-78.05886, 44.71356], [-78.05928, 44.71352], [-78.05941, 44.71353], [-78.05951, 44.71344], [-78.0596, 44.71337], [-78.05953, 44.71333], [-78.05905, 44.71333], [-78.05856, 44.71337], [-78.05804, 44.7134], [-78.05787, 44.71347], [-78.0577, 44.7136], [-78.05747, 44.71366], [-78.05738, 44.71366], [-78.05739, 44.71348], [-78.05751, 44.71337], [-78.05771, 44.71329], [-78.05779, 44.71323], [-78.05775, 44.71308], [-78.05765, 44.71299], [-78.05725, 44.71321], [-78.05705, 44.71319], [-78.05709, 44.71316], [-78.05717, 44.71313], [-78.05726, 44.7131], [-78.05735, 44.71305], [-78.05741, 44.713], [-78.05752, 44.71295], [-78.05756, 44.7129], [-78.05753, 44.71285], [-78.0576, 44.71278], [-78.05773, 44.71276], [-78.05786, 44.71275], [-78.05798, 44.71275], [-78.05806, 44.71276], [-78.05821, 44.71278], [-78.05838, 44.71279], [-78.05853, 44.71281], [-78.05871, 44.7128], [-78.05881, 44.71278], [-78.05895, 44.71277], [-78.05909, 44.7128], [-78.0592, 44.7128], [-78.05938, 44.71278], [-78.05955, 44.71278], [-78.05969, 44.71276], [-78.05983, 44.71275], [-78.05995, 44.71274], [-78.06009, 44.71271], [-78.06023, 44.71269], [-78.06041, 44.71266], [-78.06055, 44.71263], [-78.06072, 44.71262], [-78.06088, 44.71261], [-78.06106, 44.71258], [-78.06118, 44.71258], [-78.06132, 44.71256], [-78.06145, 44.71255], [-78.06159, 44.71254], [-78.06172, 44.71252], [-78.06183, 44.7125], [-78.06191, 44.71247], [-78.06192, 44.71244], [-78.06193, 44.7124], [-78.06203, 44.71238], [-78.06207, 44.71238], [-78.06221, 44.71233], [-78.06234, 44.71229], [-78.06248, 44.71226], [-78.06259, 44.71224], [-78.06273, 44.71222], [-78.06292, 44.71222], [-78.06302, 44.71221], [-78.06347, 44.71213], [-78.06374, 44.71208], [-78.06396, 44.71204], [-78.06422, 44.71202], [-78.0644, 44.71198], [-78.06466, 44.71195], [-78.06491, 44.7119], [-78.0651, 44.71183], [-78.06517, 44.71197], [-78.06527, 44.71222], [-78.06535, 44.71227], [-78.06552, 44.71219], [-78.06569, 44.7121], [-78.06575, 44.71197], [-78.06572, 44.71178], [-78.06571, 44.71165], [-78.06571, 44.71149], [-78.06573, 44.71139], [-78.06577, 44.71128], [-78.06581, 44.71116], [-78.06581, 44.71104], [-78.06578, 44.71092], [-78.06602, 44.71087], [-78.07291, 44.70929], [-78.07297, 44.70944], [-78.08526, 44.70662], [-78.0855, 44.70657], [-78.09798, 44.70351], [-78.09666, 44.70057], [-78.09661, 44.70046], [-78.09648, 44.70016], [-78.09507, 44.69701], [-78.09584, 44.69683], [-78.10775, 44.69391], [-78.10799, 44.69385], [-78.11629, 44.69195], [-78.11654, 44.69188], [-78.11658, 44.69188], [-78.11658, 44.69186], [-78.11657, 44.69179], [-78.11653, 44.69156], [-78.11644, 44.69137], [-78.11634, 44.69123], [-78.11625, 44.69109], [-78.11614, 44.69093], [-78.116, 44.69076], [-78.11588, 44.69057], [-78.11586, 44.69052], [-78.1158, 44.69038], [-78.11581, 44.69028], [-78.1159, 44.69019], [-78.11613, 44.69014], [-78.11632, 44.6901], [-78.11659, 44.69006], [-78.11678, 44.69001], [-78.11699, 44.68997], [-78.11723, 44.68988], [-78.11745, 44.68976], [-78.11749, 44.68966], [-78.11741, 44.68955], [-78.11725, 44.6894], [-78.11727, 44.68926], [-78.11732, 44.6891], [-78.11735, 44.68892], [-78.11739, 44.68874], [-78.11742, 44.68857], [-78.11738, 44.6884], [-78.11734, 44.68825], [-78.11728, 44.68809], [-78.11718, 44.68768], [-78.1171, 44.6875], [-78.11703, 44.68734], [-78.11694, 44.68716], [-78.11682, 44.68699], [-78.11674, 44.68684], [-78.11668, 44.68668], [-78.11677, 44.68646], [-78.11679, 44.68634], [-78.11683, 44.68616], [-78.11686, 44.68609], [-78.11691, 44.68596], [-78.11698, 44.68582], [-78.11706, 44.6857], [-78.1172, 44.68558], [-78.11732, 44.68548], [-78.11753, 44.68536], [-78.11754, 44.68535], [-78.11774, 44.6852], [-78.11791, 44.68508], [-78.11808, 44.68487], [-78.11813, 44.68477], [-78.11821, 44.68464], [-78.11826, 44.68443], [-78.11822, 44.68433], [-78.1183, 44.68415], [-78.11833, 44.68397], [-78.11834, 44.68382], [-78.1183, 44.68383], [-78.11804, 44.68389], [-78.11666, 44.68422], [-78.11502, 44.68059], [-78.11344, 44.67711], [-78.11355, 44.67708], [-78.12502, 44.67445], [-78.12524, 44.67495], [-78.12532, 44.67489], [-78.12545, 44.67477], [-78.12558, 44.67464], [-78.12576, 44.67454], [-78.12583, 44.6745], [-78.1261, 44.67395], [-78.12611, 44.67389], [-78.1262, 44.67379], [-78.12629, 44.67368], [-78.1264, 44.67356], [-78.1265, 44.67347], [-78.12659, 44.67335], [-78.12667, 44.67323], [-78.12678, 44.67307], [-78.12685, 44.67298], [-78.12699, 44.67287], [-78.12712, 44.67282], [-78.12724, 44.67278], [-78.12734, 44.67267], [-78.12735, 44.6726], [-78.1273, 44.67249], [-78.12724, 44.67239], [-78.12711, 44.67239], [-78.12694, 44.67243], [-78.12681, 44.67246], [-78.12667, 44.67247], [-78.12654, 44.67245], [-78.12635, 44.67243], [-78.12615, 44.67236], [-78.126, 44.67227], [-78.12587, 44.67218], [-78.12572, 44.67208], [-78.1256, 44.67201], [-78.12539, 44.67189], [-78.12523, 44.67176], [-78.12521, 44.67174], [-78.12517, 44.67165], [-78.12524, 44.67153], [-78.12535, 44.67139], [-78.12543, 44.67128], [-78.1255, 44.67115], [-78.12556, 44.67098], [-78.12557, 44.67088], [-78.12556, 44.67073], [-78.12558, 44.67065], [-78.12561, 44.67067], [-78.12567, 44.67059], [-78.12576, 44.67053], [-78.12584, 44.67046], [-78.1259, 44.67042], [-78.12598, 44.67036], [-78.12602, 44.67027], [-78.12608, 44.6702], [-78.12619, 44.67019], [-78.12629, 44.67024], [-78.1264, 44.67032], [-78.1265, 44.67032], [-78.12659, 44.67028], [-78.12658, 44.67024], [-78.12686, 44.67018], [-78.12708, 44.67009], [-78.12721, 44.67001], [-78.12727, 44.6699], [-78.12721, 44.66972], [-78.12722, 44.66966], [-78.12726, 44.66956], [-78.12728, 44.66945], [-78.12725, 44.6693], [-78.12725, 44.66925], [-78.12722, 44.66924], [-78.12723, 44.66921], [-78.12723, 44.66919], [-78.12723, 44.66916], [-78.12723, 44.66914], [-78.12724, 44.66912], [-78.12724, 44.6691], [-78.12726, 44.66905], [-78.12727, 44.66902], [-78.12727, 44.669], [-78.12729, 44.66898], [-78.1273, 44.66896], [-78.12731, 44.66894], [-78.12733, 44.66892], [-78.12734, 44.6689], [-78.12736, 44.66888], [-78.12736, 44.66886], [-78.12737, 44.66884], [-78.12738, 44.66882], [-78.12738, 44.6688], [-78.1274, 44.66878], [-78.12741, 44.66877], [-78.12742, 44.66875], [-78.12743, 44.66872], [-78.12747, 44.66865], [-78.12748, 44.66863], [-78.12749, 44.66862], [-78.12751, 44.6686], [-78.12751, 44.66858], [-78.12754, 44.66854], [-78.12755, 44.66852], [-78.12756, 44.66849], [-78.12758, 44.66847], [-78.12758, 44.66846], [-78.12759, 44.66843], [-78.12761, 44.66841], [-78.12761, 44.66839], [-78.12762, 44.66837], [-78.12762, 44.66835], [-78.12764, 44.66832], [-78.12765, 44.6683], [-78.12765, 44.66829], [-78.12766, 44.66827], [-78.12768, 44.66824], [-78.12768, 44.66822], [-78.12776, 44.66809], [-78.12777, 44.66806], [-78.12777, 44.66805], [-78.12779, 44.66803], [-78.1278, 44.668], [-78.1278, 44.66798], [-78.12784, 44.66791], [-78.12791, 44.66777], [-78.12792, 44.66775], [-78.12793, 44.66774], [-78.12794, 44.66771], [-78.12796, 44.66769], [-78.12796, 44.66767], [-78.12797, 44.66764], [-78.12799, 44.66761], [-78.12799, 44.66759], [-78.128, 44.66758], [-78.12801, 44.66756], [-78.12803, 44.66753], [-78.12804, 44.66751], [-78.12805, 44.66749], [-78.12807, 44.66745], [-78.1281, 44.66742], [-78.12812, 44.66737], [-78.12814, 44.66734], [-78.12815, 44.66732], [-78.12818, 44.66726], [-78.12818, 44.66725], [-78.12819, 44.66722], [-78.12822, 44.66718], [-78.12823, 44.66717], [-78.12824, 44.66715], [-78.12825, 44.66712], [-78.12826, 44.66711], [-78.12828, 44.66709], [-78.12829, 44.66706], [-78.12829, 44.66704], [-78.1283, 44.66703], [-78.12832, 44.667], [-78.12833, 44.66698], [-78.12833, 44.66695], [-78.12835, 44.66693], [-78.12836, 44.66691], [-78.12836, 44.66688], [-78.12838, 44.66686], [-78.12839, 44.66683], [-78.12847, 44.66671], [-78.12849, 44.6667], [-78.1285, 44.66668], [-78.1285, 44.66666], [-78.12851, 44.66664], [-78.12853, 44.66661], [-78.12854, 44.66659], [-78.12854, 44.66657], [-78.12856, 44.66655], [-78.12857, 44.66651], [-78.12857, 44.66649], [-78.12857, 44.66646], [-78.12857, 44.66645], [-78.12859, 44.66639], [-78.12859, 44.66638], [-78.12859, 44.66635], [-78.12861, 44.6663], [-78.12861, 44.66628], [-78.12861, 44.66626], [-78.12862, 44.66622], [-78.12864, 44.66616], [-78.12864, 44.66614], [-78.12865, 44.66612], [-78.12865, 44.66611], [-78.12865, 44.66608], [-78.12867, 44.66606], [-78.12867, 44.66604], [-78.1287, 44.66601], [-78.1287, 44.66598], [-78.12871, 44.66595], [-78.12872, 44.66594], [-78.12873, 44.66592], [-78.12874, 44.6659], [-78.12874, 44.66588], [-78.12875, 44.66586], [-78.12877, 44.66583], [-78.12878, 44.66581], [-78.12878, 44.66579], [-78.1288, 44.66578], [-78.12881, 44.66576], [-78.12884, 44.66573], [-78.12885, 44.66572], [-78.12886, 44.66568], [-78.12889, 44.66565], [-78.12897, 44.66551], [-78.12899, 44.66549], [-78.12901, 44.66543], [-78.12903, 44.66541], [-78.12904, 44.6654], [-78.12905, 44.66538], [-78.12906, 44.66535], [-78.12907, 44.66531], [-78.12908, 44.66529], [-78.12911, 44.66524], [-78.12911, 44.66522], [-78.12913, 44.66519], [-78.12916, 44.66509], [-78.12919, 44.66503], [-78.1292, 44.665], [-78.1292, 44.66499], [-78.12921, 44.66497], [-78.12921, 44.66495], [-78.12923, 44.66492], [-78.12923, 44.66487], [-78.12924, 44.66485], [-78.12925, 44.66483], [-78.12926, 44.66482], [-78.12926, 44.66479], [-78.12927, 44.66477], [-78.12927, 44.66475], [-78.1293, 44.66467], [-78.12932, 44.66466], [-78.12935, 44.6646], [-78.12936, 44.66458], [-78.12937, 44.66457], [-78.12939, 44.66455], [-78.1294, 44.66453], [-78.12941, 44.66451], [-78.12943, 44.6645], [-78.12945, 44.66448], [-78.12947, 44.66446], [-78.12949, 44.66445], [-78.12951, 44.66444], [-78.12952, 44.66443], [-78.12954, 44.66441], [-78.12956, 44.66439], [-78.12957, 44.66437], [-78.12958, 44.66436], [-78.12959, 44.66434], [-78.1296, 44.66432], [-78.12961, 44.66429], [-78.12961, 44.66427], [-78.12962, 44.66424], [-78.12963, 44.66421], [-78.12962, 44.6642], [-78.12961, 44.66405], [-78.1296, 44.66403], [-78.1296, 44.66401], [-78.12949, 44.66388], [-78.12947, 44.66387], [-78.12945, 44.66386], [-78.12942, 44.66385], [-78.1294, 44.66384], [-78.12932, 44.66382], [-78.1293, 44.66382], [-78.12927, 44.66381], [-78.12925, 44.66381], [-78.12922, 44.66381], [-78.12918, 44.66381], [-78.12915, 44.6638], [-78.12912, 44.6638], [-78.12908, 44.66379], [-78.12906, 44.66379], [-78.12901, 44.66377], [-78.12897, 44.66376], [-78.12895, 44.66376], [-78.12892, 44.66376], [-78.12888, 44.66376], [-78.12879, 44.66377], [-78.12866, 44.66377], [-78.12863, 44.66377], [-78.12841, 44.66378], [-78.12839, 44.66378], [-78.12836, 44.66378], [-78.12833, 44.66378], [-78.1283, 44.66378], [-78.12826, 44.66378], [-78.12824, 44.66379], [-78.12821, 44.66379], [-78.12819, 44.6638], [-78.12812, 44.66382], [-78.1281, 44.66383], [-78.12806, 44.66385], [-78.12803, 44.66387], [-78.12801, 44.66388], [-78.12798, 44.66388], [-78.12796, 44.66388], [-78.12793, 44.66388], [-78.12788, 44.66388], [-78.12786, 44.66387], [-78.12784, 44.66386], [-78.12782, 44.66384], [-78.12781, 44.66383], [-78.12781, 44.6638], [-78.1278, 44.66378], [-78.1278, 44.66375], [-78.1278, 44.66373], [-78.1278, 44.66365], [-78.12781, 44.66361], [-78.12781, 44.66358], [-78.12782, 44.66356], [-78.12782, 44.66353], [-78.12785, 44.66342], [-78.12785, 44.66339], [-78.12787, 44.66332], [-78.12787, 44.66331], [-78.12787, 44.66328], [-78.12786, 44.66325], [-78.12786, 44.66322], [-78.12786, 44.66319], [-78.12788, 44.66311], [-78.12788, 44.66308], [-78.12788, 44.66306], [-78.1279, 44.66304], [-78.1279, 44.66302], [-78.12791, 44.66298], [-78.12795, 44.6629], [-78.12795, 44.66288], [-78.12797, 44.66287], [-78.12798, 44.66285], [-78.128, 44.66282], [-78.12801, 44.6628], [-78.12802, 44.66278], [-78.12802, 44.66276], [-78.12805, 44.6627], [-78.12805, 44.66268], [-78.12808, 44.66262], [-78.12808, 44.66259], [-78.1281, 44.66256], [-78.12811, 44.66254], [-78.12812, 44.66252], [-78.12814, 44.66249], [-78.12818, 44.6624], [-78.12819, 44.66239], [-78.12821, 44.66235], [-78.12822, 44.66233], [-78.12823, 44.66231], [-78.12825, 44.6623], [-78.12826, 44.66228], [-78.12828, 44.66226], [-78.1283, 44.66224], [-78.12834, 44.6622], [-78.12836, 44.66217], [-78.12836, 44.66216], [-78.12837, 44.66214], [-78.12838, 44.66212], [-78.12838, 44.66209], [-78.1284, 44.66207], [-78.1284, 44.66205], [-78.12841, 44.66202], [-78.12841, 44.662], [-78.12842, 44.66197], [-78.12842, 44.66194], [-78.12842, 44.66192], [-78.12842, 44.6619], [-78.12842, 44.66185], [-78.12842, 44.66183], [-78.12842, 44.66182], [-78.12843, 44.66178], [-78.12843, 44.66174], [-78.12843, 44.66168], [-78.12842, 44.66156], [-78.12842, 44.66154], [-78.12843, 44.66152], [-78.12841, 44.6615], [-78.12841, 44.66148], [-78.1284, 44.66146], [-78.12839, 44.66145], [-78.12838, 44.66143], [-78.12836, 44.6614], [-78.12834, 44.66139], [-78.12832, 44.66137], [-78.12831, 44.66135], [-78.12828, 44.66133], [-78.12827, 44.66132], [-78.12826, 44.6613], [-78.12825, 44.66127], [-78.12824, 44.66125], [-78.12823, 44.66123], [-78.12821, 44.66122], [-78.1282, 44.66119], [-78.12818, 44.66117], [-78.12817, 44.66114], [-78.12815, 44.66113], [-78.12804, 44.66098], [-78.12804, 44.66096], [-78.12801, 44.6609], [-78.12802, 44.66087], [-78.128, 44.66084], [-78.12801, 44.66082], [-78.12801, 44.6608], [-78.12802, 44.66078], [-78.12802, 44.66076], [-78.12804, 44.66073], [-78.12805, 44.66072], [-78.12806, 44.66069], [-78.12808, 44.66067], [-78.12808, 44.66065], [-78.12809, 44.66063], [-78.12809, 44.6606], [-78.12809, 44.66057], [-78.1281, 44.66051], [-78.12811, 44.66048], [-78.12811, 44.66047], [-78.12813, 44.66044], [-78.12814, 44.6604], [-78.12817, 44.66039], [-78.12818, 44.66037], [-78.12821, 44.66035], [-78.12822, 44.66033], [-78.12825, 44.66032], [-78.12826, 44.6603], [-78.12826, 44.66027], [-78.12827, 44.66025], [-78.12829, 44.66023], [-78.12829, 44.66021], [-78.12829, 44.66019], [-78.1283, 44.66017], [-78.12835, 44.66003], [-78.12836, 44.66001], [-78.12837, 44.66], [-78.12839, 44.65997], [-78.1284, 44.65995], [-78.1284, 44.65993], [-78.12842, 44.65991], [-78.12843, 44.65989], [-78.12844, 44.65986], [-78.12846, 44.65984], [-78.12847, 44.65981], [-78.12847, 44.65978], [-78.12849, 44.65976], [-78.1285, 44.65975], [-78.12853, 44.65969], [-78.12854, 44.65968], [-78.12857, 44.65961], [-78.12857, 44.65959], [-78.12858, 44.65957], [-78.1286, 44.65954], [-78.12861, 44.65951], [-78.12863, 44.65949], [-78.12863, 44.65947], [-78.12864, 44.65944], [-78.12864, 44.65943], [-78.12866, 44.6594], [-78.12869, 44.6593], [-78.12869, 44.65928], [-78.1287, 44.65926], [-78.1287, 44.65923], [-78.1287, 44.6592], [-78.1287, 44.65918], [-78.12871, 44.65916], [-78.12871, 44.65912], [-78.12871, 44.6591], [-78.12872, 44.65909], [-78.12872, 44.65907], [-78.12874, 44.65905], [-78.12875, 44.65902], [-78.12875, 44.65901], [-78.12877, 44.65898], [-78.12877, 44.65895], [-78.1288, 44.65889], [-78.1288, 44.65887], [-78.1288, 44.65885], [-78.1288, 44.65882], [-78.1288, 44.65879], [-78.1288, 44.65877], [-78.1288, 44.65875], [-78.12882, 44.65872], [-78.12883, 44.6587], [-78.12886, 44.65868], [-78.12888, 44.65865], [-78.12891, 44.65863], [-78.12892, 44.65861], [-78.12894, 44.65861], [-78.12896, 44.65858], [-78.12897, 44.65857], [-78.129, 44.65855], [-78.12901, 44.65854], [-78.12903, 44.65851], [-78.12904, 44.65849], [-78.12907, 44.65846], [-78.1291, 44.65843], [-78.12912, 44.6584], [-78.12913, 44.65839], [-78.12916, 44.65838], [-78.12919, 44.65836], [-78.12921, 44.65834], [-78.12924, 44.65833], [-78.12927, 44.65831], [-78.1295, 44.65821], [-78.12952, 44.6582], [-78.12955, 44.65818], [-78.12957, 44.65817], [-78.12963, 44.65815], [-78.12965, 44.65813], [-78.12967, 44.65812], [-78.12969, 44.6581], [-78.12976, 44.65806], [-78.12978, 44.65804], [-78.1298, 44.65802], [-78.12981, 44.65801], [-78.12982, 44.65799], [-78.12982, 44.65797], [-78.12983, 44.65795], [-78.12983, 44.65792], [-78.12983, 44.65789], [-78.12982, 44.65787], [-78.12982, 44.65785], [-78.12981, 44.65783], [-78.12979, 44.65781], [-78.12978, 44.65779], [-78.12975, 44.65775], [-78.12973, 44.65774], [-78.12972, 44.65772], [-78.12971, 44.6577], [-78.12969, 44.65768], [-78.12966, 44.65765], [-78.12963, 44.65761], [-78.12963, 44.65758], [-78.12962, 44.65756], [-78.12961, 44.65753], [-78.12961, 44.65751], [-78.12961, 44.65749], [-78.1296, 44.65746], [-78.12961, 44.65743], [-78.12961, 44.65742], [-78.12963, 44.6574], [-78.12964, 44.65737], [-78.12965, 44.65735], [-78.12968, 44.65734], [-78.12969, 44.65732], [-78.12973, 44.65728], [-78.12975, 44.65726], [-78.12976, 44.65724], [-78.12976, 44.65722], [-78.12976, 44.65719], [-78.12976, 44.65718], [-78.12976, 44.65715], [-78.12978, 44.65711], [-78.12978, 44.6571], [-78.12979, 44.65708], [-78.12979, 44.65705], [-78.12979, 44.65703], [-78.1298, 44.65696], [-78.12981, 44.65694], [-78.12981, 44.65691], [-78.12984, 44.65682], [-78.12986, 44.6568], [-78.12986, 44.65678], [-78.12987, 44.65676], [-78.12987, 44.65672], [-78.12989, 44.65669], [-78.12989, 44.65666], [-78.1299, 44.65663], [-78.1299, 44.65661], [-78.12992, 44.65655], [-78.12993, 44.6565], [-78.12994, 44.65648], [-78.12995, 44.65644], [-78.12995, 44.65643], [-78.12995, 44.6564], [-78.12995, 44.65635], [-78.12996, 44.65634], [-78.12996, 44.65632], [-78.12997, 44.6563], [-78.12998, 44.65628], [-78.13, 44.65626], [-78.13001, 44.65624], [-78.13001, 44.65622], [-78.13009, 44.65608], [-78.1301, 44.65606], [-78.13011, 44.65604], [-78.13012, 44.65602], [-78.13014, 44.656], [-78.13014, 44.65598], [-78.13014, 44.65596], [-78.13015, 44.65594], [-78.13015, 44.65592], [-78.13015, 44.65589], [-78.13016, 44.65586], [-78.13016, 44.65585], [-78.13015, 44.65573], [-78.13014, 44.65571], [-78.13013, 44.65565], [-78.13012, 44.65563], [-78.1301, 44.65561], [-78.13011, 44.65558], [-78.13008, 44.65556], [-78.13007, 44.65554], [-78.13006, 44.65551], [-78.12999, 44.65532], [-78.12998, 44.65529], [-78.12997, 44.65526], [-78.12996, 44.65523], [-78.12994, 44.65517], [-78.12993, 44.65515], [-78.12991, 44.65512], [-78.12992, 44.65509], [-78.12988, 44.655], [-78.12988, 44.65497], [-78.12987, 44.65496], [-78.12987, 44.65493], [-78.12987, 44.6549], [-78.12989, 44.65488], [-78.12989, 44.65487], [-78.1299, 44.65485], [-78.12992, 44.65483], [-78.12992, 44.65481], [-78.12993, 44.65479], [-78.12994, 44.65476], [-78.12996, 44.65474], [-78.12997, 44.65473], [-78.12998, 44.65472], [-78.13, 44.65469], [-78.13001, 44.65467], [-78.13003, 44.65465], [-78.13007, 44.65458], [-78.13007, 44.65456], [-78.13008, 44.65453], [-78.1301, 44.65451], [-78.13011, 44.65447], [-78.13012, 44.65445], [-78.13013, 44.65443], [-78.13015, 44.6544], [-78.13017, 44.65438], [-78.13026, 44.65427], [-78.13027, 44.65425], [-78.1303, 44.65424], [-78.13031, 44.65422], [-78.13034, 44.6542], [-78.13035, 44.65418], [-78.13037, 44.65417], [-78.13039, 44.65415], [-78.1304, 44.65413], [-78.13042, 44.65411], [-78.13042, 44.65409], [-78.13043, 44.65407], [-78.13043, 44.65405], [-78.13044, 44.65402], [-78.13045, 44.654], [-78.13045, 44.65398], [-78.13044, 44.65395], [-78.13044, 44.65394], [-78.13044, 44.65392], [-78.13043, 44.6539], [-78.13042, 44.65388], [-78.13041, 44.65386], [-78.13038, 44.65383], [-78.13037, 44.65381], [-78.13036, 44.65379], [-78.13035, 44.65376], [-78.13034, 44.65374], [-78.13034, 44.65373], [-78.13034, 44.65371], [-78.13035, 44.65368], [-78.13035, 44.65365], [-78.13035, 44.65362], [-78.13036, 44.65356], [-78.13037, 44.65355], [-78.1304, 44.65347], [-78.13041, 44.65345], [-78.13043, 44.65341], [-78.13043, 44.65339], [-78.1305, 44.65325], [-78.1305, 44.65323], [-78.13051, 44.65321], [-78.13051, 44.65319], [-78.13052, 44.65316], [-78.13053, 44.65314], [-78.13056, 44.65307], [-78.13056, 44.65306], [-78.13057, 44.65303], [-78.13059, 44.65301], [-78.1306, 44.65298], [-78.13062, 44.65293], [-78.13062, 44.6529], [-78.13063, 44.65288], [-78.13063, 44.65284], [-78.13065, 44.65282], [-78.13069, 44.65273], [-78.1307, 44.65271], [-78.13073, 44.65265], [-78.13081, 44.65249], [-78.13082, 44.65246], [-78.13083, 44.65244], [-78.13084, 44.65242], [-78.13086, 44.6524], [-78.13087, 44.65238], [-78.13088, 44.65235], [-78.1309, 44.65234], [-78.1309, 44.65231], [-78.13091, 44.65229], [-78.13093, 44.65227], [-78.13094, 44.65226], [-78.13095, 44.65224], [-78.13099, 44.65222], [-78.131, 44.65221], [-78.13103, 44.65221], [-78.13105, 44.65221], [-78.13108, 44.65221], [-78.1311, 44.65222], [-78.13113, 44.65223], [-78.13115, 44.65224], [-78.13118, 44.65226], [-78.13119, 44.65228], [-78.1312, 44.65229], [-78.13121, 44.65232], [-78.13122, 44.65235], [-78.13125, 44.65239], [-78.13127, 44.65244], [-78.13128, 44.65247], [-78.13129, 44.65249], [-78.13129, 44.65252], [-78.1313, 44.65254], [-78.1313, 44.65257], [-78.13132, 44.65265], [-78.13133, 44.65267], [-78.13135, 44.6527], [-78.13136, 44.65272], [-78.13137, 44.65274], [-78.13138, 44.65276], [-78.1314, 44.65278], [-78.13143, 44.65283], [-78.13145, 44.65284], [-78.13146, 44.65286], [-78.13149, 44.65287], [-78.1315, 44.65289], [-78.13152, 44.6529], [-78.13155, 44.65292], [-78.13157, 44.65294], [-78.1316, 44.65295], [-78.13162, 44.65295], [-78.13165, 44.65295], [-78.13167, 44.65295], [-78.13171, 44.65294], [-78.13174, 44.65293], [-78.13175, 44.65292], [-78.13176, 44.6529], [-78.13179, 44.65288], [-78.1318, 44.65286], [-78.13182, 44.65284], [-78.13186, 44.65281], [-78.13188, 44.65278], [-78.1319, 44.65277], [-78.1319, 44.65275], [-78.13193, 44.65271], [-78.13194, 44.65269], [-78.13195, 44.65266], [-78.13197, 44.65261], [-78.13199, 44.65259], [-78.13201, 44.65256], [-78.13202, 44.65253], [-78.13204, 44.6525], [-78.13204, 44.65248], [-78.13205, 44.65245], [-78.13207, 44.65243], [-78.13209, 44.65239], [-78.13216, 44.65228], [-78.13217, 44.65226], [-78.13219, 44.65224], [-78.1322, 44.65222], [-78.13222, 44.6522], [-78.13223, 44.65218], [-78.13224, 44.65216], [-78.13227, 44.65214], [-78.13228, 44.65213], [-78.13231, 44.65211], [-78.13233, 44.65209], [-78.13235, 44.65208], [-78.13236, 44.65207], [-78.13239, 44.65205], [-78.1324, 44.65203], [-78.1324, 44.65201], [-78.13241, 44.652], [-78.13243, 44.65197], [-78.13243, 44.65195], [-78.13242, 44.65191], [-78.13242, 44.65189], [-78.13242, 44.65187], [-78.13241, 44.65184], [-78.13241, 44.65182], [-78.13241, 44.6518], [-78.1324, 44.65173], [-78.13242, 44.65171], [-78.13243, 44.65169], [-78.13244, 44.65167], [-78.13246, 44.65165], [-78.13247, 44.65164], [-78.1325, 44.65162], [-78.13251, 44.6516], [-78.13254, 44.65159], [-78.13255, 44.65157], [-78.13258, 44.65155], [-78.13259, 44.65153], [-78.13261, 44.65151], [-78.13263, 44.6515], [-78.13265, 44.65148], [-78.13267, 44.65146], [-78.13269, 44.65144], [-78.13271, 44.65142], [-78.13272, 44.6514], [-78.13273, 44.65138], [-78.13275, 44.65136], [-78.13276, 44.65135], [-78.13278, 44.65133], [-78.13279, 44.65131], [-78.13282, 44.65128], [-78.13283, 44.65127], [-78.13285, 44.65126], [-78.13287, 44.65124], [-78.13288, 44.65123], [-78.13289, 44.65121], [-78.13291, 44.65119], [-78.13293, 44.65118], [-78.13295, 44.65116], [-78.13297, 44.65114], [-78.133, 44.65111], [-78.13301, 44.65109], [-78.13307, 44.65105], [-78.13308, 44.65103], [-78.13309, 44.65101], [-78.13311, 44.651], [-78.13312, 44.65098], [-78.13316, 44.65091], [-78.13318, 44.65089], [-78.13318, 44.65087], [-78.13319, 44.65085], [-78.1332, 44.65084], [-78.13322, 44.65082], [-78.13323, 44.6508], [-78.13326, 44.65077], [-78.13327, 44.65076], [-78.1333, 44.65074], [-78.13331, 44.65071], [-78.13332, 44.65069], [-78.13334, 44.65065], [-78.13336, 44.65063], [-78.13338, 44.65061], [-78.13339, 44.65059], [-78.13343, 44.65056], [-78.13344, 44.65054], [-78.13347, 44.65052], [-78.13348, 44.6505], [-78.1335, 44.65046], [-78.13353, 44.65044], [-78.13354, 44.65042], [-78.13355, 44.6504], [-78.13355, 44.65038], [-78.13357, 44.65036], [-78.13358, 44.65033], [-78.13358, 44.6503], [-78.13358, 44.65028], [-78.13358, 44.65026], [-78.13358, 44.65012], [-78.13357, 44.64996], [-78.13356, 44.64977], [-78.13356, 44.64976], [-78.13356, 44.64974], [-78.13355, 44.6497], [-78.13354, 44.64956], [-78.13355, 44.64951], [-78.13355, 44.64948], [-78.13355, 44.64946], [-78.13355, 44.64944], [-78.13355, 44.64942], [-78.13356, 44.6494], [-78.13358, 44.64938], [-78.13359, 44.64936], [-78.1336, 44.64934], [-78.13361, 44.64932], [-78.13361, 44.64931], [-78.13361, 44.64928], [-78.13361, 44.64925], [-78.1336, 44.64922], [-78.1336, 44.6492], [-78.13359, 44.64917], [-78.13358, 44.64915], [-78.13358, 44.64913], [-78.13358, 44.64911], [-78.13357, 44.64908], [-78.13357, 44.64905], [-78.13356, 44.64903], [-78.13356, 44.64902], [-78.13355, 44.649], [-78.13353, 44.64898], [-78.13352, 44.64896], [-78.13351, 44.64894], [-78.13351, 44.64893], [-78.13351, 44.6489], [-78.13351, 44.64888], [-78.1335, 44.64874], [-78.1335, 44.64865], [-78.1335, 44.64863], [-78.1335, 44.64861], [-78.13352, 44.64858], [-78.13351, 44.64854], [-78.13351, 44.64852], [-78.13348, 44.6485], [-78.13347, 44.64848], [-78.13346, 44.64847], [-78.13346, 44.64845], [-78.13345, 44.64842], [-78.13344, 44.6484], [-78.13344, 44.64838], [-78.13344, 44.64837], [-78.13344, 44.64833], [-78.13345, 44.64831], [-78.13347, 44.64829], [-78.13348, 44.64826], [-78.13351, 44.64823], [-78.13352, 44.64821], [-78.13354, 44.64819], [-78.13356, 44.64818], [-78.13357, 44.64816], [-78.13359, 44.64814], [-78.1336, 44.64813], [-78.13363, 44.64808], [-78.13364, 44.64806], [-78.13366, 44.64806], [-78.13367, 44.64804], [-78.13368, 44.64802], [-78.13371, 44.64799], [-78.13374, 44.64798], [-78.13375, 44.64795], [-78.13378, 44.64793], [-78.13379, 44.64792], [-78.1338, 44.6479], [-78.13382, 44.64787], [-78.13384, 44.64784], [-78.13387, 44.64781], [-78.13388, 44.64778], [-78.13394, 44.64772], [-78.13394, 44.6477], [-78.13396, 44.64769], [-78.13402, 44.64761], [-78.13403, 44.64758], [-78.13405, 44.64756], [-78.13405, 44.64754], [-78.13406, 44.64752], [-78.13407, 44.6475], [-78.13409, 44.64747], [-78.13413, 44.64741], [-78.13413, 44.64738], [-78.13414, 44.64737], [-78.13416, 44.64735], [-78.13416, 44.64731], [-78.13417, 44.64729], [-78.13419, 44.64725], [-78.1342, 44.64722], [-78.13421, 44.64721], [-78.13422, 44.64718], [-78.13423, 44.64715], [-78.13424, 44.64713], [-78.13426, 44.64708], [-78.13427, 44.64706], [-78.1343, 44.64697], [-78.1343, 44.64696], [-78.13432, 44.64694], [-78.13433, 44.64692], [-78.13434, 44.6469], [-78.13437, 44.64689], [-78.1344, 44.64686], [-78.13441, 44.64684], [-78.13444, 44.64682], [-78.13446, 44.6468], [-78.1345, 44.64676], [-78.13451, 44.64675], [-78.13454, 44.64673], [-78.13455, 44.64671], [-78.13458, 44.64668], [-78.13459, 44.64667], [-78.13461, 44.64664], [-78.13461, 44.64662], [-78.13461, 44.6466], [-78.13461, 44.64659], [-78.13461, 44.64653], [-78.13461, 44.64638], [-78.1346, 44.64635], [-78.13459, 44.64629], [-78.13459, 44.64627], [-78.13458, 44.64624], [-78.13458, 44.64622], [-78.13457, 44.6462], [-78.13456, 44.64617], [-78.13449, 44.64603], [-78.13448, 44.64598], [-78.13446, 44.64596], [-78.13445, 44.64593], [-78.13445, 44.64592], [-78.13444, 44.6459], [-78.13444, 44.64578], [-78.13442, 44.64575], [-78.13441, 44.64573], [-78.1344, 44.64572], [-78.13439, 44.6457], [-78.13438, 44.64569], [-78.13433, 44.64563], [-78.13431, 44.64561], [-78.13428, 44.6456], [-78.13427, 44.64558], [-78.13421, 44.64552], [-78.13419, 44.64549], [-78.13416, 44.64547], [-78.13414, 44.64545], [-78.13413, 44.64543], [-78.13411, 44.64541], [-78.13405, 44.64533], [-78.13403, 44.64529], [-78.13402, 44.64527], [-78.13402, 44.64525], [-78.13402, 44.64523], [-78.13401, 44.64518], [-78.134, 44.64508], [-78.134, 44.64506], [-78.13401, 44.64493], [-78.13401, 44.64491], [-78.13403, 44.64489], [-78.13404, 44.64487], [-78.13405, 44.64485], [-78.13408, 44.64483], [-78.1341, 44.64483], [-78.13412, 44.64482], [-78.13414, 44.64479], [-78.13417, 44.64477], [-78.1342, 44.64477], [-78.13421, 44.64476], [-78.13423, 44.64475], [-78.13427, 44.64475], [-78.13439, 44.64475], [-78.13442, 44.64476], [-78.13446, 44.64478], [-78.1345, 44.64479], [-78.13452, 44.6448], [-78.13455, 44.64481], [-78.13456, 44.64483], [-78.13459, 44.64487], [-78.13462, 44.6449], [-78.13464, 44.64492], [-78.13467, 44.64493], [-78.1347, 44.64493], [-78.13473, 44.64493], [-78.13476, 44.64493], [-78.13478, 44.64492], [-78.13481, 44.64491], [-78.13485, 44.6449], [-78.13488, 44.64488], [-78.13491, 44.64486], [-78.13494, 44.64485], [-78.13496, 44.64483], [-78.13498, 44.64482], [-78.13499, 44.64479], [-78.13499, 44.64478], [-78.135, 44.64475], [-78.135, 44.64473], [-78.13502, 44.64471], [-78.13503, 44.64468], [-78.13503, 44.64465], [-78.13505, 44.64462], [-78.13505, 44.6446], [-78.13505, 44.64458], [-78.13505, 44.64454], [-78.13505, 44.64453], [-78.13505, 44.6445], [-78.13505, 44.64448], [-78.13506, 44.64446], [-78.13506, 44.64444], [-78.13505, 44.64441], [-78.13505, 44.64437], [-78.13505, 44.64434], [-78.13506, 44.64432], [-78.13506, 44.64429], [-78.13507, 44.64425], [-78.13507, 44.64423], [-78.13512, 44.64409], [-78.13514, 44.64406], [-78.13515, 44.64403], [-78.13517, 44.644], [-78.13518, 44.64397], [-78.13519, 44.64395], [-78.13521, 44.64393], [-78.13522, 44.64391], [-78.13522, 44.64388], [-78.13524, 44.64386], [-78.13525, 44.64384], [-78.13526, 44.6438], [-78.13528, 44.64378], [-78.13528, 44.64376], [-78.13531, 44.64371], [-78.13532, 44.6437], [-78.13532, 44.64367], [-78.13534, 44.64365], [-78.13534, 44.64362], [-78.13535, 44.6436], [-78.13535, 44.64358], [-78.13535, 44.64356], [-78.13535, 44.64353], [-78.13535, 44.64351], [-78.13536, 44.64349], [-78.13536, 44.64347], [-78.13535, 44.64345], [-78.13533, 44.64343], [-78.13532, 44.64339], [-78.13532, 44.64336], [-78.13531, 44.64333], [-78.13532, 44.64325], [-78.13532, 44.64324], [-78.13533, 44.64321], [-78.13533, 44.64319], [-78.13535, 44.64317], [-78.13536, 44.64315], [-78.13537, 44.64313], [-78.13539, 44.64311], [-78.1354, 44.64309], [-78.13541, 44.64308], [-78.13543, 44.64305], [-78.13544, 44.64303], [-78.13545, 44.64301], [-78.13547, 44.643], [-78.13548, 44.64298], [-78.1355, 44.64295], [-78.13551, 44.64294], [-78.13552, 44.6429], [-78.13554, 44.64288], [-78.13555, 44.64286], [-78.13556, 44.64286], [-78.13559, 44.64284], [-78.1356, 44.64282], [-78.13563, 44.6428], [-78.13564, 44.64279], [-78.13567, 44.64278], [-78.13569, 44.64277], [-78.13572, 44.64274], [-78.13575, 44.64273], [-78.13576, 44.64272], [-78.13577, 44.6427], [-78.13577, 44.64268], [-78.13579, 44.64266], [-78.13579, 44.64263], [-78.13579, 44.6426], [-78.13579, 44.64257], [-78.13578, 44.64255], [-78.13577, 44.64246], [-78.13577, 44.64244], [-78.13575, 44.64242], [-78.13574, 44.6424], [-78.13573, 44.64237], [-78.1357, 44.64236], [-78.13562, 44.64228], [-78.13561, 44.64226], [-78.13559, 44.64224], [-78.13558, 44.64223], [-78.13556, 44.64222], [-78.13555, 44.64219], [-78.13552, 44.64216], [-78.13551, 44.64213], [-78.13551, 44.64212], [-78.13549, 44.6421], [-78.13548, 44.64207], [-78.13545, 44.64204], [-78.13544, 44.64202], [-78.13543, 44.64199], [-78.13542, 44.64197], [-78.13542, 44.64195], [-78.13541, 44.64192], [-78.1354, 44.6419], [-78.1354, 44.64188], [-78.13539, 44.64185], [-78.13537, 44.64183], [-78.13535, 44.64181], [-78.13534, 44.64179], [-78.13533, 44.64177], [-78.13532, 44.64174], [-78.13529, 44.64172], [-78.13528, 44.64171], [-78.13526, 44.64169], [-78.13524, 44.64167], [-78.13522, 44.64163], [-78.13521, 44.64161], [-78.1352, 44.64159], [-78.13519, 44.64157], [-78.13517, 44.64154], [-78.13516, 44.64152], [-78.13515, 44.6415], [-78.13513, 44.64146], [-78.13513, 44.64143], [-78.13512, 44.6414], [-78.13511, 44.64139], [-78.13503, 44.64119], [-78.13503, 44.64117], [-78.13503, 44.64115], [-78.13502, 44.64113], [-78.13501, 44.6411], [-78.135, 44.64109], [-78.135, 44.64107], [-78.13498, 44.64104], [-78.13499, 44.64102], [-78.13499, 44.641], [-78.13498, 44.64098], [-78.13498, 44.6409], [-78.13498, 44.64088], [-78.13498, 44.64086], [-78.13501, 44.64084], [-78.13503, 44.64083], [-78.13506, 44.64082], [-78.13508, 44.64081], [-78.13511, 44.6408], [-78.13514, 44.6408], [-78.13516, 44.64081], [-78.1352, 44.64082], [-78.13522, 44.64082], [-78.13525, 44.64082], [-78.13527, 44.64082], [-78.13531, 44.64082], [-78.13534, 44.64083], [-78.13537, 44.64083], [-78.1354, 44.64084], [-78.13542, 44.64084], [-78.13545, 44.64085], [-78.13549, 44.64085], [-78.13551, 44.64086], [-78.13557, 44.64085], [-78.1356, 44.64085], [-78.13562, 44.64085], [-78.13566, 44.64085], [-78.13569, 44.64086], [-78.13571, 44.64086], [-78.13574, 44.64087], [-78.13577, 44.64088], [-78.1358, 44.64089], [-78.13582, 44.64089], [-78.13585, 44.6409], [-78.13589, 44.64091], [-78.13601, 44.64093], [-78.13604, 44.64093], [-78.13622, 44.64101], [-78.13626, 44.64101], [-78.13628, 44.64101], [-78.13634, 44.64101], [-78.13636, 44.64102], [-78.13639, 44.64102], [-78.13641, 44.64103], [-78.13645, 44.64102], [-78.13647, 44.64101], [-78.13651, 44.64101], [-78.13654, 44.641], [-78.13656, 44.64099], [-78.1366, 44.64097], [-78.13663, 44.64096], [-78.13665, 44.64095], [-78.13667, 44.64093], [-78.13671, 44.6409], [-78.13675, 44.64087], [-78.13677, 44.64086], [-78.1368, 44.64084], [-78.13682, 44.64083], [-78.13684, 44.64082], [-78.13686, 44.64081], [-78.13688, 44.64079], [-78.13689, 44.64077], [-78.13692, 44.64076], [-78.13693, 44.64074], [-78.13694, 44.64071], [-78.13696, 44.64069], [-78.13697, 44.64068], [-78.13698, 44.64066], [-78.137, 44.64064], [-78.13701, 44.64061], [-78.13704, 44.6406], [-78.13705, 44.64059], [-78.13706, 44.64057], [-78.13709, 44.64055], [-78.1371, 44.64054], [-78.13714, 44.6405], [-78.13717, 44.64048], [-78.13718, 44.64047], [-78.13721, 44.64045], [-78.13722, 44.64043], [-78.13723, 44.64041], [-78.13725, 44.64039], [-78.13725, 44.64037], [-78.13724, 44.64035], [-78.13724, 44.64033], [-78.13723, 44.6403], [-78.13722, 44.64026], [-78.13722, 44.64024], [-78.13721, 44.64022], [-78.13721, 44.6402], [-78.13721, 44.64018], [-78.13721, 44.64015], [-78.13721, 44.64013], [-78.13721, 44.64011], [-78.13721, 44.64009], [-78.13723, 44.64007], [-78.13723, 44.64005], [-78.13725, 44.64001], [-78.13727, 44.63999], [-78.13728, 44.63997], [-78.1373, 44.63996], [-78.13731, 44.63994], [-78.13732, 44.63991], [-78.13735, 44.63987], [-78.13739, 44.63981], [-78.1374, 44.6398], [-78.13742, 44.63978], [-78.13743, 44.63976], [-78.13744, 44.63974], [-78.13745, 44.63972], [-78.1375, 44.63964], [-78.13751, 44.63961], [-78.13753, 44.63959], [-78.13754, 44.63956], [-78.13756, 44.63954], [-78.13756, 44.63952], [-78.13756, 44.6395], [-78.13757, 44.63948], [-78.13757, 44.63946], [-78.13759, 44.63939], [-78.13759, 44.63937], [-78.13759, 44.63934], [-78.1376, 44.63932], [-78.13761, 44.63927], [-78.13762, 44.63923], [-78.13765, 44.63914], [-78.13765, 44.63912], [-78.13767, 44.63909], [-78.13768, 44.63907], [-78.13772, 44.63894], [-78.13772, 44.63891], [-78.13773, 44.63883], [-78.13774, 44.63881], [-78.13774, 44.63879], [-78.13774, 44.63876], [-78.13776, 44.63874], [-78.13776, 44.63872], [-78.13776, 44.63871], [-78.13777, 44.63868], [-78.13777, 44.63866], [-78.13778, 44.63863], [-78.13777, 44.63849], [-78.13777, 44.63845], [-78.13777, 44.63844], [-78.13777, 44.63841], [-78.13779, 44.63839], [-78.1378, 44.63837], [-78.1378, 44.63835], [-78.13782, 44.63833], [-78.13782, 44.63831], [-78.13782, 44.63828], [-78.13782, 44.63826], [-78.13783, 44.63824], [-78.13783, 44.63821], [-78.13784, 44.63811], [-78.13785, 44.63808], [-78.13786, 44.63805], [-78.13791, 44.63791], [-78.13791, 44.63788], [-78.13793, 44.63774], [-78.13793, 44.63772], [-78.13794, 44.63769], [-78.13795, 44.63767], [-78.13796, 44.63763], [-78.13797, 44.6376], [-78.13797, 44.63759], [-78.13797, 44.63756], [-78.13797, 44.63754], [-78.13797, 44.63751], [-78.13799, 44.63745], [-78.13799, 44.63742], [-78.138, 44.63741], [-78.138, 44.63739], [-78.13803, 44.63736], [-78.13804, 44.63734], [-78.13804, 44.63731], [-78.13806, 44.63728], [-78.13807, 44.63726], [-78.13807, 44.63724], [-78.13809, 44.63721], [-78.1381, 44.63718], [-78.1381, 44.63716], [-78.13812, 44.63713], [-78.13812, 44.63711], [-78.13812, 44.63709], [-78.13813, 44.63708], [-78.13814, 44.63705], [-78.13816, 44.63702], [-78.13817, 44.63698], [-78.13819, 44.63695], [-78.13824, 44.63681], [-78.13826, 44.63677], [-78.13829, 44.63674], [-78.13833, 44.63663], [-78.13833, 44.63661], [-78.13834, 44.63659], [-78.13834, 44.63657], [-78.13836, 44.63654], [-78.13836, 44.63652], [-78.13837, 44.6365], [-78.13837, 44.63648], [-78.13839, 44.63646], [-78.13839, 44.63644], [-78.1384, 44.63642], [-78.13842, 44.63638], [-78.13843, 44.63636], [-78.13843, 44.63634], [-78.13843, 44.63632], [-78.13845, 44.63629], [-78.13845, 44.63627], [-78.13845, 44.63622], [-78.13846, 44.6362], [-78.13846, 44.63618], [-78.13847, 44.63614], [-78.13847, 44.63612], [-78.13848, 44.6361], [-78.13848, 44.63608], [-78.13848, 44.63605], [-78.1385, 44.63602], [-78.13851, 44.63601], [-78.13851, 44.63598], [-78.13853, 44.63595], [-78.13853, 44.63593], [-78.13856, 44.63578], [-78.13871, 44.63536], [-78.13871, 44.63535], [-78.13872, 44.63533], [-78.13873, 44.63531], [-78.13874, 44.63528], [-78.13875, 44.63527], [-78.13876, 44.63525], [-78.13876, 44.63522], [-78.13879, 44.63513], [-78.13882, 44.6351], [-78.13882, 44.63509], [-78.13883, 44.63507], [-78.13885, 44.63505], [-78.13886, 44.63502], [-78.13886, 44.63501], [-78.13891, 44.63489], [-78.13891, 44.63487], [-78.13891, 44.63482], [-78.13891, 44.6348], [-78.13891, 44.63477], [-78.13891, 44.63463], [-78.13891, 44.6346], [-78.1389, 44.63454], [-78.1389, 44.63451], [-78.13883, 44.6343], [-78.13883, 44.63421], [-78.13883, 44.63419], [-78.13884, 44.63416], [-78.13886, 44.63412], [-78.13888, 44.6341], [-78.1389, 44.63408], [-78.13892, 44.63405], [-78.13896, 44.63404], [-78.13899, 44.63402], [-78.13901, 44.634], [-78.13905, 44.63399], [-78.13909, 44.63399], [-78.13913, 44.63398], [-78.13915, 44.63397], [-78.13919, 44.63396], [-78.13923, 44.63396], [-78.13927, 44.63396], [-78.13934, 44.63397], [-78.13938, 44.63398], [-78.13943, 44.63399], [-78.13947, 44.63401], [-78.13954, 44.63403], [-78.13958, 44.63404], [-78.13962, 44.63405], [-78.13965, 44.63405], [-78.13969, 44.63406], [-78.13974, 44.63407], [-78.13978, 44.63406], [-78.13983, 44.63406], [-78.13988, 44.63405], [-78.13993, 44.63405], [-78.13997, 44.63404], [-78.13999, 44.63404], [-78.14003, 44.63402], [-78.14007, 44.63401], [-78.1401, 44.63398], [-78.14012, 44.63396], [-78.14015, 44.63393], [-78.14018, 44.63391], [-78.1402, 44.63387], [-78.14022, 44.63383], [-78.14023, 44.63379], [-78.14025, 44.63375], [-78.14025, 44.63373], [-78.14025, 44.6337], [-78.14025, 44.63367], [-78.14024, 44.63365], [-78.14023, 44.63362], [-78.14019, 44.6336], [-78.14016, 44.63359], [-78.14012, 44.63358], [-78.14008, 44.63358], [-78.14004, 44.63357], [-78.13997, 44.63356], [-78.13992, 44.63356], [-78.13982, 44.63355], [-78.13977, 44.63354], [-78.13972, 44.63353], [-78.13967, 44.63352], [-78.13958, 44.63351], [-78.13953, 44.63351], [-78.13948, 44.6335], [-78.13943, 44.63349], [-78.13938, 44.63347], [-78.13933, 44.63345], [-78.13929, 44.63343], [-78.13926, 44.63341], [-78.13923, 44.63339], [-78.13922, 44.63336], [-78.13921, 44.63332], [-78.13921, 44.6333], [-78.13921, 44.63326], [-78.13924, 44.63322], [-78.13927, 44.63319], [-78.13931, 44.63316], [-78.13933, 44.63313], [-78.13937, 44.6331], [-78.1394, 44.63308], [-78.13954, 44.63295], [-78.13965, 44.63287], [-78.1397, 44.63283], [-78.13974, 44.63281], [-78.13979, 44.63279], [-78.13988, 44.63275], [-78.13993, 44.63273], [-78.13997, 44.63271], [-78.14001, 44.6327], [-78.14006, 44.63269], [-78.1401, 44.63266], [-78.14015, 44.63264], [-78.14026, 44.63258], [-78.14028, 44.63256], [-78.1403, 44.63253], [-78.1403, 44.63251], [-78.1403, 44.63249], [-78.14029, 44.63247], [-78.14027, 44.63244], [-78.14025, 44.63241], [-78.14023, 44.63239], [-78.14022, 44.63236], [-78.14019, 44.63232], [-78.14018, 44.63229], [-78.14016, 44.63226], [-78.14012, 44.63222], [-78.14008, 44.6322], [-78.14006, 44.63217], [-78.14002, 44.63216], [-78.13999, 44.63214], [-78.13995, 44.63213], [-78.1399, 44.63212], [-78.13985, 44.63211], [-78.1398, 44.6321], [-78.13975, 44.63209], [-78.1397, 44.63209], [-78.13952, 44.63208], [-78.13947, 44.63208], [-78.13944, 44.63208], [-78.13937, 44.63208], [-78.13932, 44.63207], [-78.13926, 44.63206], [-78.13921, 44.63205], [-78.13917, 44.63204], [-78.13912, 44.63203], [-78.13907, 44.63201], [-78.13904, 44.632], [-78.13899, 44.63198], [-78.13894, 44.63195], [-78.1389, 44.63191], [-78.13886, 44.63189], [-78.13884, 44.63186], [-78.13882, 44.63183], [-78.13881, 44.6318], [-78.13881, 44.63176], [-78.1388, 44.63172], [-78.13881, 44.63167], [-78.13881, 44.63163], [-78.13882, 44.63159], [-78.13883, 44.63156], [-78.13886, 44.63152], [-78.13894, 44.63139], [-78.13897, 44.63135], [-78.13901, 44.63131], [-78.13903, 44.63128], [-78.13907, 44.63124], [-78.1391, 44.63121], [-78.13914, 44.63119], [-78.13923, 44.63111], [-78.13928, 44.63108], [-78.13933, 44.63107], [-78.13938, 44.63105], [-78.13944, 44.63105], [-78.13949, 44.63105], [-78.13952, 44.63106], [-78.13961, 44.63107], [-78.13966, 44.63107], [-78.13971, 44.63107], [-78.13976, 44.63105], [-78.1398, 44.63103], [-78.13984, 44.631], [-78.13988, 44.63097], [-78.13992, 44.63094], [-78.13996, 44.63092], [-78.14002, 44.63087], [-78.14005, 44.63083], [-78.14021, 44.6307], [-78.14035, 44.63057], [-78.14039, 44.63053], [-78.14043, 44.6305], [-78.14047, 44.63046], [-78.1406, 44.63035], [-78.14067, 44.63032], [-78.14072, 44.63029], [-78.1408, 44.63025], [-78.14089, 44.63021], [-78.14094, 44.63019], [-78.14099, 44.63016], [-78.14106, 44.63015], [-78.14111, 44.63014], [-78.14125, 44.6301], [-78.1413, 44.63009], [-78.14134, 44.63007], [-78.1414, 44.63006], [-78.14146, 44.63005], [-78.14153, 44.63003], [-78.14158, 44.63002], [-78.14164, 44.63002], [-78.14168, 44.63001], [-78.14173, 44.63001], [-78.14178, 44.63], [-78.14183, 44.63], [-78.14189, 44.63001], [-78.14196, 44.63001], [-78.14201, 44.63002], [-78.14206, 44.63002], [-78.1421, 44.63003], [-78.14215, 44.63003], [-78.1422, 44.63003], [-78.14223, 44.63002], [-78.14227, 44.63001], [-78.1423, 44.63], [-78.14232, 44.62997], [-78.14235, 44.62994], [-78.14239, 44.6299], [-78.14242, 44.62987], [-78.14242, 44.62986], [-78.14242, 44.62984], [-78.14251, 44.62976], [-78.14253, 44.62973], [-78.14257, 44.62965], [-78.14264, 44.62949], [-78.14265, 44.62947], [-78.14265, 44.62943], [-78.14266, 44.62939], [-78.14266, 44.62936], [-78.14266, 44.62933], [-78.14266, 44.62926], [-78.14265, 44.62923], [-78.14264, 44.6292], [-78.14263, 44.62917], [-78.14259, 44.6291], [-78.14257, 44.62907], [-78.14255, 44.62903], [-78.14254, 44.629], [-78.14248, 44.62893], [-78.14244, 44.62887], [-78.14241, 44.62883], [-78.14238, 44.62879], [-78.14235, 44.62876], [-78.14231, 44.62873], [-78.14227, 44.6287], [-78.1422, 44.62864], [-78.14218, 44.62861], [-78.14212, 44.62855], [-78.14209, 44.62852], [-78.14199, 44.62837], [-78.14196, 44.62834], [-78.14194, 44.62831], [-78.14193, 44.62827], [-78.14192, 44.62824], [-78.14189, 44.6282], [-78.14188, 44.62817], [-78.14186, 44.62814], [-78.14184, 44.62811], [-78.14155, 44.62784], [-78.14151, 44.62783], [-78.1415, 44.62781], [-78.14147, 44.62779], [-78.14145, 44.62777], [-78.14141, 44.62775], [-78.14139, 44.62772], [-78.14137, 44.6277], [-78.14132, 44.62764], [-78.14129, 44.6276], [-78.14127, 44.62758], [-78.14126, 44.62754], [-78.14125, 44.6275], [-78.14124, 44.62748], [-78.14122, 44.62741], [-78.14122, 44.62739], [-78.14121, 44.62735], [-78.14121, 44.62732], [-78.14121, 44.62729], [-78.14121, 44.62724], [-78.14121, 44.62722], [-78.14123, 44.62718], [-78.14124, 44.62715], [-78.14127, 44.62714], [-78.14128, 44.62711], [-78.14131, 44.62709], [-78.14133, 44.62707], [-78.14135, 44.62705], [-78.14139, 44.62703], [-78.14149, 44.62697], [-78.14152, 44.62694], [-78.14155, 44.62692], [-78.1417, 44.6268], [-78.14173, 44.62677], [-78.14175, 44.62674], [-78.14188, 44.62661], [-78.14191, 44.62658], [-78.14194, 44.62656], [-78.14203, 44.62646], [-78.14206, 44.62644], [-78.14208, 44.62642], [-78.14211, 44.62639], [-78.14225, 44.62629], [-78.1424, 44.62617], [-78.14244, 44.62615], [-78.14246, 44.62612], [-78.14252, 44.62606], [-78.14258, 44.626], [-78.14262, 44.62595], [-78.14268, 44.62589], [-78.1427, 44.62587], [-78.14273, 44.62584], [-78.14278, 44.62579], [-78.14281, 44.62576], [-78.14285, 44.6257], [-78.14288, 44.62566], [-78.14293, 44.62558], [-78.14295, 44.62556], [-78.14296, 44.62553], [-78.14296, 44.6255], [-78.14296, 44.62548], [-78.14296, 44.62544], [-78.14296, 44.62541], [-78.14295, 44.62538], [-78.14294, 44.62534], [-78.14292, 44.62531], [-78.1429, 44.62529], [-78.14286, 44.62526], [-78.14283, 44.62524], [-78.14276, 44.62519], [-78.14269, 44.62514], [-78.1426, 44.62508], [-78.14255, 44.62505], [-78.14247, 44.62501], [-78.14239, 44.62496], [-78.14232, 44.62492], [-78.14227, 44.62489], [-78.14222, 44.62487], [-78.14216, 44.62485], [-78.14207, 44.62482], [-78.14202, 44.6248], [-78.14199, 44.62478], [-78.14195, 44.62476], [-78.14191, 44.62473], [-78.14188, 44.62471], [-78.14184, 44.62468], [-78.1418, 44.62466], [-78.14178, 44.62464], [-78.14174, 44.62461], [-78.14173, 44.62458], [-78.14172, 44.62455], [-78.14171, 44.62452], [-78.14171, 44.62448], [-78.14173, 44.62445], [-78.14175, 44.62441], [-78.14177, 44.62438], [-78.14178, 44.62435], [-78.14181, 44.62432], [-78.14183, 44.62431], [-78.14186, 44.62428], [-78.14189, 44.62425], [-78.14193, 44.6242], [-78.14195, 44.62416], [-78.14197, 44.62413], [-78.14196, 44.62409], [-78.14176, 44.62374], [-78.14178, 44.62371], [-78.14179, 44.62369], [-78.14182, 44.62367], [-78.14183, 44.62364], [-78.14186, 44.62361], [-78.14188, 44.62359], [-78.14197, 44.62351], [-78.142, 44.62347], [-78.14203, 44.62344], [-78.1421, 44.62335], [-78.14212, 44.62331], [-78.14214, 44.62328], [-78.14215, 44.62323], [-78.14217, 44.6232], [-78.14218, 44.62315], [-78.1422, 44.62311], [-78.14223, 44.62299], [-78.14223, 44.62296], [-78.14222, 44.62292], [-78.14221, 44.62288], [-78.1422, 44.62286], [-78.14217, 44.62282], [-78.14215, 44.6228], [-78.14211, 44.62278], [-78.14207, 44.62276], [-78.14204, 44.62274], [-78.14199, 44.62273], [-78.14195, 44.62272], [-78.14191, 44.62271], [-78.14189, 44.6227], [-78.14185, 44.62269], [-78.14181, 44.62268], [-78.14179, 44.62266], [-78.14178, 44.62263], [-78.14177, 44.62261], [-78.14175, 44.62259], [-78.14176, 44.62257], [-78.14176, 44.62254], [-78.14177, 44.62251], [-78.14179, 44.62248], [-78.1418, 44.62245], [-78.14183, 44.6224], [-78.14184, 44.62236], [-78.1419, 44.62229], [-78.14192, 44.62225], [-78.14194, 44.62221], [-78.14203, 44.62204], [-78.14205, 44.62201], [-78.14209, 44.62189], [-78.14212, 44.62185], [-78.14215, 44.62182], [-78.14216, 44.62178], [-78.14219, 44.62175], [-78.1422, 44.62171], [-78.14224, 44.62164], [-78.14227, 44.62161], [-78.1423, 44.62157], [-78.14232, 44.62154], [-78.14236, 44.62152], [-78.1424, 44.6215], [-78.14247, 44.62146], [-78.1425, 44.62144], [-78.14254, 44.62142], [-78.14258, 44.6214], [-78.14269, 44.62134], [-78.14271, 44.62131], [-78.14275, 44.62129], [-78.14279, 44.62126], [-78.14282, 44.62123], [-78.14284, 44.62121], [-78.14287, 44.62118], [-78.1429, 44.62115], [-78.14291, 44.62113], [-78.14292, 44.6211], [-78.14294, 44.62107], [-78.14294, 44.62106], [-78.14294, 44.62103], [-78.14294, 44.62101], [-78.14296, 44.62087], [-78.14296, 44.62083], [-78.14298, 44.6208], [-78.14299, 44.62077], [-78.143, 44.62074], [-78.14302, 44.62072], [-78.14305, 44.62069], [-78.14307, 44.62067], [-78.14311, 44.62066], [-78.14315, 44.62067], [-78.14321, 44.62067], [-78.14325, 44.62067], [-78.14329, 44.62067], [-78.14331, 44.62068], [-78.14334, 44.62069], [-78.14335, 44.62071], [-78.14337, 44.62072], [-78.1434, 44.62075], [-78.14341, 44.62078], [-78.14342, 44.62081], [-78.14342, 44.62083], [-78.14341, 44.62087], [-78.1434, 44.62089], [-78.1434, 44.62091], [-78.1434, 44.62097], [-78.14341, 44.62104], [-78.1434, 44.62107], [-78.14342, 44.62109], [-78.14343, 44.62112], [-78.14345, 44.62115], [-78.14346, 44.62117], [-78.14349, 44.6212], [-78.14351, 44.62121], [-78.14357, 44.62127], [-78.14361, 44.6213], [-78.14367, 44.62135], [-78.14371, 44.62137], [-78.14375, 44.6214], [-78.14379, 44.62142], [-78.14384, 44.62144], [-78.14388, 44.62146], [-78.14393, 44.62147], [-78.14396, 44.62148], [-78.144, 44.62148], [-78.14404, 44.62148], [-78.14408, 44.62147], [-78.1441, 44.62146], [-78.14414, 44.62146], [-78.14418, 44.62144], [-78.14422, 44.62142], [-78.14426, 44.6214], [-78.1443, 44.62139], [-78.14432, 44.62136], [-78.14435, 44.62133], [-78.14436, 44.62131], [-78.14438, 44.62127], [-78.14439, 44.62124], [-78.14441, 44.6212], [-78.14441, 44.62117], [-78.14441, 44.62115], [-78.14441, 44.62111], [-78.1444, 44.62101], [-78.14442, 44.6209], [-78.14442, 44.62087], [-78.14444, 44.62083], [-78.14445, 44.62081], [-78.14447, 44.62077], [-78.14449, 44.62073], [-78.14452, 44.6207], [-78.14455, 44.62066], [-78.14457, 44.62062], [-78.1446, 44.62058], [-78.14464, 44.62056], [-78.14472, 44.62048], [-78.14483, 44.62036], [-78.14485, 44.62032], [-78.14493, 44.62022], [-78.14496, 44.6202], [-78.14499, 44.62016], [-78.14517, 44.61973], [-78.14519, 44.61971], [-78.14519, 44.61967], [-78.1452, 44.61965], [-78.1452, 44.61963], [-78.14522, 44.61961], [-78.14523, 44.61958], [-78.14524, 44.61957], [-78.14527, 44.61953], [-78.14528, 44.61951], [-78.14528, 44.61949], [-78.1453, 44.61947], [-78.14531, 44.61945], [-78.14531, 44.61943], [-78.14533, 44.61941], [-78.14534, 44.6194], [-78.14535, 44.61938], [-78.14537, 44.61935], [-78.14538, 44.61933], [-78.14541, 44.61927], [-78.14542, 44.61925], [-78.14547, 44.61915], [-78.14548, 44.61911], [-78.14551, 44.61908], [-78.14552, 44.61903], [-78.14555, 44.619], [-78.14558, 44.61896], [-78.14564, 44.61887], [-78.14567, 44.61884], [-78.14572, 44.61877], [-78.14574, 44.61872], [-78.14581, 44.6186], [-78.14582, 44.61856], [-78.14584, 44.61853], [-78.14585, 44.61849], [-78.14585, 44.61845], [-78.14587, 44.6184], [-78.14587, 44.61837], [-78.14587, 44.61833], [-78.14589, 44.61823], [-78.1459, 44.61819], [-78.14591, 44.61814], [-78.14591, 44.61797], [-78.14592, 44.61793], [-78.14594, 44.61777], [-78.14595, 44.61774], [-78.14596, 44.6177], [-78.14598, 44.61764], [-78.14603, 44.61747], [-78.14603, 44.61744], [-78.14603, 44.61742], [-78.14603, 44.61739], [-78.14601, 44.61736], [-78.146, 44.61732], [-78.14596, 44.6173], [-78.14584, 44.61714], [-78.14581, 44.6171], [-78.14575, 44.61704], [-78.14571, 44.617], [-78.14567, 44.61697], [-78.14564, 44.61693], [-78.14554, 44.61681], [-78.14546, 44.61672], [-78.14544, 44.61668], [-78.1454, 44.61663], [-78.14538, 44.61659], [-78.14531, 44.61647], [-78.14528, 44.61643], [-78.1452, 44.61632], [-78.14517, 44.61628], [-78.14512, 44.61623], [-78.14508, 44.61619], [-78.14503, 44.61617], [-78.145, 44.61613], [-78.14495, 44.61609], [-78.1449, 44.61606], [-78.14445, 44.61587], [-78.14443, 44.61587], [-78.14439, 44.61586], [-78.14437, 44.61586], [-78.1443, 44.61585], [-78.14427, 44.61584], [-78.14423, 44.61584], [-78.14418, 44.61584], [-78.14414, 44.61584], [-78.14409, 44.61584], [-78.14405, 44.61584], [-78.144, 44.61585], [-78.14396, 44.61587], [-78.14394, 44.61589], [-78.1439, 44.6159], [-78.14387, 44.61592], [-78.14383, 44.61595], [-78.14381, 44.61598], [-78.14377, 44.61602], [-78.1437, 44.61608], [-78.14366, 44.61611], [-78.14362, 44.61614], [-78.14349, 44.61623], [-78.14345, 44.61624], [-78.14341, 44.61626], [-78.14336, 44.61628], [-78.14332, 44.61629], [-78.14327, 44.61628], [-78.14322, 44.61628], [-78.14317, 44.61627], [-78.14314, 44.61626], [-78.1431, 44.61624], [-78.14306, 44.61622], [-78.14304, 44.61621], [-78.14301, 44.61619], [-78.14299, 44.61617], [-78.14298, 44.61614], [-78.14297, 44.61611], [-78.14297, 44.61608], [-78.14297, 44.61604], [-78.14297, 44.61602], [-78.143, 44.61598], [-78.14303, 44.61595], [-78.14305, 44.61593], [-78.14309, 44.6159], [-78.14316, 44.61586], [-78.14318, 44.61582], [-78.14321, 44.6158], [-78.14332, 44.61566], [-78.14333, 44.61564], [-78.14335, 44.6156], [-78.14335, 44.61557], [-78.14335, 44.61555], [-78.14334, 44.61552], [-78.14331, 44.61549], [-78.1433, 44.61546], [-78.14328, 44.61542], [-78.14324, 44.61539], [-78.14321, 44.61536], [-78.14317, 44.61535], [-78.14312, 44.61533], [-78.14302, 44.61529], [-78.14298, 44.61528], [-78.14295, 44.61527], [-78.1429, 44.61527], [-78.14282, 44.61527], [-78.14277, 44.61528], [-78.14273, 44.61529], [-78.14268, 44.6153], [-78.14264, 44.61531], [-78.1426, 44.61532], [-78.14258, 44.61535], [-78.14254, 44.61537], [-78.1425, 44.61539], [-78.14247, 44.61542], [-78.14243, 44.61545], [-78.14239, 44.61547], [-78.14234, 44.6155], [-78.14229, 44.61551], [-78.14225, 44.61552], [-78.1422, 44.61554], [-78.14216, 44.61555], [-78.14213, 44.61554], [-78.14207, 44.61555], [-78.14204, 44.61555], [-78.142, 44.61555], [-78.14195, 44.61555], [-78.1419, 44.61554], [-78.14176, 44.61552], [-78.14172, 44.61551], [-78.14169, 44.61549], [-78.14164, 44.61548], [-78.1414, 44.61541], [-78.14131, 44.61537], [-78.14128, 44.61536], [-78.14109, 44.61528], [-78.14098, 44.61523], [-78.14094, 44.61521], [-78.14091, 44.61518], [-78.14088, 44.61515], [-78.14086, 44.61513], [-78.14084, 44.6151], [-78.14083, 44.61508], [-78.1408, 44.61499], [-78.14081, 44.61495], [-78.14081, 44.61493], [-78.14082, 44.6149], [-78.14082, 44.61487], [-78.14084, 44.61484], [-78.14085, 44.6148], [-78.14087, 44.61477], [-78.14088, 44.61473], [-78.1409, 44.61467], [-78.14091, 44.61463], [-78.14092, 44.6146], [-78.14094, 44.61457], [-78.14094, 44.61453], [-78.14094, 44.6145], [-78.14094, 44.61446], [-78.14096, 44.61442], [-78.14096, 44.61438], [-78.14097, 44.61434], [-78.14099, 44.61432], [-78.141, 44.61428], [-78.14103, 44.61418], [-78.14105, 44.61414], [-78.14106, 44.6141], [-78.14108, 44.61407], [-78.1411, 44.61403], [-78.14112, 44.614], [-78.14113, 44.61397], [-78.14119, 44.61383], [-78.14122, 44.61379], [-78.14123, 44.61376], [-78.14126, 44.61372], [-78.14132, 44.61363], [-78.14135, 44.61361], [-78.14146, 44.61347], [-78.14149, 44.61344], [-78.14151, 44.61339], [-78.14154, 44.61335], [-78.14154, 44.61332], [-78.14156, 44.61329], [-78.14157, 44.61325], [-78.14157, 44.61323], [-78.14157, 44.61319], [-78.14158, 44.61315], [-78.14158, 44.61313], [-78.14156, 44.61311], [-78.14155, 44.61309], [-78.14154, 44.61306], [-78.14153, 44.61304], [-78.14151, 44.61303], [-78.14149, 44.61301], [-78.14147, 44.613], [-78.14144, 44.61299], [-78.14141, 44.61299], [-78.14138, 44.61299], [-78.14134, 44.61299], [-78.14131, 44.61299], [-78.14128, 44.61299], [-78.14125, 44.613], [-78.14123, 44.613], [-78.1412, 44.61301], [-78.14118, 44.61303], [-78.14115, 44.61304], [-78.14113, 44.61305], [-78.1411, 44.61307], [-78.14107, 44.61309], [-78.14105, 44.6131], [-78.14103, 44.61312], [-78.14101, 44.61313], [-78.14098, 44.61315], [-78.14097, 44.61317], [-78.14094, 44.61317], [-78.14088, 44.6132], [-78.14085, 44.61322], [-78.14083, 44.61322], [-78.14079, 44.61322], [-78.14077, 44.61322], [-78.14073, 44.61322], [-78.1407, 44.61321], [-78.14067, 44.6132], [-78.14064, 44.61318], [-78.14062, 44.61317], [-78.14059, 44.61314], [-78.14058, 44.61312], [-78.14058, 44.61309], [-78.14058, 44.61307], [-78.14059, 44.61304], [-78.1406, 44.61301], [-78.14061, 44.61299], [-78.14063, 44.61296], [-78.14065, 44.61293], [-78.14072, 44.61284], [-78.14075, 44.61282], [-78.14077, 44.6128], [-78.1408, 44.61277], [-78.14083, 44.61276], [-78.14088, 44.61271], [-78.14096, 44.61263], [-78.14098, 44.61261], [-78.141, 44.61258], [-78.14101, 44.61255], [-78.14103, 44.61252], [-78.14104, 44.61249], [-78.14104, 44.61247], [-78.14104, 44.61245], [-78.14104, 44.61243], [-78.14103, 44.6124], [-78.14103, 44.61238], [-78.14102, 44.61237], [-78.141, 44.61235], [-78.14099, 44.61233], [-78.14096, 44.61231], [-78.14094, 44.6123], [-78.14091, 44.61228], [-78.14089, 44.61227], [-78.14085, 44.61226], [-78.14083, 44.61225], [-78.1408, 44.61225], [-78.14072, 44.61226], [-78.14069, 44.61226], [-78.14064, 44.61227], [-78.14061, 44.61227], [-78.14058, 44.61228], [-78.14056, 44.6123], [-78.14054, 44.61232], [-78.14052, 44.61233], [-78.14051, 44.61235], [-78.14047, 44.61239], [-78.14044, 44.61241], [-78.14043, 44.61241], [-78.1404, 44.61243], [-78.14037, 44.61245], [-78.14035, 44.61247], [-78.14031, 44.61248], [-78.14027, 44.61249], [-78.14022, 44.61251], [-78.14019, 44.61252], [-78.14017, 44.61252], [-78.14013, 44.61252], [-78.14011, 44.61252], [-78.14007, 44.61252], [-78.14003, 44.61252], [-78.13998, 44.61252], [-78.13994, 44.61252], [-78.13992, 44.61251], [-78.13988, 44.6125], [-78.13984, 44.61249], [-78.13982, 44.61248], [-78.13978, 44.61246], [-78.13976, 44.61243], [-78.13973, 44.61241], [-78.13971, 44.6124], [-78.13969, 44.61237], [-78.13967, 44.61234], [-78.13958, 44.6122], [-78.13956, 44.61218], [-78.13954, 44.61217], [-78.13952, 44.61215], [-78.13951, 44.61212], [-78.1394, 44.61199], [-78.13935, 44.61194], [-78.13933, 44.61191], [-78.13895, 44.6117], [-78.13892, 44.6117], [-78.13889, 44.6117], [-78.13885, 44.61169], [-78.13881, 44.61169], [-78.13877, 44.61169], [-78.13872, 44.61168], [-78.1386, 44.61166], [-78.13856, 44.61165], [-78.13852, 44.61164], [-78.13849, 44.61164], [-78.1384, 44.61162], [-78.13836, 44.61161], [-78.13834, 44.6116], [-78.13831, 44.6116], [-78.13829, 44.61159], [-78.13826, 44.61158], [-78.13824, 44.61158], [-78.1382, 44.61157], [-78.13818, 44.61156], [-78.1381, 44.61153], [-78.13806, 44.61152], [-78.13804, 44.61151], [-78.138, 44.61151], [-78.13796, 44.6115], [-78.13794, 44.6115], [-78.1379, 44.6115], [-78.13786, 44.61149], [-78.13781, 44.6115], [-78.13777, 44.6115], [-78.13774, 44.61151], [-78.13771, 44.61151], [-78.13767, 44.61152], [-78.13765, 44.61153], [-78.13762, 44.61154], [-78.1376, 44.61156], [-78.13758, 44.61157], [-78.13756, 44.61159], [-78.13754, 44.61161], [-78.13752, 44.61163], [-78.13749, 44.61166], [-78.13748, 44.61168], [-78.13746, 44.61171], [-78.13743, 44.61177], [-78.13742, 44.6118], [-78.13739, 44.61183], [-78.13737, 44.61186], [-78.13735, 44.61189], [-78.13724, 44.61202], [-78.13722, 44.61205], [-78.13719, 44.61208], [-78.13715, 44.61212], [-78.13713, 44.61214], [-78.13709, 44.61216], [-78.13705, 44.61218], [-78.137, 44.61221], [-78.13696, 44.61223], [-78.13692, 44.61224], [-78.13688, 44.61226], [-78.13679, 44.6123], [-78.13675, 44.6123], [-78.13673, 44.6123], [-78.13669, 44.61231], [-78.13666, 44.61231], [-78.13663, 44.61231], [-78.13649, 44.61231], [-78.13645, 44.61232], [-78.13643, 44.61235], [-78.13642, 44.61238], [-78.13642, 44.6124], [-78.13642, 44.61243], [-78.1364, 44.61255], [-78.1364, 44.61257], [-78.13638, 44.6126], [-78.13638, 44.61264], [-78.13637, 44.61267], [-78.13635, 44.61271], [-78.13633, 44.61274], [-78.13631, 44.61277], [-78.13629, 44.6128], [-78.13626, 44.61282], [-78.13623, 44.61285], [-78.13621, 44.61288], [-78.13618, 44.6129], [-78.13614, 44.61292], [-78.13612, 44.61294], [-78.13608, 44.61294], [-78.13604, 44.61295], [-78.13601, 44.61295], [-78.13562, 44.613], [-78.13544, 44.61303], [-78.13538, 44.61303], [-78.13533, 44.61303], [-78.13527, 44.61304], [-78.13505, 44.61304], [-78.135, 44.61304], [-78.1349, 44.61305], [-78.13486, 44.61305], [-78.13484, 44.61306], [-78.1348, 44.61306], [-78.13477, 44.61307], [-78.13475, 44.61308], [-78.13462, 44.61316], [-78.13458, 44.6132], [-78.13455, 44.61322], [-78.13453, 44.61325], [-78.1345, 44.61328], [-78.13448, 44.61331], [-78.13447, 44.61333], [-78.13446, 44.61334], [-78.13444, 44.61337], [-78.13442, 44.61339], [-78.1344, 44.61341], [-78.13428, 44.61355], [-78.13427, 44.61356], [-78.13426, 44.61358], [-78.13424, 44.61361], [-78.13423, 44.61363], [-78.13422, 44.61364], [-78.1342, 44.61367], [-78.13419, 44.6137], [-78.13417, 44.61372], [-78.13417, 44.61373], [-78.13415, 44.61376], [-78.13412, 44.61379], [-78.13409, 44.6138], [-78.13407, 44.61384], [-78.13404, 44.61385], [-78.13402, 44.61386], [-78.13396, 44.6139], [-78.13395, 44.61392], [-78.13392, 44.61393], [-78.13389, 44.61395], [-78.13386, 44.61398], [-78.13385, 44.61399], [-78.13382, 44.614], [-78.13378, 44.61403], [-78.13374, 44.61404], [-78.13369, 44.61407], [-78.13366, 44.61409], [-78.13364, 44.6141], [-78.13361, 44.61412], [-78.13359, 44.61412], [-78.13357, 44.61414], [-78.13355, 44.61416], [-78.13352, 44.61417], [-78.13351, 44.61418], [-78.13347, 44.6142], [-78.13344, 44.61422], [-78.1334, 44.61425], [-78.13339, 44.61428], [-78.13336, 44.61431], [-78.13335, 44.61433], [-78.13331, 44.6144], [-78.13331, 44.61441], [-78.13329, 44.61443], [-78.13328, 44.61448], [-78.13328, 44.6145], [-78.13326, 44.61458], [-78.13325, 44.6146], [-78.13325, 44.61463], [-78.13323, 44.61465], [-78.13322, 44.61466], [-78.13321, 44.61469], [-78.13321, 44.61471], [-78.13319, 44.61473], [-78.13317, 44.61475], [-78.13315, 44.61477], [-78.13314, 44.61479], [-78.13314, 44.61481], [-78.13312, 44.61483], [-78.13311, 44.61487], [-78.1331, 44.61489], [-78.13309, 44.61491], [-78.13309, 44.61493], [-78.13309, 44.61495], [-78.13309, 44.61498], [-78.13309, 44.61499], [-78.13309, 44.61501], [-78.13309, 44.61516], [-78.13309, 44.61531], [-78.13308, 44.61544], [-78.13308, 44.61547], [-78.13308, 44.6155], [-78.13308, 44.61552], [-78.13306, 44.61561], [-78.13306, 44.61564], [-78.13305, 44.61579], [-78.13304, 44.61582], [-78.13304, 44.61585], [-78.13304, 44.61587], [-78.13301, 44.61592], [-78.13301, 44.61595], [-78.133, 44.61598], [-78.13299, 44.61601], [-78.13295, 44.61615], [-78.13293, 44.61618], [-78.13292, 44.6162], [-78.13292, 44.61622], [-78.1329, 44.61625], [-78.13287, 44.61637], [-78.13287, 44.61638], [-78.13287, 44.6164], [-78.13287, 44.61643], [-78.13286, 44.61652], [-78.13285, 44.61655], [-78.13285, 44.61658], [-78.13283, 44.61661], [-78.13282, 44.61663], [-78.13279, 44.61669], [-78.13277, 44.6167], [-78.13274, 44.61671], [-78.13272, 44.61671], [-78.13268, 44.61671], [-78.13263, 44.61671], [-78.1326, 44.61671], [-78.13258, 44.61669], [-78.13254, 44.61668], [-78.1325, 44.61666], [-78.13248, 44.61664], [-78.13246, 44.61662], [-78.13243, 44.61662], [-78.13242, 44.6166], [-78.13239, 44.61659], [-78.13238, 44.61658], [-78.13236, 44.61656], [-78.13235, 44.61655], [-78.1323, 44.61652], [-78.13224, 44.61648], [-78.1322, 44.61646], [-78.13216, 44.61644], [-78.13214, 44.61642], [-78.13205, 44.61638], [-78.13203, 44.61637], [-78.13199, 44.61635], [-78.13198, 44.61634], [-78.13195, 44.61633], [-78.13192, 44.61631], [-78.13188, 44.6163], [-78.13185, 44.61629], [-78.13179, 44.61628], [-78.13177, 44.61627], [-78.13174, 44.61626], [-78.13171, 44.61625], [-78.13168, 44.61625], [-78.13163, 44.61625], [-78.1316, 44.61626], [-78.13158, 44.61626], [-78.13155, 44.61628], [-78.13153, 44.61629], [-78.1315, 44.6163], [-78.13149, 44.61632], [-78.13146, 44.61635], [-78.13145, 44.61637], [-78.13143, 44.61639], [-78.13141, 44.61641], [-78.13139, 44.61644], [-78.13138, 44.61645], [-78.13138, 44.61647], [-78.13137, 44.6165], [-78.13135, 44.61652], [-78.13134, 44.61654], [-78.13127, 44.61668], [-78.13126, 44.61668], [-78.13125, 44.6167], [-78.13124, 44.61673], [-78.13119, 44.61684], [-78.13117, 44.61686], [-78.13116, 44.61688], [-78.13114, 44.6169], [-78.13112, 44.61691], [-78.13109, 44.61691], [-78.13107, 44.61692], [-78.13103, 44.61692], [-78.13099, 44.61692], [-78.13095, 44.61691], [-78.13093, 44.6169], [-78.13091, 44.61688], [-78.13087, 44.61687], [-78.13084, 44.61685], [-78.13082, 44.61684], [-78.13081, 44.61681], [-78.13076, 44.61677], [-78.13075, 44.61675], [-78.13072, 44.61673], [-78.1307, 44.61671], [-78.13068, 44.61669], [-78.13065, 44.61668], [-78.13063, 44.61666], [-78.1306, 44.61663], [-78.13059, 44.61662], [-78.13057, 44.6166], [-78.13055, 44.61659], [-78.13053, 44.61657], [-78.13051, 44.61654], [-78.13048, 44.61652], [-78.13047, 44.6165], [-78.13046, 44.61648], [-78.13043, 44.61648], [-78.1304, 44.61643], [-78.13039, 44.61641], [-78.13038, 44.61639], [-78.13035, 44.61636], [-78.13033, 44.61634], [-78.1303, 44.61631], [-78.13027, 44.61629], [-78.13025, 44.61627], [-78.13022, 44.61624], [-78.13007, 44.61613], [-78.13002, 44.6161], [-78.12994, 44.61604], [-78.12993, 44.61602], [-78.1299, 44.61601], [-78.12987, 44.61599], [-78.12984, 44.61598], [-78.12979, 44.61596], [-78.12975, 44.61596], [-78.12974, 44.61595], [-78.12968, 44.61593], [-78.12965, 44.61593], [-78.12963, 44.61593], [-78.1295, 44.6159], [-78.12947, 44.6159], [-78.12944, 44.61589], [-78.1294, 44.61588], [-78.12937, 44.61588], [-78.12933, 44.61588], [-78.12929, 44.61587], [-78.12925, 44.61587], [-78.12922, 44.61587], [-78.12899, 44.61586], [-78.12894, 44.61587], [-78.1289, 44.61587], [-78.12888, 44.61588], [-78.12885, 44.6159], [-78.12882, 44.6159], [-78.12878, 44.61593], [-78.12877, 44.61594], [-78.12873, 44.61595], [-78.1287, 44.61595], [-78.12864, 44.61595], [-78.12854, 44.61595], [-78.12851, 44.61594], [-78.12847, 44.61594], [-78.12843, 44.61593], [-78.12841, 44.61592], [-78.12837, 44.6159], [-78.12833, 44.61588], [-78.12831, 44.61587], [-78.12828, 44.61585], [-78.12825, 44.61584], [-78.12823, 44.61583], [-78.12821, 44.61582], [-78.12814, 44.61577], [-78.12811, 44.61576], [-78.12809, 44.61574], [-78.12805, 44.61572], [-78.12804, 44.61571], [-78.12799, 44.61569], [-78.12796, 44.61568], [-78.12782, 44.61562], [-78.12781, 44.6156], [-78.12778, 44.61559], [-78.12774, 44.61557], [-78.12773, 44.61556], [-78.12771, 44.61554], [-78.12767, 44.61553], [-78.12765, 44.61551], [-78.12762, 44.6155], [-78.12757, 44.61548], [-78.12752, 44.61547], [-78.1275, 44.61546], [-78.12747, 44.61545], [-78.12746, 44.61544], [-78.12744, 44.61543], [-78.12737, 44.6154], [-78.12735, 44.61538], [-78.12731, 44.61535], [-78.12728, 44.61533], [-78.12724, 44.61531], [-78.12723, 44.61529], [-78.1272, 44.61528], [-78.12719, 44.61526], [-78.12718, 44.61524], [-78.12717, 44.61522], [-78.12714, 44.6152], [-78.12713, 44.61519], [-78.12708, 44.61514], [-78.12707, 44.61512], [-78.12706, 44.6151], [-78.12696, 44.615], [-78.12695, 44.61498], [-78.12693, 44.61496], [-78.12691, 44.61494], [-78.12688, 44.61491], [-78.12684, 44.61488], [-78.12677, 44.61482], [-78.12672, 44.61479], [-78.1267, 44.61476], [-78.12663, 44.61471], [-78.1266, 44.6147], [-78.12658, 44.61469], [-78.12654, 44.61467], [-78.12649, 44.61464], [-78.12644, 44.61462], [-78.12643, 44.6146], [-78.12639, 44.61459], [-78.12637, 44.61458], [-78.12634, 44.61456], [-78.12631, 44.61455], [-78.12622, 44.61451], [-78.1262, 44.6145], [-78.12616, 44.6145], [-78.12613, 44.61448], [-78.12611, 44.61447], [-78.12606, 44.61446], [-78.12602, 44.61445], [-78.126, 44.61445], [-78.12572, 44.6144], [-78.12568, 44.61439], [-78.12566, 44.61439], [-78.12561, 44.61439], [-78.12558, 44.61438], [-78.12555, 44.61438], [-78.12552, 44.61436], [-78.12548, 44.61435], [-78.12546, 44.61435], [-78.12543, 44.61434], [-78.12541, 44.61432], [-78.12539, 44.61431], [-78.12537, 44.6143], [-78.12535, 44.61428], [-78.12531, 44.61426], [-78.12525, 44.61421], [-78.12522, 44.61419], [-78.12512, 44.61414], [-78.12509, 44.61411], [-78.12507, 44.61409], [-78.12503, 44.61406], [-78.12498, 44.61402], [-78.12492, 44.61396], [-78.1249, 44.61394], [-78.12488, 44.61392], [-78.12486, 44.61391], [-78.12484, 44.61389], [-78.12483, 44.61387], [-78.12482, 44.61384], [-78.1246, 44.61383], [-78.12453, 44.61382], [-78.1245, 44.61382], [-78.12446, 44.61382], [-78.12441, 44.61383], [-78.12438, 44.61383], [-78.12435, 44.61383], [-78.12433, 44.61382], [-78.12429, 44.61379], [-78.12428, 44.61378], [-78.12427, 44.61375], [-78.12425, 44.61374], [-78.12424, 44.61372], [-78.12423, 44.61369], [-78.12422, 44.61366], [-78.1242, 44.61363], [-78.12414, 44.61354], [-78.12413, 44.61352], [-78.12409, 44.61349], [-78.12407, 44.61347], [-78.12405, 44.61346], [-78.12403, 44.61344], [-78.12399, 44.61342], [-78.12394, 44.61339], [-78.12392, 44.61337], [-78.1239, 44.61336], [-78.12387, 44.61335], [-78.12385, 44.61333], [-78.12382, 44.61331], [-78.12381, 44.61329], [-78.12379, 44.61327], [-78.12377, 44.61326], [-78.12375, 44.61321], [-78.12375, 44.61319], [-78.12374, 44.61316], [-78.12373, 44.61315], [-78.12373, 44.61313], [-78.12373, 44.61309], [-78.12371, 44.61304], [-78.12371, 44.613], [-78.12369, 44.61295], [-78.12367, 44.61287], [-78.12367, 44.61285], [-78.12367, 44.61282], [-78.12367, 44.61279], [-78.12367, 44.61278], [-78.12369, 44.61263], [-78.12367, 44.6126], [-78.12358, 44.61249], [-78.12356, 44.61247], [-78.12348, 44.61237], [-78.12345, 44.61236], [-78.12344, 44.61233], [-78.12336, 44.61224], [-78.12333, 44.61222], [-78.12331, 44.61219], [-78.1233, 44.61217], [-78.12326, 44.61214], [-78.12324, 44.61213], [-78.12316, 44.61207], [-78.12314, 44.61206], [-78.12312, 44.61204], [-78.12309, 44.61201], [-78.12307, 44.612], [-78.12306, 44.61198], [-78.12302, 44.61195], [-78.12301, 44.61194], [-78.12298, 44.61192], [-78.12297, 44.6119], [-78.12295, 44.61188], [-78.12294, 44.61187], [-78.12291, 44.61184], [-78.1229, 44.61183], [-78.12288, 44.61181], [-78.12286, 44.61179], [-78.12285, 44.61177], [-78.12283, 44.61175], [-78.12282, 44.61173], [-78.12277, 44.61166], [-78.12275, 44.61164], [-78.12273, 44.61161], [-78.12272, 44.61159], [-78.12264, 44.61146], [-78.12262, 44.61143], [-78.12259, 44.61138], [-78.12258, 44.61135], [-78.12257, 44.61132], [-78.12252, 44.61116], [-78.1225, 44.61114], [-78.12249, 44.61111], [-78.12249, 44.61109], [-78.12247, 44.61105], [-78.12246, 44.61103], [-78.12245, 44.611], [-78.12245, 44.61096], [-78.12242, 44.61086], [-78.12241, 44.61084], [-78.1224, 44.61082], [-78.12238, 44.6108], [-78.12237, 44.61079], [-78.12235, 44.61076], [-78.12225, 44.61062], [-78.12223, 44.61061], [-78.12222, 44.61058], [-78.12219, 44.61055], [-78.12218, 44.61054], [-78.12216, 44.61052], [-78.12215, 44.6105], [-78.12211, 44.61048], [-78.12199, 44.61039], [-78.12196, 44.61037], [-78.12181, 44.61024], [-78.12179, 44.61022], [-78.12174, 44.61013], [-78.12172, 44.61011], [-78.12171, 44.6101], [-78.12169, 44.61007], [-78.12159, 44.60995], [-78.12158, 44.60993], [-78.12156, 44.6099], [-78.12152, 44.60985], [-78.12151, 44.60983], [-78.1215, 44.6098], [-78.1215, 44.60978], [-78.12149, 44.60975], [-78.12149, 44.60972], [-78.1215, 44.60963], [-78.1215, 44.60962], [-78.1215, 44.60957], [-78.12151, 44.60955], [-78.12153, 44.60953], [-78.12155, 44.60951], [-78.12158, 44.60949], [-78.12159, 44.60948], [-78.12162, 44.60947], [-78.12164, 44.60946], [-78.12168, 44.60945], [-78.12171, 44.60944], [-78.12173, 44.60943], [-78.12177, 44.60942], [-78.12181, 44.6094], [-78.12186, 44.60938], [-78.12187, 44.60937], [-78.1219, 44.60936], [-78.12193, 44.60935], [-78.12195, 44.60934], [-78.12199, 44.60931], [-78.12202, 44.6093], [-78.12203, 44.60929], [-78.12204, 44.60927], [-78.1221, 44.60919], [-78.1221, 44.60917], [-78.12216, 44.60903], [-78.12216, 44.609], [-78.12217, 44.60889], [-78.12218, 44.60887], [-78.12219, 44.60885], [-78.12219, 44.60883], [-78.1222, 44.60881], [-78.12213, 44.60878], [-78.12209, 44.60875], [-78.12208, 44.60872], [-78.12207, 44.60869], [-78.12206, 44.60868], [-78.12206, 44.60866], [-78.12205, 44.60864], [-78.12205, 44.60862], [-78.12205, 44.60858], [-78.12205, 44.60856], [-78.12206, 44.60851], [-78.12207, 44.6085], [-78.12207, 44.60845], [-78.12208, 44.60842], [-78.12209, 44.6084], [-78.1221, 44.60836], [-78.12211, 44.60834], [-78.12213, 44.60832], [-78.12214, 44.60828], [-78.12217, 44.60822], [-78.12223, 44.6081], [-78.12224, 44.60807], [-78.12225, 44.60804], [-78.12227, 44.60801], [-78.12228, 44.60797], [-78.1223, 44.60794], [-78.1223, 44.60792], [-78.12229, 44.60788], [-78.12229, 44.60785], [-78.12226, 44.60784], [-78.12224, 44.60782], [-78.12222, 44.60781], [-78.12215, 44.6078], [-78.12213, 44.60779], [-78.12209, 44.60778], [-78.12205, 44.60777], [-78.12202, 44.60776], [-78.12197, 44.60775], [-78.12194, 44.60774], [-78.12192, 44.60774], [-78.12188, 44.60773], [-78.12184, 44.60772], [-78.12181, 44.60771], [-78.12177, 44.6077], [-78.12173, 44.60769], [-78.12169, 44.60769], [-78.12167, 44.60769], [-78.1216, 44.6077], [-78.12157, 44.6077], [-78.12154, 44.60771], [-78.1215, 44.60771], [-78.12146, 44.60771], [-78.1214, 44.60771], [-78.12135, 44.60772], [-78.12122, 44.60772], [-78.1212, 44.60772], [-78.12116, 44.60771], [-78.12114, 44.6077], [-78.12111, 44.60769], [-78.12108, 44.60767], [-78.12104, 44.60766], [-78.12099, 44.60765], [-78.12094, 44.60765], [-78.12074, 44.60765], [-78.1207, 44.60765], [-78.12067, 44.60764], [-78.12062, 44.60763], [-78.12059, 44.60762], [-78.12055, 44.6076], [-78.12053, 44.60758], [-78.1205, 44.60756], [-78.12043, 44.60752], [-78.1204, 44.60752], [-78.12038, 44.60752], [-78.12034, 44.60752], [-78.1203, 44.60752], [-78.12028, 44.60753], [-78.12025, 44.60755], [-78.12022, 44.60756], [-78.12019, 44.60757], [-78.12015, 44.60757], [-78.12011, 44.60757], [-78.12009, 44.60757], [-78.12005, 44.60757], [-78.12001, 44.60756], [-78.11995, 44.60755], [-78.11984, 44.60753], [-78.11981, 44.60752], [-78.11979, 44.6075], [-78.11977, 44.60748], [-78.11971, 44.60743], [-78.11969, 44.60741], [-78.11965, 44.60738], [-78.11963, 44.60736], [-78.11961, 44.60734], [-78.11957, 44.60733], [-78.11954, 44.60732], [-78.11952, 44.60731], [-78.11949, 44.6073], [-78.11946, 44.6073], [-78.11944, 44.60729], [-78.11939, 44.60728], [-78.11936, 44.60728], [-78.11931, 44.60729], [-78.11924, 44.6073], [-78.11922, 44.60731], [-78.11919, 44.60732], [-78.11916, 44.60735], [-78.1191, 44.60739], [-78.11907, 44.60741], [-78.11898, 44.60746], [-78.11894, 44.60748], [-78.11892, 44.60749], [-78.11889, 44.6075], [-78.11884, 44.6075], [-78.1188, 44.60749], [-78.11878, 44.60749], [-78.11873, 44.60749], [-78.1187, 44.60748], [-78.11869, 44.60746], [-78.11867, 44.60745], [-78.11864, 44.60742], [-78.11863, 44.6074], [-78.11859, 44.60739], [-78.11856, 44.60738], [-78.11852, 44.60737], [-78.11849, 44.60737], [-78.11847, 44.60737], [-78.11845, 44.60736], [-78.11841, 44.60735], [-78.11838, 44.60733], [-78.11835, 44.6073], [-78.11833, 44.60729], [-78.11831, 44.60725], [-78.11829, 44.60723], [-78.11829, 44.60721], [-78.11828, 44.60718], [-78.11827, 44.60717], [-78.11827, 44.60714], [-78.11826, 44.60712], [-78.11824, 44.60711], [-78.11823, 44.60708], [-78.11822, 44.60707], [-78.1182, 44.60706], [-78.11818, 44.60703], [-78.11819, 44.60701], [-78.11819, 44.60698], [-78.1181, 44.60691], [-78.11808, 44.60691], [-78.11805, 44.60692], [-78.11801, 44.60693], [-78.11799, 44.60694], [-78.11796, 44.60697], [-78.11796, 44.60699], [-78.11793, 44.607], [-78.11792, 44.60703], [-78.11789, 44.60705], [-78.11787, 44.60707], [-78.11784, 44.60708], [-78.11775, 44.60714], [-78.11771, 44.60715], [-78.11769, 44.60716], [-78.11767, 44.60717], [-78.11765, 44.60718], [-78.11762, 44.60719], [-78.1176, 44.60719], [-78.11756, 44.6072], [-78.11753, 44.6072], [-78.11749, 44.60721], [-78.11746, 44.60722], [-78.11743, 44.60723], [-78.11741, 44.60723], [-78.11735, 44.60724], [-78.11733, 44.60725], [-78.11729, 44.60727], [-78.11725, 44.60728], [-78.11721, 44.60728], [-78.11718, 44.60728], [-78.11714, 44.60728], [-78.11711, 44.60727], [-78.11709, 44.60727], [-78.11705, 44.60725], [-78.11703, 44.60724], [-78.11699, 44.60722], [-78.11697, 44.60721], [-78.1169, 44.60716], [-78.11687, 44.60714], [-78.11684, 44.60714], [-78.11682, 44.60714], [-78.11679, 44.60714], [-78.11672, 44.60714], [-78.11669, 44.60715], [-78.11665, 44.60717], [-78.11654, 44.60722], [-78.11651, 44.60725], [-78.11651, 44.60727], [-78.11651, 44.6073], [-78.11651, 44.60732], [-78.1165, 44.60735], [-78.11652, 44.60737], [-78.11653, 44.6074], [-78.11655, 44.60742], [-78.11658, 44.60744], [-78.11659, 44.60745], [-78.11661, 44.60747], [-78.11662, 44.60749], [-78.11664, 44.60751], [-78.11665, 44.60754], [-78.11665, 44.60757], [-78.11664, 44.60759], [-78.11664, 44.60765], [-78.11663, 44.60768], [-78.1166, 44.60771], [-78.11657, 44.60775], [-78.11653, 44.60781], [-78.11653, 44.60783], [-78.11653, 44.60785], [-78.11654, 44.60788], [-78.11654, 44.60791], [-78.11655, 44.60792], [-78.11655, 44.60795], [-78.11656, 44.60797], [-78.11657, 44.60799], [-78.11657, 44.60801], [-78.1166, 44.60803], [-78.11661, 44.60805], [-78.1167, 44.60818], [-78.1167, 44.60822], [-78.11669, 44.60823], [-78.11669, 44.60825], [-78.11666, 44.60827], [-78.11662, 44.60829], [-78.1166, 44.6083], [-78.11656, 44.60832], [-78.11653, 44.60833], [-78.11649, 44.60835], [-78.11647, 44.60835], [-78.11644, 44.60836], [-78.11642, 44.60838], [-78.11639, 44.6084], [-78.11631, 44.60842], [-78.11627, 44.60844], [-78.11625, 44.60846], [-78.11622, 44.60846], [-78.1162, 44.60847], [-78.11616, 44.60848], [-78.11612, 44.60849], [-78.11608, 44.60851], [-78.11603, 44.60851], [-78.11598, 44.60852], [-78.11578, 44.60854], [-78.11573, 44.60855], [-78.11569, 44.60857], [-78.11562, 44.60858], [-78.11557, 44.6086], [-78.11552, 44.60862], [-78.11539, 44.60867], [-78.11536, 44.60868], [-78.11532, 44.60868], [-78.11528, 44.60868], [-78.11519, 44.6087], [-78.11515, 44.60872], [-78.11513, 44.60873], [-78.11509, 44.60873], [-78.11506, 44.60875], [-78.11502, 44.60875], [-78.11499, 44.60876], [-78.11495, 44.60876], [-78.11489, 44.60875], [-78.11485, 44.60874], [-78.1148, 44.60873], [-78.11465, 44.6087], [-78.11459, 44.60868], [-78.11449, 44.60866], [-78.11444, 44.60864], [-78.1144, 44.60863], [-78.11435, 44.60863], [-78.11415, 44.60863], [-78.11393, 44.60863], [-78.11385, 44.60862], [-78.11377, 44.60862], [-78.11369, 44.60862], [-78.11366, 44.60861], [-78.11361, 44.60861], [-78.11353, 44.60859], [-78.1135, 44.60858], [-78.11346, 44.60856], [-78.11342, 44.60854], [-78.11338, 44.60852], [-78.11337, 44.60849], [-78.11334, 44.60846], [-78.11333, 44.60845], [-78.11331, 44.60843], [-78.11329, 44.60842], [-78.11326, 44.6084], [-78.11323, 44.60837], [-78.11322, 44.60835], [-78.11318, 44.60833], [-78.11315, 44.60832], [-78.11313, 44.60831], [-78.11311, 44.6083], [-78.11307, 44.60829], [-78.11303, 44.60827], [-78.11299, 44.60825], [-78.11296, 44.60824], [-78.11293, 44.60823], [-78.11286, 44.60822], [-78.11282, 44.60821], [-78.11278, 44.6082], [-78.11275, 44.6082], [-78.11268, 44.60819], [-78.11264, 44.60819], [-78.11251, 44.60817], [-78.11247, 44.60817], [-78.11236, 44.60817], [-78.11231, 44.60817], [-78.11217, 44.60817], [-78.11196, 44.60818], [-78.11191, 44.60818], [-78.11188, 44.60817], [-78.11184, 44.60818], [-78.11181, 44.60818], [-78.11179, 44.60819], [-78.11176, 44.6082], [-78.11174, 44.60821], [-78.11171, 44.60822], [-78.11168, 44.60823], [-78.11166, 44.60825], [-78.11163, 44.60826], [-78.11157, 44.60828], [-78.11149, 44.6083], [-78.11144, 44.60831], [-78.1113, 44.60834], [-78.11126, 44.60834], [-78.11119, 44.60836], [-78.11112, 44.60837], [-78.11109, 44.60838], [-78.11105, 44.6084], [-78.11102, 44.60841], [-78.11098, 44.60841], [-78.11096, 44.60842], [-78.11092, 44.60842], [-78.11072, 44.60842], [-78.1105, 44.60842], [-78.11034, 44.60842], [-78.1103, 44.60843], [-78.11026, 44.60843], [-78.11024, 44.60844], [-78.1102, 44.60845], [-78.11016, 44.60846], [-78.11014, 44.60847], [-78.11, 44.60859], [-78.10999, 44.6086], [-78.10998, 44.60862], [-78.10996, 44.60865], [-78.10994, 44.60868], [-78.10992, 44.60872], [-78.10991, 44.60877], [-78.10989, 44.60881], [-78.10988, 44.60884], [-78.10986, 44.60885], [-78.10985, 44.60887], [-78.10982, 44.60892], [-78.10981, 44.60893], [-78.10981, 44.60895], [-78.1098, 44.60898], [-78.10978, 44.609], [-78.10977, 44.60901], [-78.10975, 44.60904], [-78.10974, 44.60908], [-78.10973, 44.6091], [-78.1097, 44.60913], [-78.10969, 44.60915], [-78.10967, 44.60917], [-78.10966, 44.60918], [-78.10965, 44.6092], [-78.10963, 44.60922], [-78.10962, 44.60923], [-78.10959, 44.60925], [-78.10957, 44.60928], [-78.10954, 44.6093], [-78.10953, 44.60931], [-78.1095, 44.60934], [-78.10946, 44.6094], [-78.10945, 44.60942], [-78.10943, 44.60945], [-78.10941, 44.60946], [-78.10938, 44.60948], [-78.10934, 44.60948], [-78.1093, 44.60948], [-78.10925, 44.60947], [-78.10922, 44.60946], [-78.1092, 44.60945], [-78.10918, 44.60944], [-78.10916, 44.60943], [-78.10912, 44.60942], [-78.10908, 44.60942], [-78.10899, 44.60943], [-78.10894, 44.60942], [-78.10884, 44.60943], [-78.10882, 44.60943], [-78.10879, 44.60942], [-78.10877, 44.60941], [-78.10874, 44.6094], [-78.10872, 44.60939], [-78.10868, 44.60937], [-78.10865, 44.60936], [-78.10863, 44.60936], [-78.1086, 44.60935], [-78.10857, 44.60935], [-78.10854, 44.60935], [-78.10849, 44.60936], [-78.10844, 44.60937], [-78.10839, 44.60937], [-78.10836, 44.60938], [-78.10833, 44.60938], [-78.1083, 44.60938], [-78.10823, 44.60938], [-78.1082, 44.60938], [-78.10816, 44.60936], [-78.10814, 44.60934], [-78.10811, 44.60933], [-78.1081, 44.60931], [-78.10808, 44.60929], [-78.10804, 44.60926], [-78.10802, 44.60924], [-78.10799, 44.60922], [-78.10797, 44.6092], [-78.10795, 44.60918], [-78.10793, 44.60916], [-78.1079, 44.60915], [-78.10787, 44.60914], [-78.10783, 44.60913], [-78.10781, 44.60914], [-78.10777, 44.60914], [-78.10773, 44.60915], [-78.10769, 44.60916], [-78.10766, 44.60917], [-78.10763, 44.60918], [-78.10759, 44.6092], [-78.10755, 44.60923], [-78.10751, 44.60923], [-78.10748, 44.60925], [-78.10744, 44.60926], [-78.1074, 44.60928], [-78.10736, 44.60928], [-78.10731, 44.6093], [-78.10728, 44.60932], [-78.10724, 44.60934], [-78.10721, 44.60936], [-78.10714, 44.6094], [-78.10709, 44.6094], [-78.10706, 44.60941], [-78.10704, 44.60941], [-78.10684, 44.60942], [-78.1068, 44.60941], [-78.10671, 44.60941], [-78.10667, 44.60941], [-78.10664, 44.6094], [-78.10661, 44.60939], [-78.10659, 44.60939], [-78.10654, 44.60937], [-78.10651, 44.60936], [-78.10647, 44.60935], [-78.10644, 44.60935], [-78.1064, 44.60936], [-78.10624, 44.60936], [-78.10621, 44.60936], [-78.10616, 44.60937], [-78.10615, 44.60938], [-78.10612, 44.60939], [-78.10608, 44.60941], [-78.106, 44.60945], [-78.10598, 44.60946], [-78.10594, 44.60946], [-78.1059, 44.60947], [-78.10586, 44.60948], [-78.10584, 44.60948], [-78.10579, 44.60948], [-78.10575, 44.60948], [-78.1057, 44.60948], [-78.10566, 44.60947], [-78.1056, 44.60945], [-78.10558, 44.60944], [-78.10555, 44.60943], [-78.1055, 44.60941], [-78.10546, 44.6094], [-78.10544, 44.60939], [-78.10542, 44.60937], [-78.10538, 44.60936], [-78.10535, 44.60935], [-78.10533, 44.60934], [-78.1053, 44.60933], [-78.10528, 44.60933], [-78.10519, 44.60931], [-78.10515, 44.60931], [-78.10513, 44.60931], [-78.1051, 44.60931], [-78.10508, 44.60932], [-78.10501, 44.60932], [-78.10499, 44.60931], [-78.10496, 44.60932], [-78.10493, 44.60933], [-78.10489, 44.60934], [-78.10485, 44.60937], [-78.10482, 44.60938], [-78.1048, 44.60939], [-78.10477, 44.60941], [-78.10475, 44.60942], [-78.10472, 44.60943], [-78.10468, 44.60944], [-78.10465, 44.60946], [-78.10458, 44.60949], [-78.10455, 44.6095], [-78.10453, 44.60951], [-78.1045, 44.60951], [-78.10444, 44.60953], [-78.10441, 44.60953], [-78.10436, 44.60954], [-78.10432, 44.60955], [-78.10427, 44.60956], [-78.10423, 44.60957], [-78.1042, 44.60956], [-78.10404, 44.60958], [-78.10401, 44.6096], [-78.10397, 44.6096], [-78.10394, 44.60961], [-78.10392, 44.60962], [-78.10388, 44.60964], [-78.10385, 44.60965], [-78.10379, 44.60967], [-78.10376, 44.60969], [-78.10374, 44.6097], [-78.10371, 44.60971], [-78.1037, 44.60973], [-78.10367, 44.60975], [-78.10366, 44.60977], [-78.1036, 44.6098], [-78.10359, 44.60982], [-78.10356, 44.60984], [-78.10355, 44.60985], [-78.10353, 44.60987], [-78.10351, 44.60991], [-78.1035, 44.60993], [-78.1035, 44.60995], [-78.10345, 44.61009], [-78.10344, 44.61012], [-78.10342, 44.61015], [-78.10341, 44.61017], [-78.10337, 44.61022], [-78.10334, 44.61024], [-78.10331, 44.61024], [-78.10328, 44.61024], [-78.10324, 44.61025], [-78.10319, 44.61025], [-78.10299, 44.61027], [-78.10294, 44.61027], [-78.1029, 44.61028], [-78.10286, 44.61028], [-78.10277, 44.6103], [-78.10272, 44.61031], [-78.10267, 44.61031], [-78.10256, 44.61032], [-78.10246, 44.61033], [-78.10243, 44.61033], [-78.10239, 44.61033], [-78.10237, 44.61033], [-78.1023, 44.61034], [-78.10228, 44.61034], [-78.1022, 44.61034], [-78.10217, 44.61034], [-78.10209, 44.61034], [-78.10204, 44.61035], [-78.10186, 44.61034], [-78.10185, 44.61032], [-78.10183, 44.6103], [-78.10182, 44.61027], [-78.10181, 44.61025], [-78.10178, 44.61021], [-78.10177, 44.6102], [-78.10176, 44.61017], [-78.10173, 44.61014], [-78.10172, 44.61012], [-78.10171, 44.6101], [-78.1017, 44.61009], [-78.10166, 44.60997], [-78.10164, 44.60994], [-78.10164, 44.60993], [-78.10162, 44.60991], [-78.10161, 44.60989], [-78.10158, 44.60987], [-78.10157, 44.60984], [-78.10154, 44.60981], [-78.10151, 44.60978], [-78.10149, 44.60975], [-78.10145, 44.60969], [-78.10143, 44.60965], [-78.10141, 44.60963], [-78.1014, 44.6096], [-78.10138, 44.60958], [-78.10134, 44.60954], [-78.1013, 44.60951], [-78.10128, 44.60948], [-78.10125, 44.60946], [-78.10124, 44.60944], [-78.10124, 44.60943], [-78.10123, 44.6094], [-78.10121, 44.60935], [-78.1012, 44.60934], [-78.10118, 44.60931], [-78.10118, 44.60929], [-78.10117, 44.60926], [-78.10115, 44.60925], [-78.10114, 44.60924], [-78.10111, 44.60922], [-78.10108, 44.60921], [-78.10105, 44.6092], [-78.10101, 44.60919], [-78.10096, 44.60917], [-78.10092, 44.60913], [-78.10089, 44.60909], [-78.10088, 44.60906], [-78.10087, 44.60903], [-78.10086, 44.60899], [-78.10084, 44.60892], [-78.10083, 44.60889], [-78.10081, 44.60888], [-78.1008, 44.60885], [-78.10079, 44.60883], [-78.10077, 44.60881], [-78.10076, 44.60879], [-78.10073, 44.60877], [-78.10071, 44.60877], [-78.09996, 44.60894], [-78.08912, 44.61144], [-78.08884, 44.61088], [-78.08665, 44.60645], [-78.08646, 44.60606], [-78.08473, 44.60257], [-78.08418, 44.60145], [-78.0917, 44.59971], [-78.09168, 44.5997], [-78.09164, 44.5997], [-78.09159, 44.5997], [-78.09157, 44.59971], [-78.09153, 44.59971], [-78.09149, 44.59971], [-78.09146, 44.59971], [-78.09142, 44.59972], [-78.09139, 44.59971], [-78.09136, 44.5997], [-78.09133, 44.5997], [-78.09132, 44.59969], [-78.09131, 44.59967], [-78.09129, 44.59965], [-78.09127, 44.59963], [-78.09127, 44.59961], [-78.09127, 44.59959], [-78.09127, 44.59957], [-78.09127, 44.59955], [-78.09127, 44.59949], [-78.09127, 44.59946], [-78.09126, 44.59943], [-78.09123, 44.5994], [-78.09122, 44.59938], [-78.0912, 44.59935], [-78.09118, 44.59933], [-78.09116, 44.5993], [-78.09114, 44.59926], [-78.09111, 44.59923], [-78.0911, 44.5992], [-78.09109, 44.59918], [-78.09107, 44.59916], [-78.09106, 44.59913], [-78.09104, 44.59911], [-78.09102, 44.5991], [-78.09098, 44.59909], [-78.09096, 44.59908], [-78.09091, 44.59906], [-78.09087, 44.59905], [-78.09085, 44.59904], [-78.09081, 44.59904], [-78.09078, 44.59902], [-78.09071, 44.599], [-78.09069, 44.59898], [-78.09066, 44.59895], [-78.09065, 44.59893], [-78.09065, 44.59891], [-78.09063, 44.59888], [-78.09062, 44.59887], [-78.09058, 44.59887], [-78.09055, 44.59888], [-78.09054, 44.5989], [-78.09052, 44.59893], [-78.09052, 44.59895], [-78.09054, 44.59896], [-78.09053, 44.59902], [-78.09053, 44.5991], [-78.09052, 44.59917], [-78.09051, 44.59921], [-78.0905, 44.59924], [-78.09048, 44.59927], [-78.09048, 44.5993], [-78.09047, 44.59931], [-78.09045, 44.59933], [-78.09044, 44.59935], [-78.09043, 44.59937], [-78.0904, 44.59939], [-78.09036, 44.59944], [-78.09032, 44.59945], [-78.0903, 44.59946], [-78.09027, 44.59946], [-78.09022, 44.59947], [-78.09018, 44.59947], [-78.09007, 44.59946], [-78.08986, 44.59946], [-78.0898, 44.59946], [-78.08977, 44.59945], [-78.08974, 44.59945], [-78.08972, 44.59945], [-78.08968, 44.59945], [-78.08964, 44.59944], [-78.08954, 44.59943], [-78.0895, 44.59942], [-78.08948, 44.59941], [-78.08943, 44.5994], [-78.08941, 44.59938], [-78.08938, 44.59937], [-78.08936, 44.59936], [-78.08933, 44.59934], [-78.08932, 44.59932], [-78.08928, 44.5993], [-78.08925, 44.59928], [-78.08921, 44.59927], [-78.08918, 44.59927], [-78.08916, 44.59927], [-78.08908, 44.59927], [-78.08905, 44.59927], [-78.08902, 44.59926], [-78.08898, 44.59925], [-78.08896, 44.59925], [-78.08893, 44.59924], [-78.08878, 44.5992], [-78.08875, 44.59919], [-78.0887, 44.59917], [-78.08864, 44.59914], [-78.0886, 44.59912], [-78.08858, 44.5991], [-78.08848, 44.59905], [-78.08844, 44.59904], [-78.08842, 44.59902], [-78.08839, 44.599], [-78.08837, 44.59898], [-78.08833, 44.59895], [-78.08829, 44.59892], [-78.08828, 44.59891], [-78.08826, 44.59889], [-78.08825, 44.59887], [-78.08822, 44.59885], [-78.0882, 44.59884], [-78.08816, 44.59881], [-78.08815, 44.5988], [-78.08813, 44.59878], [-78.0881, 44.59875], [-78.08809, 44.59872], [-78.08808, 44.59869], [-78.08807, 44.59867], [-78.08807, 44.59865], [-78.08807, 44.59862], [-78.08807, 44.5986], [-78.08807, 44.59859], [-78.08809, 44.59857], [-78.0881, 44.59855], [-78.08813, 44.59852], [-78.08815, 44.5985], [-78.08818, 44.59848], [-78.08819, 44.59846], [-78.08824, 44.59844], [-78.08826, 44.59842], [-78.08827, 44.59839], [-78.08827, 44.59837], [-78.08827, 44.59836], [-78.08825, 44.59834], [-78.08822, 44.59833], [-78.08817, 44.59831], [-78.08815, 44.59829], [-78.08812, 44.59828], [-78.08811, 44.59825], [-78.08811, 44.59824], [-78.08812, 44.59821], [-78.08813, 44.59819], [-78.08814, 44.59817], [-78.08816, 44.59815], [-78.08818, 44.59811], [-78.08821, 44.5981], [-78.08824, 44.59809], [-78.08826, 44.59808], [-78.08829, 44.59807], [-78.0883, 44.59805], [-78.08831, 44.59803], [-78.08833, 44.59802], [-78.08834, 44.59799], [-78.08834, 44.59796], [-78.08834, 44.59794], [-78.08834, 44.59792], [-78.08835, 44.5979], [-78.08835, 44.59788], [-78.08835, 44.59786], [-78.08835, 44.59784], [-78.08834, 44.59782], [-78.08834, 44.5978], [-78.08833, 44.59778], [-78.08833, 44.59776], [-78.0883, 44.59772], [-78.08829, 44.5977], [-78.08828, 44.59768], [-78.08827, 44.59766], [-78.08826, 44.59765], [-78.08825, 44.59763], [-78.08823, 44.59761], [-78.08822, 44.59759], [-78.08821, 44.59757], [-78.08819, 44.59755], [-78.08816, 44.59754], [-78.08815, 44.59753], [-78.08814, 44.59751], [-78.08811, 44.59748], [-78.0881, 44.59746], [-78.0881, 44.59744], [-78.08809, 44.59742], [-78.08809, 44.5974], [-78.08809, 44.59738], [-78.08811, 44.59735], [-78.08811, 44.59734], [-78.08812, 44.59732], [-78.08814, 44.5973], [-78.08814, 44.59728], [-78.08814, 44.59726], [-78.08814, 44.59724], [-78.08813, 44.5972], [-78.08812, 44.59718], [-78.08809, 44.59715], [-78.08808, 44.59714], [-78.08807, 44.59713], [-78.08804, 44.59711], [-78.08802, 44.59711], [-78.08798, 44.5971], [-78.08796, 44.59709], [-78.08792, 44.59707], [-78.0879, 44.59706], [-78.08788, 44.59705], [-78.08786, 44.59703], [-78.08784, 44.59701], [-78.08782, 44.597], [-78.0878, 44.59698], [-78.08778, 44.59696], [-78.08776, 44.59695], [-78.08773, 44.59694], [-78.0877, 44.59694], [-78.08768, 44.59694], [-78.08765, 44.59695], [-78.08762, 44.59695], [-78.0876, 44.59696], [-78.08756, 44.59698], [-78.08751, 44.597], [-78.08749, 44.59702], [-78.08748, 44.59704], [-78.08747, 44.59706], [-78.08744, 44.59708], [-78.08742, 44.5971], [-78.0874, 44.59712], [-78.08738, 44.59715], [-78.08734, 44.59717], [-78.08732, 44.59718], [-78.08727, 44.59721], [-78.08724, 44.59723], [-78.08721, 44.59725], [-78.08718, 44.59726], [-78.08714, 44.59727], [-78.0871, 44.59729], [-78.08705, 44.5973], [-78.08703, 44.59731], [-78.08699, 44.59732], [-78.08696, 44.59732], [-78.08694, 44.59733], [-78.0869, 44.59734], [-78.08687, 44.59735], [-78.08682, 44.59737], [-78.08678, 44.59737], [-78.08675, 44.59738], [-78.08671, 44.5974], [-78.08667, 44.59741], [-78.08663, 44.59741], [-78.08659, 44.59742], [-78.08658, 44.59743], [-78.08654, 44.59744], [-78.08653, 44.59745], [-78.08649, 44.59746], [-78.08648, 44.59748], [-78.08645, 44.5975], [-78.08644, 44.59753], [-78.08641, 44.59755], [-78.08641, 44.59757], [-78.08637, 44.59766], [-78.08635, 44.5977], [-78.08634, 44.59771], [-78.08632, 44.59778], [-78.08631, 44.59779], [-78.0863, 44.59782], [-78.08628, 44.59785], [-78.08627, 44.59788], [-78.08625, 44.59791], [-78.08625, 44.59795], [-78.08625, 44.59798], [-78.08625, 44.59803], [-78.08623, 44.59806], [-78.08623, 44.59809], [-78.08622, 44.59811], [-78.0862, 44.59814], [-78.08618, 44.59819], [-78.08616, 44.59821], [-78.08615, 44.59824], [-78.08613, 44.59831], [-78.08613, 44.59834], [-78.08612, 44.59836], [-78.08612, 44.59839], [-78.08611, 44.59842], [-78.08612, 44.59854], [-78.08612, 44.59857], [-78.08613, 44.59859], [-78.08613, 44.59861], [-78.08614, 44.59864], [-78.08615, 44.59866], [-78.08616, 44.59868], [-78.08618, 44.59871], [-78.08617, 44.59874], [-78.08617, 44.59876], [-78.08617, 44.59878], [-78.08616, 44.5988], [-78.08616, 44.59883], [-78.08614, 44.59885], [-78.08614, 44.59887], [-78.08613, 44.59891], [-78.08611, 44.59894], [-78.0861, 44.59897], [-78.08609, 44.59899], [-78.08607, 44.59901], [-78.08607, 44.59903], [-78.08604, 44.59907], [-78.086, 44.59914], [-78.08596, 44.59917], [-78.08595, 44.59919], [-78.08594, 44.59922], [-78.08591, 44.59923], [-78.08586, 44.59929], [-78.08583, 44.5993], [-78.08582, 44.59932], [-78.08577, 44.59935], [-78.08574, 44.59935], [-78.0857, 44.59937], [-78.08566, 44.59939], [-78.08562, 44.5994], [-78.08545, 44.59945], [-78.08539, 44.59947], [-78.08537, 44.59948], [-78.08532, 44.59948], [-78.08529, 44.59949], [-78.08524, 44.59949], [-78.0852, 44.59948], [-78.08517, 44.59948], [-78.08514, 44.59949], [-78.08498, 44.59951], [-78.08494, 44.5995], [-78.0849, 44.59951], [-78.08484, 44.59953], [-78.08477, 44.59955], [-78.08474, 44.59954], [-78.0847, 44.59954], [-78.08467, 44.59954], [-78.0846, 44.59954], [-78.08437, 44.59954], [-78.08434, 44.59954], [-78.08418, 44.59954], [-78.08416, 44.59953], [-78.08412, 44.59953], [-78.08409, 44.59952], [-78.08407, 44.59951], [-78.08404, 44.5995], [-78.08402, 44.5995], [-78.08393, 44.59946], [-78.0839, 44.59945], [-78.08382, 44.59944], [-78.0838, 44.59943], [-78.08376, 44.59943], [-78.08373, 44.59942], [-78.08371, 44.59941], [-78.08367, 44.59941], [-78.08365, 44.5994], [-78.08362, 44.59939], [-78.08358, 44.59938], [-78.08355, 44.59937], [-78.08352, 44.59936], [-78.08348, 44.59935], [-78.08345, 44.59933], [-78.08341, 44.59931], [-78.0832, 44.59924], [-78.08318, 44.59922], [-78.08315, 44.59922], [-78.08313, 44.59921], [-78.0831, 44.5992], [-78.08308, 44.59918], [-78.08305, 44.59917], [-78.08303, 44.59916], [-78.083, 44.59915], [-78.08297, 44.59914], [-78.08293, 44.59913], [-78.08288, 44.59911], [-78.08282, 44.59909], [-78.08278, 44.59908], [-78.08271, 44.59905], [-78.08256, 44.59901], [-78.08253, 44.599], [-78.08251, 44.59899], [-78.08248, 44.59898], [-78.08242, 44.59895], [-78.0824, 44.59894], [-78.08221, 44.59885], [-78.08219, 44.59883], [-78.08216, 44.59881], [-78.08214, 44.59879], [-78.08212, 44.59878], [-78.08208, 44.59875], [-78.08205, 44.59872], [-78.08204, 44.5987], [-78.08202, 44.59867], [-78.08201, 44.59865], [-78.082, 44.59863], [-78.08196, 44.59856], [-78.08195, 44.59854], [-78.08195, 44.59851], [-78.08194, 44.59848], [-78.08194, 44.59847], [-78.08193, 44.59844], [-78.08191, 44.59841], [-78.0819, 44.59838], [-78.08188, 44.59836], [-78.08187, 44.59835], [-78.08186, 44.59832], [-78.08185, 44.59829], [-78.08183, 44.59826], [-78.08183, 44.59823], [-78.08182, 44.5982], [-78.08181, 44.59815], [-78.08181, 44.59812], [-78.08181, 44.5981], [-78.0818, 44.59807], [-78.0818, 44.59804], [-78.0818, 44.59801], [-78.0818, 44.59797], [-78.08182, 44.59791], [-78.08182, 44.59789], [-78.08185, 44.59786], [-78.08185, 44.59784], [-78.08185, 44.59781], [-78.08185, 44.59779], [-78.08185, 44.59776], [-78.08186, 44.59761], [-78.08187, 44.59758], [-78.08188, 44.59753], [-78.08189, 44.59749], [-78.08189, 44.59746], [-78.0819, 44.59745], [-78.08192, 44.59741], [-78.08193, 44.59739], [-78.08195, 44.59738], [-78.08196, 44.59735], [-78.08201, 44.59729], [-78.08204, 44.59727], [-78.08205, 44.59725], [-78.08215, 44.59716], [-78.08217, 44.59715], [-78.0822, 44.59713], [-78.08222, 44.59711], [-78.08224, 44.5971], [-78.08226, 44.59708], [-78.08229, 44.59706], [-78.08231, 44.59705], [-78.08234, 44.59704], [-78.08237, 44.59704], [-78.08243, 44.59701], [-78.08246, 44.59699], [-78.08248, 44.59698], [-78.08252, 44.59698], [-78.08255, 44.59696], [-78.08257, 44.59695], [-78.08258, 44.59694], [-78.08261, 44.59693], [-78.08266, 44.59693], [-78.0827, 44.59692], [-78.08271, 44.59691], [-78.08274, 44.5969], [-78.08276, 44.59688], [-78.0828, 44.59688], [-78.08282, 44.59686], [-78.08284, 44.59685], [-78.08287, 44.59683], [-78.08288, 44.59681], [-78.08293, 44.59678], [-78.08295, 44.59676], [-78.08296, 44.59674], [-78.08297, 44.59673], [-78.08299, 44.59671], [-78.083, 44.59669], [-78.08301, 44.59667], [-78.08303, 44.59666], [-78.08305, 44.59664], [-78.08314, 44.59659], [-78.08317, 44.59656], [-78.08317, 44.59654], [-78.08317, 44.59652], [-78.08317, 44.5965], [-78.08316, 44.59648], [-78.08315, 44.59646], [-78.08314, 44.59644], [-78.08311, 44.59643], [-78.08309, 44.59642], [-78.08306, 44.59641], [-78.08304, 44.5964], [-78.08302, 44.59639], [-78.083, 44.59638], [-78.08302, 44.59628], [-78.08301, 44.59625], [-78.08301, 44.59622], [-78.083, 44.5962], [-78.08299, 44.59618], [-78.08292, 44.59604], [-78.08291, 44.59601], [-78.0829, 44.59599], [-78.08287, 44.59597], [-78.08286, 44.59595], [-78.08284, 44.59594], [-78.08282, 44.59592], [-78.08279, 44.59591], [-78.08278, 44.5959], [-78.08275, 44.59589], [-78.08271, 44.59588], [-78.08269, 44.59587], [-78.08265, 44.59586], [-78.08263, 44.59584], [-78.0826, 44.59584], [-78.08258, 44.59582], [-78.08254, 44.59581], [-78.08252, 44.5958], [-78.08249, 44.59579], [-78.08245, 44.59579], [-78.08243, 44.59579], [-78.0824, 44.59579], [-78.08238, 44.5958], [-78.08235, 44.59581], [-78.08234, 44.59583], [-78.08231, 44.59585], [-78.08227, 44.59584], [-78.08224, 44.59583], [-78.08221, 44.59583], [-78.08218, 44.59581], [-78.08214, 44.5958], [-78.0821, 44.59579], [-78.08205, 44.59577], [-78.08201, 44.59577], [-78.08198, 44.59576], [-78.08193, 44.59575], [-78.08189, 44.59575], [-78.08185, 44.59574], [-78.0818, 44.59573], [-78.08178, 44.59573], [-78.08174, 44.59572], [-78.08171, 44.59572], [-78.08168, 44.59572], [-78.08163, 44.59572], [-78.08159, 44.59572], [-78.08156, 44.59572], [-78.08154, 44.59573], [-78.08151, 44.59574], [-78.0815, 44.59575], [-78.08148, 44.59578], [-78.08147, 44.59582], [-78.08146, 44.59584], [-78.08145, 44.59587], [-78.08144, 44.5959], [-78.08141, 44.59592], [-78.0814, 44.59595], [-78.08139, 44.59597], [-78.08136, 44.59598], [-78.08133, 44.596], [-78.08132, 44.59602], [-78.08129, 44.59604], [-78.08127, 44.59605], [-78.08124, 44.59607], [-78.08122, 44.5961], [-78.0812, 44.59612], [-78.08119, 44.59614], [-78.08116, 44.59617], [-78.08115, 44.59619], [-78.08114, 44.5962], [-78.08111, 44.59623], [-78.0811, 44.59625], [-78.08107, 44.59626], [-78.08106, 44.59628], [-78.08103, 44.5963], [-78.081, 44.59633], [-78.08098, 44.59635], [-78.08094, 44.59639], [-78.08091, 44.59641], [-78.08088, 44.59642], [-78.08087, 44.59644], [-78.08085, 44.59645], [-78.08082, 44.59646], [-78.08079, 44.59647], [-78.08077, 44.59648], [-78.08073, 44.59649], [-78.0807, 44.5965], [-78.08068, 44.5965], [-78.08064, 44.5965], [-78.08062, 44.59649], [-78.08061, 44.59647], [-78.08059, 44.59644], [-78.08058, 44.5964], [-78.08056, 44.59638], [-78.08055, 44.59635], [-78.08052, 44.59633], [-78.0805, 44.59632], [-78.08048, 44.5963], [-78.08045, 44.59628], [-78.08043, 44.59627], [-78.0804, 44.59626], [-78.08038, 44.59625], [-78.08035, 44.59624], [-78.08031, 44.59624], [-78.08029, 44.59624], [-78.08025, 44.59624], [-78.08023, 44.59624], [-78.0802, 44.59624], [-78.08016, 44.59623], [-78.08014, 44.59622], [-78.08009, 44.5962], [-78.0799, 44.59613], [-78.07987, 44.59611], [-78.07984, 44.5961], [-78.07979, 44.59607], [-78.07977, 44.59606], [-78.07974, 44.59605], [-78.07971, 44.59604], [-78.07958, 44.59598], [-78.07955, 44.59597], [-78.07951, 44.59597], [-78.07947, 44.59596], [-78.07945, 44.59596], [-78.07942, 44.59596], [-78.0794, 44.59597], [-78.07936, 44.59597], [-78.07932, 44.59597], [-78.07928, 44.59597], [-78.07923, 44.59597], [-78.07921, 44.59596], [-78.07918, 44.59595], [-78.079, 44.59586], [-78.07896, 44.59584], [-78.07894, 44.59583], [-78.07891, 44.59582], [-78.0789, 44.59581], [-78.07886, 44.59579], [-78.07884, 44.59577], [-78.07879, 44.59574], [-78.07877, 44.59572], [-78.07875, 44.5957], [-78.07873, 44.59568], [-78.07871, 44.59566], [-78.07869, 44.59565], [-78.07867, 44.59563], [-78.07865, 44.59559], [-78.07856, 44.59546], [-78.07855, 44.59543], [-78.07854, 44.59542], [-78.07853, 44.59539], [-78.07851, 44.59534], [-78.0785, 44.59532], [-78.0785, 44.59529], [-78.07849, 44.59525], [-78.07849, 44.59518], [-78.07849, 44.59516], [-78.0785, 44.59515], [-78.07851, 44.59513], [-78.07853, 44.59511], [-78.07854, 44.59509], [-78.07857, 44.59508], [-78.07858, 44.59507], [-78.07861, 44.59505], [-78.07864, 44.59504], [-78.07866, 44.59502], [-78.07869, 44.59501], [-78.07871, 44.59501], [-78.07875, 44.595], [-78.07878, 44.59499], [-78.07881, 44.59499], [-78.07885, 44.59498], [-78.07888, 44.59498], [-78.07893, 44.59499], [-78.07895, 44.59498], [-78.07898, 44.59498], [-78.079, 44.59497], [-78.07903, 44.59496], [-78.07907, 44.59494], [-78.07909, 44.59494], [-78.07912, 44.59492], [-78.07916, 44.59489], [-78.07919, 44.59487], [-78.07921, 44.59486], [-78.07923, 44.59485], [-78.07928, 44.5948], [-78.07929, 44.5948], [-78.07932, 44.59478], [-78.07934, 44.59475], [-78.07937, 44.59473], [-78.0794, 44.59471], [-78.07941, 44.59468], [-78.07941, 44.59466], [-78.07941, 44.59465], [-78.07941, 44.59462], [-78.0794, 44.59457], [-78.07939, 44.59455], [-78.07939, 44.59452], [-78.07935, 44.59437], [-78.07935, 44.59435], [-78.07936, 44.59433], [-78.07938, 44.59431], [-78.07939, 44.59429], [-78.07942, 44.59428], [-78.07943, 44.59426], [-78.07943, 44.59424], [-78.07942, 44.59418], [-78.07941, 44.59416], [-78.0794, 44.59414], [-78.07938, 44.59411], [-78.07935, 44.5941], [-78.07933, 44.59408], [-78.07929, 44.59406], [-78.07925, 44.59404], [-78.0792, 44.59402], [-78.07919, 44.59401], [-78.07917, 44.594], [-78.07913, 44.59398], [-78.0791, 44.59398], [-78.07906, 44.59396], [-78.07903, 44.59395], [-78.07901, 44.59394], [-78.07898, 44.59393], [-78.07892, 44.5939], [-78.0789, 44.59389], [-78.07887, 44.59388], [-78.07885, 44.59386], [-78.07881, 44.59383], [-78.0788, 44.59382], [-78.0787, 44.59375], [-78.07868, 44.59375], [-78.07864, 44.59373], [-78.07861, 44.59373], [-78.07858, 44.59372], [-78.07854, 44.59371], [-78.0785, 44.5937], [-78.07846, 44.59369], [-78.07844, 44.59369], [-78.0784, 44.59368], [-78.07836, 44.59368], [-78.07833, 44.59368], [-78.0783, 44.59368], [-78.07826, 44.59368], [-78.07823, 44.59368], [-78.0782, 44.59367], [-78.07816, 44.59366], [-78.07813, 44.59365], [-78.07809, 44.59363], [-78.07803, 44.59359], [-78.07802, 44.59358], [-78.07798, 44.59357], [-78.07797, 44.59355], [-78.07794, 44.59353], [-78.07792, 44.59352], [-78.07791, 44.5935], [-78.07788, 44.59348], [-78.07785, 44.59346], [-78.07782, 44.59344], [-78.07778, 44.59343], [-78.07776, 44.59342], [-78.07772, 44.59341], [-78.07769, 44.59339], [-78.07765, 44.59338], [-78.07762, 44.59338], [-78.07755, 44.59334], [-78.07751, 44.59332], [-78.07749, 44.59331], [-78.07746, 44.59329], [-78.07738, 44.59324], [-78.07734, 44.59322], [-78.07732, 44.5932], [-78.07729, 44.59317], [-78.07728, 44.59314], [-78.07727, 44.59312], [-78.07724, 44.59305], [-78.07722, 44.59303], [-78.07721, 44.59301], [-78.0772, 44.593], [-78.07719, 44.59298], [-78.07718, 44.59296], [-78.07713, 44.5929], [-78.07711, 44.59286], [-78.0771, 44.59285], [-78.07707, 44.59282], [-78.07706, 44.59279], [-78.07705, 44.59277], [-78.07704, 44.59274], [-78.07702, 44.59268], [-78.077, 44.59265], [-78.07701, 44.59263], [-78.07701, 44.5926], [-78.077, 44.59258], [-78.077, 44.59255], [-78.077, 44.59253], [-78.07699, 44.59242], [-78.07699, 44.59239], [-78.07701, 44.59237], [-78.07701, 44.59235], [-78.07701, 44.59233], [-78.07701, 44.5923], [-78.077, 44.59226], [-78.07699, 44.59224], [-78.07699, 44.59222], [-78.07696, 44.5922], [-78.07694, 44.59217], [-78.07683, 44.59206], [-78.07681, 44.59204], [-78.07678, 44.59202], [-78.07676, 44.592], [-78.07675, 44.59198], [-78.07672, 44.59196], [-78.0767, 44.59194], [-78.07668, 44.59191], [-78.07665, 44.5919], [-78.07664, 44.59188], [-78.0766, 44.59186], [-78.07658, 44.59184], [-78.07654, 44.59182], [-78.07648, 44.59177], [-78.07646, 44.59176], [-78.07643, 44.59174], [-78.07641, 44.59172], [-78.07638, 44.59171], [-78.07635, 44.59169], [-78.07632, 44.59167], [-78.07624, 44.59161], [-78.07623, 44.5916], [-78.0762, 44.59158], [-78.07619, 44.59157], [-78.07618, 44.59154], [-78.07617, 44.59152], [-78.07617, 44.5915], [-78.07617, 44.59148], [-78.07617, 44.59145], [-78.07617, 44.59143], [-78.07619, 44.59138], [-78.0762, 44.59136], [-78.07621, 44.59134], [-78.07621, 44.59131], [-78.0762, 44.5913], [-78.07619, 44.59128], [-78.07617, 44.59126], [-78.07616, 44.59124], [-78.07613, 44.59123], [-78.07611, 44.59122], [-78.07606, 44.5912], [-78.07602, 44.59119], [-78.07599, 44.59119], [-78.07597, 44.59118], [-78.07593, 44.59118], [-78.07591, 44.59117], [-78.07588, 44.59116], [-78.07581, 44.59113], [-78.07577, 44.59112], [-78.07575, 44.59112], [-78.0757, 44.59111], [-78.07566, 44.5911], [-78.07563, 44.59109], [-78.0756, 44.59108], [-78.07556, 44.59107], [-78.07552, 44.59106], [-78.07548, 44.59105], [-78.07546, 44.59105], [-78.07543, 44.59104], [-78.0754, 44.59103], [-78.07536, 44.59103], [-78.07533, 44.59103], [-78.0753, 44.59104], [-78.07527, 44.59104], [-78.07523, 44.59105], [-78.07521, 44.59105], [-78.07517, 44.59107], [-78.07514, 44.59108], [-78.07512, 44.59109], [-78.07507, 44.59111], [-78.07504, 44.59113], [-78.075, 44.59114], [-78.07485, 44.5912], [-78.07481, 44.5912], [-78.07477, 44.5912], [-78.07473, 44.59119], [-78.0747, 44.59118], [-78.07466, 44.59116], [-78.07464, 44.59114], [-78.0746, 44.59113], [-78.07457, 44.59111], [-78.07454, 44.59108], [-78.07449, 44.59105], [-78.07448, 44.59103], [-78.07447, 44.59101], [-78.07444, 44.59099], [-78.07443, 44.59096], [-78.07441, 44.59092], [-78.0744, 44.5909], [-78.07438, 44.59088], [-78.07439, 44.59086], [-78.07437, 44.59084], [-78.07436, 44.59083], [-78.07435, 44.59082], [-78.07431, 44.59079], [-78.07429, 44.59078], [-78.07425, 44.59075], [-78.07423, 44.59074], [-78.07419, 44.59072], [-78.07402, 44.59065], [-78.07398, 44.59063], [-78.07394, 44.59062], [-78.07392, 44.59061], [-78.07388, 44.59059], [-78.07386, 44.59058], [-78.07381, 44.59056], [-78.07372, 44.59052], [-78.07369, 44.5905], [-78.0735, 44.59043], [-78.07343, 44.59041], [-78.0734, 44.5904], [-78.07338, 44.59038], [-78.07334, 44.59036], [-78.07329, 44.59034], [-78.07327, 44.59032], [-78.07324, 44.59031], [-78.07322, 44.5903], [-78.07319, 44.59028], [-78.07317, 44.59027], [-78.07313, 44.59026], [-78.07311, 44.59025], [-78.07308, 44.59023], [-78.07304, 44.59023], [-78.07301, 44.59021], [-78.07298, 44.5902], [-78.07296, 44.59019], [-78.07293, 44.59018], [-78.0728, 44.59013], [-78.07276, 44.59013], [-78.07273, 44.59012], [-78.0727, 44.59012], [-78.07266, 44.59011], [-78.07263, 44.5901], [-78.0726, 44.5901], [-78.07256, 44.59009], [-78.07252, 44.59008], [-78.07249, 44.59007], [-78.07246, 44.59006], [-78.07244, 44.59005], [-78.07241, 44.59004], [-78.07237, 44.59003], [-78.07235, 44.59002], [-78.07232, 44.59001], [-78.0723, 44.58999], [-78.07229, 44.58998], [-78.07226, 44.58996], [-78.07224, 44.58994], [-78.07223, 44.58993], [-78.0722, 44.58992], [-78.07219, 44.5899], [-78.07217, 44.58988], [-78.07214, 44.58985], [-78.07212, 44.58983], [-78.0721, 44.5898], [-78.07207, 44.58979], [-78.07204, 44.58975], [-78.07201, 44.58973], [-78.072, 44.5897], [-78.07196, 44.58968], [-78.07195, 44.58966], [-78.07193, 44.58963], [-78.07186, 44.58956], [-78.07183, 44.58954], [-78.07181, 44.58952], [-78.0718, 44.5895], [-78.07177, 44.58948], [-78.07176, 44.58946], [-78.07168, 44.58939], [-78.07166, 44.58937], [-78.07164, 44.58934], [-78.07157, 44.58926], [-78.07153, 44.58921], [-78.07152, 44.5892], [-78.07151, 44.58918], [-78.07149, 44.58915], [-78.07147, 44.58913], [-78.07145, 44.58911], [-78.07138, 44.58899], [-78.07137, 44.58897], [-78.07136, 44.58895], [-78.07136, 44.58893], [-78.07136, 44.5889], [-78.07135, 44.58885], [-78.07134, 44.58882], [-78.07133, 44.58879], [-78.07132, 44.58877], [-78.0713, 44.58875], [-78.07131, 44.58873], [-78.07129, 44.58869], [-78.07127, 44.58865], [-78.07126, 44.58862], [-78.07121, 44.58854], [-78.0712, 44.58852], [-78.0712, 44.5885], [-78.07119, 44.58848], [-78.07119, 44.58846], [-78.07118, 44.58844], [-78.07117, 44.58842], [-78.07115, 44.5884], [-78.07112, 44.58839], [-78.07111, 44.58837], [-78.07108, 44.58836], [-78.07106, 44.58833], [-78.07105, 44.58832], [-78.07104, 44.58829], [-78.07104, 44.58827], [-78.07104, 44.58826], [-78.07104, 44.58824], [-78.07104, 44.58822], [-78.07103, 44.58816], [-78.07103, 44.58814], [-78.07102, 44.58809], [-78.07101, 44.58808], [-78.07101, 44.58805], [-78.071, 44.58803], [-78.07098, 44.58798], [-78.07097, 44.58795], [-78.07088, 44.58785], [-78.07087, 44.58782], [-78.07086, 44.5878], [-78.07083, 44.58776], [-78.07081, 44.58774], [-78.07081, 44.58772], [-78.07078, 44.58765], [-78.07078, 44.58762], [-78.07076, 44.58756], [-78.07076, 44.58754], [-78.07073, 44.5874], [-78.07073, 44.58738], [-78.07072, 44.58737], [-78.07072, 44.58734], [-78.07071, 44.58732], [-78.07071, 44.58729], [-78.0707, 44.58728], [-78.0707, 44.58726], [-78.07058, 44.58703], [-78.07059, 44.58701], [-78.07056, 44.587], [-78.07054, 44.58699], [-78.07051, 44.58697], [-78.07047, 44.58695], [-78.07045, 44.58694], [-78.07044, 44.58693], [-78.07041, 44.58691], [-78.07038, 44.58689], [-78.07035, 44.58687], [-78.07034, 44.58685], [-78.07032, 44.58684], [-78.07028, 44.58683], [-78.07025, 44.58682], [-78.07023, 44.58682], [-78.0702, 44.58681], [-78.07017, 44.5868], [-78.07014, 44.58678], [-78.07012, 44.58677], [-78.07008, 44.58676], [-78.07004, 44.58675], [-78.06999, 44.58673], [-78.06998, 44.58673], [-78.06996, 44.58671], [-78.06993, 44.58669], [-78.06991, 44.58667], [-78.0699, 44.58666], [-78.06989, 44.58664], [-78.06986, 44.58662], [-78.06985, 44.5866], [-78.06984, 44.58658], [-78.06983, 44.58656], [-78.06983, 44.58654], [-78.06983, 44.58652], [-78.06984, 44.58651], [-78.06986, 44.58649], [-78.06988, 44.58647], [-78.06989, 44.58646], [-78.06991, 44.58644], [-78.06992, 44.58642], [-78.06992, 44.58639], [-78.06992, 44.58637], [-78.06991, 44.58633], [-78.06992, 44.58628], [-78.06992, 44.58626], [-78.06991, 44.58625], [-78.06989, 44.58622], [-78.0699, 44.5862], [-78.06988, 44.58617], [-78.06987, 44.58616], [-78.06986, 44.58614], [-78.06985, 44.5861], [-78.06985, 44.58608], [-78.06985, 44.58606], [-78.06985, 44.58603], [-78.06984, 44.586], [-78.06984, 44.58597], [-78.06985, 44.5859], [-78.06984, 44.58588], [-78.06982, 44.58586], [-78.0698, 44.58585], [-78.06979, 44.58583], [-78.06976, 44.58581], [-78.06974, 44.5858], [-78.0697, 44.58578], [-78.06967, 44.58577], [-78.06964, 44.58576], [-78.06962, 44.58576], [-78.0696, 44.58578], [-78.06959, 44.5858], [-78.06956, 44.58581], [-78.06954, 44.58582], [-78.06952, 44.58584], [-78.06951, 44.58586], [-78.06951, 44.58588], [-78.06951, 44.5859], [-78.06951, 44.58592], [-78.06951, 44.58594], [-78.0695, 44.58596], [-78.06952, 44.58598], [-78.0695, 44.58602], [-78.06949, 44.58604], [-78.06946, 44.58606], [-78.06942, 44.58609], [-78.0694, 44.58613], [-78.06938, 44.58615], [-78.06935, 44.58618], [-78.06934, 44.5862], [-78.06932, 44.5862], [-78.0693, 44.58622], [-78.06928, 44.58623], [-78.06922, 44.58628], [-78.0692, 44.5863], [-78.0692, 44.58633], [-78.06918, 44.58635], [-78.06918, 44.58638], [-78.06917, 44.58642], [-78.06917, 44.58644], [-78.06916, 44.58647], [-78.06916, 44.58649], [-78.06916, 44.58651], [-78.06915, 44.58652], [-78.06912, 44.58653], [-78.0691, 44.58654], [-78.06907, 44.58655], [-78.06905, 44.58655], [-78.06902, 44.58656], [-78.069, 44.58656], [-78.06897, 44.58655], [-78.06895, 44.58653], [-78.06891, 44.58651], [-78.0689, 44.58648], [-78.06889, 44.58646], [-78.06888, 44.58644], [-78.06886, 44.58641], [-78.06887, 44.58639], [-78.0688, 44.58625], [-78.06879, 44.58624], [-78.06876, 44.5862], [-78.06875, 44.58617], [-78.06874, 44.58615], [-78.06871, 44.58613], [-78.0687, 44.58613], [-78.06866, 44.58606], [-78.06864, 44.58604], [-78.06863, 44.58602], [-78.06863, 44.586], [-78.06865, 44.58598], [-78.06866, 44.58596], [-78.06869, 44.58595], [-78.06871, 44.58592], [-78.06874, 44.58589], [-78.06877, 44.58588], [-78.06878, 44.58586], [-78.06878, 44.58584], [-78.06878, 44.58581], [-78.0688, 44.58576], [-78.0688, 44.58574], [-78.06879, 44.58571], [-78.06879, 44.58569], [-78.06879, 44.58566], [-78.06878, 44.58563], [-78.06878, 44.5856], [-78.06877, 44.58556], [-78.06876, 44.58553], [-78.06875, 44.58551], [-78.06872, 44.58548], [-78.06871, 44.58546], [-78.06869, 44.58543], [-78.06868, 44.5854], [-78.06868, 44.58539], [-78.06866, 44.58537], [-78.06867, 44.58534], [-78.06867, 44.58532], [-78.06866, 44.5853], [-78.06864, 44.58528], [-78.06863, 44.58525], [-78.06862, 44.58522], [-78.06861, 44.5852], [-78.0686, 44.58517], [-78.06859, 44.58515], [-78.06858, 44.58512], [-78.06856, 44.58503], [-78.06856, 44.58501], [-78.06857, 44.585], [-78.06858, 44.58498], [-78.06861, 44.58496], [-78.06861, 44.58494], [-78.06861, 44.58492], [-78.06861, 44.58489], [-78.06861, 44.58487], [-78.06862, 44.58484], [-78.06862, 44.58481], [-78.06861, 44.58476], [-78.06861, 44.58475], [-78.0686, 44.58473], [-78.06859, 44.58469], [-78.06857, 44.58466], [-78.06856, 44.58464], [-78.06855, 44.58461], [-78.06854, 44.58459], [-78.06852, 44.58454], [-78.06849, 44.58451], [-78.06848, 44.58449], [-78.06847, 44.58446], [-78.06846, 44.58444], [-78.06839, 44.58434], [-78.06838, 44.58432], [-78.06837, 44.58429], [-78.0683, 44.58415], [-78.06826, 44.58409], [-78.06825, 44.58407], [-78.06821, 44.58398], [-78.06821, 44.58396], [-78.06821, 44.58393], [-78.06821, 44.58391], [-78.0682, 44.58389], [-78.0682, 44.58386], [-78.0682, 44.58383], [-78.06819, 44.58381], [-78.06818, 44.58376], [-78.06817, 44.58374], [-78.06817, 44.58372], [-78.06816, 44.5837], [-78.06813, 44.58368], [-78.06812, 44.58366], [-78.0681, 44.58364], [-78.06809, 44.58362], [-78.06807, 44.5836], [-78.06806, 44.58358], [-78.06804, 44.58355], [-78.06801, 44.58352], [-78.068, 44.5835], [-78.06799, 44.58348], [-78.06797, 44.58345], [-78.06796, 44.58343], [-78.06794, 44.58341], [-78.06792, 44.5834], [-78.0679, 44.58338], [-78.06787, 44.58336], [-78.06785, 44.58335], [-78.06782, 44.58335], [-78.0678, 44.58335], [-78.06776, 44.58336], [-78.06772, 44.58336], [-78.06769, 44.58337], [-78.06768, 44.58338], [-78.06766, 44.58339], [-78.06762, 44.5834], [-78.06758, 44.5834], [-78.06754, 44.5834], [-78.06749, 44.5834], [-78.06744, 44.58341], [-78.06724, 44.58341], [-78.0672, 44.5834], [-78.06718, 44.58339], [-78.0671, 44.58335], [-78.06708, 44.58334], [-78.06705, 44.58333], [-78.06703, 44.58332], [-78.06699, 44.5833], [-78.06696, 44.58328], [-78.06694, 44.58326], [-78.06693, 44.58324], [-78.06692, 44.58323], [-78.06691, 44.58321], [-78.06689, 44.58315], [-78.06686, 44.58312], [-78.06685, 44.5831], [-78.06684, 44.58307], [-78.06683, 44.58306], [-78.06682, 44.58303], [-78.06679, 44.58302], [-78.06677, 44.58301], [-78.06674, 44.58299], [-78.06672, 44.58299], [-78.06669, 44.58299], [-78.06667, 44.583], [-78.06667, 44.58302], [-78.06665, 44.58304], [-78.06665, 44.58306], [-78.06665, 44.58308], [-78.06665, 44.58314], [-78.06665, 44.58316], [-78.06663, 44.58317], [-78.06662, 44.58319], [-78.06661, 44.58321], [-78.06658, 44.58322], [-78.06656, 44.58322], [-78.06654, 44.5832], [-78.06652, 44.58318], [-78.06651, 44.58316], [-78.0665, 44.58314], [-78.0665, 44.58313], [-78.06647, 44.58312], [-78.06645, 44.5831], [-78.06642, 44.58308], [-78.06641, 44.58306], [-78.0664, 44.58304], [-78.0664, 44.58301], [-78.06639, 44.583], [-78.06639, 44.58297], [-78.06639, 44.58295], [-78.06639, 44.58293], [-78.06638, 44.58289], [-78.06637, 44.58287], [-78.06635, 44.58287], [-78.06632, 44.58287], [-78.0663, 44.58287], [-78.06626, 44.58288], [-78.06623, 44.58288], [-78.06621, 44.58291], [-78.06618, 44.58293], [-78.06615, 44.58294], [-78.06613, 44.58294], [-78.0661, 44.58293], [-78.06608, 44.58293], [-78.06605, 44.58292], [-78.06602, 44.58291], [-78.06599, 44.5829], [-78.06595, 44.5829], [-78.06592, 44.5829], [-78.06589, 44.58291], [-78.06587, 44.58293], [-78.06584, 44.58296], [-78.06582, 44.58298], [-78.06581, 44.58302], [-78.06578, 44.58303], [-78.06577, 44.58306], [-78.06576, 44.5831], [-78.06574, 44.58311], [-78.06574, 44.58314], [-78.06574, 44.58316], [-78.06574, 44.58319], [-78.06575, 44.58325], [-78.06576, 44.58329], [-78.06576, 44.5833], [-78.06576, 44.58332], [-78.06577, 44.58335], [-78.06578, 44.58338], [-78.0658, 44.5834], [-78.06582, 44.5834], [-78.06585, 44.58341], [-78.06588, 44.58342], [-78.06594, 44.58343], [-78.06595, 44.58345], [-78.06596, 44.58347], [-78.06598, 44.5835], [-78.06599, 44.58353], [-78.06598, 44.58355], [-78.06597, 44.58358], [-78.06596, 44.58361], [-78.06596, 44.58363], [-78.06594, 44.58365], [-78.06597, 44.58368], [-78.06598, 44.58371], [-78.066, 44.58372], [-78.066, 44.58374], [-78.06601, 44.58376], [-78.06601, 44.58378], [-78.066, 44.58381], [-78.06597, 44.58389], [-78.06595, 44.58392], [-78.06594, 44.58394], [-78.06591, 44.58395], [-78.06589, 44.58396], [-78.06588, 44.58398], [-78.06587, 44.584], [-78.06587, 44.58402], [-78.06588, 44.58405], [-78.0659, 44.58406], [-78.0659, 44.58408], [-78.06591, 44.58411], [-78.06591, 44.58414], [-78.0659, 44.58422], [-78.0659, 44.58426], [-78.06589, 44.58438], [-78.06588, 44.58441], [-78.06588, 44.58443], [-78.06584, 44.58458], [-78.06583, 44.5846], [-78.06582, 44.58462], [-78.0658, 44.58465], [-78.0658, 44.58466], [-78.06579, 44.58469], [-78.06578, 44.58471], [-78.06576, 44.58474], [-78.06576, 44.58477], [-78.06576, 44.58481], [-78.06576, 44.58483], [-78.06576, 44.58498], [-78.06575, 44.58502], [-78.06575, 44.58505], [-78.06572, 44.58508], [-78.06569, 44.58512], [-78.06568, 44.58515], [-78.06568, 44.58517], [-78.06566, 44.58524], [-78.06565, 44.58526], [-78.06562, 44.58533], [-78.06556, 44.58545], [-78.06555, 44.58547], [-78.06552, 44.58549], [-78.0655, 44.5855], [-78.06548, 44.58552], [-78.06546, 44.58554], [-78.06543, 44.58555], [-78.06541, 44.58555], [-78.06538, 44.58556], [-78.06535, 44.58556], [-78.06533, 44.58556], [-78.06524, 44.58556], [-78.06522, 44.58556], [-78.06519, 44.58556], [-78.06517, 44.58555], [-78.06514, 44.58554], [-78.06512, 44.58551], [-78.06512, 44.58548], [-78.06512, 44.58547], [-78.06514, 44.58542], [-78.06514, 44.58539], [-78.06515, 44.58528], [-78.06516, 44.58524], [-78.06516, 44.58522], [-78.06516, 44.58519], [-78.06517, 44.58504], [-78.06516, 44.58501], [-78.06516, 44.58495], [-78.06517, 44.58493], [-78.06519, 44.58479], [-78.06521, 44.58469], [-78.06521, 44.58467], [-78.06521, 44.58452], [-78.06521, 44.58449], [-78.06521, 44.58447], [-78.0652, 44.58432], [-78.0652, 44.58417], [-78.06521, 44.58402], [-78.06522, 44.58399], [-78.06523, 44.58397], [-78.06525, 44.58395], [-78.06526, 44.58392], [-78.06526, 44.5839], [-78.06528, 44.58387], [-78.06528, 44.58384], [-78.06528, 44.58379], [-78.06528, 44.58376], [-78.06528, 44.58362], [-78.06529, 44.58359], [-78.06529, 44.58357], [-78.06529, 44.58355], [-78.06529, 44.58353], [-78.06528, 44.58351], [-78.06528, 44.58349], [-78.0653, 44.58334], [-78.0653, 44.58319], [-78.06532, 44.58304], [-78.06532, 44.58301], [-78.06532, 44.58299], [-78.06532, 44.58297], [-78.06534, 44.58294], [-78.06534, 44.58292], [-78.06534, 44.58287], [-78.06534, 44.58284], [-78.06535, 44.58282], [-78.06536, 44.5828], [-78.06536, 44.58276], [-78.06536, 44.58265], [-78.06536, 44.58264], [-78.06537, 44.58259], [-78.06537, 44.58257], [-78.06536, 44.58253], [-78.06536, 44.58249], [-78.06535, 44.58247], [-78.06534, 44.58231], [-78.06533, 44.58229], [-78.06533, 44.58221], [-78.06532, 44.58219], [-78.06532, 44.58217], [-78.06531, 44.58214], [-78.0653, 44.58212], [-78.06529, 44.58209], [-78.06527, 44.58207], [-78.06525, 44.58204], [-78.06524, 44.58202], [-78.06524, 44.58199], [-78.06525, 44.58198], [-78.06525, 44.58195], [-78.06525, 44.58193], [-78.06525, 44.58191], [-78.06524, 44.58189], [-78.06523, 44.58187], [-78.06519, 44.58186], [-78.06515, 44.58185], [-78.06511, 44.58183], [-78.0651, 44.58181], [-78.06508, 44.5818], [-78.06505, 44.58178], [-78.06503, 44.58176], [-78.06502, 44.58174], [-78.06501, 44.58172], [-78.06501, 44.58169], [-78.06501, 44.58167], [-78.06501, 44.58166], [-78.065, 44.58163], [-78.06499, 44.58161], [-78.06496, 44.5816], [-78.06495, 44.58161], [-78.06491, 44.58163], [-78.06488, 44.58164], [-78.06486, 44.58162], [-78.06485, 44.5816], [-78.06484, 44.58158], [-78.06484, 44.58155], [-78.06483, 44.58153], [-78.06483, 44.58151], [-78.06482, 44.58148], [-78.06482, 44.58145], [-78.06482, 44.58143], [-78.06483, 44.58142], [-78.06485, 44.58139], [-78.06485, 44.58137], [-78.06485, 44.58135], [-78.06484, 44.58133], [-78.06483, 44.58131], [-78.06481, 44.58129], [-78.06479, 44.58127], [-78.06475, 44.58125], [-78.06473, 44.58123], [-78.06472, 44.58122], [-78.0647, 44.58121], [-78.06468, 44.58118], [-78.06468, 44.58115], [-78.06466, 44.58111], [-78.06463, 44.58111], [-78.06461, 44.5811], [-78.06457, 44.5811], [-78.06455, 44.58111], [-78.06452, 44.58112], [-78.06449, 44.58113], [-78.06447, 44.58116], [-78.06443, 44.58117], [-78.0644, 44.58118], [-78.06439, 44.58121], [-78.06438, 44.58123], [-78.06435, 44.58131], [-78.06433, 44.58132], [-78.06432, 44.58134], [-78.06429, 44.58135], [-78.06428, 44.58138], [-78.06427, 44.58139], [-78.06425, 44.58142], [-78.06424, 44.58145], [-78.06423, 44.58146], [-78.0642, 44.58147], [-78.06416, 44.58149], [-78.06412, 44.5815], [-78.0641, 44.58151], [-78.06408, 44.58154], [-78.06407, 44.58155], [-78.06406, 44.58157], [-78.06402, 44.5816], [-78.06399, 44.58158], [-78.06399, 44.58156], [-78.06398, 44.58152], [-78.06395, 44.58153], [-78.06392, 44.58154], [-78.06391, 44.58156], [-78.06391, 44.58158], [-78.06389, 44.58162], [-78.06389, 44.58164], [-78.06389, 44.58172], [-78.06387, 44.58174], [-78.06386, 44.58176], [-78.06384, 44.58178], [-78.06384, 44.5818], [-78.06383, 44.58182], [-78.06383, 44.58184], [-78.06383, 44.58186], [-78.06383, 44.58189], [-78.06382, 44.58193], [-78.06383, 44.58199], [-78.06383, 44.58202], [-78.06383, 44.58205], [-78.06384, 44.58208], [-78.06385, 44.58211], [-78.06386, 44.58213], [-78.06388, 44.58216], [-78.06389, 44.58218], [-78.06389, 44.58221], [-78.06388, 44.58224], [-78.06389, 44.58236], [-78.0639, 44.58237], [-78.06391, 44.5824], [-78.06392, 44.58244], [-78.06392, 44.58246], [-78.06393, 44.58249], [-78.06395, 44.58252], [-78.06394, 44.58256], [-78.06394, 44.58258], [-78.06396, 44.58272], [-78.06396, 44.58274], [-78.06395, 44.58289], [-78.06396, 44.58294], [-78.06395, 44.58297], [-78.06395, 44.58301], [-78.06393, 44.58302], [-78.06392, 44.58304], [-78.06389, 44.58309], [-78.06389, 44.58311], [-78.06388, 44.58314], [-78.06386, 44.58317], [-78.06386, 44.58318], [-78.06387, 44.58325], [-78.06387, 44.58328], [-78.06387, 44.58333], [-78.06387, 44.58337], [-78.06388, 44.58339], [-78.06387, 44.58355], [-78.06387, 44.58357], [-78.06387, 44.5836], [-78.06385, 44.58365], [-78.06384, 44.58367], [-78.06381, 44.58372], [-78.06381, 44.58375], [-78.06378, 44.58379], [-78.06378, 44.58381], [-78.06377, 44.58383], [-78.06375, 44.58386], [-78.06374, 44.58388], [-78.06374, 44.58392], [-78.06374, 44.58394], [-78.06372, 44.58395], [-78.06372, 44.58401], [-78.06372, 44.58403], [-78.06372, 44.58405], [-78.06373, 44.58407], [-78.06373, 44.5841], [-78.06373, 44.58413], [-78.06374, 44.58415], [-78.06375, 44.58418], [-78.06376, 44.58421], [-78.06378, 44.58431], [-78.06379, 44.58433], [-78.0638, 44.58436], [-78.0638, 44.58438], [-78.06379, 44.58441], [-78.06379, 44.58444], [-78.06377, 44.58447], [-78.06377, 44.5845], [-78.06376, 44.58452], [-78.06374, 44.58455], [-78.06373, 44.58459], [-78.06373, 44.58462], [-78.06371, 44.58473], [-78.06371, 44.58475], [-78.06371, 44.58478], [-78.0637, 44.58481], [-78.0637, 44.58484], [-78.0637, 44.58487], [-78.0637, 44.5849], [-78.0637, 44.58493], [-78.06368, 44.58496], [-78.06368, 44.58499], [-78.06368, 44.58502], [-78.06368, 44.58503], [-78.06367, 44.58507], [-78.06366, 44.5851], [-78.06365, 44.58511], [-78.06364, 44.58513], [-78.06362, 44.58515], [-78.06361, 44.58517], [-78.0636, 44.58518], [-78.06357, 44.58518], [-78.06353, 44.58518], [-78.06351, 44.58518], [-78.06348, 44.5852], [-78.06346, 44.58522], [-78.06346, 44.58523], [-78.06346, 44.58525], [-78.06345, 44.58527], [-78.06345, 44.58535], [-78.06345, 44.58539], [-78.06342, 44.5854], [-78.06337, 44.58551], [-78.06337, 44.58553], [-78.06336, 44.58556], [-78.06336, 44.58558], [-78.06336, 44.58561], [-78.06336, 44.58565], [-78.06336, 44.58567], [-78.06336, 44.58569], [-78.06336, 44.58572], [-78.06334, 44.58575], [-78.06333, 44.58578], [-78.06333, 44.58582], [-78.06333, 44.58584], [-78.06332, 44.58587], [-78.06332, 44.5859], [-78.06333, 44.58592], [-78.06337, 44.58592], [-78.06342, 44.58592], [-78.06345, 44.58593], [-78.06347, 44.58595], [-78.06348, 44.58596], [-78.06349, 44.58598], [-78.06351, 44.586], [-78.06353, 44.58602], [-78.06354, 44.58605], [-78.06357, 44.58607], [-78.06359, 44.58609], [-78.06363, 44.58611], [-78.06366, 44.58613], [-78.06369, 44.58614], [-78.06371, 44.58614], [-78.06375, 44.58614], [-78.06378, 44.58614], [-78.0638, 44.58615], [-78.06383, 44.58616], [-78.06385, 44.58618], [-78.06385, 44.5862], [-78.06385, 44.58623], [-78.06385, 44.58625], [-78.06385, 44.58627], [-78.06384, 44.58629], [-78.06384, 44.58632], [-78.06383, 44.58633], [-78.06383, 44.58635], [-78.06382, 44.58637], [-78.0638, 44.5864], [-78.06379, 44.58642], [-78.06377, 44.58645], [-78.06376, 44.58648], [-78.06374, 44.58651], [-78.06374, 44.58653], [-78.06373, 44.58656], [-78.06373, 44.58658], [-78.06371, 44.58661], [-78.0637, 44.58665], [-78.06369, 44.58666], [-78.06365, 44.5867], [-78.06362, 44.58672], [-78.06361, 44.58674], [-78.06359, 44.58676], [-78.06357, 44.58678], [-78.06355, 44.58679], [-78.06349, 44.58683], [-78.06346, 44.58685], [-78.06342, 44.58686], [-78.0634, 44.58687], [-78.06337, 44.58689], [-78.06335, 44.58691], [-78.06331, 44.58691], [-78.06327, 44.58693], [-78.06324, 44.58694], [-78.06321, 44.58695], [-78.06318, 44.58696], [-78.06316, 44.58696], [-78.0631, 44.58696], [-78.06303, 44.58698], [-78.06299, 44.58698], [-78.06295, 44.58698], [-78.06286, 44.58698], [-78.06284, 44.58698], [-78.06279, 44.58698], [-78.06275, 44.58698], [-78.06273, 44.58697], [-78.06269, 44.58696], [-78.06268, 44.58695], [-78.06265, 44.58693], [-78.06263, 44.58691], [-78.0626, 44.5869], [-78.06259, 44.58689], [-78.06256, 44.58685], [-78.06254, 44.58684], [-78.06253, 44.58682], [-78.06252, 44.58679], [-78.06252, 44.58678], [-78.0625, 44.58676], [-78.06247, 44.58676], [-78.06245, 44.58676], [-78.06241, 44.58675], [-78.0624, 44.58674], [-78.06237, 44.58673], [-78.06235, 44.58672], [-78.06231, 44.58672], [-78.06229, 44.58672], [-78.06226, 44.58673], [-78.06225, 44.58675], [-78.06223, 44.58677], [-78.06223, 44.58679], [-78.06222, 44.58681], [-78.06219, 44.58683], [-78.06218, 44.58685], [-78.06216, 44.58687], [-78.06215, 44.58688], [-78.06213, 44.5869], [-78.0621, 44.58693], [-78.06209, 44.58695], [-78.06207, 44.58697], [-78.06206, 44.58699], [-78.06204, 44.58701], [-78.06202, 44.58702], [-78.06194, 44.58709], [-78.06191, 44.58709], [-78.06189, 44.58711], [-78.06184, 44.58713], [-78.06172, 44.58717], [-78.0617, 44.58719], [-78.06166, 44.5872], [-78.06164, 44.58722], [-78.06162, 44.58724], [-78.0616, 44.58725], [-78.06159, 44.58727], [-78.06156, 44.58729], [-78.06155, 44.58731], [-78.06151, 44.58734], [-78.0615, 44.58736], [-78.06148, 44.58739], [-78.06146, 44.58741], [-78.06144, 44.58742], [-78.06142, 44.58744], [-78.06139, 44.58746], [-78.06137, 44.58747], [-78.06133, 44.58749], [-78.0613, 44.58751], [-78.06129, 44.58753], [-78.06126, 44.58755], [-78.06122, 44.5876], [-78.06119, 44.58762], [-78.06117, 44.58766], [-78.06115, 44.58769], [-78.06114, 44.58771], [-78.06109, 44.58778], [-78.06107, 44.5878], [-78.06107, 44.58782], [-78.06107, 44.58784], [-78.06107, 44.58793], [-78.06106, 44.58795], [-78.06105, 44.58797], [-78.06104, 44.58799], [-78.061, 44.58802], [-78.06098, 44.58804], [-78.06096, 44.58807], [-78.06093, 44.58809], [-78.06091, 44.58811], [-78.06088, 44.58813], [-78.06085, 44.58815], [-78.06081, 44.58817], [-78.06079, 44.58819], [-78.06075, 44.58821], [-78.06072, 44.58822], [-78.06069, 44.58822], [-78.06065, 44.58823], [-78.06062, 44.58823], [-78.06058, 44.58823], [-78.06056, 44.58823], [-78.06053, 44.58823], [-78.0605, 44.58822], [-78.06047, 44.58822], [-78.06043, 44.58822], [-78.06037, 44.58821], [-78.06032, 44.58821], [-78.06028, 44.5882], [-78.0602, 44.58819], [-78.06016, 44.58818], [-78.06013, 44.58818], [-78.06011, 44.58817], [-78.06008, 44.58816], [-78.06005, 44.58816], [-78.06002, 44.58814], [-78.05998, 44.58813], [-78.05995, 44.58811], [-78.05991, 44.5881], [-78.05987, 44.58809], [-78.05985, 44.58809], [-78.05982, 44.58807], [-78.0598, 44.58806], [-78.05978, 44.58804], [-78.05976, 44.58803], [-78.05975, 44.58801], [-78.05974, 44.58799], [-78.05973, 44.58797], [-78.05969, 44.58796], [-78.05967, 44.58795], [-78.05962, 44.58793], [-78.05959, 44.58792], [-78.05958, 44.5879], [-78.05956, 44.58787], [-78.05955, 44.58785], [-78.05952, 44.58783], [-78.0595, 44.58782], [-78.05947, 44.58781], [-78.05945, 44.5878], [-78.05942, 44.5878], [-78.0594, 44.58779], [-78.05937, 44.58779], [-78.0593, 44.5878], [-78.05918, 44.58781], [-78.05916, 44.58782], [-78.05913, 44.58782], [-78.05912, 44.58784], [-78.05909, 44.58786], [-78.05907, 44.58788], [-78.05904, 44.58787], [-78.05902, 44.58786], [-78.05899, 44.58785], [-78.05897, 44.58782], [-78.05896, 44.5878], [-78.05894, 44.58778], [-78.05893, 44.58776], [-78.05891, 44.58775], [-78.05888, 44.58773], [-78.05886, 44.58772], [-78.05883, 44.58771], [-78.05881, 44.58771], [-78.05877, 44.58771], [-78.05871, 44.5877], [-78.05868, 44.5877], [-78.05866, 44.58769], [-78.0586, 44.58765], [-78.05857, 44.58764], [-78.05855, 44.58762], [-78.05852, 44.58762], [-78.05846, 44.58762], [-78.05842, 44.58761], [-78.0584, 44.58761], [-78.05837, 44.5876], [-78.05835, 44.58759], [-78.05831, 44.58759], [-78.05829, 44.58759], [-78.05826, 44.58759], [-78.05824, 44.58759], [-78.05818, 44.5876], [-78.05816, 44.5876], [-78.05813, 44.58759], [-78.05811, 44.58759], [-78.05809, 44.58758], [-78.05806, 44.58757], [-78.05802, 44.58755], [-78.058, 44.58753], [-78.05799, 44.58752], [-78.05799, 44.5875], [-78.05798, 44.58748], [-78.05797, 44.58746], [-78.05795, 44.58745], [-78.05793, 44.58743], [-78.05789, 44.58742], [-78.05788, 44.5874], [-78.05786, 44.58739], [-78.05782, 44.58738], [-78.05779, 44.58738], [-78.05775, 44.58738], [-78.05773, 44.58738], [-78.05767, 44.58738], [-78.05763, 44.58739], [-78.0576, 44.58739], [-78.05757, 44.5874], [-78.05754, 44.5874], [-78.0575, 44.5874], [-78.05748, 44.58741], [-78.05745, 44.58743], [-78.05742, 44.58744], [-78.05736, 44.58746], [-78.05733, 44.58748], [-78.0573, 44.5875], [-78.05724, 44.58752], [-78.05722, 44.58753], [-78.05719, 44.58755], [-78.05717, 44.58756], [-78.05715, 44.58757], [-78.05713, 44.58759], [-78.0571, 44.58759], [-78.05703, 44.58759], [-78.05698, 44.58759], [-78.05695, 44.5876], [-78.05692, 44.58761], [-78.05691, 44.58762], [-78.0569, 44.58764], [-78.05688, 44.58766], [-78.05686, 44.58768], [-78.05684, 44.5877], [-78.05682, 44.58772], [-78.05679, 44.58773], [-78.05677, 44.58774], [-78.05674, 44.58774], [-78.05673, 44.58775], [-78.0567, 44.58776], [-78.05666, 44.58776], [-78.05664, 44.58777], [-78.0566, 44.58777], [-78.05658, 44.58778], [-78.05655, 44.58778], [-78.05651, 44.58777], [-78.05649, 44.58778], [-78.05647, 44.58781], [-78.05646, 44.58782], [-78.05643, 44.58783], [-78.05641, 44.58783], [-78.05638, 44.58783], [-78.05636, 44.58784], [-78.05635, 44.58786], [-78.05632, 44.58788], [-78.05631, 44.58789], [-78.05629, 44.5879], [-78.05628, 44.58793], [-78.05626, 44.58795], [-78.05625, 44.58797], [-78.05625, 44.58798], [-78.05624, 44.588], [-78.05622, 44.58802], [-78.05621, 44.58803], [-78.05618, 44.58804], [-78.05617, 44.58805], [-78.05615, 44.58807], [-78.05613, 44.58808], [-78.05612, 44.5881], [-78.05611, 44.58811], [-78.05609, 44.58813], [-78.05608, 44.58817], [-78.05606, 44.58819], [-78.05605, 44.5882], [-78.05602, 44.58822], [-78.05601, 44.58823], [-78.05599, 44.58824], [-78.05596, 44.58826], [-78.05595, 44.58826], [-78.05591, 44.58828], [-78.05588, 44.58829], [-78.05586, 44.5883], [-78.05583, 44.58831], [-78.05581, 44.58831], [-78.05578, 44.58832], [-78.05575, 44.58832], [-78.05573, 44.58833], [-78.0557, 44.58834], [-78.05568, 44.58835], [-78.05565, 44.58836], [-78.05563, 44.58836], [-78.0556, 44.58837], [-78.05558, 44.58837], [-78.05555, 44.58838], [-78.05552, 44.58839], [-78.0555, 44.5884], [-78.05546, 44.5884], [-78.05544, 44.58841], [-78.05541, 44.58842], [-78.05538, 44.58842], [-78.05535, 44.58844], [-78.05532, 44.58844], [-78.05528, 44.58844], [-78.05526, 44.58844], [-78.05523, 44.58845], [-78.05519, 44.58846], [-78.05517, 44.58847], [-78.05514, 44.58847], [-78.05509, 44.58848], [-78.05507, 44.58848], [-78.05504, 44.58848], [-78.05502, 44.58848], [-78.05498, 44.58849], [-78.05495, 44.58849], [-78.05493, 44.5885], [-78.05486, 44.58851], [-78.05483, 44.58851], [-78.0548, 44.58851], [-78.05472, 44.58852], [-78.0547, 44.58852], [-78.05467, 44.58853], [-78.05464, 44.58853], [-78.05461, 44.58853], [-78.05459, 44.58853], [-78.05438, 44.58853], [-78.05435, 44.58853], [-78.05414, 44.58853], [-78.05409, 44.58853], [-78.05407, 44.58854], [-78.05387, 44.58853], [-78.05384, 44.58853], [-78.0538, 44.58853], [-78.05377, 44.58853], [-78.05374, 44.58853], [-78.05355, 44.58853], [-78.05339, 44.58851], [-78.05336, 44.58851], [-78.05333, 44.58851], [-78.05329, 44.58851], [-78.05326, 44.58851], [-78.05324, 44.5885], [-78.05321, 44.5885], [-78.05318, 44.5885], [-78.05315, 44.5885], [-78.05313, 44.58849], [-78.05309, 44.58849], [-78.05306, 44.5885], [-78.05304, 44.58849], [-78.05297, 44.58849], [-78.05277, 44.58849], [-78.05267, 44.58849], [-78.05263, 44.58849], [-78.05261, 44.58849], [-78.05255, 44.5885], [-78.05252, 44.5885], [-78.05232, 44.5885], [-78.05228, 44.5885], [-78.05208, 44.58851], [-78.05188, 44.58851], [-78.05168, 44.5885], [-78.05163, 44.58851], [-78.0516, 44.58851], [-78.05158, 44.5885], [-78.05155, 44.5885], [-78.05151, 44.5885], [-78.0514, 44.58849], [-78.05137, 44.58849], [-78.05135, 44.58847], [-78.05133, 44.58846], [-78.0513, 44.58845], [-78.05128, 44.58844], [-78.05125, 44.58843], [-78.05123, 44.58843], [-78.05119, 44.58843], [-78.05115, 44.58842], [-78.05111, 44.58842], [-78.05109, 44.58841], [-78.05106, 44.5884], [-78.05104, 44.58839], [-78.05103, 44.58838], [-78.051, 44.58838], [-78.05098, 44.58838], [-78.05095, 44.5884], [-78.05094, 44.5884], [-78.05091, 44.58842], [-78.05089, 44.58843], [-78.05086, 44.58843], [-78.05084, 44.58844], [-78.05071, 44.58843], [-78.05068, 44.58843], [-78.05062, 44.58844], [-78.0506, 44.58844], [-78.05056, 44.58844], [-78.05053, 44.58844], [-78.05042, 44.58844], [-78.05038, 44.58844], [-78.05033, 44.58843], [-78.05031, 44.58842], [-78.05027, 44.58842], [-78.05024, 44.58841], [-78.05022, 44.58841], [-78.05018, 44.58841], [-78.05007, 44.5884], [-78.05003, 44.5884], [-78.04998, 44.5884], [-78.04994, 44.58839], [-78.04991, 44.58839], [-78.04984, 44.58838], [-78.04982, 44.58837], [-78.04974, 44.58836], [-78.04954, 44.58831], [-78.04952, 44.58831], [-78.04949, 44.5883], [-78.04937, 44.58827], [-78.04933, 44.58826], [-78.04931, 44.58826], [-78.04928, 44.58826], [-78.04925, 44.58825], [-78.04922, 44.58824], [-78.0492, 44.58822], [-78.04917, 44.58822], [-78.04916, 44.58821], [-78.04914, 44.58819], [-78.0491, 44.58818], [-78.04909, 44.58816], [-78.04905, 44.58814], [-78.04896, 44.58808], [-78.04895, 44.58807], [-78.04893, 44.58806], [-78.04892, 44.58804], [-78.04889, 44.58802], [-78.04887, 44.588], [-78.04884, 44.58799], [-78.04882, 44.58798], [-78.04876, 44.58795], [-78.04871, 44.58793], [-78.04869, 44.58792], [-78.04867, 44.58791], [-78.04865, 44.5879], [-78.04865, 44.58788], [-78.04862, 44.58786], [-78.0486, 44.58785], [-78.04857, 44.58785], [-78.04855, 44.58784], [-78.04852, 44.58783], [-78.0485, 44.58781], [-78.04847, 44.5878], [-78.04845, 44.58778], [-78.04843, 44.58777], [-78.04841, 44.58776], [-78.04839, 44.58775], [-78.04836, 44.58774], [-78.04835, 44.58773], [-78.04834, 44.58771], [-78.04832, 44.58768], [-78.04829, 44.58766], [-78.04828, 44.58764], [-78.04826, 44.58763], [-78.04823, 44.58762], [-78.04821, 44.58761], [-78.04818, 44.58759], [-78.04816, 44.58758], [-78.04815, 44.58756], [-78.04812, 44.58755], [-78.04811, 44.58753], [-78.04808, 44.58753], [-78.04806, 44.58752], [-78.04804, 44.58751], [-78.04802, 44.58749], [-78.048, 44.58747], [-78.04799, 44.58746], [-78.04798, 44.58745], [-78.04795, 44.58741], [-78.04792, 44.58738], [-78.04789, 44.58736], [-78.04788, 44.58734], [-78.04787, 44.58733], [-78.04786, 44.58731], [-78.04783, 44.5873], [-78.04771, 44.58721], [-78.04769, 44.5872], [-78.04766, 44.5872], [-78.04764, 44.5872], [-78.0476, 44.5872], [-78.04757, 44.5872], [-78.04755, 44.5872], [-78.04752, 44.58721], [-78.0475, 44.58721], [-78.04746, 44.58721], [-78.04743, 44.58722], [-78.04741, 44.58722], [-78.04737, 44.58721], [-78.04736, 44.5872], [-78.04732, 44.58719], [-78.04731, 44.58718], [-78.04728, 44.58716], [-78.04726, 44.58715], [-78.04724, 44.58713], [-78.04721, 44.58712], [-78.04719, 44.58711], [-78.04716, 44.58709], [-78.04714, 44.58708], [-78.04711, 44.58706], [-78.04709, 44.58704], [-78.04706, 44.58704], [-78.04704, 44.58702], [-78.04703, 44.587], [-78.047, 44.58698], [-78.04699, 44.58696], [-78.04698, 44.58693], [-78.04697, 44.58692], [-78.04696, 44.5869], [-78.04695, 44.58688], [-78.04693, 44.58686], [-78.04692, 44.58684], [-78.04691, 44.58682], [-78.0469, 44.58681], [-78.04688, 44.58679], [-78.04686, 44.58677], [-78.04685, 44.58675], [-78.04684, 44.58673], [-78.04683, 44.58671], [-78.04681, 44.58668], [-78.04678, 44.58662], [-78.04677, 44.5866], [-78.04676, 44.58659], [-78.04675, 44.58657], [-78.04674, 44.58653], [-78.04674, 44.58651], [-78.04673, 44.5865], [-78.04673, 44.58647], [-78.0467, 44.58645], [-78.04669, 44.58643], [-78.04668, 44.58641], [-78.04667, 44.58639], [-78.04667, 44.58637], [-78.04666, 44.58635], [-78.04666, 44.58632], [-78.04665, 44.5863], [-78.04665, 44.58627], [-78.04664, 44.58625], [-78.04664, 44.58623], [-78.04664, 44.5862], [-78.04664, 44.58617], [-78.04664, 44.58602], [-78.04664, 44.58599], [-78.04664, 44.58597], [-78.04665, 44.58595], [-78.04665, 44.58594], [-78.04667, 44.58592], [-78.04668, 44.58589], [-78.04668, 44.58587], [-78.0467, 44.58586], [-78.04672, 44.58585], [-78.04674, 44.58583], [-78.04675, 44.58581], [-78.04677, 44.5858], [-78.04679, 44.58579], [-78.04681, 44.58578], [-78.04684, 44.58577], [-78.04686, 44.58576], [-78.04689, 44.58575], [-78.04692, 44.58574], [-78.04694, 44.58574], [-78.04698, 44.58572], [-78.04701, 44.58571], [-78.04703, 44.58571], [-78.04706, 44.5857], [-78.04708, 44.58569], [-78.04718, 44.58567], [-78.04721, 44.58565], [-78.04724, 44.58564], [-78.04725, 44.58564], [-78.04729, 44.58563], [-78.0473, 44.58562], [-78.04733, 44.58561], [-78.04735, 44.58559], [-78.04737, 44.58558], [-78.04738, 44.58556], [-78.0474, 44.58555], [-78.04742, 44.58553], [-78.04743, 44.58551], [-78.04747, 44.58548], [-78.04748, 44.58546], [-78.0475, 44.58544], [-78.04752, 44.58543], [-78.04754, 44.58542], [-78.04756, 44.5854], [-78.04758, 44.58539], [-78.0476, 44.58537], [-78.04763, 44.58536], [-78.04765, 44.58535], [-78.04767, 44.58533], [-78.04769, 44.58531], [-78.04771, 44.58531], [-78.04772, 44.58529], [-78.04775, 44.58528], [-78.04776, 44.58526], [-78.04779, 44.58524], [-78.0478, 44.58523], [-78.04781, 44.58521], [-78.04783, 44.58519], [-78.04784, 44.58518], [-78.04786, 44.58517], [-78.04789, 44.58517], [-78.04791, 44.58517], [-78.04795, 44.58517], [-78.04798, 44.58517], [-78.048, 44.58517], [-78.04803, 44.58518], [-78.04805, 44.58519], [-78.04808, 44.58519], [-78.0481, 44.58519], [-78.04813, 44.58518], [-78.04814, 44.58516], [-78.04816, 44.58515], [-78.04817, 44.58513], [-78.04818, 44.58511], [-78.04818, 44.58509], [-78.0482, 44.58508], [-78.04819, 44.58505], [-78.04819, 44.58502], [-78.04818, 44.585], [-78.04815, 44.58495], [-78.04814, 44.58493], [-78.04812, 44.58491], [-78.04812, 44.58489], [-78.04812, 44.58487], [-78.04812, 44.58484], [-78.04812, 44.58482], [-78.04812, 44.58479], [-78.04812, 44.58478], [-78.04812, 44.58476], [-78.04813, 44.58474], [-78.04815, 44.58472], [-78.04816, 44.58471], [-78.04817, 44.5847], [-78.04815, 44.58468], [-78.04813, 44.58467], [-78.0481, 44.58467], [-78.04808, 44.58467], [-78.04804, 44.58466], [-78.04803, 44.58465], [-78.04802, 44.58463], [-78.04801, 44.58461], [-78.04802, 44.58458], [-78.04802, 44.58457], [-78.04803, 44.58455], [-78.04805, 44.58453], [-78.04806, 44.58451], [-78.04807, 44.5845], [-78.04809, 44.58448], [-78.04809, 44.58446], [-78.04809, 44.58444], [-78.04809, 44.58439], [-78.04806, 44.58438], [-78.04803, 44.58439], [-78.048, 44.58439], [-78.04797, 44.58439], [-78.04794, 44.58438], [-78.04793, 44.58437], [-78.04791, 44.58436], [-78.04788, 44.58436], [-78.04784, 44.58436], [-78.04783, 44.58437], [-78.0478, 44.58438], [-78.04778, 44.58439], [-78.04775, 44.5844], [-78.04773, 44.5844], [-78.0477, 44.58441], [-78.04768, 44.5844], [-78.04768, 44.58438], [-78.04768, 44.58435], [-78.04765, 44.58433], [-78.04763, 44.58432], [-78.04761, 44.58432], [-78.04757, 44.58432], [-78.04752, 44.58432], [-78.04748, 44.58432], [-78.04744, 44.58432], [-78.04743, 44.58433], [-78.04743, 44.58434], [-78.04741, 44.58437], [-78.0474, 44.58439], [-78.04737, 44.58441], [-78.04736, 44.58442], [-78.04736, 44.58444], [-78.04733, 44.58446], [-78.04732, 44.58447], [-78.04728, 44.58448], [-78.04727, 44.58448], [-78.04724, 44.5845], [-78.04723, 44.58452], [-78.0472, 44.58454], [-78.04719, 44.58454], [-78.04715, 44.58454], [-78.04713, 44.58454], [-78.0471, 44.58454], [-78.04708, 44.58453], [-78.04705, 44.58452], [-78.04702, 44.58452], [-78.04699, 44.58452], [-78.04697, 44.58452], [-78.04693, 44.58452], [-78.0469, 44.58451], [-78.04685, 44.5845], [-78.04683, 44.58449], [-78.0468, 44.5845], [-78.04678, 44.58452], [-78.04675, 44.58452], [-78.04671, 44.58451], [-78.04661, 44.58452], [-78.04661, 44.58454], [-78.04659, 44.58456], [-78.04656, 44.58456], [-78.04653, 44.58456], [-78.04652, 44.58458], [-78.0465, 44.58459], [-78.04649, 44.58461], [-78.04647, 44.58462], [-78.04644, 44.58462], [-78.04642, 44.58461], [-78.04639, 44.58462], [-78.04639, 44.58464], [-78.0464, 44.58466], [-78.04643, 44.58467], [-78.04643, 44.58469], [-78.0464, 44.5847], [-78.04636, 44.58469], [-78.04634, 44.5847], [-78.04631, 44.58472], [-78.04629, 44.58474], [-78.04627, 44.58475], [-78.04622, 44.5848], [-78.04621, 44.58482], [-78.04617, 44.58485], [-78.04615, 44.58487], [-78.04612, 44.58489], [-78.0461, 44.5849], [-78.04609, 44.58492], [-78.04608, 44.58493], [-78.04606, 44.58496], [-78.04605, 44.58497], [-78.04603, 44.58498], [-78.04601, 44.585], [-78.04599, 44.58503], [-78.04598, 44.58504], [-78.04597, 44.58505], [-78.04594, 44.58507], [-78.04593, 44.58508], [-78.0459, 44.5851], [-78.04589, 44.58511], [-78.04586, 44.58512], [-78.04585, 44.58514], [-78.04584, 44.58516], [-78.04581, 44.58518], [-78.0458, 44.58518], [-78.04577, 44.58519], [-78.04575, 44.58519], [-78.04572, 44.58519], [-78.0457, 44.58517], [-78.04567, 44.58516], [-78.04566, 44.58514], [-78.04565, 44.58513], [-78.04562, 44.58512], [-78.04561, 44.5851], [-78.04559, 44.58509], [-78.04556, 44.58508], [-78.04554, 44.58508], [-78.04551, 44.58509], [-78.0455, 44.5851], [-78.04549, 44.58512], [-78.04547, 44.58514], [-78.04547, 44.58516], [-78.04547, 44.58518], [-78.04546, 44.5852], [-78.04546, 44.58522], [-78.04543, 44.58524], [-78.04542, 44.58526], [-78.0454, 44.58527], [-78.0454, 44.58529], [-78.0454, 44.58531], [-78.04543, 44.58532], [-78.04545, 44.58533], [-78.0455, 44.58533], [-78.04553, 44.58534], [-78.04555, 44.58535], [-78.04556, 44.58536], [-78.04556, 44.58538], [-78.04556, 44.58544], [-78.04553, 44.58544], [-78.04551, 44.58544], [-78.04547, 44.58545], [-78.04544, 44.58544], [-78.04542, 44.58546], [-78.04541, 44.58547], [-78.04538, 44.5855], [-78.04538, 44.58552], [-78.04536, 44.58553], [-78.04535, 44.58555], [-78.04535, 44.58558], [-78.04535, 44.5856], [-78.04535, 44.58563], [-78.04535, 44.58565], [-78.04534, 44.58567], [-78.04534, 44.58569], [-78.04534, 44.5857], [-78.04533, 44.58572], [-78.04532, 44.58574], [-78.0453, 44.58576], [-78.04528, 44.58578], [-78.04526, 44.5858], [-78.04525, 44.58582], [-78.04524, 44.58584], [-78.04521, 44.58585], [-78.0452, 44.58587], [-78.04516, 44.58589], [-78.04514, 44.58591], [-78.04509, 44.58593], [-78.04505, 44.58595], [-78.04504, 44.58597], [-78.045, 44.58598], [-78.04498, 44.58599], [-78.04495, 44.586], [-78.04492, 44.58601], [-78.04489, 44.58602], [-78.04486, 44.58602], [-78.04485, 44.58604], [-78.04485, 44.58606], [-78.04484, 44.5861], [-78.04483, 44.58612], [-78.04482, 44.58614], [-78.0448, 44.58616], [-78.04479, 44.58618], [-78.04478, 44.58618], [-78.04478, 44.5862], [-78.04478, 44.58622], [-78.04477, 44.5863], [-78.04477, 44.58633], [-78.04476, 44.58635], [-78.04474, 44.58636], [-78.04473, 44.58637], [-78.0447, 44.58638], [-78.04468, 44.58639], [-78.04464, 44.58641], [-78.0446, 44.5864], [-78.04458, 44.5864], [-78.04455, 44.58641], [-78.04455, 44.58643], [-78.04456, 44.58645], [-78.04457, 44.58647], [-78.0446, 44.58648], [-78.04462, 44.5865], [-78.04462, 44.58651], [-78.04462, 44.58654], [-78.04461, 44.58656], [-78.04459, 44.58658], [-78.04457, 44.58663], [-78.04455, 44.58665], [-78.04454, 44.58667], [-78.04452, 44.58669], [-78.04451, 44.58671], [-78.0445, 44.58673], [-78.04447, 44.58673], [-78.04446, 44.58675], [-78.04443, 44.58677], [-78.04441, 44.58679], [-78.04438, 44.58679], [-78.04437, 44.58681], [-78.04435, 44.58683], [-78.04433, 44.58685], [-78.04431, 44.58687], [-78.04429, 44.58689], [-78.04426, 44.5869], [-78.04425, 44.58692], [-78.04422, 44.58693], [-78.0442, 44.58694], [-78.04417, 44.58695], [-78.04412, 44.58696], [-78.04409, 44.58697], [-78.04407, 44.58697], [-78.04406, 44.58695], [-78.04406, 44.58693], [-78.04403, 44.58692], [-78.04401, 44.58692], [-78.04397, 44.58692], [-78.04388, 44.58693], [-78.04386, 44.58693], [-78.04384, 44.58695], [-78.04383, 44.58697], [-78.04382, 44.58699], [-78.0438, 44.587], [-78.04379, 44.58702], [-78.04378, 44.58704], [-78.04375, 44.58707], [-78.04374, 44.58708], [-78.04372, 44.58709], [-78.04371, 44.58711], [-78.04368, 44.58712], [-78.04367, 44.58714], [-78.04364, 44.58714], [-78.04362, 44.58716], [-78.04361, 44.58717], [-78.04357, 44.58717], [-78.04354, 44.58718], [-78.04352, 44.58718], [-78.04349, 44.58719], [-78.04347, 44.5872], [-78.04344, 44.58721], [-78.04341, 44.58722], [-78.04339, 44.58725], [-78.04335, 44.58727], [-78.04332, 44.5873], [-78.04331, 44.58732], [-78.0433, 44.58733], [-78.04326, 44.58738], [-78.04323, 44.5874], [-78.04322, 44.58742], [-78.0432, 44.58744], [-78.0432, 44.58746], [-78.04319, 44.58748], [-78.04317, 44.58751], [-78.04316, 44.58753], [-78.04313, 44.58755], [-78.04312, 44.58757], [-78.04311, 44.5876], [-78.04309, 44.58762], [-78.04308, 44.58763], [-78.04305, 44.58765], [-78.04303, 44.58766], [-78.043, 44.58766], [-78.04298, 44.58766], [-78.04295, 44.58766], [-78.04293, 44.58764], [-78.04292, 44.58762], [-78.04288, 44.58762], [-78.04285, 44.58762], [-78.04281, 44.58763], [-78.04279, 44.58763], [-78.04276, 44.58764], [-78.04274, 44.58763], [-78.04271, 44.58764], [-78.04269, 44.58764], [-78.04267, 44.58766], [-78.04265, 44.58768], [-78.04262, 44.58768], [-78.0426, 44.58768], [-78.04256, 44.58767], [-78.04252, 44.58766], [-78.04249, 44.58765], [-78.04246, 44.58765], [-78.04242, 44.58764], [-78.04239, 44.58763], [-78.04235, 44.58762], [-78.04232, 44.58762], [-78.04229, 44.58761], [-78.04225, 44.58761], [-78.04221, 44.5876], [-78.04217, 44.58759], [-78.04215, 44.58758], [-78.04212, 44.58757], [-78.04211, 44.58756], [-78.0421, 44.58754], [-78.04209, 44.58752], [-78.04208, 44.5875], [-78.04205, 44.58748], [-78.04204, 44.58747], [-78.04202, 44.58746], [-78.04199, 44.58745], [-78.04197, 44.58746], [-78.04195, 44.58748], [-78.04194, 44.5875], [-78.04193, 44.58751], [-78.04191, 44.58753], [-78.04191, 44.58755], [-78.04191, 44.58757], [-78.04188, 44.58759], [-78.04187, 44.5876], [-78.04186, 44.58762], [-78.04186, 44.58764], [-78.04187, 44.58766], [-78.04188, 44.58767], [-78.0419, 44.58768], [-78.04193, 44.5877], [-78.04193, 44.58772], [-78.04194, 44.58774], [-78.04195, 44.58776], [-78.04196, 44.58777], [-78.04197, 44.58779], [-78.04199, 44.58781], [-78.04197, 44.58783], [-78.04196, 44.58785], [-78.04195, 44.58787], [-78.04193, 44.58787], [-78.04191, 44.58789], [-78.04189, 44.58791], [-78.04187, 44.58792], [-78.04185, 44.58793], [-78.0418, 44.58793], [-78.04179, 44.58795], [-78.04179, 44.58797], [-78.04179, 44.58801], [-78.04177, 44.58803], [-78.04175, 44.58803], [-78.04172, 44.58802], [-78.0417, 44.58803], [-78.04168, 44.58805], [-78.04168, 44.58807], [-78.04167, 44.58808], [-78.04164, 44.5881], [-78.04163, 44.58811], [-78.04162, 44.58808], [-78.04162, 44.58806], [-78.04161, 44.58798], [-78.04159, 44.58797], [-78.04156, 44.58796], [-78.04152, 44.58796], [-78.0415, 44.58796], [-78.04147, 44.58796], [-78.04146, 44.58794], [-78.04145, 44.58793], [-78.04144, 44.58792], [-78.0414, 44.58791], [-78.04138, 44.58791], [-78.04135, 44.5879], [-78.04133, 44.5879], [-78.0413, 44.5879], [-78.04128, 44.58791], [-78.04127, 44.58794], [-78.04129, 44.58796], [-78.04128, 44.58797], [-78.04128, 44.58799], [-78.0413, 44.58802], [-78.04129, 44.58804], [-78.04131, 44.58806], [-78.04132, 44.58807], [-78.04132, 44.58809], [-78.04132, 44.58812], [-78.04131, 44.58814], [-78.04129, 44.58815], [-78.04126, 44.58815], [-78.04123, 44.58815], [-78.0412, 44.58816], [-78.04118, 44.58815], [-78.04115, 44.58815], [-78.04112, 44.58815], [-78.0411, 44.58816], [-78.04107, 44.58817], [-78.04105, 44.58817], [-78.04102, 44.58816], [-78.04099, 44.58816], [-78.04092, 44.58815], [-78.04089, 44.58814], [-78.04086, 44.58814], [-78.04084, 44.58813], [-78.0408, 44.58812], [-78.04077, 44.5881], [-78.04074, 44.58808], [-78.04073, 44.58806], [-78.0407, 44.58805], [-78.04068, 44.58803], [-78.04065, 44.58801], [-78.04063, 44.58798], [-78.04061, 44.58797], [-78.04059, 44.58795], [-78.04056, 44.58791], [-78.04055, 44.58789], [-78.04055, 44.58787], [-78.04055, 44.58785], [-78.04057, 44.58784], [-78.04061, 44.58783], [-78.04066, 44.58782], [-78.04069, 44.58782], [-78.04071, 44.58781], [-78.04073, 44.5878], [-78.04075, 44.58778], [-78.04079, 44.58776], [-78.04081, 44.58774], [-78.04083, 44.58772], [-78.04086, 44.5877], [-78.04088, 44.58769], [-78.04091, 44.58768], [-78.04094, 44.58767], [-78.04095, 44.58765], [-78.04097, 44.58763], [-78.04099, 44.58763], [-78.04101, 44.58761], [-78.04104, 44.5876], [-78.04107, 44.58758], [-78.04109, 44.58757], [-78.0411, 44.58756], [-78.04112, 44.58754], [-78.04113, 44.58752], [-78.04115, 44.5875], [-78.04116, 44.58749], [-78.04115, 44.58747], [-78.04116, 44.58744], [-78.04117, 44.58742], [-78.04119, 44.58739], [-78.0412, 44.58737], [-78.04123, 44.58737], [-78.04127, 44.58737], [-78.04128, 44.58735], [-78.04128, 44.58734], [-78.04128, 44.58732], [-78.04128, 44.58729], [-78.04128, 44.58727], [-78.04127, 44.58725], [-78.04125, 44.58725], [-78.04122, 44.58724], [-78.0412, 44.58724], [-78.04117, 44.58724], [-78.04113, 44.58724], [-78.04111, 44.58723], [-78.04108, 44.58721], [-78.04107, 44.5872], [-78.04106, 44.58719], [-78.04104, 44.58718], [-78.041, 44.58717], [-78.04096, 44.58717], [-78.04093, 44.58717], [-78.04073, 44.58717], [-78.04071, 44.58718], [-78.04068, 44.58719], [-78.04066, 44.58719], [-78.04064, 44.58721], [-78.04062, 44.58723], [-78.04059, 44.58725], [-78.04058, 44.58726], [-78.04055, 44.58727], [-78.04053, 44.58727], [-78.0405, 44.58726], [-78.04048, 44.58725], [-78.04045, 44.58726], [-78.04043, 44.58727], [-78.0404, 44.58729], [-78.04039, 44.5873], [-78.04039, 44.58732], [-78.04038, 44.58734], [-78.04037, 44.58735], [-78.04035, 44.58736], [-78.04031, 44.58736], [-78.04028, 44.58737], [-78.04026, 44.58738], [-78.04023, 44.5874], [-78.04021, 44.58741], [-78.04018, 44.58742], [-78.04017, 44.58743], [-78.04014, 44.58745], [-78.04011, 44.58747], [-78.04006, 44.58753], [-78.04003, 44.58754], [-78.04001, 44.58755], [-78.03998, 44.58756], [-78.03996, 44.58757], [-78.03994, 44.58759], [-78.03983, 44.58764], [-78.03983, 44.58766], [-78.03983, 44.58769], [-78.03982, 44.5877], [-78.03982, 44.58774], [-78.03985, 44.58775], [-78.03987, 44.58776], [-78.0399, 44.58776], [-78.0399, 44.58779], [-78.03989, 44.58781], [-78.0399, 44.58789], [-78.03989, 44.5879], [-78.03988, 44.58792], [-78.03986, 44.58794], [-78.03986, 44.58797], [-78.03986, 44.58807], [-78.03986, 44.58809], [-78.03984, 44.58811], [-78.03983, 44.58814], [-78.03981, 44.58816], [-78.0398, 44.58817], [-78.03977, 44.58819], [-78.03974, 44.5882], [-78.03971, 44.5882], [-78.03969, 44.5882], [-78.03966, 44.58821], [-78.03964, 44.58821], [-78.03958, 44.58822], [-78.03956, 44.58823], [-78.03953, 44.58824], [-78.03951, 44.58824], [-78.03948, 44.58825], [-78.03946, 44.58826], [-78.03943, 44.58827], [-78.0394, 44.58828], [-78.03937, 44.58829], [-78.03934, 44.58828], [-78.0393, 44.58828], [-78.03925, 44.58828], [-78.03923, 44.58829], [-78.0392, 44.58831], [-78.03918, 44.58833], [-78.03915, 44.58834], [-78.03912, 44.58834], [-78.0391, 44.58834], [-78.03906, 44.58834], [-78.03904, 44.58835], [-78.03901, 44.58835], [-78.03897, 44.58834], [-78.03894, 44.58833], [-78.03891, 44.58832], [-78.03887, 44.58832], [-78.03885, 44.58832], [-78.03882, 44.58833], [-78.0388, 44.58833], [-78.03877, 44.58834], [-78.03873, 44.58834], [-78.03871, 44.58833], [-78.0387, 44.58831], [-78.0387, 44.5883], [-78.03872, 44.58828], [-78.03874, 44.58826], [-78.03875, 44.58824], [-78.03875, 44.58822], [-78.03875, 44.5882], [-78.03875, 44.58818], [-78.03874, 44.58817], [-78.03873, 44.58815], [-78.03871, 44.58813], [-78.03868, 44.58812], [-78.03866, 44.58812], [-78.03863, 44.58812], [-78.03859, 44.58812], [-78.03857, 44.58814], [-78.03854, 44.58814], [-78.03852, 44.58814], [-78.03848, 44.58814], [-78.03845, 44.58814], [-78.03842, 44.58813], [-78.03839, 44.58814], [-78.03837, 44.58814], [-78.03833, 44.58815], [-78.0383, 44.58816], [-78.03828, 44.58817], [-78.03825, 44.58817], [-78.03823, 44.58817], [-78.0382, 44.58817], [-78.03818, 44.58816], [-78.03815, 44.58815], [-78.03813, 44.58815], [-78.0381, 44.58815], [-78.03809, 44.58817], [-78.03807, 44.58819], [-78.03806, 44.58821], [-78.03803, 44.58821], [-78.03801, 44.58821], [-78.03797, 44.58821], [-78.03793, 44.58821], [-78.03788, 44.58821], [-78.03787, 44.58818], [-78.03789, 44.58817], [-78.03789, 44.58815], [-78.03789, 44.58813], [-78.03788, 44.58811], [-78.03786, 44.58809], [-78.03785, 44.58808], [-78.03783, 44.58807], [-78.0378, 44.58807], [-78.03777, 44.58807], [-78.03774, 44.58808], [-78.03771, 44.58808], [-78.03769, 44.58809], [-78.03766, 44.58811], [-78.03764, 44.58811], [-78.03761, 44.58812], [-78.03759, 44.58813], [-78.03756, 44.58813], [-78.03746, 44.58813], [-78.03743, 44.58814], [-78.03741, 44.58814], [-78.03738, 44.58815], [-78.03734, 44.58816], [-78.03732, 44.58816], [-78.03729, 44.58816], [-78.03727, 44.58816], [-78.03723, 44.58816], [-78.03714, 44.58816], [-78.03711, 44.58815], [-78.03708, 44.58814], [-78.03704, 44.58814], [-78.03702, 44.58813], [-78.03699, 44.58812], [-78.03697, 44.58812], [-78.03694, 44.58812], [-78.03692, 44.58813], [-78.03689, 44.58813], [-78.03686, 44.58813], [-78.03683, 44.58814], [-78.03682, 44.58816], [-78.03679, 44.58816], [-78.03676, 44.58819], [-78.03674, 44.58821], [-78.03674, 44.58824], [-78.03674, 44.58825], [-78.03673, 44.58827], [-78.03673, 44.58829], [-78.03675, 44.58831], [-78.03674, 44.58833], [-78.03674, 44.58835], [-78.03674, 44.58838], [-78.03674, 44.58841], [-78.03674, 44.58843], [-78.03672, 44.58846], [-78.03672, 44.58848], [-78.03671, 44.5885], [-78.0367, 44.58851], [-78.03668, 44.58853], [-78.03667, 44.58855], [-78.03666, 44.58857], [-78.03663, 44.58857], [-78.03661, 44.58858], [-78.03657, 44.58858], [-78.03653, 44.58859], [-78.03642, 44.5886], [-78.03639, 44.5886], [-78.03635, 44.5886], [-78.03633, 44.5886], [-78.0363, 44.5886], [-78.03626, 44.58859], [-78.03623, 44.58858], [-78.03619, 44.58857], [-78.03617, 44.58856], [-78.03615, 44.58855], [-78.03613, 44.58854], [-78.0361, 44.58854], [-78.03608, 44.58855], [-78.03605, 44.58856], [-78.03603, 44.58857], [-78.036, 44.58858], [-78.03598, 44.58858], [-78.03595, 44.58859], [-78.03592, 44.58861], [-78.03591, 44.58863], [-78.0359, 44.58865], [-78.03588, 44.58867], [-78.03587, 44.58869], [-78.03586, 44.58871], [-78.03583, 44.58872], [-78.0358, 44.58872], [-78.03578, 44.58872], [-78.03574, 44.58872], [-78.03572, 44.58872], [-78.03568, 44.58872], [-78.03565, 44.58872], [-78.03564, 44.58874], [-78.03561, 44.58875], [-78.03559, 44.58875], [-78.03556, 44.58877], [-78.03552, 44.58878], [-78.0355, 44.58878], [-78.03549, 44.58877], [-78.03548, 44.58875], [-78.03546, 44.58873], [-78.03544, 44.58873], [-78.03543, 44.58874], [-78.03541, 44.58877], [-78.03541, 44.58879], [-78.03539, 44.58879], [-78.03536, 44.58879], [-78.03534, 44.58878], [-78.03531, 44.58877], [-78.03529, 44.58876], [-78.03526, 44.58877], [-78.03524, 44.58877], [-78.03521, 44.58877], [-78.03517, 44.58878], [-78.03515, 44.58877], [-78.03512, 44.58876], [-78.0351, 44.58875], [-78.03507, 44.58875], [-78.03505, 44.58876], [-78.03501, 44.58877], [-78.035, 44.58878], [-78.03497, 44.58879], [-78.03494, 44.5888], [-78.03492, 44.5888], [-78.03488, 44.58882], [-78.03485, 44.58883], [-78.03482, 44.58883], [-78.0348, 44.58885], [-78.03476, 44.58887], [-78.03474, 44.58889], [-78.03471, 44.58889], [-78.03469, 44.58891], [-78.03466, 44.58892], [-78.03462, 44.58895], [-78.03458, 44.58896], [-78.03457, 44.58897], [-78.03454, 44.58899], [-78.03452, 44.58901], [-78.03449, 44.58902], [-78.03447, 44.58904], [-78.03444, 44.58905], [-78.03443, 44.58907], [-78.03437, 44.58909], [-78.03436, 44.58911], [-78.03434, 44.58912], [-78.03431, 44.58914], [-78.03428, 44.58915], [-78.03427, 44.58916], [-78.03424, 44.58917], [-78.03422, 44.58918], [-78.03419, 44.5892], [-78.03415, 44.5892], [-78.03413, 44.58921], [-78.03409, 44.58924], [-78.03405, 44.58925], [-78.03404, 44.58925], [-78.03397, 44.58928], [-78.03395, 44.58929], [-78.03392, 44.5893], [-78.03386, 44.58933], [-78.03383, 44.58933], [-78.0338, 44.58934], [-78.03377, 44.58935], [-78.03374, 44.58935], [-78.03371, 44.58934], [-78.03359, 44.58934], [-78.03357, 44.58934], [-78.03354, 44.58934], [-78.03352, 44.58934], [-78.03348, 44.58934], [-78.03346, 44.58934], [-78.03342, 44.58935], [-78.0334, 44.58936], [-78.03338, 44.58937], [-78.03335, 44.58938], [-78.03333, 44.58938], [-78.03329, 44.58938], [-78.03326, 44.58938], [-78.03324, 44.58939], [-78.03321, 44.58939], [-78.0332, 44.58941], [-78.03317, 44.58942], [-78.03315, 44.58943], [-78.03315, 44.58945], [-78.03316, 44.58947], [-78.03317, 44.58947], [-78.0332, 44.58948], [-78.03322, 44.58949], [-78.03322, 44.58951], [-78.03322, 44.58954], [-78.0332, 44.58956], [-78.03318, 44.58957], [-78.03317, 44.58959], [-78.03314, 44.58961], [-78.03313, 44.58963], [-78.0331, 44.58966], [-78.03309, 44.58968], [-78.03306, 44.58972], [-78.03304, 44.58974], [-78.03303, 44.58976], [-78.03302, 44.58978], [-78.03299, 44.58979], [-78.03298, 44.5898], [-78.03294, 44.58981], [-78.03291, 44.58982], [-78.03289, 44.58983], [-78.03288, 44.58984], [-78.03285, 44.58985], [-78.03284, 44.58987], [-78.03281, 44.58989], [-78.03278, 44.58992], [-78.03278, 44.58994], [-78.03277, 44.58996], [-78.03277, 44.58998], [-78.03277, 44.59], [-78.03274, 44.59003], [-78.03262, 44.59009], [-78.0326, 44.5901], [-78.03257, 44.59012], [-78.03255, 44.59012], [-78.03252, 44.59014], [-78.03249, 44.59016], [-78.03247, 44.59016], [-78.03244, 44.59016], [-78.03242, 44.59015], [-78.03239, 44.59015], [-78.03236, 44.59013], [-78.03232, 44.59013], [-78.03228, 44.59013], [-78.03226, 44.59013], [-78.03222, 44.59012], [-78.03219, 44.59012], [-78.03217, 44.59011], [-78.03207, 44.59011], [-78.03203, 44.59011], [-78.03201, 44.5901], [-78.03197, 44.5901], [-78.03194, 44.59009], [-78.03191, 44.59009], [-78.03187, 44.59009], [-78.03184, 44.59008], [-78.03178, 44.59007], [-78.03173, 44.59007], [-78.03169, 44.59006], [-78.03167, 44.59006], [-78.03164, 44.59005], [-78.03162, 44.59004], [-78.03159, 44.59004], [-78.03155, 44.59005], [-78.03153, 44.59004], [-78.0315, 44.59005], [-78.03148, 44.59005], [-78.03145, 44.59006], [-78.03145, 44.59009], [-78.03144, 44.59011], [-78.03142, 44.59012], [-78.03141, 44.59014], [-78.0314, 44.59016], [-78.03137, 44.59017], [-78.03137, 44.59018], [-78.03137, 44.59021], [-78.03138, 44.59033], [-78.03139, 44.59035], [-78.0314, 44.59037], [-78.03142, 44.59037], [-78.03145, 44.59038], [-78.03147, 44.59039], [-78.0315, 44.5904], [-78.03154, 44.59041], [-78.03157, 44.59041], [-78.0316, 44.59042], [-78.03169, 44.59044], [-78.03171, 44.59045], [-78.03175, 44.59046], [-78.03176, 44.59047], [-78.0318, 44.59048], [-78.03182, 44.59049], [-78.03183, 44.5905], [-78.03187, 44.59052], [-78.0319, 44.59053], [-78.03191, 44.59055], [-78.03192, 44.59057], [-78.03193, 44.59059], [-78.03194, 44.5906], [-78.03194, 44.59062], [-78.03193, 44.59077], [-78.03194, 44.5908], [-78.03193, 44.59082], [-78.03193, 44.59084], [-78.03192, 44.59086], [-78.0319, 44.59087], [-78.03188, 44.59089], [-78.03186, 44.5909], [-78.03184, 44.59092], [-78.03182, 44.59093], [-78.0318, 44.59094], [-78.03177, 44.59096], [-78.03175, 44.59098], [-78.03173, 44.59099], [-78.03172, 44.591], [-78.03169, 44.59102], [-78.03167, 44.59105], [-78.03165, 44.59106], [-78.03163, 44.59107], [-78.0316, 44.59109], [-78.03159, 44.5911], [-78.03156, 44.59112], [-78.03155, 44.59113], [-78.03155, 44.59115], [-78.03152, 44.59117], [-78.0315, 44.59119], [-78.03148, 44.5912], [-78.03146, 44.5912], [-78.03155, 44.5913], [-78.03157, 44.59131], [-78.03158, 44.59134], [-78.03159, 44.59136], [-78.0316, 44.59138], [-78.0316, 44.5914], [-78.03161, 44.59141], [-78.03162, 44.59143], [-78.03165, 44.59145], [-78.03166, 44.59147], [-78.03166, 44.5915], [-78.03167, 44.59152], [-78.03167, 44.59154], [-78.03167, 44.59166], [-78.03167, 44.59168], [-78.03167, 44.5917], [-78.03167, 44.59171], [-78.03166, 44.59173], [-78.03164, 44.59175], [-78.0316, 44.59179], [-78.03158, 44.59183], [-78.03157, 44.59189], [-78.03157, 44.59192], [-78.03157, 44.59194], [-78.0316, 44.59195], [-78.03162, 44.59197], [-78.03167, 44.592], [-78.03168, 44.59202], [-78.03171, 44.59203], [-78.03173, 44.59204], [-78.03175, 44.59205], [-78.0318, 44.59206], [-78.03184, 44.59206], [-78.03187, 44.59207], [-78.03189, 44.59207], [-78.03198, 44.59208], [-78.03201, 44.59208], [-78.03204, 44.59208], [-78.03207, 44.59209], [-78.03211, 44.59209], [-78.03214, 44.59209], [-78.03217, 44.5921], [-78.03221, 44.5921], [-78.03223, 44.5921], [-78.03226, 44.59211], [-78.03228, 44.59211], [-78.03231, 44.59211], [-78.03251, 44.59212], [-78.03254, 44.59212], [-78.03257, 44.59212], [-78.03261, 44.59213], [-78.03263, 44.59213], [-78.03266, 44.59214], [-78.03273, 44.59215], [-78.03276, 44.59215], [-78.03278, 44.59216], [-78.03307, 44.59218], [-78.0331, 44.59219], [-78.03312, 44.5922], [-78.03315, 44.59221], [-78.03322, 44.59223], [-78.03324, 44.59224], [-78.03327, 44.59225], [-78.03329, 44.59227], [-78.03332, 44.59228], [-78.03332, 44.59231], [-78.03333, 44.59232], [-78.03333, 44.59234], [-78.03333, 44.59237], [-78.03333, 44.59239], [-78.03331, 44.5924], [-78.03326, 44.59247], [-78.03323, 44.59251], [-78.0332, 44.59254], [-78.03319, 44.59256], [-78.03318, 44.59259], [-78.03317, 44.59262], [-78.03316, 44.59263], [-78.03316, 44.59266], [-78.03316, 44.59269], [-78.03314, 44.59272], [-78.03313, 44.59274], [-78.03312, 44.59278], [-78.0331, 44.59279], [-78.03308, 44.59282], [-78.03306, 44.59284], [-78.03304, 44.59287], [-78.03301, 44.59289], [-78.033, 44.59291], [-78.033, 44.59293], [-78.03297, 44.59295], [-78.03295, 44.59299], [-78.03294, 44.59302], [-78.03293, 44.59304], [-78.03293, 44.59306], [-78.03291, 44.59308], [-78.03292, 44.59311], [-78.03292, 44.59312], [-78.03295, 44.59313], [-78.03297, 44.59313], [-78.03301, 44.59313], [-78.03305, 44.59313], [-78.03307, 44.59312], [-78.03311, 44.59311], [-78.03314, 44.59311], [-78.03316, 44.59311], [-78.0332, 44.59311], [-78.03322, 44.59312], [-78.03325, 44.59313], [-78.03327, 44.59314], [-78.03332, 44.59318], [-78.03336, 44.59321], [-78.03338, 44.59323], [-78.03339, 44.59324], [-78.03341, 44.59326], [-78.03342, 44.59328], [-78.03343, 44.59333], [-78.03343, 44.59336], [-78.03343, 44.59339], [-78.03342, 44.59341], [-78.03341, 44.59343], [-78.0334, 44.59347], [-78.03338, 44.5935], [-78.03337, 44.59351], [-78.03336, 44.59353], [-78.03333, 44.59355], [-78.03332, 44.59357], [-78.03329, 44.59358], [-78.03322, 44.59363], [-78.0332, 44.59364], [-78.03317, 44.59366], [-78.03315, 44.59367], [-78.03307, 44.59369], [-78.03304, 44.59371], [-78.03301, 44.59372], [-78.03298, 44.59372], [-78.03295, 44.59373], [-78.03292, 44.59374], [-78.03289, 44.59373], [-78.03287, 44.59374], [-78.03283, 44.59374], [-78.0328, 44.59375], [-78.03271, 44.59377], [-78.03264, 44.59379], [-78.0326, 44.5938], [-78.03252, 44.59381], [-78.03248, 44.59381], [-78.03243, 44.59381], [-78.03241, 44.59382], [-78.03237, 44.59383], [-78.03234, 44.59384], [-78.03232, 44.59385], [-78.03229, 44.59386], [-78.03227, 44.59387], [-78.03224, 44.59389], [-78.03223, 44.59391], [-78.03221, 44.59393], [-78.03219, 44.59396], [-78.03217, 44.59399], [-78.03216, 44.59401], [-78.03214, 44.59404], [-78.03214, 44.59407], [-78.03214, 44.59421], [-78.03213, 44.59424], [-78.03213, 44.59426], [-78.03215, 44.59441], [-78.03215, 44.59444], [-78.03215, 44.59446], [-78.03214, 44.59448], [-78.03213, 44.5945], [-78.03211, 44.59452], [-78.03209, 44.59453], [-78.03208, 44.59454], [-78.03204, 44.59456], [-78.03202, 44.59457], [-78.03189, 44.59457], [-78.03187, 44.59457], [-78.03183, 44.59457], [-78.03179, 44.59456], [-78.03175, 44.59455], [-78.03173, 44.59455], [-78.0317, 44.59454], [-78.03168, 44.59453], [-78.03164, 44.59452], [-78.03162, 44.59452], [-78.03155, 44.59452], [-78.03153, 44.59452], [-78.03149, 44.59452], [-78.03145, 44.59452], [-78.03143, 44.59452], [-78.0314, 44.59454], [-78.03137, 44.59457], [-78.03136, 44.5946], [-78.03133, 44.59461], [-78.03132, 44.59463], [-78.03132, 44.59465], [-78.03132, 44.59468], [-78.03132, 44.5947], [-78.03133, 44.59472], [-78.03134, 44.59475], [-78.03134, 44.59477], [-78.03135, 44.59478], [-78.03136, 44.59481], [-78.03139, 44.59482], [-78.0314, 44.59485], [-78.0314, 44.59488], [-78.03141, 44.5949], [-78.03142, 44.59494], [-78.03142, 44.59496], [-78.03142, 44.59499], [-78.03141, 44.59502], [-78.03141, 44.59504], [-78.0314, 44.59506], [-78.03139, 44.59508], [-78.03137, 44.5951], [-78.03132, 44.59516], [-78.03131, 44.59518], [-78.03129, 44.59521], [-78.03128, 44.59522], [-78.03126, 44.59525], [-78.03125, 44.59529], [-78.03125, 44.59531], [-78.03125, 44.59534], [-78.03124, 44.59541], [-78.03124, 44.59543], [-78.03122, 44.59558], [-78.03122, 44.59561], [-78.03121, 44.59564], [-78.03121, 44.59566], [-78.0312, 44.59568], [-78.03119, 44.59571], [-78.03119, 44.59573], [-78.03119, 44.59575], [-78.03117, 44.59577], [-78.03116, 44.59579], [-78.03115, 44.59582], [-78.03112, 44.59588], [-78.0311, 44.5959], [-78.03109, 44.59592], [-78.03108, 44.59594], [-78.03106, 44.59596], [-78.03104, 44.59598], [-78.03101, 44.596], [-78.03091, 44.59609], [-78.03088, 44.5961], [-78.03085, 44.59612], [-78.03083, 44.59615], [-78.0308, 44.59617], [-78.03078, 44.59618], [-78.03076, 44.5962], [-78.03075, 44.59622], [-78.03073, 44.59624], [-78.03072, 44.59626], [-78.03071, 44.59629], [-78.03069, 44.59631], [-78.03059, 44.59644], [-78.03056, 44.59646], [-78.03053, 44.59652], [-78.03051, 44.59654], [-78.03044, 44.59662], [-78.03041, 44.59665], [-78.0304, 44.59667], [-78.03038, 44.59669], [-78.03037, 44.5967], [-78.03036, 44.59672], [-78.03034, 44.59674], [-78.03033, 44.59676], [-78.03032, 44.59677], [-78.03029, 44.5968], [-78.03026, 44.59683], [-78.03025, 44.59684], [-78.03021, 44.59689], [-78.03018, 44.59691], [-78.03017, 44.59692], [-78.03013, 44.59696], [-78.03004, 44.59702], [-78.03001, 44.59704], [-78.03, 44.59704], [-78.02986, 44.59709], [-78.02983, 44.5971], [-78.02982, 44.59712], [-78.0298, 44.59713], [-78.02971, 44.59715], [-78.02968, 44.59716], [-78.02965, 44.59717], [-78.0296, 44.59718], [-78.02958, 44.59719], [-78.02955, 44.59719], [-78.02951, 44.59721], [-78.02948, 44.59723], [-78.02945, 44.59725], [-78.02942, 44.59726], [-78.0294, 44.59728], [-78.02937, 44.5973], [-78.02934, 44.59732], [-78.02932, 44.59734], [-78.0293, 44.59737], [-78.02928, 44.59739], [-78.02926, 44.59742], [-78.02925, 44.59744], [-78.02924, 44.59746], [-78.02922, 44.59747], [-78.0292, 44.59749], [-78.02914, 44.59758], [-78.02913, 44.5976], [-78.02909, 44.5977], [-78.02906, 44.59777], [-78.02906, 44.59779], [-78.02904, 44.59781], [-78.02904, 44.59787], [-78.02905, 44.5979], [-78.02904, 44.59794], [-78.02902, 44.59796], [-78.02902, 44.59799], [-78.02901, 44.59802], [-78.02895, 44.59811], [-78.02891, 44.59813], [-78.0289, 44.59815], [-78.02889, 44.59817], [-78.02886, 44.59819], [-78.02885, 44.5982], [-78.02882, 44.59825], [-78.02879, 44.59827], [-78.02878, 44.5983], [-78.02874, 44.59834], [-78.02872, 44.59836], [-78.0287, 44.59838], [-78.02867, 44.59841], [-78.02865, 44.59842], [-78.02861, 44.59844], [-78.02859, 44.59845], [-78.02856, 44.59846], [-78.02853, 44.59846], [-78.02849, 44.59846], [-78.02835, 44.59847], [-78.02832, 44.59847], [-78.02829, 44.59847], [-78.02824, 44.59848], [-78.02821, 44.59848], [-78.0281, 44.59853], [-78.02807, 44.59855], [-78.02803, 44.59856], [-78.02801, 44.59858], [-78.02798, 44.59859], [-78.02796, 44.59861], [-78.02794, 44.59862], [-78.0279, 44.59866], [-78.02788, 44.59869], [-78.02785, 44.59873], [-78.02774, 44.59887], [-78.02773, 44.59889], [-78.02771, 44.59891], [-78.02767, 44.59896], [-78.02762, 44.59902], [-78.02761, 44.59904], [-78.02759, 44.59906], [-78.02758, 44.59908], [-78.02756, 44.59912], [-78.02755, 44.59915], [-78.02754, 44.59918], [-78.02754, 44.59919], [-78.02751, 44.59924], [-78.02749, 44.59926], [-78.02749, 44.59927], [-78.02748, 44.5993], [-78.02744, 44.59936], [-78.02742, 44.59939], [-78.02741, 44.59941], [-78.02741, 44.59943], [-78.0274, 44.59945], [-78.02737, 44.5995], [-78.02737, 44.59952], [-78.02728, 44.59967], [-78.02724, 44.59978], [-78.02723, 44.59981], [-78.02719, 44.59988], [-78.02717, 44.59991], [-78.02716, 44.59994], [-78.02714, 44.59997], [-78.0271, 44.60002], [-78.02709, 44.60005], [-78.02707, 44.60007], [-78.02706, 44.60009], [-78.02706, 44.60011], [-78.02705, 44.60014], [-78.02703, 44.60016], [-78.02703, 44.60018], [-78.02702, 44.60024], [-78.02701, 44.60027], [-78.02692, 44.60046], [-78.02689, 44.60048], [-78.02688, 44.60051], [-78.02686, 44.60053], [-78.02681, 44.60061], [-78.02679, 44.60063], [-78.02678, 44.60064], [-78.02677, 44.60066], [-78.02674, 44.60068], [-78.02673, 44.6007], [-78.0266, 44.60082], [-78.02657, 44.60084], [-78.02654, 44.60086], [-78.02653, 44.60087], [-78.02652, 44.6009], [-78.0265, 44.60092], [-78.02649, 44.60095], [-78.02649, 44.60097], [-78.02649, 44.601], [-78.02648, 44.60101], [-78.02648, 44.60104], [-78.02649, 44.60106], [-78.02649, 44.60108], [-78.02652, 44.60111], [-78.02653, 44.60113], [-78.02655, 44.60116], [-78.02658, 44.60119], [-78.02659, 44.6012], [-78.02662, 44.60123], [-78.02665, 44.60124], [-78.02669, 44.60127], [-78.02671, 44.60128], [-78.02674, 44.60129], [-78.02676, 44.60131], [-78.02677, 44.60132], [-78.0268, 44.60133], [-78.02682, 44.60135], [-78.02686, 44.60137], [-78.02689, 44.60138], [-78.02698, 44.60141], [-78.02707, 44.60143], [-78.02714, 44.60144], [-78.02723, 44.60145], [-78.02729, 44.60147], [-78.02732, 44.60148], [-78.02734, 44.60149], [-78.02739, 44.60151], [-78.02741, 44.60155], [-78.02744, 44.60161], [-78.02745, 44.60167], [-78.02742, 44.60172], [-78.02736, 44.60181], [-78.02731, 44.60189], [-78.02711, 44.60215], [-78.02704, 44.60221], [-78.02697, 44.6023], [-78.02692, 44.6024], [-78.02685, 44.60252], [-78.02673, 44.60264], [-78.02663, 44.60278], [-78.02639, 44.60313], [-78.02629, 44.6033], [-78.02626, 44.60336], [-78.02624, 44.60343], [-78.02614, 44.60359], [-78.02602, 44.60374], [-78.02594, 44.6038], [-78.02582, 44.60388], [-78.02568, 44.60395], [-78.0255, 44.60402], [-78.02541, 44.60406], [-78.02538, 44.60408], [-78.02523, 44.60418], [-78.02498, 44.60426], [-78.02468, 44.60444], [-78.02462, 44.60448], [-78.02455, 44.60454], [-78.02454, 44.60456], [-78.02453, 44.60456], [-78.02451, 44.60459], [-78.02449, 44.60463], [-78.02446, 44.60464], [-78.02445, 44.60478], [-78.02446, 44.6048], [-78.0245, 44.60482], [-78.02453, 44.60483], [-78.0247, 44.60484], [-78.02492, 44.60483], [-78.02495, 44.60483], [-78.02507, 44.60483], [-78.0251, 44.60484], [-78.02514, 44.60484], [-78.02519, 44.60486], [-78.02523, 44.60489], [-78.02524, 44.60491], [-78.02044, 44.60615], [-78.02037, 44.60619], [-78.01981, 44.60658], [-78.01918, 44.60701], [-78.01857, 44.60741], [-78.01778, 44.60792], [-78.01719, 44.60831], [-78.01666, 44.60864], [-78.01621, 44.60896], [-78.016, 44.60913], [-78.01578, 44.60935], [-78.01562, 44.60952], [-78.01545, 44.60971], [-78.01527, 44.60996], [-78.0151, 44.61025], [-78.01497, 44.61051], [-78.01484, 44.61081], [-78.01467, 44.61126], [-78.01454, 44.61151], [-78.01453, 44.61153], [-78.0144, 44.6115], [-78.01406, 44.61144], [-78.01382, 44.61139], [-78.01364, 44.61135], [-78.01338, 44.61142], [-78.01315, 44.61149], [-78.01286, 44.61157], [-78.0124, 44.61173], [-78.01225, 44.61181], [-78.01212, 44.61191], [-78.01198, 44.6121], [-78.01187, 44.61223], [-78.01172, 44.61231], [-78.01146, 44.61241], [-78.0113, 44.6125], [-78.01122, 44.61261], [-78.01114, 44.61272], [-78.01092, 44.6129], [-78.01073, 44.61306], [-78.01039, 44.61337], [-78.01024, 44.61354], [-78.01008, 44.61374], [-78.00997, 44.61384], [-78.00981, 44.61392], [-78.0096, 44.61394], [-78.00946, 44.61395], [-78.00936, 44.61393], [-78.00933, 44.61393], [-78.00883, 44.61385], [-78.00858, 44.6138], [-78.00828, 44.61374], [-78.00798, 44.61371], [-78.00764, 44.61372], [-78.00741, 44.61372], [-78.00716, 44.61372], [-78.00697, 44.61374], [-78.0066, 44.61381], [-78.00635, 44.61389], [-78.00608, 44.61405], [-78.00597, 44.61418], [-78.0059, 44.61438], [-78.00582, 44.61456], [-78.00567, 44.61472], [-78.00553, 44.61479], [-78.00496, 44.61503], [-78.00424, 44.61532], [-78.0037, 44.61556], [-78.00338, 44.61569], [-78.0032, 44.61575], [-78.00297, 44.61579], [-78.00256, 44.61581], [-78.00206, 44.61586], [-78.00174, 44.6159], [-78.00116, 44.61594], [-78.00065, 44.61598], [-78.00025, 44.616], [-77.99979, 44.616], [-77.99973, 44.616], [-77.99935, 44.616], [-77.99912, 44.616], [-77.99874, 44.61599], [-77.99848, 44.61599], [-77.99825, 44.61601], [-77.9978, 44.61607], [-77.99756, 44.61612], [-77.99721, 44.61615], [-77.99691, 44.61614], [-77.99667, 44.6161], [-77.99641, 44.61605], [-77.99612, 44.61598], [-77.99595, 44.61598], [-77.99591, 44.61598], [-77.99578, 44.616], [-77.99545, 44.61612], [-77.99519, 44.61622], [-77.99501, 44.61631], [-77.99477, 44.61648], [-77.99404, 44.617], [-77.99334, 44.61755], [-77.99311, 44.61773], [-77.9929, 44.61789], [-77.99275, 44.61807], [-77.99266, 44.61822], [-77.99249, 44.61846], [-77.99234, 44.61868], [-77.99218, 44.6189], [-77.99205, 44.61909], [-77.99192, 44.61927], [-77.99176, 44.61943], [-77.99165, 44.61954], [-77.99125, 44.6199], [-77.99117, 44.61998], [-77.99105, 44.62007], [-77.99083, 44.62024], [-77.99063, 44.62041], [-77.99034, 44.62071], [-77.99031, 44.62074], [-77.98993, 44.62111], [-77.98977, 44.62122], [-77.98964, 44.62135], [-77.98941, 44.62154], [-77.9893, 44.62164], [-77.98888, 44.62203], [-77.98846, 44.62242], [-77.98808, 44.62282], [-77.98775, 44.62314], [-77.98755, 44.62334], [-77.98749, 44.6234], [-77.98732, 44.62358], [-77.98714, 44.62371], [-77.98696, 44.62379], [-77.9868, 44.62385], [-77.98651, 44.62392], [-77.98629, 44.62397], [-77.98607, 44.62403], [-77.98586, 44.62409], [-77.9855, 44.62423], [-77.98518, 44.62434], [-77.98486, 44.62447], [-77.98494, 44.62466], [-77.98506, 44.62484], [-77.98516, 44.62497], [-77.98519, 44.62506], [-77.98516, 44.62516], [-77.98509, 44.62528], [-77.98498, 44.6254], [-77.9849, 44.62548], [-77.98471, 44.62567], [-77.98454, 44.62584], [-77.98441, 44.62596], [-77.98431, 44.62609], [-77.98425, 44.62616], [-77.98414, 44.62622], [-77.98396, 44.62629], [-77.98379, 44.62632], [-77.98364, 44.62635], [-77.98352, 44.62641], [-77.9834, 44.62651], [-77.98323, 44.62666], [-77.98299, 44.6269], [-77.98276, 44.62712], [-77.98253, 44.6273], [-77.98239, 44.62738], [-77.98223, 44.62745], [-77.98207, 44.62751], [-77.98197, 44.62759], [-77.98192, 44.6277], [-77.98191, 44.62781], [-77.98186, 44.62793], [-77.98173, 44.62811], [-77.98152, 44.62838], [-77.98133, 44.62858], [-77.98116, 44.6287], [-77.98097, 44.62885], [-77.98084, 44.62898], [-77.98078, 44.6291], [-77.98074, 44.62924], [-77.98071, 44.6293], [-77.98066, 44.62936], [-77.98053, 44.62942], [-77.9804, 44.62947], [-77.98023, 44.62952], [-77.98004, 44.62957], [-77.97988, 44.62962], [-77.97975, 44.62973], [-77.97966, 44.62985], [-77.97954, 44.62999], [-77.97936, 44.63008], [-77.97918, 44.63011], [-77.97906, 44.63021], [-77.97897, 44.63029], [-77.97884, 44.63046], [-77.9788, 44.63054], [-77.9787, 44.63071], [-77.97862, 44.63081], [-77.9785, 44.6309], [-77.97837, 44.63095], [-77.97818, 44.63095], [-77.97803, 44.63095], [-77.97793, 44.63098], [-77.97782, 44.63105], [-77.97765, 44.6312], [-77.97742, 44.63137], [-77.9772, 44.63152], [-77.97702, 44.63161], [-77.97685, 44.63168], [-77.97669, 44.63175], [-77.97653, 44.63182], [-77.97637, 44.63189], [-77.97623, 44.632], [-77.97611, 44.63217], [-77.97602, 44.63234], [-77.97592, 44.63255], [-77.9758, 44.63282], [-77.9757, 44.63303], [-77.97559, 44.63323], [-77.97548, 44.6334], [-77.97533, 44.63356], [-77.97515, 44.63367], [-77.97509, 44.6337], [-77.97499, 44.63375], [-77.97486, 44.63382], [-77.97474, 44.63391]]]}}]}