{"type": "FeatureCollection", "metadata": {"crs": "EPSG:4326", "layer": "sunday_gun", "province": "on", "feature_count": 241, "coverage": "Municipalities and geographic townships south of the French and Mattawa rivers where Sunday gun hunting is permitted", "license": "OGL-Ontario", "license_url": "https://www.ontario.ca/page/open-government-licence-ontario", "source": "https://www.ontario.ca/laws/regulation/980663", "citation": "O. Reg. 663/98 (Area Descriptions) under the Fish and Wildlife Conservation Act, 1997, Part 7, Schedule 1", "currency_date": "2026-04-01", "rule": "The municipalities referred to in Schedule 1 are the areas south of the French and Mattawa rivers where it is permitted to hunt with a gun on Sundays under Ontario Regulation 665/98 (Hunting) made under the Act.", "note": "North of the French and Mattawa rivers Sunday gun hunting is permitted and no polygon is drawn. South of those rivers it is permitted only inside these boundaries. Ontario publishes the list of municipalities but not its geometry, so these outlines are municipal and survey township boundaries matched to the schedule by name.", "unmatched_entries": []}, "features": [{"type": "Feature", "properties": {"id": "on-sunday-11033", "name": "Township of Addington Highlands", "listed_as": "Addington Highlands, Township of", "geographic_area": "Lennox and Addington", "jurisdiction": "municipality", "sunday_gun": true, "basis": "reg663_part7"}, "geometry": {"type": "Polygon", "coordinates": [[[-77.0653, 44.962], [-77.2133, 45.2355], [-77.5425, 45.1446], [-77.3131, 44.7267], [-77.2882, 44.733], [-77.2077, 44.5664], [-77.0331, 44.6124], [-77.1174, 44.7771], [-77.1675, 44.764], [-77.1686, 44.7698], [-77.1755, 44.7753], [-77.175, 44.787], [-77.2218, 44.9194], [-77.0653, 44.962]]]}}, {"type": "Feature", "properties": {"id": "on-sunday-39010", "name": "Township of Adelaide-Metcalfe", "listed_as": "Adelaide Metcalfe, Township of", "geographic_area": "Middlesex", "jurisdiction": "municipality", "sunday_gun": true, "basis": "reg663_part7"}, "geometry": {"type": "Polygon", "coordinates": [[[-81.5946, 43.0339], [-81.7893, 43.0659], [-81.7903, 42.8162], [-81.7956, 42.8123], [-81.7606, 42.7856], [-81.6346, 42.8778], [-81.6816, 42.9129], [-81.6396, 42.9433], [-81.646, 42.9433], [-81.6469, 42.958], [-81.6534, 42.9557], [-81.6534, 42.9678], [-81.6496, 42.9678], [-81.6496, 42.9617], [-81.646, 42.9617], [-81.6459, 42.9678], [-81.6269, 42.9679], [-81.6268, 42.9919], [-81.6005, 42.992], [-81.6005, 42.9717], [-81.604, 42.9675], [-81.5551, 43.005], [-81.5946, 43.0339]]]}}, {"type": "Feature", "properties": {"id": "on-sunday-46020", "name": "Township of Algonquin Highlands", "listed_as": "Algonquin Highlands, Township of", "geographic_area": "Haliburton", "jurisdiction": "municipality", "sunday_gun": true, "basis": "reg663_part7"}, "geometry": {"type": "Polygon", "coordinates": [[[-78.2479, 45.4413], [-78.312, 45.5615], [-78.9716, 45.3844], [-78.9727, 45.3781], [-78.9679, 45.3755], [-78.9693, 45.3718], [-78.9578, 45.3702], [-78.9591, 45.3587], [-78.9509, 45.3558], [-78.9401, 45.3286], [-78.9343, 45.3256], [-78.9336, 45.3163], [-78.9249, 45.3086], [-78.9264, 45.3065], [-78.9193, 45.2965], [-78.9182, 45.2853], [-78.9124, 45.2769], [-78.9062, 45.276], [-78.9052, 45.2633], [-78.9015, 45.255], [-78.8933, 45.2504], [-78.8954, 45.2409], [-78.886, 45.2264], [-78.8828, 45.2259], [-78.8831, 45.2186], [-78.8792, 45.2135], [-78.8693, 45.212], [-78.875, 45.2086], [-78.8672, 45.1942], [-78.8693, 45.1905], [-78.8669, 45.1822], [-78.8695, 45.1784], [-78.8634, 45.1793], [-78.8556, 45.1747], [-78.855, 45.1684], [-78.8458, 45.1594], [-78.8479, 45.1536], [-78.8376, 45.1407], [-78.8413, 45.1357], [-78.8325, 45.1279], [-78.8341, 45.1246], [-78.8172, 45.0927], [-78.8173, 45.087], [-78.8138, 45.0864], [-78.8086, 45.0723], [-78.7915, 45.0456], [-78.79, 45.0372], [-78.7812, 45.0267], [-78.6149, 45.0729], [-78.7405, 45.3104], [-78.2479, 45.4413]]]}}, {"type": "Feature", "properties": {"id": "on-sunday-14015", "name": "Township of Alnwick/Haldimand", "listed_as": "Alnwick/Haldimand, Township of", "geographic_area": "Northumberland", "jurisdiction": "municipality", "sunday_gun": true, "basis": "reg663_part7"}, "geometry": {"type": "Polygon", "coordinates": [[[-77.9344, 43.9702], [-77.9764, 43.9772], [-78.0081, 43.963], [-78.0344, 43.969], [-78.0634, 43.9688], [-78.0715, 43.965], [-78.0821, 43.9672], [-78.1784, 44.1713], [-78.1451, 44.1939], [-78.0818, 44.2545], [-78.0452, 44.2619], [-78.0305, 44.2722], [-77.8988, 43.9808], [-77.9344, 43.9702]], [[-78.0809, 44.1628], [-78.0781, 44.1671], [-78.0828, 44.1772], [-78.0977, 44.1733], [-78.0916, 44.1601], [-78.0809, 44.1628]], [[-78.1423, 44.1664], [-78.1401, 44.1627], [-78.1397, 44.1645], [-78.1423, 44.1664]], [[-78.1408, 44.166], [-78.1388, 44.1648], [-78.1394, 44.1629], [-78.1261, 44.1663], [-78.1408, 44.166]], [[-78.1264, 44.167], [-78.1295, 44.1737], [-78.1438, 44.1699], [-78.1416, 44.167], [-78.1264, 44.167]], [[-78.1293, 44.1738], [-78.1261, 44.167], [-78.1055, 44.1715], [-78.109, 44.179], [-78.1293, 44.1738]], [[-78.0966, 44.1751], [-78.0815, 44.1777], [-78.085, 44.1855], [-78.0996, 44.1815], [-78.0966, 44.1751]], [[-78.0847, 44.1855], [-78.0812, 44.1778], [-78.0658, 44.1827], [-78.069, 44.1896], [-78.0847, 44.1855]], [[-78.0657, 44.1847], [-78.0604, 44.1886], [-78.0617, 44.1916], [-78.0681, 44.1899], [-78.0657, 44.1847]], [[-78.0456, 44.1914], [-78.0564, 44.1923], [-78.053, 44.185], [-78.0438, 44.1874], [-78.0456, 44.1914]], [[-78.0284, 44.183], [-78.0318, 44.1903], [-78.039, 44.1884], [-78.0356, 44.1818], [-78.0284, 44.183]], [[-78.0284, 44.183], [-78.0356, 44.1817], [-78.0323, 44.1741], [-78.025, 44.1757], [-78.0283, 44.1828], [-78.0307, 44.1823], [-78.0284, 44.183]], [[-78.0364, 44.1732], [-78.0326, 44.1741], [-78.0358, 44.1815], [-78.04000504299664, 44.1810741728611], [-78.0364, 44.1732]], [[-78.03759673202613, 44.1817614379085], [-78.0378, 44.1855], [-78.0417, 44.1846], [-78.03806901408448, 44.18175070422535], [-78.04011887433285, 44.18132280446385], [-78.03759673202613, 44.1817614379085]], [[-78.0508, 44.1697], [-78.0573, 44.1837], [-78.0666, 44.1813], [-78.0601, 44.1675], [-78.0508, 44.1697]], [[-78.0619, 44.1671], [-78.0679, 44.18], [-78.0777, 44.1669], [-78.0761, 44.1637], [-78.0619, 44.1671]], [[-78.0764, 44.1637], [-78.0778, 44.1666], [-78.0798, 44.1629], [-78.0764, 44.1637]], [[-78.0683, 44.1809], [-78.0826, 44.1772], [-78.0779, 44.1673], [-78.0751, 44.1708], [-78.0683, 44.1809]], [[-78.0548, 44.1846], [-78.0567, 44.1886], [-78.0602, 44.1884], [-78.0646, 44.1823], [-78.0548, 44.1846]], [[-78.0979, 44.2003], [-78.1024, 44.1948], [-78.1018, 44.1935], [-78.0954, 44.1952], [-78.0979, 44.2003]]]}}, {"type": "Feature", "properties": {"id": "on-sunday-22008", "name": "Township of Amaranth", "listed_as": "Amaranth, Township of", "geographic_area": "Dufferin", "jurisdiction": "municipality", "sunday_gun": true, "basis": "reg663_part7"}, "geometry": {"type": "Polygon", "coordinates": [[[-80.1716, 44.0843], [-80.1846, 44.0823], [-80.1833, 44.078], [-80.1791, 44.0789], [-80.1778, 44.0732], [-80.2037, 44.0679], [-80.205, 44.0736], [-80.2135, 44.0718], [-80.2146, 44.0763], [-80.337, 44.0514], [-80.2961, 43.8775], [-80.1307, 43.912], [-80.1716, 44.0843]]]}}, {"type": "Feature", "properties": {"id": "on-sunday-37025", "name": "Town of Amherstburg", "listed_as": "Amherstburg, Town of", "geographic_area": "Essex", "jurisdiction": "municipality", "sunday_gun": true, "basis": "reg663_part7"}, "geometry": {"type": "MultiPolygon", "coordinates": [[[[-83.1023, 42.1819], [-83.1069, 42.1834], [-83.1099, 42.1789], [-83.1069, 42.1838], [-83.1014, 42.1825], [-83.1039, 42.1844], [-83.1008, 42.1848], [-83.1043, 42.1851], [-83.1015, 42.1869], [-83.104, 42.1873], [-82.9674, 42.1828], [-82.9752, 42.0581], [-82.9981, 42.0588], [-83.0008, 42.0178], [-83.0337, 42.0289], [-83.0962, 42.0431], [-83.1086, 42.0474], [-83.1161, 42.0545], [-83.1165, 42.0785], [-83.1113, 42.0878], [-83.1148, 42.1052], [-83.1116, 42.1167], [-83.1162, 42.1383], [-83.1126, 42.152], [-83.1043, 42.1593], [-83.1065, 42.1604], [-83.1018, 42.1602], [-83.1069, 42.1622], [-83.1008, 42.1624], [-83.1067, 42.1629], [-83.0984, 42.1639], [-83.0978, 42.1697], [-83.10329382022472, 42.17269157303371], [-83.1023, 42.1819]]], [[[-83.09864136413643, 42.168937513751374], [-83.108, 42.1645], [-83.1091, 42.1593], [-83.1085, 42.1638], [-83.1164, 42.1653], [-83.1115, 42.1773], [-83.1056, 42.182], [-83.103, 42.1818], [-83.1033, 42.1725], [-83.09864136413643, 42.168937513751374]]]]}}, {"type": "Feature", "properties": {"id": "on-sunday-49019", "name": "Township of Armour", "listed_as": "Armour, Township of", "geographic_area": "Parry Sound", "jurisdiction": "municipality", "sunday_gun": true, "basis": "reg663_part7"}, "geometry": {"type": "Polygon", "coordinates": [[[-79.237, 45.5871], [-79.3011, 45.7062], [-79.4571, 45.6642], [-79.3924, 45.5445], [-79.237, 45.5871]], [[-79.4047, 45.6291], [-79.3974, 45.631], [-79.3905, 45.6182], [-79.4171, 45.6107], [-79.4196, 45.6153], [-79.4147, 45.6166], [-79.4145, 45.6264], [-79.4097, 45.6277], [-79.412, 45.632], [-79.4071, 45.6333], [-79.4047, 45.6291]]]}}, {"type": "Feature", "properties": {"id": "on-sunday-41037", "name": "Municipality of Arran-Elderslie", "listed_as": "Arran-Elderslie, Municipality of", "geographic_area": "Bruce", "jurisdiction": "municipality", "sunday_gun": true, "basis": "reg663_part7"}, "geometry": {"type": "Polygon", "coordinates": [[[-81.0694, 44.2884], [-81.1271, 44.5449], [-81.3384, 44.5069], [-81.3301, 44.5049], [-81.3282, 44.5005], [-81.3201, 44.4964], [-81.3256, 44.4874], [-81.318, 44.4898], [-81.3144, 44.4866], [-81.3119, 44.472], [-81.3235, 44.4584], [-81.2665, 44.2591], [-81.0694, 44.2884]]]}}, {"type": "Feature", "properties": {"id": "on-sunday-40030", "name": "Township of Ashfield-Colborne-Wawanosh", "listed_as": "Ashfield-Colborne-Wawanosh, Township of", "geographic_area": "Huron", "jurisdiction": "municipality", "sunday_gun": true, "basis": "reg663_part7"}, "geometry": {"type": "Polygon", "coordinates": [[[-81.4173, 43.9218], [-81.5073, 43.9578], [-81.5114, 43.9524], [-81.5247, 43.9578], [-81.5206, 43.9631], [-81.7457, 44.0542], [-81.7342, 44.0263], [-81.7337, 43.9782], [-81.7213, 43.9313], [-81.7208, 43.9015], [-81.7234, 43.8789], [-81.7278, 43.8681], [-81.7241, 43.8631], [-81.7256, 43.8497], [-81.7204, 43.8275], [-81.7216, 43.8157], [-81.7285, 43.8048], [-81.7192, 43.7827], [-81.7229, 43.7561], [-81.7272, 43.7489], [-81.7027, 43.7544], [-81.6976, 43.7457], [-81.6865, 43.7376], [-81.6753, 43.7349], [-81.6688, 43.7376], [-81.6656, 43.7297], [-81.6672, 43.7244], [-81.658, 43.7176], [-81.6513, 43.7187], [-81.6566, 43.7209], [-81.6552, 43.7247], [-81.6389, 43.7236], [-81.6386, 43.72], [-81.648, 43.7135], [-81.6443, 43.7096], [-81.636, 43.7093], [-81.6276, 43.7177], [-81.6214, 43.7178], [-81.6205, 43.7083], [-81.6101, 43.7031], [-81.6083, 43.6989], [-81.6139, 43.6951], [-81.6211, 43.6989], [-81.6281, 43.698], [-81.6227, 43.6936], [-81.6139, 43.6741], [-81.6092, 43.671], [-81.6137, 43.6651], [-81.6094, 43.6619], [-81.6007, 43.6631], [-81.5813, 43.6813], [-81.5904, 43.6914], [-81.5897, 43.6957], [-81.5584, 43.7172], [-81.5594, 43.7253], [-81.5447, 43.7291], [-81.5508, 43.7352], [-81.5621, 43.7346], [-81.5712, 43.7401], [-81.5731, 43.7449], [-81.5704, 43.7501], [-81.5738, 43.7559], [-81.5662, 43.7609], [-81.5561, 43.7562], [-81.5503, 43.7591], [-81.5491, 43.7653], [-81.5392, 43.7739], [-81.5331, 43.7714], [-81.4173, 43.9218]]]}}, {"type": "Feature", "properties": {"id": "on-sunday-15002", "name": "Township of Asphodel-Norwood", "listed_as": "Asphodel-Norwood, Township of", "geographic_area": "Peterborough", "jurisdiction": "municipality", "sunday_gun": true, "basis": "reg663_part7"}, "geometry": {"type": "Polygon", "coordinates": [[[-77.9011, 44.3633], [-77.9256, 44.4152], [-78.1162, 44.3667], [-78.0612, 44.26], [-78.0468, 44.2614], [-78.0207, 44.2797], [-77.969, 44.2973], [-77.9657, 44.3012], [-77.9722, 44.3156], [-77.9561, 44.3198], [-77.9523, 44.3114], [-77.9483, 44.3172], [-77.9367, 44.3206], [-77.9196, 44.3359], [-77.9119, 44.3434], [-77.9011, 44.3633]]]}}, {"type": "Feature", "properties": {"id": "on-sunday-7040", "name": "Township of Athens", "listed_as": "Athens, Township of", "geographic_area": "Leeds and Grenville", "jurisdiction": "municipality", "sunday_gun": true, "basis": "reg663_part7"}, "geometry": {"type": "Polygon", "coordinates": [[[-75.8513, 44.5966], [-75.9332, 44.7001], [-76.033, 44.6386], [-76.0129, 44.6148], [-76.0017, 44.5251], [-75.9576, 44.5403], [-75.966, 44.5508], [-75.8513, 44.5966]]]}}, {"type": "Feature", "properties": {"id": "on-sunday-7006", "name": "Township of Augusta", "listed_as": "Augusta, Township of", "geographic_area": "Leeds and Grenville", "jurisdiction": "municipality", "sunday_gun": true, "basis": "reg663_part7"}, "geometry": {"type": "Polygon", "coordinates": [[[-75.5374, 44.6962], [-75.5374, 44.6963], [-75.5376, 44.6962], [-75.5374, 44.6962]]]}}, {"type": "Feature", "properties": {"id": "on-sunday-on-twp-67455433", "name": "BALLANTYNE", "listed_as": "Ballantyne, Boulter, Boyd, Lauder, Paxton, Geographic Townships of", "geographic_area": "Nipissing", "jurisdiction": "geographic_township", "sunday_gun": true, "basis": "reg663_part7"}, "geometry": {"type": "Polygon", "coordinates": [[[-79.1897, 45.8724], [-79.0255, 45.9167], [-79.0934, 46.0402], [-79.2574, 45.9945], [-79.1897, 45.8724]]]}}, {"type": "Feature", "properties": {"id": "on-sunday-on-twp-67455428", "name": "BOULTER", "listed_as": "Ballantyne, Boulter, Boyd, Lauder, Paxton, Geographic Townships of", "geographic_area": "Nipissing", "jurisdiction": "geographic_township", "sunday_gun": true, "basis": "reg663_part7"}, "geometry": {"type": "Polygon", "coordinates": [[[-79.0934, 46.0402], [-78.921, 46.0855], [-78.9865, 46.2054], [-79.1584, 46.1592], [-79.0934, 46.0402]]]}}, {"type": "Feature", "properties": {"id": "on-sunday-on-twp-67455430", "name": "BOYD", "listed_as": "Ballantyne, Boulter, Boyd, Lauder, Paxton, Geographic Townships of", "geographic_area": "Nipissing", "jurisdiction": "geographic_township", "sunday_gun": true, "basis": "reg663_part7"}, "geometry": {"type": "Polygon", "coordinates": [[[-78.5506, 46.14], [-78.5878, 46.2114], [-78.7602, 46.1661], [-78.6755, 46.0072], [-78.5041, 46.0541], [-78.5118, 46.0718], [-78.5506, 46.14]]]}}, {"type": "Feature", "properties": {"id": "on-sunday-on-twp-67455420", "name": "LAUDER", "listed_as": "Ballantyne, Boulter, Boyd, Lauder, Paxton, Geographic Townships of", "geographic_area": "Nipissing", "jurisdiction": "geographic_township", "sunday_gun": true, "basis": "reg663_part7"}, "geometry": {"type": "Polygon", "coordinates": [[[-78.9294, 46.1009], [-78.7508, 46.1484], [-78.7984, 46.2342], [-78.9767, 46.1872], [-78.9294, 46.1009]]]}}, {"type": "Feature", "properties": {"id": "on-sunday-on-twp-67455424", "name": "PAXTON", "listed_as": "Ballantyne, Boulter, Boyd, Lauder, Paxton, Geographic Townships of", "geographic_area": "Nipissing", "jurisdiction": "geographic_township", "sunday_gun": true, "basis": "reg663_part7"}, "geometry": {"type": "Polygon", "coordinates": [[[-78.9597, 45.7957], [-79.0255, 45.9167], [-79.195, 45.871], [-79.13, 45.7512], [-78.9597, 45.7957]]]}}, {"type": "Feature", "properties": {"id": "on-sunday-12061", "name": "Town of Bancroft", "listed_as": "Bancroft, Town of", "geographic_area": "Hastings", "jurisdiction": "municipality", "sunday_gun": true, "basis": "reg663_part7"}, "geometry": {"type": "Polygon", "coordinates": [[[-77.6298, 44.9956], [-77.7067, 45.1363], [-77.9045, 45.0833], [-77.8823, 45.0429], [-77.852, 45.0501], [-77.8481, 45.0428], [-77.8358, 45.0458], [-77.8267, 45.0296], [-77.8079, 45.0281], [-77.794, 45.0209], [-77.7951, 45.0152], [-77.7992, 45.0125], [-77.7976, 45.0039], [-77.8034, 45.0005], [-77.8043, 44.9956], [-77.8015, 44.9917], [-77.8029, 44.9851], [-77.7914, 44.9654], [-77.7927, 44.9611], [-77.788, 44.951], [-77.6298, 44.9956]]]}}, {"type": "Feature", "properties": {"id": "on-sunday-34003", "name": "Municipality of Bayham", "listed_as": "Bayham, Municipality of", "geographic_area": "Elgin", "jurisdiction": "municipality", "sunday_gun": true, "basis": "reg663_part7"}, "geometry": {"type": "Polygon", "coordinates": [[[-80.7174, 42.7886], [-80.7618, 42.8465], [-80.8567, 42.8325], [-80.8601, 42.6543], [-80.8408, 42.6523], [-80.8247, 42.646], [-80.8082, 42.6368], [-80.8098, 42.635], [-80.8093, 42.6324], [-80.8076, 42.6365], [-80.809, 42.6396], [-80.807, 42.6431], [-80.793, 42.645], [-80.7211, 42.62], [-80.7174, 42.7886]]]}}, {"type": "Feature", "properties": {"id": "on-sunday-9024", "name": "Township of Beckwith", "listed_as": "Beckwith, Township of", "geographic_area": "Lanark", "jurisdiction": "municipality", "sunday_gun": true, "basis": "reg663_part7"}, "geometry": {"type": "Polygon", "coordinates": [[[-76.0954, 44.9831], [-75.9408, 45.0799], [-76.075, 45.1916], [-76.1391, 45.1514], [-76.1278, 45.1532], [-76.1258, 45.1517], [-76.1297, 45.1477], [-76.1219, 45.1417], [-76.1153, 45.1447], [-76.1092, 45.1393], [-76.1151, 45.1356], [-76.1072, 45.1299], [-76.1198, 45.1221], [-76.1271, 45.1219], [-76.1328, 45.129], [-76.1403, 45.1266], [-76.1365, 45.1233], [-76.1414, 45.1232], [-76.1532, 45.1251], [-76.1561, 45.1275], [-76.1538, 45.1295], [-76.1618, 45.1357], [-76.2231, 45.0949], [-76.0954, 44.9831]]]}}, {"type": "Feature", "properties": {"id": "on-sunday-12005", "name": "City of Belleville", "listed_as": "Belleville, City of", "geographic_area": "Hastings", "jurisdiction": "municipality", "sunday_gun": true, "basis": "reg663_part7"}, "geometry": {"type": "Polygon", "coordinates": [[[-77.32075286337479, 44.153223265677426], [-77.32029166328199, 44.15389906581609], [-77.32111926350137, 44.15331506567752], [-77.32075286337479, 44.153223265677426]]]}}, {"type": "Feature", "properties": {"id": "on-sunday-on-twp-66670163", "name": "BLAIR", "listed_as": "Blair, Brown, East Mills, Hardy, Henvy, Laurier, Lount, McConkey, Mowat, Patterson, Pringle, Wallbridge, Wilson, Geographic Townships of", "geographic_area": "Parry Sound", "jurisdiction": "geographic_township", "sunday_gun": true, "basis": "reg663_part7"}, "geometry": {"type": "Polygon", "coordinates": [[[-80.2539, 46.0466], [-80.2723, 46.0419], [-80.2815, 46.0424], [-80.2992, 46.0374], [-80.3229, 46.039], [-80.3636, 46.0321], [-80.3896, 46.0338], [-80.4084, 46.0368], [-80.4455, 46.0366], [-80.3377, 45.8411], [-80.1667, 45.8868], [-80.2539, 46.0466]]]}}, {"type": "Feature", "properties": {"id": "on-sunday-on-twp-66670164", "name": "BROWN", "listed_as": "Blair, Brown, East Mills, Hardy, Henvy, Laurier, Lount, McConkey, Mowat, Patterson, Pringle, Wallbridge, Wilson, Geographic Townships of", "geographic_area": "Parry Sound", "jurisdiction": "geographic_township", "sunday_gun": true, "basis": "reg663_part7"}, "geometry": {"type": "Polygon", "coordinates": [[[-80.2717, 45.7217], [-80.1005, 45.7675], [-80.1667, 45.8868], [-80.3354, 45.8417], [-80.2717, 45.7217]]]}}, {"type": "Feature", "properties": {"id": "on-sunday-on-twp-66670173", "name": "EAST MILLS", "listed_as": "Blair, Brown, East Mills, Hardy, Henvy, Laurier, Lount, McConkey, Mowat, Patterson, Pringle, Wallbridge, Wilson, Geographic Townships of", "geographic_area": "Parry Sound", "jurisdiction": "geographic_township", "sunday_gun": true, "basis": "reg663_part7"}, "geometry": {"type": "Polygon", "coordinates": [[[-79.7578, 45.8586], [-79.8255, 45.9782], [-79.9947, 45.933], [-79.9291, 45.813], [-79.7578, 45.8586]]]}}, {"type": "Feature", "properties": {"id": "on-sunday-on-twp-67159508", "name": "HARDY", "listed_as": "Blair, Brown, East Mills, Hardy, Henvy, Laurier, Lount, McConkey, Mowat, Patterson, Pringle, Wallbridge, Wilson, Geographic Townships of", "geographic_area": "Parry Sound", "jurisdiction": "geographic_township", "sunday_gun": true, "basis": "reg663_part7"}, "geometry": {"type": "MultiPolygon", "coordinates": [[[[-79.8255, 45.9782], [-79.9394, 46.1727], [-79.968, 46.1586], [-79.9864, 46.1526], [-79.9951, 46.1475], [-80.0076, 46.1441], [-80.0115, 46.1388], [-80.0124, 46.1346], [-80.0163, 46.1313], [-80.0126, 46.1291], [-80.007, 46.1302], [-80.0054, 46.1283], [-80.0063, 46.1267], [-80.0226, 46.1246], [-80.0376, 46.1157], [-80.0404, 46.116], [-80.0499, 46.1121], [-80.0498, 46.1095], [-80.0595, 46.1059], [-80.0608, 46.1022], [-80.0806, 46.0964], [-80.0832, 46.094], [-80.0827, 46.0921], [-80.0769, 46.0934], [-80.0438, 46.1065], [-80.0269, 46.1048], [-80.0194, 46.1084], [-80.0114, 46.1073], [-80.0102, 46.1062], [-80.0144, 46.1053], [-80.0124, 46.103], [-80.0069, 46.1018], [-80.002, 46.0983], [-79.9968, 46.0993], [-79.9844, 46.0953], [-79.972, 46.0941], [-79.9531, 46.0887], [-79.9404, 46.087], [-79.9125, 46.0777], [-79.922, 46.0709], [-79.932, 46.0673], [-79.9342, 46.059], [-79.938, 46.0581], [-79.9351, 46.0577], [-79.9329, 46.0542], [-79.9498, 46.0421], [-79.9878, 46.0359], [-79.9923, 46.0366], [-79.9932, 46.0403], [-79.9979, 46.0397], [-79.9996, 46.0387], [-79.9955, 46.0343], [-80.0044, 46.0335], [-80.0061, 46.0308], [-80.0111, 46.0314], [-80.0171, 46.0265], [-80.0329, 46.0246], [-80.0394, 46.0251], [-80.0489, 46.0286], [-79.9969, 45.9325], [-79.8255, 45.9782]]], [[[-80.1581, 46.0958], [-80.1582, 46.0959], [-80.1584, 46.0958], [-80.1581, 46.0958]]]]}}, {"type": "Feature", "properties": {"id": "on-sunday-on-twp-66670181", "name": "HENVEY", "listed_as": "Blair, Brown, East Mills, Hardy, Henvy, Laurier, Lount, McConkey, Mowat, Patterson, Pringle, Wallbridge, Wilson, Geographic Townships of", "geographic_area": "Parry Sound", "jurisdiction": "geographic_township", "sunday_gun": true, "basis": "reg663_part7"}, "geometry": {"type": "Polygon", "coordinates": [[[-80.6563, 45.7982], [-80.6637, 45.7957], [-80.663, 45.7971], [-80.6677, 45.797], [-80.6681, 45.7984], [-80.5595, 45.8487], [-80.561, 45.8775], [-80.5564, 45.8793], [-80.5095, 45.7951], [-80.6152, 45.7672], [-80.6171, 45.7688], [-80.6294, 45.7699], [-80.6304, 45.7715], [-80.6313, 45.77], [-80.6327, 45.7715], [-80.6325, 45.77], [-80.6375, 45.7709], [-80.6422, 45.7747], [-80.642, 45.7762], [-80.6441, 45.7764], [-80.6436, 45.7794], [-80.6449, 45.7808], [-80.6485, 45.7802], [-80.6518, 45.7818], [-80.6569, 45.7812], [-80.6594, 45.7792], [-80.6593, 45.7824], [-80.6569, 45.7851], [-80.6607, 45.784], [-80.6591, 45.7856], [-80.6602, 45.787], [-80.6593, 45.7856], [-80.6617, 45.7841], [-80.6627, 45.7859], [-80.6599, 45.7875], [-80.6611, 45.7875], [-80.6603, 45.7893], [-80.6559, 45.7874], [-80.6517, 45.7878], [-80.6543, 45.7913], [-80.6488, 45.79], [-80.6534, 45.7918], [-80.6525, 45.7946], [-80.6589, 45.7949], [-80.659, 45.796], [-80.6539357293869, 45.79739704016914], [-80.6563, 45.7982]], [[-80.651, 45.7964], [-80.6532, 45.7976], [-80.6539357293869, 45.79739704016914], [-80.651, 45.7964]]]}}, {"type": "Feature", "properties": {"id": "on-sunday-on-twp-67144426", "name": "LAURIER", "listed_as": "Blair, Brown, East Mills, Hardy, Henvy, Laurier, Lount, McConkey, Mowat, Patterson, Pringle, Wallbridge, Wilson, Geographic Townships of", "geographic_area": "Parry Sound", "jurisdiction": "geographic_township", "sunday_gun": true, "basis": "reg663_part7"}, "geometry": {"type": "Polygon", "coordinates": [[[-79.3203, 45.9777], [-79.4164, 45.949], [-79.351, 45.8292], [-79.1897, 45.8724], [-79.2574, 45.9945], [-79.3203, 45.9777]]]}}, {"type": "Feature", "properties": {"id": "on-sunday-on-twp-66670186", "name": "LOUNT", "listed_as": "Blair, Brown, East Mills, Hardy, Henvy, Laurier, Lount, McConkey, Mowat, Patterson, Pringle, Wallbridge, Wilson, Geographic Townships of", "geographic_area": "Parry Sound", "jurisdiction": "geographic_township", "sunday_gun": true, "basis": "reg663_part7"}, "geometry": {"type": "Polygon", "coordinates": [[[-79.7578, 45.8586], [-79.6921, 45.7387], [-79.5223, 45.7838], [-79.5872, 45.9035], [-79.7578, 45.8586]]]}}, {"type": "Feature", "properties": {"id": "on-sunday-on-twp-67144155", "name": "MCCONKEY", "listed_as": "Blair, Brown, East Mills, Hardy, Henvy, Laurier, Lount, McConkey, Mowat, Patterson, Pringle, Wallbridge, Wilson, Geographic Townships of", "geographic_area": "Parry Sound", "jurisdiction": "geographic_township", "sunday_gun": true, "basis": "reg663_part7"}, "geometry": {"type": "Polygon", "coordinates": [[[-80.1667, 45.8868], [-79.9969, 45.9325], [-80.0486, 46.028], [-80.0555, 46.025], [-80.0478, 46.0217], [-80.0529, 46.0206], [-80.0525, 46.0223], [-80.0579, 46.0232], [-80.0605, 46.0219], [-80.061, 46.0238], [-80.0697, 46.0257], [-80.1296, 46.0335], [-80.1733, 46.0441], [-80.1936, 46.0455], [-80.1977, 46.0469], [-80.201, 46.0532], [-80.1857, 46.0598], [-80.1908, 46.0625], [-80.1982, 46.0629], [-80.2007, 46.065], [-80.2154, 46.0611], [-80.2139, 46.0591], [-80.211, 46.0594], [-80.212, 46.0582], [-80.207, 46.0551], [-80.2074, 46.0539], [-80.2198, 46.0509], [-80.2191, 46.0518], [-80.2216, 46.0522], [-80.2234, 46.0508], [-80.2539, 46.0466], [-80.1667, 45.8868]]]}}, {"type": "Feature", "properties": {"id": "on-sunday-on-twp-67143392", "name": "MOWAT", "listed_as": "Blair, Brown, East Mills, Hardy, Henvy, Laurier, Lount, McConkey, Mowat, Patterson, Pringle, Wallbridge, Wilson, Geographic Townships of", "geographic_area": "Parry Sound", "jurisdiction": "geographic_township", "sunday_gun": true, "basis": "reg663_part7"}, "geometry": {"type": "Polygon", "coordinates": [[[-80.5095, 45.7951], [-80.3377, 45.8411], [-80.4455, 46.0366], [-80.4698, 46.0361], [-80.471, 46.0317], [-80.48, 46.0311], [-80.4828, 46.0287], [-80.4921, 46.0297], [-80.5024, 46.0335], [-80.5206, 46.0331], [-80.5213, 46.0313], [-80.5183, 46.027], [-80.5197, 46.0253], [-80.5366, 46.0205], [-80.5342, 46.0175], [-80.5304, 46.0165], [-80.5298, 46.0095], [-80.5431, 46.0054], [-80.5332, 45.9926], [-80.5332, 45.9892], [-80.5785, 45.9986], [-80.5938, 45.9984], [-80.6008, 45.9954], [-80.6194, 45.9921], [-80.564, 45.8929], [-80.5574, 45.8917], [-80.5395, 45.8937], [-80.5355, 45.8908], [-80.5356, 45.8881], [-80.5561, 45.8819], [-80.5571, 45.8793], [-80.5095, 45.7951]]]}}, {"type": "Feature", "properties": {"id": "on-sunday-on-twp-66670200", "name": "PATTERSON", "listed_as": "Blair, Brown, East Mills, Hardy, Henvy, Laurier, Lount, McConkey, Mowat, Patterson, Pringle, Wallbridge, Wilson, Geographic Townships of", "geographic_area": "Parry Sound", "jurisdiction": "geographic_township", "sunday_gun": true, "basis": "reg663_part7"}, "geometry": {"type": "Polygon", "coordinates": [[[-79.8009, 45.983], [-79.6535, 46.0233], [-79.6837, 46.0738], [-79.6119, 46.0942], [-79.6806, 46.2131], [-79.7989, 46.2063], [-79.8369, 46.2056], [-79.8921, 46.1908], [-79.9394, 46.1727], [-79.8252, 45.9778], [-79.8009, 45.983]]]}}, {"type": "Feature", "properties": {"id": "on-sunday-on-twp-66670206", "name": "PRINGLE", "listed_as": "Blair, Brown, East Mills, Hardy, Henvy, Laurier, Lount, McConkey, Mowat, Patterson, Pringle, Wallbridge, Wilson, Geographic Townships of", "geographic_area": "Parry Sound", "jurisdiction": "geographic_township", "sunday_gun": true, "basis": "reg663_part7"}, "geometry": {"type": "Polygon", "coordinates": [[[-79.5857, 45.9039], [-79.5987, 45.9284], [-79.5977, 45.9368], [-79.6064, 45.9373], [-79.6076, 45.9399], [-79.6066, 45.9498], [-79.6043, 45.9536], [-79.6024, 45.9534], [-79.6027, 45.9551], [-79.6158, 45.9559], [-79.6148, 45.958], [-79.6535, 46.0233], [-79.7757, 45.9897], [-79.8252, 45.9778], [-79.7578, 45.8586], [-79.5857, 45.9039]]]}}, {"type": "Feature", "properties": {"id": "on-sunday-on-twp-67154198", "name": "WALLBRIDGE", "listed_as": "Blair, Brown, East Mills, Hardy, Henvy, Laurier, Lount, McConkey, Mowat, Patterson, Pringle, Wallbridge, Wilson, Geographic Townships of", "geographic_area": "Parry Sound", "jurisdiction": "geographic_township", "sunday_gun": true, "basis": "reg663_part7"}, "geometry": {"type": "MultiPolygon", "coordinates": [[[[-80.5293, 45.6582], [-80.5338, 45.6569], [-80.537, 45.658], [-80.5314, 45.6608], [-80.5269, 45.66], [-80.5175, 45.6644], [-80.5061, 45.6663], [-80.5061, 45.6602], [-80.5349, 45.6527], [-80.5293, 45.6582]]], [[[-80.6495, 45.724], [-80.64782903225806, 45.72657419354838], [-80.6457, 45.7258], [-80.6465, 45.7249], [-80.6495, 45.724]]], [[[-80.64773185840707, 45.72672389380532], [-80.64782903225806, 45.72657419354838], [-80.6479, 45.7266], [-80.64773185840707, 45.72672389380532]]], [[[-80.6409, 45.7299], [-80.64, 45.7319], [-80.6351, 45.7324], [-80.6336, 45.7332], [-80.6339, 45.7351], [-80.6297, 45.7368], [-80.6284, 45.7358], [-80.6279, 45.7375], [-80.6272, 45.7348], [-80.6265, 45.738], [-80.6245, 45.737], [-80.625, 45.7389], [-80.6231, 45.7402], [-80.6269, 45.7403], [-80.6271, 45.7421], [-80.6275, 45.7407], [-80.6305, 45.7411], [-80.6321, 45.7401], [-80.6308, 45.7396], [-80.6362, 45.7383], [-80.6357, 45.737], [-80.6312, 45.7378], [-80.6317, 45.7366], [-80.6343, 45.7358], [-80.6354, 45.737], [-80.6391, 45.7348], [-80.6387, 45.737], [-80.6416, 45.7365], [-80.6388, 45.7381], [-80.6406, 45.7376], [-80.6404, 45.7399], [-80.6411, 45.7376], [-80.6504, 45.7311], [-80.6547, 45.7303], [-80.6569, 45.7321], [-80.6504, 45.7366], [-80.6461, 45.7354], [-80.6417, 45.7382], [-80.6443, 45.7374], [-80.6424, 45.7413], [-80.6384, 45.7432], [-80.64, 45.7402], [-80.6369, 45.7411], [-80.6342, 45.7456], [-80.6326, 45.7452], [-80.6334, 45.7482], [-80.6354, 45.7479], [-80.6365, 45.7503], [-80.6323, 45.7552], [-80.6368, 45.7508], [-80.6385, 45.7545], [-80.6378, 45.7499], [-80.641, 45.7489], [-80.6414, 45.7472], [-80.646, 45.7464], [-80.6463, 45.7476], [-80.6443, 45.7524], [-80.6454, 45.7534], [-80.6402, 45.7513], [-80.6415, 45.753], [-80.6397, 45.7533], [-80.641, 45.7534], [-80.64, 45.7539], [-80.642, 45.7567], [-80.6405, 45.7564], [-80.6329, 45.7623], [-80.6324, 45.7605], [-80.631, 45.7631], [-80.3354, 45.8417], [-80.2717, 45.7217], [-80.4648, 45.6717], [-80.4655, 45.6979], [-80.506, 45.6811], [-80.5061, 45.6665], [-80.5176, 45.6646], [-80.5274, 45.6603], [-80.552, 45.6652], [-80.5508, 45.6665], [-80.553, 45.6676], [-80.556, 45.6678], [-80.5529, 45.665], [-80.5619, 45.6651], [-80.5618, 45.6669], [-80.5639, 45.6671], [-80.5573, 45.6717], [-80.5607, 45.6718], [-80.5593, 45.6738], [-80.5623, 45.6733], [-80.5649, 45.6748], [-80.5644, 45.6759], [-80.5698, 45.6763], [-80.5707, 45.6776], [-80.5801, 45.6744], [-80.6016, 45.6761], [-80.5997, 45.6772], [-80.6109, 45.6792], [-80.6088, 45.6805], [-80.6103, 45.6815], [-80.6016, 45.6843], [-80.6008, 45.6865], [-80.5959, 45.6851], [-80.5954, 45.6888], [-80.5942, 45.6872], [-80.5888, 45.6876], [-80.5873, 45.6891], [-80.5865, 45.6874], [-80.5845, 45.6884], [-80.5836, 45.6874], [-80.586, 45.6867], [-80.5842, 45.6867], [-80.5859, 45.6842], [-80.5836, 45.6832], [-80.5819, 45.6858], [-80.5834, 45.6894], [-80.5798, 45.6884], [-80.5763, 45.6896], [-80.5859, 45.69], [-80.5855, 45.6914], [-80.5894, 45.6933], [-80.5881, 45.6904], [-80.5925, 45.6922], [-80.5953, 45.6915], [-80.5958, 45.6928], [-80.596, 45.6914], [-80.6017, 45.692], [-80.5997, 45.6936], [-80.602, 45.6928], [-80.6007, 45.6943], [-80.602, 45.6956], [-80.6002, 45.6961], [-80.6019, 45.6965], [-80.591, 45.7023], [-80.5965, 45.7015], [-80.5949, 45.7044], [-80.6024, 45.7013], [-80.6065, 45.7012], [-80.6065, 45.7038], [-80.6125, 45.7033], [-80.6112, 45.7055], [-80.6154, 45.7028], [-80.6175, 45.7029], [-80.6164, 45.7039], [-80.6196, 45.7026], [-80.6143, 45.7064], [-80.6169, 45.7051], [-80.6154, 45.7071], [-80.6175, 45.7058], [-80.6193, 45.7068], [-80.6157, 45.7077], [-80.6163, 45.7112], [-80.6171, 45.7093], [-80.62056485013625, 45.71054659400545], [-80.6222, 45.7092], [-80.6246, 45.7128], [-80.6236, 45.7148], [-80.6213, 45.7125], [-80.6233, 45.7146], [-80.6226, 45.7158], [-80.6247, 45.7138], [-80.627, 45.7169], [-80.6266, 45.715], [-80.6284, 45.7137], [-80.6313, 45.7175], [-80.6353, 45.717], [-80.6347, 45.719], [-80.6366, 45.7182], [-80.6375, 45.7205], [-80.6353, 45.7236], [-80.6336, 45.7216], [-80.6353, 45.7201], [-80.6342, 45.7192], [-80.6335, 45.722], [-80.6322, 45.7213], [-80.6314, 45.7235], [-80.6303, 45.7229], [-80.631, 45.7243], [-80.6225, 45.7253], [-80.6231, 45.7223], [-80.6296, 45.718], [-80.6279, 45.7186], [-80.6225, 45.7225], [-80.6198, 45.7268], [-80.6219, 45.727], [-80.6215, 45.7283], [-80.6259, 45.7265], [-80.6269, 45.7285], [-80.6272, 45.7261], [-80.6304, 45.7267], [-80.632, 45.7247], [-80.6421, 45.7251], [-80.6445, 45.7238], [-80.646, 45.728], [-80.64773185840707, 45.72672389380532], [-80.6458, 45.7297], [-80.6424, 45.731], [-80.6409, 45.7299]], [[-80.6205, 45.7106], [-80.6215, 45.7123], [-80.62056485013625, 45.71054659400545], [-80.6205, 45.7106]], [[-80.5194, 45.769], [-80.5194, 45.7704], [-80.5229, 45.7706], [-80.5224, 45.7275], [-80.3985, 45.7266], [-80.3986, 45.7426], [-80.4013, 45.7426], [-80.4009, 45.7392], [-80.416, 45.7463], [-80.4386, 45.7502], [-80.4541, 45.7611], [-80.4787, 45.7722], [-80.4963, 45.7749], [-80.502, 45.7725], [-80.5167, 45.7708], [-80.5194, 45.769]]]]}}, {"type": "Feature", "properties": {"id": "on-sunday-on-twp-66670225", "name": "WILSON", "listed_as": "Blair, Brown, East Mills, Hardy, Henvy, Laurier, Lount, McConkey, Mowat, Patterson, Pringle, Wallbridge, Wilson, Geographic Townships of", "geographic_area": "Parry Sound", "jurisdiction": "geographic_township", "sunday_gun": true, "basis": "reg663_part7"}, "geometry": {"type": "Polygon", "coordinates": [[[-80.1667, 45.8868], [-80.1005, 45.7675], [-79.9291, 45.813], [-79.9947, 45.933], [-80.1667, 45.8868]]]}}, {"type": "Feature", "properties": {"id": "on-sunday-32045", "name": "Township of Blandford-Blenheim", "listed_as": "Blandford-Blenheim, Township of", "geographic_area": "Oxford", "jurisdiction": "municipality", "sunday_gun": true, "basis": "reg663_part7"}, "geometry": {"type": "Polygon", "coordinates": [[[-80.4365, 43.1794], [-80.5036, 43.3481], [-80.7349, 43.311], [-80.734, 43.2533], [-80.7389, 43.2507], [-80.7309, 43.248], [-80.7402, 43.2427], [-80.7307, 43.2351], [-80.7238, 43.2364], [-80.7235, 43.2395], [-80.7164, 43.2427], [-80.6989, 43.2324], [-80.6889, 43.2215], [-80.6936, 43.2121], [-80.6879, 43.2079], [-80.6909, 43.2061], [-80.6936, 43.1898], [-80.6992, 43.189], [-80.712, 43.1745], [-80.7092, 43.1622], [-80.665, 43.1685], [-80.6562, 43.1445], [-80.4365, 43.1794]]]}}, {"type": "Feature", "properties": {"id": "on-sunday-40010", "name": "Municipality of Bluewater", "listed_as": "Bluewater, Municipality of", "geographic_area": "Huron", "jurisdiction": "municipality", "sunday_gun": true, "basis": "reg663_part7"}, "geometry": {"type": "Polygon", "coordinates": [[[-81.7064, 43.5677], [-82.1622, 43.7652], [-82.1229, 43.5915], [-82.1599, 43.5172], [-81.741, 43.3366], [-81.7233, 43.3617], [-81.7097, 43.398], [-81.7145, 43.4223], [-81.7178, 43.4258], [-81.7184, 43.4462], [-81.7115, 43.5119], [-81.706, 43.5307], [-81.7064, 43.5677]]]}}, {"type": "Feature", "properties": {"id": "on-sunday-48026", "name": "Township of Bonfield", "listed_as": "Bonfield, Township of", "geographic_area": "Nipissing", "jurisdiction": "municipality", "sunday_gun": true, "basis": "reg663_part7"}, "geometry": {"type": "Polygon", "coordinates": [[[-79.0405, 46.3024], [-79.0613, 46.303], [-79.0812, 46.3085], [-79.0899, 46.3171], [-79.1175, 46.3303], [-79.1215, 46.337], [-79.1329, 46.338], [-79.134, 46.3411], [-79.1498, 46.336], [-79.1692, 46.3246], [-79.1704, 46.3219], [-79.1665, 46.3193], [-79.1639, 46.3108], [-79.1797, 46.301], [-79.216, 46.3029], [-79.2382, 46.3076], [-79.1584, 46.1592], [-78.9863, 46.2055], [-79.0405, 46.3024]]]}}, {"type": "Feature", "properties": {"id": "on-sunday-44018", "name": "Town of Bracebridge", "listed_as": "Bracebridge, Town of", "geographic_area": "Muskoka", "jurisdiction": "municipality", "sunday_gun": true, "basis": "reg663_part7"}, "geometry": {"type": "Polygon", "coordinates": [[[-78.9359, 44.9855], [-79.0178, 45.139], [-79.1735, 45.0952], [-79.2191, 45.1797], [-79.3942, 45.1363], [-79.3529, 45.0586], [-79.388, 45.0489], [-79.4031, 45.0501], [-79.4072, 45.0408], [-79.4354, 45.0462], [-79.4438, 45.0312], [-79.4379, 45.0171], [-79.4413, 45.0027], [-79.4334, 44.9829], [-79.3817, 44.993], [-79.3751, 44.9769], [-79.2984, 44.9944], [-79.2619, 44.9156], [-79.0997, 44.9553], [-79.0929, 44.943], [-78.9359, 44.9855]]]}}, {"type": "Feature", "properties": {"id": "on-sunday-29002", "name": "County of Brant", "listed_as": "Brant, County of", "geographic_area": "Brant", "jurisdiction": "upper_tier", "sunday_gun": true, "basis": "reg663_part7"}, "geometry": {"type": "Polygon", "coordinates": [[[-80.00392253168212, 43.088106056399404], [-79.98428352928886, 43.132046165116456], [-80.20057260453714, 43.21066476890946], [-80.2383080249207, 43.306446084037766], [-80.47156379507997, 43.266727065982884], [-80.43654167627882, 43.179398152241276], [-80.60874642809826, 43.15163993916056], [-80.54349379283336, 42.98485451273715], [-80.24104660161952, 43.03137243523729], [-80.2318326002193, 43.04865533873848], [-80.20486389086496, 43.03894803827869], [-80.21593069291986, 43.02244343482807], [-80.22289319533246, 43.02493003494372], [-80.20736808995092, 43.019363634681724], [-80.21570939284311, 43.02236393482428], [-80.2046423907882, 43.038868438274875], [-80.17775428145006, 43.02904913778909], [-80.18868508348588, 43.01279113438791], [-80.20621078954964, 43.018947234661916], [-80.18859998343767, 43.01254503434816], [-80.1345272646431, 42.99254713331807], [-80.13016956313245, 42.99098083324273], [-80.13441296461896, 42.99268483334794], [-80.12351706258329, 43.00887313673664], [-80.11906326103615, 43.00724013665407], [-80.09691125333758, 42.99907403623438], [-80.10774975536006, 42.98291563285289], [-80.12756606222861, 42.990030033195026], [-80.0544485368343, 42.96317393181881], [-80.04315483467282, 42.97944153524246], [-80.06954314384488, 42.98919483575117], [-80.05856914179249, 43.005528839170026], [-80.03201163255363, 42.99564743864716], [-80.03314053276047, 42.99391503828613], [-80.02351253097655, 43.00846134132396], [-80.03199693256622, 42.99584683868335], [-80.05846124177253, 43.00569193920409], [-80.04764453976988, 43.0220241426142], [-80.0210653305355, 43.012302042121505], [-80.02083563049409, 43.01266284219642], [-80.04753693974997, 43.02218734264828], [-80.03670613775617, 43.0386718460851], [-80.01001772848566, 43.02895804559974], [-80.01173862880513, 43.026365945058416], [-80.0037733273144, 43.03822564753912], [-80.00990222846298, 43.029118145633625], [-80.03659893773644, 43.03883504611916], [-80.02581173575426, 43.055292549548035], [-79.999038626449, 43.045514749056004], [-79.97668782227623, 43.07890625603317], [-79.97899362308878, 43.07987235609751], [-79.97985632338882, 43.08018755611336], [-79.97682142232115, 43.0789373560325], [-79.98811242443944, 43.062188652529635], [-80.0147805337178, 43.072011353033766], [-80.00392253168212, 43.088106056399404]], [[-80.11703297019541, 43.119958356769835], [-80.1157600698163, 43.12022235687626], [-80.11445466937283, 43.11986615687419], [-80.11703297019541, 43.119958356769835]], [[-80.11134746794494, 43.114749856112205], [-80.11326776871923, 43.116671556363194], [-80.11120026792848, 43.11509405618018], [-80.11134746794494, 43.114749856112205]], [[-80.16185647414618, 43.00270373384863], [-80.16584707554348, 43.004297733945656], [-80.15900287360819, 43.00688013472477], [-80.16185647414618, 43.00270373384863]], [[-80.08394705802327, 43.10022815481716], [-80.0752934552987, 43.10033735524093], [-80.09514866131708, 43.09741365379399], [-80.0934356611129, 43.101284054560956], [-80.08394705802327, 43.10022815481716]], [[-80.08620376025078, 43.11761815779727], [-80.07273855557494, 43.112784857569316], [-80.07023105470097, 43.11184735752015], [-80.07134355484244, 43.10943465704005], [-80.08780206044136, 43.114009157082315], [-80.08620376025078, 43.11761815779727]], [[-80.10570076559632, 43.10827165522722], [-80.11385006878092, 43.115269856087295], [-80.1094130672195, 43.11343865597018], [-80.10261396437566, 43.1054535548716], [-80.09786366257465, 43.102005854482], [-80.0955710617871, 43.101279454460304], [-80.0938954612565, 43.1012649545361], [-80.0956919614766, 43.09727465374393], [-80.10535506476121, 43.099939553765005], [-80.10570076559632, 43.10827165522722]], [[-80.11695227023759, 43.12073425691121], [-80.1267425734657, 43.12228315672749], [-80.12295547301282, 43.13080085841503], [-80.11396346988629, 43.12752935825612], [-80.11695227023759, 43.12073425691121]], [[-80.11669067015518, 43.12073685692395], [-80.11372666980681, 43.12747635825777], [-80.08648496034847, 43.11771915780207], [-80.08812516054945, 43.114078157079426], [-80.11669067015518, 43.12073685692395]], [[-80.087991960464, 43.113580256997366], [-80.0715811548726, 43.108918756937406], [-80.07521785529, 43.1005117552754], [-80.09335256110303, 43.10147185459816], [-80.087991960464, 43.113580256997366]], [[-80.09553116178988, 43.10145605449354], [-80.11228946859353, 43.11877455678196], [-80.0883180605731, 43.11364985699443], [-80.09553116178988, 43.10145605449354]], [[-80.14501607547058, 43.0790866482083], [-80.16740148329751, 43.08779474870546], [-80.14806967763784, 43.09289115051525], [-80.14019197592619, 43.10179205246334], [-80.12927997270255, 43.10434735342755], [-80.12274077134958, 43.11251885518321], [-80.14501607547058, 43.0790866482083]], [[-80.18292708685816, 43.07241994524964], [-80.2098001961904, 43.08216334571875], [-80.20148299466005, 43.09470254833314], [-80.17273448497106, 43.08767784843488], [-80.18292708685816, 43.07241994524964]], [[-80.06965214386526, 42.98903233571717], [-80.04346383476275, 42.979353035212384], [-80.05481183700581, 42.9638331319194], [-80.08047834587803, 42.972778632318466], [-80.06965214386526, 42.98903233571717]], [[-80.0044091318504, 43.088273056406365], [-80.0150042337951, 43.07208755303685], [-80.04179114312461, 43.08206085355991], [-80.0367584422061, 43.08979595516851], [-80.02696393959994, 43.09542795662564], [-80.01302083504291, 43.09369655696833], [-80.0044091318504, 43.088273056406365]], [[-80.16035027400669, 43.006573534607284], [-80.16630177569611, 43.00440353394318], [-80.18856178342736, 43.012565234353545], [-80.17753378137341, 43.02896783778497], [-80.15095467212979, 43.01910783727523], [-80.16035027400669, 43.006573534607284]], [[-80.0747019491708, 43.031920143113354], [-80.04787293984803, 43.02209414261607], [-80.05861944183762, 43.005867039227866], [-80.08543095114992, 43.015663439721536], [-80.0747019491708, 43.031920143113354]], [[-80.10167075855739, 43.04196754364124], [-80.07492224924741, 43.03200164311758], [-80.08565125122652, 43.01574483972574], [-80.11241906054087, 43.02571764025047], [-80.10167075855739, 43.04196754364124]], [[-80.01488893373792, 43.07184845299974], [-79.9881889244485, 43.0620144524951], [-79.99895092643604, 43.045685049090416], [-80.02570443573455, 43.05545584958211], [-80.01488893373792, 43.07184845299974]], [[-80.11263866061732, 43.025800040254914], [-80.13931836989586, 43.03567494076411], [-80.1280711677436, 43.051767144149366], [-80.101890658634, 43.04204984364558], [-80.11263866061732, 43.025800040254914]], [[-80.09669075326094, 42.998992836230265], [-80.06985754393901, 42.98913593572603], [-80.08075194598288, 42.97299283234392], [-80.10748775525651, 42.98267393282208], [-80.09669075326094, 42.998992836230265]], [[-80.09680395331779, 42.9992369362684], [-80.12340976256353, 43.00903603677064], [-80.11242116052392, 43.02551514021443], [-80.08575965124666, 43.01558233969179], [-80.09680395331779, 42.9992369362684]], [[-80.2047558908451, 43.039110838312666], [-80.23172440019935, 43.04881793877244], [-80.22087999820612, 43.06519554218821], [-80.19394168885646, 43.055459041722585], [-80.2047558908451, 43.039110838312666]], [[-80.14133417059804, 43.03643334080466], [-80.1664244793236, 43.045710941279665], [-80.15574477738181, 43.06213594469672], [-80.12895396805057, 43.05209234416584], [-80.14133417059804, 43.03643334080466]], [[-80.13394657342211, 43.095694451673864], [-80.1221832712096, 43.11293255528271], [-80.11740746985288, 43.11467495581526], [-80.10989666718767, 43.111321055571885], [-80.10696116529084, 43.100195053735206], [-80.09982006273431, 43.096742053456396], [-80.10715726408245, 43.08560535113654], [-80.13394657342211, 43.095694451673864]], [[-80.15585857743915, 43.06238184473504], [-80.18270638678143, 43.07233884524553], [-80.1724539848832, 43.087685348449355], [-80.14512147548965, 43.07892294817429], [-80.15585857743915, 43.06238184473504]], [[-80.17764578142997, 43.0292118378231], [-80.20453429076822, 43.03903113830887], [-80.19372038877968, 43.055378941718736], [-80.16684827943766, 43.04548504121973], [-80.17764578142997, 43.0292118378231]], [[-80.11697456567819, 43.06830984760652], [-80.09109855667283, 43.05871334711081], [-80.10178425861453, 43.042213143679575], [-80.12798266773048, 43.051937044183624], [-80.11697456567819, 43.06830984760652]], [[-80.08553795116958, 43.015500339687506], [-80.05872764185771, 43.00570443919388], [-80.06974854391862, 42.98929833576007], [-80.09658215324075, 42.99915533626424], [-80.08553795116958, 43.015500339687506]], [[-80.11276006064197, 43.02564234022116], [-80.12362826263954, 43.009117336774864], [-80.15024617192371, 43.019309737344216], [-80.13915446982115, 43.03540974072465], [-80.11276006064197, 43.02564234022116]], [[-80.16163627406964, 43.00262223384439], [-80.15017877185979, 43.01881813726], [-80.12373716265984, 43.00895503674093], [-80.13486236476291, 42.992710033331434], [-80.16163627406964, 43.00262223384439]], [[-80.0419010431453, 43.08189865352599], [-80.01511373381564, 43.07192535300293], [-80.02594353581499, 43.05551254958102], [-80.05277364515325, 43.06545735009781], [-80.0419010431453, 43.08189865352599]], [[-80.09089215660094, 43.05863644710678], [-80.064100647277, 43.04869444659024], [-80.07482914923263, 43.03216994315185], [-80.1015782585428, 43.042136043675484], [-80.09089215660094, 43.05863644710678]], [[-80.15046967200111, 43.01938873734784], [-80.17742538135334, 43.02913043781896], [-80.16656477934936, 43.04549824123535], [-80.13978617001779, 43.03537824068948], [-80.15046967200111, 43.01938873734784]], [[-80.06386624719549, 43.048608346585816], [-80.03692923783338, 43.03874934608853], [-80.047764939828, 43.02225694265006], [-80.07459504915118, 43.03208334314732], [-80.06386624719549, 43.048608346585816]], [[-80.03682203781362, 43.0389123461225], [-80.06375944717595, 43.048771546619825], [-80.0528792451724, 43.065293850063846], [-80.02604843583393, 43.05534884954705], [-80.03682203781362, 43.0389123461225]], [[-80.11680696580014, 43.0703206479715], [-80.10684766395636, 43.08527995109324], [-80.08020245467893, 43.0753761505797], [-80.09099225665344, 43.0588768471448], [-80.11680696580014, 43.0703206479715]], [[-80.16654717938245, 43.045942941315175], [-80.19361338876011, 43.055542041752716], [-80.18281358680107, 43.07217594521162], [-80.15596467745841, 43.06221844470109], [-80.16654717938245, 43.045942941315175]], [[-80.1288478680313, 43.05225584419983], [-80.15563867736257, 43.062299344730725], [-80.14490167541304, 43.07884054816995], [-80.11810676607234, 43.06873164762852], [-80.1288478680313, 43.05225584419983]], [[-80.07861745412762, 43.07479295055013], [-80.05309944524905, 43.06537545006807], [-80.06398014725266, 43.04885234662389], [-80.09077205657678, 43.058794847140554], [-80.07861745412762, 43.07479295055013]], [[-80.13405517344223, 43.09553195163996], [-80.1074643641718, 43.0855177511066], [-80.11788266603173, 43.069077847700505], [-80.14479597539393, 43.07900434820397], [-80.13405517344223, 43.09553195163996]], [[-80.19383468883689, 43.055622141756565], [-80.22069799817294, 43.06547354224613], [-80.20990679620978, 43.08200014568477], [-80.18303408687774, 43.07225694521565], [-80.19383468883689, 43.055622141756565]], [[-80.08167625720168, 43.099031454710904], [-80.067687252404, 43.094687354593326], [-80.08009605465952, 43.075539550613705], [-80.1069386640061, 43.085520951131784], [-80.09955776265022, 43.096727653466075], [-80.08167625720168, 43.099031454710904]], [[-80.07987555458278, 43.07545785060948], [-80.06750795233475, 43.094542654575996], [-80.04983964595374, 43.08535445376937], [-80.03724814233036, 43.08944565508347], [-80.05299194522928, 43.06553845010203], [-80.07987555458278, 43.07545785060948]], [[-80.27170191677635, 43.094188344944136], [-80.28465582089135, 43.09450594439124], [-80.32866453606452, 43.1092109449247], [-80.31909453424824, 43.12290944780155], [-80.3120625322868, 43.12583984865182], [-80.31421413330138, 43.12966034922681], [-80.3087753316241, 43.13010394956168], [-80.31031233336208, 43.14436115201279], [-80.31260073452749, 43.14940045279665], [-80.31957873701863, 43.152684753048604], [-80.32596323846928, 43.14627245161298], [-80.33198944029084, 43.14536265116774], [-80.33784694294602, 43.15452845251286], [-80.35172374731434, 43.15440965183667], [-80.35248644919355, 43.172998555087545], [-80.3317005430611, 43.177850456926976], [-80.33603174557669, 43.1908706590236], [-80.31752603999193, 43.193787860413195], [-80.31961464107383, 43.198576761160766], [-80.26043682326166, 43.20851486570947], [-80.25541042067641, 43.19718956394466], [-80.24760731865632, 43.202240765205325], [-80.22265341105171, 43.20540736694056], [-80.21353700606548, 43.18145296313333], [-80.21595160650536, 43.17777696236941], [-80.20432780300689, 43.179752263265634], [-80.20044860112543, 43.17227916212561], [-80.18967939749706, 43.16970006217532], [-80.21220760431083, 43.166251060505886], [-80.208475302492, 43.158956959390224], [-80.19328469678605, 43.14859795826978], [-80.21657970347302, 43.14095285582136], [-80.21957730369141, 43.13264285420858], [-80.21160640068659, 43.12707005359576], [-80.21613910144896, 43.11943055202911], [-80.22792580516749, 43.11940075147013], [-80.23367500738816, 43.12403305202076], [-80.23390410687061, 43.11729755081657], [-80.2415576093255, 43.11774265053574], [-80.24545750983198, 43.109468948886246], [-80.26039411455568, 43.1095777482034], [-80.26289571501329, 43.105788647414286], [-80.25919651329409, 43.09948664647121], [-80.27170191677635, 43.094188344944136]]]}}, {"type": "Feature", "properties": {"id": "on-sunday-14005", "name": "Municipality of Brighton", "listed_as": "Brighton, Municipality of", "geographic_area": "Northumberland", "jurisdiction": "municipality", "sunday_gun": true, "basis": "reg663_part7"}, "geometry": {"type": "MultiPolygon", "coordinates": [[[[-77.6674, 44.0191], [-77.6642, 44.0207], [-77.6695, 44.0226], [-77.6724, 44.0199], [-77.6685, 44.0186], [-77.6826, 44.0118], [-77.6849, 44.0158], [-77.6801, 44.0151], [-77.6925, 44.0188], [-77.6936, 44.0243], [-77.6608, 44.0367], [-77.6539, 44.0217], [-77.6674, 44.0191]]], [[[-77.6749, 44.037], [-77.6788, 44.0376], [-77.6767, 44.036], [-77.6791, 44.0328], [-77.6836, 44.0345], [-77.6837, 44.0323], [-77.6972, 44.0291], [-77.7007, 44.0296], [-77.6972, 44.0335], [-77.6993, 44.0333], [-77.7086, 44.026], [-77.7123, 44.0264], [-77.7091, 44.0321], [-77.7123, 44.0293], [-77.7162, 44.0322], [-77.7166, 44.0249], [-77.7124, 44.0251], [-77.7156, 44.0202], [-77.7247, 44.0199], [-77.7222, 44.0223], [-77.7275, 44.0237], [-77.7295, 44.0211], [-77.7273, 44.0187], [-77.7424, 44.0121], [-77.7325, 44.0125], [-77.7295, 44.009], [-77.7155, 44.0052], [-77.7217, 44.0041], [-77.7131, 44.0023], [-77.7205, 43.9995], [-77.7167, 43.999], [-77.7207, 43.996], [-77.7236, 43.9978], [-77.7231, 43.9936], [-77.6957, 44.0054], [-77.6832, 44.0025], [-77.6847, 44.0052], [-77.6754, 43.9979], [-77.7037, 43.9887], [-77.7333, 43.9883], [-77.7351, 43.9991], [-77.7491, 44.0103], [-77.776, 44.0089], [-77.8513, 44.1778], [-77.8124, 44.1879], [-77.831, 44.2216], [-77.7549, 44.2365], [-77.6849, 44.0922], [-77.6888, 44.0913], [-77.6642, 44.0381], [-77.6609, 44.037], [-77.6772, 44.0324], [-77.66949963898917, 44.03488122743682], [-77.6763, 44.0336], [-77.6749, 44.037]], [[-77.6682, 44.0353], [-77.6648, 44.0383], [-77.66936801853997, 44.03492363847045], [-77.6682, 44.0353]]]]}}, {"type": "Feature", "properties": {"id": "on-sunday-18039", "name": "Township of Brock", "listed_as": "Brock, Township of", "geographic_area": "Durham", "jurisdiction": "municipality", "sunday_gun": true, "basis": "reg663_part7"}, "geometry": {"type": "Polygon", "coordinates": [[[-79.0818, 44.5157], [-79.0931, 44.5164], [-79.1014, 44.5111], [-79.1257, 44.505], [-79.1398, 44.5142], [-79.1452, 44.5122], [-79.1482, 44.5005], [-79.1548, 44.498], [-79.1539, 44.4897], [-79.1601, 44.4869], [-79.1565, 44.482], [-79.1599, 44.4797], [-79.1564, 44.4774], [-79.1636, 44.471], [-79.1577, 44.4662], [-79.156, 44.4555], [-79.1647, 44.4338], [-79.1694, 44.433], [-79.1623, 44.4325], [-79.17, 44.4325], [-79.1666, 44.4314], [-79.1734, 44.4152], [-79.17, 44.408], [-79.171, 44.4016], [-79.1963, 44.3539], [-79.1225, 44.1833], [-78.9524, 44.2207], [-79.0818, 44.5157]]]}}, {"type": "Feature", "properties": {"id": "on-sunday-41030", "name": "Municipality of Brockton", "listed_as": "Brockton, Municipality of", "geographic_area": "Bruce", "jurisdiction": "municipality", "sunday_gun": true, "basis": "reg663_part7"}, "geometry": {"type": "Polygon", "coordinates": [[[-81.2835, 44.3185], [-81.2976, 44.322], [-81.2958, 44.3153], [-81.376, 44.2218], [-81.4307, 44.1493], [-81.4102, 44.078], [-81.4069, 44.0775], [-81.4061, 44.0757], [-81.4074, 44.068], [-81.0234, 44.1244], [-81.0278, 44.1408], [-81.0384, 44.1411], [-81.0412, 44.1511], [-81.0362, 44.1515], [-81.0385, 44.1598], [-81.0334, 44.1606], [-81.0694, 44.2884], [-81.2665, 44.2591], [-81.2835, 44.3185]]]}}, {"type": "Feature", "properties": {"id": "on-sunday-38011", "name": "Municipality of Brooke-Alvinston", "listed_as": "Brooke-Alvinston, Municipality of", "geographic_area": "Lambton", "jurisdiction": "municipality", "sunday_gun": true, "basis": "reg663_part7"}, "geometry": {"type": "Polygon", "coordinates": [[[-81.7956, 42.8123], [-81.7903, 42.8162], [-81.7889, 42.9314], [-82.006, 42.9303], [-82.0045, 42.7566], [-81.8355, 42.7574], [-81.8354, 42.8427], [-81.7956, 42.8123]]]}}, {"type": "Feature", "properties": {"id": "on-sunday-49066", "name": "Municipality of Callander", "listed_as": "Callander, Municipality of", "geographic_area": "Parry Sound", "jurisdiction": "municipality", "sunday_gun": true, "basis": "reg663_part7"}, "geometry": {"type": "Polygon", "coordinates": [[[-79.3142, 46.1478], [-79.3663, 46.242], [-79.4222, 46.2272], [-79.5134, 46.2222], [-79.4507, 46.1091], [-79.3142, 46.1478]]]}}, {"type": "Feature", "properties": {"id": "on-sunday-48022", "name": "Municipality of Calvin", "listed_as": "Calvin, Township of", "geographic_area": "Nipissing", "jurisdiction": "municipality", "sunday_gun": true, "basis": "reg663_part7"}, "geometry": {"type": "Polygon", "coordinates": [[[-78.9334, 46.3034], [-78.9716, 46.3026], [-78.9732, 46.2914], [-78.9705, 46.2893], [-78.9774, 46.2853], [-78.9797, 46.2792], [-78.9855, 46.2778], [-79.0229, 46.2872], [-79.0405, 46.3024], [-78.9767, 46.1872], [-78.7984, 46.2342], [-78.8348, 46.301], [-78.8837, 46.3023], [-78.9127, 46.2973], [-78.9334, 46.3034]]]}}, {"type": "Feature", "properties": {"id": "on-sunday-12067", "name": "Township of Carlow/Mayo", "listed_as": "Carlow/Mayo, Township of", "geographic_area": "Hastings", "jurisdiction": "municipality", "sunday_gun": true, "basis": "reg663_part7"}, "geometry": {"type": "Polygon", "coordinates": [[[-77.5425, 45.1446], [-77.5447, 45.144], [-77.6355, 45.3121], [-77.7792, 45.2739], [-77.6296, 44.9951], [-77.4809, 45.0356], [-77.5425, 45.1446]]]}}, {"type": "Feature", "properties": {"id": "on-sunday-15012", "name": "Township of Cavan Monaghan", "listed_as": "Cavan-Millbrook-North Monaghan, Township of", "geographic_area": "Peterborough", "jurisdiction": "municipality", "sunday_gun": true, "basis": "reg663_part7"}, "geometry": {"type": "Polygon", "coordinates": [[[-78.3405, 44.2554], [-78.3282, 44.2655], [-78.3502, 44.2615], [-78.3543, 44.2534], [-78.3573, 44.2526], [-78.3592, 44.2569], [-78.3611, 44.2527], [-78.3673, 44.2637], [-78.3745, 44.2619], [-78.3789, 44.2656], [-78.3773, 44.2699], [-78.3818, 44.2803], [-78.3755, 44.2817], [-78.3838, 44.3008], [-78.5847, 44.2525], [-78.5087, 44.0812], [-78.3468, 44.1199], [-78.3873, 44.2044], [-78.3545, 44.212], [-78.3431, 44.2353], [-78.3364, 44.2402], [-78.3381, 44.2466], [-78.3358, 44.2513], [-78.3405, 44.2554]]]}}, {"type": "Feature", "properties": {"id": "on-sunday-34015", "name": "Municipality of Central Elgin", "listed_as": "Central Elgin, Municipality of", "geographic_area": "Elgin", "jurisdiction": "municipality", "sunday_gun": true, "basis": "reg663_part7"}, "geometry": {"type": "Polygon", "coordinates": [[[-81.0356, 42.6585], [-81.1239, 42.6635], [-81.1632, 42.6613], [-81.1976, 42.6656], [-81.2091, 42.6638], [-81.2097, 42.6601], [-81.2151, 42.6586], [-81.2437, 42.6638], [-81.2438, 42.6535], [-81.2152, 42.6532], [-81.2453, 42.1834], [-81.0427, 42.2398], [-81.0356, 42.6585]]]}}, {"type": "Feature", "properties": {"id": "on-sunday-10025", "name": "Township of Central Frontenac", "listed_as": "Central Frontenac, Township of", "geographic_area": "Frontenac", "jurisdiction": "municipality", "sunday_gun": true, "basis": "reg663_part7"}, "geometry": {"type": "Polygon", "coordinates": [[[-76.5441, 44.7404], [-76.632, 44.8988], [-76.8099, 44.8554], [-76.9344, 44.8199], [-76.9791, 44.8093], [-76.9814, 44.8137], [-77.1174, 44.7771], [-77.0331, 44.6124], [-76.9258, 44.6391], [-76.8366, 44.5217], [-76.7381, 44.5208], [-76.6443, 44.5303], [-76.6362, 44.5317], [-76.6555, 44.6027], [-76.6747, 44.6903], [-76.6751, 44.7032], [-76.5441, 44.7404]]]}}, {"type": "Feature", "properties": {"id": "on-sunday-40025", "name": "Municipality of Central Huron", "listed_as": "Central Huron, Municipality of", "geographic_area": "Huron", "jurisdiction": "municipality", "sunday_gun": true, "basis": "reg663_part7"}, "geometry": {"type": "Polygon", "coordinates": [[[-81.7279, 43.7489], [-82.2051, 43.9546], [-82.1622, 43.7652], [-81.7097, 43.5701], [-81.7081, 43.5808], [-81.7125, 43.6257], [-81.7193, 43.644], [-81.7233, 43.6824], [-81.7289, 43.6972], [-81.7219, 43.713], [-81.725, 43.7318], [-81.7318, 43.7317], [-81.7319, 43.7423], [-81.734, 43.7417], [-81.7329, 43.7492], [-81.7279, 43.7489]]]}}, {"type": "Feature", "properties": {"id": "on-sunday-12023", "name": "Municipality of Centre Hastings", "listed_as": "Centre Hastings, Municipality of", "geographic_area": "Hastings", "jurisdiction": "municipality", "sunday_gun": true, "basis": "reg663_part7"}, "geometry": {"type": "Polygon", "coordinates": [[[-77.3309, 44.3494], [-77.4141, 44.5141], [-77.4657, 44.5016], [-77.4669, 44.5039], [-77.4587, 44.5061], [-77.4577, 44.5104], [-77.4689, 44.5078], [-77.4711, 44.5121], [-77.4755, 44.511], [-77.477, 44.5137], [-77.4843, 44.5117], [-77.4818, 44.5063], [-77.4861, 44.5051], [-77.4859, 44.5009], [-77.4829, 44.4971], [-77.553, 44.4791], [-77.4735, 44.3156], [-77.3309, 44.3494]]]}}, {"type": "Feature", "properties": {"id": "on-sunday-36003", "name": "Municipality of Chatham-Kent", "listed_as": "Chatham-Kent, Municipality of", "geographic_area": "Chatham-Kent", "jurisdiction": "municipality", "sunday_gun": true, "basis": "reg663_part7"}, "geometry": {"type": "MultiPolygon", "coordinates": [[[[-81.66835569960689, 42.47277716787544], [-81.7121050105971, 42.443192360484716], [-81.78106612886104, 42.40739455076325], [-81.81742473774256, 42.38009584413048], [-81.83009574006202, 42.361767540243285], [-81.83733274077515, 42.344333336777346], [-81.84178753951785, 42.314255931182785], [-81.84205743580395, 42.27087042340268], [-81.84592293603357, 42.259791221231445], [-81.8516060374604, 42.255966620272105], [-81.86288924077586, 42.253901119358005], [-81.87285854389003, 42.25419491892983], [-81.87843254575249, 42.255746718938866], [-81.87454044446666, 42.25483071896258], [-81.87251364413221, 42.25818711966167], [-81.87403174469682, 42.259265619781615], [-81.86510124366579, 42.27911112376685], [-81.86580084408948, 42.28147462415628], [-81.86423494359578, 42.28137802421461], [-81.8643231439534, 42.28515112488587], [-81.86241804351252, 42.28685872528352], [-81.86245184366176, 42.28844352556556], [-81.86188534350865, 42.288700025638875], [-81.85957974333431, 42.294868526854366], [-81.85687444320064, 42.302913528424774], [-81.85680764321863, 42.303355328507045], [-81.85684464323325, 42.3033911285117], [-81.86008304360516, 42.29617972706471], [-81.86137704392053, 42.29520202682727], [-81.86185524400653, 42.294491426676956], [-81.86439294434328, 42.28935672563535], [-81.86475324443104, 42.289083825569136], [-81.86704224480921, 42.285302024781615], [-81.87508824604502, 42.27093702182113], [-81.87846814629428, 42.261816620024504], [-81.88118174681492, 42.258157419238124], [-81.87568754617057, 42.27024992166916], [-81.86785204496658, 42.28423312455116], [-81.8661056446576, 42.286885025110216], [-81.86595014464216, 42.28725932518475], [-81.86606674470629, 42.2875788252363], [-81.86323054422914, 42.29216662619443], [-81.86525864470974, 42.29047822579433], [-81.86410354449667, 42.29213272614623], [-81.86399684447952, 42.29231382618382], [-81.86396444449551, 42.29261112623856], [-81.863574044359, 42.29243412622575], [-81.86320584423855, 42.292361926230626], [-81.86312574421822, 42.29241322624367], [-81.86295864419075, 42.29269082630144], [-81.85544724310012, 42.3068148291918], [-81.85547554321307, 42.30800342940317], [-81.85094614249653, 42.315845631024956], [-81.85209194312105, 42.31891723151909], [-81.84775864198592, 42.321291832153165], [-81.84753444237705, 42.326543133103264], [-81.84665704208113, 42.326270533096874], [-81.84585594223068, 42.33080663394687], [-81.84563904217383, 42.33092493397851], [-81.84543214210589, 42.3308815339807], [-81.84491254196013, 42.331056434037066], [-81.84410114188059, 42.33301683442687], [-81.84403984193668, 42.333872834582905], [-81.84757904323807, 42.33619723482755], [-81.85342694479529, 42.33328103402351], [-81.85719404622647, 42.336278934377454], [-81.85750734646493, 42.33788863465013], [-81.85928574713384, 42.339226334803314], [-81.85490234513951, 42.33199113372155], [-81.8612603474062, 42.33535693401605], [-81.86123084728716, 42.334105233793714], [-81.85913084640022, 42.33141913341493], [-81.85987594658333, 42.33087333328133], [-81.85995294663479, 42.33118793333384], [-81.86011274669688, 42.331330833351686], [-81.86164074723996, 42.332120833419076], [-81.86185504735849, 42.33271353351471], [-81.86481924844784, 42.33465453371846], [-81.86136424693701, 42.32964623298998], [-81.87035524962974, 42.32856963236284], [-81.86487774806346, 42.33007013289594], [-81.86587144843963, 42.33084613298664], [-81.87096834985894, 42.3290153324129], [-81.87097734968778, 42.32703363205811], [-81.87111644999648, 42.33005893259236], [-81.86595944848506, 42.33105273301933], [-81.8710600500067, 42.33037443265147], [-81.87186135056544, 42.33390763324442], [-81.87688305240603, 42.33713883357924], [-81.87250925064009, 42.332470932956234], [-81.87203764996592, 42.326458431903994], [-81.87659295148013, 42.327621431891735], [-81.8768444516133, 42.32825003199194], [-81.87721215174912, 42.328499332018744], [-81.87829685211553, 42.328842332027605], [-81.87873515218305, 42.328064431867375], [-81.87339455021801, 42.32453883149513], [-81.8826642526929, 42.320000830235486], [-81.8985389580688, 42.325190830395734], [-81.88698955383762, 42.3177698296274], [-81.89713215651544, 42.31246732818858], [-81.90492965927515, 42.31637782851081], [-81.89868395676365, 42.30981642763943], [-81.90118275738449, 42.30806762720584], [-81.9139265617989, 42.313370327537704], [-81.90947266004311, 42.309091926988074], [-81.91111146063044, 42.30999732707071], [-81.91430966151715, 42.30881022670369], [-81.90521325857212, 42.30736942688599], [-81.90454135818807, 42.30536632656025], [-81.91128006008483, 42.30318752584458], [-81.91194776044067, 42.30488442611582], [-81.92046336328902, 42.30727512613141], [-81.91302166066512, 42.30365092584324], [-81.91591126135128, 42.30126852527734], [-81.92107816316272, 42.3036676254565], [-81.91550256117432, 42.30069532519455], [-81.91896106195964, 42.29743432444392], [-81.92511766404681, 42.29948342451268], [-81.91908686165709, 42.29354262374162], [-81.93399526642217, 42.295214423319486], [-81.92886056459339, 42.29250022308242], [-81.93291056555023, 42.28910792227955], [-81.93047686467797, 42.28775892215594], [-81.93356566532118, 42.28418502136706], [-81.9320021644115, 42.27933472057476], [-81.93674516559909, 42.27612601977111], [-81.94093366706632, 42.278063919915354], [-81.93674656438857, 42.2623105172981], [-81.90835465554606, 42.26174621856901], [-81.91455155732625, 42.26015701798507], [-81.9076975551065, 42.259049618117785], [-81.90938415514202, 42.25348661703998], [-81.90891235520128, 42.2558339174832], [-81.93111766255477, 42.261275617384854], [-82.0038372853946, 42.26498451452989], [-82.05501430063876, 42.25823051084072], [-82.09405731175458, 42.2472911069892], [-82.14008182432083, 42.22836190136766], [-82.20068334023313, 42.19635679269517], [-82.2513022539915, 42.17504738641866], [-82.37800618899689, 42.128590971928666], [-82.4225157004727, 42.10309096519084], [-82.45908670871749, 42.068731957250634], [-82.46298460924633, 42.061090155690806], [-82.4649834102468, 42.06546935637811], [-82.49364678527303, 41.67662008494515], [-82.39748795574366, 41.6765674895705], [-81.37929928143433, 42.14599282307121], [-81.5044175370667, 42.3403515520687], [-81.66835569960689, 42.47277716787544]], [[-81.88321724736223, 42.25720491896923], [-81.90535825438592, 42.25909521823895], [-81.90577655462629, 42.260361718445566], [-81.88321724736223, 42.25720491896923]], [[-81.87580434510856, 42.25769411941455], [-81.876545245499, 42.25953471970857], [-81.87548084518573, 42.259722919793624], [-81.87580434510856, 42.25769411941455]], [[-81.87451574514805, 42.26271132037549], [-81.87320414518763, 42.26780982135202], [-81.87639274601976, 42.266029320879255], [-81.8744966457874, 42.270087721697564], [-81.87250294506067, 42.268841821570696], [-81.86981034476248, 42.274968722797844], [-81.8720761455459, 42.275898722854976], [-81.86964684475127, 42.275420122886544], [-81.86186734400034, 42.29437822665614], [-81.86069994373528, 42.295482326910125], [-81.87451574514805, 42.26271132037549]], [[-81.86444494435032, 42.28925332561433], [-81.86863624487397, 42.28039942382689], [-81.8684204448995, 42.281454824026305], [-81.86472464441854, 42.289042325563095], [-81.86444494435032, 42.28925332561433]], [[-81.87906374671631, 42.26453192048214], [-81.8756826463676, 42.272519322075794], [-81.88021814724179, 42.26645042077003], [-81.8776525470129, 42.27291872205222], [-81.87458164604297, 42.27270792216272], [-81.87906374671631, 42.26453192048214]], [[-81.88212874795221, 42.26780472092033], [-81.88223904822118, 42.27048782139552], [-81.87900494739556, 42.27250292191249], [-81.87976114727543, 42.26845342115081], [-81.88212874795221, 42.26780472092033]], [[-81.87593034678399, 42.276399322758564], [-81.88129134822067, 42.27383642204087], [-81.88010504801866, 42.275727822436785], [-81.87593034678399, 42.276399322758564]], [[-81.87845124770686, 42.278019222926964], [-81.87966094806272, 42.27780272282977], [-81.87844444773866, 42.27840632299654], [-81.87845124770686, 42.278019222926964]], [[-81.87729004736597, 42.27823522302166], [-81.87464824678966, 42.28100222364462], [-81.870722145597, 42.28127522388302], [-81.87664794671257, 42.27304332212302], [-81.87433954643006, 42.277987423119725], [-81.87729004736597, 42.27823522302166]], [[-81.86959334547188, 42.28384152439698], [-81.8723143461114, 42.281515423849164], [-81.86863074537615, 42.286154624857545], [-81.8711763460008, 42.284279924399044], [-81.87097904622689, 42.28755972499569], [-81.86720754529567, 42.290272225663365], [-81.86818894528444, 42.28667122497137], [-81.86415024457823, 42.292898026280945], [-81.86959334547188, 42.28384152439698]], [[-81.87612194728476, 42.281441323652096], [-81.87507254730258, 42.285358024403884], [-81.87144134630279, 42.28679062483573], [-81.8745021469716, 42.28359712411625], [-81.87156014601696, 42.28310612417037], [-81.87612194728476, 42.281441323652096]], [[-81.86404184454786, 42.292934826292814], [-81.86545304532115, 42.29677002691107], [-81.86257594441716, 42.296629427024826], [-81.8597905442107, 42.304125528500855], [-81.85739084345076, 42.303941428583784], [-81.86404184454786, 42.292934826292814]], [[-81.85694234332827, 42.30413012863923], [-81.85784994369097, 42.30505872876159], [-81.85669484339527, 42.30576992894458], [-81.85694234332827, 42.30413012863923]], [[-81.85644304341368, 42.306870529153706], [-81.85872524389384, 42.30427762857949], [-81.8593922441001, 42.30427272854645], [-81.85763824374705, 42.306447329020266], [-81.85644304341368, 42.306870529153706]], [[-81.86963234527028, 42.2814005239581], [-81.86450264449972, 42.29075482588035], [-81.86435064445267, 42.29075572588782], [-81.86963234527028, 42.2814005239581]], [[-81.87515474624142, 42.2729466221778], [-81.87184934563408, 42.277709023190134], [-81.87441514601281, 42.27295242221454], [-81.87515474624142, 42.2729466221778]], [[-81.85895904633603, 42.331294233400904], [-81.85922534633464, 42.330337833217], [-81.86047404679125, 42.33112973329822], [-81.86061204686243, 42.33145323334945], [-81.86012464669898, 42.331312633347856], [-81.85998554661961, 42.33089943328065], [-81.85979034655371, 42.33083803327912], [-81.85908214638438, 42.331410533415756], [-81.86094964718748, 42.3339631337819], [-81.8590660464316, 42.33200503352283], [-81.85895904633603, 42.331294233400904]], [[-81.84418024194616, 42.333484634506675], [-81.84684074270612, 42.332744334245795], [-81.84866594337991, 42.33397383437745], [-81.84418024194616, 42.333484634506675]], [[-81.87685555161117, 42.32818673198012], [-81.87852855211598, 42.32802993187119], [-81.87830835211352, 42.328779132015775], [-81.87685555161117, 42.32818673198012]]], [[[-82.48285376642202, 42.63147155614806], [-82.50970837547334, 42.63961465624974], [-82.52344157678056, 42.60735394987518], [-82.54922918328482, 42.59121694574488], [-82.5802577904126, 42.564159439424365], [-82.5838742906007, 42.5539423374398], [-82.59093909242777, 42.55003053639744], [-82.60555689680935, 42.548552435409455], [-82.62386730324012, 42.55706123600128], [-82.6329999060661, 42.557116035556376], [-82.64113300837971, 42.55493753476673], [-82.66218271365322, 42.541468031339804], [-82.80334914415752, 42.398013598939414], [-82.55089236624094, 42.39724541132815], [-82.4552293296883, 42.318854402111526], [-82.45233622887014, 42.31969260240304], [-82.43255402447363, 42.33884510678426], [-82.42593072316731, 42.34711420858115], [-82.4255015231141, 42.34800220876026], [-82.42620882339213, 42.34866870884407], [-82.42521022307197, 42.34853690886972], [-82.42429062289685, 42.349755209131665], [-82.42539782315139, 42.34877790890337], [-82.42605072339093, 42.34920180894666], [-82.41788112193488, 42.3611371114714], [-82.41425382161523, 42.37008881324167], [-82.41738342265172, 42.37086941322655], [-82.41795462345704, 42.37789601444763], [-82.41473562255973, 42.378980314798774], [-82.41294972249213, 42.38438791584789], [-82.41485412292353, 42.38263541544267], [-82.41459032290358, 42.38332301557791], [-82.41483682304235, 42.38402231569003], [-82.41418072279126, 42.38348111562614], [-82.41360892270873, 42.38453291584125], [-82.41363652277852, 42.38521691596144], [-82.41504222334514, 42.3866947161549], [-82.4159437236331, 42.38680051612937], [-82.41215752257732, 42.38807201654166], [-82.41176592254229, 42.389031516731485], [-82.41193202262566, 42.38938951678693], [-82.4131444230876, 42.39036531690067], [-82.41269212293626, 42.39023581689993], [-82.41234412289525, 42.39097851704908], [-82.41154382265455, 42.39105141710138], [-82.41123642259299, 42.39142441718282], [-82.40988702251401, 42.39519651791954], [-82.41063842283573, 42.39619601806013], [-82.4075109219471, 42.39706281836814], [-82.41007322273269, 42.39699531823002], [-82.41011582296615, 42.39945341866464], [-82.41060852324212, 42.40083431888574], [-82.4145164249167, 42.406045319619096], [-82.4117771242429, 42.407970520095944], [-82.4141219257888, 42.41712772160682], [-82.40950172464578, 42.42030062239791], [-82.41402112579172, 42.4175072216792], [-82.41348772645597, 42.42674492334576], [-82.41633362768086, 42.43059142388831], [-82.41058312653362, 42.43760592541683], [-82.4143057275967, 42.43663242506059], [-82.41206182706907, 42.438478825498855], [-82.41555882837422, 42.4409757257696], [-82.40981982694184, 42.44477482672674], [-82.40972222695873, 42.44529842682447], [-82.4153698290672, 42.44933532726229], [-82.41071532793164, 42.45270702809], [-82.41561982917092, 42.44962952730221], [-82.41699732970692, 42.45085542745173], [-82.41488432901652, 42.45044002748228], [-82.40874562746993, 42.45434322847743], [-82.41381592893687, 42.45322702802937], [-82.41081472811693, 42.45442582839005], [-82.41500402958057, 42.45630132851619], [-82.41182882854672, 42.45571912856951], [-82.40897642807717, 42.46030202952315], [-82.41125932940189, 42.46718133063066], [-82.4099118289965, 42.46730593071922], [-82.40848872865456, 42.468395130982614], [-82.41366673009318, 42.46659333040762], [-82.40942292927471, 42.47207613158925], [-82.41165042987085, 42.47104883129721], [-82.41178993013197, 42.473469831719584], [-82.40916352922802, 42.472448431668035], [-82.40795192892122, 42.47320173186145], [-82.41109073013627, 42.47591883218833], [-82.41272033044368, 42.47373743172117], [-82.41427353173408, 42.48273283323928], [-82.41878993362619, 42.488233733991294], [-82.41667203321151, 42.49089843456816], [-82.42046093474018, 42.494859235082956], [-82.41267813298954, 42.5021331367561], [-82.41654733471636, 42.50801113760632], [-82.4159667351357, 42.51464643881028], [-82.41273803471154, 42.5210085400965], [-82.41120113412654, 42.51979373995731], [-82.41102963406878, 42.519741639956536], [-82.41078893400518, 42.51986183998975], [-82.41064753398035, 42.52007084003373], [-82.4105102340722, 42.521558340303926], [-82.4094486337816, 42.521976640430495], [-82.41019163430664, 42.52524564097261], [-82.40536433298479, 42.52714224154698], [-82.40154793207773, 42.53016994227159], [-82.40390363312517, 42.53369814277983], [-82.4064321341035, 42.53586904303916], [-82.4024397323277, 42.52988354217683], [-82.4108917345413, 42.525446040973485], [-82.41585573516876, 42.51539293894796], [-82.42918173963561, 42.51922093896726], [-82.43756644166439, 42.51297673744703], [-82.43662524071375, 42.505672036199925], [-82.43995244145206, 42.50245513546565], [-82.44120634155776, 42.49933133485037], [-82.4351133389262, 42.49104293368295], [-82.43654293908288, 42.48787973305186], [-82.47581154968424, 42.47085042809353], [-82.47648274620147, 42.429882520795495], [-82.68077961719065, 42.517259926137164], [-82.58704989127374, 42.55055393668327], [-82.5814394898194, 42.553623737504516], [-82.5772547888528, 42.557213538346716], [-82.57700098947413, 42.56490623971819], [-82.5732929884438, 42.566176540126904], [-82.57470598851991, 42.56221323935659], [-82.54486948189873, 42.59079674588744], [-82.5204209757034, 42.60578364974819], [-82.5094939737563, 42.62151075306674], [-82.5082844743855, 42.63251705506866], [-82.50448127364851, 42.63733865610818], [-82.48288326632817, 42.63034145594717], [-82.47951296422805, 42.61873105406561], [-82.47587756237117, 42.61068615282597], [-82.47955176271323, 42.60195025110107], [-82.4795377623978, 42.59852825049745], [-82.47822996175736, 42.5959336501041], [-82.4653597566383, 42.58340894852988], [-82.4470404508552, 42.582131949212254], [-82.43974404896606, 42.586190250291004], [-82.43615134761173, 42.583514649996175], [-82.4321847457207, 42.57619594889898], [-82.42921294454067, 42.57332064853776], [-82.4271855438515, 42.57263794851747], [-82.42033094177908, 42.573172148951215], [-82.42158094152413, 42.566088947636864], [-82.4200584404455, 42.55937974652553], [-82.416642939364, 42.55910564664607], [-82.41240833816664, 42.560351047075834], [-82.41212153788591, 42.55823014671488], [-82.41923673953742, 42.552156045288285], [-82.41937483861908, 42.541532143401625], [-82.40904613512426, 42.538216443325496], [-82.41891453848696, 42.54164554344449], [-82.41775943911016, 42.55248454541953], [-82.41235933776419, 42.556072446321416], [-82.41113463771676, 42.55973454702981], [-82.41240383822345, 42.56099454718991], [-82.42025794061804, 42.56060354673217], [-82.42018734182231, 42.57413974912945], [-82.42899754450242, 42.57363414860387], [-82.43342464656364, 42.58126074973283], [-82.4392464488321, 42.5864106503546], [-82.44801845120179, 42.58261674924952], [-82.46481555650941, 42.58384374863369], [-82.47827156187999, 42.59714145031539], [-82.47476746220065, 42.61258705321661], [-82.48285376642202, 42.63147155614806]], [[-82.57257598836291, 42.567723040435695], [-82.5687559873996, 42.570111141047335], [-82.57332378848389, 42.56651274018474], [-82.57257598836291, 42.567723040435695]], [[-82.62935350479702, 42.55554853546108], [-82.60650539690332, 42.54636373497559], [-82.6817039176752, 42.519449226477946], [-82.65522181175041, 42.54417523216457], [-82.63859430752281, 42.55413823475202], [-82.62935350479702, 42.55554853546108]], [[-82.4130827239885, 42.4006326187281], [-82.41028622301941, 42.39946031865749], [-82.4113088226137, 42.391405817175915], [-82.41232292290083, 42.39111391707415], [-82.41320452310366, 42.39033751689277], [-82.41271942290837, 42.389830216826525], [-82.4175718240891, 42.38627601595603], [-82.4130827239885, 42.4006326187281]], [[-82.41691642388815, 42.38629321599135], [-82.4137954228315, 42.385260015961315], [-82.41490012307315, 42.38414771570921], [-82.41500222297798, 42.38273261545269], [-82.41440072271944, 42.38192041533792], [-82.41634272340998, 42.38293221542216], [-82.41691642388815, 42.38629321599135]], [[-82.41534162172526, 42.36756271273901], [-82.41661152228926, 42.369483213018015], [-82.41471022167511, 42.36918261305809], [-82.41534162172526, 42.36756271273901]], [[-82.42846052377507, 42.345173508111515], [-82.42750842370025, 42.347626108594675], [-82.42613292335747, 42.348543508825536], [-82.42611232322153, 42.3470938085686], [-82.42846052377507, 42.345173508111515]], [[-82.4159463284879, 42.440907725738434], [-82.41079512725274, 42.444879926697304], [-82.41432602865427, 42.44833072713553], [-82.41633792895817, 42.44479342640867], [-82.41680192910994, 42.44488682640239], [-82.41722022920963, 42.44455732632329], [-82.42185553060469, 42.444139726020644], [-82.42434783137382, 42.44412672589538], [-82.42480463154203, 42.44442742592624], [-82.41673142909795, 42.44499572642518], [-82.4145382287423, 42.44858012716934], [-82.41013932705401, 42.44492402673749], [-82.4159463284879, 42.440907725738434]], [[-82.41699002904484, 42.4435157261498], [-82.41741692898854, 42.44142082575701], [-82.41907642967035, 42.443300626008764], [-82.41699002904484, 42.4435157261498]], [[-82.42575343178886, 42.44391122578787], [-82.42684753217354, 42.44442892582575], [-82.42580813183001, 42.444180725832986], [-82.42575343178886, 42.44391122578787]], [[-82.42010363025302, 42.44625072648159], [-82.42128123075415, 42.447776226694145], [-82.41858712979818, 42.44640472658373], [-82.42010363025302, 42.44625072648159]], [[-82.41963233045767, 42.450147127196146], [-82.4198573305027, 42.44987432713663], [-82.42008403089409, 42.45344682775923], [-82.41963233045767, 42.450147127196146]], [[-82.41537992930434, 42.45193792772358], [-82.41205662840956, 42.45341082814875], [-82.41300682856291, 42.45185012782502], [-82.41537992930434, 42.45193792772358]], [[-82.43823443944616, 42.4861095326546], [-82.43460653850902, 42.4881541331961], [-82.43296353795174, 42.48760713318034], [-82.43440113830685, 42.4866166329338], [-82.43823443944616, 42.4861095326546]], [[-82.42233833538192, 42.495538535110605], [-82.43554793876972, 42.48781803309008], [-82.41986983477165, 42.49723513553315], [-82.42233833538192, 42.495538535110605]], [[-82.41292133306287, 42.50211243674044], [-82.43490403862256, 42.4883933332238], [-82.43379343846436, 42.49044673364255], [-82.44020504115394, 42.498287434714925], [-82.43558614046921, 42.50652233640186], [-82.4372958414985, 42.51206663729925], [-82.42968903972995, 42.518528738819604], [-82.41607143519728, 42.51496973886236], [-82.41668893474294, 42.50782043756558], [-82.41292133306287, 42.50211243674044]], [[-82.42379573538588, 42.49058513416086], [-82.42317903530794, 42.491835734412916], [-82.42238953502005, 42.49135003436589], [-82.42258893505303, 42.49103233429969], [-82.42379573538588, 42.49058513416086]], [[-82.41057083408923, 42.521539640297625], [-82.41198583443993, 42.520576640057165], [-82.41088943434194, 42.52324674058422], [-82.40963303384653, 42.52206454043693], [-82.41057083408923, 42.521539640297625]]]]}}, {"type": "Feature", "properties": {"id": "on-sunday-42031", "name": "Township of Chatsworth", "listed_as": "Chatsworth, Township of", "geographic_area": "Grey", "jurisdiction": "municipality", "sunday_gun": true, "basis": "reg663_part7"}, "geometry": {"type": "Polygon", "coordinates": [[[-80.664, 44.3283], [-80.6618, 44.3301], [-80.7033, 44.4962], [-81.106, 44.4529], [-81.0694, 44.2884], [-80.7209, 44.3261], [-80.7125, 44.321], [-80.6873, 44.3424], [-80.664, 44.3283]]]}}, {"type": "Feature", "properties": {"id": "on-sunday-48031", "name": "Township of Chisholm", "listed_as": "Chisholm, Township of", "geographic_area": "Nipissing", "jurisdiction": "municipality", "sunday_gun": true, "basis": "reg663_part7"}, "geometry": {"type": "Polygon", "coordinates": [[[-79.0934, 46.0402], [-79.1777, 46.194], [-79.319, 46.1565], [-79.2326, 46.001], [-79.0934, 46.0402]]]}}, {"type": "Feature", "properties": {"id": "on-sunday-43030", "name": "Township of Clearview", "listed_as": "Clearview, Township of", "geographic_area": "Simcoe", "jurisdiction": "municipality", "sunday_gun": true, "basis": "reg663_part7"}, "geometry": {"type": "Polygon", "coordinates": [[[-80.1226, 44.4644], [-80.1698, 44.4823], [-80.1741, 44.4871], [-80.2445, 44.4723], [-80.2484, 44.4888], [-80.2817, 44.4816], [-80.2291, 44.2534], [-80.034, 44.2949], [-80.0374, 44.3099], [-80.0174, 44.3039], [-79.9059, 44.3273], [-79.9027, 44.3307], [-79.9049, 44.3352], [-79.8987, 44.3375], [-79.9016, 44.3409], [-79.8619, 44.3494], [-79.9119, 44.4033], [-79.9749, 44.4783], [-80.0214, 44.4678], [-80.0199, 44.4621], [-80.0512, 44.452], [-80.0533, 44.4608], [-80.0717, 44.4565], [-80.0736, 44.4635], [-80.1049, 44.4563], [-80.1108, 44.4606], [-80.1213, 44.4584], [-80.1226, 44.4644]]]}}, {"type": "Feature", "properties": {"id": "on-sunday-14010", "name": "Township of Cramahe", "listed_as": "Cramahe, Township of", "geographic_area": "Northumberland", "jurisdiction": "municipality", "sunday_gun": true, "basis": "reg663_part7"}, "geometry": {"type": "Polygon", "coordinates": [[[-77.776, 44.0089], [-77.8513, 44.1778], [-77.974, 44.148], [-77.8988, 43.9808], [-77.8763, 43.9756], [-77.876, 43.9792], [-77.8596, 43.9915], [-77.8428, 43.9942], [-77.8398, 43.9978], [-77.8214, 44.0033], [-77.7985, 44.0027], [-77.776, 44.0089]]]}}, {"type": "Feature", "properties": {"id": "on-sunday-38005", "name": "Township of Dawn-Euphemia", "listed_as": "Dawn-Euphemia, Township of", "geographic_area": "Lambton", "jurisdiction": "municipality", "sunday_gun": true, "basis": "reg663_part7"}, "geometry": {"type": "Polygon", "coordinates": [[[-82.0045, 42.7566], [-82.2401, 42.7622], [-82.2452, 42.6309], [-82.024, 42.6246], [-82.0204, 42.6396], [-82.0087, 42.6506], [-81.8352, 42.651], [-81.8355, 42.7574], [-82.0045, 42.7566]]]}}, {"type": "Feature", "properties": {"id": "on-sunday-15021", "name": "Township of Douro-Dummer", "listed_as": "Douro-Dummer, Township of", "geographic_area": "Peterborough", "jurisdiction": "municipality", "sunday_gun": true, "basis": "reg663_part7"}, "geometry": {"type": "Polygon", "coordinates": [[[-78.0058, 44.5819], [-78.0198, 44.5765], [-78.0251, 44.583], [-78.0338, 44.5822], [-78.0725, 44.5698], [-78.0896, 44.5712], [-78.1105, 44.5618], [-78.1143, 44.5538], [-78.1307, 44.5504], [-78.1485, 44.5516], [-78.1634, 44.5408], [-78.1745, 44.5394], [-78.1774, 44.533], [-78.2041, 44.5068], [-78.2126, 44.4914], [-78.2238, 44.4866], [-78.2296, 44.49], [-78.2377, 44.486], [-78.2486, 44.4677], [-78.2705, 44.4473], [-78.274, 44.4388], [-78.2729, 44.4322], [-78.2623, 44.436], [-78.2599, 44.4307], [-78.2543, 44.432], [-78.2468, 44.416], [-78.2633, 44.4119], [-78.2669, 44.3924], [-78.2713, 44.3892], [-78.2728, 44.3828], [-78.2836, 44.3784], [-78.2683, 44.3458], [-78.2957, 44.3392], [-78.3034, 44.33], [-78.3038, 44.3199], [-77.9256, 44.4152], [-78.0026, 44.5702], [-78.0058, 44.5819]]]}}, {"type": "Feature", "properties": {"id": "on-sunday-9007", "name": "Township of Drummond/North Elmsley", "listed_as": "Drummond/North Elmsley, Township of", "geographic_area": "Lanark", "jurisdiction": "municipality", "sunday_gun": true, "basis": "reg663_part7"}, "geometry": {"type": "Polygon", "coordinates": [[[-76.0937, 44.9817], [-76.2231, 45.0949], [-76.3834, 44.996], [-76.2762, 44.9106], [-76.2701, 44.9144], [-76.2761, 44.9191], [-76.2717, 44.9219], [-76.2586, 44.9136], [-76.2417, 44.9242], [-76.2303, 44.9153], [-76.242, 44.9079], [-76.2363, 44.9031], [-76.2281, 44.9048], [-76.2247, 44.902], [-76.2404, 44.8922], [-76.2347, 44.8858], [-76.2424, 44.8808], [-76.2494, 44.8866], [-76.2618, 44.8789], [-76.1884, 44.814], [-76.1585, 44.8403], [-76.1388, 44.8481], [-76.1153, 44.8654], [-76.0903, 44.8743], [-76.0737, 44.8922], [-76.0596, 44.8917], [-76.0598, 44.8966], [-76.0556, 44.8946], [-76.0501, 44.9003], [-76.0423, 44.8935], [-76.0301, 44.896], [-76.0335, 44.8986], [-76.0302, 44.9005], [-76.0326, 44.9064], [-76.0288, 44.9091], [-76.1067, 44.9733], [-76.0937, 44.9817]]]}}, {"type": "Feature", "properties": {"id": "on-sunday-34028", "name": "Municipality of Dutton/Dunwich", "listed_as": "Dutton-Dunwich, Municipality of", "geographic_area": "Elgin", "jurisdiction": "municipality", "sunday_gun": true, "basis": "reg663_part7"}, "geometry": {"type": "Polygon", "coordinates": [[[-81.221, 42.5632], [-81.3307, 42.6482], [-81.3544, 42.6393], [-81.3847, 42.6196], [-81.3987, 42.6062], [-81.4403, 42.6038], [-81.4587, 42.5959], [-81.4677, 42.5829], [-81.5104, 42.5745], [-81.2343, 42.3555], [-81.221, 42.5632]]]}}, {"type": "Feature", "properties": {"id": "on-sunday-on-twp-55339207", "name": "DYSART", "listed_as": "Dysart, Dudley, Harcourt, Guilford, Harburn, Bruton, Havelock, Eyre and Clyde, United Townships of", "geographic_area": "Haliburton", "jurisdiction": "geographic_township", "sunday_gun": true, "basis": "reg663_part7"}, "geometry": {"type": "Polygon", "coordinates": [[[-78.4481, 45.1188], [-78.6149, 45.0729], [-78.5512, 44.964], [-78.396, 45.0071], [-78.4123, 45.0374], [-78.4481, 45.1188]]]}}, {"type": "Feature", "properties": {"id": "on-sunday-on-twp-67455422", "name": "DUDLEY", "listed_as": "Dysart, Dudley, Harcourt, Guilford, Harburn, Bruton, Havelock, Eyre and Clyde, United Townships of", "geographic_area": "Haliburton", "jurisdiction": "geographic_township", "sunday_gun": true, "basis": "reg663_part7"}, "geometry": {"type": "Polygon", "coordinates": [[[-78.396, 45.0071], [-78.2309, 45.0555], [-78.28, 45.1612], [-78.4481, 45.1188], [-78.41, 45.0326], [-78.396, 45.0071]]]}}, {"type": "Feature", "properties": {"id": "on-sunday-on-twp-67455427", "name": "HARCOURT", "listed_as": "Dysart, Dudley, Harcourt, Guilford, Harburn, Bruton, Havelock, Eyre and Clyde, United Townships of", "geographic_area": "Haliburton", "jurisdiction": "geographic_township", "sunday_gun": true, "basis": "reg663_part7"}, "geometry": {"type": "Polygon", "coordinates": [[[-78.2307, 45.0556], [-78.1934, 45.0676], [-78.0711, 45.1129], [-78.1191, 45.202], [-78.28, 45.1612], [-78.2307, 45.0556]]]}}, {"type": "Feature", "properties": {"id": "on-sunday-on-twp-55339216", "name": "GUILFORD", "listed_as": "Dysart, Dudley, Harcourt, Guilford, Harburn, Bruton, Havelock, Eyre and Clyde, United Townships of", "geographic_area": "Haliburton", "jurisdiction": "geographic_township", "sunday_gun": true, "basis": "reg663_part7"}, "geometry": {"type": "Polygon", "coordinates": [[[-78.4951, 45.2312], [-78.6757, 45.1864], [-78.6149, 45.0729], [-78.4481, 45.1188], [-78.4799, 45.1834], [-78.4951, 45.2312]]]}}, {"type": "Feature", "properties": {"id": "on-sunday-on-twp-67455438", "name": "HARBURN", "listed_as": "Dysart, Dudley, Harcourt, Guilford, Harburn, Bruton, Havelock, Eyre and Clyde, United Townships of", "geographic_area": "Haliburton", "jurisdiction": "geographic_township", "sunday_gun": true, "basis": "reg663_part7"}, "geometry": {"type": "Polygon", "coordinates": [[[-78.4481, 45.1188], [-78.28, 45.1612], [-78.3364, 45.2712], [-78.4951, 45.2312], [-78.4799, 45.1834], [-78.4481, 45.1188]]]}}, {"type": "Feature", "properties": {"id": "on-sunday-on-twp-67455429", "name": "BRUTON", "listed_as": "Dysart, Dudley, Harcourt, Guilford, Harburn, Bruton, Havelock, Eyre and Clyde, United Townships of", "geographic_area": "Haliburton", "jurisdiction": "geographic_township", "sunday_gun": true, "basis": "reg663_part7"}, "geometry": {"type": "Polygon", "coordinates": [[[-78.28, 45.1612], [-78.1191, 45.202], [-78.1777, 45.3105], [-78.3364, 45.2712], [-78.28, 45.1612]]]}}, {"type": "Feature", "properties": {"id": "on-sunday-on-twp-67455441", "name": "HAVELOCK", "listed_as": "Dysart, Dudley, Harcourt, Guilford, Harburn, Bruton, Havelock, Eyre and Clyde, United Townships of", "geographic_area": "Haliburton", "jurisdiction": "geographic_township", "sunday_gun": true, "basis": "reg663_part7"}, "geometry": {"type": "Polygon", "coordinates": [[[-78.6745, 45.1866], [-78.5022, 45.2295], [-78.5711, 45.3548], [-78.7405, 45.3104], [-78.6745, 45.1866]]]}}, {"type": "Feature", "properties": {"id": "on-sunday-on-twp-67455426", "name": "EYRE", "listed_as": "Dysart, Dudley, Harcourt, Guilford, Harburn, Bruton, Havelock, Eyre and Clyde, United Townships of", "geographic_area": "Haliburton", "jurisdiction": "geographic_township", "sunday_gun": true, "basis": "reg663_part7"}, "geometry": {"type": "Polygon", "coordinates": [[[-78.5711, 45.3548], [-78.5022, 45.2295], [-78.3364, 45.2712], [-78.4055, 45.3995], [-78.5711, 45.3548]]]}}, {"type": "Feature", "properties": {"id": "on-sunday-on-twp-67455423", "name": "CLYDE", "listed_as": "Dysart, Dudley, Harcourt, Guilford, Harburn, Bruton, Havelock, Eyre and Clyde, United Townships of", "geographic_area": "Haliburton", "jurisdiction": "geographic_township", "sunday_gun": true, "basis": "reg663_part7"}, "geometry": {"type": "Polygon", "coordinates": [[[-78.3362, 45.2713], [-78.1777, 45.3105], [-78.2479, 45.4413], [-78.4055, 45.3995], [-78.3362, 45.2713]]]}}, {"type": "Feature", "properties": {"id": "on-sunday-48034", "name": "Township of East Ferris", "listed_as": "East Ferris, Township of", "geographic_area": "Nipissing", "jurisdiction": "municipality", "sunday_gun": true, "basis": "reg663_part7"}, "geometry": {"type": "Polygon", "coordinates": [[[-79.2563, 46.3131], [-79.3207, 46.3122], [-79.3665, 46.3204], [-79.3854, 46.3176], [-79.3743, 46.3087], [-79.3414, 46.2486], [-79.3663, 46.242], [-79.319, 46.1565], [-79.176, 46.1944], [-79.2382, 46.3076], [-79.2563, 46.3131]]]}}, {"type": "Feature", "properties": {"id": "on-sunday-19054", "name": "Town of East Gwillimbury", "listed_as": "East Gwillimbury, Town of", "geographic_area": "York", "jurisdiction": "municipality", "sunday_gun": true, "basis": "reg663_part7"}, "geometry": {"type": "Polygon", "coordinates": [[[-79.2761, 44.1013], [-79.328, 44.2233], [-79.5179, 44.1815], [-79.514, 44.1765], [-79.5177, 44.1734], [-79.5162, 44.1658], [-79.5231, 44.1602], [-79.5258, 44.1529], [-79.5317, 44.1507], [-79.5098, 44.0635], [-79.4233, 44.0833], [-79.4211, 44.0682], [-79.2761, 44.1013]]]}}, {"type": "Feature", "properties": {"id": "on-sunday-32038", "name": "Township of East Zorra-Tavistock", "listed_as": "East Zorra-Tavistock, Township of", "geographic_area": "Oxford", "jurisdiction": "municipality", "sunday_gun": true, "basis": "reg663_part7"}, "geometry": {"type": "Polygon", "coordinates": [[[-80.734, 43.2533], [-80.7358, 43.3534], [-80.8239, 43.3248], [-80.8257, 43.328], [-80.8389, 43.3285], [-80.8389, 43.3236], [-80.8463, 43.3246], [-80.8465, 43.3177], [-80.901, 43.3011], [-80.8057, 43.1104], [-80.7955, 43.1116], [-80.7779, 43.1236], [-80.7902, 43.1525], [-80.7133, 43.1778], [-80.7121, 43.1722], [-80.7004, 43.1879], [-80.6937, 43.1895], [-80.6907, 43.1971], [-80.6909, 43.2061], [-80.6879, 43.2079], [-80.6936, 43.2121], [-80.6888, 43.2213], [-80.6987, 43.2323], [-80.7164, 43.2427], [-80.7235, 43.2395], [-80.7238, 43.2364], [-80.7307, 43.2351], [-80.7402, 43.2427], [-80.7309, 43.248], [-80.7389, 43.2507], [-80.734, 43.2533]]]}}, {"type": "Feature", "properties": {"id": "on-sunday-7003", "name": "Township of Edwardsburgh/Cardinal", "listed_as": "Edwardsburgh/Cardinal, Township of", "geographic_area": "Leeds and Grenville", "jurisdiction": "municipality", "sunday_gun": true, "basis": "reg663_part7"}, "geometry": {"type": "MultiPolygon", "coordinates": [[[[-75.4371, 44.7578], [-75.4351, 44.7588], [-75.4412, 44.7509], [-75.4371, 44.7578]]], [[[-75.4171, 44.7699], [-75.4186, 44.7735], [-75.4139, 44.7743], [-75.4171, 44.7699]]], [[[-75.417, 44.7768], [-75.4139, 44.7769], [-75.4052, 44.7752], [-75.417, 44.7768]]], [[[-75.3985, 44.7773], [-75.4031, 44.7759], [-75.38816911764705, 44.7832505882353], [-75.3985, 44.7773]]], [[[-75.3787, 44.7845], [-75.38563125, 44.7845], [-75.3836, 44.7855], [-75.3787, 44.7845]]], [[[-75.3638, 44.7981], [-75.3673, 44.7965], [-75.3607, 44.8005], [-75.3638, 44.7981]]]]}}, {"type": "Feature", "properties": {"id": "on-sunday-7011", "name": "Township of Elizabethtown-Kitley", "listed_as": "Elizabethtown-Kitley, Township of", "geographic_area": "Leeds and Grenville", "jurisdiction": "municipality", "sunday_gun": true, "basis": "reg663_part7"}, "geometry": {"type": "MultiPolygon", "coordinates": [[[[-75.7125, 44.5602], [-75.7153, 44.559], [-75.7162, 44.5572], [-75.7125, 44.5602]]], [[[-75.7335, 44.5476], [-75.7332, 44.5497], [-75.7351, 44.5485], [-75.7335, 44.5476]]], [[[-75.7224, 44.5516], [-75.724, 44.5511], [-75.7249, 44.5495], [-75.7224, 44.5516]]], [[[-75.7088, 44.5629], [-75.7107, 44.5623], [-75.7087, 44.5616], [-75.7088, 44.5629]]]]}}, {"type": "Feature", "properties": {"id": "on-sunday-38016", "name": "Township of Enniskillen", "listed_as": "Enniskillen, Township of", "geographic_area": "Lambton", "jurisdiction": "municipality", "sunday_gun": true, "basis": "reg663_part7"}, "geometry": {"type": "Polygon", "coordinates": [[[-82.006, 42.9288], [-82.2337, 42.9326], [-82.2401, 42.7622], [-82.0045, 42.7566], [-82.006, 42.9288]], [[-82.1234, 42.8998], [-82.1236, 42.8937], [-82.116, 42.8935], [-82.1167, 42.869], [-82.1356, 42.8694], [-82.1357, 42.8654], [-82.1543, 42.8699], [-82.1515, 42.8631], [-82.1589, 42.8662], [-82.1616, 42.8591], [-82.1616, 42.8701], [-82.1653, 42.8702], [-82.1607, 42.8946], [-82.146, 42.8942], [-82.1458, 42.9003], [-82.1234, 42.8998]], [[-82.1341, 42.7962], [-82.0967, 42.7954], [-82.0974, 42.7712], [-82.135, 42.772], [-82.1341, 42.7962]]]}}, {"type": "Feature", "properties": {"id": "on-sunday-43021", "name": "Township of Essa", "listed_as": "Essa, Township of", "geographic_area": "Simcoe", "jurisdiction": "municipality", "sunday_gun": true, "basis": "reg663_part7"}, "geometry": {"type": "Polygon", "coordinates": [[[-79.7232, 44.2753], [-79.7454, 44.3612], [-79.8521, 44.3385], [-79.8619, 44.3494], [-79.9025, 44.3402], [-79.8996, 44.3356], [-79.9028, 44.3374], [-79.905, 44.3345], [-79.9027, 44.3305], [-79.9098, 44.3265], [-79.8867, 44.3193], [-79.8831, 44.3052], [-79.8806, 44.3111], [-79.8757, 44.3091], [-79.8698, 44.2877], [-79.86, 44.2795], [-79.8574, 44.2703], [-79.8733, 44.2668], [-79.8692, 44.2509], [-79.9021, 44.2436], [-79.8829, 44.1681], [-79.8408, 44.1769], [-79.838, 44.1662], [-79.8306, 44.1678], [-79.8291, 44.1624], [-79.7213, 44.1857], [-79.724, 44.1962], [-79.7043, 44.2007], [-79.7201, 44.2634], [-79.7128, 44.265], [-79.7159, 44.2769], [-79.7232, 44.2753]]]}}, {"type": "Feature", "properties": {"id": "on-sunday-37020", "name": "Town of Essex", "listed_as": "Essex, Town of", "geographic_area": "Essex", "jurisdiction": "municipality", "sunday_gun": true, "basis": "reg663_part7"}, "geometry": {"type": "Polygon", "coordinates": [[[-82.8053, 42.1763], [-82.8064, 42.1789], [-82.8222, 42.1798], [-82.8317, 42.1845], [-82.8304, 42.1816], [-82.8353, 42.1783], [-82.9674, 42.1828], [-82.9752, 42.0581], [-82.9981, 42.0588], [-83.0008, 42.0178], [-82.9502, 41.9899], [-82.9236, 41.9807], [-82.8815, 41.9912], [-82.8261, 41.9972], [-82.814, 42.1629], [-82.8096, 42.1658], [-82.8018, 42.1637], [-82.8118, 42.1719], [-82.8053, 42.1763]]]}}, {"type": "Feature", "properties": {"id": "on-sunday-12058", "name": "Township of Faraday", "listed_as": "Faraday, Township of", "geographic_area": "Hastings", "jurisdiction": "municipality", "sunday_gun": true, "basis": "reg663_part7"}, "geometry": {"type": "Polygon", "coordinates": [[[-77.788, 44.951], [-77.7927, 44.9611], [-77.7914, 44.9654], [-77.8029, 44.9851], [-77.8015, 44.9917], [-77.8043, 44.9956], [-77.8034, 45.0005], [-77.7976, 45.0039], [-77.7992, 45.0125], [-77.7951, 45.0152], [-77.794, 45.0209], [-77.8079, 45.0281], [-77.8267, 45.0296], [-77.8358, 45.0458], [-77.8481, 45.0428], [-77.852, 45.0501], [-77.8823, 45.0429], [-77.9045, 45.0833], [-78.0361, 45.0479], [-78.0043, 44.9858], [-77.9579, 44.9056], [-77.788, 44.951]]]}}, {"type": "Feature", "properties": {"id": "on-sunday-26003", "name": "Town of Fort Erie", "listed_as": "Fort Erie, Town of", "geographic_area": "Niagara", "jurisdiction": "municipality", "sunday_gun": true, "basis": "reg663_part7"}, "geometry": {"type": "Polygon", "coordinates": [[[-79.1162524311939, 42.85940505614613], [-79.10124882531997, 42.845974154403486], [-79.09530842257418, 42.83558275279959], [-79.08765332075942, 42.842983354475564], [-79.09146022228252, 42.84678825498959], [-79.09513122325006, 42.8444135543973], [-79.09620502363619, 42.84496275444796], [-79.08990742191585, 42.848306855332645], [-79.09400942321379, 42.84826715514131], [-79.09399072383384, 42.855812956500124], [-79.0904304229266, 42.85849125714198], [-79.08801432199571, 42.856510256894026], [-79.09035152290404, 42.858521257150905], [-79.08424592121337, 42.86149005795931], [-79.06666961574015, 42.862738958973054], [-79.05807611270819, 42.85905895869644], [-79.04721741005548, 42.86862666090534], [-79.03494670662285, 42.87419776245815], [-79.00818599759027, 42.86770206248866], [-79.00330819633449, 42.87123726334348], [-79.00108659550301, 42.86971256316855], [-78.99859999528894, 42.87666146453058], [-78.99088009305754, 42.879313265353545], [-78.9708333866432, 42.878721166144466], [-78.97056318682787, 42.88198966674486], [-78.96400438494594, 42.8844168674752], [-78.95121588053239, 42.88015926728103], [-78.93185597471134, 42.884124368860434], [-78.9245774727885, 42.88883267003326], [-78.91578467122238, 42.90367517309732], [-78.9090724693887, 42.90728967404764], [-78.91356337281044, 42.93138737818101], [-78.93378208059772, 42.94780938022775], [-78.96878049196711, 42.95079087919514], [-78.97721999519821, 42.95740128000392], [-78.98040749695956, 42.9663993814766], [-79.0079470062484, 42.972861281399965], [-79.02426391224073, 42.98255218240553], [-79.02841511355786, 42.982530182214916], [-79.02905691249929, 42.96739037946944], [-79.12253724217587, 42.967250675235526], [-79.12253554183519, 42.963182274505854], [-79.11511713948451, 42.963237374850195], [-79.1162524311939, 42.85940505614613]]]}}, {"type": "Feature", "properties": {"id": "on-sunday-10002", "name": "Township of Frontenac Islands", "listed_as": "Frontenac Islands, Township of", "geographic_area": "Frontenac", "jurisdiction": "municipality", "sunday_gun": true, "basis": "reg663_part7"}, "geometry": {"type": "MultiPolygon", "coordinates": [[[[-76.4267, 44.2021], [-76.433, 44.1987], [-76.4341, 44.2019], [-76.4463, 44.2053], [-76.4242, 44.2159], [-76.4119, 44.2125], [-76.3968, 44.2152], [-76.3921, 44.2226], [-76.3937, 44.2259], [-76.4057, 44.2256], [-76.3979, 44.2324], [-76.3963, 44.2304], [-76.3902, 44.2328], [-76.3875, 44.2254], [-76.382, 44.2229], [-76.3751, 44.2285], [-76.3675, 44.2231], [-76.3597, 44.2306], [-76.3472, 44.2298], [-76.3342, 44.2375], [-76.3311, 44.2321], [-76.3235, 44.2345], [-76.3126, 44.2224], [-76.3063, 44.2212], [-76.3018, 44.2232], [-76.297, 44.2325], [-76.2807, 44.2336], [-76.2952, 44.2191], [-76.2891, 44.2157], [-76.2512, 44.2344], [-76.2345, 44.2337], [-76.2311, 44.2311], [-76.2334, 44.2245], [-76.2177, 44.2285], [-76.2123, 44.2333], [-76.1928, 44.2339], [-76.1914, 44.2376], [-76.1839, 44.2388], [-76.1797, 44.2331], [-76.1999, 44.2185], [-76.2338, 44.208], [-76.2539, 44.206], [-76.2564, 44.2094], [-76.262, 44.2054], [-76.2666, 44.2074], [-76.2661, 44.2123], [-76.2728, 44.2068], [-76.2923, 44.2078], [-76.3099, 44.2019], [-76.3137, 44.2071], [-76.3232, 44.2082], [-76.3273, 44.2047], [-76.3263, 44.2008], [-76.328, 44.1995], [-76.3302, 44.2029], [-76.3386, 44.2039], [-76.3422, 44.1999], [-76.352, 44.2013], [-76.3514, 44.2036], [-76.3635, 44.2017], [-76.3652, 44.1989], [-76.38467752627324, 44.19937421180275], [-76.3819, 44.1989], [-76.3842506596306, 44.19710712401056], [-76.3678, 44.1972], [-76.3653, 44.1927], [-76.3685, 44.1919], [-76.3593, 44.1861], [-76.36, 44.1801], [-76.336, 44.1843], [-76.3445, 44.173], [-76.358, 44.1665], [-76.3572, 44.1621], [-76.3777, 44.1499], [-76.3832, 44.1407], [-76.3793, 44.1392], [-76.3832, 44.1335], [-76.3754, 44.1395], [-76.3698, 44.1362], [-76.3585, 44.1424], [-76.3539, 44.1354], [-76.3764, 44.1339], [-76.3846, 44.1258], [-76.3984, 44.1191], [-76.4172, 44.1175], [-76.4189, 44.1093], [-76.4424, 44.0952], [-76.4353, 44.1021], [-76.4361, 44.1048], [-76.4451, 44.112], [-76.4583, 44.1169], [-76.4674, 44.1166], [-76.4804, 44.1055], [-76.4909, 44.1049], [-76.4607, 44.1223], [-76.4514, 44.138], [-76.4553, 44.1431], [-76.45372784810127, 44.14406075949367], [-76.4599, 44.1445], [-76.459, 44.1471], [-76.4711, 44.1386], [-76.4812, 44.1358], [-76.487, 44.1351], [-76.4904, 44.1402], [-76.5105, 44.134], [-76.5065, 44.1374], [-76.5116, 44.1404], [-76.5094, 44.1451], [-76.4981, 44.1567], [-76.5035, 44.16], [-76.5138, 44.1586], [-76.5052, 44.164], [-76.5064, 44.1673], [-76.466, 44.1871], [-76.4634, 44.1912], [-76.4571, 44.1893], [-76.4354, 44.1963], [-76.4303, 44.1952], [-76.41758019801979, 44.20118217821783], [-76.4267, 44.2021]], [[-76.3983, 44.2017], [-76.3857, 44.1993], [-76.38467752627324, 44.19937421180275], [-76.3983, 44.2017]], [[-76.38594630113143, 44.1958138381201], [-76.3871, 44.1918], [-76.382, 44.1942], [-76.38594630113143, 44.1958138381201]], [[-76.45353174603176, 44.14407301587301], [-76.4511, 44.143], [-76.4494, 44.1456], [-76.45353174603176, 44.14407301587301]]], [[[-76.262, 44.287], [-76.2547, 44.295], [-76.2531, 44.292], [-76.2508, 44.294], [-76.252, 44.2998], [-76.2435, 44.2983], [-76.2408, 44.3025], [-76.2279, 44.3013], [-76.2267, 44.2967], [-76.2251, 44.3014], [-76.2143, 44.3046], [-76.1951, 44.3014], [-76.2041, 44.2972], [-76.2058, 44.2894], [-76.2177, 44.2792], [-76.2294, 44.278], [-76.2335, 44.2729], [-76.2519, 44.264], [-76.2779, 44.2642], [-76.2828, 44.2552], [-76.2946, 44.2487], [-76.3071, 44.246], [-76.3256, 44.2504], [-76.3387, 44.2463], [-76.3466, 44.248], [-76.3396, 44.2548], [-76.3382, 44.2612], [-76.3554, 44.2514], [-76.3452, 44.2624], [-76.3365, 44.2656], [-76.3331, 44.2638], [-76.3273, 44.273], [-76.3081, 44.2788], [-76.2983, 44.2901], [-76.2808, 44.2991], [-76.2638, 44.3027], [-76.257, 44.2991], [-76.2625, 44.2971], [-76.2645, 44.2908], [-76.2813, 44.2781], [-76.2829, 44.2738], [-76.2778, 44.2797], [-76.2615, 44.2828], [-76.25903283582089, 44.28467164179105], [-76.262, 44.287]], [[-76.254, 44.285], [-76.2564, 44.2858], [-76.25826666666669, 44.285], [-76.254, 44.285]]]]}}, {"type": "Feature", "properties": {"id": "on-sunday-7017", "name": "Township of Front of Yonge", "listed_as": "Front of Yonge, Township of", "geographic_area": "Leeds and Grenville", "jurisdiction": "municipality", "sunday_gun": true, "basis": "reg663_part7"}, "geometry": {"type": "MultiPolygon", "coordinates": [[[[-75.84234630396442, 44.43110397733878], [-75.84678460578945, 44.43568087795862], [-75.8522703073491, 44.43271417721028], [-75.85562550796557, 44.42672017601853], [-75.8548745075955, 44.42518617578024], [-75.85577380772204, 44.423099875376465], [-75.85632240829617, 44.427984176211645], [-75.86220950973146, 44.421849274890036], [-75.85735630764799, 44.41575097401992], [-75.84752570448705, 44.41652627456343], [-75.84552500430414, 44.42239277567691], [-75.83970360243771, 44.422921876010996], [-75.83896390241559, 44.425655176521836], [-75.84378040381144, 44.423378175922345], [-75.84492600462227, 44.42877127682218], [-75.84234630396442, 44.43110397733878]]], [[[-75.84189190401476, 44.433574177791364], [-75.8430864044843, 44.43453787791113], [-75.84347220451832, 44.433391577693875], [-75.84189190401476, 44.433574177791364]]], [[[-75.83683140258681, 44.43644717850559], [-75.84090980389446, 44.4360752782713], [-75.84062320367131, 44.43447487800217], [-75.83683140258681, 44.43644717850559]]]]}}, {"type": "Feature", "properties": {"id": "on-sunday-15041", "name": "Municipality of Trent Lakes", "listed_as": "Galway-Cavendish and Harvey, Township of", "geographic_area": "Peterborough", "jurisdiction": "municipality", "sunday_gun": true, "basis": "reg663_part7"}, "geometry": {"type": "Polygon", "coordinates": [[[-78.20919768644154, 44.55687479632725], [-78.20719608616837, 44.561092397145835], [-78.2748672210204, 44.705205118853506], [-78.24961551340523, 44.71163832111397], [-78.25381761559086, 44.72076622248833], [-78.24908341419592, 44.72233872297493], [-78.25298191611839, 44.72963252404801], [-78.25771641751342, 44.72806012356138], [-78.26749902225552, 44.745432526092955], [-78.26242422071194, 44.746582826522776], [-78.266437322654, 44.75366512755314], [-78.27123542406405, 44.75203072705299], [-78.33257635466727, 44.869784044381355], [-78.65503945235065, 44.79386161648188], [-78.54394909426786, 44.55062977992093], [-78.5294510898971, 44.55416888119793], [-78.51822848423679, 44.531608377829535], [-78.50720517711801, 44.49202627151347], [-78.49257237119495, 44.478723269890374], [-78.48937866918921, 44.46785066816041], [-78.4758676653579, 44.47385116981603], [-78.45367755831138, 44.475290971082], [-78.44146005369983, 44.46789697036517], [-78.42255204748916, 44.46682267104545], [-78.42067364642921, 44.46175257025573], [-78.41156024307719, 44.45721476988881], [-78.41048004242477, 44.45381516935083], [-78.38676193524267, 44.45930057138303], [-78.38108963319992, 44.456965771238835], [-78.38080903534386, 44.48203627558223], [-78.36737853391007, 44.51466148182747], [-78.36786303511661, 44.52640728383142], [-78.35514413146913, 44.531664785319876], [-78.35479023189139, 44.537670186371685], [-78.34726563004911, 44.54431338786118], [-78.34780553081174, 44.550885388969405], [-78.3433318298593, 44.55643259013007], [-78.31583102124283, 44.559681691947475], [-78.28076680978629, 44.55859039336084], [-78.26793860452369, 44.546189291807686], [-78.24587489756644, 44.54833359318343], [-78.23826319566692, 44.554694394627404], [-78.23270159378815, 44.55383609473276], [-78.20919768644154, 44.55687479632725]], [[-78.22392789123434, 44.55708549569289], [-78.22020458998657, 44.55662399578283], [-78.22540819165293, 44.55639879550701], [-78.22392789123434, 44.55708549569289]], [[-78.27408510748899, 44.557106093409836], [-78.2724218068405, 44.55587749327391], [-78.27407730746164, 44.55682779336223], [-78.27408510748899, 44.557106093409836]], [[-78.22646859210873, 44.55765779567585], [-78.22236359086267, 44.55860379602598], [-78.2207920902592, 44.55754709591532], [-78.22646859210873, 44.55765779567585]], [[-78.22356929135714, 44.559767596171774], [-78.2274758926011, 44.559519195951], [-78.2276206927038, 44.56014509605233], [-78.22356929135714, 44.559767596171774]], [[-78.38170193594428, 44.48552807614432], [-78.38035143556141, 44.48613437631078], [-78.3816101358291, 44.48457017598311], [-78.38170193594428, 44.48552807614432]], [[-78.40586494324906, 44.479787474047875], [-78.39637364034414, 44.481640974802175], [-78.39229943875407, 44.47859247446211], [-78.39130743797676, 44.47347647362401], [-78.39567363865385, 44.46523147200026], [-78.38968993670687, 44.46510277225161], [-78.38499293478951, 44.46063677169475], [-78.40536214090393, 44.455321769845234], [-78.40291864043733, 44.4589527705843], [-78.41106044310091, 44.45929327027072], [-78.40447224128518, 44.462825971182355], [-78.40978644316657, 44.46464927125422], [-78.40769564252946, 44.46508747142558], [-78.41208264425715, 44.46854847182261], [-78.40893544335962, 44.46989777219966], [-78.41377664511351, 44.47200477234201], [-78.40484204253647, 44.47551127335632], [-78.40586494324906, 44.479787474047875]], [[-78.38308363416209, 44.46052627176293], [-78.38313633431696, 44.46207327202776], [-78.38241163410054, 44.46227497209577], [-78.38308363416209, 44.46052627176293]], [[-78.2574754016864, 44.55238629335361], [-78.25490410078662, 44.55163879334195], [-78.25790260177281, 44.551803093233566], [-78.2574754016864, 44.55238629335361]]]}}, {"type": "Feature", "properties": {"id": "on-sunday-42055", "name": "Township of Georgian Bluffs", "listed_as": "Georgian Bluffs, Township of", "geographic_area": "Grey", "jurisdiction": "municipality", "sunday_gun": true, "basis": "reg663_part7"}, "geometry": {"type": "Polygon", "coordinates": [[[-80.9441, 44.5942], [-80.9435, 44.6096], [-80.9464, 44.6145], [-80.9398, 44.6198], [-80.9257, 44.6588], [-80.9174, 44.6698], [-80.9166, 44.6848], [-80.9098, 44.6966], [-80.9069, 44.6967], [-80.9114, 44.7053], [-80.9019, 44.7134], [-80.8881, 44.7368], [-80.8896, 44.7699], [-80.8983, 44.7862], [-80.907, 44.7951], [-80.9227, 44.7992], [-80.9344, 44.7939], [-80.9479, 44.7927], [-80.9789, 44.8075], [-80.9921, 44.8092], [-81.0084, 44.8059], [-81.0814, 44.7799], [-81.1237, 44.7449], [-81.1157, 44.7366], [-81.1404, 44.7356], [-81.1342, 44.6467], [-81.1225, 44.6414], [-81.129, 44.6341], [-81.1274, 44.6246], [-81.1326, 44.6245], [-81.1271, 44.5449], [-81.106, 44.4529], [-80.907, 44.4746], [-80.9241, 44.5509], [-80.9367, 44.5495], [-80.9341, 44.5415], [-80.9392, 44.5409], [-80.9405, 44.5465], [-80.9578, 44.5471], [-80.9637, 44.5732], [-80.958, 44.5753], [-80.9517, 44.5955], [-80.9441, 44.5942]]]}}, {"type": "Feature", "properties": {"id": "on-sunday-19070", "name": "Town of Georgina", "listed_as": "Georgina, Town of", "geographic_area": "York", "jurisdiction": "municipality", "sunday_gun": true, "basis": "reg663_part7"}, "geometry": {"type": "Polygon", "coordinates": [[[-79.30653802150496, 44.34580350912975], [-79.3069320217745, 44.34736680938048], [-79.30719202190942, 44.3479289094651], [-79.30687692165303, 44.34623180918759], [-79.30653802150496, 44.34580350912975]]]}}, {"type": "Feature", "properties": {"id": "on-sunday-22005", "name": "Town of Grand Valley", "listed_as": "Grand Valley, Town of", "geographic_area": "Dufferin", "jurisdiction": "municipality", "sunday_gun": true, "basis": "reg663_part7"}, "geometry": {"type": "Polygon", "coordinates": [[[-80.2961, 43.8775], [-80.3361, 44.0476], [-80.4384, 44.026], [-80.3987, 43.8561], [-80.2961, 43.8775]]]}}, {"type": "Feature", "properties": {"id": "on-sunday-44002", "name": "Town of Gravenhurst", "listed_as": "Gravenhurst, Town of", "geographic_area": "Muskoka", "jurisdiction": "municipality", "sunday_gun": true, "basis": "reg663_part7"}, "geometry": {"type": "MultiPolygon", "coordinates": [[[[-79.48373632549615, 44.85002558687229], [-79.4848265253831, 44.84512458598915], [-79.47605702269294, 44.84658338665714], [-79.47784512343749, 44.848353786871506], [-79.48373632549615, 44.85002558687229]]], [[[-79.45442421542568, 44.84352878717651], [-79.45685101621761, 44.843624787076436], [-79.45703701624628, 44.84329418701148], [-79.45442421542568, 44.84352878717651]]]]}}, {"type": "Feature", "properties": {"id": "on-sunday-11010", "name": "Town of Greater Napanee", "listed_as": "Greater Napanee, Town of", "geographic_area": "Lennox and Addington", "jurisdiction": "municipality", "sunday_gun": true, "basis": "reg663_part7"}, "geometry": {"type": "MultiPolygon", "coordinates": [[[[-77.01565946188238, 44.124201973798975], [-77.0166441624401, 44.12706577426055], [-77.01850476285732, 44.12480907378324], [-77.01791116261896, 44.12426137371244], [-77.01565946188238, 44.124201973798975]]], [[[-77.06196457116263, 44.05474385956998], [-77.05470226902233, 44.05736856034548], [-77.05351866870393, 44.058164060536676], [-77.06196457116263, 44.05474385956998]]], [[[-76.99837765068779, 44.056819362671604], [-76.99686225036822, 44.058907563104974], [-76.99994755125121, 44.0574671627184], [-76.99837765068779, 44.056819362671604]]], [[[-76.91867173282739, 44.15402528321807], [-76.91737243237607, 44.153678183212804], [-76.91752663250055, 44.15457578336415], [-76.91867173282739, 44.15402528321807]]], [[[-76.91471873150631, 44.15359678331244], [-76.91579113187892, 44.153884783317075], [-76.91668903216525, 44.15381578326636], [-76.91471873150631, 44.15359678331244]]], [[[-76.91174823081134, 44.15686958401579], [-76.91101183054379, 44.15653078398778], [-76.9082483297741, 44.15808948438071], [-76.91174823081134, 44.15686958401579]]], [[[-76.9069515307456, 44.17490188739353], [-76.90781833126152, 44.17772348785247], [-76.90832613122075, 44.17523928739381], [-76.9069515307456, 44.17490188739353]]], [[[-77.00470596430188, 44.196105486912806], [-77.00316436379534, 44.19604258696823], [-77.00387016412884, 44.19729058715702], [-77.00470596430188, 44.196105486912806]]]]}}, {"type": "Feature", "properties": {"id": "on-sunday-26065", "name": "Town of Grimsby", "listed_as": "Grimsby, Town of", "geographic_area": "Niagara", "jurisdiction": "municipality", "sunday_gun": true, "basis": "reg663_part7"}, "geometry": {"type": "Polygon", "coordinates": [[[-79.5131, 43.1952], [-79.5348, 43.1963], [-79.5514, 43.2047], [-79.5524, 43.201], [-79.5518, 43.2047], [-79.5614, 43.2069], [-79.5821, 43.2051], [-79.6027, 43.2137], [-79.62, 43.2267], [-79.6496, 43.1631], [-79.5119, 43.1326], [-79.5131, 43.1952]]]}}, {"type": "Feature", "properties": {"id": "on-sunday-23005", "name": "Township of Guelph/Eramosa", "listed_as": "Guelph/Eramosa, Township of", "geographic_area": "Wellington", "jurisdiction": "municipality", "sunday_gun": true, "basis": "reg663_part7"}, "geometry": {"type": "Polygon", "coordinates": [[[-80.0858, 43.6291], [-80.223, 43.7254], [-80.2821, 43.6732], [-80.2868, 43.6671], [-80.2815, 43.6634], [-80.2862, 43.6591], [-80.297, 43.6553], [-80.3487, 43.6184], [-80.3553, 43.6232], [-80.41, 43.5831], [-80.3831, 43.5636], [-80.3672, 43.5691], [-80.3737, 43.5326], [-80.3028, 43.4687], [-80.2548, 43.5064], [-80.2638, 43.5161], [-80.2627, 43.5233], [-80.2728, 43.5124], [-80.2774, 43.5116], [-80.2953, 43.5246], [-80.3073, 43.52], [-80.3269, 43.5345], [-80.2945, 43.5634], [-80.2885, 43.5624], [-80.2726, 43.5723], [-80.2758, 43.5761], [-80.2757, 43.5834], [-80.2696, 43.5938], [-80.2441, 43.5768], [-80.2334, 43.5846], [-80.2286, 43.5811], [-80.2249, 43.5837], [-80.195, 43.5624], [-80.1961, 43.5591], [-80.1887, 43.5537], [-80.1697, 43.5677], [-80.1611, 43.5616], [-80.1508, 43.571], [-80.1443, 43.5665], [-80.1286, 43.5814], [-80.1343, 43.5855], [-80.0858, 43.6291]]]}}, {"type": "Feature", "properties": {"id": "on-sunday-14019", "name": "Township of Hamilton", "listed_as": "Hamilton, Township of", "geographic_area": "Northumberland", "jurisdiction": "municipality", "sunday_gun": true, "basis": "reg663_part7"}, "geometry": {"type": "MultiPolygon", "coordinates": [[[[-78.2538, 43.9535], [-78.2635, 43.951], [-78.1123, 43.6318], [-78.0629, 43.6318], [-78.2085, 43.953], [-78.2149, 43.9507], [-78.2538, 43.9535]]], [[[-78.0882, 43.9678], [-78.1209, 43.9569], [-77.9761, 43.6318], [-77.9284, 43.6318], [-78.0821, 43.9672], [-78.0882, 43.9678]]]]}}, {"type": "Feature", "properties": {"id": "on-sunday-25005", "name": "City of Hamilton", "listed_as": "Hamilton, Township of", "geographic_area": "Northumberland", "jurisdiction": "municipality", "sunday_gun": true, "basis": "reg663_part7"}, "geometry": {"type": "Polygon", "coordinates": [[[-79.62229412275285, 43.225747098543735], [-79.58213581808178, 43.31904351693644], [-79.72840476007238, 43.26801300112401], [-79.79108698289474, 43.30181750419369], [-79.8016625858227, 43.29694030283875], [-79.80436448694832, 43.30002130325786], [-79.80019238587306, 43.30285880395393], [-79.80467538796871, 43.310577905110065], [-79.81219259059458, 43.313348805249746], [-79.84840240096928, 43.30069850132542], [-79.86822110600095, 43.28639879787263], [-79.87429070795805, 43.28678319765741], [-79.88329301026035, 43.28048719612395], [-79.8816521100429, 43.28394699681239], [-79.88622061151013, 43.28417159663888], [-79.88724881228492, 43.28930509749858], [-79.8807605102493, 43.28953899784277], [-79.88666221231048, 43.29172159795321], [-79.89010931235822, 43.27977909568064], [-79.89713111507498, 43.285402996347294], [-79.89872081528148, 43.282005395672336], [-79.90785771797677, 43.2797246948424], [-79.9070896175122, 43.27719619443116], [-79.92347302249527, 43.27483009324754], [-79.93631552600156, 43.268412991512754], [-79.92536982285735, 43.27210149267646], [-79.92635392311554, 43.27148949252221], [-79.92703962304888, 43.268245191916485], [-79.93085852414106, 43.266903291500746], [-79.9290193235752, 43.26709339162029], [-79.92664772291188, 43.26809759190864], [-79.92588342297874, 43.27162919256892], [-79.9158397200418, 43.274424793532475], [-79.92143952160839, 43.27205569285195], [-79.91938502081808, 43.270460592665785], [-79.9226034215834, 43.267555392001675], [-79.90144381543065, 43.27384649410237], [-79.90345471581743, 43.27098419350225], [-79.89671871413671, 43.27616919473377], [-79.89327561271313, 43.272362794221216], [-79.89454441234427, 43.26354179260156], [-79.89402941210987, 43.26272629248133], [-79.89292941254962, 43.27174729412852], [-79.89337791332106, 43.27894629538077], [-79.88971631222708, 43.279703095685555], [-79.88402840974793, 43.271957894581085], [-79.87186750565226, 43.26918209465724], [-79.8768546074247, 43.2713832948141], [-79.87410720661003, 43.272022595055326], [-79.8757692072608, 43.27344369522915], [-79.86943800495033, 43.26995949490808], [-79.86745850470827, 43.27437019578067], [-79.86010350242468, 43.27490939621897], [-79.86148470314586, 43.27815589672887], [-79.84985069923017, 43.27553599680771], [-79.85167109942275, 43.271133095943895], [-79.84912629898817, 43.27539379681635], [-79.84512509764426, 43.27452509684908], [-79.84650839778443, 43.27110809618004], [-79.84435209738444, 43.27435509685501], [-79.84140659639488, 43.27371289687866], [-79.84275079653295, 43.270412896232095], [-79.84035139603989, 43.2734771968861], [-79.83323849345797, 43.26972189655288], [-79.82602669252695, 43.28525189963658], [-79.804675785332, 43.28036289976572], [-79.80806578568841, 43.272123798149856], [-79.80999168633788, 43.27257089813938], [-79.81134178667998, 43.27158539790211], [-79.8113215867646, 43.272629798087905], [-79.81195368683758, 43.27116869779985], [-79.8124532871322, 43.272731598053234], [-79.81254178709362, 43.27196719791385], [-79.81185998678664, 43.270924697761096], [-79.80798618563361, 43.27178449809354], [-79.80855548574787, 43.271025097932586], [-79.81091698602073, 43.26556599685643], [-79.80989838585072, 43.267320197214374], [-79.81196028609267, 43.26259619628219], [-79.80328578487945, 43.2802267998063], [-79.798774283343, 43.27900869980071], [-79.80054848351783, 43.27456129893108], [-79.79670638262111, 43.27824889976245], [-79.8014043831152, 43.26682619752212], [-79.79777888225048, 43.27009289826902], [-79.80075838249572, 43.26206499670925], [-79.79766598211498, 43.26894819807164], [-79.79756308248312, 43.27354819889066], [-79.79461318167778, 43.275038999291745], [-79.79376028098302, 43.27016749846914], [-79.7921907807766, 43.273509999133786], [-79.78669207866983, 43.26933639865072], [-79.78919527891767, 43.26306869742469], [-79.78568627833039, 43.26910049865572], [-79.78158977694788, 43.2681384986759], [-79.78497487782431, 43.265878298118345], [-79.78222427663549, 43.26223809760169], [-79.77366177391764, 43.26220079799306], [-79.79275648155908, 43.28043130033241], [-79.79413308228324, 43.283732400852564], [-79.79046038122608, 43.28496330124124], [-79.79884178492176, 43.296865702956865], [-79.79042298262625, 43.30115310410708], [-79.79418408354663, 43.29803230338001], [-79.7803514773273, 43.2770037003028], [-79.76193546969, 43.256337397499394], [-79.7490221648037, 43.24722119648394], [-79.73244475941765, 43.24572329698769], [-79.70673755039, 43.23562059638867], [-79.68215814245401, 43.23398929723774], [-79.6570833335818, 43.223360396512504], [-79.6285843249937, 43.228586998757116], [-79.62287612297152, 43.2261410985868], [-79.62678222401173, 43.223838197997694], [-79.62229412275285, 43.225747098543735]]]}}, {"type": "Feature", "properties": {"id": "on-sunday-12073", "name": "Municipality of Hastings Highlands", "listed_as": "Hastings Highlands, Municipality of", "geographic_area": "Hastings", "jurisdiction": "municipality", "sunday_gun": true, "basis": "reg663_part7"}, "geometry": {"type": "Polygon", "coordinates": [[[-77.6236, 45.3154], [-77.6899, 45.4381], [-77.9683, 45.3627], [-78.1776, 45.3104], [-78.0361, 45.0479], [-77.7067, 45.1363], [-77.7792, 45.2739], [-77.6236, 45.3154]]]}}, {"type": "Feature", "properties": {"id": "on-sunday-on-twp-66670180", "name": "HARRISON", "listed_as": "Harrison, Geographic Township of, except that part in The Archipelago, Township of", "geographic_area": "Parry Sound", "jurisdiction": "geographic_township", "sunday_gun": true, "basis": "reg663_part7", "exception": "except that part in The Archipelago, Township of"}, "geometry": {"type": "MultiPolygon", "coordinates": [[[[-80.3852, 45.5573], [-80.3661, 45.5598], [-80.3648, 45.5595], [-80.3865, 45.5538], [-80.3852, 45.5573]]], [[[-80.3601, 45.5611], [-80.3585, 45.5612], [-80.3604, 45.5607], [-80.3601, 45.5611]]], [[[-80.5159, 45.569], [-80.51593784333673, 45.568798168870806], [-80.5173, 45.5684], [-80.5159, 45.569]]], [[[-80.4031, 45.5765], [-80.4046, 45.5737], [-80.4073, 45.575], [-80.4113, 45.5741], [-80.4202, 45.5791], [-80.4159, 45.5793], [-80.4152, 45.5822], [-80.409, 45.5856], [-80.4069, 45.5848], [-80.4072, 45.5835], [-80.4045, 45.5834], [-80.4055, 45.5799], [-80.40088163265305, 45.58019478940512], [-80.3976, 45.5755], [-80.4019, 45.5732], [-80.4031, 45.5765]]], [[[-80.4015, 45.5808], [-80.4012, 45.5838], [-80.3971, 45.5883], [-80.3944, 45.5884], [-80.3963, 45.5831], [-80.3942, 45.5832], [-80.393, 45.5877], [-80.3915, 45.5882], [-80.3935, 45.5928], [-80.3861, 45.5944], [-80.3792, 45.5929], [-80.3788, 45.5952], [-80.376, 45.5962], [-80.3949, 45.5944], [-80.395, 45.5964], [-80.3925, 45.5977], [-80.3963, 45.5973], [-80.3953, 45.5992], [-80.4002, 45.6024], [-80.4003, 45.6054], [-80.397, 45.6068], [-80.4051, 45.6094], [-80.4065, 45.6066], [-80.4102, 45.6096], [-80.4117, 45.6089], [-80.4104, 45.6107], [-80.4141, 45.6131], [-80.4141, 45.616], [-80.4174, 45.6153], [-80.4177, 45.6134], [-80.4235, 45.6132], [-80.4258, 45.616], [-80.4245, 45.617], [-80.4255, 45.6187], [-80.4194, 45.6218], [-80.4156, 45.6218], [-80.4181, 45.6231], [-80.4158, 45.6247], [-80.433, 45.6188], [-80.4381, 45.6179], [-80.4443, 45.6193], [-80.4476, 45.6163], [-80.455, 45.6151], [-80.4479, 45.6152], [-80.4442, 45.6123], [-80.4457, 45.6108], [-80.4446, 45.6103], [-80.4381, 45.6112], [-80.4367, 45.6084], [-80.4337, 45.6089], [-80.4341, 45.6061], [-80.4314, 45.6046], [-80.4294, 45.6097], [-80.4212, 45.6015], [-80.4155, 45.6047], [-80.4151, 45.6021], [-80.4105, 45.6003], [-80.4093, 45.5981], [-80.4105, 45.5974], [-80.4074, 45.5956], [-80.4153, 45.5918], [-80.409, 45.5916], [-80.4101, 45.5873], [-80.4246, 45.5783], [-80.4285, 45.5797], [-80.4377, 45.5777], [-80.4384, 45.579], [-80.4409, 45.5782], [-80.4417, 45.5755], [-80.4458, 45.5762], [-80.4462, 45.5744], [-80.4584, 45.5753], [-80.4592, 45.5742], [-80.4563, 45.5738], [-80.4574, 45.5724], [-80.4659, 45.5698], [-80.4712, 45.5708], [-80.476, 45.5676], [-80.4786, 45.5683], [-80.4806, 45.5654], [-80.482, 45.5656], [-80.4816, 45.5643], [-80.4896, 45.56], [-80.4936, 45.5599], [-80.4932, 45.5615], [-80.4957, 45.5616], [-80.4949, 45.5593], [-80.5047, 45.5593], [-80.5033, 45.5606], [-80.5055, 45.5605], [-80.5053, 45.5617], [-80.4973, 45.5643], [-80.4984, 45.5648], [-80.4962, 45.566], [-80.5024, 45.5638], [-80.5015, 45.565], [-80.5064, 45.5653], [-80.5049, 45.5662], [-80.5086, 45.5653], [-80.5065, 45.5664], [-80.5094, 45.5665], [-80.4954, 45.5765], [-80.511, 45.5673], [-80.5147, 45.5666], [-80.51593784333673, 45.568798168870806], [-80.5108, 45.5703], [-80.5119, 45.5726], [-80.5077, 45.5732], [-80.5096, 45.5739], [-80.5068, 45.5773], [-80.5052, 45.5752], [-80.5075, 45.5738], [-80.5043, 45.574], [-80.5034, 45.5754], [-80.5057, 45.5773], [-80.504, 45.5789], [-80.5027, 45.5777], [-80.5027, 45.5791], [-80.4997, 45.5802], [-80.4902, 45.5815], [-80.4967, 45.5809], [-80.4962, 45.5826], [-80.4982, 45.5832], [-80.5024, 45.5815], [-80.5043, 45.5825], [-80.5009, 45.5839], [-80.5017, 45.5852], [-80.4996, 45.5878], [-80.4789, 45.595], [-80.4822, 45.5955], [-80.4919, 45.5907], [-80.4945, 45.59], [-80.4922, 45.5918], [-80.4936, 45.5919], [-80.4964, 45.5907], [-80.4914, 45.5962], [-80.4921, 45.5971], [-80.4845, 45.6011], [-80.4858, 45.603], [-80.4791, 45.6076], [-80.4824, 45.6057], [-80.4887, 45.6051], [-80.4885, 45.6036], [-80.4923, 45.6048], [-80.4939, 45.602], [-80.4904, 45.6019], [-80.4916, 45.6], [-80.4967, 45.5977], [-80.4984, 45.5995], [-80.4994, 45.5968], [-80.5033, 45.5959], [-80.5018, 45.5941], [-80.506, 45.5922], [-80.5055, 45.5892], [-80.5082, 45.5876], [-80.5134, 45.5857], [-80.5137, 45.5874], [-80.5113, 45.5895], [-80.5144, 45.5875], [-80.5146, 45.5893], [-80.5227, 45.5843], [-80.5175, 45.5898], [-80.5068, 45.5944], [-80.5082, 45.5953], [-80.5256, 45.5875], [-80.5258, 45.5961], [-80.5208, 45.5974], [-80.5206, 45.5949], [-80.5201, 45.5975], [-80.5108, 45.5977], [-80.5071, 45.5994], [-80.5229, 45.5983], [-80.5208, 45.6021], [-80.5259125, 45.60044375], [-80.5253, 45.599], [-80.5288, 45.5982], [-80.5263, 45.5996], [-80.5294, 45.5985], [-80.5297, 45.5996], [-80.5303, 45.5982], [-80.5296, 45.6001], [-80.5309, 45.6018], [-80.5268, 45.6025], [-80.5276, 45.6032], [-80.5254, 45.6045], [-80.5275, 45.6034], [-80.5274, 45.6054], [-80.52, 45.6055], [-80.5199, 45.6082], [-80.518, 45.6082], [-80.518, 45.6098], [-80.5125, 45.6115], [-80.5153, 45.6147], [-80.5116, 45.6156], [-80.5095, 45.6179], [-80.5109, 45.6182], [-80.5101, 45.6195], [-80.4915, 45.6172], [-80.49, 45.6176], [-80.4997, 45.6193], [-80.4994, 45.6214], [-80.5052, 45.6211], [-80.4912, 45.6233], [-80.5137, 45.6231], [-80.5096, 45.6248], [-80.516, 45.6258], [-80.5142, 45.6272], [-80.529, 45.6255], [-80.5276, 45.6278], [-80.5295, 45.6278], [-80.5304, 45.6308], [-80.5344, 45.6312], [-80.532, 45.6306], [-80.5341, 45.6298], [-80.5373, 45.6328], [-80.5337, 45.6337], [-80.5345, 45.6348], [-80.5323, 45.636], [-80.534, 45.6375], [-80.5339, 45.6401], [-80.5403, 45.6435], [-80.5327, 45.6497], [-80.5334, 45.6527], [-80.5349, 45.6527], [-80.5061, 45.6602], [-80.506, 45.6521], [-80.4647, 45.6689], [-80.4648, 45.6717], [-80.2963, 45.7153], [-80.2311, 45.5952], [-80.3506, 45.5633], [-80.3604, 45.5635], [-80.3601, 45.5659], [-80.3691, 45.5687], [-80.3696, 45.5676], [-80.3662, 45.5662], [-80.3667, 45.5648], [-80.3631, 45.5632], [-80.3661, 45.5626], [-80.3651, 45.5607], [-80.3826, 45.5589], [-80.3883, 45.5591], [-80.3898, 45.5609], [-80.3879, 45.5608], [-80.387, 45.5642], [-80.3833, 45.5652], [-80.3864, 45.5655], [-80.3855, 45.5677], [-80.3883, 45.567], [-80.3871, 45.5684], [-80.3895, 45.5698], [-80.3879, 45.5707], [-80.382, 45.5691], [-80.3823, 45.5722], [-80.3839, 45.5706], [-80.3883, 45.5717], [-80.3862, 45.574], [-80.3901, 45.5716], [-80.3936, 45.572], [-80.3917, 45.5751], [-80.3991, 45.571], [-80.4002, 45.572], [-80.3968, 45.5762], [-80.4015, 45.5808]], [[-80.5267, 45.6023], [-80.526, 45.6004], [-80.5259125, 45.60044375], [-80.5267, 45.6023]]]]}}, {"type": "Feature", "properties": {"id": "on-sunday-15030", "name": "Township of Havelock-Belmont-Methuen", "listed_as": "Havelock-Belmont-Methuen, Township of", "geographic_area": "Peterborough", "jurisdiction": "municipality", "sunday_gun": true, "basis": "reg663_part7"}, "geometry": {"type": "Polygon", "coordinates": [[[-77.7274, 44.4366], [-77.8352, 44.6423], [-77.8589, 44.7069], [-77.8878, 44.7693], [-77.9604, 44.7513], [-77.9932, 44.7353], [-78.0553, 44.7257], [-78.064, 44.7289], [-78.0706, 44.7273], [-78.0112, 44.6071], [-78.0043, 44.5737], [-77.9131, 44.3894], [-77.8073, 44.4108], [-77.7274, 44.4366]]]}}, {"type": "Feature", "properties": {"id": "on-sunday-46002", "name": "Municipality of Highlands East", "listed_as": "Highlands East, Municipality of", "geographic_area": "Haliburton", "jurisdiction": "municipality", "sunday_gun": true, "basis": "reg663_part7"}, "geometry": {"type": "Polygon", "coordinates": [[[-78.0043, 44.9858], [-78.0711, 45.1129], [-78.2516, 45.0491], [-78.5512, 44.964], [-78.4831, 44.8349], [-78.1399, 44.9137], [-78.1193, 44.8748], [-77.9612, 44.9115], [-78.0043, 44.9858]]]}}, {"type": "Feature", "properties": {"id": "on-sunday-40046", "name": "Township of Howick", "listed_as": "Howick, Township of", "geographic_area": "Huron", "jurisdiction": "municipality", "sunday_gun": true, "basis": "reg663_part7"}, "geometry": {"type": "Polygon", "coordinates": [[[-80.9544, 43.8221], [-80.9916, 43.9864], [-81.1865, 43.9587], [-81.1511, 43.8332], [-81.1636, 43.8174], [-81.0974, 43.7905], [-81.0849, 43.8065], [-80.9544, 43.8221]]]}}, {"type": "Feature", "properties": {"id": "on-sunday-44042", "name": "Town of Huntsville", "listed_as": "Huntsville, Town of", "geographic_area": "Muskoka", "jurisdiction": "municipality", "sunday_gun": true, "basis": "reg663_part7"}, "geometry": {"type": "Polygon", "coordinates": [[[-79.3732, 45.1415], [-79.1074, 45.2098], [-79.1098, 45.2113], [-79.1077, 45.2136], [-79.0986, 45.2168], [-79.0766, 45.2157], [-79.0551, 45.224], [-79.1225, 45.3431], [-79.1066, 45.3475], [-79.1726, 45.4698], [-79.5016, 45.3808], [-79.3732, 45.1415]]]}}, {"type": "Feature", "properties": {"id": "on-sunday-40015", "name": "Municipality of Huron East", "listed_as": "Huron East, Municipality of", "geographic_area": "Huron", "jurisdiction": "municipality", "sunday_gun": true, "basis": "reg663_part7"}, "geometry": {"type": "Polygon", "coordinates": [[[-81.0312, 43.7635], [-81.1856, 43.8263], [-81.2453, 43.75], [-81.2497, 43.7518], [-81.2521, 43.7488], [-81.2556, 43.7517], [-81.2531, 43.7476], [-81.2588, 43.7402], [-81.2544, 43.7384], [-81.3021, 43.6774], [-81.3362, 43.6913], [-81.4369, 43.5725], [-81.5282, 43.6122], [-81.5342, 43.6055], [-81.4994, 43.4383], [-81.4931, 43.4389], [-81.4923, 43.4352], [-81.4985, 43.4337], [-81.4949, 43.4163], [-81.4449, 43.4219], [-81.3498, 43.5346], [-81.2846, 43.5062], [-81.1832, 43.6286], [-81.1474, 43.614], [-81.0312, 43.7635]]]}}, {"type": "Feature", "properties": {"id": "on-sunday-41010", "name": "Township of Huron-Kinloss", "listed_as": "Huron Kinloss, Township of", "geographic_area": "Bruce", "jurisdiction": "municipality", "sunday_gun": true, "basis": "reg663_part7"}, "geometry": {"type": "Polygon", "coordinates": [[[-81.4307, 44.1493], [-81.4772, 44.089], [-81.6574, 44.1604], [-81.7053, 44.1176], [-81.7433, 44.0912], [-81.7589, 44.0736], [-81.7545, 44.0635], [-81.7457, 44.0542], [-81.5206, 43.9631], [-81.5247, 43.9578], [-81.5114, 43.9524], [-81.5073, 43.9578], [-81.3836, 43.908], [-81.3682, 43.9274], [-81.4082, 44.0707], [-81.4061, 44.0757], [-81.4102, 44.078], [-81.4307, 44.1493]]]}}, {"type": "Feature", "properties": {"id": "on-sunday-49051", "name": "Township of Joly", "listed_as": "Joly, Township of", "geographic_area": "Parry Sound", "jurisdiction": "municipality", "sunday_gun": true, "basis": "reg663_part7"}, "geometry": {"type": "Polygon", "coordinates": [[[-79.13, 45.7512], [-79.195, 45.871], [-79.3657, 45.8253], [-79.3011, 45.7062], [-79.13, 45.7512]]]}}, {"type": "Feature", "properties": {"id": "on-sunday-16002", "name": "City of Kawartha Lakes", "listed_as": "Kawartha Lakes, City of", "geographic_area": "Kawartha Lakes", "jurisdiction": "municipality", "sunday_gun": true, "basis": "reg663_part7"}, "geometry": {"type": "Polygon", "coordinates": [[[-78.655, 44.7939], [-78.8199, 44.754], [-78.8097, 44.7734], [-78.8211, 44.7705], [-78.9359, 44.9855], [-79.0929, 44.943], [-79.0997, 44.9553], [-79.1199, 44.9501], [-79.0623, 44.8401], [-79.2084, 44.7997], [-78.9214, 44.1507], [-78.9153, 44.1861], [-78.8942, 44.2115], [-78.887, 44.2154], [-78.8743, 44.221], [-78.8563, 44.218], [-78.85, 44.2137], [-78.8466, 44.2048], [-78.848, 44.1892], [-78.8412, 44.1751], [-78.8443, 44.1678], [-78.8025, 44.1951], [-78.7772, 44.2214], [-78.7694, 44.2257], [-78.6927, 44.0584], [-78.5163, 44.0988], [-78.5847, 44.2525], [-78.4254, 44.2904], [-78.5036, 44.4613], [-78.4894, 44.4679], [-78.4901, 44.4748], [-78.5072, 44.492], [-78.5182, 44.5316], [-78.5295, 44.5542], [-78.5439, 44.5506], [-78.655, 44.7939]]]}}, {"type": "Feature", "properties": {"id": "on-sunday-49018", "name": "Town of Kearney", "listed_as": "Kearney, Town of", "geographic_area": "Parry Sound", "jurisdiction": "municipality", "sunday_gun": true, "basis": "reg663_part7"}, "geometry": {"type": "Polygon", "coordinates": [[[-78.9304, 45.5324], [-79.0417, 45.7411], [-79.0515, 45.7385], [-79.0561, 45.747], [-79.0463, 45.7496], [-79.0532, 45.7621], [-79.0581, 45.7608], [-79.0627, 45.7692], [-79.3011, 45.7062], [-79.2245, 45.5654], [-79.244, 45.5597], [-79.2395, 45.551], [-79.2284, 45.5542], [-79.2282, 45.5443], [-79.2157, 45.5479], [-79.1726, 45.4698], [-79.0035, 45.5162], [-79.0017, 45.5131], [-78.9304, 45.5324]]]}}, {"type": "Feature", "properties": {"id": "on-sunday-52003", "name": "Municipality of Killarney", "listed_as": "Killarney, Municipality of", "geographic_area": "Sudbury", "jurisdiction": "municipality", "sunday_gun": true, "basis": "reg663_part7"}, "geometry": {"type": "MultiPolygon", "coordinates": [[[[-80.95200722665533, 46.104077320913625], [-80.94903653481428, 46.188646634694116], [-81.18127401031043, 46.19152512299709], [-81.18130971150913, 46.20241532474379], [-81.4365169932769, 46.19584441021693], [-81.43663718367533, 46.10790569610035], [-81.62095774238482, 46.101418385281164], [-81.59555393414087, 46.100878686545414], [-81.59724373450148, 46.09920488618695], [-81.58638823072923, 46.09670488636258], [-81.58802863096336, 46.094023285844955], [-81.57064792515241, 46.09210448646009], [-81.56881742421808, 46.08896358605288], [-81.55951392146885, 46.09123248691116], [-81.56257222251398, 46.091775586836036], [-81.56138562244715, 46.094652587361], [-81.55565972037589, 46.09259228733411], [-81.55275061973991, 46.095342587930176], [-81.55241331905214, 46.09006108709986], [-81.54932521795305, 46.08911298711148], [-81.55188121857712, 46.08729158668324], [-81.53880771426219, 46.086364187227865], [-81.54246641527577, 46.08485268679099], [-81.54448231504013, 46.07676968538533], [-81.5503123167442, 46.07517588481999], [-81.55139521734395, 46.077465685130505], [-81.55743501858893, 46.071063983781386], [-81.56856772202467, 46.06968608296924], [-81.56725442124744, 46.06645258251931], [-81.55153061645808, 46.06897758375928], [-81.56622652084687, 46.06581868247196], [-81.56758972051765, 46.058800481271554], [-81.56379211932793, 46.05910728152238], [-81.56470921989478, 46.0615869818723], [-81.55975961804188, 46.0592262817554], [-81.53274320938542, 46.059661283257604], [-81.55164991524947, 46.057582481921166], [-81.55897761716113, 46.0534787808728], [-81.54259291196139, 46.05419698185697], [-81.53881541056823, 46.05258568179801], [-81.55201311467029, 46.05121758087848], [-81.54770541310484, 46.0495912808453], [-81.58777202476095, 46.03817777688489], [-81.62018423431078, 46.03008597386305], [-81.62179383502699, 46.03189537406857], [-81.63547153874737, 46.025663772339854], [-81.64434094226681, 46.031734372844824], [-81.64370884158659, 46.02738187217849], [-81.66349274832474, 46.030769771671544], [-81.67069825013073, 46.026092370536354], [-81.68099095351181, 46.02672457009048], [-81.68692745478835, 46.02094696884577], [-81.70089335916623, 46.01989896793403], [-81.70409585973825, 46.01572096709187], [-81.71286856246017, 46.01481156647864], [-81.71975326412284, 46.00978216530341], [-81.7096154605477, 46.006911465381506], [-81.67766115050564, 46.009067567428204], [-81.66717814765144, 46.013800668746896], [-81.65380184341022, 46.01437286954985], [-81.63619683875176, 46.023571571964844], [-81.6288567361239, 46.02114617196457], [-81.58067412190448, 46.032957676421816], [-81.52679070503096, 46.037358979985534], [-81.51041720052643, 46.04441768198824], [-81.47947669123337, 46.05062728462449], [-81.47277018877057, 46.04786498453465], [-81.47676428989507, 46.04637238408325], [-81.4746061888757, 46.043402183719344], [-81.47975129054718, 46.04352458346694], [-81.47945679097565, 46.04832328425481], [-81.50857269982298, 46.043417981925], [-81.51312240098603, 46.04064348123772], [-81.50670969873839, 46.038980081309475], [-81.51018259966116, 46.037182680836366], [-81.50462409769727, 46.035596280875176], [-81.50596569763799, 46.03108998007887], [-81.55102861106357, 46.02110707608629], [-81.59120292420533, 46.02299437426039], [-81.61442853112725, 46.01792147221184], [-81.6208890333456, 46.01919167207323], [-81.63144023595933, 46.01204157036265], [-81.63591343780476, 46.01575187072208], [-81.64115903876682, 46.009116169375844], [-81.67148124858166, 46.009653167851], [-81.67221734858349, 46.00750666746654], [-81.66167524469633, 46.00297796729825], [-81.6137223291602, 46.00200346968755], [-81.58356151981192, 46.00529367181669], [-81.55653911038429, 45.998615072172846], [-81.56565741305086, 45.996149171292785], [-81.56539941269517, 45.9936483709036], [-81.57580121529882, 45.98681906925255], [-81.58139771702626, 45.986142768847095], [-81.58450311836161, 45.98922306917879], [-81.62999763056521, 45.96690296317117], [-81.63485133237977, 45.96922516328785], [-81.64238053386609, 45.9606505615068], [-81.6549894378042, 45.959580060665324], [-81.66443123961776, 45.94837365835831], [-81.6689706416409, 45.95354065895005], [-81.67270064249898, 45.95041375824815], [-81.67813904441775, 45.95197455821093], [-81.68980374782603, 45.948844557087114], [-81.68724344627203, 45.9421455561435], [-81.67948994389563, 45.94320895672653], [-81.67416164183486, 45.94001835649506], [-81.66475893894862, 45.941270557195914], [-81.65880083764522, 45.94688535841717], [-81.63757823157185, 45.95377416065332], [-81.64650103474207, 45.95653216062453], [-81.61785792557959, 45.95698766221676], [-81.59812482012565, 45.96519306458505], [-81.5840662165034, 45.97346536666302], [-81.58874941824902, 45.97565546676789], [-81.5703138127128, 45.97929526833088], [-81.56877581261087, 45.982903068993664], [-81.57150731370331, 45.9848606691644], [-81.54731770598288, 45.98546497054238], [-81.54401040518361, 45.98790197111008], [-81.54520920597575, 45.99163147164761], [-81.53323010245745, 45.99473917278217], [-81.54862350798626, 45.999994672814175], [-81.54157240557842, 45.99873207298401], [-81.53786280478218, 46.002385873768915], [-81.53464860347327, 45.99987187353404], [-81.53159900261936, 46.001047073884735], [-81.53253050323165, 46.00391397429721], [-81.513578097827, 46.010328076333074], [-81.49410099141778, 46.00908187716218], [-81.48759918958407, 46.01147697789172], [-81.48011628680274, 46.008070677738345], [-81.4849173881405, 46.00615117717541], [-81.48267528716272, 46.00380247691538], [-81.48970479010462, 46.010027977547004], [-81.49412029102913, 46.00545487657684], [-81.50512879431386, 46.00305737560864], [-81.5034943935492, 46.0008685753424], [-81.50693439440563, 45.998558074788235], [-81.49045438892557, 45.996973975403954], [-81.4999969915166, 45.992540274185124], [-81.4991433909152, 45.989537973746316], [-81.51754649672563, 45.988474972602255], [-81.52065979759627, 45.987263672242385], [-81.51423909533526, 45.98548367229493], [-81.51900909648693, 45.98195197147347], [-81.51511009477635, 45.977766471004806], [-81.52139649619627, 45.97221156977687], [-81.5000353888787, 45.968157670251685], [-81.49493338750625, 45.970645970922526], [-81.49469228716288, 45.968198970540534], [-81.48836548509745, 45.96793817083256], [-81.47445858153147, 45.97634027292198], [-81.4705803802119, 45.97569047302183], [-81.47429268133737, 45.97504487272179], [-81.47403018103408, 45.97303007241061], [-81.46520187853777, 45.97622547339196], [-81.46194737780759, 45.97915487403618], [-81.46679457978196, 45.98296037439413], [-81.45986837747111, 45.98222357464085], [-81.45935597769711, 45.98582557524878], [-81.47059368154365, 45.98791307499222], [-81.46094067883845, 45.99163367610167], [-81.46418067953265, 45.98841637541195], [-81.4512017751473, 45.98653327579311], [-81.44439017337797, 45.99044817678383], [-81.43799467109064, 45.98835787678403], [-81.43575157077332, 45.99209257750461], [-81.42908146834174, 45.989489677436545], [-81.42186626642611, 45.99326087842516], [-81.4236964673355, 45.99620627880365], [-81.41659896474651, 45.99342417872912], [-81.42248106636906, 45.990909278013476], [-81.42117156587051, 45.99020317796862], [-81.40643316104021, 45.98945567862466], [-81.4057920610925, 45.99184297904353], [-81.40432586032193, 45.989093978677346], [-81.39471945762392, 45.99276397977537], [-81.38273665336054, 45.989060379808826], [-81.38075255319382, 45.99342328061717], [-81.36894464972441, 45.99653128174011], [-81.3696321502042, 45.998914182088384], [-81.36841174949527, 45.99600198168278], [-81.36196904765065, 45.99814678236783], [-81.3569241456663, 45.99484148209995], [-81.33975564001506, 45.99376888282976], [-81.29079472460877, 45.997306185972896], [-81.26660551649182, 45.99439508677216], [-81.24666401028772, 45.996519088160824], [-81.23412150582533, 45.99266638819582], [-81.22456360372244, 46.00176419016595], [-81.22970140948776, 46.03979059603392], [-81.20897360263156, 46.03827109687548], [-81.19284829881315, 46.05112029979319], [-81.18373509628879, 46.05499650089578], [-81.17859839447881, 46.05360060093975], [-81.17927759492957, 46.0557416012495], [-81.17368249321268, 46.05657830167746], [-81.16361159089278, 46.06521560359783], [-81.16534989166519, 46.0671662038213], [-81.16718909190402, 46.06387840319482], [-81.17108819335098, 46.06561210327014], [-81.17994579590146, 46.06273660234253], [-81.18012599700548, 46.07240630389199], [-81.17189899488523, 46.07737680512427], [-81.15992019105671, 46.07776450581433], [-81.1306082835108, 46.09558461022122], [-81.11717567916203, 46.095524610914545], [-81.09218957186627, 46.102766713388654], [-81.08122176929064, 46.11175331541026], [-81.07690136780312, 46.11091911550175], [-81.0769184496603, 45.94211368822843], [-81.0952113555317, 45.94179878722483], [-81.09592575609474, 45.94490498769074], [-81.0960895553931, 45.93785478654027], [-81.08982245354603, 45.93949808713288], [-81.093307254763, 45.94035938709089], [-81.09120625421409, 45.941567287395955], [-81.0839807518139, 45.94093368766958], [-81.08568075215747, 45.9390151872703], [-81.07565894907806, 45.94047138802793], [-81.0706699477584, 45.94319258872842], [-81.07240154856093, 45.94546888900702], [-81.06989604752786, 45.94337318879799], [-81.05139104254718, 45.952671491267004], [-81.04002373899418, 45.95377419203696], [-81.04191863932701, 45.951163291515456], [-81.03227893613533, 45.95042809189761], [-81.02587973427646, 45.9523737925455], [-81.02634243410087, 45.94933129202856], [-81.01466443014577, 45.94761399235719], [-80.99016072414271, 45.9655261965321], [-80.99134832417553, 45.96224079593819], [-80.98674072251862, 45.960664995922166], [-80.97178031830784, 45.96650359764475], [-80.95710601541377, 45.983816601210606], [-80.93585550968659, 45.994517104046025], [-80.91934080614872, 46.01139150763435], [-80.93087740975074, 46.010184006840326], [-80.93912481178529, 46.004266305454564], [-80.95246671609324, 46.004209804752776], [-80.94036231243372, 46.00658920576625], [-80.93973801266478, 46.01063890645407], [-80.92797660942428, 46.01590630791684], [-80.92304580852691, 46.022428509228], [-80.91359160614941, 46.028794010748385], [-80.90583390394126, 46.031614111607], [-80.92271130830605, 46.02137510907495], [-80.92772050914036, 46.01402520762576], [-80.91148110400218, 46.01509370864113], [-80.89513539969589, 46.02427841097509], [-80.90682690357359, 46.025170610513115], [-80.89267249933735, 46.028380311766526], [-80.89177289878073, 46.02589531141109], [-80.88319459595527, 46.025427811780126], [-80.8873974971281, 46.02367701127895], [-80.88337319547, 46.02034271094794], [-80.86929729063453, 46.017708511250866], [-80.86685589041294, 46.02303381223928], [-80.87519899325872, 46.02440221202854], [-80.86074948879067, 46.026347713091944], [-80.85772328845756, 46.03240121422834], [-80.85770899012299, 46.048034816758204], [-80.84304058675667, 46.060967219609566], [-80.8385344850738, 46.05887261950428], [-80.84182308595533, 46.05715821905673], [-80.83683198437615, 46.05750211937083], [-80.82962268323257, 46.06864312154565], [-80.83162558439156, 46.07341652221352], [-80.82370098304159, 46.084789724462205], [-80.80011317680696, 46.09793632780805], [-80.81382038195343, 46.104526328162564], [-80.95200722665533, 46.104077320913625]]], [[[-80.5828615979055, 46.01809692607999], [-80.65157371973307, 46.01391102187183], [-80.7530587528731, 46.01642651705244], [-80.78465976268744, 46.01250331478554], [-80.78571556276519, 46.01002101432884], [-80.77385175874024, 46.00828781466058], [-80.77794706004872, 46.00812501442273], [-80.77795875974051, 46.005191013946686], [-80.77320005835023, 46.00660381442132], [-80.77065615717595, 46.00330421401787], [-80.72814424328142, 46.00207671601131], [-80.74546804878712, 46.00109991495993], [-80.75313765100447, 45.99859661415857], [-80.75097925035107, 45.999024014339156], [-80.75608565155815, 45.994822613394646], [-80.75116974986724, 45.99388521349615], [-80.75720625072714, 45.98357431151281], [-80.75436914941477, 45.97985991105656], [-80.757190150171, 45.97838101067123], [-80.7566878493507, 45.97217840969085], [-80.75777605023862, 45.977230110454364], [-80.75903765073883, 45.978096910529906], [-80.75894795036997, 45.97489261001473], [-80.75985475058444, 45.9741474098471], [-80.76300995212091, 45.97900531047248], [-80.76284045113815, 45.970256309061824], [-80.76477435279544, 45.97998091053972], [-80.76033605256916, 45.99138461261803], [-80.76540595400306, 45.989432912040044], [-80.75594315183886, 45.99790071390108], [-80.75013215025437, 46.00069611465393], [-80.76018665366094, 46.00212171436641], [-80.76083585346788, 45.99832501371746], [-80.75622035209786, 45.99949431414512], [-80.75882005252237, 45.995566613374244], [-80.76661865541477, 45.99902991353341], [-80.76239285410993, 45.999624313847804], [-80.76102645392639, 46.00206061431321], [-80.77867555945129, 46.00028691311493], [-80.77784705958378, 46.00405671376865], [-80.78013836018057, 46.00269311342938], [-80.78738886310711, 46.008143013938124], [-80.791911364526, 46.00771941363594], [-80.7892966634704, 46.00575251345227], [-80.79181466393752, 46.002480912792066], [-80.80072536684533, 46.002703812367905], [-80.79418226532563, 46.00832641361697], [-80.80847307020399, 46.01070051326317], [-80.81551727067864, 45.99373731015062], [-80.81167846954673, 45.994774910517165], [-80.80864526851771, 45.994328910601574], [-80.8006192665075, 45.99985031191103], [-80.80463896731622, 45.99522201095327], [-80.79904206527998, 45.99310631089945], [-80.81131676902667, 45.99098510992162], [-80.81233246907986, 45.98839460944926], [-80.8112079691589, 45.99256001018249], [-80.81549507055269, 45.99262100997086], [-80.81964447088531, 45.983123008216914], [-80.80966066818328, 45.98809310953837], [-80.81232646803514, 45.97858380785899], [-80.80675016660292, 45.98208480871467], [-80.8056472660201, 45.97995860842686], [-80.81186656731823, 45.97323660701562], [-80.8081412667539, 45.97926990818639], [-80.81664256886613, 45.97326240677315], [-80.81602606898599, 45.9762675072923], [-80.81881366990841, 45.97646110717973], [-80.81325846866498, 45.9816727083117], [-80.81834147043287, 45.98283280823719], [-80.83076067265621, 45.96594870485773], [-80.8308243722523, 45.96195240420627], [-80.82160117040708, 45.97266720642053], [-80.83156307238045, 45.96090950399892], [-80.83343797192342, 45.95089430227726], [-80.8359471729923, 45.953319102541116], [-80.83253317214573, 45.95574450311096], [-80.83217127298265, 45.96472670458668], [-80.8283385726174, 45.97295660611936], [-80.8391710760313, 45.97210840542201], [-80.84602367731496, 45.96333310364483], [-80.84602877811555, 45.970848804863316], [-80.85129537981585, 45.97081960458627], [-80.85437717988377, 45.962083903010395], [-80.85160177849225, 45.95743610240005], [-80.85604777909862, 45.94961110090085], [-80.85678497980852, 45.954049401582736], [-80.86105378073991, 45.94982440067667], [-80.85405847801347, 45.94545020032859], [-80.85790227875214, 45.94070269935957], [-80.8612920799881, 45.94202079939823], [-80.86259357990443, 45.937270298560065], [-80.86594328060647, 45.933682897804694], [-80.8615875801267, 45.94242629944877], [-80.86646018189387, 45.944232299489926], [-80.86566488141771, 45.94217009919648], [-80.86702018125769, 45.93653729821235], [-80.86681508170747, 45.941397399011606], [-80.86925528241349, 45.940617298758895], [-80.86715818205272, 45.943603199351784], [-80.87113048341104, 45.94430069925958], [-80.86059448036089, 45.94765450034843], [-80.8643415819086, 45.950818400668005], [-80.85737048034133, 45.95728150207674], [-80.85468968093046, 45.97097720443632], [-80.86230738332047, 45.97028470393005], [-80.8645359836614, 45.96671400323585], [-80.86431998400607, 45.97061100387884], [-80.86722108450418, 45.96647390305806], [-80.86696568487926, 45.970776003768755], [-80.8777656879287, 45.9666120025349], [-80.8801601890203, 45.96959370289431], [-80.88176858913826, 45.96581530219857], [-80.8828486897032, 45.96784140247115], [-80.88898549137481, 45.964904301677365], [-80.90010009246791, 45.94140479729119], [-80.8974583914387, 45.939755197160274], [-80.89590879103046, 45.94062689738189], [-80.89400439085777, 45.94479259815617], [-80.8970465920128, 45.94640639826054], [-80.89515839164636, 45.94869989873022], [-80.89317809063655, 45.945223798268856], [-80.89485459047626, 45.938618797110635], [-80.89104828928288, 45.93896619736393], [-80.88996128911988, 45.94073829770766], [-80.89331639015306, 45.94025539745572], [-80.89143988987065, 45.943305098047574], [-80.88707008825489, 45.94139259796338], [-80.89111458919625, 45.93794929719551], [-80.88070858625993, 45.94197109838631], [-80.87228178486149, 45.9544459008458], [-80.87737608537928, 45.94382169885892], [-80.8752616846228, 45.94313529885689], [-80.88014008611341, 45.94232159847255], [-80.87747418502367, 45.94017639826239], [-80.88172268618717, 45.938200897722126], [-80.8784989850749, 45.93754039778167], [-80.8761953846933, 45.94095809845536], [-80.87821678490522, 45.936801997676454], [-80.8743596836513, 45.93673479786494], [-80.87445268355329, 45.935528797664446], [-80.88063508538325, 45.933942397087336], [-80.87301058297032, 45.93442909756053], [-80.86889758213816, 45.9391137985334], [-80.87296328274955, 45.93249399724889], [-80.8659400801679, 45.929560597135826], [-80.87235748192016, 45.92652569631146], [-80.86761438023173, 45.92506209631902], [-80.86245917898302, 45.92899839722437], [-80.86659797980093, 45.924097896214995], [-80.84993717433956, 45.92338409695974], [-80.85120517404829, 45.91677029582026], [-80.8393626708775, 45.92297379743913], [-80.83583637041055, 45.92932309865217], [-80.8374898703767, 45.92396119769612], [-80.83269226928277, 45.92827459864421], [-80.83295226883364, 45.92324349781379], [-80.84007407102747, 45.92221869727975], [-80.83867087048588, 45.92138859721743], [-80.84138137127192, 45.92053749693926], [-80.8398989707734, 45.92035539698625], [-80.84138327120291, 45.919880296832446], [-80.84030487067382, 45.91817759661155], [-80.83257506836543, 45.919975797302584], [-80.8286508676836, 45.92551449840461], [-80.8289074682617, 45.93018609914995], [-80.83159196906713, 45.92959599891561], [-80.82808826866847, 45.93652140022084], [-80.83044896943125, 45.93651590009803], [-80.82793116914551, 45.94149860103686], [-80.8259720680077, 45.936743200366045], [-80.82382406841148, 45.94709980215801], [-80.82674747043599, 45.95726590365662], [-80.82308256925285, 45.95728740384938], [-80.82424086753825, 45.93759560059379], [-80.8258895677128, 45.93421369995967], [-80.8249013672252, 45.932628199753225], [-80.82306456679886, 45.93420930010475], [-80.82301486671885, 45.933606500009475], [-80.82533996692155, 45.92842549904823], [-80.81185006414647, 45.94339940217544], [-80.81550586517672, 45.94196510175399], [-80.8089849640592, 45.951315103608074], [-80.81210566512839, 45.95187840353844], [-80.81271966549514, 45.95346350376396], [-80.80972716449322, 45.95314350386645], [-80.80656186398822, 45.95803470482355], [-80.80723066387239, 45.954903504280956], [-80.80159166205205, 45.95493890457771], [-80.8025299609023, 45.94123240230452], [-80.79754295874767, 45.93612040173173], [-80.79492505787857, 45.935908701832346], [-80.79142225768413, 45.94476820345146], [-80.79808875766527, 45.92423129977267], [-80.80609035889006, 45.91135599726832], [-80.80518345832719, 45.90880719690089], [-80.8019203576962, 45.91281609772058], [-80.80133405729799, 45.91084389743031], [-80.80667105826294, 45.903652295986454], [-80.80836015800513, 45.896049594663566], [-80.80589945795433, 45.9030929959353], [-80.7999402568871, 45.911219497563174], [-80.80523495755853, 45.90138169569144], [-80.79872655616028, 45.90805779711194], [-80.80343215652721, 45.89713929509468], [-80.79788505447988, 45.89473529498965], [-80.80086745606961, 45.90065419579822], [-80.79616425560639, 45.910654497665966], [-80.79679565506835, 45.90363519649263], [-80.79213585336392, 45.90176369642848], [-80.79161795361586, 45.90573189710019], [-80.79062375260933, 45.89924979609766], [-80.78896225203091, 45.898859596119834], [-80.78782425176645, 45.8998386963376], [-80.7896116528307, 45.904441096993736], [-80.78394905250791, 45.91870619960381], [-80.77882195105342, 45.92063150018077], [-80.77655435094889, 45.92657650126346], [-80.77796705122135, 45.92483310090749], [-80.77874145180718, 45.92800300138255], [-80.77801175176819, 45.929864801722545], [-80.76483374903142, 45.9442846047435], [-80.76010844981828, 45.96614610853577], [-80.76216915092078, 45.97025500909621], [-80.75877574978931, 45.96994170922035], [-80.7599260494797, 45.963508608117095], [-80.74638924535984, 45.96597240921456], [-80.75369164748172, 45.963693308468386], [-80.75393554665493, 45.95514320706796], [-80.75750894752419, 45.95243260644381], [-80.7508427452427, 45.951257206596416], [-80.75424994602396, 45.94822250592817], [-80.76052584824853, 45.95005400590221], [-80.76179574788024, 45.94269420464175], [-80.76487884856014, 45.939694303995736], [-80.76216484812359, 45.943865104812886], [-80.76388874880844, 45.94506570491901], [-80.7753367506919, 45.92787030153644], [-80.77189924942125, 45.92636950146966], [-80.76957834898712, 45.929362002075386], [-80.76799074817049, 45.926496501691645], [-80.76517724763966, 45.930082102419085], [-80.76581064747529, 45.92659120181929], [-80.75998704544176, 45.92517480188908], [-80.743385341625, 45.939872705131584], [-80.74156864157564, 45.94496300605191], [-80.74407594198766, 45.94118840530976], [-80.7454655428261, 45.94486380583512], [-80.74331714198661, 45.94349990572423], [-80.73623914045342, 45.950657107251004], [-80.73594394031976, 45.950296507207625], [-80.73524344018139, 45.95113180737935], [-80.73284283941345, 45.95121620751662], [-80.73231463922433, 45.951044007515826], [-80.73773304070967, 45.94850950682535], [-80.73299283928398, 45.94953350723564], [-80.74654234213324, 45.935019404180714], [-80.74542854157562, 45.933154003935016], [-80.73921893996946, 45.936965204873786], [-80.74052564001668, 45.93341290422941], [-80.75453804352281, 45.92369620192937], [-80.74816954170282, 45.92596860262643], [-80.75055384189922, 45.92052820161961], [-80.74213173978899, 45.92634190299783], [-80.73720413820787, 45.9264656032715], [-80.74729364078395, 45.919954101694096], [-80.73148843497914, 45.91340130144201], [-80.73906723721123, 45.911321700714105], [-80.73569333602022, 45.91037760073417], [-80.73860533671494, 45.90803540020354], [-80.73737193533753, 45.89876159875888], [-80.73896473627653, 45.90277949933038], [-80.74365073735363, 45.89862279841343], [-80.74179323618563, 45.893244997634206], [-80.73755663529761, 45.89781699859573], [-80.7371527346866, 45.893261497875514], [-80.73098963301447, 45.89630739868776], [-80.73325663321492, 45.891254297749214], [-80.73391463370122, 45.89384809813736], [-80.7364721344103, 45.892728797823814], [-80.73532063384596, 45.89090799758677], [-80.73292393305603, 45.89076769768715], [-80.73093423251261, 45.89171699794386], [-80.73426943337385, 45.88965459743691], [-80.69600422069794, 45.8868136989402], [-80.6733793137167, 45.8900274006242], [-80.62601079823023, 45.888520602806835], [-80.60660969231857, 45.89202420437069], [-80.57432158185513, 45.89192190600583], [-80.5671578798344, 45.89477070683608], [-80.558826876891, 45.892425706879905], [-80.53980617086002, 45.89365120805126], [-80.57357398365627, 45.91139620921521], [-80.57358148416246, 45.91619360999577], [-80.5834158888834, 45.93081061187102], [-80.57913619116025, 45.965617617749636], [-80.56640259046394, 45.9981559236875], [-80.5828615979055, 46.01809692607999]]], [[[-80.66674013428735, 46.10462793578108], [-80.81279018161987, 46.10452842821631], [-80.79843857643452, 46.09952652815168], [-80.8000088764159, 46.094597127273985], [-80.81841038176715, 46.08889472539958], [-80.82979888391233, 46.07446662247795], [-80.82800708268697, 46.0684338215955], [-80.83557798396419, 46.057446519426804], [-80.8467292873001, 46.05487881843395], [-80.82977078082766, 46.045683417824804], [-80.80854807433785, 46.04925911950158], [-80.8188321782528, 46.05473891985588], [-80.81206507625448, 46.05654602049842], [-80.80891817500908, 46.054425720318285], [-80.8109042753865, 46.051936119812794], [-80.79836877084772, 46.047441419733964], [-80.784671068093, 46.063203022992326], [-80.78749916910571, 46.064108322992496], [-80.7847456685533, 46.0672894236494], [-80.79082077021873, 46.06445642287701], [-80.78738016950136, 46.06817642365659], [-80.79105867088198, 46.069947123752684], [-80.78373286834419, 46.06840352388197], [-80.77673696712083, 46.0781732258236], [-80.78130686777013, 46.07038792432832], [-80.7780501666664, 46.06993152442296], [-80.77101916564101, 46.08166322668357], [-80.77888376642375, 46.06512712360278], [-80.77165186352175, 46.059883623128385], [-80.76177576060537, 46.06253652406794], [-80.76591426126559, 46.0561548228216], [-80.76469936053795, 46.053020022377076], [-80.77090716213951, 46.04918052143494], [-80.7680466616431, 46.05321592223584], [-80.77012006251468, 46.0550922224323], [-80.77458376352395, 46.050997021538954], [-80.77071546302915, 46.05810862288959], [-80.78113266682901, 46.06209812299652], [-80.78596166785829, 46.057085121935906], [-80.78223976696894, 46.060048322607734], [-80.78232936666767, 46.05695242210225], [-80.79392656966463, 46.04983662035128], [-80.79671177000557, 46.044576319356004], [-80.78359156543483, 46.04155501954527], [-80.77564136358846, 46.04838902106224], [-80.77378396288769, 46.047458321007575], [-80.78077756442514, 46.040631419541214], [-80.77188176131237, 46.03845401964835], [-80.76591005973366, 46.041790220496885], [-80.76806756044823, 46.041938620409475], [-80.76277015934488, 46.04768782161375], [-80.76395956004781, 46.05066952203488], [-80.75718405821605, 46.05407562293612], [-80.7589069580553, 46.04732882175516], [-80.77028116074092, 46.03795561965032], [-80.75848575650915, 46.03408791963318], [-80.76667405862148, 46.02901981838964], [-80.77194196110467, 46.036321019299876], [-80.7787716628002, 46.031474118162286], [-80.77420246186789, 46.03661351923048], [-80.78713376654811, 46.04123771931081], [-80.79309916827566, 46.0393224186925], [-80.79323016864623, 46.042400919183954], [-80.80702827167639, 46.02891531628765], [-80.79847736920372, 46.03169061717904], [-80.80425567021537, 46.02362711557475], [-80.80109886893307, 46.02118271534207], [-80.80048776885207, 46.02227971555128], [-80.79868556845426, 46.0240225159267], [-80.79968006840639, 46.02055011531296], [-80.79596236748779, 46.02322561593837], [-80.79527726652225, 46.016240014842396], [-80.78556346335267, 46.0160061153063], [-80.78222266318905, 46.02463121687591], [-80.77952366262886, 46.0275782174926], [-80.78391216275263, 46.015390915291974], [-80.77375775982591, 46.01878251636577], [-80.77317385936294, 46.016207215978724], [-80.75562365384684, 46.01777301713825], [-80.76066965561301, 46.019016817079354], [-80.76022715554906, 46.019762917223076], [-80.72843054473955, 46.01493941808165], [-80.69954153545794, 46.01564991968534], [-80.7166322426198, 46.03095872128558], [-80.71337144165818, 46.031850521598116], [-80.7114937406019, 46.027633521011694], [-80.69468183392914, 46.016078020005054], [-80.68429863050712, 46.01552762045039], [-80.68161493005304, 46.01944452122351], [-80.66345372388854, 46.01680012172935], [-80.66370662429392, 46.019852022211154], [-80.64628391812593, 46.01492102230761], [-80.59900220308995, 46.01764302517801], [-80.5989060047458, 46.03358782776889], [-80.650012026155, 46.07919303252848], [-80.66674013428735, 46.10462793578108]]], [[[-80.73108043218515, 45.88816179735794], [-80.73758783402661, 45.88566589661737], [-80.73709103256672, 45.87333369463592], [-80.69389981859531, 45.873298096847904], [-80.69564872047773, 45.88581359879561], [-80.71442022668732, 45.88712239804476], [-80.7172299273276, 45.88457319748561], [-80.73108043218515, 45.88816179735794]]], [[[-81.20432099699272, 45.99993819093114], [-81.19907859537781, 46.000653391321094], [-81.19831489547295, 46.00382289187302], [-81.1987412952273, 46.000266991276305], [-81.19441059382936, 46.0002652915027], [-81.19444239486448, 46.00977399303688], [-81.2042284980207, 46.00974949252057], [-81.20432099699272, 45.99993819093114]]], [[[-81.15474638115542, 46.00147539377272], [-81.15258558037604, 46.00071599376291], [-81.151276079753, 45.998854693530575], [-81.15130828000035, 46.00105669388475], [-81.15474638115542, 46.00147539377272]]]]}}, {"type": "Feature", "properties": {"id": "on-sunday-41020", "name": "Municipality of Kincardine", "listed_as": "Kincardine, Municipality of", "geographic_area": "Bruce", "jurisdiction": "municipality", "sunday_gun": true, "basis": "reg663_part7"}, "geometry": {"type": "Polygon", "coordinates": [[[-81.5491, 44.3585], [-81.5513, 44.3602], [-81.5474, 44.3634], [-81.5405, 44.3617], [-81.5334, 44.3664], [-81.5292, 44.3737], [-81.5316, 44.3753], [-81.5253, 44.3763], [-81.5279, 44.3784], [-81.5234, 44.3794], [-81.5219, 44.3874], [-81.5099, 44.3953], [-81.5112, 44.3978], [-81.5079, 44.401], [-81.2958, 44.3153], [-81.376, 44.2218], [-81.4772, 44.089], [-81.6574, 44.1604], [-81.6442, 44.1715], [-81.6409, 44.1767], [-81.6434, 44.1778], [-81.6382, 44.177], [-81.6434, 44.1781], [-81.6397, 44.1796], [-81.6371, 44.1919], [-81.6146, 44.2176], [-81.6165, 44.2215], [-81.6134, 44.2234], [-81.6086, 44.246], [-81.6015, 44.2604], [-81.6092, 44.2704], [-81.6039, 44.2725], [-81.5918, 44.2873], [-81.5953, 44.2962], [-81.6043, 44.2968], [-81.5963, 44.3057], [-81.6059, 44.3087], [-81.6057, 44.3136], [-81.6086, 44.3151], [-81.6068, 44.3201], [-81.5977, 44.3296], [-81.5979, 44.3331], [-81.5939, 44.3309], [-81.5974, 44.3335], [-81.5849, 44.3362], [-81.5826, 44.3343], [-81.5809, 44.3366], [-81.5838, 44.3413], [-81.5791, 44.3433], [-81.5772, 44.3409], [-81.5782, 44.343], [-81.571, 44.343], [-81.567, 44.3364], [-81.5565, 44.3319], [-81.5568, 44.3354], [-81.5509, 44.3367], [-81.5534, 44.3374], [-81.5514, 44.3446], [-81.5456, 44.346], [-81.551, 44.3449], [-81.5509, 44.3477], [-81.5547, 44.3485], [-81.5531, 44.3525], [-81.5556, 44.3537], [-81.5517, 44.3551], [-81.5539, 44.3582], [-81.5491, 44.3585]]]}}, {"type": "Feature", "properties": {"id": "on-sunday-10005", "name": "City of Kingston", "listed_as": "Kingston, City of", "geographic_area": "Frontenac", "jurisdiction": "municipality", "sunday_gun": true, "basis": "reg663_part7"}, "geometry": {"type": "MultiPolygon", "coordinates": [[[[-76.3656, 44.2645], [-76.3563, 44.266], [-76.3565, 44.2694], [-76.3335, 44.2736], [-76.3255, 44.2779], [-76.3262, 44.2805], [-76.3143, 44.2906], [-76.304, 44.2923], [-76.3089, 44.2918], [-76.3142, 44.2975], [-76.3001, 44.295], [-76.2967, 44.2981], [-76.2857, 44.2991], [-76.2831, 44.3025], [-76.2691, 44.306], [-76.2585, 44.3048], [-76.2572, 44.3074], [-76.2514, 44.3059], [-76.2431, 44.3104], [-76.2363, 44.3064], [-76.2349, 44.3086], [-76.2396, 44.316], [-76.2343, 44.3095], [-76.2342, 44.3052], [-76.2645, 44.304], [-76.2905, 44.2967], [-76.3618, 44.2561], [-76.3839, 44.2482], [-76.3919, 44.2351], [-76.4183, 44.2251], [-76.4689, 44.2132], [-76.4682, 44.2066], [-76.4772, 44.1989], [-76.4709, 44.1935], [-76.4734, 44.1903], [-76.4905, 44.1822], [-76.5049, 44.1874], [-76.5256, 44.1864], [-76.533, 44.1809], [-76.5336, 44.1746], [-76.544, 44.1678], [-76.5447, 44.1833], [-76.5927, 44.1605], [-76.6287, 44.2239], [-76.6171, 44.2391], [-76.6047, 44.242], [-76.5966, 44.2394], [-76.6101, 44.237], [-76.6153, 44.2324], [-76.6185, 44.2224], [-76.6091, 44.2136], [-76.5853, 44.2188], [-76.5806, 44.2152], [-76.5757, 44.2164], [-76.5766, 44.2114], [-76.5683, 44.2129], [-76.5653, 44.2084], [-76.5596, 44.2086], [-76.5525, 44.2127], [-76.5486, 44.2083], [-76.5445, 44.2113], [-76.5487, 44.2159], [-76.5465, 44.2193], [-76.5538, 44.2255], [-76.5458, 44.2252], [-76.5465, 44.2318], [-76.5382, 44.2465], [-76.5446, 44.2496], [-76.5401, 44.2482], [-76.54069999999999, 44.250449999999994], [-76.5374, 44.2466], [-76.5422, 44.2367], [-76.539, 44.2361], [-76.5449, 44.2314], [-76.5444, 44.2215], [-76.5467, 44.2197], [-76.5371, 44.2163], [-76.5373, 44.2197], [-76.5307, 44.2144], [-76.5228, 44.2142], [-76.5155, 44.2176], [-76.5177, 44.2176], [-76.5167, 44.2203], [-76.5141, 44.2171], [-76.4795551724138, 44.22478620689655], [-76.4815, 44.2272], [-76.4773, 44.2299], [-76.4767, 44.2345], [-76.4708, 44.2348], [-76.4699, 44.2265], [-76.4654, 44.2286], [-76.464, 44.2348], [-76.4614, 44.2279], [-76.4458, 44.2363], [-76.4501, 44.23], [-76.4425, 44.2344], [-76.4315, 44.2348], [-76.3994, 44.25], [-76.3897, 44.2509], [-76.3804, 44.2574], [-76.3799, 44.2619], [-76.3766, 44.2601], [-76.3805, 44.2623], [-76.3782, 44.2636], [-76.3742, 44.2593], [-76.3753, 44.2572], [-76.3684, 44.2591], [-76.3754, 44.2609], [-76.3705, 44.2671], [-76.3656, 44.2645]], [[-76.4012, 44.2446], [-76.3963, 44.2444], [-76.3962, 44.2456], [-76.4012, 44.2446]], [[-76.4536, 44.2275], [-76.4556, 44.2242], [-76.4497, 44.2287], [-76.4536, 44.2275]], [[-76.5373, 44.2129], [-76.5443, 44.2113], [-76.5357, 44.2129], [-76.5373, 44.2129]]], [[[-76.5349, 44.2519], [-76.54080281543274, 44.25083555787278], [-76.5409, 44.2512], [-76.5349, 44.2519]]]]}}, {"type": "Feature", "properties": {"id": "on-sunday-37008", "name": "Town of Kingsville", "listed_as": "Kingsville, Town of", "geographic_area": "Essex", "jurisdiction": "municipality", "sunday_gun": true, "basis": "reg663_part7"}, "geometry": {"type": "Polygon", "coordinates": [[[-82.6357, 42.1717], [-82.8039, 42.1772], [-82.8118, 42.1719], [-82.8018, 42.1637], [-82.8096, 42.1658], [-82.814, 42.1629], [-82.8261, 41.9972], [-82.7792, 42.0102], [-82.7416, 42.0268], [-82.7306, 42.024], [-82.7349, 42.0269], [-82.7179, 42.0323], [-82.6912, 42.0326], [-82.6774, 42.0366], [-82.6453, 42.0357], [-82.6357, 42.1717]]]}}, {"type": "Feature", "properties": {"id": "on-sunday-44027", "name": "Township of Lake of Bays", "listed_as": "Lake of Bays, Township of", "geographic_area": "Muskoka", "jurisdiction": "municipality", "sunday_gun": true, "basis": "reg663_part7"}, "geometry": {"type": "Polygon", "coordinates": [[[-78.8598, 45.4144], [-78.9244, 45.534], [-79.0017, 45.5131], [-79.0035, 45.5162], [-79.1726, 45.4698], [-79.1066, 45.3475], [-79.1225, 45.3431], [-79.0551, 45.224], [-79.0766, 45.2157], [-79.0986, 45.2168], [-79.1077, 45.2136], [-79.1098, 45.2113], [-79.1074, 45.2098], [-79.2191, 45.1797], [-79.1735, 45.0952], [-79.0178, 45.139], [-79.001, 45.1061], [-78.8434, 45.1451], [-78.8479, 45.1536], [-78.8458, 45.1594], [-78.855, 45.1684], [-78.8556, 45.1747], [-78.8634, 45.1793], [-78.8695, 45.1784], [-78.8669, 45.1822], [-78.8693, 45.1905], [-78.8672, 45.1942], [-78.875, 45.2086], [-78.8693, 45.212], [-78.8792, 45.2135], [-78.8831, 45.2186], [-78.8828, 45.2259], [-78.886, 45.2264], [-78.8954, 45.2409], [-78.8933, 45.2504], [-78.9015, 45.255], [-78.9052, 45.2633], [-78.9062, 45.276], [-78.9124, 45.2769], [-78.9182, 45.2853], [-78.9193, 45.2965], [-78.9264, 45.3065], [-78.9249, 45.3086], [-78.9336, 45.3163], [-78.9343, 45.3256], [-78.9401, 45.3286], [-78.9509, 45.3558], [-78.9591, 45.3587], [-78.9578, 45.3702], [-78.9693, 45.3718], [-78.9679, 45.3755], [-78.9727, 45.3781], [-78.9716, 45.3844], [-78.8598, 45.4144]]]}}, {"type": "Feature", "properties": {"id": "on-sunday-37049", "name": "Municipality of Lakeshore", "listed_as": "Lakeshore, Town of", "geographic_area": "Essex", "jurisdiction": "municipality", "sunday_gun": true, "basis": "reg663_part7"}, "geometry": {"type": "Polygon", "coordinates": [[[-82.4374, 42.3162], [-82.4614, 42.3179], [-82.4721, 42.3089], [-82.4829, 42.3068], [-82.5038, 42.3058], [-82.5597, 42.3154], [-82.5797, 42.3128], [-82.6197, 42.3014], [-82.7089, 42.2971], [-82.7093, 42.3026], [-82.7108, 42.2972], [-82.7228, 42.2965], [-82.7774, 42.303], [-82.8431, 42.3201], [-82.8408, 42.3169], [-82.8451, 42.3095], [-82.8693, 42.3101], [-82.8774, 42.1797], [-82.8353, 42.1783], [-82.8304, 42.1816], [-82.8317, 42.1845], [-82.8222, 42.1798], [-82.8064, 42.1789], [-82.8053, 42.1763], [-82.4578, 42.1654], [-82.4559, 42.1944], [-82.437, 42.1937], [-82.433, 42.247], [-82.4361, 42.2458], [-82.4371, 42.2531], [-82.4402, 42.2517], [-82.4396, 42.2602], [-82.4503, 42.2587], [-82.4465, 42.2685], [-82.4357, 42.271], [-82.4351, 42.2789], [-82.4385, 42.279], [-82.4383, 42.2818], [-82.4309, 42.2821], [-82.4299, 42.2982], [-82.4374, 42.3052], [-82.4441, 42.306], [-82.4374, 42.3162]]]}}, {"type": "Feature", "properties": {"id": "on-sunday-38037", "name": "Municipality of Lambton Shores", "listed_as": "Lambton Shores, Municipality of", "geographic_area": "Lambton", "jurisdiction": "municipality", "sunday_gun": true, "basis": "reg663_part7"}, "geometry": {"type": "Polygon", "coordinates": [[[-81.76079190496495, 43.318239012380346], [-81.78456661060275, 43.29887170782805], [-81.82332722042756, 43.27415150159793], [-81.9039014419086, 43.23432749065523], [-81.97480356190182, 43.211224183101216], [-81.99851696903833, 43.20837218142343], [-82.00942017271524, 43.21131498139328], [-82.0093940724114, 43.208139480841076], [-81.98951696607709, 43.20673648158637], [-81.9885523629803, 43.17665897638804], [-81.99777136566345, 43.174575775565906], [-81.99956776660186, 43.17864387618639], [-82.02050077313943, 43.17871347515655], [-82.02212837353026, 43.17745607485618], [-82.01877367250574, 43.17769327506462], [-82.01841947227334, 43.17638177485345], [-82.0215537732343, 43.17620067466579], [-82.02182337296672, 43.17241637399214], [-82.05836978194542, 43.14637646762812], [-82.06321558260078, 43.13716456577873], [-82.08708848832775, 43.11869546136487], [-82.02286816725638, 43.107334562574756], [-82.02421036482573, 43.07652595712073], [-81.97015944810644, 43.077942660050056], [-81.97021564996167, 43.097851763530606], [-81.84677510941707, 43.075763965773106], [-81.8464243083951, 43.06583086404989], [-81.82180410070444, 43.065751565250984], [-81.8215370011311, 43.07130906623818], [-81.80907649704486, 43.06916306647669], [-81.80909339842142, 43.08410266909397], [-81.81671550068378, 43.082828068494585], [-81.8135415007345, 43.094165370637285], [-81.82432950503723, 43.10433097188493], [-81.80349359931202, 43.1128178743997], [-81.80578270027557, 43.115521174759955], [-81.81302300250653, 43.11519547434537], [-81.8119396028784, 43.12291127574945], [-81.80196789958173, 43.12092857589485], [-81.79619229800247, 43.12336857660716], [-81.80714810192855, 43.12884777702502], [-81.80538570186603, 43.13414617803923], [-81.80811730307413, 43.137998878578315], [-81.80530200261313, 43.14253917951176], [-81.8076439040246, 43.14991548068618], [-81.81621970711967, 43.154429081051504], [-81.81507500742005, 43.16155998235488], [-81.80624030511379, 43.16647618365124], [-81.81123760704787, 43.170515484110155], [-81.80771310657059, 43.17727148546524], [-81.81481590900268, 43.179575885516535], [-81.81875261113517, 43.18934048702764], [-81.81373990995347, 43.19350038800244], [-81.81135211035577, 43.205916790288995], [-81.81726491258107, 43.20999429070817], [-81.81300001178451, 43.21578789193076], [-81.79782490777305, 43.22369269406207], [-81.79263710543538, 43.21595759296865], [-81.78237570183981, 43.21176479274439], [-81.78123900245853, 43.22229429463908], [-81.77370850137909, 43.23606879741609], [-81.77723330370033, 43.24922759953754], [-81.76927590188816, 43.25652560120463], [-81.77235820317213, 43.25997610165376], [-81.76730010206964, 43.26514730280611], [-81.76874190314875, 43.2719182039153], [-81.76023500087132, 43.27605400505779], [-81.76379810260644, 43.28273880604659], [-81.76109720218199, 43.28726810696983], [-81.7626312032616, 43.293725008019045], [-81.75509090084564, 43.29311490828639], [-81.7531016015509, 43.30740571087486], [-81.7457961992141, 43.30686151114213], [-81.7431618987479, 43.3107160119441], [-81.76079190496495, 43.318239012380346]], [[-81.9930377642492, 43.175251275919265], [-81.98829006287734, 43.17643147636139], [-81.98429896063631, 43.16570507468774], [-81.98855756197214, 43.16578127448933], [-81.9930377642492, 43.175251275919265]]]}}, {"type": "Feature", "properties": {"id": "on-sunday-9033", "name": "Township of Lanark Highlands", "listed_as": "Lanark Highlands, Township of", "geographic_area": "Lanark", "jurisdiction": "municipality", "sunday_gun": true, "basis": "reg663_part7"}, "geometry": {"type": "Polygon", "coordinates": [[[-76.2278, 45.0919], [-76.5061, 45.3118], [-76.5287, 45.2984], [-76.7691, 45.1451], [-76.6897, 44.9987], [-76.6087, 44.8579], [-76.2278, 45.0919]]]}}, {"type": "Feature", "properties": {"id": "on-sunday-37003", "name": "Municipality of Leamington", "listed_as": "Leamington, Municipality of", "geographic_area": "Essex", "jurisdiction": "municipality", "sunday_gun": true, "basis": "reg663_part7"}, "geometry": {"type": "MultiPolygon", "coordinates": [[[[-82.5746, 42.011], [-82.5451, 41.9815], [-82.5316, 41.9631], [-82.5189, 41.9384], [-82.509, 41.9094], [-82.5007, 41.9861], [-82.5152, 41.9867], [-82.5007, 41.9865], [-82.495, 42.0059], [-82.4997, 41.9861], [-82.4828, 42.0395], [-82.4653, 42.0616], [-82.4936, 41.6766], [-82.6738, 41.6769], [-82.6718, 41.702], [-82.6603, 41.7022], [-82.6497, 41.7083], [-82.6462, 41.7166], [-82.649, 41.7267], [-82.6306, 41.729], [-82.6118, 41.7364], [-82.6029, 41.7427], [-82.6003, 41.7487], [-82.6113, 41.7779], [-82.6067, 41.8009], [-82.6138, 41.8116], [-82.6152, 41.8268], [-82.624, 41.8407], [-82.6303, 41.8449], [-82.6434, 41.8471], [-82.6522, 41.8434], [-82.6613, 41.8338], [-82.6453, 42.0357], [-82.6232, 42.0305], [-82.6117, 42.032], [-82.6022, 42.0283], [-82.6032, 42.0239], [-82.6021, 42.0282], [-82.5968, 42.0272], [-82.5746, 42.011]]], [[[-82.4653, 42.0663], [-82.4651, 42.0645], [-82.4665, 42.0649], [-82.4653, 42.0663]]]]}}, {"type": "Feature", "properties": {"id": "on-sunday-7019", "name": "Township of Leeds and The Thousand Islands", "listed_as": "Leeds and the Thousand Islands, Township of", "geographic_area": "Leeds and Grenville", "jurisdiction": "municipality", "sunday_gun": true, "basis": "reg663_part7"}, "geometry": {"type": "Polygon", "coordinates": [[[-75.86220950973146, 44.421849274890036], [-75.8745106150137, 44.43730617709429], [-75.87718791559982, 44.433695776349296], [-75.88346031760322, 44.43303537597312], [-75.89976252145648, 44.414578272055024], [-75.89778172075964, 44.41399067203408], [-75.91116172450852, 44.40610647009355], [-75.90548452264332, 44.40605237031973], [-75.90829972344645, 44.40457156994272], [-75.90813652332612, 44.40374456980416], [-75.90964282375197, 44.402904369594], [-75.91036142386999, 44.401449369308516], [-75.9088834234061, 44.40170376941455], [-75.90787012329135, 44.40439496992949], [-75.89832412048617, 44.408404571030225], [-75.91702092542438, 44.39367126766519], [-75.91966002636532, 44.39461356772118], [-75.91803392605888, 44.397417468281446], [-75.91943802650793, 44.39728006819904], [-75.92491022783665, 44.391528066960895], [-75.92388482726426, 44.38860136648911], [-75.9304707292028, 44.38588296573779], [-75.9289747283813, 44.38178086507884], [-75.93738663063536, 44.3755628636363], [-75.9487266343139, 44.37510916308545], [-75.95864853709571, 44.36930926165334], [-75.97754134317947, 44.36801466064017], [-75.98659844576328, 44.36328205943127], [-75.98501274570654, 44.369003860503234], [-75.9903632470555, 44.364015059403464], [-76.01159375405061, 44.36453995861192], [-76.01521055507055, 44.36250895810422], [-76.0128086542027, 44.36150395802756], [-76.01527985471577, 44.35784445728123], [-76.01823035563093, 44.35721505704764], [-76.01807955587243, 44.36080875768579], [-76.02434255781293, 44.35944725718552], [-76.02088765642915, 44.356327056780835], [-76.0264317584073, 44.35833925690361], [-76.0246369576431, 44.356158456595026], [-76.02858455891088, 44.355853156376796], [-76.02914375906879, 44.35554215629886], [-76.02435475752324, 44.35581875654699], [-76.02603555789527, 44.353616056089635], [-76.0331402600566, 44.35158085543576], [-76.02998375933959, 44.355489556254604], [-76.03211956016554, 44.35705465644077], [-76.03422506049625, 44.35262455557405], [-76.04048566254203, 44.3525767553047], [-76.04423976338113, 44.34776195430158], [-76.04616386414587, 44.3494278545143], [-76.0612980690551, 44.348874253785795], [-76.06323136958143, 44.347559753474016], [-76.05504726688463, 44.3473385537765], [-76.06147656867581, 44.34347085282821], [-76.06712417064699, 44.34498465285882], [-76.06539317052965, 44.350528753905806], [-76.07019037189554, 44.34800795326247], [-76.06837387159203, 44.35159915396964], [-76.06334456989997, 44.351033754080106], [-76.05753916835566, 44.35542725509473], [-76.05773826869502, 44.358810655681225], [-76.05320346747435, 44.36206635644272], [-76.04997516674604, 44.36612055728994], [-76.04849526649544, 44.369005857858774], [-76.05575736816915, 44.36032325602976], [-76.06270577003286, 44.35525325484857], [-76.06542747108743, 44.357271855089884], [-76.07225377270875, 44.34970835347533], [-76.07223297288657, 44.35198625387664], [-76.07957957537691, 44.35304255375566], [-76.09678698059594, 44.34795365214242], [-76.10263218217993, 44.343899851185526], [-76.09490497976165, 44.345261951747815], [-76.10640418301759, 44.33901085016831], [-76.10646498308346, 44.339577250265336], [-76.11153818509088, 44.343858250805994], [-76.10729908403367, 44.3479238516979], [-76.104139683117, 44.34936815208383], [-76.10228398262073, 44.35073655240197], [-76.10253678271204, 44.350842152409946], [-76.11186738531893, 44.34534065105283], [-76.11235128513056, 44.34106855028155], [-76.10974888436215, 44.34209315057046], [-76.10910148406462, 44.34103715041185], [-76.11622018593755, 44.335412849125426], [-76.14808539606506, 44.33174784714833], [-76.16316250017627, 44.32164674474105], [-76.16512040102928, 44.324264545119455], [-76.1825387062542, 44.31845904336903], [-76.19120600850017, 44.31122014173275], [-76.18872700750224, 44.30891434143101], [-76.19366560901118, 44.30761144099488], [-76.19367140873365, 44.30417234038967], [-76.1989494110592, 44.31155364146695], [-76.20710691375457, 44.31189984118585], [-76.21386971637959, 44.316986841796876], [-76.20749021475402, 44.3226453430594], [-76.2116921160313, 44.32145744267428], [-76.21117421604563, 44.32371384309272], [-76.21430401670145, 44.31919704216732], [-76.21687181757834, 44.31965594214027], [-76.21651021766563, 44.322180742599336], [-76.21748821798526, 44.32217904255804], [-76.21808581786797, 44.31833754185753], [-76.2239250199062, 44.31992264189123], [-76.22196171938401, 44.321393242232176], [-76.22328651975079, 44.320577742033215], [-76.22643732079213, 44.32071534192522], [-76.22748302110381, 44.320343841816], [-76.22231421925932, 44.31844544169915], [-76.23432212245761, 44.30950893962385], [-76.23417972205655, 44.30515243886363], [-76.20584321296603, 44.30728284042677], [-76.19438410879648, 44.30207783999133], [-76.19985420992684, 44.29397633833665], [-76.16127909622787, 44.28056683759084], [-76.13170298789595, 44.297096541737176], [-76.12883958677801, 44.29485614146243], [-76.11833638334917, 44.294932541914584], [-76.09730347685411, 44.29968314362894], [-76.04649286283905, 44.331949951426395], [-76.00775805115903, 44.34431705521531], [-76.0012387492831, 44.347516556049435], [-75.985231643994, 44.34692585661146], [-75.98195294296121, 44.34743125683672], [-75.97524394065842, 44.34612025688504], [-75.97299773967515, 44.34305145643848], [-75.97042793878235, 44.342415956433435], [-75.94863023223955, 44.34980145863844], [-75.93028832699895, 44.3593164610739], [-75.92133442487086, 44.36930146320173], [-75.91260672185653, 44.36738186322632], [-75.85226380546221, 44.40935197310649], [-75.85793650781827, 44.415503273952304], [-75.86849161027324, 44.40303547132405], [-75.87991831380953, 44.40043627039354], [-75.88056661419961, 44.402636970753406], [-75.88099181385793, 44.396673769687744], [-75.89355641761686, 44.392218868383665], [-75.89631071801308, 44.38594016716568], [-75.90672402125789, 44.38385926636785], [-75.88644921602253, 44.401331070279994], [-75.88043711481113, 44.41074067218273], [-75.86220950973146, 44.421849274890036]], [[-75.88726331808965, 44.42362497416278], [-75.88750851807022, 44.42238957393566], [-75.88866111849832, 44.42301077399693], [-75.88726331808965, 44.42362497416278]], [[-75.8724049128251, 44.41876067392477], [-75.87553431365589, 44.416342173370154], [-75.87924481476401, 44.41499917298034], [-75.8780245146249, 44.41823167359881], [-75.8724049128251, 44.41876067392477]], [[-75.89102711876193, 44.41667237278546], [-75.89150671879739, 44.41516527250079], [-75.89274311916485, 44.414696372367125], [-75.89102711876193, 44.41667237278546]], [[-75.89492111930595, 44.40760297103061], [-75.89430391922836, 44.409147371327556], [-75.89329601888112, 44.40893927133281], [-75.89492111930595, 44.40760297103061]], [[-75.89123601786987, 44.40477797068712], [-75.89323791842088, 44.40347487037512], [-75.89143331798238, 44.4053706707831], [-75.89123601786987, 44.40477797068712]], [[-75.89622391917905, 44.400742069771], [-75.91370082359343, 44.38446996618566], [-75.92338282639135, 44.379827564967655], [-75.91373032434596, 44.39367146780184], [-75.89622391917905, 44.400742069771]], [[-75.89133181761055, 44.40117617005019], [-75.89046961728337, 44.400624569989056], [-75.89328591809065, 44.39918906961997], [-75.89133181761055, 44.40117617005019]], [[-75.90919122223117, 44.38590116662443], [-75.9085770219707, 44.38516786652102], [-75.91031742251597, 44.384857066394154], [-75.90919122223117, 44.38590116662443]], [[-75.90756542146917, 44.38306036619248], [-75.90978642212579, 44.382178265945235], [-75.91256792300938, 44.38183216576894], [-75.90938372218515, 44.38454946637883], [-75.90756542146917, 44.38306036619248]], [[-75.91020052356863, 44.39837136877433], [-75.91140092373956, 44.3956160682403], [-75.91267362418058, 44.395911868239445], [-75.91020052356863, 44.39837136877433]], [[-75.91469482314928, 44.37492776446669], [-75.9120323222691, 44.374832064560394], [-75.91557212329958, 44.373228264131484], [-75.91469482314928, 44.37492776446669]], [[-75.93269142883327, 44.37229436325662], [-75.94020713078137, 44.36592456182434], [-75.94790193318352, 44.3644562612465], [-75.94357063226109, 44.370605462507775], [-75.93269142883327, 44.37229436325662]], [[-75.95367973516316, 44.3655336611959], [-75.9476664328093, 44.360775560608936], [-75.9503956335481, 44.35885316015746], [-75.95146613391839, 44.359096260155745], [-75.95443403486088, 44.35872945996793], [-75.95479483496358, 44.358537259919125], [-75.9550522350179, 44.358165859843105], [-75.94999503335904, 44.358136160048], [-75.93746582972894, 44.36401136160172], [-75.93205202786604, 44.36290336163164], [-75.94924423243737, 44.34976035860572], [-75.96497773740298, 44.34744065754402], [-75.97042493882782, 44.342992256535], [-75.97455104066306, 44.34898905741853], [-75.99061814577664, 44.34715865642837], [-75.988616745271, 44.34901245683771], [-75.99733814819126, 44.349810256615235], [-75.96952413983311, 44.35909765940549], [-75.964871538508, 44.36155896003184], [-75.96168803773217, 44.36486316074522], [-75.95367973516316, 44.3655336611959]], [[-75.93671762900063, 44.358021360579194], [-75.93601902872938, 44.35749596051576], [-75.93705742905357, 44.357298360437895], [-75.93671762900063, 44.358021360579194]], [[-76.0499800652895, 44.34812345412582], [-76.04872386475749, 44.34663165391588], [-76.0507877653477, 44.34557725364441], [-76.0499800652895, 44.34812345412582]], [[-76.00613955080635, 44.34651005566846], [-76.0083406513763, 44.344644955248725], [-76.01072555210227, 44.343966655030144], [-76.00881045167384, 44.34642335554204], [-76.00613955080635, 44.34651005566846]], [[-76.04128476198241, 44.34243215348739], [-76.03997076150878, 44.34189495344766], [-76.04307276242575, 44.34067825310438], [-76.04128476198241, 44.34243215348739]], [[-76.03972296132802, 44.3406637532414], [-76.04272796228473, 44.34033025305756], [-76.0394046613166, 44.34181015345636], [-76.03972296132802, 44.3406637532414]], [[-76.05311766570297, 44.34054545266228], [-76.05306916546154, 44.33775955217429], [-76.0631240685598, 44.335379651336396], [-76.05808026729916, 44.34019815239426], [-76.05311766570297, 44.34054545266228]], [[-76.05457736579888, 44.33582805177164], [-76.05533416595273, 44.33466865153613], [-76.05586166618471, 44.33540195164319], [-76.05457736579888, 44.33582805177164]], [[-76.07351227216081, 44.33786345133989], [-76.07379217207888, 44.33572095095139], [-76.06904697061994, 44.33688205135358], [-76.07212887127767, 44.332549450462935], [-76.06848317021418, 44.3341502508966], [-76.06787366981477, 44.33168065048764], [-76.08104037383423, 44.32810814930983], [-76.0821200744135, 44.3308978497555], [-76.07351227216081, 44.33786345133989]], [[-76.0690539711006, 44.34278795239198], [-76.06700837031597, 44.34136665222736], [-76.07111087126977, 44.33656555121182], [-76.0690539711006, 44.34278795239198]], [[-76.06536746984649, 44.34220125244261], [-76.06450246950934, 44.34153395236132], [-76.06562966987012, 44.34143345229664], [-76.06536746984649, 44.34220125244261]], [[-76.04944226477924, 44.34399605342239], [-76.04977506469116, 44.34156205298044], [-76.0528779657271, 44.34181275289513], [-76.05229696563137, 44.34297945312457], [-76.04944226477924, 44.34399605342239]], [[-76.06366236912417, 44.34017345215711], [-76.06315766889013, 44.339322852028516], [-76.06375546906638, 44.33908325196146], [-76.06366236912417, 44.34017345215711]], [[-76.05239876578489, 44.34446415338147], [-76.05407916616163, 44.34232385293499], [-76.05600996684541, 44.342963252966875], [-76.05499376662584, 44.34435895325477], [-76.05239876578489, 44.34446415338147]], [[-76.03656596071725, 44.345887154291724], [-76.03973876163482, 44.344390853896286], [-76.04071696201045, 44.34507515397592], [-76.03996426182215, 44.345793254133554], [-76.03656596071725, 44.345887154291724]], [[-76.04988866507372, 44.345828553726086], [-76.04817676448695, 44.34550215374006], [-76.05013346512526, 44.34547515365368], [-76.04988866507372, 44.345828553726086]], [[-76.052508365976, 44.346380653713936], [-76.05243816586263, 44.34526505352063], [-76.05327096615723, 44.34553645353365], [-76.052508365976, 44.346380653713936]], [[-76.0094601519334, 44.34700285561688], [-76.01110395229576, 44.34482775516587], [-76.01279495289474, 44.34538875519416], [-76.0094601519334, 44.34700285561688]], [[-76.06262796864789, 44.338472451901076], [-76.0638627690197, 44.33807375177942], [-76.06312406884047, 44.33884585194603], [-76.06262796864789, 44.338472451901076]], [[-76.07446197259804, 44.33942415157478], [-76.07301747206073, 44.33862735149487], [-76.0756902729393, 44.338674151391565], [-76.07446197259804, 44.33942415157478]], [[-76.09294677889669, 44.34249855134373], [-76.0936505790228, 44.341213451088336], [-76.09422607925963, 44.34181105116937], [-76.09294677889669, 44.34249855134373]], [[-76.10128558074219, 44.331605749079856], [-76.10556478188137, 44.32838624833485], [-76.10132108090782, 44.333505149412446], [-76.10128558074219, 44.331605749079856]], [[-76.10104708104396, 44.33628964991355], [-76.10060398098912, 44.33740115012756], [-76.09837018030882, 44.33802605033073], [-76.10104708104396, 44.33628964991355]], [[-76.03418456023815, 44.349599855043884], [-76.03324285981107, 44.34813195482496], [-76.03539706055624, 44.348625454821985], [-76.03418456023815, 44.349599855043884]], [[-76.00178504967259, 44.350122456485096], [-76.00086834930904, 44.349338356385296], [-76.00253554984793, 44.34925165630067], [-76.00178504967259, 44.350122456485096]], [[-76.01155365296529, 44.35128765628339], [-75.99661114867425, 44.35872975821414], [-76.00546555089836, 44.35037835637687], [-76.01155365296529, 44.35128765628339]], [[-75.99433554802816, 44.359955958524424], [-75.99405514785502, 44.358950158359264], [-75.99514454820154, 44.35882345829164], [-75.99433554802816, 44.359955958524424]], [[-75.97888294312818, 44.3619438595169], [-75.98515544493002, 44.358819858706596], [-75.98764704589924, 44.36071615893643], [-75.98588054539549, 44.361640759172516], [-75.97888294312818, 44.3619438595169]], [[-75.97847674285138, 44.36016455922089], [-75.97567834205684, 44.36167415960275], [-75.97487374172623, 44.36084365949016], [-75.97847674285138, 44.36016455922089]], [[-75.9652722387575, 44.36302306027262], [-75.96533283864427, 44.361374959980246], [-75.96743073934229, 44.36151025991686], [-75.9652722387575, 44.36302306027262]], [[-75.97600354227956, 44.36311195984209], [-75.97492904189052, 44.36265285980603], [-75.97684404249239, 44.36233935967127], [-75.97600354227956, 44.36311195984209]], [[-75.96699073937818, 44.363737860326886], [-75.96649813913932, 44.36277886017871], [-75.96766103956158, 44.36329096022046], [-75.96699073937818, 44.363737860326886]], [[-75.98844284642497, 44.36399545947996], [-75.98995774690404, 44.363784259379756], [-75.9885613464899, 44.364318559531824], [-75.98844284642497, 44.36399545947996]], [[-75.98834544646739, 44.36491465964564], [-75.98686114596559, 44.3647203596732], [-75.98805204628997, 44.363908559480954], [-75.98834544646739, 44.36491465964564]], [[-76.0069721518704, 44.356297957355224], [-76.00856155237076, 44.356049857245395], [-76.00574745161076, 44.35804635771365], [-76.0069721518704, 44.356297957355224]], [[-76.00957005295955, 44.35924595776541], [-76.00913365271136, 44.35794445755475], [-76.0103937531493, 44.358257357557285], [-76.00957005295955, 44.35924595776541]], [[-75.98123264373095, 44.35987985905619], [-75.97974674315948, 44.35883015893345], [-75.98218824393193, 44.35849415877279], [-75.98123264373095, 44.35987985905619]], [[-75.99161104700903, 44.358385958361765], [-75.98960114628161, 44.35753005829484], [-75.99177864702597, 44.357916458272214], [-75.99161104700903, 44.358385958361765]], [[-75.98931994634479, 44.359450358644224], [-75.9876400457434, 44.358816358602645], [-75.98993934650936, 44.3589768585352], [-75.98931994634479, 44.359450358644224]], [[-75.98528494481151, 44.35682885835111], [-75.98273374395741, 44.35659865841671], [-75.98556814487785, 44.35650255828195], [-75.98528494481151, 44.35682885835111]], [[-76.00022394937433, 44.352756257013255], [-75.99012424637398, 44.356553258101314], [-75.9925696469875, 44.35423625759208], [-76.00022394937433, 44.352756257013255]], [[-76.08082737343446, 44.32403174860159], [-76.08306227395624, 44.32144474805315], [-76.08976217599819, 44.31958924744706], [-76.08388487442305, 44.32388564844831], [-76.08082737343446, 44.32403174860159]], [[-76.07995397305747, 44.3229058484399], [-76.08160897337618, 44.32015304788651], [-76.08203757358163, 44.32095904801046], [-76.07995397305747, 44.3229058484399]], [[-76.09349317724813, 44.31994974735476], [-76.09351457702033, 44.317050646843796], [-76.10175387971898, 44.317088246506415], [-76.0994877791566, 44.319297846989826], [-76.09349317724813, 44.31994974735476]], [[-76.15696789768457, 44.31591184399161], [-76.14962159539309, 44.31728254454009], [-76.15264119621457, 44.31523534405358], [-76.15696789768457, 44.31591184399161]], [[-76.12840348866266, 44.31987084588262], [-76.1274205881616, 44.31765704553426], [-76.1312603893759, 44.31714174528314], [-76.12840348866266, 44.31987084588262]], [[-76.16814990179019, 44.321433944494785], [-76.16714840141888, 44.32089494444191], [-76.16846170183344, 44.320710544354526], [-76.16814990179019, 44.321433944494785]], [[-76.10015937962451, 44.32236154750078], [-76.09879897909805, 44.32135714738088], [-76.1012052798791, 44.32128004726686], [-76.10015937962451, 44.32236154750078]], [[-76.0951579773971, 44.31506314642548], [-76.09506517729025, 44.31411864626313], [-76.09702867791141, 44.313856746135095], [-76.0951579773971, 44.31506314642548]], [[-76.14802529459469, 44.313877244007806], [-76.1459180936932, 44.31126064363559], [-76.15816939713555, 44.30430384189908], [-76.15574869701426, 44.31256594345405], [-76.14802529459469, 44.313877244007806]], [[-76.0959851775023, 44.31302024603145], [-76.09799237805535, 44.31174074572248], [-76.09887347835824, 44.31192134571745], [-76.0959851775023, 44.31302024603145]], [[-76.10908488156096, 44.310219944991694], [-76.11090138204068, 44.308806744667145], [-76.11150978226696, 44.30914304470093], [-76.10908488156096, 44.310219944991694]], [[-76.1115503821854, 44.30797224449317], [-76.11280858250919, 44.306888544249944], [-76.1136602827842, 44.306844244206566], [-76.1115503821854, 44.30797224449317]], [[-76.10571658015333, 44.30644424446784], [-76.1074711807245, 44.30640934438845], [-76.10484887991171, 44.30696594459593], [-76.10571658015333, 44.30644424446784]], [[-76.11203448216254, 44.305734844079254], [-76.10939398126591, 44.305328244117916], [-76.11297958233096, 44.303996943733864], [-76.11203448216254, 44.305734844079254]], [[-76.10581868003213, 44.30453464412751], [-76.107850180483, 44.30189514357811], [-76.1081062806985, 44.30352214385377], [-76.10581868003213, 44.30453464412751]], [[-76.10550537966027, 44.3012065435548], [-76.1012733784068, 44.30282304401594], [-76.10341217892326, 44.300560643528456], [-76.10550537966027, 44.3012065435548]], [[-76.098373977497, 44.303301144221116], [-76.09658087674578, 44.30126574393763], [-76.10300727877367, 44.300348443507986], [-76.098373977497, 44.303301144221116]], [[-76.11345828233625, 44.30212874338507], [-76.1088003806757, 44.3004363432816], [-76.11372708228691, 44.30043334307539], [-76.11345828233625, 44.30212874338507]], [[-76.11365038214818, 44.299029642831535], [-76.11129358143022, 44.2996829430449], [-76.11109068135455, 44.29956774303311], [-76.11365038214818, 44.299029642831535]], [[-76.1259151860726, 44.29795524213012], [-76.12655638634305, 44.29870504223531], [-76.12536818601883, 44.299500042424924], [-76.1259151860726, 44.29795524213012]], [[-76.17540440265485, 44.30286744092509], [-76.17649410244616, 44.2959057396544], [-76.18679200573794, 44.29497993906034], [-76.18381310508587, 44.29894523988286], [-76.17540440265485, 44.30286744092509]], [[-76.15371029543489, 44.30131494155966], [-76.15107469456125, 44.30117024164439], [-76.14872559372051, 44.30027594158527], [-76.15371029543489, 44.30131494155966]], [[-76.15747749689963, 44.304184741907065], [-76.15605439640765, 44.30385704190892], [-76.15821639708587, 44.303502041756055], [-76.15747749689963, 44.304184741907065]], [[-76.1701719010783, 44.3045235414355], [-76.16946240076429, 44.30351354128749], [-76.17080780122066, 44.30371594126676], [-76.1701719010783, 44.3045235414355]], [[-76.18274890540111, 44.30711314136457], [-76.18122850473858, 44.30507604106981], [-76.17640890324415, 44.306080141448305], [-76.18001400419628, 44.303287940806044], [-76.18274890540111, 44.30711314136457]], [[-76.17168180169645, 44.30605654164202], [-76.17022070129373, 44.306980941865795], [-76.16761130048575, 44.30753884207321], [-76.17168180169645, 44.30605654164202]], [[-76.16183589861573, 44.30776884235536], [-76.16283289896796, 44.30809164237043], [-76.1615929985686, 44.30816734243565], [-76.16183589861573, 44.30776884235536]], [[-76.17160340201661, 44.31031584239464], [-76.17112180173527, 44.3087903421464], [-76.1728939023323, 44.30900604211019], [-76.17160340201661, 44.31031584239464]], [[-76.1695296014199, 44.31131854265786], [-76.16989500144402, 44.310144342435954], [-76.17090780181532, 44.31063804248046], [-76.1695296014199, 44.31131854265786]], [[-76.16489469987143, 44.31091564278094], [-76.15891419796952, 44.31157974314809], [-76.15955359802314, 44.30966454278437], [-76.16489469987143, 44.31091564278094]], [[-76.16736700104778, 44.315445643474376], [-76.1701769017151, 44.312347342811705], [-76.17680620381677, 44.311531842390714], [-76.17242750273148, 44.31579944332471], [-76.16736700104778, 44.315445643474376]], [[-76.17700360386725, 44.311358842352], [-76.17863530440752, 44.31144104229814], [-76.17705820395386, 44.312204542498485], [-76.17700360386725, 44.311358842352]], [[-76.17531280281283, 44.30518204133615], [-76.17228370184309, 44.30543824150806], [-76.17476100252976, 44.303918241136884], [-76.17531280281283, 44.30518204133615]], [[-76.18852910689063, 44.30218234025499], [-76.18630790635787, 44.30456414076703], [-76.18563270604258, 44.30340084059067], [-76.18852910689063, 44.30218234025499]], [[-76.1200592840964, 44.297202342242244], [-76.11888928364249, 44.296322442136166], [-76.12000618401346, 44.2963927421019], [-76.1200592840964, 44.297202342242244]], [[-76.1275242864583, 44.296219741757405], [-76.1291111869556, 44.295951741643925], [-76.12828008677413, 44.29706744187505], [-76.1275242864583, 44.296219741757405]], [[-76.15000819389586, 44.29726484100165], [-76.14631259243718, 44.294178340612895], [-76.15180019380396, 44.288900939454464], [-76.15551849495034, 44.288044239148185], [-76.15201669425252, 44.293562440265994], [-76.15504709533437, 44.2946841403367], [-76.15000819389586, 44.29726484100165]], [[-76.18084440376991, 44.29469053925844], [-76.17683470246449, 44.29475893943836], [-76.18142260391464, 44.29414443913812], [-76.18084440376991, 44.29469053925844]], [[-76.17367270146903, 44.29523253965401], [-76.17477380187127, 44.295752539699436], [-76.17351000146786, 44.29587343977362], [-76.17367270146903, 44.29523253965401]], [[-76.15346029499273, 44.29687004078782], [-76.15634449578455, 44.29500414033882], [-76.15793589630289, 44.29497904026782], [-76.15756289629734, 44.29641424053603], [-76.15346029499273, 44.29687004078782]], [[-76.18863120637572, 44.2954290390624], [-76.18869150628498, 44.2940689388205], [-76.18953950654401, 44.29384413874543], [-76.18863120637572, 44.2954290390624]], [[-76.1922188077093, 44.29740833926046], [-76.19314210779254, 44.29471573874791], [-76.1962820088939, 44.2956373387786], [-76.19430580836574, 44.29708943911689], [-76.1922188077093, 44.29740833926046]], [[-76.18820150652355, 44.29898063970531], [-76.18679060608538, 44.29926533981451], [-76.18593180577899, 44.29895023979507], [-76.18691220605925, 44.298453839666635], [-76.18820150652355, 44.29898063970531]], [[-76.184441205499, 44.30150444030689], [-76.18600490594537, 44.300705040100745], [-76.18607200598557, 44.300929440137445], [-76.184441205499, 44.30150444030689]], [[-76.0964745769027, 44.30363444435908], [-76.09529367645102, 44.30282664426614], [-76.09648207682937, 44.302698144193904], [-76.0964745769027, 44.30363444435908]], [[-76.11508268327388, 44.30714544420019], [-76.11385288275953, 44.30576204400806], [-76.11605098349578, 44.30597464395367], [-76.11508268327388, 44.30714544420019]], [[-75.88795601571218, 44.391362168465356], [-75.89001981621236, 44.38917636799552], [-75.89093431656812, 44.38987146807975], [-75.88795601571218, 44.391362168465356]], [[-75.88579861521774, 44.39399876901824], [-75.88825221584834, 44.39184606853808], [-75.88684751553038, 44.39361246890684], [-75.88579861521774, 44.39399876901824]]]}}, {"type": "Feature", "properties": {"id": "on-sunday-12051", "name": "Township of Limerick", "listed_as": "Limerick, Township of", "geographic_area": "Hastings", "jurisdiction": "municipality", "sunday_gun": true, "basis": "reg663_part7"}, "geometry": {"type": "Polygon", "coordinates": [[[-77.6296, 44.9951], [-77.788, 44.951], [-77.7204, 44.8136], [-77.5566, 44.8586], [-77.6296, 44.9951]]]}}, {"type": "Feature", "properties": {"id": "on-sunday-26057", "name": "Town of Lincoln", "listed_as": "Lincoln, Town of", "geographic_area": "Niagara", "jurisdiction": "municipality", "sunday_gun": true, "basis": "reg663_part7"}, "geometry": {"type": "Polygon", "coordinates": [[[-79.3178, 43.1836], [-79.339, 43.1802], [-79.3575, 43.1815], [-79.412, 43.1983], [-79.5131, 43.1952], [-79.5106, 43.0922], [-79.3896, 43.0958], [-79.3902, 43.1055], [-79.3104, 43.1079], [-79.3133, 43.1401], [-79.311, 43.1427], [-79.3165, 43.1456], [-79.3135, 43.1571], [-79.3205, 43.1752], [-79.3209, 43.1816], [-79.3178, 43.1836]]]}}, {"type": "Feature", "properties": {"id": "on-sunday-11002", "name": "Township of Loyalist", "listed_as": "Loyalist, Township of", "geographic_area": "Lennox and Addington", "jurisdiction": "municipality", "sunday_gun": true, "basis": "reg663_part7"}, "geometry": {"type": "MultiPolygon", "coordinates": [[[[-76.6748, 44.2125], [-76.6287, 44.2239], [-76.644, 44.2502], [-76.7286, 44.3741], [-76.9043, 44.289], [-76.8652, 44.2369], [-76.8146, 44.1589], [-76.7934, 44.1674], [-76.7869, 44.1752], [-76.7738, 44.1831], [-76.7674, 44.1801], [-76.7633, 44.1834], [-76.7581, 44.1823], [-76.7293, 44.1982], [-76.7251, 44.2036], [-76.709, 44.2042], [-76.6879, 44.2165], [-76.6856, 44.2149], [-76.6901, 44.2085], [-76.6845, 44.206], [-76.6743, 44.2099], [-76.6748, 44.2125]]], [[[-76.6419, 44.1918], [-76.6652, 44.1847], [-76.675, 44.1786], [-76.6772, 44.181], [-76.6838, 44.1798], [-76.7056, 44.1689], [-76.7096, 44.1682], [-76.7073, 44.1712], [-76.7102, 44.1715], [-76.7244, 44.1657], [-76.7205, 44.172], [-76.7239, 44.1744], [-76.7449, 44.159], [-76.7824, 44.1444], [-76.7884, 44.1465], [-76.8044, 44.1398], [-76.8126, 44.1282], [-76.8013, 44.1171], [-76.7869, 44.1215], [-76.7803, 44.1194], [-76.779, 44.1159], [-76.7859, 44.1014], [-76.771, 44.1076], [-76.7647, 44.1053], [-76.7656, 44.1023], [-76.7541, 44.1016], [-76.741, 44.1134], [-76.7316, 44.1144], [-76.7213, 44.11], [-76.7103, 44.1173], [-76.6991, 44.1141], [-76.7029, 44.1034], [-76.6977, 44.1062], [-76.681, 44.1325], [-76.682, 44.1374], [-76.6761, 44.1432], [-76.6632, 44.1488], [-76.6522, 44.1608], [-76.6276, 44.172], [-76.6189, 44.18], [-76.6202, 44.1861], [-76.6218, 44.1872], [-76.6368, 44.1878], [-76.6419, 44.1918]]]]}}, {"type": "Feature", "properties": {"id": "on-sunday-39057", "name": "Township of Lucan Biddulph", "listed_as": "Lucan Biddulph, Township of", "geographic_area": "Middlesex", "jurisdiction": "municipality", "sunday_gun": true, "basis": "reg663_part7"}, "geometry": {"type": "Polygon", "coordinates": [[[-81.2244, 43.2033], [-81.4311, 43.2931], [-81.4689, 43.2889], [-81.4401, 43.1431], [-81.2244, 43.2033]]]}}, {"type": "Feature", "properties": {"id": "on-sunday-49054", "name": "Township of Machar", "listed_as": "Machar, Township of", "geographic_area": "Parry Sound", "jurisdiction": "municipality", "sunday_gun": true, "basis": "reg663_part7"}, "geometry": {"type": "Polygon", "coordinates": [[[-79.3649, 45.8549], [-79.4164, 45.949], [-79.5872, 45.9035], [-79.5223, 45.7838], [-79.351, 45.8292], [-79.3556, 45.8378], [-79.3801, 45.8312], [-79.3847, 45.8399], [-79.3945, 45.8373], [-79.3992, 45.8458], [-79.3649, 45.8549]]]}}, {"type": "Feature", "properties": {"id": "on-sunday-12036", "name": "Township of Madoc", "listed_as": "Madoc, Township of", "geographic_area": "Hastings", "jurisdiction": "municipality", "sunday_gun": true, "basis": "reg663_part7"}, "geometry": {"type": "Polygon", "coordinates": [[[-77.4657, 44.5016], [-77.3823, 44.5222], [-77.4282, 44.6111], [-77.4614, 44.6898], [-77.5744, 44.6649], [-77.6301, 44.646], [-77.5548, 44.4786], [-77.4829, 44.4971], [-77.4859, 44.5009], [-77.4861, 44.5051], [-77.4818, 44.5063], [-77.4843, 44.5117], [-77.477, 44.5137], [-77.4755, 44.511], [-77.4711, 44.5121], [-77.4689, 44.5078], [-77.4577, 44.5104], [-77.4587, 44.5061], [-77.4669, 44.5039], [-77.4657, 44.5016]]]}}, {"type": "Feature", "properties": {"id": "on-sunday-49041", "name": "Municipality of Magnetawan", "listed_as": "Magnetawan, Municipality of", "geographic_area": "Parry Sound", "jurisdiction": "municipality", "sunday_gun": true, "basis": "reg663_part7"}, "geometry": {"type": "Polygon", "coordinates": [[[-79.4571, 45.6642], [-79.5223, 45.7838], [-79.8389, 45.6998], [-79.7725, 45.5799], [-79.8011, 45.5726], [-79.7347, 45.4539], [-79.5623, 45.499], [-79.6267, 45.6192], [-79.4571, 45.6642]]]}}, {"type": "Feature", "properties": {"id": "on-sunday-34007", "name": "Township of Malahide", "listed_as": "Malahide, Township of", "geographic_area": "Elgin", "jurisdiction": "municipality", "sunday_gun": true, "basis": "reg663_part7"}, "geometry": {"type": "Polygon", "coordinates": [[[-80.8601, 42.6543], [-80.9521, 42.6629], [-80.9502, 42.6615], [-80.9924, 42.6598], [-81.0062, 42.6562], [-81.0081, 42.6527], [-81.0356, 42.6585], [-81.0427, 42.2398], [-80.8653, 42.2683], [-80.8601, 42.6543]]]}}, {"type": "Feature", "properties": {"id": "on-sunday-23023", "name": "Township of Mapleton", "listed_as": "Mapleton, Township of", "geographic_area": "Wellington", "jurisdiction": "municipality", "sunday_gun": true, "basis": "reg663_part7"}, "geometry": {"type": "Polygon", "coordinates": [[[-80.5602, 43.8301], [-80.7598, 43.8455], [-80.8736, 43.699], [-80.6081, 43.589], [-80.5955, 43.6617], [-80.5112, 43.7235], [-80.5076, 43.7209], [-80.5008, 43.726], [-80.4952, 43.725], [-80.4987, 43.7275], [-80.4898, 43.734], [-80.4934, 43.7366], [-80.4494, 43.769], [-80.4999, 43.8052], [-80.5046, 43.8018], [-80.5186, 43.8127], [-80.5277, 43.8061], [-80.5306, 43.8099], [-80.565, 43.824], [-80.5602, 43.8301]]]}}, {"type": "Feature", "properties": {"id": "on-sunday-12039", "name": "Municipality of Marmora and Lake", "listed_as": "Marmora and Lake, Municipality of", "geographic_area": "Hastings", "jurisdiction": "municipality", "sunday_gun": true, "basis": "reg663_part7"}, "geometry": {"type": "Polygon", "coordinates": [[[-77.6301, 44.646], [-77.6819, 44.7524], [-77.7039, 44.7813], [-77.7139, 44.7847], [-77.7084, 44.7893], [-77.7204, 44.8136], [-77.8878, 44.7693], [-77.8589, 44.7069], [-77.8352, 44.6423], [-77.7274, 44.4366], [-77.5548, 44.4786], [-77.6301, 44.646]]]}}, {"type": "Feature", "properties": {"id": "on-sunday-49031", "name": "Township of Mcdougall", "listed_as": "McDougall, Municipality of", "geographic_area": "Parry Sound", "jurisdiction": "municipality", "sunday_gun": true, "basis": "reg663_part7"}, "geometry": {"type": "MultiPolygon", "coordinates": [[[[-80.11048978238966, 45.40964315010802], [-80.1282058881629, 45.41013724930867], [-80.10695608037977, 45.40097864884595], [-80.10224267799386, 45.39235884764944], [-80.1011238755187, 45.371228444196], [-80.10489227472134, 45.351068040658845], [-80.10307007270524, 45.33676403837126], [-80.09587506920708, 45.324978436767964], [-80.09329176900167, 45.33128463794509], [-80.09567856953096, 45.32886413742411], [-80.09727737026381, 45.33103713770622], [-80.09505877017324, 45.33731163885983], [-80.09796157131483, 45.33936013905645], [-80.08933746922015, 45.34627664063435], [-80.08667846807019, 45.343356840280826], [-80.06875946250321, 45.345561841536075], [-80.07024926269568, 45.34266634098076], [-80.06698676153441, 45.34158664096293], [-80.07212206277802, 45.337424540016094], [-80.07212976226828, 45.33228473916078], [-80.08228426486292, 45.32541753751496], [-80.07900836347085, 45.32206073711882], [-80.06133925805787, 45.32499523848268], [-80.06095745815742, 45.32723353887407], [-80.065353059541, 45.32687363859638], [-80.06359235928029, 45.329964639197954], [-80.06761656047453, 45.32890833882277], [-80.07131776205385, 45.33276433928082], [-80.06752846136527, 45.338134340361904], [-80.06637446079432, 45.33614464008813], [-80.05964375895684, 45.33951904098298], [-80.06092545887861, 45.33457884009773], [-80.04579035443781, 45.33907114159483], [-80.04266055314193, 45.33620934127375], [-80.04823075475657, 45.33435664068967], [-80.04797305423399, 45.329943639968185], [-80.05638925675912, 45.328006039228896], [-80.05787525667935, 45.32238393821978], [-80.0320653492109, 45.33109694094772], [-80.03281345022445, 45.338853442201234], [-80.04052825261006, 45.33778454164139], [-80.03897465231125, 45.33982384205761], [-80.04673295543253, 45.346001042700784], [-80.04677545587414, 45.35029504341281], [-80.06010506070525, 45.3555636436282], [-80.0647839629515, 45.36292934462055], [-80.06514526373968, 45.3696563457206], [-80.0574265616611, 45.37381444679437], [-80.05920086262323, 45.377708547353386], [-80.05706056212769, 45.379671147785565], [-80.06201156421974, 45.38459974835869], [-80.06514486490018, 45.381277047651295], [-80.06792106631211, 45.38643044836949], [-80.07380886744197, 45.378701146793446], [-80.0761952693982, 45.39055734864414], [-80.07378186939248, 45.398297150049046], [-80.0781108708831, 45.399214349986366], [-80.07695537085738, 45.402688550620425], [-80.0841333734332, 45.405248850688864], [-80.10514448003786, 45.403408149339185], [-80.1040366798982, 45.4055868497558], [-80.10751028087171, 45.40410174933666], [-80.11048978238966, 45.40964315010802]], [[-80.11287378270706, 45.40512474923969], [-80.11087328210517, 45.40556824941279], [-80.11318728276439, 45.40468604915136], [-80.11287378270706, 45.40512474923969]], [[-80.10845588109494, 45.40328094915346], [-80.10947908150119, 45.40403604922789], [-80.10876898131814, 45.40449864933994], [-80.10845588109494, 45.40328094915346]], [[-80.0849447726293, 45.394597648880456], [-80.0827563719439, 45.39481394902511], [-80.0852755726644, 45.39387994874488], [-80.0849447726293, 45.394597648880456]], [[-80.08318117190404, 45.39304414871014], [-80.07810387021894, 45.39259804888824], [-80.07628346912072, 45.38749764813166], [-80.0785611690486, 45.37941484667614], [-80.08645957204394, 45.38385294702115], [-80.08504427180794, 45.3860650474588], [-80.08633947251187, 45.38891974786851], [-80.07940247050813, 45.39129444860727], [-80.08318117190404, 45.39304414871014]], [[-80.08254927023947, 45.37843894631606], [-80.07860416879896, 45.376777846235974], [-80.07901356884884, 45.37595304607867], [-80.08254927023947, 45.37843894631606]], [[-80.07250696670465, 45.37553114633144], [-80.07050536603575, 45.375307946393676], [-80.07256456660552, 45.374352646132806], [-80.07250696670465, 45.37553114633144]], [[-80.09329117394489, 45.38079294617369], [-80.09477887438798, 45.38041774603747], [-80.09407287426104, 45.38142924624052], [-80.09329117394489, 45.38079294617369]], [[-80.0861963720857, 45.38512004724465], [-80.08794657272897, 45.385899147287105], [-80.08667597235618, 45.38627594741274], [-80.0861963720857, 45.38512004724465]], [[-80.04457195340063, 45.332606740579685], [-80.04449085347474, 45.33361424075135], [-80.04376605322659, 45.33347324076379], [-80.04457195340063, 45.332606740579685]], [[-80.04544935332548, 45.32900443993689], [-80.04417575305017, 45.33037094022729], [-80.04385395281243, 45.32902704001961], [-80.04544935332548, 45.32900443993689]]], [[[-80.08769276660243, 45.32535033723563], [-80.09081576757782, 45.32502013702582], [-80.08681886629743, 45.32512083724078], [-80.08579586534941, 45.318919636259686], [-80.08477936552863, 45.32401313715759], [-80.08174556437481, 45.32226363701687], [-80.07941586356617, 45.32169683703804], [-80.07199986114843, 45.321462537366614], [-80.0593479571157, 45.32198973808119], [-80.07969796368677, 45.321992637073286], [-80.08513316571087, 45.324696137253696], [-80.08769276660243, 45.32535033723563]]]]}}, {"type": "Feature", "properties": {"id": "on-sunday-49028", "name": "Township of Mckellar", "listed_as": "McKellar, Township of", "geographic_area": "Parry Sound", "jurisdiction": "municipality", "sunday_gun": true, "basis": "reg663_part7"}, "geometry": {"type": "Polygon", "coordinates": [[[-79.7347, 45.4539], [-79.8011, 45.5726], [-79.9699, 45.5274], [-79.9048, 45.4082], [-79.7347, 45.4539]]]}}, {"type": "Feature", "properties": {"id": "on-sunday-49012", "name": "Township of Mcmurrich/Monteith", "listed_as": "McMurrich/Monteith, Township of", "geographic_area": "Parry Sound", "jurisdiction": "municipality", "sunday_gun": true, "basis": "reg663_part7"}, "geometry": {"type": "Polygon", "coordinates": [[[-79.3428, 45.4238], [-79.4083, 45.5403], [-79.6595, 45.4735], [-79.5983, 45.3541], [-79.3428, 45.4238]]]}}, {"type": "Feature", "properties": {"id": "on-sunday-42047", "name": "Municipality of Meaford", "listed_as": "Meaford, Municipality of", "geographic_area": "Grey", "jurisdiction": "municipality", "sunday_gun": true, "basis": "reg663_part7"}, "geometry": {"type": "Polygon", "coordinates": [[[-80.7206, 44.721], [-80.7208, 44.7209], [-80.7206, 44.7208], [-80.7206, 44.721]]]}}, {"type": "Feature", "properties": {"id": "on-sunday-22019", "name": "Township of Melancthon", "listed_as": "Melancthon, Township of", "geographic_area": "Dufferin", "jurisdiction": "municipality", "sunday_gun": true, "basis": "reg663_part7"}, "geometry": {"type": "Polygon", "coordinates": [[[-80.1718, 44.0849], [-80.2124, 44.2569], [-80.4112, 44.2146], [-80.4084, 44.2129], [-80.4229, 44.2001], [-80.4065, 44.1941], [-80.3609, 44.1673], [-80.3979, 44.1348], [-80.375, 44.0393], [-80.3361, 44.0476], [-80.337, 44.0514], [-80.2209, 44.0751], [-80.2235, 44.0864], [-80.2152, 44.087], [-80.2166, 44.0935], [-80.2072, 44.0892], [-80.1907, 44.0925], [-80.1895, 44.0871], [-80.1812, 44.0888], [-80.1799, 44.0833], [-80.1718, 44.0849]]]}}, {"type": "Feature", "properties": {"id": "on-sunday-7050", "name": "Village of Merrickville-Wolford", "listed_as": "Merrickville-Wolford, Village of", "geographic_area": "Leeds and Grenville", "jurisdiction": "municipality", "sunday_gun": true, "basis": "reg663_part7"}, "geometry": {"type": "Polygon", "coordinates": [[[-75.6958, 44.8456], [-75.8198, 44.9681], [-75.8192, 44.9601], [-75.816, 44.9571], [-75.8267, 44.94], [-75.8317, 44.9253], [-75.8364, 44.9251], [-75.844, 44.9314], [-75.8545, 44.9252], [-75.847, 44.9168], [-75.8597, 44.9148], [-75.8705, 44.9061], [-75.8775, 44.8865], [-75.8883, 44.8702], [-75.9173, 44.8684], [-75.9235, 44.8739], [-75.9278, 44.8847], [-75.9333, 44.887], [-75.9442, 44.8846], [-75.9588, 44.8703], [-75.9789, 44.8722], [-75.9837, 44.8794], [-75.9916, 44.8846], [-75.9969, 44.8845], [-75.9971, 44.8911], [-76.0044, 44.8902], [-75.8419, 44.7588], [-75.6958, 44.8456]]]}}, {"type": "Feature", "properties": {"id": "on-sunday-39020", "name": "Municipality of Middlesex Centre", "listed_as": "Middlesex Centre, Municipality of", "geographic_area": "Middlesex", "jurisdiction": "municipality", "sunday_gun": true, "basis": "reg663_part7"}, "geometry": {"type": "MultiPolygon", "coordinates": [[[[-81.4238, 42.8092], [-81.4323, 42.8083], [-81.4351, 42.8101], [-81.4361, 42.8131], [-81.43320317460318, 42.82253537414964], [-81.4335, 42.8205], [-81.3984, 42.8202], [-81.39547344213648, 42.81930979228486], [-81.4336, 42.8197], [-81.4348, 42.81], [-81.4239, 42.8094], [-81.4218, 42.8063], [-81.4246, 42.7989], [-81.422814, 42.79472866666667], [-81.4249, 42.799], [-81.4219, 42.8061], [-81.4238, 42.8092]]], [[[-81.4404, 42.8284], [-81.4399, 42.8283], [-81.43289514563106, 42.824647572815536], [-81.4404, 42.8284]]], [[[-81.4399, 42.8347], [-81.43549999999999, 42.8369], [-81.44036315789474, 42.833657894736845], [-81.4399, 42.8347]]], [[[-81.4269, 42.8364], [-81.418150998004, 42.83305768463074], [-81.43549999999999, 42.8369], [-81.4269, 42.8364]]], [[[-81.4094, 42.8349], [-81.41710363636363, 42.83327818181818], [-81.40679261538463, 42.836478153846144], [-81.4094, 42.8349]]], [[[-81.3993, 42.8506], [-81.40396666666672, 42.84709999999996], [-81.39841159737416, 42.85200153172868], [-81.3993, 42.8506]]], [[[-81.3897, 42.8738], [-81.4058, 42.8701], [-81.4096, 42.8648], [-81.4132, 42.866], [-81.4171, 42.8714], [-81.4171, 42.8786], [-81.425, 42.8889], [-81.4338, 42.8881], [-81.4187, 42.9003], [-81.4243, 42.9044], [-81.4238, 42.9105], [-81.4369, 42.9053], [-81.4416, 42.9133], [-81.4413, 42.9177], [-81.4377, 42.9187], [-81.5946, 43.0339], [-81.4634, 43.1306], [-81.4661, 43.1359], [-81.2424, 43.198], [-81.1786, 43.0738], [-81.1937, 43.0731], [-81.3691, 43.0219], [-81.3474, 42.9818], [-81.3532, 42.9868], [-81.3661, 42.9814], [-81.3765, 42.9713], [-81.3901, 42.964], [-81.3892, 42.9543], [-81.3845, 42.9518], [-81.3724, 42.9225], [-81.3592, 42.9255], [-81.3586, 42.9166], [-81.3474, 42.9157], [-81.3447, 42.9094], [-81.3484, 42.9085], [-81.3357, 42.8793], [-81.3325, 42.8801], [-81.3306, 42.8762], [-81.3009, 42.8818], [-81.2994, 42.8783], [-81.3051, 42.8769], [-81.3036, 42.8734], [-81.2979, 42.8747], [-81.2857, 42.8461], [-81.2793, 42.8477], [-81.3006, 42.8245], [-81.37302202813183, 42.80624772761895], [-81.3754, 42.8114], [-81.3726, 42.8121], [-81.38290795620436, 42.81548759124087], [-81.3675, 42.8133], [-81.377, 42.8342], [-81.393, 42.8301], [-81.3955, 42.8355], [-81.3794, 42.8396], [-81.3866, 42.8551], [-81.39841159737416, 42.85200153172868], [-81.3877, 42.8689], [-81.3897, 42.8738]]], [[[-81.4363, 42.7903], [-81.4329, 42.7954], [-81.42338000000005, 42.794539999999984], [-81.4328, 42.7953], [-81.4361, 42.7905], [-81.3895714856531, 42.80207682528124], [-81.4363, 42.7903]]], [[[-81.39547344213648, 42.81930979228486], [-81.3939, 42.8191], [-81.38290795620436, 42.81548759124087], [-81.39547344213648, 42.81930979228486]]]]}}, {"type": "Feature", "properties": {"id": "on-sunday-46011", "name": "Township of Minden Hills", "listed_as": "Minden Hills, Township of", "geographic_area": "Haliburton", "jurisdiction": "municipality", "sunday_gun": true, "basis": "reg663_part7"}, "geometry": {"type": "Polygon", "coordinates": [[[-78.6149, 45.0729], [-78.7812, 45.0267], [-78.79, 45.0372], [-78.7915, 45.0456], [-78.8086, 45.0723], [-78.8138, 45.0864], [-78.8173, 45.087], [-78.8172, 45.0927], [-78.8341, 45.1246], [-78.8325, 45.1279], [-78.8413, 45.1357], [-78.8376, 45.1407], [-78.8434, 45.1451], [-79.001, 45.1061], [-78.8211, 44.7705], [-78.8097, 44.7734], [-78.8199, 44.754], [-78.4831, 44.8349], [-78.5512, 44.964], [-78.6149, 45.0729]]]}}, {"type": "Feature", "properties": {"id": "on-sunday-23040", "name": "Town of Minto", "listed_as": "Minto, Town of", "geographic_area": "Wellington", "jurisdiction": "municipality", "sunday_gun": true, "basis": "reg663_part7"}, "geometry": {"type": "Polygon", "coordinates": [[[-80.7713, 43.9747], [-80.8274, 43.9679], [-80.8357, 44.0043], [-80.9916, 43.9864], [-80.9544, 43.8221], [-80.8596, 43.833], [-80.8529, 43.8306], [-80.8554, 43.8275], [-80.85, 43.823], [-80.8452, 43.8275], [-80.8395, 43.8252], [-80.8309, 43.8364], [-80.7598, 43.8455], [-80.7418, 43.844], [-80.7713, 43.9747]]]}}, {"type": "Feature", "properties": {"id": "on-sunday-9030", "name": "Municipality of Mississippi Mills", "listed_as": "Mississippi Mills, Town of", "geographic_area": "Lanark", "jurisdiction": "municipality", "sunday_gun": true, "basis": "reg663_part7"}, "geometry": {"type": "Polygon", "coordinates": [[[-76.0751, 45.1916], [-76.2106, 45.3031], [-76.2144, 45.3008], [-76.3556, 45.4094], [-76.5038, 45.31], [-76.2278, 45.0919], [-76.1647, 45.1339], [-76.1699, 45.138], [-76.1636, 45.1423], [-76.1668, 45.1449], [-76.1543, 45.1487], [-76.1501, 45.1529], [-76.1534, 45.1553], [-76.1455, 45.1561], [-76.1391, 45.1514], [-76.0751, 45.1916]]]}}, {"type": "Feature", "properties": {"id": "on-sunday-9001", "name": "Township of Montague", "listed_as": "Montague, Township of", "geographic_area": "Lanark", "jurisdiction": "municipality", "sunday_gun": true, "basis": "reg663_part7"}, "geometry": {"type": "Polygon", "coordinates": [[[-75.816, 44.9571], [-75.9531, 45.0724], [-76.0954, 44.9831], [-76.0937, 44.9817], [-76.1067, 44.9734], [-76.0288, 44.9091], [-76.0216, 44.9142], [-76.0032, 44.8993], [-75.9987, 44.9019], [-76.0013, 44.9041], [-75.9699, 44.9059], [-75.9826, 44.8974], [-75.9773, 44.8932], [-75.9799, 44.8916], [-75.9761, 44.8885], [-75.979, 44.8863], [-75.9832, 44.8897], [-75.9896, 44.8859], [-75.9969, 44.8904], [-75.9969, 44.8845], [-75.9916, 44.8846], [-75.9837, 44.8794], [-75.9811, 44.8729], [-75.9588, 44.8703], [-75.9442, 44.8846], [-75.9333, 44.887], [-75.9278, 44.8847], [-75.9235, 44.8739], [-75.9173, 44.8684], [-75.8883, 44.8702], [-75.8775, 44.8865], [-75.8705, 44.9061], [-75.8597, 44.9148], [-75.847, 44.9168], [-75.8545, 44.9252], [-75.844, 44.9314], [-75.8364, 44.9251], [-75.8317, 44.9253], [-75.8267, 44.94], [-75.816, 44.9571]]]}}, {"type": "Feature", "properties": {"id": "on-sunday-40048", "name": "Municipality of Morris-Turnberry", "listed_as": "Morris-Turnberry, Municipality of", "geographic_area": "Huron", "jurisdiction": "municipality", "sunday_gun": true, "basis": "reg663_part7"}, "geometry": {"type": "Polygon", "coordinates": [[[-81.1636, 43.8174], [-81.1511, 43.8332], [-81.1865, 43.9587], [-81.3682, 43.9274], [-81.3836, 43.908], [-81.3198, 43.8816], [-81.3183, 43.8857], [-81.3242, 43.8856], [-81.3231, 43.8884], [-81.311, 43.8991], [-81.296, 43.8929], [-81.2982, 43.8901], [-81.2946, 43.8874], [-81.3011, 43.8792], [-81.3043, 43.8824], [-81.3087, 43.877], [-81.3175, 43.8806], [-81.422, 43.746], [-81.4194, 43.7428], [-81.4234, 43.7378], [-81.4151, 43.7335], [-81.425, 43.7278], [-81.3021, 43.6774], [-81.2544, 43.7384], [-81.2588, 43.7402], [-81.2531, 43.7476], [-81.2556, 43.7517], [-81.2521, 43.7488], [-81.2497, 43.7518], [-81.2453, 43.75], [-81.1856, 43.8263], [-81.1636, 43.8174]]]}}, {"type": "Feature", "properties": {"id": "on-sunday-44053", "name": "Township of Muskoka Lakes", "listed_as": "Muskoka Lakes, Township of", "geographic_area": "Muskoka", "jurisdiction": "municipality", "sunday_gun": true, "basis": "reg663_part7"}, "geometry": {"type": "Polygon", "coordinates": [[[-79.6216, 44.9122], [-79.6292, 44.909], [-79.6335, 44.9142], [-79.6321, 44.917], [-79.6388, 44.9179], [-79.6953, 45.0238], [-79.7018, 45.0351], [-79.7067, 45.0377], [-79.7037, 45.0384], [-79.7754, 45.1687], [-79.6059, 45.2147], [-79.6212, 45.2338], [-79.6244, 45.2484], [-79.6712, 45.3345], [-79.5012, 45.3802], [-79.3732, 45.1415], [-79.3942, 45.1363], [-79.3529, 45.0586], [-79.388, 45.0489], [-79.4031, 45.0501], [-79.4072, 45.0408], [-79.4354, 45.0462], [-79.4438, 45.0312], [-79.4379, 45.0171], [-79.4418, 44.9972], [-79.4585, 44.997], [-79.4697, 45.0052], [-79.4907, 44.9992], [-79.5339, 44.8561], [-79.5432, 44.8589], [-79.5591, 44.8699], [-79.556, 44.8658], [-79.5586, 44.8647], [-79.5552, 44.8644], [-79.5598, 44.8625], [-79.5644, 44.8663], [-79.5589, 44.8668], [-79.5657, 44.8664], [-79.5741, 44.8755], [-79.569, 44.8695], [-79.5735, 44.8676], [-79.5762, 44.8711], [-79.5931, 44.8711], [-79.6096, 44.8822], [-79.6181, 44.8843], [-79.6203, 44.8924], [-79.6086, 44.8908], [-79.6108, 44.8878], [-79.6059, 44.8896], [-79.6054, 44.8941], [-79.61, 44.8917], [-79.6222, 44.897], [-79.6202, 44.8939], [-79.6375, 44.8977], [-79.626, 44.9027], [-79.6293, 44.9066], [-79.6222, 44.9079], [-79.6216, 44.9122]]]}}, {"type": "Feature", "properties": {"id": "on-sunday-39002", "name": "Village of Newbury", "listed_as": "Newbury, Village of", "geographic_area": "Middlesex", "jurisdiction": "municipality", "sunday_gun": true, "basis": "reg663_part7"}, "geometry": {"type": "Polygon", "coordinates": [[[-81.7975, 42.6754], [-81.7875, 42.6835], [-81.8005, 42.6931], [-81.8105, 42.6854], [-81.7975, 42.6754]]]}}, {"type": "Feature", "properties": {"id": "on-sunday-26043", "name": "City of Niagara Falls", "listed_as": "Niagara Falls, Municipality of", "geographic_area": "Niagara", "jurisdiction": "municipality", "sunday_gun": true, "basis": "reg663_part7"}, "geometry": {"type": "Polygon", "coordinates": [[[-79.0058100063853, 42.98265198325292], [-79.02020571197563, 42.99482968479037], [-79.0234481147992, 43.01629888849374], [-79.01185191218944, 43.02917279132283], [-78.99966731055994, 43.05600129667702], [-79.00742621385868, 43.06592909810514], [-79.07410723606135, 43.0778587972326], [-79.07538953678566, 43.081626197848564], [-79.06622643468978, 43.09134990000131], [-79.05791043337067, 43.1071066031939], [-79.06013823464879, 43.11387520430297], [-79.06968283822793, 43.12033080502515], [-79.05711653479683, 43.12704720679307], [-79.0437044314881, 43.13841650943004], [-79.04233093149416, 43.14367411043108], [-79.04272003197674, 43.147930911173624], [-79.0433676321822, 43.14792401114313], [-79.04438223177682, 43.139283809554286], [-79.05504943430407, 43.12900260723578], [-79.06782233777584, 43.12198850540543], [-79.07314013948073, 43.122150105193924], [-79.06064693479577, 43.11369970424861], [-79.05851973359867, 43.10751360323911], [-79.06741553508591, 43.091563999985894], [-79.07615433722938, 43.084012098240706], [-79.07903503740295, 43.07518179653123], [-79.07147803461318, 43.07057019604749], [-79.07341993499655, 43.06778449546141], [-79.0720772344816, 43.06673509533427], [-79.07120503453359, 43.07065579607511], [-79.067723433344, 43.06966949605577], [-79.07104383415772, 43.066789895390706], [-79.05913203059599, 43.069469796407766], [-79.0424906246235, 43.0613432957041], [-79.03040352065985, 43.05990239599106], [-79.02018411652158, 43.049289594551304], [-79.01735391458512, 43.03690399246032], [-79.03100931733896, 43.01793298844635], [-79.02783981396982, 42.98965758351932], [-79.02426391224073, 42.98255218240553], [-79.0058100063853, 42.98265198325292]], [[-79.01632241637195, 43.062161397029904], [-79.00487841238305, 43.05798429679748], [-79.00398571178555, 43.0542382961669], [-79.00805221268357, 43.049519395138745], [-79.01129471370973, 43.04946219498251], [-79.02257091827946, 43.061215296579064], [-79.01632241637195, 43.062161397029904]]]}}, {"type": "Feature", "properties": {"id": "on-sunday-49071", "name": "Township of Nipissing", "listed_as": "Nipissing, Township of", "geographic_area": "Parry Sound", "jurisdiction": "municipality", "sunday_gun": true, "basis": "reg663_part7"}, "geometry": {"type": "Polygon", "coordinates": [[[-79.408, 46.0321], [-79.5134, 46.2222], [-79.6806, 46.2131], [-79.6119, 46.0942], [-79.6837, 46.0738], [-79.6158, 45.9559], [-79.6027, 45.9551], [-79.6066, 45.9498], [-79.6076, 45.9399], [-79.6064, 45.9373], [-79.5977, 45.9368], [-79.5987, 45.9284], [-79.5857, 45.9039], [-79.4139, 45.9498], [-79.4521, 46.0198], [-79.408, 46.0321]]]}}, {"type": "Feature", "properties": {"id": "on-sunday-28030", "name": "Norfolk County", "listed_as": "Norfolk County", "geographic_area": "Norfolk", "jurisdiction": "municipality", "sunday_gun": true, "basis": "reg663_part7"}, "geometry": {"type": "Polygon", "coordinates": [[[-79.8835158410408, 42.468193650830095], [-80.12535044424232, 42.789137097445526], [-80.14050554872024, 42.78568519612448], [-80.175131959797, 42.78770469487777], [-80.18786336362115, 42.78555349390119], [-80.1915033644692, 42.78207609310982], [-80.19446636529193, 42.780791292742215], [-80.1904770643029, 42.783905993484936], [-80.19405446545984, 42.78426459338275], [-80.19454466536371, 42.78134139283699], [-80.20112356742405, 42.7812161925087], [-80.19730196634987, 42.782720392955504], [-80.199854567253, 42.78388199304466], [-80.20160296755824, 42.78102149245157], [-80.21603527230435, 42.783390392204076], [-80.23065617640738, 42.77757289048315], [-80.23705297788362, 42.77131198906538], [-80.23917837787815, 42.76344628755917], [-80.26396078455068, 42.75032548405764], [-80.27138338586091, 42.73836858157193], [-80.29177339071312, 42.72015267736111], [-80.31866109758637, 42.70170087280427], [-80.32907579950623, 42.68588556948566], [-80.33144259899504, 42.67121086674525], [-80.32868889761195, 42.66515206578715], [-80.33204959872577, 42.665829065752106], [-80.33253489967989, 42.67520696741073], [-80.33688840078433, 42.67212506665555], [-80.33311349953011, 42.67132876668855], [-80.33256209908336, 42.66812876614054], [-80.33280419907793, 42.66717526595834], [-80.33357839966642, 42.67121446664642], [-80.33788320084946, 42.669231066090475], [-80.33344789930361, 42.66744926597751], [-80.33889200110075, 42.66846256590576], [-80.33442609959602, 42.66727476590067], [-80.33222419875148, 42.66548796568282], [-80.32970319792037, 42.665031665718324], [-80.33588299991902, 42.66569816555016], [-80.33659580029732, 42.66750356584069], [-80.33713090018627, 42.66423736523021], [-80.33793390075152, 42.66789866584922], [-80.33833950065902, 42.665325365369], [-80.33503529930678, 42.66164986486379], [-80.33434679913317, 42.66215016498554], [-80.33333339901283, 42.664467765448244], [-80.33418999906766, 42.66195996495871], [-80.33328699868656, 42.66082016479637], [-80.33822060039991, 42.662730864909356], [-80.33869740074081, 42.664966865288044], [-80.34089970089121, 42.658630664049454], [-80.3450527019633, 42.65590766336784], [-80.34392150246939, 42.66598786522792], [-80.34628680362566, 42.670819365983874], [-80.3441797030296, 42.67159076622029], [-80.34539610344555, 42.67198516623434], [-80.34442970316064, 42.67220446631861], [-80.34347920294934, 42.67322566654596], [-80.34377230323727, 42.675514966942615], [-80.34495770372202, 42.67682766712271], [-80.34802840460279, 42.67584556680367], [-80.35015900541661, 42.677532567006786], [-80.34628410454474, 42.68157216791121], [-80.35590110777932, 42.68405816790854], [-80.36273240965595, 42.68090826702579], [-80.3643805092503, 42.67011956501553], [-80.36540490978378, 42.67259286541108], [-80.37197091184728, 42.67260206510676], [-80.37131091185316, 42.675093065583866], [-80.37606931315283, 42.672813564953586], [-80.37443721250905, 42.67128256475529], [-80.38122071455055, 42.67023876425201], [-80.3721397117092, 42.67036946469876], [-80.38022681407523, 42.6683330639568], [-80.37679751247624, 42.66223576302377], [-80.37368161153383, 42.66266006324506], [-80.37550471196167, 42.66096796285675], [-80.38700601551315, 42.66025556219299], [-80.3944542181318, 42.663519162430696], [-80.40062421978315, 42.66017446154348], [-80.39998811948752, 42.65905456137241], [-80.39868791913952, 42.65975926155933], [-80.3977655188055, 42.659241161509506], [-80.40570092114842, 42.65749936082723], [-80.42988532746796, 42.64261875703149], [-80.44806563159463, 42.6241561528726], [-80.44913413173776, 42.62190985241992], [-80.4465478308195, 42.62066355231704], [-80.44664713083452, 42.62047505227858], [-80.44965863190258, 42.62191245239585], [-80.44793733126227, 42.620742252266304], [-80.45376843271029, 42.616276551193245], [-80.44902583003523, 42.602393748923674], [-80.45559973206603, 42.602020148550054], [-80.45876333347643, 42.60690704927936], [-80.46276943441862, 42.60322464843174], [-80.46181323405045, 42.60242764833332], [-80.46273493438697, 42.6029813483897], [-80.46291573434291, 42.60180234816972], [-80.46255593417294, 42.60113434806661], [-80.46227663407441, 42.60100694805679], [-80.46207643406234, 42.601600448172604], [-80.46158653393076, 42.601859248241944], [-80.46156473389773, 42.601553048188], [-80.46088853362296, 42.60082044808809], [-80.46138873377544, 42.6007684480554], [-80.46140993381364, 42.60113784812071], [-80.46203013402314, 42.60131184812301], [-80.46215323405103, 42.60118644809476], [-80.46231703404783, 42.60054774797247], [-80.46314233434255, 42.60096594800905], [-80.46361763449258, 42.60097714798888], [-80.46388853455154, 42.60067224792154], [-80.46470533480581, 42.60064894787924], [-80.46501193488366, 42.60043434782642], [-80.46547123494634, 42.5994818476341], [-80.46542473490865, 42.59921154758776], [-80.46393623433252, 42.59793484742811], [-80.46347083421017, 42.598211647499475], [-80.46366843424455, 42.59788834743226], [-80.46421843440348, 42.59772894737795], [-80.46553503493868, 42.599157947572984], [-80.46862813569481, 42.59665084697878], [-80.46951653574145, 42.59393514644997], [-80.4749712373886, 42.59318594606106], [-80.48281814012965, 42.59645444628137], [-80.48450384061984, 42.596002946121665], [-80.48498094062417, 42.59430304579436], [-80.4849843408432, 42.59685164625152], [-80.4863741412789, 42.596848846186155], [-80.48645054139378, 42.59791174637326], [-80.48771404183375, 42.59842194640582], [-80.48884734206644, 42.59698594609523], [-80.48807994194713, 42.598405346385775], [-80.49325974396616, 42.6030122469704], [-80.49221174337579, 42.599954946470866], [-80.48832404202147, 42.59837944636972], [-80.48949974233221, 42.59770024619299], [-80.48889774206303, 42.59676104605256], [-80.4868042415041, 42.597904346355456], [-80.4868430413653, 42.59613954603696], [-80.4892991421991, 42.596880046055155], [-80.48976904240367, 42.59754844615315], [-80.48923724231831, 42.59850054634881], [-80.49488714428384, 42.600759046490204], [-80.48516654065473, 42.59397954572762], [-80.48254563983618, 42.59402174585753], [-80.48122673944734, 42.594313045971354], [-80.48131453944875, 42.594007145912386], [-80.48215553971366, 42.59402014587547], [-80.48230213975583, 42.593975645860645], [-80.48230273974988, 42.59390364584772], [-80.4814289394354, 42.5934314458037], [-80.48076023920996, 42.59324824580206], [-80.48066383916817, 42.59311274578223], [-80.48049403910632, 42.593012745772235], [-80.47743673812685, 42.592773845872046], [-80.47304623677628, 42.59308684613308], [-80.47419573671178, 42.5881122451866], [-80.4730646361003, 42.585107944700134], [-80.47214803571626, 42.58397794454005], [-80.47376803610892, 42.5826254442217], [-80.47371663599584, 42.58149054402036], [-80.47055333482777, 42.57943174379823], [-80.46934793419469, 42.57644524331827], [-80.46797923368564, 42.57551114321437], [-80.46663983325344, 42.575370043251475], [-80.46378733237057, 42.57550974340953], [-80.46902693413618, 42.5769391434219], [-80.46300683225229, 42.576991943712066], [-80.45961993142676, 42.57976784436839], [-80.45291182914055, 42.57763764429857], [-80.44623422704139, 42.57758764460078], [-80.44945152816733, 42.578954044696225], [-80.44570452693105, 42.57824224474303], [-80.44864492817211, 42.581975845276396], [-80.44675282760929, 42.582336145429295], [-80.4454060272484, 42.58305904562182], [-80.44241992596453, 42.57899184503071], [-80.44101252557847, 42.57964234521305], [-80.44119772608154, 42.58485784614093], [-80.44702592824311, 42.58875854656963], [-80.44486622722869, 42.584812545961825], [-80.45010472889284, 42.585053845761024], [-80.44611282805924, 42.589960846828035], [-80.44720092836498, 42.589542846702244], [-80.44695672841205, 42.59099144697367], [-80.4483736290625, 42.59340304734052], [-80.45318973115492, 42.60020734833715], [-80.45373263137857, 42.6008312484238], [-80.45447523162267, 42.6009608484124], [-80.4523702310437, 42.60191454868174], [-80.44512842772001, 42.58960484681], [-80.44000122584242, 42.586454946483464], [-80.43772132467198, 42.58112124563199], [-80.43978742525735, 42.58038384540329], [-80.43747402451521, 42.58019254547671], [-80.43995372523429, 42.57950204523718], [-80.43717642435257, 42.57938054534476], [-80.4402168252478, 42.578692845079615], [-80.43654872410008, 42.57872904525701], [-80.43406992348413, 42.58062604571313], [-80.4340934235007, 42.58073404573144], [-80.43593562405799, 42.58049114560202], [-80.43688552436183, 42.580558745569924], [-80.43401802349776, 42.58097684577857], [-80.43508462400189, 42.58296364608565], [-80.43194892271022, 42.57935464558359], [-80.43412732364965, 42.58235544602106], [-80.42797752156535, 42.58054174598178], [-80.4312014227426, 42.58248494618056], [-80.42516672098245, 42.58404884674248], [-80.42217082047276, 42.58909484778808], [-80.42079791966418, 42.58466614705677], [-80.42409062067966, 42.58445764686602], [-80.42634872101442, 42.58007424597368], [-80.42604162094175, 42.580351946037894], [-80.42476512051299, 42.58002104603784], [-80.4233865200944, 42.5801853461316], [-80.42322762004912, 42.580238646148565], [-80.42299461998968, 42.58039954618827], [-80.42278481994758, 42.580677746248035], [-80.42236141978613, 42.580342246207486], [-80.42020241912616, 42.58054734634488], [-80.4182249185347, 42.580888646498245], [-80.41763701837843, 42.581218946584904], [-80.41723821822158, 42.58084744653677], [-80.41675141806327, 42.580782046547654], [-80.41634751795243, 42.58096904660009], [-80.41600711783784, 42.58087734659941], [-80.41514101757335, 42.58096274665507], [-80.41486161747555, 42.58084434664686], [-80.41326271699694, 42.581115246769926], [-80.41539271780213, 42.58272044695908], [-80.4147253177882, 42.58501334740192], [-80.41415001740859, 42.58267804700929], [-80.41341631731004, 42.58422304732091], [-80.40945061610988, 42.58474294759895], [-80.41336961727774, 42.584015847285926], [-80.41048231636117, 42.58389274739823], [-80.41259401677374, 42.58095864677295], [-80.40807621543075, 42.58183594714078], [-80.40913521599616, 42.584570347582584], [-80.40707691511749, 42.58183974718796], [-80.40546871460822, 42.581786247253234], [-80.4067834150337, 42.58193734721916], [-80.40695951526018, 42.58394654757187], [-80.40640161506104, 42.58366434754712], [-80.40654401502984, 42.58277354738054], [-80.4064846149989, 42.58262914735734], [-80.40632611494907, 42.58262824736453], [-80.40509291458226, 42.58286514746448], [-80.40403541433588, 42.5838683476939], [-80.40349121423472, 42.58468494786589], [-80.39975901308937, 42.584989648094314], [-80.40204931392506, 42.58636154823411], [-80.39935661296668, 42.5850324481207], [-80.40036121301458, 42.581894747510425], [-80.39924621293585, 42.58507704813387], [-80.4043556148188, 42.58835504848478], [-80.40433281493446, 42.58979574874456], [-80.40265461448385, 42.59068764898283], [-80.4031077143859, 42.58787124845595], [-80.39855501279919, 42.58601904833523], [-80.39444761162027, 42.587312248758586], [-80.39304251131831, 42.58894394911704], [-80.39418621147979, 42.58662644864759], [-80.39822391260304, 42.58493654815623], [-80.39356661126814, 42.586424848640256], [-80.39778831232954, 42.583331147888124], [-80.39607441164429, 42.58160204765732], [-80.39580421179494, 42.58436544816623], [-80.39331761112696, 42.58568514851898], [-80.39358431133206, 42.58710974876238], [-80.39317311106468, 42.58548624848995], [-80.39559741172687, 42.58432824816918], [-80.3956934115537, 42.581942247736144], [-80.39333191078768, 42.58165054779363], [-80.39040500988997, 42.5818955479738], [-80.38885000946726, 42.58266244818386], [-80.38896610955526, 42.583267448287145], [-80.38823460943416, 42.58454154855002], [-80.38803270911143, 42.5814962480124], [-80.38047660674866, 42.58159984838243], [-80.3803886067463, 42.58189654843985], [-80.3804617068728, 42.58311264865487], [-80.38034940686052, 42.58338254870862], [-80.37877540617403, 42.58112244837581], [-80.37863200641956, 42.58453474899545], [-80.37643520586018, 42.58606284937212], [-80.37698040574703, 42.58272474874712], [-80.37200030435555, 42.58474194934106], [-80.37696050559815, 42.58104954844708], [-80.3719259041367, 42.582445148931896], [-80.37692220549714, 42.58000464826113], [-80.37340980442144, 42.58031884848087], [-80.37523730478891, 42.57789724796084], [-80.37352840438206, 42.57941884831366], [-80.37266660387431, 42.57663114785285], [-80.36665080185684, 42.5751125478596], [-80.36223170043314, 42.574682647987736], [-80.36016959981096, 42.57497744813654], [-80.36016549984257, 42.57536444820626], [-80.35926379955758, 42.57534134824399], [-80.35695779875905, 42.57446404819351], [-80.35981949977443, 42.575839948307774], [-80.35834329932489, 42.576002848405665], [-80.35826719932547, 42.57629044846087], [-80.36020310035164, 42.58120934925478], [-80.36016660054177, 42.583577849682], [-80.35963880040721, 42.58394414977234], [-80.35547619865409, 42.57869734902304], [-80.35686229891442, 42.57664284858946], [-80.35296829784873, 42.578485049101424], [-80.34897019640253, 42.57623804888333], [-80.35278039742965, 42.57425144834938], [-80.35278609738398, 42.57369294824873], [-80.34450129477464, 42.57359194861534], [-80.34254229423681, 42.574499348869416], [-80.3394244930498, 42.57204964857388], [-80.33659699236433, 42.574428949132795], [-80.33524339165551, 42.57108884859533], [-80.33221969062444, 42.57012574856252], [-80.40197051329555, 42.57926444696307], [-80.46731323343339, 42.57500374315432], [-80.5417513566397, 42.57339923939163], [-80.61308987955792, 42.57990403722062], [-80.63910448828383, 42.58659013720017], [-80.72106491683425, 42.61995133932593], [-80.72878799106748, 42.290047679647316], [-79.98335936927776, 42.43027293941165], [-79.8835158410408, 42.468193650830095]], [[-80.24402946276962, 42.56823595231023], [-80.27527727216835, 42.56333164998122], [-80.27552297223036, 42.56315304993769], [-80.2755136722053, 42.562891849891116], [-80.27575607229147, 42.56301034990125], [-80.27832367303048, 42.562216149639426], [-80.27856567311885, 42.56236184965443], [-80.2787637731567, 42.56207474959362], [-80.27916547328611, 42.562113349581956], [-80.28009697353717, 42.56162394945077], [-80.28063177371452, 42.56173534944601], [-80.28305577438769, 42.56069684914693], [-80.28286237431618, 42.560569649132994], [-80.28131507383098, 42.56057794920616], [-80.28067927364702, 42.56076314926896], [-80.28071877363884, 42.5605201492234], [-80.27883507301347, 42.560121049238894], [-80.27858497289432, 42.559642149164326], [-80.27540617188905, 42.55955904929663], [-80.27458347167838, 42.560121249435866], [-80.27479547171069, 42.55971714935331], [-80.27444797155866, 42.55921064927833], [-80.27388097133911, 42.55872084921644], [-80.27373567128876, 42.55866574921326], [-80.27324787113767, 42.5586899492402], [-80.23678486012372, 42.563865051859146], [-80.23682096022279, 42.56490105204387], [-80.22565755657546, 42.56324105226158], [-80.22351665596342, 42.563955952489216], [-80.21089665190833, 42.56288845288064], [-80.21394495284795, 42.56267505270132], [-80.21432925292397, 42.56214625258841], [-80.2136108526956, 42.562114452615916], [-80.21376225270895, 42.561710152536136], [-80.21462195301534, 42.56213935257362], [-80.21654225356492, 42.56150405237051], [-80.21672255363916, 42.56171245239969], [-80.21690885367263, 42.56141645233777], [-80.21754325386625, 42.56134905229632], [-80.21766885388061, 42.56105245223713], [-80.21811815403194, 42.56117265223801], [-80.21736915383585, 42.56163585235602], [-80.2146076530238, 42.56229235260182], [-80.21822995413343, 42.561956952374004], [-80.22030355468466, 42.56077325206512], [-80.22217545530201, 42.56111915204075], [-80.22297605549376, 42.560413151876695], [-80.2241302558784, 42.56067335187018], [-80.22346375564345, 42.5603713518466], [-80.22496335610778, 42.56029155176293], [-80.228150857053, 42.55962865149621], [-80.2290880573533, 42.55969805146539], [-80.22987255756658, 42.55930705135872], [-80.2308123578494, 42.55916015128881], [-80.23324695862699, 42.559311551203486], [-80.22955135749525, 42.55965605143639], [-80.21577145342748, 42.56274165262888], [-80.2179463541501, 42.563206752612025], [-80.22280265562362, 42.56259125227666], [-80.22565235644426, 42.56170995198635], [-80.22512075632957, 42.562327952122104], [-80.23136805814012, 42.56053265151009], [-80.2366111597542, 42.56014455119775], [-80.24378966189944, 42.55885025063273], [-80.24429216203698, 42.5586103505663], [-80.24453526211576, 42.558639050560245], [-80.24637926266318, 42.55826395040737], [-80.24900796342166, 42.55747075014305], [-80.25043226387513, 42.5575429500901], [-80.24768276307259, 42.55826355034701], [-80.24771356312267, 42.55874115043153], [-80.24622846264852, 42.55865035048391], [-80.23916166052328, 42.55976535101154], [-80.22976175770704, 42.56137765173647], [-80.22533625642404, 42.56264455216913], [-80.22142035522744, 42.56304115242156], [-80.22578215659561, 42.56301685221547], [-80.22959325772258, 42.56218695188989], [-80.23066045800816, 42.561599651734845], [-80.23250885861114, 42.56186425169693], [-80.23710325995863, 42.56073325128091], [-80.23746476009907, 42.561050851321355], [-80.23638105975577, 42.561016451365276], [-80.23110215820967, 42.56234115184785], [-80.23025175792529, 42.56213735185049], [-80.23055315804298, 42.56240965188556], [-80.2319533584867, 42.56245495182896], [-80.23700506001767, 42.56179525147653], [-80.23713276010133, 42.56230945156316], [-80.24608856281729, 42.561162050942336], [-80.25508806549477, 42.559401750209105], [-80.25807326634092, 42.558322349876676], [-80.25837586644984, 42.558486349892206], [-80.25733766614307, 42.558713749981166], [-80.25543976561686, 42.55953895021749], [-80.25313356491877, 42.559848150379864], [-80.25248576473018, 42.56002415044152], [-80.25219066465714, 42.56025625049694], [-80.25376146515369, 42.56029365043098], [-80.2598347670164, 42.55976565005482], [-80.26051966721278, 42.559544749983374], [-80.26132336746717, 42.5595681499504], [-80.26334976807424, 42.559221249794156], [-80.266000768854, 42.558598549559385], [-80.26888436969554, 42.55784264928986], [-80.26919256976814, 42.55755684922414], [-80.26019386682579, 42.556183549393715], [-80.25326376481331, 42.5581199500629], [-80.25070246403105, 42.55838235022865], [-80.24998096382464, 42.55862085030496], [-80.24874146341253, 42.558351550313866], [-80.24806956321562, 42.55851815037493], [-80.24786316314534, 42.55845395037296], [-80.24893756346658, 42.55826275028879], [-80.25042196394435, 42.55839865024459], [-80.25629556569088, 42.55723904976409], [-80.25884006641206, 42.5563188494807], [-80.24002806027681, 42.5536381498688], [-80.23887065991262, 42.55363034992096], [-80.2370199594118, 42.554581750177796], [-80.23165465784999, 42.556040650688495], [-80.23088985759331, 42.555846550688955], [-80.23808775968992, 42.55390445000652], [-80.23579515890525, 42.553141749975296], [-80.21822695365866, 42.556355451366024], [-80.21751395339614, 42.55590015131704], [-80.21975865407897, 42.55563625116579], [-80.22080105435907, 42.555076151016756], [-80.22105615444461, 42.55514085101661], [-80.22198415472072, 42.55495795094082], [-80.2221287547769, 42.55508505095699], [-80.222583254894, 42.554781950881434], [-80.22306855505813, 42.5549202508839], [-80.22521165565412, 42.55400725062045], [-80.20429204935878, 42.55727695217595], [-80.20426464928853, 42.556547352045904], [-80.2015806484726, 42.55687105222813], [-80.19976794788684, 42.55667815227718], [-80.19917774765763, 42.55616075221131], [-80.1995320477631, 42.556091152182404], [-80.19980354782494, 42.55581375211992], [-80.19999624790009, 42.55598625214208], [-80.19952924777972, 42.55629825221981], [-80.19950404777789, 42.55637015223396], [-80.19953994779301, 42.556415552240445], [-80.20074634816895, 42.55637895217812], [-80.20115024828313, 42.55622865213239], [-80.20110324825691, 42.556093252110216], [-80.2007253481387, 42.55609935212878], [-80.2007916481253, 42.55569475205285], [-80.20101064819576, 42.55571435204629], [-80.20111684825204, 42.55598525209013], [-80.20142024835516, 42.556077452092694], [-80.20255414870446, 42.55599525202556], [-80.21073705121455, 42.55527725151817], [-80.21529235256446, 42.55431795113491], [-80.22021545409858, 42.55417135088096], [-80.22045955417154, 42.554127950861904], [-80.22050935418036, 42.55404735084509], [-80.2205096541767, 42.55400245083697], [-80.21537855258549, 42.55424645111808], [-80.20264004872692, 42.55594175201192], [-80.20114684822491, 42.55555295201093], [-80.2004000480142, 42.555835952096395], [-80.20071054815305, 42.55632445216996], [-80.19958864780754, 42.556406752236605], [-80.20013054794002, 42.55596015213116], [-80.19963394776396, 42.55572255211135], [-80.19898264759776, 42.55617725222332], [-80.19946424778665, 42.55662195228112], [-80.19542844654292, 42.55690895251918], [-80.1951586464694, 42.557042152555624], [-80.19509514646768, 42.55725795259744], [-80.19409134610376, 42.5566835525404], [-80.19756974715226, 42.556158352285145], [-80.1930942457792, 42.556550252562445], [-80.19257364567393, 42.5572400527107], [-80.18912174453939, 42.55664845276364], [-80.19074074505589, 42.556740752705494], [-80.19138954523802, 42.556484352629354], [-80.19203074538966, 42.5558944524935], [-80.19167924526833, 42.555765752486565], [-80.19349104585622, 42.5559857524425], [-80.19458234615405, 42.55545295229621], [-80.19417424606593, 42.5559276524005], [-80.19480784626309, 42.555904852367114], [-80.19660664677531, 42.55527825217125], [-80.19663824681795, 42.555665452239474], [-80.1973134469955, 42.55525615213458], [-80.20016784786577, 42.55494275194632], [-80.20096484808086, 42.5545250518343], [-80.20137464823877, 42.55487025187753], [-80.20432914912232, 42.5543414516458], [-80.20287514869511, 42.55469165177605], [-80.20416284912324, 42.554970751766774], [-80.20448914916201, 42.554216451615936], [-80.20661804984884, 42.5544293515559], [-80.21280825169812, 42.55330125106675], [-80.21333705182874, 42.552881650966796], [-80.2122412514816, 42.55284695101117], [-80.20940095060445, 42.55302565117458], [-80.20808205021292, 42.5532957512842], [-80.20754745003607, 42.55319085129002], [-80.2044882490871, 42.553333851457076], [-80.20332824874181, 42.55355985155136], [-80.20183024826954, 42.553540551617075], [-80.20108434805381, 42.553760451691126], [-80.20081954794914, 42.55350655165768], [-80.19950534752707, 42.55339815169888], [-80.20048434780557, 42.55305385159163], [-80.2004687478235, 42.553323951641005], [-80.20385404889285, 42.55339255149696], [-80.20862255035259, 42.55293915119498], [-80.20998065073816, 42.552453151044766], [-80.20981915070861, 42.55270445109747], [-80.21025725084878, 42.55273445108263], [-80.21060005094449, 42.55259265104125], [-80.2108099509923, 42.55237805099293], [-80.21085475103303, 42.55269345104761], [-80.21304805171644, 42.55262735093439], [-80.21326775178181, 42.55258395091637], [-80.2136474518876, 42.55242445087012], [-80.21400615196318, 42.55198575077455], [-80.2154237524596, 42.55258975081777], [-80.21627935270834, 42.55235255073556], [-80.2167453528344, 42.55211255067079], [-80.21601855266047, 42.552755850820176], [-80.2163478527611, 42.55272225079891], [-80.21732755303283, 42.55229665067705], [-80.21735025305136, 42.55243175070028], [-80.21768295312944, 42.5521188506286], [-80.21845955339369, 42.55235835063585], [-80.21920705359845, 42.55200325053734], [-80.22003405386707, 42.552108050517994], [-80.22079055409603, 42.552005050464466], [-80.22187895440732, 42.55164315034902], [-80.2217738543438, 42.551282050288876], [-80.21636155267323, 42.551632550602164], [-80.21606805258847, 42.55172055063152], [-80.21613865262746, 42.551919150664034], [-80.21520475230692, 42.55159785064938], [-80.21614195260491, 42.55164015061363], [-80.21743155293916, 42.55080225040323], [-80.1755865399063, 42.55214795257831], [-80.14723773125154, 42.5551555544279], [-80.13239362685465, 42.558340255685934], [-80.13739752829619, 42.55678395517494], [-80.13777712840209, 42.55662475512874], [-80.1377310283716, 42.55643525509675], [-80.13792402844452, 42.556580855114056], [-80.13876592870055, 42.55647905505693], [-80.13909722878972, 42.55630145500966], [-80.13905012876499, 42.55618395499068], [-80.14079352930497, 42.55608915489319], [-80.14258902983777, 42.55571535474312], [-80.14288452991181, 42.555492254689284], [-80.1429198299305, 42.555582654703976], [-80.14346763010529, 42.55561385468431], [-80.14410763026508, 42.55512315456641], [-80.14483423052128, 42.555452954592326], [-80.14518073059466, 42.55503215450052], [-80.14553263071458, 42.555142754504246], [-80.14727903123493, 42.55480475436285], [-80.14906783173438, 42.55406145414647], [-80.15428923340066, 42.55436125395961], [-80.15438923333942, 42.55326325375726], [-80.15371073317971, 42.55389765390283], [-80.14915433175247, 42.553953754123086], [-80.14222152966042, 42.55498295462815], [-80.1419832296272, 42.55547665472806], [-80.14038952911464, 42.555338454776695], [-80.13351392706092, 42.55661065532276], [-80.13253182679794, 42.55715255546566], [-80.13124822642249, 42.55748485558465], [-80.129565925901, 42.55757125567779], [-80.12957112594515, 42.55807555576837], [-80.12903172572213, 42.557441255679], [-80.12616362492736, 42.55870715603916], [-80.12830052549407, 42.55746255571651], [-80.13937542873981, 42.55467355470369], [-80.14007642899399, 42.55507505474363], [-80.14203142957093, 42.55463035457338], [-80.14155172945027, 42.55498685465972], [-80.14484373038898, 42.55384985430318], [-80.14503373047994, 42.55422055436114], [-80.14602713074947, 42.553714354224205], [-80.14606983080017, 42.55415615430178], [-80.14649613093518, 42.55416825428428], [-80.14681743100749, 42.5538285542083], [-80.1470591310943, 42.553956954220276], [-80.14806493136916, 42.5534684540859], [-80.14788883134719, 42.55386355416521], [-80.14866803159408, 42.553887354133515], [-80.14915993171931, 42.55353975404824], [-80.14996613196028, 42.55339275398462], [-80.15044493208597, 42.55309895390961], [-80.14976943190898, 42.55351735401611], [-80.1507676322256, 42.55355165397624], [-80.1516377324669, 42.553170653867475], [-80.15162183248546, 42.55344995391856], [-80.15323003298805, 42.5534169538384], [-80.15388073316178, 42.55305245374275], [-80.151943232557, 42.553101153840885], [-80.15250913269952, 42.55268215373935], [-80.15266333277467, 42.55299855378921], [-80.15356023300767, 42.55241965364357], [-80.15336033297665, 42.5527962537206], [-80.15354203303994, 42.55286975372549], [-80.15593713374396, 42.55229305351116], [-80.15638083385177, 42.551918053423144], [-80.15210323252151, 42.55208465365045], [-80.14532913047802, 42.55309705414523], [-80.14642623074296, 42.55215055392417], [-80.14630983074736, 42.55263585401693], [-80.14741803109784, 42.55266225397053], [-80.15192213245389, 42.551957253635855], [-80.15178203237326, 42.551523753564254], [-80.1530572327984, 42.55181265355747], [-80.15353603292333, 42.55150975348083], [-80.15387233305962, 42.55187255353064], [-80.15605463365631, 42.55081675323988], [-80.15613723369835, 42.5510068532703], [-80.15659853385344, 42.551127153270684], [-80.1592273346933, 42.551290553178795], [-80.16198593552394, 42.5508605529741], [-80.16313023580972, 42.54998635276387], [-80.16376223601705, 42.55008985275339], [-80.16421503614593, 42.54993115270393], [-80.16471253631397, 42.55006985270593], [-80.16503223639641, 42.549856052652686], [-80.16631023680331, 42.549919552605104], [-80.16955673778065, 42.54941175236387], [-80.16585493661208, 42.549348752523336], [-80.16497493635553, 42.54958545260657], [-80.16450053620164, 42.54952795261809], [-80.16256073561142, 42.54975705274886], [-80.16189183539628, 42.549698252769154], [-80.1606357350106, 42.54980595284649], [-80.15990093480588, 42.55011575293616], [-80.15785523415873, 42.55006485302139], [-80.15732913400825, 42.55024095307737], [-80.15741903400692, 42.549890553010094], [-80.15692153383887, 42.54975175300805], [-80.15176363225275, 42.55016375332015], [-80.15074543197846, 42.55070565346473], [-80.1487894313329, 42.55034005348908], [-80.14740243096226, 42.551113153692285], [-80.14709203082656, 42.55066065362512], [-80.14676413071645, 42.5505770536252], [-80.14504373019444, 42.55079845374439], [-80.14485523009635, 42.550337653670105], [-80.14433002994004, 42.55044175371305], [-80.14411982989358, 42.550674453764636], [-80.14409252990245, 42.55088145380322], [-80.14454053006025, 42.55108285381883], [-80.14343982974175, 42.55140795392813], [-80.14283122954782, 42.551376053950435], [-80.14274832950731, 42.55120445392335], [-80.1432339296701, 42.55132525392273], [-80.14396702988653, 42.551159653859074], [-80.14398162987666, 42.550988553827594], [-80.14371632977567, 42.55077935380213], [-80.14384242978879, 42.550465153739715], [-80.14235792931372, 42.55036425378999], [-80.13444282688714, 42.551088054285266], [-80.13649682756132, 42.551427554251745], [-80.13389442679187, 42.55200245447525], [-80.13236492620462, 42.550739154318194], [-80.12753032475261, 42.55154015468532], [-80.12713812464423, 42.55171705473526], [-80.12708152467425, 42.55228395484], [-80.12752812483917, 42.55257565487196], [-80.12678172462537, 42.55282195495074], [-80.12611492432269, 42.55171815478262], [-80.1202835225437, 42.55235805516662], [-80.11369912066019, 42.55456775586801], [-80.10731771857333, 42.55360865598921], [-80.10704241845852, 42.553273255941484], [-80.11260642022337, 42.55346065571892], [-80.11089591964357, 42.55296105570775], [-80.11228802006089, 42.552719655600086], [-80.11310412024511, 42.5518614554079], [-80.11475572079344, 42.55220745539414], [-80.11543312096124, 42.55167235526657], [-80.11520712093105, 42.55215685536427], [-80.11606642116149, 42.55168625523988], [-80.11663582135907, 42.55190675525338], [-80.11779732169833, 42.55160045514471], [-80.11985852225651, 42.55053565485788], [-80.11980072229296, 42.55118355497731], [-80.12014082233173, 42.55037575481611], [-80.12073412254067, 42.55064145483664], [-80.12424152357251, 42.54980375452413], [-80.12391992350005, 42.55014355460012], [-80.12624762415042, 42.54917975431927], [-80.12643412418642, 42.548910954262226], [-80.12565412394453, 42.54894995430523], [-80.12390732342627, 42.54931485445142], [-80.12187122279788, 42.549452554570074], [-80.12146632268853, 42.54966545462709], [-80.12115212257667, 42.54950995461355], [-80.1203291223577, 42.54998095473633], [-80.11916472196282, 42.549638754728285], [-80.11766292151333, 42.54990635484572], [-80.1189127219343, 42.55024025484826], [-80.11687062126683, 42.54993645488764], [-80.11422252046383, 42.550285055072415], [-80.11373382039183, 42.55125395526946], [-80.1136642203494, 42.551010255228775], [-80.11222161985401, 42.55051285520565], [-80.10897741886018, 42.550820955410565], [-80.10997251919488, 42.55108065541153], [-80.10802361865531, 42.55194805565756], [-80.1078536185987, 42.55191075565864], [-80.10857591880425, 42.55165535557935], [-80.10860211880191, 42.55152935555548], [-80.10827511868752, 42.55139185554577], [-80.1039534173868, 42.55207855586848], [-80.10327541722098, 42.55264035600093], [-80.10509911781446, 42.55287975596006], [-80.10618401815096, 42.5528253559003], [-80.10657631825934, 42.552648155850314], [-80.1071821184692, 42.55287825586387], [-80.09393271442711, 42.554341156737514], [-80.09237971390368, 42.55392345673381], [-80.09187061365762, 42.55290185657319], [-80.0878824122926, 42.551582356519006], [-80.09553391489818, 42.5539573565947], [-80.09680631519514, 42.55273375631568], [-80.10275501703883, 42.55242025598527], [-80.10114981651725, 42.552218556022865], [-80.10812911856868, 42.55052585539646], [-80.10844781865691, 42.55038425535627], [-80.1084395186308, 42.55010515530635], [-80.10883161874067, 42.54994625525969], [-80.1088843187337, 42.54966735520702], [-80.10907611881312, 42.54989395523902], [-80.11006321912025, 42.54985665518681], [-80.12265082289616, 42.547711254220474], [-80.12334982308595, 42.54735625412429], [-80.12396832329742, 42.54755915413232], [-80.12449592344008, 42.547284054058444], [-80.12554252377431, 42.547346154021454], [-80.12608152392427, 42.547116153955216], [-80.12667722411874, 42.547201653943105], [-80.1291787248762, 42.546860353766334], [-80.1293758249254, 42.54670885373], [-80.12747812431482, 42.546541453787306], [-80.12349022309301, 42.54691615403855], [-80.12131822243393, 42.54719685418915], [-80.12050912221174, 42.54757765429505], [-80.12032952213696, 42.54736035426422], [-80.11850422155219, 42.547229254324634], [-80.1190010217246, 42.54742215433651], [-80.11308141993815, 42.54830395476806], [-80.11012241907667, 42.54911845505108], [-80.11000031896691, 42.54827105490404], [-80.10740721814554, 42.54819705501015], [-80.1043263173169, 42.54985715545111], [-80.09739501514241, 42.54991055577989], [-80.09858891544425, 42.549037555567615], [-80.10374091706423, 42.54904185533117], [-80.10849031841845, 42.54739485481572], [-80.09842501535543, 42.54859485549541], [-80.09607131470266, 42.54962995579027], [-80.09837581548481, 42.550314555807525], [-80.0928052138292, 42.55145035626861], [-80.0954576145374, 42.549958355877706], [-80.0875415121852, 42.551579556534186], [-80.08561911156814, 42.551429356595605], [-80.08497731134395, 42.55116295657715], [-80.08588091161648, 42.551026056510906], [-80.08515331136827, 42.55079515650277], [-80.08589521153839, 42.55004455633338], [-80.08690961183748, 42.54980945624433], [-80.08553161148293, 42.55074405647616], [-80.09160681333863, 42.550099156080336], [-80.09774901510683, 42.548166255449324], [-80.09583631457936, 42.54904275569532], [-80.09656441482392, 42.549228755695296], [-80.09998331577808, 42.54779655527982], [-80.10509221735104, 42.54740425497391], [-80.10775391814856, 42.54693885476749], [-80.10822421825196, 42.546411254650785], [-80.10769021807235, 42.54627185465023], [-80.09490021420409, 42.54808085556509], [-80.10014111575879, 42.546978255125126], [-80.09628761457522, 42.547308555362015], [-80.09243421346052, 42.54845745574645], [-80.0926709135063, 42.54811715567423], [-80.09208751331492, 42.54802245568404], [-80.1058300173969, 42.54519465454178], [-80.1038701167037, 42.54427865446702], [-80.09601961434896, 42.5456220550705], [-80.09742731474998, 42.54512885491677], [-80.09362851361992, 42.54589115522902], [-80.09240231321239, 42.545629455238284], [-80.09008251251647, 42.546025355416404], [-80.09017621256797, 42.546287255459305], [-80.09140821294399, 42.54615305537842], [-80.09150761296313, 42.546009555348], [-80.09216131319185, 42.546284955367504], [-80.09031901263266, 42.54652255549516], [-80.089369512401, 42.547316555681924], [-80.09465451399701, 42.546538755298485], [-80.08267021050789, 42.54984775644632], [-80.08780561193784, 42.547655355814946], [-80.06769890574424, 42.54917745701433], [-80.0837817105579, 42.546290455754175], [-80.08286191016651, 42.54507615557763], [-80.0614046037486, 42.54898195726854], [-80.06069280348642, 42.548525857219076], [-80.06099110354788, 42.54814115713602], [-80.06122530367395, 42.54876435723759], [-80.06354450437524, 42.548432157071076], [-80.06660370525593, 42.54746645675635], [-80.06768810552562, 42.54661975655385], [-80.06776740551506, 42.54619715647405], [-80.06452720450012, 42.546242856631295], [-80.06406580441454, 42.546950356779995], [-80.06454710459879, 42.54734175682842], [-80.06339830426023, 42.54761145692985], [-80.0634017042424, 42.54738645688914], [-80.06379320435514, 42.547263456849], [-80.06409350440507, 42.546734556739864], [-80.0593996029562, 42.54705655701371], [-80.05959420308648, 42.54787755715277], [-80.05591820198552, 42.54853155743967], [-80.05906380282086, 42.54670225696532], [-80.04504479854886, 42.54832455790219], [-80.0552957018659, 42.549436257631314], [-80.06272820418846, 42.549263057258344], [-80.06655850535914, 42.54886215700994], [-80.06502960491443, 42.54929095715755], [-80.0582873028329, 42.54974895755012], [-80.04317339800441, 42.548849358082784], [-80.04701669910826, 42.547602557681415], [-80.06127500341086, 42.54545065663807], [-80.11544131997076, 42.53988395314224], [-80.15022113083363, 42.53908435139555], [-80.1670760362807, 42.54087415094065], [-80.21983415367394, 42.55056655024973], [-80.26765216923465, 42.55696994918991], [-80.27631507212077, 42.558925349140495], [-80.30454658130971, 42.56274754851967], [-80.30792178245828, 42.56379464855147], [-80.30568288182674, 42.56463644880671], [-80.30495578147662, 42.563200248582156], [-80.29418777799447, 42.56200874886704], [-80.28471237508974, 42.56284164945594], [-80.28639467542956, 42.56061864897813], [-80.27056197086742, 42.56545395058138], [-80.24402946276962, 42.56823595231023]], [[-80.13407442827625, 42.56892565751442], [-80.12774442573597, 42.562402556631795], [-80.12949072633312, 42.56297415665421], [-80.13116432698108, 42.56441865683715], [-80.1315522271147, 42.564556756844134], [-80.13407442827625, 42.56892565751442]], [[-80.13231992772512, 42.56893035759619], [-80.13158152746367, 42.56858255756759], [-80.13000552684638, 42.567138657380326], [-80.1279501261047, 42.566006457271236], [-80.1242287246741, 42.56291595688631], [-80.12102682350832, 42.5610274566938], [-80.12307192423526, 42.56202455677911], [-80.11904342272479, 42.559129956443506], [-80.11876232249729, 42.55747965615922], [-80.13231992772512, 42.56893035759619]], [[-80.1395947288089, 42.554675254693855], [-80.14520373046055, 42.55335715419784], [-80.14514003038278, 42.55267245407744], [-80.1439606299992, 42.552519354104284], [-80.14143052925559, 42.55313085433107], [-80.14089082911072, 42.55342405440875], [-80.14064842902678, 42.553332154403414], [-80.13932982863203, 42.55356535450617], [-80.13908472856393, 42.5536715545366], [-80.13883792850517, 42.55389485458822], [-80.13857102841583, 42.55382985458882], [-80.13911092856083, 42.553536654511106], [-80.14071092903662, 42.553215654379485], [-80.14174082931916, 42.55272795424423], [-80.1331639266347, 42.55286165466372], [-80.13136542596882, 42.551668254531634], [-80.12456852405356, 42.55429125531739], [-80.1288458252398, 42.552414654782226], [-80.12722662472602, 42.55235715484648], [-80.12736922471855, 42.5517368547282], [-80.1313632259081, 42.55095665440357], [-80.13010082555836, 42.55151435456222], [-80.13229502623723, 42.5513868544381], [-80.13235092628446, 42.551738554498876], [-80.13304622649741, 42.55167195445485], [-80.13323792657752, 42.55190745448842], [-80.13368822672162, 42.5519377544731], [-80.13377242675418, 42.55201065448238], [-80.13411302686298, 42.552031254470364], [-80.14233272931031, 42.550418053800904], [-80.14374422976316, 42.55052755375548], [-80.14365522975793, 42.55079705380813], [-80.14393122987065, 42.55110515385094], [-80.14285922953387, 42.551106253900514], [-80.14264992948239, 42.55127585394071], [-80.14278162953754, 42.55143885396404], [-80.14334142971613, 42.55147035394389], [-80.14457623007682, 42.55114605382855], [-80.14475663007289, 42.550427053690726], [-80.14511543022535, 42.55089805375903], [-80.14682403074139, 42.55064955363548], [-80.14720663090591, 42.551174953712476], [-80.1474019309659, 42.55115815370042], [-80.14846703126561, 42.550742853576516], [-80.14871523131639, 42.55042025350698], [-80.15065963195528, 42.55075005347666], [-80.15675003379172, 42.54983135303029], [-80.15729193400033, 42.55028565308712], [-80.1598272347865, 42.55016025294758], [-80.16053693498786, 42.549904252868764], [-80.16497443635767, 42.549612552611485], [-80.16576873659027, 42.54941115253854], [-80.16763173718063, 42.54946965246312], [-80.16303313577761, 42.549967552765], [-80.16191303549792, 42.55082395297089], [-80.16017563492578, 42.55051405299524], [-80.15913053465827, 42.5512357531734], [-80.15869563449932, 42.55097145314593], [-80.15672143388531, 42.55104705325059], [-80.15615203368701, 42.55081765323553], [-80.15606673365943, 42.550808153237774], [-80.15593283361797, 42.55081595324535], [-80.1538859330548, 42.55176475351064], [-80.15357313293119, 42.55146515347111], [-80.1517580323627, 42.55148785355891], [-80.14749193111581, 42.55259975395592], [-80.14685533086063, 42.551946653867624], [-80.14545983046372, 42.552440554020926], [-80.14526773046174, 42.55313255415442], [-80.1523581326071, 42.55214945365038], [-80.15602463375784, 42.552131453478005], [-80.15352413299328, 42.55238335363872], [-80.15239963266427, 42.55267215374256], [-80.15189483254028, 42.553082853839854], [-80.15194233256207, 42.55316415385228], [-80.15285693284397, 42.55309885379832], [-80.15250073274929, 42.55330345385162], [-80.15158953244867, 42.55313465386325], [-80.15063443217981, 42.55350565397409], [-80.15039333208796, 42.553314853950866], [-80.15051803210899, 42.55309955390637], [-80.15042123207549, 42.55306275390417], [-80.14827883146845, 42.553848454144465], [-80.14854883146609, 42.552814753945874], [-80.1395947288089, 42.554675254693855]], [[-80.13121602623768, 42.555413355213076], [-80.13322452680266, 42.55462715497887], [-80.13841192836881, 42.55386475460243], [-80.1390513286081, 42.55431985465492], [-80.13121602623768, 42.555413355213076]], [[-80.14492313037525, 42.553391154216875], [-80.13893552853442, 42.5538777545806], [-80.14513843039289, 42.552798354100204], [-80.14492313037525, 42.553391154216875]], [[-80.11777482189846, 42.55405885558856], [-80.1195309223651, 42.5530457553252], [-80.11951422238643, 42.55336105538271], [-80.12028012263673, 42.55347475536795], [-80.12257812331121, 42.55290705515976], [-80.12304682342392, 42.55249635506421], [-80.12289422341382, 42.552945355152126], [-80.12349062360396, 42.55297705513031], [-80.11777482189846, 42.55405885558856]], [[-80.1231204234433, 42.55245175505275], [-80.12024652253584, 42.55240295517639], [-80.12544102413476, 42.55200135486471], [-80.1235499236325, 42.55309455514873], [-80.12364162362267, 42.55263585506191], [-80.1231204234433, 42.55245175505275]], [[-80.12688942555478, 42.56344055685812], [-80.12092322329342, 42.55886505630916], [-80.12455222451321, 42.5598025563107], [-80.12470502466917, 42.56108255653419], [-80.1257186250462, 42.56177465661213], [-80.12688942555478, 42.56344055685812]], [[-80.13095442641276, 42.55846435577462], [-80.13037542619549, 42.558045755725935], [-80.13359032713969, 42.55725965543614], [-80.13095442641276, 42.55846435577462]], [[-80.1789284414772, 42.558313853534145], [-80.1671554378891, 42.55963375431526], [-80.16535373731574, 42.559548654383114], [-80.17535554029982, 42.55766685358262], [-80.1789284414772, 42.558313853534145]], [[-80.16590243756154, 42.560417154514106], [-80.16180043625084, 42.560162054657525], [-80.16697213783445, 42.55966865433001], [-80.16590243756154, 42.560417154514106]], [[-80.14661573166525, 42.562373555756324], [-80.14686143157917, 42.56043895539664], [-80.14901993224223, 42.560256855264264], [-80.14661573166525, 42.562373555756324]], [[-80.15753733498372, 42.56102245500916], [-80.1556316344171, 42.561404655165894], [-80.15545473432485, 42.56097105509599], [-80.15753733498372, 42.56102245500916]], [[-80.15273633355852, 42.56201365540914], [-80.15488133414961, 42.56102985513307], [-80.15558343439885, 42.56136825516156], [-80.15273633355852, 42.56201365540914]], [[-80.1977291475168, 42.5598787529475], [-80.1807647423886, 42.56227165416183], [-80.19070664534728, 42.56031585335059], [-80.1977291475168, 42.5598787529475]], [[-80.20982515140504, 42.56091765257551], [-80.19774144776056, 42.56271575345754], [-80.19718514755954, 42.562405653427454], [-80.19697024746218, 42.56205295337391], [-80.20982515140504, 42.56091765257551]], [[-80.1314555270789, 42.56449305683713], [-80.1293951262931, 42.562856356637404], [-80.12790392577938, 42.562322756610094], [-80.12763512569924, 42.5623745566318], [-80.12763422577875, 42.56332015680211], [-80.12533582488385, 42.561276556540065], [-80.12980592636856, 42.562220056503904], [-80.1314555270789, 42.56449305683713]], [[-80.14114323011047, 42.56433185636131], [-80.14255763047231, 42.563351856119645], [-80.14207543043979, 42.564762256395824], [-80.14114323011047, 42.56433185636131]], [[-80.24028096130857, 42.564888051881425], [-80.23798816060615, 42.56509795202529], [-80.23689576023494, 42.56476645201617], [-80.2393884609652, 42.564143451788794], [-80.24028096130857, 42.564888051881425]], [[-80.26815456989866, 42.56294415024143], [-80.24834366377392, 42.56409465136559], [-80.27299087106593, 42.55879624927126], [-80.27369857128016, 42.55870154922145], [-80.27436247153251, 42.5592191492838], [-80.2745706716789, 42.56017514944617], [-80.27542977190335, 42.5596402493101], [-80.27782567268451, 42.559979749260194], [-80.27466327174314, 42.56058984951645], [-80.27294877144962, 42.563479150115576], [-80.26706666967085, 42.56428795053351], [-80.27431977165342, 42.56080394957086], [-80.27168837073943, 42.559769649506705], [-80.27367307127979, 42.55879154923883], [-80.27016667025308, 42.559669849559185], [-80.26815456989866, 42.56294415024143]], [[-80.27371877167043, 42.563231650035405], [-80.27987817337517, 42.56052374926301], [-80.28072747366679, 42.56081734927645], [-80.28297037436084, 42.56069624915075], [-80.27371877167043, 42.563231650035405]], [[-80.26208556818084, 42.56516565092205], [-80.25968396743744, 42.565294151056385], [-80.2629469683908, 42.564450650753535], [-80.26208556818084, 42.56516565092205]], [[-80.24123296159665, 42.56475905181421], [-80.24125226155243, 42.564164951706424], [-80.24152786167197, 42.56455415176366], [-80.24213756185847, 42.56449515172482], [-80.24250966193054, 42.56396615161243], [-80.24349956221918, 42.5637024515192], [-80.24340286226882, 42.564647551693724], [-80.24123296159665, 42.56475905181421]], [[-80.24172346172816, 42.56449235174353], [-80.2412306615266, 42.56393965166687], [-80.2459075629197, 42.56304285128908], [-80.24374906234117, 42.56421755160035], [-80.24365866226312, 42.56363145149906], [-80.24279206200339, 42.56377875156566], [-80.24236286188894, 42.564019151628756], [-80.24221306186625, 42.56430635168736], [-80.24172346172816, 42.56449235174353]], [[-80.21763155403805, 42.56305155259865], [-80.21653845367192, 42.562782852600826], [-80.22887165734842, 42.56044395160959], [-80.22947665748315, 42.559790651464034], [-80.23246365840562, 42.55960355129227], [-80.23369825876368, 42.55925165117183], [-80.23373685876209, 42.55908985114094], [-80.23072745782041, 42.5591326512878], [-80.22035295469567, 42.56071955205313], [-80.21769915393358, 42.56156615232819], [-80.22314295548838, 42.55972975174598], [-80.22628115642348, 42.55912975149294], [-80.22741905674646, 42.558723151367104], [-80.22725045668044, 42.55856885134713], [-80.22597205627359, 42.558506351395046], [-80.21745195379559, 42.56085285221126], [-80.21511175315122, 42.561926452512644], [-80.21368985268157, 42.56165555252966], [-80.21289715251972, 42.56268575275169], [-80.20854345110064, 42.56207955284386], [-80.22159135494825, 42.55910695170568], [-80.21471845296878, 42.56123025240555], [-80.21832055404458, 42.56057065212032], [-80.22611055628592, 42.55813795132232], [-80.22194645504707, 42.55895625166214], [-80.22265655524616, 42.55867275157826], [-80.22353535551132, 42.55854365151441], [-80.22639635633779, 42.55768955122843], [-80.22695705651272, 42.55767545119991], [-80.22797055681262, 42.5574571511138], [-80.22806985683242, 42.557322751084996], [-80.22752535663517, 42.557012851054395], [-80.2193633542402, 42.55901075179135], [-80.21893185413946, 42.559422051885356], [-80.21873955406065, 42.55920455185511], [-80.2177997537778, 42.55935135192496], [-80.21373245257237, 42.5602060522668], [-80.21256935224515, 42.56065735240179], [-80.212561652213, 42.560306052338944], [-80.21634985332456, 42.55937745199671], [-80.2185032539368, 42.55861765176038], [-80.21851785392536, 42.55842855172566], [-80.22127485476483, 42.55811415154161], [-80.22108805464967, 42.557446451430096], [-80.21750605361225, 42.558484751782565], [-80.22221525496106, 42.556940751287], [-80.22144625481269, 42.55804325152093], [-80.23035195743626, 42.55598705073909], [-80.23237925812073, 42.5565501507467], [-80.23904036005744, 42.554712250107855], [-80.23924946010875, 42.554542550067616], [-80.24137786080134, 42.55482675002031], [-80.23345285861477, 42.55840335103053], [-80.25087076384303, 42.55553754970898], [-80.21763155403805, 42.56305155259865]], [[-80.21944945442657, 42.56089355212625], [-80.21749995381602, 42.56091625222044], [-80.22212935518768, 42.55993915183057], [-80.21944945442657, 42.56089355212625]], [[-80.22548775618442, 42.55925035155133], [-80.22183875508178, 42.559766151812845], [-80.22732225671068, 42.55865945136013], [-80.22548775618442, 42.55925035155133]], [[-80.21147665195987, 42.56134335257579], [-80.21147385189576, 42.56059575244135], [-80.21268995229073, 42.56074815241256], [-80.217835853793, 42.55939645193142], [-80.21896735415827, 42.559512451899984], [-80.22746375662038, 42.55706645106688], [-80.22805755682933, 42.55733155108717], [-80.22571315612963, 42.55776615127382], [-80.21870875409515, 42.5597266519505], [-80.21159075196533, 42.5609838525058], [-80.21147665195987, 42.56134335257579]], [[-80.20992485142114, 42.56073815253861], [-80.21337395241231, 42.55964535218245], [-80.21845745390256, 42.55838305172026], [-80.21626485329477, 42.55934095199404], [-80.20992485142114, 42.56073815253861]], [[-80.20560544986665, 42.55840295231794], [-80.19892914785424, 42.559410052807685], [-80.20360864923205, 42.558316852394675], [-80.20560544986665, 42.55840295231794]], [[-80.17779664119162, 42.5591432537357], [-80.17801274120258, 42.55846945360445], [-80.17889034147434, 42.55842165355534], [-80.17901294150762, 42.55835975353853], [-80.17896644148003, 42.55820605351301], [-80.17652624065849, 42.55755815350901], [-80.18080054185356, 42.555805552996134], [-80.17523414018095, 42.556711253416175], [-80.17707634066207, 42.55555385312279], [-80.17202133915121, 42.5564720535214], [-80.17153173893465, 42.55572995341043], [-80.17183583903274, 42.55575915340162], [-80.1727752393186, 42.55564885333845], [-80.17560774016773, 42.555164953120546], [-80.17668544046983, 42.55473145299276], [-80.17840014102636, 42.554941952951474], [-80.1802536415954, 42.55478385283742], [-80.18109544185053, 42.554673052778654], [-80.18140174193711, 42.554558152743795], [-80.1810999418246, 42.55434875272], [-80.18143974193913, 42.55444135272101], [-80.18363314262356, 42.554384952609574], [-80.18413754274964, 42.55400115251719], [-80.18384744264314, 42.5538191524978], [-80.18299544237188, 42.55377695252955], [-80.18281204231866, 42.55382965254754], [-80.18274984230746, 42.55392835256815], [-80.18226414214467, 42.55380795256894], [-80.181152441816, 42.55405205266419], [-80.1814476418899, 42.55382895261036], [-80.18109734176217, 42.55361935258884], [-80.18095124171465, 42.55360045259214], [-80.1807552416613, 42.55369805261877], [-80.18057834164593, 42.554173952712645], [-80.17954984127877, 42.55365335266638], [-80.17901124112673, 42.55385655272782], [-80.17877734106905, 42.55404405277242], [-80.17873894106913, 42.55418775280003], [-80.17893234113993, 42.55430645281249], [-80.17879754110126, 42.55435035282662], [-80.17846014097147, 42.554068652791464], [-80.17774364073222, 42.55390145279448], [-80.17483603987385, 42.55455595304652], [-80.17408953966165, 42.55482095312871], [-80.17387893961892, 42.55509855318836], [-80.1734808394685, 42.55479845315276], [-80.16899233809484, 42.5552344534384], [-80.1671727375516, 42.5555723535832], [-80.16654863737485, 42.55580215365339], [-80.1663383373284, 42.556034553704954], [-80.16593113715761, 42.555527153632376], [-80.16361893641589, 42.55534825370688], [-80.16066123554849, 42.556083153975706], [-80.16145773569208, 42.554819253711344], [-80.15813943468144, 42.55520025393305], [-80.15683123422386, 42.55465015389435], [-80.15495883368976, 42.55529365409663], [-80.15492743364796, 42.55491535402994], [-80.15695773423482, 42.55430885382705], [-80.16953453814843, 42.553851353164355], [-80.17274193905408, 42.55264075279836], [-80.17426733959294, 42.553345452854806], [-80.17563443992749, 42.552220352589096], [-80.21713745285878, 42.55094435044241], [-80.21339905176073, 42.55184655077759], [-80.2130729517213, 42.55259175092676], [-80.21074945097094, 42.55235045099074], [-80.21030685085907, 42.55267175106904], [-80.21003865077543, 42.55267895108269], [-80.21016305079783, 42.55248145104142], [-80.20991985071748, 42.55243485104426], [-80.20837885027666, 42.5529465512076], [-80.20794365011821, 42.55268975118148], [-80.20356294879284, 42.55329145149223], [-80.20058244783189, 42.55300055157751], [-80.19962984754952, 42.55320085165759], [-80.19945704750886, 42.55336175169457], [-80.19962524757702, 42.55354315171943], [-80.20107134805427, 42.553814451701484], [-80.2015726481991, 42.55366485165139], [-80.20282734859326, 42.553664551593364], [-80.20452384910438, 42.5534060514684], [-80.20895885048961, 42.55331075124632], [-80.21315425177274, 42.552898350978246], [-80.1917162452762, 42.55572105247683], [-80.1907050450393, 42.55667745269572], [-80.19027284486212, 42.556188052627576], [-80.1892713445644, 42.5563884527099], [-80.18911124452461, 42.55651305273972], [-80.18909554454328, 42.55679235279076], [-80.18967684474761, 42.557048652810046], [-80.19012084493153, 42.55757405288408], [-80.19203804550307, 42.5572093527299], [-80.19256104567302, 42.55727605271773], [-80.1941952461745, 42.557134352616764], [-80.19423694616337, 42.55684765256322], [-80.19487524640303, 42.55731035261704], [-80.1959499467223, 42.55709265252821], [-80.18704414409004, 42.55905605329297], [-80.18146754231998, 42.558845253512565], [-80.18958984473313, 42.55720105284148], [-80.18944574467254, 42.55701985281555], [-80.18883884446933, 42.55687145281685], [-80.18899834451194, 42.556782652793494], [-80.18885674443617, 42.55641245273335], [-80.18872324439185, 42.5563844527345], [-80.18839104430933, 42.55664315279645], [-80.18809914421517, 42.556614052804655], [-80.18778114412343, 42.55671085283677], [-80.18744524398342, 42.556303152778916], [-80.18492054320996, 42.55653755293765], [-80.17880574136473, 42.55743935338238], [-80.17854834129592, 42.55758165341986], [-80.1785466413045, 42.55768975343943], [-80.17918434155625, 42.55829765351942], [-80.1803798419212, 42.558170953441376], [-80.17779664119162, 42.5591432537357]], [[-80.15726363462763, 42.55782335444577], [-80.16353363646662, 42.55626635387612], [-80.16637343734932, 42.55615185372446], [-80.16897913809598, 42.555297253450355], [-80.17229163914277, 42.55536625330988], [-80.17343173945531, 42.55482515315982], [-80.1738778396254, 42.55517955320302], [-80.17479893986676, 42.55460995305793], [-80.17732274064385, 42.55442095290743], [-80.17272723930044, 42.55561255333408], [-80.1722540391385, 42.55545605332775], [-80.16300423633488, 42.55667655397444], [-80.15726363462763, 42.55782335444577]], [[-80.14907843189883, 42.55597075448978], [-80.14627553102527, 42.55605795463476], [-80.14827773162544, 42.55571275448028], [-80.14907843189883, 42.55597075448978]], [[-80.17859584108189, 42.5548711529297], [-80.17738744064062, 42.554142152854254], [-80.17868324109646, 42.554718852898226], [-80.17948814126542, 42.55372495268216], [-80.180443241611, 42.55426325273496], [-80.18405234272205, 42.55399155251938], [-80.18030814157609, 42.55435205275717], [-80.17859584108189, 42.5548711529297]], [[-80.2163121527445, 42.55265875078914], [-80.21682995286562, 42.5521672506767], [-80.21673325282829, 42.552085250666465], [-80.21524255239116, 42.5524534508016], [-80.21632125268495, 42.55192045065584], [-80.21625075264524, 42.55171275062168], [-80.22150465426814, 42.551388350320416], [-80.22147585428957, 42.55174845038659], [-80.21767125312351, 42.552091750624264], [-80.2163121527445, 42.55265875078914]], [[-80.20595024995002, 42.55810805224889], [-80.21335625211657, 42.55621405156572], [-80.2139437523639, 42.55695645167215], [-80.20917845096385, 42.558103352098875], [-80.20595024995002, 42.55810805224889]], [[-80.23045045745968, 42.555897650718464], [-80.22419875559821, 42.55710735122527], [-80.22603315612523, 42.55652545103569], [-80.23045045745968, 42.555897650718464]], [[-80.17895644146088, 42.5580168534794], [-80.18740834397336, 42.55632125278384], [-80.18770644410979, 42.556827452861235], [-80.18836564430815, 42.55672405281216], [-80.18880804442085, 42.556412052735574], [-80.18814274426161, 42.55700175287242], [-80.1887888444604, 42.55695225283369], [-80.18931164463113, 42.55702785282316], [-80.18951694470712, 42.55716445283827], [-80.17895644146088, 42.5580168534794]], [[-80.23399525857133, 42.55587645055066], [-80.23401135855046, 42.55557035049484], [-80.23513195890303, 42.55557765044433], [-80.23687975941039, 42.55508525027488], [-80.2371276594594, 42.55474445020207], [-80.2391150600703, 42.554586750081775], [-80.23399525857133, 42.55587645055066]], [[-80.2364814592614, 42.554803250242585], [-80.23928306005608, 42.553795349931555], [-80.24003726030026, 42.55388134991215], [-80.23911706005721, 42.5544245500525], [-80.23814205975424, 42.554463150104546], [-80.23699355941876, 42.55476175021141], [-80.23673385936446, 42.5550841502814], [-80.2364296592634, 42.55501915028383], [-80.2364814592614, 42.554803250242585]], [[-80.23901966045034, 42.55943115095798], [-80.25309756455813, 42.55572334963936], [-80.25855926632833, 42.55637124950312], [-80.25036186392083, 42.55834415023754], [-80.24902326348976, 42.55821835027687], [-80.24825536325199, 42.55825835031961], [-80.25050476390251, 42.5575976500966], [-80.25045716387913, 42.55749825008091], [-80.2501656637813, 42.557424150081076], [-80.24909366344481, 42.557426150131036], [-80.23901966045034, 42.55943115095798]], [[-80.12876892627291, 42.56494985704325], [-80.1287424262038, 42.56422915691471], [-80.13144732734918, 42.56772585741955], [-80.12876892627291, 42.56494985704325]], [[-80.26409016902448, 42.56769105128351], [-80.26181206830846, 42.56768515138792], [-80.26400256892742, 42.566870951140054], [-80.26409016902448, 42.56769105128351]], [[-80.2656615695219, 42.56773695121894], [-80.26710956981486, 42.56582825080858], [-80.27187857127551, 42.56539035050894], [-80.27135897116783, 42.56604455065069], [-80.2656615695219, 42.56773695121894]], [[-80.2794904736854, 42.565618750197395], [-80.27773397323897, 42.56685925050188], [-80.27519267240287, 42.566411050539], [-80.2794904736854, 42.565618750197395]], [[-80.28509277536898, 42.56472614977729], [-80.28358097481326, 42.56377114967553], [-80.28516707529383, 42.56356494956499], [-80.28509277536898, 42.56472614977729]], [[-80.2878623762104, 42.56439214958885], [-80.28718727603544, 42.56482924969877], [-80.28709187589932, 42.56357684947793], [-80.2864183756241, 42.562825349373945], [-80.2878623762104, 42.56439214958885]], [[-80.28660307584788, 42.56478054971709], [-80.28573507550615, 42.56396474961052], [-80.28689537584819, 42.563701649509454], [-80.28660307584788, 42.56478054971709]], [[-80.29938187968239, 42.56268004874699], [-80.29920097970415, 42.56360674892206], [-80.2961345787153, 42.56329954900896], [-80.29938187968239, 42.56268004874699]], [[-80.30379838139231, 42.566489349227254], [-80.3044438814111, 42.564322748807704], [-80.30593438194029, 42.5650433488682], [-80.30379838139231, 42.566489349227254]], [[-80.2995315800725, 42.56672464946738], [-80.29993818007354, 42.56523214918016], [-80.30105418046045, 42.56566204920576], [-80.29980618010919, 42.566140849349715], [-80.2995315800725, 42.56672464946738]], [[-80.29546747885, 42.56735704976954], [-80.29353007815276, 42.56630934967093], [-80.29635057908193, 42.56682214963243], [-80.29546747885, 42.56735704976954]], [[-80.29592667874769, 42.56445114922566], [-80.29420187825868, 42.56507084941708], [-80.29440347827087, 42.56446864929943], [-80.29592667874769, 42.56445114922566]], [[-80.28737757621985, 42.566298249954116], [-80.28739187611892, 42.56505564972995], [-80.28938257679705, 42.56568054975007], [-80.28737757621985, 42.566298249954116]], [[-80.28438797531608, 42.566712050167084], [-80.28063007417445, 42.56716565042281], [-80.285069875442, 42.5656716499484], [-80.28438797531608, 42.566712050167084]], [[-80.29723287950387, 42.5685296498986], [-80.29782127957203, 42.56715524962413], [-80.29975908017464, 42.56708604952186], [-80.29723287950387, 42.5685296498986]], [[-80.30164658077436, 42.56716964944937], [-80.2997998801546, 42.56669914945037], [-80.30255508100664, 42.56654484929492], [-80.30164658077436, 42.56716964944937]], [[-80.31435028478955, 42.5674804489161], [-80.31370368459235, 42.56754874895839], [-80.31479848485482, 42.56659164873553], [-80.31648198536668, 42.56639474862198], [-80.3161005852765, 42.566743548702426], [-80.31568768513445, 42.56659694869522], [-80.31529608502662, 42.56677474874533], [-80.31512808504793, 42.56764744891003], [-80.31435028478955, 42.5674804489161]], [[-80.31281608439421, 42.56849814917024], [-80.3141538847385, 42.56760554894771], [-80.31282228444206, 42.56903834926705], [-80.31281608439421, 42.56849814917024]], [[-80.31639458545, 42.56769984886072], [-80.31512758505232, 42.56770114891973], [-80.31560178511353, 42.56666854871206], [-80.31639458545, 42.56769984886072]], [[-80.31901358646483, 42.56996704914684], [-80.31725838563528, 42.566687248638566], [-80.31632908537057, 42.567006048739], [-80.31725058559994, 42.56630024856934], [-80.32076638674374, 42.566771348490974], [-80.31901358646483, 42.56996704914684]], [[-80.32517148826513, 42.56840024857939], [-80.32192658727762, 42.5687684487962], [-80.32107108702925, 42.56900664887871], [-80.3227668874493, 42.56768384856221], [-80.32517148826513, 42.56840024857939]], [[-80.32279128774306, 42.57105204916662], [-80.32294908760531, 42.568846648762836], [-80.32413448814022, 42.57076274905224], [-80.32461028828601, 42.57072044902261], [-80.32630228873468, 42.569748948769444], [-80.32547648854843, 42.57060864896229], [-80.32536298854332, 42.57096814903219], [-80.32279128774306, 42.57105204916662]], [[-80.31999358682882, 42.57063014922059], [-80.32171788722349, 42.56890244882997], [-80.3200768868688, 42.57079274924595], [-80.31999358682882, 42.57063014922059]], [[-80.31180668425111, 42.57054524958515], [-80.31811578605935, 42.56851164892683], [-80.3190371864791, 42.57004814916032], [-80.31180668425111, 42.57054524958515]], [[-80.31224298412376, 42.56743184900512], [-80.3097043834546, 42.56893854939376], [-80.30866958312305, 42.568860549427754], [-80.31355518446841, 42.56663824880153], [-80.31178158415453, 42.56950044939846], [-80.31224298412376, 42.56743184900512]], [[-80.30510718204167, 42.56929814967167], [-80.30620358238724, 42.56931364962356], [-80.305072882105, 42.57017144983023], [-80.30510718204167, 42.56929814967167]], [[-80.30039178065488, 42.570404150089175], [-80.30321598146897, 42.56954764980421], [-80.3036212816622, 42.57032474992513], [-80.30039178065488, 42.570404150089175]], [[-80.29436657881017, 42.570961550468766], [-80.29794237979738, 42.56936255001545], [-80.3028709811113, 42.566609649291884], [-80.30025548044539, 42.568440049742314], [-80.29436657881017, 42.570961550468766]], [[-80.27829017379965, 42.57141075129464], [-80.27688937335668, 42.5713748513531], [-80.27874737380824, 42.569819550987305], [-80.27829017379965, 42.57141075129464]], [[-80.29431347891651, 42.57241115073187], [-80.2956488791906, 42.57069925036215], [-80.29729327980182, 42.57181705048688], [-80.29431347891651, 42.57241115073187]], [[-80.30512838234954, 42.572846450308624], [-80.30279728155519, 42.57211185028467], [-80.30750938287213, 42.57019524972151], [-80.30512838234954, 42.572846450308624]], [[-80.32818108969046, 42.57405594945646], [-80.3287666895785, 42.57057404880339], [-80.32981408991007, 42.570607048760685], [-80.3305175903517, 42.573204849194994], [-80.32818108969046, 42.57405594945646]], [[-80.32211928792803, 42.5757131500357], [-80.32437128836614, 42.57254724936208], [-80.32535878886412, 42.574759549713946], [-80.32211928792803, 42.5757131500357]], [[-80.29463637924587, 42.575096751199744], [-80.29546567931867, 42.572886550763954], [-80.30224878129243, 42.57104575011841], [-80.30161598127151, 42.57314025052435], [-80.29463637924587, 42.575096751199744]], [[-80.27987527473533, 42.57657185214925], [-80.28456167606365, 42.57488115162806], [-80.28682647669743, 42.57396765135882], [-80.28464607609631, 42.57495375163722], [-80.27987527473533, 42.57657185214925]], [[-80.28011867472476, 42.57554665195363], [-80.2794549744686, 42.57498435188332], [-80.28088767486888, 42.57439885171164], [-80.28087967492294, 42.57506525183184], [-80.28011867472476, 42.57554665195363]], [[-80.26718537069623, 42.57594195262403], [-80.2679580708156, 42.574488152326765], [-80.26964937136457, 42.57469715228605], [-80.26718537069623, 42.57594195262403]], [[-80.2578939679101, 42.57750325333516], [-80.26194306898262, 42.5751519527248], [-80.26256896923377, 42.5757953528115], [-80.2578939679101, 42.57750325333516]], [[-80.26201976898082, 42.57484635266624], [-80.26112126858814, 42.57354365247359], [-80.26257866908107, 42.57395825248065], [-80.26201976898082, 42.57484635266624]], [[-80.26988697165851, 42.57728315273999], [-80.27245677238757, 42.57636275245543], [-80.27282777255247, 42.57693255254069], [-80.27229917241972, 42.57732545263585], [-80.26988697165851, 42.57728315273999]], [[-80.26598517045072, 42.577492252958386], [-80.26648617051059, 42.57634285272849], [-80.26749867082073, 42.57625025266493], [-80.26598517045072, 42.577492252958386]], [[-80.26382246972597, 42.576956252962226], [-80.26195876913648, 42.57690825303987], [-80.2616440690222, 42.57672595302166], [-80.26382246972597, 42.576956252962226]], [[-80.26161946910301, 42.57777025321063], [-80.26108426884144, 42.57666835303723], [-80.26168436909518, 42.57743765314779], [-80.26308836951637, 42.577203653040684], [-80.26161946910301, 42.57777025321063]], [[-80.2965552800788, 42.5778102515986], [-80.29405347913897, 42.57599375138807], [-80.29805748034184, 42.57535195108698], [-80.2965552800788, 42.5778102515986]], [[-80.27744817416578, 42.5788439526703], [-80.27282147259628, 42.57747295263819], [-80.27643647376117, 42.57781995253305], [-80.27744817416578, 42.5788439526703]], [[-80.26965797174307, 42.5791277530823], [-80.26960817164718, 42.57818175291452], [-80.27027837185882, 42.57819515288588], [-80.26965797174307, 42.5791277530823]], [[-80.26599687080582, 42.58163495370276], [-80.26380147013182, 42.581818853837504], [-80.26792237123591, 42.5795757532433], [-80.26599687080582, 42.58163495370276]], [[-80.29979448120636, 42.57910905168189], [-80.2997471809032, 42.57571345107366], [-80.30202748160667, 42.57556535094124], [-80.29979448120636, 42.57910905168189]], [[-80.28248637588769, 42.58048765273227], [-80.28205227562803, 42.579034952491206], [-80.28328207602185, 42.57912385245016], [-80.28248637588769, 42.58048765273227]], [[-80.30373888256787, 42.580555851758994], [-80.30484998271315, 42.57815815127644], [-80.3059392830198, 42.57774145115105], [-80.3063228831879, 42.57830215123404], [-80.30525588290428, 42.57890805139242], [-80.30419108269939, 42.580432651715846], [-80.30373888256787, 42.580555851758994]], [[-80.30146938187542, 42.58079435190716], [-80.30346278244812, 42.58016695170186], [-80.30136088192467, 42.58177545208854], [-80.30146938187542, 42.58079435190716]], [[-80.3053081832681, 42.582997252125026], [-80.30736318376067, 42.58119925170651], [-80.30908188401588, 42.5778504510248], [-80.3096234841442, 42.5773586509113], [-80.31036688437649, 42.57734495087434], [-80.30852848406828, 42.58051305152909], [-80.3053081832681, 42.582997252125026]], [[-80.29561528057702, 42.58715235332149], [-80.29653988064983, 42.58459145281832], [-80.30034798170931, 42.58298485235291], [-80.30105378194051, 42.58309725234033], [-80.29561528057702, 42.58715235332149]], [[-80.2939333800946, 42.58769155349641], [-80.28948937866281, 42.58726775362637], [-80.28931967851229, 42.586122853428414], [-80.2939333800946, 42.58769155349641]], [[-80.27164767322743, 42.58925385481053], [-80.2704400728558, 42.58934515488293], [-80.27244667342988, 42.58868245467082], [-80.27164767322743, 42.58925385481053]], [[-80.27462707412282, 42.588777254586795], [-80.27221737342961, 42.58952765483335], [-80.27687857476472, 42.58800815434417], [-80.27771667504831, 42.588247554348335], [-80.27462707412282, 42.588777254586795]], [[-80.2833808770301, 42.590633754514606], [-80.28530957752527, 42.58933095419098], [-80.28629887791143, 42.5902195543048], [-80.28593007781913, 42.590496454371696], [-80.2833808770301, 42.590633754514606]], [[-80.27594367498062, 42.59400905546609], [-80.27461777418797, 42.58957885473129], [-80.2816173764485, 42.5903073545377], [-80.278872975871, 42.59365825526717], [-80.27594367498062, 42.59400905546609]], [[-80.28474897898279, 42.608554757671286], [-80.27365367425014, 42.59387745554858], [-80.27269707381456, 42.59228635530697], [-80.27291457380726, 42.5913962551369], [-80.28970328041312, 42.60707275717516], [-80.28474897898279, 42.608554757671286]], [[-80.28003587638071, 42.59535855551886], [-80.28121057653465, 42.59282645500934], [-80.28195037679494, 42.5931552550341], [-80.28003587638071, 42.59535855551886]], [[-80.28751177851876, 42.592883954727434], [-80.28804627860968, 42.59197765453976], [-80.28909357894604, 42.59206515450693], [-80.28751177851876, 42.592883954727434]], [[-80.29712858172726, 42.59509575467877], [-80.29820508175827, 42.59148195397946], [-80.3003859826357, 42.59374695428525], [-80.29712858172726, 42.59509575467877]], [[-80.28944357917167, 42.59342725473546], [-80.28882817893295, 42.59289205466783], [-80.29055287951992, 42.59342515468361], [-80.28944357917167, 42.59342725473546]], [[-80.28307557721023, 42.593882855112696], [-80.28479367775456, 42.59393855504304], [-80.2829129771904, 42.594251055186376], [-80.28307557721023, 42.593882855112696]], [[-80.31320408632035, 42.5897360529697], [-80.3086281848312, 42.58912305307193], [-80.30528588380284, 42.589373053271935], [-80.31114198550333, 42.58774235270711], [-80.31320408632035, 42.5897360529697]], [[-80.30341028320287, 42.589244453335866], [-80.29694138105691, 42.587899053394146], [-80.3046677833964, 42.58687455285161], [-80.30341028320287, 42.589244453335866]], [[-80.29993238195883, 42.58745825317619], [-80.30018168181154, 42.584802952687376], [-80.30332228273214, 42.584029652402705], [-80.30147888226935, 42.58539645273391], [-80.30364138300008, 42.58600385274275], [-80.29993238195883, 42.58745825317619]], [[-80.30883928430681, 42.58217185181285], [-80.31251228523406, 42.579510251164024], [-80.31318808549712, 42.58010865124022], [-80.30883928430681, 42.58217185181285]], [[-80.31741378684606, 42.58036805109076], [-80.3174998867721, 42.57917975087315], [-80.32021378765167, 42.579502250805206], [-80.31741378684606, 42.58036805109076]], [[-80.33120309122016, 42.580890850544634], [-80.3284233901638, 42.57873115028555], [-80.3320961913739, 42.57940105023541], [-80.33120309122016, 42.580890850544634]], [[-80.3357660926099, 42.580386050242055], [-80.33566789258282, 42.58043045025457], [-80.33447129212925, 42.579513950145426], [-80.33622839246813, 42.57701154961412], [-80.3357660926099, 42.580386050242055]], [[-80.3328030915962, 42.57940515020335], [-80.33416899201501, 42.57928715011868], [-80.33292659171853, 42.58038755037418], [-80.3328030915962, 42.57940515020335]], [[-80.3300700905707, 42.57743504997618], [-80.32890679015357, 42.57682484992045], [-80.3313506908662, 42.57618174969142], [-80.3300700905707, 42.57743504997618]], [[-80.30154578159812, 42.577246451265836], [-80.30592908281398, 42.57535495072249], [-80.30726088329709, 42.57611945079815], [-80.30683588324601, 42.5770893509922], [-80.30154578159812, 42.577246451265836]], [[-80.3010058812708, 42.575387950956745], [-80.30012728091182, 42.57440985082166], [-80.30175748144374, 42.57464505078834], [-80.3010058812708, 42.575387950956745]], [[-80.3059980827745, 42.57463485058982], [-80.30464688233951, 42.574509550629976], [-80.3059688827087, 42.57396825047133], [-80.3059980827745, 42.57463485058982]], [[-80.3369881924759, 42.57429614909081], [-80.33559919223354, 42.57657554956493], [-80.33601959212231, 42.57371404903112], [-80.33649939233364, 42.57442824913721], [-80.33668159239474, 42.57447444913705], [-80.3369881924759, 42.57429614909081]], [[-80.33587709263406, 42.58026045021427], [-80.33668399267036, 42.57770744971803], [-80.33636479278438, 42.580227350185694], [-80.33520589252792, 42.581490450466504], [-80.33430079227085, 42.581809350565855], [-80.33418069221776, 42.581628450538915], [-80.3353817925411, 42.58099615036951], [-80.33587709263406, 42.58026045021427]], [[-80.34042879381572, 42.577350949480056], [-80.33958509347613, 42.576472549361384], [-80.34140469401386, 42.576077849205944], [-80.34042879381572, 42.577350949480056]], [[-80.35435649839168, 42.57974484926331], [-80.34258639458375, 42.57841694957147], [-80.33995439385646, 42.57958154990297], [-80.34425639470837, 42.5737165486491], [-80.3526762973525, 42.57372834826018], [-80.34882559634251, 42.576065948859146], [-80.34909869658617, 42.57792284918017], [-80.35435649839168, 42.57974484926331]], [[-80.3407687958021, 42.59944415343364], [-80.335029593689, 42.59579075304405], [-80.3422644958064, 42.59397725238218], [-80.33910139407841, 42.58534045097742], [-80.33367609248873, 42.58667795146975], [-80.33458789240247, 42.58229735064019], [-80.34190209448415, 42.579772849846876], [-80.34835999701353, 42.58567275060707], [-80.35609219929675, 42.583978249943264], [-80.348824097151, 42.58557605056808], [-80.34327169566484, 42.5885974513689], [-80.34246249614083, 42.597175552947434], [-80.34276339626761, 42.59755545300174], [-80.34311749637439, 42.59750325297587], [-80.34455869670187, 42.59603465264511], [-80.34311189641708, 42.59802565306998], [-80.3407687958021, 42.59944415343364]], [[-80.30397168430274, 42.60010885526192], [-80.30594708482614, 42.598967954965275], [-80.30722788522222, 42.59889485489272], [-80.30715108522561, 42.59921835495438], [-80.30397168430274, 42.60010885526192]], [[-80.30021268343334, 42.603769156093996], [-80.30160018370064, 42.60178735567356], [-80.30330618424274, 42.601860855607555], [-80.30424848441662, 42.60042565530599], [-80.30343758430321, 42.60208675564208], [-80.30021268343334, 42.603769156093996]], [[-80.45093733053996, 42.60128184863505], [-80.44818242967482, 42.6012730487619], [-80.44768542949019, 42.600937548724836], [-80.45093733053996, 42.60128184863505]], [[-80.29688658246577, 42.60467635641132], [-80.2961522821643, 42.603843356295734], [-80.2969635824601, 42.60432555634473], [-80.29688658246577, 42.60467635641132]], [[-80.28004597657976, 42.5976640559327], [-80.28048567653067, 42.59546045551632], [-80.28209847709863, 42.59618205557118], [-80.28004597657976, 42.5976640559327]], [[-80.30272578365276, 42.59706635477312], [-80.29804058202947, 42.59528145466986], [-80.3056114844901, 42.5962552544935], [-80.3118103862916, 42.594545653898585], [-80.30272578365276, 42.59706635477312]], [[-80.31468218732587, 42.59610275404503], [-80.31197928645194, 42.595807454117455], [-80.31256738651895, 42.59442395384161], [-80.31468218732587, 42.59610275404503]], [[-80.3064068846232, 42.594882254209885], [-80.30735578465601, 42.59176295360532], [-80.30894608520376, 42.59233105363361], [-80.3064068846232, 42.594882254209885]], [[-80.31728248782748, 42.592399053258866], [-80.31633858747777, 42.59177195319003], [-80.31834728812795, 42.59200015313777], [-80.31728248782748, 42.592399053258866]], [[-80.30475368397603, 42.593377254016175], [-80.30304688335028, 42.592322153905755], [-80.30415148363959, 42.591644353732754], [-80.30475368397603, 42.593377254016175]], [[-80.32257918953259, 42.59288985310117], [-80.32195338927446, 42.59216565300006], [-80.32231488932459, 42.59142035284942], [-80.32257918953259, 42.59288985310117]], [[-80.31802138818934, 42.5939254534988], [-80.31617418756696, 42.59342805349522], [-80.31843158825636, 42.593198453349146], [-80.31802138818934, 42.5939254534988]], [[-80.31528248701845, 42.590270752969325], [-80.31363188644572, 42.58963045293089], [-80.31472278674059, 42.5890697527795], [-80.31528248701845, 42.590270752969325]], [[-80.31942208806095, 42.587242352232956], [-80.31697138721054, 42.586291252175805], [-80.31736478730674, 42.58596945209972], [-80.31942208806095, 42.587242352232956]], [[-80.30813238455201, 42.58767005283378], [-80.30871278448892, 42.584782852288], [-80.31042588506756, 42.58526135229448], [-80.31090718535978, 42.58692145257048], [-80.30813238455201, 42.58767005283378]], [[-80.33084979130126, 42.58314925096691], [-80.32860439052394, 42.58229865091827], [-80.33048929114884, 42.582687850900726], [-80.33084979130126, 42.58314925096691]], [[-80.33048339109567, 42.582084450792514], [-80.33157379139186, 42.58154135064432], [-80.33165059148415, 42.58234335078486], [-80.33048339109567, 42.582084450792514]], [[-80.33279409224967, 42.58712305159068], [-80.32814029067578, 42.58579905156886], [-80.33227089178564, 42.58359875098171], [-80.33279409224967, 42.58712305159068]], [[-80.332409192281, 42.58891295193015], [-80.33101469178652, 42.58824735187533], [-80.33243199220317, 42.58791345174948], [-80.332409192281, 42.58891295193015]], [[-80.32522398997993, 42.588384552168854], [-80.32582329005659, 42.58707325190541], [-80.32703969044991, 42.5872065518729], [-80.32522398997993, 42.588384552168854]], [[-80.32462558961024, 42.586246651812495], [-80.3226959888449, 42.584370851564955], [-80.32571158984459, 42.58499225153661], [-80.32462558961024, 42.586246651812495]], [[-80.32004858812941, 42.585733251932666], [-80.31873428760812, 42.58445565176409], [-80.3203936882081, 42.5853839518539], [-80.32004858812941, 42.585733251932666]], [[-80.32290158939806, 42.590118052588174], [-80.32176398897822, 42.58938155250863], [-80.32358238953177, 42.58917645238733], [-80.32290158939806, 42.590118052588174]], [[-80.31468498730608, 42.595859654001245], [-80.31625148765406, 42.59416695362437], [-80.31684768784925, 42.59426055361353], [-80.31468498730608, 42.595859654001245]], [[-80.36880790335043, 42.58470624948307], [-80.36934950337121, 42.58295324914296], [-80.37099350379526, 42.58187254887239], [-80.36880790335043, 42.58470624948307]], [[-80.35925960040142, 42.585274650028985], [-80.35770279988667, 42.58496885004643], [-80.35995890058221, 42.584819449914725], [-80.35925960040142, 42.585274650028985]], [[-80.3704358039044, 42.58521064949802], [-80.37176300412378, 42.58289434902017], [-80.37257610440857, 42.583241249044704], [-80.3704358039044, 42.58521064949802]], [[-80.38999621014285, 42.586370048796475], [-80.38926700978838, 42.584895448565554], [-80.39145481052616, 42.58549514857148], [-80.38999621014285, 42.586370048796475]], [[-80.38306710781757, 42.58460374880158], [-80.38047050690395, 42.583446048714414], [-80.38057090691251, 42.58317654866132], [-80.38044910676759, 42.58192414844201], [-80.38450270807627, 42.58235094833012], [-80.38306710781757, 42.58460374880158]], [[-80.34655499665585, 42.58812985113232], [-80.34876229713996, 42.58567485058871], [-80.34909109724337, 42.58567665057375], [-80.34655499665585, 42.58812985113232]], [[-80.36442360174523, 42.582016549203644], [-80.36098860075496, 42.58305104954916], [-80.36166580060537, 42.57879514875303], [-80.36442360174523, 42.582016549203644]], [[-80.35836559934874, 42.57620084844022], [-80.35990579999383, 42.57810084871005], [-80.35975590007925, 42.579657948996825], [-80.3594679998493, 42.57801724871539], [-80.35836559934874, 42.57620084844022]], [[-80.36235310068048, 42.57714184842398], [-80.35939059965946, 42.57607164836937], [-80.36241740067078, 42.57679094835794], [-80.36235310068048, 42.57714184842398]], [[-80.36667470186813, 42.57515744786659], [-80.36025079986867, 42.5753562482008], [-80.36025419984134, 42.57502274814075], [-80.36224330044216, 42.574745847998564], [-80.36667470186813, 42.57515744786659]], [[-80.37187110396609, 42.5806436486108], [-80.37353960439326, 42.57950894832936], [-80.37116250386062, 42.5820176488906], [-80.37187110396609, 42.5806436486108]], [[-80.3663269023244, 42.58180194907663], [-80.36716710249198, 42.58067184883452], [-80.3685154029503, 42.58108444884598], [-80.3663269023244, 42.58180194907663]], [[-80.34277629626553, 42.59748345298815], [-80.34401779597609, 42.58950235149678], [-80.34525099634624, 42.58930215140353], [-80.34445099665345, 42.59586305261931], [-80.34277629626553, 42.59748345298815]], [[-80.39849741299682, 42.588549548792344], [-80.39564771216403, 42.58927294905491], [-80.39605201221745, 42.58841044888116], [-80.39849741299682, 42.588549548792344]], [[-80.40189621427082, 42.59098084907077], [-80.39947721356269, 42.59158064929105], [-80.39850631311168, 42.58986434902803], [-80.40189621427082, 42.59098084907077]], [[-80.39909051352102, 42.59251514947687], [-80.40407941494315, 42.590830148942096], [-80.39878321344668, 42.59277484953784], [-80.39909051352102, 42.59251514947687]], [[-80.41713711900387, 42.59039324825566], [-80.41473581836448, 42.59173174860782], [-80.416391718788, 42.590605448328475], [-80.41601551865372, 42.59041444831167], [-80.41658251877504, 42.58975084816612], [-80.41638001866762, 42.58923654808325], [-80.41269741764012, 42.590739548524624], [-80.41634391831835, 42.58527374737331], [-80.41775011894069, 42.58739734768918], [-80.41710211886763, 42.58892514799372], [-80.41713711900387, 42.59039324825566]], [[-80.41448991841696, 42.593252348892285], [-80.40972321681673, 42.592030148894786], [-80.41643881870526, 42.58946194812096], [-80.41475101834153, 42.59140754854889], [-80.41448991841696, 42.593252348892285]], [[-80.40280771490745, 42.59509234976662], [-80.40457421525227, 42.59263394924294], [-80.40694651603549, 42.59308754921397], [-80.40280771490745, 42.59509234976662]], [[-80.40207121450622, 42.593098149442824], [-80.4010003141535, 42.592903449457715], [-80.40343701481805, 42.59172754913312], [-80.40207121450622, 42.593098149442824]], [[-80.40923471656264, 42.59084794870528], [-80.40633131578451, 42.5924088491207], [-80.4056109154598, 42.591252348946604], [-80.40923471656264, 42.59084794870528]], [[-80.41056271731568, 42.594790249351306], [-80.40685131620448, 42.59541954963706], [-80.40966031692604, 42.59354294916934], [-80.41056271731568, 42.594790249351306]], [[-80.40610541621052, 42.59823445017721], [-80.402530514901, 42.59603644994901], [-80.4041811153745, 42.59551384977833], [-80.40610541621052, 42.59823445017721]], [[-80.42005632065202, 42.59897264965996], [-80.41510621910626, 42.59906444990705], [-80.41258251809411, 42.596484849561435], [-80.41553671887124, 42.594725949108096], [-80.41418791863096, 42.59687144955609], [-80.41590621928702, 42.598240049721774], [-80.41614001911688, 42.59538614919852], [-80.41853161961954, 42.592480648565484], [-80.42661082228753, 42.59403454846814], [-80.41872371993117, 42.595426449085416], [-80.41615561931387, 42.59763774960201], [-80.42005632065202, 42.59897264965996]], [[-80.40965871727198, 42.59760444989863], [-80.41071091745671, 42.595898849543396], [-80.41149811774949, 42.596434249602915], [-80.40965871727198, 42.59760444989863]], [[-80.41487631868364, 42.59495654918027], [-80.4145770184275, 42.593054948852796], [-80.41615471887334, 42.592477448675616], [-80.41547921870948, 42.59304154880838], [-80.41604761892883, 42.59352164886812], [-80.41487631868364, 42.59495654918027]], [[-80.41735961926737, 42.592663648652966], [-80.41575751881612, 42.59326804883609], [-80.41625191890925, 42.592541048682556], [-80.4155507186351, 42.5919068486013], [-80.41735961926737, 42.592663648652966]], [[-80.42306962089737, 42.590765548046214], [-80.421480220444, 42.5912978482158], [-80.42232332057603, 42.58974414789758], [-80.42306962089737, 42.590765548046214]], [[-80.41821541940266, 42.59110114833254], [-80.41813521899493, 42.586615947530944], [-80.42090131964292, 42.584036246938865], [-80.42169401977453, 42.582662446655235], [-80.42017751957214, 42.58586974730181], [-80.41828101904379, 42.58665264753074], [-80.41821541940266, 42.59110114833254]], [[-80.4147727178154, 42.58515774742564], [-80.41145971686791, 42.58623944777413], [-80.40976271646976, 42.587815648136164], [-80.41022961636158, 42.58482814757797], [-80.4147727178154, 42.58515774742564]], [[-80.41056181688293, 42.589720048440945], [-80.41074031675625, 42.5875773480479], [-80.41173661720606, 42.58918574829034], [-80.41056181688293, 42.589720048440945]], [[-80.40621811545022, 42.5889049484968], [-80.40521641504861, 42.58788214835975], [-80.40555921514022, 42.58769464831016], [-80.40621811545022, 42.5889049484968]], [[-80.40669931543947, 42.58700714813359], [-80.40742521549481, 42.5849845477366], [-80.40761831557163, 42.58517484776177], [-80.40669931543947, 42.58700714813359]], [[-80.405339614963, 42.58642384809219], [-80.40313431415399, 42.5850523479485], [-80.4049289146896, 42.584728447806775], [-80.405339614963, 42.58642384809219]], [[-80.40642501507766, 42.5837726475655], [-80.40507981458659, 42.58296404748287], [-80.40648401500098, 42.582656147362215], [-80.40635361503908, 42.58358314753475], [-80.40642501507766, 42.5837726475655]], [[-80.40991091661235, 42.58894214833157], [-80.40832901609825, 42.58873564836816], [-80.40938731633105, 42.58757054810966], [-80.40991091661235, 42.58894214833157]], [[-80.42034941950251, 42.584420747033604], [-80.42030681920733, 42.58111524644197], [-80.41878121886081, 42.58266574679146], [-80.41893411884742, 42.58194594665506], [-80.41884971881247, 42.58184654664118], [-80.41701731816755, 42.58102654657921], [-80.41392081720294, 42.58110984673835], [-80.41486111748, 42.580898346656554], [-80.41516491758465, 42.58100784666209], [-80.4163225179492, 42.58102304661093], [-80.41704331816035, 42.58084654654566], [-80.41745441831794, 42.581181746586715], [-80.4175516183523, 42.58122734659041], [-80.41789261846105, 42.58124724657809], [-80.42023861914063, 42.58058374634972], [-80.42279681995369, 42.58070474625232], [-80.42349612013035, 42.580203946129814], [-80.42595582091936, 42.58040534605141], [-80.42624982099792, 42.5802448460089], [-80.4250384207755, 42.5820939463974], [-80.42338532021921, 42.581653346395285], [-80.42361042023539, 42.58101504627017], [-80.42346572017767, 42.58087024625086], [-80.42335622013867, 42.580815746246195], [-80.4232588201088, 42.580824146252255], [-80.42199061983014, 42.582222746562444], [-80.42192371986282, 42.58285264667872], [-80.42169431977081, 42.582617346647154], [-80.42157241973325, 42.58262574665431], [-80.42034941950251, 42.584420747033604]], [[-80.41884331898244, 42.583863747003704], [-80.41748301839988, 42.58203754673909], [-80.41867931875814, 42.5818365466473], [-80.41884331898244, 42.583863747003704]], [[-80.42350912035101, 42.5827436465853], [-80.42200191984058, 42.582303846576536], [-80.42335612014014, 42.58083374624945], [-80.42317082021937, 42.58244474654736], [-80.42350912035101, 42.5827436465853]], [[-80.42119082021165, 42.589639347931474], [-80.42036901977906, 42.587590947601974], [-80.42117582000724, 42.587297747511776], [-80.42119082021165, 42.589639347931474]], [[-80.42360272098112, 42.58978674784561], [-80.42263632059674, 42.58883614771999], [-80.4240830210867, 42.58925764772824], [-80.42360272098112, 42.58978674784561]], [[-80.42555662223911, 42.59734334911125], [-80.42478812189078, 42.59608774892162], [-80.42666382249249, 42.596241248861794], [-80.42555662223911, 42.59734334911125]], [[-80.4200661205644, 42.59790994946871], [-80.42214442116065, 42.59725404925418], [-80.42124392097529, 42.598393349500626], [-80.4200661205644, 42.59790994946871]], [[-80.40089661371248, 42.58811174860209], [-80.39740371248799, 42.58660724849443], [-80.39423381172118, 42.589283449122554], [-80.39489501179163, 42.58767484880291], [-80.39736861246317, 42.58644504846696], [-80.39845621278043, 42.58616254836558], [-80.40089661371248, 42.58811174860209]], [[-80.28272767642999, 42.58598265370891], [-80.27998877563479, 42.58674905397361], [-80.27814707497734, 42.58581885389181], [-80.28272767642999, 42.58598265370891]], [[-80.27684817462064, 42.58642295406061], [-80.28023547542264, 42.583337453348925], [-80.28185037597352, 42.58385175336653], [-80.27940857524044, 42.58425065355143], [-80.27684817462064, 42.58642295406061]], [[-80.26971957219723, 42.584252454000826], [-80.26791667153749, 42.58315115388637], [-80.27350707322927, 42.58239425349122], [-80.26971957219723, 42.584252454000826]], [[-80.28817507787231, 42.58281965288772], [-80.28813987785206, 42.58271135286992], [-80.2875302775716, 42.58166285270968], [-80.28893807796709, 42.58111345254563], [-80.28817507787231, 42.58281965288772]], [[-80.28460787690527, 42.58462565337783], [-80.28066417554068, 42.58314195329388], [-80.28070127546059, 42.582061453097914], [-80.28360977631445, 42.58135915283684], [-80.28460787690527, 42.58462565337783]], [[-80.27944107536761, 42.585628753797664], [-80.27940337527548, 42.58468295362938], [-80.28239727624727, 42.58505295355707], [-80.27944107536761, 42.585628753797664]], [[-80.29100607891895, 42.58467445308992], [-80.28945877851781, 42.58567355334126], [-80.2930365794101, 42.58294895268557], [-80.29100607891895, 42.58467445308992]], [[-80.28571727743245, 42.58673065370473], [-80.28520937715263, 42.58531365347355], [-80.28662837765106, 42.58593485351944], [-80.28571727743245, 42.58673065370473]], [[-80.29394587954704, 42.58119835232872], [-80.29616868020805, 42.580761952147185], [-80.29325297940707, 42.58211265252518], [-80.29394587954704, 42.58119835232872]], [[-80.30086618173232, 42.5813398520332], [-80.29863228105873, 42.58166835219581], [-80.29699558048115, 42.5809198521372], [-80.30086618173232, 42.5813398520332]], [[-80.29813268090233, 42.58167445222009], [-80.29599518026588, 42.58208455239295], [-80.29546198007749, 42.58183815237341], [-80.29813268090233, 42.58167445222009]], [[-80.29786568099425, 42.58374405260451], [-80.29727418076536, 42.58323615254066], [-80.29901578122985, 42.582265252285325], [-80.29786568099425, 42.58374405260451]], [[-80.29469688000127, 42.58376965275609], [-80.29585168038521, 42.584020052747526], [-80.29450208003023, 42.58483125295591], [-80.29469688000127, 42.58376965275609]], [[-80.29191497896706, 42.58187925254527], [-80.2920146788921, 42.5806280523157], [-80.29404177949769, 42.58026235215599], [-80.29191497896706, 42.58187925254527]], [[-80.30451828262946, 42.578399251335206], [-80.3022725819514, 42.57871905149686], [-80.30308148216913, 42.578291451382455], [-80.30451828262946, 42.578399251335206]], [[-80.28828437736698, 42.576462251739784], [-80.29022527786056, 42.57509645140422], [-80.29257177863619, 42.575552251377374], [-80.28828437736698, 42.576462251739784]], [[-80.31068728416899, 42.57371765020741], [-80.3091041836642, 42.57362695026453], [-80.31147468435933, 42.57304685005025], [-80.31068728416899, 42.57371765020741]], [[-80.31508928552516, 42.57341074994801], [-80.3158508856224, 42.57174024961236], [-80.3174996861088, 42.571371849469635], [-80.31508928552516, 42.57341074994801]], [[-80.31761548619262, 42.571930849564765], [-80.3185593866348, 42.573647549829545], [-80.3170391861338, 42.57336834984995], [-80.31761548619262, 42.571930849564765]], [[-80.32148368745729, 42.5725211494914], [-80.32325018801514, 42.57255874941616], [-80.3210973874039, 42.57332054965303], [-80.32148368745729, 42.5725211494914]], [[-80.32417188814739, 42.57070894904084], [-80.32552818844614, 42.569212948709], [-80.32855968941541, 42.569419948605514], [-80.32635258883388, 42.570730748943596], [-80.32632768873424, 42.56965004875047], [-80.32417188814739, 42.57070894904084]], [[-80.32986368991958, 42.570535348745516], [-80.32949898970158, 42.569316748543365], [-80.33069969012428, 42.56985574858452], [-80.33035649012811, 42.57116874883646], [-80.32986368991958, 42.570535348745516]], [[-80.33208589057931, 42.57008904856212], [-80.33081009034652, 42.57206294897615], [-80.33157389042212, 42.570130948593444], [-80.33208589057931, 42.57008904856212]], [[-80.2854155759655, 42.57056395081218], [-80.28867687684013, 42.568801150344036], [-80.28912847706624, 42.56979445050173], [-80.2854155759655, 42.57056395081218]], [[-80.30581478216408, 42.568122749427474], [-80.30807968279001, 42.56711864914189], [-80.30677658246958, 42.56816434939037], [-80.30581478216408, 42.568122749427474]], [[-80.30757538257637, 42.566467049048086], [-80.30653208211982, 42.564947948823296], [-80.30806008265465, 42.56559654886911], [-80.30757538257637, 42.566467049048086]], [[-80.31303588417667, 42.56512224855305], [-80.30854888279617, 42.56545544882106], [-80.30955388306633, 42.56492104867838], [-80.31303588417667, 42.56512224855305]], [[-80.23184505844421, 42.56235525181601], [-80.2344252591868, 42.561552951552315], [-80.23740306008499, 42.561113451335444], [-80.23797856024552, 42.56087415126579], [-80.23744566005644, 42.560618451244416], [-80.23378405895605, 42.5612063515196], [-80.2354484594265, 42.56058715133118], [-80.25325066481524, 42.55819195007644], [-80.26004606679152, 42.55632684942634], [-80.2654326685563, 42.557190049332256], [-80.25917916679415, 42.559572450050446], [-80.26825086949854, 42.557865349323265], [-80.26149446751717, 42.55952414993457], [-80.26055666722141, 42.559509149975256], [-80.2538842651862, 42.56022235041247], [-80.25238636471263, 42.56018555047513], [-80.2561235658198, 42.55939945016075], [-80.25842376647107, 42.55855884990304], [-80.25836476643873, 42.558396249876495], [-80.25814656636246, 42.55830474987013], [-80.23184505844421, 42.56235525181601]], [[-80.22802995725958, 42.56251855202186], [-80.22544505646287, 42.56269935217396], [-80.2298098577267, 42.56143185174402], [-80.23250675854194, 42.56105385155125], [-80.22847295736928, 42.56217035193871], [-80.22802995725958, 42.56251855202186]], [[-80.13775572837709, 42.556408555090826], [-80.13574532774774, 42.556438255188844], [-80.13914262874856, 42.55564445488925], [-80.13891402873503, 42.55633605502432], [-80.13775572837709, 42.556408555090826]], [[-80.14219962971434, 42.5557032547589], [-80.1435359300797, 42.555055854580644], [-80.14821303147734, 42.55419915421068], [-80.1471945312045, 42.55475895435848], [-80.14414473027371, 42.55508745455826], [-80.14219962971434, 42.5557032547589]], [[-80.10510041780731, 42.55278985594383], [-80.10635711811821, 42.551791155706006], [-80.10850371877697, 42.551600655572855], [-80.10601681807853, 42.55258975586555], [-80.10617231814422, 42.55278935589438], [-80.10510041780731, 42.55278985594383]], [[-80.11138641977912, 42.55273975564527], [-80.10839621880152, 42.55229315570251], [-80.12631152415388, 42.548981954280656], [-80.113190720264, 42.55176305538619], [-80.11138641977912, 42.55273975564527]], [[-80.1065597180637, 42.550387755443836], [-80.10968181887799, 42.548403854942656], [-80.10994971896235, 42.548405854930664], [-80.1100014190333, 42.5490546550452], [-80.11003731904914, 42.54910885505327], [-80.11023141911329, 42.54914635505111], [-80.1193299218282, 42.547424854321825], [-80.12047222220241, 42.54760445430157], [-80.12506292357847, 42.54681115394714], [-80.12924112488672, 42.546752853744145], [-80.12347262312007, 42.5473033541091], [-80.11012511913292, 42.549776055169445], [-80.10887291872562, 42.5496132551978], [-80.1065597180637, 42.550387755443836]], [[-80.08203901029682, 42.54969845644847], [-80.07948690953137, 42.55013735664502], [-80.07889350932625, 42.54991635663248], [-80.08203901029682, 42.54969845644847]], [[-80.08603541154615, 42.54961345624925], [-80.08905021245732, 42.54917805603206], [-80.0904004128213, 42.54845945584041], [-80.09106631305384, 42.54873485585941], [-80.09194941329491, 42.54830055574052], [-80.09192231330229, 42.548489455775744], [-80.09221281340442, 42.548617755785514], [-80.08862051234168, 42.54940885609343], [-80.08603541154615, 42.54961345624925]], [[-80.09319031369417, 42.54840955570298], [-80.09083841303287, 42.54933645597829], [-80.08686211181507, 42.549720356230445], [-80.09200271335644, 42.5488324558339], [-80.09226211341617, 42.54857325577523], [-80.09203501332034, 42.54828325573344], [-80.09184031325748, 42.54826355573885], [-80.09104401303391, 42.548581655832834], [-80.0905961128769, 42.54838895581871], [-80.08869151230489, 42.548706655963606], [-80.08805151214344, 42.54917925607824], [-80.08691921178443, 42.549143356123885], [-80.09206801328072, 42.54768915562486], [-80.09224991334331, 42.54775355562807], [-80.09207691330174, 42.54790535566342], [-80.09205171329907, 42.54796815567586], [-80.0920989133231, 42.54807675569329], [-80.0924636134425, 42.548133555686725], [-80.09219091338315, 42.548446655755704], [-80.0924218134589, 42.548484555751905], [-80.09319031369417, 42.54840955570298]], [[-80.10702431791343, 42.54687015478873], [-80.1038813169279, 42.54689965493874], [-80.10756731804047, 42.5463519546703], [-80.10702431791343, 42.54687015478873]], [[-80.09483361407464, 42.546792455335975], [-80.09466411394394, 42.545872455177985], [-80.09506991412026, 42.54645205526373], [-80.09651201454426, 42.546103255134526], [-80.09483361407464, 42.546792455335975]], [[-80.09447911389925, 42.54603315521545], [-80.09322321351273, 42.54613125529092], [-80.09269031332818, 42.545929055279025], [-80.09214021316623, 42.54605965532792], [-80.09144701294254, 42.54599115534748], [-80.09061761268961, 42.5460837554023], [-80.09244961323488, 42.54571985525246], [-80.09447911389925, 42.54603315521545]], [[-80.09848661515568, 42.54599285502374], [-80.09634341447979, 42.54596705511774], [-80.09512021412705, 42.54634435524201], [-80.09464151392542, 42.54573725515467], [-80.09848661515568, 42.54599285502374]], [[-80.06106510356588, 42.54807875712139], [-80.05967070309163, 42.54765285710877], [-80.06279640409934, 42.54794885701837], [-80.06771800550402, 42.54625085648598], [-80.06645770520838, 42.547447256759604], [-80.06147040374208, 42.548658357207195], [-80.06106510356588, 42.54807875712139]], [[-80.33778219927488, 42.65117396285723], [-80.33640339874646, 42.65005816272128], [-80.33710869878999, 42.647973062314456], [-80.33778219927488, 42.65117396285723]], [[-80.34805370230895, 42.64891846197469], [-80.34653200210404, 42.652115962618964], [-80.34578120172397, 42.65042756235114], [-80.3478428022741, 42.64928646205047], [-80.3465865018758, 42.64924326210121], [-80.3462546016937, 42.648331761953195], [-80.34805370230895, 42.64891846197469]], [[-80.3366971992227, 42.65455386351395], [-80.3361164989, 42.652911563246406], [-80.336610899104, 42.65348186332568], [-80.33751099931109, 42.65259536312482], [-80.34106110042887, 42.65262486296489], [-80.3366971992227, 42.65455386351395]], [[-80.335902498888, 42.65355876337244], [-80.33422329832506, 42.65314366337613], [-80.3356472985055, 42.65001786274921], [-80.335902498888, 42.65355876337244]], [[-80.33292229846333, 42.65954806458525], [-80.3328291980094, 42.65457646369796], [-80.33353869821727, 42.6544005636334], [-80.33292229846333, 42.65954806458525]], [[-80.35202020414468, 42.655821363027975], [-80.35170600392192, 42.65436956278227], [-80.35427800474957, 42.654600262703866], [-80.35202020414468, 42.655821363027975]], [[-80.35318380437381, 42.65422466268746], [-80.35145900376804, 42.65347666263365], [-80.35487370485467, 42.65364016250398], [-80.35318380437381, 42.65422466268746]], [[-80.35025800333557, 42.652830462573675], [-80.3481158027201, 42.65350286279397], [-80.34817100268509, 42.6528905626816], [-80.35025800333557, 42.652830462573675]], [[-80.35155350372386, 42.652612562474296], [-80.34867990277365, 42.65205596250822], [-80.34809430249021, 42.65089096232657], [-80.35155350372386, 42.652612562474296]], [[-80.35910830597214, 42.65115116186042], [-80.35589750498124, 42.651358162047096], [-80.35641850497284, 42.649343861661556], [-80.35910830597214, 42.65115116186042]], [[-80.35886480599329, 42.652293762076695], [-80.35638270525935, 42.652828962288275], [-80.35645020522595, 42.652189962170496], [-80.35886480599329, 42.652293762076695]], [[-80.35961110631195, 42.65327936221868], [-80.35971240651622, 42.65529736257584], [-80.35862070601732, 42.65347186229934], [-80.35961110631195, 42.65327936221868]], [[-80.3560798053457, 42.654952662683165], [-80.35671860551201, 42.65455096258138], [-80.35609690541422, 42.655691162814804], [-80.3560798053457, 42.654952662683165]], [[-80.3611787071623, 42.65746666289651], [-80.36348890775126, 42.655867562502166], [-80.36157250736008, 42.6583335630336], [-80.3611787071623, 42.65746666289651]], [[-80.35657070567947, 42.657053763037055], [-80.35549710534248, 42.657056663087616], [-80.35211710428294, 42.65708266324965], [-80.35388080478093, 42.65642656304985], [-80.35657070567947, 42.657053763037055]], [[-80.35353930497286, 42.659927463693506], [-80.35306240473278, 42.658871263526336], [-80.35123760421406, 42.659509263725674], [-80.35047620391522, 42.65881146363603], [-80.35298280465923, 42.65830336342819], [-80.35353930497286, 42.659927463693506]], [[-80.35022380440397, 42.66545636483913], [-80.35063680425061, 42.66214456422614], [-80.3520674045737, 42.660666663894574], [-80.35022380440397, 42.66545636483913]], [[-80.34676030339885, 42.66642726517444], [-80.34538930270415, 42.66333956468474], [-80.34787150354218, 42.66402006469116], [-80.34676030339885, 42.66642726517444]], [[-80.34874140408616, 42.667185865218244], [-80.3486993039181, 42.66537546489564], [-80.35027080443413, 42.66563656486925], [-80.34874140408616, 42.667185865218244]], [[-80.36070090773899, 42.66596566444241], [-80.36257020820693, 42.66457106410536], [-80.36431380876625, 42.66470676404845], [-80.36070090773899, 42.66596566444241]], [[-80.3563522062067, 42.6640228642967], [-80.35716400651143, 42.664603964363124], [-80.3563876063295, 42.66532886452919], [-80.3563522062067, 42.6640228642967]], [[-80.35357050532991, 42.66398906442024], [-80.35264010486163, 42.661930864094536], [-80.35351040510238, 42.661548463985476], [-80.35357050532991, 42.66398906442024]], [[-80.36142140755513, 42.66116946354905], [-80.36126140761802, 42.66249256379368], [-80.35996860720745, 42.66244026384453], [-80.36142140755513, 42.66116946354905]], [[-80.37320971124826, 42.66105456297928], [-80.36693020933983, 42.661803463406066], [-80.3656990088408, 42.660490763228125], [-80.37320971124826, 42.66105456297928]], [[-80.36560920874633, 42.65971586309337], [-80.36623190893837, 42.65967426305694], [-80.36503090860671, 42.66020796320853], [-80.36560920874633, 42.65971586309337]], [[-80.37634591212769, 42.65981976261175], [-80.36902790980176, 42.6595004628955], [-80.3691112097417, 42.658492462710875], [-80.37634591212769, 42.65981976261175]], [[-80.3655544086775, 42.659112162987704], [-80.36279990788869, 42.660006463276325], [-80.36411670820826, 42.65890606301772], [-80.3655544086775, 42.659112162987704]], [[-80.37315041142446, 42.66333246339034], [-80.37196291098002, 42.662497563296036], [-80.37362011151907, 42.662713663257534], [-80.37315041142446, 42.66333246339034]], [[-80.36982211035279, 42.66302616349055], [-80.36839560989402, 42.66290106353459], [-80.36881570998226, 42.66239016342343], [-80.36982211035279, 42.66302616349055]], [[-80.37460691184262, 42.66287226324], [-80.37335631160487, 42.664684663623106], [-80.37247391125636, 42.66385116351483], [-80.37460691184262, 42.66287226324]], [[-80.35450850583842, 42.66648916482474], [-80.35295320529515, 42.66585006478263], [-80.35223900502268, 42.66528766471503], [-80.35370710545459, 42.664944764585215], [-80.35450850583842, 42.66648916482474]], [[-80.35139590486828, 42.666579664985946], [-80.35072460455768, 42.66541406480823], [-80.35180810491786, 42.66564536479923], [-80.35139590486828, 42.666579664985946]], [[-80.34867820418411, 42.66856346546815], [-80.34655500351519, 42.668542265563175], [-80.34729220370713, 42.66807836544569], [-80.34867820418411, 42.66856346546815]], [[-80.35640240661607, 42.6686250651194], [-80.35492650614553, 42.66854486517376], [-80.3565170066121, 42.66815756503023], [-80.35640240661607, 42.6686250651194]], [[-80.35035770504999, 42.67251756609867], [-80.34711990396252, 42.671697466102486], [-80.35034240476858, 42.66928436551984], [-80.35035770504999, 42.67251756609867]], [[-80.34561860390221, 42.67650716703449], [-80.34443820319262, 42.672546866379626], [-80.34894190480551, 42.67485996658446], [-80.34561860390221, 42.67650716703449]], [[-80.35041010523823, 42.674525966456166], [-80.34956510489457, 42.67361186633171], [-80.35063510526436, 42.67400506635236], [-80.35041010523823, 42.674525966456166]], [[-80.35701230721327, 42.67336556594062], [-80.3554919066948, 42.672888765926], [-80.3577876074048, 42.67275756579553], [-80.35701230721327, 42.67336556594062]], [[-80.35504520651418, 42.67241806586245], [-80.35226950568618, 42.67293346608417], [-80.35208290555583, 42.67209516594262], [-80.35504520651418, 42.67241806586245]], [[-80.35422680646468, 42.67484486633556], [-80.35416500635121, 42.67374586614146], [-80.35569720687651, 42.67425876616199], [-80.35422680646468, 42.67484486633556]], [[-80.35598290722307, 42.67725936668643], [-80.35383780652184, 42.676941066729334], [-80.35391440651358, 42.67656316665804], [-80.35598290722307, 42.67725936668643]], [[-80.33945550057147, 42.66019846439778], [-80.33646979940806, 42.65756056406369], [-80.33719889956362, 42.6567001638755], [-80.33945550057147, 42.66019846439778]], [[-80.33526159903094, 42.657589564125175], [-80.33380799848891, 42.65659046401365], [-80.33549379900403, 42.656420263904636], [-80.33526159903094, 42.657589564125175]], [[-80.33456409912073, 42.661205564806025], [-80.33369269869263, 42.65939946452276], [-80.33488709917626, 42.660667464694534], [-80.33456409912073, 42.661205564806025]], [[-80.33206609860088, 42.664307165478476], [-80.33206029835283, 42.66142546496198], [-80.33276459850526, 42.660618964784625], [-80.33343619890665, 42.66284726515288], [-80.33206609860088, 42.664307165478476]], [[-80.33619849983438, 42.66354776514997], [-80.3344887992117, 42.66254716505014], [-80.3350307993407, 42.66206406493826], [-80.33614299977461, 42.66305216506367], [-80.33619849983438, 42.66354776514997]], [[-80.36578260847283, 42.655880562397684], [-80.36624330853923, 42.6549642622119], [-80.3664052086656, 42.655847762362804], [-80.36578260847283, 42.655880562397684]], [[-80.36602230868682, 42.657502462677286], [-80.36435610822045, 42.65816896287442], [-80.36458410822131, 42.65734176271548], [-80.36602230868682, 42.657502462677286]], [[-80.340467200112, 42.65109936271889], [-80.34303720075371, 42.64915996225148], [-80.34523530152839, 42.650145162325884], [-80.34269990081225, 42.651085462612514], [-80.340467200112, 42.65109936271889]], [[-80.3398808998337, 42.64999736254854], [-80.33827119932187, 42.649925062610464], [-80.33944709955725, 42.64835586227427], [-80.3398808998337, 42.64999736254854]], [[-80.35200790624887, 42.680469867446995], [-80.34892370524904, 42.680110167526244], [-80.35194140617246, 42.679821167333856], [-80.35200790624887, 42.680469867446995]], [[-80.37091851143525, 42.67165066498527], [-80.37172611156826, 42.67024106469502], [-80.37227151187479, 42.67182026495259], [-80.37091851143525, 42.67165066498527]], [[-80.4562366322369, 42.60168084845944], [-80.45648993222181, 42.60057434824909], [-80.4569367324037, 42.60106274831589], [-80.4562366322369, 42.60168084845944]], [[-80.45428143155029, 42.60082504839706], [-80.45245603082901, 42.59908734817036], [-80.45180293045456, 42.59710274784464], [-80.45255873080895, 42.59847524805573], [-80.45413423139397, 42.59953644817273], [-80.46138693331002, 42.59532914707938], [-80.45428143155029, 42.60082504839706]], [[-80.45284013088735, 42.59835954802185], [-80.44707172839665, 42.59038874686012], [-80.44901392884077, 42.58845284642207], [-80.46345333364907, 42.591709546333384], [-80.45284013088735, 42.59835954802185]], [[-80.45546253097889, 42.58979854636301], [-80.45211652987236, 42.58913414639974], [-80.45015032917244, 42.58816124631673], [-80.4491026288479, 42.58821024637435], [-80.45024042915688, 42.58764824622042], [-80.45546253097889, 42.58979854636301]], [[-80.46393423398865, 42.59391804670734], [-80.4709642360992, 42.59280724618004], [-80.4642300340485, 42.59353234662427], [-80.46431193398575, 42.592497146434674], [-80.46239263319895, 42.590335546136245], [-80.45457663053446, 42.58784904605434], [-80.45956473195221, 42.58612564551239], [-80.46685013450839, 42.58929394574137], [-80.45946013186861, 42.58553064541047], [-80.46246373263678, 42.58349164490435], [-80.46737443442844, 42.58643244520329], [-80.46479093337082, 42.583538744804315], [-80.46706173416561, 42.58450374487166], [-80.4689691347001, 42.58375614464848], [-80.46445683319591, 42.582717544672434], [-80.46717303381607, 42.58000134405813], [-80.46471363314507, 42.581178744384225], [-80.46379063257993, 42.57795044384765], [-80.46900153413817, 42.577056043444095], [-80.47016973489262, 42.581600344205455], [-80.47316873581836, 42.58142504403415], [-80.47195313565658, 42.58399494455216], [-80.47339023673271, 42.59131434579891], [-80.4727296366753, 42.593067546144376], [-80.46393423398865, 42.59391804670734]], [[-80.46361293393237, 42.59443904681581], [-80.46033403290309, 42.5944325469676], [-80.46402573395508, 42.59318924657228], [-80.46361293393237, 42.59443904681581]], [[-80.46913863562277, 42.59393344646731], [-80.46388803419272, 42.59647554716844], [-80.46366713401407, 42.59519584694907], [-80.46913863562277, 42.59393344646731]], [[-80.46270963390407, 42.59742454739371], [-80.46084653330034, 42.59719984744031], [-80.4623188336659, 42.596071947169236], [-80.46270963390407, 42.59742454739371]], [[-80.46232973404645, 42.60048484796061], [-80.46255523393641, 42.598369547570506], [-80.46535123488866, 42.59924714759758], [-80.46482823483599, 42.600550747855856], [-80.46232973404645, 42.60048484796061]], [[-80.46040043347494, 42.600880948121684], [-80.45794843260533, 42.59970774802555], [-80.46082423351498, 42.599793347906754], [-80.46040043347494, 42.600880948121684]], [[-80.45759223275819, 42.60280394859778], [-80.45591743215658, 42.601913448516086], [-80.46081443360887, 42.600927948110794], [-80.46151333390925, 42.60187684824849], [-80.46187953401741, 42.6017975482172], [-80.46206363406365, 42.60166344818453], [-80.4622638340758, 42.60106984806866], [-80.46287883433517, 42.60184714817943], [-80.45759223275819, 42.60280394859778]], [[-80.45189202961421, 42.58693574601556], [-80.45038072902103, 42.58554154583572], [-80.45359133009575, 42.58633144582784], [-80.45189202961421, 42.58693574601556]], [[-80.45882943164284, 42.58520374538119], [-80.45208422946241, 42.584451045560506], [-80.4638507329709, 42.58230934462743], [-80.46459903327975, 42.58317744474839], [-80.4624043326035, 42.58332014487637], [-80.45882943164284, 42.58520374538119]], [[-80.44431002701398, 42.584341645903216], [-80.44686142765568, 42.5824807454502], [-80.45260592953174, 42.58334584533777], [-80.45113622913927, 42.58414954555058], [-80.44431002701398, 42.584341645903216]], [[-80.45234422938573, 42.58259724521555], [-80.45014492863261, 42.58185714518522], [-80.45281072949844, 42.582203045123016], [-80.45234422938573, 42.58259724521555]], [[-80.45682573082422, 42.5829786450751], [-80.45929233154835, 42.58239604485554], [-80.45435332991461, 42.58140904490857], [-80.46015253162632, 42.580148644411956], [-80.45936613144622, 42.58092854458864], [-80.46017163180605, 42.58218394477645], [-80.45905673151509, 42.58287214495202], [-80.45682573082422, 42.5829786450751]], [[-80.45366672961977, 42.580477944773385], [-80.45049742863344, 42.58057094493779], [-80.45051732856513, 42.579697444780024], [-80.45366672961977, 42.580477944773385]], [[-80.4541443297452, 42.580192144699836], [-80.45253972908516, 42.57835654444505], [-80.45476052987264, 42.579420744532605], [-80.4541443297452, 42.580192144699836]], [[-80.46062403193278, 42.58200594472341], [-80.46071113170105, 42.57897144417452], [-80.46314083241815, 42.57844264396631], [-80.46427353302067, 42.58133874443346], [-80.46062403193278, 42.58200594472341]], [[-80.45639553096436, 42.58620064567364], [-80.4547056303928, 42.58571544566531], [-80.45747263125507, 42.58564754552409], [-80.45639553096436, 42.58620064567364]], [[-80.48225393973532, 42.59391234585152], [-80.47881033859522, 42.59321244588665], [-80.47556983756203, 42.59301744600286], [-80.48027473903748, 42.59301184578229], [-80.48080863922902, 42.59329334580791], [-80.4813682394163, 42.59343094580644], [-80.48225393973532, 42.59391234585152]], [[-80.4837097402626, 42.594738445931846], [-80.48266624001111, 42.595625346139656], [-80.48211513974023, 42.5944791459597], [-80.4837097402626, 42.594738445931846]], [[-80.42930322257413, 42.58749184716805], [-80.43013842266289, 42.58546044676438], [-80.43156522310275, 42.58536874668144], [-80.432903223547, 42.58565444667041], [-80.42930322257413, 42.58749184716805]], [[-80.39551821164747, 42.583688348057905], [-80.39029610995713, 42.583084948192514], [-80.38898280951909, 42.58278144819905], [-80.39386721096517, 42.58176134778864], [-80.39561921153806, 42.582031747755686], [-80.39551821164747, 42.583688348057905]]]}}, {"type": "Feature", "properties": {"id": "on-sunday-30001", "name": "Township of North Dumfries", "listed_as": "North Dumfries, Township of", "geographic_area": "Waterloo", "jurisdiction": "municipality", "sunday_gun": true, "basis": "reg663_part7"}, "geometry": {"type": "Polygon", "coordinates": [[[-80.2383, 43.3064], [-80.2486, 43.3335], [-80.1893, 43.3435], [-80.2064, 43.3972], [-80.2694, 43.387], [-80.2514, 43.3405], [-80.2632, 43.3445], [-80.2716, 43.3379], [-80.322, 43.3325], [-80.3336, 43.3343], [-80.3402, 43.3383], [-80.3423, 43.3532], [-80.3477, 43.3522], [-80.3499, 43.3577], [-80.3436, 43.3592], [-80.3496, 43.374], [-80.337, 43.3762], [-80.3423, 43.384], [-80.3487, 43.3862], [-80.3607, 43.3845], [-80.3757, 43.3873], [-80.3773, 43.3832], [-80.3694, 43.3829], [-80.3675, 43.378], [-80.506, 43.3539], [-80.4716, 43.2667], [-80.2383, 43.3064]]]}}, {"type": "Feature", "properties": {"id": "on-sunday-1026", "name": "Township of North Dundas", "listed_as": "North Dundas, Township of", "geographic_area": "Stormont, Dundas and Glengarry", "jurisdiction": "municipality", "sunday_gun": true, "basis": "reg663_part7"}, "geometry": {"type": "Polygon", "coordinates": [[[-75.1566, 45.087], [-75.259, 45.2182], [-75.4357, 45.1474], [-75.4955, 45.1271], [-75.5951, 45.0844], [-75.4859, 44.9563], [-75.3822, 44.9946], [-75.1566, 45.087]]]}}, {"type": "Feature", "properties": {"id": "on-sunday-10041", "name": "Township of North Frontenac", "listed_as": "North Frontenac, Township of", "geographic_area": "Frontenac", "jurisdiction": "municipality", "sunday_gun": true, "basis": "reg663_part7"}, "geometry": {"type": "Polygon", "coordinates": [[[-76.632, 44.8988], [-76.812, 45.2198], [-76.8487, 45.2162], [-76.8935, 45.1922], [-76.9019, 45.1967], [-76.9167, 45.1942], [-76.9186, 45.2026], [-76.9313, 45.2101], [-76.9388, 45.2068], [-76.936, 45.2087], [-76.9386, 45.2089], [-76.9498, 45.1999], [-76.9566, 45.2], [-76.9797, 45.1822], [-76.9898, 45.1819], [-76.9695, 45.1445], [-77.1397, 45.0988], [-77.0653, 44.962], [-77.2218, 44.9194], [-77.175, 44.787], [-77.1762, 44.7768], [-77.1686, 44.7698], [-77.1675, 44.764], [-76.9814, 44.8137], [-76.9791, 44.8093], [-76.9344, 44.8199], [-76.8099, 44.8554], [-76.632, 44.8988]]]}}, {"type": "Feature", "properties": {"id": "on-sunday-1047", "name": "Township of North Glengarry", "listed_as": "North Glengarry, Township of", "geographic_area": "Stormont, Dundas and Glengarry", "jurisdiction": "municipality", "sunday_gun": true, "basis": "reg663_part7"}, "geometry": {"type": "Polygon", "coordinates": [[[-74.4385, 45.3934], [-74.4939, 45.4076], [-74.5813, 45.5091], [-74.7472, 45.44], [-74.7327, 45.4236], [-74.8924, 45.3576], [-74.8858, 45.3504], [-74.9167, 45.338], [-74.8488, 45.252], [-74.8413, 45.2552], [-74.7873, 45.1886], [-74.6067, 45.27], [-74.6208, 45.287], [-74.4523, 45.3562], [-74.4385, 45.3934]]]}}, {"type": "Feature", "properties": {"id": "on-sunday-7055", "name": "Municipality of North Grenville", "listed_as": "North Grenville, Municipality of", "geographic_area": "Leeds and Grenville", "jurisdiction": "municipality", "sunday_gun": true, "basis": "reg663_part7"}, "geometry": {"type": "Polygon", "coordinates": [[[-75.4857, 44.9566], [-75.6285, 45.1258], [-75.6188, 45.1029], [-75.6219, 45.0968], [-75.6366, 45.0881], [-75.6423, 45.0684], [-75.6727, 45.0544], [-75.6802, 45.0472], [-75.6894, 45.0473], [-75.7046, 45.0251], [-75.7278, 45.0182], [-75.7581, 45.0037], [-75.7686, 44.9903], [-75.7854, 44.9833], [-75.8066, 44.9792], [-75.8128, 44.974], [-75.8134, 44.9697], [-75.8198, 44.9681], [-75.6958, 44.8456], [-75.6456, 44.8762], [-75.6471, 44.8781], [-75.5681, 44.9216], [-75.5338, 44.9389], [-75.4857, 44.9566]]]}}, {"type": "Feature", "properties": {"id": "on-sunday-40050", "name": "Township of North Huron", "listed_as": "North Huron, Township of", "geographic_area": "Huron", "jurisdiction": "municipality", "sunday_gun": true, "basis": "reg663_part7"}, "geometry": {"type": "Polygon", "coordinates": [[[-81.3198, 43.8816], [-81.4173, 43.9218], [-81.5331, 43.7714], [-81.425, 43.7278], [-81.4169, 43.7312], [-81.4151, 43.7335], [-81.4234, 43.7378], [-81.4194, 43.7428], [-81.422, 43.746], [-81.3343, 43.8594], [-81.3175, 43.8806], [-81.3087, 43.877], [-81.3043, 43.8824], [-81.3011, 43.8792], [-81.2946, 43.8874], [-81.2982, 43.8901], [-81.296, 43.8929], [-81.311, 43.8991], [-81.3231, 43.8884], [-81.3242, 43.8856], [-81.3183, 43.8857], [-81.3198, 43.8816]]]}}, {"type": "Feature", "properties": {"id": "on-sunday-15035", "name": "Township of North Kawartha", "listed_as": "North Kawartha, Township of", "geographic_area": "Peterborough", "jurisdiction": "municipality", "sunday_gun": true, "basis": "reg663_part7"}, "geometry": {"type": "Polygon", "coordinates": [[[-77.9612, 44.9115], [-78.1193, 44.8748], [-78.1399, 44.9137], [-78.3326, 44.8698], [-78.2712, 44.752], [-78.2664, 44.7537], [-78.2624, 44.7466], [-78.2675, 44.7454], [-78.2577, 44.7281], [-78.253, 44.7296], [-78.2491, 44.7223], [-78.2538, 44.7208], [-78.2496, 44.7116], [-78.2749, 44.7052], [-78.2072, 44.5611], [-78.2092, 44.5569], [-78.1969, 44.5569], [-78.1859, 44.5519], [-78.1761, 44.556], [-78.1645, 44.5532], [-78.1585, 44.5466], [-78.1485, 44.5516], [-78.1307, 44.5504], [-78.1143, 44.5538], [-78.1105, 44.5618], [-78.0896, 44.5712], [-78.0725, 44.5698], [-78.0338, 44.5822], [-78.0251, 44.583], [-78.0198, 44.5765], [-78.0058, 44.5819], [-78.0112, 44.6071], [-78.0706, 44.7273], [-78.064, 44.7289], [-78.0553, 44.7257], [-77.9932, 44.7353], [-77.9604, 44.7513], [-77.8855, 44.7699], [-77.9612, 44.9115]]]}}, {"type": "Feature", "properties": {"id": "on-sunday-39041", "name": "Municipality of North Middlesex", "listed_as": "North Middlesex, Municipality of", "geographic_area": "Middlesex", "jurisdiction": "municipality", "sunday_gun": true, "basis": "reg663_part7"}, "geometry": {"type": "Polygon", "coordinates": [[[-81.4401, 43.1431], [-81.4653, 43.2707], [-81.7737, 43.2363], [-81.7812, 43.2223], [-81.7826, 43.2115], [-81.7926, 43.216], [-81.7978, 43.2237], [-81.813, 43.2158], [-81.8172, 43.2101], [-81.8114, 43.2059], [-81.8137, 43.1935], [-81.8188, 43.1893], [-81.8148, 43.1796], [-81.8077, 43.1773], [-81.8112, 43.1705], [-81.8062, 43.1665], [-81.8151, 43.1616], [-81.8162, 43.1544], [-81.8076, 43.1499], [-81.8053, 43.1425], [-81.8081, 43.138], [-81.8054, 43.1341], [-81.8071, 43.1288], [-81.7962, 43.1234], [-81.802, 43.1209], [-81.8119, 43.1229], [-81.813, 43.1152], [-81.8058, 43.1155], [-81.8035, 43.1128], [-81.8244, 43.1039], [-81.8141, 43.0956], [-81.8171, 43.0839], [-81.814, 43.0818], [-81.8091, 43.0841], [-81.8091, 43.0692], [-81.5946, 43.0339], [-81.4634, 43.1306], [-81.4661, 43.1359], [-81.4401, 43.1431]]]}}, {"type": "Feature", "properties": {"id": "on-sunday-31035", "name": "Municipality of North Perth", "listed_as": "North Perth, Municipality of", "geographic_area": "Perth", "jurisdiction": "municipality", "sunday_gun": true, "basis": "reg663_part7"}, "geometry": {"type": "Polygon", "coordinates": [[[-80.9878, 43.5479], [-80.7605, 43.8446], [-80.8309, 43.8364], [-80.8395, 43.8252], [-80.8452, 43.8275], [-80.85, 43.823], [-80.8554, 43.8275], [-80.8529, 43.8306], [-80.8596, 43.833], [-81.0849, 43.8065], [-81.0974, 43.7905], [-81.0312, 43.7635], [-81.1474, 43.614], [-80.9878, 43.5479]]]}}, {"type": "Feature", "properties": {"id": "on-sunday-1037", "name": "Township of North Stormont", "listed_as": "North Stormont, Township of", "geographic_area": "Stormont, Dundas and Glengarry", "jurisdiction": "municipality", "sunday_gun": true, "basis": "reg663_part7"}, "geometry": {"type": "Polygon", "coordinates": [[[-74.8488, 45.252], [-74.9207, 45.3434], [-75.0169, 45.3158], [-74.9932, 45.2769], [-75.1923, 45.2217], [-75.2012, 45.2398], [-75.259, 45.2182], [-75.1566, 45.087], [-75.0005, 45.1475], [-74.9704, 45.114], [-74.7868, 45.188], [-74.8413, 45.2552], [-74.8488, 45.252]]]}}, {"type": "Feature", "properties": {"id": "on-sunday-41061", "name": "Municipality of Northern Bruce Peninsula", "listed_as": "Northern Bruce Peninsula, Municipality of", "geographic_area": "Bruce", "jurisdiction": "municipality", "sunday_gun": true, "basis": "reg663_part7"}, "geometry": {"type": "Polygon", "coordinates": [[[-81.65522726386337, 45.26657684777877], [-81.66521916669656, 45.2631705466971], [-81.66019766498394, 45.26211954678587], [-81.661024964779, 45.257632146003914], [-81.66427826550489, 45.254642745342096], [-81.66278576524486, 45.25671264576077], [-81.66452636598093, 45.25843994595439], [-81.6821086712019, 45.25470854442319], [-81.67396386904358, 45.25892474554206], [-81.68954997367625, 45.25566284419209], [-81.69351087447913, 45.2512552432598], [-81.68898297266925, 45.247763042921], [-81.69822347508935, 45.24271094160702], [-81.68928837232241, 45.24351234220508], [-81.6891804719052, 45.23984904160741], [-81.68179076976945, 45.24197314234262], [-81.680116869195, 45.241586842366274], [-81.68677067112097, 45.23970164170881], [-81.6950966729566, 45.23184663998073], [-81.69480557331627, 45.23617834070947], [-81.70323757555767, 45.231886639562724], [-81.7030049758862, 45.235740940209716], [-81.717998580023, 45.22956243840967], [-81.72931878276022, 45.22120923644294], [-81.7293112824879, 45.21862573601766], [-81.7239394809054, 45.219875136503845], [-81.7275886818071, 45.21736763590032], [-81.72649048112102, 45.21415193542774], [-81.71956147911445, 45.21609493610943], [-81.7209489792345, 45.21300793552834], [-81.7164070780382, 45.21542173616304], [-81.71829487824048, 45.211593235433654], [-81.71234317630416, 45.21122543568347], [-81.7066005748026, 45.21438463650364], [-81.70919187514434, 45.20974163560322], [-81.70860597484898, 45.20870133546231], [-81.69573747166807, 45.21754783759129], [-81.70191137274465, 45.2089945358597], [-81.69931707194618, 45.20927143604055], [-81.703007572563, 45.20390183496298], [-81.70188587154614, 45.1975806339792], [-81.68364466565063, 45.196826634805234], [-81.67352366287543, 45.201171836048935], [-81.67520706310276, 45.1982004354712], [-81.66214255926161, 45.20132843666726], [-81.65569795695762, 45.198943936609446], [-81.65673215685301, 45.194770235867104], [-81.65267315581187, 45.19720613648019], [-81.66447705822439, 45.184211533721985], [-81.65360085505056, 45.18704663475565], [-81.6554297552508, 45.18336373405274], [-81.63020034803058, 45.19131873667761], [-81.62747204700268, 45.189803536569336], [-81.62979614733293, 45.18584803579568], [-81.63759084950414, 45.18281623489009], [-81.63115714739858, 45.18230293513979], [-81.62642444603195, 45.18367923561294], [-81.6251493463276, 45.19043733679469], [-81.61921494478113, 45.19377343765371], [-81.61948204449843, 45.1902341370557], [-81.61444714270596, 45.18844293702167], [-81.6147277420631, 45.18139313584333], [-81.60861793986496, 45.178995235764766], [-81.58922613488184, 45.190591938686396], [-81.58544793383335, 45.192105639132414], [-81.57762893131515, 45.19188433950172], [-81.58360763227155, 45.18271723767788], [-81.5828050317497, 45.18015583729648], [-81.57743013025876, 45.18231663793226], [-81.57805323032092, 45.180999237682364], [-81.5901453329029, 45.168695035022644], [-81.5886376322351, 45.16689343480322], [-81.59384203363872, 45.16441803412424], [-81.58852613184588, 45.163482334245465], [-81.59455023331462, 45.15911233321088], [-81.59013193161653, 45.156326732979736], [-81.59498963238462, 45.148785031481346], [-81.58177092854076, 45.1523817327614], [-81.58317362876184, 45.15019623232743], [-81.58040252803032, 45.15166843271449], [-81.5787087277305, 45.15399063318612], [-81.57632832708704, 45.15510983349452], [-81.57592782703033, 45.15579603362875], [-81.5753070268578, 45.1560423337016], [-81.58045752757066, 45.147059331949684], [-81.57414602606013, 45.15191633307982], [-81.56928182433106, 45.15020323304874], [-81.57496282569223, 45.14584503203384], [-81.57140392393188, 45.13980443121948], [-81.57908762613476, 45.137407430424865], [-81.5796333259071, 45.13352462975448], [-81.56161012040323, 45.13589243107992], [-81.56639562090173, 45.125948629187185], [-81.55168951614506, 45.12530962984293], [-81.55256701533779, 45.11478202805533], [-81.5439430136444, 45.12502263019639], [-81.54093601220335, 45.12035592957975], [-81.54451151281897, 45.11527102855314], [-81.54280761199765, 45.112578428195555], [-81.53649181001042, 45.11284252856602], [-81.53700381063143, 45.11727812927376], [-81.53422010933058, 45.11327632875535], [-81.52778110749048, 45.11534942943158], [-81.52791080713443, 45.11149632878696], [-81.52474170608322, 45.11110572888615], [-81.5280599070018, 45.10974922849001], [-81.5273823064574, 45.10656562799789], [-81.52157900481694, 45.108608728636206], [-81.52004270406037, 45.10602332828749], [-81.52471800523398, 45.10294132753543], [-81.5160500024797, 45.10304392800043], [-81.52128570356206, 45.09734002678506], [-81.5161463015766, 45.09397872649384], [-81.5092885994471, 45.09454062694125], [-81.515560501086, 45.091028826035405], [-81.51613930076716, 45.086138325195186], [-81.5128423993587, 45.082669524790624], [-81.5161948998215, 45.07677612364065], [-81.50476749611212, 45.076143224125815], [-81.50558859587377, 45.071278423276915], [-81.50890859683479, 45.0703276229479], [-81.50718419602843, 45.06783272262325], [-81.4966847935065, 45.075872524498166], [-81.48865569094737, 45.07588912491522], [-81.49767419350046, 45.07274442392845], [-81.49866729354197, 45.070066623433206], [-81.48930059035175, 45.06809082358889], [-81.48764099018197, 45.071590724254904], [-81.48322968842834, 45.06821562392271], [-81.48790099003266, 45.0693299238666], [-81.48823859007355, 45.06868032374142], [-81.48202798795495, 45.06733852383929], [-81.49697189263111, 45.06646422292335], [-81.4989367927621, 45.06163972202188], [-81.49127479028328, 45.06129492235997], [-81.48947198941342, 45.05842192197639], [-81.49589159107407, 45.05465842102097], [-81.47845088562259, 45.05573202209843], [-81.48286858654551, 45.05099642108495], [-81.48663508799066, 45.05337502128545], [-81.48257018575238, 45.04419231997122], [-81.47598948376853, 45.045309120495766], [-81.4776080845175, 45.04757982078919], [-81.46382358019665, 45.048311721620976], [-81.46776978109817, 45.04483002083979], [-81.46479147973723, 45.04081832032733], [-81.46832348009278, 45.03329611889653], [-81.46649667920677, 45.03033301849861], [-81.46346437858507, 45.03370311921435], [-81.46057127719361, 45.029123818602926], [-81.46413937818241, 45.02766931817769], [-81.462670377275, 45.02338111754113], [-81.46010947666038, 45.025353918000604], [-81.46244527756917, 45.0269559181464], [-81.45374577474169, 45.02643261850735], [-81.45642467461927, 45.01688891678415], [-81.44935367184475, 45.011803916303094], [-81.4537810724143, 45.00356761470661], [-81.44232766814952, 44.99756331429752], [-81.43877166713582, 44.99873831467574], [-81.4415844669708, 44.988339112801995], [-81.43807376623529, 44.99209751360747], [-81.42986306340592, 44.99002241368436], [-81.43696146423243, 44.97594331097779], [-81.43660486358937, 44.97075081013217], [-81.4213259594545, 44.97796461211722], [-81.41450005903795, 44.99521941533792], [-81.40146215531408, 44.99946991671439], [-81.40502645570201, 44.99212951531053], [-81.40925495692852, 44.99093521489474], [-81.41035815708803, 44.98905001452454], [-81.4034321548849, 44.98910171488878], [-81.40665365535571, 44.98364401381544], [-81.40050625346305, 44.984305214241026], [-81.40568685482307, 44.98144221349879], [-81.40268175351109, 44.97796931307516], [-81.3943958513765, 44.98294921432904], [-81.39582745218104, 44.986364914823874], [-81.38801845053307, 44.99462871659932], [-81.38708065024991, 44.99478481667344], [-81.38735155021233, 44.993568616457246], [-81.38464194923813, 44.99248871641662], [-81.38241214895808, 44.99671801723456], [-81.37950364818005, 44.99818611762804], [-81.3788810479661, 44.99803511763484], [-81.37685814743078, 44.999113017917914], [-81.37492004686555, 44.99963261810379], [-81.37683154740577, 44.99895111789238], [-81.37132344562328, 44.998699318133085], [-81.37244174560804, 44.995049717468596], [-81.36889744500527, 45.00022861851195], [-81.36735274456534, 45.000746618677326], [-81.37366464567671, 44.99189511688103], [-81.36465854221045, 44.98606401637269], [-81.3766630449252, 44.9751236139363], [-81.37097844347073, 44.97864391481376], [-81.37699114421905, 44.96715581259311], [-81.36710124108255, 44.96732321312794], [-81.36579874072254, 44.96786741328528], [-81.36638384093914, 44.968162413304405], [-81.36701104123416, 44.969096713427795], [-81.36645704111716, 44.96968341355391], [-81.35403233678468, 44.966041113584055], [-81.37356233888445, 44.92540530581326], [-81.37484103789022, 44.9115836034432], [-81.37329653681736, 44.90585460256676], [-81.36793963513031, 44.90605200287381], [-81.36441303351617, 44.90121130224671], [-81.3588325322383, 44.906153203356645], [-81.35038012948792, 44.90559450369576], [-81.36840983429892, 44.896364701233594], [-81.36314583208654, 44.89107930062087], [-81.3605049315429, 44.8940223012471], [-81.36178053148707, 44.88945420041947], [-81.35923363085399, 44.89121790084409], [-81.35903743048728, 44.88821170035236], [-81.35224742807003, 44.8857035002808], [-81.35475882790003, 44.876108498550536], [-81.34385652440699, 44.87591669907563], [-81.34551862349568, 44.86165259660825], [-81.33416712014159, 44.86425209762219], [-81.33032641949698, 44.86998859877656], [-81.33391072088804, 44.87245369900528], [-81.32753341936238, 44.87746830016844], [-81.32516281855763, 44.87698010020795], [-81.32739741892998, 44.87361599953198], [-81.32152791737212, 44.87671140034866], [-81.31936871633107, 44.87321569987505], [-81.3290040187443, 44.86670669829585], [-81.32833441828892, 44.864308797929446], [-81.15951806877848, 44.90719241369357], [-81.1415627650181, 44.92676771787613], [-81.13410276279693, 44.928361118521366], [-81.12827266203588, 44.939287120642184], [-81.11619645830785, 44.94056032146838], [-81.11421165858194, 44.94957332307395], [-81.12077676182875, 44.960981124644185], [-81.19229088435192, 44.95788542048814], [-81.2152549921097, 44.96211112002229], [-81.21989809466235, 44.9726888215488], [-81.19509638913507, 44.99630092674846], [-81.19833759072148, 45.001741427489364], [-81.22262849928406, 45.00968142757157], [-81.25033590587645, 44.98747032245771], [-81.25219760669681, 44.98969882273377], [-81.25035140624492, 44.99105312305365], [-81.24874980566275, 44.99035442301911], [-81.24811680548825, 44.99062592309667], [-81.27213751519749, 45.01072642521509], [-81.27750691801167, 45.02154292674002], [-81.26605121531684, 45.03100422889999], [-81.27010061852936, 45.04985353182677], [-81.26228691878177, 45.07680533670521], [-81.2823052285086, 45.1094069410909], [-81.28128902899664, 45.117348942460495], [-81.31348463983142, 45.12269274169374], [-81.33619904918795, 45.14315184391683], [-81.33385744909049, 45.14948694508667], [-81.33694845185113, 45.166734147783586], [-81.3291035514996, 45.18768605165493], [-81.29584074337022, 45.21202835739356], [-81.28414394107577, 45.22607386031786], [-81.2844159420414, 45.234597661712804], [-81.29054624508476, 45.24508716313053], [-81.29675944722527, 45.24656546305479], [-81.29409064600422, 45.24300766260447], [-81.29886114738059, 45.24155516211874], [-81.30197644874436, 45.24511166254585], [-81.29808164758661, 45.245967862888], [-81.30386344962172, 45.24776196288647], [-81.34378056161908, 45.24029445959524], [-81.38746947578012, 45.24213395764394], [-81.42091838542918, 45.23205055425069], [-81.46266459858838, 45.23029565180143], [-81.47494910272007, 45.23228865149435], [-81.48579160681936, 45.23840935194268], [-81.50925161450462, 45.24024255102906], [-81.53288872277943, 45.247210150951844], [-81.56324643225022, 45.245048349019115], [-81.57890473670413, 45.23980314734086], [-81.5823893380089, 45.241648947463986], [-81.5784065373159, 45.2472049485868], [-81.58581014019661, 45.25216334901906], [-81.60573844615267, 45.24826084733949], [-81.61256274839609, 45.24888164708675], [-81.61120164835569, 45.25266064778018], [-81.61677545030385, 45.2542778477565], [-81.64267085796433, 45.248473545452015], [-81.64433135888808, 45.25224504598676], [-81.63752985698798, 45.25483964676834], [-81.64588045956305, 45.25397384619075], [-81.64666646024408, 45.25809214682802], [-81.63701975741859, 45.260522647730845], [-81.63527345721751, 45.26393464838362], [-81.65522726386337, 45.26657684777877]], [[-81.49713790723484, 45.20747134624846], [-81.47651779953333, 45.196696345536154], [-81.49064710247946, 45.18156364230464], [-81.51122881016437, 45.19231764301592], [-81.49713790723484, 45.20747134624846]], [[-81.50490990545198, 45.16627763903995], [-81.52555051315646, 45.177061239753634], [-81.51136761019285, 45.19216484298354], [-81.49078820250885, 45.181412142272286], [-81.50490990545198, 45.16627763903995]], [[-81.49058210243192, 45.181304342265115], [-81.4699911947365, 45.170464141538126], [-81.48412829768577, 45.15532033830286], [-81.50470410537511, 45.16616963903272], [-81.49058210243192, 45.181304342265115]], [[-81.49044080240242, 45.18145574229749], [-81.47631159945635, 45.19658864552903], [-81.4557051917546, 45.185757244804876], [-81.46984999470699, 45.17061534157043], [-81.49044080240242, 45.18145574229749]]]}}, {"type": "Feature", "properties": {"id": "on-sunday-32002", "name": "Township of Norwich", "listed_as": "Norwich, Township of", "geographic_area": "Oxford", "jurisdiction": "municipality", "sunday_gun": true, "basis": "reg663_part7"}, "geometry": {"type": "Polygon", "coordinates": [[[-80.6087, 43.1516], [-80.6778, 43.1412], [-80.6752, 43.1296], [-80.6721, 43.13], [-80.6674, 43.1176], [-80.7243, 43.1097], [-80.722, 43.1034], [-80.7293, 43.1023], [-80.7315, 43.1085], [-80.7348, 43.108], [-80.7388, 43.1068], [-80.7369, 43.1013], [-80.7504, 43.0993], [-80.75, 43.0949], [-80.7537, 43.0943], [-80.7475, 43.0824], [-80.7435, 43.0828], [-80.7237, 43.0273], [-80.7465, 43.0239], [-80.701, 42.8551], [-80.5054, 42.8841], [-80.6087, 43.1516]]]}}, {"type": "Feature", "properties": {"id": "on-sunday-43047", "name": "Township of Oro-Medonte", "listed_as": "Oro-Medonte, Township of", "geographic_area": "Simcoe", "jurisdiction": "municipality", "sunday_gun": true, "basis": "reg663_part7"}, "geometry": {"type": "MultiPolygon", "coordinates": [[[[-79.3571, 44.5747], [-79.3603, 44.5731], [-79.3561, 44.5765], [-79.3571, 44.5747]]], [[[-79.3795, 44.5854], [-79.3869, 44.5797], [-79.3809, 44.5869], [-79.3795, 44.5854]]], [[[-79.3668, 44.6075], [-79.3693, 44.606], [-79.3689796875, 44.607681640625], [-79.3668, 44.6075]]], [[[-79.3715, 44.6288], [-79.3733, 44.6249], [-79.3742, 44.6275], [-79.3715, 44.6288]]], [[[-79.3666, 44.6337], [-79.3649, 44.6362], [-79.3635, 44.6366], [-79.3666, 44.6337]]], [[[-79.369, 44.6515], [-79.3733, 44.6511], [-79.368, 44.6577], [-79.369, 44.6515]]], [[[-79.3957, 44.6905], [-79.3894, 44.6909], [-79.3938, 44.6886], [-79.3957, 44.6905]]], [[[-79.3394, 44.5512], [-79.3354, 44.5543], [-79.335, 44.5514], [-79.3394, 44.5512]]], [[[-79.2882, 44.5628], [-79.2862, 44.5643], [-79.2859, 44.5633], [-79.2882, 44.5628]]]]}}, {"type": "Feature", "properties": {"id": "on-sunday-15005", "name": "Township of Otonabee-South Monaghan", "listed_as": "Otonabee-South Monaghan, Township of", "geographic_area": "Peterborough", "jurisdiction": "municipality", "sunday_gun": true, "basis": "reg663_part7"}, "geometry": {"type": "Polygon", "coordinates": [[[-78.0612, 44.26], [-78.1156, 44.3656], [-78.2931, 44.3223], [-78.2823, 44.2998], [-78.2747, 44.3017], [-78.2733, 44.2992], [-78.2787, 44.2919], [-78.2774, 44.2893], [-78.2856, 44.2857], [-78.2825, 44.279], [-78.3057, 44.2708], [-78.3033, 44.2655], [-78.31, 44.2639], [-78.3138, 44.258], [-78.3319, 44.2527], [-78.3337, 44.26], [-78.3398, 44.2564], [-78.3358, 44.2513], [-78.3381, 44.2466], [-78.3364, 44.2402], [-78.3431, 44.2353], [-78.3545, 44.212], [-78.3873, 44.2044], [-78.3466, 44.1194], [-78.3068, 44.1296], [-78.2977, 44.1255], [-78.276, 44.1254], [-78.2537, 44.1338], [-78.2267, 44.1498], [-78.2203, 44.1428], [-78.1451, 44.1939], [-78.0818, 44.2545], [-78.0612, 44.26]], [[-78.1179, 44.2325], [-78.1164, 44.2358], [-78.1162, 44.2333], [-78.1179, 44.2325]], [[-78.1399, 44.2225], [-78.135, 44.2216], [-78.1378, 44.2126], [-78.1409, 44.2167], [-78.1399, 44.2225]], [[-78.204, 44.2139], [-78.2015, 44.2087], [-78.2093, 44.2068], [-78.2044, 44.1969], [-78.2122, 44.1951], [-78.2197, 44.2103], [-78.204, 44.2139]], [[-78.1539, 44.2064], [-78.1623, 44.2092], [-78.1512, 44.212], [-78.1539, 44.2064]], [[-78.1964, 44.1982], [-78.1922, 44.1895], [-78.2028, 44.1775], [-78.212, 44.1948], [-78.1964, 44.1982]], [[-78.2048, 44.1782], [-78.2188, 44.167], [-78.2241, 44.1774], [-78.2377, 44.1742], [-78.2364, 44.178], [-78.2403, 44.1874], [-78.2122, 44.1947], [-78.2048, 44.1782]]]}}, {"type": "Feature", "properties": {"id": "on-sunday-6005", "name": "City of Ottawa", "listed_as": "Ottawa, City of", "geographic_area": "Ottawa", "jurisdiction": "municipality", "sunday_gun": true, "basis": "reg663_part7"}, "geometry": {"type": "MultiPolygon", "coordinates": [[[[-75.59649660888304, 45.47076196755251], [-75.6143028146775, 45.46939836657185], [-75.625009918032, 45.46705386572188], [-75.60703171212465, 45.467753966596945], [-75.59857790943553, 45.469130767186876], [-75.59614780873764, 45.470412667507574], [-75.6002163099893, 45.469248067138075], [-75.610050013122, 45.46770186646122], [-75.61687221541601, 45.46805226623427], [-75.59649660888304, 45.47076196755251]]], [[[-75.89460319937389, 45.37286023826028], [-75.89582239980977, 45.373237738273026], [-75.89631569987898, 45.37213563806387], [-75.89460319937389, 45.37286023826028]]], [[[-75.79838136763607, 45.374357642590724], [-75.79408836635751, 45.376044343060315], [-75.79880356778105, 45.374417942583214], [-75.79838136763607, 45.374357642590724]]], [[[-75.75630145639505, 45.406113149791736], [-75.7547899558712, 45.40584404980959], [-75.75393285566265, 45.406731949997365], [-75.75630145639505, 45.406113149791736]]], [[[-75.75646925646281, 45.40625594980903], [-75.75532215618209, 45.407424750056954], [-75.75683055660383, 45.40650574983642], [-75.75646925646281, 45.40625594980903]]], [[[-75.75415835595476, 45.409286650423944], [-75.75711515696452, 45.4096361503588], [-75.75809935713008, 45.40774844999499], [-75.75415835595476, 45.409286650423944]]], [[[-75.73321514952957, 45.4153636523452], [-75.73498055012686, 45.415505252294906], [-75.73234044911989, 45.41395615214187], [-75.73321514952957, 45.4153636523452]]], [[[-75.72822094797772, 45.416583952764206], [-75.73162054893595, 45.41459995228212], [-75.7266276472238, 45.4139299523784], [-75.72822094797772, 45.416583952764206]]], [[[-75.70938054224409, 45.42261595458825], [-75.71445344382853, 45.42146855417857], [-75.71672234436532, 45.418934153650305], [-75.71369444337151, 45.419052253798114], [-75.70938054224409, 45.42261595458825]]], [[[-76.26831483094291, 45.464404337859385], [-76.26935653120873, 45.463501737661005], [-76.26807543082786, 45.46399303779982], [-76.26831483094291, 45.464404337859385]]], [[[-76.25885632784313, 45.464734238323715], [-76.25971392797844, 45.4630325379975], [-76.25684962713574, 45.46423413832532], [-76.25885632784313, 45.464734238323715]]], [[[-75.5837881047281, 45.471511568213984], [-75.59475600829687, 45.470662967608696], [-75.59702420887541, 45.46860776716295], [-75.5837881047281, 45.471511568213984]]], [[[-76.21851431502762, 45.470824641098496], [-76.22994701930526, 45.47650814157143], [-76.22585111763476, 45.472888541133], [-76.22109741577486, 45.469591140777524], [-76.21851431502762, 45.470824641098496]]], [[[-76.22799041891764, 45.47949034216249], [-76.2285001191815, 45.48058314232616], [-76.22879821919206, 45.479571842141475], [-76.22799041891764, 45.47949034216249]]], [[[-76.23223702062319, 45.4829372425649], [-76.23391992090072, 45.47973254194795], [-76.23032181975118, 45.4802034421831], [-76.23223702062319, 45.4829372425649]]], [[[-75.51427048344819, 45.49280037475905], [-75.51208158283777, 45.494178475085675], [-75.51672518435785, 45.4939144748462], [-75.51427048344819, 45.49280037475905]]], [[[-75.49382067729125, 45.500316676896645], [-75.49150107661825, 45.50146977719024], [-75.50043687923466, 45.4973083761068], [-75.49337587705153, 45.499229476729845], [-75.48901577577371, 45.5012464772562], [-75.49382067729125, 45.500316676896645]]], [[[-75.36932323798358, 45.524829286273174], [-75.3726721391835, 45.525853686308295], [-75.37048803836603, 45.5247715862148], [-75.36932323798358, 45.524829286273174]]], [[[-75.37396393959143, 45.52559748621079], [-75.37644814025505, 45.52367208577906], [-75.37492153971375, 45.52327198577448], [-75.37396393959143, 45.52559748621079]]], [[[-75.3389770281103, 45.52741668797739], [-75.34255282934106, 45.52791008791279], [-75.33717202752186, 45.52755708807642], [-75.3389770281103, 45.52741668797739]]], [[[-75.36098603537138, 45.526728186944084], [-75.36848733782428, 45.52623618654783], [-75.35921793494019, 45.52858808733474], [-75.36947303815023, 45.52621478650312], [-75.36861153781547, 45.52564168644126], [-75.36668983716862, 45.52554888650553], [-75.36098603537138, 45.526728186944084]]], [[[-75.3430649296871, 45.529996688247195], [-75.34479593029344, 45.530360688237195], [-75.34487133029576, 45.530090488188016], [-75.3430649296871, 45.529996688247195]]], [[[-75.35147873230791, 45.527891987538226], [-75.34992453190523, 45.5292469878339], [-75.34536643057707, 45.5314749884034], [-75.35618833383643, 45.52744528726604], [-75.35188503239743, 45.52735058742904], [-75.34736363105722, 45.52929078794795], [-75.35147873230791, 45.527891987538226]]], [[[-75.33606152720203, 45.528144688222824], [-75.33832492828834, 45.532105688803945], [-75.34357362980539, 45.52939238812297], [-75.34051752867684, 45.52806018802303], [-75.33606152720203, 45.528144688222824]]], [[[-75.34031862905266, 45.53330848892601], [-75.34126252931256, 45.53266648877727], [-75.33906172864195, 45.533394988993074], [-75.34031862905266, 45.53330848892601]]]]}}, {"type": "Feature", "properties": {"id": "on-sunday-48017", "name": "Township of Papineau-Cameron", "listed_as": "Papineau-Cameron, Township of", "geographic_area": "Nipissing", "jurisdiction": "municipality", "sunday_gun": true, "basis": "reg663_part7"}, "geometry": {"type": "MultiPolygon", "coordinates": [[[[-78.50054944556021, 46.29423117443924], [-78.52613025444633, 46.298793073956], [-78.49648044397398, 46.29177507423331], [-78.49514094367964, 46.2932489745383], [-78.48435343994964, 46.29149977477], [-78.47720503777808, 46.29334957541493], [-78.46830303455218, 46.29042557536403], [-78.43098422264374, 46.29438187779773], [-78.40379201340026, 46.29159617864329], [-78.40536471417803, 46.2942001789937], [-78.43084612268316, 46.29523417794363], [-78.48389154021108, 46.29564467546922], [-78.50054944556021, 46.29423117443924]], [[-78.4876121412788, 46.29405577503126], [-78.48416114024788, 46.29512277537104], [-78.48158823929175, 46.294040175317626], [-78.48568844045096, 46.2921142748064], [-78.4876121412788, 46.29405577503126]]], [[[-78.5979938801172, 46.318673973742676], [-78.63758869341581, 46.32121127224695], [-78.6864148092047, 46.318313569416205], [-78.68641320900656, 46.31635116909645], [-78.63275439170691, 46.32005237229129], [-78.60368778194231, 46.31816807338575], [-78.53259615680977, 46.301119874025225], [-78.53249985699254, 46.30326407437992], [-78.54925236300721, 46.308201674380506], [-78.5979938801172, 46.318673973742676]]]]}}, {"type": "Feature", "properties": {"id": "on-sunday-37001", "name": "Township of Pelee", "listed_as": "Pelee, Township of", "geographic_area": "Essex", "jurisdiction": "municipality", "sunday_gun": true, "basis": "reg663_part7"}, "geometry": {"type": "Polygon", "coordinates": [[[-82.634, 41.8197], [-82.6394, 41.8319], [-82.6338, 41.8239], [-82.6306, 41.8055], [-82.6265, 41.7989], [-82.6307, 41.7921], [-82.6311, 41.78], [-82.6206, 41.7507], [-82.6385, 41.7427], [-82.6506, 41.7456], [-82.659, 41.7431], [-82.6689, 41.7337], [-82.672, 41.7244], [-82.6762, 41.7343], [-82.6844, 41.741], [-82.6894, 41.7632], [-82.6917, 41.7636], [-82.6892, 41.7647], [-82.6846, 41.8045], [-82.6877, 41.813], [-82.6835, 41.816], [-82.6739, 41.8094], [-82.6644, 41.8097], [-82.6599, 41.8142], [-82.6586, 41.8122], [-82.6538, 41.8144], [-82.6433, 41.825], [-82.6457, 41.8208], [-82.634, 41.8197]]]}}, {"type": "Feature", "properties": {"id": "on-sunday-49014", "name": "Township of Perry", "listed_as": "Perry, Township of", "geographic_area": "Parry Sound", "jurisdiction": "municipality", "sunday_gun": true, "basis": "reg663_part7"}, "geometry": {"type": "Polygon", "coordinates": [[[-79.1726, 45.4698], [-79.2157, 45.5479], [-79.2282, 45.5443], [-79.2284, 45.5542], [-79.2395, 45.551], [-79.244, 45.5597], [-79.2245, 45.5654], [-79.237, 45.5871], [-79.4083, 45.5403], [-79.3428, 45.4238], [-79.1726, 45.4698]]]}}, {"type": "Feature", "properties": {"id": "on-sunday-31002", "name": "Township of Perth East", "listed_as": "Perth East, Township of", "geographic_area": "Perth", "jurisdiction": "municipality", "sunday_gun": true, "basis": "reg663_part7"}, "geometry": {"type": "Polygon", "coordinates": [[[-80.7546, 43.6484], [-80.8736, 43.699], [-80.9878, 43.5479], [-81.0273, 43.5642], [-81.1331, 43.4394], [-81.0127, 43.3852], [-80.9996, 43.4007], [-80.9728, 43.3889], [-80.9672, 43.3973], [-80.9638, 43.3939], [-80.9531, 43.3938], [-80.953, 43.3893], [-80.9455, 43.3892], [-80.9454, 43.3761], [-80.938, 43.3742], [-80.9379, 43.3665], [-80.9529, 43.3642], [-80.9551, 43.3617], [-80.953, 43.3497], [-80.9707, 43.3501], [-80.9369, 43.2902], [-80.8465, 43.3177], [-80.8463, 43.3246], [-80.8389, 43.3236], [-80.8389, 43.3285], [-80.8257, 43.328], [-80.8239, 43.3248], [-80.7358, 43.3534], [-80.7372, 43.4075], [-80.7956, 43.4681], [-80.869, 43.4981], [-80.7546, 43.6484]]]}}, {"type": "Feature", "properties": {"id": "on-sunday-31008", "name": "Township of Perth South", "listed_as": "Perth South, Township of", "geographic_area": "Perth", "jurisdiction": "municipality", "sunday_gun": true, "basis": "reg663_part7"}, "geometry": {"type": "Polygon", "coordinates": [[[-81.0084, 43.3833], [-81.09, 43.4201], [-81.1747, 43.3213], [-81.2026, 43.3184], [-81.2868, 43.356], [-81.3637, 43.2638], [-81.2244, 43.2033], [-80.9369, 43.2902], [-80.9707, 43.3501], [-80.9916, 43.3505], [-80.9884, 43.3491], [-80.991, 43.346], [-80.9975, 43.3489], [-81.003, 43.3374], [-81.0096, 43.3403], [-81.0152, 43.3334], [-81.0294, 43.3383], [-81.0194, 43.3448], [-81.0263, 43.348], [-81.0132, 43.3634], [-81.018, 43.3656], [-81.0109, 43.3734], [-81.0152, 43.3754], [-81.0084, 43.3833]], [[-81.1271, 43.2733], [-81.1255, 43.2662], [-81.1132, 43.2678], [-81.1115, 43.26], [-81.1239, 43.2586], [-81.1209, 43.2442], [-81.1282, 43.2434], [-81.1271, 43.2377], [-81.1578, 43.2347], [-81.1618, 43.2538], [-81.1667, 43.2533], [-81.1684, 43.2615], [-81.1634, 43.262], [-81.1649, 43.2692], [-81.1271, 43.2733]]]}}, {"type": "Feature", "properties": {"id": "on-sunday-38033", "name": "Town of Plympton-Wyoming", "listed_as": "Plympton-Wyoming, Town of", "geographic_area": "Lambton", "jurisdiction": "municipality", "sunday_gun": true, "basis": "reg663_part7"}, "geometry": {"type": "Polygon", "coordinates": [[[-82.001, 43.0762], [-82.0242, 43.0765], [-82.0229, 43.1073], [-82.0871, 43.1187], [-82.1152, 43.1018], [-82.1495, 43.0929], [-82.1499, 43.0752], [-82.1681, 43.0604], [-82.1956, 43.0483], [-82.2299, 43.0385], [-82.2337, 42.9326], [-82.006, 42.9288], [-82.001, 43.0762]]]}}, {"type": "Feature", "properties": {"id": "on-sunday-26011", "name": "City of Port Colborne", "listed_as": "Port Colborne, City of", "geographic_area": "Niagara", "jurisdiction": "municipality", "sunday_gun": true, "basis": "reg663_part7"}, "geometry": {"type": "Polygon", "coordinates": [[[-79.2563, 42.8679], [-79.2547, 42.8625], [-79.2567, 42.8678], [-79.26263397260273, 42.86897698630137], [-79.2527, 42.8676], [-79.2563, 42.8679]]]}}, {"type": "Feature", "properties": {"id": "on-sunday-14022", "name": "Municipality of Port Hope", "listed_as": "Port Hope, Municipality of", "geographic_area": "Northumberland", "jurisdiction": "municipality", "sunday_gun": true, "basis": "reg663_part7"}, "geometry": {"type": "Polygon", "coordinates": [[[-78.3466, 44.1194], [-78.5087, 44.0812], [-78.437, 43.912], [-78.4131, 43.9137], [-78.4024, 43.9185], [-78.4046, 43.9199], [-78.397, 43.9211], [-78.3953, 43.9188], [-78.379, 43.9287], [-78.3695, 43.9301], [-78.3713, 43.932], [-78.3472, 43.9314], [-78.3316, 43.9381], [-78.291, 43.9401], [-78.2866, 43.9464], [-78.2635, 43.951], [-78.3466, 44.1194]]]}}, {"type": "Feature", "properties": {"id": "on-sunday-49058", "name": "Municipality of Powassan", "listed_as": "Powassan, Municipality of", "geographic_area": "Parry Sound", "jurisdiction": "municipality", "sunday_gun": true, "basis": "reg663_part7"}, "geometry": {"type": "Polygon", "coordinates": [[[-79.2326, 46.001], [-79.3142, 46.1478], [-79.4507, 46.1091], [-79.408, 46.0321], [-79.4521, 46.0198], [-79.4139, 45.9498], [-79.2326, 46.001]]]}}, {"type": "Feature", "properties": {"id": "on-sunday-2030", "name": "Township of Alfred and Plantagenet", "listed_as": "Prescott and Russell, United Counties of", "geographic_area": "Prescott and Russell", "jurisdiction": "upper_tier", "sunday_gun": true, "basis": "reg663_part7"}, "geometry": {"type": "MultiPolygon", "coordinates": [[[[-75.1005, 45.5724], [-75.105, 45.5721], [-75.1023, 45.5738], [-75.1005, 45.5724]]], [[[-75.1037, 45.5754], [-75.1025, 45.5743], [-75.1053, 45.5748], [-75.1037, 45.5754]]], [[[-75.1391, 45.5742], [-75.15571652490888, 45.57568068043742], [-75.15241932479628, 45.57577625145518], [-75.1391, 45.5742]]], [[[-75.0968, 45.5738], [-75.0904, 45.5796], [-75.0884, 45.58], [-75.0968, 45.5738]]], [[[-75.0799, 45.5866], [-75.0892, 45.5814], [-75.0814, 45.5866], [-75.0799, 45.5866]]], [[[-75.0879, 45.5814], [-75.0894, 45.5812], [-75.0779, 45.5871], [-75.0879, 45.5814]]], [[[-75.0607, 45.5895], [-75.067, 45.5865], [-75.0642, 45.5892], [-75.0607, 45.5895]]], [[[-75.0699, 45.5895], [-75.0555, 45.5897], [-75.0547, 45.5889], [-75.057, 45.5875], [-75.0699, 45.5895]]]]}}, {"type": "Feature", "properties": {"id": "on-sunday-2005", "name": "Township of Champlain", "listed_as": "Prescott and Russell, United Counties of", "geographic_area": "Prescott and Russell", "jurisdiction": "upper_tier", "sunday_gun": true, "basis": "reg663_part7"}, "geometry": {"type": "MultiPolygon", "coordinates": [[[[-74.6477, 45.6354], [-74.6768, 45.6303], [-74.6902, 45.6229], [-74.6927, 45.6242], [-74.6934, 45.6202], [-74.7055, 45.626], [-74.7103, 45.6171], [-74.7164, 45.6151], [-74.7345, 45.6147], [-74.7583, 45.6219], [-74.7732, 45.6227], [-74.7917, 45.6127], [-74.8236, 45.5469], [-74.6921, 45.5472], [-74.7415, 45.4424], [-74.6144, 45.4952], [-74.5976, 45.5252], [-74.5634, 45.601], [-74.58, 45.6066], [-74.5881, 45.5893], [-74.6193, 45.5984], [-74.6262, 45.5976], [-74.641, 45.6074], [-74.631, 45.6284], [-74.6477, 45.6354]]], [[[-74.7861, 45.62], [-74.7871, 45.6227], [-74.789, 45.6185], [-74.7861, 45.62]]], [[[-74.7819, 45.6306], [-74.7867, 45.6235], [-74.7709, 45.6275], [-74.7716, 45.6293], [-74.7819, 45.6306]]]]}}, {"type": "Feature", "properties": {"id": "on-sunday-2008", "name": "Town of Hawkesbury", "listed_as": "Prescott and Russell, United Counties of", "geographic_area": "Prescott and Russell", "jurisdiction": "upper_tier", "sunday_gun": true, "basis": "reg663_part7"}, "geometry": {"type": "Polygon", "coordinates": [[[-74.58, 45.6066], [-74.5965, 45.6128], [-74.6074, 45.6131], [-74.6136, 45.6093], [-74.6098, 45.6131], [-74.6184, 45.6135], [-74.6279, 45.6217], [-74.6309, 45.628], [-74.6274, 45.6352], [-74.609, 45.6219], [-74.5779, 45.6109], [-74.58, 45.6066]], [[-74.604, 45.6132], [-74.5991, 45.614], [-74.5997, 45.6162], [-74.604, 45.6132]], [[-74.6136, 45.62], [-74.6121, 45.6153], [-74.6032, 45.6169], [-74.6118, 45.6183], [-74.6136, 45.62]], [[-74.6102, 45.6203], [-74.6118, 45.6187], [-74.609, 45.6187], [-74.6102, 45.6203]], [[-74.5827, 45.608], [-74.5808, 45.6078], [-74.5848, 45.6097], [-74.5827, 45.608]]]}}, {"type": "Feature", "properties": {"id": "on-sunday-2001", "name": "Township of East Hawkesbury", "listed_as": "Prescott and Russell, United Counties of", "geographic_area": "Prescott and Russell", "jurisdiction": "upper_tier", "sunday_gun": true, "basis": "reg663_part7"}, "geometry": {"type": "MultiPolygon", "coordinates": [[[[-74.38522971345539, 45.567858133771054], [-74.4370310312753, 45.57411023276916], [-74.46407194162927, 45.59031483445661], [-74.47804024668741, 45.59510503471502], [-74.5233581615339, 45.59146133227195], [-74.5614936754109, 45.605362933111955], [-74.56344747570729, 45.60100433228877], [-74.54877557018936, 45.59346333159141], [-74.54619256888242, 45.58802583076629], [-74.52963156309534, 45.584908230899735], [-74.51677375880107, 45.58492623141972], [-74.48582934911599, 45.59296213403614], [-74.46482504169016, 45.587969234025415], [-74.45191853639008, 45.57582893246685], [-74.45665273739183, 45.56868683105552], [-74.44565033336264, 45.56434123075279], [-74.44960413451575, 45.56227183024039], [-74.44554713312284, 45.56181143032409], [-74.44728783329543, 45.55677072939181], [-74.4330433291377, 45.56418993123165], [-74.43353502895616, 45.55992603048234], [-74.42688132646158, 45.55658043017602], [-74.42595092631161, 45.558565130552886], [-74.43251442878551, 45.5620270308827], [-74.42936452791787, 45.56430683139886], [-74.40787872002224, 45.55547573074684], [-74.40638481967764, 45.55738503113332], [-74.41530622293035, 45.56073463135001], [-74.41850002437177, 45.565350232012065], [-74.39431811589864, 45.560517032151616], [-74.38522971345539, 45.567858133771054]], [[-74.44510783332143, 45.56606683106979], [-74.44389983273686, 45.56383793073677], [-74.4460707336275, 45.565873430998145], [-74.44510783332143, 45.56606683106979]], [[-74.42706302720916, 45.56505123161836], [-74.42099112516367, 45.56484983182685], [-74.4191253244015, 45.56313923160873], [-74.42706302720916, 45.56505123161836]]], [[[-74.38090921189692, 45.5664457337019], [-74.38684791378346, 45.56522963325658], [-74.38167401193387, 45.56374363320889], [-74.38090921189692, 45.5664457337019]]]]}}, {"type": "Feature", "properties": {"id": "on-sunday-2036", "name": "City of Clarence-Rockland", "listed_as": "Prescott and Russell, United Counties of", "geographic_area": "Prescott and Russell", "jurisdiction": "upper_tier", "sunday_gun": true, "basis": "reg663_part7"}, "geometry": {"type": "MultiPolygon", "coordinates": [[[[-75.31789432200047, 45.53813459068127], [-75.32849502545812, 45.53732149010189], [-75.32244902344169, 45.53725779034242], [-75.33037342602033, 45.53657808989705], [-75.3391807286991, 45.533603289023624], [-75.31465362072704, 45.53581219042004], [-75.31789432200047, 45.53813459068127]]], [[[-75.33150562573347, 45.52869888850673], [-75.33373852653997, 45.5294573885432], [-75.33637032735018, 45.52868498830204], [-75.33150562573347, 45.52869888850673]]], [[[-75.32612292425972, 45.53245868937156], [-75.3252645239691, 45.53239808939695], [-75.32195112291707, 45.532992589636024], [-75.32612292425972, 45.53245868937156]]], [[[-75.32699352472942, 45.53459848970016], [-75.33554762755429, 45.53435748930329], [-75.33624682771239, 45.53347368912354], [-75.32699352472942, 45.53459848970016]]], [[[-75.3234307238885, 45.538686090545056], [-75.31665582184186, 45.54114449124578], [-75.3276773252151, 45.537665890194596], [-75.3234307238885, 45.538686090545056]]], [[[-75.24544920136363, 45.57938500071796], [-75.24178720047455, 45.58330840153805], [-75.24719310196053, 45.57957930067875], [-75.24544920136363, 45.57938500071796]]], [[[-75.23267609750324, 45.58404740204173], [-75.23967519983536, 45.58406890175515], [-75.23998079989465, 45.583564301656544], [-75.23267609750324, 45.58404740204173]]], [[[-75.21444919146387, 45.58439820285689], [-75.21711499233977, 45.584258002722585], [-75.21234649075575, 45.5843031029278], [-75.21444919146387, 45.58439820285689]]], [[[-75.21091329033469, 45.584971803101055], [-75.21920949314806, 45.585577302860464], [-75.22373279461557, 45.585118402594844], [-75.21091329033469, 45.584971803101055]]]]}}, {"type": "Feature", "properties": {"id": "on-sunday-2048", "name": "Township of Russell", "listed_as": "Prescott and Russell, United Counties of", "geographic_area": "Prescott and Russell", "jurisdiction": "upper_tier", "sunday_gun": true, "basis": "reg663_part7"}, "geometry": {"type": "Polygon", "coordinates": [[[-75.2012, 45.2398], [-75.2682, 45.3561], [-75.426, 45.3125], [-75.4025, 45.2654], [-75.3532, 45.1821], [-75.2012, 45.2398]]]}}, {"type": "Feature", "properties": {"id": "on-sunday-2044", "name": "Municipality of Casselman", "listed_as": "Prescott and Russell, United Counties of", "geographic_area": "Prescott and Russell", "jurisdiction": "upper_tier", "sunday_gun": true, "basis": "reg663_part7"}, "geometry": {"type": "Polygon", "coordinates": [[[-75.0726, 45.3299], [-75.085, 45.3281], [-75.1106, 45.3209], [-75.1022, 45.307], [-75.0947, 45.3092], [-75.0866, 45.2961], [-75.0743, 45.2998], [-75.0823, 45.3128], [-75.0669, 45.3203], [-75.0726, 45.3299]]]}}, {"type": "Feature", "properties": {"id": "on-sunday-2011", "name": "Municipality of The Nation Municipality", "listed_as": "Prescott and Russell, United Counties of", "geographic_area": "Prescott and Russell", "jurisdiction": "upper_tier", "sunday_gun": true, "basis": "reg663_part7"}, "geometry": {"type": "Polygon", "coordinates": [[[-74.7415, 45.4424], [-74.6921, 45.5472], [-74.8236, 45.5469], [-74.8683, 45.4525], [-74.8886, 45.4466], [-74.9138, 45.4908], [-75.0947, 45.442], [-75.0795, 45.4106], [-75.2693, 45.3579], [-75.2209, 45.2769], [-75.1923, 45.2217], [-74.9932, 45.2769], [-75.0169, 45.3158], [-74.9207, 45.3434], [-74.9167, 45.338], [-74.8858, 45.3504], [-74.8924, 45.3576], [-74.7327, 45.4236], [-74.7472, 45.44], [-74.7415, 45.4424]], [[-75.0726, 45.3299], [-75.0669, 45.3203], [-75.0823, 45.3128], [-75.0743, 45.2998], [-75.0866, 45.2961], [-75.0947, 45.3092], [-75.1022, 45.307], [-75.1106, 45.3209], [-75.0726, 45.3299]]]}}, {"type": "Feature", "properties": {"id": "on-sunday-13002", "name": "County of Prince Edward", "listed_as": "Prince Edward, County of", "geographic_area": "Prince Edward", "jurisdiction": "upper_tier", "sunday_gun": true, "basis": "reg663_part7"}, "geometry": {"type": "Polygon", "coordinates": [[[-77.05623897743702, 44.15268707705966], [-77.05042517820014, 44.18451408290353], [-77.0639601824134, 44.18228058192647], [-77.06411178281434, 44.18649388265995], [-77.08913379002561, 44.175460079640196], [-77.09852459327423, 44.17781787964814], [-77.09660289242558, 44.1751340792599], [-77.1298371023728, 44.16494877603233], [-77.1214656005766, 44.17599837833562], [-77.13669060451097, 44.163893275550116], [-77.1494296084627, 44.161664374606694], [-77.16947371544839, 44.16734397473529], [-77.19034052138456, 44.15730307206665], [-77.19628622352518, 44.15980877224863], [-77.213849528818, 44.15491397062644], [-77.20857862818806, 44.167818473121336], [-77.23022173619992, 44.179542974238664], [-77.24435934051553, 44.17626777304899], [-77.24645504084407, 44.17207787222256], [-77.2352857353581, 44.14991236881671], [-77.31556206150839, 44.15105866552378], [-77.3380613690727, 44.15419686509326], [-77.37046337905272, 44.147883962570845], [-77.38714568447263, 44.14798986186051], [-77.40792389017778, 44.135733658801215], [-77.50445821913777, 44.10812434972746], [-77.53528132740836, 44.08783094481211], [-77.56933103745781, 44.07627064128685], [-77.57886853885253, 44.05623263734766], [-77.57146043637204, 44.05525633750142], [-77.57430803707709, 44.05268933692524], [-77.57796853843747, 44.05476743712972], [-77.57495313722917, 44.05201743677885], [-77.54161892857196, 44.077306742685586], [-77.52637112395887, 44.08115604403069], [-77.50485481816932, 44.09513464742939], [-77.50658751889766, 44.09711324770083], [-77.50039341702103, 44.09865334824285], [-77.50221191739928, 44.096155747724595], [-77.49763011611785, 44.09855984834758], [-77.50012501684714, 44.0976240480739], [-77.50040631730111, 44.10192144881614], [-77.4957890159915, 44.10412894940617], [-77.4972890167043, 44.10681514981203], [-77.48584471292297, 44.10594855016153], [-77.476195210193, 44.11065055140985], [-77.40965018990896, 44.12590305700014], [-77.3853396835169, 44.14360046116912], [-77.37800468080565, 44.13965696079748], [-77.37299537942559, 44.14256126152609], [-77.37648098028835, 44.1393826608159], [-77.3713473781866, 44.134195560129555], [-77.3723590784076, 44.13292335986207], [-77.37339397837005, 44.12849015903846], [-77.37311367824177, 44.12804585897272], [-77.35919937467456, 44.13928186155287], [-77.35082467198772, 44.1396346619803], [-77.3440051702146, 44.144852663193866], [-77.34189976938825, 44.14314926298674], [-77.34874287121909, 44.13852516187637], [-77.34839707106283, 44.13800106179946], [-77.31173886007687, 44.14878766529176], [-77.30792005861116, 44.14609196498493], [-77.31086065935523, 44.14359266441798], [-77.31021415866846, 44.13791586344934], [-77.29846635513526, 44.14123176454341], [-77.29816995485733, 44.13906806417638], [-77.3066642572482, 44.13471936304265], [-77.30411185617272, 44.13177296263635], [-77.32335026214754, 44.12860046124093], [-77.3302919636887, 44.120140559452366], [-77.3412865667957, 44.114675858013044], [-77.34315276717084, 44.1119364574504], [-77.34314106711564, 44.111324557343366], [-77.33981896593588, 44.110105157273956], [-77.34692776799994, 44.10723145645908], [-77.34683506790647, 44.10647675633049], [-77.33984436586547, 44.10916845710824], [-77.33909396575342, 44.11073235741575], [-77.3406816664826, 44.113283657794824], [-77.33696976554371, 44.116438958511], [-77.32029736064148, 44.12245976029531], [-77.31883926052632, 44.126720861107366], [-77.3151145592374, 44.12576116110107], [-77.31978516047621, 44.122470360319475], [-77.30995525732831, 44.12295716083325], [-77.30815795653454, 44.12044606047037], [-77.31276815746314, 44.113690259082524], [-77.32204526024113, 44.11093635819449], [-77.31961995862184, 44.10100985655549], [-77.32219255913321, 44.097158455766454], [-77.34371786507891, 44.08482545266048], [-77.33604946254084, 44.08420825288598], [-77.33223516169322, 44.08885075386842], [-77.32451515868183, 44.08278705313834], [-77.30807705289098, 44.07728635288612], [-77.29736654980658, 44.08193185416922], [-77.27283224192158, 44.082791855386965], [-77.25732683740186, 44.08888855713304], [-77.26112413882535, 44.09118125737141], [-77.25749073789737, 44.09417915805651], [-77.25118163557424, 44.090873557749106], [-77.24354963321016, 44.092212058315894], [-77.24523213438174, 44.09969685955938], [-77.24114503294122, 44.09832765949601], [-77.2419840329968, 44.09573615900377], [-77.24135733270644, 44.09469505884787], [-77.24068203248544, 44.0946723588732], [-77.2405518327354, 44.09816815949373], [-77.23054282990006, 44.1030997607955], [-77.23516333156039, 44.105026160933726], [-77.23990493280807, 44.10154806011621], [-77.2455908345728, 44.10059005970089], [-77.25021583591294, 44.09867145916262], [-77.25573883740498, 44.09508705829229], [-77.25851863837597, 44.095914558317105], [-77.25790623823181, 44.09656585845827], [-77.25708733819793, 44.09933705898118], [-77.25918053856253, 44.09557755822907], [-77.2739189433922, 44.09615805769075], [-77.28930504801954, 44.09181715625843], [-77.2895957489344, 44.101615857968746], [-77.29270685024159, 44.10517285845874], [-77.2888470498864, 44.11587396050756], [-77.28016954681635, 44.11283346035068], [-77.27349864528414, 44.12037606196638], [-77.2572368407172, 44.12884676416201], [-77.19591912198507, 44.14283596928308], [-77.19234482043265, 44.13815106861495], [-77.19246202025519, 44.13557386815693], [-77.20693812399988, 44.12415806552244], [-77.20708942402392, 44.12385796546312], [-77.20686822390431, 44.12328606537223], [-77.20862042436634, 44.12200976507182], [-77.21075052484575, 44.119474664533726], [-77.21036292471983, 44.11947346455035], [-77.19589892060817, 44.126450866404376], [-77.19251841994895, 44.1316924674723], [-77.18924911881606, 44.130836967463715], [-77.18705081870053, 44.137991668816525], [-77.1795537169288, 44.14591367053374], [-77.13901540419272, 44.151047573192564], [-77.12436470031766, 44.16162957568619], [-77.12041219897436, 44.16091977573254], [-77.10243549341652, 44.164304377105076], [-77.08617948870557, 44.17114757901035], [-77.06631178247805, 44.17389458035175], [-77.06924528261165, 44.16406437849774], [-77.06193438033911, 44.16530397903135], [-77.05885987910592, 44.16249637867074], [-77.07458248133347, 44.12790067190885], [-77.07521788064314, 44.1171211699849], [-77.0812180821808, 44.112177368855974], [-77.07779778051527, 44.105504967829226], [-77.0820669815069, 44.10075476680882], [-77.08029198045517, 44.09503386587825], [-77.0889620826239, 44.08725086413365], [-77.09361168325603, 44.07668486207211], [-77.10850538726083, 44.066687559668175], [-77.12643779082642, 44.03952545410706], [-77.13833759420957, 44.03376605257792], [-77.1330451921446, 44.02957055206656], [-77.13133349046065, 44.01595324973866], [-77.13702969174909, 44.00920244830184], [-77.12690508911226, 44.01701735011738], [-77.12041998840527, 44.033875053370444], [-77.10930748554352, 44.042851355432596], [-77.08376917752011, 44.04604695709716], [-77.0238228570162, 44.033412957449194], [-77.00290875078062, 44.040128859532906], [-76.99313404754061, 44.03932745981137], [-76.99210234746195, 44.04243376040374], [-76.97833974349906, 44.04857016207727], [-76.93686793102982, 44.06071506599894], [-76.90288882177192, 44.08234497126984], [-76.88599221768001, 44.09932617498719], [-76.87779161506671, 44.099965475451064], [-76.8767777145039, 44.09713707499592], [-76.88604891684095, 44.08892627315148], [-76.88225511558474, 44.08864707326469], [-76.87222891318484, 44.09907547553238], [-76.85114750737368, 44.11173557866595], [-76.85122290766306, 44.114948379228856], [-76.84326820469425, 44.11031417875251], [-76.84432900361269, 44.092992875653636], [-76.85338850574205, 44.083077773517715], [-76.87235791124861, 44.07506147129242], [-76.89868601839589, 44.05794396714583], [-76.90292641902394, 44.04883406535667], [-76.90026811694133, 44.03401376285423], [-76.93653122754587, 44.019737758780906], [-76.9649851365847, 44.017297957130744], [-76.99340934437893, 43.99988815283678], [-77.00788984901723, 43.999139452083135], [-77.00439904822377, 44.00326115296096], [-77.02682545450435, 43.99115214985918], [-77.03038755522773, 43.98590304877892], [-77.02743325387894, 43.98116574806873], [-77.01172534960907, 43.99121215051814], [-77.00574814726436, 43.9862931499056], [-76.99727934448079, 43.98586535019331], [-77.00987924764101, 43.9745794476582], [-77.00483634577647, 43.971805047384166], [-77.00547014576426, 43.969155846888654], [-77.02020835034186, 43.96667234581729], [-77.02624455161376, 43.95832714408283], [-77.04241525615262, 43.94973804186997], [-77.03920555362733, 43.931680438813515], [-77.04558205530184, 43.92689343769286], [-77.0490023557721, 43.91911613616973], [-77.0525481569121, 43.91899863599679], [-77.04088335305548, 43.91809113633659], [-77.03900105229118, 43.916216036085416], [-77.04319575316704, 43.910315834861024], [-77.03310905016916, 43.913638035881725], [-77.02221574758279, 43.925166738389464], [-77.01888804767844, 43.93947824106464], [-77.00713864411128, 43.942449142093956], [-77.00396754248933, 43.93522104095098], [-76.99042683819472, 43.93641234174186], [-76.98641633659014, 43.932709741258336], [-76.95689172767094, 43.94075504394587], [-76.94471262292305, 43.93103214274568], [-76.9380575206632, 43.92980364281266], [-76.88571570495111, 43.9453913478075], [-76.86493179843491, 43.94821764919436], [-76.8590362959311, 43.94099384816667], [-76.86458379731597, 43.93589744702768], [-76.85853529546779, 43.93731054753571], [-76.85978929553744, 43.93317544674991], [-76.87063459868487, 43.928604745478104], [-76.88502560339376, 43.92907034494696], [-76.89997230766251, 43.92194424304713], [-76.9290397171429, 43.92253754191126], [-76.9395400202038, 43.91830804071359], [-76.93273521833164, 43.92241194173118], [-76.93455681908807, 43.924433942011426], [-76.92983421777217, 43.92707974268172], [-76.9327196186646, 43.92654494246376], [-76.93770352006489, 43.92389444178143], [-76.93439671894578, 43.92332944182269], [-76.9343910188666, 43.92238394165549], [-76.9429945214604, 43.91996884086014], [-76.9413581206358, 43.916377540294036], [-76.93828471970924, 43.91724004057811], [-76.9409624202643, 43.913404039784254], [-76.96127622660677, 43.91038323838095], [-76.97335072976877, 43.90116293623127], [-76.99416993633595, 43.8989103349416], [-77.00939334056335, 43.89025243275607], [-77.03170474756068, 43.88737283129027], [-77.0456267522916, 43.89003253116477], [-77.08073546182507, 43.86752872567186], [-77.0971259667869, 43.86327652421489], [-77.09218306514431, 43.86277402433801], [-77.09053606434371, 43.85951672383134], [-77.09723916679756, 43.8629594241538], [-77.10856237028842, 43.860795723284205], [-77.12581567474246, 43.846963920091575], [-77.14002507924114, 43.845707119258236], [-77.15525188359953, 43.838732417367275], [-77.16302228699011, 43.849383418920986], [-77.16024558672889, 43.857149120416594], [-77.16845539001173, 43.86474152140831], [-77.17936659389662, 43.86901222169496], [-77.1869897963243, 43.86851492127853], [-77.20743420191114, 43.85596531817487], [-77.2445452140167, 43.85708171677205], [-77.21463520647819, 43.883099122668874], [-77.22190770964085, 43.89288822408742], [-77.2341905143757, 43.90205732517911], [-77.24330581752048, 43.904390825198085], [-77.28046182849344, 43.891599921329494], [-77.27928782864485, 43.898024622516544], [-77.29900863684783, 43.919975025543295], [-77.32481754709003, 43.94268992843702], [-77.33791135172086, 43.947392728699064], [-77.33748455189335, 43.95112862937711], [-77.332476850144, 43.94959252932334], [-77.3172098442393, 43.93802802794372], [-77.3101135421933, 43.94106172878719], [-77.31621474386715, 43.937426827880685], [-77.30342973870646, 43.925125626261924], [-77.29258753499734, 43.92273312630887], [-77.27377632789913, 43.910576724974426], [-77.26102542535337, 43.92970032890623], [-77.2654320272352, 43.93518622968486], [-77.27785813094445, 43.93138272847497], [-77.26011572595698, 43.94054063086086], [-77.25729232486273, 43.938372530600056], [-77.26312842651896, 43.93554702984829], [-77.2592954249876, 43.93204852939604], [-77.25719412442524, 43.93347662973929], [-77.26021342546692, 43.93424532974445], [-77.25653042423005, 43.93371482981004], [-77.25183862340495, 43.942099531494414], [-77.24671772174695, 43.942110331717835], [-77.24957412314365, 43.947798232599], [-77.24448162147604, 43.94758333278135], [-77.24765662252632, 43.94784493269026], [-77.24451512172558, 43.95046383328869], [-77.2488346231687, 43.95099103319494], [-77.24301972173534, 43.95642613440639], [-77.24689062327965, 43.959924534856675], [-77.25654062613869, 43.956700033869666], [-77.26498952827421, 43.949447232223136], [-77.26984242996674, 43.95089973226948], [-77.26465582844449, 43.952803132830184], [-77.26698912939669, 43.95516973314707], [-77.28723063506668, 43.94448443038339], [-77.30207723943171, 43.93914432879695], [-77.29087253641502, 43.946518230584815], [-77.29339003741899, 43.94879043087694], [-77.2899443365591, 43.95187543157101], [-77.29446653802005, 43.95182973136689], [-77.28745843614533, 43.95658943251099], [-77.28878373674593, 43.958651432817604], [-77.29911303986881, 43.95596813189614], [-77.29498003878308, 43.95901343261291], [-77.31811264622107, 43.95835723149377], [-77.34129465309367, 43.950726529140695], [-77.33813265205043, 43.95049422923697], [-77.33774555184415, 43.94952072908195], [-77.33833075184769, 43.947284928661865], [-77.34249195345686, 43.95043202903673], [-77.35097965620709, 43.950455628672316], [-77.42690857909611, 43.930186021792636], [-77.43349618134964, 43.93164842176391], [-77.45082768658254, 43.92715422021567], [-77.47196299358652, 43.92914801964633], [-77.48954749896387, 43.92542581822237], [-77.49569180103185, 43.92639031812446], [-77.49395420093111, 43.93191121917451], [-77.50436410513157, 43.941875120477775], [-77.51828960967524, 43.942343419951996], [-77.5316262157423, 43.963269523058294], [-77.53969541836172, 43.963378522724476], [-77.5453343207093, 43.96961822357727], [-77.56469052713378, 43.97156212307215], [-77.58983483726747, 43.995348326158435], [-77.61238444564135, 44.00815922742291], [-77.60799114435918, 44.00980822790603], [-77.60658554441657, 44.0158814290361], [-77.60262734320132, 44.01665602934619], [-77.60658444426967, 44.01414392873048], [-77.60172384261013, 44.01311142876234], [-77.60562914339467, 44.007431227591525], [-77.58194693438908, 43.99146652582112], [-77.57322233065432, 43.98061622429309], [-77.57231423080131, 43.98585872525609], [-77.57580703203132, 43.98704942531264], [-77.56865793007513, 43.99128902637251], [-77.56386082850646, 43.99109062654785], [-77.56099482712075, 43.98563612571294], [-77.5467594228914, 43.990113927125066], [-77.54929442376739, 43.99077752713089], [-77.53835942010981, 43.9893556273594], [-77.5279652172762, 43.99566332892517], [-77.52641741679707, 43.99592262903855], [-77.5254229163584, 43.994531128837096], [-77.5223505153305, 43.994130828901035], [-77.51409091294725, 43.997581429870095], [-77.51691211366759, 43.995286429342514], [-77.51411731231492, 43.98994602852423], [-77.49976240764063, 43.98960422909179], [-77.49709660718223, 43.99442543005758], [-77.49082590510754, 43.99388733023689], [-77.49218060578667, 43.99675673068307], [-77.48590860338295, 43.99230183017256], [-77.42279258451514, 44.010997136221015], [-77.42181328454433, 44.01513243699198], [-77.41950948378121, 44.01492913705672], [-77.41800738333579, 44.01542003720867], [-77.4157633827925, 44.01761053769228], [-77.41204638156505, 44.01732873780476], [-77.4092227807196, 44.01815373807315], [-77.40736208003578, 44.01718453798359], [-77.40226737850533, 44.01861523845768], [-77.39967527793107, 44.02178493912887], [-77.41676978310988, 44.01750813763035], [-77.41931878373785, 44.01514913710373], [-77.42942208710807, 44.01632153686947], [-77.48210630328425, 44.00579913271582], [-77.49356930644436, 43.999238331059395], [-77.49230080584124, 43.996943130710655], [-77.5087179114367, 44.00030183058418], [-77.52285281549975, 43.99420982889295], [-77.52577911653651, 43.9952796289533], [-77.52102191565393, 44.00310063053855], [-77.53288191998094, 44.00891493104282], [-77.55378732684119, 44.01004323032549], [-77.55785462850056, 44.014120530864695], [-77.56783453117, 44.007468229256524], [-77.57307803357921, 44.01593013051547], [-77.58467253726705, 44.015173129873524], [-77.58645973819021, 44.01926513051495], [-77.58396653745959, 44.02016783078315], [-77.5828313370201, 44.019311330682314], [-77.58071893635343, 44.01951213081035], [-77.583777237467, 44.02098243093475], [-77.57762963565406, 44.02307503157267], [-77.57034503403068, 44.03178333342386], [-77.58102813676328, 44.02318743144326], [-77.58321863767898, 44.02564073177861], [-77.58964213960785, 44.02386553118443], [-77.59189554042376, 44.02489473126648], [-77.58589553877616, 44.02837973214283], [-77.59278274076155, 44.02549583133324], [-77.59744904287328, 44.03262843238249], [-77.59549924245005, 44.035089332900824], [-77.61228434647396, 44.01841462923129], [-77.60644574446196, 44.01695592923119], [-77.61289564662032, 44.01780532909724], [-77.62793245022615, 44.002889325812696], [-77.5660353197831, 43.878611606616886], [-77.51347610248564, 43.87490080825603], [-77.49631009660627, 43.870937608304054], [-77.32803623806471, 43.821114606793465], [-77.23211160584499, 43.80667450837474], [-77.1480278779374, 43.79818001048419], [-76.99128232775706, 43.805274118455], [-76.79744216980617, 43.865611137420586], [-76.58223240344135, 43.90926535427132], [-76.50613568665743, 44.00794987497559], [-76.53208039880624, 44.05367488197437], [-76.75812016887387, 44.01111106487094], [-76.83720260457773, 44.13283068297917], [-76.8782678160317, 44.10978747716169], [-76.91507992671552, 44.09423967284418], [-76.96200843918517, 44.06057256489535], [-77.02098335702779, 44.044711459564496], [-77.05460656791098, 44.04431845804862], [-77.07805887661996, 44.05755195937149], [-77.0870463806286, 44.070708361302415], [-77.07196297876361, 44.10722966838458], [-77.06973537957239, 44.125659271723784], [-77.05623897743702, 44.15268707705966]], [[-77.0544726791285, 44.17987048191299], [-77.0564718795921, 44.1776376814344], [-77.06053228113859, 44.180355481736456], [-77.0572782802878, 44.182835782312715], [-77.0544726791285, 44.17987048191299]], [[-77.11649439789863, 44.16327927631667], [-77.1166320978266, 44.16188137606513], [-77.11824699838407, 44.16227447606431], [-77.11649439789863, 44.16327927631667]], [[-77.3623435763144, 44.146644662707956], [-77.36372737662283, 44.14497726235486], [-77.36686577761492, 44.14466916216375], [-77.3623435763144, 44.146644662707956]], [[-77.56738963673416, 44.07514604117456], [-77.56902523704382, 44.07254314064553], [-77.56902083730184, 44.075613441185055], [-77.56738963673416, 44.07514604117456]], [[-77.3711908781217, 44.134027660106895], [-77.36711167676415, 44.13361726021299], [-77.3729247783089, 44.129571459248815], [-77.3711908781217, 44.134027660106895]], [[-77.29868365391816, 44.12589496184018], [-77.3029387552295, 44.12507096151014], [-77.3049480560367, 44.12692136174772], [-77.29868365391816, 44.12589496184018]], [[-77.31107175479714, 44.08845275471986], [-77.30735005383335, 44.09135515539218], [-77.3042372529263, 44.09257915574285], [-77.3079231539081, 44.090028855134], [-77.31107175479714, 44.08845275471986]], [[-77.24988053578134, 44.098398759129175], [-77.25242693618995, 44.09340595814049], [-77.25473163700612, 44.09422485818443], [-77.24988053578134, 44.098398759129175]], [[-77.24746903464013, 44.094106858479016], [-77.24862733495303, 44.09335475829644], [-77.24876673505747, 44.09406315841499], [-77.24746903464013, 44.094106858479016]], [[-77.19858292155565, 44.12736236644822], [-77.19617432069782, 44.126454366393034], [-77.20690512394332, 44.123609365427455], [-77.19722542137987, 44.13053046706394], [-77.19858292155565, 44.12736236644822]], [[-76.97149783755242, 44.00336555439077], [-76.96280123469109, 44.002903254681904], [-76.96561053424436, 43.98637865164159], [-76.9732712361843, 43.979727850137834], [-76.98305103915425, 43.977244949279864], [-76.98762564097356, 43.98131584980329], [-76.98532554070498, 43.987127050928905], [-76.98944144204306, 43.98715455075726], [-76.98864534218878, 43.99206615165929], [-76.97599613847585, 43.996841453045384], [-76.97149783755242, 44.00336555439077]], [[-76.84120489112803, 43.95307705106599], [-76.84283989196187, 43.956787251653125], [-76.83175598878358, 43.96194435303819], [-76.83262928883747, 43.959130252502895], [-76.84120489112803, 43.95307705106599]], [[-76.80360977866577, 43.94996715211579], [-76.79771067660339, 43.94816935204829], [-76.81272248133236, 43.946374651091894], [-76.80360977866577, 43.94996715211579]], [[-76.61748111665062, 43.93097355663697], [-76.61926901695391, 43.92753585595167], [-76.61406451515843, 43.92624995594325], [-76.61810481622474, 43.923194755230675], [-76.59629310936069, 43.92598645664626], [-76.60937371324061, 43.92138215527751], [-76.61797751613771, 43.922629255135725], [-76.6390716236685, 43.93098095572647], [-76.62194421851765, 43.93612335736193], [-76.61748111665062, 43.93097355663697]], [[-76.58875900691939, 43.92608245698099], [-76.59097240781522, 43.92826655727521], [-76.5822857052074, 43.93094425811654], [-76.5846164057416, 43.928174857526884], [-76.58875900691939, 43.92608245698099]], [[-77.54205251376672, 43.89938451133322], [-77.5431136141153, 43.89945091129856], [-77.53982741310344, 43.900055211548846], [-77.54205251376672, 43.89938451133322]], [[-77.51468960670873, 43.92079671630799], [-77.51028100511125, 43.91874181613779], [-77.51353250589202, 43.915501115423865], [-77.5318144116533, 43.9137020143079], [-77.51468960670873, 43.92079671630799]], [[-77.2951084379727, 43.94875593079635], [-77.29792303866581, 43.94612453020972], [-77.3099407421414, 43.94111022880325], [-77.30939254223097, 43.94432652939499], [-77.2951084379727, 43.94875593079635]], [[-77.2556948246396, 43.94192443129664], [-77.25433872428684, 43.94296863153976], [-77.25325482390917, 43.94264793153004], [-77.2556948246396, 43.94192443129664]], [[-77.59640554129138, 44.01787812983432], [-77.59655074116117, 44.015777029458405], [-77.60064424241622, 44.01495442913393], [-77.60070114254462, 44.01625882936091], [-77.59640554129138, 44.01787812983432]], [[-77.6003500420666, 44.01193622861589], [-77.60082614208007, 44.01026862830161], [-77.60185844240823, 44.0102003282443], [-77.6003500420666, 44.01193622861589]], [[-77.58629243831933, 44.02143863090463], [-77.58579093805557, 44.02023463071483], [-77.58664263840998, 44.02116963084193], [-77.58629243831933, 44.02143863090463]]]}}, {"type": "Feature", "properties": {"id": "on-sunday-23001", "name": "Township of Puslinch", "listed_as": "Puslinch, Township of", "geographic_area": "Wellington", "jurisdiction": "municipality", "sunday_gun": true, "basis": "reg663_part7"}, "geometry": {"type": "Polygon", "coordinates": [[[-80.0339, 43.4707], [-80.1697, 43.5677], [-80.1887, 43.5537], [-80.1857, 43.5503], [-80.2034, 43.5372], [-80.1535, 43.5005], [-80.1892, 43.4738], [-80.2013, 43.4826], [-80.2269, 43.4784], [-80.2334, 43.4961], [-80.2436, 43.4946], [-80.2463, 43.5005], [-80.2535, 43.4998], [-80.2544, 43.5046], [-80.3028, 43.4687], [-80.2694, 43.387], [-80.0786, 43.4181], [-80.0838, 43.4351], [-80.0339, 43.4707]]]}}, {"type": "Feature", "properties": {"id": "on-sunday-12010", "name": "City of Quinte West", "listed_as": "Quinte West, City of", "geographic_area": "Hastings", "jurisdiction": "municipality", "sunday_gun": true, "basis": "reg663_part7"}, "geometry": {"type": "MultiPolygon", "coordinates": [[[[-77.4119, 44.1891], [-77.473, 44.3145], [-77.5408, 44.2978], [-77.5373, 44.2904], [-77.5637, 44.2838], [-77.5674, 44.2913], [-77.6508, 44.2711], [-77.639, 44.2476], [-77.6483, 44.2507], [-77.6532, 44.2561], [-77.6729, 44.2576], [-77.6831, 44.2631], [-77.6955, 44.254], [-77.7007, 44.2547], [-77.6973, 44.2571], [-77.7093, 44.2573], [-77.7156, 44.248], [-77.7159, 44.2416], [-77.7261, 44.242], [-77.7207, 44.2486], [-77.7374, 44.2352], [-77.7532, 44.233], [-77.6849, 44.0922], [-77.6888, 44.0913], [-77.6642, 44.0381], [-77.5817, 44.0613], [-77.5878, 44.0596], [-77.6026, 44.0659], [-77.5759, 44.0862], [-77.5753, 44.0961], [-77.5694, 44.1017], [-77.5665, 44.1002], [-77.5683, 44.099], [-77.5596, 44.0986], [-77.5555, 44.1027], [-77.5471, 44.1014], [-77.5475, 44.1036], [-77.5381, 44.105], [-77.5268, 44.1004], [-77.5241, 44.1037], [-77.5296, 44.1017], [-77.529, 44.1057], [-77.5191, 44.1081], [-77.5077, 44.1172], [-77.4721, 44.1209], [-77.4737, 44.1224], [-77.4388, 44.1323], [-77.4279, 44.1368], [-77.4288, 44.1386], [-77.4263, 44.1372], [-77.4473, 44.1802], [-77.4119, 44.1891]]], [[[-77.5858, 44.0582], [-77.5909, 44.0549], [-77.5873, 44.0586], [-77.5814, 44.0608], [-77.6608, 44.0367], [-77.6539, 44.0217], [-77.6371, 44.0203], [-77.6244, 44.0274], [-77.6268, 44.0334], [-77.6148, 44.0313], [-77.6029, 44.0373], [-77.5955, 44.0351], [-77.5804, 44.0503], [-77.5789, 44.0562], [-77.5858, 44.0582]]]]}}, {"type": "Feature", "properties": {"id": "on-sunday-43050", "name": "Township of Ramara", "listed_as": "Ramara, Township of", "geographic_area": "Simcoe", "jurisdiction": "municipality", "sunday_gun": true, "basis": "reg663_part7"}, "geometry": {"type": "Polygon", "coordinates": [[[-79.0818037647414, 44.51567054890423], [-79.2059879306427, 44.79466609072577], [-79.29694355814897, 44.774879183037285], [-79.3110786605942, 44.75231797852559], [-79.31817306306401, 44.75425347851741], [-79.32378076414129, 44.74644997692232], [-79.31894516388051, 44.76030557951065], [-79.32553816572839, 44.757332578690814], [-79.33823566821283, 44.740152575162135], [-79.33451676667148, 44.73650217471771], [-79.33837026694908, 44.726200772780096], [-79.34197956816155, 44.726721272696935], [-79.3402532668482, 44.71863897140246], [-79.34553296742428, 44.706607469101385], [-79.34156246583663, 44.70331796872974], [-79.35063226861332, 44.701748068030675], [-79.35443386937213, 44.69676146699992], [-79.3592606694469, 44.68092346407021], [-79.36574767128083, 44.67818066329386], [-79.36616547103318, 44.67409066257656], [-79.36265176967011, 44.67161856232207], [-79.35820396871964, 44.67678516341478], [-79.35064776598958, 44.673624463235136], [-79.35303866561502, 44.66136156102951], [-79.3493869635913, 44.652280459653426], [-79.35985126655447, 44.64790775840976], [-79.34982376351549, 44.64995875923644], [-79.35085226343425, 44.64553415843228], [-79.35828256567707, 44.643917557803235], [-79.35348926352661, 44.63741235692045], [-79.35520556340897, 44.63021715561026], [-79.36297426548443, 44.62563835445922], [-79.36083286462255, 44.623789054245115], [-79.36437796537739, 44.61963595336733], [-79.35919636342015, 44.61653675308402], [-79.36474986480692, 44.612223052083245], [-79.36150546344616, 44.60882775165725], [-79.36570736474023, 44.608194651349486], [-79.36124226327307, 44.607878651507555], [-79.36941026564585, 44.60511475064733], [-79.36602406446059, 44.60409405063371], [-79.36876296532765, 44.603935250476496], [-79.3660864638133, 44.59691994940465], [-79.37195556474613, 44.586632947367406], [-79.35972146056388, 44.58400894749948], [-79.35790715973144, 44.58133614712848], [-79.36051766035366, 44.57898794660306], [-79.3614452605423, 44.57780394635651], [-79.35234055810095, 44.5830746476899], [-79.34120925429828, 44.58071684781468], [-79.33708075332878, 44.58459094867301], [-79.33929295430313, 44.587413549050815], [-79.32437885002396, 44.59304755072149], [-79.31758854763248, 44.59084115066601], [-79.31407914608066, 44.586297050055165], [-79.31872124735298, 44.583898749424925], [-79.31254904540457, 44.584320949789635], [-79.31281474496193, 44.57862624880285], [-79.31497094544628, 44.576362348313374], [-79.32109974780134, 44.5804768487269], [-79.32566294917912, 44.579490448341915], [-79.32240274795959, 44.577660148183305], [-79.32472814864303, 44.576956247952666], [-79.32286684774976, 44.573786947498675], [-79.32346844791256, 44.57345354741308], [-79.32597304925348, 44.579216048280266], [-79.33576085133814, 44.56771894584934], [-79.33212895006214, 44.56656754582441], [-79.33333785016492, 44.56347914523865], [-79.32127464680758, 44.569154446781425], [-79.30817384199611, 44.56274904630561], [-79.28940003642384, 44.56785274806786], [-79.2773760321476, 44.56348574788913], [-79.27808153193926, 44.55877904704992], [-79.28533733426659, 44.55868114668996], [-79.29632533717901, 44.55192264501289], [-79.28226103265467, 44.551964045685246], [-79.25841712614114, 44.56455764896904], [-79.25060872312332, 44.55911774840653], [-79.24368112117017, 44.56212624924898], [-79.23402641785701, 44.55992464932794], [-79.21974631249789, 44.551699548593014], [-79.22223931291816, 44.54755214776475], [-79.21625521126948, 44.55057384856488], [-79.2187204122233, 44.55230484874514], [-79.20655060836367, 44.55296054943161], [-79.2016966057661, 44.54174774773891], [-79.20789650762934, 44.5402967471979], [-79.20506290687193, 44.54198084762015], [-79.20879830808465, 44.54208454746179], [-79.21542031097529, 44.5502996485573], [-79.21669431137838, 44.55022054848359], [-79.22181501277092, 44.54743754776516], [-79.21645231111899, 44.548254148158115], [-79.21048390855526, 44.541300647247965], [-79.21024130788177, 44.53484184615225], [-79.20189450455936, 44.52795874536562], [-79.1983209017552, 44.509995842452994], [-79.20248690286505, 44.50747794182472], [-79.20016730194494, 44.50559504161089], [-79.20055380089642, 44.4928354394029], [-79.19414069772427, 44.48077873763479], [-79.19411919715677, 44.47467183658707], [-79.18313609369373, 44.47546333723969], [-79.16437948725033, 44.47104943736329], [-79.15658498525882, 44.47670163870066], [-79.15985488658764, 44.47971103906393], [-79.15653118572992, 44.48202873961824], [-79.160142387336, 44.48686154027847], [-79.15387208557884, 44.48971814106382], [-79.15475248661991, 44.497973742439925], [-79.14819468474107, 44.500515943184645], [-79.14505968481407, 44.512310845356595], [-79.13573508184489, 44.512688245859756], [-79.1256919779056, 44.50501654501477], [-79.10135657062382, 44.511107147203184], [-79.09307406843841, 44.51638024849721], [-79.0818037647414, 44.51567054890423]], [[-79.31446436082578, 44.74313347680099], [-79.32349236334387, 44.73893167565605], [-79.32496066397717, 44.740637175876586], [-79.3191458622311, 44.74201687638816], [-79.31446436082578, 44.74313347680099]], [[-79.33080566573283, 44.73925647536329], [-79.3238596634541, 44.738843775623586], [-79.33173966581886, 44.7369602749279], [-79.33080566573283, 44.73925647536329]], [[-79.30699755779106, 44.73644287601688], [-79.29986665564424, 44.738079176634635], [-79.29494055297768, 44.72655917490657], [-79.30221245517008, 44.72492417428244], [-79.30699755779106, 44.73644287601688]], [[-79.29486905293838, 44.72638527488035], [-79.28769315075468, 44.72778347545953], [-79.28267664808186, 44.716495673774425], [-79.29713885242859, 44.71310017250876], [-79.29777505308115, 44.71788777329447], [-79.29160115117374, 44.718782773740266], [-79.29486905293838, 44.72638527488035]], [[-79.33102346579808, 44.73920367534396], [-79.3342956665862, 44.73635257470279], [-79.33411966669568, 44.738126975013266], [-79.33102346579808, 44.73920367534396]], [[-79.31980905963476, 44.71199057124225], [-79.31984785945058, 44.70988727088195], [-79.33843776507217, 44.70591406932082], [-79.33804346514862, 44.708089869710314], [-79.31980905963476, 44.71199057124225]], [[-79.3239087601258, 44.703105169533046], [-79.31132365668927, 44.709749271263625], [-79.30635665401293, 44.69824366953845], [-79.31419715648106, 44.697605669057126], [-79.31647055769736, 44.7027796698311], [-79.32210135930505, 44.70055796918474], [-79.3239087601258, 44.703105169533046]], [[-79.30860575528062, 44.70405257042186], [-79.30148205314164, 44.70574227104834], [-79.29901385180949, 44.69999987018666], [-79.30611585394064, 44.69830116955968], [-79.30860575528062, 44.70405257042186]], [[-79.30628035397224, 44.69807116951266], [-79.30117715127717, 44.68682446783721], [-79.30702015303852, 44.685514667336335], [-79.3107993543807, 44.68684266738332], [-79.31228585578398, 44.69673986900036], [-79.30628035397224, 44.69807116951266]], [[-79.30167565140974, 44.68652316776217], [-79.29983605027373, 44.680702166856584], [-79.30788345324093, 44.68470176715672], [-79.30704515302837, 44.685319667301926], [-79.30167565140974, 44.68652316776217]], [[-79.3056825521849, 44.68098716662762], [-79.29863764979734, 44.6797367667488], [-79.29666254874053, 44.67523066607377], [-79.30412435099475, 44.673611265443284], [-79.3056825521849, 44.68098716662762]], [[-79.34215556301324, 44.67105606320074], [-79.34961636526054, 44.66937666255957], [-79.34940636560597, 44.673800563324164], [-79.34198296337077, 44.67548126396376], [-79.34215556301324, 44.67105606320074]], [[-79.35453446883466, 44.690667365956315], [-79.35477206921935, 44.69396196650662], [-79.34260646554294, 44.696578267531336], [-79.34720426671278, 44.69324016674361], [-79.34882916704676, 44.69121096632043], [-79.35453446883466, 44.690667365956315]], [[-79.34795866685039, 44.692111266515326], [-79.34233186545113, 44.69654316753844], [-79.34095686503542, 44.696837067653966], [-79.34102646467078, 44.69269686694483], [-79.34795866685039, 44.692111266515326]], [[-79.33833866523783, 44.70802646968549], [-79.34048956569255, 44.7054751691484], [-79.34051156589199, 44.70753126949773], [-79.33833866523783, 44.70802646968549]], [[-79.3326985591728, 44.662557162200166], [-79.32601105730242, 44.66560906303857], [-79.32243585533877, 44.656904961722965], [-79.33582435937282, 44.6539014605745], [-79.33750915983553, 44.65304236034781], [-79.3326985591728, 44.662557162200166]], [[-79.3376339598491, 44.65275626029307], [-79.33572695932531, 44.6537286605496], [-79.33076195667815, 44.642488058866554], [-79.3376339598491, 44.65275626029307]], [[-79.34341766118993, 44.64715115906154], [-79.35036556328733, 44.6456399584735], [-79.35048696332399, 44.64561365846322], [-79.34954966343277, 44.65001875925967], [-79.34318996152463, 44.65152785981946], [-79.34341766118993, 44.64715115906154]], [[-79.34931706339215, 44.650386959333595], [-79.34957936426822, 44.6588723607692], [-79.34272086219885, 44.66037746135202], [-79.34317836153868, 44.65171905985266], [-79.34931706339215, 44.650386959333595]], [[-79.34292126146104, 44.65177485987438], [-79.34246406212085, 44.66042836137289], [-79.33301165926568, 44.66247116217062], [-79.33849396012421, 44.652735360248656], [-79.34292126146104, 44.65177485987438]], [[-79.33786565991684, 44.652682460269475], [-79.33560005882715, 44.648823159718354], [-79.34316096111232, 44.64720595908314], [-79.34293346144716, 44.65158365984115], [-79.33786565991684, 44.652682460269475]]]}}, {"type": "Feature", "properties": {"id": "on-sunday-47096", "name": "Town of Deep River", "listed_as": "Renfrew, County of", "geographic_area": "Renfrew", "jurisdiction": "upper_tier", "sunday_gun": true, "basis": "reg663_part7"}, "geometry": {"type": "Polygon", "coordinates": [[[-77.439, 46.0876], [-77.439, 46.0878], [-77.4392, 46.0878], [-77.439, 46.0876]]]}}, {"type": "Feature", "properties": {"id": "on-sunday-47046", "name": "Township of Horton", "listed_as": "Renfrew, County of", "geographic_area": "Renfrew", "jurisdiction": "upper_tier", "sunday_gun": true, "basis": "reg663_part7"}, "geometry": {"type": "Polygon", "coordinates": [[[-76.62733725645067, 45.54191673537517], [-76.62810875651742, 45.539799434983095], [-76.6171795525398, 45.53567013476384], [-76.62103215416111, 45.53959403525883], [-76.62733725645067, 45.54191673537517]]]}}, {"type": "Feature", "properties": {"id": "on-sunday-47098", "name": "Township of Head, Clara and Maria", "listed_as": "Renfrew, County of", "geographic_area": "Renfrew", "jurisdiction": "upper_tier", "sunday_gun": true, "basis": "reg663_part7"}, "geometry": {"type": "Polygon", "coordinates": [[[-77.73772358383107, 46.193456793957324], [-77.78956940127921, 46.19661869206362], [-77.82799831485198, 46.20559689174824], [-77.86326922687886, 46.209398490725484], [-77.88090083339141, 46.216457191061394], [-77.92681414930811, 46.22410579016774], [-77.99105767283403, 46.24767439102137], [-78.00765557839391, 46.24845269036832], [-78.04268958938675, 46.24252448774585], [-78.05592649389224, 46.24389028734616], [-78.11658031597422, 46.2648024879123], [-78.13151892183116, 46.274198088745486], [-78.170222734819, 46.276311387259256], [-78.2160675493085, 46.269780584015955], [-78.25130026150033, 46.27549498327845], [-78.26049366438133, 46.273950082588605], [-78.30186027605531, 46.25399917735465], [-78.31212177934678, 46.253060776712594], [-78.35275599457405, 46.27150107779449], [-78.37936720499566, 46.288075979235096], [-78.40536471417803, 46.2942001789937], [-78.40299211310997, 46.291328978637885], [-78.3801564051337, 46.28684627899634], [-78.34360389053803, 46.26123337655077], [-78.31762688129899, 46.25444227667673], [-78.32031248212505, 46.25383977645017], [-78.31360667951844, 46.24984577611542], [-78.2751759673351, 46.25482367875894], [-78.27644246825915, 46.25994687953772], [-78.27179576744834, 46.26725248095484], [-78.2536747619745, 46.27236408265304], [-78.24215385823076, 46.27295178329669], [-78.20165404411276, 46.265333983971395], [-78.1963745429919, 46.27164028525466], [-78.18686823989702, 46.272078185777104], [-78.18099323752305, 46.26766848533324], [-78.18263383856285, 46.27272368608356], [-78.18009333779146, 46.273406686315795], [-78.16565823299787, 46.27312328695333], [-78.16405613228233, 46.271228086718786], [-78.1683207337744, 46.272082086656674], [-78.17145663460191, 46.26997328616266], [-78.1612102311823, 46.269598986586686], [-78.13933622427756, 46.272825788150776], [-78.12426011861226, 46.26584068771933], [-78.13440772199154, 46.26613078728698], [-78.08300770347317, 46.25039458713581], [-78.0776058012144, 46.24555048659614], [-78.07711740023223, 46.2371728852447], [-78.06833599610346, 46.22461798359827], [-78.04649218970387, 46.23293078599223], [-78.02846328344944, 46.2298594863371], [-78.03104968459273, 46.232816186700695], [-78.02540338301647, 46.23576858745119], [-78.02129148245395, 46.24390598898035], [-78.01078547851054, 46.23906858868084], [-77.99293317324278, 46.24551529057884], [-77.98699347084016, 46.24100859011839], [-77.98109386896573, 46.241774490521436], [-77.96774936378867, 46.23390458985627], [-77.94284635477933, 46.22589008970894], [-77.93021384927478, 46.212218988054836], [-77.92358294709697, 46.212353088387715], [-77.91555234500531, 46.21812978971361], [-77.89898993954777, 46.21829069051591], [-77.88774453544018, 46.214264190380504], [-77.87327362879809, 46.19509788790534], [-77.85917982354967, 46.18899798756048], [-77.85066182094643, 46.19118198831788], [-77.84223421917723, 46.2016704904374], [-77.82797181447981, 46.20184449113212], [-77.81396000901408, 46.19322599036775], [-77.81616950928988, 46.18852698949117], [-77.81339150860806, 46.1909716900232], [-77.8019813043824, 46.18627478978212], [-77.79651440166576, 46.176859488486535], [-77.79084439970246, 46.17593558859855], [-77.77405829475977, 46.18221299041444], [-77.76791439230188, 46.177789589971944], [-77.77075359413895, 46.18709939137303], [-77.76342559140505, 46.183874691183206], [-77.7627565915919, 46.188102991910675], [-77.7538313889735, 46.19154979289375], [-77.74456388553037, 46.187623492678426], [-77.74026928410028, 46.187519892861154], [-77.74230688483013, 46.188100892862025], [-77.73605888298559, 46.19039809353104], [-77.73772358383107, 46.193456793957324]], [[-78.03091208540528, 46.24158988814723], [-78.03137008564052, 46.242448488266604], [-78.03001188519116, 46.24244068832929], [-78.03091208540528, 46.24158988814723]], [[-78.07057139865927, 46.243181386539305], [-78.06095009534029, 46.24173528675574], [-78.05322149234723, 46.23723358638134], [-78.05776889354954, 46.23417428566492], [-78.06508549618674, 46.23643328569079], [-78.06682529656916, 46.234471485286804], [-78.07208969882684, 46.239774385908746], [-78.07057139865927, 46.243181386539305]], [[-78.16219433184895, 46.27306958710863], [-78.16021063124175, 46.2735540872819], [-78.15996663111422, 46.27307708721532], [-78.16219433184895, 46.27306958710863]], [[-78.27932626956009, 46.26348337997965], [-78.28167646979877, 46.25805487897901], [-78.28856617202092, 46.25754397856762], [-78.28826847210185, 46.25935607887856], [-78.28619327128153, 46.25798247875232], [-78.27932626956009, 46.26348337997965]], [[-78.27828876859867, 46.25721957900334], [-78.28106606940587, 46.256117078690714], [-78.27829656877391, 46.25896657928901], [-78.27828876859867, 46.25721957900334]], [[-78.28883297198401, 46.25628077834809], [-78.28803967155152, 46.254552878102885], [-78.28906967184756, 46.254110477981435], [-78.28883297198401, 46.25628077834809]], [[-78.16361343221314, 46.272009886867785], [-78.16108043140756, 46.27232188703886], [-78.16042433112302, 46.271632486956996], [-78.16361343221314, 46.272009886867785]]]}}, {"type": "Feature", "properties": {"id": "on-sunday-47050", "name": "Township of Whitewater Region", "listed_as": "Renfrew, County of", "geographic_area": "Renfrew", "jurisdiction": "upper_tier", "sunday_gun": true, "basis": "reg663_part7"}, "geometry": {"type": "MultiPolygon", "coordinates": [[[[-76.77556912541078, 45.764251866305344], [-76.77991452675671, 45.763235565941905], [-76.7862677278017, 45.751561563699774], [-76.77392642357692, 45.74999876398476], [-76.77016972254765, 45.75236106454813], [-76.76900082245817, 45.75564646515171], [-76.7755504244191, 45.753366664478364], [-76.77331272400768, 45.75700186518811], [-76.7780929255444, 45.75650476489259], [-76.77230232405691, 45.76123886594438], [-76.77556912541078, 45.764251866305344]]], [[[-76.6778338781681, 45.59837964269831], [-76.67978377877704, 45.59798204254534], [-76.67782317809386, 45.59758764256507], [-76.6778338781681, 45.59837964269831]]], [[[-76.67466597742678, 45.60180154341552], [-76.67881887887118, 45.60260464336823], [-76.67399367680345, 45.59731074268688], [-76.67466597742678, 45.60180154341552]]], [[[-76.67393807935359, 45.62604344753862], [-76.67612387974474, 45.62233884681736], [-76.67263907833565, 45.61946464648588], [-76.67138127818792, 45.622462447047084], [-76.67393807935359, 45.62604344753862]]], [[[-76.70776619223768, 45.64502124924752], [-76.7092067927992, 45.6459718493442], [-76.7097544929303, 45.64541444922608], [-76.70776619223768, 45.64502124924752]]], [[[-76.7183284966736, 45.65553805055377], [-76.71883829679378, 45.65499935044049], [-76.71697839610698, 45.6541991503878], [-76.7183284966736, 45.65553805055377]]], [[[-76.69516719155283, 45.6838055563377], [-76.69148079017825, 45.68207795620953], [-76.70018509320344, 45.683703756099064], [-76.69017358960046, 45.68045905599456], [-76.69123229019745, 45.68320675641058], [-76.69516719155283, 45.6838055563377]]], [[[-76.7641848186675, 45.73134696128286], [-76.76877612012143, 45.730627960958564], [-76.7677763196514, 45.729086360743786], [-76.7641848186675, 45.73134696128286]]], [[[-76.77013652097061, 45.735044061640416], [-76.76878862063961, 45.73631606191388], [-76.76919962081169, 45.736714861962696], [-76.77013652097061, 45.735044061640416]]], [[[-76.77223602222783, 45.74126716259296], [-76.77116572186466, 45.74116686262353], [-76.77117582200717, 45.74270576288165], [-76.77223602222783, 45.74126716259296]]], [[[-76.76771362132887, 45.74787186390297], [-76.77045132219502, 45.747433563707986], [-76.77041532185997, 45.74386056310936], [-76.76878302139467, 45.74468706332059], [-76.76771362132887, 45.74787186390297]]], [[[-76.77276152276482, 45.745282363244165], [-76.77076812221391, 45.746483463534325], [-76.77071372233445, 45.74801446379392], [-76.77276152276482, 45.745282363244165]]], [[[-76.7740308233222, 45.74680166344315], [-76.7730705231622, 45.74854486377852], [-76.7747893236096, 45.74720406347709], [-76.7740308233222, 45.74680166344315]]], [[[-76.781479826094, 45.75019626368291], [-76.78450102702008, 45.749383963412456], [-76.78278222635282, 45.74829466330577], [-76.781479826094, 45.75019626368291]]], [[[-76.7842860268857, 45.74868536330462], [-76.78756292807441, 45.7498401633532], [-76.78870272822095, 45.747293162874854], [-76.7842860268857, 45.74868536330462]]], [[[-76.78748252825734, 45.75215466374547], [-76.78884022883832, 45.75360956392955], [-76.78957622890795, 45.7516897635745], [-76.78748252825734, 45.75215466374547]]], [[[-76.77502122504572, 45.76222276598895], [-76.77399292481687, 45.76345356624124], [-76.77517382516444, 45.76297636610871], [-76.77502122504572, 45.76222276598895]]], [[[-76.78315162811033, 45.76635336632165], [-76.78506372865802, 45.76541446607921], [-76.78372202801941, 45.763266165778106], [-76.78315162811033, 45.76635336632165]]], [[[-76.77871052651892, 45.76500946629313], [-76.77721742609464, 45.76577966648866], [-76.77855632665157, 45.76703706664036], [-76.77871052651892, 45.76500946629313]]], [[[-76.7797478269961, 45.766487566495236], [-76.7818245277375, 45.767085166503385], [-76.77986142691776, 45.76520766627534], [-76.78270712764999, 45.76289506576085], [-76.77990282682947, 45.764081866084496], [-76.7797478269961, 45.766487566495236]]], [[[-76.78719282953199, 45.767284266298574], [-76.78982023004416, 45.763341865520104], [-76.79010963001227, 45.761933165270825], [-76.78931492990297, 45.763628965590776], [-76.78735742939338, 45.76515346593355], [-76.78631892880331, 45.76243356552305], [-76.78799652926553, 45.76140836527651], [-76.79105622965635, 45.75454666398862], [-76.79007532928513, 45.75403116394556], [-76.78598182824545, 45.75750656471077], [-76.78550082865608, 45.763796565788184], [-76.78719282953199, 45.767284266298574]]], [[[-76.77664112609389, 45.76787696686631], [-76.77809562657889, 45.767917166808516], [-76.7764405259691, 45.76723196676697], [-76.77664112609389, 45.76787696686631]]], [[[-76.77743792708966, 45.775956368187096], [-76.77884162763223, 45.77681656826912], [-76.78128532789096, 45.77074776714214], [-76.77841942687559, 45.770009467145364], [-76.77798642718479, 45.775002668002664], [-76.77771652650938, 45.7685352669291], [-76.77685382662477, 45.77295946770999], [-76.77743792708966, 45.775956368187096]]], [[[-76.78020722801696, 45.77607516808409], [-76.78171162858615, 45.7768617681493], [-76.78212072849496, 45.77436206771166], [-76.78020722801696, 45.77607516808409]]], [[[-76.99719590012286, 45.77973465902481], [-76.99988630098399, 45.7794263588527], [-76.99744470005156, 45.77805595873239], [-76.99719590012286, 45.77973465902481]]], [[[-76.90634047504281, 45.834103672193876], [-76.90831117569688, 45.834124772109405], [-76.90641957486729, 45.83189717182098], [-76.90634047504281, 45.834103672193876]]], [[[-76.77835513335484, 45.8416026791522], [-76.77737333309496, 45.842319979315995], [-76.77830573345487, 45.84288157936858], [-76.77835513335484, 45.8416026791522]]], [[[-76.91083817747023, 45.84437037371121], [-76.91407827859688, 45.84496417366582], [-76.91172597755518, 45.8420871732895], [-76.91083817747023, 45.84437037371121]]], [[[-76.9067142757535, 45.84052377325177], [-76.92299228185959, 45.848378773838654], [-76.9214062810562, 45.84533627340052], [-76.92354398169448, 45.84458017317839], [-76.9157659787798, 45.840858572903365], [-76.91335497749331, 45.83551657211699], [-76.9067142757535, 45.84052377325177]]], [[[-76.90223867466838, 45.844855774176644], [-76.90227317504856, 45.848887674849784], [-76.90520337569043, 45.845301574118814], [-76.90223867466838, 45.844855774176644]]], [[[-76.76875663086652, 45.84919538085038], [-76.76666613019992, 45.84947968099086], [-76.77011463151673, 45.85139748115874], [-76.76875663086652, 45.84919538085038]]], [[[-76.77962353596232, 45.86562418311755], [-76.7822571365563, 45.86256778248889], [-76.77872153533265, 45.86199278254988], [-76.77962353596232, 45.86562418311755]]], [[[-76.91428498062632, 45.86638217723925], [-76.9134256804207, 45.86724277742159], [-76.91510958103657, 45.867880477452886], [-76.91428498062632, 45.86638217723925]]], [[[-76.91869178218884, 45.86751437723147], [-76.91572358122815, 45.86775317740419], [-76.91892938245437, 45.8695533775618], [-76.91869178218884, 45.86751437723147]]], [[[-76.91975568273244, 45.86960257753305], [-76.92108598314685, 45.86931917742616], [-76.91963768261932, 45.868794477403235], [-76.91975568273244, 45.86960257753305]]], [[[-76.78052423655224, 45.86882328361289], [-76.78197363708699, 45.86942188364857], [-76.78151633684344, 45.868411783499916], [-76.78052423655224, 45.86882328361289]]], [[[-76.78794953931511, 45.872145783838484], [-76.78927963925162, 45.86661658285412], [-76.78543273777268, 45.86437248264967], [-76.78250843720927, 45.86881948352399], [-76.78794953931511, 45.872145783838484]]], [[[-76.9194803828686, 45.87208237795996], [-76.92108448338234, 45.871893477856624], [-76.9188560825779, 45.87116587783466], [-76.9194803828686, 45.87208237795996]]], [[[-76.92529878628515, 45.88832968041526], [-76.9221850854399, 45.89035338089273], [-76.92635388676669, 45.88977008060869], [-76.92529878628515, 45.88832968041526]]]]}}, {"type": "Feature", "properties": {"id": "on-sunday-47077", "name": "Town of Petawawa", "listed_as": "Renfrew, County of", "geographic_area": "Renfrew", "jurisdiction": "upper_tier", "sunday_gun": true, "basis": "reg663_part7"}, "geometry": {"type": "MultiPolygon", "coordinates": [[[[-77.30446962001855, 45.977438378152215], [-77.30863562112548, 45.9745461774817], [-77.30802852077916, 45.97299217725099], [-77.30484851983383, 45.97412747758449], [-77.30446962001855, 45.977438378152215]]], [[[-77.2178057822265, 45.87939846575826], [-77.21615628156154, 45.878107365617474], [-77.21700528195834, 45.87935996578804], [-77.2178057822265, 45.87939846575826]]], [[[-77.21316228077187, 45.88026266611257], [-77.21550968152263, 45.87999206596119], [-77.21375818082579, 45.878720765828334], [-77.21316228077187, 45.88026266611257]]], [[[-77.21881598284259, 45.88243916621978], [-77.22071738363722, 45.88422926643233], [-77.21963328309538, 45.882252266151596], [-77.21881598284259, 45.88243916621978]]], [[[-77.23364098897663, 45.89572326776394], [-77.232828688887, 45.89764736812154], [-77.23444798920177, 45.895275467652695], [-77.23364098897663, 45.89572326776394]]], [[[-77.22955528783676, 45.89799026832697], [-77.22882378769243, 45.89903966853509], [-77.23055518824413, 45.89881676841953], [-77.22955528783676, 45.89799026832697]]], [[[-77.23326609025428, 45.91079797029384], [-77.23779349187431, 45.91212237030939], [-77.23831769200729, 45.911689070213406], [-77.23388149036033, 45.90975067009142], [-77.23326609025428, 45.91079797029384]]], [[[-77.24209289333811, 45.912578170190415], [-77.2440979940158, 45.91273687012591], [-77.24173559313945, 45.91171217006226], [-77.24209289333811, 45.912578170190415]]], [[[-77.2589529989279, 45.91274996945429], [-77.25699469825479, 45.9124736694971], [-77.25866159890246, 45.913511769594464], [-77.2589529989279, 45.91274996945429]]], [[[-77.24428899410285, 45.91299407016014], [-77.24741539544748, 45.916334970575015], [-77.24714629503556, 45.912865870009185], [-77.24428899410285, 45.91299407016014]]], [[[-77.24750219549776, 45.916567170609795], [-77.24680009537171, 45.91770607083139], [-77.24872399589444, 45.91648927054138], [-77.24750219549776, 45.916567170609795]]], [[[-77.260313399806, 45.91734947015889], [-77.26054830003828, 45.91900987042489], [-77.26116510011867, 45.91768367017591], [-77.260313399806, 45.91734947015889]]], [[[-77.23813129267815, 45.91955957153331], [-77.23999179333089, 45.919963971516346], [-77.23995959327593, 45.91948757143842], [-77.23813129267815, 45.91955957153331]]], [[[-77.24258659428465, 45.920993271570126], [-77.24160119412488, 45.92277667191196], [-77.24506239510205, 45.920980671455766], [-77.24258659428465, 45.920993271570126]]], [[[-77.24896069619099, 45.918833670921266], [-77.25523369869275, 45.92342647140175], [-77.25512179848737, 45.92161947110583], [-77.24896069619099, 45.918833670921266]]], [[[-77.24936109674093, 45.92331727165], [-77.24902209673928, 45.9245029718629], [-77.24934369687354, 45.92480267189826], [-77.2500968970751, 45.924292671779114], [-77.24936109674093, 45.92331727165]]], [[[-77.2474650963221, 45.925550772108046], [-77.24617819587299, 45.925297072124195], [-77.24674749615492, 45.926302872265886], [-77.2474650963221, 45.925550772108046]]], [[[-77.25440489867768, 45.92620617190239], [-77.25706679962839, 45.926963571907734], [-77.25435069856512, 45.92518987173555], [-77.25440489867768, 45.92620617190239]]], [[[-77.25870080039628, 45.929406372240386], [-77.26265250171403, 45.929526272081006], [-77.26427740204355, 45.92729797163612], [-77.26124350109302, 45.927862071867814], [-77.25870080039628, 45.929406372240386]]], [[[-77.2859429109857, 45.94636207382586], [-77.2863535114091, 45.94944117431961], [-77.28747321153845, 45.94686267383958], [-77.2859429109857, 45.94636207382586]]], [[[-77.27982770934668, 45.95046267478619], [-77.28332101069961, 45.952580074979785], [-77.28513551111206, 45.950572474563224], [-77.27982770934668, 45.95046267478619]]], [[[-77.2857503119795, 45.95767977571779], [-77.28620921223558, 45.95879577588261], [-77.28692901235021, 45.95747617563037], [-77.2857503119795, 45.95767977571779]]], [[[-77.28583761255847, 45.963564576692825], [-77.28748341323517, 45.96498077685352], [-77.28941881381523, 45.964338876658736], [-77.28583761255847, 45.963564576692825]]], [[[-77.28615011319572, 45.96927377762812], [-77.2888174141849, 45.970417577697056], [-77.2883290139695, 45.969842277623606], [-77.28615011319572, 45.96927377762812]]], [[[-77.2886267143916, 45.97330137818528], [-77.29079071524306, 45.97475217832806], [-77.28869721437016, 45.972823078102536], [-77.2886267143916, 45.97330137818528]]], [[[-77.2943974168858, 45.97955837896304], [-77.29297131645892, 45.9800370791075], [-77.29497931719747, 45.980831279148184], [-77.2943974168858, 45.97955837896304]]]]}}, {"type": "Feature", "properties": {"id": "on-sunday-47063", "name": "Township of Laurentian Valley", "listed_as": "Renfrew, County of", "geographic_area": "Renfrew", "jurisdiction": "upper_tier", "sunday_gun": true, "basis": "reg663_part7"}, "geometry": {"type": "MultiPolygon", "coordinates": [[[[-77.07727553113564, 45.82922126371645], [-77.08337683282906, 45.82570346285374], [-77.05491872129524, 45.80256266026033], [-77.05468172084974, 45.798561559601154], [-77.04385381632116, 45.78820685835314], [-77.03985091502615, 45.78851265858389], [-77.03851501433107, 45.78574615818043], [-77.03205491209427, 45.784637158284376], [-77.02168710893143, 45.78752145923234], [-77.0214683082397, 45.7807565581088], [-77.00801090398444, 45.782866159065186], [-77.0119298049729, 45.77951175832762], [-77.0103699042716, 45.777481858057314], [-76.99134849901041, 45.78870816079021], [-77.0169780091717, 45.80713546272812], [-77.02476781188564, 45.808644662631444], [-77.04288681776221, 45.80740516161106], [-77.05215492109812, 45.8103678616909], [-77.07727553113564, 45.82922126371645]], [[-77.03000591349783, 45.80734026217815], [-77.03176941374424, 45.80366996148458], [-77.03659761524999, 45.80268386110291], [-77.04159941724791, 45.80643806150698], [-77.03000591349783, 45.80734026217815]], [[-77.0285555128867, 45.805905262002966], [-77.02143491006719, 45.80082916147241], [-77.0190212086307, 45.7938599604135], [-77.01117940563063, 45.78940806001925], [-77.01975410861046, 45.79099385990066], [-77.02243230920787, 45.787850159254006], [-77.03493731311315, 45.785359758276186], [-77.03256801287655, 45.79132475938156], [-77.03510831415103, 45.79606786006194], [-77.03846991536733, 45.79721396010305], [-77.03775231523443, 45.798351960325796], [-77.03826761543861, 45.79872076036444], [-77.03930751580874, 45.79900826036592], [-77.03971511596507, 45.79924396038713], [-77.03985741601434, 45.799268460384845], [-77.04975971901376, 45.796282859440524], [-77.050293319688, 45.801709760325224], [-77.05626302188277, 45.8041223604611], [-77.04369721794127, 45.806436461412545], [-77.03691551508626, 45.79975296059792], [-77.0285555128867, 45.805905262002966]], [[-77.01012410629646, 45.80048856192237], [-77.01175090691333, 45.80135106199392], [-77.00960690618486, 45.80113686205413], [-77.01012410629646, 45.80048856192237]], [[-77.03878761562368, 45.79886446036518], [-77.0421669166634, 45.7980209600723], [-77.04006101607555, 45.79920186036452], [-77.03878761562368, 45.79886446036518]], [[-77.0370325152577, 45.80120006083497], [-77.03747291550735, 45.80233546100531], [-77.03600981503351, 45.80244236108884], [-77.0370325152577, 45.80120006083497]]], [[[-77.16036276139693, 45.85951146503527], [-77.17952326725417, 45.854365463310685], [-77.16714036266966, 45.84904716298154], [-77.1674920627337, 45.84848246287134], [-77.16776726262196, 45.84628986249264], [-77.16731556268483, 45.84858486289642], [-77.16689066257511, 45.84891696297106], [-77.15375375780283, 45.84425976278586], [-77.15193105672905, 45.83915556201515], [-77.13635775248756, 45.8489692643573], [-77.16036276139693, 45.85951146503527]], [[-77.15473265861942, 45.84959676363335], [-77.15462815870482, 45.850895063854914], [-77.15200945776813, 45.85012526384446], [-77.15473265861942, 45.84959676363335]]]]}}, {"type": "Feature", "properties": {"id": "on-sunday-47002", "name": "Town of Arnprior", "listed_as": "Renfrew, County of", "geographic_area": "Renfrew", "jurisdiction": "upper_tier", "sunday_gun": true, "basis": "reg663_part7"}, "geometry": {"type": "Polygon", "coordinates": [[[-76.3153, 45.4355], [-76.3229, 45.4349], [-76.3198, 45.4357], [-76.3225, 45.4387], [-76.3575, 45.4455], [-76.3845, 45.4284], [-76.3768, 45.4226], [-76.3873, 45.4208], [-76.3767, 45.4172], [-76.3864, 45.4111], [-76.3752, 45.4022], [-76.3659, 45.4023], [-76.3153, 45.4355]]]}}, {"type": "Feature", "properties": {"id": "on-sunday-47018", "name": "Township of Brudenell, Lyndoch and Raglan", "listed_as": "Renfrew, County of", "geographic_area": "Renfrew", "jurisdiction": "upper_tier", "sunday_gun": true, "basis": "reg663_part7"}, "geometry": {"type": "Polygon", "coordinates": [[[-77.2133, 45.2355], [-77.3613, 45.5095], [-77.5138, 45.4693], [-77.523, 45.4713], [-77.5295, 45.4529], [-77.5198, 45.4522], [-77.4678, 45.3568], [-77.6355, 45.3121], [-77.5447, 45.144], [-77.2133, 45.2355]]]}}, {"type": "Feature", "properties": {"id": "on-sunday-47007", "name": "Township of Greater Madawaska", "listed_as": "Renfrew, County of", "geographic_area": "Renfrew", "jurisdiction": "upper_tier", "sunday_gun": true, "basis": "reg663_part7"}, "geometry": {"type": "Polygon", "coordinates": [[[-76.5061, 45.3118], [-76.6629, 45.4361], [-76.8625, 45.308], [-76.9064, 45.3867], [-77.0803, 45.3391], [-77.1023, 45.3771], [-77.2644, 45.3325], [-77.1397, 45.0988], [-76.9695, 45.1445], [-76.9898, 45.1819], [-76.9797, 45.1822], [-76.9566, 45.2], [-76.9498, 45.1999], [-76.9386, 45.2089], [-76.936, 45.2087], [-76.9388, 45.2068], [-76.9313, 45.2101], [-76.9186, 45.2026], [-76.9167, 45.1942], [-76.9019, 45.1967], [-76.8935, 45.1922], [-76.8487, 45.2162], [-76.812, 45.2198], [-76.7693, 45.1449], [-76.5061, 45.3118]]]}}, {"type": "Feature", "properties": {"id": "on-sunday-47003", "name": "Township of Mcnab/Braeside", "listed_as": "Renfrew, County of", "geographic_area": "Renfrew", "jurisdiction": "upper_tier", "sunday_gun": true, "basis": "reg663_part7"}, "geometry": {"type": "Polygon", "coordinates": [[[-76.3575, 45.4455], [-76.3719, 45.4457], [-76.3646, 45.4478], [-76.3822, 45.4557], [-76.3763, 45.456], [-76.3811, 45.4608], [-76.4002, 45.4637], [-76.4342, 45.489], [-76.4591, 45.4989], [-76.4637, 45.4952], [-76.4797, 45.5006], [-76.495, 45.5012], [-76.5001, 45.5111], [-76.5063, 45.5105], [-76.6423, 45.4198], [-76.5038, 45.31], [-76.3659, 45.4023], [-76.3752, 45.4022], [-76.3864, 45.4111], [-76.3767, 45.4172], [-76.3873, 45.4208], [-76.3768, 45.4226], [-76.3845, 45.4284], [-76.3575, 45.4455]]]}}, {"type": "Feature", "properties": {"id": "on-sunday-47015", "name": "Township of Bonnechere Valley", "listed_as": "Renfrew, County of", "geographic_area": "Renfrew", "jurisdiction": "upper_tier", "sunday_gun": true, "basis": "reg663_part7"}, "geometry": {"type": "Polygon", "coordinates": [[[-77.2318, 45.574], [-77.2252, 45.571], [-77.2186, 45.5688], [-77.2059, 45.56], [-77.1939, 45.5612], [-77.1887, 45.5653], [-77.1675, 45.5566], [-77.1604, 45.5592], [-77.1456, 45.5449], [-77.1403, 45.5497], [-77.1287, 45.5485], [-77.1235, 45.5429], [-77.0935, 45.5497], [-77.0914, 45.5458], [-77.0856, 45.5455], [-77.0792, 45.5335], [-77.0861, 45.5322], [-77.0857, 45.53], [-77.0713, 45.5224], [-77.0582, 45.5243], [-77.0529, 45.5201], [-77.0352, 45.5187], [-77.0108, 45.5044], [-76.9944, 45.4997], [-76.9786, 45.4985], [-76.9713, 45.5023], [-76.9064, 45.3867], [-77.0803, 45.3391], [-77.1023, 45.3771], [-77.2644, 45.3325], [-77.3924, 45.5664], [-77.3322, 45.5643], [-77.2887, 45.5811], [-77.2739, 45.5772], [-77.25247039748955, 45.57671157601116], [-77.2648, 45.575], [-77.2532, 45.5514], [-77.2295, 45.5579], [-77.2397, 45.5756], [-77.2488977516607, 45.576630148186], [-77.2388, 45.5764], [-77.2318, 45.574]], [[-77.2721, 45.5646], [-77.2677, 45.5573], [-77.261, 45.5644], [-77.2635, 45.5686], [-77.2721, 45.5646]], [[-77.2664, 45.5576], [-77.2583, 45.5597], [-77.2609, 45.5641], [-77.2664, 45.5576]], [[-77.2103, 45.563], [-77.2289, 45.5697], [-77.2395, 45.5761], [-77.2293, 45.558], [-77.2103, 45.563]]]}}, {"type": "Feature", "properties": {"id": "on-sunday-47091", "name": "Town of Laurentian Hills", "listed_as": "Renfrew, County of", "geographic_area": "Renfrew", "jurisdiction": "upper_tier", "sunday_gun": true, "basis": "reg663_part7"}, "geometry": {"type": "MultiPolygon", "coordinates": [[[[-77.29051421654505, 45.989635880814795], [-77.29266001708477, 45.98781988041538], [-77.28914231558556, 45.98423617997974], [-77.28884431566115, 45.9860961803025], [-77.29051421654505, 45.989635880814795]]], [[[-77.29749131798673, 45.98038727896003], [-77.29858041832802, 45.9801852788769], [-77.29732721791575, 45.98020897893786], [-77.29749131798673, 45.98038727896003]]], [[[-77.30030901898415, 45.98108637894802], [-77.3003781191628, 45.982750279221456], [-77.30104431942996, 45.98324987927418], [-77.30030901898415, 45.98108637894802]]], [[[-77.29669381854721, 45.98918788045917], [-77.29950751950463, 45.98947328037849], [-77.29617771823156, 45.98764108022554], [-77.29669381854721, 45.98918788045917]]], [[[-77.27904321474067, 46.01088188486687], [-77.28006011527525, 46.01299468517154], [-77.28125571568722, 46.01316898514603], [-77.28054101529342, 46.011491084899866], [-77.27904321474067, 46.01088188486687]]]]}}, {"type": "Feature", "properties": {"id": "on-sunday-47048", "name": "Town of Renfrew", "listed_as": "Renfrew, County of", "geographic_area": "Renfrew", "jurisdiction": "upper_tier", "sunday_gun": true, "basis": "reg663_part7"}, "geometry": {"type": "Polygon", "coordinates": [[[-76.6842, 45.4514], [-76.656, 45.4699], [-76.6545, 45.4672], [-76.642, 45.4753], [-76.6467, 45.4759], [-76.633, 45.4773], [-76.6451, 45.4821], [-76.6488, 45.4806], [-76.6563, 45.4864], [-76.6662, 45.4865], [-76.6724, 45.4814], [-76.6879, 45.4938], [-76.7153, 45.4762], [-76.6842, 45.4514]]]}}, {"type": "Feature", "properties": {"id": "on-sunday-47041", "name": "Township of Admaston/Bromley", "listed_as": "Renfrew, County of", "geographic_area": "Renfrew", "jurisdiction": "upper_tier", "sunday_gun": true, "basis": "reg663_part7"}, "geometry": {"type": "Polygon", "coordinates": [[[-76.7797, 45.5281], [-76.9731, 45.6876], [-77.0473, 45.6396], [-76.8625, 45.308], [-76.6629, 45.4361], [-76.7797, 45.5281]]]}}, {"type": "Feature", "properties": {"id": "on-sunday-47068", "name": "Township of North Algona Wilberforce", "listed_as": "Renfrew, County of", "geographic_area": "Renfrew", "jurisdiction": "upper_tier", "sunday_gun": true, "basis": "reg663_part7"}, "geometry": {"type": "Polygon", "coordinates": [[[-76.9713, 45.5023], [-77.0934, 45.7185], [-77.3958, 45.6379], [-77.4252, 45.6917], [-77.4545, 45.6835], [-77.3924, 45.5664], [-77.3322, 45.5643], [-77.2887, 45.5811], [-77.2739, 45.5772], [-77.2388, 45.5764], [-77.2186, 45.5688], [-77.2059, 45.56], [-77.1939, 45.5612], [-77.1887, 45.5653], [-77.1675, 45.5566], [-77.1604, 45.5592], [-77.1456, 45.5449], [-77.1403, 45.5497], [-77.1287, 45.5485], [-77.1235, 45.5429], [-77.0935, 45.5497], [-77.0914, 45.5458], [-77.0856, 45.5455], [-77.0792, 45.5335], [-77.0861, 45.5322], [-77.0857, 45.53], [-77.0713, 45.5224], [-77.0582, 45.5243], [-77.0529, 45.5201], [-77.0277, 45.516], [-77.0108, 45.5044], [-76.9878, 45.4985], [-76.9748, 45.4995], [-76.9713, 45.5023]]]}}, {"type": "Feature", "properties": {"id": "on-sunday-47030", "name": "Township of Killaloe, Hagarty and Richards", "listed_as": "Renfrew, County of", "geographic_area": "Renfrew", "jurisdiction": "upper_tier", "sunday_gun": true, "basis": "reg663_part7"}, "geometry": {"type": "Polygon", "coordinates": [[[-77.3613, 45.5095], [-77.498, 45.7643], [-77.6716, 45.7178], [-77.5405, 45.4784], [-77.5351, 45.4799], [-77.5312, 45.473], [-77.5138, 45.4693], [-77.3613, 45.5095]]]}}, {"type": "Feature", "properties": {"id": "on-sunday-47023", "name": "Township of Madawaska Valley", "listed_as": "Renfrew, County of", "geographic_area": "Renfrew", "jurisdiction": "upper_tier", "sunday_gun": true, "basis": "reg663_part7"}, "geometry": {"type": "Polygon", "coordinates": [[[-77.523, 45.4713], [-77.5312, 45.473], [-77.5351, 45.4799], [-77.5405, 45.4784], [-77.6716, 45.7178], [-77.8407, 45.6723], [-77.7752, 45.5524], [-77.9101, 45.516], [-77.8452, 45.3961], [-77.6899, 45.4381], [-77.6236, 45.3154], [-77.4678, 45.3568], [-77.5198, 45.4522], [-77.5295, 45.4529], [-77.523, 45.4713]]]}}, {"type": "Feature", "properties": {"id": "on-sunday-7030", "name": "Township of Rideau Lakes", "listed_as": "Rideau Lakes, Township of", "geographic_area": "Leeds and Grenville", "jurisdiction": "municipality", "sunday_gun": true, "basis": "reg663_part7"}, "geometry": {"type": "Polygon", "coordinates": [[[-76.0315, 44.8909], [-76.0438, 44.8939], [-76.0488, 44.9003], [-76.0539, 44.899], [-76.0556, 44.8946], [-76.0598, 44.8966], [-76.0596, 44.8917], [-76.0737, 44.8922], [-76.0903, 44.8743], [-76.1153, 44.8654], [-76.1388, 44.8481], [-76.1644, 44.8362], [-76.1986, 44.8029], [-76.2025, 44.7862], [-76.2374, 44.7393], [-76.2468, 44.7296], [-76.2902, 44.7029], [-76.4032, 44.794], [-76.47, 44.7547], [-76.4662, 44.7513], [-76.5222, 44.7184], [-76.3097, 44.5258], [-76.2646, 44.4911], [-76.1355, 44.5762], [-75.984, 44.6676], [-76.1099, 44.7777], [-75.9704, 44.8623], [-76.0044, 44.8902], [-76.0097, 44.8868], [-76.0056, 44.8832], [-76.015, 44.8803], [-76.0164, 44.8771], [-76.0258, 44.885], [-76.0355, 44.8783], [-76.0373, 44.8798], [-76.0315, 44.8909]], [[-76.4107, 44.6852], [-76.3872, 44.6819], [-76.3946, 44.6803], [-76.3911, 44.6718], [-76.4088, 44.6626], [-76.4135, 44.6667], [-76.4038, 44.6719], [-76.4086, 44.6759], [-76.4107, 44.6852]]]}}, {"type": "Feature", "properties": {"id": "on-sunday-49024", "name": "Township of Ryerson", "listed_as": "Ryerson, Township of", "geographic_area": "Parry Sound", "jurisdiction": "municipality", "sunday_gun": true, "basis": "reg663_part7"}, "geometry": {"type": "Polygon", "coordinates": [[[-79.3924, 45.5445], [-79.4571, 45.6642], [-79.6267, 45.6192], [-79.5623, 45.499], [-79.3924, 45.5445]]]}}, {"type": "Feature", "properties": {"id": "on-sunday-38030", "name": "City of Sarnia", "listed_as": "Sarnia, City of", "geographic_area": "Lambton", "jurisdiction": "municipality", "sunday_gun": true, "basis": "reg663_part7"}, "geometry": {"type": "MultiPolygon", "coordinates": [[[[-82.4524, 42.923], [-82.4455, 42.936], [-82.429, 42.9472], [-82.4108, 42.968], [-82.4062, 42.9818], [-82.414, 42.9807], [-82.4096, 42.9843], [-82.4158, 42.9856], [-82.3996, 42.9856], [-82.3946, 42.9915], [-82.3956, 43.0026], [-82.4198, 43.0002], [-82.4181, 43.0026], [-82.4131, 43.0042], [-82.4153, 43.0011], [-82.4113, 43.0011], [-82.4126, 43.0048], [-82.398, 43.0074], [-82.3785, 43.0158], [-82.2299, 43.0385], [-82.2341, 42.9207], [-82.3567, 42.9234], [-82.3767, 42.9221], [-82.3768, 42.9117], [-82.4559, 42.9125], [-82.4524, 42.923]], [[-82.4167, 42.9336], [-82.4115, 42.9348], [-82.4167, 42.9366], [-82.4167, 42.9336]], [[-82.3991, 42.9362], [-82.4119, 42.9335], [-82.3992, 42.9332], [-82.3991, 42.9362]], [[-82.3969, 42.9343], [-82.3968, 42.9362], [-82.3986, 42.9362], [-82.3969, 42.9343]], [[-82.3768, 42.9357], [-82.3967, 42.9362], [-82.3961, 42.9334], [-82.3768, 42.9329], [-82.3768, 42.9357]], [[-82.3768, 42.9321], [-82.3901, 42.9324], [-82.3915, 42.928], [-82.3771, 42.9118], [-82.3768, 42.9321]], [[-82.3923, 42.912], [-82.3792, 42.9133], [-82.3922, 42.928], [-82.3923, 42.912]], [[-82.3928, 42.928], [-82.3967, 42.9304], [-82.3969, 42.912], [-82.3929, 42.912], [-82.3928, 42.928]], [[-82.4137, 42.9125], [-82.4136, 42.9294], [-82.4168, 42.9295], [-82.4169, 42.9123], [-82.4137, 42.9125]], [[-82.4358, 42.9257], [-82.4478, 42.9314], [-82.4547, 42.9155], [-82.4382, 42.9125], [-82.434, 42.9228], [-82.4365, 42.924], [-82.4307, 42.931], [-82.4391, 42.9214], [-82.4425, 42.9221], [-82.4358, 42.9257]], [[-82.399, 42.9362], [-82.399, 42.9332], [-82.3975, 42.9331], [-82.399, 42.9362]], [[-82.4136, 42.9296], [-82.413, 42.9329], [-82.4167, 42.933], [-82.4168, 42.9296], [-82.4136, 42.9296]], [[-82.4248, 42.9225], [-82.4334, 42.9227], [-82.4356, 42.9173], [-82.425, 42.917], [-82.4248, 42.9225]], [[-82.4331, 42.9313], [-82.4344, 42.9291], [-82.4323, 42.9309], [-82.4331, 42.9313]], [[-82.3969, 42.9296], [-82.3992, 42.9326], [-82.4122, 42.9329], [-82.4125, 42.9295], [-82.4093533464568, 42.92944527559055], [-82.4125, 42.9294], [-82.4127, 42.9125], [-82.3971, 42.912], [-82.3969, 42.9296]], [[-82.4171, 42.9169], [-82.417, 42.9295], [-82.4283, 42.9292], [-82.42422309468822, 42.928159584295614], [-82.4247, 42.917], [-82.4171, 42.9169]]], [[[-82.4093533464568, 42.92944527559055], [-82.40061609547124, 42.92957099143207], [-82.401, 42.9293], [-82.4093533464568, 42.92944527559055]]]]}}, {"type": "Feature", "properties": {"id": "on-sunday-41043", "name": "Town of Saugeen Shores", "listed_as": "Saugeen Shores, Town of", "geographic_area": "Bruce", "jurisdiction": "municipality", "sunday_gun": true, "basis": "reg663_part7"}, "geometry": {"type": "Polygon", "coordinates": [[[-81.40114380435054, 44.49307673187932], [-81.40592750574994, 44.49188053143503], [-81.4035929047172, 44.48892673105463], [-81.40701730567427, 44.48761833066018], [-81.40112970396065, 44.48917863122191], [-81.40114380435054, 44.49307673187932]]]}}, {"type": "Feature", "properties": {"id": "on-sunday-18020", "name": "Township of Scugog", "listed_as": "Scugog, Township of", "geographic_area": "Durham", "jurisdiction": "municipality", "sunday_gun": true, "basis": "reg663_part7"}, "geometry": {"type": "Polygon", "coordinates": [[[-78.7032, 44.0804], [-78.7694, 44.2257], [-78.7772, 44.2214], [-78.8025, 44.1951], [-78.8443, 44.1678], [-78.8412, 44.1751], [-78.848, 44.1892], [-78.8466, 44.2048], [-78.85, 44.2137], [-78.8563, 44.218], [-78.8743, 44.221], [-78.887, 44.2154], [-78.8942, 44.2115], [-78.9153, 44.1861], [-78.9214, 44.1507], [-78.9524, 44.2207], [-79.1225, 44.1833], [-79.0473, 44.0093], [-78.8751, 44.0474], [-78.8721, 44.0405], [-78.7032, 44.0804]], [[-78.8838, 44.1726], [-78.8909, 44.171], [-78.8929, 44.1755], [-78.8885, 44.1831], [-78.8838, 44.1726]], [[-78.8892, 44.1847], [-78.8931, 44.176], [-78.8961, 44.1832], [-78.8892, 44.1847]], [[-78.8873, 44.1853], [-78.8943, 44.197], [-78.8804, 44.2002], [-78.879, 44.1972], [-78.8873, 44.1853]], [[-78.8865, 44.1858], [-78.8788, 44.1968], [-78.8749, 44.1881], [-78.8865, 44.1858]]]}}, {"type": "Feature", "properties": {"id": "on-sunday-49003", "name": "Township of Seguin", "listed_as": "Seguin, Township of", "geographic_area": "Parry Sound", "jurisdiction": "municipality", "sunday_gun": true, "basis": "reg663_part7"}, "geometry": {"type": "Polygon", "coordinates": [[[-79.5983, 45.3541], [-79.6595, 45.4735], [-79.9048, 45.4082], [-79.8864, 45.3742], [-80.0172, 45.3393], [-80.0167, 45.3297], [-80.0363, 45.3282], [-80.0318, 45.3247], [-80.0414, 45.3226], [-80.0384, 45.3204], [-80.0411, 45.3182], [-80.0387, 45.315], [-80.0445, 45.3144], [-80.0401, 45.3131], [-80.0424, 45.3034], [-80.0008, 45.2259], [-79.8741, 45.2594], [-79.8324, 45.1824], [-79.8132, 45.1875], [-79.8041, 45.1704], [-79.78, 45.1774], [-79.7754, 45.1687], [-79.6059, 45.2147], [-79.6212, 45.2338], [-79.6244, 45.2484], [-79.6712, 45.3345], [-79.5983, 45.3541]]]}}, {"type": "Feature", "properties": {"id": "on-sunday-15017", "name": "Township of Selwyn", "listed_as": "Selwyn, Township of", "geographic_area": "Peterborough", "jurisdiction": "municipality", "sunday_gun": true, "basis": "reg663_part7"}, "geometry": {"type": "Polygon", "coordinates": [[[-78.28076680978629, 44.55859039336084], [-78.3433318298593, 44.55643259013007], [-78.34780553081174, 44.550885388969405], [-78.34726563004911, 44.54431338786118], [-78.35479023189139, 44.537670186371685], [-78.35514413146913, 44.531664785319876], [-78.36786303511661, 44.52640728383142], [-78.36737853391007, 44.51466148182747], [-78.38080903534386, 44.48203627558223], [-78.38108963319992, 44.456965771238835], [-78.38676193524267, 44.45930057138303], [-78.41048004242477, 44.45381516935083], [-78.41156024307719, 44.45721476988881], [-78.42067364642921, 44.46175257025573], [-78.42255204748916, 44.46682267104545], [-78.44146005369983, 44.46789697036517], [-78.45367755831138, 44.475290971082], [-78.46468836194788, 44.47614017072384], [-78.5035630731867, 44.46128266637568], [-78.4254283327549, 44.290417340370325], [-78.38375442021847, 44.300836344076956], [-78.3880704223467, 44.30915414532409], [-78.37217741736335, 44.31085224634222], [-78.3668401153493, 44.3075657460147], [-78.371463617687, 44.31713014746412], [-78.35158511169747, 44.32202764921844], [-78.35739451426339, 44.32983045030782], [-78.3000365982284, 44.35817475783197], [-78.30405750030845, 44.36700695918039], [-78.29705369819429, 44.36870915979382], [-78.29558119743284, 44.36547835930072], [-78.28367109473129, 44.378495162098204], [-78.27278539159357, 44.38282926334391], [-78.26394859004965, 44.39770566632289], [-78.26328659109457, 44.411945768819336], [-78.24681168612564, 44.41603667027624], [-78.2542757899522, 44.43198547269808], [-78.25985679164154, 44.43066717221623], [-78.26232599291426, 44.43601557302956], [-78.27363109626603, 44.4325544719165], [-78.27396289692905, 44.43882437298624], [-78.27045139635345, 44.445151074240556], [-78.27110069668986, 44.44657567445746], [-78.24859209127645, 44.46768997913286], [-78.2377137893757, 44.48596458278658], [-78.22956808709797, 44.49002268385837], [-78.22376008491521, 44.48662168353473], [-78.21260958172672, 44.491388384865424], [-78.20414108034889, 44.50677478790891], [-78.17735547399985, 44.53301979365882], [-78.17453587365469, 44.53942209489222], [-78.1633734701607, 44.54081969564061], [-78.15818986889374, 44.545473896679475], [-78.16445337160931, 44.55318359772551], [-78.17613227564702, 44.556014197683034], [-78.18589147844438, 44.551897496528994], [-78.1968943824582, 44.55692439689575], [-78.21788238927535, 44.557088295968704], [-78.23826319566692, 44.554694394627404], [-78.24587489756644, 44.54833359318343], [-78.26793860452369, 44.546189291807686], [-78.28076680978629, 44.55859039336084]], [[-78.34980192687414, 44.499571380026836], [-78.35458782937381, 44.51022438164672], [-78.3484020275725, 44.51247618231804], [-78.3414478242925, 44.50094288064518], [-78.34980192687414, 44.499571380026836]], [[-78.34044132392097, 44.5004292806025], [-78.34673322554134, 44.49576297950954], [-78.34645132481911, 44.488685078300314], [-78.35322822617542, 44.47929567636928], [-78.35393362608586, 44.47572817572083], [-78.3658476289982, 44.46514907334911], [-78.363382927963, 44.46247867300027], [-78.36619812833779, 44.45645867183139], [-78.37467763087206, 44.45411567103918], [-78.37934723254645, 44.45595697114409], [-78.37593513171575, 44.45902207182966], [-78.37784123283936, 44.46471377272598], [-78.36776113053693, 44.47547107504478], [-78.37333843246934, 44.47690657503786], [-78.37057763189844, 44.48052167578837], [-78.3786196346281, 44.48195347566805], [-78.37413313390948, 44.49017027729183], [-78.37077933264575, 44.48816947709974], [-78.36662433184871, 44.49430587834908], [-78.34044132392097, 44.5004292806025]], [[-78.33887032247175, 44.48987607885218], [-78.33824382201723, 44.48705067839286], [-78.35140932546564, 44.477935076217335], [-78.34835382502895, 44.48413117742706], [-78.33887032247175, 44.48987607885218]], [[-78.24306309081497, 44.48266458197295], [-78.24114039017311, 44.482447182022845], [-78.24223909046893, 44.48177168185611], [-78.24306309081497, 44.48266458197295]], [[-78.41435484376387, 44.45478026934038], [-78.4134391433677, 44.453657969188335], [-78.41477114377999, 44.45345106909163], [-78.41435484376387, 44.45478026934038]], [[-78.27342919711526, 44.442873673711084], [-78.27197179686883, 44.44541417421689], [-78.27093419650527, 44.445101174209945], [-78.27342919711526, 44.442873673711084]]]}}, {"type": "Feature", "properties": {"id": "on-sunday-43080", "name": "Township of Severn", "listed_as": "Severn, Township of", "geographic_area": "Simcoe", "jurisdiction": "municipality", "sunday_gun": true, "basis": "reg663_part7"}, "geometry": {"type": "MultiPolygon", "coordinates": [[[[-79.6959762946378, 44.85769577794825], [-79.69986769554448, 44.85406717714611], [-79.69483639357784, 44.850445276776355], [-79.69236819299937, 44.85271227727935], [-79.69506299387038, 44.85274327715431], [-79.6959762946378, 44.85769577794825]]], [[[-79.66674247403036, 44.74007775941959], [-79.67056847542287, 44.74177895952425], [-79.66550827351323, 44.738812059264056], [-79.66674247403036, 44.74007775941959]]], [[[-79.69115298281062, 44.749830559899486], [-79.69239628334795, 44.75127626008499], [-79.69296018344201, 44.750355459901485], [-79.69115298281062, 44.749830559899486]]], [[[-79.68822708205994, 44.75184066038177], [-79.68980358247236, 44.7508412601361], [-79.68802198190056, 44.75085706022468], [-79.68822708205994, 44.75184066038177]]], [[[-79.69028228326975, 44.757616661263114], [-79.69197408387245, 44.75823016128566], [-79.69280038406404, 44.75744736111292], [-79.69028228326975, 44.757616661263114]]], [[[-79.29394935799935, 44.783583784660436], [-79.29651255879627, 44.78326178448365], [-79.30006405986201, 44.782405584168984], [-79.29553885836164, 44.78197808431166], [-79.29394935799935, 44.783583784660436]]], [[[-79.72053939770736, 44.806994568176016], [-79.7221617982133, 44.806823768068696], [-79.72019299750792, 44.80607266803656], [-79.72053939770736, 44.806994568176016]]], [[[-79.68417758634226, 44.81057867053957], [-79.68405658643951, 44.81200847078769], [-79.68684498725808, 44.811176270512064], [-79.68417758634226, 44.81057867053957]]], [[[-79.68502428672389, 44.81172267069257], [-79.68710688741133, 44.81189967062203], [-79.68516128672269, 44.81124707060533], [-79.68502428672389, 44.81172267069257]]], [[[-79.68851778804813, 44.813815170878506], [-79.68977758842173, 44.813478670760645], [-79.68768738776272, 44.813625770886475], [-79.68851778804813, 44.813815170878506]]], [[[-79.6893200884429, 44.81524697108233], [-79.68917678804229, 44.81152717045896], [-79.68405088662034, 44.81392597111292], [-79.6872298876243, 44.81371947092442], [-79.6893200884429, 44.81524697108233]]], [[[-79.69072238874155, 44.813642670742794], [-79.69245648956007, 44.8163721711215], [-79.69388908995339, 44.81565927093155], [-79.69072238874155, 44.813642670742794]]], [[[-79.68260038634898, 44.81597977153095], [-79.68385368664154, 44.81481487127302], [-79.68228028615634, 44.81503977138711], [-79.68260038634898, 44.81597977153095]]], [[[-79.68523288729477, 44.81700917157827], [-79.68786348814216, 44.81701257145179], [-79.68521968723991, 44.81647817148892], [-79.68523288729477, 44.81700917157827]]], [[[-79.67905108544998, 44.818540372136134], [-79.68109338608336, 44.81828507199428], [-79.68002468565993, 44.81745327190492], [-79.67905108544998, 44.818540372136134]]], [[[-79.69130998927888, 44.81729517133326], [-79.69427369010943, 44.815996870970174], [-79.68663798763554, 44.815837071311826], [-79.69130998927888, 44.81729517133326]]], [[[-79.68986838897355, 44.81896197168526], [-79.69171018948026, 44.81805587144282], [-79.6885904884577, 44.81786717156152], [-79.68986838897355, 44.81896197168526]]], [[[-79.68453278735339, 44.819989872117034], [-79.68186398644046, 44.81942807215076], [-79.68375668717556, 44.820746072282624], [-79.68453278735339, 44.819989872117034]]], [[[-79.70419749380825, 44.82127707138533], [-79.70615189457193, 44.82268537152941], [-79.70626149451715, 44.82174147136425], [-79.70419749380825, 44.82127707138533]]], [[[-79.44400951153553, 44.83792308672485], [-79.44767161283143, 44.839134286754806], [-79.44963891339867, 44.838422686539865], [-79.44400951153553, 44.83792308672485]]], [[[-79.68342258915571, 44.842635176005864], [-79.68886099081111, 44.841626575572334], [-79.68352918874349, 44.83795537520833], [-79.68342258915571, 44.842635176005864]]], [[[-79.69268939286933, 44.85026747685009], [-79.69404279325425, 44.84973377669432], [-79.69277779279038, 44.84914307665546], [-79.69268939286933, 44.85026747685009]]], [[[-79.53685894306516, 44.85463438510164], [-79.53808874340585, 44.85404698494304], [-79.5367916429159, 44.85329208487748], [-79.53685894306516, 44.85463438510164]]], [[[-79.69552849467458, 44.85959007829043], [-79.69590579491357, 44.86081857848008], [-79.69625529493968, 44.85991347831003], [-79.69552849467458, 44.85959007829043]]], [[[-79.56940605464396, 44.86603848546722], [-79.57148475530381, 44.86592948534866], [-79.56895735442421, 44.865249685355245], [-79.56940605464396, 44.86603848546722]]], [[[-79.69560869548627, 44.86780997967723], [-79.69488989535033, 44.86880997988113], [-79.69559469564793, 44.86954717997176], [-79.69560869548627, 44.86780997967723]]]]}}, {"type": "Feature", "properties": {"id": "on-sunday-on-twp-67154200", "name": "SHAWANAGA", "listed_as": "Shawanaga, Geographic Township of, except that part in The Archipelago, Township of", "geographic_area": "Parry Sound", "jurisdiction": "geographic_township", "sunday_gun": true, "basis": "reg663_part7", "exception": "except that part in The Archipelago, Township of"}, "geometry": {"type": "Polygon", "coordinates": [[[-80.2311, 45.5952], [-80.3863, 45.5538], [-80.3801, 45.5507], [-80.382, 45.5483], [-80.3772, 45.5467], [-80.3805, 45.5446], [-80.3861, 45.547], [-80.3854, 45.5403], [-80.3907, 45.5414], [-80.3866, 45.5383], [-80.3848, 45.5396], [-80.3784, 45.5385], [-80.3822, 45.5357], [-80.3858, 45.5359], [-80.3838, 45.5322], [-80.3792, 45.5309], [-80.3806, 45.5306], [-80.3808, 45.5276], [-80.3829, 45.5269], [-80.3817, 45.5227], [-80.3832, 45.5216], [-80.394, 45.523], [-80.3939, 45.5189], [-80.3921, 45.5195], [-80.389, 45.5166], [-80.3901, 45.5159], [-80.3891, 45.5143], [-80.3911, 45.5143], [-80.3913, 45.5166], [-80.3935, 45.5147], [-80.3915, 45.5088], [-80.3928, 45.508], [-80.3911, 45.5074], [-80.3902, 45.5087], [-80.3898, 45.5055], [-80.3868, 45.5049], [-80.3883, 45.5035], [-80.3867, 45.5028], [-80.3921, 45.5017], [-80.388, 45.4993], [-80.3863, 45.4998], [-80.3872, 45.4976], [-80.3899, 45.4978], [-80.3854, 45.4961], [-80.3891, 45.4954], [-80.3893, 45.4936], [-80.3875, 45.4926], [-80.3909, 45.4926], [-80.3877, 45.4911], [-80.393, 45.4899], [-80.3916, 45.4857], [-80.3942, 45.4869], [-80.3949, 45.4849], [-80.4015, 45.4884], [-80.3961, 45.4823], [-80.3981, 45.4814], [-80.3956, 45.4799], [-80.3935, 45.4755], [-80.3963, 45.4748], [-80.3938, 45.472], [-80.3956, 45.4719], [-80.3912, 45.4709], [-80.3933, 45.4709], [-80.3914, 45.4694], [-80.3945, 45.4664], [-80.3923, 45.464], [-80.3947, 45.4645], [-80.3941, 45.4621], [-80.3962, 45.4634], [-80.3955, 45.4615], [-80.3972, 45.4611], [-80.3949, 45.4594], [-80.3954, 45.4576], [-80.3931, 45.4572], [-80.3943, 45.4564], [-80.3931, 45.454], [-80.183, 45.5096], [-80.2285, 45.5945], [-80.2304, 45.5939], [-80.2311, 45.5952]], [[-80.2616, 45.5449], [-80.262, 45.5006], [-80.3392, 45.5008], [-80.3393, 45.5584], [-80.3362, 45.5572], [-80.3357, 45.5555], [-80.3375, 45.5538], [-80.3287, 45.5511], [-80.324, 45.5522], [-80.3203, 45.5504], [-80.3112, 45.5524], [-80.2878, 45.5488], [-80.2875, 45.5499], [-80.2773, 45.5512], [-80.2746, 45.5492], [-80.2774, 45.5472], [-80.2761, 45.546], [-80.2665, 45.5442], [-80.2677, 45.5432], [-80.2616, 45.5449]]]}}, {"type": "Feature", "properties": {"id": "on-sunday-48001", "name": "Township of South Algonquin", "listed_as": "South Algonquin, Township of", "geographic_area": "Nipissing", "jurisdiction": "municipality", "sunday_gun": true, "basis": "reg663_part7"}, "geometry": {"type": "Polygon", "coordinates": [[[-77.8452, 45.3961], [-77.9101, 45.516], [-77.7752, 45.5524], [-77.8407, 45.6723], [-78.052, 45.6152], [-78.0593, 45.6306], [-78.2389, 45.5807], [-78.2731, 45.4876], [-78.1776, 45.3104], [-77.8452, 45.3961]]]}}, {"type": "Feature", "properties": {"id": "on-sunday-41004", "name": "Municipality of South Bruce", "listed_as": "South Bruce, Municipality of", "geographic_area": "Bruce", "jurisdiction": "municipality", "sunday_gun": true, "basis": "reg663_part7"}, "geometry": {"type": "Polygon", "coordinates": [[[-80.9892, 43.9867], [-81.0234, 44.1244], [-81.4074, 44.068], [-81.3682, 43.9274], [-81.1866, 43.9587], [-80.9892, 43.9867]]]}}, {"type": "Feature", "properties": {"id": "on-sunday-41053", "name": "Town of South Bruce Peninsula", "listed_as": "South Bruce Peninsula, Town of", "geographic_area": "Bruce", "jurisdiction": "municipality", "sunday_gun": true, "basis": "reg663_part7"}, "geometry": {"type": "MultiPolygon", "coordinates": [[[[-81.1370948616726, 44.90769821491742], [-81.14166896266211, 44.90302031390333], [-81.15041706527732, 44.90126281316523], [-81.15951806877848, 44.90719241369357], [-81.32740281801604, 44.86454609801662], [-81.33013331848142, 44.86053699720738], [-81.33098731707707, 44.84391639438609], [-81.32901531603476, 44.83980809379986], [-81.3258639152423, 44.84190569431132], [-81.32300211406297, 44.83924929401318], [-81.32577861459649, 44.8357663932892], [-81.3202524124225, 44.83165909288413], [-81.32270581295853, 44.8292216923514], [-81.3181565113675, 44.82781199234757], [-81.32000211193223, 44.82758179221493], [-81.32066291196851, 44.82585139189181], [-81.3172706110783, 44.82774239238108], [-81.31896181108192, 44.82242619140558], [-81.31355860979453, 44.82673549240189], [-81.30650050683447, 44.819660891577996], [-81.30524060676856, 44.822995092200095], [-81.29850130467605, 44.82353489263373], [-81.29249120197468, 44.81570969163045], [-81.29789860333655, 44.812121890754526], [-81.28505099850048, 44.80471889016943], [-81.2881935988715, 44.798445088959], [-81.29814490180604, 44.79610608806079], [-81.29807670119142, 44.79020088707535], [-81.29090189877469, 44.78888688722038], [-81.29511180011338, 44.78886718700286], [-81.29203009868927, 44.7844547864206], [-81.29970780122342, 44.78534438617889], [-81.29475549896141, 44.7785153852869], [-81.28339259508331, 44.77592438543076], [-81.28380659463488, 44.770134884439464], [-81.28698779557847, 44.76944288416172], [-81.28554459455107, 44.76377498328509], [-81.27841489195549, 44.7605250831027], [-81.27660049095371, 44.75628918248465], [-81.28437489196935, 44.74170427964357], [-81.28072939065311, 44.740147079567606], [-81.28832359237266, 44.733169278011125], [-81.27826208951363, 44.73660617909887], [-81.28172159007215, 44.73117817801243], [-81.27900498917846, 44.73088777810168], [-81.28185589002129, 44.73024147784841], [-81.27736088807977, 44.72513027721895], [-81.28131548886446, 44.72038547622175], [-81.27942118799407, 44.717707275868364], [-81.28719389036691, 44.716697775304226], [-81.28506328949696, 44.71477637508992], [-81.27899018782648, 44.7174024758391], [-81.28055848785591, 44.712699174969856], [-81.2749520860506, 44.712487875219], [-81.27522158544002, 44.70551057403369], [-81.27865618629141, 44.70308947345279], [-81.2744872846263, 44.699696673094536], [-81.28145568624936, 44.69373827174011], [-81.27233288072382, 44.66741096777832], [-81.27410768073165, 44.661816666747676], [-81.27995678251818, 44.661073466326236], [-81.27176477871274, 44.64901206471286], [-81.26781326464061, 44.51959014309913], [-81.33426748456174, 44.50760883771806], [-81.1271075224127, 44.54493615447008], [-81.13261343200614, 44.624477967614155], [-81.12735153034647, 44.62463166790526], [-81.12897053179329, 44.634054669411505], [-81.12253533046781, 44.64136717096792], [-81.13422323471511, 44.64668707127463], [-81.14036044549003, 44.73555298591114], [-81.11574383774793, 44.73657998732803], [-81.12373744112135, 44.74488058831823], [-81.1324966436717, 44.74245918746872], [-81.13978264640949, 44.74663658780173], [-81.13804944629224, 44.75100488862288], [-81.13577384548931, 44.75022428860692], [-81.13794954631159, 44.75151818871405], [-81.13061734544058, 44.766227691554114], [-81.13174864665292, 44.774769192930144], [-81.03438132172772, 44.83623780816167], [-81.02469201962879, 44.84619581032005], [-81.1370948616726, 44.90769821491742]]], [[[-81.35749299304798, 44.51886993844365], [-81.36804859537514, 44.508519936162415], [-81.37382389643376, 44.50068713454783], [-81.35918249160201, 44.498816234973035], [-81.34452088789085, 44.50835863732598], [-81.33803318569045, 44.50693303741348], [-81.34499278811533, 44.50911423742966], [-81.34506558860448, 44.51383013822207], [-81.35749299304798, 44.51886993844365]]], [[[-80.96161300990362, 44.95041423094905], [-80.96020221005485, 44.95641993202402], [-80.9650813118815, 44.95907763222132], [-80.9697584129467, 44.954789431268246], [-80.96161300990362, 44.95041423094905]]]]}}, {"type": "Feature", "properties": {"id": "on-sunday-1016", "name": "Municipality of South Dundas", "listed_as": "South Dundas, Township of", "geographic_area": "Stormont, Dundas and Glengarry", "jurisdiction": "municipality", "sunday_gun": true, "basis": "reg663_part7"}, "geometry": {"type": "MultiPolygon", "coordinates": [[[[-75.2895, 44.8536], [-75.2949, 44.8526], [-75.2983, 44.8469], [-75.302, 44.8488], [-75.2995, 44.8475], [-75.302, 44.8448], [-75.3083, 44.8435], [-75.3157, 44.8361], [-75.3101, 44.8394], [-75.3128, 44.8375], [-75.3097, 44.8367], [-75.3114, 44.8328], [-75.3204, 44.8224], [-75.3229, 44.8209], [-75.3225, 44.8253], [-75.3159, 44.8357], [-75.3246, 44.8324], [-75.3251, 44.8257], [-75.3286, 44.8237], [-75.3263, 44.8207], [-75.3443, 44.8146], [-75.3612, 44.801], [-75.4859, 44.9563], [-75.3822, 44.9946], [-75.1567, 45.087], [-75.1096, 45.0209], [-75.0544, 44.9541], [-75.0614, 44.946], [-75.0678, 44.9469], [-75.0688, 44.9415], [-75.0774, 44.9355], [-75.0801, 44.9409], [-75.0877, 44.9396], [-75.0819, 44.9371], [-75.0939, 44.9348], [-75.0924, 44.9394], [-75.0969, 44.937], [-75.0952, 44.9343], [-75.1151, 44.9337], [-75.1183, 44.9303], [-75.1176, 44.9312], [-75.1219, 44.9329], [-75.1184, 44.9309], [-75.1208, 44.928], [-75.1252, 44.9317], [-75.1249, 44.9278], [-75.1309, 44.9227], [-75.1395, 44.9227], [-75.1489, 44.9112], [-75.1617, 44.9027], [-75.1664, 44.903], [-75.1692, 44.9083], [-75.1673, 44.8993], [-75.1923, 44.8898], [-75.201, 44.8828], [-75.2142, 44.8834], [-75.2288, 44.8747], [-75.2399, 44.8735], [-75.2572, 44.8614], [-75.2753, 44.8555], [-75.2756, 44.8612], [-75.2795, 44.8618], [-75.2777, 44.8554], [-75.2892925925926, 44.85617530864197], [-75.2895, 44.8536]]], [[[-75.0485, 44.9469], [-75.0608, 44.9436], [-75.053, 44.9523], [-75.0485, 44.9469]]]]}}, {"type": "Feature", "properties": {"id": "on-sunday-10013", "name": "Township of South Frontenac", "listed_as": "South Frontenac, Township of", "geographic_area": "Frontenac", "jurisdiction": "municipality", "sunday_gun": true, "basis": "reg663_part7"}, "geometry": {"type": "Polygon", "coordinates": [[[-76.3097, 44.5258], [-76.5262, 44.722], [-76.5312, 44.7189], [-76.5441, 44.7404], [-76.6751, 44.7032], [-76.6747, 44.6903], [-76.6555, 44.6027], [-76.6362, 44.5317], [-76.7381, 44.5208], [-76.8366, 44.5217], [-76.7128, 44.3518], [-76.568, 44.3573], [-76.5683, 44.3387], [-76.4024, 44.3458], [-76.3885, 44.3585], [-76.3621, 44.358], [-76.3578, 44.3619], [-76.3619, 44.3646], [-76.3595, 44.3704], [-76.3503, 44.3704], [-76.3344, 44.3789], [-76.3176, 44.4009], [-76.319, 44.4044], [-76.3096, 44.4178], [-76.3077, 44.4274], [-76.2964, 44.4395], [-76.2957, 44.4482], [-76.2793, 44.459], [-76.2791, 44.4643], [-76.2724, 44.4718], [-76.2527, 44.4802], [-76.2556, 44.4968], [-76.2646, 44.4911], [-76.3097, 44.5258]]]}}, {"type": "Feature", "properties": {"id": "on-sunday-1002", "name": "Township of South Glengarry", "listed_as": "South Glengarry, Township of", "geographic_area": "Stormont, Dundas and Glengarry", "jurisdiction": "municipality", "sunday_gun": true, "basis": "reg663_part7"}, "geometry": {"type": "MultiPolygon", "coordinates": [[[[-74.4235, 45.1634], [-74.4196, 45.1612], [-74.4275, 45.1641], [-74.4297, 45.1613], [-74.4326, 45.1647], [-74.4298, 45.1611], [-74.4306, 45.1569], [-74.4305, 45.1597], [-74.4322, 45.1614], [-74.431, 45.158], [-74.4346, 45.1565], [-74.4511, 45.159], [-74.4499, 45.1572], [-74.472, 45.1445], [-74.4739, 45.1401], [-74.4786, 45.1403], [-74.4744, 45.138], [-74.4872, 45.1271], [-74.5055, 45.1228], [-74.5019, 45.1175], [-74.5077, 45.1137], [-74.5056, 45.1091], [-74.50973396226415, 45.11096745283018], [-74.5145, 45.1064], [-74.5159, 45.1085], [-74.5199, 45.1089], [-74.5114, 45.1047], [-74.5115, 45.0984], [-74.5167, 45.0937], [-74.5159, 45.0886], [-74.5276, 45.0861], [-74.5299, 45.0818], [-74.5275, 45.078], [-74.5342, 45.0837], [-74.5296, 45.0778], [-74.5408, 45.0718], [-74.5464, 45.0628], [-74.5956, 45.0449], [-74.6, 45.046], [-74.615, 45.0425], [-74.6096, 45.0436], [-74.6081, 45.0407], [-74.6126, 45.0405], [-74.6156, 45.0359], [-74.6385, 45.0318], [-74.6476, 45.0355], [-74.659, 45.0285], [-74.6651, 45.0321], [-74.7444, 45.1291], [-74.7374, 45.1341], [-74.7496, 45.1511], [-74.7633, 45.1676], [-74.7723, 45.1639], [-74.7769, 45.1694], [-74.7726, 45.1711], [-74.7873, 45.1886], [-74.6067, 45.27], [-74.6208, 45.287], [-74.4523, 45.3562], [-74.4719, 45.303], [-74.344, 45.2052], [-74.3751, 45.1825], [-74.3894, 45.1828], [-74.3923, 45.1779], [-74.38660657084189, 45.172002053388084], [-74.3894, 45.1684], [-74.4178, 45.1674], [-74.4166, 45.1651], [-74.4194, 45.1617], [-74.418, 45.1647], [-74.4248, 45.1688], [-74.42137808142778, 45.1644981595092], [-74.4235, 45.1634]], [[-74.4344, 45.1595], [-74.442, 45.1612], [-74.43384718581342, 45.15844965304549], [-74.4344, 45.1595]], [[-74.51, 45.1113], [-74.5158, 45.1088], [-74.5186, 45.1111], [-74.5157, 45.1085], [-74.51, 45.1113]], [[-74.4236, 45.164], [-74.4288, 45.1678], [-74.42203599999999, 45.164272000000004], [-74.4236, 45.164]]], [[[-74.3856, 45.1733], [-74.3866, 45.17201052631578], [-74.3866, 45.1743], [-74.3856, 45.1733]]]]}}, {"type": "Feature", "properties": {"id": "on-sunday-40003", "name": "Municipality of South Huron", "listed_as": "South Huron, Municipality of", "geographic_area": "Huron", "jurisdiction": "municipality", "sunday_gun": true, "basis": "reg663_part7"}, "geometry": {"type": "Polygon", "coordinates": [[[-81.2868, 43.356], [-81.2968, 43.3606], [-81.3011, 43.3817], [-81.3373, 43.3777], [-81.4431, 43.4241], [-81.4949, 43.4163], [-81.4843, 43.3655], [-81.4969, 43.3641], [-81.496, 43.3604], [-81.741, 43.3366], [-81.7608, 43.3182], [-81.7432, 43.3107], [-81.7458, 43.3069], [-81.7531, 43.3074], [-81.7551, 43.2931], [-81.7626, 43.2937], [-81.7611, 43.2873], [-81.7638, 43.2827], [-81.7602, 43.2761], [-81.7687, 43.2719], [-81.7673, 43.2651], [-81.7724, 43.26], [-81.7693, 43.2565], [-81.7774, 43.2469], [-81.7737, 43.2363], [-81.4653, 43.2707], [-81.4689, 43.2889], [-81.4311, 43.2931], [-81.3637, 43.2638], [-81.2868, 43.356]]]}}, {"type": "Feature", "properties": {"id": "on-sunday-1009", "name": "Township of South Stormont", "listed_as": "South Stormont, Township of", "geographic_area": "Stormont, Dundas and Glengarry", "jurisdiction": "municipality", "sunday_gun": true, "basis": "reg663_part7"}, "geometry": {"type": "MultiPolygon", "coordinates": [[[[-74.84678582390235, 45.031275422795005], [-74.85077022500471, 45.028542422160285], [-74.85846992775281, 45.03097362227177], [-74.86531002965717, 45.02643602120883], [-74.87492733301943, 45.028598921196284], [-74.88548063634386, 45.02642182039284], [-74.88932193782068, 45.02895532067733], [-74.89519583938487, 45.024180619612], [-74.9091992439031, 45.02263531877849], [-74.91320964457647, 45.01446471719897], [-74.91463444554897, 45.0206951182224], [-74.9204118473313, 45.01904281770236], [-74.92914254951698, 45.01022681581993], [-74.93212075075873, 45.01339731624971], [-74.93889995284952, 45.01145661563891], [-74.93492575166893, 45.01315581609442], [-74.93792915299214, 45.01723531668074], [-74.93346375223187, 45.02618971841451], [-74.94343195521999, 45.02226121733004], [-74.94700915659037, 45.024558517583806], [-74.95202805772801, 45.018021316246866], [-74.95603445916701, 45.01940481632478], [-74.95279275775592, 45.01521701572948], [-74.96294746092438, 45.01277211489446], [-74.963100460881, 45.01160191468526], [-74.96538466166189, 45.011899814644444], [-74.96878836242699, 45.00739051372436], [-74.94581115554394, 45.01648311623154], [-74.94355745437444, 45.01122491541042], [-74.93915415290269, 45.01106961556151], [-74.94129965354077, 45.010161715317274], [-74.93919125226826, 45.00301841416285], [-74.94486515437798, 45.00587611442945], [-74.95335965712536, 45.00503611394012], [-74.96313555971146, 44.99691071213456], [-74.97244886267575, 44.99540101149567], [-74.97135866215243, 44.99338431118975], [-74.97808136456716, 44.99571731132259], [-74.99402976940603, 44.990192109717796], [-74.98862636735765, 44.9869779093787], [-74.99932927061612, 44.98341310832642], [-74.99665597009702, 44.98796860922546], [-75.00797057340942, 44.98255830782791], [-75.00909947370579, 44.981595107614964], [-75.00885837359118, 44.98116290754971], [-75.00301077134606, 44.97732820712085], [-75.00739907276972, 44.97695910687898], [-75.02114297633767, 44.964732004198865], [-75.01711027485415, 44.96288790404197], [-75.00324927123665, 44.97498500670435], [-75.00165527056664, 44.973217206461975], [-75.00629877185443, 44.97010800573393], [-75.00661387147824, 44.96412890468274], [-75.01705947481996, 44.96267190400649], [-75.01903627516833, 44.95886360326489], [-75.02233317634382, 44.959907203312575], [-75.02119417632858, 44.96440830414054], [-75.03297187984903, 44.9596938028443], [-75.03891348156071, 44.956519302052], [-75.0334761797397, 44.956258702227146], [-75.03616478026423, 44.95171300132849], [-75.04848788396001, 44.94694370000022], [-75.04370628191734, 44.94122339920016], [-75.00578667073074, 44.9582347036924], [-74.99961196934572, 44.96644480536853], [-74.9996117700691, 44.97544690693189], [-74.99278816799514, 44.97776020760986], [-74.97292376187089, 44.983428309398086], [-74.90781464031859, 44.983664512069886], [-74.90143193891132, 44.992499313861686], [-74.88862943527533, 45.000076215693696], [-74.86656382799765, 45.00052981666191], [-74.86269552708534, 45.00515221762032], [-74.85627652490845, 45.0045413177729], [-74.83362441823476, 45.0149980205002], [-74.84678582390235, 45.031275422795005]], [[-74.89509433933608, 45.02399151958331], [-74.88976603740723, 45.02196801944728], [-74.88761923628253, 45.01681881864043], [-74.87714023316681, 45.02128721983849], [-74.87360223185023, 45.01949591967032], [-74.87362623206566, 45.022084020118456], [-74.87030013082723, 45.02039241995902], [-74.88248883421402, 45.01223181805133], [-74.88480313530765, 45.01630301866453], [-74.89176033751416, 45.01505841816785], [-74.89535893840552, 45.011299017370256], [-74.89394673754178, 45.00636471657082], [-74.88739133515918, 45.00374781638098], [-74.89769163814108, 44.99835621502948], [-74.90475054024726, 44.995445714239374], [-74.92022834542152, 44.996006813711936], [-74.91870014521756, 44.99977741442825], [-74.91461904363233, 44.99687561408928], [-74.91140284288248, 45.00081611490318], [-74.90856654164709, 44.99713221437814], [-74.90024163899723, 44.998493814950514], [-74.89423883761052, 45.00601411649818], [-74.89523533822017, 45.00949851706275], [-74.90086704019848, 45.010889917076945], [-74.90405704103729, 45.00816521647533], [-74.90495114168031, 45.012486617189175], [-74.89902653961934, 45.011275217218106], [-74.8938436386743, 45.020911619099394], [-74.89509433933608, 45.02399151958331]], [[-74.84909652362613, 45.018260020443435], [-74.84482962190317, 45.0144104199471], [-74.85490012491503, 45.010324818832316], [-74.8542952251089, 45.01525091971177], [-74.84909652362613, 45.018260020443435]], [[-74.92072514545593, 44.99438321341003], [-74.92434394647006, 44.992075812863284], [-74.92630694733508, 44.99475051324836], [-74.93202054890865, 44.99076611232577], [-74.93338674962867, 44.994097812849056], [-74.93617975040762, 44.9922719124192], [-74.94037095204159, 44.99532751278026], [-74.94201585233797, 44.992229712176005], [-74.95007285490016, 44.990892511618156], [-74.95289905607947, 44.99391831202921], [-74.95872045769764, 44.99005191112262], [-74.96149495872349, 44.991379111240775], [-74.96285665890845, 44.98806611061056], [-74.97267986226603, 44.98935171043629], [-74.97104126204142, 44.99331191119002], [-74.96129935867633, 44.99159901128685], [-74.95685535776374, 44.998566612676], [-74.95284775611164, 44.99453051213754], [-74.95133575585574, 44.997581412728245], [-74.94098825258546, 44.9995532134888], [-74.94055335212721, 44.99564101282731], [-74.93721815120222, 44.99788461335161], [-74.93325984960394, 44.99431361289161], [-74.93328014996399, 44.99871581365501], [-74.92923434851689, 44.997389813588285], [-74.92776984836382, 45.00152991436607], [-74.92583134755806, 44.99949411409102], [-74.92826114795744, 44.99443661311489], [-74.9228504465058, 44.99869121407205], [-74.92072514545593, 44.99438321341003]], [[-74.97450706282, 44.98871311025147], [-74.9771716635812, 44.98720120988121], [-74.97616786353446, 44.99075681053904], [-74.97450706282, 44.98871311025147]], [[-74.98485116641062, 44.99075271018679], [-74.98352996589132, 44.9897374100641], [-74.98473146620208, 44.988651809827], [-74.98485116641062, 44.99075271018679]], [[-74.91946764585546, 45.004557815226974], [-74.9218266467162, 45.00554101530233], [-74.92220364704495, 45.00807991572771], [-74.91999634627713, 45.00762811573847], [-74.91946764585546, 45.004557815226974]], [[-75.00769137319018, 44.98098300756575], [-75.0089598736588, 44.98158600761903], [-75.00761557329835, 44.98263940785637], [-75.00769137319018, 44.98098300756575]], [[-75.03223517953519, 44.95882460272319], [-75.03076527901952, 44.95846400272013], [-75.03085227897674, 44.95757370256198], [-75.03223517953519, 44.95882460272319]]], [[[-75.04815668450587, 44.95509230142918], [-75.05681558760551, 44.957990201581154], [-75.050325985012, 44.95245770088357], [-75.04815668450587, 44.95509230142918]]]]}}, {"type": "Feature", "properties": {"id": "on-sunday-42005", "name": "Township of Southgate", "listed_as": "Southgate, Township of", "geographic_area": "Grey", "jurisdiction": "municipality", "sunday_gun": true, "basis": "reg663_part7"}, "geometry": {"type": "Polygon", "coordinates": [[[-80.4065, 44.1941], [-80.4387, 44.2094], [-80.4681, 44.2177], [-80.4963, 44.1931], [-80.5009, 44.1958], [-80.6237, 44.171], [-80.8137, 44.1493], [-80.8025, 44.1094], [-80.8052, 44.1035], [-80.7927, 44.0663], [-80.7954, 44.0629], [-80.7947, 44.0451], [-80.7795, 44.0091], [-80.7712, 43.9994], [-80.7556, 43.9949], [-80.7468, 44.0015], [-80.733, 43.9929], [-80.7256, 43.9983], [-80.7229, 43.9859], [-80.7163, 43.9814], [-80.5692, 43.9981], [-80.375, 44.0393], [-80.3979, 44.1348], [-80.3609, 44.1673], [-80.4065, 44.1941]]]}}, {"type": "Feature", "properties": {"id": "on-sunday-39003", "name": "Municipality of Southwest Middlesex", "listed_as": "Southwest Middlesex, Municipality of", "geographic_area": "Middlesex", "jurisdiction": "municipality", "sunday_gun": true, "basis": "reg663_part7"}, "geometry": {"type": "Polygon", "coordinates": [[[-81.4739, 42.7578], [-81.6346, 42.8778], [-81.7606, 42.7856], [-81.8354, 42.8427], [-81.835, 42.6079], [-81.8261, 42.6117], [-81.8131, 42.6074], [-81.8072, 42.6091], [-81.8009, 42.6137], [-81.7996, 42.6206], [-81.7836, 42.6283], [-81.7818, 42.6332], [-81.7769, 42.6335], [-81.7802, 42.6403], [-81.7743, 42.6476], [-81.7599, 42.6459], [-81.7564, 42.6502], [-81.7414, 42.6558], [-81.7371, 42.6615], [-81.7191, 42.651], [-81.72, 42.6449], [-81.7142, 42.6399], [-81.7076, 42.6421], [-81.7022, 42.6389], [-81.7041, 42.6439], [-81.6978, 42.6501], [-81.7111, 42.651], [-81.708, 42.6606], [-81.7151, 42.6616], [-81.7169, 42.666], [-81.7034, 42.6745], [-81.6816, 42.6735], [-81.6789, 42.6797], [-81.6863, 42.6914], [-81.6859, 42.6965], [-81.6702, 42.7024], [-81.6518, 42.6966], [-81.6427, 42.6841], [-81.6286, 42.683], [-81.6246, 42.6907], [-81.6162, 42.6958], [-81.6185, 42.7008], [-81.6156, 42.7092], [-81.5999, 42.7118], [-81.6, 42.7211], [-81.6035, 42.7262], [-81.595, 42.7285], [-81.5869, 42.7262], [-81.5747, 42.7323], [-81.5732, 42.7363], [-81.5662, 42.7341], [-81.5637, 42.7375], [-81.5704, 42.74], [-81.5693, 42.7463], [-81.5603, 42.7466], [-81.5516, 42.7367], [-81.5389, 42.7395], [-81.5297, 42.7491], [-81.5201, 42.7506], [-81.5221, 42.7532], [-81.5323, 42.7532], [-81.5338, 42.7595], [-81.5175, 42.7661], [-81.509, 42.7643], [-81.4997, 42.756], [-81.4931, 42.7542], [-81.4825, 42.7563], [-81.4741, 42.7531], [-81.4739, 42.7578]], [[-81.7875, 42.6835], [-81.7975, 42.6754], [-81.8105, 42.6854], [-81.8005, 42.6931], [-81.7875, 42.6835]]]}}, {"type": "Feature", "properties": {"id": "on-sunday-34024", "name": "Township of Southwold", "listed_as": "Southwold, Township of", "geographic_area": "Elgin", "jurisdiction": "municipality", "sunday_gun": true, "basis": "reg663_part7"}, "geometry": {"type": "Polygon", "coordinates": [[[-81.2103, 42.7904], [-81.2097, 42.847], [-81.4365, 42.7903], [-81.4341, 42.7784], [-81.4223, 42.7823], [-81.4195, 42.7744], [-81.4616, 42.7741], [-81.4711, 42.7855], [-81.4817, 42.7838], [-81.4869, 42.7776], [-81.484, 42.7703], [-81.4783, 42.7702], [-81.4739, 42.7577], [-81.3307, 42.6482], [-81.2437, 42.6638], [-81.2442, 42.666], [-81.2376, 42.6648], [-81.2319, 42.6704], [-81.2288, 42.6692], [-81.2285, 42.677], [-81.222, 42.675], [-81.2136, 42.6788], [-81.211, 42.7473], [-81.2189, 42.7483], [-81.2167, 42.7578], [-81.2249, 42.7643], [-81.2167, 42.7685], [-81.2405, 42.7871], [-81.2303, 42.7912], [-81.2359, 42.7941], [-81.2191, 42.7958], [-81.2103, 42.7904]]]}}, {"type": "Feature", "properties": {"id": "on-sunday-32011", "name": "Township of South-West Oxford", "listed_as": "South-West Oxford, Township of", "geographic_area": "Oxford", "jurisdiction": "municipality", "sunday_gun": true, "basis": "reg663_part7"}, "geometry": {"type": "Polygon", "coordinates": [[[-80.7475, 43.0824], [-80.7591, 43.0985], [-80.7614, 43.1116], [-80.7657, 43.115], [-80.7737, 43.1097], [-80.7842, 43.1178], [-80.796, 43.1114], [-80.8027, 43.1125], [-80.8066, 43.1067], [-80.8115, 43.1051], [-80.8123, 43.1076], [-80.8189, 43.1032], [-80.822, 43.0965], [-80.8243, 43.0995], [-80.8299, 43.0953], [-80.8318, 43.0985], [-80.8439, 43.0921], [-80.8414, 43.0871], [-80.8473, 43.077], [-80.855, 43.0708], [-80.8569, 43.0647], [-80.8601, 43.0653], [-80.8704, 43.0544], [-80.8682, 43.0508], [-80.871, 43.0487], [-80.8475, 43.0327], [-80.852, 43.0263], [-80.8481, 43.0225], [-80.8695, 43.0073], [-80.8886, 43.0049], [-80.8919, 43.0091], [-80.8977, 43.0051], [-80.9059, 43.0116], [-80.9014, 43.0147], [-80.9172, 43.026], [-80.9233, 43.0198], [-80.9361, 43.0143], [-80.9389, 43.0164], [-80.9473, 43.0096], [-80.9338, 42.9994], [-80.923, 43.0008], [-80.8771, 42.8296], [-80.7513, 42.848], [-80.761, 42.8838], [-80.7232, 42.8891], [-80.718, 42.8698], [-80.705, 42.8701], [-80.7465, 43.0239], [-80.7237, 43.0273], [-80.7435, 43.0828], [-80.7475, 43.0824]]]}}, {"type": "Feature", "properties": {"id": "on-sunday-43040", "name": "Township of Springwater", "listed_as": "Springwater, Township of", "geographic_area": "Simcoe", "jurisdiction": "municipality", "sunday_gun": true, "basis": "reg663_part7"}, "geometry": {"type": "Polygon", "coordinates": [[[-79.6564, 44.45], [-79.7174, 44.5201], [-79.7312, 44.514], [-79.7443, 44.5278], [-79.7497, 44.5471], [-79.7354, 44.563], [-79.7262, 44.5672], [-79.7962, 44.6484], [-79.8316, 44.6329], [-79.8344, 44.6361], [-79.9852, 44.5696], [-79.9726, 44.5535], [-79.9795, 44.5505], [-79.9744, 44.5444], [-79.9789, 44.5424], [-79.9648, 44.5261], [-79.9783, 44.5203], [-79.9684, 44.5098], [-79.9752, 44.5069], [-79.9656, 44.4956], [-79.9831, 44.4881], [-79.9119, 44.4033], [-79.8521, 44.3385], [-79.7328, 44.365], [-79.7449, 44.3806], [-79.751, 44.381], [-79.7491, 44.3854], [-79.7585, 44.3974], [-79.7442, 44.4036], [-79.7463, 44.4061], [-79.739, 44.4097], [-79.6997, 44.4244], [-79.7066, 44.4317], [-79.68, 44.4367], [-79.6802, 44.4398], [-79.6684, 44.4449], [-79.6527, 44.4285], [-79.6556, 44.4196], [-79.6433, 44.4346], [-79.6462, 44.4351], [-79.6504, 44.4297], [-79.6674, 44.4453], [-79.6564, 44.45]]]}}, {"type": "Feature", "properties": {"id": "on-sunday-38002", "name": "Township of St. Clair", "listed_as": "St. Clair, Township of", "geographic_area": "Lambton", "jurisdiction": "municipality", "sunday_gun": true, "basis": "reg663_part7"}, "geometry": {"type": "Polygon", "coordinates": [[[-82.45591798389701, 42.912507006890806], [-82.46002668517491, 42.912541906691246], [-82.47034888605076, 42.88742210177467], [-82.46825818246832, 42.85568369631567], [-82.48203708236466, 42.80825158730401], [-82.47194337720404, 42.78616618392872], [-82.46736537360356, 42.762419679983196], [-82.48391407606755, 42.73340747405558], [-82.4836618746188, 42.718452871436426], [-82.49503007641523, 42.699632867556964], [-82.51050997804305, 42.6650427606928], [-82.50970837547334, 42.63961465624974], [-82.50094187247159, 42.63644045612575], [-82.48574166742533, 42.632675656217025], [-82.48341846659748, 42.63147985612144], [-82.49175546961672, 42.63630345655819], [-82.50213337305354, 42.63877945647906], [-82.50252577336833, 42.64089945683345], [-82.50507167432879, 42.64279335704088], [-82.50696887673793, 42.66275126046514], [-82.49695327531934, 42.681145764204985], [-82.49216337497981, 42.693644666645085], [-82.48570127338408, 42.69806946774611], [-82.480869271851, 42.69766376791515], [-82.4857844734946, 42.69899576790512], [-82.47673607266417, 42.720527372146556], [-82.4782759744185, 42.73446637452285], [-82.46562777205195, 42.751379478128314], [-82.46304827205833, 42.760157179800586], [-82.47079067771065, 42.795556885635996], [-82.47368027862093, 42.79571798552009], [-82.47836228091768, 42.8049058869], [-82.46693788032572, 42.83690409308741], [-82.4613613819159, 42.87285219967074], [-82.45536578146726, 42.88811110264493], [-82.4586019841185, 42.905909005600975], [-82.45591798389701, 42.912507006890806]], [[-82.46132778398119, 42.89529320360507], [-82.45921558267935, 42.8883051024864], [-82.46373648332236, 42.88009770082195], [-82.46545528430406, 42.88494770158589], [-82.46539388447586, 42.88701050195044], [-82.46604548478382, 42.888154902118366], [-82.46398368441429, 42.891072002732614], [-82.46207058419488, 42.89511260353625], [-82.46355088445557, 42.89296860308657], [-82.46303738453943, 42.895595503572466], [-82.46132778398119, 42.89529320360507]], [[-82.4665308847255, 42.885897501698516], [-82.46457858357256, 42.87997890075902], [-82.46665828468826, 42.88506740154671], [-82.4665308847255, 42.885897501698516]], [[-82.46738978456852, 42.88132080085356], [-82.46488308351753, 42.87836310046056], [-82.4639301833739, 42.88000520079608], [-82.4632290830965, 42.87935690071747], [-82.46695418340231, 42.87016919892074], [-82.46738978456852, 42.88132080085356]], [[-82.46743378494533, 42.88524640153927], [-82.46642868419832, 42.88054070076494], [-82.46749618496877, 42.885290701543894], [-82.46743378494533, 42.88524640153927]], [[-82.4641857845484, 42.89184370285774], [-82.46864758542284, 42.8863385016699], [-82.46760858482108, 42.88331710119243], [-82.4688446852971, 42.884318901306166], [-82.46904178579291, 42.88901690211946], [-82.46760658538614, 42.8894315022639], [-82.4641857845484, 42.89184370285774]], [[-82.46558148450133, 42.88665690187907], [-82.46732458505822, 42.886832701822684], [-82.466121484769, 42.88773960204179], [-82.46558148450133, 42.88665690187907]], [[-82.46599778458246, 42.88613830176742], [-82.46428748349342, 42.88009970079474], [-82.46606088460948, 42.886218501778316], [-82.46599778458246, 42.88613830176742]], [[-82.46553048495642, 42.89174550277322], [-82.46737268535728, 42.88990290235823], [-82.46770738547568, 42.89006070236909], [-82.46553048495642, 42.89174550277322]], [[-82.4879380745074, 42.70277706846371], [-82.48700767402187, 42.70061896813006], [-82.4878450744029, 42.701949868322686], [-82.4900800750032, 42.70094826803503], [-82.49239667556924, 42.69929696762891], [-82.49268967561345, 42.6987889675249], [-82.49297477557857, 42.69744346727372], [-82.49186027517393, 42.69679166721443], [-82.49406157582305, 42.69643866704265], [-82.49318937585826, 42.6997730676733], [-82.4879380745074, 42.70277706846371]], [[-82.48732467407183, 42.700092468021566], [-82.49114587502118, 42.69753926738167], [-82.48762457423851, 42.700899068148644], [-82.48732467407183, 42.700092468021566]], [[-82.48798017435394, 42.70095756814127], [-82.49092797505453, 42.6986407675865], [-82.49142817506785, 42.697094367289274], [-82.4927316755061, 42.697473667291135], [-82.48798017435394, 42.70095756814127]], [[-82.49675247551431, 42.683958064710446], [-82.49734667545215, 42.68126646420663], [-82.49791887562283, 42.68119596416573], [-82.49675247551431, 42.683958064710446]], [[-82.50097757261437, 42.63788505637878], [-82.50373957353622, 42.6386233563717], [-82.5040529738957, 42.64150085686362], [-82.50230007308926, 42.63860605644019], [-82.50097757261437, 42.63788505637878]], [[-82.50071587251234, 42.63765425635107], [-82.49850347167197, 42.63594515615962], [-82.50119947259981, 42.63697265620681], [-82.50071587251234, 42.63765425635107]]]}}, {"type": "Feature", "properties": {"id": "on-sunday-12017", "name": "Township of Stirling-Rawdon", "listed_as": "Stirling-Rawdon, Township of", "geographic_area": "Hastings", "jurisdiction": "municipality", "sunday_gun": true, "basis": "reg663_part7"}, "geometry": {"type": "Polygon", "coordinates": [[[-77.4735, 44.3156], [-77.553, 44.4791], [-77.7274, 44.4366], [-77.6462, 44.2722], [-77.5674, 44.2913], [-77.5637, 44.2838], [-77.5373, 44.2904], [-77.5408, 44.2978], [-77.4735, 44.3156]]]}}, {"type": "Feature", "properties": {"id": "on-sunday-11023", "name": "Township of Stone Mills", "listed_as": "Stone Mills, Township of", "geographic_area": "Lennox and Addington", "jurisdiction": "municipality", "sunday_gun": true, "basis": "reg663_part7"}, "geometry": {"type": "Polygon", "coordinates": [[[-76.7286, 44.3741], [-76.9258, 44.6391], [-77.1905, 44.5705], [-76.9278, 44.2779], [-76.7286, 44.3741]]]}}, {"type": "Feature", "properties": {"id": "on-sunday-39013", "name": "Municipality of Strathroy-Caradoc", "listed_as": "Strathroy-Caradoc, Municipality of", "geographic_area": "Middlesex", "jurisdiction": "municipality", "sunday_gun": true, "basis": "reg663_part7"}, "geometry": {"type": "Polygon", "coordinates": [[[-81.43651885551922, 42.79026723552165], [-81.4328983548458, 42.795391436604625], [-81.42568235245989, 42.79390013668937], [-81.42409815197665, 42.794028336788685], [-81.4228336516441, 42.79472673697354], [-81.42486555265951, 42.7989995376323], [-81.42193995238252, 42.80613663903798], [-81.42335645307406, 42.80893003946423], [-81.4237589532272, 42.80923773949925], [-81.43511565685183, 42.81011563910527], [-81.43257535734152, 42.824482641771866], [-81.44038776013063, 42.8283927420857], [-81.4409065607602, 42.833622842986166], [-81.43517695928114, 42.83709404387791], [-81.4268608566185, 42.83636414415142], [-81.42239015499143, 42.83378254391098], [-81.41936115398718, 42.8331319439424], [-81.41796515354353, 42.8330467439949], [-81.40936665103625, 42.83504564476477], [-81.4064296502573, 42.83659604518126], [-81.40533065076363, 42.84610504691727], [-81.3993264492929, 42.850637848009875], [-81.38760024729481, 42.869269551873266], [-81.39155204895563, 42.87402875252357], [-81.40584965307265, 42.87010685113779], [-81.40856595349213, 42.86531085015813], [-81.4118766545183, 42.865217849981356], [-81.42495346072427, 42.88888115353076], [-81.4337348633741, 42.887830652919355], [-81.41870505979212, 42.90025965584418], [-81.42425156189671, 42.9043951563057], [-81.42377856229834, 42.91051595740972], [-81.43693206594226, 42.90531545585307], [-81.44161606812555, 42.913325757040305], [-81.44125736840688, 42.91770375783064], [-81.4376734673748, 42.91868345817761], [-81.55505671184957, 43.0049602676683], [-81.60403092375205, 42.96747045867695], [-81.60048302303092, 42.97174115960226], [-81.60046652486723, 42.992049563177474], [-81.62681283308584, 42.99192886186761], [-81.62694113094909, 42.96793835763946], [-81.64586313684694, 42.967822956693595], [-81.64603353634818, 42.961737755614145], [-81.64964633747691, 42.96174665543897], [-81.64960813801744, 42.96783695651283], [-81.65336333919068, 42.96784595633065], [-81.65339953809735, 42.9556679541852], [-81.64690063628409, 42.95804555492172], [-81.64601783467174, 42.9432953523674], [-81.6396292326762, 42.94328155267733], [-81.68158874302054, 42.91290384527371], [-81.47392086429475, 42.75775052794964], [-81.54032588950813, 42.808066833643494], [-81.50712688177872, 42.83744634045201], [-81.49144547724836, 42.841522541933834], [-81.46859297188863, 42.86134424654731], [-81.45801946443041, 42.81490003884362], [-81.4467219616892, 42.82369954094837], [-81.43764975848454, 42.81953874065104], [-81.4354879569918, 42.81038143913436], [-81.43339485616208, 42.808408238886194], [-81.42393325327187, 42.80912803947136], [-81.42212745244505, 42.806180939036764], [-81.42510065275158, 42.79920873765796], [-81.42299135169701, 42.794767836973186], [-81.43308485491576, 42.795522536618805], [-81.43651885551922, 42.79026723552165]], [[-81.40991245120979, 42.83507994474447], [-81.42412465566811, 42.835292344094185], [-81.41563685338194, 42.83937724522794], [-81.40991245120979, 42.83507994474447]]]}}, {"type": "Feature", "properties": {"id": "on-sunday-49046", "name": "Township of Strong", "listed_as": "Strong, Township of", "geographic_area": "Parry Sound", "jurisdiction": "municipality", "sunday_gun": true, "basis": "reg663_part7"}, "geometry": {"type": "Polygon", "coordinates": [[[-79.3011, 45.7062], [-79.3657, 45.8253], [-79.5223, 45.7838], [-79.4571, 45.6642], [-79.3011, 45.7062]], [[-79.3767, 45.7736], [-79.3941, 45.7682], [-79.3969, 45.7598], [-79.4058, 45.7758], [-79.3815, 45.7824], [-79.3767, 45.7736]]]}}, {"type": "Feature", "properties": {"id": "on-sunday-43070", "name": "Township of Tay", "listed_as": "Tay, Township of", "geographic_area": "Simcoe", "jurisdiction": "municipality", "sunday_gun": true, "basis": "reg663_part7"}, "geometry": {"type": "MultiPolygon", "coordinates": [[[[-79.78296601454677, 44.77292865938367], [-79.78602801516996, 44.76913535859243], [-79.78526661465307, 44.766282558145534], [-79.78312171406226, 44.767321958425576], [-79.78296601454677, 44.77292865938367]]], [[[-79.8020752184178, 44.749067354412624], [-79.80221411858015, 44.75030225461536], [-79.8026248186234, 44.74937045443744], [-79.8020752184178, 44.749067354412624]]], [[[-79.72024539691725, 44.799699566954054], [-79.72229319757855, 44.799722566859], [-79.72035499691573, 44.79931386688341], [-79.72024539691725, 44.799699566954054]]]]}}, {"type": "Feature", "properties": {"id": "on-sunday-9010", "name": "Township of Tay Valley", "listed_as": "Tay Valley, Township of", "geographic_area": "Lanark", "jurisdiction": "municipality", "sunday_gun": true, "basis": "reg663_part7"}, "geometry": {"type": "Polygon", "coordinates": [[[-76.2643, 44.9009], [-76.3834, 44.996], [-76.6087, 44.8579], [-76.5312, 44.7189], [-76.5262, 44.722], [-76.5222, 44.7184], [-76.4662, 44.7513], [-76.47, 44.7547], [-76.4032, 44.794], [-76.2902, 44.7029], [-76.2468, 44.7296], [-76.2374, 44.7393], [-76.2025, 44.7862], [-76.2008, 44.7996], [-76.1884, 44.814], [-76.2618, 44.8789], [-76.2533, 44.8842], [-76.2612, 44.8909], [-76.2572, 44.8923], [-76.2576, 44.8956], [-76.2589, 44.8922], [-76.2648, 44.8935], [-76.2706, 44.8898], [-76.2817, 44.8991], [-76.2732, 44.9041], [-76.2643, 44.9009]]]}}, {"type": "Feature", "properties": {"id": "on-sunday-37043", "name": "Town of Tecumseh", "listed_as": "Tecumseh, Town of", "geographic_area": "Essex", "jurisdiction": "municipality", "sunday_gun": true, "basis": "reg663_part7"}, "geometry": {"type": "Polygon", "coordinates": [[[-82.8431, 42.3201], [-82.8547, 42.3674], [-82.9019, 42.3568], [-82.896, 42.3328], [-82.8792, 42.3313], [-82.8431, 42.3201]]]}}, {"type": "Feature", "properties": {"id": "on-sunday-39025", "name": "Municipality of Thames Centre", "listed_as": "Thames Centre, Municipality of", "geographic_area": "Middlesex", "jurisdiction": "municipality", "sunday_gun": true, "basis": "reg663_part7"}, "geometry": {"type": "Polygon", "coordinates": [[[-80.9473, 43.0096], [-80.9591, 42.9972], [-80.9741, 42.9939], [-80.977, 42.9857], [-80.9844, 42.9862], [-80.9828, 42.9879], [-80.9864, 42.9888], [-80.9868, 42.9927], [-80.9938, 42.9927], [-81.0234, 43.0505], [-81.0376, 43.0461], [-81.1323, 43.2315], [-81.2424, 43.198], [-81.1786, 43.0738], [-81.1928, 43.0717], [-81.179, 43.059], [-81.1688, 43.0546], [-81.1661, 43.0491], [-81.1503, 43.0537], [-81.1477, 43.0485], [-81.132, 43.0533], [-81.1267, 43.0427], [-81.1346, 43.0403], [-81.1263, 43.0236], [-81.1299, 43.0226], [-81.1293, 43.0189], [-81.1202, 43.0053], [-81.1144, 43.002], [-81.1248, 42.9988], [-81.1218, 42.9929], [-81.1294, 42.9906], [-81.1314, 42.9821], [-81.1299, 42.9782], [-81.1265, 42.9799], [-81.1226, 42.9772], [-81.1071, 42.9295], [-81.1164, 42.9287], [-81.1149, 42.9228], [-81.1268, 42.9216], [-81.1198, 42.8911], [-81.0823, 42.8916], [-81.0807, 42.8852], [-80.8987, 42.9128], [-80.923, 43.0008], [-80.9338, 42.9994], [-80.9473, 43.0096]]]}}, {"type": "Feature", "properties": {"id": "on-sunday-49005", "name": "Township of The Archipelago", "listed_as": "The Archipelago, Township of", "geographic_area": "Parry Sound", "jurisdiction": "municipality", "sunday_gun": true, "basis": "reg663_part7"}, "geometry": {"type": "MultiPolygon", "coordinates": [[[[-80.0551551414073, 45.17710941412422], [-80.06041854267971, 45.17280501314498], [-80.06136634325512, 45.17554021355538], [-80.0710797464479, 45.17615991317951], [-80.08005724860824, 45.16872511149351], [-80.07563654674725, 45.16430541097284], [-80.05883394159767, 45.16701281225475], [-80.07511374643005, 45.16279791074658], [-80.08663764946459, 45.155905209025185], [-80.08474094838934, 45.151200008331934], [-80.08330964781159, 45.150018408204964], [-80.08150024724652, 45.150201808324915], [-80.08363534810408, 45.151920408506975], [-80.07346814553966, 45.15914781021751], [-80.0761776457185, 45.15210330890568], [-80.07245774485823, 45.155539009663876], [-80.06960334365913, 45.152707209331076], [-80.07129544458908, 45.15660950990022], [-80.06836914403044, 45.16051061069701], [-80.06507814271312, 45.15790911042434], [-80.06751704329277, 45.15581370995356], [-80.06324764173131, 45.15393340984974], [-80.06057144135258, 45.158844310803076], [-80.05760124020199, 45.15688441062185], [-80.05689104011171, 45.15829191089224], [-80.04641793689801, 45.1599423116848], [-80.05787274011148, 45.1550775103062], [-80.04521263506372, 45.14525920928785], [-80.04983693628787, 45.142552308606994], [-80.05502793833129, 45.14631300898033], [-80.05645063842323, 45.14258920828713], [-80.04335053374449, 45.137951508156675], [-80.03589943170222, 45.14160650913555], [-80.03352893067046, 45.13888510879688], [-80.02397772758968, 45.13886640926413], [-80.02666442829079, 45.137187908850876], [-80.02369232716379, 45.13546970870957], [-80.0312479295181, 45.134643108199135], [-80.02845772850038, 45.133439908135095], [-80.03132332910529, 45.130196607451055], [-80.0249800271226, 45.130826507868875], [-80.02736812754053, 45.12724630715182], [-80.02337552610875, 45.12577180710147], [-80.01578702357324, 45.12486050732241], [-80.00574312083086, 45.12990450866133], [-80.00419692073326, 45.13398680942095], [-80.00661502135931, 45.13242360904027], [-80.00934962267033, 45.13679510963761], [-80.0130085235833, 45.13408150900322], [-80.01776982538053, 45.136751109215744], [-80.01090122367705, 45.14194901042398], [-80.01489652502958, 45.14260481033706], [-80.01421802519795, 45.146542411029465], [-80.02743302909339, 45.14283050975746], [-80.02364052825001, 45.14668721058973], [-80.0305965309475, 45.15131121102078], [-80.02491562923254, 45.15249601149889], [-80.02860303065312, 45.15485011171111], [-80.02468272947446, 45.155717012049315], [-80.03280073267464, 45.161637112639575], [-80.02408562949852, 45.157917612446845], [-80.02655313066566, 45.16169231295672], [-80.02230092916339, 45.16035971294331], [-80.02288262980963, 45.165018613693924], [-80.031391933239, 45.17197751443832], [-80.03646833435857, 45.16672711331006], [-80.03642623407092, 45.16394521284688], [-80.03349333323723, 45.16508161318153], [-80.03774293431127, 45.162075012469195], [-80.03637893366287, 45.159956912182146], [-80.04073253512776, 45.1605789120716], [-80.04458063701107, 45.16710141297268], [-80.05080443848077, 45.16165331175462], [-80.04866683824494, 45.166253312629294], [-80.05121423920228, 45.16763371273449], [-80.05320693949679, 45.16410371204591], [-80.05827284112075, 45.16401051178044], [-80.04962893888599, 45.169610013143156], [-80.05122293960625, 45.1717027134144], [-80.05781394143308, 45.168678712583606], [-80.05231594019473, 45.17409721376078], [-80.0551551414073, 45.17710941412422]]], [[[-80.05365593274325, 45.093963500282335], [-80.05653233371993, 45.09447340022614], [-80.05858223435808, 45.09424730008727], [-80.05365593274325, 45.093963500282335]]], [[[-80.06025683491481, 45.0944233000343], [-80.06383643609294, 45.09467769990066], [-80.06000593481527, 45.094232100014615], [-80.06025683491481, 45.0944233000343]]], [[[-80.07994254156894, 45.09760829959803], [-80.08295424261925, 45.0984247995864], [-80.0838342428052, 45.097432499376794], [-80.07994254156894, 45.09760829959803]]], [[[-80.06860073794441, 45.09790320020637], [-80.07214473917469, 45.09880540018286], [-80.0724442392272, 45.098357800093154], [-80.06860073794441, 45.09790320020637]]], [[[-80.07309863947833, 45.098768100129654], [-80.07979584164097, 45.098822499808705], [-80.07530274007864, 45.097651799834004], [-80.07309863947833, 45.098768100129654]]], [[[-80.07295983950513, 45.09949600025838], [-80.07186133926004, 45.10060330049801], [-80.07351293971912, 45.09986070029225], [-80.07295983950513, 45.09949600025838]]], [[[-80.07333533973781, 45.100633500430455], [-80.07341783987943, 45.10180430062255], [-80.07440534014438, 45.1012632004832], [-80.07333533973781, 45.100633500430455]]], [[[-80.09626954717336, 45.10112369938193], [-80.09939524826663, 45.10200359937511], [-80.10002214844246, 45.10173849929982], [-80.09626954717336, 45.10112369938193]]], [[[-80.09129174554047, 45.100822899577025], [-80.09671794737477, 45.10170329945686], [-80.09391734634131, 45.10036669937113], [-80.09129174554047, 45.100822899577025]]], [[[-80.08213854260444, 45.10094750004917], [-80.08409434339875, 45.102619600232856], [-80.08665454419096, 45.102289200051274], [-80.08213854260444, 45.10094750004917]]], [[[-80.10826175131874, 45.10400019927211], [-80.11107135230107, 45.10478739926526], [-80.11177365250832, 45.104594899198354], [-80.10972955175366, 45.10361569913529], [-80.10826175131874, 45.10400019927211]]], [[[-80.09659604754084, 45.10379089981256], [-80.10481635029409, 45.104864199586764], [-80.09566764716581, 45.10301839972893], [-80.09659604754084, 45.10379089981256]]], [[[-80.08981324548265, 45.10507820036266], [-80.0950762471758, 45.105057100099536], [-80.09192034602226, 45.103663600021804], [-80.08981324548265, 45.10507820036266]]], [[[-80.11839695479887, 45.10619469913933], [-80.12191925600685, 45.10694179909055], [-80.1220741560409, 45.10678109905603], [-80.11839695479887, 45.10619469913933]]], [[[-80.07146933942882, 45.10360680102049], [-80.0796494422554, 45.10555460094355], [-80.07765744135823, 45.102954900606285], [-80.07146933942882, 45.10360680102049]]], [[[-80.0940630469841, 45.10642640037884], [-80.09697304792726, 45.106485700245216], [-80.09367454682325, 45.10606310033717], [-80.0940630469841, 45.10642640037884]]], [[[-80.10122354942634, 45.10780680025675], [-80.10325365002424, 45.1072376000613], [-80.0989852486328, 45.10706890024361], [-80.10122354942634, 45.10780680025675]]], [[[-80.12119355586206, 45.107845599277695], [-80.12522505722995, 45.10855159919682], [-80.12107585576295, 45.10722349917937], [-80.12119355586206, 45.107845599277695]]], [[[-80.09831094857712, 45.10871100055187], [-80.10134784948423, 45.10798780028091], [-80.09766104821851, 45.107193400329805], [-80.09831094857712, 45.10871100055187]]], [[[-80.11382615361484, 45.109120799854885], [-80.11770275486718, 45.10915979967003], [-80.1133860534426, 45.108811499824796], [-80.11382615361484, 45.109120799854885]]], [[[-80.1168992544634, 45.107686399463056], [-80.12261465658142, 45.110502999652404], [-80.12364925680102, 45.109349699408256], [-80.1168992544634, 45.107686399463056]]], [[[-80.10757695188964, 45.11204290065252], [-80.10499375067377, 45.108142600126975], [-80.10126944971047, 45.11054400071281], [-80.10488115086595, 45.11046440052128], [-80.10757695188964, 45.11204290065252]]], [[[-80.13344846013628, 45.11117109922927], [-80.13659456119257, 45.11160909914716], [-80.13294715992835, 45.11069919917499], [-80.13344846013628, 45.11117109922927]]], [[[-80.06469523815923, 45.112895302910005], [-80.0686202393668, 45.112315302619464], [-80.06894903940666, 45.111642902490615], [-80.06670593864142, 45.11121040252875], [-80.06469523815923, 45.112895302910005]]], [[[-80.1295295588136, 45.11055609931983], [-80.13306496019163, 45.112986599552066], [-80.13164055957131, 45.1113464993479], [-80.1295295588136, 45.11055609931983]]], [[[-80.12107145627824, 45.11247160005815], [-80.12492455742992, 45.11156489971614], [-80.1199031558124, 45.111562299963616], [-80.12107145627824, 45.11247160005815]]], [[[-80.12561295788535, 45.11393790007933], [-80.12668945817788, 45.113387899934146], [-80.12556745783696, 45.11359540002427], [-80.12561295788535, 45.11393790007933]]], [[[-80.0768254421311, 45.11354340242064], [-80.07997204302868, 45.1123626020678], [-80.07652034187855, 45.11197460217296], [-80.0768254421311, 45.11354340242064]]], [[[-80.0721517405207, 45.112479202472805], [-80.072115940803, 45.115467502975], [-80.07301624103006, 45.114826702823336], [-80.0721517405207, 45.112479202472805]]], [[[-80.11498435438308, 45.11313570046982], [-80.11805575556794, 45.11512190065071], [-80.1168804550626, 45.113834400493225], [-80.11498435438308, 45.11313570046982]]], [[[-80.08163714387814, 45.11554510251855], [-80.08276264427704, 45.115914202524856], [-80.08298744429655, 45.11537600242365], [-80.08163714387814, 45.11554510251855]]], [[[-80.07888234304245, 45.116071902742576], [-80.0799651434568, 45.11673770280065], [-80.07979984332543, 45.11594410267596], [-80.07888234304245, 45.116071902742576]]], [[[-80.07342384146446, 45.11790900331929], [-80.0784827430249, 45.11720280295166], [-80.07700234227232, 45.114400102555344], [-80.07342384146446, 45.11790900331929]]], [[[-80.0719561411799, 45.11982360371222], [-80.07193594129646, 45.12107470392267], [-80.07268754145335, 45.120207603740454], [-80.0719561411799, 45.11982360371222]]], [[[-80.01574492300199, 45.119180106373086], [-80.01851742403669, 45.12061720647739], [-80.01836852374997, 45.11818560607742], [-80.01574492300199, 45.119180106373086]]], [[[-79.97815381092501, 45.119596708291425], [-79.97680751055331, 45.12023290846421], [-79.97602771039568, 45.12118920866274], [-79.97815381092501, 45.119596708291425]]], [[[-80.06554743911862, 45.119860904034375], [-80.06880364016071, 45.1197887038618], [-80.06222533799505, 45.119320404107604], [-80.06554743911862, 45.119860904034375]]], [[[-80.09585094909127, 45.12198750289589], [-80.09655184930696, 45.12188500284417], [-80.0961445490204, 45.120306502600044], [-80.09585094909127, 45.12198750289589]]], [[[-80.04034523123413, 45.12227040567957], [-80.04400913240386, 45.122157505480224], [-80.04371073219329, 45.120993605300036], [-80.04034523123413, 45.12227040567957]]], [[[-80.02503752637266, 45.123004606556265], [-80.02950712769848, 45.1218364061406], [-80.0322592283296, 45.119231305568846], [-80.0258323264447, 45.121130006203195], [-80.02503752637266, 45.123004606556265]]], [[[-80.07866104354662, 45.12192180373285], [-80.07837514364734, 45.12388170407508], [-80.08004514408134, 45.122824103815674], [-80.07866104354662, 45.12192180373285]]], [[[-80.0311143283328, 45.12302030625973], [-80.03116262851113, 45.12467700653479], [-80.03234742873211, 45.12303960620227], [-80.0311143283328, 45.12302030625973]]], [[[-80.1048680523835, 45.12592060310916], [-80.10817895333919, 45.12479440275719], [-80.10916035356121, 45.12383880254882], [-80.1068055528185, 45.124000302692146], [-80.1048680523835, 45.12592060310916]]], [[[-79.9759111107172, 45.12485180928204], [-79.976845211126, 45.12594920942001], [-79.97732251124233, 45.12556640933241], [-79.9759111107172, 45.12485180928204]]], [[[-80.0943642487636, 45.12352400322647], [-80.09177154815576, 45.125834703741084], [-80.09309604849226, 45.12491810352235], [-80.0943642487636, 45.12352400322647]]], [[[-80.07783374359566, 45.125128904310515], [-80.08181584494297, 45.12578220422348], [-80.08203324492725, 45.12491070406688], [-80.07783374359566, 45.125128904310515]]], [[[-80.05694473677248, 45.12419220518359], [-80.0630269387834, 45.1247108049706], [-80.06464633904883, 45.12210420445441], [-80.05694473677248, 45.12419220518359]]], [[[-79.97237960976875, 45.12679150978056], [-79.97361971020149, 45.127126609775736], [-79.97377081018942, 45.12650690966454], [-79.97237960976875, 45.12679150978056]]], [[[-80.06247363872066, 45.125885405194516], [-80.06626753991442, 45.125592704958514], [-80.06525363941594, 45.123846804716216], [-80.06247363872066, 45.125885405194516]]], [[[-80.03943413143605, 45.127312806568774], [-80.04403393286395, 45.12675770624922], [-80.03980383132635, 45.12498430616067], [-80.04410733260626, 45.12389540576641], [-80.03643203002986, 45.12284940596926], [-80.03943413143605, 45.127312806568774]]], [[[-80.12950716051581, 45.12790260222398], [-80.13053646077007, 45.1271185020419], [-80.1295748604285, 45.12679590203543], [-80.12950716051581, 45.12790260222398]]], [[[-80.09895725070523, 45.12821460378482], [-80.10329345186352, 45.12579130316521], [-80.10097245115826, 45.12622300335205], [-80.09941175063301, 45.12599470339089], [-80.108636853166, 45.1215391021898], [-80.1013202509231, 45.12269700274475], [-80.09820355024547, 45.12601210345342], [-80.09895725070523, 45.12821460378482]]], [[[-80.10139315144575, 45.12776570358944], [-80.10193315166181, 45.12819290363426], [-80.10506075259381, 45.12742530335144], [-80.10139315144575, 45.12776570358944]]], [[[-80.03214582909952, 45.12743990694901], [-80.03367262973264, 45.12887520711413], [-80.03379512965284, 45.1276611069048], [-80.03214582909952, 45.12743990694901]]], [[[-80.07276044219071, 45.12746420495164], [-80.07560584328085, 45.129224805106006], [-80.07579774317982, 45.127569804819515], [-80.07276044219071, 45.12746420495164]]], [[[-80.06803944091905, 45.13000040560896], [-80.0698921413873, 45.128692005298575], [-80.06768864077469, 45.12968250557301], [-80.06803944091905, 45.13000040560896]]], [[[-80.11489515597532, 45.129590603228195], [-80.11623615620785, 45.127566502823264], [-80.11317965525193, 45.12785770302291], [-80.11489515597532, 45.129590603228195]]], [[[-80.09133594842902, 45.130035104465556], [-80.09619924996517, 45.129722804173326], [-80.0912536482819, 45.12881020426468], [-80.09133594842902, 45.130035104465556]]], [[[-80.11289905532898, 45.129557003321146], [-80.11552175631603, 45.13099970343301], [-80.11592205640716, 45.13061570334898], [-80.11289905532898, 45.129557003321146]]], [[[-80.06028603824683, 45.128235205695695], [-80.06186723903487, 45.131066106091616], [-80.06145973883059, 45.13032450598761], [-80.06420633956382, 45.12878070559374], [-80.06028603824683, 45.128235205695695]]], [[[-80.03651653082422, 45.130655007272], [-80.03871823159854, 45.13131280727367], [-80.03919593163613, 45.13012870705192], [-80.03651653082422, 45.130655007272]]], [[[-80.12272675867271, 45.131361403137625], [-80.12449155917868, 45.13072680294423], [-80.12264395860694, 45.13096460307533], [-80.12272675867271, 45.131361403137625]]], [[[-80.0644648399281, 45.131636606059054], [-80.06507433997794, 45.13014710577966], [-80.06340793944317, 45.13016940586557], [-80.0644648399281, 45.131636606059054]]], [[[-80.05730123764297, 45.13187450645204], [-80.05982503811822, 45.12843830575245], [-80.05707783685617, 45.1246074052465], [-80.05153643520661, 45.1259924057515], [-80.05730123764297, 45.13187450645204]]], [[[-80.09821825087356, 45.13234060451173], [-80.10011805161484, 45.1336518046373], [-80.10022565145269, 45.13165430429781], [-80.09821825087356, 45.13234060451173]]], [[[-79.98776221531347, 45.13275301002284], [-79.98955931601195, 45.13396621013763], [-79.98872731556183, 45.132113409868275], [-79.98776221531347, 45.13275301002284]]], [[[-80.10842355436547, 45.134410204354126], [-80.10958095465674, 45.133582104158435], [-80.10844695430467, 45.13371730423704], [-80.10842355436547, 45.134410204354126]]], [[[-80.0356681306784, 45.131953107531146], [-80.03859743181975, 45.13395870772256], [-80.03982953207625, 45.13252880742248], [-80.0356681306784, 45.131953107531146]]], [[[-80.09732145078344, 45.13435880489368], [-80.09759955096287, 45.13527040503248], [-80.09820885108694, 45.134537004879704], [-80.09732145078344, 45.13435880489368]]], [[[-80.07276894299007, 45.13555720630567], [-80.07784934443627, 45.13361790573053], [-80.07466544305062, 45.12996420527613], [-80.06957524181654, 45.13409080621781], [-80.06780114097668, 45.1313668058494], [-80.06604544056809, 45.13296380620325], [-80.07276894299007, 45.13555720630567]]], [[[-80.09963125155876, 45.13467430483246], [-80.10070335196001, 45.1352409048743], [-80.10102645195259, 45.13410910466896], [-80.09963125155876, 45.13467430483246]]], [[[-79.9956157178073, 45.1323633095713], [-80.00188622018082, 45.13594700986285], [-80.0044599204108, 45.12983930871355], [-79.99288571683194, 45.13139400954325], [-79.9907348163602, 45.13365241002724], [-79.9956157178073, 45.1323633095713]]], [[[-80.03753743157901, 45.13498500794659], [-80.03931433232057, 45.13670180814641], [-80.04221373303264, 45.134439707624935], [-80.03753743157901, 45.13498500794659]]], [[[-80.04163563303001, 45.13630740796604], [-80.0436368337245, 45.13681050795162], [-80.04360503360178, 45.135666907761774], [-80.04163563303001, 45.13630740796604]]], [[[-80.02682332852534, 45.139052909155254], [-80.03466933098854, 45.13838170865643], [-80.03752133174116, 45.13668650823217], [-80.03322443019754, 45.13507400817396], [-80.034311830734, 45.136965108436904], [-80.02682332852534, 45.139052909155254]]], [[[-80.0519601366772, 45.139554208000604], [-80.06016963928813, 45.1391989075364], [-80.06553564041138, 45.133040706241275], [-80.06203103909661, 45.131157306098785], [-80.0541254368268, 45.13398180696127], [-80.05130593574391, 45.13221160680393], [-80.05429493670528, 45.13219170665331], [-80.05395453635091, 45.12970400625363], [-80.0478221343925, 45.12988660658641], [-80.04517453415149, 45.13611230775903], [-80.0519601366772, 45.139554208000604]]], [[[-80.06584374110723, 45.13910150724037], [-80.06900274209593, 45.13880320703458], [-80.06882604187578, 45.137145506765954], [-80.06584374110723, 45.13910150724037]]], [[[-80.0510626365812, 45.14151830837355], [-80.05591223812344, 45.14130640809899], [-80.05471383767771, 45.140702408056995], [-80.0510626365812, 45.14151830837355]]], [[[-80.00942092322768, 45.14223311054439], [-80.00995432318778, 45.14007731015731], [-80.01184622359857, 45.138050309724846], [-80.00809072255176, 45.139719010189026], [-80.00942092322768, 45.14223311054439]]], [[[-80.0875328482284, 45.14043800639392], [-80.09505065088571, 45.1428206064214], [-80.09503765072532, 45.141236106157], [-80.09732565139429, 45.14054320592814], [-80.0963735509945, 45.13959960581727], [-80.10489055401074, 45.142358505858255], [-80.11308025617548, 45.137552204649786], [-80.09949275206235, 45.140236605769864], [-80.09714895100984, 45.13722010538094], [-80.09289955004351, 45.14130900627476], [-80.09140694927403, 45.13838050585852], [-80.0875328482284, 45.14043800639392]]], [[[-80.12762006142138, 45.143245704883704], [-80.12926046195372, 45.143285204809246], [-80.1296227620299, 45.142874104722594], [-80.12762006142138, 45.143245704883704]]], [[[-80.06202814041156, 45.14452550833602], [-80.06321154071414, 45.14372490814372], [-80.06215794036127, 45.14359030817319], [-80.06202814041156, 45.14452550833602]]], [[[-80.12788356161215, 45.14431900505014], [-80.129410062106, 45.14433980497819], [-80.12952106207965, 45.143710404867484], [-80.12788356161215, 45.14431900505014]]], [[[-80.07372154415596, 45.14427870771798], [-80.07462784450642, 45.14487130777244], [-80.07477994448193, 45.14412520764009], [-80.07372154415596, 45.14427870771798]]], [[[-80.00599442251023, 45.14617361137262], [-80.00917812344386, 45.14522921105786], [-80.00424412184523, 45.145149911287476], [-80.00599442251023, 45.14617361137262]]], [[[-80.06048344002323, 45.145638008598375], [-80.06152394044983, 45.14656470870209], [-80.0619745404873, 45.14547010849675], [-80.06048344002323, 45.145638008598375]]], [[[-80.00217992120086, 45.1453658114252], [-80.00120732084754, 45.14496101140529], [-79.99931382044149, 45.147041911846806], [-80.00217992120086, 45.1453658114252]]], [[[-80.06447054150394, 45.14762410873402], [-80.06897524294614, 45.14752590849535], [-80.07228184355252, 45.142862807552085], [-80.06695044176881, 45.14219820770388], [-80.06447054150394, 45.14762410873402]]], [[[-80.0812433467111, 45.14560870756934], [-80.08454884786498, 45.146508507556746], [-80.08495894782001, 45.144711307235866], [-80.0812433467111, 45.14560870756934]]], [[[-80.09548015159956, 45.14865750737652], [-80.09636225177795, 45.14758430715346], [-80.09436855095379, 45.145740906943594], [-80.09862635195108, 45.1419400060976], [-80.09343245054046, 45.144608106800334], [-80.09548015159956, 45.14865750737652]]], [[[-80.06711224245856, 45.148672008778995], [-80.0671204424107, 45.14815890869273], [-80.06617794219129, 45.14901550888255], [-80.06711224245856, 45.148672008778995]]], [[[-80.0754178452965, 45.15030580864251], [-80.07718064574362, 45.14907780835008], [-80.07481264499096, 45.14918460848482], [-80.0754178452965, 45.15030580864251]]], [[[-80.0787481464639, 45.15125990863774], [-80.08130304714376, 45.14980410826818], [-80.08086184689924, 45.148765408116176], [-80.07941914638873, 45.14830360811015], [-80.0787481464639, 45.15125990863774]]], [[[-80.02340192866974, 45.151735811446315], [-80.02587362914898, 45.148507010784236], [-80.02275602793136, 45.14634651057624], [-80.0160994259567, 45.148089611195786], [-80.02340192866974, 45.151735811446315]]], [[[-80.13837786575027, 45.15198840581365], [-80.14092156657523, 45.152043705697146], [-80.14166316670531, 45.15094180547622], [-80.13984546602592, 45.14999200540731], [-80.13837786575027, 45.15198840581365]]], [[[-80.09428505144784, 45.15102450783137], [-80.09440305162265, 45.15241170805754], [-80.0949249517105, 45.15159680789549], [-80.09428505144784, 45.15102450783137]]], [[[-80.11089125693546, 45.15240690724232], [-80.11370155793111, 45.15332000725614], [-80.11179545714045, 45.151531807051306], [-80.11089125693546, 45.15240690724232]]], [[[-80.06674544270989, 45.15242270942445], [-80.06841104340688, 45.154047609614075], [-80.06912204341394, 45.151793909202084], [-80.06674544270989, 45.15242270942445]]], [[[-80.1353111647671, 45.15203720597348], [-80.1391403662535, 45.15459590621185], [-80.13997106641236, 45.15349490598671], [-80.1353111647671, 45.15203720597348]]], [[[-80.142400367284, 45.15439540601708], [-80.14397196783061, 45.15480350600759], [-80.14369706762355, 45.15360400582071], [-80.142400367284, 45.15439540601708]]], [[[-80.08818414968283, 45.15306390847368], [-80.09155935098366, 45.15522440866832], [-80.0915222508846, 45.15434170852257], [-80.08818414968283, 45.15306390847368]]], [[[-80.1309480637715, 45.15619010688347], [-80.13439256473897, 45.154749106472266], [-80.13472796464991, 45.15275290612196], [-80.1329196640793, 45.152874406231724], [-80.1309480637715, 45.15619010688347]]], [[[-80.09263475121034, 45.15400890841197], [-80.09715915286023, 45.155953508513704], [-80.09690375262502, 45.154403208267055], [-80.09263475121034, 45.15400890841197]]], [[[-80.1413264670555, 45.15558470626904], [-80.14012176672607, 45.15617880642791], [-80.14108336707037, 45.156528106438735], [-80.1413264670555, 45.15558470626904]]], [[[-80.13580846533765, 45.156191206643335], [-80.1376057659785, 45.15681700665902], [-80.13923506649847, 45.15676620656994], [-80.13580846533765, 45.156191206643335]]], [[[-80.10678185601674, 45.1565158081324], [-80.11035575709477, 45.15576960783101], [-80.1064765558373, 45.155694308010084], [-80.10678185601674, 45.1565158081324]]], [[[-80.1410619671213, 45.15711310653759], [-80.14048026707935, 45.158585106812424], [-80.14134856733838, 45.158375706734454], [-80.1410619671213, 45.15711310653759]]], [[[-80.02618013012685, 45.1574401122638], [-80.02669233027291, 45.1572463122061], [-80.02533202982872, 45.15718991226369], [-80.02618013012685, 45.1574401122638]]], [[[-80.08889845037436, 45.157741709220666], [-80.08948035066092, 45.1587456093598], [-80.09023255081514, 45.15785140917312], [-80.08889845037436, 45.157741709220666]]], [[[-80.10287235477871, 45.15673710836249], [-80.10540855573038, 45.158098408464845], [-80.10416845512721, 45.15603620818131], [-80.10287235477871, 45.15673710836249]]], [[[-80.13500616516745, 45.15708540683249], [-80.1372687660787, 45.158930107028915], [-80.13767946610282, 45.15783470682551], [-80.13500616516745, 45.15708540683249]]], [[[-80.14199516747782, 45.157678206585885], [-80.14582086882085, 45.15879620658346], [-80.14507476821251, 45.155072805998074], [-80.14199516747782, 45.157678206585885]]], [[[-80.14615066893445, 45.15887080657962], [-80.14872246975159, 45.15875510643305], [-80.14673756885799, 45.156183606101465], [-80.14615066893445, 45.15887080657962]]], [[[-80.104519255516, 45.15882980863106], [-80.10767205670952, 45.16062790877587], [-80.10938665711937, 45.15918290844959], [-80.104519255516, 45.15882980863106]]], [[[-80.13964606685623, 45.15904700693085], [-80.14318746822225, 45.161324207136275], [-80.14411546835915, 45.159683706816196], [-80.13964606685623, 45.15904700693085]]], [[[-80.14663286926728, 45.160665906855805], [-80.1485997700208, 45.161877906961045], [-80.14789806963665, 45.16027930672858], [-80.14663286926728, 45.160665906855805]]], [[[-80.01870832810384, 45.1613640132883], [-80.02183432913486, 45.16159801317348], [-80.02191542906094, 45.16058151299943], [-80.01870832810384, 45.1613640132883]]], [[[-80.10641055639442, 45.16155420899305], [-80.10736285679536, 45.162506909105275], [-80.10728825667974, 45.16157910895386], [-80.10641055639442, 45.16155420899305]]], [[[-80.08416024942865, 45.1636360104401], [-80.08996435097094, 45.16030660959686], [-80.08656384950379, 45.15654380913559], [-80.07937224767291, 45.16148201031641], [-80.08416024942865, 45.1636360104401]]], [[[-80.01642422762319, 45.163963813835736], [-80.01816812818174, 45.1639250137433], [-80.01760342788131, 45.16272271357003], [-80.01642422762319, 45.163963813835736]]], [[[-80.11060785791916, 45.163297309077024], [-80.1107394580959, 45.16465780929791], [-80.11112035806252, 45.163076409014785], [-80.11060785791916, 45.163297309077024]]], [[[-80.1165766599175, 45.16405490890862], [-80.1140252592178, 45.16529550924213], [-80.11460315945249, 45.16578600929555], [-80.1165766599175, 45.16405490890862]]], [[[-80.08110564876048, 45.166843111127115], [-80.08440294957813, 45.16435821054891], [-80.08155014844056, 45.16214771032015], [-80.07957594797135, 45.163842110700934], [-80.08110564876048, 45.166843111127115]]], [[[-80.11652486023245, 45.1674122094723], [-80.11793636061101, 45.16664010927348], [-80.11642706017591, 45.1671594094349], [-80.11652486023245, 45.1674122094723]]], [[[-80.03901403517617, 45.16669471317911], [-80.0412801359752, 45.16738881318347], [-80.04132713586266, 45.166092912964466], [-80.03901403517617, 45.16669471317911]]], [[[-80.1082680574789, 45.1664749097238], [-80.10877175775721, 45.16764900989515], [-80.1092502577802, 45.1663205096494], [-80.1082680574789, 45.1664749097238]]], [[[-80.10597035686463, 45.167753110051], [-80.10707725714217, 45.16695150986233], [-80.10617525684188, 45.16685450989066], [-80.10597035686463, 45.167753110051]]], [[[-80.08666875077488, 45.169084211227016], [-80.0970557534744, 45.16251540961593], [-80.10068365471672, 45.16325560956042], [-80.10280765508566, 45.160058508921004], [-80.09141885141506, 45.160057109483326], [-80.08554045014998, 45.16643761084031], [-80.08666875077488, 45.169084211227016]]], [[[-80.09289345269202, 45.16817981076841], [-80.09565105344974, 45.166851910410195], [-80.09479575311026, 45.16620581034445], [-80.09289345269202, 45.16817981076841]]], [[[-80.14839177065949, 45.16901500816389], [-80.14954287107578, 45.16947390818361], [-80.14978467106928, 45.168620208029004], [-80.14839177065949, 45.16901500816389]]], [[[-80.09709415428037, 45.17055431095775], [-80.10449825628413, 45.16667930994424], [-80.1048957560721, 45.16323460934881], [-80.09683625374204, 45.16594321019978], [-80.09709415428037, 45.17055431095775]]], [[[-80.04659463786521, 45.16917961322083], [-80.04895033869057, 45.16984741321632], [-80.05007073882291, 45.16752541277276], [-80.04659463786521, 45.16917961322083]]], [[[-80.15081157159506, 45.17059050830733], [-80.14918537105203, 45.170398208355735], [-80.15048567154145, 45.171110208410276], [-80.15081157159506, 45.17059050830733]]], [[[-80.11084455851305, 45.1685382099413], [-80.11198835913513, 45.17110391031353], [-80.11436565959099, 45.16796260967104], [-80.11084455851305, 45.1685382099413]]], [[[-80.09964675521893, 45.17172711102764], [-80.10092845549528, 45.17034221073286], [-80.09988165509927, 45.16974861068535], [-80.09964675521893, 45.17172711102764]]], [[[-80.10901065833502, 45.172718910730616], [-80.11043175881987, 45.17299101070585], [-80.11063815878788, 45.171993610528965], [-80.10901065833502, 45.172718910730616]]], [[[-80.11446046015436, 45.17335551056758], [-80.1184259611392, 45.17038860987575], [-80.11770986068636, 45.16814160953566], [-80.11483925996893, 45.170243610028834], [-80.11446046015436, 45.17335551056758]]], [[[-80.10170335599456, 45.172868511116775], [-80.10401455652968, 45.17074441064755], [-80.10317355618598, 45.170008710566215], [-80.10170335599456, 45.172868511116775]]], [[[-80.09740515450444, 45.171808211151934], [-80.09861465513173, 45.17421221149396], [-80.09832285471474, 45.170942410961906], [-80.09740515450444, 45.171808211151934]]], [[[-80.11294655998553, 45.17658441118198], [-80.11560336070062, 45.175155810811916], [-80.11597016067141, 45.17366411054449], [-80.11399686003922, 45.17370281064854], [-80.11294655998553, 45.17658441118198]]], [[[-80.10479315660608, 45.168977110313726], [-80.1022795565569, 45.17668091172539], [-80.10908055799474, 45.169046710113484], [-80.10479315660608, 45.168977110313726]]], [[[-80.13864556825791, 45.176485409894255], [-80.14586767012663, 45.17184980876246], [-80.14531986961762, 45.168487908227846], [-80.14103196823282, 45.16845580843466], [-80.14249996834022, 45.16475800774411], [-80.13233486455114, 45.159558707377975], [-80.1299796641311, 45.162988308067675], [-80.13206746513107, 45.1662994085178], [-80.1335696652799, 45.162907907876686], [-80.13476086569493, 45.16322330787052], [-80.13303976582688, 45.17016880911627], [-80.13864556825791, 45.176485409894255]]], [[[-80.1496081713382, 45.17191370858798], [-80.1446807702705, 45.177169909709946], [-80.14833147129102, 45.17559490926615], [-80.1496081713382, 45.17191370858798]]], [[[-80.07720814845958, 45.17652461293785], [-80.07966154926666, 45.1766885128441], [-80.07955444918763, 45.176237512774016], [-80.07720814845958, 45.17652461293785]]], [[[-80.0947602541912, 45.17726881219524], [-80.09620985458851, 45.17656041200523], [-80.09493795409126, 45.175677011920406], [-80.0947602541912, 45.17726881219524]]], [[[-80.03572253528232, 45.17854051532204], [-80.04283293692252, 45.17192071386465], [-80.04203243628321, 45.16805231325732], [-80.02990223291171, 45.17353121477153], [-80.03572253528232, 45.17854051532204]]], [[[-80.09121305317834, 45.17859031259128], [-80.09675575421817, 45.17102871105379], [-80.0912282528516, 45.1752329120295], [-80.0884552516338, 45.17195211161816], [-80.09252655287649, 45.1712464112991], [-80.09133995219628, 45.16823031085356], [-80.08114684914423, 45.17059721175266], [-80.0839667507122, 45.17727211272903], [-80.09121305317834, 45.17859031259128]]], [[[-80.09677885471639, 45.17599791188311], [-80.09924655576273, 45.17853831218565], [-80.10092885605201, 45.17597711167454], [-80.09677885471639, 45.17599791188311]]], [[[-80.05577954175654, 45.178608814344024], [-80.05610504196919, 45.179700714510474], [-80.05679574209476, 45.17871611431184], [-80.05577954175654, 45.178608814344024]]], [[[-80.16979707858492, 45.17940800884005], [-80.17163637921983, 45.179835408820274], [-80.16993687854358, 45.17853570868743], [-80.16979707858492, 45.17940800884005]]], [[[-80.15986287551324, 45.18071240954993], [-80.16278327650184, 45.181192909485524], [-80.16300667644025, 45.17984420924922], [-80.15986287551324, 45.18071240954993]]], [[[-80.10626285840617, 45.18240131248429], [-80.10865465902415, 45.180853812107486], [-80.10876615891782, 45.179414311861485], [-80.10681205825084, 45.17903901189535], [-80.10626285840617, 45.18240131248429]]], [[[-80.14193806993157, 45.1826766107655], [-80.1405539693802, 45.18161291065633], [-80.14000116940568, 45.1836701110273], [-80.14193806993157, 45.1826766107655]]], [[[-80.1497568724276, 45.18243801033855], [-80.15159107309482, 45.183207710376315], [-80.15099887277883, 45.18194311019443], [-80.1497568724276, 45.18243801033855]]], [[[-80.1323722667258, 45.181433811031326], [-80.13444826763599, 45.183871211335685], [-80.1345060671942, 45.17921771055555], [-80.1323722667258, 45.181433811031326]]], [[[-80.10627125843736, 45.18268941253198], [-80.10860095918562, 45.182662612412315], [-80.1091695592332, 45.181289912154895], [-80.10627125843736, 45.18268941253198]]], [[[-80.14338157044682, 45.183182510778494], [-80.14194347006513, 45.184008810987706], [-80.1422531702213, 45.18457821106748], [-80.14338157044682, 45.183182510778494]]], [[[-80.15587077462419, 45.18472481041773], [-80.15751067525277, 45.18573611050536], [-80.15698517493682, 45.18425601028424], [-80.15587077462419, 45.18472481041773]]], [[[-80.03185553476426, 45.18593421674867], [-80.03519753543034, 45.18175881588595], [-80.03397883487028, 45.18006501566288], [-80.02764873307558, 45.18256781639342], [-80.03185553476426, 45.18593421674867]]], [[[-80.0548026421051, 45.185333915516196], [-80.05692874271246, 45.184541415278844], [-80.05491684206919, 45.18459691538743], [-80.0548026421051, 45.185333915516196]]], [[[-80.13270416732466, 45.18640541184525], [-80.13463496797338, 45.18667231179426], [-80.13440636781398, 45.185806211660925], [-80.13270416732466, 45.18640541184525]]], [[[-80.13786116897633, 45.18630051157252], [-80.13886876945506, 45.18785651178249], [-80.1399398696211, 45.186046111427125], [-80.13786116897633, 45.18630051157252]]], [[[-80.13095816702156, 45.18902931236986], [-80.13344886777101, 45.18849051215659], [-80.13226636721531, 45.18672611192045], [-80.13095816702156, 45.18902931236986]]], [[[-80.16605327842643, 45.189984810791564], [-80.16675767871013, 45.19055701085221], [-80.16736617883707, 45.18985931070559], [-80.16605327842643, 45.189984810791564]]], [[[-80.13559176851854, 45.18906491214649], [-80.1372138692547, 45.19121971242604], [-80.13784636923532, 45.188964912018214], [-80.13559176851854, 45.18906491214649]]], [[[-80.06500074607199, 45.19220521616087], [-80.06779804684025, 45.190851015796504], [-80.06834384671885, 45.18783981526645], [-80.07318514802142, 45.18522371459023], [-80.0698492466428, 45.182153914242015], [-80.0783025491243, 45.17968401341183], [-80.07133704658877, 45.17674701326496], [-80.06762854596234, 45.182513914411814], [-80.06523934509325, 45.181513214362525], [-80.06825384561539, 45.17695591345205], [-80.05941464295731, 45.17889971421325], [-80.0579053434289, 45.188609315910384], [-80.06262414512767, 45.19040351597722], [-80.06132164442668, 45.18755731556598], [-80.06491794547009, 45.18638051519174], [-80.06359324481794, 45.18410121487629], [-80.06482954512963, 45.183220314668056], [-80.06745154628283, 45.186338215059635], [-80.06446024547238, 45.18789811546794], [-80.06500074607199, 45.19220521616087]]], [[[-80.16763957897084, 45.19032051076901], [-80.164204978106, 45.19276181134679], [-80.17006247972391, 45.19004131060235], [-80.16763957897084, 45.19032051076901]]], [[[-80.08097115110445, 45.19102081517418], [-80.084465852347, 45.19219211519718], [-80.08222685138134, 45.189725714895786], [-80.08097115110445, 45.19102081517418]]], [[[-80.14712807246977, 45.19142021196868], [-80.15687497563951, 45.19170881153411], [-80.15012597297016, 45.18671671103485], [-80.14712807246977, 45.19142021196868]]], [[[-80.13442726843016, 45.19196361268818], [-80.1344968685801, 45.19325141289976], [-80.13526696878789, 45.19284311279346], [-80.13442726843016, 45.19196361268818]]], [[[-80.11862506326845, 45.191274213355], [-80.13228996789647, 45.19353151305576], [-80.1331548680164, 45.191926812745024], [-80.12911126643114, 45.18907811246941], [-80.13371276688363, 45.17866261050206], [-80.13058676534423, 45.17328240975787], [-80.13400586664267, 45.175271009920976], [-80.12754256413034, 45.17092720951489], [-80.12522246373507, 45.17449181022528], [-80.13029076560105, 45.17684471036766], [-80.12207806329957, 45.18033691135731], [-80.12315456384496, 45.182343411639295], [-80.12557046431297, 45.1792025109951], [-80.12670296509197, 45.18338831163824], [-80.12433676440052, 45.18410791187552], [-80.12817376560452, 45.18377771163055], [-80.12283756398116, 45.18475341205753], [-80.11862506326845, 45.191274213355]]], [[[-80.1500903734498, 45.19167631186471], [-80.15397707493179, 45.19399161205875], [-80.1540110748001, 45.1925518118167], [-80.1500903734498, 45.19167631186471]]], [[[-80.16530867848745, 45.19302201133551], [-80.16639907904215, 45.195073311623894], [-80.1669975790606, 45.1933134113005], [-80.16530867848745, 45.19302201133551]]], [[[-80.0642704461711, 45.195593116762936], [-80.08017355011745, 45.18363291397929], [-80.0786021500355, 45.18793211477521], [-80.08487875173947, 45.184696913924626], [-80.087152951949, 45.17939521292637], [-80.08369655095645, 45.1806276133031], [-80.0823738502899, 45.178195712962015], [-80.07768144906403, 45.181101413679336], [-80.0642704461711, 45.195593116762936]]], [[[-80.15727677614929, 45.19554661215491], [-80.1627351777571, 45.1940204116297], [-80.15601507549556, 45.193052611801036], [-80.15727677614929, 45.19554661215491]]], [[[-80.08591385322786, 45.19638061582523], [-80.09450385554497, 45.19180401463624], [-80.09717865592353, 45.18691081368669], [-80.08765055336204, 45.192073615020014], [-80.08591385322786, 45.19638061582523]]], [[[-80.090882854728, 45.19534891540732], [-80.09170595509994, 45.196426715546664], [-80.09188205501174, 45.194960715293114], [-80.090882854728, 45.19534891540732]]], [[[-80.1635607782084, 45.19588971190084], [-80.16445177858458, 45.19678761200654], [-80.16500787870437, 45.19618851187901], [-80.1635607782084, 45.19588971190084]]], [[[-80.15578997556733, 45.19450941205541], [-80.15575997584398, 45.19739861253918], [-80.15666417596209, 45.19565011220255], [-80.15578997556733, 45.19450941205541]]], [[[-80.06682294711099, 45.1967750168343], [-80.08324865239484, 45.196647216001494], [-80.08258505179867, 45.19278021538835], [-80.07250154839792, 45.19126731563374], [-80.07160944850355, 45.19524791634283], [-80.06682294711099, 45.1967750168343]]], [[[-80.18309978469377, 45.197795911250495], [-80.18432148517937, 45.19872281134458], [-80.18491098525544, 45.19757461112371], [-80.18309978469377, 45.197795911250495]]], [[[-80.1296052675977, 45.19925371414402], [-80.1354315692636, 45.197111313497984], [-80.1376173695766, 45.19315811272972], [-80.1299455672344, 45.19447651332959], [-80.13225866800848, 45.19476461326317], [-80.1296052675977, 45.19925371414402]]], [[[-80.15948137719062, 45.19888451260287], [-80.15772107664343, 45.19908761272396], [-80.15822097686822, 45.199730412806524], [-80.15948137719062, 45.19888451260287]]], [[[-80.07495744989453, 45.19839871670367], [-80.07781705115976, 45.20186941714207], [-80.07950255151766, 45.19999271674533], [-80.07495744989453, 45.19839871670367]]], [[[-80.1340104691887, 45.20098021421419], [-80.14125487152654, 45.20100801386013], [-80.13415776910698, 45.19967601398919], [-80.1340104691887, 45.20098021421419]]], [[[-80.13352526920757, 45.20274991453365], [-80.13462496953079, 45.20243421442651], [-80.13390266919396, 45.201384514287035], [-80.13352526920757, 45.20274991453365]]], [[[-80.19262648818916, 45.2020860114939], [-80.19146548792152, 45.20315821173041], [-80.19425148874703, 45.20243071147082], [-80.19262648818916, 45.2020860114939]]], [[[-80.18766148658317, 45.202023611729764], [-80.19071698756989, 45.202045411581864], [-80.19092418743126, 45.199976111226285], [-80.18766148658317, 45.202023611729764]]], [[[-80.13477306969365, 45.2035964146132], [-80.13630617023718, 45.20409431462038], [-80.13608287004286, 45.202859414425305], [-80.13477306969365, 45.2035964146132]]], [[[-80.14313697240131, 45.20371381421858], [-80.1443917728451, 45.204110314222646], [-80.14451857280486, 45.2032922140798], [-80.14313697240131, 45.20371381421858]]], [[[-80.25316110789424, 45.20413130882899], [-80.25204120752736, 45.20406980887438], [-80.25257270782522, 45.20534300906029], [-80.25316110789424, 45.20413130882899]]], [[[-80.13814517104544, 45.20626851489221], [-80.14055417189158, 45.20697091489011], [-80.14205717220409, 45.20523601452613], [-80.13814517104544, 45.20626851489221]]], [[[-80.18219628520058, 45.2058380126373], [-80.18275098550657, 45.20712011282367], [-80.18345778559902, 45.20575681256118], [-80.18219628520058, 45.2058380126373]]], [[[-80.17883648411011, 45.20576011279091], [-80.17900718439395, 45.20806591316716], [-80.18094078476112, 45.20548691264098], [-80.17883648411011, 45.20576011279091]]], [[[-80.16951988117054, 45.20639471335875], [-80.16929248125965, 45.20803141364314], [-80.17082268165122, 45.207007513396405], [-80.16951988117054, 45.20639471335875]]], [[[-80.24839810675725, 45.208124709731656], [-80.24720660642818, 45.208675109882684], [-80.2484248068545, 45.20901620987903], [-80.24839810675725, 45.208124709731656]]], [[[-80.18347368584811, 45.208214812970475], [-80.18898228757357, 45.20771411261373], [-80.18931668747781, 45.20566371225502], [-80.18347368584811, 45.208214812970475]]], [[[-80.15115897541155, 45.20799581453585], [-80.15406837639428, 45.20844951446743], [-80.15478827640997, 45.206267514067626], [-80.15115897541155, 45.20799581453585]]], [[[-80.25271140817632, 45.208423409567075], [-80.255284708998, 45.20835040942698], [-80.25337020821523, 45.20668100924378], [-80.25271140817632, 45.208423409567075]]], [[[-80.14000967186378, 45.2084612151658], [-80.1416997725151, 45.209536115261535], [-80.14252317272583, 45.20898431512862], [-80.14000967186378, 45.2084612151658]]], [[[-80.24925000704206, 45.20822950970682], [-80.25006010743883, 45.20959430989411], [-80.24983700722076, 45.208125109660244], [-80.24925000704206, 45.20822950970682]]], [[[-80.06507414772885, 45.20873321891784], [-80.06722134852727, 45.2098040189906], [-80.0653512477588, 45.208132218803826], [-80.06507414772885, 45.20873321891784]]], [[[-80.17639848380962, 45.21064931372754], [-80.17685228407593, 45.21185881390682], [-80.1770075840215, 45.21080661372357], [-80.17639848380962, 45.21064931372754]]], [[[-80.19883609113951, 45.21164741278089], [-80.19731999065435, 45.21168151286182], [-80.19676499061994, 45.21313591313195], [-80.19883609113951, 45.21164741278089]]], [[[-80.16320777971382, 45.21221751464318], [-80.16475248027359, 45.21284111467064], [-80.16578768049635, 45.211723614432906], [-80.16320777971382, 45.21221751464318]]], [[[-80.18927668819968, 45.21306421349159], [-80.19255328941354, 45.21465421359419], [-80.19298378938801, 45.21300061329701], [-80.18927668819968, 45.21306421349159]]], [[[-80.18128278568658, 45.213700113994264], [-80.18262538625973, 45.21511431416358], [-80.18302778624572, 45.21366741390223], [-80.18128278568658, 45.213700113994264]]], [[[-80.1959261905181, 45.21483171345642], [-80.19747159107715, 45.21544601348217], [-80.19758319095222, 45.213826313206496], [-80.1959261905181, 45.21483171345642]]], [[[-80.16254347968679, 45.21410301499069], [-80.16466778047669, 45.21516301506224], [-80.16495288044824, 45.21394991484567], [-80.16254347968679, 45.21410301499069]]], [[[-80.13728637180662, 45.21674031668226], [-80.14780827484933, 45.21321881557342], [-80.14901607491466, 45.20995121496836], [-80.14605377401116, 45.21046921520157], [-80.14916037467833, 45.207098614485126], [-80.13190526969825, 45.212972316319984], [-80.13728637180662, 45.21674031668226]]], [[[-80.15908097881467, 45.21656161557252], [-80.16044787931523, 45.217165915605534], [-80.1607960793125, 45.21600721539503], [-80.15908097881467, 45.21656161557252]]], [[[-80.09452805810179, 45.21756731893666], [-80.09642555879448, 45.21838341897902], [-80.09638245865044, 45.217068818761746], [-80.09452805810179, 45.21756731893666]]], [[[-80.15274067692519, 45.21811671614617], [-80.15316957717627, 45.21925411631465], [-80.15367957725176, 45.2183578161399], [-80.15274067692519, 45.21811671614617]]], [[[-80.20022479222669, 45.21808571378578], [-80.2009095925624, 45.21924311394481], [-80.20192819270883, 45.21741361358911], [-80.20022479222669, 45.21808571378578]]], [[[-80.13698597184253, 45.21807931692053], [-80.13782197230994, 45.220074817212065], [-80.13953827271726, 45.2186026168814], [-80.13698597184253, 45.21807931692053]]], [[[-80.1543698775427, 45.21904691622063], [-80.15812937882616, 45.219768116154576], [-80.15833987816264, 45.21239721491443], [-80.15504617741107, 45.21552341559926], [-80.1543698775427, 45.21904691622063]]], [[[-80.18643368784474, 45.218715814575276], [-80.18720168824579, 45.2202609147949], [-80.18867658855937, 45.2186330144502], [-80.18643368784474, 45.218715814575276]]], [[[-80.158870979047, 45.21958461608719], [-80.15965227944241, 45.221030816289684], [-80.1603409794862, 45.21923571595612], [-80.158870979047, 45.21958461608719]]], [[[-80.13178517027697, 45.21920081736527], [-80.13342747097734, 45.220923717571374], [-80.13381207100166, 45.21991841738464], [-80.13178517027697, 45.21920081736527]]], [[[-80.18207838652647, 45.219575714934805], [-80.18308068696655, 45.220753515081476], [-80.18278388671864, 45.219220914840655], [-80.18207838652647, 45.219575714934805]]], [[[-80.17065178294432, 45.220590915670904], [-80.17100368317867, 45.221808715856554], [-80.17222228351336, 45.22122361569859], [-80.17065178294432, 45.220590915670904]]], [[[-80.17637518484963, 45.22120021548865], [-80.18133978637823, 45.22047971512222], [-80.18007358564911, 45.21724771464601], [-80.17637518484963, 45.22120021548865]]], [[[-80.16076707984278, 45.2214442163034], [-80.16115908007399, 45.22250051646015], [-80.16162758015925, 45.22183791632641], [-80.16076707984278, 45.2214442163034]]], [[[-80.18181058671279, 45.22231991540575], [-80.18065508631445, 45.22205951541965], [-80.18070708641264, 45.222878915553736], [-80.18181058671279, 45.22231991540575]]], [[[-80.10930776324592, 45.221384718842465], [-80.11063576381524, 45.22280841901434], [-80.11098516369046, 45.22041221859719], [-80.10930776324592, 45.221384718842465]]], [[[-80.19360709032276, 45.22038821449822], [-80.19600429135389, 45.22298951481306], [-80.19757429156212, 45.219993614235506], [-80.19360709032276, 45.22038821449822]]], [[[-80.16980088282673, 45.22216891597628], [-80.17109038331127, 45.222862616028024], [-80.1713919833488, 45.22226171591286], [-80.16980088282673, 45.22216891597628]]], [[[-80.11010046380639, 45.22446041931646], [-80.11251936451335, 45.22372321907372], [-80.11263556445898, 45.22279691891341], [-80.11120396394898, 45.2223087189028], [-80.11010046380639, 45.22446041931646]]], [[[-80.13479777170501, 45.22380581798433], [-80.13912437304334, 45.22323551767481], [-80.13758557227997, 45.22054121730158], [-80.13479777170501, 45.22380581798433]]], [[[-80.09146285795775, 45.226094620511375], [-80.09417065878597, 45.225639020301394], [-80.09683815937368, 45.22288761971033], [-80.09156865772984, 45.223448920064634], [-80.09146285795775, 45.226094620511375]]], [[[-80.13394647149863, 45.224492518141005], [-80.13301597136935, 45.22621361847422], [-80.13428717163103, 45.22472011816214], [-80.13394647149863, 45.224492518141005]]], [[[-80.19042298983648, 45.22582121556219], [-80.19230549055645, 45.2269602156587], [-80.19251839046953, 45.2253953153872], [-80.19042298983648, 45.22582121556219]]], [[[-80.0989795604548, 45.22682922026206], [-80.10063726105938, 45.2275356202979], [-80.10174356134924, 45.22686032013046], [-80.0989795604548, 45.22682922026206]]], [[[-80.15383307797855, 45.225182317270665], [-80.15791137953852, 45.22765211748035], [-80.15703957877957, 45.22283861672075], [-80.15383307797855, 45.225182317270665]]], [[[-80.13730287287443, 45.22745241846848], [-80.1428582746564, 45.2273594181777], [-80.14431367434611, 45.21950291679504], [-80.13974367302382, 45.22102561727549], [-80.14177467389266, 45.22318341753487], [-80.13730287287443, 45.22745241846848]]], [[[-80.17966428651042, 45.22724671633385], [-80.18069108687703, 45.22760521634268], [-80.18074058681343, 45.22680461620675], [-80.17966428651042, 45.22724671633385]]], [[[-80.2110932966382, 45.227229014770636], [-80.21228459706866, 45.2276966147894], [-80.21218989698437, 45.227155814703934], [-80.2110932966382, 45.227229014770636]]], [[[-80.15841197967346, 45.22738581741116], [-80.16097238050254, 45.22742291729038], [-80.15880647954619, 45.22482321696418], [-80.15841197967346, 45.22738581741116]]], [[[-80.18391378791632, 45.22761071618367], [-80.18470718823708, 45.22826471625334], [-80.18459318810632, 45.22731861610123], [-80.18391378791632, 45.22761071618367]]], [[[-80.14629317587898, 45.22851951820095], [-80.15280047756622, 45.22438231718838], [-80.14996007639475, 45.221804716899214], [-80.15168387658102, 45.21808161619269], [-80.14657647493527, 45.218088516446954], [-80.14323907453645, 45.22491381775093], [-80.14629317587898, 45.22851951820095]]], [[[-80.17789698609423, 45.22879121667903], [-80.17951718659974, 45.228622916570615], [-80.17899858631777, 45.22746701640357], [-80.17789698609423, 45.22879121667903]]], [[[-80.19664029229862, 45.230430816022135], [-80.19918689294578, 45.22868461560457], [-80.19791129199669, 45.223273314765684], [-80.19399499113712, 45.22732371563544], [-80.19664029229862, 45.230430816022135]]], [[[-80.18464948826585, 45.228741416335666], [-80.19074389019612, 45.228398615976026], [-80.18618678861213, 45.22724011600907], [-80.18716898873885, 45.22532951564171], [-80.18464948826585, 45.228741416335666]]], [[[-80.27006181596218, 45.230480512380495], [-80.27206301659827, 45.230394412266556], [-80.27168861641549, 45.2297707121813], [-80.27006181596218, 45.230480512380495]]], [[[-80.19472099164643, 45.23009311606114], [-80.19441089166892, 45.23132411628171], [-80.19594929209697, 45.23064221609171], [-80.19472099164643, 45.23009311606114]]], [[[-80.14075917429787, 45.2305663188166], [-80.1389398736947, 45.23039951887896], [-80.13877937377774, 45.231757519113366], [-80.14075917429787, 45.2305663188166]]], [[[-80.15417157855084, 45.22984771803191], [-80.15412357877311, 45.23224191843359], [-80.15523767875143, 45.2284063177387], [-80.15417157855084, 45.22984771803191]]], [[[-80.19438359167444, 45.23146811630712], [-80.19620899232854, 45.2321295163267], [-80.19661059240994, 45.23164621622621], [-80.19438359167444, 45.23146811630712]]], [[[-80.22825710262023, 45.231759714673], [-80.23038260341686, 45.232881814754386], [-80.23075620350703, 45.232578414685236], [-80.22825710262023, 45.231759714673]]], [[[-80.14756467672774, 45.23293991887515], [-80.15065457767894, 45.232486018646256], [-80.15208517803127, 45.231389418392475], [-80.15000627737557, 45.23153601851997], [-80.14756467672774, 45.23293991887515]]], [[[-80.14313607526796, 45.23261861904108], [-80.1469455764955, 45.232611218851], [-80.1464348761678, 45.230969018602465], [-80.14313607526796, 45.23261861904108]]], [[[-80.18377288859114, 45.234856517398704], [-80.18810608989355, 45.233907317025356], [-80.18839648973584, 45.231379616589564], [-80.18284068803854, 45.23232021702213], [-80.18377288859114, 45.234856517398704]]], [[[-80.22572530206435, 45.234371615234146], [-80.2279238028156, 45.23480071519635], [-80.22805520282843, 45.23450461514051], [-80.22572530206435, 45.234371615234146]]], [[[-80.19501949206969, 45.23338141659444], [-80.19463499214515, 45.23538631694777], [-80.19591409243029, 45.2341081166712], [-80.19501949206969, 45.23338141659444]]], [[[-80.15733567988347, 45.232994818399874], [-80.16024798103022, 45.23508711860427], [-80.16045628081048, 45.232199118112405], [-80.15733567988347, 45.232994818399874]]], [[[-80.1822617882453, 45.23627691771045], [-80.18384468873516, 45.236072417597796], [-80.18299198827532, 45.23421171732995], [-80.1822617882453, 45.23627691771045]]], [[[-80.18498258916549, 45.23671101764777], [-80.18824209023742, 45.23692431752153], [-80.18885679032321, 45.235794417302685], [-80.18498258916549, 45.23671101764777]]], [[[-80.1467549767673, 45.2359674194201], [-80.14809327728025, 45.23678771949058], [-80.14805527718126, 45.2359142193468], [-80.1467549767673, 45.2359674194201]]], [[[-80.14332387568703, 45.23622961963391], [-80.1458655766345, 45.23751801972277], [-80.14592387651834, 45.236159119493294], [-80.14332387568703, 45.23622961963391]]], [[[-80.17800718704247, 45.237974118204555], [-80.18202888819418, 45.23651811776222], [-80.18099888704981, 45.22834571645089], [-80.17909498683105, 45.23231971720792], [-80.17784468626253, 45.23065451699234], [-80.17800718704247, 45.237974118204555]]], [[[-80.18894599044154, 45.236695317448394], [-80.19000369096415, 45.238521717700344], [-80.19092369106258, 45.23652971732262], [-80.18894599044154, 45.236695317448394]]], [[[-80.20655129624258, 45.23796521678579], [-80.20748039654984, 45.23804381675274], [-80.20711199632963, 45.23702381660105], [-80.20655129624258, 45.23796521678579]]], [[[-80.15475917966968, 45.239204919563015], [-80.15699358010194, 45.236304818968726], [-80.15492657919974, 45.23393111867541], [-80.15137687836379, 45.23703721936935], [-80.15475917966968, 45.239204919563015]]], [[[-80.18145258820672, 45.23851241812325], [-80.18166378848886, 45.24066531847163], [-80.18227088862776, 45.24009371834621], [-80.18145258820672, 45.23851241812325]]], [[[-80.1988492938917, 45.23928801738878], [-80.1980834937464, 45.24030861759691], [-80.1985868939538, 45.240762617647626], [-80.1988492938917, 45.23928801738878]]], [[[-80.26988941687524, 45.24019481400739], [-80.27126691730919, 45.24009551392227], [-80.27015751685497, 45.23912511381591], [-80.26988941687524, 45.24019481400739]]], [[[-80.1899921911315, 45.24024111798745], [-80.191716291753, 45.240902018012015], [-80.19202949180132, 45.24037301790832], [-80.1899921911315, 45.24024111798745]]], [[[-80.18225178839957, 45.23786121797504], [-80.18291028908324, 45.242600818732335], [-80.18715439045458, 45.24263251852694], [-80.18920539076441, 45.23910081783648], [-80.18225178839957, 45.23786121797504]]], [[[-80.2704219172717, 45.24244911435636], [-80.2716194175577, 45.24144861413012], [-80.26993281705097, 45.24181581427523], [-80.2704219172717, 45.24244911435636]]], [[[-80.19936559410233, 45.239732717437256], [-80.20061839475343, 45.24221731778909], [-80.19997399423082, 45.23905271729371], [-80.19936559410233, 45.239732717437256]]], [[[-80.25875961353434, 45.242652414970784], [-80.26094141421545, 45.2424326148256], [-80.26101941412925, 45.2413166146358], [-80.25875961353434, 45.242652414970784]]], [[[-80.2045088962549, 45.24470261801001], [-80.20630689664212, 45.242771017598784], [-80.20630499647126, 45.241060517313855], [-80.20465339599599, 45.24163401749149], [-80.2045088962549, 45.24470261801001]]], [[[-80.22293970198508, 45.24259061674216], [-80.223142602247, 45.244563717060814], [-80.22542460278768, 45.242607816621515], [-80.22293970198508, 45.24259061674216]]], [[[-80.20239509556127, 45.24457971809454], [-80.20348399587182, 45.2441733179727], [-80.20315639564767, 45.24298261779056], [-80.20239509556127, 45.24457971809454]]], [[[-80.20108809482545, 45.24141961763286], [-80.20187879544194, 45.24505301819901], [-80.2017526949344, 45.2403619174236], [-80.20108809482545, 45.24141961763286]]], [[[-80.20530919662274, 45.245806618154205], [-80.20524959648161, 45.24458181795304], [-80.20417009629061, 45.246158518269425], [-80.20530919662274, 45.245806618154205]]], [[[-80.20864279773642, 45.24619931805394], [-80.20990909820377, 45.24679361809003], [-80.20978369805567, 45.24571241791615], [-80.20864279773642, 45.24619931805394]]], [[[-80.22171980203947, 45.247083717551384], [-80.22180950215817, 45.24798451769699], [-80.22231680224579, 45.24722301754491], [-80.22171980203947, 45.247083717551384]]], [[[-80.19818119435223, 45.2460798185538], [-80.2017474955169, 45.24623121840186], [-80.1999665946468, 45.24325701799476], [-80.19818119435223, 45.2460798185538]]], [[[-80.21213689894131, 45.24698941801197], [-80.21388189960365, 45.24799191809224], [-80.21443329966431, 45.24681651786905], [-80.21213689894131, 45.24698941801197]]], [[[-80.15014797876795, 45.24509352077336], [-80.15049667919013, 45.24821072127567], [-80.15221777956927, 45.24644142089542], [-80.15014797876795, 45.24509352077336]]], [[[-80.2033831961045, 45.24683711842155], [-80.20590009705381, 45.24822341852751], [-80.20591379696053, 45.24724211836329], [-80.2033831961045, 45.24683711842155]]], [[[-80.2080648977666, 45.24837371844496], [-80.20935509825246, 45.24907601849786], [-80.21001979836144, 45.24801871828865], [-80.2080648977666, 45.24837371844496]]], [[[-80.21881170130554, 45.24912501803599], [-80.2197654017239, 45.25023901817417], [-80.22004290174085, 45.24951161803918], [-80.21881170130554, 45.24912501803599]]], [[[-80.21507930036705, 45.251781218664036], [-80.21744860104904, 45.25096091840956], [-80.21749800079505, 45.248251417955785], [-80.21488890002132, 45.248926418197904], [-80.21507930036705, 45.251781218664036]]], [[[-80.21276519930208, 45.24857811824546], [-80.21395319994414, 45.25117921861971], [-80.2144090998331, 45.24858981816567], [-80.21276519930208, 45.24857811824546]]], [[[-80.20770859783084, 45.25017161876217], [-80.21025199869374, 45.25060381870783], [-80.20928889824904, 45.24925571853106], [-80.20770859783084, 45.25017161876217]]], [[[-80.14363977715365, 45.249968521908706], [-80.14123477652392, 45.25143572227247], [-80.14110227659738, 45.25260502247396], [-80.14288267711292, 45.2520154222874], [-80.14363977715365, 45.249968521908706]]], [[[-80.14649047818337, 45.251079421952504], [-80.1484802789831, 45.25266952211883], [-80.15108047947905, 45.249223221415484], [-80.14649047818337, 45.251079421952504]]], [[[-80.2034748966639, 45.252157719303426], [-80.20690729783463, 45.25280341924043], [-80.20422399674362, 45.2505339189957], [-80.2034748966639, 45.252157719303426]]], [[[-80.19996029541544, 45.2509983192849], [-80.20142629624944, 45.25462741981664], [-80.20141129571658, 45.249325418934134], [-80.19996029541544, 45.2509983192849]]], [[[-80.21715630122735, 45.2536955188796], [-80.2148616005829, 45.25465131915292], [-80.21793770154524, 45.2543579189511], [-80.21715630122735, 45.2536955188796]]], [[[-80.26843551783348, 45.25449231646084], [-80.27099781865542, 45.25445491632693], [-80.26936251795576, 45.25272461612033], [-80.26843551783348, 45.25449231646084]]], [[[-80.12707887242874, 45.25616992376332], [-80.1297168732844, 45.256217623640495], [-80.13000487332826, 45.25572482354407], [-80.12707887242874, 45.25616992376332]]], [[[-80.22542910417522, 45.25651741893827], [-80.2267928045233, 45.25559951871762], [-80.22637640435738, 45.25528161868532], [-80.22542910417522, 45.25651741893827]]], [[[-80.13227007399979, 45.25513022333268], [-80.13134927388904, 45.25700452369071], [-80.13316227428916, 45.25514632329117], [-80.13227007399979, 45.25513022333268]]], [[[-80.21526690082324, 45.25575251931618], [-80.22279770336739, 45.25692211913654], [-80.22376580359125, 45.25603771894114], [-80.21526690082324, 45.25575251931618]]], [[[-80.25068781316754, 45.26504681910163], [-80.25231181375229, 45.265660919123015], [-80.25429401413801, 45.263125518602266], [-80.2514424132899, 45.263836118862514], [-80.25068781316754, 45.26504681910163]]], [[[-80.24665701188637, 45.265227019332315], [-80.24957461284124, 45.26537251921128], [-80.24994411286085, 45.264375519026935], [-80.24665701188637, 45.265227019332315]]], [[[-80.20514639856827, 45.265862621502976], [-80.20630299905959, 45.26705032164326], [-80.20698589922908, 45.266541921524656], [-80.20514639856827, 45.265862621502976]]], [[[-80.24433261137297, 45.267589119841205], [-80.24709321231319, 45.26809411978782], [-80.2487162126998, 45.26672661947942], [-80.24433261137297, 45.267589119841205]]], [[[-80.21604620219527, 45.26699502114962], [-80.21801020282624, 45.2669730210483], [-80.21419570142048, 45.265207720944055], [-80.21604620219527, 45.26699502114962]]], [[[-80.21374170161586, 45.26863532153737], [-80.21445980172217, 45.26737962129257], [-80.2126068011549, 45.26768152143499], [-80.21374170161586, 45.26863532153737]]], [[[-80.24702921239773, 45.26914751996639], [-80.24831461272565, 45.26828241975842], [-80.24698141235622, 45.26888621992526], [-80.24702921239773, 45.26914751996639]]], [[[-80.26311121711404, 45.26447111838723], [-80.25543381514223, 45.26950311960707], [-80.27213172007731, 45.265033618031495], [-80.27429102018895, 45.25918511695041], [-80.26324811667003, 45.259582217566525], [-80.26311121711404, 45.26447111838723]]], [[[-80.09509406358708, 45.27103302782499], [-80.0978254644482, 45.27082982765584], [-80.09851326459285, 45.270052127492164], [-80.09655116395463, 45.270000527580805], [-80.09509406358708, 45.27103302782499]]], [[[-80.22051870405357, 45.27117002162225], [-80.22092900426614, 45.271974621735815], [-80.22160300440213, 45.271159821566656], [-80.22051870405357, 45.27117002162225]]], [[[-80.21695110297267, 45.27186462191536], [-80.21936640371538, 45.271503921735196], [-80.21718550282024, 45.269578821523176], [-80.21695110297267, 45.27186462191536]]], [[[-80.09022696199936, 45.27085942803711], [-80.09261526290244, 45.27219262814103], [-80.09668906385261, 45.268525427328136], [-80.09022696199936, 45.27085942803711]]], [[[-80.21372330174911, 45.2700308217706], [-80.21665300310636, 45.274168122313625], [-80.21607280258021, 45.270768521776596], [-80.21372330174911, 45.2700308217706]]], [[[-80.13197637597953, 45.27599292682324], [-80.13569137714765, 45.27568832658826], [-80.13154477574503, 45.275035426685214], [-80.13197637597953, 45.27599292682324]]], [[[-80.11822657150358, 45.27559042743801], [-80.11917567198813, 45.277383227689626], [-80.12000487220133, 45.27683732755757], [-80.11822657150358, 45.27559042743801]]], [[[-80.2231204051863, 45.27411592198324], [-80.2229030055179, 45.27814072266396], [-80.22433120568364, 45.2751876221014], [-80.2231204051863, 45.27411592198324]]], [[[-80.08589146131769, 45.27808012945497], [-80.13807487708912, 45.267371725084686], [-80.13342347516367, 45.26309672460307], [-80.14490377889662, 45.2633996240842], [-80.15701658149514, 45.25024862129195], [-80.15500658090909, 45.25087292149566], [-80.15299498016226, 45.2498857214309], [-80.16106298250041, 45.247236420589175], [-80.1623576818336, 45.23632721870642], [-80.15744658020095, 45.23583121886728], [-80.1589300816706, 45.245807220456754], [-80.15582698037251, 45.24281342011162], [-80.15192567921456, 45.24381952047286], [-80.15429118034855, 45.247554920978175], [-80.14186967749956, 45.259191123533455], [-80.14401737831825, 45.260458423638106], [-80.13925117660831, 45.25872112358499], [-80.14431517787752, 45.255059622723735], [-80.14011347666334, 45.25647722316832], [-80.13957087620163, 45.25359272271448], [-80.137249075885, 45.257940823554264], [-80.13488927488771, 45.25556432327519], [-80.12762707301931, 45.26033322442995], [-80.12175347085986, 45.25766792427689], [-80.1267838723459, 45.256293723798564], [-80.1215702706674, 45.25632542406225], [-80.1238418711354, 45.25366042350545], [-80.12179667043215, 45.25322152353363], [-80.11214136801294, 45.26022142517881], [-80.11672156963182, 45.26164412518894], [-80.11593076970794, 45.264977625783615], [-80.11248726852283, 45.264230225829714], [-80.10743776738707, 45.26919502690725], [-80.10773796727754, 45.267117926546256], [-80.10400616613325, 45.26771882683127], [-80.10633356699957, 45.26888032690954], [-80.10211056565883, 45.269099127155194], [-80.08589146131769, 45.27808012945497]]], [[[-80.1374250779618, 45.27824922692876], [-80.1410356791992, 45.27897932687123], [-80.14601408042898, 45.2752001259948], [-80.1370163773325, 45.273250326116475], [-80.13650447742941, 45.27588362658044], [-80.14008227870363, 45.277090526603935], [-80.1374250779618, 45.27824922692876]]], [[[-80.07765635873038, 45.27878792998067], [-80.08011015948671, 45.278429729799484], [-80.08011965943163, 45.27784462970156], [-80.07765635873038, 45.27878792998067]]], [[[-80.0709548569261, 45.282397130913786], [-80.07748425902705, 45.282333230579894], [-80.07825215902326, 45.27980093011994], [-80.0709548569261, 45.282397130913786]]], [[[-80.04538034993361, 45.295112634297766], [-80.04729945051716, 45.29475043414243], [-80.04716915041602, 45.294155234049775], [-80.04538034993361, 45.295112634297766]]], [[[-80.05464055299251, 45.29581073395575], [-80.05618995353241, 45.29621063394566], [-80.05696275365996, 45.29498363370309], [-80.05464055299251, 45.29581073395575]]], [[[-80.04558365083372, 45.3035127356867], [-80.04844615195452, 45.30549013587432], [-80.04917595171929, 45.30075223504924], [-80.0524429523841, 45.296827734233894], [-80.04558365083372, 45.3035127356867]]], [[[-80.0547210544439, 45.310151036339754], [-80.05754605539862, 45.31057953627122], [-80.05843935553116, 45.30901173596595], [-80.0547210544439, 45.310151036339754]]], [[[-80.05004015307988, 45.31163353681831], [-80.05375355373961, 45.30620923573135], [-80.06422635680984, 45.303081934692095], [-80.06965545804864, 45.297914433562795], [-80.07424065956647, 45.298293833398866], [-80.07472785939657, 45.295003132826764], [-80.06905385724822, 45.29181533257677], [-80.06050295468054, 45.29375283332281], [-80.06134845516165, 45.29584803362998], [-80.05224345267101, 45.30036353483265], [-80.04805495225825, 45.309816636614094], [-80.04453195105785, 45.30918403668313], [-80.04484775140523, 45.3116533370786], [-80.05004015307988, 45.31163353681831]]], [[[-80.53215711936207, 45.41872103048936], [-80.53626382063759, 45.418251730204524], [-80.54303222237131, 45.4138577291365], [-80.53215711936207, 45.41872103048936]]], [[[-80.4668821000138, 45.43535533653004], [-80.46940420092234, 45.43629423655823], [-80.47117100116498, 45.4330758359371], [-80.4668821000138, 45.43535533653004]]], [[[-80.47545450324829, 45.43998543686362], [-80.47506860328745, 45.44159473714906], [-80.47601820355658, 45.44123023704098], [-80.47545450324829, 45.43998543686362]]], [[[-80.47182120196625, 45.43889743686685], [-80.46890490104191, 45.43905463703974], [-80.46932700158531, 45.443061337680774], [-80.47182120196625, 45.43889743686685]]], [[[-80.46542660033309, 45.44311493788612], [-80.46759360110237, 45.44380903789166], [-80.46750830103095, 45.44337663782452], [-80.46542660033309, 45.44311493788612]]], [[[-80.47152400245211, 45.44461953782761], [-80.47626560400337, 45.44483983762512], [-80.47641460382088, 45.44257283724289], [-80.47284240244875, 45.440405237064596], [-80.47152400245211, 45.44461953782761]]], [[[-80.46488110038109, 45.445317338277626], [-80.46627150086665, 45.44568353826813], [-80.46653080091104, 45.44529793819131], [-80.46488110038109, 45.445317338277626]]], [[[-80.49371550965233, 45.445064536782645], [-80.49306200960345, 45.44665443707831], [-80.49502991010324, 45.44533133676047], [-80.49371550965233, 45.445064536782645]]], [[[-80.4636350000418, 45.445932438442064], [-80.46333780011322, 45.447577938729005], [-80.46434110037505, 45.4469707385781], [-80.4636350000418, 45.445932438442064]]], [[[-80.45886739834938, 45.444407638430185], [-80.45906119865714, 45.44682013881919], [-80.45998469905875, 45.44784133894143], [-80.46011779904683, 45.447302138845615], [-80.45886739834938, 45.444407638430185]]], [[[-80.4625276998983, 45.448033038845026], [-80.46370420027732, 45.4480295387852], [-80.46272219993368, 45.447763938790736], [-80.4625276998983, 45.448033038845026]]], [[[-80.47173960281458, 45.44750033829288], [-80.47118590281521, 45.44926153861186], [-80.47204200296075, 45.44797863835668], [-80.47173960281458, 45.44750033829288]]], [[[-80.50133671253971, 45.449292337096885], [-80.49944781203887, 45.450354837367684], [-80.50015941231904, 45.45085283741408], [-80.50133671253971, 45.449292337096885]]], [[[-80.41139278361403, 45.450084041757776], [-80.41475428483912, 45.45146954181781], [-80.4113698835811, 45.44983204171726], [-80.41139278361403, 45.450084041757776]]], [[[-80.42973148978331, 45.45258184124815], [-80.4313595903989, 45.4534719413133], [-80.43183709050744, 45.45302444121532], [-80.42973148978331, 45.45258184124815]]], [[[-80.47462270436996, 45.45365103916402], [-80.47657890472607, 45.45095133861928], [-80.47384410369006, 45.44943573850671], [-80.47538770436522, 45.45117983871712], [-80.47462270436996, 45.45365103916402]]], [[[-80.4224716875237, 45.45339064174714], [-80.42402958792376, 45.452381941502026], [-80.421755487168, 45.45216314158024], [-80.4224716875237, 45.45339064174714]]], [[[-80.42603518846754, 45.45136614123318], [-80.42805728935939, 45.45372524152138], [-80.42832188935807, 45.452871641367], [-80.42603518846754, 45.45136614123318]]], [[[-80.42947448983925, 45.45394834148696], [-80.43053979027394, 45.45484464158146], [-80.43076489026801, 45.454071841442406], [-80.42947448983925, 45.45394834148696]]], [[[-80.43188219058511, 45.4536455413157], [-80.43363089130916, 45.45522004148791], [-80.43381459132276, 45.45477094140447], [-80.43188219058511, 45.4536455413157]]], [[[-80.50131621336149, 45.4574268384417], [-80.50492701432655, 45.45547213793665], [-80.50399471326313, 45.44798123674619], [-80.5008032126231, 45.45180063753818], [-80.50131621336149, 45.4574268384417]]], [[[-80.49962581254808, 45.454791938091766], [-80.50074701325468, 45.458180138594855], [-80.50035051283157, 45.455280938135935], [-80.49962581254808, 45.454791938091766]]], [[[-80.4711864037675, 45.458620240158176], [-80.47497680466559, 45.4554344394408], [-80.47216870370106, 45.45485443948649], [-80.47409960418636, 45.453504639166184], [-80.47144860296314, 45.44988363870143], [-80.46975310290351, 45.454672039578114], [-80.46736580209038, 45.45424683962817], [-80.4711864037675, 45.458620240158176]]], [[[-80.49218431042662, 45.45752053891781], [-80.49278621075388, 45.45882813910347], [-80.49356481087973, 45.45759893886114], [-80.49218431042662, 45.45752053891781]]], [[[-80.47884870622559, 45.45849403975111], [-80.48479240818075, 45.45887243951395], [-80.48544900820407, 45.45702173917506], [-80.48078040642443, 45.45432763896538], [-80.47884870622559, 45.45849403975111]]], [[[-80.4357424923608, 45.45886594198421], [-80.4396052937322, 45.460099441993506], [-80.43560119219443, 45.45767734179485], [-80.4357424923608, 45.45886594198421]]], [[[-80.47166890395995, 45.458982440193736], [-80.47529260508352, 45.45854033993807], [-80.47225100407653, 45.458283140048835], [-80.47166890395995, 45.458982440193736]]], [[[-80.50587041496571, 45.45876083843225], [-80.50585381515015, 45.460623338740724], [-80.50727891554703, 45.46000883856731], [-80.50587041496571, 45.45876083843225]]], [[[-80.50142721359073, 45.459325838749756], [-80.50298751424029, 45.460763438908494], [-80.50366721429104, 45.459110938601235], [-80.50142721359073, 45.459325838749756]]], [[[-80.39615137964714, 45.459445244071716], [-80.39820818044889, 45.46080584419319], [-80.39596877950407, 45.4586165439439], [-80.39615137964714, 45.459445244071716]]], [[[-80.42570608933491, 45.46094834283346], [-80.42735248977633, 45.460065942604814], [-80.42487818891108, 45.45940564262022], [-80.42570608933491, 45.46094834283346]]], [[[-80.4411233945163, 45.46299504239558], [-80.44150569465447, 45.4631408424004], [-80.44141479451167, 45.462024742220564], [-80.4411233945163, 45.46299504239558]]], [[[-80.43182809135499, 45.461392842598784], [-80.43410499234031, 45.463860342891905], [-80.43293619163344, 45.46061554241459], [-80.43182809135499, 45.461392842598784]]], [[[-80.43100789135886, 45.464033943076494], [-80.43248349128596, 45.45863394210988], [-80.43546039253035, 45.46142884242191], [-80.4336880913962, 45.45589524159662], [-80.43096249090979, 45.45975994237252], [-80.42640638921739, 45.457568642239686], [-80.43100789135886, 45.464033943076494]]], [[[-80.49303541147312, 45.46510044012691], [-80.4948972119937, 45.46431703990355], [-80.49266761131676, 45.464729740084216], [-80.49303541147312, 45.46510044012691]]], [[[-80.48198230778912, 45.46392544049028], [-80.4818655079081, 45.46546354075022], [-80.48302350820784, 45.46474004057232], [-80.48198230778912, 45.46392544049028]]], [[[-80.43032509118491, 45.46448944318612], [-80.42941379104597, 45.46601434348395], [-80.43077009135526, 45.46475264320721], [-80.43032509118491, 45.46448944318612]]], [[[-80.43642689314999, 45.46445664287352], [-80.4354046929341, 45.465576543110025], [-80.43644739333318, 45.46619324315943], [-80.43577739303713, 45.465407243063275], [-80.43645319327652, 45.465617543064], [-80.43666329328948, 45.46507854296438], [-80.43642689314999, 45.46445664287352]]], [[[-80.50364761509711, 45.46708263991876], [-80.50578201580464, 45.46727203984233], [-80.50656431588662, 45.46560193952705], [-80.50364761509711, 45.46708263991876]]], [[[-80.44499119610175, 45.46631614274948], [-80.44648569660558, 45.466530142709516], [-80.44495799603882, 45.465802942666365], [-80.44499119610175, 45.46631614274948]]], [[[-80.43242119212842, 45.46711824351496], [-80.43546459311993, 45.46721404337755], [-80.43441789250822, 45.46451864298493], [-80.4334580922045, 45.464577043042894], [-80.43242119212842, 45.46711824351496]]], [[[-80.42860799103535, 45.46846684392971], [-80.43073149171965, 45.468459443821615], [-80.43317159216133, 45.46506154313735], [-80.43181059164752, 45.46432594308435], [-80.42860799103535, 45.46846684392971]]], [[[-80.43712999376146, 45.46823904346306], [-80.4409474949381, 45.46769994318171], [-80.43673519323492, 45.464314242834455], [-80.43712999376146, 45.46823904346306]]], [[[-80.4205446884746, 45.468866944401725], [-80.42324288935566, 45.468970544283025], [-80.42293558901127, 45.466557743899855], [-80.4205446884746, 45.468866944401725]]], [[[-80.42626259044587, 45.47011064431938], [-80.4324115924712, 45.47051914407727], [-80.43434409283384, 45.467955343556454], [-80.42626259044587, 45.47011064431938]]], [[[-80.44979539875098, 45.47711934429184], [-80.45089159927916, 45.478834444519855], [-80.45145629944335, 45.47865734446212], [-80.44979539875098, 45.47711934429184]]], [[[-80.42281189041896, 45.48079244625754], [-80.42347599077183, 45.48215474644914], [-80.42372619078401, 45.4814810463253], [-80.42281189041896, 45.48079244625754]]], [[[-80.45285810048101, 45.484405645340615], [-80.45654720176462, 45.485323145306154], [-80.45517970117608, 45.483876845136315], [-80.45285810048101, 45.484405645340615]]], [[[-80.4540745011252, 45.486877045687315], [-80.45564820150624, 45.48563374540273], [-80.4534253008815, 45.486540945664586], [-80.4540745011252, 45.486877045687315]]], [[[-80.44109349685917, 45.48611204621523], [-80.44197479728693, 45.4875201464033], [-80.44341329769951, 45.48701444624736], [-80.44109349685917, 45.48611204621523]]], [[[-80.42146409064263, 45.48726474739432], [-80.42202559071694, 45.48621464719266], [-80.42129569048568, 45.48625604723623], [-80.42146409064263, 45.48726474739432]]], [[[-80.44449479811043, 45.48762244629324], [-80.44821899931016, 45.487604646102604], [-80.44359109777069, 45.487150046260744], [-80.44449479811043, 45.48762244629324]]], [[[-80.4344903947308, 45.48613344655146], [-80.43844379613945, 45.48743994656801], [-80.43950389625016, 45.48516844613954], [-80.4344903947308, 45.48613344655146]]], [[[-80.4508823002826, 45.48871534615172], [-80.45234140075134, 45.488695246074826], [-80.44931309972971, 45.4882579461553], [-80.4508823002826, 45.48871534615172]]], [[[-80.42224089080766, 45.48642294721623], [-80.43333419452662, 45.48779244688358], [-80.42924419278626, 45.48365974640723], [-80.45469610151125, 45.488697745956536], [-80.45937830290585, 45.48755914553254], [-80.44517699790927, 45.48348654557601], [-80.45243350010729, 45.482081644978315], [-80.44575029772797, 45.47988954495315], [-80.44996509903389, 45.47936094465345], [-80.44684829784454, 45.477555044512286], [-80.44946519861952, 45.47687474426807], [-80.44807749796962, 45.474888244009925], [-80.44578749749081, 45.47744194454707], [-80.44059969561765, 45.47548164448467], [-80.44618219750566, 45.47633684434466], [-80.44707609755083, 45.47394754390501], [-80.43762329410387, 45.47004114373588], [-80.43969729501198, 45.47239084401959], [-80.43686599413748, 45.47277274422527], [-80.43617799363416, 45.47000704380305], [-80.43688839445542, 45.47582684472857], [-80.43052029196716, 45.47156264434492], [-80.42954409193999, 45.47439214486144], [-80.42612299063865, 45.47244934471277], [-80.42573709090928, 45.47633464537403], [-80.42321928945148, 45.469987444452265], [-80.42375219041159, 45.477737545705644], [-80.42844889178929, 45.476384345245684], [-80.43003069298176, 45.48308774627313], [-80.42442739115992, 45.48295154653284], [-80.42787439259722, 45.486145246886636], [-80.42224089080766, 45.48642294721623]]], [[[-80.39548878236137, 45.48826344886662], [-80.39733178295444, 45.48824604877106], [-80.39506188214925, 45.48753224876738], [-80.39548878236137, 45.48826344886662]]], [[[-80.44596589871958, 45.48894344643722], [-80.44989880007667, 45.48980824638175], [-80.45030180014268, 45.4891805462578], [-80.44596589871958, 45.48894344643722]]], [[[-80.42596599224335, 45.48871834740763], [-80.42660769255697, 45.48976524754817], [-80.42720259268877, 45.489174347420615], [-80.42596599224335, 45.48871834740763]]], [[[-80.4271267927779, 45.49028984760865], [-80.42559779234233, 45.49085794777947], [-80.42723319289566, 45.49110924773858], [-80.4271267927779, 45.49028984760865]]], [[[-80.4028135849152, 45.49012884880619], [-80.40421558553774, 45.49180074901165], [-80.40532078585206, 45.49138364888715], [-80.40390098526946, 45.490161348756786], [-80.4028135849152, 45.49012884880619]]], [[[-80.47600390865803, 45.4913720453234], [-80.47487090836721, 45.492104745501486], [-80.47734400912857, 45.491747145317674], [-80.47600390865803, 45.4913720453234]]], [[[-80.41919819028574, 45.49094254811571], [-80.42358489172837, 45.49120774793859], [-80.41897399003284, 45.489168547834055], [-80.41919819028574, 45.49094254811571]]], [[[-80.45804040267896, 45.489568345931694], [-80.46920190652558, 45.49197894576667], [-80.46442600460455, 45.48824864539186], [-80.45804040267896, 45.489568345931694]]], [[[-80.42249829148898, 45.49230014817366], [-80.42279809165734, 45.4930036482747], [-80.42403189200571, 45.4925148481319], [-80.42249829148898, 45.49230014817366]]], [[[-80.4274617931125, 45.49251414795898], [-80.4278246933095, 45.4932991480703], [-80.42858449351019, 45.49286184795984], [-80.4274617931125, 45.49251414795898]]], [[[-80.47213170761805, 45.49342374585733], [-80.47513550862986, 45.49384264577492], [-80.47404300819152, 45.49300074569115], [-80.47213170761805, 45.49342374585733]]], [[[-80.46326600485266, 45.494353746458046], [-80.46205790451462, 45.49486104660268], [-80.46335230491268, 45.494669146505714], [-80.46326600485266, 45.494353746458046]]], [[[-80.44407979867212, 45.494450547441346], [-80.44562519907434, 45.493504147207204], [-80.44337769829941, 45.49301624723994], [-80.44407979867212, 45.494450547441346]]], [[[-80.46307240493877, 45.49581074670824], [-80.46156280444643, 45.49575854677578], [-80.4627443049181, 45.49664614686267], [-80.46307240493877, 45.49581074670824]]], [[[-80.46743060627813, 45.49515634638045], [-80.4772416095049, 45.495760145985074], [-80.4720230077876, 45.495429946193944], [-80.47119430721423, 45.49242934574053], [-80.46394840502636, 45.493897946348405], [-80.47049240710038, 45.49353304595808], [-80.46743060627813, 45.49515634638045]]], [[[-80.45118980128993, 45.49762584760704], [-80.4542643022559, 45.49737054740982], [-80.45064080096846, 45.49621034740108], [-80.45118980128993, 45.49762584760704]]], [[[-80.45713250330114, 45.49854534745908], [-80.4591691036757, 45.495774346899076], [-80.45558990247511, 45.49532504700546], [-80.45381990168023, 45.49312984673236], [-80.45796290318684, 45.49479644679852], [-80.45563480215844, 45.492076546466976], [-80.4579411027441, 45.49052174609404], [-80.45307040112166, 45.4900216462571], [-80.4519346012444, 45.49482164710665], [-80.45713250330114, 45.49854534745908]]], [[[-80.46922070700887, 45.49665864653802], [-80.47329600854135, 45.49879254668459], [-80.47457310884838, 45.49776364645033], [-80.46922070700887, 45.49665864653802]]], [[[-80.47838041001233, 45.49713314615416], [-80.47868261029822, 45.49897934644359], [-80.48069801088691, 45.498376646242434], [-80.47838041001233, 45.49713314615416]]], [[[-80.47971431068481, 45.49950614647843], [-80.48253131158388, 45.49941094632051], [-80.47920511049274, 45.49923384645919], [-80.47971431068481, 45.49950614647843]]], [[[-80.46872030712997, 45.499428047020295], [-80.47216370823794, 45.49939924684182], [-80.46751130666678, 45.498711446963014], [-80.46872030712997, 45.499428047020295]]], [[[-80.46772440691647, 45.500485347245004], [-80.46987300763001, 45.500684447169434], [-80.46672800644026, 45.49896864704499], [-80.46772440691647, 45.500485347245004]]], [[[-80.47285780884326, 45.5031371474235], [-80.47960681098623, 45.50279934702716], [-80.47685831006055, 45.502417747102974], [-80.47285780884326, 45.5031371474235]]], [[[-80.4638461063446, 45.50714494853942], [-80.46780740742632, 45.50521964802193], [-80.47105500810187, 45.50157184725623], [-80.46700320700481, 45.50363174780054], [-80.46845830724543, 45.50138864735699], [-80.46409460569036, 45.499946347339176], [-80.46600300670181, 45.50382534788294], [-80.4638461063446, 45.50714494853942]]], [[[-80.39234658319127, 45.50638915201758], [-80.39473338402355, 45.50699585199759], [-80.39153398274894, 45.50462085176654], [-80.39234658319127, 45.50638915201758]]], [[[-80.46468800691792, 45.51010074898453], [-80.46583350722376, 45.50947614882373], [-80.46319620637429, 45.50949064895916], [-80.46468800691792, 45.51010074898453]]], [[[-80.47881121158458, 45.51117414844881], [-80.48251761270956, 45.51048024814724], [-80.48305511274353, 45.509114647894904], [-80.47660591049342, 45.507456447946915], [-80.47881121158458, 45.51117414844881]]], [[[-80.45382690346757, 45.510634149620444], [-80.4554836040801, 45.51139804966287], [-80.45981560529374, 45.50959184914641], [-80.45382690346757, 45.510634149620444]]], [[[-80.56520403943337, 45.510998844052374], [-80.56707064006922, 45.51132994401241], [-80.56674593985836, 45.51029374385807], [-80.56520403943337, 45.510998844052374]]], [[[-80.40906678930457, 45.51341665233557], [-80.41048998962076, 45.51201125203197], [-80.40873818903327, 45.511794952084486], [-80.40906678930457, 45.51341665233557]]], [[[-80.48217551284074, 45.51284544855461], [-80.48135311274784, 45.51453364887452], [-80.48291281313507, 45.51339764860845], [-80.48217551284074, 45.51284544855461]]], [[[-80.48828981501406, 45.51480804856952], [-80.48972281548802, 45.514922348516], [-80.4874759146922, 45.51422844851507], [-80.48828981501406, 45.51480804856952]]], [[[-80.42043539298123, 45.51348455177406], [-80.42469469452342, 45.51512605183027], [-80.42138389327599, 45.513372251707736], [-80.42043539298123, 45.51348455177406]]], [[[-80.48308101331172, 45.5145954487975], [-80.48406491379141, 45.51618364900973], [-80.48557361415847, 45.51501174874027], [-80.48308101331172, 45.5145954487975]]], [[[-80.48307891347373, 45.51618814906026], [-80.48292771353891, 45.51730354925182], [-80.4840487138239, 45.51655264907137], [-80.48307891347373, 45.51618814906026]]], [[[-80.4215112938292, 45.518395052529996], [-80.42899999613279, 45.517280451968695], [-80.41803729224718, 45.513877251959684], [-80.4215112938292, 45.518395052529996]]], [[[-80.4802878128541, 45.51893844965472], [-80.48205291344287, 45.51912644959658], [-80.482351313497, 45.51871384951347], [-80.4802878128541, 45.51893844965472]]], [[[-80.41764749267809, 45.51933825288029], [-80.4205986934433, 45.51749935242821], [-80.41788899252406, 45.51706265249273], [-80.41764749267809, 45.51933825288029]]], [[[-80.39444278521462, 45.519612154094276], [-80.39640868590544, 45.520162654086114], [-80.39538688543102, 45.51874415390351], [-80.39444278521462, 45.519612154094276]]], [[[-80.46895970929903, 45.51992075038859], [-80.47026090977013, 45.52042195040557], [-80.47050840980506, 45.519982050320536], [-80.46895970929903, 45.51992075038859]]], [[[-80.48321291401545, 45.521066649857886], [-80.48527381468969, 45.52115684976872], [-80.48292701383019, 45.52015634972224], [-80.48321291401545, 45.521066649857886]]], [[[-80.47565951156535, 45.52094195021878], [-80.47634111175255, 45.520621250131455], [-80.47335571080981, 45.52082335031552], [-80.47565951156535, 45.52094195021878]]], [[[-80.41865159319728, 45.521251253145266], [-80.4205572938355, 45.52147705308651], [-80.42057439379884, 45.521062953017314], [-80.41865159319728, 45.521251253145266]]], [[[-80.46365070767239, 45.52076905079645], [-80.4652890083425, 45.522153750942074], [-80.46870480933983, 45.52112565060015], [-80.46365070767239, 45.52076905079645]]], [[[-80.39547048575606, 45.521669654382016], [-80.3944614854059, 45.52143045439333], [-80.39464178557611, 45.522529354565606], [-80.39547048575606, 45.521669654382016]]], [[[-80.46312660762798, 45.52199055102432], [-80.46474500823287, 45.52279915107596], [-80.46473870816095, 45.52211495096346], [-80.46312660762798, 45.52199055102432]]], [[[-80.48311051412493, 45.52246105009298], [-80.4838967144627, 45.523283650188894], [-80.48394351438492, 45.52237495003669], [-80.48311051412493, 45.52246105009298]]], [[[-80.47937321303861, 45.52363205047479], [-80.47967861287887, 45.52110455004265], [-80.48109291341133, 45.5218488500939], [-80.48360251422415, 45.521878349972084], [-80.47826511233657, 45.52026104997493], [-80.47937321303861, 45.52363205047479]]], [[[-80.48078781343048, 45.52299955029908], [-80.48204721392757, 45.52388715038181], [-80.48237001400155, 45.52359175031678], [-80.48078781343048, 45.52299955029908]]], [[[-80.45664390571005, 45.52369675163281], [-80.45882150640288, 45.52359915150683], [-80.45896410643059, 45.52341985147007], [-80.45664390571005, 45.52369675163281]]], [[[-80.49534701783966, 45.5201763490982], [-80.49629601856223, 45.52424814972155], [-80.49899331904905, 45.520498448967075], [-80.49534701783966, 45.5201763490982]]], [[[-80.38397648224122, 45.52359695527869], [-80.38690918330165, 45.52471085531487], [-80.38730408333036, 45.52374115513494], [-80.38397648224122, 45.52359695527869]]], [[[-80.48719901568528, 45.52481955027534], [-80.49202041731317, 45.52552505014804], [-80.49536191825486, 45.524190149759164], [-80.48719901568528, 45.52481955027534]]], [[[-80.43512589908113, 45.52679665322947], [-80.43530869923299, 45.527706353370284], [-80.4358802993342, 45.526890253206865], [-80.43512589908113, 45.52679665322947]]], [[[-80.48102731383165, 45.526168550809466], [-80.48423881504063, 45.52785715092558], [-80.485011015246, 45.52742875081599], [-80.48568991546263, 45.52740475077774], [-80.48634641563798, 45.52704775068572], [-80.48712641590295, 45.52717725066768], [-80.48640241545912, 45.52512195036538], [-80.48102731383165, 45.526168550809466]]], [[[-80.48218601441957, 45.528261751096004], [-80.48061381373942, 45.52657155089674], [-80.4794410134423, 45.527367251087156], [-80.47871301318496, 45.527147951087734], [-80.47729751280477, 45.52789735128278], [-80.48218601441957, 45.528261751096004]]], [[[-80.47688821266605, 45.52783255129277], [-80.47640161264859, 45.52919835154252], [-80.47734001291327, 45.52882465143349], [-80.47688821266605, 45.52783255129277]]], [[[-80.42450329571827, 45.527445753872065], [-80.4301104976736, 45.528868753824085], [-80.43237239819548, 45.52682785337346], [-80.42450329571827, 45.527445753872065]]], [[[-80.40960099074607, 45.52586625436258], [-80.41204519192571, 45.529695054870935], [-80.41587599302316, 45.52832885445256], [-80.41507609257077, 45.526425754179016], [-80.43441339880572, 45.526351953192055], [-80.44016599998122, 45.51967565180088], [-80.44430690126474, 45.519155851506305], [-80.43862119982718, 45.523051952435594], [-80.44212530126589, 45.52606615275601], [-80.45281350475776, 45.526477552284625], [-80.45462220517422, 45.52483905192316], [-80.45171110414685, 45.52397925192827], [-80.45776400600775, 45.523072051473285], [-80.45506170500657, 45.52180835140126], [-80.47362951056733, 45.517584749767614], [-80.47101670959613, 45.51633064969269], [-80.47127890961562, 45.51569294957432], [-80.47550741121925, 45.518034549747014], [-80.48176381314903, 45.51716324928748], [-80.47955671193299, 45.51223064858543], [-80.46781740800358, 45.51084424894927], [-80.47508311027335, 45.51011304846196], [-80.47547681002204, 45.50640714783078], [-80.47139460841274, 45.5035443475645], [-80.46839590789202, 45.50792224843806], [-80.46609060702403, 45.50670564835371], [-80.46595310762342, 45.51301344940118], [-80.46000120582123, 45.51417324989278], [-80.46426860688804, 45.51113374917611], [-80.46131300578041, 45.50962594907649], [-80.45197770306271, 45.51251515002404], [-80.45344550384844, 45.51557305045441], [-80.45017550271623, 45.514819450495025], [-80.4493681021991, 45.51230465012089], [-80.45636740409391, 45.50873844917958], [-80.44991050193003, 45.50795154937536], [-80.45427290310029, 45.505623648771326], [-80.45388750325577, 45.508366649243285], [-80.4601983050262, 45.5057596484949], [-80.46193270579238, 45.50778394874134], [-80.46358910572803, 45.50191484768946], [-80.45669640397256, 45.50650814879503], [-80.4577313040582, 45.5040740483412], [-80.45373100256904, 45.50212904822204], [-80.45629410323025, 45.5005032478245], [-80.44234189808479, 45.494190147485945], [-80.44444719844152, 45.49102364685712], [-80.4351206952781, 45.48951084707733], [-80.43925199714398, 45.494741747732704], [-80.43022929397398, 45.4922040477684], [-80.42909289395958, 45.4956633483967], [-80.42327039219944, 45.49683094888276], [-80.4281500943773, 45.502750549614], [-80.42098139206549, 45.50276814997809], [-80.42466659352272, 45.50539685022629], [-80.42140709280096, 45.50863815092537], [-80.42562559447845, 45.511737451224256], [-80.43010679579132, 45.510428150782374], [-80.42731379516735, 45.51315015137228], [-80.43222379694278, 45.515019751433286], [-80.42751509552242, 45.51599515183149], [-80.43161009699223, 45.517446451864544], [-80.4288730964617, 45.52090675257329], [-80.4208649939313, 45.521442353065254], [-80.42250939478525, 45.52460965350485], [-80.41383309180624, 45.52286435365421], [-80.40960099074607, 45.52586625436258]]], [[[-80.45345690520011, 45.52877545263109], [-80.45846680692256, 45.52980735254837], [-80.45867790692644, 45.52917835243401], [-80.45345690520011, 45.52877545263109]]], [[[-80.41884949420873, 45.530540054667405], [-80.42360539557208, 45.52885425414966], [-80.41838319398444, 45.52981755457177], [-80.41884949420873, 45.530540054667405]]], [[[-80.47394021188255, 45.52947495171242], [-80.47139211119422, 45.53078615205721], [-80.4761052125749, 45.52941295159286], [-80.47394021188255, 45.52947495171242]]], [[[-80.38136458210244, 45.53051295655115], [-80.38504868332907, 45.530875056425415], [-80.38144428210074, 45.5302436565027], [-80.38136458210244, 45.53051295655115]]], [[[-80.47861381339852, 45.529550451488824], [-80.47873711363437, 45.5314680517987], [-80.48125041426813, 45.52973365138582], [-80.47861381339852, 45.529550451488824]]], [[[-80.48553591584543, 45.531634151482635], [-80.48901761684542, 45.53042575110757], [-80.49040001715593, 45.52910005081923], [-80.48849311652683, 45.52896545089337], [-80.48553591584543, 45.531634151482635]]], [[[-80.45993290760339, 45.53183925280936], [-80.46835041028287, 45.5314740523242], [-80.47585021233976, 45.52791765135924], [-80.4715761109262, 45.52758295151988], [-80.47572751182365, 45.52325525059673], [-80.47782671278901, 45.526072950955346], [-80.47769791233445, 45.52203145029547], [-80.46980420971536, 45.52132885057813], [-80.45361700505151, 45.52681435229962], [-80.46979771047285, 45.528762651804115], [-80.45993290760339, 45.53183925280936]]], [[[-80.41697219392762, 45.53372545528733], [-80.41717689386986, 45.53251145507681], [-80.41590369351141, 45.53302705522599], [-80.41697219392762, 45.53372545528733]]], [[[-80.44758760374586, 45.53308515363775], [-80.44933290440478, 45.5340205537039], [-80.4498789044967, 45.533195253540306], [-80.44758760374586, 45.53308515363775]]], [[[-80.42253389543686, 45.5309186545441], [-80.42547899677407, 45.5347046550199], [-80.42686869690188, 45.53156145443153], [-80.42253389543686, 45.5309186545441]]], [[[-80.48601421609295, 45.53254525160865], [-80.48499761595957, 45.5344487519737], [-80.48712811645571, 45.532577151557646], [-80.48601421609295, 45.53254525160865]]], [[[-80.46151450845404, 45.535167753278174], [-80.4642159093383, 45.53528855316175], [-80.46532410962199, 45.53456475298649], [-80.46313460890873, 45.53450035308638], [-80.46151450845404, 45.535167753278174]]], [[[-80.46574780974974, 45.53447675295059], [-80.4733730122991, 45.535340452707885], [-80.47076291142605, 45.53504025279023], [-80.47774701321687, 45.53050965169072], [-80.46574780974974, 45.53447675295059]]], [[[-80.45205330549484, 45.536094853908565], [-80.4585738073158, 45.53331785312171], [-80.46299860881327, 45.53399585301009], [-80.45422890581283, 45.53233405317877], [-80.45205330549484, 45.536094853908565]]], [[[-80.42544029689202, 45.53598245523256], [-80.42764229761232, 45.53607435513665], [-80.4285204976923, 45.534080654763684], [-80.42732339723905, 45.533426654716166], [-80.42544029689202, 45.53598245523256]]], [[[-80.43043309852489, 45.536187355014555], [-80.44774700400241, 45.53509305396075], [-80.44531860316769, 45.53459535400125], [-80.44948270382993, 45.52791945269046], [-80.44345850168037, 45.525910552663085], [-80.43249639840548, 45.52849345364187], [-80.43339489919028, 45.53333985439571], [-80.42823619737253, 45.53184705440971], [-80.43205459884149, 45.53416125459874], [-80.43043309852489, 45.536187355014555]]], [[[-80.45175160547275, 45.53683135404522], [-80.45465490645361, 45.53725935396924], [-80.45516020655539, 45.53665875384473], [-80.45175160547275, 45.53683135404522]]], [[[-80.44905380468423, 45.53763745431423], [-80.45252390581716, 45.53776215415965], [-80.45023850500195, 45.53700405415006], [-80.44905380468423, 45.53763745431423]]], [[[-80.47769781388013, 45.53715135278791], [-80.47860031424914, 45.537911452867554], [-80.4794802144323, 45.536925552660655], [-80.47769781388013, 45.53715135278791]]], [[[-80.48321891579624, 45.538463552725254], [-80.48413351617657, 45.539295952816204], [-80.4850381163796, 45.53842675262725], [-80.48321891579624, 45.538463552725254]]], [[[-80.44521310356112, 45.53877985469634], [-80.44701240421001, 45.53944555471527], [-80.44867520463913, 45.5383917544577], [-80.44521310356112, 45.53877985469634]]], [[[-80.4668523106221, 45.53952195372635], [-80.4719640119836, 45.536701853003414], [-80.46382930937618, 45.53687985344354], [-80.4668523106221, 45.53952195372635]]], [[[-80.43629600070743, 45.53902435518654], [-80.4421489026026, 45.539079854900436], [-80.43897440142541, 45.53758845481471], [-80.43629600070743, 45.53902435518654]]], [[[-80.40476899045669, 45.53832435666067], [-80.41021419232439, 45.539396856563094], [-80.41084549236784, 45.53782515627215], [-80.40476899045669, 45.53832435666067]]], [[[-80.48216711561747, 45.54003385303713], [-80.48455971641836, 45.540314652962515], [-80.48529991654436, 45.539211052743276], [-80.48216711561747, 45.54003385303713]]], [[[-80.46329480957705, 45.54053145407238], [-80.46533651031706, 45.54132395409987], [-80.46472941003893, 45.54052015399808], [-80.46329480957705, 45.54053145407238]]], [[[-80.46198330920456, 45.54102925422064], [-80.46166470922309, 45.54221595443229], [-80.46404660999677, 45.542263054319754], [-80.46198330920456, 45.54102925422064]]], [[[-80.40768929177236, 45.541975857115546], [-80.41005029261962, 45.54280705713362], [-80.41157349299647, 45.54168105687121], [-80.40768929177236, 45.541975857115546]]], [[[-80.40545419110913, 45.542549257322754], [-80.40695859166459, 45.5432319573595], [-80.40790889194992, 45.54302095727677], [-80.40545419110913, 45.542549257322754]]], [[[-80.39372668738723, 45.54318925801922], [-80.39292438720486, 45.54394105818358], [-80.39355918746163, 45.54444855823524], [-80.39372668738723, 45.54318925801922]]], [[[-80.41144999316141, 45.54368735720814], [-80.41273449366695, 45.544576157289946], [-80.41457589416783, 45.54365855704583], [-80.41631869472415, 45.54359545694758], [-80.4188017954197, 45.542555056650855], [-80.41144999316141, 45.54368735720814]]], [[[-80.48741281780384, 45.54485485356642], [-80.48886991831164, 45.5452213535532], [-80.48990131857035, 45.5444969533817], [-80.48876401817056, 45.54417685338643], [-80.48741281780384, 45.54485485356642]]], [[[-80.48090651569166, 45.54473525387549], [-80.48192151598843, 45.54443395377456], [-80.4804780154758, 45.54397745377231], [-80.48090651569166, 45.54473525387549]]], [[[-80.50331672285898, 45.54409725263764], [-80.50365212308904, 45.545286852816616], [-80.50506502335203, 45.543402852434845], [-80.50331672285898, 45.54409725263764]]], [[[-80.47716761446657, 45.54455615403489], [-80.47877521505896, 45.545274654072095], [-80.47954371516737, 45.54391005380843], [-80.47716761446657, 45.54455615403489]]], [[[-80.38718268549518, 45.54535955870669], [-80.38882958583974, 45.54352315832092], [-80.38682498525183, 45.5441064585181], [-80.38718268549518, 45.54535955870669]]], [[[-80.41807889524017, 45.54308255677429], [-80.41904569587271, 45.54621955724263], [-80.42448749752785, 45.54522115680363], [-80.42214749647694, 45.54232935644495], [-80.41807889524017, 45.54308255677429]]], [[[-80.41018229287174, 45.54485975746535], [-80.41054979315422, 45.546463857711274], [-80.41149909332249, 45.545109557440156], [-80.41018229287174, 45.54485975746535]]], [[[-80.41237179358914, 45.5449611573717], [-80.41697939524119, 45.54656905740446], [-80.41811619551692, 45.54567485719975], [-80.41237179358914, 45.5449611573717]]], [[[-80.46738141130218, 45.544501854520306], [-80.4677963116591, 45.54668195485855], [-80.46984691203473, 45.54388315429382], [-80.46738141130218, 45.544501854520306]]], [[[-80.47397751358359, 45.54599055443243], [-80.47391701366355, 45.54696235459559], [-80.4761410142977, 45.54614465434849], [-80.47397751358359, 45.54599055443243]]], [[[-80.44276700342695, 45.54519425587707], [-80.44297860369134, 45.54711235618251], [-80.4449803041702, 45.54547505581163], [-80.44276700342695, 45.54519425587707]]], [[[-80.48422211678731, 45.544984353749015], [-80.48797221817631, 45.54672965384701], [-80.4875858177888, 45.544162553443634], [-80.48422211678731, 45.544984353749015]]], [[[-80.47694251461667, 45.54673335440502], [-80.47767981491853, 45.54735775447063], [-80.47894221524834, 45.546598454281714], [-80.47694251461667, 45.54673335440502]]], [[[-80.46798811172575, 45.54672795485645], [-80.47205811307923, 45.5471158547148], [-80.47120491260999, 45.54522185444583], [-80.46798811172575, 45.54672795485645]]], [[[-80.48818511830221, 45.54728825392832], [-80.4876787182132, 45.548015254073654], [-80.48984801871988, 45.54612565365275], [-80.48818511830221, 45.54728825392832]]], [[[-80.48369721675674, 45.546341153999066], [-80.48483561714312, 45.54652625397206], [-80.48427461693231, 45.54623575395254], [-80.48369721675674, 45.546341153999066]]], [[[-80.49177361958462, 45.54850155394675], [-80.49734352126778, 45.54738325348097], [-80.49845342138501, 45.54502995303721], [-80.4955072204347, 45.54503495318697], [-80.49177361958462, 45.54850155394675]]], [[[-80.48986211899906, 45.548807954093846], [-80.4915680195265, 45.54858155397036], [-80.49158501948494, 45.548122553893904], [-80.48986211899906, 45.548807954093846]]], [[[-80.48694491816033, 45.549812054406765], [-80.4898474191611, 45.550436954362965], [-80.4900963191789, 45.54982595424975], [-80.48694491816033, 45.549812054406765]]], [[[-80.46875461227467, 45.54967465530324], [-80.47162771316387, 45.54930095509651], [-80.47257201350783, 45.54968335511185], [-80.47311401363974, 45.54926285501518], [-80.4716998131006, 45.54845525495359], [-80.46875461227467, 45.54967465530324]]], [[[-80.47440711420793, 45.55073605519258], [-80.47499611426012, 45.54938845494077], [-80.47340691389469, 45.55083035525865], [-80.47440711420793, 45.55073605519258]]], [[[-80.3905411871613, 45.55105685947677], [-80.3922597874582, 45.54852785897325], [-80.38788068578343, 45.54597525877302], [-80.38739248575864, 45.547277759012374], [-80.3905411871613, 45.55105685947677]]], [[[-80.49259741995232, 45.54949535406882], [-80.49870012186938, 45.548982253675774], [-80.49999842208891, 45.547034953289376], [-80.49259741995232, 45.54949535406882]]], [[[-80.47843981553918, 45.551024455036305], [-80.48434031722073, 45.548846054379275], [-80.47841201513219, 45.54713605439712], [-80.47843981553918, 45.551024455036305]]], [[[-80.52140292932583, 45.550249852736165], [-80.52155962949458, 45.55140275291812], [-80.52220622962972, 45.55068525276723], [-80.52140292932583, 45.550249852736165]]], [[[-80.48710791825171, 45.55019065446085], [-80.48470421760533, 45.55145515479064], [-80.4869111182406, 45.5507028545552], [-80.48710791825171, 45.55019065446085]]], [[[-80.47627391471099, 45.549763454938], [-80.47601651477979, 45.55124745519548], [-80.4772989150386, 45.54973205488102], [-80.47627391471099, 45.549763454938]]], [[[-80.51445142717549, 45.55115665323724], [-80.51578352760689, 45.551171153172234], [-80.51613462765852, 45.55056965305541], [-80.51445142717549, 45.55115665323724]]], [[[-80.49578492115486, 45.55119245418721], [-80.49827872186408, 45.550258353907275], [-80.49841202184723, 45.54967405380432], [-80.49578492115486, 45.55119245418721]]], [[[-80.47832731561427, 45.552112855221274], [-80.48035621621857, 45.55161825503726], [-80.478251815577, 45.55198665520431], [-80.47832731561427, 45.552112855221274]]], [[[-80.38850518661556, 45.552153159760046], [-80.38450768485018, 45.54750525919516], [-80.38283118441059, 45.54850435944433], [-80.38340998469522, 45.54946145957297], [-80.38850518661556, 45.552153159760046]]], [[[-80.39297448795492, 45.551132759366695], [-80.39219468780925, 45.55217285957739], [-80.39328488814911, 45.552052659502685], [-80.39297448795492, 45.551132759366695]]], [[[-80.43718580237115, 45.55249365736157], [-80.43954330299825, 45.55118195702648], [-80.44491630467954, 45.55065925666915], [-80.4418571032698, 45.54653085614326], [-80.44181350357316, 45.54963585665715], [-80.4383816021874, 45.546919056382585], [-80.43269570046463, 45.54802515685177], [-80.43705820193149, 45.548595656725674], [-80.43718580237115, 45.55249365736157]]], [[[-80.4705102129739, 45.550969955427924], [-80.47285891382626, 45.55188975546081], [-80.47317421380755, 45.55071265525097], [-80.4705102129739, 45.550969955427924]]], [[[-80.46686201190228, 45.55200615578297], [-80.46843231246798, 45.5525803557982], [-80.46901491258998, 45.5519350556625], [-80.46686201190228, 45.55200615578297]]], [[[-80.47229061383233, 45.55374125579453], [-80.47310851412072, 45.55397925579243], [-80.47442621442688, 45.5528151555341], [-80.47229061383233, 45.55374125579453]]], [[[-80.42217979768999, 45.55410185838369], [-80.4235878981556, 45.55420805833016], [-80.42599879878448, 45.55274405796731], [-80.42217979768999, 45.55410185838369]]], [[[-80.47981431622858, 45.55342485536226], [-80.48459781786248, 45.55430175526491], [-80.48579851814549, 45.553281055036116], [-80.47981431622858, 45.55342485536226]]], [[[-80.39595178911294, 45.553056859533825], [-80.39749918975971, 45.55449615969303], [-80.39914709033967, 45.554963959687115], [-80.39595178911294, 45.553056859533825]]], [[[-80.49075131995112, 45.55530155511848], [-80.49279292056028, 45.55481545493523], [-80.49289892055307, 45.554410854863264], [-80.49075131995112, 45.55530155511848]]], [[[-80.45529780852617, 45.55549755694219], [-80.45948870986562, 45.55536455670863], [-80.46136611026266, 45.55332135627721], [-80.46043470992191, 45.55292985625979], [-80.45529780852617, 45.55549755694219]]], [[[-80.48496401818363, 45.55628345557278], [-80.48758861890755, 45.55508015524194], [-80.48787751892448, 45.55433445510452], [-80.48761061895526, 45.55547645530611], [-80.49136532001403, 45.55398105487], [-80.48653441846356, 45.55406735512839], [-80.48496401818363, 45.55628345557278]]], [[[-80.426379299201, 45.55561715842154], [-80.42967090014692, 45.554472658066864], [-80.42716249931081, 45.55421715815134], [-80.426379299201, 45.55561715842154]]], [[[-80.44661210584465, 45.55669785757849], [-80.44917290615257, 45.55162485661341], [-80.4635390110177, 45.55384465625366], [-80.46537481102087, 45.548083755211835], [-80.46186470988695, 45.548076155387854], [-80.46033300892417, 45.54349675471058], [-80.44994480543224, 45.5421419550117], [-80.45017670576019, 45.54461815540816], [-80.4437548039948, 45.547629356228526], [-80.4461872053298, 45.553005556991586], [-80.44265660439709, 45.555031557503604], [-80.44661210584465, 45.55669785757849]]], [[[-80.47456381464458, 45.554507755805915], [-80.47936701635406, 45.55605995581891], [-80.47987501642608, 45.55516225564534], [-80.47456381464458, 45.554507755805915]]], [[[-80.4814597169817, 45.55559245563614], [-80.48333511767643, 45.55646525568507], [-80.48441951793481, 45.555570155482854], [-80.4814597169817, 45.55559245563614]]], [[[-80.43832810324395, 45.55742255811607], [-80.4427876041458, 45.55216095702403], [-80.43070630050661, 45.554720858055504], [-80.4309958007815, 45.5564953583333], [-80.43832810324395, 45.55742255811607]]], [[[-80.38955048748119, 45.557325360559915], [-80.3912608877341, 45.5543910599901], [-80.39045448734727, 45.55315365982678], [-80.38746048658257, 45.55513586030435], [-80.38955048748119, 45.557325360559915]]], [[[-80.41423739548796, 45.55765255936938], [-80.41808139660446, 45.556430158974045], [-80.41391359479194, 45.55186345843165], [-80.41611029544362, 45.5512986582278], [-80.4106033935199, 45.54987535827087], [-80.40512759205102, 45.55280805903033], [-80.40892489347796, 45.55477195916254], [-80.40959359342122, 45.552102158688825], [-80.41307829454747, 45.552111158514585], [-80.41097669399822, 45.553378458829414], [-80.41423739548796, 45.55765255936938]]], [[[-80.48578501858088, 45.55757425574391], [-80.48696501894848, 45.55744465566288], [-80.48785951911962, 45.55629655542861], [-80.48578501858088, 45.55757425574391]]], [[[-80.50156992368032, 45.55761725495282], [-80.5096077263778, 45.55862425471197], [-80.51267232718737, 45.55687335426864], [-80.51122672654392, 45.55514795405765], [-80.51376632748183, 45.556301954119185], [-80.51536142792168, 45.55557075391811], [-80.51205652669493, 45.554008353828046], [-80.51362182702364, 45.55228695346536], [-80.5111340263996, 45.55403155387851], [-80.51394962703915, 45.55140635330374], [-80.51115932625736, 45.55256455363564], [-80.51373542692846, 45.551000553247725], [-80.51391982692529, 45.550389253137716], [-80.5038744239981, 45.553460054151635], [-80.49923442282122, 45.55659005490179], [-80.50374362413567, 45.55521475444721], [-80.50156992368032, 45.55761725495282]]], [[[-80.4611482108785, 45.560025957392696], [-80.46622661247075, 45.55956365705996], [-80.47183011409346, 45.557744556477246], [-80.46612061219689, 45.55722295667979], [-80.4611482108785, 45.560025957392696]]], [[[-80.3419704722824, 45.559014663234], [-80.34245727255374, 45.560133563394004], [-80.34394497302067, 45.55999806329679], [-80.3419704722824, 45.559014663234]]], [[[-80.51887752929785, 45.557925754127915], [-80.52086153011628, 45.55966235431342], [-80.52139643017372, 45.55853935410146], [-80.51887752929785, 45.557925754127915]]], [[[-80.51730942885018, 45.55849515430104], [-80.51586022855263, 45.560154154647535], [-80.51805742918697, 45.5594253544163], [-80.51730942885018, 45.55849515430104]]], [[[-80.41643279640601, 45.55969795959568], [-80.42096339792309, 45.560225259454], [-80.41884889711488, 45.558999259358686], [-80.41643279640601, 45.55969795959568]]], [[[-80.47345671504702, 45.56192825708409], [-80.47949461682487, 45.56025495650336], [-80.48090511712783, 45.558767256187075], [-80.47544351539992, 45.559111256519735], [-80.47345671504702, 45.56192825708409]]], [[[-80.42149129819505, 45.56121785959093], [-80.42869780060059, 45.56198315935344], [-80.43230720141642, 45.558563058607795], [-80.4232613984943, 45.55855355906267], [-80.42149129819505, 45.56121785959093]]], [[[-80.4092010942442, 45.56139806024051], [-80.41804879716521, 45.56201945989664], [-80.40803999344828, 45.55727855962024], [-80.4092010942442, 45.56139806024051]]], [[[-80.48313911808606, 45.56108155645524], [-80.48054201748528, 45.56340085696848], [-80.48295291809777, 45.56178295658019], [-80.48313911808606, 45.56108155645524]]], [[[-80.46655181307723, 45.56446155785018], [-80.47105471433686, 45.56256545731044], [-80.46936951344541, 45.55917315683684], [-80.46339421170049, 45.56097245743512], [-80.46838751335646, 45.56140075725339], [-80.46655181307723, 45.56446155785018]]], [[[-80.50665822590346, 45.56328295562825], [-80.51015002710497, 45.56400895557115], [-80.51144292738994, 45.56271845529321], [-80.50665822590346, 45.56328295562825]]], [[[-80.41890459759666, 45.56353596010335], [-80.42053169825094, 45.56479546022877], [-80.42155189850453, 45.56405356005506], [-80.41890459759666, 45.56353596010335]]], [[[-80.45636020982964, 45.56488165843429], [-80.46150131146352, 45.56462685813256], [-80.46217841156822, 45.563514057915114], [-80.45838221024025, 45.56251495794233], [-80.45636020982964, 45.56488165843429]]], [[[-80.4630394119572, 45.56459815805017], [-80.46629511299794, 45.564496357868926], [-80.46435041233593, 45.56416325791229], [-80.4630394119572, 45.56459815805017]]], [[[-80.39446138988374, 45.56531716162941], [-80.39550289030807, 45.56617766171869], [-80.3958087903013, 45.565144261533], [-80.39446138988374, 45.56531716162941]]], [[[-80.51156332766975, 45.56506825567396], [-80.50964222718638, 45.5664009559906], [-80.5144817284994, 45.56397345534605], [-80.51283262792217, 45.56353445535726], [-80.51001622712819, 45.56465655568449], [-80.51193682761694, 45.56337765537678], [-80.50830912661154, 45.56499125582597], [-80.51156332766975, 45.56506825567396]]], [[[-80.39020858837343, 45.56398046162348], [-80.39205718918123, 45.5660424618701], [-80.39349868946833, 45.564294961509475], [-80.39020858837343, 45.56398046162348]]], [[[-80.42227179884044, 45.56506506018536], [-80.42284329920487, 45.56682326044614], [-80.4234709992818, 45.56559326021186], [-80.42227179884044, 45.56506506018536]]], [[[-80.46106061137537, 45.565155858241994], [-80.46347011228539, 45.56644535833259], [-80.4637688123396, 45.56603255824951], [-80.46106061137537, 45.565155858241994]]], [[[-80.4241294995712, 45.56634366030229], [-80.4267332005184, 45.56738296034204], [-80.42677060041356, 45.566239960151925], [-80.4241294995712, 45.56634366030229]]], [[[-80.45800231061408, 45.56736465876024], [-80.45698081038054, 45.56830485896668], [-80.45754401056818, 45.56836165894756], [-80.45800231061408, 45.56736465876024]]], [[[-80.40079539201774, 45.56617866145202], [-80.40046209215645, 45.56858906186598], [-80.40301439271546, 45.56599216130943], [-80.40079539201774, 45.56617866145202]]], [[[-80.39299508970359, 45.56818966217662], [-80.39470909040993, 45.569683762336325], [-80.39486539031611, 45.56827156209583], [-80.39299508970359, 45.56818966217662]]], [[[-80.40500409394252, 45.57170906215086], [-80.40645439426734, 45.570303561846224], [-80.40434139369408, 45.571372562128865], [-80.40500409394252, 45.57170906215086]]], [[[-80.51334622883422, 45.570809256528726], [-80.51455512932654, 45.57180445663136], [-80.51501342935829, 45.570672356421824], [-80.51334622883422, 45.570809256528726]]], [[[-80.42703040110531, 45.572181761117434], [-80.42788740127018, 45.57108806089409], [-80.42554200051335, 45.57109416101348], [-80.42703040110531, 45.572181761117434]]], [[[-80.44015030525252, 45.57130206031025], [-80.4406802056413, 45.57342876063373], [-80.44258000609088, 45.57182686027398], [-80.44015030525252, 45.57130206031025]]], [[[-80.43288320316994, 45.57388516110252], [-80.4375538042284, 45.56948916014278], [-80.44793150734529, 45.56719945924167], [-80.45253690918487, 45.57064185957602], [-80.4567842105004, 45.57009515927139], [-80.45146650837148, 45.566073358877716], [-80.45518520900283, 45.56051055777368], [-80.44646900582046, 45.55691315762122], [-80.44361660511444, 45.55901475811143], [-80.44809710660479, 45.55944135795548], [-80.44046380436919, 45.56168145870987], [-80.43731820328651, 45.56102705876087], [-80.44161170453054, 45.559635058314825], [-80.44091520408892, 45.557516358000946], [-80.43264720158805, 45.55916775869026], [-80.42601270005886, 45.5651651600131], [-80.42640070066035, 45.56982046076034], [-80.43471600349841, 45.57131116058613], [-80.43288320316994, 45.57388516110252]]], [[[-80.45825831138278, 45.574062559850184], [-80.45844031154859, 45.57510746001302], [-80.45903851165168, 45.57422815983804], [-80.45825831138278, 45.574062559850184]]], [[[-80.52050393153108, 45.574574856786086], [-80.51859693103479, 45.57573685707389], [-80.5183079310274, 45.57657295722613], [-80.52050393153108, 45.574574856786086]]], [[[-80.512027429001, 45.57658205754559], [-80.5152550300683, 45.576829957422966], [-80.51568693010255, 45.57580565723255], [-80.512027429001, 45.57658205754559]]], [[[-80.42046769962795, 45.57845846248231], [-80.42960500221082, 45.57485896142843], [-80.42524820066512, 45.573505061425344], [-80.4220026999007, 45.57627896204598], [-80.41679179790822, 45.57325526181094], [-80.42430340019463, 45.571889261206884], [-80.42285929943377, 45.569010560805616], [-80.40912929479225, 45.56698706116494], [-80.4109161955654, 45.568904361390665], [-80.40828199465892, 45.56835996143387], [-80.4066172946053, 45.573094562297754], [-80.41744819822004, 45.57423056193843], [-80.42046769962795, 45.57845846248231]]], [[[-80.50250902632031, 45.58040245865604], [-80.5002901256206, 45.580563858794875], [-80.50051222579027, 45.581518858940825], [-80.50250902632031, 45.58040245865604]]], [[[-80.51350302976164, 45.579351657926615], [-80.51265072971435, 45.58157125833496], [-80.51466503019081, 45.5798786579545], [-80.51350302976164, 45.579351657926615]]], [[[-80.51324042990409, 45.58156475830406], [-80.51939213174842, 45.580186757765844], [-80.52245303245678, 45.57746345716274], [-80.51872443124051, 45.577339657331194], [-80.51324042990409, 45.58156475830406]]], [[[-80.50466042718767, 45.58208585882414], [-80.51044662914697, 45.58297495867754], [-80.5066751278122, 45.581833658680694], [-80.51023262887907, 45.5810387583698], [-80.5095387285245, 45.57976675819561], [-80.50466042718767, 45.58208585882414]]], [[[-80.51782613157864, 45.5834563583831], [-80.51582763106856, 45.58477115870061], [-80.51936473206769, 45.58338175829289], [-80.51782613157864, 45.5834563583831]]], [[[-80.5124939300038, 45.58488295888782], [-80.51386273047956, 45.585212658872756], [-80.51433843046327, 45.58355875857655], [-80.5124939300038, 45.58488295888782]]], [[[-80.50052172642718, 45.587693559956286], [-80.5060409279787, 45.585449259307694], [-80.50685962811303, 45.58418375905803], [-80.50178712658033, 45.58520575948293], [-80.50052172642718, 45.587693559956286]]], [[[-80.40415429518856, 45.586574264641875], [-80.404265995385, 45.588141064894174], [-80.40558619581407, 45.58816586483166], [-80.40415429518856, 45.586574264641875]]], [[[-80.50696362843041, 45.586947359507434], [-80.50643962839321, 45.58823235974536], [-80.50730752856659, 45.587192059530274], [-80.50696362843041, 45.586947359507434]]], [[[-80.40189259463442, 45.58829966504006], [-80.40268799476289, 45.58704376479315], [-80.40069449405694, 45.58643916479414], [-80.40189259463442, 45.58829966504006]]], [[[-80.51831533232486, 45.58918305930036], [-80.52178953329259, 45.58768555887811], [-80.52228213338613, 45.587048458748335], [-80.5211550330098, 45.586926758785395], [-80.51831533232486, 45.58918305930036]]], [[[-80.5281472355132, 45.58932305882539], [-80.5303116362369, 45.58956595875567], [-80.53195723655233, 45.58746655832696], [-80.5281472355132, 45.58932305882539]]], [[[-80.39881799374072, 45.58927356535546], [-80.39906159394387, 45.59048986554343], [-80.39970129403855, 45.58939526533096], [-80.39881799374072, 45.58927356535546]]], [[[-80.4003863943312, 45.590091865411104], [-80.4012725947249, 45.59114066553905], [-80.4012192946035, 45.59012316537423], [-80.4003863943312, 45.590091865411104]]], [[[-80.50242552741246, 45.59130206045353], [-80.5054014283561, 45.59113506027543], [-80.50509382795717, 45.58821755981103], [-80.50348192754602, 45.5892816600677], [-80.50242552741246, 45.59130206045353]]], [[[-80.40597419627962, 45.59148936535926], [-80.40710949670321, 45.592044365393285], [-80.4063591962761, 45.590240165134155], [-80.40597419627962, 45.59148936535926]]], [[[-80.40079949468324, 45.592227265741805], [-80.4030326955073, 45.59322916579408], [-80.4024699951861, 45.59186706559825], [-80.40079949468324, 45.592227265741805]]], [[[-80.5286560361977, 45.59438365963189], [-80.53099083693668, 45.59424025948998], [-80.53215013724389, 45.59358795932393], [-80.53056273670114, 45.59329335935597], [-80.5286560361977, 45.59438365963189]]], [[[-80.52706633568383, 45.59437715971138], [-80.5308110367222, 45.59271835924879], [-80.52768913584245, 45.593964759612], [-80.53186243674465, 45.589635258688496], [-80.5268650352579, 45.59086605914412], [-80.52706633568383, 45.59437715971138]]], [[[-80.47925162029493, 45.59486236221197], [-80.48214452128319, 45.59538866215223], [-80.4826495213901, 45.5948417620367], [-80.47925162029493, 45.59486236221197]]], [[[-80.53556343847028, 45.59479905935016], [-80.53671793899525, 45.59627995953514], [-80.53698783891404, 45.59464275925224], [-80.53556343847028, 45.59479905935016]]], [[[-80.53022253683547, 45.59566825976377], [-80.53037773702631, 45.59703705998096], [-80.5316686373344, 45.59598025974176], [-80.53022253683547, 45.59566825976377]]], [[[-80.5254779354683, 45.59726876026738], [-80.5293065367671, 45.59787886017366], [-80.52923583666923, 45.5971493600573], [-80.52790903615707, 45.59633385999045], [-80.5254779354683, 45.59726876026738]]], [[[-80.53143963771676, 45.60041686048287], [-80.5333836384072, 45.60102786048479], [-80.53254553803447, 45.60003436036394], [-80.53143963771676, 45.60041686048287]]], [[[-80.52893443712358, 45.602512860954455], [-80.52821853702449, 45.60379696120187], [-80.53049433768429, 45.603068160966714], [-80.52893443712358, 45.602512860954455]]], [[[-80.54322254186368, 45.60374986043345], [-80.544837442558, 45.60543056062785], [-80.54440414222152, 45.60352066033589], [-80.54322254186368, 45.60374986043345]]], [[[-80.40583849755293, 45.60435096748294], [-80.40786439758534, 45.59827696638112], [-80.40542129648863, 45.595275866010454], [-80.40102889514083, 45.595972966346814], [-80.40583849755293, 45.60435096748294]]], [[[-80.40061649601489, 45.6058090679865], [-80.4030653968103, 45.605848867869405], [-80.403696396867, 45.60441206760116], [-80.40257179646423, 45.60402806759473], [-80.40061649601489, 45.6058090679865]]], [[[-80.53328283883394, 45.605491861223825], [-80.53346213905218, 45.60704976147078], [-80.5352771395546, 45.60623806124537], [-80.53328283883394, 45.605491861223825]]], [[[-80.52443583611455, 45.60682366189113], [-80.52545693650394, 45.607403961934814], [-80.52636023672746, 45.606741461780146], [-80.52443583611455, 45.60682366189113]]], [[[-80.53090903824253, 45.60719236162367], [-80.5325005387404, 45.60703686151742], [-80.53101773820173, 45.60645476149693], [-80.53090903824253, 45.60719236162367]]], [[[-80.52187423524839, 45.606443761958516], [-80.52271033564558, 45.60768036211946], [-80.52333093578326, 45.607071061987845], [-80.52187423524839, 45.606443761958516]]], [[[-80.53762554045554, 45.607624761354245], [-80.53857584074514, 45.607457661278595], [-80.53751084024708, 45.60595916108626], [-80.53762554045554, 45.607624761354245]]], [[[-80.54136024178793, 45.60885506136706], [-80.54363514245753, 45.608224961148174], [-80.54125784126192, 45.60406606058505], [-80.54031304106772, 45.605142360809914], [-80.54136024178793, 45.60885506136706]]], [[[-80.55890754741074, 45.608447060409894], [-80.55905464754734, 45.60931176054454], [-80.55995934774795, 45.608424160352776], [-80.55890754741074, 45.608447060409894]]], [[[-80.54241214212425, 45.60882326130852], [-80.54299504240075, 45.60968056141986], [-80.54378474256056, 45.60875666122792], [-80.54241214212425, 45.60882326130852]]], [[[-80.52664663692374, 45.60775076193151], [-80.53141013855276, 45.60863456183533], [-80.53074493815707, 45.606876761580075], [-80.52664663692374, 45.60775076193151]]], [[[-80.55805604720325, 45.609100760560516], [-80.55836554744974, 45.610524160778766], [-80.55900034757056, 45.609707660612386], [-80.55805604720325, 45.609100760560516]]], [[[-80.54293524249076, 45.610742561597434], [-80.54277184256033, 45.61193016180088], [-80.54439674296785, 45.61079336153165], [-80.54293524249076, 45.610742561597434]]], [[[-80.51646093398239, 45.611128763003016], [-80.52153923547249, 45.60967376250652], [-80.5220223358352, 45.611682962812274], [-80.52644463713538, 45.61044136238402], [-80.52691883713678, 45.608967062117664], [-80.5232609358338, 45.60778186210822], [-80.51646093398239, 45.611128763003016]]], [[[-80.52666063723025, 45.61068526241319], [-80.53542194003872, 45.61048716193645], [-80.53649264014209, 45.60813326149524], [-80.52666063723025, 45.61068526241319]]], [[[-80.42137650338275, 45.61224376799698], [-80.42216760304072, 45.60641516699812], [-80.41515000092548, 45.60790066759691], [-80.41591700157882, 45.611856068208915], [-80.42137650338275, 45.61224376799698]]], [[[-80.52333613634616, 45.61252576288419], [-80.52651723737192, 45.61251186272068], [-80.52632683712508, 45.61071086243429], [-80.52333613634616, 45.61252576288419]]], [[[-80.53741104082634, 45.6118995620677], [-80.53785184106984, 45.61288246220688], [-80.53839484118791, 45.61232646208802], [-80.53741104082634, 45.6118995620677]]], [[[-80.51754773452734, 45.61301436325792], [-80.5190196350403, 45.613380763243505], [-80.5191673350084, 45.612607263108906], [-80.51754773452734, 45.61301436325792]]], [[[-80.55931634807143, 45.6135792612325], [-80.55825564751066, 45.6114598609381], [-80.55942404786883, 45.611275360848445], [-80.56043164792843, 45.608695960373424], [-80.5565842470242, 45.61197546110762], [-80.55931634807143, 45.6135792612325]]], [[[-80.5602902480598, 45.61041466066308], [-80.55962204819902, 45.613859461263054], [-80.56206904885362, 45.612545660923], [-80.5602902480598, 45.61041466066308]]], [[[-80.55320514601081, 45.61272736140264], [-80.55463334658093, 45.61378616150417], [-80.55466204654849, 45.613381161436166], [-80.55320514601081, 45.61272736140264]]], [[[-80.53339993965001, 45.613053262460745], [-80.5355201404448, 45.61412406252919], [-80.53496314001178, 45.61166436215321], [-80.53339993965001, 45.613053262460745]]], [[[-80.54419684316461, 45.61333086195882], [-80.54640094390122, 45.61357376188693], [-80.54483804320787, 45.6117403616649], [-80.54419684316461, 45.61333086195882]]], [[[-80.56241024903251, 45.61321306101535], [-80.56354444949653, 45.61416256111377], [-80.56291934908018, 45.61208086080344], [-80.56241024903251, 45.61321306101535]]], [[[-80.54404794321567, 45.614293362124506], [-80.54520424372669, 45.61563026228554], [-80.54604274393749, 45.61504856214741], [-80.54404794321567, 45.614293362124506]]], [[[-80.5577932477062, 45.61480646151147], [-80.55913334822655, 45.61565776158331], [-80.5590293480427, 45.614199161348935], [-80.5577932477062, 45.61480646151147]]], [[[-80.43985540964549, 45.615090267531386], [-80.4415547102628, 45.61575566755493], [-80.441855410301, 45.615181067445235], [-80.43985540964549, 45.615090267531386]]], [[[-80.55164544561046, 45.613729361646406], [-80.54886524500293, 45.61654476225012], [-80.55140424566787, 45.6150426618745], [-80.55164544561046, 45.613729361646406]]], [[[-80.54110304236377, 45.615253862431736], [-80.54117024250878, 45.61645116262507], [-80.54168954259602, 45.61567006247039], [-80.54110304236377, 45.615253862431736]]], [[[-80.54007284192134, 45.61418746230872], [-80.53983674207304, 45.616400762684414], [-80.54044564219294, 45.61565626253119], [-80.54007284192134, 45.61418746230872]]], [[[-80.55802334796239, 45.61657156178981], [-80.55972714853907, 45.61683016174581], [-80.55968034846555, 45.61626296165503], [-80.55802334796239, 45.61657156178981]]], [[[-80.52786263829428, 45.617252163431566], [-80.52960503888083, 45.61748436338135], [-80.5296354388332, 45.616926163288085], [-80.52786263829428, 45.617252163431566]]], [[[-80.54911934511753, 45.616860862289116], [-80.55007144555326, 45.61810686244558], [-80.55107554582874, 45.61763366231692], [-80.55000624538008, 45.61663016220624], [-80.54911934511753, 45.616860862289116]]], [[[-80.55975864847228, 45.61608326162147], [-80.56210564940254, 45.61775756177749], [-80.561904549114, 45.615587561431134], [-80.55975864847228, 45.61608326162147]]], [[[-80.42815560601902, 45.616589368369226], [-80.43029460687015, 45.61814826851754], [-80.432584707409, 45.61618856807952], [-80.42815560601902, 45.616589368369226]]], [[[-80.53556564085436, 45.61795866315706], [-80.54004454227092, 45.61767066288256], [-80.53991064213488, 45.61676996274135], [-80.53556564085436, 45.61795866315706]]], [[[-80.51252333347865, 45.61859176442924], [-80.51359083394335, 45.619757464566725], [-80.51415983406997, 45.61920186444652], [-80.51252333347865, 45.61859176442924]]], [[[-80.52648923802076, 45.61890266377242], [-80.52703333828843, 45.61979596389158], [-80.52832273862099, 45.61898226369253], [-80.52648923802076, 45.61890266377242]]], [[[-80.56546755046972, 45.617581261577854], [-80.56574185083676, 45.6202825620077], [-80.56664765102467, 45.61926886179514], [-80.56546755046972, 45.617581261577854]]], [[[-80.54625724438142, 45.61868566273416], [-80.54728144490356, 45.620543962987554], [-80.54832424518972, 45.62005296285397], [-80.54625724438142, 45.61868566273416]]], [[[-80.56192824948715, 45.619133962012604], [-80.56114594940313, 45.62076906232089], [-80.56319714991031, 45.61926476196968], [-80.56192824948715, 45.619133962012604]]], [[[-80.51462273420577, 45.61906876440122], [-80.52525373751651, 45.61788026366703], [-80.52737093771648, 45.61318146278749], [-80.51577173418178, 45.61523006371207], [-80.51954873563751, 45.61752336389758], [-80.51462273420577, 45.61906876440122]]], [[[-80.5271735385015, 45.6214256641523], [-80.53530654096434, 45.619838963479154], [-80.53612334111627, 45.61875306325931], [-80.5305107392376, 45.6181090634381], [-80.5271735385015, 45.6214256641523]]], [[[-80.53562444109866, 45.62014616351352], [-80.53830814209428, 45.62139916358329], [-80.53797354183594, 45.61993976336046], [-80.53562444109866, 45.62014616351352]]], [[[-80.56267754982865, 45.620099862133216], [-80.56199894976423, 45.621600462414214], [-80.56319575009728, 45.621083062268426], [-80.56267754982865, 45.620099862133216]]], [[[-80.53856054206466, 45.620320063393144], [-80.54067024283113, 45.62114776342213], [-80.54211924330606, 45.62121646335996], [-80.53856054206466, 45.620320063393144]]], [[[-80.5313069397991, 45.621064663883395], [-80.53488224099868, 45.62150226377399], [-80.53509194100991, 45.62095406367325], [-80.5313069397991, 45.621064663883395]]], [[[-80.55571564770806, 45.62133306268917], [-80.55950834881628, 45.62020486231136], [-80.55674984793568, 45.620302062467346], [-80.55838594820206, 45.617761261966876], [-80.55492374706898, 45.61761276211816], [-80.55079334590722, 45.619279762601636], [-80.55571564770806, 45.62133306268917]]], [[[-80.54143554313416, 45.621690863472566], [-80.54221094347388, 45.62255796357568], [-80.54315334370254, 45.621823563407226], [-80.54143554313416, 45.621690863472566]]], [[[-80.54865074555124, 45.622538663245756], [-80.54980274578824, 45.6212290629722], [-80.5482272452511, 45.620952963006765], [-80.54865074555124, 45.622538663245756]]], [[[-80.55840604861766, 45.62173056261794], [-80.5597737491266, 45.62238406265586], [-80.56043064913203, 45.62037926229318], [-80.55840604861766, 45.62173056261794]]], [[[-80.55427404747216, 45.623559663128155], [-80.55703534832027, 45.62313856291885], [-80.556670148115, 45.62229106279813], [-80.55427404747216, 45.623559663128155]]], [[[-80.53306524067541, 45.624060164286405], [-80.53532614136569, 45.62367346410821], [-80.53309754060334, 45.623259364153206], [-80.53306524067541, 45.624060164286405]]], [[[-80.52356973764111, 45.62437196481915], [-80.52757863901353, 45.62512686473995], [-80.52778803903206, 45.62465056465104], [-80.52356973764111, 45.62437196481915]]], [[[-80.51327443440067, 45.625192765475916], [-80.5154381349994, 45.62422076520653], [-80.51277593421906, 45.62499246546825], [-80.51327443440067, 45.625192765475916]]], [[[-80.54860754559851, 45.62313256334553], [-80.55043024633993, 45.62461586349673], [-80.55077634628387, 45.62298806321175], [-80.54860754559851, 45.62313256334553]]], [[[-80.52133333697167, 45.624884765016766], [-80.52342093768848, 45.62529846497891], [-80.52396423780671, 45.62474266486003], [-80.52133333697167, 45.624884765016766]]], [[[-80.53918624262859, 45.623832963938604], [-80.54194574349944, 45.62363706376644], [-80.54178344338854, 45.62306936368137], [-80.53918624262859, 45.623832963938604]]], [[[-80.54151054367227, 45.626677664287996], [-80.54624204506567, 45.62537326383367], [-80.54660834492805, 45.62289056340726], [-80.54197054351951, 45.62375416378439], [-80.54151054367227, 45.626677664287996]]], [[[-80.55058924648966, 45.6255705636455], [-80.55193934688442, 45.625170963511316], [-80.55069464648848, 45.62522906358402], [-80.55058924648966, 45.6255705636455]]], [[[-80.56559605136884, 45.6258986629376], [-80.56686405180562, 45.62616456291689], [-80.56699915175733, 45.625273862763706], [-80.56559605136884, 45.6258986629376]]], [[[-80.57811155547827, 45.62656666241165], [-80.57915555592534, 45.62763256253367], [-80.57879765561648, 45.625758962244156], [-80.57811155547827, 45.62656666241165]]], [[[-80.52979333994476, 45.62722406497213], [-80.53420174142587, 45.62778216484023], [-80.53449744135368, 45.626154264557805], [-80.52979333994476, 45.62722406497213]]], [[[-80.57436575444403, 45.62826306288054], [-80.57572535470887, 45.62657576253435], [-80.57486955403019, 45.622675261937225], [-80.5738157537184, 45.62295026203591], [-80.57436575444403, 45.62826306288054]]], [[[-80.57957145616476, 45.62865136267985], [-80.58138475669044, 45.62807296249275], [-80.58001895615054, 45.62711366240464], [-80.57957145616476, 45.62865136267985]]], [[[-80.57445325450388, 45.62856926292639], [-80.57463545470301, 45.62992916314045], [-80.57526195475785, 45.62850026287396], [-80.57445325450388, 45.62856926292639]]], [[[-80.57904435618761, 45.63052156301371], [-80.58139495690556, 45.6301251628292], [-80.5794222562289, 45.62973976286617], [-80.57904435618761, 45.63052156301371]]], [[[-80.57257305416826, 45.63119966345382], [-80.57440905439117, 45.6276150627719], [-80.57254185388514, 45.62855316302084], [-80.57403615410719, 45.62602956253048], [-80.57363305370114, 45.6233545621116], [-80.57021405234076, 45.620866461876524], [-80.57257305416826, 45.63119966345382]]], [[[-80.57134415373478, 45.63084386345785], [-80.57117955382466, 45.63222936369369], [-80.5717942538673, 45.630719563414544], [-80.57134415373478, 45.63084386345785]]], [[[-80.57779005591593, 45.6318129632895], [-80.58063475688468, 45.63230046322504], [-80.5812314569874, 45.63142966305171], [-80.58117295688956, 45.63066446292904], [-80.57779005591593, 45.6318129632895]]], [[[-80.57236585412639, 45.631441863504115], [-80.5744315547941, 45.63144956340048], [-80.57449235468368, 45.630189563190484], [-80.57236585412639, 45.631441863504115]]], [[[-80.57342025461118, 45.6328407636803], [-80.57582515530959, 45.632084763433966], [-80.57545195503106, 45.63055316320141], [-80.57342025461118, 45.6328407636803]]], [[[-80.58219435728844, 45.63133426298715], [-80.5821081573888, 45.63257586319537], [-80.583067957555, 45.631184462918135], [-80.58219435728844, 45.63133426298715]]], [[[-80.54826714640241, 45.63199716481892], [-80.54954274690863, 45.6329112649043], [-80.54937194674106, 45.631821464733996], [-80.54826714640241, 45.63199716481892]]], [[[-80.56602755225857, 45.63317296411035], [-80.5705071533333, 45.62957166329143], [-80.56844015268555, 45.62976186342766], [-80.57035975302006, 45.62699686287607], [-80.56768105194995, 45.62500656268517], [-80.5686845520636, 45.622967062299246], [-80.56788875181195, 45.62301806234803], [-80.56865415194235, 45.62188666212336], [-80.56881945184358, 45.62041136187258], [-80.56855315171569, 45.620005061819356], [-80.56609865150062, 45.625603662863625], [-80.56772805219722, 45.62725686305238], [-80.56293925069848, 45.62771586337095], [-80.56550865130805, 45.62558316289022], [-80.56712885143354, 45.62172796217469], [-80.5667122512098, 45.62086236205365], [-80.56516025105249, 45.624195862680025], [-80.56432585061758, 45.62259046245871], [-80.55581284831112, 45.626878163595116], [-80.55876794920798, 45.62632246335384], [-80.55546954866332, 45.63136826435], [-80.56602755225857, 45.63317296411035]]], [[[-80.57498405531092, 45.6347280639107], [-80.5761013558328, 45.63628926411029], [-80.5761245557009, 45.63493916388742], [-80.57498405531092, 45.6347280639107]]], [[[-80.57702315633432, 45.63826386438762], [-80.57948215701671, 45.63718376408538], [-80.58032995710022, 45.63534176373988], [-80.57866035658381, 45.63556066386064], [-80.57702315633432, 45.63826386438762]]], [[[-80.57128955445755, 45.63801746463848], [-80.57305215513794, 45.63909516472585], [-80.57337305506515, 45.637386164428975], [-80.57128955445755, 45.63801746463848]]], [[[-80.57105555459752, 45.64010486499307], [-80.5728088552257, 45.64070556500259], [-80.57345845532411, 45.63962766479266], [-80.57105555459752, 45.64010486499307]]], [[[-80.57682405653854, 45.64086446482464], [-80.58128635784809, 45.63959376438931], [-80.58321075829538, 45.63790846401484], [-80.57902245701308, 45.63858626433898], [-80.57682405653854, 45.64086446482464]]], [[[-80.53638544418963, 45.64774616800799], [-80.5347036439735, 45.65091666861386], [-80.53751404456203, 45.64782286796334], [-80.53638544418963, 45.64774616800799]]], [[[-80.53786954521296, 45.65301776879805], [-80.53621874489808, 45.655133269229104], [-80.53898084563649, 45.653643368844314], [-80.53786954521296, 45.65301776879805]]], [[[-80.53918624586554, 45.65521936909256], [-80.5740390558223, 45.64263626525703], [-80.5751133558675, 45.63971506472291], [-80.56262775201037, 45.6414050656346], [-80.56927115403087, 45.64019726509884], [-80.57342715486891, 45.63531606408634], [-80.55871174992971, 45.633496264534905], [-80.55611024938666, 45.63637536513974], [-80.55370914863263, 45.63658196529558], [-80.55688804936425, 45.63372306466476], [-80.54767224643753, 45.6342000652109], [-80.54588624539969, 45.62972846456712], [-80.53739164251485, 45.628353264772215], [-80.5404193438167, 45.631497765135116], [-80.53805304360648, 45.63687096613768], [-80.54164664475644, 45.63676826593844], [-80.53420764263676, 45.63951066676627], [-80.54076014513358, 45.64320036703961], [-80.54577584612045, 45.637063965777415], [-80.54709054679812, 45.63951726611354], [-80.53668044461011, 45.650897768510426], [-80.54011204565492, 45.650281668235095], [-80.53918624586554, 45.65521936909256]]]]}}, {"type": "Feature", "properties": {"id": "on-sunday-26037", "name": "City of Thorold", "listed_as": "Thorold, City of", "geographic_area": "Niagara", "jurisdiction": "municipality", "sunday_gun": true, "basis": "reg663_part7"}, "geometry": {"type": "Polygon", "coordinates": [[[-79.169, 43.0416], [-79.1687, 43.0588], [-79.1749, 43.0589], [-79.1773, 43.1406], [-79.2746, 43.1067], [-79.2746, 43.1088], [-79.2872, 43.1087], [-79.2858, 43.0592], [-79.2792, 43.0528], [-79.2679, 43.0541], [-79.2674, 43.0268], [-79.2497, 43.0268], [-79.2497, 43.0314], [-79.2446, 43.0314], [-79.2447, 43.0268], [-79.2054, 43.0288], [-79.201, 43.0406], [-79.1843, 43.0358], [-79.1747, 43.0424], [-79.169, 43.0416]]]}}, {"type": "Feature", "properties": {"id": "on-sunday-43068", "name": "Township of Tiny", "listed_as": "Tiny, Township of", "geographic_area": "Simcoe", "jurisdiction": "municipality", "sunday_gun": true, "basis": "reg663_part7"}, "geometry": {"type": "MultiPolygon", "coordinates": [[[[-79.98364839436098, 44.93154597642729], [-79.99163239792699, 44.94182467776803], [-80.51594396259193, 44.903738945485216], [-80.06661588263162, 44.53156190461279], [-79.99603596314704, 44.56456121365827], [-79.99241316395768, 44.585340417371754], [-80.00886027051516, 44.598853118873144], [-80.00314786919301, 44.60421132006189], [-79.98675926689104, 44.63525432613584], [-79.97949756675273, 44.65825413039643], [-79.97944856768997, 44.66824653209589], [-79.98394236966851, 44.673868232832085], [-79.99331287287887, 44.67599623273788], [-79.99784187590107, 44.69241533530414], [-80.00375207812422, 44.69582773559555], [-80.0116998818006, 44.70758963720365], [-80.01914298419554, 44.70765193685177], [-80.0324356899018, 44.72267713875125], [-80.049959195679, 44.72426993816684], [-80.06139269989221, 44.729934238568774], [-80.06950540227638, 44.72764863778572], [-80.09000781020859, 44.74172253916799], [-80.09791011261805, 44.74040783855933], [-80.12867022351776, 44.751098438864574], [-80.13166722535854, 44.76021794026075], [-80.12902062574359, 44.77301554255472], [-80.13090142706939, 44.78049734372762], [-80.12460062633862, 44.79387334629707], [-80.12403802765056, 44.809316948933976], [-80.1001418203424, 44.813092150742136], [-80.07865611443171, 44.823336653524365], [-80.07303871210125, 44.817889752879076], [-80.07594291229834, 44.810270351449695], [-80.07430271083201, 44.800534649884554], [-80.06301610702997, 44.798696150125586], [-80.04886730278506, 44.8018018513421], [-80.04485580195843, 44.80659375234819], [-80.05172350527471, 44.81810175395736], [-80.04179140261878, 44.82364535537953], [-80.0373419024925, 44.83714725787778], [-80.02794570002949, 44.84291015931033], [-80.02799730047565, 44.84735776005884], [-80.03244020204284, 44.84879976008507], [-80.0288296013422, 44.853558361065005], [-80.0257217003851, 44.85399106129004], [-80.02584170002538, 44.84986896058822], [-80.017429397232, 44.84894156084279], [-80.00337829358936, 44.857993063057656], [-79.99422939035703, 44.854978462995604], [-79.98292228681987, 44.855994563719335], [-79.95238327807503, 44.86714236709212], [-79.94329827439684, 44.85929876621066], [-79.92012496706563, 44.86056736755447], [-79.91275326420309, 44.85546526705161], [-79.90424966017476, 44.84202486519433], [-79.90785036033216, 44.83161656325951], [-79.92035226368719, 44.824695661480746], [-79.9263988647804, 44.8158402596888], [-79.93747296830301, 44.81544885908346], [-79.93911006813606, 44.80823525778363], [-79.95002387157432, 44.807507657129065], [-79.94656327030582, 44.805882457022676], [-79.94569766939073, 44.799253155943305], [-79.94009806762914, 44.79965145628335], [-79.93799936763574, 44.80674355758535], [-79.9328265663401, 44.81056635848387], [-79.88427785259127, 44.82995576412538], [-79.96459158771366, 44.926227776462945], [-79.98364839436098, 44.93154597642729]], [[-79.98673559534572, 44.9314566762612], [-79.98446579406631, 44.92579237541785], [-79.9896094953776, 44.922246474568695], [-79.99232899410475, 44.900071670697564], [-79.99985409602166, 44.89487146945267], [-80.00364629593184, 44.88133826698452], [-80.0088070975495, 44.88090606665926], [-80.01122099906637, 44.88856076783243], [-80.00837159836465, 44.89077756834572], [-80.01272259986679, 44.89184146831229], [-80.0089644987832, 44.89313226871379], [-80.01395740037039, 44.89294156843744], [-80.01697710167176, 44.896352468864876], [-80.01466570189709, 44.90635187066378], [-80.00079269879289, 44.920364573704425], [-79.99282149616677, 44.91972737398701], [-79.99409879680127, 44.92203407431328], [-79.99059099601087, 44.92552267507273], [-79.98683769474601, 44.92493137515671], [-79.99167059669513, 44.92899777560545], [-79.98673559534572, 44.9314566762612]], [[-80.12161993423413, 44.885267961867775], [-80.1225533331826, 44.87134875947556], [-80.10727272819527, 44.870546160089894], [-80.09750272425362, 44.8622685591728], [-80.10000942324542, 44.84354575589083], [-80.11280772692065, 44.839045754504085], [-80.1289662323474, 44.84149255412477], [-80.12858553402263, 44.86003425727151], [-80.12184373263526, 44.86805755895537], [-80.13819333874844, 44.87692315964755], [-80.12553973552974, 44.88564016173807], [-80.12161993423413, 44.885267961867775]], [[-80.15541784062982, 44.83930585245789], [-80.15134203883117, 44.834252251805175], [-80.1520464384158, 44.82763185065327], [-80.1568730395825, 44.823679649749295], [-80.17889594612944, 44.818285647757754], [-80.1896483487818, 44.810044345838534], [-80.1909317487131, 44.80508414493801], [-80.1892855476762, 44.7998331441321], [-80.17931134359978, 44.79078664309354], [-80.15503593542428, 44.786802343610816], [-80.16586613848104, 44.782470142347776], [-80.18913144659385, 44.789164342337585], [-80.20935565408628, 44.79952374309424], [-80.21654645696202, 44.805388743731164], [-80.21465125670441, 44.80900364443454], [-80.21786665852872, 44.817172745655334], [-80.23575516507171, 44.825440846170565], [-80.24523856889432, 44.83346154705673], [-80.24741327045247, 44.84230694844116], [-80.23969736851856, 44.84788224976105], [-80.23324786753058, 44.85900185195285], [-80.24154677078542, 44.86507045256675], [-80.23903777000122, 44.865287852726944], [-80.24151097122642, 44.869715253351046], [-80.23962997086605, 44.872214353864734], [-80.24441237317659, 44.88016795496874], [-80.24218167275919, 44.88323185559464], [-80.23538857053072, 44.88274555584753], [-80.23519977008915, 44.878837355198606], [-80.2332057695872, 44.880255355535674], [-80.23197576902126, 44.87850065530073], [-80.2341784695448, 44.8766160548748], [-80.21295846075081, 44.8562624524898], [-80.1951035554396, 44.86059435409836], [-80.18697115357186, 44.86824265578744], [-80.18658435384661, 44.87234475649781], [-80.18181205204988, 44.86962815627466], [-80.18106315225704, 44.87423195708735], [-80.17834585135354, 44.873915457167634], [-80.16959524753254, 44.86351755584513], [-80.16871394670412, 44.857902754941776], [-80.15660544245388, 44.85417715490827], [-80.15541784062982, 44.83930585245789]], [[-80.17332695218016, 44.898976461636394], [-80.18706895615881, 44.89450196020672], [-80.20051836137152, 44.90366176108703], [-80.19608726090723, 44.91349706296079], [-80.18909435848381, 44.9116832629998], [-80.17298485357321, 44.91440346425064], [-80.1730210533396, 44.911886863825224], [-80.16265365000106, 44.91181136432262], [-80.1622434482033, 44.8947010614614], [-80.17332695218016, 44.898976461636394]]], [[[-80.16439774285782, 44.832548050876746], [-80.17672244679713, 44.8323675502411], [-80.17757304661937, 44.827719449414985], [-80.16456824244756, 44.827751150058866], [-80.16439774285782, 44.832548050876746]]], [[[-80.20465775575217, 44.83224134884719], [-80.21676635980752, 44.83398134854536], [-80.21651615925407, 44.82910944773582], [-80.20736715579956, 44.82377104728488], [-80.20363655495268, 44.82738204807759], [-80.20465775575217, 44.83224134884719]]]]}}, {"type": "Feature", "properties": {"id": "on-sunday-14028", "name": "Municipality of Trent Hills", "listed_as": "Trent Hills, Municipality of", "geographic_area": "Northumberland", "jurisdiction": "municipality", "sunday_gun": true, "basis": "reg663_part7"}, "geometry": {"type": "Polygon", "coordinates": [[[-77.6462, 44.2722], [-77.7274, 44.4366], [-77.8073, 44.4108], [-77.9131, 44.3894], [-77.9011, 44.3633], [-77.9119, 44.3434], [-77.9349, 44.3218], [-77.9483, 44.3172], [-77.9523, 44.3114], [-77.9561, 44.3198], [-77.9722, 44.3156], [-77.9657, 44.3012], [-77.969, 44.2973], [-77.9982, 44.2893], [-78.0207, 44.2797], [-78.0305, 44.2722], [-77.974, 44.148], [-77.8124, 44.1879], [-77.831, 44.2216], [-77.7588, 44.2364], [-77.7493, 44.2323], [-77.7397, 44.2344], [-77.7207, 44.2486], [-77.7261, 44.242], [-77.7159, 44.2416], [-77.7156, 44.248], [-77.7093, 44.2573], [-77.6973, 44.2571], [-77.7007, 44.2547], [-77.6955, 44.254], [-77.6831, 44.2631], [-77.6729, 44.2576], [-77.6532, 44.2561], [-77.6483, 44.2507], [-77.639, 44.2476], [-77.6508, 44.2711], [-77.6462, 44.2722]]]}}, {"type": "Feature", "properties": {"id": "on-sunday-12048", "name": "Township of Tudor and Cashel", "listed_as": "Tudor and Cashel, Township of", "geographic_area": "Hastings", "jurisdiction": "municipality", "sunday_gun": true, "basis": "reg663_part7"}, "geometry": {"type": "MultiPolygon", "coordinates": [[[[-77.4764, 44.6863], [-77.5681, 44.8554], [-77.7204, 44.8136], [-77.7084, 44.7893], [-77.7139, 44.7847], [-77.7039, 44.7813], [-77.6819, 44.7524], [-77.6301, 44.646], [-77.5744, 44.6649], [-77.4764, 44.6863]]], [[[-77.4538, 44.8884], [-77.4065, 44.8991], [-77.4809, 45.0356], [-77.6296, 44.9951], [-77.5566, 44.8586], [-77.4538, 44.8884]]]]}}, {"type": "Feature", "properties": {"id": "on-sunday-12027", "name": "Municipality of Tweed", "listed_as": "Tweed, Municipality of", "geographic_area": "Hastings", "jurisdiction": "municipality", "sunday_gun": true, "basis": "reg663_part7"}, "geometry": {"type": "Polygon", "coordinates": [[[-77.1905, 44.5705], [-77.2077, 44.5664], [-77.2882, 44.733], [-77.3131, 44.7267], [-77.4065, 44.8991], [-77.4538, 44.8884], [-77.5681, 44.8554], [-77.4764, 44.6863], [-77.4614, 44.6898], [-77.4282, 44.6111], [-77.3823, 44.5222], [-77.4141, 44.5141], [-77.3309, 44.3494], [-77.0555, 44.4198], [-77.1905, 44.5705]]]}}, {"type": "Feature", "properties": {"id": "on-sunday-12001", "name": "Township of Tyendinaga", "listed_as": "Tyendinaga, Township of", "geographic_area": "Hastings", "jurisdiction": "municipality", "sunday_gun": true, "basis": "reg663_part7"}, "geometry": {"type": "MultiPolygon", "coordinates": [[[[-77.04465717837168, 44.20903618745859], [-77.14160892581793, 44.398015616323626], [-77.33330938400351, 44.348791299356115], [-77.30682737089215, 44.295777891256115], [-77.28142295812638, 44.242454083036385], [-77.25722224617006, 44.193849475573536], [-77.25909664709748, 44.19763777615626], [-77.25541414602527, 44.19910757657436], [-77.24431844255194, 44.20065387732864], [-77.24199074140267, 44.19597677660973], [-77.25417914502248, 44.19195377537358], [-77.25573814544263, 44.1909303751262], [-77.24653484272811, 44.194189976098535], [-77.24303274097198, 44.18682807495961], [-77.24063374022637, 44.187225775133754], [-77.23304813836786, 44.194423776726474], [-77.22446243555436, 44.194125877047654], [-77.22546253603976, 44.19603687733938], [-77.21739463359462, 44.19812317805615], [-77.21190653240367, 44.20516607952999], [-77.11783820292662, 44.21816038589268], [-77.12088300447097, 44.22477708692125], [-77.10827290052696, 44.22662998779269], [-77.09402709314243, 44.193731282637046], [-77.087461590145, 44.18339648110643], [-77.08696258939248, 44.17632807988658], [-77.08696828997789, 44.183315481113524], [-77.09194549240786, 44.19303728260526], [-77.08772469088773, 44.19126308247639], [-77.08538129013039, 44.19131508258689], [-77.06625968431216, 44.196071084248814], [-77.06383578314889, 44.19157658356445], [-77.06376388312567, 44.19157798356779], [-77.06630478434468, 44.19628468428442], [-77.06701168463123, 44.19696388437308], [-77.08598079034336, 44.19153178259899], [-77.09192779245575, 44.19367908271868], [-77.1046913988049, 44.21997328678034], [-77.0668842869642, 44.22536568936302], [-77.05733498221791, 44.205733686330944], [-77.04465717837168, 44.20903618745859]], [[-77.11955370426872, 44.227518187459545], [-77.11465900273734, 44.22823218779694], [-77.11353680221579, 44.22636238751768], [-77.11853760376712, 44.225475687145384], [-77.11955370426872, 44.227518187459545]], [[-77.23255223856829, 44.19872377750224], [-77.23421953938694, 44.20202067800784], [-77.21278923267997, 44.205041379469804], [-77.23255223856829, 44.19872377750224]]], [[[-77.06641928350771, 44.18581528244102], [-77.06411178281434, 44.18649388265995], [-77.06414578290654, 44.187466382829236], [-77.06641928350771, 44.18581528244102]]], [[[-77.2330115378609, 44.18853207569454], [-77.23821833951382, 44.18808017538871], [-77.2374850391616, 44.18672287518251], [-77.2330115378609, 44.18853207569454]]]]}}, {"type": "Feature", "properties": {"id": "on-sunday-26014", "name": "Township of Wainfleet", "listed_as": "Wainfleet, Township of", "geographic_area": "Niagara", "jurisdiction": "municipality", "sunday_gun": true, "basis": "reg663_part7"}, "geometry": {"type": "Polygon", "coordinates": [[[-79.3817, 42.9852], [-79.3931, 42.9851], [-79.3974, 42.9914], [-79.4065, 42.9884], [-79.4084, 42.9924], [-79.4148, 42.994], [-79.4154, 43.003], [-79.429, 42.9981], [-79.4296, 43.0043], [-79.4338, 43.0074], [-79.444, 43.0007], [-79.4531, 43.0114], [-79.4647, 42.9992], [-79.4729, 42.9991], [-79.4818, 43.0048], [-79.4819, 43.0001], [-79.4884, 42.9979], [-79.4982, 43.0014], [-79.4998, 42.995], [-79.5069, 42.9939], [-79.5154, 43.0002], [-79.5264, 42.9941], [-79.5262, 42.987], [-79.5317, 42.9893], [-79.5377, 42.9875], [-79.5394, 42.9838], [-79.5624, 42.9884], [-79.5697, 42.9993], [-79.5733, 42.9927], [-79.5803, 42.9925], [-79.5836, 43.0016], [-79.5834, 42.9897], [-79.5115, 42.9647], [-79.4374, 42.8758], [-79.4224, 42.8706], [-79.4166, 42.8734], [-79.4051, 42.8726], [-79.3818, 42.8609], [-79.3726, 42.8669], [-79.3659, 42.8668], [-79.3458, 42.8554], [-79.3351, 42.8718], [-79.3301, 42.874], [-79.3116, 42.8741], [-79.3025, 42.8784], [-79.2802, 42.8719], [-79.2817, 42.9721], [-79.2936, 42.9657], [-79.313, 42.9723], [-79.3276, 42.9706], [-79.3403, 42.9759], [-79.3455, 42.9688], [-79.3588, 42.9676], [-79.3662, 42.9756], [-79.3795, 42.9786], [-79.3817, 42.9852]]]}}, {"type": "Feature", "properties": {"id": "on-sunday-38040", "name": "Township of Warwick", "listed_as": "Warwick, Township of", "geographic_area": "Lambton", "jurisdiction": "municipality", "sunday_gun": true, "basis": "reg663_part7"}, "geometry": {"type": "Polygon", "coordinates": [[[-81.7893, 43.0659], [-81.8215, 43.0713], [-81.8218, 43.0658], [-81.8464, 43.0658], [-81.8468, 43.0758], [-81.9702, 43.0979], [-81.9702, 43.0779], [-82.001, 43.0779], [-82.006, 42.9303], [-81.7889, 42.9314], [-81.7893, 43.0659]]]}}, {"type": "Feature", "properties": {"id": "on-sunday-23020", "name": "Township of Wellington North", "listed_as": "Wellington North, Township of", "geographic_area": "Wellington", "jurisdiction": "municipality", "sunday_gun": true, "basis": "reg663_part7"}, "geometry": {"type": "Polygon", "coordinates": [[[-80.3885, 43.8582], [-80.3987, 43.8561], [-80.4384, 44.026], [-80.5692, 43.9981], [-80.7163, 43.9814], [-80.7229, 43.9859], [-80.7256, 43.9983], [-80.733, 43.9929], [-80.7468, 44.0015], [-80.7556, 43.9949], [-80.7454, 43.9886], [-80.7532, 43.9811], [-80.7509, 43.9795], [-80.7713, 43.9747], [-80.7418, 43.844], [-80.5602, 43.8301], [-80.565, 43.824], [-80.5306, 43.8099], [-80.5277, 43.8061], [-80.5186, 43.8127], [-80.5046, 43.8018], [-80.4999, 43.8052], [-80.4699, 43.7836], [-80.3885, 43.8582]]]}}, {"type": "Feature", "properties": {"id": "on-sunday-34035", "name": "Municipality of West Elgin", "listed_as": "West Elgin, Municipality of", "geographic_area": "Elgin", "jurisdiction": "municipality", "sunday_gun": true, "basis": "reg663_part7"}, "geometry": {"type": "Polygon", "coordinates": [[[-81.5104, 42.5745], [-81.6724, 42.7025], [-81.6868, 42.6954], [-81.6789, 42.6797], [-81.6822, 42.6729], [-81.7034, 42.6745], [-81.7168, 42.6662], [-81.7151, 42.6616], [-81.708, 42.6606], [-81.7111, 42.651], [-81.6978, 42.6501], [-81.7041, 42.6439], [-81.7022, 42.6389], [-81.7076, 42.6421], [-81.7142, 42.6399], [-81.72, 42.6449], [-81.7191, 42.651], [-81.7371, 42.6615], [-81.7414, 42.6558], [-81.7564, 42.6502], [-81.7599, 42.6459], [-81.7743, 42.6476], [-81.7802, 42.6403], [-81.7769, 42.6335], [-81.7818, 42.6332], [-81.7836, 42.6283], [-81.7996, 42.6206], [-81.8009, 42.6137], [-81.8072, 42.6091], [-81.8131, 42.6074], [-81.8261, 42.6117], [-81.835, 42.6079], [-81.6684, 42.4728], [-81.6123, 42.5057], [-81.5729, 42.5395], [-81.5402, 42.5603], [-81.5104, 42.5745]]]}}, {"type": "Feature", "properties": {"id": "on-sunday-26021", "name": "Township of West Lincoln", "listed_as": "West Lincoln, Township of", "geographic_area": "Niagara", "jurisdiction": "municipality", "sunday_gun": true, "basis": "reg663_part7"}, "geometry": {"type": "Polygon", "coordinates": [[[-79.5119, 43.1326], [-79.6496, 43.1631], [-79.6583, 43.144], [-79.7098, 43.1557], [-79.754, 43.0505], [-79.5834, 42.9897], [-79.5836, 43.0016], [-79.5803, 42.9925], [-79.5733, 42.9927], [-79.5697, 42.9993], [-79.5624, 42.9884], [-79.5388, 42.9839], [-79.5377, 42.9875], [-79.5317, 42.9893], [-79.5262, 42.987], [-79.5264, 42.9941], [-79.5154, 43.0002], [-79.5069, 42.9939], [-79.4998, 42.995], [-79.4982, 43.0014], [-79.4884, 42.9979], [-79.4819, 43.0001], [-79.4818, 43.0048], [-79.4729, 42.9991], [-79.4647, 42.9992], [-79.4551, 43.0065], [-79.4565, 43.0102], [-79.4538, 43.0115], [-79.444, 43.0007], [-79.4338, 43.0074], [-79.4296, 43.0043], [-79.429, 42.9981], [-79.4154, 43.003], [-79.4148, 42.994], [-79.4084, 42.9924], [-79.4065, 42.9884], [-79.3974, 42.9914], [-79.3931, 42.9851], [-79.3863, 42.9861], [-79.3894, 43.0958], [-79.5106, 43.0922], [-79.5119, 43.1326]]]}}, {"type": "Feature", "properties": {"id": "on-sunday-31017", "name": "Municipality of West Perth", "listed_as": "West Perth, Municipality of", "geographic_area": "Perth", "jurisdiction": "municipality", "sunday_gun": true, "basis": "reg663_part7"}, "geometry": {"type": "Polygon", "coordinates": [[[-81.0273, 43.5642], [-81.1832, 43.6286], [-81.2846, 43.5062], [-81.3498, 43.5346], [-81.4431, 43.4241], [-81.3373, 43.3777], [-81.3011, 43.3817], [-81.2968, 43.3606], [-81.2026, 43.3184], [-81.1747, 43.3213], [-81.09, 43.4201], [-81.1331, 43.4394], [-81.0273, 43.5642]]]}}, {"type": "Feature", "properties": {"id": "on-sunday-18009", "name": "Town of Whitby", "listed_as": "Whitby, Town of", "geographic_area": "Durham", "jurisdiction": "municipality", "sunday_gun": true, "basis": "reg663_part7"}, "geometry": {"type": "Polygon", "coordinates": [[[-78.8818, 43.8525], [-78.9586, 44.0289], [-79.0473, 44.0093], [-78.9707, 43.8334], [-78.9601, 43.8425], [-78.9436, 43.8459], [-78.9353, 43.8511], [-78.9021, 43.8455], [-78.8928, 43.8528], [-78.8818, 43.8525]]]}}, {"type": "Feature", "properties": {"id": "on-sunday-19044", "name": "Town of Whitchurch-Stouffville", "listed_as": "Whitchurch-Stouffville, Town of", "geographic_area": "York", "jurisdiction": "municipality", "sunday_gun": true, "basis": "reg663_part7"}, "geometry": {"type": "Polygon", "coordinates": [[[-79.2174, 43.9626], [-79.2761, 44.1013], [-79.4211, 44.0682], [-79.4059, 44.0078], [-79.3967, 43.9948], [-79.3903, 43.9229], [-79.2174, 43.9626]]]}}, {"type": "Feature", "properties": {"id": "on-sunday-49039", "name": "Municipality of Whitestone", "listed_as": "Whitestone, Municipality of", "geographic_area": "Parry Sound", "jurisdiction": "municipality", "sunday_gun": true, "basis": "reg663_part7"}, "geometry": {"type": "Polygon", "coordinates": [[[-79.6921, 45.7387], [-79.7578, 45.8586], [-80.2963, 45.7153], [-80.183, 45.5096], [-79.9886, 45.5619], [-79.9699, 45.5274], [-79.7725, 45.5799], [-79.8389, 45.6998], [-79.6921, 45.7387]]]}}, {"type": "Feature", "properties": {"id": "on-sunday-30018", "name": "Township of Wilmot", "listed_as": "Wilmot, Municipality of", "geographic_area": "Waterloo", "jurisdiction": "municipality", "sunday_gun": true, "basis": "reg663_part7"}, "geometry": {"type": "Polygon", "coordinates": [[[-80.6261, 43.4797], [-80.7956, 43.4681], [-80.7372, 43.4075], [-80.7349, 43.311], [-80.5036, 43.3481], [-80.5165, 43.3803], [-80.6261, 43.4797]]]}}, {"type": "Feature", "properties": {"id": "on-sunday-12054", "name": "Township of Wollaston", "listed_as": "Wollaston, Township of", "geographic_area": "Hastings", "jurisdiction": "municipality", "sunday_gun": true, "basis": "reg663_part7"}, "geometry": {"type": "Polygon", "coordinates": [[[-77.7204, 44.8136], [-77.788, 44.951], [-77.9579, 44.9056], [-77.8855, 44.7699], [-77.7204, 44.8136]]]}}]}