{"type": "FeatureCollection", "metadata": {"crs": "EPSG:4326", "layer": "sunday_gun", "province": "on", "feature_count": 2, "citation": "O. Reg. 665/98 (Hunting), s. 66(1): Sunday gun hunting prohibition applies only south of the French and Mattawa rivers", "source": "WMU boundary fabric (Ontario MNRF, OGL-Ontario)", "license": "OGL-Ontario", "license_url": "https://www.ontario.ca/page/open-government-licence-ontario", "divide_source": "Derived from the shared boundary between northern and southern Wildlife Management Units, which O. Reg. 663/98 Part 6 defines along the French and Mattawa rivers. The WMU boundary is MNRF's own digitisation of the regulatory line.", "band_half_m": 500, "simplify_divide_m": 50, "simplify_coast_m": 200, "north_wmus": ["10", "11A", "11B", "11C", "12A", "12B", "13", "14", "15A", "15B", "16A", "16B", "16C", "17", "18A", "18B", "19", "1A", "1B", "1C", "1D", "2", "20", "21A", "21B", "22", "23", "24", "25", "26", "27", "28", "29", "3", "30", "31", "32", "33", "34", "35", "36", "37", "38", "39", "4", "40", "41", "42", "43A", "44", "45", "5", "6", "7A", "7B", "8", "9A", "9B"], "south_wmus_at_divide": ["43B", "46", "47", "48", "49", "50"]}, "features": [{"type": "Feature", "properties": {"id": "on-sunday-north", "name": "North of the French and Mattawa rivers", "sunday_gun": true, "basis": "reg665_s66", "boundary_accuracy": "mapped", "near_divide": false}, "geometry": {"type": "MultiPolygon", "coordinates": [[[[-95.1536, 50.411], [-95.1537, 52.8416], [-94.4023, 53.2984], [-93.6564, 53.7379], [-93.1896, 54.08], [-92.7194, 54.4171], [-92.2271, 54.7623], [-91.7402, 55.0961], [-91.2135, 55.4488], [-90.7109, 55.7774], [-90.1936, 56.1079], [-89.6713, 56.4337], [-88.9908, 56.8466], [-88.9406, 56.8382], [-88.9127, 56.8395], [-88.9045, 56.8517], [-88.8925, 56.8579], [-88.8804, 56.8591], [-88.862, 56.8458], [-88.8608, 56.8276], [-88.8473, 56.8292], [-88.855, 56.8357], [-88.8533, 56.8377], [-88.821, 56.8371], [-88.8114, 56.8249], [-88.8125, 56.8172], [-88.8398, 56.8097], [-88.8328, 56.7989], [-88.8243, 56.7956], [-88.8216, 56.7898], [-88.7917, 56.7754], [-88.7457, 56.7597], [-88.6976, 56.7358], [-88.6862, 56.7249], [-88.6762, 56.7063], [-88.6468, 56.6888], [-88.5642, 56.6618], [-88.5267, 56.6537], [-88.5206, 56.6571], [-88.4983, 56.6521], [-88.4463, 56.6091], [-88.3985, 56.5907], [-88.3585, 56.5676], [-88.2785, 56.5383], [-88.2604, 56.5363], [-88.1871, 56.5124], [-88.1454, 56.5088], [-88.0679, 56.4927], [-88.0258, 56.4808], [-88.0157, 56.474], [-87.987, 56.4693], [-87.9726, 56.4624], [-87.957, 56.4454], [-87.9483, 56.4129], [-87.9252, 56.3896], [-87.8778, 56.364], [-87.8431, 56.3253], [-87.8201, 56.3148], [-87.8026, 56.2981], [-87.7899, 56.282], [-87.7799, 56.2757], [-87.7781, 56.2685], [-87.7254, 56.2311], [-87.7202, 56.2242], [-87.7238, 56.2186], [-87.7141, 56.2091], [-87.7107, 56.1979], [-87.6942, 56.1733], [-87.6649, 56.141], [-87.6399, 56.1188], [-87.6281, 56.0948], [-87.5906, 56.0812], [-87.5687, 56.0684], [-87.502, 56.0524], [-87.4687, 56.035], [-87.4419, 56.0037], [-87.4277, 55.9979], [-87.3897, 55.9909], [-87.3586, 55.9739], [-87.3136, 55.9555], [-87.2545, 55.9424], [-87.1179, 55.9264], [-87.0339, 55.9239], [-87.0186, 55.9191], [-86.9795, 55.9194], [-86.9663, 55.9149], [-86.9536, 55.9165], [-86.9593, 55.9097], [-86.9464, 55.9158], [-86.9053, 55.9154], [-86.8677, 55.8992], [-86.8503, 55.8977], [-86.7919, 55.879], [-86.783, 55.8737], [-86.7855, 55.8679], [-86.7747, 55.8743], [-86.7628, 55.8722], [-86.7217, 55.8536], [-86.6862, 55.8418], [-86.606, 55.8298], [-86.5486, 55.8092], [-86.4704, 55.7926], [-86.3826, 55.7678], [-86.3488, 55.7526], [-86.3321, 55.7396], [-86.2925, 55.719], [-86.26, 55.7072], [-86.1632, 55.6918], [-86.13, 55.6896], [-86.1118, 55.683], [-86.0591, 55.6735], [-86.0519, 55.6686], [-86.0557, 55.6627], [-86.0468, 55.6698], [-86.0136, 55.673], [-85.9028, 55.6554], [-85.8639, 55.6338], [-85.8601, 55.6265], [-85.8334, 55.6247], [-85.7787, 55.5982], [-85.7284, 55.5967], [-85.7181, 55.5903], [-85.695, 55.5847], [-85.681, 55.575], [-85.6525, 55.5703], [-85.6397, 55.5631], [-85.6383, 55.5535], [-85.6305, 55.5452], [-85.5903, 55.5217], [-85.5785, 55.5093], [-85.5838, 55.5077], [-85.58, 55.5042], [-85.5645, 55.5063], [-85.549, 55.4998], [-85.5334, 55.4848], [-85.5033, 55.4686], [-85.5016, 55.4622], [-85.4945, 55.4564], [-85.4184, 55.4202], [-85.3993, 55.4054], [-85.3321, 55.3825], [-85.3027, 55.3824], [-85.2627, 55.3727], [-85.2292, 55.375], [-85.2246, 55.3728], [-85.213, 55.3498], [-85.2067, 55.3459], [-85.1721, 55.3482], [-85.1552, 55.344], [-85.1476, 55.3359], [-85.1261, 55.3336], [-85.1229, 55.3305], [-85.1233, 55.3173], [-85.1109, 55.3106], [-85.1087, 55.3025], [-85.1111, 55.2982], [-85.1072, 55.292], [-85.0149, 55.2697], [-85.0043, 55.2692], [-84.9906, 55.2763], [-84.9738, 55.2795], [-84.954, 55.2706], [-84.9295, 55.2651], [-84.9064, 55.269], [-84.896, 55.2611], [-84.8393, 55.2526], [-84.8136, 55.2523], [-84.803, 55.247], [-84.7973, 55.2394], [-84.7876, 55.2364], [-84.7482, 55.2381], [-84.7405, 55.2354], [-84.7301, 55.2388], [-84.7132, 55.2343], [-84.6662, 55.2354], [-84.586, 55.2425], [-84.5638, 55.2414], [-84.551, 55.2367], [-84.5335, 55.2398], [-84.4921, 55.24], [-84.4597, 55.2486], [-84.4409, 55.2588], [-84.3985, 55.2655], [-84.3276, 55.2689], [-84.3067, 55.2781], [-84.2725, 55.2698], [-84.2392, 55.2681], [-84.218, 55.2713], [-84.1977, 55.2814], [-84.19, 55.2754], [-84.1714, 55.2785], [-84.1608, 55.2719], [-84.1271, 55.2624], [-84.1224, 55.2537], [-84.1038, 55.2548], [-84.0827, 55.2511], [-84.0555, 55.2614], [-83.9987, 55.2741], [-83.9587, 55.2908], [-83.8949, 55.2954], [-83.8833, 55.2946], [-83.8712, 55.2866], [-83.8408, 55.278], [-83.816, 55.2767], [-83.7755, 55.2574], [-83.749, 55.2527], [-83.738, 55.2438], [-83.6943, 55.2223], [-83.6734, 55.2276], [-83.6306, 55.2121], [-83.6351, 55.2192], [-83.6669, 55.2329], [-83.6842, 55.2497], [-83.6965, 55.2568], [-83.6971, 55.2644], [-83.6928, 55.2679], [-83.67, 55.2685], [-83.6513, 55.2648], [-83.645, 55.2621], [-83.6418, 55.2561], [-83.624, 55.2506], [-83.5494, 55.2423], [-83.4909, 55.2206], [-83.4574, 55.2117], [-83.412, 55.21], [-83.4108, 55.2126], [-83.422, 55.2189], [-83.4115, 55.2216], [-83.3388, 55.1986], [-83.3113, 55.2015], [-83.3115, 55.2099], [-83.3054, 55.2125], [-83.2644, 55.21], [-83.2564, 55.2115], [-83.2542, 55.217], [-83.2261, 55.2173], [-83.2087, 55.2135], [-83.1858, 55.2013], [-83.1423, 55.1979], [-83.0903, 55.2034], [-83.0803, 55.2074], [-83.0721, 55.2047], [-83.0582, 55.2059], [-83.0385, 55.2122], [-82.9894, 55.2187], [-82.9721, 55.2239], [-82.9441, 55.2185], [-82.9235, 55.2092], [-82.914, 55.2011], [-82.8863, 55.1579], [-82.8864, 55.1483], [-82.8759, 55.143], [-82.862, 55.1431], [-82.8266, 55.1319], [-82.7959, 55.128], [-82.7703, 55.1301], [-82.7358, 55.1402], [-82.7106, 55.14], [-82.7088, 55.1421], [-82.7205, 55.157], [-82.7104, 55.1627], [-82.6812, 55.1611], [-82.6805, 55.1666], [-82.6741, 55.1701], [-82.6819, 55.1785], [-82.6802, 55.1801], [-82.6618, 55.169], [-82.6334, 55.1591], [-82.6284, 55.1524], [-82.6301, 55.1448], [-82.6274, 55.143], [-82.5927, 55.146], [-82.5717, 55.139], [-82.5364, 55.1104], [-82.5171, 55.0905], [-82.51, 55.0916], [-82.4945, 55.1077], [-82.4697, 55.1035], [-82.4575, 55.1161], [-82.4533, 55.1162], [-82.4277, 55.0996], [-82.419, 55.0772], [-82.4046, 55.07], [-82.3788, 55.0639], [-82.3538, 55.0676], [-82.3081, 55.0543], [-82.3057, 55.0589], [-82.3102, 55.0685], [-82.3329, 55.098], [-82.3296, 55.102], [-82.309, 55.1027], [-82.3113, 55.1205], [-82.3246, 55.1319], [-82.3361, 55.133], [-82.3455, 55.1382], [-82.3546, 55.1528], [-82.3483, 55.1592], [-82.3432, 55.1554], [-82.3461, 55.1492], [-82.3381, 55.1376], [-82.331, 55.1398], [-82.3349, 55.1484], [-82.3334, 55.1514], [-82.3237, 55.1501], [-82.3175, 55.1335], [-82.3086, 55.1332], [-82.3026, 55.1284], [-82.301, 55.1192], [-82.2918, 55.1179], [-82.2829, 55.1221], [-82.2503, 55.1064], [-82.2504, 55.0931], [-82.2439, 55.0768], [-82.2426, 55.0622], [-82.2496, 55.0561], [-82.2707, 55.0497], [-82.2753, 55.0391], [-82.2739, 55.0169], [-82.2581, 54.9961], [-82.2537, 54.9483], [-82.2577, 54.9349], [-82.2618, 54.9418], [-82.2659, 54.9416], [-82.2672, 54.9129], [-82.2614, 54.8888], [-82.2548, 54.876], [-82.2398, 54.8603], [-82.232, 54.8603], [-82.2269, 54.873], [-82.2166, 54.8764], [-82.2076, 54.8739], [-82.206, 54.8695], [-82.2092, 54.8635], [-82.199, 54.8365], [-82.1971, 54.8104], [-82.2002, 54.7941], [-82.211, 54.7773], [-82.215, 54.7604], [-82.2348, 54.7418], [-82.2427, 54.7277], [-82.2561, 54.7166], [-82.2885, 54.6554], [-82.2901, 54.6512], [-82.2839, 54.6445], [-82.2825, 54.6327], [-82.298, 54.608], [-82.3015, 54.5896], [-82.3053, 54.5846], [-82.3034, 54.581], [-82.3162, 54.5089], [-82.3464, 54.4649], [-82.3815, 54.4002], [-82.3848, 54.3867], [-82.3995, 54.3583], [-82.4248, 54.3242], [-82.4343, 54.2918], [-82.4364, 54.2528], [-82.4298, 54.2349], [-82.4273, 54.206], [-82.3949, 54.1641], [-82.3563, 54.1274], [-82.3295, 54.1133], [-82.2807, 54.0743], [-82.233, 54.0277], [-82.2219, 54.0004], [-83.75, 54.0], [-82.2222, 54.0], [-82.1995, 53.9539], [-82.1813, 53.9335], [-82.1648, 53.8938], [-82.1535, 53.882], [-82.1426, 53.8479], [-82.1263, 53.8198], [-82.1299, 53.7694], [-82.1535, 53.7321], [-82.1626, 53.7239], [-82.1704, 53.7097], [-82.179, 53.7041], [-82.1828, 53.6914], [-82.19, 53.6828], [-82.2063, 53.636], [-82.2094, 53.6056], [-82.2159, 53.5879], [-82.2084, 53.566], [-82.2091, 53.5438], [-82.2, 53.5179], [-82.1723, 53.475], [-82.1535, 53.4151], [-82.1401, 53.3877], [-82.1125, 53.274], [-82.1148, 53.2641], [-82.1614, 53.2452], [-82.203, 53.2176], [-82.2215, 53.202], [-82.2253, 53.194], [-82.2322, 53.1931], [-82.2354, 53.1826], [-82.2717, 53.1342], [-82.2736, 53.1165], [-82.281, 53.1171], [-82.274, 53.1127], [-82.2805, 53.0984], [-82.2808, 53.0795], [-82.2867, 53.0645], [-82.2906, 53.0704], [-82.29, 53.0833], [-82.2929, 53.0784], [-82.2929, 53.0678], [-82.2875, 53.0612], [-82.283, 53.0373], [-82.2808, 53.0045], [-82.2859, 53.0009], [-82.2781, 52.9986], [-82.2732, 52.9834], [-82.2753, 52.9792], [-82.2825, 52.9774], [-82.2704, 52.9749], [-82.2632, 52.9474], [-82.237, 52.9213], [-82.2069, 52.9074], [-82.1653, 52.9001], [-82.1141, 52.883], [-82.0635, 52.8455], [-82.0292, 52.8259], [-82.0139, 52.8087], [-81.9596, 52.7779], [-81.9576, 52.7759], [-81.9597, 52.7731], [-82.0, 52.7671], [-82.0, 52.7645], [-81.9684, 52.7677], [-81.955, 52.7626], [-81.9495, 52.7566], [-81.925, 52.7019], [-81.8839, 52.6648], [-81.814, 52.6343], [-81.7689, 52.6095], [-81.6898, 52.5321], [-81.6368, 52.4891], [-81.5926, 52.4605], [-81.5457, 52.4432], [-81.5423, 52.438], [-81.543, 52.4272], [-81.5567, 52.4092], [-81.563, 52.3925], [-81.5585, 52.3635], [-81.5515, 52.3494], [-81.5248, 52.3327], [-81.4948, 52.3018], [-81.4784, 52.2912], [-81.4651, 52.2357], [-81.4316, 52.1673], [-81.4196, 52.1572], [-81.4172, 52.1508], [-81.4226, 52.1453], [-81.4048, 52.1352], [-81.3906, 52.1204], [-81.3622, 52.1027], [-81.2339, 52.0678], [-81.2204, 52.0615], [-81.2071, 52.0618], [-81.1602, 52.0413], [-81.1162, 52.0421], [-81.1183, 52.0395], [-81.1101, 52.0373], [-81.096, 52.0468], [-81.0938, 52.058], [-81.0893, 52.0606], [-81.0805, 52.0583], [-81.081, 52.0428], [-81.0602, 52.0273], [-81.0517, 52.0257], [-81.0431, 52.0293], [-81.0415, 52.0366], [-81.0467, 52.0396], [-81.0438, 52.0402], [-81.0378, 52.0379], [-81.0392, 52.0292], [-81.0278, 52.0164], [-80.9891, 52.0114], [-80.9752, 52.0], [-80.9786, 52.0], [-80.9686, 51.9843], [-80.9582, 51.981], [-80.9119, 51.9202], [-80.8899, 51.9075], [-80.8811, 51.8987], [-80.8721, 51.8971], [-80.8567, 51.906], [-80.8504, 51.9057], [-80.8448, 51.8897], [-80.8317, 51.8815], [-80.8238, 51.8803], [-80.807, 51.8929], [-80.7952, 51.8927], [-80.7933, 51.8891], [-80.7969, 51.8821], [-80.7862, 51.8613], [-80.7716, 51.8572], [-80.7718, 51.8501], [-80.7586, 51.8438], [-80.7495, 51.8588], [-80.7527, 51.8387], [-80.7397, 51.8419], [-80.7375, 51.8292], [-80.7099, 51.8136], [-80.7017, 51.8131], [-80.6975, 51.8164], [-80.6959, 51.8334], [-80.6896, 51.8469], [-80.6891, 51.831], [-80.6923, 51.82], [-80.6887, 51.8056], [-80.6805, 51.8009], [-80.6641, 51.7978], [-80.6554, 51.7918], [-80.6526, 51.7805], [-80.6402, 51.7662], [-80.6141, 51.7481], [-80.5658, 51.7017], [-80.5632, 51.6909], [-80.5719, 51.675], [-80.5702, 51.6655], [-80.5506, 51.6292], [-80.5319, 51.6055], [-80.5215, 51.5818], [-80.5137, 51.5498], [-80.496, 51.5218], [-80.464, 51.5], [-80.4468, 51.4928], [-80.4318, 51.4643], [-80.428, 51.4518], [-80.4363, 51.4104], [-80.4328, 51.3828], [-80.3847, 51.3393], [-80.395, 51.33], [-80.3842, 51.3394], [-80.3398, 51.3298], [-80.3317, 51.3249], [-80.331, 51.3276], [-80.3216, 51.3253], [-80.3183, 51.324], [-80.3202, 51.3181], [-80.3129, 51.3165], [-80.307, 51.3189], [-80.2921, 51.3142], [-80.2925, 51.3085], [-80.2765, 51.3107], [-80.2118, 51.2964], [-80.1779, 51.2928], [-80.1327, 51.2896], [-80.1164, 51.2919], [-80.0982, 51.2778], [-80.0796, 51.273], [-80.06, 51.2587], [-80.0225, 51.2549], [-79.9902, 51.2439], [-79.9458, 51.2063], [-79.9477, 51.2038], [-79.8877, 51.1678], [-79.855, 51.1616], [-79.7991, 51.1572], [-79.7859, 51.1684], [-79.7894, 51.1753], [-79.7809, 51.1769], [-79.7749, 51.1741], [-79.7691, 51.1792], [-79.7708, 51.1817], [-79.7542, 51.1843], [-79.7472, 51.1891], [-79.7492, 51.1916], [-79.7471, 51.1973], [-79.734, 51.2191], [-79.7209, 51.2313], [-79.7194, 51.229], [-79.7106, 51.2313], [-79.7115, 51.237], [-79.707, 51.2391], [-79.7075, 51.2452], [-79.6912, 51.2683], [-79.6869, 51.2803], [-79.6955, 51.2888], [-79.694, 51.2918], [-79.7012, 51.2917], [-79.7167, 51.2983], [-79.7326, 51.3122], [-79.7446, 51.3295], [-79.7386, 51.3381], [-79.7419, 51.3424], [-79.7419, 51.3514], [-79.7365, 51.3531], [-79.7357, 51.3569], [-79.7281, 51.3552], [-79.7259, 51.3575], [-79.7326, 51.3643], [-79.7314, 51.3665], [-79.736, 51.3667], [-79.7349, 51.3709], [-79.714, 51.3821], [-79.7078, 51.3807], [-79.7126, 51.369], [-79.7084, 51.3642], [-79.7121, 51.3603], [-79.7157, 51.3629], [-79.7142, 51.3582], [-79.7226, 51.3531], [-79.7164, 51.3514], [-79.7123, 51.3453], [-79.7081, 51.3478], [-79.7034, 51.3597], [-79.6992, 51.3609], [-79.6741, 51.3436], [-79.6724, 51.3523], [-79.6817, 51.3629], [-79.6884, 51.3774], [-79.6827, 51.3902], [-79.6734, 51.3951], [-79.6862, 51.3973], [-79.6798, 51.4017], [-79.6816, 51.4037], [-79.6728, 51.4005], [-79.6596, 51.405], [-79.645, 51.3991], [-79.6358, 51.4049], [-79.6331, 51.4144], [-79.6181, 51.4136], [-79.6111, 51.4162], [-79.6016, 51.4322], [-79.5927, 51.4308], [-79.5898, 51.4353], [-79.5786, 51.4405], [-79.5728, 51.4576], [-79.5687, 51.4594], [-79.574, 51.4659], [-79.5647, 51.4646], [-79.5546, 51.4584], [-79.5337, 51.4566], [-79.5164, 51.4603], [-79.5174, 48.6064], [-79.5178, 47.5834], [-79.5172, 47.5568], [-79.5103, 47.5433], [-79.517, 47.5332], [-79.553, 47.5118], [-79.5593, 47.4806], [-79.5835, 47.4524], [-79.587, 47.4366], [-79.5832, 47.4199], [-79.5695, 47.3966], [-79.514, 47.3439], [-79.4864, 47.3048], [-79.4497, 47.2765], [-79.426, 47.2505], [-79.4257, 47.2416], [-79.4387, 47.2167], [-79.4333, 47.1819], [-79.4435, 47.1354], [-79.4453, 47.1118], [-79.4362, 47.0868], [-79.4282, 47.0761], [-79.3817, 47.0341], [-79.3489, 47.0095], [-79.3386, 46.9905], [-79.3382, 46.9709], [-79.3172, 46.935], [-79.2965, 46.9191], [-79.2824, 46.8991], [-79.2617, 46.8872], [-79.2345, 46.8602], [-79.2285, 46.8459], [-79.2133, 46.8325], [-79.1774, 46.8282], [-79.1651, 46.8196], [-79.1227, 46.7464], [-79.1196, 46.7329], [-79.0998, 46.7107], [-79.093, 46.6878], [-79.0754, 46.6775], [-79.0733, 46.6741], [-79.0764, 46.6691], [-79.0724, 46.665], [-79.0431, 46.6451], [-79.016, 46.6318], [-79.0078, 46.6041], [-78.9951, 46.5928], [-78.9973, 46.5715], [-78.9871, 46.5452], [-78.961, 46.5211], [-78.9424, 46.5096], [-78.9163, 46.481], [-78.8883, 46.4589], [-78.8592, 46.443], [-78.8382, 46.4373], [-78.7959, 46.4192], [-78.7577, 46.3931], [-78.7422, 46.3904], [-78.7304, 46.3846], [-78.723, 46.3696], [-78.7263, 46.3412], [-78.7155, 46.3281], [-78.70585, 46.3235], [-78.70627, 46.32319], [-78.71049, 46.3144], [-78.72351, 46.31042], [-78.75866, 46.30843], [-78.76222, 46.30667], [-78.76337, 46.30375], [-78.76178, 46.30129], [-78.7819, 46.2897], [-78.87683, 46.28229], [-78.87769, 46.28428], [-78.88058, 46.28595], [-78.90837, 46.2917], [-78.97885, 46.27568], [-79.01183, 46.27203], [-79.08342, 46.27643], [-79.10209, 46.2811], [-79.13712, 46.27443], [-79.17762, 46.27585], [-79.18149, 46.27444], [-79.1828, 46.27293], [-79.18318, 46.2712], [-79.18288, 46.27069], [-79.2046, 46.2682], [-79.2683, 46.2741], [-79.3477, 46.2903], [-79.3825, 46.3028], [-79.407, 46.3018], [-79.42001, 46.30385], [-79.41996, 46.30604], [-79.42305, 46.30873], [-79.42799, 46.30913], [-79.46268, 46.2996], [-79.46508, 46.29811], [-79.46616, 46.29601], [-79.46007, 46.28164], [-79.45234, 46.27347], [-79.45088, 46.26921], [-79.45235, 46.2668], [-79.45165, 46.26422], [-79.44782, 46.262], [-79.44141, 46.26208], [-79.43309, 46.25396], [-79.43295, 46.24609], [-79.4315, 46.24405], [-79.42928, 46.2429], [-79.42745, 46.23693], [-79.42816, 46.23148], [-79.79932, 46.2099], [-79.86031, 46.21044], [-79.86341, 46.20912], [-79.87027, 46.20274], [-79.90323, 46.1927], [-79.9271, 46.18065], [-79.99726, 46.16021], [-79.99966, 46.15808], [-80.00174, 46.15267], [-80.01578, 46.14195], [-80.01609, 46.13967], [-80.01222, 46.12972], [-80.03267, 46.11946], [-80.04231, 46.12028], [-80.05224, 46.11635], [-80.05496, 46.11408], [-80.05572, 46.10937], [-80.06202, 46.10654], [-80.09981, 46.0967], [-80.11744, 46.09759], [-80.15393, 46.08161], [-80.18837, 46.08358], [-80.19164, 46.08318], [-80.22075, 46.06453], [-80.2218, 46.06292], [-80.22187, 46.06115], [-80.21914, 46.05749], [-80.24058, 46.05488], [-80.29661, 46.04235], [-80.32382, 46.04345], [-80.36178, 46.03686], [-80.43076, 46.04168], [-80.47558, 46.0418], [-80.49602, 46.03761], [-80.51986, 46.03773], [-80.5234, 46.03597], [-80.52441, 46.03436], [-80.52446, 46.0326], [-80.52229, 46.02997], [-80.51945, 46.02923], [-80.5183, 46.027], [-80.5216, 46.0243], [-80.5407, 46.0198], [-80.5535, 46.0222], [-80.5655, 46.0183], [-80.63695, 46.01499], [-80.63726, 46.0163], [-80.6386, 46.01779], [-80.64248, 46.01916], [-80.75482, 46.0214], [-80.8625, 46.01571], [-80.91253, 46.01819], [-80.92164, 46.0156], [-80.94054, 45.99683], [-80.95514, 45.98963], [-80.97359, 45.96993], [-80.9834, 45.96588], [-80.99193, 45.96717], [-80.99562, 45.96671], [-80.99833, 45.9649], [-80.99905, 45.96191], [-80.99777, 45.95992], [-80.9972, 45.95961], [-81.0145, 45.9477], [-81.02017, 45.94847], [-81.01945, 45.95244], [-81.02059, 45.95496], [-81.02356, 45.95659], [-81.02733, 45.95679], [-81.03381, 45.95506], [-81.03659, 45.95762], [-81.04088, 45.95826], [-81.05409, 45.95679], [-81.06909, 45.94936], [-81.07426, 45.94981], [-81.07647, 45.94899], [-81.07834, 45.94726], [-81.0786, 45.94425], [-81.07555, 45.94058], [-81.0757, 45.9405], [-81.07764, 45.94021], [-81.07816, 45.9428], [-81.0807, 45.94477], [-81.09209, 45.94605], [-81.09302, 45.9499], [-81.09673, 45.95216], [-81.10046, 45.95225], [-81.11977, 45.94859], [-81.12606, 45.95161], [-81.1298, 45.95193], [-81.13398, 45.95008], [-81.13604, 45.94633], [-81.13915, 45.94549], [-81.1414, 45.94395], [-81.14234, 45.94185], [-81.14149, 45.93936], [-81.14335, 45.93683], [-81.14952, 45.93402], [-81.1516, 45.93195], [-81.16241, 45.9318], [-81.16331, 45.93357], [-81.16523, 45.93494], [-81.16111, 45.93586], [-81.15872, 45.93791], [-81.15839, 45.94053], [-81.16022, 45.94284], [-81.17214, 45.94571], [-81.17618, 45.95165], [-81.17972, 45.9535], [-81.20884, 45.95362], [-81.20762, 45.95546], [-81.20759, 45.95743], [-81.20538, 45.96], [-81.20571, 45.96258], [-81.20913, 45.96503], [-81.2157, 45.96545], [-81.21645, 45.96817], [-81.21976, 45.97019], [-81.22415, 45.97027], [-81.23059, 45.96729], [-81.23377, 45.96958], [-81.2381, 45.96986], [-81.24086, 45.96882], [-81.2504, 45.96141], [-81.25389, 45.96247], [-81.25802, 45.96181], [-81.26093, 45.96306], [-81.26396, 45.96338], [-81.26686, 45.9627], [-81.27176, 45.96006], [-81.27223, 45.96191], [-81.27365, 45.96339], [-81.277, 45.96462], [-81.28175, 45.96467], [-81.28259, 45.96692], [-81.28498, 45.9686], [-81.27975, 45.97203], [-81.27831, 45.97399], [-81.27884, 45.97703], [-81.28202, 45.97913], [-81.2864, 45.97932], [-81.29728, 45.97547], [-81.30386, 45.97802], [-81.31359, 45.97752], [-81.31485, 45.97862], [-81.31346, 45.98124], [-81.31431, 45.98375], [-81.317, 45.98552], [-81.32064, 45.98597], [-81.3245, 45.98466], [-81.33746, 45.97352], [-81.34646, 45.97468], [-81.34529, 45.97784], [-81.34723, 45.98055], [-81.35057, 45.98173], [-81.35667, 45.98173], [-81.35499, 45.98466], [-81.35495, 45.98642], [-81.35626, 45.98841], [-81.35876, 45.98974], [-81.36186, 45.99008], [-81.36483, 45.98937], [-81.374, 45.98203], [-81.38739, 45.98174], [-81.38977, 45.98261], [-81.38988, 45.99277], [-81.39064, 45.99447], [-81.39228, 45.99582], [-81.3971, 45.99677], [-81.40176, 45.9953], [-81.40705, 45.99622], [-81.41051, 45.99487], [-81.41283, 45.99705], [-81.42328, 46.0007], [-81.42636, 46.00023], [-81.42876, 45.99881], [-81.42991, 45.99676], [-81.42966, 45.99487], [-81.43383, 45.99639], [-81.437, 45.99652], [-81.44136, 45.99438], [-81.44428, 45.9949], [-81.44742, 45.99438], [-81.45291, 45.99135], [-81.45445, 45.99157], [-81.45516, 45.99366], [-81.45676, 45.99505], [-81.46155, 45.99608], [-81.47424, 45.99161], [-81.47634, 45.98996], [-81.47701, 45.98737], [-81.47587, 45.98531], [-81.47315, 45.98377], [-81.47221, 45.98056], [-81.47763, 45.98023], [-81.48863, 45.97372], [-81.49187, 45.9743], [-81.49545, 45.97351], [-81.50382, 45.96518], [-81.52239, 45.95502], [-81.52545, 45.9557], [-81.5254, 45.95776], [-81.5242, 45.95936], [-81.52399, 45.96114], [-81.52775, 45.96577], [-81.52725, 45.96761], [-81.52197, 45.9664], [-81.51781, 45.96742], [-81.51133, 45.97303], [-81.50844, 45.97872], [-81.50832, 45.98047], [-81.50953, 45.98249], [-81.50813, 45.98408], [-81.49751, 45.98524], [-81.49434, 45.98656], [-81.49286, 45.98844], [-81.49271, 45.99024], [-81.48464, 45.9951], [-81.48413, 45.99772], [-81.48545, 45.9998], [-81.48061, 45.9995], [-81.47677, 46.00172], [-81.47614, 46.00455], [-81.47374, 46.00733], [-81.4738, 46.00909], [-81.47482, 46.01069], [-81.48666, 46.01593], [-81.48975, 46.01579], [-81.49552, 46.01369], [-81.51549, 46.01467], [-81.53733, 46.00688], [-81.5408, 46.00642], [-81.54431, 46.00386], [-81.54944, 46.00446], [-81.55378, 46.00268], [-81.58332, 46.0098], [-81.61411, 46.00651], [-81.63552, 46.00696], [-81.63461, 46.0081], [-81.63142, 46.0075], [-81.62785, 46.00824], [-81.61906, 46.01415], [-81.61306, 46.0135], [-81.59042, 46.01845], [-81.55022, 46.01663], [-81.50404, 46.02681], [-81.50033, 46.02894], [-81.49829, 46.03465], [-81.4984, 46.03686], [-81.50025, 46.03892], [-81.50049, 46.04022], [-81.48601, 46.04285], [-81.48463, 46.04058], [-81.48161, 46.03912], [-81.47104, 46.03949], [-81.46848, 46.0407], [-81.46703, 46.0426], [-81.46737, 46.04547], [-81.46634, 46.04769], [-81.46673, 46.04945], [-81.46902, 46.05155], [-81.47626, 46.05449], [-81.48066, 46.05503], [-81.51274, 46.04859], [-81.52896, 46.04175], [-81.56998, 46.03841], [-81.54468, 46.04562], [-81.54183, 46.04773], [-81.53547, 46.04874], [-81.53254, 46.05149], [-81.5324, 46.05323], [-81.5334, 46.05507], [-81.52934, 46.05586], [-81.52686, 46.05778], [-81.52624, 46.0599], [-81.52683, 46.06158], [-81.52877, 46.06327], [-81.53101, 46.06404], [-81.55366, 46.06382], [-81.54688, 46.06585], [-81.54506, 46.06863], [-81.54614, 46.07151], [-81.54152, 46.07281], [-81.53909, 46.07434], [-81.53664, 46.08207], [-81.53408, 46.08332], [-81.53257, 46.0852], [-81.53286, 46.08819], [-81.53635, 46.09056], [-81.54363, 46.09125], [-81.54625, 46.09306], [-81.54663, 46.09619], [-81.54756, 46.09784], [-81.55105, 46.09969], [-81.55484, 46.09972], [-81.55775, 46.09845], [-81.56333, 46.09899], [-81.56603, 46.09785], [-81.56756, 46.09607], [-81.5801, 46.09769], [-81.5822, 46.10012], [-81.58939, 46.10213], [-81.59226, 46.10475], [-81.59912, 46.1055], [-81.60048, 46.1072], [-81.60126, 46.10991], [-81.60524, 46.11205], [-81.60642, 46.1149], [-81.61333, 46.11956], [-81.61563, 46.12035], [-81.61945, 46.12025], [-81.62266, 46.11852], [-81.63272, 46.11842], [-81.63548, 46.12038], [-81.63908, 46.12088], [-81.64199, 46.12019], [-81.64524, 46.11785], [-81.66285, 46.11913], [-81.66576, 46.1182], [-81.66986, 46.11491], [-81.69124, 46.11337], [-81.69379, 46.11207], [-81.69514, 46.11008], [-81.69527, 46.0968], [-81.70872, 46.0968], [-81.70913, 46.10653], [-81.71002, 46.10868], [-81.71285, 46.11047], [-81.72434, 46.1138], [-81.7408, 46.11065], [-81.75027, 46.11185], [-81.75462, 46.10995], [-81.76793, 46.11227], [-81.77119, 46.11224], [-81.79014, 46.10711], [-81.79259, 46.10517], [-81.79316, 46.10304], [-81.80184, 46.10319], [-81.80487, 46.10504], [-81.81147, 46.10607], [-81.81934, 46.10456], [-81.85161, 46.10749], [-81.87657, 46.10504], [-81.88608, 46.09936], [-81.88979, 46.10187], [-81.8933, 46.1025], [-81.97219, 46.09555], [-82.0084, 46.09958], [-82.04353, 46.10806], [-82.04792, 46.10738], [-82.05055, 46.10514], [-82.05617, 46.10506], [-82.05961, 46.10316], [-82.14721, 46.00377], [-82.20432, 46.06369], [-82.20662, 46.06515], [-82.209, 46.06567], [-82.26868, 46.06575], [-82.36613, 46.01972], [-82.36849, 46.01769], [-82.36872, 46.01591], [-82.7573, 46.01046], [-82.7414, 45.4399], [-83.5972, 45.8213], [-83.4338, 45.9982], [-83.5719, 46.1058], [-83.655, 46.1217], [-83.7599, 46.1027], [-83.8263, 46.1189], [-83.9035, 46.0605], [-83.9555, 46.0568], [-83.9763, 46.1024], [-84.0063, 46.1183], [-84.006, 46.1495], [-84.0771, 46.1873], [-84.0858, 46.2101], [-84.1083, 46.2415], [-84.0976, 46.2564], [-84.1154, 46.268], [-84.1194, 46.3149], [-84.1059, 46.322], [-84.1201, 46.3384], [-84.139, 46.3725], [-84.1461, 46.4188], [-84.1111, 46.5042], [-84.129, 46.5305], [-84.1395, 46.5325], [-84.1668, 46.5263], [-84.1777, 46.5271], [-84.1937, 46.5402], [-84.2259, 46.5341], [-84.2548, 46.5008], [-84.2655, 46.4944], [-84.2763, 46.493], [-84.2938, 46.4929], [-84.3252, 46.4998], [-84.3419, 46.5075], [-84.3741, 46.5092], [-84.3955, 46.4986], [-84.4211, 46.5006], [-84.4452, 46.4891], [-84.4756, 46.4529], [-84.5568, 46.4608], [-84.7628, 46.6343], [-84.8601, 46.8889], [-85.8348, 47.301], [-84.84983, 47.93388], [-85.8351, 47.3012], [-86.5534, 47.5956], [-87.297, 47.8923], [-88.3686, 48.3056], [-88.6792, 48.244], [-89.3374, 47.9741], [-89.4894, 48.0146], [-89.5647, 48.0026], [-89.581, 47.996], [-89.5855, 48.0018], [-89.6081, 48.007], [-89.6107, 48.018], [-89.6184, 48.011], [-89.638, 48.0092], [-89.6371, 48.0042], [-89.6459, 48.0063], [-89.6509, 48.0037], [-89.6577, 48.0105], [-89.6668, 48.0074], [-89.6729, 48.0116], [-89.7024, 48.0065], [-89.708, 48.0105], [-89.7166, 48.0098], [-89.717, 48.0173], [-89.7242, 48.0138], [-89.724, 48.0173], [-89.7195, 48.0186], [-89.7211, 48.0201], [-89.7325, 48.0191], [-89.734, 48.0221], [-89.7427, 48.0201], [-89.75, 48.0236], [-89.7737, 48.0206], [-89.7754, 48.023], [-89.7791, 48.0186], [-89.7924, 48.0185], [-89.8016, 48.0143], [-89.8061, 48.0143], [-89.8074, 48.0177], [-89.8196, 48.0157], [-89.8313, 47.9997], [-89.8448, 48.0031], [-89.8421, 48.0018], [-89.8425, 47.9973], [-89.8472, 47.9927], [-89.8682, 47.9903], [-89.8727, 47.9855], [-89.8972, 47.9877], [-89.9221, 47.9973], [-89.9218, 48.0002], [-89.9281, 48.0023], [-89.9259, 48.0064], [-89.9315, 48.009], [-89.9346, 48.0159], [-89.9506, 48.0163], [-89.9531, 48.0109], [-89.9683, 48.0148], [-89.9747, 48.0232], [-89.9938, 48.0282], [-89.9971, 48.0354], [-89.9938, 48.0494], [-89.9981, 48.058], [-90.0087, 48.0686], [-90.0148, 48.0672], [-90.0233, 48.0848], [-90.0741, 48.1013], [-90.0916, 48.1047], [-90.116, 48.1042], [-90.1358, 48.1123], [-90.1643, 48.1098], [-90.1765, 48.1125], [-90.1886, 48.1081], [-90.2252, 48.1083], [-90.2893, 48.0991], [-90.3101, 48.1056], [-90.3301, 48.1023], [-90.3443, 48.0943], [-90.3734, 48.094], [-90.3743, 48.0909], [-90.4032, 48.1051], [-90.4385, 48.0987], [-90.4674, 48.1088], [-90.4867, 48.0991], [-90.4936, 48.1014], [-90.4961, 48.0986], [-90.5103, 48.0973], [-90.517, 48.0993], [-90.5567, 48.0959], [-90.5645, 48.0988], [-90.5697, 48.1068], [-90.5555, 48.1169], [-90.5591, 48.1217], [-90.5758, 48.1206], [-90.5797, 48.1238], [-90.5913, 48.1175], [-90.6271, 48.1118], [-90.6415, 48.1035], [-90.7415, 48.0946], [-90.7516, 48.091], [-90.7614, 48.0984], [-90.7688, 48.1166], [-90.7741, 48.1186], [-90.7764, 48.124], [-90.7898, 48.1301], [-90.7822, 48.1359], [-90.7982, 48.1369], [-90.7778, 48.1483], [-90.778, 48.1638], [-90.7964, 48.1592], [-90.8011, 48.1641], [-90.8041, 48.1778], [-90.8175, 48.1794], [-90.821, 48.1847], [-90.8258, 48.1836], [-90.8247, 48.1768], [-90.8326, 48.1735], [-90.8364, 48.177], [-90.8342, 48.1865], [-90.8363, 48.2188], [-90.8398, 48.2283], [-90.8377, 48.2347], [-90.8438, 48.2437], [-90.8751, 48.2378], [-90.8858, 48.246], [-90.9069, 48.2375], [-90.9151, 48.2308], [-90.9809, 48.2172], [-91.0041, 48.203], [-91.0028, 48.2007], [-91.0123, 48.1985], [-91.0237, 48.1905], [-91.0554, 48.1883], [-91.0655, 48.1814], [-91.0825, 48.1811], [-91.092, 48.1737], [-91.1147, 48.1665], [-91.1199, 48.1607], [-91.1426, 48.1546], [-91.1373, 48.1493], [-91.1563, 48.1405], [-91.1829, 48.1222], [-91.1901, 48.1251], [-91.2149, 48.1029], [-91.2349, 48.0961], [-91.2497, 48.0841], [-91.2897, 48.0742], [-91.3245, 48.073], [-91.3346, 48.0695], [-91.34, 48.0736], [-91.365, 48.0671], [-91.3708, 48.0697], [-91.3909, 48.0572], [-91.4296, 48.0487], [-91.4386, 48.0503], [-91.4466, 48.063], [-91.4462, 48.0678], [-91.45, 48.0691], [-91.4882, 48.0684], [-91.5675, 48.0438], [-91.5755, 48.049], [-91.5727, 48.0574], [-91.5754, 48.0667], [-91.5695, 48.0937], [-91.5528, 48.1033], [-91.5591, 48.1086], [-91.6399, 48.0971], [-91.6531, 48.1098], [-91.6518, 48.114], [-91.6619, 48.1119], [-91.6651, 48.1071], [-91.6809, 48.1083], [-91.6876, 48.1119], [-91.6821, 48.1225], [-91.7034, 48.1137], [-91.7118, 48.1146], [-91.6995, 48.132], [-91.6978, 48.1416], [-91.7081, 48.153], [-91.7047, 48.1601], [-91.7048, 48.1707], [-91.7094, 48.1729], [-91.7244, 48.1705], [-91.7213, 48.1803], [-91.7104, 48.1926], [-91.7154, 48.1995], [-91.7421, 48.2046], [-91.7415, 48.1993], [-91.7484, 48.1987], [-91.7559, 48.206], [-91.7642, 48.2006], [-91.7807, 48.2008], [-91.7886, 48.1963], [-91.7911, 48.2025], [-91.8095, 48.2063], [-91.8155, 48.2118], [-91.8644, 48.207], [-91.8676, 48.2192], [-91.8843, 48.2274], [-91.8931, 48.238], [-91.9149, 48.2389], [-91.9451, 48.2304], [-91.9584, 48.2331], [-91.9583, 48.2438], [-91.948, 48.246], [-91.9541, 48.2523], [-91.97, 48.2538], [-91.9725, 48.2506], [-91.9708, 48.2482], [-91.9758, 48.2449], [-91.9704, 48.2478], [-91.9756, 48.2443], [-91.9891, 48.2603], [-92.0065, 48.2654], [-92.0073, 48.2806], [-92.012, 48.287], [-92.013, 48.2975], [-92.0001, 48.3211], [-92.0308, 48.3257], [-92.0377, 48.3331], [-92.047, 48.3348], [-92.0478, 48.3436], [-92.0451, 48.3457], [-92.0552, 48.3594], [-92.0782, 48.358], [-92.0836, 48.3537], [-92.1437, 48.356], [-92.1449, 48.3657], [-92.162, 48.3633], [-92.1774, 48.3571], [-92.1785, 48.3518], [-92.1928, 48.3487], [-92.2039, 48.3518], [-92.2067, 48.3456], [-92.217, 48.345], [-92.2216, 48.3489], [-92.2626, 48.3549], [-92.2888, 48.3428], [-92.2955, 48.3239], [-92.3045, 48.3228], [-92.3062, 48.3163], [-92.2946, 48.3062], [-92.3015, 48.2883], [-92.2932, 48.276], [-92.2946, 48.2712], [-92.2902, 48.2651], [-92.2736, 48.2565], [-92.2696, 48.2482], [-92.3149, 48.2405], [-92.3321, 48.2339], [-92.3366, 48.2357], [-92.3419, 48.2317], [-92.3536, 48.2301], [-92.3622, 48.2227], [-92.3681, 48.2241], [-92.3691, 48.2202], [-92.3784, 48.2303], [-92.3838, 48.2446], [-92.3873, 48.2443], [-92.3859, 48.2513], [-92.3924, 48.2512], [-92.3892, 48.2537], [-92.4156, 48.2951], [-92.4256, 48.3046], [-92.4367, 48.3089], [-92.4698, 48.3521], [-92.4765, 48.3719], [-92.4564, 48.4011], [-92.4565, 48.4141], [-92.4755, 48.4186], [-92.482, 48.4283], [-92.4894, 48.4303], [-92.5075, 48.448], [-92.537, 48.4478], [-92.5766, 48.4406], [-92.6562, 48.4365], [-92.6881, 48.4437], [-92.7127, 48.463], [-92.6987, 48.4948], [-92.6858, 48.4974], [-92.6615, 48.4963], [-92.6541, 48.5017], [-92.6371, 48.4993], [-92.627, 48.5033], [-92.6319, 48.5067], [-92.6251, 48.5129], [-92.6255, 48.5179], [-92.6349, 48.5426], [-92.6579, 48.5462], [-92.7284, 48.5394], [-92.8945, 48.595], [-92.9101, 48.5964], [-92.9296, 48.607], [-92.95, 48.6084], [-92.9498, 48.6303], [-92.9548, 48.6316], [-92.9846, 48.6238], [-93.0903, 48.6278], [-93.1784, 48.6233], [-93.2075, 48.6425], [-93.2547, 48.6428], [-93.3487, 48.6265], [-93.3533, 48.6149], [-93.365, 48.6177], [-93.3527, 48.6135], [-93.3551, 48.6114], [-93.362, 48.614], [-93.3715, 48.6059], [-93.3954, 48.6038], [-93.4057, 48.6098], [-93.4398, 48.5937], [-93.4655, 48.5916], [-93.4672, 48.5884], [-93.4575, 48.5671], [-93.4626, 48.5497], [-93.4674, 48.5465], [-93.5011, 48.5413], [-93.5172, 48.5348], [-93.5762, 48.527], [-93.5901, 48.5304], [-93.6123, 48.5224], [-93.6285, 48.5319], [-93.6358, 48.5284], [-93.6434, 48.519], [-93.6593, 48.5164], [-93.693, 48.5152], [-93.7109, 48.5186], [-93.7934, 48.5163], [-93.8111, 48.5246], [-93.8185, 48.5314], [-93.811, 48.5409], [-93.812, 48.5503], [-93.8042, 48.5702], [-93.8064, 48.5795], [-93.8131, 48.588], [-93.8214, 48.6092], [-93.8335, 48.6256], [-93.8444, 48.6302], [-93.9135, 48.6353], [-93.917, 48.6329], [-93.953, 48.6341], [-94.007, 48.6433], [-94.0356, 48.6411], [-94.0643, 48.6437], [-94.0659, 48.6462], [-94.1261, 48.6443], [-94.1886, 48.6504], [-94.2242, 48.6495], [-94.2468, 48.6542], [-94.2547, 48.6615], [-94.2515, 48.6836], [-94.2611, 48.6966], [-94.2746, 48.6999], [-94.2829, 48.7056], [-94.3088, 48.7103], [-94.3431, 48.7034], [-94.3688, 48.7065], [-94.3841, 48.7118], [-94.4158, 48.711], [-94.4388, 48.6948], [-94.4524, 48.6924], [-94.4707, 48.6966], [-94.533, 48.7012], [-94.5385, 48.7027], [-94.549, 48.7148], [-94.5876, 48.7176], [-94.6192, 48.7373], [-94.6413, 48.7412], [-94.652, 48.7561], [-94.6909, 48.778], [-94.696, 48.7996], [-94.6951, 48.8091], [-94.7043, 48.8242], [-94.702, 48.8318], [-94.6856, 48.8401], [-94.6931, 48.8534], [-94.6902, 48.8636], [-94.6924, 48.869], [-94.6843, 48.8724], [-94.6835, 48.8841], [-94.7496, 49.0988], [-94.7728, 49.1205], [-94.798, 49.1979], [-94.7973, 49.2143], [-94.8255, 49.2944], [-94.8244, 49.309], [-94.8163, 49.3214], [-94.8541, 49.3243], [-94.9574, 49.3702], [-94.989, 49.369], [-95.0142, 49.3565], [-95.0583, 49.3533], [-95.1287, 49.3705], [-95.1534, 49.3845], [-95.1536, 50.411]], [[-95.1536, 50.411], [-93.8485, 50.411], [-94.5253, 50.4111], [-95.1536, 50.411]], [[-79.5174, 48.6064], [-79.52, 48.6068], [-79.51875, 48.60571], [-79.5174, 48.6064]], [[-93.365, 48.6177], [-93.36381, 48.63164], [-93.3639, 48.6316], [-93.365, 48.6177]], [[-79.4427, 46.31203], [-79.4427, 46.312], [-79.4425, 46.31191], [-79.4427, 46.31203]], [[-79.5268, 48.6016], [-79.5258, 48.60211], [-79.52682, 48.60179], [-79.5268, 48.6016]], [[-79.5546, 48.5939], [-79.5631, 48.6037], [-79.55582, 48.59329], [-79.5546, 48.5939]], [[-79.5843, 48.5968], [-79.5708, 48.5985], [-79.59463, 48.59859], [-79.5843, 48.5968]], [[-79.5708, 48.5985], [-79.5574, 48.5925], [-79.55655, 48.59293], [-79.5708, 48.5985]], [[-79.5987, 48.5993], [-79.59703, 48.59901], [-79.60034, 48.60087], [-79.5987, 48.5993]], [[-79.6072, 48.6056], [-79.5989, 48.6043], [-79.60702, 48.60729], [-79.6072, 48.6056]], [[-79.5989, 48.6043], [-79.6011, 48.6016], [-79.60097, 48.60148], [-79.5989, 48.6043]], [[-79.61102, 49.46255], [-79.6234, 49.4731], [-79.612, 49.4628], [-79.61102, 49.46255]], [[-79.6124, 48.6113], [-79.61204, 48.61111], [-79.61224, 48.61162], [-79.6124, 48.6113]], [[-79.65412, 48.63328], [-79.6515, 48.6338], [-79.65338, 48.6344], [-79.65412, 48.63328]], [[-79.6668, 48.635], [-79.65596, 48.63523], [-79.6596, 48.6364], [-79.6668, 48.635]], [[-79.6668, 48.635], [-79.66652, 48.63152], [-79.666, 48.6315], [-79.6668, 48.635]], [[-79.6729, 48.6287], [-79.67296, 48.62881], [-79.67351, 48.6285], [-79.6729, 48.6287]], [[-79.67457, 48.63158], [-79.6751, 48.6316], [-79.67348, 48.6297], [-79.67457, 48.63158]], [[-79.6816, 48.6259], [-79.67856, 48.62688], [-79.68321, 48.62664], [-79.6816, 48.6259]], [[-79.6864, 48.6281], [-79.68409, 48.62704], [-79.6861, 48.6317], [-79.6864, 48.6281]], [[-79.6861, 48.6317], [-79.6918, 48.6327], [-79.69732, 48.63179], [-79.6861, 48.6317]], [[-79.7046, 48.62483], [-79.704, 48.6249], [-79.6985, 48.6316], [-79.7046, 48.62483]], [[-79.8589, 46.7247], [-79.87157, 46.72412], [-79.8716, 46.724], [-79.8589, 46.7247]], [[-79.8695, 46.7326], [-79.86962, 46.73263], [-79.87016, 46.73026], [-79.8695, 46.7326]], [[-79.8763, 46.7343], [-79.88055, 46.73322], [-79.86997, 46.73272], [-79.8763, 46.7343]], [[-80.0452, 48.7862], [-80.04545, 48.78649], [-80.04523, 48.78327], [-80.0452, 48.7862]], [[-80.0454, 48.7684], [-80.04539, 48.76942], [-80.0539, 48.7584], [-80.0454, 48.7684]], [[-80.0555, 48.7984], [-80.0659, 48.8018], [-80.05427, 48.79694], [-80.0555, 48.7984]], [[-80.0547, 48.7507], [-80.0601, 48.7579], [-80.05621, 48.74994], [-80.0547, 48.7507]], [[-80.0683, 48.7439], [-80.06099, 48.74756], [-80.0772, 48.742], [-80.0683, 48.7439]], [[-80.07817, 48.79644], [-80.08072, 48.80184], [-80.0808, 48.8018], [-80.07817, 48.79644]], [[-80.3539, 47.996], [-80.3551, 48.0008], [-80.35395, 47.99601], [-80.3539, 47.996]], [[-80.35456, 47.9961], [-80.3609, 47.999], [-80.3836, 48.0006], [-80.35456, 47.9961]], [[-80.4454, 47.8451], [-80.44797, 47.84021], [-80.4478, 47.8402], [-80.4454, 47.8451]], [[-80.46282, 47.86096], [-80.4546, 47.8485], [-80.4613, 47.8612], [-80.46282, 47.86096]], [[-80.4791, 48.7773], [-80.5172, 48.7929], [-80.51907, 48.79217], [-80.4791, 48.7773]], [[-80.48809, 48.00616], [-80.4885, 48.0061], [-80.5221, 47.9901], [-80.48809, 48.00616]], [[-80.51, 48.5694], [-80.51143, 48.5734], [-80.51048, 48.56902], [-80.51, 48.5694]], [[-80.51368, 48.57973], [-80.52819, 48.58711], [-80.5275, 48.5858], [-80.51368, 48.57973]], [[-80.5269, 48.7872], [-80.52284, 48.79068], [-80.53499, 48.78592], [-80.5269, 48.7872]], [[-80.55493, 48.62089], [-80.5536, 48.6186], [-80.5432, 48.6135], [-80.55493, 48.62089]], [[-80.5478, 48.2975], [-80.5489, 48.29778], [-80.54748, 48.29705], [-80.5478, 48.2975]], [[-80.5536, 48.3015], [-80.5626, 48.3048], [-80.55438, 48.30059], [-80.5536, 48.3015]], [[-80.5565, 48.211], [-80.5757, 48.2287], [-80.55529, 48.20698], [-80.5565, 48.211]], [[-80.6098, 47.9443], [-80.5612, 47.919], [-80.5613, 47.9324], [-80.5627, 47.9202], [-80.6098, 47.9443]], [[-80.58, 48.3052], [-80.58023, 48.30512], [-80.578, 48.3026], [-80.58, 48.3052]], [[-80.61142, 46.51169], [-80.6107, 46.5115], [-80.5877, 46.5097], [-80.61142, 46.51169]], [[-80.6564, 46.5232], [-80.61211, 46.51186], [-80.6442, 46.522], [-80.6564, 46.5232]], [[-80.6355, 48.7003], [-80.63016, 48.70668], [-80.6317, 48.7063], [-80.6381, 48.6982], [-80.6355, 48.7003]], [[-80.64067, 47.96781], [-80.6405, 47.9679], [-80.64083, 47.96881], [-80.64067, 47.96781]], [[-80.64713, 47.98652], [-80.6489, 47.9915], [-80.65109, 47.99308], [-80.64713, 47.98652]], [[-80.6524, 47.926], [-80.65144, 47.92626], [-80.6547, 47.9316], [-80.6524, 47.926]], [[-80.6647, 48.0073], [-80.6998, 48.0407], [-80.70042, 48.04056], [-80.6647, 48.0073]], [[-80.67188, 48.75404], [-80.67016, 48.75244], [-80.6711, 48.7544], [-80.67188, 48.75404]], [[-80.70092, 46.51262], [-80.68284, 46.51949], [-80.6842, 46.5193], [-80.70092, 46.51262]], [[-80.68599, 51.16252], [-80.7151, 51.1516], [-80.6864, 51.1622], [-80.68599, 51.16252]], [[-80.6974, 48.7511], [-80.6899, 48.75801], [-80.6902, 48.758], [-80.6974, 48.7511]], [[-80.7128, 48.0358], [-80.71133, 48.03809], [-80.7298, 48.0339], [-80.7128, 48.0358]], [[-80.7188, 46.50642], [-80.7152, 46.5072], [-80.71424, 46.50757], [-80.7188, 46.50642]], [[-80.7414, 48.0033], [-80.74172, 48.00402], [-80.7425, 47.9884], [-80.7414, 48.0033]], [[-80.74723, 48.01652], [-80.7477, 48.0158], [-80.74285, 48.00658], [-80.74723, 48.01652]], [[-80.7732, 46.4874], [-80.74806, 46.49911], [-80.7541, 46.4976], [-80.7732, 46.4874]], [[-80.79069, 48.68573], [-80.7875, 48.6879], [-80.7855, 48.6934], [-80.79069, 48.68573]], [[-80.7901, 48.6973], [-80.78763, 48.71135], [-80.79, 48.7068], [-80.7901, 48.6973]], [[-80.81738, 48.66782], [-80.8169, 48.6679], [-80.81356, 48.67017], [-80.81738, 48.66782]], [[-80.84444, 46.49416], [-80.8251, 46.4883], [-80.8427, 46.4941], [-80.84444, 46.49416]], [[-80.86659, 48.65965], [-80.83909, 48.66422], [-80.8663, 48.66], [-80.86659, 48.65965]], [[-80.854, 49.2303], [-80.85752, 49.22771], [-80.8574, 49.2275], [-80.854, 49.2303]], [[-80.8586, 47.79], [-80.85856, 47.79037], [-80.8633, 47.7866], [-80.8586, 47.79]], [[-80.86206, 49.2268], [-80.86207, 49.2268], [-80.8619, 49.2265], [-80.86206, 49.2268]], [[-80.87396, 48.63871], [-80.8731, 48.6395], [-80.8731, 48.63978], [-80.87396, 48.63871]], [[-80.89508, 48.62261], [-80.8884, 48.6255], [-80.88582, 48.62786], [-80.89508, 48.62261]], [[-80.895, 47.7245], [-80.89491, 47.72495], [-80.9382, 47.7182], [-80.895, 47.7245]], [[-80.9297, 48.61565], [-80.9046, 48.6185], [-80.9028, 48.61928], [-80.9297, 48.61565]], [[-80.9461, 48.609], [-80.93841, 48.61448], [-80.939, 48.6144], [-80.9461, 48.609]], [[-80.948, 47.6618], [-80.94785, 47.6637], [-80.95057, 47.65641], [-80.948, 47.6618]], [[-80.9575, 47.6419], [-80.95683, 47.64329], [-80.9728, 47.641], [-80.9575, 47.6419]], [[-81.10659, 48.53673], [-81.061, 48.548], [-81.1065, 48.5368], [-81.10659, 48.53673]], [[-81.0653, 47.65925], [-81.0677, 47.6602], [-81.0678, 47.66019], [-81.0653, 47.65925]], [[-81.10192, 47.66167], [-81.1037, 47.6619], [-81.10404, 47.66169], [-81.10192, 47.66167]], [[-81.1337, 47.6388], [-81.1183, 47.6464], [-81.13464, 47.63857], [-81.1337, 47.6388]], [[-81.1582, 47.6329], [-81.14394, 47.63633], [-81.15867, 47.63293], [-81.1582, 47.6329]], [[-81.15975, 47.633], [-81.1828, 47.6353], [-81.18344, 47.63445], [-81.15975, 47.633]], [[-81.18788, 47.62849], [-81.1977, 47.6153], [-81.20188, 47.60493], [-81.18788, 47.62849]], [[-81.19788, 47.02026], [-81.2235, 47.0436], [-81.198, 47.0203], [-81.19788, 47.02026]], [[-81.22348, 50.76741], [-81.1982, 50.7909], [-81.22348, 50.76742], [-81.22348, 50.76741]], [[-81.1989, 47.5993], [-81.19905, 47.59954], [-81.2004, 47.5955], [-81.1989, 47.5993]], [[-81.20214, 47.6043], [-81.2023, 47.6039], [-81.1999, 47.60085], [-81.20214, 47.6043]], [[-81.2099, 49.4795], [-81.22715, 49.48068], [-81.227, 49.4806], [-81.2099, 49.4795]], [[-81.23023, 50.76214], [-81.2278, 50.7634], [-81.22408, 50.76685], [-81.23023, 50.76214]], [[-81.2304, 47.07553], [-81.2305, 47.076], [-81.239, 47.0811], [-81.2304, 47.07553]], [[-81.3197, 47.4951], [-81.2987, 47.5075], [-81.32016, 47.49508], [-81.3197, 47.4951]], [[-81.31007, 47.15388], [-81.3103, 47.1543], [-81.3312, 47.1589], [-81.31007, 47.15388]], [[-81.3465, 49.5378], [-81.3461, 49.53777], [-81.3602, 49.548], [-81.3465, 49.5378]], [[-81.3789, 49.5529], [-81.38598, 49.55306], [-81.36426, 49.54906], [-81.3789, 49.5529]], [[-81.3736, 47.2026], [-81.37367, 47.20259], [-81.3677, 47.1999], [-81.3736, 47.2026]], [[-81.373, 49.59563], [-81.3723, 49.5966], [-81.373, 49.59732], [-81.373, 49.59563]], [[-81.3769, 50.6446], [-81.37584, 50.64037], [-81.3737, 50.6516], [-81.3769, 50.6446]], [[-81.3805, 47.2011], [-81.38337, 47.19903], [-81.37384, 47.20255], [-81.3805, 47.2011]], [[-81.3956, 50.6247], [-81.3762, 50.6385], [-81.3761, 50.63903], [-81.3956, 50.6247]], [[-81.4462, 47.4672], [-81.3843, 47.4927], [-81.44696, 47.46734], [-81.4462, 47.4672]], [[-81.38669, 47.17643], [-81.38762, 47.17876], [-81.387, 47.1765], [-81.38669, 47.17643]], [[-81.38844, 49.55352], [-81.4213, 49.5681], [-81.3954, 49.5548], [-81.38844, 49.55352]], [[-81.3912, 47.1934], [-81.39105, 47.19274], [-81.38997, 47.19428], [-81.3912, 47.1934]], [[-81.39236, 47.1896], [-81.40887, 47.20632], [-81.4043, 47.2002], [-81.39236, 47.1896]], [[-81.4166, 47.2167], [-81.41279, 47.21159], [-81.4211, 47.232], [-81.4166, 47.2167]], [[-81.42067, 50.5825], [-81.4204, 50.5828], [-81.4189, 50.5936], [-81.42067, 50.5825]], [[-81.44, 48.4618], [-81.42092, 48.47015], [-81.422, 48.4701], [-81.44, 48.4618]], [[-81.4414, 50.567], [-81.4239, 50.5789], [-81.42114, 50.58197], [-81.4414, 50.567]], [[-81.4273, 47.2385], [-81.42789, 47.23871], [-81.42426, 47.23531], [-81.4273, 47.2385]], [[-81.4299, 49.69689], [-81.4295, 49.698], [-81.42963, 49.69817], [-81.4299, 49.69689]], [[-81.4336, 49.6795], [-81.43313, 49.67894], [-81.43333, 49.68076], [-81.4336, 49.6795]], [[-81.43355, 49.70347], [-81.4471, 49.7218], [-81.44785, 49.72222], [-81.43355, 49.70347]], [[-81.4464, 47.2454], [-81.47547, 47.26308], [-81.4753, 47.2628], [-81.4464, 47.2454]], [[-81.4589, 47.4695], [-81.44827, 47.46758], [-81.4662, 47.4745], [-81.4589, 47.4695]], [[-81.5003, 50.5234], [-81.50047, 50.52317], [-81.4906, 50.528], [-81.5003, 50.5234]], [[-81.4906, 50.528], [-81.4756, 50.5293], [-81.4754, 50.52958], [-81.4906, 50.528]], [[-81.47556, 52.2166], [-81.4766, 52.2175], [-81.47847, 52.21809], [-81.47556, 52.2166]], [[-81.5195, 46.333], [-81.4935, 46.3327], [-81.49192, 46.33329], [-81.5195, 46.333]], [[-81.4971, 47.3113], [-81.5143, 47.3244], [-81.49693, 47.31103], [-81.4971, 47.3113]], [[-81.53877, 49.85733], [-81.5386, 49.8572], [-81.5441, 49.8647], [-81.53877, 49.85733]], [[-81.54474, 49.87618], [-81.5448, 49.8772], [-81.5466, 49.8656], [-81.54474, 49.87618]], [[-81.5675, 49.9222], [-81.5674, 49.92175], [-81.5449, 49.933], [-81.5675, 49.9222]], [[-81.5552, 50.4713], [-81.5559, 50.4674], [-81.55494, 50.47142], [-81.5552, 50.4713]], [[-81.5587, 49.8743], [-81.5557, 49.87359], [-81.56255, 49.8796], [-81.5587, 49.8743]], [[-81.6252, 48.3618], [-81.5722, 48.3846], [-81.5589, 48.3868], [-81.5713, 48.3851], [-81.6252, 48.3618]], [[-81.5725, 49.8933], [-81.56983, 49.88962], [-81.5722, 49.89365], [-81.5725, 49.8933]], [[-81.575, 48.3702], [-81.5702, 48.381], [-81.57041, 48.38138], [-81.575, 48.3702]], [[-81.58218, 47.4775], [-81.5824, 47.4775], [-81.5972, 47.4735], [-81.58218, 47.4775]], [[-81.6196, 49.2729], [-81.62262, 49.27358], [-81.6014, 49.2677], [-81.6196, 49.2729]], [[-81.62502, 46.32386], [-81.6084, 46.3234], [-81.6228, 46.3249], [-81.62502, 46.32386]], [[-81.6201, 47.4708], [-81.6134, 47.4742], [-81.62389, 47.47093], [-81.6201, 47.4708]], [[-81.6334, 49.276], [-81.7322, 49.2762], [-81.63298, 49.27591], [-81.6334, 49.276]], [[-81.6661, 50.2189], [-81.6436, 50.2103], [-81.66594, 50.21916], [-81.6661, 50.2189]], [[-81.65843, 50.24632], [-81.6582, 50.2467], [-81.65846, 50.24702], [-81.65843, 50.24632]], [[-81.6617, 50.2413], [-81.66156, 50.24108], [-81.66126, 50.24157], [-81.6617, 50.2413]], [[-81.6644, 50.2556], [-81.66394, 50.25501], [-81.66361, 50.25613], [-81.6644, 50.2556]], [[-81.6899, 46.7144], [-81.6953, 46.7328], [-81.69052, 46.71322], [-81.6899, 46.7144]], [[-81.7706, 47.7044], [-81.77077, 47.70403], [-81.7411, 47.7056], [-81.7706, 47.7044]], [[-81.76458, 52.22719], [-81.7662, 52.2272], [-81.7782, 52.222], [-81.76458, 52.22719]], [[-81.78639, 47.66947], [-81.7861, 47.6696], [-81.78157, 47.68012], [-81.78639, 47.66947]], [[-81.8493, 46.2744], [-81.82236, 46.28191], [-81.8345, 46.2803], [-81.8493, 46.2744]], [[-81.8249, 49.2873], [-81.93933, 49.28939], [-81.9381, 49.2891], [-81.8249, 49.2873]], [[-81.85543, 47.13764], [-81.8538, 47.1332], [-81.8347, 47.1113], [-81.85543, 47.13764]], [[-81.8347, 47.1113], [-81.83201, 47.08342], [-81.8314, 47.0975], [-81.8347, 47.1113]], [[-81.8331, 47.0584], [-81.83284, 47.06447], [-81.83347, 47.05803], [-81.8331, 47.0584]], [[-81.8472, 47.4725], [-81.8405, 47.5114], [-81.84071, 47.51193], [-81.8472, 47.4725]], [[-81.8406, 46.4516], [-81.8428, 46.4552], [-81.84071, 46.45149], [-81.8406, 46.4516]], [[-81.8535, 47.5393], [-81.85, 47.53552], [-81.8607, 47.5627], [-81.8535, 47.5393]], [[-81.8607, 47.6045], [-81.86062, 47.60201], [-81.8526, 47.616], [-81.8607, 47.6045]], [[-81.87299, 46.35662], [-81.8734, 46.3554], [-81.864, 46.3439], [-81.87299, 46.35662]], [[-81.89705, 46.26803], [-81.89627, 46.2682], [-81.897, 46.2681], [-81.89705, 46.26803]], [[-81.96129, 46.2357], [-81.9421, 46.2406], [-81.93887, 46.24202], [-81.96129, 46.2357]], [[-81.99426, 46.22729], [-82.09319, 46.21053], [-82.0642, 46.2136], [-81.99426, 46.22729]], [[-82.2359, 49.3767], [-82.3402, 49.38777], [-82.34, 49.3877], [-82.2359, 49.3767]], [[-82.2383, 48.181], [-82.2375, 48.18131], [-82.23941, 48.18177], [-82.2383, 48.181]], [[-82.3106, 48.2171], [-82.30966, 48.21674], [-82.3337, 48.2354], [-82.3106, 48.2171]], [[-82.43939, 46.20372], [-82.37284, 46.20379], [-82.3745, 46.2043], [-82.43939, 46.20372]], [[-82.4182, 49.413], [-82.4185, 49.413], [-82.41706, 49.41263], [-82.4182, 49.413]], [[-82.4495, 49.4129], [-82.43082, 49.41157], [-82.41852, 49.413], [-82.4494, 49.4129], [-82.5334, 49.4409], [-82.4495, 49.4129]], [[-82.4644, 46.20499], [-82.4562, 46.2037], [-82.45357, 46.2037], [-82.4644, 46.20499]], [[-82.52564, 46.21032], [-82.51304, 46.21076], [-82.5176, 46.2113], [-82.52564, 46.21032]], [[-82.52283, 49.30034], [-82.5335, 49.2995], [-82.5265, 49.2987], [-82.52283, 49.30034]], [[-82.64212, 46.20208], [-82.6259, 46.2001], [-82.6421, 46.2021], [-82.64212, 46.20208]], [[-82.6891, 46.1783], [-82.6854, 46.1756], [-82.689, 46.1783], [-82.6745, 46.1807], [-82.6891, 46.1783]], [[-82.72317, 48.42743], [-82.7232, 48.4276], [-82.7436, 48.4315], [-82.72317, 48.42743]], [[-82.7793, 48.4465], [-82.7683, 48.4547], [-82.76877, 48.45684], [-82.7793, 48.4465]], [[-82.7793, 48.4465], [-82.778, 48.4421], [-82.7775, 48.44217], [-82.7793, 48.4465]], [[-82.76888, 48.45737], [-82.769, 48.4579], [-82.782, 48.4589], [-82.76888, 48.45737]], [[-82.8848, 48.5036], [-82.8539, 48.4978], [-82.88493, 48.50375], [-82.8848, 48.5036]], [[-82.89781, 48.51803], [-82.89236, 48.51198], [-82.8971, 48.5174], [-82.89781, 48.51803]], [[-82.91651, 48.52417], [-82.9178, 48.5246], [-82.91902, 48.52395], [-82.91651, 48.52417]], [[-82.9321, 48.5155], [-82.92451, 48.52103], [-82.93409, 48.51593], [-82.9321, 48.5155]], [[-82.95178, 48.51974], [-82.96658, 48.52332], [-82.9544, 48.5203], [-82.95178, 48.51974]], [[-83.002, 48.5321], [-83.0425, 48.5624], [-83.0028, 48.5323], [-83.002, 48.5321]], [[-83.1446, 47.1464], [-83.1419, 47.13559], [-83.1419, 47.1363], [-83.1446, 47.1464]], [[-83.1542, 47.1564], [-83.15402, 47.15621], [-83.1489, 47.1691], [-83.1542, 47.1564]], [[-83.1851, 46.963], [-83.18628, 46.93896], [-83.1854, 46.94], [-83.1851, 46.963]], [[-83.2399, 47.63298], [-83.20631, 47.61849], [-83.2062, 47.6188], [-83.2399, 47.63298]], [[-83.2578, 47.6407], [-83.25749, 47.64057], [-83.2742, 47.6636], [-83.2578, 47.6407]], [[-83.2641, 46.9052], [-83.26705, 46.90168], [-83.26264, 46.90544], [-83.2641, 46.9052]], [[-83.29, 46.8903], [-83.30091, 46.88126], [-83.28951, 46.89051], [-83.29, 46.8903]], [[-83.34169, 47.72787], [-83.2954, 47.6787], [-83.3415, 47.7278], [-83.34169, 47.72787]], [[-83.30981, 46.87387], [-83.3105, 46.8733], [-83.31161, 46.87106], [-83.30981, 46.87387]], [[-83.3125, 46.8792], [-83.31616, 46.87751], [-83.31213, 46.87811], [-83.3125, 46.8792]], [[-83.322, 46.7959], [-83.32752, 46.81072], [-83.32285, 46.79481], [-83.322, 46.7959]], [[-83.32822, 46.8131], [-83.32313, 46.83377], [-83.3284, 46.8137], [-83.32822, 46.8131]], [[-83.32368, 46.835], [-83.32802, 46.84478], [-83.3285, 46.8442], [-83.32368, 46.835]], [[-83.3309, 46.7845], [-83.32461, 46.79255], [-83.34067, 46.77789], [-83.3309, 46.7845]], [[-83.3286, 46.4356], [-83.32868, 46.4358], [-83.3453, 46.4262], [-83.3286, 46.4356]], [[-83.3329, 46.875], [-83.33303, 46.87496], [-83.33269, 46.87501], [-83.3329, 46.875]], [[-83.3434, 46.4543], [-83.34359, 46.45432], [-83.339, 46.4468], [-83.3434, 46.4543]], [[-83.3811, 47.7418], [-83.389, 47.7501], [-83.39189, 47.75204], [-83.3811, 47.7418]], [[-83.3811, 47.7418], [-83.3597, 47.7321], [-83.34368, 47.72857], [-83.3811, 47.7418]], [[-83.3662, 46.6754], [-83.38, 46.6895], [-83.36638, 46.67528], [-83.3662, 46.6754]], [[-83.37015, 46.86053], [-83.3842, 46.8679], [-83.371, 46.8604], [-83.37015, 46.86053]], [[-83.3748, 46.7548], [-83.37087, 46.75746], [-83.3924, 46.7449], [-83.3748, 46.7548]], [[-83.3734, 47.7874], [-83.3884, 47.8072], [-83.37348, 47.78721], [-83.3734, 47.7874]], [[-83.39628, 47.75499], [-83.3969, 47.7554], [-83.4321, 47.7595], [-83.39628, 47.75499]], [[-83.4086, 46.8941], [-83.4276, 46.8975], [-83.4079, 46.89376], [-83.4086, 46.8941]], [[-83.4142, 46.6461], [-83.41279, 46.64879], [-83.4219, 46.6421], [-83.4142, 46.6461]], [[-83.417, 46.5825], [-83.41707, 46.5826], [-83.4315, 46.544], [-83.417, 46.5825]], [[-83.42794, 46.72765], [-83.4184, 46.7365], [-83.428, 46.7278], [-83.42794, 46.72765]], [[-83.4195, 46.5859], [-83.4357, 46.59031], [-83.4353, 46.589], [-83.4195, 46.5859]], [[-83.4224, 46.6095], [-83.42842, 46.62277], [-83.42263, 46.6093], [-83.4224, 46.6095]], [[-83.4258, 46.5194], [-83.43932, 46.53311], [-83.4394, 46.533], [-83.4258, 46.5194]], [[-83.42978, 46.62591], [-83.42964, 46.6265], [-83.4299, 46.6262], [-83.42978, 46.62591]], [[-83.43686, 46.59413], [-83.43712, 46.59615], [-83.4374, 46.5959], [-83.43686, 46.59413]], [[-83.48756, 47.77543], [-83.4815, 47.7734], [-83.4565, 47.7739], [-83.48756, 47.77543]], [[-83.5025, 46.9133], [-83.50268, 46.91327], [-83.5005, 46.9097], [-83.5025, 46.9133]], [[-83.5005, 46.9097], [-83.49089, 46.90735], [-83.491, 46.9075], [-83.5005, 46.9097]], [[-83.5164, 46.9108], [-83.5322, 46.9043], [-83.50299, 46.91321], [-83.5164, 46.9108]], [[-83.5432, 46.2764], [-83.54879, 46.29514], [-83.5493, 46.2951], [-83.5432, 46.2764]], [[-83.5751, 46.8753], [-83.57513, 46.87508], [-83.57425, 46.87569], [-83.5751, 46.8753]], [[-83.70479, 49.69434], [-83.6977, 49.6931], [-83.6515, 49.689], [-83.70479, 49.69434]], [[-83.6549, 46.8564], [-83.6661, 46.8449], [-83.6539, 46.8569], [-83.6549, 46.8564]], [[-83.67362, 46.82224], [-83.7387, 46.8147], [-83.6737, 46.822], [-83.67362, 46.82224]], [[-83.7049, 47.829], [-83.7125, 47.8385], [-83.71304, 47.83883], [-83.7049, 47.829]], [[-83.71499, 47.84001], [-83.729, 47.8485], [-83.72951, 47.84853], [-83.71499, 47.84001]], [[-83.74878, 46.78835], [-83.7618, 46.7813], [-83.7488, 46.7882], [-83.74878, 46.78835]], [[-83.8119, 49.5579], [-83.8133, 49.55649], [-83.7779, 49.5612], [-83.8119, 49.5579]], [[-83.82446, 49.54525], [-83.8258, 49.5439], [-83.82611, 49.54338], [-83.82446, 49.54525]], [[-83.82725, 46.74974], [-83.836, 46.75256], [-83.8284, 46.7495], [-83.82725, 46.74974]], [[-83.8576, 46.7595], [-83.8657, 46.7589], [-83.8503, 46.75715], [-83.8576, 46.7595]], [[-83.96353, 49.73978], [-83.90161, 49.72891], [-83.9612, 49.7397], [-83.96353, 49.73978]], [[-83.9385, 47.8653], [-83.9211, 47.8657], [-83.93876, 47.86541], [-83.9385, 47.8653]], [[-83.9436, 47.8674], [-83.93964, 47.86577], [-83.9489, 47.8758], [-83.9436, 47.8674]], [[-84.0409, 49.2718], [-83.95792, 49.37354], [-84.0405, 49.2725], [-84.07325, 49.21576], [-84.0409, 49.2718]], [[-84.0278, 47.0497], [-84.028, 47.04982], [-84.028, 47.0432], [-84.0278, 47.0497]], [[-84.0385, 47.0358], [-84.0381, 47.03608], [-84.0479, 47.0377], [-84.0385, 47.0358]], [[-84.0494, 47.8955], [-84.04889, 47.89545], [-84.0798, 47.912], [-84.0494, 47.8955]], [[-84.10276, 49.05509], [-84.0803, 49.0212], [-84.11427, 49.07527], [-84.10276, 49.05509]], [[-84.0812, 49.1755], [-84.08116, 49.17569], [-84.0958, 49.1568], [-84.0812, 49.1755]], [[-84.0899, 49.0086], [-84.09505, 48.95268], [-84.0919, 48.9759], [-84.0899, 49.0086]], [[-84.1124, 48.9354], [-84.11235, 48.93531], [-84.1061, 48.9444], [-84.1124, 48.9354]], [[-84.1061, 48.9444], [-84.0953, 48.9508], [-84.09528, 48.95095], [-84.1061, 48.9444]], [[-84.102, 47.9158], [-84.10122, 47.91567], [-84.10251, 47.9168], [-84.102, 47.9158]], [[-84.1088, 49.1296], [-84.1139, 49.0872], [-84.11411, 49.08033], [-84.1088, 49.1296]], [[-84.10889, 46.81517], [-84.11189, 46.81628], [-84.1093, 46.8152], [-84.10889, 46.81517]], [[-84.11147, 47.93422], [-84.1125, 47.9366], [-84.11278, 47.93676], [-84.11147, 47.93422]], [[-84.11482, 48.89216], [-84.1314, 48.8723], [-84.1148, 48.8921], [-84.11482, 48.89216]], [[-84.11487, 47.938], [-84.1235, 47.9431], [-84.12508, 47.94318], [-84.11487, 47.938]], [[-84.12323, 46.82099], [-84.13301, 46.83666], [-84.1247, 46.8216], [-84.12323, 46.82099]], [[-84.1331, 46.83682], [-84.1332, 46.8458], [-84.1332, 46.837], [-84.1331, 46.83682]], [[-84.1612, 48.8178], [-84.1469, 48.8299], [-84.14678, 48.83014], [-84.1612, 48.8178]], [[-84.1612, 48.8178], [-84.18406, 48.80767], [-84.1791, 48.8087], [-84.1612, 48.8178]], [[-84.1477, 46.85172], [-84.1619, 46.8746], [-84.1479, 46.8518], [-84.1477, 46.85172]], [[-84.18192, 48.7247], [-84.18213, 48.72435], [-84.1819, 48.7246], [-84.18192, 48.7247]], [[-84.1832, 48.7324], [-84.19246, 48.7457], [-84.18227, 48.72683], [-84.1832, 48.7324]], [[-84.1998, 48.8007], [-84.19987, 48.8004], [-84.19912, 48.801], [-84.1998, 48.8007]], [[-84.19913, 46.90716], [-84.2025, 46.9168], [-84.1996, 46.9074], [-84.19913, 46.90716]], [[-84.2039, 48.7833], [-84.1997, 48.77333], [-84.1995, 48.7735], [-84.2039, 48.7833]], [[-84.2002, 46.9468], [-84.21367, 46.95188], [-84.2138, 46.9517], [-84.2002, 46.9468]], [[-84.20847, 46.92181], [-84.2012, 46.9338], [-84.2087, 46.922], [-84.20847, 46.92181]], [[-84.209, 48.7575], [-84.20864, 48.75728], [-84.2097, 48.7649], [-84.209, 48.7575]], [[-84.2095, 46.9572], [-84.2096, 46.95746], [-84.21135, 46.95507], [-84.2095, 46.9572]], [[-84.21064, 46.96025], [-84.21282, 46.96612], [-84.2131, 46.966], [-84.21064, 46.96025]], [[-84.25495, 49.73445], [-84.2535, 49.7343], [-84.233, 49.7349], [-84.25495, 49.73445]], [[-84.2492, 47.95948], [-84.2504, 47.9597], [-84.2721, 47.9586], [-84.2492, 47.95948]], [[-84.27482, 48.57197], [-84.2934, 48.55731], [-84.2749, 48.5716], [-84.27482, 48.57197]], [[-84.2872, 48.6443], [-84.28728, 48.64396], [-84.2775, 48.6486], [-84.2872, 48.6443]], [[-84.27833, 50.22541], [-84.27841, 50.22417], [-84.2778, 50.2248], [-84.27833, 50.22541]], [[-84.2807, 50.2218], [-84.27957, 50.22297], [-84.2919, 50.2249], [-84.2807, 50.2218]], [[-84.28445, 50.24859], [-84.28366, 50.24729], [-84.2831, 50.2478], [-84.28445, 50.24859]], [[-84.2999, 50.2412], [-84.29932, 50.24101], [-84.2984, 50.2442], [-84.2999, 50.2412]], [[-84.2984, 50.2442], [-84.2863, 50.2449], [-84.28454, 50.24649], [-84.2984, 50.2442]], [[-84.29394, 50.25865], [-84.295, 50.2588], [-84.295, 50.25834], [-84.29394, 50.25865]], [[-84.295, 50.25595], [-84.295, 50.2549], [-84.29475, 50.25481], [-84.295, 50.25595]], [[-84.29738, 50.22182], [-84.2976, 50.2217], [-84.2976, 50.22167], [-84.29738, 50.22182]], [[-84.31943, 50.20557], [-84.3193, 50.2052], [-84.299, 50.2017], [-84.31943, 50.20557]], [[-84.30031, 48.55197], [-84.30284, 48.5509], [-84.3004, 48.5519], [-84.30031, 48.55197]], [[-84.3047, 51.2363], [-84.35892, 51.21491], [-84.3445, 51.219], [-84.3047, 51.2363]], [[-84.30988, 50.2102], [-84.31061, 50.20994], [-84.3104, 50.2099], [-84.30988, 50.2102]], [[-84.3135, 48.5464], [-84.3157, 48.5415], [-84.31318, 48.54653], [-84.3135, 48.5464]], [[-84.32052, 50.21098], [-84.3214, 50.2111], [-84.32075, 50.20927], [-84.32052, 50.21098]], [[-84.34561, 47.96576], [-84.346, 47.9658], [-84.383, 47.9532], [-84.34561, 47.96576]], [[-84.37396, 51.20898], [-84.3772, 51.2077], [-84.4089, 51.1772], [-84.37396, 51.20898]], [[-84.427, 47.2708], [-84.4357, 47.27179], [-84.4353, 47.2709], [-84.427, 47.2708]], [[-84.4378, 47.2765], [-84.43676, 47.27417], [-84.43203, 47.28812], [-84.4378, 47.2765]], [[-84.4334, 49.7579], [-84.51508, 49.76364], [-84.5147, 49.7635], [-84.4334, 49.7579]], [[-84.4457, 47.2645], [-84.44544, 47.26466], [-84.44582, 47.26453], [-84.4457, 47.2645]], [[-84.4675, 47.3837], [-84.4827, 47.41775], [-84.4825, 47.4148], [-84.4675, 47.3837]], [[-84.4871, 47.5101], [-84.48722, 47.51038], [-84.4918, 47.505], [-84.4871, 47.5101]], [[-84.4891, 47.4896], [-84.48911, 47.48966], [-84.48911, 47.48949], [-84.4891, 47.4896]], [[-84.4949, 51.0928], [-84.49476, 51.09378], [-84.50821, 51.08083], [-84.4949, 51.0928]], [[-84.5045, 48.4894], [-84.5272, 48.4787], [-84.50412, 48.48912], [-84.5045, 48.4894]], [[-84.5707, 51.0767], [-84.57209, 51.07536], [-84.5583, 51.0798], [-84.5707, 51.0767]], [[-84.5583, 51.0798], [-84.5302, 51.0783], [-84.52053, 51.07941], [-84.5583, 51.0798]], [[-84.5288, 47.8738], [-84.52945, 47.87428], [-84.52902, 47.87326], [-84.5288, 47.8738]], [[-84.5311, 47.8681], [-84.53098, 47.86839], [-84.53116, 47.86807], [-84.5311, 47.8681]], [[-84.5348, 47.9037], [-84.53869, 47.90957], [-84.53484, 47.90366], [-84.5348, 47.9037]], [[-84.5403, 47.924], [-84.5406, 47.92456], [-84.5406, 47.9125], [-84.5403, 47.924]], [[-84.54311, 47.92924], [-84.54335, 47.9292], [-84.5415, 47.92624], [-84.54311, 47.92924]], [[-84.5421, 47.8837], [-84.54555, 47.89126], [-84.5456, 47.8912], [-84.5421, 47.8837]], [[-84.5445, 47.929], [-84.5428, 47.9255], [-84.54352, 47.92917], [-84.5445, 47.929]], [[-84.57014, 50.91163], [-84.56846, 50.90961], [-84.5682, 50.9107], [-84.57014, 50.91163]], [[-84.56903, 50.90723], [-84.5902, 50.8837], [-84.5697, 50.9044], [-84.56903, 50.90723]], [[-84.57373, 51.07378], [-84.5763, 51.0713], [-84.5788, 51.0621], [-84.57373, 51.07378]], [[-84.57425, 51.05167], [-84.5863, 51.0455], [-84.574, 51.0511], [-84.57425, 51.05167]], [[-84.6112, 47.9142], [-84.61173, 47.91404], [-84.578, 47.9197], [-84.6112, 47.9142]], [[-84.6012, 50.9265], [-84.5946, 50.9216], [-84.58516, 50.91882], [-84.6012, 50.9265]], [[-84.58923, 50.94382], [-84.59575, 50.95866], [-84.5946, 50.954], [-84.58923, 50.94382]], [[-84.5901, 50.9415], [-84.5898, 50.9423], [-84.6, 50.9352], [-84.5901, 50.9415]], [[-84.59764, 50.97076], [-84.59552, 50.96844], [-84.5955, 50.9686], [-84.59764, 50.97076]], [[-84.60558, 51.02622], [-84.6075, 51.0248], [-84.60751, 51.02429], [-84.60558, 51.02622]], [[-84.6077, 51.0099], [-84.6129, 50.996], [-84.61284, 50.99079], [-84.6077, 51.0099]], [[-84.61283, 50.98976], [-84.6128, 50.9873], [-84.61115, 50.9855], [-84.61283, 50.98976]], [[-84.63026, 47.90834], [-84.64061, 47.90516], [-84.6381, 47.9053], [-84.63026, 47.90834]], [[-84.64773, 47.90475], [-84.6839, 47.9051], [-84.6575, 47.9042], [-84.64773, 47.90475]], [[-84.75931, 47.90941], [-84.7657, 47.9159], [-84.7595, 47.9094], [-84.75931, 47.90941]], [[-84.7596, 49.9738], [-84.7633, 49.9721], [-84.76293, 49.97084], [-84.7596, 49.9738]], [[-84.76318, 50.00393], [-84.7653, 50.0007], [-84.7629, 50.0038], [-84.76318, 50.00393]], [[-84.7647, 49.9643], [-84.769, 49.9632], [-84.76887, 49.96105], [-84.7647, 49.9643]], [[-84.77548, 49.95421], [-84.7768, 49.9531], [-84.77531, 49.95192], [-84.77548, 49.95421]], [[-84.7859, 49.9463], [-84.78953, 49.9405], [-84.7873, 49.9414], [-84.7859, 49.9463]], [[-84.79487, 47.91538], [-84.79553, 47.91484], [-84.7951, 47.9145], [-84.79487, 47.91538]], [[-84.79578, 49.93052], [-84.79756, 49.92769], [-84.7968, 49.9278], [-84.79578, 49.93052]], [[-84.8077, 48.1526], [-84.81197, 48.15596], [-84.80788, 48.15188], [-84.8077, 48.1526]], [[-84.80913, 47.91957], [-84.81226, 47.91636], [-84.8088, 47.9174], [-84.80913, 47.91957]], [[-84.80987, 49.92375], [-84.82718, 49.91864], [-84.8161, 49.9199], [-84.80987, 49.92375]], [[-84.8132, 47.91607], [-84.8215, 47.92172], [-84.8141, 47.9158], [-84.8132, 47.91607]], [[-84.8225, 47.9224], [-84.82838, 47.92112], [-84.82218, 47.92219], [-84.8225, 47.9224]], [[-84.8298, 48.1761], [-84.8431, 48.187], [-84.82676, 48.1707], [-84.8298, 48.1761]], [[-84.83161, 47.92057], [-84.8279, 47.9272], [-84.832, 47.9205], [-84.83161, 47.92057]], [[-84.83121, 49.91746], [-84.8331, 49.9169], [-84.83155, 49.91507], [-84.83121, 49.91746]], [[-84.832, 49.91191], [-84.83234, 49.91118], [-84.8321, 49.9112], [-84.832, 49.91191]], [[-84.83761, 49.91033], [-84.8381, 49.9103], [-84.8356, 49.9075], [-84.83761, 49.91033]], [[-84.83799, 49.90555], [-84.83892, 49.90547], [-84.8383, 49.9053], [-84.83799, 49.90555]], [[-84.8475, 47.9433], [-84.8445, 47.9448], [-84.84459, 47.94495], [-84.8475, 47.9433]], [[-84.8475, 47.9433], [-84.8443, 47.9407], [-84.8437, 47.9412], [-84.8475, 47.9433]], [[-84.8457, 47.9469], [-84.84795, 47.94805], [-84.84473, 47.9452], [-84.8457, 47.9469]], [[-84.8638, 49.901], [-84.86366, 49.90053], [-84.8615, 49.9053], [-84.8638, 49.901]], [[-84.8615, 49.9053], [-84.85215, 49.90883], [-84.8525, 49.909], [-84.8615, 49.9053]], [[-84.8561, 47.9561], [-84.85704, 47.95611], [-84.8552, 47.95447], [-84.8561, 47.9561]], [[-84.8626, 49.8952], [-84.86282, 49.89566], [-84.87505, 49.89003], [-84.8626, 49.8952]], [[-84.8877, 47.9659], [-84.8804, 47.973], [-84.88799, 47.9658], [-84.8877, 47.9659]], [[-84.8905, 48.2887], [-84.9572, 48.3], [-84.89024, 48.288], [-84.8905, 48.2887]], [[-84.90163, 47.96113], [-84.89419, 47.96368], [-84.9019, 47.9612], [-84.90163, 47.96113]], [[-84.9167, 48.7078], [-84.92198, 48.7159], [-84.9225, 48.7147], [-84.9167, 48.7078]], [[-84.9167, 48.7078], [-84.91275, 48.68611], [-84.9126, 48.6864], [-84.9167, 48.7078]], [[-84.9341, 48.658], [-84.93305, 48.65902], [-84.9598, 48.6507], [-84.9341, 48.658]], [[-84.97741, 48.29694], [-84.98066, 48.29745], [-84.979, 48.2967], [-84.97741, 48.29694]], [[-85.00055, 48.30644], [-85.00302, 48.30775], [-85.0029, 48.3075], [-85.00055, 48.30644]], [[-85.0157, 48.4828], [-85.05974, 48.47248], [-85.0596, 48.4724], [-85.0157, 48.4828]], [[-85.06449, 49.77733], [-85.0647, 49.7771], [-85.0609, 49.7745], [-85.06449, 49.77733]], [[-85.0641, 49.7716], [-85.06135, 49.76659], [-85.0611, 49.7667], [-85.0641, 49.7716]], [[-85.06166, 49.76646], [-85.0694, 49.76555], [-85.0676, 49.7639], [-85.06166, 49.76646]], [[-85.06369, 49.79374], [-85.064, 49.7828], [-85.0626, 49.7921], [-85.06369, 49.79374]], [[-85.07025, 49.76545], [-85.0707, 49.7654], [-85.07036, 49.76515], [-85.07025, 49.76545]], [[-85.08607, 48.37417], [-85.0875, 48.3793], [-85.0863, 48.3743], [-85.08607, 48.37417]], [[-85.1563, 48.5274], [-85.14674, 48.52769], [-85.1469, 48.5279], [-85.1563, 48.5274]], [[-85.1563, 48.5274], [-85.15772, 48.52863], [-85.1358, 48.4815], [-85.1563, 48.5274]], [[-85.1639, 48.534], [-85.17546, 48.53804], [-85.16057, 48.53111], [-85.1639, 48.534]], [[-85.23486, 48.61381], [-85.22692, 48.61412], [-85.2278, 48.6145], [-85.23486, 48.61381]], [[-85.25004, 48.60929], [-85.24357, 48.61295], [-85.2451, 48.6128], [-85.25004, 48.60929]], [[-85.2653, 48.5894], [-85.26713, 48.59015], [-85.2636, 48.5741], [-85.2653, 48.5894]], [[-85.27321, 48.59262], [-85.2734, 48.5927], [-85.2896, 48.5974], [-85.27321, 48.59262]], [[-85.31486, 48.59666], [-85.31799, 48.59814], [-85.317, 48.5966], [-85.31486, 48.59666]], [[-85.5039, 51.658], [-85.46917, 51.65067], [-85.4798, 51.6547], [-85.5039, 51.658]], [[-85.7321, 50.8812], [-85.72845, 50.88234], [-85.7536, 50.8827], [-85.7321, 50.8812]], [[-85.823, 50.8068], [-85.8282, 50.8194], [-85.82345, 50.8059], [-85.823, 50.8068]], [[-85.8248, 50.8032], [-85.82428, 50.80423], [-85.8522, 50.7885], [-85.8248, 50.8032]], [[-85.8933, 50.7557], [-85.89276, 50.75613], [-85.90646, 50.75457], [-85.8933, 50.7557]], [[-85.9005, 50.7381], [-85.9099, 50.738], [-85.90058, 50.7378], [-85.9005, 50.7381]], [[-85.9085, 50.7544], [-85.90814, 50.75443], [-85.927, 50.7587], [-85.9085, 50.7544]], [[-85.90944, 50.72223], [-85.9098, 50.7223], [-85.9085, 50.7181], [-85.90944, 50.72223]], [[-85.9139, 50.7375], [-85.91272, 50.74291], [-85.913, 50.743], [-85.9139, 50.7375]], [[-85.9179, 50.7408], [-85.92085, 50.73984], [-85.91534, 50.73799], [-85.9179, 50.7408]], [[-85.92176, 50.74039], [-85.9219, 50.7402], [-85.92171, 50.74014], [-85.92176, 50.74039]], [[-85.9409, 50.6923], [-85.9376, 50.6997], [-85.94114, 50.69252], [-85.9409, 50.6923]], [[-85.98758, 50.67026], [-85.9877, 50.6702], [-85.9864, 50.6615], [-85.98758, 50.67026]], [[-86.20828, 50.11711], [-86.2646, 50.12341], [-86.2085, 50.1171], [-86.20828, 50.11711]], [[-86.26983, 48.54629], [-86.2678, 48.547], [-86.2679, 48.5544], [-86.26983, 48.54629]], [[-86.2679, 48.5607], [-86.2729, 48.5603], [-86.2737, 48.55899], [-86.2679, 48.5607]], [[-86.2701, 48.5462], [-86.27, 48.54624], [-86.27224, 48.55178], [-86.2701, 48.5462]], [[-86.27457, 48.55754], [-86.2752, 48.5565], [-86.27368, 48.55533], [-86.27457, 48.55754]], [[-86.32155, 50.12994], [-86.4834, 50.148], [-86.32175, 50.12983], [-86.32155, 50.12994]], [[-86.3341, 49.7945], [-86.33871, 49.79336], [-86.3266, 49.7935], [-86.3341, 49.7945]], [[-86.34535, 49.72456], [-86.3453, 49.7218], [-86.34142, 49.71898], [-86.34535, 49.72456]], [[-86.39452, 49.78009], [-86.4486, 49.7764], [-86.3968, 49.7795], [-86.39452, 49.78009]], [[-86.80913, 49.69433], [-86.8367, 49.69082], [-86.8108, 49.6935], [-86.80913, 49.69433]], [[-86.85134, 49.68931], [-86.8935, 49.6919], [-86.8534, 49.6891], [-86.85134, 49.68931]], [[-87.0154, 50.727], [-87.011, 50.7308], [-87.01239, 50.73219], [-87.0154, 50.727]], [[-87.01321, 50.73301], [-87.0144, 50.7342], [-87.01626, 50.73386], [-87.01321, 50.73301]], [[-87.1247, 50.2465], [-87.1973, 50.2464], [-87.12404, 50.2464], [-87.1247, 50.2465]], [[-87.12886, 50.7353], [-87.1449, 50.7353], [-87.14922, 50.73437], [-87.12886, 50.7353]], [[-87.289, 48.7923], [-87.3271, 48.8001], [-87.28906, 48.79221], [-87.289, 48.7923]], [[-87.5911, 49.6795], [-87.59619, 49.67808], [-87.5649, 49.6765], [-87.5911, 49.6795]], [[-87.62728, 49.66963], [-87.63269, 49.66924], [-87.6283, 49.6693], [-87.62728, 49.66963]], [[-87.7229, 49.67], [-87.73481, 49.66793], [-87.68349, 49.66859], [-87.7229, 49.67]], [[-87.8217, 49.6557], [-87.82257, 49.6554], [-87.8065, 49.6555], [-87.8217, 49.6557]], [[-88.0329, 49.0157], [-88.0213, 49.0073], [-88.0318, 49.0158], [-88.0442, 49.0156], [-88.0329, 49.0157]], [[-88.0232, 48.9872], [-88.02322, 48.98747], [-88.0271, 48.9835], [-88.0232, 48.9872]], [[-88.0972, 49.679], [-88.0832, 49.687], [-88.08314, 49.68722], [-88.0972, 49.679]], [[-88.08558, 49.73225], [-88.0854, 49.7323], [-88.08547, 49.73333], [-88.08558, 49.73225]], [[-88.0855, 49.6935], [-88.09869, 49.69122], [-88.098, 49.6909], [-88.0855, 49.6935]], [[-88.08602, 49.74133], [-88.0861, 49.7425], [-88.09092, 49.74586], [-88.08602, 49.74133]], [[-88.09063, 49.64961], [-88.0895, 49.6507], [-88.08961, 49.65145], [-88.09063, 49.64961]], [[-88.1042, 49.62021], [-88.0938, 49.6277], [-88.0898, 49.6329], [-88.1042, 49.62021]], [[-88.08987, 49.65335], [-88.0903, 49.6564], [-88.09334, 49.66153], [-88.08987, 49.65335]], [[-88.1006, 49.7084], [-88.10068, 49.70833], [-88.0904, 49.7107], [-88.1006, 49.7084]], [[-88.0912, 49.6381], [-88.0939, 49.64373], [-88.0947, 49.6423], [-88.0912, 49.6381]], [[-88.09152, 49.74628], [-88.0917, 49.7464], [-88.1008, 49.7446], [-88.09152, 49.74628]], [[-88.104, 49.5302], [-88.1043, 49.53008], [-88.0933, 49.5274], [-88.104, 49.5302]], [[-88.09426, 49.66309], [-88.0945, 49.6635], [-88.1103, 49.6624], [-88.09426, 49.66309]], [[-88.1058, 49.7035], [-88.10564, 49.70159], [-88.101, 49.70802], [-88.1058, 49.7035]], [[-88.121, 49.3166], [-88.1065, 49.3081], [-88.10704, 49.30851], [-88.121, 49.3166]], [[-88.1299, 49.6133], [-88.1145, 49.6128], [-88.11241, 49.61431], [-88.1299, 49.6133]], [[-88.11266, 49.51884], [-88.1162, 49.5207], [-88.1127, 49.5186], [-88.11266, 49.51884]], [[-88.1449, 49.5955], [-88.1263, 49.5955], [-88.12642, 49.59625], [-88.1449, 49.5955]], [[-88.12646, 49.59647], [-88.1267, 49.598], [-88.1392, 49.5982], [-88.12646, 49.59647]], [[-88.1598, 49.5006], [-88.15979, 49.50052], [-88.1448, 49.5209], [-88.1598, 49.5006]], [[-88.1448, 49.5209], [-88.1383, 49.5169], [-88.14285, 49.52114], [-88.1448, 49.5209]], [[-88.1413, 49.7836], [-88.1405, 49.78], [-88.14128, 49.78363], [-88.1413, 49.7836]], [[-88.153, 49.4374], [-88.15306, 49.43745], [-88.1512, 49.4307], [-88.153, 49.4374]], [[-88.162, 49.48285], [-88.1625, 49.477], [-88.1619, 49.4828], [-88.162, 49.48285]], [[-88.1684, 49.4848], [-88.16221, 49.48296], [-88.16734, 49.48564], [-88.1684, 49.4848]], [[-88.1648, 50.77414], [-88.1689, 50.7782], [-88.2058, 50.7957], [-88.1648, 50.77414]], [[-88.1814, 49.4669], [-88.1897, 49.4626], [-88.18144, 49.46673], [-88.1814, 49.4669]], [[-88.21, 49.4637], [-88.20992, 49.4636], [-88.1939, 49.4636], [-88.21, 49.4637]], [[-88.2107, 49.4455], [-88.21319, 49.44108], [-88.2078, 49.4454], [-88.2107, 49.4455]], [[-88.211, 49.42514], [-88.2124, 49.4156], [-88.2107, 49.425], [-88.211, 49.42514]], [[-88.21963, 49.43642], [-88.21884, 49.43613], [-88.2189, 49.43649], [-88.21963, 49.43642]], [[-88.22631, 49.44518], [-88.227, 49.4458], [-88.22848, 49.43485], [-88.22631, 49.44518]], [[-88.23657, 49.45348], [-88.23562, 49.45409], [-88.2356, 49.4542], [-88.23657, 49.45348]], [[-88.25379, 49.4459], [-88.2508, 49.4443], [-88.2497, 49.44501], [-88.25379, 49.4459]], [[-88.25819, 49.46099], [-88.2581, 49.4482], [-88.25709, 49.44766], [-88.25819, 49.46099]], [[-88.2709, 50.126], [-88.277, 50.1211], [-88.2707, 50.126], [-88.262, 50.1251], [-88.2635, 50.12622], [-88.2709, 50.126]], [[-88.2623, 48.9531], [-88.26259, 48.94627], [-88.2624, 48.9464], [-88.2623, 48.9531]], [[-88.26394, 48.94533], [-88.26662, 48.94399], [-88.266, 48.9439], [-88.26394, 48.94533]], [[-88.27016, 50.13117], [-88.2702, 50.1311], [-88.26978, 50.13089], [-88.27016, 50.13117]], [[-88.2961, 50.1891], [-88.27219, 50.18113], [-88.2722, 50.1813], [-88.2961, 50.1891]], [[-88.2792, 48.9458], [-88.27928, 48.94578], [-88.2787, 48.9457], [-88.2792, 48.9458]], [[-88.29412, 50.1317], [-88.2942, 50.1319], [-88.3006, 50.1277], [-88.29412, 50.1317]], [[-88.30616, 50.17612], [-88.306, 50.1758], [-88.2995, 50.1768], [-88.30616, 50.17612]], [[-88.33232, 49.46688], [-88.3027, 49.4613], [-88.3323, 49.4669], [-88.33232, 49.46688]], [[-88.30682, 50.12938], [-88.3069, 50.1294], [-88.311, 50.1255], [-88.30682, 50.12938]], [[-88.30918, 50.18198], [-88.30851, 50.18067], [-88.3088, 50.1818], [-88.30918, 50.18198]], [[-88.3193, 50.19197], [-88.3108, 50.1953], [-88.31084, 50.19539], [-88.3193, 50.19197]], [[-88.31323, 50.19917], [-88.31092, 50.19558], [-88.3125, 50.1994], [-88.31323, 50.19917]], [[-88.32251, 50.20342], [-88.3228, 50.2033], [-88.3193, 50.202], [-88.32251, 50.20342]], [[-88.32133, 50.19891], [-88.3216, 50.1985], [-88.32089, 50.19863], [-88.32133, 50.19891]], [[-88.3267, 50.1479], [-88.3303, 50.1519], [-88.33056, 50.15176], [-88.3267, 50.1479]], [[-88.3356, 50.2063], [-88.33497, 50.20611], [-88.33, 50.2139], [-88.3356, 50.2063]], [[-88.33, 50.2139], [-88.33128, 50.22953], [-88.3323, 50.2245], [-88.33, 50.2139]], [[-88.3325, 50.2419], [-88.33223, 50.24125], [-88.3323, 50.2421], [-88.3325, 50.2419]], [[-88.3667, 50.3222], [-88.36737, 50.32209], [-88.3517, 50.3153], [-88.3667, 50.3222]], [[-88.3882, 49.128], [-88.3902, 49.12786], [-88.3572, 49.1235], [-88.3882, 49.128]], [[-88.37928, 50.28882], [-88.36569, 50.29788], [-88.38224, 50.28864], [-88.37928, 50.28882]], [[-88.3697, 48.8664], [-88.4046, 48.83619], [-88.4045, 48.8362], [-88.3697, 48.8664]], [[-88.3741, 50.1512], [-88.37049, 50.15244], [-88.3707, 50.1525], [-88.3741, 50.1512]], [[-88.3741, 50.1512], [-88.3738, 50.14641], [-88.3737, 50.1464], [-88.3741, 50.1512]], [[-88.37384, 50.14642], [-88.3873, 50.1527], [-88.3801, 50.1473], [-88.37384, 50.14642]], [[-88.38628, 50.18913], [-88.3859, 50.1897], [-88.3904, 50.1963], [-88.38628, 50.18913]], [[-88.38901, 50.15907], [-88.39086, 50.16599], [-88.3911, 50.1614], [-88.38901, 50.15907]], [[-88.39079, 50.28814], [-88.39145, 50.28825], [-88.3914, 50.2881], [-88.39079, 50.28814]], [[-88.3947, 50.1974], [-88.3917, 50.2068], [-88.39324, 50.2089], [-88.3947, 50.1974]], [[-88.4266, 49.1253], [-88.42934, 49.12467], [-88.39531, 49.1275], [-88.4266, 49.1253]], [[-88.39571, 50.21226], [-88.3967, 50.2136], [-88.40266, 50.21388], [-88.39571, 50.21226]], [[-88.41075, 50.21426], [-88.4117, 50.2143], [-88.41192, 50.21391], [-88.41075, 50.21426]], [[-88.4232, 51.313], [-88.4299, 51.3125], [-88.43043, 51.31202], [-88.4232, 51.313]], [[-88.42529, 49.35533], [-88.4248, 49.3555], [-88.4251, 49.3584], [-88.42529, 49.35533]], [[-88.43404, 49.35262], [-88.4344, 49.3522], [-88.42791, 49.35443], [-88.43404, 49.35262]], [[-88.4292, 50.2166], [-88.448, 50.2191], [-88.4444, 50.2174], [-88.4292, 50.2166]], [[-88.43548, 50.27142], [-88.4357, 50.2712], [-88.43523, 50.2712], [-88.43548, 50.27142]], [[-88.43796, 49.36151], [-88.4379, 49.3616], [-88.44201, 49.36235], [-88.43796, 49.36151]], [[-88.4943, 48.8388], [-88.49567, 48.83738], [-88.4748, 48.8479], [-88.4943, 48.8388]], [[-88.4765, 50.2365], [-88.4811, 50.2462], [-88.48126, 50.24622], [-88.4765, 50.2365]], [[-88.479, 50.3316], [-88.5691, 50.3001], [-88.47754, 50.33128], [-88.479, 50.3316]], [[-88.4819, 50.24628], [-88.4927, 50.2473], [-88.49954, 50.24555], [-88.4819, 50.24628]], [[-88.48667, 48.83697], [-88.48632, 48.81746], [-88.4854, 48.818], [-88.48667, 48.83697]], [[-88.4889, 48.8316], [-88.48677, 48.83839], [-88.4868, 48.8389], [-88.4889, 48.8316]], [[-88.4992, 48.8337], [-88.49917, 48.83368], [-88.49915, 48.83375], [-88.4992, 48.8337]], [[-88.50273, 50.23914], [-88.508, 50.2304], [-88.5027, 50.2391], [-88.50273, 50.23914]], [[-88.50375, 50.24447], [-88.5048, 50.2442], [-88.50448, 50.24343], [-88.50375, 50.24447]], [[-88.51931, 49.52112], [-88.5193, 49.521], [-88.5111, 49.5233], [-88.51931, 49.52112]], [[-88.5153, 48.7037], [-88.51235, 48.70222], [-88.5123, 48.7023], [-88.5153, 48.7037]], [[-88.5267, 48.7941], [-88.52705, 48.79343], [-88.51352, 48.80141], [-88.5267, 48.7941]], [[-88.5158, 49.4579], [-88.51583, 49.45798], [-88.52283, 49.45309], [-88.5158, 49.4579]], [[-88.51585, 49.45803], [-88.5167, 49.4604], [-88.52007, 49.46038], [-88.51585, 49.45803]], [[-88.5163, 48.7099], [-88.51682, 48.71277], [-88.5199, 48.706], [-88.5163, 48.7099]], [[-88.53841, 48.72177], [-88.5384, 48.7217], [-88.5272, 48.72], [-88.53841, 48.72177]], [[-88.5272, 48.72], [-88.51706, 48.71409], [-88.5171, 48.7143], [-88.5272, 48.72]], [[-88.5258, 49.4978], [-88.5265, 49.5004], [-88.52685, 49.50046], [-88.5258, 49.4978]], [[-88.54854, 49.56542], [-88.5314, 49.5547], [-88.5477, 49.5657], [-88.54854, 49.56542]], [[-88.5321, 49.447], [-88.53787, 49.44954], [-88.5381, 49.4495], [-88.5321, 49.447]], [[-88.5506, 48.7424], [-88.55062, 48.74202], [-88.5424, 48.7542], [-88.5506, 48.7424]], [[-88.54786, 49.444], [-88.54441, 49.44368], [-88.5452, 49.4452], [-88.54786, 49.444]], [[-88.54824, 49.44383], [-88.5492, 49.4434], [-88.54461, 49.44223], [-88.54824, 49.44383]], [[-88.5576, 49.5624], [-88.56226, 49.55693], [-88.55134, 49.56449], [-88.5576, 49.5624]], [[-88.55955, 49.62247], [-88.55875, 49.62125], [-88.5587, 49.6224], [-88.55955, 49.62247]], [[-88.55917, 49.61204], [-88.55982, 49.60898], [-88.5593, 49.6092], [-88.55917, 49.61204]], [[-88.56693, 49.60588], [-88.5678, 49.6056], [-88.56777, 49.60551], [-88.56693, 49.60588]], [[-88.56991, 49.58004], [-88.5764, 49.5765], [-88.57, 49.5797], [-88.56991, 49.58004]], [[-88.59846, 49.40813], [-88.5981, 49.4082], [-88.596, 49.417], [-88.59846, 49.40813]], [[-88.596, 49.417], [-88.5761, 49.4281], [-88.5909, 49.422], [-88.596, 49.417]], [[-88.58319, 49.5731], [-88.5863, 49.5764], [-88.5834, 49.573], [-88.58319, 49.5731]], [[-88.6141, 50.2803], [-88.62426, 50.28169], [-88.58499, 50.26915], [-88.6141, 50.2803]], [[-88.60758, 49.63895], [-88.5966, 49.6485], [-88.59674, 49.64861], [-88.60758, 49.63895]], [[-88.59957, 49.64943], [-88.59715, 49.64893], [-88.5985, 49.65], [-88.59957, 49.64943]], [[-88.6046, 49.1145], [-88.68149, 49.08523], [-88.6585, 49.0922], [-88.6046, 49.1145]], [[-88.633, 49.5926], [-88.64029, 49.58791], [-88.6402, 49.5878], [-88.633, 49.5926]], [[-88.63314, 50.28291], [-88.6389, 50.2837], [-88.64382, 50.28346], [-88.63314, 50.28291]], [[-88.6348, 50.3054], [-88.7433, 50.2977], [-88.63448, 50.30537], [-88.6348, 50.3054]], [[-88.64363, 51.19876], [-88.6443, 51.1985], [-88.6381, 51.196], [-88.64363, 51.19876]], [[-88.6416, 51.1914], [-88.64089, 51.19234], [-88.6759, 51.1876], [-88.6416, 51.1914]], [[-88.64937, 49.40898], [-88.6491, 49.4084], [-88.64431, 49.40724], [-88.64937, 49.40898]], [[-88.66003, 50.28267], [-88.6634, 50.2825], [-88.66579, 50.28173], [-88.66003, 50.28267]], [[-88.6739, 49.4167], [-88.6675, 49.4107], [-88.66736, 49.41074], [-88.6739, 49.4167]], [[-88.674, 50.2791], [-88.6852, 50.2755], [-88.69092, 50.27121], [-88.674, 50.2791]], [[-88.68265, 49.57754], [-88.68549, 49.57642], [-88.6827, 49.5774], [-88.68265, 49.57754]], [[-88.68826, 49.57544], [-88.70253, 49.57348], [-88.6895, 49.575], [-88.68826, 49.57544]], [[-88.6897, 50.26695], [-88.6895, 50.267], [-88.6917, 50.27063], [-88.6897, 50.26695]], [[-88.6896, 50.2608], [-88.6999, 50.2531], [-88.69947, 50.25271], [-88.6896, 50.2608]], [[-88.69239, 50.26623], [-88.694, 50.2659], [-88.69393, 50.26582], [-88.69239, 50.26623]], [[-88.69578, 49.0809], [-88.70951, 49.08208], [-88.6981, 49.0802], [-88.69578, 49.0809]], [[-88.7031, 49.57341], [-88.7074, 49.5895], [-88.7032, 49.5734], [-88.7031, 49.57341]], [[-88.70839, 50.23547], [-88.7085, 50.2354], [-88.7071, 50.228], [-88.70839, 50.23547]], [[-88.7151, 49.594], [-88.7104, 49.5917], [-88.71037, 49.59173], [-88.7151, 49.594]], [[-88.72069, 49.58285], [-88.7211, 49.5823], [-88.7177, 49.5805], [-88.72069, 49.58285]], [[-88.7391, 49.6404], [-88.73763, 49.64892], [-88.7377, 49.6491], [-88.7391, 49.6404]], [[-88.7633, 49.4618], [-88.7549, 49.4682], [-88.75491, 49.46821], [-88.7633, 49.4618]], [[-88.75569, 49.46891], [-88.75672, 49.46983], [-88.757, 49.4698], [-88.75569, 49.46891]], [[-88.76435, 49.45722], [-88.762, 49.4581], [-88.76213, 49.45846], [-88.76435, 49.45722]], [[-88.78213, 49.45054], [-88.7969, 49.4586], [-88.7825, 49.4504], [-88.78213, 49.45054]], [[-88.80213, 50.28168], [-88.83994, 50.28103], [-88.8028, 50.2815], [-88.80213, 50.28168]], [[-88.80895, 49.47828], [-88.8091, 49.4782], [-88.8023, 49.4682], [-88.80895, 49.47828]], [[-88.81474, 50.1867], [-88.8149, 50.1866], [-88.8219, 50.1692], [-88.81474, 50.1867]], [[-88.8736, 50.2838], [-88.84764, 50.28093], [-88.87614, 50.28469], [-88.8736, 50.2838]], [[-88.89898, 49.76042], [-88.9069, 49.752], [-88.8989, 49.7604], [-88.89898, 49.76042]], [[-88.91681, 50.29889], [-88.92181, 50.30066], [-88.9217, 50.3006], [-88.91681, 50.29889]], [[-88.9421, 50.3132], [-88.94344, 50.31302], [-88.92386, 50.30183], [-88.9421, 50.3132]], [[-88.93639, 49.06586], [-88.9672, 49.071], [-88.9385, 49.0655], [-88.93639, 49.06586]], [[-88.9879, 50.3058], [-88.98795, 50.30581], [-88.9757, 50.3012], [-88.9879, 50.3058]], [[-88.983, 49.763], [-88.99141, 49.76346], [-88.9909, 49.7631], [-88.983, 49.763]], [[-88.98996, 49.77234], [-88.9899, 49.7724], [-88.9947, 49.7756], [-88.98996, 49.77234]], [[-89.0198, 50.3095], [-89.02088, 50.30899], [-88.99126, 50.30619], [-89.0198, 50.3095]], [[-88.99303, 49.76458], [-88.99466, 49.76673], [-88.9952, 49.7661], [-88.99303, 49.76458]], [[-89.0141, 49.6957], [-89.0058, 49.6944], [-89.00576, 49.69441], [-89.0141, 49.6957]], [[-89.0094, 51.797], [-89.00962, 51.79755], [-89.037, 51.7846], [-89.0094, 51.797]], [[-89.03389, 49.7385], [-89.0337, 49.7373], [-89.03242, 49.73645], [-89.03389, 49.7385]], [[-89.03474, 49.74382], [-89.0346, 49.74293], [-89.0343, 49.7438], [-89.03474, 49.74382]], [[-89.03718, 49.74314], [-89.0356, 49.74384], [-89.0372, 49.7439], [-89.03718, 49.74314]], [[-89.0435, 50.2984], [-89.0436, 50.2983], [-89.04192, 50.29914], [-89.0435, 50.2984]], [[-89.04593, 49.84168], [-89.0439, 49.8484], [-89.04479, 49.84902], [-89.04593, 49.84168]], [[-89.0517, 49.8392], [-89.0461, 49.8411], [-89.04608, 49.84117], [-89.0517, 49.8392]], [[-89.0561, 49.70143], [-89.0531, 49.7009], [-89.0465, 49.7066], [-89.0561, 49.70143]], [[-89.0476, 49.85097], [-89.0501, 49.8527], [-89.05085, 49.8525], [-89.0476, 49.85097]], [[-89.0575, 49.7261], [-89.0507, 49.7368], [-89.05071, 49.73689], [-89.0575, 49.7261]], [[-89.0575, 49.7261], [-89.05514, 49.71572], [-89.0551, 49.7158], [-89.0575, 49.7261]], [[-89.05165, 49.74598], [-89.05101, 49.73983], [-89.0516, 49.7457], [-89.05165, 49.74598]], [[-89.06667, 49.77025], [-89.062, 49.7604], [-89.0647, 49.7699], [-89.06667, 49.77025]], [[-89.062, 49.7604], [-89.05283, 49.75265], [-89.053, 49.7536], [-89.062, 49.7604]], [[-89.05714, 49.70276], [-89.0576, 49.7017], [-89.05698, 49.70159], [-89.05714, 49.70276]], [[-89.06666, 49.84866], [-89.0664, 49.8487], [-89.08326, 49.85287], [-89.06666, 49.84866]], [[-89.06879, 49.86526], [-89.0688, 49.8653], [-89.0702, 49.86459], [-89.06879, 49.86526]], [[-89.07092, 49.76851], [-89.06885, 49.77063], [-89.0704, 49.7709], [-89.07092, 49.76851]], [[-89.07456, 50.28143], [-89.1207, 50.2898], [-89.0751, 50.2813], [-89.07456, 50.28143]], [[-89.0747, 49.7517], [-89.07467, 49.75192], [-89.08289, 49.74291], [-89.0747, 49.7517]], [[-89.1148, 49.7498], [-89.1125, 49.748], [-89.08329, 49.74298], [-89.1148, 49.7498]], [[-89.0861, 49.8565], [-89.0865, 49.8563], [-89.08381, 49.85345], [-89.0861, 49.8565]], [[-89.0949, 51.771], [-89.0862, 51.7796], [-89.09534, 51.77086], [-89.0949, 51.771]], [[-89.09604, 49.82803], [-89.0957, 49.8273], [-89.0863, 49.8216], [-89.09604, 49.82803]], [[-89.0958, 49.7824], [-89.1175, 49.7589], [-89.11731, 49.7588], [-89.0958, 49.7824]], [[-89.113, 51.7652], [-89.09623, 51.77057], [-89.1343, 51.7602], [-89.113, 51.7652]], [[-89.09801, 49.83427], [-89.0987, 49.8338], [-89.09777, 49.83178], [-89.09801, 49.83427]], [[-89.23711, 51.72339], [-89.1898, 51.7397], [-89.2345, 51.7254], [-89.23711, 51.72339]], [[-89.25799, 51.70729], [-89.25767, 51.70755], [-89.258, 51.7073], [-89.25799, 51.70729]], [[-89.2586, 50.2869], [-89.3052, 50.2738], [-89.25844, 50.28688], [-89.2586, 50.2869]], [[-89.2781, 51.6651], [-89.27828, 51.66556], [-89.27868, 51.66488], [-89.2781, 51.6651]], [[-89.294, 49.0571], [-89.29441, 49.05694], [-89.2785, 49.0616], [-89.294, 49.0571]], [[-89.3105, 49.0508], [-89.31063, 49.05068], [-89.30107, 49.0544], [-89.3105, 49.0508]], [[-89.344, 49.0258], [-89.41215, 49.00466], [-89.405, 49.0063], [-89.344, 49.0258]], [[-89.40725, 51.60425], [-89.3495, 51.6203], [-89.4059, 51.6058], [-89.40725, 51.60425]], [[-89.4143, 51.4944], [-89.3987, 51.5045], [-89.41453, 51.49441], [-89.4143, 51.4944]], [[-89.4428, 50.297], [-89.4714, 50.2914], [-89.44256, 50.29691], [-89.4428, 50.297]], [[-89.5066, 51.4763], [-89.50382, 51.47876], [-89.5471, 51.4665], [-89.5066, 51.4763]], [[-89.5767, 51.4623], [-89.5574, 51.469], [-89.57774, 51.46253], [-89.5767, 51.4623]], [[-89.5756, 51.2509], [-89.57735, 51.25551], [-89.5769, 51.2484], [-89.5756, 51.2509]], [[-89.5765, 51.2661], [-89.5782, 51.26906], [-89.5778, 51.26259], [-89.5765, 51.2661]], [[-89.6518, 48.9497], [-89.7619, 48.9374], [-89.6972, 48.9435], [-89.6518, 48.9497]], [[-89.6688, 50.8051], [-89.6608, 50.81], [-89.6689, 50.8051], [-89.6767, 50.7946], [-89.6688, 50.8051]], [[-89.66807, 50.25201], [-89.74032, 50.25821], [-89.669, 50.2519], [-89.66807, 50.25201]], [[-89.7728, 50.261], [-89.7903, 50.258], [-89.77215, 50.26094], [-89.7728, 50.261]], [[-89.89825, 48.8029], [-89.8769, 48.7678], [-89.8981, 48.8028], [-89.89825, 48.8029]], [[-89.8843, 48.5566], [-89.8964, 48.5608], [-89.88435, 48.55619], [-89.8843, 48.5566]], [[-89.8846, 48.5539], [-89.88439, 48.5558], [-89.8912, 48.5487], [-89.8846, 48.5539]], [[-89.8967, 48.5995], [-89.89674, 48.60019], [-89.9062, 48.5973], [-89.8967, 48.5995]], [[-89.8991, 48.5664], [-89.90728, 48.57137], [-89.9074, 48.5712], [-89.8991, 48.5664]], [[-89.9858, 50.23755], [-89.9353, 50.2406], [-89.9105, 50.2481], [-89.945, 50.2402], [-89.9858, 50.23755]], [[-89.92, 48.9392], [-89.97206, 48.93662], [-89.9718, 48.9366], [-89.92, 48.9392]], [[-89.97896, 48.87313], [-89.9418, 48.8425], [-89.9781, 48.8726], [-89.97896, 48.87313]], [[-90.0077, 48.9398], [-90.00851, 48.93965], [-89.97997, 48.93728], [-90.0077, 48.9398]], [[-89.9897, 50.2951], [-89.9926, 50.2906], [-89.98921, 50.29521], [-89.9897, 50.2951]], [[-90.02581, 48.90159], [-89.99942, 48.88575], [-90.0243, 48.9011], [-90.02581, 48.90159]], [[-90.1216, 50.2432], [-90.13985, 50.24175], [-90.0414, 50.2424], [-90.1216, 50.2432]], [[-90.3163, 48.9648], [-90.12538, 48.93368], [-90.1327, 48.936], [-90.3163, 48.9648]], [[-90.1742, 49.9853], [-90.17502, 49.98749], [-90.1755, 49.9806], [-90.1742, 49.9853]], [[-90.20949, 50.23819], [-90.3273, 50.2366], [-90.2234, 50.2372], [-90.20949, 50.23819]], [[-90.262, 49.79], [-90.2622, 49.79017], [-90.2671, 49.7636], [-90.262, 49.79]], [[-90.27709, 49.80258], [-90.27749, 49.80291], [-90.2775, 49.8029], [-90.27709, 49.80258]], [[-90.2898, 49.7127], [-90.28972, 49.71299], [-90.29472, 49.70375], [-90.2898, 49.7127]], [[-90.3393, 49.6467], [-90.3619, 49.631], [-90.3392, 49.6467], [-90.3174, 49.6833], [-90.3393, 49.6467]], [[-90.3174, 49.6833], [-90.2976, 49.6985], [-90.29758, 49.69854], [-90.3174, 49.6833]], [[-90.38328, 48.989], [-90.40248, 48.99906], [-90.3841, 48.9893], [-90.38328, 48.989]], [[-90.38686, 49.55507], [-90.38617, 49.5564], [-90.3864, 49.5562], [-90.38686, 49.55507]], [[-90.4005, 49.51383], [-90.39858, 49.52652], [-90.4013, 49.5199], [-90.4005, 49.51383]], [[-90.4006, 49.5132], [-90.40051, 49.51377], [-90.4048, 49.5052], [-90.4006, 49.5132]], [[-90.43891, 49.01841], [-90.46021, 49.03108], [-90.4517, 49.0252], [-90.43891, 49.01841]], [[-90.4418, 50.2453], [-90.4626, 50.2417], [-90.44153, 50.24528], [-90.4418, 50.2453]], [[-90.45247, 49.40839], [-90.4482, 49.4207], [-90.4525, 49.4089], [-90.45247, 49.40839]], [[-90.4504, 49.3794], [-90.4523, 49.40556], [-90.45072, 49.379], [-90.4504, 49.3794]], [[-90.4699, 49.0485], [-90.47237, 49.04986], [-90.464, 49.0337], [-90.4699, 49.0485]], [[-90.5809, 49.0516], [-90.6191, 49.04614], [-90.6184, 49.0461], [-90.5809, 49.0516]], [[-90.5809, 49.0516], [-90.47355, 49.05051], [-90.4739, 49.0507], [-90.5809, 49.0516]], [[-90.4934, 49.3059], [-90.4839, 49.3372], [-90.49413, 49.30533], [-90.4934, 49.3059]], [[-90.6019, 49.1863], [-90.60214, 49.18653], [-90.60579, 49.15029], [-90.6019, 49.1863]], [[-90.6099, 49.1369], [-90.61011, 49.13824], [-90.61171, 49.13484], [-90.6099, 49.1369]], [[-90.62, 49.215], [-90.61151, 49.22915], [-90.6116, 49.2291], [-90.62, 49.215]], [[-90.6257, 49.1189], [-90.61427, 49.13192], [-90.6381, 49.1103], [-90.6257, 49.1189]], [[-90.64752, 49.08153], [-90.6362, 49.1015], [-90.6468, 49.0867], [-90.64752, 49.08153]], [[-90.6498, 49.0775], [-90.64893, 49.07904], [-90.66404, 49.06475], [-90.6498, 49.0775]], [[-90.67755, 49.06183], [-90.66511, 49.06452], [-90.67915, 49.06324], [-90.67755, 49.06183]], [[-90.6714, 48.9968], [-90.6675, 48.9999], [-90.66638, 49.00408], [-90.6714, 48.9968]], [[-90.68563, 48.98951], [-90.6801, 48.9899], [-90.67762, 48.99187], [-90.68563, 48.98951]], [[-90.68631, 49.0767], [-90.6883, 49.0807], [-90.68858, 49.08096], [-90.68631, 49.0767]], [[-90.7066, 49.0975], [-90.69175, 49.08389], [-90.70665, 49.09765], [-90.7066, 49.0975]], [[-90.70734, 49.09996], [-90.7114, 49.1142], [-90.71172, 49.11443], [-90.70734, 49.09996]], [[-90.72452, 49.12357], [-90.7303, 49.1277], [-90.73053, 49.12777], [-90.72452, 49.12357]], [[-90.8583, 48.6792], [-90.8265, 48.68499], [-90.8273, 48.6852], [-90.8583, 48.6792]], [[-90.9639, 48.6773], [-90.86719, 48.67904], [-90.9693, 48.6782], [-90.98988, 48.67527], [-90.9639, 48.6773]], [[-90.9921, 48.6751], [-90.99153, 48.67514], [-91.0253, 48.6786], [-90.9921, 48.6751]], [[-90.9928, 50.231], [-90.99614, 50.21557], [-90.9959, 50.2158], [-90.9928, 50.231]], [[-91.0008, 50.2111], [-91.01675, 50.19652], [-91.0159, 50.1966], [-91.0008, 50.2111]], [[-91.0341, 50.3399], [-91.0223, 50.3551], [-91.03489, 50.33951], [-91.0341, 50.3399]], [[-91.0316, 50.3692], [-91.03787, 50.36904], [-91.03061, 50.36707], [-91.0316, 50.3692]], [[-91.03236, 48.67646], [-91.08011, 48.66199], [-91.0799, 48.6619], [-91.03236, 48.67646]], [[-91.04532, 50.36885], [-91.0712, 50.3682], [-91.0587, 50.3666], [-91.04532, 50.36885]], [[-91.057, 50.1929], [-91.08001, 50.1851], [-91.0798, 50.1851], [-91.057, 50.1929]], [[-91.10457, 50.28031], [-91.1032, 50.2811], [-91.0949, 50.2899], [-91.10457, 50.28031]], [[-91.0949, 50.2899], [-91.08941, 50.30782], [-91.0904, 50.3074], [-91.0949, 50.2899]], [[-91.1403, 48.6807], [-91.14271, 48.68118], [-91.1099, 48.6712], [-91.1403, 48.6807]], [[-91.1155, 50.1903], [-91.15311, 50.18333], [-91.1526, 50.1829], [-91.1155, 50.1903]], [[-91.1756, 50.1151], [-91.1526, 50.1313], [-91.1533, 50.13142], [-91.1756, 50.1151]], [[-91.1717, 50.2106], [-91.1599, 50.2204], [-91.16059, 50.22058], [-91.1717, 50.2106]], [[-91.1684, 50.1964], [-91.16898, 50.1966], [-91.16419, 50.19259], [-91.1684, 50.1964]], [[-91.1723, 50.23155], [-91.16756, 50.23687], [-91.1686, 50.2363], [-91.1723, 50.23155]], [[-91.1727, 50.2238], [-91.17514, 50.22792], [-91.1757, 50.2272], [-91.1727, 50.2238]], [[-91.1923, 50.2046], [-91.18949, 50.20668], [-91.19518, 50.2055], [-91.1923, 50.2046]], [[-91.2512, 50.1995], [-91.2376, 50.1989], [-91.2252, 50.20092], [-91.2512, 50.1995]], [[-91.24021, 50.14547], [-91.24388, 50.14738], [-91.2409, 50.1456], [-91.24021, 50.14547]], [[-91.267, 51.0736], [-91.27843, 51.07296], [-91.252, 51.0702], [-91.267, 51.0736]], [[-91.25707, 50.15525], [-91.25742, 50.15594], [-91.2575, 50.1555], [-91.25707, 50.15525]], [[-91.30706, 50.50377], [-91.2969, 50.5346], [-91.3078, 50.5063], [-91.30706, 50.50377]], [[-91.33243, 50.49466], [-91.3174, 50.5049], [-91.3324, 50.4951], [-91.33243, 50.49466]], [[-91.3254, 50.4622], [-91.32595, 50.46198], [-91.3205, 50.4604], [-91.3254, 50.4622]], [[-91.3205, 50.4604], [-91.3199, 50.4555], [-91.31953, 50.45564], [-91.3205, 50.4604]], [[-91.3423, 48.739], [-91.3424, 48.73902], [-91.3322, 48.7305], [-91.3423, 48.739]], [[-91.34283, 50.46095], [-91.3476, 50.4704], [-91.3451, 50.4625], [-91.34283, 50.46095]], [[-91.359, 48.7417], [-91.35921, 48.74167], [-91.35114, 48.74043], [-91.359, 48.7417]], [[-91.4211, 50.8037], [-91.432, 50.8075], [-91.42142, 50.80352], [-91.4211, 50.8037]], [[-91.4449, 50.7438], [-91.4336, 50.77], [-91.4359, 50.7821], [-91.4337, 50.7698], [-91.4449, 50.7438]], [[-91.4599, 50.8453], [-91.46506, 50.85592], [-91.4656, 50.8554], [-91.4599, 50.8453]], [[-91.51971, 50.15903], [-91.5186, 50.1588], [-91.4918, 50.1656], [-91.51971, 50.15903]], [[-91.52156, 50.70252], [-91.5176, 50.7002], [-91.497, 50.7008], [-91.52156, 50.70252]], [[-91.497, 50.7008], [-91.4971, 50.71033], [-91.4977, 50.7099], [-91.497, 50.7008]], [[-91.51122, 48.71241], [-91.556, 48.7162], [-91.5113, 48.7124], [-91.51122, 48.71241]], [[-91.5117, 50.2354], [-91.5321, 50.2338], [-91.5331, 50.23319], [-91.5117, 50.2354]], [[-91.51672, 50.20708], [-91.5215, 50.2052], [-91.516, 50.2071], [-91.51672, 50.20708]], [[-91.52101, 50.22069], [-91.5231, 50.2155], [-91.5204, 50.2208], [-91.52101, 50.22069]], [[-91.52824, 50.69946], [-91.52272, 50.7026], [-91.5241, 50.7027], [-91.52824, 50.69946]], [[-91.54116, 50.16587], [-91.5378, 50.1628], [-91.52388, 50.1599], [-91.54116, 50.16587]], [[-91.5304, 50.6877], [-91.53011, 50.698], [-91.531, 50.6973], [-91.5304, 50.6877]], [[-91.5478, 50.2161], [-91.54643, 50.21636], [-91.55133, 50.21837], [-91.5478, 50.2161]], [[-91.5496, 50.22316], [-91.5502, 50.2228], [-91.55116, 50.21903], [-91.5496, 50.22316]], [[-91.7403, 49.4336], [-91.73967, 49.43372], [-91.74088, 49.43422], [-91.7403, 49.4336]], [[-91.7561, 49.4506], [-91.7641, 49.4539], [-91.76494, 49.45398], [-91.7561, 49.4506]], [[-91.9117, 49.466], [-91.89052, 49.46285], [-91.933, 49.47145], [-91.9117, 49.466]], [[-91.9367, 49.4724], [-91.93626, 49.47229], [-91.94466, 49.47661], [-91.9367, 49.4724]], [[-91.9601, 49.48455], [-91.9606, 49.4848], [-91.96429, 49.48492], [-91.9601, 49.48455]], [[-91.9753, 48.2487], [-91.9758, 48.24946], [-91.9758, 48.24795], [-91.9753, 48.2487]], [[-91.9759, 48.2692], [-91.97598, 48.26921], [-91.9782, 48.2666], [-91.9759, 48.2692]], [[-91.97885, 48.25412], [-91.9793, 48.2521], [-91.97655, 48.25061], [-91.97885, 48.25412]], [[-91.98735, 48.26188], [-91.9866, 48.2618], [-91.9827, 48.2699], [-91.98735, 48.26188]], [[-91.99252, 48.26291], [-91.9922, 48.2624], [-91.99079, 48.26225], [-91.99252, 48.26291]], [[-91.9958, 48.2959], [-91.9919, 48.2989], [-92.00425, 48.29578], [-91.9958, 48.2959]], [[-91.99347, 48.26498], [-91.9938, 48.265], [-91.99325, 48.26411], [-91.99347, 48.26498]], [[-92.0106, 49.4907], [-92.02105, 49.49422], [-92.0052, 49.4886], [-91.99572, 49.48775], [-92.0106, 49.4907]], [[-92.00992, 48.29434], [-92.0101, 48.2943], [-92.0108, 48.289], [-92.00992, 48.29434]], [[-92.0404, 50.39728], [-92.0234, 50.3925], [-92.0388, 50.3974], [-92.0404, 50.39728]], [[-92.0416, 49.4984], [-92.04163, 49.49843], [-92.0492, 49.489], [-92.0416, 49.4984]], [[-92.05179, 49.50458], [-92.04239, 49.49912], [-92.0464, 49.50277], [-92.05179, 49.50458]], [[-92.0882, 49.52351], [-92.08149, 49.52178], [-92.0817, 49.5219], [-92.0882, 49.52351]], [[-92.0905, 51.1771], [-92.2131, 51.1578], [-92.08188, 51.17769], [-92.0905, 51.1771]], [[-92.10944, 49.53534], [-92.1044, 49.5277], [-92.10405, 49.52761], [-92.10944, 49.53534]], [[-92.11494, 49.54028], [-92.11308, 49.54057], [-92.1131, 49.5406], [-92.11494, 49.54028]], [[-92.1336, 48.7394], [-92.1504, 48.7369], [-92.13253, 48.73923], [-92.1336, 48.7394]], [[-92.2285, 49.5651], [-92.153, 49.5344], [-92.1527, 49.53445], [-92.2285, 49.5651]], [[-92.1802, 48.7412], [-92.2094, 48.7378], [-92.17951, 48.7411], [-92.1802, 48.7412]], [[-92.2258, 48.742], [-92.22767, 48.74179], [-92.22528, 48.74187], [-92.2258, 48.742]], [[-92.2595, 49.5743], [-92.2462, 49.5674], [-92.24616, 49.5674], [-92.2595, 49.5743]], [[-92.27033, 49.588], [-92.2639, 49.5842], [-92.2702, 49.588], [-92.27033, 49.588]], [[-92.34331, 49.58319], [-92.3422, 49.583], [-92.3075, 49.5829], [-92.34331, 49.58319]], [[-92.40673, 48.73673], [-92.41124, 48.73706], [-92.4071, 48.7367], [-92.40673, 48.73673]], [[-92.41733, 49.59792], [-92.4115, 49.5946], [-92.41112, 49.59454], [-92.41733, 49.59792]], [[-92.43589, 48.73919], [-92.456, 48.7479], [-92.4372, 48.7393], [-92.43589, 48.73919]], [[-92.44274, 49.64236], [-92.4398, 49.6297], [-92.4426, 49.6423], [-92.44274, 49.64236]], [[-92.44337, 49.6139], [-92.4436, 49.6129], [-92.44288, 49.61249], [-92.44337, 49.6139]], [[-92.5039, 49.6913], [-92.49333, 49.68597], [-92.4934, 49.6869], [-92.5039, 49.6913]], [[-92.5197, 48.749], [-92.56341, 48.74712], [-92.563, 48.747], [-92.5197, 48.749]], [[-92.62681, 51.07917], [-92.62753, 51.07992], [-92.6276, 51.0793], [-92.62681, 51.07917]], [[-92.6392, 48.7611], [-92.6784, 48.7589], [-92.63909, 48.76108], [-92.6392, 48.7611]], [[-92.66065, 49.46435], [-92.66174, 49.46309], [-92.6609, 49.4636], [-92.66065, 49.46435]], [[-92.7952, 48.7463], [-92.79633, 48.74601], [-92.7229, 48.7478], [-92.7952, 48.7463]], [[-92.7435, 51.1292], [-92.7328, 51.1432], [-92.7508, 51.1214], [-92.7435, 51.1292]], [[-92.7973, 51.08366], [-92.7991, 51.0832], [-92.8603, 51.0395], [-92.7973, 51.08366]], [[-92.809, 49.3443], [-92.81949, 49.3308], [-92.8175, 49.3315], [-92.809, 49.3443]], [[-92.832, 49.3276], [-92.83996, 49.32357], [-92.82551, 49.32867], [-92.832, 49.3276]], [[-93.0296, 48.7063], [-93.0308, 48.70789], [-93.02955, 48.70607], [-93.0296, 48.7063]], [[-93.0379, 48.7173], [-93.04528, 48.71743], [-93.03756, 48.71685], [-93.0379, 48.7173]], [[-93.05187, 50.59338], [-93.0464, 50.5925], [-93.0404, 50.5928], [-93.05187, 50.59338]], [[-93.0786, 48.718], [-93.1065, 48.7132], [-93.0738, 48.71792], [-93.0786, 48.718]], [[-93.2265, 48.6904], [-93.229, 48.68983], [-93.1827, 48.6885], [-93.2265, 48.6904]], [[-93.2159, 50.6293], [-93.2332, 50.6378], [-93.2271, 50.6324], [-93.2159, 50.6293]], [[-93.2198, 50.63581], [-93.2193, 50.6373], [-93.2219, 50.641], [-93.2198, 50.63581]], [[-93.2586, 48.6831], [-93.25937, 48.68268], [-93.25137, 48.68474], [-93.2586, 48.6831]], [[-93.2783, 48.6723], [-93.2897, 48.6539], [-93.27709, 48.67296], [-93.2783, 48.6723]], [[-93.3234, 48.6513], [-93.34525, 48.64067], [-93.32296, 48.65133], [-93.3234, 48.6513]], [[-93.4061, 50.6521], [-93.34652, 50.65819], [-93.3482, 50.6584], [-93.4061, 50.6521]], [[-93.37702, 49.79864], [-93.4218, 49.8076], [-93.3794, 49.7979], [-93.37702, 49.79864]], [[-93.3829, 50.5878], [-93.3835, 50.5935], [-93.38443, 50.59461], [-93.3829, 50.5878]], [[-93.3897, 50.6059], [-93.41755, 50.61851], [-93.4168, 50.6176], [-93.3897, 50.6059]], [[-93.40117, 49.87111], [-93.39, 49.8614], [-93.4007, 49.871], [-93.40117, 49.87111]], [[-93.41911, 50.62041], [-93.4154, 50.6425], [-93.4201, 50.6216], [-93.41911, 50.62041]], [[-93.4323, 51.7696], [-93.43096, 51.7682], [-93.4158, 51.7779], [-93.4323, 51.7696]], [[-93.42317, 49.87655], [-93.42998, 49.88631], [-93.4238, 49.8767], [-93.42317, 49.87655]], [[-93.43926, 51.76289], [-93.44916, 51.76124], [-93.4419, 51.7612], [-93.43926, 51.76289]], [[-93.44041, 49.80685], [-93.4441, 49.8067], [-93.4562, 49.8018], [-93.44041, 49.80685]], [[-93.46976, 49.90609], [-93.4498, 49.8901], [-93.44942, 49.89003], [-93.46976, 49.90609]], [[-93.5068, 49.9616], [-93.4821, 49.9549], [-93.48189, 49.95492], [-93.5068, 49.9616]], [[-93.4887, 51.7772], [-93.4972, 51.785], [-93.48985, 51.7766], [-93.4887, 51.7772]], [[-93.4947, 51.7631], [-93.50753, 51.7669], [-93.5053, 51.7646], [-93.4947, 51.7631]], [[-93.50788, 51.76726], [-93.49672, 51.77305], [-93.5085, 51.7679], [-93.50788, 51.76726]], [[-93.5024, 51.8032], [-93.51075, 51.80973], [-93.5079, 51.8051], [-93.5024, 51.8032]], [[-93.5148, 51.8129], [-93.5302, 51.8069], [-93.51416, 51.8124], [-93.5148, 51.8129]], [[-93.53811, 49.96089], [-93.5262, 49.9487], [-93.5377, 49.9607], [-93.53811, 49.96089]], [[-93.5401, 49.4949], [-93.5732, 49.47507], [-93.5671, 49.4766], [-93.5401, 49.4949]], [[-93.58308, 49.98121], [-93.55153, 49.96723], [-93.5815, 49.9814], [-93.58308, 49.98121]], [[-93.57477, 49.47413], [-93.577, 49.4728], [-93.57741, 49.47042], [-93.57477, 49.47413]], [[-93.57801, 49.46688], [-93.5788, 49.4623], [-93.57751, 49.46029], [-93.57801, 49.46688]], [[-93.6041, 49.3753], [-93.6124, 49.3714], [-93.6238, 49.365], [-93.6041, 49.3753]], [[-93.612, 49.9841], [-93.60503, 49.97984], [-93.6043, 49.9812], [-93.612, 49.9841]], [[-93.6432, 51.7835], [-93.64725, 51.78295], [-93.6075, 51.7755], [-93.6432, 51.7835]], [[-93.6315, 49.9695], [-93.61467, 49.97891], [-93.6148, 49.9789], [-93.6315, 49.9695]], [[-93.6433, 49.356], [-93.6417, 49.3683], [-93.6437, 49.363], [-93.6433, 49.356]], [[-93.64795, 49.49635], [-93.6472, 49.4958], [-93.6443, 49.5021], [-93.64795, 49.49635]], [[-93.6768, 50.0263], [-93.67717, 50.0239], [-93.6692, 50.0347], [-93.6768, 50.0263]], [[-93.6692, 50.0347], [-93.6726, 50.0421], [-93.6728, 50.0419], [-93.6692, 50.0347]], [[-93.8337, 50.4063], [-93.83868, 50.40788], [-93.83305, 50.40523], [-93.8337, 50.4063]], [[-93.9271, 48.9721], [-93.911, 48.9755], [-93.927, 48.9729], [-93.9248, 48.9921], [-93.9271, 48.9721]], [[-93.92214, 49.10546], [-93.9224, 49.1068], [-93.9262, 49.1106], [-93.92214, 49.10546]], [[-93.93, 49.1611], [-93.92448, 49.14997], [-93.9244, 49.1513], [-93.93, 49.1611]], [[-93.92468, 49.14665], [-93.9306, 49.1261], [-93.9251, 49.1396], [-93.92468, 49.14665]], [[-93.9627, 49.9926], [-94.077, 49.9791], [-93.963, 49.9925], [-93.9277, 49.9888], [-93.9627, 49.9926]], [[-93.93408, 48.97616], [-93.935, 48.9767], [-93.9446, 48.9729], [-93.93408, 48.97616]], [[-93.94302, 49.19419], [-93.9392, 49.1819], [-93.9419, 49.1936], [-93.94302, 49.19419]], [[-93.96513, 49.20911], [-93.9607, 49.2035], [-93.9651, 49.2091], [-93.96513, 49.20911]], [[-93.96328, 48.97614], [-93.9636, 48.9762], [-93.9736, 48.9745], [-93.96328, 48.97614]], [[-93.98006, 49.3529], [-93.9736, 49.34707], [-93.9735, 49.3472], [-93.98006, 49.3529]], [[-93.9927, 49.3245], [-93.9988, 49.3129], [-93.97655, 49.34306], [-93.9927, 49.3245]], [[-93.9876, 49.3597], [-93.98729, 49.35942], [-93.9909, 49.3728], [-93.9876, 49.3597]], [[-94.00468, 51.79661], [-94.0052, 51.79516], [-94.0041, 51.7951], [-94.00468, 51.79661]], [[-94.13575, 51.40796], [-94.0514, 51.3948], [-94.0627, 51.3986], [-94.13575, 51.40796]], [[-94.0611, 48.9548], [-94.054, 48.9558], [-94.06173, 48.95501], [-94.0611, 48.9548]], [[-94.08164, 51.85097], [-94.08167, 51.8508], [-94.0816, 51.8509], [-94.08164, 51.85097]], [[-94.08614, 51.84375], [-94.0884, 51.8423], [-94.08707, 51.84228], [-94.08614, 51.84375]], [[-94.08819, 48.9622], [-94.08913, 48.96224], [-94.0882, 48.9622], [-94.08819, 48.9622]], [[-94.1042, 48.9581], [-94.09582, 48.96249], [-94.0961, 48.9625], [-94.1042, 48.9581]], [[-94.1042, 48.9581], [-94.1128, 48.96], [-94.11341, 48.958], [-94.1042, 48.9581]], [[-94.1198, 51.4716], [-94.11999, 51.47155], [-94.1096, 51.4664], [-94.1198, 51.4716]], [[-94.1323, 49.1842], [-94.1287, 49.1873], [-94.13256, 49.18418], [-94.1323, 49.1842]], [[-94.1364, 51.4694], [-94.13751, 51.46877], [-94.13568, 51.46921], [-94.1364, 51.4694]], [[-94.1472, 51.4633], [-94.14789, 51.45996], [-94.14395, 51.46513], [-94.1472, 51.4633]], [[-94.1515, 51.4476], [-94.1446, 51.4384], [-94.15145, 51.44763], [-94.1515, 51.4476]], [[-94.1488, 51.4556], [-94.1453, 51.4517], [-94.14829, 51.45804], [-94.1488, 51.4556]], [[-94.1873, 49.1746], [-94.1652, 49.1771], [-94.18762, 49.17489], [-94.1873, 49.1746]], [[-94.1721, 51.4184], [-94.17186, 51.4176], [-94.1683, 51.4278], [-94.1721, 51.4184]], [[-94.1716, 49.1778], [-94.16929, 49.18069], [-94.1703, 49.1806], [-94.1716, 49.1778]], [[-94.1706, 51.4134], [-94.1701, 51.41332], [-94.17133, 51.41583], [-94.1706, 51.4134]], [[-94.2028, 49.2054], [-94.19548, 49.19991], [-94.1954, 49.2001], [-94.2028, 49.2054]], [[-94.1963, 49.1979], [-94.19555, 49.19972], [-94.2009, 49.2001], [-94.1963, 49.1979]], [[-94.2048, 49.4063], [-94.2212, 49.4197], [-94.219, 49.417], [-94.2048, 49.4063]], [[-94.2145, 49.1763], [-94.21286, 49.17652], [-94.2077, 49.1814], [-94.2145, 49.1763]], [[-94.2489, 49.1966], [-94.2464, 49.199], [-94.24911, 49.19765], [-94.2489, 49.1966]], [[-94.2498, 49.2002], [-94.26046, 49.20039], [-94.2601, 49.1999], [-94.2498, 49.2002]], [[-94.2678, 49.244], [-94.26547, 49.24819], [-94.2654, 49.2486], [-94.2678, 49.244]], [[-94.2735, 49.2182], [-94.27325, 49.21786], [-94.2687, 49.2208], [-94.2735, 49.2182]], [[-94.2951, 49.031], [-94.3241, 49.0326], [-94.3574, 49.0311], [-94.2951, 49.031]], [[-94.3103, 49.4891], [-94.31072, 49.49086], [-94.314, 49.4891], [-94.3103, 49.4891]], [[-94.3109, 49.4916], [-94.3115, 49.49156], [-94.31085, 49.49139], [-94.3109, 49.4916]], [[-94.32309, 49.48424], [-94.31461, 49.48183], [-94.3116, 49.4816], [-94.32309, 49.48424]], [[-94.32565, 49.2884], [-94.3152, 49.2817], [-94.3256, 49.2884], [-94.32565, 49.2884]], [[-94.3225, 49.4908], [-94.32063, 49.48981], [-94.31724, 49.49116], [-94.3225, 49.4908]], [[-94.3286, 49.4858], [-94.32724, 49.48541], [-94.3192, 49.4849], [-94.3286, 49.4858]], [[-94.34507, 52.11274], [-94.34104, 52.11153], [-94.344, 52.113], [-94.34507, 52.11274]], [[-94.4307, 49.2414], [-94.4301, 49.24004], [-94.4247, 49.2428], [-94.4307, 49.2414]], [[-94.4345, 49.2378], [-94.434, 49.23805], [-94.43463, 49.23793], [-94.4345, 49.2378]], [[-94.46217, 49.2306], [-94.45, 49.2311], [-94.44882, 49.23244], [-94.46217, 49.2306]], [[-94.5242, 49.2436], [-94.46302, 49.23078], [-94.52581, 49.24466], [-94.5242, 49.2436]], [[-94.5232, 49.2575], [-94.52734, 49.25504], [-94.5143, 49.2573], [-94.5232, 49.2575]], [[-94.55995, 49.2967], [-94.55979, 49.29665], [-94.5598, 49.2967], [-94.55995, 49.2967]], [[-94.59381, 49.31248], [-94.594, 49.3054], [-94.5933, 49.3126], [-94.59381, 49.31248]], [[-94.60653, 49.98631], [-94.5951, 49.9738], [-94.6065, 49.9863], [-94.60653, 49.98631]], [[-94.61935, 49.9914], [-94.61526, 49.98982], [-94.6192, 49.9914], [-94.61935, 49.9914]], [[-94.6281, 49.3055], [-94.62718, 49.30569], [-94.62911, 49.30578], [-94.6281, 49.3055]], [[-94.6272, 49.3088], [-94.62865, 49.30998], [-94.63105, 49.30632], [-94.6272, 49.3088]], [[-94.65317, 49.99219], [-94.62893, 49.99169], [-94.6527, 49.9924], [-94.65317, 49.99219]], [[-94.6391, 49.31], [-94.62923, 49.31045], [-94.6304, 49.3114], [-94.6391, 49.31]], [[-94.6482, 49.3186], [-94.64809, 49.31829], [-94.6398, 49.3207], [-94.6482, 49.3186]], [[-94.6415, 49.3106], [-94.6414, 49.31065], [-94.642, 49.31097], [-94.6415, 49.3106]], [[-94.6468, 49.3145], [-94.64597, 49.31389], [-94.64755, 49.31669], [-94.6468, 49.3145]], [[-94.68622, 49.36189], [-94.6816, 49.3638], [-94.6839, 49.3649], [-94.68622, 49.36189]], [[-94.6906, 49.3847], [-94.68769, 49.38101], [-94.6875, 49.3811], [-94.6906, 49.3847]], [[-94.69489, 49.35832], [-94.69115, 49.35986], [-94.6935, 49.3604], [-94.69489, 49.35832]], [[-94.6976, 49.3572], [-94.6962, 49.35778], [-94.69677, 49.35963], [-94.6976, 49.3572]], [[-94.701, 49.3648], [-94.70069, 49.36213], [-94.6964, 49.3769], [-94.701, 49.3648]], [[-94.69813, 49.36397], [-94.69804, 49.36379], [-94.6981, 49.364], [-94.69813, 49.36397]], [[-94.7005, 49.3605], [-94.6985, 49.36363], [-94.70063, 49.36165], [-94.7005, 49.3605]], [[-94.7023, 49.4197], [-94.7006, 49.4126], [-94.70211, 49.41985], [-94.7023, 49.4197]]], [[[-81.48755, 46.001], [-81.49096, 46.00157], [-81.4893, 46.0025], [-81.48755, 46.001]]], [[[-81.55358, 45.99459], [-81.55132, 45.99592], [-81.54916, 45.99515], [-81.55144, 45.99276], [-81.55121, 45.98973], [-81.55303, 45.98877], [-81.56283, 45.98911], [-81.56014, 45.991], [-81.55899, 45.99309], [-81.55358, 45.99459]]], [[[-81.6329, 45.96288], [-81.62929, 45.96243], [-81.62629, 45.96322], [-81.58601, 45.98296], [-81.58223, 45.98164], [-81.59267, 45.97925], [-81.5951, 45.97628], [-81.59397, 45.97312], [-81.61912, 45.96165], [-81.6343, 45.96129], [-81.6329, 45.96288]]], [[[-81.65614, 46.0188], [-81.6689, 46.01814], [-81.67988, 46.01347], [-81.70031, 46.01206], [-81.69722, 46.01546], [-81.68417, 46.01682], [-81.68204, 46.01793], [-81.67786, 46.022], [-81.66886, 46.02179], [-81.66164, 46.02585], [-81.64736, 46.02339], [-81.65614, 46.0188]]], [[[-81.65205, 45.95421], [-81.65195, 45.9541], [-81.65222, 45.95401], [-81.65205, 45.95421]]], [[[-81.665, 45.9412], [-81.6872, 45.9421], [-81.68812, 45.94447], [-81.68804, 45.94447], [-81.6782, 45.94714], [-81.67339, 45.94593], [-81.67011, 45.94628], [-81.66705, 45.9443], [-81.66261, 45.9434], [-81.665, 45.9412]]]]}}, {"type": "Feature", "properties": {"id": "on-sunday-divide-band", "name": "Near the French-Mattawa divide", "sunday_gun": true, "basis": "reg665_s66", "boundary_accuracy": "approximate", "near_divide": true, "band_half_m": 500}, "geometry": {"type": "MultiPolygon", "coordinates": [[[[-81.0217, 45.94614], [-81.02438, 45.945], [-81.04328, 45.9468], [-81.04713, 45.94857], [-81.04893, 45.9484], [-81.06724, 45.9393], [-81.07143, 45.93873], [-81.07487, 45.93976], [-81.07555, 45.94058], [-81.0786, 45.94425], [-81.07834, 45.94726], [-81.07647, 45.94899], [-81.07426, 45.94981], [-81.06909, 45.94936], [-81.05409, 45.95679], [-81.04088, 45.95826], [-81.03659, 45.95762], [-81.03381, 45.95506], [-81.02733, 45.95679], [-81.02356, 45.95659], [-81.02059, 45.95496], [-81.01945, 45.95244], [-81.02017, 45.94847], [-81.0263, 45.9493], [-81.02018, 45.9484], [-81.02032, 45.94761], [-81.0217, 45.94614]]], [[[-81.081, 45.93592], [-81.0855, 45.9345], [-81.09203, 45.93528], [-81.0984, 45.93765], [-81.10642, 45.93741], [-81.11014, 45.93845], [-81.11461, 45.93708], [-81.1178, 45.93701], [-81.12547, 45.94038], [-81.12718, 45.93913], [-81.133, 45.93124], [-81.13725, 45.92886], [-81.13339, 45.92282], [-81.13376, 45.91969], [-81.13829, 45.91607], [-81.14308, 45.91525], [-81.15936, 45.91832], [-81.16151, 45.91975], [-81.16368, 45.92272], [-81.16934, 45.92254], [-81.17278, 45.92364], [-81.17431, 45.92505], [-81.17497, 45.92715], [-81.19761, 45.9257], [-81.20126, 45.92645], [-81.20404, 45.92936], [-81.20401, 45.93114], [-81.20298, 45.93278], [-81.18856, 45.93952], [-81.19093, 45.9412], [-81.19231, 45.94467], [-81.21457, 45.9446], [-81.21757, 45.94511], [-81.21951, 45.94618], [-81.22349, 45.95027], [-81.22405, 45.95192], [-81.22359, 45.95605], [-81.22411, 45.95656], [-81.23896, 45.95683], [-81.24395, 45.95297], [-81.24621, 45.95204], [-81.25455, 45.9501], [-81.26645, 45.95153], [-81.27573, 45.94651], [-81.28045, 45.94588], [-81.2887, 45.94963], [-81.2898, 45.95166], [-81.28924, 45.95411], [-81.29068, 45.95562], [-81.29727, 45.95552], [-81.30088, 45.95713], [-81.30225, 45.95996], [-81.3012, 45.9639], [-81.3062, 45.96218], [-81.30936, 45.9621], [-81.31219, 45.96308], [-81.31396, 45.96478], [-81.31933, 45.96416], [-81.32595, 45.96603], [-81.32806, 45.96731], [-81.33096, 45.96495], [-81.33313, 45.96412], [-81.3393, 45.96294], [-81.35202, 45.96204], [-81.35522, 45.96341], [-81.36336, 45.97141], [-81.36607, 45.97008], [-81.36977, 45.96992], [-81.37254, 45.9709], [-81.37448, 45.97302], [-81.39003, 45.97277], [-81.39977, 45.97615], [-81.40252, 45.979], [-81.40269, 45.98474], [-81.42444, 45.98631], [-81.42865, 45.98501], [-81.43277, 45.98577], [-81.43749, 45.98391], [-81.44339, 45.98515], [-81.44875, 45.98234], [-81.45341, 45.98223], [-81.45642, 45.97683], [-81.46105, 45.97275], [-81.4716, 45.96882], [-81.4768, 45.96895], [-81.48522, 45.96398], [-81.48995, 45.96354], [-81.49449, 45.95888], [-81.51818, 45.94599], [-81.52247, 45.9456], [-81.53946, 45.94959], [-81.54152, 45.95122], [-81.54225, 45.95332], [-81.54149, 45.95542], [-81.53889, 45.95778], [-81.53972, 45.95993], [-81.53946, 45.96173], [-81.54307, 45.96483], [-81.54395, 45.96695], [-81.54353, 45.9687], [-81.54196, 45.97036], [-81.54184, 45.97328], [-81.5371, 45.97726], [-81.53436, 45.97841], [-81.53054, 45.97839], [-81.52381, 45.97638], [-81.5229, 45.97715], [-81.52239, 45.97815], [-81.52526, 45.98092], [-81.52484, 45.98391], [-81.52699, 45.98668], [-81.52667, 45.98884], [-81.52493, 45.99064], [-81.5222, 45.99166], [-81.50715, 45.99329], [-81.50674, 45.99381], [-81.50991, 45.99462], [-81.51223, 45.9967], [-81.5126, 45.99889], [-81.51117, 46.00119], [-81.51163, 46.00331], [-81.5105, 46.00546], [-81.51348, 46.00562], [-81.52518, 46.00145], [-81.52589, 45.9989], [-81.52807, 45.99723], [-81.52685, 45.99476], [-81.52813, 45.9919], [-81.53053, 45.99054], [-81.53766, 45.98872], [-81.53775, 45.98677], [-81.53881, 45.98523], [-81.5471, 45.98061], [-81.55067, 45.97971], [-81.56324, 45.98011], [-81.56459, 45.9772], [-81.56624, 45.9758], [-81.57795, 45.97313], [-81.57966, 45.96968], [-81.58149, 45.96807], [-81.61407, 45.95323], [-81.63149, 45.95236], [-81.6343, 45.94993], [-81.65789, 45.94245], [-81.66256, 45.94339], [-81.6588, 45.9469], [-81.66261, 45.9434], [-81.66705, 45.9443], [-81.67011, 45.94628], [-81.67339, 45.94593], [-81.6782, 45.94714], [-81.688, 45.94448], [-81.68804, 45.94447], [-81.68812, 45.94447], [-81.69238, 45.94468], [-81.69523, 45.94637], [-81.69623, 45.94844], [-81.69543, 45.951], [-81.69328, 45.95259], [-81.67986, 45.95633], [-81.67459, 45.95585], [-81.67017, 45.95793], [-81.667, 45.95778], [-81.66475, 45.95689], [-81.66021, 45.96226], [-81.65827, 45.96348], [-81.64627, 45.9649], [-81.64003, 45.97193], [-81.63808, 45.97312], [-81.63433, 45.97368], [-81.63008, 45.97236], [-81.58711, 45.99332], [-81.58216, 45.99339], [-81.57858, 45.99115], [-81.57209, 45.99539], [-81.57178, 45.9976], [-81.58421, 46.00068], [-81.61329, 45.99751], [-81.66256, 45.99854], [-81.67715, 46.00462], [-81.71019, 46.00242], [-81.72418, 46.00646], [-81.72616, 46.00958], [-81.72484, 46.01243], [-81.71618, 46.01868], [-81.70861, 46.01979], [-81.70705, 46.02212], [-81.70482, 46.02354], [-81.69053, 46.02512], [-81.684, 46.03069], [-81.68107, 46.0312], [-81.67302, 46.03075], [-81.66575, 46.03502], [-81.66258, 46.03525], [-81.65039, 46.03318], [-81.64737, 46.03566], [-81.64309, 46.03612], [-81.64025, 46.03521], [-81.63468, 46.03144], [-81.62418, 46.03608], [-81.62102, 46.03637], [-81.61787, 46.03546], [-81.59011, 46.0424], [-81.56317, 46.05007], [-81.56507, 46.05195], [-81.56533, 46.05438], [-81.5702, 46.05461], [-81.57355, 46.05711], [-81.57396, 46.05883], [-81.57298, 46.06436], [-81.57496, 46.06891], [-81.57475, 46.07109], [-81.57309, 46.07294], [-81.57096, 46.07389], [-81.56129, 46.07519], [-81.55557, 46.08094], [-81.55277, 46.0819], [-81.54981, 46.08186], [-81.54962, 46.08262], [-81.5555, 46.08356], [-81.55728, 46.0848], [-81.55831, 46.08673], [-81.56994, 46.08457], [-81.57336, 46.08581], [-81.57522, 46.08805], [-81.59026, 46.08978], [-81.59329, 46.09141], [-81.59446, 46.09382], [-81.59982, 46.09509], [-81.60246, 46.09659], [-81.62986, 46.09756], [-81.63252, 46.0988], [-81.63382, 46.10035], [-81.63521, 46.10451], [-81.63489, 46.10661], [-81.63847, 46.10707], [-81.64109, 46.10873], [-81.65898, 46.10994], [-81.66205, 46.1074], [-81.66477, 46.10628], [-81.68233, 46.10509], [-81.68246, 46.09142], [-81.68423, 46.08912], [-81.68817, 46.08782], [-81.715, 46.0878], [-81.71853, 46.08853], [-81.72064, 46.0901], [-81.72142, 46.09173], [-81.72195, 46.1035], [-81.72502, 46.1045], [-81.73942, 46.10158], [-81.74632, 46.1023], [-81.74848, 46.1009], [-81.75143, 46.1003], [-81.76909, 46.10319], [-81.77116, 46.10264], [-81.77186, 46.10022], [-81.77399, 46.09857], [-81.79029, 46.09401], [-81.80908, 46.09433], [-81.81198, 46.0951], [-81.81376, 46.0964], [-81.82728, 46.09331], [-81.83043, 46.09403], [-81.83643, 46.09715], [-81.85127, 46.09846], [-81.87149, 46.09654], [-81.88247, 46.08943], [-81.88599, 46.08851], [-81.89018, 46.08935], [-81.89557, 46.09325], [-81.97271, 46.08651], [-82.01159, 46.09084], [-82.03724, 46.09708], [-82.04109, 46.09574], [-82.05064, 46.09612], [-82.1415, 45.99305], [-82.1456, 45.99101], [-82.14941, 45.99123], [-82.15238, 45.99291], [-82.21319, 46.05673], [-82.26424, 46.05709], [-82.35941, 46.01205], [-82.36244, 46.0115], [-82.36549, 46.01201], [-82.36784, 46.01347], [-82.36882, 46.01508], [-82.36872, 46.01591], [-82.36849, 46.01769], [-82.36613, 46.01972], [-82.26868, 46.06575], [-82.209, 46.06567], [-82.20662, 46.06515], [-82.20432, 46.06369], [-82.14721, 46.00377], [-82.05961, 46.10316], [-82.05617, 46.10506], [-82.05055, 46.10514], [-82.04792, 46.10738], [-82.04353, 46.10806], [-82.0084, 46.09958], [-81.97219, 46.09555], [-81.8933, 46.1025], [-81.88979, 46.10187], [-81.88608, 46.09936], [-81.87657, 46.10504], [-81.85161, 46.10749], [-81.81934, 46.10456], [-81.81147, 46.10607], [-81.80487, 46.10504], [-81.80184, 46.10319], [-81.79316, 46.10304], [-81.79259, 46.10517], [-81.79014, 46.10711], [-81.77119, 46.11224], [-81.76793, 46.11227], [-81.75462, 46.10995], [-81.75027, 46.11185], [-81.7408, 46.11065], [-81.72434, 46.1138], [-81.71285, 46.11047], [-81.71002, 46.10868], [-81.70913, 46.10653], [-81.70872, 46.0968], [-81.69527, 46.0968], [-81.69514, 46.11008], [-81.69379, 46.11207], [-81.69124, 46.11337], [-81.66986, 46.11491], [-81.66576, 46.1182], [-81.66285, 46.11913], [-81.64524, 46.11785], [-81.64199, 46.12019], [-81.63908, 46.12088], [-81.63548, 46.12038], [-81.63272, 46.11842], [-81.62266, 46.11852], [-81.61945, 46.12025], [-81.61563, 46.12035], [-81.61333, 46.11956], [-81.60642, 46.1149], [-81.60524, 46.11205], [-81.60126, 46.10991], [-81.60048, 46.1072], [-81.59912, 46.1055], [-81.59226, 46.10475], [-81.58939, 46.10213], [-81.5822, 46.10012], [-81.5801, 46.09769], [-81.56756, 46.09607], [-81.56603, 46.09785], [-81.56333, 46.09899], [-81.55775, 46.09845], [-81.55484, 46.09972], [-81.55105, 46.09969], [-81.54756, 46.09784], [-81.54663, 46.09619], [-81.54625, 46.09306], [-81.54363, 46.09125], [-81.53635, 46.09056], [-81.53286, 46.08819], [-81.53257, 46.0852], [-81.53408, 46.08332], [-81.53664, 46.08207], [-81.53909, 46.07434], [-81.54152, 46.07281], [-81.54614, 46.07151], [-81.54506, 46.06863], [-81.54688, 46.06585], [-81.55366, 46.06382], [-81.53101, 46.06404], [-81.52877, 46.06327], [-81.52683, 46.06158], [-81.52624, 46.0599], [-81.52686, 46.05778], [-81.52934, 46.05586], [-81.5334, 46.05507], [-81.5324, 46.05323], [-81.53254, 46.05149], [-81.53547, 46.04874], [-81.54183, 46.04773], [-81.54468, 46.04562], [-81.56998, 46.03841], [-81.52896, 46.04175], [-81.51274, 46.04859], [-81.48066, 46.05503], [-81.47626, 46.05449], [-81.46902, 46.05155], [-81.46673, 46.04945], [-81.46634, 46.04769], [-81.46737, 46.04547], [-81.46703, 46.0426], [-81.46848, 46.0407], [-81.47104, 46.03949], [-81.48161, 46.03912], [-81.48463, 46.04058], [-81.48601, 46.04285], [-81.50049, 46.04022], [-81.50025, 46.03892], [-81.4984, 46.03686], [-81.49829, 46.03465], [-81.50033, 46.02894], [-81.50404, 46.02681], [-81.55022, 46.01663], [-81.59042, 46.01845], [-81.61306, 46.0135], [-81.61906, 46.01415], [-81.62785, 46.00824], [-81.63142, 46.0075], [-81.63461, 46.0081], [-81.63552, 46.00696], [-81.61411, 46.00651], [-81.58332, 46.0098], [-81.55378, 46.00268], [-81.54944, 46.00446], [-81.54431, 46.00386], [-81.5408, 46.00642], [-81.53733, 46.00688], [-81.51549, 46.01467], [-81.49552, 46.01369], [-81.48975, 46.01579], [-81.48666, 46.01593], [-81.47482, 46.01069], [-81.4738, 46.00909], [-81.47374, 46.00733], [-81.47614, 46.00455], [-81.47677, 46.00172], [-81.48061, 45.9995], [-81.48545, 45.9998], [-81.48413, 45.99772], [-81.48464, 45.9951], [-81.49271, 45.99024], [-81.49286, 45.98844], [-81.49434, 45.98656], [-81.49751, 45.98524], [-81.50813, 45.98408], [-81.50953, 45.98249], [-81.50832, 45.98047], [-81.50844, 45.97872], [-81.51133, 45.97303], [-81.51781, 45.96742], [-81.52197, 45.9664], [-81.52725, 45.96761], [-81.52775, 45.96577], [-81.52399, 45.96114], [-81.5242, 45.95936], [-81.5254, 45.95776], [-81.52545, 45.9557], [-81.52239, 45.95502], [-81.50382, 45.96518], [-81.49545, 45.97351], [-81.49187, 45.9743], [-81.48863, 45.97372], [-81.47763, 45.98023], [-81.47221, 45.98056], [-81.47315, 45.98377], [-81.47587, 45.98531], [-81.47701, 45.98737], [-81.47634, 45.98996], [-81.47424, 45.99161], [-81.46155, 45.99608], [-81.45676, 45.99505], [-81.45516, 45.99366], [-81.45445, 45.99157], [-81.45291, 45.99135], [-81.44742, 45.99438], [-81.44428, 45.9949], [-81.44136, 45.99438], [-81.437, 45.99652], [-81.43383, 45.99639], [-81.42966, 45.99487], [-81.42991, 45.99676], [-81.42876, 45.99881], [-81.42636, 46.00023], [-81.42328, 46.0007], [-81.41283, 45.99705], [-81.41051, 45.99487], [-81.40705, 45.99622], [-81.40176, 45.9953], [-81.3971, 45.99677], [-81.39228, 45.99582], [-81.39064, 45.99447], [-81.38988, 45.99277], [-81.38977, 45.98261], [-81.38739, 45.98174], [-81.374, 45.98203], [-81.36483, 45.98937], [-81.36186, 45.99008], [-81.35876, 45.98974], [-81.35626, 45.98841], [-81.35495, 45.98642], [-81.35499, 45.98466], [-81.35667, 45.98173], [-81.35057, 45.98173], [-81.34723, 45.98055], [-81.34529, 45.97784], [-81.34646, 45.97468], [-81.33746, 45.97352], [-81.3245, 45.98466], [-81.32064, 45.98597], [-81.317, 45.98552], [-81.31431, 45.98375], [-81.31346, 45.98124], [-81.31485, 45.97862], [-81.31359, 45.97752], [-81.30386, 45.97802], [-81.29728, 45.97547], [-81.2864, 45.97932], [-81.28202, 45.97913], [-81.27884, 45.97703], [-81.27831, 45.97399], [-81.27975, 45.97203], [-81.28498, 45.9686], [-81.28259, 45.96692], [-81.28175, 45.96467], [-81.277, 45.96462], [-81.27365, 45.96339], [-81.27223, 45.96191], [-81.27176, 45.96006], [-81.26686, 45.9627], [-81.26396, 45.96338], [-81.26093, 45.96306], [-81.25802, 45.96181], [-81.25389, 45.96247], [-81.2504, 45.96141], [-81.24086, 45.96882], [-81.2381, 45.96986], [-81.23377, 45.96958], [-81.23059, 45.96729], [-81.22415, 45.97027], [-81.21976, 45.97019], [-81.21645, 45.96817], [-81.2157, 45.96545], [-81.20913, 45.96503], [-81.20571, 45.96258], [-81.20538, 45.96], [-81.20759, 45.95743], [-81.20762, 45.95546], [-81.20884, 45.95362], [-81.17972, 45.9535], [-81.17618, 45.95165], [-81.17214, 45.94571], [-81.16022, 45.94284], [-81.15839, 45.94053], [-81.15872, 45.93791], [-81.16111, 45.93586], [-81.16523, 45.93494], [-81.16331, 45.93357], [-81.16241, 45.9318], [-81.1516, 45.93195], [-81.14952, 45.93402], [-81.14335, 45.93683], [-81.14149, 45.93936], [-81.14234, 45.94185], [-81.1414, 45.94395], [-81.13915, 45.94549], [-81.13604, 45.94633], [-81.13398, 45.95008], [-81.1298, 45.95193], [-81.12606, 45.95161], [-81.11977, 45.94859], [-81.10046, 45.95225], [-81.09673, 45.95216], [-81.09302, 45.9499], [-81.09209, 45.94605], [-81.0807, 45.94477], [-81.07816, 45.9428], [-81.07764, 45.94021], [-81.0857, 45.939], [-81.07771, 45.94009], [-81.081, 45.93592]], [[-81.68417, 46.01682], [-81.69722, 46.01546], [-81.70031, 46.01206], [-81.67988, 46.01347], [-81.6689, 46.01814], [-81.65614, 46.0188], [-81.64736, 46.02339], [-81.66164, 46.02585], [-81.66886, 46.02179], [-81.67786, 46.022], [-81.68204, 46.01793], [-81.68417, 46.01682]], [[-81.55144, 45.99276], [-81.54916, 45.99515], [-81.55132, 45.99592], [-81.55358, 45.99459], [-81.55899, 45.99309], [-81.56014, 45.991], [-81.56283, 45.98911], [-81.55303, 45.98877], [-81.55121, 45.98973], [-81.55144, 45.99276]], [[-81.65205, 45.95421], [-81.65222, 45.95401], [-81.65195, 45.9541], [-81.65205, 45.95421]], [[-81.58223, 45.98164], [-81.58601, 45.98296], [-81.62629, 45.96322], [-81.62929, 45.96243], [-81.6329, 45.96288], [-81.6343, 45.96129], [-81.61912, 45.96165], [-81.59397, 45.97312], [-81.5951, 45.97628], [-81.59267, 45.97925], [-81.58223, 45.98164]], [[-81.48755, 46.001], [-81.4893, 46.0025], [-81.49096, 46.00157], [-81.48755, 46.001]], [[-81.52536, 46.03301], [-81.57923, 46.02859], [-81.58482, 46.02721], [-81.55179, 46.02565], [-81.5146, 46.03391], [-81.51657, 46.03649], [-81.52536, 46.03301]]], [[[-80.64285, 46.01021], [-80.75485, 46.0124], [-80.8625, 46.0067], [-80.91029, 46.00924], [-80.91302, 46.00861], [-80.93133, 45.99042], [-80.94577, 45.98331], [-80.96521, 45.96296], [-80.98188, 45.95661], [-80.99529, 45.95858], [-80.9972, 45.95961], [-80.9972, 45.95961], [-80.99777, 45.95992], [-80.99905, 45.96191], [-80.99833, 45.9649], [-80.99562, 45.96671], [-80.99193, 45.96717], [-80.9834, 45.96588], [-80.97359, 45.96993], [-80.95514, 45.98963], [-80.94054, 45.99683], [-80.92164, 46.0156], [-80.91253, 46.01819], [-80.8625, 46.01571], [-80.75482, 46.0214], [-80.64248, 46.01916], [-80.6386, 46.01779], [-80.63726, 46.0163], [-80.63695, 46.015], [-80.63684, 46.01457], [-80.63843, 46.01175], [-80.64285, 46.01021]]], [[[-79.42268, 46.30102], [-79.45168, 46.29296], [-79.44819, 46.28537], [-79.44035, 46.2771], [-79.43826, 46.2713], [-79.4334, 46.26975], [-79.42042, 46.25677], [-79.42011, 46.24979], [-79.41743, 46.24738], [-79.41442, 46.23724], [-79.41584, 46.22645], [-79.41864, 46.22354], [-79.42167, 46.22282], [-79.79854, 46.20092], [-79.85538, 46.20156], [-79.8629, 46.19519], [-79.89676, 46.18487], [-79.92072, 46.17278], [-79.98815, 46.15321], [-79.9908, 46.14763], [-80.00249, 46.13912], [-79.99842, 46.12864], [-79.99851, 46.12684], [-80.00004, 46.12485], [-80.02843, 46.1106], [-80.03159, 46.11021], [-80.03954, 46.11117], [-80.04269, 46.10985], [-80.04313, 46.10601], [-80.04451, 46.10393], [-80.0556, 46.09872], [-80.09731, 46.08776], [-80.11357, 46.08875], [-80.15047, 46.07268], [-80.18659, 46.07445], [-80.20717, 46.06115], [-80.20273, 46.05622], [-80.20205, 46.05453], [-80.20288, 46.05198], [-80.20618, 46.05], [-80.23706, 46.04622], [-80.29441, 46.03341], [-80.32231, 46.03446], [-80.36083, 46.02781], [-80.43173, 46.0327], [-80.47463, 46.0328], [-80.49454, 46.02862], [-80.51822, 46.0289], [-80.51945, 46.02923], [-80.52006, 46.02939], [-80.5208, 46.02958], [-80.52229, 46.02997], [-80.52446, 46.0326], [-80.52441, 46.03436], [-80.5234, 46.03597], [-80.51986, 46.03773], [-80.49602, 46.03761], [-80.47558, 46.0418], [-80.43076, 46.04168], [-80.36178, 46.03686], [-80.32382, 46.04345], [-80.29661, 46.04235], [-80.24058, 46.05488], [-80.21914, 46.05749], [-80.22187, 46.06115], [-80.2218, 46.06292], [-80.22075, 46.06453], [-80.19164, 46.08318], [-80.18837, 46.08358], [-80.15393, 46.08161], [-80.11744, 46.09759], [-80.09981, 46.0967], [-80.06202, 46.10654], [-80.05572, 46.10937], [-80.05496, 46.11408], [-80.05224, 46.11635], [-80.04231, 46.12028], [-80.03267, 46.11946], [-80.01222, 46.12972], [-80.01609, 46.13967], [-80.01578, 46.14195], [-80.00174, 46.15267], [-79.99966, 46.15808], [-79.99726, 46.16021], [-79.9271, 46.18065], [-79.90323, 46.1927], [-79.87027, 46.20274], [-79.86341, 46.20912], [-79.86031, 46.21044], [-79.79932, 46.2099], [-79.42816, 46.23148], [-79.42745, 46.23693], [-79.42928, 46.2429], [-79.4315, 46.24405], [-79.43295, 46.24609], [-79.43309, 46.25396], [-79.44141, 46.26208], [-79.44782, 46.262], [-79.45165, 46.26422], [-79.45235, 46.2668], [-79.45088, 46.26921], [-79.45234, 46.27347], [-79.46007, 46.28164], [-79.46616, 46.29601], [-79.46508, 46.29811], [-79.46268, 46.2996], [-79.42799, 46.30913], [-79.42305, 46.30873], [-79.41996, 46.30604], [-79.42001, 46.30385], [-79.42631, 46.30485], [-79.4597, 46.2956], [-79.4262, 46.3048], [-79.42001, 46.30383], [-79.42002, 46.30343], [-79.42268, 46.30102]], [[-80.5181, 46.0334], [-80.5212, 46.0326], [-80.52094, 46.03211], [-80.5181, 46.0334]]], [[[-78.88314, 46.2773], [-78.90823, 46.28248], [-78.97576, 46.26693], [-79.01111, 46.26301], [-79.08607, 46.26757], [-79.10242, 46.27186], [-79.13604, 46.26541], [-79.17768, 46.26695], [-79.18153, 46.26839], [-79.1828, 46.27056], [-79.1767, 46.2714], [-79.18288, 46.27069], [-79.18318, 46.2712], [-79.1828, 46.27293], [-79.18149, 46.27444], [-79.17762, 46.27585], [-79.13712, 46.27443], [-79.10209, 46.2811], [-79.08342, 46.27643], [-79.01183, 46.27203], [-78.97885, 46.27568], [-78.90837, 46.2917], [-78.88058, 46.28595], [-78.87769, 46.28428], [-78.87683, 46.28229], [-78.87661, 46.28178], [-78.87712, 46.28006], [-78.87854, 46.2786], [-78.88314, 46.2773]]], [[[-78.72139, 46.30152], [-78.75766, 46.29963], [-78.76158, 46.30098], [-78.76174, 46.30123], [-78.7569, 46.3041], [-78.76178, 46.30129], [-78.76337, 46.30375], [-78.76222, 46.30667], [-78.75866, 46.30843], [-78.72351, 46.31042], [-78.71049, 46.3144], [-78.70627, 46.32319], [-78.70585, 46.3235], [-78.7006, 46.321], [-78.69465, 46.32012], [-78.69902, 46.30972], [-78.70204, 46.30717], [-78.72139, 46.30152]]]]}}]}