{"type": "FeatureCollection", "metadata": {"crs": "EPSG:4326", "layer": "wmu", "feature_count": 151, "license": "OGL-Ontario"}, "features": [{"type": "Feature", "properties": {"id": "on-wmu-1", "wmu_id": "3", "name": "3", "province": "ON", "source": "Ontario LIO \u2014 Wildlife Management Unit"}, "geometry": {"type": "Polygon", "coordinates": [[[-94.5253, 50.4111], [-93.8453, 50.411], [-93.8592, 50.4144], [-93.8663, 50.4206], [-93.845, 50.4264], [-93.8393, 50.4363], [-93.8072, 50.4427], [-93.8173, 50.4635], [-93.8242, 50.4667], [-93.8222, 50.4757], [-93.812, 50.4825], [-93.8151, 50.4851], [-93.7945, 50.4841], [-93.7939, 50.4895], [-93.7814, 50.4994], [-93.779, 50.5081], [-93.7619, 50.5137], [-93.7507, 50.522], [-93.7505, 50.5316], [-93.7548, 50.5354], [-93.7511, 50.5388], [-93.6882, 50.5446], [-93.6841, 50.5518], [-93.6878, 50.5558], [-93.6823, 50.5595], [-93.6438, 50.5644], [-93.6252, 50.5721], [-93.6088, 50.5717], [-93.5937, 50.5769], [-93.5755, 50.5731], [-93.5752, 50.5694], [-93.5812, 50.5633], [-93.5637, 50.5595], [-93.5197, 50.5628], [-93.5119, 50.5723], [-93.4544, 50.584], [-93.4308, 50.5859], [-93.417, 50.5812], [-93.3922, 50.582], [-93.3829, 50.5878], [-93.3851, 50.5976], [-93.3916, 50.6032], [-93.3897, 50.6059], [-93.4168, 50.6176], [-93.4201, 50.6216], [-93.4154, 50.6425], [-93.4061, 50.6521], [-93.3482, 50.6584], [-93.3292, 50.656], [-93.3253, 50.6494], [-93.334, 50.6407], [-93.3209, 50.6423], [-93.3136, 50.636], [-93.3065, 50.6349], [-93.3095, 50.6289], [-93.3072, 50.6174], [-93.295, 50.6165], [-93.2874, 50.6101], [-93.2706, 50.6113], [-93.2659, 50.6234], [-93.2567, 50.6286], [-93.2159, 50.6263], [-93.2159, 50.6293], [-93.2271, 50.6324], [-93.2332, 50.6378], [-93.2156, 50.6534], [-93.2084, 50.6538], [-93.2042, 50.6499], [-93.2146, 50.6993], [-93.2109, 50.7169], [-93.1583, 50.7527], [-93.154, 50.7708], [-93.1455, 50.7788], [-93.1464, 50.7983], [-93.1693, 50.8174], [-93.1693, 50.8222], [-93.1524, 50.8302], [-93.1434, 50.8393], [-93.1405, 50.8528], [-93.1232, 50.8817], [-93.093, 50.8986], [-93.0648, 50.9238], [-93.0681, 50.9434], [-93.0212, 50.9607], [-93.0121, 50.9729], [-93.0049, 50.9772], [-92.9691, 50.9841], [-92.9628, 50.9898], [-92.9639, 50.9943], [-92.9583, 51.0022], [-92.913, 51.0252], [-92.8603, 51.0395], [-92.7991, 51.0832], [-92.7657, 51.0917], [-92.7455, 51.1119], [-92.7508, 51.1214], [-92.7328, 51.1432], [-92.7295, 51.185], [-92.724, 51.1971], [-92.7192, 51.2294], [-92.6952, 51.2694], [-92.616, 51.3194], [-92.6067, 51.356], [-92.6125, 51.3584], [-92.5951, 51.3693], [-92.5929, 51.3668], [-92.5889, 51.3684], [-92.59, 51.3714], [-92.5695, 51.3784], [-92.578, 51.3833], [-92.5871, 51.3728], [-92.5896, 51.3748], [-92.601, 51.3682], [-92.5998, 51.3727], [-92.5961, 51.3723], [-92.582, 51.384], [-92.5861, 51.3849], [-92.5784, 51.3936], [-92.577, 51.4006], [-92.5705, 51.4062], [-92.554, 51.4122], [-92.5718, 51.4074], [-92.5694, 51.4116], [-92.5724, 51.4133], [-92.5602, 51.4151], [-92.5639, 51.4201], [-92.5753, 51.4152], [-92.5807, 51.4172], [-92.5719, 51.4222], [-92.5716, 51.4274], [-92.5769, 51.429], [-92.5766, 51.4328], [-92.5695, 51.4293], [-92.5619, 51.434], [-92.5609, 51.4284], [-92.5525, 51.4265], [-92.5412, 51.4492], [-92.5486, 51.4501], [-92.5464, 51.4531], [-92.5552, 51.4567], [-92.5411, 51.4651], [-92.546, 51.4693], [-92.5361, 51.4689], [-92.5378, 51.4732], [-92.5408, 51.4728], [-92.5366, 51.4785], [-92.5328, 51.4788], [-92.5269, 51.4697], [-92.5235, 51.476], [-92.5309, 51.4787], [-92.5247, 51.4802], [-92.5264, 51.4825], [-92.5346, 51.4828], [-92.5365, 51.4869], [-92.534, 51.4867], [-92.534, 51.4913], [-92.5847, 51.4982], [-92.5774, 51.5034], [-92.5788, 51.508], [-92.5843, 51.5086], [-92.5836, 51.5122], [-92.591, 51.5169], [-92.5717, 51.5271], [-92.5687, 51.542], [-92.5741, 51.5439], [-92.5759, 51.5488], [-92.5737, 51.5529], [-92.5635, 51.5569], [-92.5668, 51.562], [-92.5616, 51.5663], [-92.5634, 51.5711], [-92.5607, 51.5726], [-92.5696, 51.5784], [-92.5994, 51.584], [-92.6047, 51.5901], [-92.6022, 51.591], [-92.6073, 51.5943], [-92.6045, 51.5966], [-92.605, 51.6022], [-92.6168, 51.6025], [-92.6263, 51.5988], [-92.6332, 51.6039], [-92.6427, 51.5962], [-92.6526, 51.6041], [-92.6523, 51.6079], [-92.6463, 51.6115], [-92.6669, 51.6094], [-92.6676, 51.6198], [-92.6541, 51.6369], [-92.6577, 51.6443], [-92.6543, 51.6478], [-92.656, 51.66], [-92.6534, 51.6621], [-92.6577, 51.6698], [-92.6617, 51.6696], [-92.6691, 51.676], [-92.6964, 51.6702], [-92.7104, 51.6744], [-92.7429, 51.6745], [-92.753, 51.6795], [-92.7501, 51.6832], [-92.752, 51.6882], [-92.7663, 51.6873], [-92.7667, 51.6912], [-92.7602, 51.6985], [-92.7749, 51.7032], [-92.7952, 51.7031], [-92.8404, 51.6885], [-92.8581, 51.6978], [-92.8683, 51.6919], [-92.887, 51.696], [-92.8927, 51.6928], [-92.8917, 51.6881], [-92.9131, 51.684], [-92.9179, 51.7076], [-92.8922, 51.7143], [-92.9052, 51.7242], [-92.9021, 51.7293], [-92.9217, 51.7322], [-92.9349, 51.7407], [-92.9343, 51.7434], [-92.9571, 51.7493], [-92.9872, 51.7683], [-93.0175, 51.7735], [-93.0344, 51.7747], [-93.0413, 51.7717], [-93.067, 51.7794], [-93.0839, 51.7805], [-93.0956, 51.7756], [-93.1106, 51.7778], [-93.1181, 51.7758], [-93.1288, 51.781], [-93.1461, 51.777], [-93.1486, 51.7796], [-93.1653, 51.7799], [-93.1804, 51.7883], [-93.1891, 51.7856], [-93.1913, 51.7812], [-93.2126, 51.7757], [-93.2398, 51.7734], [-93.2556, 51.7674], [-93.2679, 51.7682], [-93.272, 51.7625], [-93.2772, 51.7645], [-93.283, 51.782], [-93.2927, 51.7823], [-93.3003, 51.787], [-93.3149, 51.786], [-93.3295, 51.7911], [-93.3549, 51.7793], [-93.3615, 51.7817], [-93.3791, 51.779], [-93.3917, 51.7834], [-93.4039, 51.7773], [-93.4158, 51.7779], [-93.4419, 51.7612], [-93.4604, 51.7613], [-93.4662, 51.7584], [-93.4925, 51.7597], [-93.4947, 51.7631], [-93.5053, 51.7646], [-93.5085, 51.7679], [-93.4895, 51.7762], [-93.4972, 51.785], [-93.4905, 51.7886], [-93.5052, 51.7955], [-93.5024, 51.8032], [-93.5079, 51.8051], [-93.5127, 51.8129], [-93.5302, 51.8069], [-93.5458, 51.8071], [-93.5566, 51.8011], [-93.5665, 51.8046], [-93.568, 51.8098], [-93.5834, 51.8054], [-93.5867, 51.7931], [-93.5819, 51.7858], [-93.5821, 51.7798], [-93.5855, 51.7727], [-93.5897, 51.7736], [-93.5957, 51.7847], [-93.6094, 51.7914], [-93.6129, 51.7898], [-93.6075, 51.7755], [-93.6475, 51.783], [-93.6624, 51.7809], [-93.6905, 51.7649], [-93.731, 51.7699], [-93.7396, 51.7655], [-93.8136, 51.7704], [-93.8199, 51.7757], [-93.8126, 51.7849], [-93.895, 51.8079], [-93.9474, 51.8042], [-93.9895, 51.7943], [-94.0059, 51.7952], [-94.0093, 51.7839], [-94.0293, 51.7739], [-94.0057, 51.7523], [-94.006, 51.7371], [-94.0127, 51.7281], [-94.0039, 51.7232], [-94.0074, 51.719], [-94.0095, 51.6976], [-94.0132, 51.6894], [-94.0034, 51.6814], [-94.0015, 51.6754], [-94.0074, 51.6764], [-94.0135, 51.6723], [-94.034, 51.6815], [-94.051, 51.6829], [-94.0601, 51.6754], [-94.0649, 51.6771], [-94.0806, 51.6738], [-94.0889, 51.6656], [-94.0898, 51.6629], [-94.0813, 51.661], [-94.0672, 51.6637], [-94.0634, 51.658], [-94.0702, 51.6563], [-94.0697, 51.652], [-94.0784, 51.6483], [-94.078, 51.6387], [-94.0737, 51.6388], [-94.0797, 51.6311], [-94.0707, 51.6269], [-94.0739, 51.6247], [-94.0722, 51.6221], [-94.0762, 51.614], [-94.0815, 51.6103], [-94.0826, 51.605], [-94.0907, 51.6031], [-94.0967, 51.5974], [-94.0844, 51.5989], [-94.0847, 51.593], [-94.0658, 51.5842], [-94.068, 51.5792], [-94.065, 51.5751], [-94.0588, 51.5688], [-94.0532, 51.57], [-94.0503, 51.5666], [-94.068, 51.5588], [-94.0956, 51.5524], [-94.0901, 51.5472], [-94.0911, 51.541], [-94.0867, 51.5371], [-94.0958, 51.5239], [-94.0903, 51.5169], [-94.091, 51.5096], [-94.097, 51.5058], [-94.0964, 51.5001], [-94.1099, 51.4966], [-94.1046, 51.491], [-94.1084, 51.4877], [-94.1042, 51.4802], [-94.1098, 51.4754], [-94.1063, 51.4701], [-94.1096, 51.4664], [-94.1201, 51.4716], [-94.1237, 51.4705], [-94.1238, 51.466], [-94.1332, 51.4698], [-94.142, 51.4677], [-94.1487, 51.4589], [-94.1453, 51.4517], [-94.1515, 51.4477], [-94.1446, 51.4384], [-94.1454, 51.4335], [-94.1683, 51.4278], [-94.172, 51.4172], [-94.1696, 51.4123], [-94.0627, 51.3986], [-94.0514, 51.3948], [-94.0547, 51.3894], [-94.0527, 51.3836], [-94.0474, 51.3802], [-94.0603, 51.377], [-94.0596, 51.3696], [-94.0646, 51.3665], [-94.0562, 51.363], [-94.0642, 51.3563], [-94.0594, 51.3483], [-94.0742, 51.3427], [-94.0739, 51.3399], [-94.0619, 51.3382], [-94.0659, 51.3344], [-94.059, 51.3348], [-94.0537, 51.3312], [-94.0639, 51.3266], [-94.067, 51.3234], [-94.0654, 51.3218], [-94.0468, 51.3202], [-94.0417, 51.3102], [-94.0258, 51.3027], [-94.0247, 51.294], [-94.0106, 51.2947], [-93.992, 51.2832], [-93.9934, 51.2806], [-93.9757, 51.278], [-93.9712, 51.2739], [-93.9736, 51.2655], [-93.9645, 51.2664], [-93.9651, 51.2644], [-93.9554, 51.2688], [-93.949, 51.2658], [-93.9413, 51.2679], [-93.9328, 51.2643], [-93.9163, 51.2648], [-93.9005, 51.2589], [-93.8949, 51.2466], [-93.8763, 51.2465], [-93.8649, 51.2406], [-93.854, 51.243], [-93.8481, 51.2297], [-93.8386, 51.2268], [-93.8362, 51.2178], [-93.8386, 51.207], [-93.8345, 51.2042], [-93.8347, 51.2003], [-93.8379, 51.1944], [-93.8473, 51.1898], [-93.85, 51.1923], [-93.8806, 51.1921], [-93.8899, 51.1827], [-93.9013, 51.1853], [-93.9201, 51.18], [-93.9234, 51.1778], [-93.9229, 51.1705], [-93.9274, 51.1664], [-93.9474, 51.1586], [-93.9728, 51.1539], [-93.9784, 51.1402], [-93.9875, 51.1365], [-93.9919, 51.1361], [-93.9893, 51.1487], [-94.0203, 51.154], [-94.0298, 51.1499], [-94.035, 51.1466], [-94.0465, 51.1155], [-94.0418, 51.0959], [-94.0551, 51.0876], [-94.0803, 51.0832], [-94.1638, 51.0902], [-94.1744, 51.0844], [-94.1757, 51.0794], [-94.1997, 51.0775], [-94.2012, 51.0701], [-94.1963, 51.0482], [-94.191, 51.0447], [-94.1895, 51.0389], [-94.1806, 51.034], [-94.1918, 51.0253], [-94.172, 51.0238], [-94.1675, 51.0108], [-94.1557, 51.0123], [-94.1438, 51.0183], [-94.1239, 51.0105], [-94.1067, 51.0091], [-94.099, 51.0177], [-94.0778, 51.0184], [-94.0322, 51.0338], [-93.9942, 51.0332], [-93.9849, 51.0361], [-93.9815, 51.03], [-93.9863, 51.024], [-94.0149, 51.01], [-94.0155, 50.9966], [-94.0372, 50.9921], [-94.048, 50.9861], [-94.0478, 50.9821], [-94.0382, 50.9732], [-94.0396, 50.9681], [-94.0451, 50.9644], [-94.044, 50.9603], [-94.0492, 50.9497], [-94.0426, 50.9473], [-94.0408, 50.9415], [-94.0472, 50.9394], [-94.0452, 50.9297], [-94.0526, 50.9252], [-94.0434, 50.9212], [-94.0472, 50.9154], [-94.0436, 50.9074], [-94.0476, 50.9002], [-94.0575, 50.8957], [-94.1102, 50.885], [-94.1418, 50.8633], [-94.1469, 50.8522], [-94.1437, 50.8462], [-94.1473, 50.8419], [-94.1377, 50.8366], [-94.1371, 50.825], [-94.1513, 50.8169], [-94.1451, 50.8133], [-94.1493, 50.8087], [-94.1462, 50.8023], [-94.135, 50.7983], [-94.1371, 50.7943], [-94.153, 50.7896], [-94.1725, 50.7751], [-94.2108, 50.7576], [-94.224, 50.7618], [-94.2425, 50.759], [-94.2428, 50.7567], [-94.2577, 50.7541], [-94.2705, 50.7446], [-94.3057, 50.7317], [-94.3113, 50.7265], [-94.3444, 50.7221], [-94.3548, 50.7179], [-94.3598, 50.7114], [-94.3803, 50.711], [-94.4047, 50.6858], [-94.4159, 50.6844], [-94.4321, 50.6611], [-94.479, 50.6277], [-94.4708, 50.6235], [-94.4483, 50.625], [-94.4519, 50.6108], [-94.4636, 50.5978], [-94.4532, 50.5979], [-94.4472, 50.5956], [-94.4443, 50.5877], [-94.4369, 50.5883], [-94.4325, 50.5808], [-94.4392, 50.5768], [-94.4184, 50.5631], [-94.4204, 50.5583], [-94.4181, 50.5553], [-94.4237, 50.5491], [-94.4211, 50.5483], [-94.4249, 50.5468], [-94.4245, 50.5398], [-94.44, 50.529], [-94.4256, 50.5258], [-94.4001, 50.5313], [-94.3969, 50.5278], [-94.3947, 50.5143], [-94.4196, 50.5002], [-94.4104, 50.501], [-94.3995, 50.4974], [-94.3967, 50.4955], [-94.399, 50.4922], [-94.3772, 50.4857], [-94.379, 50.4791], [-94.3622, 50.4746], [-94.3603, 50.4704], [-94.4105, 50.4457], [-94.4715, 50.4303], [-94.4923, 50.4278], [-94.5133, 50.4208], [-94.5165, 50.4155], [-94.5253, 50.4111]]]}}, {"type": "Feature", "properties": {"id": "on-wmu-2", "wmu_id": "67", "name": "67", "province": "ON", "source": "Ontario LIO \u2014 Wildlife Management Unit"}, "geometry": {"type": "Polygon", "coordinates": [[[-76.6956, 44.47], [-76.6849, 44.4542], [-76.6696, 44.4451], [-76.6639, 44.4015], [-76.664, 44.3663], [-76.6328, 44.345], [-76.6185, 44.3188], [-76.5983, 44.3036], [-76.571, 44.2915], [-76.5679, 44.2841], [-76.5149, 44.2709], [-76.4932, 44.2691], [-76.4753, 44.2773], [-76.4321, 44.2879], [-76.4177, 44.295], [-76.4107, 44.3024], [-76.3798, 44.3162], [-76.2311, 44.3315], [-76.2087, 44.3384], [-76.165, 44.3451], [-76.1332, 44.3433], [-76.1035, 44.3517], [-76.0395, 44.3768], [-76.0025, 44.3777], [-75.9672, 44.3858], [-75.9355, 44.4024], [-75.896, 44.4312], [-75.8881, 44.451], [-75.8697, 44.4738], [-75.8277, 44.5149], [-75.8055, 44.5201], [-75.7878, 44.5189], [-75.7691, 44.5277], [-75.768, 44.544], [-75.7644, 44.5507], [-75.7413, 44.5666], [-75.7293, 44.5837], [-75.7012, 44.5995], [-75.7853, 44.6278], [-75.821, 44.6281], [-75.861, 44.6414], [-75.9001, 44.6746], [-75.9157, 44.6788], [-75.9334, 44.7], [-75.9853, 44.7364], [-75.9863, 44.7448], [-75.9712, 44.7559], [-75.9696, 44.7892], [-75.9757, 44.8017], [-76.013, 44.834], [-76.0071, 44.8463], [-76.0128, 44.8532], [-76.015, 44.88], [-76.0198, 44.8853], [-76.0217, 44.9039], [-76.0253, 44.9066], [-76.072, 44.9124], [-76.1137, 44.8915], [-76.1308, 44.8957], [-76.1556, 44.895], [-76.1912, 44.9065], [-76.2329, 44.9044], [-76.2463, 44.8972], [-76.2643, 44.91], [-76.3255, 44.8808], [-76.3988, 44.8671], [-76.5226, 44.8366], [-76.5535, 44.8352], [-76.5902, 44.8269], [-76.6339, 44.8139], [-76.649, 44.8044], [-76.6794, 44.7983], [-76.6788, 44.7859], [-76.6901, 44.7682], [-76.6849, 44.7609], [-76.689, 44.7488], [-76.6791, 44.7329], [-76.6793, 44.7265], [-76.6707, 44.7107], [-76.6757, 44.6958], [-76.6705, 44.6745], [-76.6831, 44.6602], [-76.7168, 44.6555], [-76.7164, 44.6404], [-76.6941, 44.6158], [-76.6863, 44.5875], [-76.6736, 44.5826], [-76.6688, 44.5726], [-76.6685, 44.5643], [-76.6783, 44.5486], [-76.6826, 44.5336], [-76.695, 44.5147], [-76.6886, 44.4946], [-76.6956, 44.47]]]}}, {"type": "Feature", "properties": {"id": "on-wmu-3", "wmu_id": "87D", "name": "87D", "province": "ON", "source": "Ontario LIO \u2014 Wildlife Management Unit"}, "geometry": {"type": "Polygon", "coordinates": [[[-80.2486, 43.3335], [-80.2039, 43.2183], [-79.8995, 43.2724], [-79.8968, 43.2762], [-79.8935, 43.2737], [-79.8871, 43.2906], [-79.9125, 43.3084], [-79.8842, 43.3291], [-79.8761, 43.3291], [-79.8601, 43.3453], [-80.0341, 43.4709], [-80.0839, 43.4351], [-80.0787, 43.4182], [-80.2063, 43.3972], [-80.1891, 43.343], [-80.2486, 43.3335]]]}}, {"type": "Feature", "properties": {"id": "on-wmu-4", "wmu_id": "68B", "name": "68B", "province": "ON", "source": "Ontario LIO \u2014 Wildlife Management Unit"}, "geometry": {"type": "Polygon", "coordinates": [[[-77.8166, 44.2509], [-77.8062, 44.2458], [-77.7887, 44.2281], [-77.7848, 44.2282], [-77.7613, 44.2364], [-77.7461, 44.2379], [-77.7182, 44.2596], [-77.693, 44.2588], [-77.6808, 44.2639], [-77.6716, 44.2583], [-77.6528, 44.2568], [-77.6401, 44.2482], [-77.6155, 44.2535], [-77.6073, 44.2636], [-77.5935, 44.264], [-77.5857, 44.2689], [-77.5705, 44.269], [-77.5687, 44.2628], [-77.573, 44.2463], [-77.5819, 44.2404], [-77.5961, 44.2224], [-77.5942, 44.2015], [-77.5908, 44.1949], [-77.593, 44.1882], [-77.5809, 44.1516], [-77.5823, 44.1444], [-77.5931, 44.1282], [-77.524, 44.1603], [-77.2912, 44.2216], [-77.2635, 44.2173], [-77.2461, 44.2191], [-76.998, 44.2533], [-76.9606, 44.2661], [-76.94, 44.2656], [-76.9147, 44.2722], [-76.5823, 44.2899], [-76.5701, 44.2853], [-76.5692, 44.2886], [-76.6006, 44.305], [-76.6166, 44.3171], [-76.6328, 44.345], [-76.6636, 44.3657], [-76.6639, 44.4015], [-76.6696, 44.4451], [-76.685, 44.4544], [-76.6956, 44.4714], [-76.7126, 44.4679], [-76.7597, 44.4707], [-76.7669, 44.4765], [-76.8142, 44.4899], [-76.9057, 44.45], [-76.9132, 44.452], [-76.9282, 44.4463], [-76.9777, 44.421], [-76.9869, 44.4129], [-77.0297, 44.3934], [-77.0421, 44.4176], [-77.0522, 44.4139], [-77.0707, 44.4134], [-77.0913, 44.4284], [-77.1047, 44.4196], [-77.2942, 44.3724], [-77.2987, 44.353], [-77.3072, 44.3519], [-77.3088, 44.355], [-77.3351, 44.3484], [-77.3355, 44.3587], [-77.3426, 44.3734], [-77.4483, 44.3482], [-77.4549, 44.3439], [-77.4755, 44.3421], [-77.4896, 44.3339], [-77.5179, 44.3273], [-77.5475, 44.2962], [-77.5551, 44.3088], [-77.5765, 44.3301], [-77.6029, 44.3873], [-77.6133, 44.4002], [-77.6941, 44.3811], [-77.6966, 44.3778], [-77.7153, 44.4133], [-77.7283, 44.4041], [-77.7334, 44.3913], [-77.7409, 44.3826], [-77.7538, 44.3832], [-77.7546, 44.3788], [-77.7631, 44.3736], [-77.7769, 44.3439], [-77.7725, 44.3292], [-77.7964, 44.3128], [-77.8016, 44.3054], [-77.8023, 44.2954], [-77.796, 44.279], [-77.8059, 44.2654], [-77.805, 44.2617], [-77.8166, 44.2509]]]}}, {"type": "Feature", "properties": {"id": "on-wmu-5", "wmu_id": "19", "name": "19", "province": "ON", "source": "Ontario LIO \u2014 Wildlife Management Unit"}, "geometry": {"type": "Polygon", "coordinates": [[[-88.3814, 50.2876], [-88.3474, 50.2907], [-88.3255, 50.2856], [-88.3212, 50.2825], [-88.3183, 50.2633], [-88.3135, 50.2621], [-88.3127, 50.2573], [-88.3042, 50.2584], [-88.3068, 50.2487], [-88.2991, 50.2454], [-88.3009, 50.2411], [-88.3046, 50.2405], [-88.3018, 50.2326], [-88.2906, 50.232], [-88.2883, 50.2279], [-88.2853, 50.2322], [-88.2734, 50.2304], [-88.273, 50.2261], [-88.2679, 50.2225], [-88.2717, 50.2179], [-88.2636, 50.219], [-88.2587, 50.2142], [-88.2554, 50.218], [-88.2326, 50.2206], [-88.2297, 50.2172], [-88.2132, 50.2147], [-88.217, 50.2085], [-88.2131, 50.2096], [-88.2059, 50.2057], [-88.2108, 50.2035], [-88.207, 50.1995], [-88.2113, 50.1979], [-88.2053, 50.1964], [-88.2091, 50.195], [-88.2078, 50.1926], [-88.1989, 50.1934], [-88.1999, 50.1902], [-88.1928, 50.1901], [-88.1932, 50.1841], [-88.1839, 50.1819], [-88.192, 50.1793], [-88.191, 50.1767], [-88.1851, 50.175], [-88.1826, 50.1706], [-88.1745, 50.1704], [-88.1773, 50.1635], [-88.1731, 50.162], [-88.176, 50.1588], [-88.1652, 50.1564], [-88.1666, 50.1509], [-88.1628, 50.1504], [-88.1653, 50.1483], [-88.1612, 50.1464], [-88.161, 50.1396], [-88.1519, 50.1398], [-88.1508, 50.1376], [-88.155, 50.1372], [-88.1524, 50.1365], [-88.1545, 50.1353], [-88.1519, 50.1289], [-88.146, 50.1267], [-88.1497, 50.1225], [-88.1366, 50.121], [-88.1373, 50.1166], [-88.1318, 50.1118], [-88.1362, 50.1073], [-88.1325, 50.1068], [-88.1307, 50.0993], [-88.1389, 50.0961], [-88.1325, 50.0891], [-88.1352, 50.0838], [-88.1562, 50.0765], [-88.1732, 50.0753], [-88.1812, 50.0775], [-88.1882, 50.0852], [-88.1914, 50.1048], [-88.1971, 50.1161], [-88.2216, 50.1277], [-88.2342, 50.1266], [-88.2391, 50.1229], [-88.2416, 50.1122], [-88.234, 50.103], [-88.2362, 50.0985], [-88.231, 50.0993], [-88.226, 50.0918], [-88.2153, 50.0877], [-88.209, 50.0812], [-88.2069, 50.077], [-88.2099, 50.0733], [-88.2041, 50.0698], [-88.2057, 50.0636], [-88.1998, 50.0467], [-88.2005, 50.041], [-88.2049, 50.0372], [-88.2014, 50.0297], [-88.2078, 50.0267], [-88.2062, 50.0205], [-88.2134, 50.0194], [-88.2092, 50.0178], [-88.2101, 50.013], [-88.2056, 50.0126], [-88.2147, 50.0089], [-88.2152, 50.0047], [-88.2064, 50.0048], [-88.2192, 49.9979], [-88.2144, 49.9966], [-88.2311, 49.9889], [-88.2296, 49.9833], [-88.2192, 49.9822], [-88.2098, 49.9874], [-88.1981, 49.983], [-88.1869, 49.9885], [-88.1748, 49.9899], [-88.1771, 50.0013], [-88.1814, 49.999], [-88.1841, 50.001], [-88.1767, 50.0037], [-88.184, 50.006], [-88.1785, 50.0095], [-88.1778, 50.0127], [-88.1808, 50.0143], [-88.1541, 50.0298], [-88.1596, 50.0361], [-88.1535, 50.0424], [-88.1443, 50.043], [-88.1381, 50.0416], [-88.1361, 50.0296], [-88.1266, 50.0267], [-88.13, 50.0188], [-88.1132, 50.0109], [-88.1151, 50.0083], [-88.1049, 50.0028], [-88.082, 49.9966], [-88.0764, 49.9906], [-88.0807, 49.9865], [-88.0644, 49.987], [-88.0522, 49.9907], [-88.0472, 49.9982], [-88.0389, 49.9983], [-88.0252, 49.9906], [-88.0331, 49.9844], [-88.0078, 49.9815], [-88.0085, 49.9699], [-88.0013, 49.9705], [-88.0036, 49.9663], [-88.0013, 49.9646], [-87.983, 49.9602], [-87.9824, 49.9575], [-87.9887, 49.9531], [-88.0036, 49.955], [-88.0079, 49.9513], [-88.0081, 49.9482], [-87.9924, 49.9513], [-87.989, 49.9417], [-88.008, 49.9401], [-88.0179, 49.9358], [-88.0226, 49.9384], [-88.0349, 49.932], [-88.0385, 49.9352], [-88.0323, 49.9399], [-88.0401, 49.9409], [-88.0357, 49.945], [-88.0385, 49.9472], [-88.0462, 49.9442], [-88.0504, 49.9384], [-88.0736, 49.9341], [-88.0768, 49.9301], [-88.0694, 49.9277], [-88.0725, 49.9217], [-88.0658, 49.9205], [-88.0734, 49.9154], [-88.0701, 49.9107], [-88.0725, 49.9091], [-88.0826, 49.9111], [-88.0828, 49.916], [-88.0894, 49.9184], [-88.0883, 49.9205], [-88.0935, 49.9178], [-88.1191, 49.9204], [-88.1195, 49.9283], [-88.1299, 49.931], [-88.1408, 49.9241], [-88.1262, 49.9243], [-88.127, 49.9209], [-88.1819, 49.9109], [-88.1777, 49.9075], [-88.1812, 49.9032], [-88.1812, 49.8929], [-88.1718, 49.8944], [-88.1691, 49.8987], [-88.1648, 49.8972], [-88.1271, 49.9046], [-88.1199, 49.8946], [-88.0912, 49.8953], [-88.0861, 49.8911], [-88.0841, 49.8957], [-88.0752, 49.8955], [-88.0665, 49.8908], [-88.0609, 49.883], [-88.0796, 49.8796], [-88.0816, 49.8746], [-88.0899, 49.8702], [-88.0852, 49.8656], [-88.0875, 49.865], [-88.0807, 49.8641], [-88.0841, 49.8621], [-88.0691, 49.8552], [-88.0869, 49.8524], [-88.0953, 49.8572], [-88.0974, 49.8531], [-88.0913, 49.8469], [-88.0912, 49.8413], [-88.0863, 49.8418], [-88.0881, 49.8393], [-88.0823, 49.8376], [-88.0837, 49.8355], [-88.0728, 49.8311], [-88.0745, 49.8278], [-88.0798, 49.8295], [-88.0873, 49.8242], [-88.0833, 49.8186], [-88.0848, 49.8162], [-88.0815, 49.8147], [-88.0854, 49.8116], [-88.077, 49.807], [-88.0853, 49.8029], [-88.0829, 49.8004], [-88.0855, 49.7976], [-88.0908, 49.7985], [-88.089, 49.796], [-88.0937, 49.7959], [-88.0932, 49.7935], [-88.1119, 49.8017], [-88.1318, 49.7991], [-88.135, 49.7953], [-88.1313, 49.7944], [-88.1376, 49.791], [-88.1413, 49.7837], [-88.1405, 49.78], [-88.1332, 49.7767], [-88.1262, 49.7789], [-88.1296, 49.7757], [-88.1257, 49.7733], [-88.1263, 49.7698], [-88.1178, 49.7664], [-88.108, 49.7543], [-88.0968, 49.7489], [-88.1008, 49.7446], [-88.0917, 49.7464], [-88.0861, 49.7425], [-88.0854, 49.7323], [-88.0939, 49.7299], [-88.0917, 49.7288], [-88.0934, 49.7228], [-88.0973, 49.72], [-88.0895, 49.7166], [-88.0904, 49.7107], [-88.1008, 49.7083], [-88.1057, 49.7015], [-88.105, 49.6942], [-88.0994, 49.6911], [-88.0855, 49.6935], [-88.0821, 49.6911], [-88.0832, 49.687], [-88.0972, 49.679], [-88.1, 49.6715], [-88.105, 49.67], [-88.1103, 49.6624], [-88.0945, 49.6635], [-88.0903, 49.6564], [-88.0895, 49.6507], [-88.0948, 49.6456], [-88.0912, 49.6381], [-88.0928, 49.6344], [-88.0898, 49.6329], [-88.0938, 49.6277], [-88.1145, 49.6128], [-88.1299, 49.6133], [-88.1194, 49.6117], [-88.1271, 49.6064], [-88.1198, 49.6058], [-88.1186, 49.6032], [-88.1392, 49.5982], [-88.1267, 49.598], [-88.1263, 49.5955], [-88.1449, 49.5955], [-88.1566, 49.589], [-88.1634, 49.5812], [-88.1688, 49.5802], [-88.1633, 49.5782], [-88.1659, 49.5735], [-88.1569, 49.5775], [-88.1521, 49.575], [-88.1599, 49.5662], [-88.1582, 49.5642], [-88.1644, 49.5606], [-88.1571, 49.5591], [-88.1611, 49.5571], [-88.1576, 49.557], [-88.1598, 49.556], [-88.1577, 49.554], [-88.1658, 49.5502], [-88.1472, 49.5437], [-88.1518, 49.5379], [-88.1459, 49.535], [-88.1549, 49.5343], [-88.1458, 49.5298], [-88.1425, 49.5201], [-88.1383, 49.5169], [-88.1345, 49.52], [-88.1306, 49.5174], [-88.1162, 49.5207], [-88.1124, 49.5187], [-88.1113, 49.5272], [-88.104, 49.5302], [-88.0933, 49.5274], [-88.0923, 49.5309], [-88.0792, 49.5289], [-88.0736, 49.5323], [-88.0726, 49.5297], [-88.0696, 49.5364], [-88.0576, 49.5435], [-88.0629, 49.5476], [-88.0556, 49.55], [-88.0602, 49.5529], [-88.0574, 49.5588], [-88.062, 49.561], [-88.0387, 49.5677], [-88.0312, 49.5659], [-88.0169, 49.5687], [-87.9998, 49.5766], [-87.9868, 49.5764], [-87.9727, 49.5821], [-87.9716, 49.587], [-87.9666, 49.5885], [-87.9671, 49.5922], [-87.9631, 49.595], [-87.9661, 49.5972], [-87.9559, 49.6141], [-87.9341, 49.6195], [-87.9217, 49.6304], [-87.8888, 49.6327], [-87.8217, 49.6557], [-87.8065, 49.6555], [-87.7229, 49.67], [-87.6557, 49.6676], [-87.6263, 49.6697], [-87.5911, 49.6795], [-87.5649, 49.6765], [-87.5248, 49.6869], [-87.4933, 49.6871], [-87.4247, 49.7036], [-87.3983, 49.7027], [-87.3594, 49.7089], [-87.3225, 49.6978], [-87.2928, 49.6987], [-87.2594, 49.6928], [-87.2382, 49.6983], [-87.2144, 49.697], [-87.1826, 49.7002], [-87.1507, 49.7118], [-87.1255, 49.7117], [-87.1032, 49.6988], [-87.0541, 49.6941], [-86.9877, 49.6774], [-86.9375, 49.6807], [-86.8935, 49.6919], [-86.8495, 49.6892], [-86.8046, 49.6949], [-86.7143, 49.7411], [-86.673, 49.7494], [-86.6102, 49.768], [-86.5683, 49.7866], [-86.5199, 49.7796], [-86.4486, 49.7764], [-86.3915, 49.7803], [-86.3341, 49.7945], [-86.2548, 49.7839], [-86.2162, 49.7835], [-86.0901, 49.7855], [-86.046, 49.7914], [-85.9266, 49.7903], [-85.8825, 49.799], [-85.8457, 49.8008], [-85.7071, 49.8005], [-85.6444, 49.7906], [-85.6156, 49.7822], [-85.5868, 49.78], [-85.5588, 49.7683], [-85.5126, 49.7669], [-85.4746, 49.7724], [-85.4357, 49.7672], [-85.314, 49.7595], [-85.2382, 49.7654], [-85.2022, 49.7606], [-85.0664, 49.7582], [-85.0658, 49.7618], [-85.0707, 49.7654], [-85.0613, 49.7665], [-85.0641, 49.7716], [-85.0609, 49.7745], [-85.0647, 49.7771], [-85.0611, 49.7811], [-85.064, 49.7828], [-85.0636, 49.7971], [-85.0666, 49.7981], [-85.0588, 49.802], [-85.0613, 49.8043], [-85.0592, 49.8091], [-85.0497, 49.8093], [-85.0369, 49.8173], [-85.0314, 49.8159], [-85.0255, 49.8229], [-85.0145, 49.8243], [-84.9976, 49.8371], [-84.9935, 49.8346], [-84.9777, 49.8474], [-84.9598, 49.8548], [-84.9592, 49.8581], [-84.9402, 49.8636], [-84.9412, 49.8678], [-84.9298, 49.8751], [-84.9204, 49.8776], [-84.914, 49.8753], [-84.9045, 49.881], [-84.904, 49.8899], [-84.8885, 49.8924], [-84.8775, 49.8889], [-84.8623, 49.8959], [-84.8638, 49.901], [-85.1974, 50.0212], [-85.2161, 50.0142], [-85.2283, 50.0137], [-85.4141, 50.0296], [-85.5303, 50.0511], [-85.6093, 50.0591], [-85.8018, 50.0896], [-86.0142, 50.1141], [-86.066, 50.1122], [-86.1344, 50.1207], [-86.2085, 50.1171], [-86.4834, 50.148], [-86.5025, 50.1539], [-86.5381, 50.1588], [-86.5596, 50.1541], [-86.5818, 50.1534], [-86.5956, 50.157], [-86.6518, 50.1602], [-86.7231, 50.1822], [-86.7459, 50.1863], [-86.7857, 50.1896], [-86.8103, 50.1858], [-86.8198, 50.1873], [-86.8623, 50.1989], [-86.8777, 50.2173], [-86.9353, 50.2178], [-87.1224, 50.2464], [-87.1973, 50.2464], [-87.2315, 50.2416], [-87.2565, 50.2341], [-87.3136, 50.2296], [-87.339, 50.2327], [-87.4006, 50.254], [-87.457, 50.2586], [-87.4709, 50.2564], [-87.4985, 50.2445], [-87.5336, 50.2404], [-87.5488, 50.2332], [-87.5735, 50.2294], [-87.5846, 50.2228], [-87.6034, 50.221], [-87.6761, 50.2347], [-87.7277, 50.2403], [-87.7446, 50.2453], [-87.7583, 50.2446], [-87.8053, 50.2314], [-87.8518, 50.2345], [-87.9042, 50.2274], [-87.9717, 50.2541], [-88.068, 50.2325], [-88.0923, 50.2481], [-88.1141, 50.2559], [-88.1839, 50.2593], [-88.1973, 50.2652], [-88.2163, 50.2672], [-88.3239, 50.2994], [-88.3406, 50.306], [-88.3517, 50.3153], [-88.3676, 50.2955], [-88.3814, 50.2876]]]}}, {"type": "Feature", "properties": {"id": "on-wmu-6", "wmu_id": "91A", "name": "91A", "province": "ON", "source": "Ontario LIO \u2014 Wildlife Management Unit"}, "geometry": {"type": "Polygon", "coordinates": [[[-81.4689, 43.2889], [-81.4512, 43.2005], [-81.4258, 43.1978], [-81.3549, 43.1655], [-81.2798, 43.0212], [-81.2593, 43.0072], [-81.251, 42.9914], [-81.2485, 42.9813], [-81.2623, 42.9775], [-81.2585, 42.9396], [-81.2917, 42.9118], [-81.3001, 42.9096], [-81.2768, 42.8561], [-81.2522, 42.8618], [-81.1038, 42.8733], [-81.0866, 42.8776], [-81.0875, 42.8814], [-81.0665, 42.8874], [-80.7712, 42.9317], [-80.8116, 42.9827], [-80.831, 43.0003], [-80.836, 43.0135], [-80.8666, 43.0372], [-80.8801, 43.036], [-80.8885, 43.0432], [-80.8951, 43.0403], [-80.9803, 43.0484], [-80.9963, 43.059], [-81.0066, 43.0727], [-81.0002, 43.0804], [-81.0844, 43.2464], [-81.2243, 43.2034], [-81.4312, 43.2931], [-81.4689, 43.2889]]]}}, {"type": "Feature", "properties": {"id": "on-wmu-7", "wmu_id": "89B", "name": "89B", "province": "ON", "source": "Ontario LIO \u2014 Wildlife Management Unit"}, "geometry": {"type": "Polygon", "coordinates": [[[-79.3864, 42.9913], [-79.3919, 43.1362], [-79.5121, 43.1326], [-79.6485, 43.1628], [-79.6583, 43.1441], [-79.7097, 43.1559], [-79.7539, 43.0505], [-79.9843, 43.132], [-80.0035, 43.0893], [-79.9902, 43.0874], [-79.9678, 43.0767], [-79.9437, 43.0702], [-79.9153, 43.0551], [-79.9116, 43.0464], [-79.8963, 43.0326], [-79.8893, 43.0157], [-79.8799, 43.0118], [-79.8711, 43.0034], [-79.8732, 42.995], [-79.8703, 42.9857], [-79.8785, 42.9782], [-79.8804, 42.9653], [-79.8625, 42.9555], [-79.8598, 42.9522], [-79.8606, 42.9444], [-79.8473, 42.9336], [-79.8326, 42.9288], [-79.8286, 42.9148], [-79.8138, 42.9133], [-79.7802, 42.9191], [-79.738, 42.9201], [-79.7264, 42.915], [-79.7155, 42.9262], [-79.6854, 42.9328], [-79.6805, 42.9308], [-79.6774, 42.924], [-79.657, 42.9186], [-79.6479, 42.9101], [-79.6096, 42.898], [-79.608, 42.9011], [-79.6092, 42.8978], [-79.5998, 42.8968], [-79.5896, 42.887], [-79.567, 42.8818], [-79.564, 42.8764], [-79.5741, 42.8691], [-79.5743, 42.8652], [-79.5712, 42.8661], [-79.5741, 42.8619], [-79.5691, 42.8643], [-79.5759, 42.856], [-79.5839, 42.5841], [-79.3811, 42.6611], [-79.3764, 42.8908], [-79.367, 42.8909], [-79.3679, 42.9202], [-79.378, 42.9266], [-79.3777, 42.9816], [-79.3864, 42.9913]]]}}, {"type": "Feature", "properties": {"id": "on-wmu-8", "wmu_id": "9B", "name": "9B", "province": "ON", "source": "Ontario LIO \u2014 Wildlife Management Unit"}, "geometry": {"type": "Polygon", "coordinates": [[[-93.927, 48.9729], [-93.911, 48.9755], [-93.887, 48.9701], [-93.8719, 48.9789], [-93.8651, 48.9866], [-93.8513, 48.9833], [-93.8453, 48.9517], [-93.815, 48.9193], [-93.7907, 48.8825], [-93.7702, 48.8589], [-93.6749, 48.7729], [-93.5798, 48.7095], [-93.5522, 48.7005], [-93.4934, 48.6644], [-93.4225, 48.6357], [-93.3748, 48.6357], [-93.3748, 48.6315], [-93.3639, 48.6316], [-93.3234, 48.6513], [-93.2897, 48.6539], [-93.2783, 48.6723], [-93.2586, 48.6831], [-93.2265, 48.6904], [-93.1827, 48.6885], [-93.148, 48.6955], [-93.1376, 48.7038], [-93.117, 48.7075], [-93.1065, 48.7132], [-93.0786, 48.718], [-93.0379, 48.7173], [-93.0296, 48.7063], [-93.0265, 48.6908], [-93.0062, 48.6874], [-92.9908, 48.6956], [-92.9729, 48.699], [-92.9223, 48.7195], [-92.886, 48.7229], [-92.7952, 48.7463], [-92.7229, 48.7478], [-92.6784, 48.7589], [-92.6392, 48.7611], [-92.585, 48.7535], [-92.5856, 48.7785], [-92.642, 48.7765], [-92.6489, 48.7793], [-92.6487, 48.7842], [-92.6179, 48.8096], [-92.6158, 48.8143], [-92.5992, 48.8176], [-92.5802, 48.8401], [-92.5535, 48.862], [-92.4957, 48.8826], [-92.4782, 48.8834], [-92.4729, 48.8881], [-92.4564, 48.8866], [-92.4418, 48.8963], [-92.4469, 48.9205], [-92.4449, 48.9244], [-92.4515, 48.9244], [-92.4452, 48.9391], [-92.4485, 48.9476], [-92.4454, 48.9526], [-92.4397, 48.9508], [-92.4332, 48.9562], [-92.434, 48.9609], [-92.4177, 48.9948], [-92.4052, 48.9978], [-92.3985, 49.0057], [-92.4029, 49.0137], [-92.4017, 49.0204], [-92.9425, 49.0158], [-92.9422, 49.1045], [-93.9224, 49.1068], [-93.9202, 49.0954], [-93.9084, 49.0862], [-93.904, 49.0689], [-93.894, 49.0616], [-93.912, 49.0181], [-93.9289, 49.0039], [-93.9248, 48.9921], [-93.927, 48.9729]]]}}, {"type": "Feature", "properties": {"id": "on-wmu-9", "wmu_id": "21B", "name": "21B", "province": "ON", "source": "Ontario LIO \u2014 Wildlife Management Unit"}, "geometry": {"type": "Polygon", "coordinates": [[[-86.3463, 49.7259], [-86.3401, 49.7171], [-86.3093, 49.6956], [-86.2857, 49.6886], [-86.2661, 49.6761], [-86.2335, 49.6704], [-86.216, 49.6566], [-86.1929, 49.6536], [-86.1865, 49.6456], [-86.1742, 49.6401], [-86.1724, 49.6329], [-86.1582, 49.6331], [-86.15, 49.6267], [-86.1308, 49.6195], [-86.1361, 49.6068], [-86.1601, 49.6085], [-86.1934, 49.5985], [-86.2195, 49.6015], [-86.2384, 49.5992], [-86.2312, 49.5926], [-86.2343, 49.592], [-86.2317, 49.5912], [-86.2338, 49.5889], [-86.2312, 49.5821], [-86.2279, 49.5822], [-86.2343, 49.576], [-86.232, 49.5749], [-86.2376, 49.5729], [-86.2351, 49.5662], [-86.2384, 49.5648], [-86.2236, 49.5546], [-86.2072, 49.5514], [-86.2046, 49.5455], [-86.2083, 49.5432], [-86.2082, 49.5273], [-86.2126, 49.5186], [-86.2108, 49.5107], [-86.2168, 49.4945], [-86.2137, 49.4653], [-86.2083, 49.4573], [-86.2142, 49.4496], [-86.2151, 49.4429], [-86.2072, 49.4407], [-86.2014, 49.4289], [-86.2049, 49.4256], [-86.1978, 49.4175], [-86.1957, 49.409], [-86.196, 49.3849], [-86.1685, 49.3959], [-86.1417, 49.3978], [-86.1176, 49.3945], [-86.1128, 49.3909], [-86.1125, 49.383], [-86.1095, 49.3811], [-86.104, 49.3865], [-86.0987, 49.3865], [-86.0872, 49.3804], [-86.07, 49.3643], [-86.0503, 49.3601], [-86.0372, 49.3487], [-86.0397, 49.3397], [-86.0328, 49.3303], [-86.0375, 49.3308], [-86.038, 49.3205], [-86.0339, 49.3222], [-86.031, 49.3169], [-86.0329, 49.3159], [-86.0281, 49.3146], [-86.039, 49.3124], [-86.0405, 49.3056], [-86.046, 49.3056], [-86.0432, 49.3028], [-86.0481, 49.298], [-86.0471, 49.2946], [-86.0547, 49.2905], [-86.0465, 49.2897], [-86.0537, 49.2827], [-86.0527, 49.2783], [-86.0472, 49.2767], [-86.0543, 49.2745], [-86.047, 49.2699], [-86.0566, 49.2677], [-86.0509, 49.2652], [-86.0546, 49.2624], [-86.0486, 49.2593], [-86.0537, 49.2576], [-86.0545, 49.2495], [-86.059, 49.2492], [-86.0547, 49.2452], [-86.0666, 49.2434], [-86.0622, 49.241], [-86.0687, 49.2392], [-86.0594, 49.2375], [-86.0655, 49.2347], [-86.0632, 49.2322], [-86.0663, 49.2268], [-86.0646, 49.2217], [-86.0801, 49.2163], [-86.074, 49.2101], [-86.0793, 49.2113], [-86.0811, 49.2078], [-86.0752, 49.2074], [-86.077, 49.2033], [-86.0866, 49.1971], [-86.0795, 49.196], [-86.089, 49.1963], [-86.0884, 49.1926], [-86.0938, 49.189], [-86.0939, 49.1812], [-86.1, 49.179], [-86.1017, 49.1851], [-86.1132, 49.1761], [-86.1136, 49.1647], [-86.1107, 49.1598], [-86.1158, 49.1556], [-86.1158, 49.1383], [-86.1114, 49.1337], [-86.1163, 49.1324], [-86.1167, 49.1271], [-86.1212, 49.1259], [-86.1191, 49.1213], [-86.1321, 49.1169], [-86.1303, 49.1141], [-86.1346, 49.1126], [-86.1292, 49.1113], [-86.1288, 49.1085], [-86.1384, 49.1031], [-86.1406, 49.0938], [-86.1367, 49.0879], [-86.132, 49.0898], [-86.13, 49.0865], [-86.1374, 49.0831], [-86.1366, 49.0806], [-86.1292, 49.0827], [-86.1361, 49.0772], [-86.1299, 49.0749], [-86.134, 49.0716], [-86.13, 49.0667], [-86.1335, 49.0567], [-86.1386, 49.0556], [-86.1393, 49.051], [-86.1274, 49.0457], [-86.1267, 49.0406], [-86.1338, 49.0423], [-86.1354, 49.0398], [-86.1309, 49.0282], [-86.1441, 49.0284], [-86.1356, 49.0228], [-86.1421, 49.0208], [-86.1442, 49.0118], [-86.1576, 49.003], [-86.1656, 49.0016], [-86.1707, 48.9931], [-86.1883, 48.9856], [-86.1898, 48.9778], [-86.1991, 48.9776], [-86.1996, 48.9732], [-86.2056, 48.9711], [-86.2075, 48.9637], [-86.2335, 48.9603], [-86.2543, 48.9486], [-86.2569, 48.9365], [-86.2663, 48.9216], [-86.2743, 48.9192], [-86.2826, 48.9215], [-86.2986, 48.9067], [-86.3072, 48.907], [-86.3046, 48.9007], [-86.2949, 48.8968], [-86.301, 48.8923], [-86.2917, 48.8903], [-86.2904, 48.8875], [-86.2944, 48.8833], [-86.3003, 48.8872], [-86.3022, 48.8852], [-86.2991, 48.8791], [-86.3038, 48.8781], [-86.2997, 48.8694], [-86.2957, 48.8691], [-86.3012, 48.8666], [-86.3003, 48.8619], [-86.3051, 48.8597], [-86.3045, 48.8497], [-86.3088, 48.8468], [-86.3103, 48.8401], [-86.3069, 48.8372], [-86.3068, 48.8293], [-86.3016, 48.8241], [-86.3035, 48.8214], [-86.2874, 48.8033], [-86.293, 48.7908], [-86.2992, 48.7865], [-86.2943, 48.7839], [-86.2915, 48.7753], [-86.2979, 48.7731], [-86.2972, 48.7628], [-86.2924, 48.7524], [-86.283, 48.7468], [-86.2861, 48.7447], [-86.2936, 48.7469], [-86.2854, 48.7372], [-86.2865, 48.7324], [-86.2816, 48.7282], [-86.283, 48.7184], [-86.2797, 48.7142], [-86.2837, 48.7094], [-86.2846, 48.6952], [-86.2884, 48.691], [-86.2846, 48.6868], [-86.2878, 48.6834], [-86.2771, 48.6712], [-86.2674, 48.6688], [-86.2697, 48.6634], [-86.261, 48.6599], [-86.2599, 48.6522], [-86.2684, 48.638], [-86.2647, 48.6253], [-86.2918, 48.6073], [-86.297, 48.6008], [-86.3024, 48.6001], [-86.3004, 48.5903], [-86.3072, 48.5884], [-86.2978, 48.5901], [-86.299, 48.5875], [-86.2951, 48.5873], [-86.2872, 48.592], [-86.273, 48.592], [-86.2715, 48.5904], [-86.2759, 48.5891], [-86.2908, 48.5894], [-86.2833, 48.5878], [-86.2878, 48.5862], [-86.2766, 48.5857], [-86.2989, 48.58], [-86.2513, 48.579], [-86.2535, 48.5768], [-86.2742, 48.5778], [-86.2717, 48.5758], [-86.2818, 48.5738], [-86.2816, 48.5703], [-86.2717, 48.5712], [-86.2723, 48.5663], [-86.2672, 48.5651], [-86.2707, 48.5636], [-86.2665, 48.5634], [-86.2679, 48.5607], [-86.275, 48.5586], [-86.2699, 48.546], [-86.2679, 48.5544], [-86.2394, 48.5687], [-86.2388, 48.5632], [-86.2286, 48.5556], [-86.2275, 48.546], [-86.2124, 48.5462], [-86.2143, 48.5501], [-86.2084, 48.5494], [-86.2016, 48.5535], [-86.205, 48.5493], [-86.2045, 48.5426], [-86.1993, 48.5377], [-86.1818, 48.5391], [-86.1501, 48.5323], [-86.1197, 48.5498], [-86.0922, 48.5559], [-86.0888, 48.5609], [-86.0809, 48.5608], [-86.0691, 48.5703], [-86.0603, 48.5703], [-86.0362, 48.5575], [-86.035, 48.542], [-86.0166, 48.5438], [-86.0087, 48.5393], [-86.0022, 48.5323], [-86.0018, 48.5253], [-86.0059, 48.5228], [-86.0059, 48.5175], [-85.9922, 48.5228], [-85.9725, 48.5157], [-85.9446, 48.5277], [-85.9445, 48.5312], [-85.9335, 48.531], [-85.9339, 48.5363], [-85.9204, 48.5539], [-85.9214, 48.5579], [-85.9095, 48.565], [-85.9074, 48.5703], [-85.8994, 48.5729], [-85.8928, 48.5828], [-85.891, 48.5879], [-85.8944, 48.5913], [-85.8866, 48.5931], [-85.8823, 48.5993], [-85.8717, 48.5951], [-85.8629, 48.5983], [-85.8652, 48.6063], [-85.8608, 48.6085], [-85.8612, 48.6128], [-85.8265, 48.615], [-85.8176, 48.6209], [-85.8156, 48.6265], [-85.8089, 48.6274], [-85.8136, 48.6336], [-85.8106, 48.6371], [-85.7821, 48.641], [-85.7691, 48.6384], [-85.7616, 48.6504], [-85.7549, 48.6551], [-85.715, 48.6579], [-85.7122, 48.6622], [-85.6742, 48.671], [-85.6638, 48.6812], [-85.6492, 48.6832], [-85.6468, 48.6859], [-85.6493, 48.6883], [-85.6403, 48.6933], [-85.6338, 48.7122], [-85.6257, 48.7216], [-85.6195, 48.7145], [-85.6011, 48.71], [-85.5824, 48.715], [-85.5641, 48.7116], [-85.5488, 48.7029], [-85.5009, 48.6897], [-85.4576, 48.6614], [-85.4531, 48.6555], [-85.4436, 48.6517], [-85.436, 48.6417], [-85.3909, 48.6305], [-85.3495, 48.6312], [-85.3296, 48.6162], [-85.3196, 48.5989], [-85.3124, 48.5955], [-85.2896, 48.5974], [-85.2734, 48.5927], [-85.2451, 48.6128], [-85.2278, 48.6145], [-85.2017, 48.6032], [-85.1677, 48.6086], [-85.1579, 48.6055], [-85.1261, 48.6103], [-85.0516, 48.6107], [-85.0239, 48.6211], [-85.0132, 48.6195], [-84.9968, 48.6238], [-84.9618, 48.646], [-84.9598, 48.6507], [-84.9328, 48.6591], [-84.9205, 48.6712], [-84.9126, 48.6853], [-84.9167, 48.7078], [-84.9225, 48.7147], [-84.9124, 48.738], [-84.8976, 48.7531], [-84.8847, 48.7572], [-84.879, 48.765], [-84.8689, 48.7698], [-84.8645, 48.7813], [-84.8484, 48.7904], [-84.8388, 48.8084], [-84.8372, 48.8261], [-84.8161, 48.8346], [-84.8074, 48.852], [-84.8148, 48.8619], [-84.8153, 48.8725], [-84.8038, 48.8829], [-84.809, 48.8981], [-84.808, 48.9058], [-84.7893, 48.9213], [-84.7775, 48.9496], [-84.7553, 48.9683], [-84.7625, 48.9845], [-84.7579, 49.0006], [-84.7726, 49.0229], [-84.7649, 49.0304], [-84.7623, 49.0524], [-84.7531, 49.061], [-84.7555, 49.0857], [-84.7659, 49.0957], [-84.7653, 49.1071], [-84.7705, 49.1173], [-84.7879, 49.1272], [-84.7859, 49.1413], [-84.7741, 49.1566], [-84.7828, 49.1683], [-84.7793, 49.1863], [-84.7864, 49.2101], [-84.7676, 49.212], [-84.7647, 49.2211], [-84.7715, 49.2295], [-84.7647, 49.2474], [-84.7742, 49.262], [-84.7721, 49.2918], [-84.7635, 49.3029], [-84.7622, 49.3115], [-84.7534, 49.3258], [-84.7546, 49.3403], [-84.744, 49.3479], [-84.7431, 49.356], [-84.7368, 49.3651], [-84.7283, 49.3693], [-84.7044, 49.399], [-84.7094, 49.414], [-84.7137, 49.4171], [-84.7011, 49.449], [-84.709, 49.4601], [-84.7288, 49.4715], [-84.6992, 49.4932], [-84.6959, 49.5169], [-84.6622, 49.5359], [-84.6552, 49.5512], [-84.6457, 49.5606], [-84.6177, 49.5719], [-84.5679, 49.6212], [-84.5604, 49.643], [-84.5434, 49.6711], [-84.5292, 49.6857], [-84.5269, 49.7042], [-84.5331, 49.7222], [-84.5191, 49.7353], [-84.5147, 49.7635], [-84.5485, 49.7758], [-84.7017, 49.7728], [-84.9834, 49.7551], [-85.167, 49.762], [-85.2022, 49.7606], [-85.2382, 49.7654], [-85.314, 49.7595], [-85.4357, 49.7672], [-85.4746, 49.7724], [-85.5126, 49.7669], [-85.5588, 49.7683], [-85.5868, 49.78], [-85.6156, 49.7822], [-85.6444, 49.7906], [-85.7071, 49.8005], [-85.8457, 49.8008], [-85.8825, 49.799], [-85.9266, 49.7903], [-86.046, 49.7914], [-86.0901, 49.7855], [-86.2162, 49.7835], [-86.2548, 49.7839], [-86.3177, 49.7936], [-86.3211, 49.7811], [-86.3341, 49.7758], [-86.3334, 49.7663], [-86.346, 49.7571], [-86.3463, 49.7259]]]}}, {"type": "Feature", "properties": {"id": "on-wmu-10", "wmu_id": "8", "name": "8", "province": "ON", "source": "Ontario LIO \u2014 Wildlife Management Unit"}, "geometry": {"type": "Polygon", "coordinates": [[[-93.7511, 49.5435], [-93.7485, 49.5387], [-93.7332, 49.5326], [-93.7279, 49.5235], [-93.7286, 49.5187], [-93.7185, 49.5127], [-93.6694, 49.5083], [-93.6631, 49.5123], [-93.6571, 49.5072], [-93.6479, 49.5063], [-93.6518, 49.4992], [-93.6483, 49.4958], [-93.6443, 49.5021], [-93.6236, 49.5116], [-93.6115, 49.5121], [-93.6125, 49.5073], [-93.6075, 49.5037], [-93.5948, 49.504], [-93.5721, 49.511], [-93.5631, 49.5179], [-93.5621, 49.5229], [-93.5528, 49.5286], [-93.5436, 49.5232], [-93.5351, 49.5234], [-93.541, 49.5152], [-93.541, 49.5091], [-93.5484, 49.5035], [-93.5401, 49.4949], [-93.5671, 49.4766], [-93.5743, 49.4748], [-93.5782, 49.4693], [-93.5773, 49.4576], [-93.5716, 49.4511], [-93.5738, 49.4396], [-93.5715, 49.4343], [-93.5753, 49.4249], [-93.5606, 49.4106], [-93.5608, 49.4056], [-93.5684, 49.4047], [-93.5768, 49.3944], [-93.5728, 49.3917], [-93.5811, 49.3883], [-93.5834, 49.3833], [-93.6002, 49.381], [-93.6041, 49.3753], [-93.6238, 49.365], [-93.6417, 49.3683], [-93.6433, 49.356], [-93.6213, 49.3466], [-93.6115, 49.3348], [-93.6024, 49.3363], [-93.58, 49.3265], [-93.5657, 49.3292], [-93.5367, 49.3251], [-93.5144, 49.3034], [-93.4988, 49.3013], [-93.4878, 49.2947], [-93.4895, 49.2881], [-93.4636, 49.2941], [-93.454, 49.2915], [-93.4477, 49.2861], [-93.4615, 49.2667], [-93.4407, 49.2651], [-93.4375, 49.2571], [-93.421, 49.2555], [-93.3811, 49.2635], [-93.3618, 49.2685], [-93.3497, 49.2801], [-93.3289, 49.2852], [-93.3254, 49.2769], [-93.3153, 49.2719], [-93.2859, 49.276], [-93.2827, 49.271], [-93.279, 49.2758], [-93.2653, 49.2776], [-93.2478, 49.274], [-93.2371, 49.2676], [-93.2316, 49.2739], [-93.2195, 49.2786], [-93.2055, 49.2689], [-93.1589, 49.2837], [-93.1548, 49.2788], [-93.1406, 49.2729], [-93.1463, 49.2712], [-93.1369, 49.2622], [-93.138, 49.2418], [-93.1424, 49.2327], [-93.1231, 49.2328], [-93.122, 49.2289], [-93.1144, 49.2315], [-93.1158, 49.2345], [-93.1048, 49.2389], [-93.1049, 49.2422], [-93.1006, 49.2443], [-93.0403, 49.2433], [-92.961, 49.2632], [-92.9257, 49.2877], [-92.8971, 49.2917], [-92.8849, 49.304], [-92.8847, 49.3097], [-92.8626, 49.3192], [-92.8575, 49.3147], [-92.832, 49.3276], [-92.8205, 49.3295], [-92.809, 49.3443], [-92.8127, 49.3489], [-92.8096, 49.3573], [-92.7811, 49.3688], [-92.7375, 49.4001], [-92.7379, 49.4026], [-92.7518, 49.4045], [-92.7417, 49.4254], [-92.7116, 49.4396], [-92.7131, 49.4457], [-92.6824, 49.4456], [-92.6762, 49.4544], [-92.6653, 49.459], [-92.66, 49.4651], [-92.6559, 49.4788], [-92.6424, 49.4853], [-92.6372, 49.4972], [-92.642, 49.5223], [-92.6552, 49.5315], [-92.6373, 49.5421], [-92.637, 49.5464], [-92.6448, 49.5506], [-92.6466, 49.5567], [-92.6226, 49.5699], [-92.6006, 49.594], [-92.5778, 49.604], [-92.5773, 49.6187], [-92.531, 49.6321], [-92.5252, 49.6388], [-92.5341, 49.6483], [-92.5149, 49.6677], [-92.5169, 49.6745], [-92.5109, 49.6841], [-92.5007, 49.6871], [-92.4928, 49.6857], [-92.5039, 49.6913], [-92.4954, 49.6935], [-92.4908, 49.708], [-92.4843, 49.713], [-92.5445, 49.7132], [-92.5464, 49.974], [-92.6819, 49.9744], [-92.6818, 50.0066], [-92.7099, 50.0006], [-92.7255, 50.0053], [-92.7479, 50.0046], [-92.7915, 49.9999], [-92.8162, 49.9925], [-92.8435, 49.9968], [-92.8717, 50.0137], [-92.8962, 50.02], [-92.934, 50.0168], [-92.9808, 50.026], [-93.024, 50.0201], [-93.0681, 50.0189], [-93.0979, 49.9953], [-93.1159, 49.9891], [-93.1561, 49.9852], [-93.1752, 49.9801], [-93.2036, 49.9783], [-93.2176, 49.9822], [-93.2364, 49.9774], [-93.3095, 49.9853], [-93.3505, 49.9766], [-93.3809, 49.9618], [-93.4071, 49.9575], [-93.4544, 49.9581], [-93.4821, 49.9549], [-93.5068, 49.9616], [-93.5376, 49.9646], [-93.5815, 49.9814], [-93.5377, 49.9607], [-93.5262, 49.9487], [-93.5293, 49.9425], [-93.5271, 49.935], [-93.5141, 49.9363], [-93.5017, 49.9283], [-93.493, 49.9149], [-93.4732, 49.9088], [-93.449, 49.8897], [-93.4299, 49.8863], [-93.423, 49.8763], [-93.4007, 49.871], [-93.39, 49.8614], [-93.3896, 49.8523], [-93.3795, 49.8422], [-93.3745, 49.8141], [-93.3679, 49.8015], [-93.3794, 49.7979], [-93.4218, 49.8076], [-93.439, 49.8073], [-93.4562, 49.8018], [-93.4691, 49.8046], [-93.4739, 49.8004], [-93.4962, 49.8019], [-93.5429, 49.7971], [-93.5699, 49.7875], [-93.5825, 49.7748], [-93.5995, 49.7772], [-93.6061, 49.7703], [-93.6212, 49.7691], [-93.6212, 49.765], [-93.6407, 49.7513], [-93.6391, 49.7453], [-93.6439, 49.7339], [-93.6412, 49.7306], [-93.6471, 49.7281], [-93.6464, 49.7198], [-93.6515, 49.7108], [-93.6434, 49.7039], [-93.647, 49.6845], [-93.6562, 49.6814], [-93.6577, 49.6666], [-93.6607, 49.6623], [-93.6656, 49.662], [-93.6634, 49.6551], [-93.6668, 49.6473], [-93.6877, 49.6365], [-93.6974, 49.6238], [-93.6963, 49.6209], [-93.7019, 49.6226], [-93.7131, 49.6154], [-93.7167, 49.6057], [-93.7347, 49.6059], [-93.7351, 49.5946], [-93.7389, 49.5893], [-93.7263, 49.5837], [-93.7334, 49.576], [-93.7382, 49.5612], [-93.7313, 49.5536], [-93.7511, 49.5435]]]}}, {"type": "Feature", "properties": {"id": "on-wmu-11", "wmu_id": "37", "name": "37", "province": "ON", "source": "Ontario LIO \u2014 Wildlife Management Unit"}, "geometry": {"type": "Polygon", "coordinates": [[[-83.4338, 45.9982], [-82.7, 46.0115], [-82.7049, 46.1674], [-82.6958, 46.175], [-82.6854, 46.1756], [-82.6891, 46.1783], [-82.6745, 46.1807], [-82.6849, 46.182], [-82.6777, 46.1857], [-82.685, 46.1869], [-82.6726, 46.1914], [-82.6762, 46.1931], [-82.6589, 46.1951], [-82.6555, 46.1982], [-82.6435, 46.1964], [-82.6459, 46.1985], [-82.6421, 46.2021], [-82.6259, 46.2001], [-82.6171, 46.2033], [-82.6201, 46.207], [-82.6098, 46.2093], [-82.5919, 46.204], [-82.5662, 46.2089], [-82.5471, 46.2077], [-82.5176, 46.2113], [-82.4527, 46.2036], [-82.3745, 46.2043], [-82.3356, 46.1925], [-82.3002, 46.2046], [-82.2444, 46.2053], [-82.2299, 46.2081], [-82.1643, 46.203], [-82.1099, 46.2077], [-81.9865, 46.2286], [-81.9368, 46.2426], [-81.9045, 46.2571], [-81.897, 46.2681], [-81.8493, 46.2744], [-81.8345, 46.2803], [-81.8164, 46.2827], [-81.8172, 46.3392], [-81.8349, 46.3385], [-81.864, 46.3439], [-81.8734, 46.3554], [-81.8704, 46.3643], [-81.8547, 46.3764], [-81.8575, 46.3861], [-81.8557, 46.3989], [-81.8403, 46.4069], [-81.8587, 46.4329], [-81.8406, 46.4513], [-82.3402, 46.451], [-82.3579, 46.4592], [-82.3816, 46.4645], [-82.3857, 46.4649], [-82.3864, 46.4591], [-82.3909, 46.4587], [-82.4285, 46.4769], [-82.5555, 46.4967], [-82.5637, 46.5007], [-82.5842, 46.5028], [-82.5924, 46.5096], [-82.6013, 46.5116], [-82.623, 46.512], [-82.6453, 46.5073], [-82.6375, 46.5016], [-82.638, 46.4893], [-82.64, 46.4846], [-82.6481, 46.4815], [-82.644, 46.4909], [-82.6463, 46.5044], [-82.6522, 46.5093], [-82.6749, 46.513], [-82.6902, 46.5329], [-82.6918, 46.5395], [-82.7101, 46.5479], [-82.7181, 46.5688], [-82.7293, 46.58], [-82.7675, 46.6038], [-82.7905, 46.6091], [-82.8016, 46.62], [-82.8076, 46.6287], [-82.806, 46.6472], [-82.817, 46.6554], [-82.8105, 46.6652], [-82.812, 46.6721], [-82.8344, 46.6724], [-82.8478, 46.68], [-82.8456, 46.6948], [-82.8422, 46.694], [-82.8305, 46.7022], [-82.8327, 46.7027], [-82.8276, 46.7102], [-82.8294, 46.7155], [-82.8189, 46.723], [-82.8164, 46.7404], [-82.8116, 46.7447], [-82.8219, 46.7507], [-82.8148, 46.7552], [-82.8202, 46.7607], [-82.8392, 46.7651], [-82.8397, 46.7752], [-82.8452, 46.7804], [-82.8423, 46.783], [-82.8436, 46.7939], [-82.853, 46.795], [-82.8534, 46.8032], [-82.8731, 46.8169], [-82.8881, 46.8388], [-82.8846, 46.8419], [-82.8909, 46.8472], [-82.9042, 46.8466], [-82.9078, 46.8402], [-82.9133, 46.8376], [-82.9246, 46.8383], [-82.9436, 46.8218], [-82.9422, 46.8178], [-82.9471, 46.8275], [-82.958, 46.8345], [-82.9583, 46.8891], [-83.0728, 46.8891], [-83.0683, 46.8933], [-83.0767, 46.9005], [-83.0848, 46.8969], [-83.0861, 46.8931], [-83.094, 46.8942], [-83.0969, 46.8908], [-83.0924, 46.8914], [-83.0995, 46.8866], [-83.0995, 46.8895], [-83.1092, 46.8858], [-83.1013, 46.891], [-83.1113, 46.8884], [-83.1107, 46.8926], [-83.1172, 46.8868], [-83.1085, 46.8772], [-83.1044, 46.8788], [-83.1069, 46.8769], [-83.1037, 46.8748], [-83.1242, 46.8716], [-83.13, 46.8669], [-83.124, 46.8658], [-83.1282, 46.8655], [-83.1288, 46.8605], [-83.1333, 46.8595], [-83.1308, 46.8554], [-83.1268, 46.8577], [-83.1206, 46.8545], [-83.1082, 46.8596], [-83.1171, 46.8533], [-83.1145, 46.8471], [-83.1269, 46.8545], [-83.1258, 46.8507], [-83.1298, 46.852], [-83.1342, 46.846], [-83.1442, 46.8431], [-83.1448, 46.8471], [-83.1499, 46.8481], [-83.1504, 46.8531], [-83.1547, 46.8559], [-83.1631, 46.853], [-83.1666, 46.8484], [-83.1723, 46.8489], [-83.1527, 46.8599], [-83.1522, 46.8641], [-83.1595, 46.8676], [-83.1681, 46.8609], [-83.1675, 46.8578], [-83.1745, 46.857], [-83.1737, 46.8525], [-83.1802, 46.8526], [-83.1789, 46.8562], [-83.1871, 46.8475], [-83.2157, 46.8391], [-83.2318, 46.8474], [-83.2341, 46.8539], [-83.2424, 46.8612], [-83.2303, 46.8696], [-83.2358, 46.8723], [-83.238, 46.8704], [-83.2395, 46.8755], [-83.2464, 46.876], [-83.24, 46.8761], [-83.2412, 46.8788], [-83.2274, 46.8752], [-83.2207, 46.8812], [-83.2217, 46.8781], [-83.2173, 46.8767], [-83.2159, 46.8803], [-83.2193, 46.885], [-83.2144, 46.8939], [-83.2164, 46.8979], [-83.2192, 46.897], [-83.217, 46.9021], [-83.2105, 46.9051], [-83.2139, 46.9059], [-83.2136, 46.9113], [-83.2426, 46.9069], [-83.2601, 46.9002], [-83.2675, 46.9013], [-83.2889, 46.891], [-83.3096, 46.8742], [-83.3282, 46.8452], [-83.3231, 46.8337], [-83.3283, 46.8128], [-83.322, 46.7959], [-83.3309, 46.7845], [-83.3748, 46.7548], [-83.3924, 46.7449], [-83.4184, 46.7365], [-83.428, 46.7276], [-83.424, 46.7176], [-83.38, 46.6895], [-83.3662, 46.6754], [-83.3771, 46.6681], [-83.3896, 46.6658], [-83.4112, 46.6518], [-83.4142, 46.6461], [-83.4219, 46.6421], [-83.4199, 46.6378], [-83.4288, 46.6302], [-83.4298, 46.6258], [-83.4224, 46.6095], [-83.4372, 46.5968], [-83.4364, 46.5905], [-83.4195, 46.5859], [-83.417, 46.5825], [-83.4315, 46.544], [-83.4397, 46.5335], [-83.4258, 46.5194], [-83.3956, 46.5087], [-83.402, 46.4969], [-83.3963, 46.481], [-83.3816, 46.4774], [-83.3656, 46.4804], [-83.3668, 46.4681], [-83.361, 46.4561], [-83.3434, 46.4543], [-83.339, 46.4468], [-83.3314, 46.443], [-83.3286, 46.4356], [-83.3453, 46.4262], [-83.4015, 46.4171], [-83.411, 46.4084], [-83.4125, 46.379], [-83.4293, 46.3761], [-83.4451, 46.3616], [-83.464, 46.3588], [-83.4831, 46.349], [-83.4843, 46.3405], [-83.4984, 46.3359], [-83.4956, 46.3253], [-83.4992, 46.3111], [-83.5238, 46.297], [-83.5489, 46.2955], [-83.5432, 46.2764], [-83.5486, 46.2653], [-83.56, 46.2575], [-83.5684, 46.2373], [-83.562, 46.098], [-83.4338, 45.9982]]]}}, {"type": "Feature", "properties": {"id": "on-wmu-12", "wmu_id": "80", "name": "80", "province": "ON", "source": "Ontario LIO \u2014 Wildlife Management Unit"}, "geometry": {"type": "Polygon", "coordinates": [[[-80.8737, 43.699], [-80.7546, 43.6484], [-80.869, 43.4981], [-80.7955, 43.4681], [-80.7373, 43.4075], [-80.7349, 43.311], [-80.5037, 43.3481], [-80.5166, 43.3803], [-80.6261, 43.4798], [-80.4811, 43.5311], [-80.4677, 43.5183], [-80.4941, 43.5123], [-80.4932, 43.5033], [-80.4887, 43.5019], [-80.4701, 43.5068], [-80.4644, 43.5003], [-80.4729, 43.4932], [-80.4707, 43.4857], [-80.4807, 43.4826], [-80.4808, 43.478], [-80.4647, 43.4708], [-80.4553, 43.4772], [-80.4459, 43.4771], [-80.4326, 43.4822], [-80.4242, 43.481], [-80.4224, 43.4775], [-80.4272, 43.4711], [-80.4202, 43.4612], [-80.3948, 43.4549], [-80.3878, 43.4436], [-80.353, 43.4592], [-80.3163, 43.471], [-80.3059, 43.4721], [-80.3038, 43.4678], [-80.258, 43.5017], [-80.2495, 43.5032], [-80.2478, 43.4922], [-80.2228, 43.4975], [-80.2076, 43.4864], [-80.1711, 43.5136], [-80.2071, 43.5399], [-80.1697, 43.5677], [-80.1614, 43.5618], [-80.1507, 43.571], [-80.1444, 43.5665], [-80.1286, 43.5814], [-80.1342, 43.5856], [-79.969, 43.7345], [-80.1399, 43.8615], [-80.2511, 43.7615], [-80.3886, 43.8582], [-80.2961, 43.8774], [-80.3361, 44.0476], [-80.5692, 43.998], [-80.7713, 43.9746], [-80.7418, 43.844], [-80.7598, 43.8455], [-80.8737, 43.699]]]}}, {"type": "Feature", "properties": {"id": "on-wmu-13", "wmu_id": "87C", "name": "87C", "province": "ON", "source": "Ontario LIO \u2014 Wildlife Management Unit"}, "geometry": {"type": "Polygon", "coordinates": [[[-80.3038, 43.4678], [-80.2694, 43.3869], [-80.0787, 43.4182], [-80.0839, 43.4351], [-80.0341, 43.4709], [-80.1697, 43.5677], [-80.2071, 43.5399], [-80.1711, 43.5136], [-80.2067, 43.4871], [-80.2228, 43.4975], [-80.2478, 43.4922], [-80.2495, 43.5032], [-80.258, 43.5017], [-80.3038, 43.4678]]]}}, {"type": "Feature", "properties": {"id": "on-wmu-14", "wmu_id": "69A-2", "name": "69A-2", "province": "ON", "source": "Ontario LIO \u2014 Wildlife Management Unit"}, "geometry": {"type": "MultiPolygon", "coordinates": [[[[-77.0983, 44.0559], [-77.0891, 44.0497], [-77.0566, 44.0454], [-77.0153, 44.0461], [-76.9741, 44.0604], [-76.9585, 44.0601], [-76.8915, 44.1089], [-76.8733, 44.1108], [-76.8432, 44.1312], [-76.5572, 43.9419], [-76.4887, 44.0302], [-76.6124, 44.1962], [-76.647, 44.2006], [-76.6656, 44.2143], [-76.6748, 44.2282], [-76.643, 44.2485], [-76.6672, 44.2847], [-76.9143, 44.2723], [-76.9396, 44.2647], [-76.9376, 44.2622], [-76.9429, 44.2605], [-76.9427, 44.2539], [-76.9513, 44.2419], [-76.9676, 44.2356], [-76.9693, 44.2241], [-76.9868, 44.1996], [-76.9973, 44.1967], [-77.0173, 44.1983], [-77.0349, 44.1936], [-77.0512, 44.1798], [-77.057, 44.1513], [-77.0646, 44.1465], [-77.0702, 44.1161], [-77.0741, 44.1095], [-77.0691, 44.0963], [-77.0816, 44.0856], [-77.0983, 44.0559]]], [[[-76.1618, 44.2807], [-76.2016, 44.2934], [-76.1917, 44.302], [-76.2075, 44.3077], [-76.2419, 44.3058], [-76.253, 44.3021], [-76.267, 44.3042], [-76.2977, 44.2929], [-76.3367, 44.2692], [-76.3947, 44.2411], [-76.3241, 44.2421], [-76.3093, 44.2347], [-76.2898, 44.2421], [-76.2372, 44.241], [-76.2156, 44.2467], [-76.1618, 44.2807]]]]}}, {"type": "Feature", "properties": {"id": "on-wmu-15", "wmu_id": "83B", "name": "83B", "province": "ON", "source": "Ontario LIO \u2014 Wildlife Management Unit"}, "geometry": {"type": "Polygon", "coordinates": [[[-80.8919, 44.8533], [-80.9006, 44.8593], [-80.9132, 44.8582], [-80.9257, 44.8411], [-80.9274, 44.8337], [-80.9244, 44.8283], [-80.8943, 44.8302], [-80.891, 44.8372], [-80.8919, 44.8533]]]}}, {"type": "Feature", "properties": {"id": "on-wmu-16", "wmu_id": "73", "name": "73", "province": "ON", "source": "Ontario LIO \u2014 Wildlife Management Unit"}, "geometry": {"type": "Polygon", "coordinates": [[[-79.0481, 44.0108], [-78.8751, 44.0474], [-78.8297, 43.9441], [-78.6109, 43.993], [-78.6049, 44.0013], [-78.609, 44.0139], [-78.4961, 44.0402], [-78.4812, 44.0384], [-78.3256, 44.0762], [-78.3468, 44.1193], [-78.3065, 44.1297], [-78.2772, 44.1255], [-78.2644, 44.127], [-78.2263, 44.1478], [-78.2195, 44.1404], [-78.195, 44.1655], [-78.1728, 44.1803], [-78.1492, 44.1895], [-78.1266, 44.2177], [-78.0893, 44.248], [-78.0643, 44.2585], [-78.0449, 44.262], [-78.0228, 44.2799], [-77.9682, 44.2975], [-77.9613, 44.3063], [-77.9534, 44.309], [-77.9498, 44.316], [-77.94, 44.3234], [-77.9295, 44.3266], [-77.9123, 44.3432], [-77.8986, 44.3673], [-77.8968, 44.3819], [-77.8886, 44.3924], [-77.8744, 44.3939], [-77.8763, 44.3981], [-77.9738, 44.3738], [-77.9799, 44.3823], [-78.0012, 44.3655], [-78.0827, 44.3463], [-78.0998, 44.3387], [-78.1856, 44.3169], [-78.207, 44.3167], [-78.2489, 44.3019], [-78.282, 44.2941], [-78.3027, 44.2771], [-78.4087, 44.2536], [-78.4424, 44.3272], [-78.5885, 44.2923], [-78.6241, 44.3058], [-78.6412, 44.3167], [-78.6774, 44.3124], [-78.6916, 44.3358], [-78.7448, 44.3251], [-78.7579, 44.3287], [-78.7647, 44.3413], [-78.7703, 44.3448], [-78.7869, 44.3487], [-78.8206, 44.3462], [-78.8554, 44.4289], [-79.026, 44.3894], [-78.9524, 44.2207], [-79.1225, 44.1833], [-79.0481, 44.0108]]]}}, {"type": "Feature", "properties": {"id": "on-wmu-17", "wmu_id": "69B", "name": "69B", "province": "ON", "source": "Ontario LIO \u2014 Wildlife Management Unit"}, "geometry": {"type": "Polygon", "coordinates": [[[-76.2353, 44.3312], [-76.2345, 44.3058], [-76.2075, 44.3077], [-76.1917, 44.302], [-76.2016, 44.2934], [-76.1618, 44.2807], [-76.1312, 44.2964], [-76.1182, 44.2949], [-76.097, 44.2997], [-76.0455, 44.3318], [-76.0011, 44.3479], [-75.9819, 44.3475], [-75.9702, 44.3425], [-75.9295, 44.3593], [-75.9217, 44.3688], [-75.9128, 44.3678], [-75.8214, 44.4321], [-75.8076, 44.4717], [-75.7669, 44.5153], [-75.6613, 44.5927], [-75.62, 44.6187], [-75.5049, 44.7054], [-75.4761, 44.7208], [-75.4236, 44.7561], [-75.4137, 44.7722], [-75.3965, 44.7735], [-75.3879, 44.7796], [-75.3699, 44.783], [-75.3696, 44.7878], [-75.3582, 44.7974], [-75.3816, 44.8254], [-75.4546, 44.7797], [-75.469, 44.7608], [-75.5268, 44.7217], [-75.5551, 44.7121], [-75.6502, 44.6335], [-75.7317, 44.5818], [-75.7412, 44.5667], [-75.766, 44.5488], [-75.7674, 44.5304], [-75.7704, 44.5267], [-75.7878, 44.5189], [-75.8055, 44.5201], [-75.8281, 44.5146], [-75.8697, 44.4738], [-75.8881, 44.451], [-75.8957, 44.4315], [-75.9363, 44.4019], [-75.9687, 44.3853], [-76.0025, 44.3777], [-76.0395, 44.3768], [-76.1315, 44.3436], [-76.165, 44.3451], [-76.2353, 44.3312]]]}}, {"type": "Feature", "properties": {"id": "on-wmu-18", "wmu_id": "16B", "name": "16B", "province": "ON", "source": "Ontario LIO \u2014 Wildlife Management Unit"}, "geometry": {"type": "Polygon", "coordinates": [[[-91.5394, 50.6748], [-91.5369, 50.6673], [-91.5247, 50.6638], [-91.5188, 50.6582], [-91.5167, 50.649], [-91.5124, 50.647], [-91.5121, 50.6278], [-91.5156, 50.6182], [-91.4595, 50.6175], [-91.4543, 50.6144], [-91.4393, 50.6176], [-91.4357, 50.6129], [-91.4286, 50.6117], [-91.4195, 50.6224], [-91.4127, 50.621], [-91.3976, 50.6323], [-91.3773, 50.626], [-91.3728, 50.6274], [-91.3586, 50.6157], [-91.3572, 50.608], [-91.3454, 50.598], [-91.3354, 50.5769], [-91.3283, 50.5737], [-91.3075, 50.5417], [-91.2969, 50.5346], [-91.3082, 50.5003], [-91.3174, 50.5049], [-91.3334, 50.494], [-91.333, 50.4872], [-91.3284, 50.4861], [-91.3306, 50.4804], [-91.3287, 50.4772], [-91.3476, 50.4704], [-91.3422, 50.4597], [-91.3375, 50.4573], [-91.3254, 50.4622], [-91.3205, 50.4604], [-91.3195, 50.4555], [-91.3106, 50.4589], [-91.2986, 50.4491], [-91.2823, 50.4589], [-91.266, 50.4566], [-91.2581, 50.4596], [-91.2484, 50.4584], [-91.243, 50.4654], [-91.244, 50.4684], [-91.2259, 50.4675], [-91.2277, 50.4614], [-91.224, 50.456], [-91.2374, 50.4428], [-91.2481, 50.4426], [-91.2522, 50.4381], [-91.2614, 50.4375], [-91.2708, 50.4279], [-91.2771, 50.4298], [-91.2853, 50.4269], [-91.2907, 50.4236], [-91.2993, 50.4059], [-91.2993, 50.3983], [-91.2808, 50.3946], [-91.2563, 50.4026], [-91.24, 50.396], [-91.2466, 50.3904], [-91.2545, 50.3892], [-91.2525, 50.3851], [-91.2706, 50.3787], [-91.2658, 50.3729], [-91.2728, 50.3634], [-91.2583, 50.3669], [-91.2513, 50.3662], [-91.2537, 50.3622], [-91.2209, 50.3675], [-91.1996, 50.3658], [-91.1617, 50.3684], [-91.1345, 50.3632], [-91.1374, 50.3556], [-91.1119, 50.3637], [-91.0953, 50.3592], [-91.09, 50.3635], [-91.0712, 50.3682], [-91.0316, 50.3692], [-91.0302, 50.3662], [-91.0226, 50.3649], [-91.0223, 50.3551], [-91.0341, 50.3399], [-91.0568, 50.3287], [-91.0696, 50.3162], [-91.0892, 50.3085], [-91.0949, 50.2899], [-91.1032, 50.2811], [-91.1402, 50.2598], [-91.1426, 50.2504], [-91.1669, 50.2376], [-91.1753, 50.2282], [-91.1727, 50.2238], [-91.1599, 50.2204], [-91.1717, 50.2106], [-91.1865, 50.2089], [-91.1923, 50.2046], [-91.1684, 50.1964], [-91.1538, 50.1832], [-91.1155, 50.1903], [-91.0963, 50.1851], [-91.0803, 50.185], [-91.057, 50.1929], [-91.0171, 50.1962], [-90.9962, 50.2153], [-90.9928, 50.231], [-90.979, 50.2371], [-90.9601, 50.2398], [-90.8805, 50.2315], [-90.8465, 50.239], [-90.7963, 50.2278], [-90.708, 50.2386], [-90.5618, 50.2314], [-90.5021, 50.244], [-90.4626, 50.2417], [-90.4418, 50.2453], [-90.3837, 50.2405], [-90.3687, 50.2429], [-90.3273, 50.2366], [-90.1793, 50.2386], [-90.1216, 50.2432], [-90.0414, 50.2424], [-89.9866, 50.2375], [-89.945, 50.2402], [-89.9456, 50.2452], [-89.9553, 50.2503], [-89.9549, 50.2546], [-89.9669, 50.2607], [-89.9743, 50.2704], [-89.9828, 50.2718], [-89.9842, 50.2804], [-89.9926, 50.2906], [-89.9897, 50.2951], [-89.9775, 50.2979], [-89.9784, 50.3014], [-89.9697, 50.3007], [-89.9673, 50.306], [-89.9585, 50.3064], [-89.954, 50.3113], [-89.9549, 50.3218], [-89.9499, 50.3212], [-89.9482, 50.3162], [-89.9233, 50.3296], [-89.9295, 50.335], [-89.9251, 50.3374], [-89.9264, 50.3425], [-89.9398, 50.3463], [-89.9332, 50.3643], [-89.928, 50.3652], [-89.9281, 50.3706], [-89.9244, 50.3733], [-89.9127, 50.3715], [-89.9128, 50.381], [-89.9075, 50.385], [-89.8914, 50.3851], [-89.8746, 50.4125], [-89.863, 50.4059], [-89.8599, 50.3986], [-89.8445, 50.3952], [-89.8411, 50.3908], [-89.8436, 50.3849], [-89.8394, 50.3811], [-89.8192, 50.3788], [-89.7886, 50.3864], [-89.7805, 50.3958], [-89.7831, 50.3996], [-89.7726, 50.4073], [-89.7774, 50.4095], [-89.7758, 50.4189], [-89.7628, 50.4479], [-89.767, 50.4771], [-89.7653, 50.4832], [-89.7866, 50.5217], [-89.783, 50.5286], [-89.7672, 50.5378], [-89.7539, 50.5506], [-89.748, 50.5844], [-89.7394, 50.5969], [-89.7427, 50.6016], [-89.7371, 50.6138], [-89.7402, 50.6154], [-89.7394, 50.6208], [-89.7433, 50.6222], [-89.7423, 50.6267], [-89.7293, 50.6428], [-89.6717, 50.6739], [-89.6376, 50.6831], [-89.6261, 50.6832], [-89.6123, 50.6895], [-89.6197, 50.704], [-89.6071, 50.7261], [-89.614, 50.7315], [-89.647, 50.731], [-89.6589, 50.7502], [-89.6359, 50.768], [-89.6393, 50.7735], [-89.6479, 50.7768], [-89.6457, 50.7809], [-89.664, 50.7931], [-89.6767, 50.7946], [-89.6689, 50.8051], [-89.6608, 50.81], [-89.666, 50.814], [-89.6667, 50.8189], [-89.6606, 50.8213], [-89.6612, 50.8242], [-89.6542, 50.8304], [-89.6589, 50.8354], [-89.6547, 50.8389], [-89.653, 50.8473], [-89.661, 50.8541], [-89.6727, 50.8515], [-89.6852, 50.8545], [-89.6773, 50.8636], [-89.7024, 50.8817], [-89.7165, 50.879], [-89.7273, 50.8827], [-89.7432, 50.8725], [-89.7731, 50.8761], [-89.7664, 50.8826], [-89.7767, 50.8948], [-89.7735, 50.8985], [-89.7758, 50.9059], [-89.7636, 50.917], [-89.7578, 50.9339], [-89.7598, 50.9501], [-89.755, 50.9764], [-89.7584, 50.9841], [-89.6476, 51.1916], [-89.6505, 51.1927], [-89.6492, 51.1974], [-89.6172, 51.2232], [-89.5956, 51.233], [-89.5923, 51.246], [-89.6022, 51.2561], [-89.6137, 51.257], [-89.664, 51.234], [-89.6739, 51.2334], [-89.6812, 51.2258], [-89.7029, 51.2303], [-89.7142, 51.2212], [-89.7285, 51.2216], [-89.7468, 51.2146], [-89.7724, 51.2183], [-89.7927, 51.2169], [-89.7933, 51.2134], [-89.8056, 51.205], [-89.8173, 51.2043], [-89.8325, 51.1981], [-89.8576, 51.1821], [-89.868, 51.1815], [-89.8846, 51.1748], [-89.8879, 51.1784], [-89.8935, 51.1773], [-89.9053, 51.1624], [-89.9186, 51.1612], [-89.933, 51.1697], [-89.9415, 51.1702], [-89.9531, 51.1652], [-89.969, 51.1498], [-89.9803, 51.1493], [-90.0015, 51.1421], [-90.0052, 51.1342], [-90.0097, 51.1327], [-90.0174, 51.1424], [-90.0236, 51.1418], [-90.035, 51.1319], [-90.0514, 51.1241], [-90.0781, 51.132], [-90.0875, 51.1409], [-90.1, 51.1416], [-90.1134, 51.1366], [-90.1195, 51.1388], [-90.1358, 51.1346], [-90.1568, 51.1361], [-90.1701, 51.1332], [-90.1999, 51.1173], [-90.2261, 51.1174], [-90.2331, 51.121], [-90.2311, 51.1284], [-90.2348, 51.131], [-90.2618, 51.1307], [-90.2757, 51.1146], [-90.2983, 51.103], [-90.312, 51.091], [-90.3447, 51.0878], [-90.4035, 51.066], [-90.4085, 51.0667], [-90.4072, 51.0808], [-90.4186, 51.0944], [-90.4417, 51.0894], [-90.4548, 51.0986], [-90.4808, 51.1048], [-90.4894, 51.1147], [-90.5221, 51.1134], [-90.5413, 51.1071], [-90.5463, 51.1005], [-90.5729, 51.0894], [-90.6032, 51.0874], [-90.6082, 51.0899], [-90.6092, 51.0956], [-90.5925, 51.114], [-90.5924, 51.1201], [-90.6013, 51.1249], [-90.6271, 51.1258], [-90.6566, 51.1189], [-90.6785, 51.0968], [-90.7142, 51.0763], [-90.7421, 51.0822], [-90.7707, 51.0697], [-90.7883, 51.0578], [-90.8079, 51.052], [-90.8819, 51.0515], [-90.8839, 51.0404], [-90.9101, 51.0307], [-90.917, 51.0149], [-90.925, 51.0066], [-90.9258, 51.0003], [-90.9638, 51.0022], [-90.9993, 50.9761], [-91.0076, 50.9797], [-91.0154, 50.9881], [-91.0782, 50.9823], [-91.1022, 50.9855], [-91.0993, 50.993], [-91.1074, 51.0], [-91.1084, 51.0093], [-91.1301, 51.0313], [-91.1479, 51.0322], [-91.1845, 51.0259], [-91.1893, 51.0274], [-91.173, 51.0495], [-91.1734, 51.0537], [-91.1913, 51.0562], [-91.193, 51.0614], [-91.2345, 51.0578], [-91.2367, 51.0482], [-91.2223, 51.0434], [-91.2244, 51.0378], [-91.2398, 51.0361], [-91.2481, 51.0281], [-91.2559, 51.0273], [-91.2627, 51.0312], [-91.2707, 51.0248], [-91.279, 51.0254], [-91.2862, 50.9999], [-91.2838, 50.9876], [-91.3049, 50.9796], [-91.3215, 50.9663], [-91.3459, 50.9589], [-91.3495, 50.9477], [-91.3642, 50.9354], [-91.3795, 50.9294], [-91.3902, 50.9157], [-91.4225, 50.8976], [-91.4255, 50.8918], [-91.422, 50.8819], [-91.4446, 50.8755], [-91.4651, 50.856], [-91.4599, 50.8453], [-91.4611, 50.8389], [-91.4551, 50.8343], [-91.4592, 50.82], [-91.4348, 50.8166], [-91.4271, 50.8123], [-91.432, 50.8075], [-91.4211, 50.8037], [-91.4269, 50.8005], [-91.4274, 50.7918], [-91.4359, 50.7821], [-91.4336, 50.77], [-91.4401, 50.7513], [-91.4449, 50.7438], [-91.4551, 50.7417], [-91.47, 50.7277], [-91.4798, 50.7254], [-91.48, 50.7225], [-91.4971, 50.7106], [-91.497, 50.7008], [-91.5176, 50.7002], [-91.5222, 50.7029], [-91.5301, 50.6984], [-91.5304, 50.6877], [-91.5259, 50.6848], [-91.524, 50.6763], [-91.5394, 50.6748]]]}}, {"type": "Feature", "properties": {"id": "on-wmu-19", "wmu_id": "42", "name": "42", "province": "ON", "source": "Ontario LIO \u2014 Wildlife Management Unit"}, "geometry": {"type": "Polygon", "coordinates": [[[-82.7, 46.0115], [-82.3625, 46.016], [-82.2662, 46.0616], [-82.2097, 46.0612], [-82.147, 45.9954], [-82.0541, 46.1008], [-82.0419, 46.1002], [-82.0457, 46.1019], [-82.0444, 46.1036], [-82.01, 46.0952], [-81.9723, 46.091], [-81.8931, 46.098], [-81.8864, 46.093], [-81.8744, 46.1008], [-81.8513, 46.103], [-81.8218, 46.1004], [-81.8311, 46.0997], [-81.8269, 46.0978], [-81.8122, 46.1016], [-81.8074, 46.1009], [-81.8083, 46.0988], [-81.7908, 46.0985], [-81.7776, 46.1023], [-81.7867, 46.1033], [-81.7695, 46.1079], [-81.7517, 46.1048], [-81.7493, 46.1074], [-81.7406, 46.106], [-81.7245, 46.1093], [-81.7156, 46.1064], [-81.715, 46.0923], [-81.6888, 46.0923], [-81.6888, 46.1092], [-81.6666, 46.1106], [-81.6617, 46.1147], [-81.6426, 46.1131], [-81.6385, 46.1164], [-81.6368, 46.1137], [-81.6249, 46.1143], [-81.6356, 46.1111], [-81.6275, 46.1113], [-81.619, 46.1126], [-81.6173, 46.116], [-81.6117, 46.1123], [-81.6163, 46.1095], [-81.6069, 46.1077], [-81.6096, 46.1064], [-81.6053, 46.1042], [-81.612, 46.1062], [-81.6191, 46.102], [-81.6164, 46.105], [-81.6208, 46.1061], [-81.6288, 46.1051], [-81.6277, 46.1018], [-81.5956, 46.1009], [-81.5972, 46.0992], [-81.5864, 46.0967], [-81.588, 46.094], [-81.5706, 46.0921], [-81.5688, 46.089], [-81.5595, 46.0912], [-81.5626, 46.0918], [-81.5614, 46.0947], [-81.5557, 46.0926], [-81.553, 46.0954], [-81.5524, 46.0901], [-81.5493, 46.0891], [-81.5519, 46.0873], [-81.5388, 46.0864], [-81.5425, 46.0849], [-81.5445, 46.0768], [-81.5503, 46.0752], [-81.5514, 46.0775], [-81.5574, 46.0711], [-81.5686, 46.0697], [-81.5673, 46.0665], [-81.5515, 46.069], [-81.5662, 46.0658], [-81.5675, 46.0587], [-81.5638, 46.0591], [-81.5647, 46.0616], [-81.5598, 46.0592], [-81.5327, 46.0597], [-81.5516, 46.0576], [-81.559, 46.0535], [-81.5388, 46.0526], [-81.552, 46.0512], [-81.5477, 46.0496], [-81.5878, 46.0382], [-81.6202, 46.0301], [-81.6218, 46.0319], [-81.6355, 46.0257], [-81.6443, 46.0317], [-81.6437, 46.0274], [-81.6635, 46.0308], [-81.6707, 46.0261], [-81.681, 46.0267], [-81.6869, 46.0209], [-81.7017, 46.0196], [-81.7041, 46.0157], [-81.7129, 46.0148], [-81.7197, 46.0097], [-81.7096, 46.0069], [-81.6777, 46.0091], [-81.6672, 46.0138], [-81.6538, 46.0144], [-81.6362, 46.0236], [-81.6289, 46.0211], [-81.5807, 46.033], [-81.5268, 46.0374], [-81.5104, 46.0444], [-81.4795, 46.0506], [-81.4728, 46.0479], [-81.4773, 46.0451], [-81.4733, 46.0437], [-81.4796, 46.0434], [-81.479, 46.048], [-81.4816, 46.0483], [-81.5086, 46.0434], [-81.5131, 46.0406], [-81.5067, 46.039], [-81.5102, 46.0372], [-81.5046, 46.0356], [-81.506, 46.0311], [-81.551, 46.0211], [-81.5912, 46.023], [-81.6144, 46.0179], [-81.6209, 46.0192], [-81.6314, 46.012], [-81.6359, 46.0158], [-81.6412, 46.0091], [-81.6715, 46.0097], [-81.6722, 46.0075], [-81.6617, 46.003], [-81.6137, 46.002], [-81.5836, 46.0053], [-81.5565, 45.9986], [-81.5657, 45.9961], [-81.5654, 45.9936], [-81.5758, 45.9868], [-81.5814, 45.9861], [-81.5845, 45.9892], [-81.63, 45.9669], [-81.6349, 45.9692], [-81.6424, 45.9607], [-81.655, 45.9596], [-81.6644, 45.9484], [-81.669, 45.9535], [-81.6727, 45.9504], [-81.6781, 45.952], [-81.6898, 45.9488], [-81.6872, 45.9421], [-81.665, 45.9412], [-81.6588, 45.9469], [-81.6376, 45.9538], [-81.6465, 45.9565], [-81.6171, 45.9572], [-81.5855, 45.9716], [-81.5843, 45.9739], [-81.5887, 45.9757], [-81.5703, 45.9793], [-81.5688, 45.9829], [-81.5715, 45.9849], [-81.551, 45.9842], [-81.544, 45.9879], [-81.5452, 45.9916], [-81.5333, 45.9946], [-81.5486, 46.0], [-81.5416, 45.9987], [-81.5379, 46.0024], [-81.5346, 45.9999], [-81.5316, 46.001], [-81.5325, 46.0039], [-81.5148, 46.0102], [-81.4941, 46.0091], [-81.4878, 46.0115], [-81.4801, 46.0081], [-81.4849, 46.0062], [-81.4825, 46.0038], [-81.4897, 46.01], [-81.4941, 46.0055], [-81.5052, 46.0029], [-81.5034, 46.001], [-81.5062, 45.9983], [-81.4905, 45.997], [-81.5013, 45.9914], [-81.4991, 45.9896], [-81.5206, 45.9873], [-81.5142, 45.9856], [-81.519, 45.982], [-81.5147, 45.9798], [-81.5172, 45.9749], [-81.5219, 45.9709], [-81.5325, 45.9741], [-81.532, 45.9713], [-81.5358, 45.9717], [-81.5334, 45.9701], [-81.5375, 45.9671], [-81.5337, 45.9675], [-81.536, 45.9661], [-81.5304, 45.9606], [-81.5333, 45.9604], [-81.5317, 45.9568], [-81.5358, 45.9533], [-81.5211, 45.95], [-81.499, 45.9621], [-81.4918, 45.9698], [-81.4884, 45.9679], [-81.4745, 45.9763], [-81.4706, 45.9757], [-81.474, 45.973], [-81.4652, 45.9762], [-81.4619, 45.9792], [-81.4668, 45.983], [-81.4599, 45.9822], [-81.4594, 45.9858], [-81.4706, 45.9879], [-81.4609, 45.9916], [-81.4642, 45.9884], [-81.4512, 45.9865], [-81.4444, 45.9904], [-81.438, 45.9884], [-81.4358, 45.9921], [-81.4291, 45.9895], [-81.4219, 45.9933], [-81.4235, 45.9962], [-81.4166, 45.9934], [-81.4212, 45.9902], [-81.4064, 45.9895], [-81.4058, 45.9918], [-81.4043, 45.9891], [-81.3963, 45.9923], [-81.3962, 45.9799], [-81.3889, 45.9772], [-81.3709, 45.9776], [-81.3613, 45.9856], [-81.3683, 45.9743], [-81.3659, 45.9771], [-81.3517, 45.9773], [-81.3571, 45.9725], [-81.3523, 45.9686], [-81.3479, 45.97], [-81.3504, 45.9664], [-81.3402, 45.9674], [-81.345, 45.9703], [-81.3351, 45.9684], [-81.3199, 45.9815], [-81.3243, 45.9764], [-81.3192, 45.9753], [-81.3246, 45.9715], [-81.3205, 45.9731], [-81.3229, 45.97], [-81.3186, 45.9694], [-81.3169, 45.9716], [-81.3176, 45.9685], [-81.3135, 45.9709], [-81.3149, 45.9729], [-81.3051, 45.9736], [-81.3095, 45.969], [-81.3012, 45.9719], [-81.308, 45.9665], [-81.2846, 45.975], [-81.2929, 45.9696], [-81.2958, 45.9599], [-81.2882, 45.9647], [-81.2901, 45.9601], [-81.2782, 45.9602], [-81.2847, 45.9573], [-81.2792, 45.9572], [-81.2778, 45.955], [-81.2834, 45.9522], [-81.2792, 45.9503], [-81.2634, 45.9589], [-81.2608, 45.9577], [-81.2637, 45.9556], [-81.2548, 45.9546], [-81.2546, 45.958], [-81.2529, 45.9552], [-81.2483, 45.9563], [-81.2365, 45.9655], [-81.2374, 45.9612], [-81.2321, 45.961], [-81.2221, 45.966], [-81.2268, 45.9611], [-81.2117, 45.9609], [-81.2186, 45.9589], [-81.2152, 45.9581], [-81.2176, 45.9544], [-81.2139, 45.9565], [-81.2176, 45.9521], [-81.2146, 45.9491], [-81.1816, 45.9492], [-81.1829, 45.9472], [-81.1799, 45.9473], [-81.186, 45.9456], [-81.1853, 45.9434], [-81.18, 45.9454], [-81.1825, 45.9423], [-81.1783, 45.9444], [-81.1781, 45.9422], [-81.1647, 45.9396], [-81.1815, 45.9373], [-81.1977, 45.9302], [-81.1726, 45.9322], [-81.1766, 45.9318], [-81.1688, 45.9312], [-81.1685, 45.927], [-81.1537, 45.9277], [-81.1576, 45.9242], [-81.1561, 45.9222], [-81.1421, 45.9197], [-81.1396, 45.9216], [-81.1425, 45.9255], [-81.1472, 45.925], [-81.1436, 45.9281], [-81.1455, 45.9305], [-81.1384, 45.9337], [-81.1331, 45.9409], [-81.1359, 45.9416], [-81.1309, 45.9428], [-81.1287, 45.9475], [-81.1164, 45.9414], [-81.1139, 45.9421], [-81.1171, 45.9445], [-81.0988, 45.9479], [-81.1093, 45.9442], [-81.106, 45.9419], [-81.0973, 45.9434], [-81.1005, 45.9419], [-81.096, 45.9378], [-81.0898, 45.9395], [-81.0933, 45.9404], [-81.0912, 45.9416], [-81.084, 45.9409], [-81.0857, 45.939], [-81.0757, 45.9405], [-81.0707, 45.9432], [-81.0724, 45.9455], [-81.0699, 45.9434], [-81.0514, 45.9527], [-81.04, 45.9538], [-81.0419, 45.9512], [-81.0323, 45.9504], [-81.0259, 45.9524], [-81.0263, 45.9493], [-81.0145, 45.9477], [-80.9927, 45.9627], [-80.9823, 45.9611], [-80.969, 45.9666], [-80.9505, 45.9865], [-80.9359, 45.9936], [-80.9171, 46.0124], [-80.9111, 46.0138], [-80.8625, 46.0112], [-80.755, 46.0169], [-80.6433, 46.0147], [-80.5655, 46.0183], [-80.5535, 46.0222], [-80.5407, 46.0198], [-80.5216, 46.0243], [-80.5183, 46.027], [-80.5212, 46.0326], [-80.5181, 46.0334], [-80.4951, 46.0331], [-80.4756, 46.0373], [-80.4314, 46.0372], [-80.3613, 46.0323], [-80.3229, 46.039], [-80.2958, 46.0378], [-80.2386, 46.0506], [-80.2085, 46.0542], [-80.2155, 46.0619], [-80.1889, 46.0791], [-80.1523, 46.077], [-80.1151, 46.0934], [-80.099, 46.0921], [-80.0591, 46.1025], [-80.0495, 46.1068], [-80.0489, 46.1125], [-80.0408, 46.1159], [-80.0311, 46.1147], [-80.0048, 46.1279], [-80.0097, 46.1404], [-79.9959, 46.1504], [-79.9936, 46.1565], [-79.9239, 46.1767], [-79.9, 46.1888], [-79.8661, 46.1991], [-79.8586, 46.2061], [-79.7991, 46.2054], [-79.4222, 46.2273], [-79.4209, 46.2372], [-79.4236, 46.246], [-79.4266, 46.247], [-79.4266, 46.2554], [-79.4383, 46.2668], [-79.4459, 46.2663], [-79.4439, 46.2683], [-79.4463, 46.2753], [-79.4541, 46.2834], [-79.4597, 46.2956], [-79.4262, 46.3048], [-79.4427, 46.312], [-79.4434, 46.3186], [-79.4532, 46.3274], [-79.502, 46.3341], [-79.528, 46.3342], [-79.5412, 46.3384], [-79.5705, 46.3381], [-79.6207, 46.3532], [-79.6388, 46.3532], [-79.7015, 46.3711], [-79.892, 46.3653], [-79.9472, 46.3666], [-80.0377, 46.4067], [-80.0969, 46.4072], [-80.2189, 46.4299], [-80.2504, 46.4312], [-80.3248, 46.4445], [-80.406, 46.4504], [-80.4159, 46.4549], [-80.4588, 46.4611], [-80.4859, 46.4698], [-80.5426, 46.4794], [-80.5611, 46.4952], [-80.5877, 46.5097], [-80.6107, 46.5115], [-80.6564, 46.5232], [-80.6815, 46.52], [-80.7152, 46.5072], [-80.744, 46.501], [-80.7732, 46.4874], [-80.8251, 46.4883], [-80.8472, 46.495], [-80.8844, 46.4956], [-80.8774, 46.4803], [-80.8797, 46.4726], [-80.8994, 46.4541], [-80.9301, 46.4421], [-80.963, 46.438], [-80.9736, 46.4326], [-80.9974, 46.4288], [-81.0145, 46.4336], [-81.0333, 46.433], [-81.0574, 46.4431], [-81.0978, 46.4238], [-81.1334, 46.4291], [-81.179, 46.418], [-81.2046, 46.4154], [-81.2229, 46.4064], [-81.255, 46.3981], [-81.2912, 46.4048], [-81.3194, 46.3982], [-81.3491, 46.3752], [-81.4248, 46.3623], [-81.4408, 46.3523], [-81.4935, 46.3327], [-81.5195, 46.333], [-81.5396, 46.3252], [-81.5716, 46.3336], [-81.6084, 46.3234], [-81.6266, 46.3239], [-81.6691, 46.3031], [-81.7021, 46.2921], [-81.724, 46.2919], [-81.7598, 46.2852], [-81.798, 46.2887], [-81.8493, 46.2744], [-81.8755, 46.2727], [-81.8981, 46.2678], [-81.9045, 46.2571], [-81.9421, 46.2406], [-82.0181, 46.2212], [-82.0642, 46.2136], [-82.1643, 46.203], [-82.2299, 46.2081], [-82.2444, 46.2053], [-82.3002, 46.2046], [-82.3356, 46.1925], [-82.3684, 46.2038], [-82.4562, 46.2037], [-82.5033, 46.2111], [-82.5662, 46.2089], [-82.5919, 46.204], [-82.6098, 46.2093], [-82.6201, 46.207], [-82.6171, 46.2033], [-82.6259, 46.2001], [-82.6423, 46.2021], [-82.6459, 46.1985], [-82.6435, 46.1964], [-82.6555, 46.1982], [-82.6589, 46.1951], [-82.6762, 46.1931], [-82.6726, 46.1914], [-82.685, 46.1869], [-82.6777, 46.1857], [-82.6849, 46.182], [-82.6745, 46.1807], [-82.689, 46.1783], [-82.6854, 46.1756], [-82.6958, 46.175], [-82.7049, 46.1675], [-82.7, 46.0115]]]}}, {"type": "Feature", "properties": {"id": "on-wmu-20", "wmu_id": "23", "name": "23", "province": "ON", "source": "Ontario LIO \u2014 Wildlife Management Unit"}, "geometry": {"type": "Polygon", "coordinates": [[[-84.1146, 49.0758], [-84.0803, 49.0212], [-84.0752, 49.0177], [-84.0262, 49.005], [-83.9814, 49.0044], [-83.9302, 48.9865], [-83.9262, 48.9825], [-83.9251, 48.9742], [-83.9206, 48.9713], [-83.8939, 48.9725], [-83.8764, 48.9662], [-83.854, 48.9371], [-83.8509, 48.9221], [-83.843, 48.9109], [-83.837, 48.892], [-83.8002, 48.8819], [-83.735, 48.8731], [-83.7202, 48.8638], [-83.7142, 48.8517], [-83.7016, 48.8472], [-83.6851, 48.8466], [-83.664, 48.8385], [-83.6593, 48.8258], [-83.6125, 48.79], [-83.5998, 48.7734], [-83.5994, 48.7623], [-83.5957, 48.7572], [-83.5723, 48.7508], [-83.5502, 48.7344], [-83.5315, 48.7368], [-83.4816, 48.7106], [-83.4521, 48.6999], [-83.4517, 48.6915], [-83.4369, 48.678], [-83.4175, 48.6462], [-83.3664, 48.6084], [-83.3409, 48.5992], [-83.2214, 48.5778], [-83.1977, 48.57], [-83.1765, 48.5695], [-83.0976, 48.5798], [-83.0719, 48.5685], [-83.0425, 48.5624], [-83.0016, 48.5318], [-82.9347, 48.5156], [-82.9178, 48.5246], [-82.8962, 48.5175], [-82.8846, 48.5224], [-82.8728, 48.5393], [-82.8642, 48.5443], [-82.8658, 48.5592], [-82.87, 48.5622], [-82.8628, 48.5672], [-82.8578, 48.5811], [-82.8324, 48.5847], [-82.8259, 48.5932], [-82.814, 48.6005], [-82.8277, 48.6079], [-82.82, 48.6104], [-82.8156, 48.6172], [-82.8181, 48.6205], [-82.8149, 48.6241], [-82.8153, 48.6331], [-82.8005, 48.6364], [-82.7988, 48.6405], [-82.8016, 48.6575], [-82.808, 48.6617], [-82.8066, 48.6666], [-82.8151, 48.6828], [-82.8132, 48.6861], [-82.82, 48.6998], [-82.8185, 48.708], [-82.8349, 48.7195], [-82.8473, 48.7231], [-82.8457, 48.7257], [-82.8494, 48.7283], [-82.8469, 48.7384], [-82.8393, 48.7432], [-82.8373, 48.7482], [-82.8399, 48.7594], [-82.8481, 48.7659], [-82.8513, 48.7802], [-82.8451, 48.7822], [-82.8463, 48.786], [-82.842, 48.7919], [-82.8357, 48.7934], [-82.8365, 48.7982], [-82.8324, 48.8015], [-82.8351, 48.8082], [-82.8285, 48.8198], [-82.8358, 48.826], [-82.8344, 48.8307], [-82.839, 48.8325], [-82.8385, 48.8379], [-82.824, 48.8606], [-82.8216, 48.8736], [-82.8151, 48.8745], [-82.8238, 48.8819], [-82.8195, 48.8859], [-82.8188, 48.8976], [-82.8218, 48.9044], [-82.829, 48.9056], [-82.825, 48.9151], [-82.827, 48.9222], [-82.8325, 48.9272], [-82.8389, 48.9271], [-82.8395, 48.9352], [-82.8483, 48.9443], [-82.8337, 48.9822], [-82.8338, 48.9906], [-82.8373, 48.995], [-82.8361, 49.0026], [-82.8176, 49.0088], [-82.8078, 49.0221], [-82.8009, 49.0253], [-82.7964, 49.0331], [-82.7982, 49.0393], [-82.7877, 49.0461], [-82.7839, 49.0606], [-82.7721, 49.0654], [-82.7668, 49.0823], [-82.7531, 49.1023], [-82.7584, 49.1114], [-82.7425, 49.1128], [-82.7393, 49.1227], [-82.725, 49.1292], [-82.7181, 49.1371], [-82.7195, 49.1439], [-82.7115, 49.1492], [-82.7129, 49.1659], [-82.7083, 49.1781], [-82.7108, 49.1856], [-82.7058, 49.1931], [-82.6844, 49.21], [-82.6844, 49.2144], [-82.6918, 49.2167], [-82.6828, 49.2316], [-82.6785, 49.25], [-82.6719, 49.2569], [-82.675, 49.2641], [-82.6597, 49.269], [-82.6425, 49.2581], [-82.6241, 49.2664], [-82.6288, 49.2752], [-82.625, 49.2818], [-82.5651, 49.2946], [-82.5415, 49.2919], [-82.5335, 49.2995], [-82.5208, 49.3005], [-82.5162, 49.3033], [-82.5015, 49.347], [-82.4905, 49.3562], [-82.4916, 49.3624], [-82.4696, 49.365], [-82.4608, 49.3711], [-82.4605, 49.3779], [-82.4694, 49.3869], [-82.4475, 49.3911], [-82.4462, 49.3984], [-82.4378, 49.4011], [-82.4298, 49.4115], [-82.4495, 49.4129], [-82.5334, 49.4409], [-82.5793, 49.4599], [-82.656, 49.4668], [-82.7009, 49.481], [-82.7509, 49.5052], [-82.8049, 49.5188], [-82.8734, 49.5281], [-83.0026, 49.5527], [-83.1234, 49.5844], [-83.2524, 49.6087], [-83.2788, 49.6186], [-83.3602, 49.6321], [-83.5118, 49.6702], [-83.597, 49.6785], [-83.6515, 49.689], [-83.6977, 49.6931], [-83.7403, 49.643], [-83.7505, 49.616], [-83.7467, 49.5898], [-83.7779, 49.5612], [-83.8147, 49.5563], [-83.8268, 49.5426], [-83.8437, 49.514], [-83.8653, 49.4644], [-83.8819, 49.4508], [-83.9376, 49.3839], [-83.9573, 49.3743], [-84.0409, 49.2718], [-84.0738, 49.2148], [-84.0812, 49.1755], [-84.0958, 49.1568], [-84.1088, 49.1296], [-84.1146, 49.0758]]]}}, {"type": "Feature", "properties": {"id": "on-wmu-21", "wmu_id": "30", "name": "30", "province": "ON", "source": "Ontario LIO \u2014 Wildlife Management Unit"}, "geometry": {"type": "Polygon", "coordinates": [[[-82.8971, 48.5174], [-82.8852, 48.5038], [-82.8539, 48.4978], [-82.813, 48.4828], [-82.8108, 48.48], [-82.814, 48.4739], [-82.8124, 48.4715], [-82.7965, 48.469], [-82.782, 48.4589], [-82.769, 48.4579], [-82.7683, 48.4547], [-82.7793, 48.4465], [-82.7773, 48.4417], [-82.762, 48.4443], [-82.7436, 48.4315], [-82.7232, 48.4276], [-82.7188, 48.4005], [-82.6935, 48.3909], [-82.6828, 48.3769], [-82.6466, 48.3528], [-82.6373, 48.3428], [-82.6186, 48.3405], [-82.589, 48.3496], [-82.5774, 48.34], [-82.5522, 48.342], [-82.5343, 48.338], [-82.5146, 48.339], [-82.5103, 48.3325], [-82.4994, 48.3289], [-82.494, 48.3204], [-82.4898, 48.302], [-82.4995, 48.2823], [-82.4863, 48.2732], [-82.4576, 48.2603], [-82.4469, 48.2523], [-82.4274, 48.2624], [-82.3337, 48.2354], [-82.3091, 48.2163], [-82.2649, 48.1994], [-82.2429, 48.1826], [-82.2366, 48.1811], [-82.1833, 48.2027], [-82.159, 48.2032], [-82.1352, 48.2158], [-82.0826, 48.2188], [-82.0322, 48.2264], [-81.9974, 48.2379], [-81.9615, 48.2368], [-81.9263, 48.2409], [-81.8693, 48.2367], [-81.8219, 48.2463], [-81.8093, 48.2558], [-81.788, 48.2899], [-81.7543, 48.3068], [-81.7426, 48.3221], [-81.6887, 48.3369], [-81.6614, 48.3537], [-81.6252, 48.3618], [-81.5713, 48.3851], [-81.5589, 48.3868], [-81.5203, 48.4015], [-81.4415, 48.4357], [-81.44, 48.4618], [-81.422, 48.4701], [-81.371, 48.4726], [-81.3594, 48.4775], [-81.2934, 48.4759], [-81.2773, 48.4797], [-81.2285, 48.4795], [-81.2175, 48.485], [-81.2061, 48.4857], [-81.1822, 48.4969], [-81.1603, 48.4942], [-81.1065, 48.5368], [-81.061, 48.548], [-81.0038, 48.5882], [-80.9461, 48.609], [-80.939, 48.6144], [-80.9004, 48.6196], [-80.8801, 48.6311], [-80.8726, 48.6404], [-80.873, 48.652], [-80.8663, 48.66], [-80.8179, 48.6675], [-80.7924, 48.6832], [-80.7855, 48.6934], [-80.7901, 48.6973], [-80.79, 48.7068], [-80.7852, 48.716], [-80.7847, 48.7429], [-80.8015, 48.7596], [-80.8043, 48.7733], [-80.8116, 48.7818], [-80.8127, 48.8004], [-80.8602, 48.8694], [-80.9019, 48.8985], [-80.9702, 48.9175], [-80.9883, 48.935], [-81.0296, 48.9629], [-81.0298, 49.0589], [-81.2092, 49.0563], [-81.2799, 49.0595], [-81.2979, 49.072], [-81.3177, 49.0807], [-81.3288, 49.09], [-81.3565, 49.1025], [-81.3839, 49.1226], [-81.3863, 49.1269], [-81.3861, 49.1723], [-81.3977, 49.1878], [-81.4513, 49.1897], [-81.5079, 49.2235], [-81.6014, 49.2677], [-81.631, 49.2759], [-81.7322, 49.2762], [-81.7827, 49.2894], [-81.8249, 49.2873], [-81.9381, 49.2891], [-82.0466, 49.3144], [-82.0885, 49.3336], [-82.1233, 49.342], [-82.1514, 49.3412], [-82.2141, 49.3589], [-82.2359, 49.3767], [-82.34, 49.3877], [-82.3994, 49.4081], [-82.4185, 49.413], [-82.4302, 49.4125], [-82.4378, 49.4011], [-82.4462, 49.3984], [-82.4475, 49.3911], [-82.4694, 49.3869], [-82.4605, 49.3779], [-82.4608, 49.3711], [-82.4696, 49.365], [-82.4916, 49.3624], [-82.4905, 49.3562], [-82.5015, 49.347], [-82.5162, 49.3033], [-82.5265, 49.2987], [-82.5335, 49.2995], [-82.5415, 49.2919], [-82.5651, 49.2946], [-82.625, 49.2818], [-82.6288, 49.2752], [-82.6241, 49.2664], [-82.6425, 49.2581], [-82.6597, 49.269], [-82.675, 49.2641], [-82.6719, 49.2569], [-82.6785, 49.25], [-82.6828, 49.2316], [-82.6918, 49.2167], [-82.6844, 49.2144], [-82.6844, 49.21], [-82.7058, 49.1931], [-82.7108, 49.1856], [-82.7083, 49.1781], [-82.7129, 49.1659], [-82.7115, 49.1492], [-82.7195, 49.1439], [-82.7181, 49.1371], [-82.725, 49.1292], [-82.7393, 49.1227], [-82.7425, 49.1128], [-82.7584, 49.1114], [-82.7531, 49.1023], [-82.7668, 49.0823], [-82.7721, 49.0654], [-82.7839, 49.0606], [-82.7877, 49.0461], [-82.7982, 49.0393], [-82.7964, 49.0331], [-82.8009, 49.0253], [-82.8078, 49.0221], [-82.8176, 49.0088], [-82.8361, 49.0026], [-82.8373, 48.995], [-82.8338, 48.9906], [-82.8337, 48.9822], [-82.8483, 48.9443], [-82.8395, 48.9352], [-82.8389, 48.9271], [-82.8325, 48.9272], [-82.827, 48.9222], [-82.825, 48.9151], [-82.829, 48.9056], [-82.8218, 48.9044], [-82.8188, 48.8976], [-82.8195, 48.8859], [-82.8238, 48.8819], [-82.8151, 48.8745], [-82.8216, 48.8736], [-82.824, 48.8606], [-82.8385, 48.8379], [-82.839, 48.8325], [-82.8344, 48.8307], [-82.8358, 48.826], [-82.8285, 48.8198], [-82.8351, 48.8082], [-82.8324, 48.8015], [-82.8365, 48.7982], [-82.8357, 48.7934], [-82.842, 48.7919], [-82.8463, 48.786], [-82.8451, 48.7822], [-82.8513, 48.7802], [-82.8481, 48.7659], [-82.8399, 48.7594], [-82.8373, 48.7482], [-82.8393, 48.7432], [-82.8469, 48.7384], [-82.8494, 48.7283], [-82.8457, 48.7257], [-82.8473, 48.7231], [-82.8349, 48.7195], [-82.8185, 48.708], [-82.82, 48.6998], [-82.8132, 48.6861], [-82.8151, 48.6828], [-82.8066, 48.6666], [-82.808, 48.6617], [-82.8016, 48.6575], [-82.7988, 48.6405], [-82.8005, 48.6364], [-82.8153, 48.6331], [-82.8149, 48.6241], [-82.8181, 48.6205], [-82.8156, 48.6172], [-82.82, 48.6104], [-82.8277, 48.6079], [-82.814, 48.6005], [-82.8259, 48.5932], [-82.8324, 48.5847], [-82.8578, 48.5811], [-82.8628, 48.5672], [-82.87, 48.5622], [-82.8658, 48.5592], [-82.8642, 48.5443], [-82.8728, 48.5393], [-82.8846, 48.5224], [-82.8971, 48.5174]]]}}, {"type": "Feature", "properties": {"id": "on-wmu-22", "wmu_id": "83C", "name": "83C", "province": "ON", "source": "Ontario LIO \u2014 Wildlife Management Unit"}, "geometry": {"type": "Polygon", "coordinates": [[[-80.9627, 44.8772], [-80.9581, 44.8889], [-80.9599, 44.898], [-80.9708, 44.9057], [-80.9788, 44.9055], [-80.983, 44.8991], [-80.9837, 44.8878], [-80.9788, 44.8752], [-80.9712, 44.8672], [-80.9627, 44.8772]]]}}, {"type": "Feature", "properties": {"id": "on-wmu-23", "wmu_id": "5", "name": "5", "province": "ON", "source": "Ontario LIO \u2014 Wildlife Management Unit"}, "geometry": {"type": "Polygon", "coordinates": [[[-94.0275, 50.3145], [-94.0221, 50.3081], [-93.9911, 50.2902], [-93.9864, 50.2843], [-93.9927, 50.2775], [-93.9928, 50.2726], [-93.9874, 50.266], [-93.9749, 50.262], [-93.9685, 50.2646], [-93.9584, 50.2585], [-93.9493, 50.2602], [-93.9314, 50.2551], [-93.8956, 50.2543], [-93.8723, 50.2487], [-93.874, 50.2445], [-93.8841, 50.2427], [-93.8853, 50.2359], [-93.9015, 50.2223], [-93.898, 50.2179], [-93.8654, 50.2065], [-93.8613, 50.2023], [-93.8642, 50.1985], [-93.8574, 50.1935], [-93.8408, 50.1893], [-93.8252, 50.1949], [-93.7825, 50.1957], [-93.7498, 50.2], [-93.7467, 50.1953], [-93.741, 50.1945], [-93.7409, 50.1846], [-93.7338, 50.1798], [-93.722, 50.1778], [-93.7247, 50.1736], [-93.7197, 50.1701], [-93.7217, 50.1654], [-93.6881, 50.1654], [-93.6966, 50.1585], [-93.689, 50.1498], [-93.692, 50.14], [-93.6799, 50.1268], [-93.6815, 50.1172], [-93.659, 50.1065], [-93.6492, 50.1072], [-93.6423, 50.0994], [-93.6427, 50.0915], [-93.6248, 50.0814], [-93.645, 50.0731], [-93.6441, 50.0686], [-93.6486, 50.0651], [-93.659, 50.0633], [-93.6583, 50.0592], [-93.6515, 50.0559], [-93.6636, 50.0509], [-93.6726, 50.0421], [-93.6692, 50.0347], [-93.6779, 50.0229], [-93.6787, 50.0138], [-93.6626, 50.0049], [-93.6655, 49.9878], [-93.6451, 49.9813], [-93.612, 49.9841], [-93.6043, 49.9812], [-93.6043, 49.9786], [-93.5815, 49.9814], [-93.5376, 49.9646], [-93.5068, 49.9616], [-93.4818, 49.9549], [-93.4544, 49.9581], [-93.4071, 49.9575], [-93.3809, 49.9618], [-93.3505, 49.9766], [-93.3095, 49.9853], [-93.2364, 49.9774], [-93.2176, 49.9822], [-93.2036, 49.9783], [-93.1752, 49.9801], [-93.1561, 49.9852], [-93.1159, 49.9891], [-93.0979, 49.9953], [-93.0681, 50.0189], [-93.024, 50.0201], [-92.9808, 50.026], [-92.934, 50.0168], [-92.8962, 50.02], [-92.8717, 50.0137], [-92.8435, 49.9968], [-92.8162, 49.9925], [-92.7915, 49.9999], [-92.7479, 50.0046], [-92.7255, 50.0053], [-92.7099, 50.0006], [-92.6818, 50.0066], [-92.6819, 49.9744], [-92.5464, 49.974], [-92.5445, 49.7132], [-92.4843, 49.713], [-92.4908, 49.708], [-92.4954, 49.6935], [-92.5039, 49.6913], [-92.4934, 49.6869], [-92.4922, 49.6705], [-92.4746, 49.6521], [-92.4681, 49.648], [-92.4558, 49.6476], [-92.4426, 49.6423], [-92.4398, 49.6297], [-92.4445, 49.6171], [-92.4426, 49.6117], [-92.4105, 49.5942], [-92.345, 49.5832], [-92.3075, 49.5829], [-92.2883, 49.5879], [-92.2702, 49.588], [-92.2639, 49.5842], [-92.2595, 49.5743], [-92.2454, 49.567], [-92.2285, 49.5651], [-92.1516, 49.534], [-92.1131, 49.5406], [-92.1039, 49.5274], [-92.0817, 49.5219], [-92.0545, 49.5055], [-92.0106, 49.4907], [-92.0108, 49.6407], [-92.0025, 49.6438], [-91.9967, 49.6547], [-92.0073, 49.6616], [-92.0135, 49.6761], [-92.0235, 49.682], [-92.0227, 49.6919], [-92.0093, 49.7009], [-91.9691, 49.7045], [-91.964, 49.7235], [-91.9557, 49.7323], [-91.954, 49.7463], [-91.9441, 49.7551], [-91.9318, 49.7545], [-91.9293, 49.7692], [-91.9156, 49.777], [-91.9087, 49.7849], [-91.909, 49.7912], [-91.927, 49.8149], [-91.9173, 49.8193], [-91.9041, 49.8421], [-91.9046, 49.8458], [-91.8637, 49.843], [-91.8462, 49.8569], [-91.8302, 49.8483], [-91.8055, 49.8565], [-91.8025, 49.8646], [-91.7426, 49.8588], [-91.7334, 49.8636], [-91.7429, 49.8673], [-91.7365, 49.8737], [-91.7432, 49.8777], [-91.7406, 49.883], [-91.7156, 49.8857], [-91.7004, 49.8831], [-91.696, 49.8896], [-91.6851, 49.8927], [-91.6726, 49.8923], [-91.6543, 49.8837], [-91.6515, 49.8869], [-91.628, 49.8857], [-91.6151, 49.8792], [-91.6075, 49.8833], [-91.598, 49.8806], [-91.5844, 49.8904], [-91.5702, 49.8946], [-91.5606, 49.8898], [-91.5585, 49.8854], [-91.5618, 49.884], [-91.5578, 49.8813], [-91.561, 49.8756], [-91.5565, 49.8716], [-91.5576, 49.865], [-91.5515, 49.8571], [-91.5428, 49.854], [-91.5246, 49.8561], [-91.5108, 49.864], [-91.4777, 49.867], [-91.455, 49.8733], [-91.44, 49.8875], [-91.4516, 49.9187], [-91.4153, 49.923], [-91.361, 49.9452], [-91.362, 49.951], [-91.339, 49.9664], [-91.3268, 49.9801], [-91.3161, 49.978], [-91.3153, 49.9736], [-91.2891, 49.9847], [-91.2708, 50.0092], [-91.2599, 50.0447], [-91.2429, 50.0582], [-91.2414, 50.0636], [-91.2268, 50.0709], [-91.2238, 50.0777], [-91.2252, 50.0826], [-91.2188, 50.0872], [-91.2223, 50.0914], [-91.2164, 50.0998], [-91.1756, 50.1151], [-91.1521, 50.1323], [-91.1814, 50.1363], [-91.2141, 50.136], [-91.217, 50.141], [-91.2409, 50.1456], [-91.2575, 50.1555], [-91.256, 50.164], [-91.2377, 50.1786], [-91.2218, 50.1853], [-91.2146, 50.1919], [-91.2139, 50.1968], [-91.1923, 50.2046], [-91.1958, 50.2057], [-91.2376, 50.1989], [-91.2512, 50.1995], [-91.2984, 50.1848], [-91.3174, 50.1841], [-91.3569, 50.1702], [-91.4021, 50.1686], [-91.4215, 50.1745], [-91.4421, 50.174], [-91.4624, 50.1674], [-91.4918, 50.1656], [-91.5186, 50.1588], [-91.5378, 50.1628], [-91.5449, 50.1693], [-91.5583, 50.1718], [-91.5581, 50.1786], [-91.5278, 50.194], [-91.5219, 50.2004], [-91.5215, 50.2052], [-91.5159, 50.2074], [-91.5194, 50.207], [-91.5187, 50.2128], [-91.5231, 50.2155], [-91.5208, 50.2212], [-91.5478, 50.2161], [-91.5514, 50.2181], [-91.5502, 50.2228], [-91.5321, 50.2338], [-91.5117, 50.2354], [-91.5142, 50.2458], [-91.4997, 50.2527], [-91.4959, 50.2568], [-91.4968, 50.2613], [-91.5336, 50.2709], [-91.5389, 50.269], [-91.5392, 50.2722], [-91.5854, 50.2557], [-91.6739, 50.2413], [-91.6718, 50.2451], [-91.6837, 50.2433], [-91.685, 50.2469], [-91.7056, 50.2495], [-91.6915, 50.256], [-91.7227, 50.2598], [-91.707, 50.2671], [-91.7019, 50.2767], [-91.7522, 50.2798], [-91.7751, 50.2696], [-91.7998, 50.266], [-91.8591, 50.2691], [-91.8893, 50.2837], [-91.9263, 50.2918], [-91.9513, 50.306], [-91.9569, 50.3161], [-91.9884, 50.332], [-91.9984, 50.3393], [-91.9939, 50.3733], [-92.0069, 50.3783], [-92.0234, 50.3925], [-92.0426, 50.3979], [-92.0961, 50.3931], [-92.1166, 50.3883], [-92.146, 50.3707], [-92.1816, 50.3656], [-92.1872, 50.3625], [-92.1934, 50.3447], [-92.2162, 50.3153], [-92.2431, 50.3084], [-92.3016, 50.3124], [-92.323, 50.3046], [-92.3419, 50.303], [-92.4331, 50.3155], [-92.4876, 50.314], [-92.5197, 50.3239], [-92.5733, 50.3202], [-92.6444, 50.328], [-92.7011, 50.3417], [-92.7386, 50.3457], [-92.7633, 50.358], [-92.7685, 50.3855], [-92.762, 50.4053], [-92.7668, 50.413], [-92.8227, 50.433], [-92.854, 50.4408], [-92.8812, 50.4434], [-92.8905, 50.4795], [-92.9007, 50.4965], [-92.9375, 50.5097], [-92.9934, 50.554], [-92.9915, 50.5832], [-92.9962, 50.5931], [-92.9935, 50.6021], [-93.0133, 50.5998], [-93.0263, 50.6032], [-93.0404, 50.5928], [-93.0464, 50.5925], [-93.1054, 50.602], [-93.1104, 50.616], [-93.1193, 50.624], [-93.1424, 50.6325], [-93.1729, 50.6299], [-93.2121, 50.6452], [-93.2219, 50.641], [-93.2193, 50.6373], [-93.2212, 50.6316], [-93.2159, 50.6293], [-93.2159, 50.6263], [-93.2567, 50.6286], [-93.2659, 50.6234], [-93.2706, 50.6113], [-93.2874, 50.6101], [-93.295, 50.6165], [-93.3072, 50.6174], [-93.3095, 50.6289], [-93.3065, 50.6349], [-93.3136, 50.636], [-93.3209, 50.6423], [-93.334, 50.6407], [-93.3253, 50.6494], [-93.3292, 50.656], [-93.3415, 50.6587], [-93.4061, 50.6521], [-93.4154, 50.6425], [-93.4193, 50.6193], [-93.3897, 50.6059], [-93.3916, 50.6032], [-93.3835, 50.5935], [-93.3829, 50.5878], [-93.3922, 50.582], [-93.417, 50.5812], [-93.4308, 50.5859], [-93.4544, 50.584], [-93.5119, 50.5723], [-93.5197, 50.5628], [-93.5637, 50.5595], [-93.5812, 50.5633], [-93.5752, 50.5694], [-93.5755, 50.5731], [-93.5937, 50.5769], [-93.6088, 50.5717], [-93.6252, 50.5721], [-93.6438, 50.5644], [-93.6823, 50.5595], [-93.6878, 50.5558], [-93.6841, 50.5518], [-93.6882, 50.5446], [-93.7511, 50.5388], [-93.7548, 50.5354], [-93.7505, 50.5316], [-93.7507, 50.522], [-93.7619, 50.5137], [-93.779, 50.5081], [-93.7814, 50.4994], [-93.7939, 50.4895], [-93.7945, 50.4841], [-93.8151, 50.4851], [-93.812, 50.4825], [-93.8222, 50.4757], [-93.8242, 50.4667], [-93.8173, 50.4635], [-93.8072, 50.4427], [-93.8393, 50.4363], [-93.845, 50.4264], [-93.8663, 50.4206], [-93.8592, 50.4144], [-93.8337, 50.4063], [-93.8276, 50.3963], [-93.8373, 50.3915], [-93.8358, 50.3876], [-93.8625, 50.3736], [-93.8533, 50.3686], [-93.8672, 50.3579], [-93.8755, 50.3621], [-93.89, 50.3637], [-93.9089, 50.3475], [-93.9533, 50.3432], [-93.9703, 50.3381], [-93.976, 50.3317], [-94.0073, 50.3191], [-94.0275, 50.3145]]]}}, {"type": "Feature", "properties": {"id": "on-wmu-24", "wmu_id": "82B", "name": "82B", "province": "ON", "source": "Ontario LIO \u2014 Wildlife Management Unit"}, "geometry": {"type": "Polygon", "coordinates": [[[-80.5148, 44.5944], [-80.4998, 45.0001], [-80.5946, 45.0599], [-80.9528, 44.5668], [-80.9284, 44.5694], [-80.9051, 44.4678], [-80.8976, 44.4562], [-80.8753, 44.4441], [-80.6951, 44.4634], [-80.6991, 44.4791], [-80.4983, 44.5208], [-80.5148, 44.5944]], [[-80.7674, 44.7134], [-80.7543, 44.7156], [-80.7488, 44.722], [-80.7528, 44.7246], [-80.7456, 44.7232], [-80.7457, 44.7253], [-80.734, 44.72], [-80.6884, 44.723], [-80.6428, 44.7212], [-80.6358, 44.7161], [-80.6392, 44.7104], [-80.6384, 44.7019], [-80.6262, 44.6861], [-80.6269, 44.6776], [-80.6234, 44.6733], [-80.635, 44.6707], [-80.6337, 44.6649], [-80.6417, 44.6632], [-80.6412, 44.6605], [-80.6668, 44.6549], [-80.6641, 44.6415], [-80.6971, 44.6344], [-80.6989, 44.6425], [-80.7159, 44.6389], [-80.7171, 44.6443], [-80.721, 44.6464], [-80.7344, 44.6435], [-80.7423, 44.6801], [-80.7457, 44.6797], [-80.7569, 44.6931], [-80.7547, 44.6941], [-80.761, 44.7016], [-80.7587, 44.7026], [-80.7674, 44.7134]]]}}, {"type": "Feature", "properties": {"id": "on-wmu-25", "wmu_id": "32", "name": "32", "province": "ON", "source": "Ontario LIO \u2014 Wildlife Management Unit"}, "geometry": {"type": "Polygon", "coordinates": [[[-85.1563, 48.5274], [-85.1358, 48.4815], [-85.1209, 48.4733], [-85.1088, 48.4494], [-85.1096, 48.4397], [-85.0966, 48.4286], [-85.0954, 48.4159], [-85.079, 48.3938], [-85.0875, 48.3793], [-85.086, 48.3739], [-85.0735, 48.3667], [-85.0673, 48.3564], [-85.0514, 48.3449], [-85.0102, 48.3215], [-85.0035, 48.308], [-84.9848, 48.2981], [-84.9746, 48.2965], [-84.9572, 48.3], [-84.8905, 48.2887], [-84.8815, 48.2642], [-84.883, 48.2473], [-84.8473, 48.2105], [-84.8431, 48.187], [-84.8298, 48.1761], [-84.8236, 48.1651], [-84.8077, 48.1526], [-84.8134, 48.1305], [-84.8085, 48.1191], [-84.8119, 48.1005], [-84.805, 48.0866], [-84.8079, 48.0678], [-84.8181, 48.0521], [-84.8328, 48.0447], [-84.8361, 48.037], [-84.8239, 48.0231], [-84.8254, 48.0082], [-84.8197, 47.9948], [-84.8136, 47.9906], [-84.8222, 47.9815], [-84.8456, 47.9844], [-84.859, 47.9816], [-84.8629, 47.9767], [-84.8804, 47.973], [-84.8877, 47.9659], [-84.902, 47.961], [-84.8846, 47.9564], [-84.8561, 47.9561], [-84.8531, 47.9507], [-84.8457, 47.9469], [-84.8445, 47.9448], [-84.8475, 47.9433], [-84.8437, 47.9412], [-84.8529, 47.9336], [-84.8309, 47.9356], [-84.8279, 47.9272], [-84.8317, 47.9204], [-84.8225, 47.9224], [-84.8128, 47.9158], [-84.8059, 47.9229], [-84.7963, 47.9142], [-84.7928, 47.9171], [-84.7923, 47.9254], [-84.7876, 47.9263], [-84.7852, 47.9248], [-84.7892, 47.9204], [-84.7829, 47.9175], [-84.7768, 47.919], [-84.7763, 47.9122], [-84.7722, 47.9103], [-84.7688, 47.9109], [-84.7723, 47.917], [-84.7657, 47.9159], [-84.7593, 47.9094], [-84.7403, 47.9109], [-84.7166, 47.9061], [-84.6924, 47.9095], [-84.6839, 47.9051], [-84.6421, 47.9047], [-84.6112, 47.9142], [-84.578, 47.9197], [-84.5547, 47.9197], [-84.5428, 47.9255], [-84.5445, 47.929], [-84.5388, 47.93], [-84.5289, 47.9438], [-84.5117, 47.9374], [-84.4027, 47.9426], [-84.3899, 47.9447], [-84.383, 47.9532], [-84.346, 47.9658], [-84.2721, 47.9586], [-84.2504, 47.9597], [-84.1947, 47.9495], [-84.1806, 47.9426], [-84.1645, 47.9453], [-84.1235, 47.9431], [-84.1125, 47.9366], [-84.1048, 47.9188], [-84.1, 47.9146], [-84.0798, 47.912], [-84.0486, 47.8953], [-84.0123, 47.8921], [-84.0, 47.8857], [-83.975, 47.8819], [-83.9658, 47.8759], [-83.9489, 47.8758], [-83.9393, 47.8654], [-83.9211, 47.8657], [-83.8762, 47.859], [-83.8557, 47.8658], [-83.8334, 47.8655], [-83.7799, 47.8515], [-83.729, 47.8485], [-83.7125, 47.8385], [-83.7049, 47.829], [-83.6885, 47.8237], [-83.6657, 47.8206], [-83.6402, 47.8279], [-83.6184, 47.8222], [-83.5781, 47.8195], [-83.5536, 47.8046], [-83.5478, 47.7961], [-83.5237, 47.7893], [-83.5152, 47.7768], [-83.4565, 47.7739], [-83.4321, 47.7595], [-83.3969, 47.7554], [-83.389, 47.7501], [-83.3811, 47.7529], [-83.3784, 47.7571], [-83.3776, 47.7543], [-83.3728, 47.755], [-83.3679, 47.7607], [-83.3763, 47.7804], [-83.3731, 47.7867], [-83.3884, 47.8072], [-83.4002, 47.8385], [-83.4097, 47.8454], [-83.3996, 47.8482], [-83.3933, 47.856], [-83.3729, 47.8595], [-83.3646, 47.866], [-83.3682, 47.8745], [-83.3616, 47.88], [-83.3616, 47.8846], [-83.3495, 47.8889], [-83.3445, 47.8963], [-83.3369, 47.8956], [-83.3256, 47.9024], [-83.3264, 47.9062], [-83.3286, 47.904], [-83.3286, 47.9074], [-83.3317, 47.9081], [-83.3255, 47.9101], [-83.3275, 47.9164], [-83.3367, 47.9168], [-83.3167, 47.9282], [-83.3231, 47.9384], [-83.3209, 47.9428], [-83.3251, 47.9459], [-83.326, 47.9601], [-83.3213, 47.9574], [-83.3222, 47.9493], [-83.3179, 47.9534], [-83.3207, 47.957], [-83.3146, 47.9587], [-83.3188, 47.9507], [-83.3169, 47.9434], [-83.3111, 47.9449], [-83.3077, 47.9416], [-83.3002, 47.9503], [-83.2926, 47.951], [-83.2912, 47.9567], [-83.2867, 47.958], [-83.2875, 47.9631], [-83.2861, 47.9607], [-83.2807, 47.9627], [-83.2835, 47.9675], [-83.2818, 47.9716], [-83.2917, 47.9727], [-83.2919, 47.9755], [-83.2793, 47.9854], [-83.2813, 47.9943], [-83.2724, 47.9965], [-83.2708, 48.0017], [-83.2622, 48.0049], [-83.2601, 48.0107], [-83.253, 48.0141], [-83.244, 48.0249], [-83.2376, 48.0261], [-83.2391, 48.0302], [-83.2294, 48.0393], [-83.2299, 48.0509], [-83.214, 48.0523], [-83.2155, 48.0575], [-83.209, 48.0595], [-83.1984, 48.0729], [-83.1885, 48.0793], [-83.1893, 48.0917], [-83.1868, 48.0953], [-83.1894, 48.0995], [-83.1861, 48.1097], [-83.1691, 48.1156], [-83.1709, 48.1202], [-83.1649, 48.1213], [-83.1609, 48.1264], [-83.1619, 48.13], [-83.1578, 48.1311], [-83.1597, 48.1437], [-83.1638, 48.1456], [-83.1615, 48.1536], [-83.1628, 48.1596], [-83.1654, 48.1589], [-83.163, 48.1626], [-83.1663, 48.1667], [-83.1641, 48.1753], [-83.1731, 48.183], [-83.1725, 48.1874], [-83.1756, 48.1898], [-83.1745, 48.2012], [-83.1712, 48.204], [-83.1742, 48.2096], [-83.1694, 48.2145], [-83.1725, 48.2189], [-83.1689, 48.2184], [-83.1743, 48.221], [-83.1717, 48.2279], [-83.1761, 48.2304], [-83.1673, 48.2343], [-83.1707, 48.2376], [-83.162, 48.2438], [-83.1643, 48.2502], [-83.1568, 48.259], [-83.1615, 48.2619], [-83.1591, 48.2681], [-83.1663, 48.2757], [-83.1481, 48.2826], [-83.1496, 48.2898], [-83.1463, 48.2942], [-83.1414, 48.2952], [-83.1342, 48.2883], [-83.1306, 48.2907], [-83.1273, 48.2878], [-83.122, 48.2904], [-83.1235, 48.2962], [-83.1063, 48.3001], [-83.1049, 48.3096], [-83.1052, 48.3015], [-83.0917, 48.31], [-83.0683, 48.3131], [-83.0611, 48.3233], [-83.0497, 48.3252], [-83.0426, 48.3311], [-83.0346, 48.3297], [-83.025, 48.3352], [-83.0261, 48.341], [-83.0229, 48.3479], [-83.0132, 48.3519], [-83.0011, 48.3626], [-83.0114, 48.3698], [-83.0066, 48.3731], [-83.0075, 48.3808], [-83.0004, 48.3876], [-83.0057, 48.3916], [-83.0002, 48.4066], [-83.0019, 48.4085], [-82.9908, 48.4125], [-82.9876, 48.4273], [-82.9811, 48.4291], [-82.9776, 48.437], [-82.9701, 48.4434], [-82.9647, 48.444], [-82.9568, 48.4621], [-82.9572, 48.4689], [-82.9619, 48.4717], [-82.9562, 48.4819], [-82.9637, 48.4875], [-82.9601, 48.4922], [-82.9578, 48.5006], [-82.9603, 48.5039], [-82.9544, 48.5203], [-83.0028, 48.5323], [-83.0425, 48.5624], [-83.0719, 48.5685], [-83.0976, 48.5798], [-83.1765, 48.5695], [-83.1977, 48.57], [-83.2214, 48.5778], [-83.3409, 48.5992], [-83.3664, 48.6084], [-83.4175, 48.6462], [-83.4369, 48.678], [-83.4517, 48.6915], [-83.4521, 48.6999], [-83.4816, 48.7106], [-83.5315, 48.7368], [-83.5502, 48.7344], [-83.5723, 48.7508], [-83.5957, 48.7572], [-83.5994, 48.7623], [-83.5998, 48.7734], [-83.6125, 48.79], [-83.6593, 48.8258], [-83.664, 48.8385], [-83.6851, 48.8466], [-83.7016, 48.8472], [-83.7142, 48.8517], [-83.7202, 48.8638], [-83.735, 48.8731], [-83.8002, 48.8819], [-83.837, 48.892], [-83.843, 48.9109], [-83.8509, 48.9221], [-83.854, 48.9371], [-83.8764, 48.9662], [-83.8939, 48.9725], [-83.9206, 48.9713], [-83.9251, 48.9742], [-83.9262, 48.9825], [-83.9302, 48.9865], [-83.9814, 49.0044], [-84.0262, 49.005], [-84.0752, 49.0177], [-84.0803, 49.0212], [-84.1029, 49.0553], [-84.0899, 49.0086], [-84.0919, 48.9759], [-84.0953, 48.9508], [-84.1061, 48.9444], [-84.1125, 48.9351], [-84.1069, 48.9254], [-84.1115, 48.9098], [-84.1175, 48.9027], [-84.1148, 48.8921], [-84.1314, 48.8723], [-84.1309, 48.8632], [-84.1469, 48.8299], [-84.1612, 48.8178], [-84.1791, 48.8087], [-84.1931, 48.8058], [-84.2005, 48.7999], [-84.2039, 48.7833], [-84.1995, 48.7735], [-84.2097, 48.7649], [-84.2086, 48.757], [-84.1916, 48.7451], [-84.1832, 48.7324], [-84.1819, 48.7246], [-84.2031, 48.7008], [-84.207, 48.6887], [-84.2275, 48.6865], [-84.2561, 48.6741], [-84.2644, 48.6608], [-84.2775, 48.6486], [-84.2874, 48.6439], [-84.2903, 48.6303], [-84.2701, 48.5927], [-84.2749, 48.5716], [-84.3004, 48.5519], [-84.3131, 48.5467], [-84.3157, 48.5415], [-84.3231, 48.5401], [-84.3283, 48.5331], [-84.336, 48.5306], [-84.3493, 48.5139], [-84.3681, 48.5014], [-84.3637, 48.4932], [-84.3675, 48.4885], [-84.3852, 48.4847], [-84.39, 48.4775], [-84.4012, 48.4757], [-84.4113, 48.4647], [-84.4337, 48.4789], [-84.4591, 48.4776], [-84.4957, 48.4829], [-84.5035, 48.4894], [-84.5272, 48.4787], [-84.5437, 48.4852], [-84.5571, 48.4799], [-84.5777, 48.4815], [-84.5976, 48.4781], [-84.6274, 48.4643], [-84.6417, 48.4681], [-84.6537, 48.4656], [-84.6738, 48.4741], [-84.7054, 48.4803], [-84.7773, 48.4561], [-84.8024, 48.4656], [-84.8423, 48.472], [-84.8558, 48.4669], [-84.8685, 48.4742], [-84.9058, 48.481], [-84.9228, 48.4793], [-84.9685, 48.4829], [-84.9787, 48.4785], [-84.9884, 48.4824], [-85.0049, 48.4784], [-85.0157, 48.4828], [-85.0596, 48.4724], [-85.1178, 48.5071], [-85.1335, 48.5105], [-85.1464, 48.5277], [-85.1563, 48.5274]]]}}, {"type": "Feature", "properties": {"id": "on-wmu-26", "wmu_id": "76C", "name": "76C", "province": "ON", "source": "Ontario LIO \u2014 Wildlife Management Unit"}, "geometry": {"type": "Polygon", "coordinates": [[[-80.096, 44.4184], [-80.0684, 44.4243], [-80.0574, 44.423], [-79.9515, 44.4468], [-79.9399, 44.4369], [-79.9342, 44.4364], [-79.7258, 44.5296], [-79.7574, 44.5661], [-79.7595, 44.5788], [-79.78, 44.5919], [-79.7813, 44.6102], [-79.8041, 44.62], [-79.8231, 44.6412], [-79.7144, 44.6888], [-79.7036, 44.6974], [-79.6926, 44.6984], [-79.6717, 44.7074], [-79.6604, 44.7059], [-79.6651, 44.7106], [-79.5347, 44.7667], [-79.5347, 44.7745], [-79.5299, 44.7777], [-79.5226, 44.8036], [-79.5415, 44.804], [-79.5584, 44.7937], [-79.5642, 44.7983], [-79.575, 44.7975], [-79.5752, 44.8001], [-79.5842, 44.8038], [-79.6011, 44.8052], [-79.5945, 44.8073], [-79.5891, 44.8141], [-79.5958, 44.8203], [-79.6179, 44.8114], [-79.6223, 44.8027], [-79.6447, 44.8167], [-79.6471, 44.8156], [-79.6456, 44.8125], [-79.6518, 44.8159], [-79.6689, 44.8175], [-79.6727, 44.8148], [-79.6688, 44.8129], [-79.6828, 44.8143], [-79.6883, 44.8199], [-79.7064, 44.8228], [-79.723, 44.8071], [-79.7201, 44.8025], [-79.73, 44.7732], [-79.7362, 44.767], [-79.8147, 44.7917], [-79.8665, 44.8161], [-79.8902, 44.8367], [-79.9236, 44.8802], [-79.9647, 44.9264], [-79.9834, 44.9315], [-80.4998, 45.0001], [-80.1075, 44.4709], [-80.096, 44.4184]]]}}, {"type": "Feature", "properties": {"id": "on-wmu-27", "wmu_id": "74B", "name": "74B", "province": "ON", "source": "Ontario LIO \u2014 Wildlife Management Unit"}, "geometry": {"type": "Polygon", "coordinates": [[[-78.1921, 44.5221], [-78.168, 44.4714], [-78.1508, 44.4758], [-78.1332, 44.4378], [-78.1374, 44.433], [-78.1364, 44.4278], [-78.125, 44.4215], [-78.0866, 44.3441], [-78.0003, 44.3658], [-77.9799, 44.3823], [-77.9738, 44.3738], [-77.8763, 44.3981], [-77.8704, 44.3921], [-77.8538, 44.3929], [-77.8558, 44.3812], [-77.8476, 44.3788], [-77.8377, 44.3789], [-77.8376, 44.3863], [-77.8287, 44.3919], [-77.8282, 44.3964], [-77.8096, 44.3945], [-77.8088, 44.3798], [-77.7796, 44.3759], [-77.7658, 44.3643], [-77.7631, 44.3736], [-77.7546, 44.3788], [-77.754, 44.3831], [-77.7409, 44.3826], [-77.7334, 44.3913], [-77.7283, 44.4041], [-77.7153, 44.4133], [-77.7414, 44.4623], [-77.7936, 44.449], [-77.8157, 44.4385], [-77.858, 44.4317], [-77.8923, 44.433], [-77.9495, 44.5505], [-77.9574, 44.5513], [-77.9764, 44.5657], [-77.9957, 44.5612], [-78.0134, 44.5645], [-78.0124, 44.5739], [-78.0157, 44.5785], [-78.0207, 44.5772], [-78.0223, 44.583], [-78.0365, 44.5821], [-78.0793, 44.5696], [-78.0892, 44.5714], [-78.1123, 44.56], [-78.1509, 44.5509], [-78.1681, 44.5394], [-78.1692, 44.5352], [-78.1921, 44.5221]]]}}, {"type": "Feature", "properties": {"id": "on-wmu-28", "wmu_id": "86B", "name": "86B", "province": "ON", "source": "Ontario LIO \u2014 Wildlife Management Unit"}, "geometry": {"type": "Polygon", "coordinates": [[[-81.3637, 43.2638], [-81.2243, 43.2034], [-80.7359, 43.3533], [-80.7364, 43.3691], [-80.9828, 43.3715], [-81.3498, 43.5346], [-81.4431, 43.4241], [-81.3373, 43.3777], [-81.3011, 43.3816], [-81.2969, 43.3607], [-81.2868, 43.356], [-81.3637, 43.2638]]]}}, {"type": "Feature", "properties": {"id": "on-wmu-29", "wmu_id": "18B", "name": "18B", "province": "ON", "source": "Ontario LIO \u2014 Wildlife Management Unit"}, "geometry": {"type": "Polygon", "coordinates": [[[-86.3218, 50.1298], [-86.2064, 50.1169], [-86.1344, 50.1207], [-86.066, 50.1122], [-86.0142, 50.1141], [-85.8018, 50.0896], [-85.6093, 50.0591], [-85.5303, 50.0511], [-85.4141, 50.0296], [-85.2283, 50.0137], [-85.2161, 50.0142], [-85.1974, 50.0212], [-84.8638, 49.901], [-84.8615, 49.9053], [-84.8525, 49.909], [-84.8444, 49.905], [-84.8374, 49.9056], [-84.8356, 49.9075], [-84.8381, 49.9103], [-84.8326, 49.9106], [-84.8309, 49.9143], [-84.8331, 49.9169], [-84.7978, 49.9273], [-84.7859, 49.9463], [-84.775, 49.9478], [-84.7739, 49.9508], [-84.7768, 49.9531], [-84.7688, 49.9598], [-84.769, 49.9632], [-84.7647, 49.9643], [-84.7668, 49.9674], [-84.7623, 49.9687], [-84.7633, 49.9721], [-84.7595, 49.974], [-84.7656, 49.9754], [-84.7597, 49.9768], [-84.757, 49.9862], [-84.7653, 50.0007], [-84.763, 50.0042], [-84.7728, 50.0085], [-84.7634, 50.0122], [-84.7656, 50.0151], [-84.7612, 50.0173], [-84.7653, 50.0202], [-84.7574, 50.0269], [-84.7602, 50.0319], [-84.7425, 50.0461], [-84.7448, 50.0497], [-84.7407, 50.0504], [-84.7389, 50.0474], [-84.7147, 50.0577], [-84.7066, 50.0552], [-84.6684, 50.063], [-84.6521, 50.0697], [-84.6438, 50.0688], [-84.6425, 50.077], [-84.6301, 50.0787], [-84.6314, 50.0839], [-84.622, 50.0808], [-84.6227, 50.0856], [-84.6141, 50.0841], [-84.6136, 50.0881], [-84.6082, 50.0867], [-84.5981, 50.09], [-84.5786, 50.1031], [-84.5686, 50.1059], [-84.5614, 50.1028], [-84.5608, 50.1074], [-84.547, 50.1095], [-84.5426, 50.1135], [-84.532, 50.1087], [-84.5284, 50.1139], [-84.5196, 50.1133], [-84.5216, 50.1174], [-84.4992, 50.116], [-84.4919, 50.1203], [-84.489, 50.115], [-84.4849, 50.1146], [-84.4863, 50.1206], [-84.4769, 50.1206], [-84.4784, 50.1248], [-84.4648, 50.1191], [-84.4677, 50.1244], [-84.4643, 50.1278], [-84.4569, 50.1197], [-84.4524, 50.1244], [-84.4447, 50.1227], [-84.4395, 50.1254], [-84.4332, 50.1224], [-84.4279, 50.1278], [-84.4171, 50.1186], [-84.4101, 50.1209], [-84.3836, 50.1191], [-84.3763, 50.1315], [-84.3433, 50.1431], [-84.333, 50.1524], [-84.3246, 50.1541], [-84.3348, 50.1589], [-84.3239, 50.1641], [-84.3311, 50.1756], [-84.3218, 50.1807], [-84.3275, 50.1915], [-84.299, 50.2017], [-84.3193, 50.2052], [-84.3214, 50.2111], [-84.3113, 50.2097], [-84.3031, 50.2126], [-84.2978, 50.2172], [-84.2976, 50.2217], [-84.2919, 50.2249], [-84.2785, 50.2228], [-84.2782, 50.2273], [-84.2886, 50.2374], [-84.2999, 50.2412], [-84.2984, 50.2442], [-84.2833, 50.2467], [-84.2864, 50.2518], [-84.295, 50.2549], [-84.295, 50.2588], [-84.2796, 50.2566], [-84.2755, 50.2596], [-84.2791, 50.2664], [-84.2851, 50.2698], [-84.3043, 50.2702], [-84.295, 50.2768], [-84.2884, 50.2901], [-84.2949, 50.3001], [-84.3047, 50.3039], [-84.306, 50.3076], [-84.2893, 50.3133], [-84.301, 50.3238], [-84.2863, 50.3309], [-84.3052, 50.3385], [-84.3047, 50.3429], [-84.2973, 50.3498], [-84.3145, 50.3601], [-84.3053, 50.368], [-84.3232, 50.372], [-84.3225, 50.3805], [-84.3339, 50.3835], [-84.3367, 50.3933], [-84.3503, 50.3959], [-84.3643, 50.407], [-84.3815, 50.4095], [-84.3868, 50.4251], [-84.3983, 50.4314], [-84.4187, 50.4539], [-84.4317, 50.46], [-84.4527, 50.4603], [-84.4693, 50.4777], [-84.4773, 50.4932], [-84.503, 50.5071], [-84.503, 50.5123], [-84.4939, 50.5261], [-84.4975, 50.5345], [-84.4941, 50.547], [-84.4986, 50.5637], [-84.4951, 50.5707], [-84.4965, 50.5812], [-84.4915, 50.5947], [-84.4784, 50.6077], [-84.4726, 50.6214], [-84.4708, 50.6454], [-84.4594, 50.656], [-84.454, 50.6699], [-84.4449, 50.6799], [-84.4394, 50.6983], [-84.4396, 50.7199], [-84.4287, 50.7383], [-84.4284, 50.7501], [-84.4549, 50.7979], [-84.4882, 50.7994], [-84.4967, 50.8064], [-84.5002, 50.8197], [-84.518, 50.8188], [-84.5288, 50.8273], [-84.5624, 50.8376], [-84.5803, 50.853], [-84.5833, 50.8596], [-84.5824, 50.8702], [-84.5902, 50.8837], [-84.5677, 50.9087], [-84.5732, 50.9153], [-84.5946, 50.9216], [-84.6012, 50.9265], [-84.6, 50.9352], [-84.5888, 50.943], [-84.5946, 50.954], [-84.6114, 50.9548], [-84.6362, 50.9508], [-84.6327, 50.9585], [-84.6389, 50.9591], [-84.6536, 50.9514], [-84.6681, 50.9486], [-84.6754, 50.9409], [-84.681, 50.942], [-84.6795, 50.9471], [-84.6832, 50.9495], [-84.6902, 50.9435], [-84.7042, 50.9466], [-84.7066, 50.9389], [-84.722, 50.9392], [-84.7254, 50.9332], [-84.7326, 50.9352], [-84.7415, 50.9295], [-84.7528, 50.9328], [-84.793, 50.9328], [-84.8172, 50.9282], [-84.8445, 50.9367], [-84.9083, 50.9313], [-84.9759, 50.9095], [-84.9828, 50.906], [-84.9891, 50.8943], [-85.0028, 50.8948], [-85.0121, 50.8894], [-85.0286, 50.8947], [-85.0267, 50.881], [-85.0434, 50.8859], [-85.0391, 50.8803], [-85.0453, 50.8724], [-85.0538, 50.8774], [-85.0711, 50.8763], [-85.0909, 50.8688], [-85.1533, 50.8724], [-85.1687, 50.8672], [-85.2006, 50.8743], [-85.2412, 50.8733], [-85.2768, 50.8855], [-85.2898, 50.8849], [-85.3031, 50.8929], [-85.3183, 50.8923], [-85.3253, 50.8978], [-85.3458, 50.8952], [-85.3876, 50.9014], [-85.4055, 50.9132], [-85.4323, 50.9178], [-85.4463, 50.9257], [-85.4562, 50.9275], [-85.5253, 50.9175], [-85.5341, 50.9104], [-85.5524, 50.9121], [-85.5655, 50.9076], [-85.5718, 50.9102], [-85.5772, 50.907], [-85.6024, 50.907], [-85.6247, 50.897], [-85.6773, 50.8953], [-85.6927, 50.8935], [-85.7321, 50.8812], [-85.7536, 50.8827], [-85.7721, 50.874], [-85.7769, 50.8673], [-85.7905, 50.8678], [-85.7936, 50.8582], [-85.8031, 50.8567], [-85.8056, 50.8506], [-85.815, 50.8481], [-85.814, 50.8419], [-85.8223, 50.8273], [-85.8367, 50.8268], [-85.8282, 50.8194], [-85.823, 50.8068], [-85.8248, 50.8032], [-85.8522, 50.7885], [-85.8709, 50.7678], [-85.8813, 50.7651], [-85.8933, 50.7557], [-85.9085, 50.7544], [-85.906, 50.7461], [-85.9164, 50.7479], [-85.9222, 50.7425], [-85.9216, 50.7396], [-85.9179, 50.7408], [-85.9149, 50.7375], [-85.913, 50.743], [-85.9096, 50.7419], [-85.9099, 50.738], [-85.9005, 50.7381], [-85.9019, 50.7329], [-85.9113, 50.7328], [-85.9056, 50.7311], [-85.9082, 50.7282], [-85.9043, 50.7268], [-85.908, 50.7248], [-85.9023, 50.7209], [-85.9095, 50.7225], [-85.9085, 50.7181], [-85.912, 50.7137], [-85.9213, 50.7105], [-85.9189, 50.7066], [-85.9301, 50.7017], [-85.9267, 50.6989], [-85.9376, 50.6997], [-85.9409, 50.6923], [-85.947, 50.6977], [-85.9505, 50.6923], [-85.9609, 50.6943], [-85.9671, 50.6875], [-85.9639, 50.6852], [-85.9709, 50.6858], [-85.9794, 50.6744], [-85.9876, 50.6704], [-85.9864, 50.6615], [-85.9809, 50.6648], [-85.981, 50.6581], [-85.9761, 50.6556], [-85.9727, 50.6574], [-85.9739, 50.6522], [-85.9699, 50.6521], [-85.971, 50.6493], [-85.9676, 50.6501], [-85.9639, 50.6448], [-85.9573, 50.6436], [-85.9602, 50.64], [-85.9567, 50.6388], [-85.96, 50.6368], [-85.9334, 50.6231], [-85.9126, 50.626], [-85.9092, 50.6226], [-85.9126, 50.6231], [-85.9108, 50.6199], [-85.9025, 50.6197], [-85.9051, 50.6131], [-85.8928, 50.6067], [-85.8952, 50.6031], [-85.8922, 50.6011], [-85.895, 50.5988], [-85.8927, 50.5936], [-85.9013, 50.5894], [-85.9003, 50.5856], [-85.9038, 50.5861], [-85.9021, 50.5824], [-85.905, 50.5809], [-85.9028, 50.5796], [-85.9105, 50.5763], [-85.9092, 50.5728], [-85.9229, 50.5737], [-85.9307, 50.5696], [-85.929, 50.5649], [-85.9361, 50.5583], [-85.9329, 50.5508], [-85.943, 50.5419], [-85.9361, 50.535], [-85.9478, 50.5265], [-85.9501, 50.5201], [-85.9725, 50.5183], [-85.9748, 50.5112], [-85.9814, 50.5113], [-85.9851, 50.5078], [-85.9984, 50.5082], [-86.0151, 50.5152], [-86.0199, 50.5129], [-86.0225, 50.5064], [-86.0329, 50.5017], [-86.0338, 50.4978], [-86.0494, 50.4957], [-86.067, 50.4979], [-86.0943, 50.5064], [-86.0952, 50.4626], [-86.1285, 50.4495], [-86.141, 50.4392], [-86.1422, 50.4353], [-86.1355, 50.4292], [-86.1342, 50.4231], [-86.1278, 50.4208], [-86.1224, 50.423], [-86.1161, 50.4191], [-86.1156, 50.4142], [-86.1281, 50.4094], [-86.1063, 50.3981], [-86.1149, 50.3919], [-86.1066, 50.3833], [-86.1015, 50.3828], [-86.106, 50.3812], [-86.1004, 50.3802], [-86.1053, 50.3782], [-86.1032, 50.3755], [-86.1051, 50.3697], [-86.0937, 50.3696], [-86.0956, 50.3679], [-86.0908, 50.3656], [-86.0916, 50.3611], [-86.0865, 50.3577], [-86.0913, 50.3515], [-86.0799, 50.3451], [-86.0707, 50.3334], [-86.0745, 50.3354], [-86.0771, 50.3332], [-86.0757, 50.3243], [-86.0923, 50.3181], [-86.0941, 50.3143], [-86.0906, 50.31], [-86.101, 50.3059], [-86.1003, 50.301], [-86.1255, 50.3018], [-86.1205, 50.2936], [-86.1257, 50.2904], [-86.1265, 50.2845], [-86.1314, 50.282], [-86.132, 50.278], [-86.1433, 50.2753], [-86.1508, 50.2687], [-86.1688, 50.2678], [-86.1727, 50.2731], [-86.1823, 50.274], [-86.2013, 50.2704], [-86.2014, 50.2737], [-86.2089, 50.2753], [-86.2077, 50.2794], [-86.2193, 50.281], [-86.2416, 50.2591], [-86.2748, 50.2449], [-86.2753, 50.238], [-86.2674, 50.2297], [-86.2728, 50.2273], [-86.272, 50.2227], [-86.276, 50.2218], [-86.278, 50.2166], [-86.2632, 50.2158], [-86.2618, 50.2086], [-86.2784, 50.1869], [-86.2866, 50.181], [-86.2818, 50.1766], [-86.2568, 50.1766], [-86.2508, 50.1724], [-86.278, 50.1596], [-86.2942, 50.1464], [-86.3004, 50.1365], [-86.3077, 50.1376], [-86.3218, 50.1298]]]}}, {"type": "Feature", "properties": {"id": "on-wmu-30", "wmu_id": "58", "name": "58", "province": "ON", "source": "Ontario LIO \u2014 Wildlife Management Unit"}, "geometry": {"type": "Polygon", "coordinates": [[[-77.6738, 45.4469], [-77.6637, 45.4399], [-77.6637, 45.4285], [-77.6462, 45.4135], [-77.6458, 45.4056], [-77.6248, 45.398], [-77.6295, 45.3918], [-77.6222, 45.385], [-77.6088, 45.3619], [-77.5972, 45.3549], [-77.5666, 45.3478], [-77.5566, 45.3504], [-77.5414, 45.3477], [-77.5307, 45.3325], [-77.5162, 45.3289], [-77.5159, 45.3207], [-77.5047, 45.3088], [-77.493, 45.3051], [-77.4988, 45.2829], [-77.496, 45.277], [-77.4814, 45.2654], [-77.4694, 45.2624], [-77.4576, 45.24], [-77.4435, 45.2316], [-77.4465, 45.2267], [-77.4415, 45.2218], [-77.4403, 45.2126], [-77.4213, 45.205], [-77.4112, 45.195], [-77.3595, 45.1896], [-77.3432, 45.167], [-77.2932, 45.1352], [-77.2801, 45.1353], [-77.2576, 45.1495], [-77.2409, 45.1552], [-77.2278, 45.1913], [-77.2231, 45.1958], [-77.2275, 45.2081], [-77.2259, 45.2272], [-77.1968, 45.2458], [-77.1687, 45.2377], [-77.1599, 45.2089], [-77.1524, 45.1996], [-77.1109, 45.1905], [-77.1058, 45.182], [-77.0885, 45.1749], [-77.0787, 45.1786], [-77.0676, 45.1696], [-77.0645, 45.1642], [-77.0676, 45.1585], [-77.0641, 45.1554], [-77.0389, 45.1458], [-77.0099, 45.1765], [-76.9971, 45.1843], [-76.9773, 45.1853], [-76.9414, 45.2117], [-76.9298, 45.2114], [-76.9169, 45.2019], [-76.9176, 45.1964], [-76.9139, 45.1935], [-76.9018, 45.1973], [-76.893, 45.1939], [-76.8518, 45.2156], [-76.8116, 45.2205], [-76.7877, 45.2334], [-76.7801, 45.233], [-76.7653, 45.2405], [-76.7517, 45.2422], [-76.7535, 45.2485], [-76.7612, 45.2527], [-76.7575, 45.2686], [-76.7421, 45.2878], [-76.7287, 45.2897], [-76.7179, 45.2993], [-76.7225, 45.3008], [-76.7147, 45.306], [-76.7409, 45.2938], [-76.7619, 45.2922], [-76.7731, 45.2808], [-76.7833, 45.2759], [-76.8352, 45.2697], [-76.8313, 45.2773], [-76.8368, 45.2829], [-76.8402, 45.2952], [-76.852, 45.298], [-76.8664, 45.307], [-76.8696, 45.3125], [-76.8918, 45.3213], [-76.8936, 45.3271], [-76.9084, 45.3382], [-76.9447, 45.349], [-76.9633, 45.358], [-76.9668, 45.3619], [-76.9637, 45.3646], [-76.966, 45.3703], [-76.9983, 45.3682], [-77.0124, 45.3768], [-77.0194, 45.3895], [-77.0222, 45.4108], [-77.0384, 45.4245], [-77.0974, 45.5358], [-77.11, 45.5489], [-77.1207, 45.5677], [-77.1293, 45.5698], [-77.1538, 45.5641], [-77.1928, 45.5726], [-77.2135, 45.5703], [-77.2253, 45.5769], [-77.2861, 45.5911], [-77.305, 45.6003], [-77.3135, 45.6], [-77.3413, 45.5878], [-77.3736, 45.6023], [-77.4013, 45.5967], [-77.4057, 45.592], [-77.3998, 45.5801], [-77.4008, 45.576], [-77.418, 45.5697], [-77.4276, 45.5493], [-77.4515, 45.5379], [-77.4747, 45.5356], [-77.5306, 45.5211], [-77.5577, 45.513], [-77.5759, 45.5035], [-77.6127, 45.502], [-77.6487, 45.4915], [-77.6784, 45.4885], [-77.6791, 45.4857], [-77.6633, 45.4641], [-77.6728, 45.4558], [-77.6738, 45.4469]]]}}, {"type": "Feature", "properties": {"id": "on-wmu-31", "wmu_id": "59", "name": "59", "province": "ON", "source": "Ontario LIO \u2014 Wildlife Management Unit"}, "geometry": {"type": "Polygon", "coordinates": [[[-77.1353, 45.8195], [-77.1114, 45.8008], [-77.1305, 45.7884], [-77.1322, 45.7843], [-77.0865, 45.7061], [-77.0884, 45.7008], [-77.1014, 45.697], [-77.1043, 45.6928], [-77.0775, 45.6404], [-77.0855, 45.6307], [-77.0871, 45.6164], [-77.095, 45.6065], [-77.1034, 45.5778], [-77.1254, 45.5697], [-77.1191, 45.5663], [-77.1102, 45.5492], [-77.0974, 45.5358], [-77.0384, 45.4245], [-77.0222, 45.4108], [-77.0194, 45.3895], [-77.0124, 45.3768], [-76.9983, 45.3682], [-76.966, 45.3703], [-76.9637, 45.3646], [-76.9668, 45.3619], [-76.9633, 45.358], [-76.9447, 45.349], [-76.9084, 45.3382], [-76.8936, 45.3271], [-76.8918, 45.3213], [-76.8696, 45.3125], [-76.8664, 45.307], [-76.852, 45.298], [-76.8402, 45.2952], [-76.8368, 45.2829], [-76.8313, 45.2773], [-76.8352, 45.2697], [-76.7832, 45.2759], [-76.7731, 45.2808], [-76.7619, 45.2922], [-76.7408, 45.2938], [-76.7157, 45.3072], [-76.7226, 45.3007], [-76.7179, 45.2993], [-76.6921, 45.3171], [-76.6684, 45.3277], [-76.6613, 45.3407], [-76.6349, 45.3593], [-76.6098, 45.3652], [-76.5849, 45.3837], [-76.5633, 45.3937], [-76.55, 45.3958], [-76.5267, 45.4078], [-76.4938, 45.4071], [-76.4753, 45.3955], [-76.438, 45.3973], [-76.4344, 45.3995], [-76.4344, 45.4049], [-76.4181, 45.4089], [-76.381, 45.4026], [-76.3458, 45.4045], [-76.3488, 45.4207], [-76.3526, 45.4244], [-76.3476, 45.439], [-76.3487, 45.457], [-76.3641, 45.4579], [-76.386, 45.4651], [-76.4321, 45.4917], [-76.4558, 45.501], [-76.48, 45.5046], [-76.4989, 45.5172], [-76.519, 45.517], [-76.6074, 45.5321], [-76.6592, 45.5596], [-76.6749, 45.5853], [-76.6702, 45.6247], [-76.7129, 45.6641], [-76.7037, 45.6765], [-76.6887, 45.6813], [-76.6866, 45.6881], [-76.696, 45.7022], [-76.692, 45.7102], [-76.7013, 45.7143], [-76.7044, 45.7218], [-76.7212, 45.7192], [-76.7489, 45.7243], [-76.7688, 45.7344], [-76.7696, 45.7412], [-76.7657, 45.7467], [-76.771, 45.7495], [-76.7679, 45.7555], [-76.7808, 45.7837], [-76.7774, 45.7935], [-76.7656, 45.808], [-76.7711, 45.8327], [-76.7644, 45.8503], [-76.774, 45.8594], [-76.781, 45.8732], [-76.8036, 45.8765], [-76.8499, 45.8945], [-76.8706, 45.8924], [-76.8932, 45.8987], [-76.9277, 45.8933], [-76.9304, 45.8881], [-76.9232, 45.8713], [-76.9096, 45.8626], [-76.901, 45.8508], [-76.9081, 45.8474], [-76.9286, 45.8485], [-76.9117, 45.8069], [-76.9396, 45.7882], [-76.9879, 45.7871], [-77.0098, 45.8034], [-77.0239, 45.8087], [-77.0428, 45.8073], [-77.0653, 45.8004], [-77.0679, 45.8085], [-77.082, 45.8221], [-77.0987, 45.8281], [-77.1285, 45.8246], [-77.1353, 45.8195]]]}}, {"type": "Feature", "properties": {"id": "on-wmu-32", "wmu_id": "69A-3", "name": "69A-3", "province": "ON", "source": "Ontario LIO \u2014 Wildlife Management Unit"}, "geometry": {"type": "Polygon", "coordinates": [[[-76.6748, 44.2282], [-76.6654, 44.2142], [-76.647, 44.2006], [-76.6124, 44.1962], [-76.4887, 44.0302], [-76.4389, 44.0941], [-76.3529, 44.1343], [-76.3127, 44.1991], [-76.2867, 44.2038], [-76.2455, 44.2039], [-76.1917, 44.2214], [-76.1643, 44.2398], [-76.1618, 44.2807], [-76.2156, 44.2467], [-76.2372, 44.241], [-76.2898, 44.2421], [-76.3093, 44.2347], [-76.3241, 44.2421], [-76.3947, 44.2411], [-76.3367, 44.2692], [-76.2849, 44.2991], [-76.267, 44.3042], [-76.253, 44.3021], [-76.2345, 44.3058], [-76.2353, 44.3312], [-76.3471, 44.3215], [-76.3835, 44.3151], [-76.4107, 44.3024], [-76.4177, 44.295], [-76.4321, 44.2879], [-76.4753, 44.2773], [-76.4932, 44.2691], [-76.5495, 44.2781], [-76.581, 44.2898], [-76.6672, 44.2847], [-76.643, 44.2485], [-76.6748, 44.2282]]]}}, {"type": "Feature", "properties": {"id": "on-wmu-33", "wmu_id": "17", "name": "17", "province": "ON", "source": "Ontario LIO \u2014 Wildlife Management Unit"}, "geometry": {"type": "Polygon", "coordinates": [[[-88.5492, 50.9644], [-88.5524, 50.9739], [-88.5508, 50.9878], [-88.557, 51.0013], [-88.5533, 51.0083], [-88.5567, 51.0098], [-88.5576, 51.0275], [-88.5429, 51.0859], [-88.5328, 51.094], [-88.5184, 51.0894], [-88.5019, 51.0955], [-88.4993, 51.1], [-88.5082, 51.1059], [-88.508, 51.113], [-88.4975, 51.1202], [-88.4857, 51.1384], [-88.467, 51.1453], [-88.4571, 51.1529], [-88.4498, 51.1516], [-88.4241, 51.1655], [-88.427, 51.1811], [-88.4163, 51.1971], [-88.4238, 51.1999], [-88.4125, 51.2108], [-88.3794, 51.2088], [-88.3983, 51.2149], [-88.4027, 51.2238], [-88.4004, 51.2267], [-88.4024, 51.2313], [-88.3984, 51.2346], [-88.3743, 51.2323], [-88.3688, 51.2346], [-88.3623, 51.2304], [-88.3506, 51.2366], [-88.3463, 51.2507], [-88.3492, 51.2656], [-88.3593, 51.2678], [-88.3641, 51.273], [-88.3543, 51.2776], [-88.3495, 51.2858], [-88.3733, 51.3001], [-88.3855, 51.3208], [-88.4081, 51.323], [-88.4232, 51.313], [-88.4299, 51.3125], [-88.4492, 51.295], [-88.4519, 51.2889], [-88.4715, 51.2751], [-88.4737, 51.2688], [-88.5029, 51.2509], [-88.5157, 51.2481], [-88.5575, 51.248], [-88.6157, 51.2148], [-88.6282, 51.2165], [-88.6265, 51.2083], [-88.6318, 51.2084], [-88.6325, 51.2049], [-88.6373, 51.2051], [-88.6377, 51.2011], [-88.6443, 51.1985], [-88.6381, 51.196], [-88.6382, 51.1927], [-88.6759, 51.1876], [-88.697, 51.1909], [-88.708, 51.1805], [-88.6986, 51.164], [-88.7034, 51.16], [-88.7334, 51.1535], [-88.7326, 51.1502], [-88.7391, 51.1507], [-88.7413, 51.1463], [-88.7516, 51.1413], [-88.7639, 51.1445], [-88.8019, 51.1359], [-88.8071, 51.1274], [-88.8521, 51.0996], [-88.8872, 51.0935], [-88.8899, 51.0972], [-88.9005, 51.0963], [-88.9246, 51.1055], [-88.9518, 51.1202], [-88.9487, 51.1224], [-88.9697, 51.1536], [-88.9623, 51.1622], [-88.9697, 51.1669], [-88.9651, 51.1731], [-88.9681, 51.1894], [-88.9778, 51.1995], [-88.9878, 51.1998], [-88.9997, 51.2112], [-89.0014, 51.2218], [-88.9975, 51.2488], [-89.0036, 51.2563], [-89.0057, 51.272], [-88.9949, 51.3022], [-89.0, 51.3087], [-88.9732, 51.3205], [-88.9849, 51.3256], [-88.9932, 51.3328], [-88.9917, 51.3356], [-88.9977, 51.3333], [-89.0149, 51.336], [-89.016, 51.3406], [-89.0213, 51.3427], [-89.0107, 51.3551], [-89.0161, 51.3573], [-89.0131, 51.3624], [-89.0164, 51.3656], [-89.0269, 51.3592], [-89.0374, 51.3581], [-89.042, 51.3609], [-89.0585, 51.3542], [-89.0692, 51.355], [-89.0694, 51.3599], [-89.0643, 51.3607], [-89.0653, 51.3643], [-89.06, 51.3717], [-89.062, 51.3727], [-89.0509, 51.3783], [-89.0477, 51.3905], [-89.0431, 51.3921], [-89.0395, 51.3986], [-89.0386, 51.4023], [-89.0417, 51.4047], [-89.0396, 51.4056], [-89.044, 51.4094], [-89.0334, 51.4131], [-89.0372, 51.4148], [-89.0302, 51.4173], [-89.0312, 51.4221], [-89.0268, 51.4216], [-89.0311, 51.4235], [-89.03, 51.4254], [-89.0258, 51.4266], [-89.0247, 51.4241], [-89.0203, 51.4303], [-89.0123, 51.4283], [-89.0058, 51.4324], [-89.0045, 51.4367], [-88.9907, 51.4446], [-88.9867, 51.4533], [-89.003, 51.4543], [-89.0149, 51.4631], [-89.014, 51.476], [-89.0103, 51.4772], [-89.0145, 51.484], [-88.9894, 51.4974], [-88.9849, 51.5051], [-88.9908, 51.5052], [-88.9942, 51.5096], [-89.0138, 51.5059], [-89.0412, 51.5117], [-89.0451, 51.5158], [-89.0408, 51.5195], [-89.0416, 51.524], [-89.059, 51.5226], [-89.0866, 51.5315], [-89.0879, 51.5416], [-89.0926, 51.5486], [-89.0788, 51.5621], [-89.071, 51.5621], [-89.0648, 51.5708], [-89.0513, 51.5727], [-89.051, 51.5812], [-89.0389, 51.5902], [-89.031, 51.607], [-89.0467, 51.6105], [-89.0645, 51.6038], [-89.0785, 51.6052], [-89.0806, 51.6161], [-89.0974, 51.6052], [-89.0995, 51.6006], [-89.112, 51.5963], [-89.1177, 51.5996], [-89.1304, 51.5894], [-89.121, 51.5861], [-89.1211, 51.5814], [-89.1141, 51.5802], [-89.1168, 51.5759], [-89.1469, 51.5719], [-89.1823, 51.5765], [-89.1997, 51.5656], [-89.2127, 51.5516], [-89.2114, 51.5491], [-89.2185, 51.5404], [-89.2268, 51.5356], [-89.2304, 51.5357], [-89.2332, 51.5436], [-89.2472, 51.5515], [-89.2558, 51.5492], [-89.2637, 51.5537], [-89.2783, 51.5532], [-89.2945, 51.5494], [-89.3079, 51.5524], [-89.314, 51.5483], [-89.3172, 51.5385], [-89.3312, 51.5257], [-89.3452, 51.5232], [-89.3548, 51.5272], [-89.3658, 51.524], [-89.3714, 51.527], [-89.3871, 51.5184], [-89.3838, 51.5114], [-89.3855, 51.5086], [-89.3987, 51.5045], [-89.4147, 51.4943], [-89.4438, 51.4957], [-89.4547, 51.49], [-89.4798, 51.4959], [-89.4958, 51.5097], [-89.4822, 51.5173], [-89.4874, 51.5203], [-89.4845, 51.5288], [-89.4875, 51.5338], [-89.4758, 51.5334], [-89.4719, 51.5373], [-89.4599, 51.5391], [-89.4652, 51.5431], [-89.4631, 51.5537], [-89.4532, 51.5522], [-89.4414, 51.5567], [-89.4397, 51.5681], [-89.4325, 51.575], [-89.4236, 51.5762], [-89.4246, 51.5843], [-89.4085, 51.6039], [-89.3495, 51.6203], [-89.3351, 51.6302], [-89.3345, 51.6337], [-89.3115, 51.6428], [-89.3004, 51.6566], [-89.2781, 51.6651], [-89.2814, 51.6738], [-89.256, 51.6837], [-89.2469, 51.6932], [-89.2463, 51.7005], [-89.2581, 51.7072], [-89.2394, 51.7226], [-89.1898, 51.7397], [-89.1806, 51.7456], [-89.1822, 51.7506], [-89.1726, 51.7521], [-89.1674, 51.7605], [-89.1595, 51.7645], [-89.14, 51.7649], [-89.1343, 51.7602], [-89.113, 51.7652], [-89.0949, 51.771], [-89.0862, 51.7796], [-89.0723, 51.7821], [-89.0645, 51.787], [-89.037, 51.7846], [-89.0094, 51.797], [-89.0109, 51.8007], [-86.6022, 51.8007], [-86.5924, 51.8036], [-86.5901, 51.8091], [-86.574, 51.8016], [-86.5611, 51.8008], [-86.5456, 51.8044], [-86.5369, 51.8029], [-86.5347, 51.7991], [-86.524, 51.8008], [-86.518, 51.7954], [-86.5096, 51.7971], [-86.5091, 51.793], [-86.5042, 51.7919], [-86.5083, 51.7892], [-86.5095, 51.7808], [-86.5057, 51.778], [-86.5096, 51.7738], [-86.5068, 51.7689], [-86.5003, 51.7666], [-86.5102, 51.7617], [-86.4971, 51.7575], [-86.496, 51.7531], [-86.4804, 51.7427], [-86.4698, 51.744], [-86.4648, 51.7484], [-86.4672, 51.7517], [-86.4544, 51.7561], [-86.4568, 51.7601], [-86.4543, 51.7635], [-86.4489, 51.7634], [-86.449, 51.7676], [-86.4349, 51.7724], [-86.4289, 51.7696], [-86.4235, 51.772], [-86.4204, 51.769], [-86.4155, 51.7717], [-86.4118, 51.767], [-86.3923, 51.7646], [-86.3918, 51.7608], [-86.3826, 51.7602], [-86.3757, 51.7556], [-86.3471, 51.7618], [-86.3449, 51.7659], [-86.3054, 51.7634], [-86.2777, 51.7687], [-86.2514, 51.7595], [-86.2313, 51.7456], [-86.2065, 51.7487], [-86.1656, 51.7473], [-86.1531, 51.7338], [-86.1376, 51.7262], [-86.1206, 51.7258], [-86.1148, 51.73], [-86.0945, 51.7197], [-86.0491, 51.7142], [-86.0323, 51.7053], [-86.0258, 51.6962], [-86.003, 51.685], [-85.9975, 51.6749], [-85.9968, 51.6522], [-85.9927, 51.648], [-85.9758, 51.6438], [-85.9684, 51.6354], [-85.945, 51.6334], [-85.9363, 51.6304], [-85.9383, 51.6262], [-85.9021, 51.6202], [-85.83, 51.6288], [-85.8089, 51.6359], [-85.80541106614393, 51.63261043379284], [-85.8011, 51.6364], [-85.7764, 51.6301], [-85.7167, 51.6316], [-85.6781, 51.6453], [-85.6561, 51.6448], [-85.5039, 51.658], [-85.4617, 51.6491], [-85.4518, 51.6441], [-85.4438, 51.6315], [-85.4261, 51.6182], [-85.4102, 51.5914], [-85.383, 51.5815], [-85.3601, 51.5649], [-85.3455, 51.564], [-85.3357, 51.5593], [-85.3255, 51.5453], [-85.325, 51.5367], [-85.3156, 51.525], [-85.2233, 51.5037], [-85.1901, 51.479], [-85.176, 51.4587], [-85.1734, 51.4475], [-85.1603, 51.432], [-85.1268, 51.4178], [-85.0942, 51.4141], [-85.0505, 51.3943], [-85.0518, 51.3894], [-85.063, 51.3819], [-85.0386, 51.3583], [-85.0375, 51.339], [-85.0436, 51.3272], [-85.0439, 51.3178], [-85.0085, 51.2938], [-84.9994, 51.2821], [-84.8981, 51.271], [-84.8585, 51.2402], [-84.8452, 51.2204], [-84.8205, 51.2124], [-84.8077, 51.2038], [-84.8045, 51.1931], [-84.8004, 51.1905], [-84.7884, 51.1868], [-84.7631, 51.1872], [-84.7154, 51.1795], [-84.6994, 51.1644], [-84.6885, 51.159], [-84.6401, 51.1503], [-84.6168, 51.1422], [-84.6112, 51.1389], [-84.6075, 51.1294], [-84.5916, 51.1159], [-84.5704, 51.1175], [-84.5559, 51.1097], [-84.5377, 51.1136], [-84.5337, 51.1119], [-84.5298, 51.1006], [-84.5204, 51.1045], [-84.5059, 51.0996], [-84.4939, 51.0997], [-84.4937, 51.0948], [-84.5098, 51.0793], [-84.5583, 51.0798], [-84.5707, 51.0767], [-84.5763, 51.0713], [-84.5788, 51.0621], [-84.5734, 51.0521], [-84.5863, 51.0455], [-84.5948, 51.0342], [-84.6075, 51.0248], [-84.6077, 51.0099], [-84.6129, 50.996], [-84.6128, 50.9873], [-84.5953, 50.9682], [-84.596, 50.9532], [-84.6114, 50.9548], [-84.6362, 50.9508], [-84.6327, 50.9585], [-84.6389, 50.9591], [-84.6536, 50.9514], [-84.6681, 50.9486], [-84.6754, 50.9409], [-84.681, 50.942], [-84.6795, 50.9471], [-84.6832, 50.9495], [-84.6902, 50.9435], [-84.7042, 50.9466], [-84.7066, 50.9389], [-84.722, 50.9392], [-84.7254, 50.9332], [-84.7326, 50.9352], [-84.7415, 50.9295], [-84.7528, 50.9328], [-84.793, 50.9328], [-84.8172, 50.9282], [-84.8445, 50.9367], [-84.9083, 50.9313], [-84.9759, 50.9095], [-84.9828, 50.906], [-84.9891, 50.8943], [-85.0028, 50.8948], [-85.0121, 50.8894], [-85.0286, 50.8947], [-85.0267, 50.881], [-85.0434, 50.8859], [-85.0391, 50.8803], [-85.0453, 50.8724], [-85.0538, 50.8774], [-85.0711, 50.8763], [-85.0909, 50.8688], [-85.1533, 50.8724], [-85.1687, 50.8672], [-85.2006, 50.8743], [-85.2412, 50.8733], [-85.2768, 50.8855], [-85.2898, 50.8849], [-85.3031, 50.8929], [-85.3183, 50.8923], [-85.3253, 50.8978], [-85.3458, 50.8952], [-85.3876, 50.9014], [-85.4055, 50.9132], [-85.4323, 50.9178], [-85.4463, 50.9257], [-85.4562, 50.9275], [-85.5253, 50.9175], [-85.5341, 50.9104], [-85.5524, 50.9121], [-85.5655, 50.9076], [-85.5718, 50.9102], [-85.5772, 50.907], [-85.6024, 50.907], [-85.6247, 50.897], [-85.6927, 50.8935], [-85.7256, 50.8823], [-85.7536, 50.8827], [-85.7721, 50.874], [-85.7769, 50.8673], [-85.7905, 50.8678], [-85.7936, 50.8582], [-85.8031, 50.8567], [-85.8056, 50.8506], [-85.815, 50.8481], [-85.814, 50.8419], [-85.8223, 50.8273], [-85.8367, 50.8268], [-85.8282, 50.8194], [-85.8231, 50.8049], [-85.8522, 50.7885], [-85.8709, 50.7678], [-85.8813, 50.7651], [-85.8921, 50.7562], [-85.908, 50.7544], [-85.927, 50.7587], [-85.9689, 50.7571], [-85.9792, 50.7492], [-86.0189, 50.7387], [-86.0311, 50.7323], [-86.0327, 50.7268], [-86.0456, 50.7243], [-86.0494, 50.7208], [-86.0718, 50.7206], [-86.101, 50.726], [-86.1148, 50.7193], [-86.1503, 50.7221], [-86.1817, 50.7152], [-86.1914, 50.7189], [-86.2103, 50.7123], [-86.2136, 50.7068], [-86.2282, 50.7047], [-86.2309, 50.6991], [-86.2556, 50.6999], [-86.2591, 50.6932], [-86.2841, 50.701], [-86.307, 50.6955], [-86.3173, 50.7011], [-86.3267, 50.7012], [-86.337, 50.7102], [-86.3674, 50.7013], [-86.3661, 50.7051], [-86.3858, 50.7125], [-86.3926, 50.7075], [-86.4043, 50.7068], [-86.4165, 50.6974], [-86.4463, 50.6918], [-86.4712, 50.6749], [-86.492, 50.6651], [-86.5116, 50.6623], [-86.5201, 50.6573], [-86.5309, 50.6576], [-86.5351, 50.667], [-86.542, 50.6671], [-86.6465, 50.6511], [-86.6765, 50.651], [-86.689, 50.6463], [-86.6932, 50.6476], [-86.6923, 50.6507], [-86.7058, 50.6533], [-86.7074, 50.6573], [-86.7296, 50.6624], [-86.7227, 50.6702], [-86.6989, 50.6811], [-86.7113, 50.6848], [-86.747, 50.6638], [-86.7722, 50.6667], [-86.7881, 50.6749], [-86.7846, 50.6779], [-86.7865, 50.6818], [-86.8031, 50.678], [-86.8398, 50.6804], [-86.8659, 50.6731], [-86.8642, 50.6826], [-86.8663, 50.6837], [-86.8967, 50.673], [-86.9167, 50.6769], [-86.9217, 50.6736], [-86.9372, 50.6721], [-86.9162, 50.69], [-86.9264, 50.6953], [-86.94, 50.694], [-86.9438, 50.6978], [-86.9653, 50.6963], [-86.9818, 50.7007], [-86.9921, 50.6965], [-87.0027, 50.6995], [-87.0095, 50.7053], [-86.9931, 50.7101], [-87.0154, 50.727], [-87.011, 50.7308], [-87.0144, 50.7342], [-87.0333, 50.7307], [-87.0443, 50.7372], [-87.0532, 50.7344], [-87.0718, 50.7379], [-87.0861, 50.7353], [-87.1449, 50.7353], [-87.1705, 50.7298], [-87.1772, 50.725], [-87.1922, 50.7265], [-87.2602, 50.7125], [-87.2635, 50.7082], [-87.2749, 50.7045], [-87.2794, 50.6934], [-87.2956, 50.6853], [-87.3043, 50.6853], [-87.3095, 50.6805], [-87.3258, 50.6835], [-87.3596, 50.6758], [-87.3743, 50.6825], [-87.3915, 50.6786], [-87.4016, 50.6806], [-87.4181, 50.672], [-87.4546, 50.6669], [-87.4572, 50.6819], [-87.4479, 50.6907], [-87.4592, 50.6988], [-87.4711, 50.6997], [-87.4739, 50.7069], [-87.4888, 50.7076], [-87.5131, 50.6979], [-87.5317, 50.7043], [-87.5479, 50.6989], [-87.5625, 50.7001], [-87.5766, 50.6882], [-87.5846, 50.6909], [-87.608, 50.6849], [-87.619, 50.6872], [-87.6178, 50.6914], [-87.6235, 50.6946], [-87.6146, 50.7072], [-87.6156, 50.7107], [-87.606, 50.7172], [-87.6062, 50.7202], [-87.6184, 50.7214], [-87.632, 50.7301], [-87.7297, 50.7295], [-87.721, 50.7547], [-87.7298, 50.7625], [-87.7284, 50.7705], [-87.7338, 50.7753], [-87.7326, 50.7796], [-87.7412, 50.7858], [-87.7726, 50.795], [-87.7929, 50.7881], [-87.8471, 50.7897], [-87.8585, 50.7811], [-87.8558, 50.7721], [-87.8614, 50.7672], [-87.8801, 50.7673], [-87.8845, 50.771], [-87.8816, 50.7751], [-87.8869, 50.7818], [-87.9057, 50.781], [-87.913, 50.786], [-87.9106, 50.7795], [-87.915, 50.7741], [-87.9221, 50.7746], [-87.943, 50.767], [-87.9516, 50.7717], [-87.9727, 50.7695], [-87.9827, 50.7645], [-87.9929, 50.7671], [-87.9993, 50.7604], [-87.9966, 50.7558], [-88.0029, 50.748], [-88.0724, 50.7328], [-88.157, 50.7664], [-88.1689, 50.7782], [-88.2058, 50.7957], [-88.2637, 50.794], [-88.2954, 50.8014], [-88.2959, 50.7934], [-88.3124, 50.7844], [-88.3496, 50.7924], [-88.3661, 50.7923], [-88.3677, 50.7968], [-88.4233, 50.7997], [-88.4924, 50.8122], [-88.5248, 50.8107], [-88.5586, 50.816], [-88.5702, 50.8257], [-88.5707, 50.832], [-88.599, 50.8468], [-88.5892, 50.8518], [-88.5805, 50.8708], [-88.5704, 50.8749], [-88.5731, 50.8836], [-88.5724, 50.911], [-88.5664, 50.9328], [-88.5544, 50.955], [-88.5497, 50.9578], [-88.5483, 50.956], [-88.5472, 50.9604], [-88.5406, 50.9557], [-88.53703921198668, 50.957143562708104], [-88.5492, 50.9644]], [[-88.532, 50.9497], [-88.5325, 50.9536], [-88.5284, 50.9513], [-88.5297, 50.9494], [-88.5249, 50.9499], [-88.5367506205036, 50.956971357913666], [-88.532, 50.9497]]]}}, {"type": "Feature", "properties": {"id": "on-wmu-34", "wmu_id": "72A", "name": "72A", "province": "ON", "source": "Ontario LIO \u2014 Wildlife Management Unit"}, "geometry": {"type": "Polygon", "coordinates": [[[-78.6149, 43.9859], [-78.6058, 43.9488], [-78.5858, 43.9107], [-78.4742, 43.6311], [-77.7574, 43.6311], [-77.9107, 44.0072], [-77.8953, 44.0096], [-77.888, 44.005], [-77.8929, 44.0149], [-77.9003, 44.0188], [-77.9173, 44.0657], [-77.9388, 44.0923], [-77.9219, 44.1058], [-77.8966, 44.1119], [-77.8736, 44.1305], [-77.8684, 44.1427], [-77.8893, 44.1976], [-77.9113, 44.206], [-77.9342, 44.2707], [-77.9431, 44.2895], [-77.9514, 44.2957], [-77.9561, 44.308], [-77.9613, 44.3063], [-77.9682, 44.2975], [-78.0228, 44.2799], [-78.0449, 44.262], [-78.0643, 44.2585], [-78.0893, 44.248], [-78.1266, 44.2177], [-78.1492, 44.1895], [-78.1728, 44.1803], [-78.195, 44.1655], [-78.2195, 44.1404], [-78.2263, 44.1478], [-78.2644, 44.127], [-78.2772, 44.1255], [-78.3065, 44.1297], [-78.3468, 44.1193], [-78.3256, 44.0762], [-78.4812, 44.0384], [-78.4961, 44.0402], [-78.6097, 44.0137], [-78.605, 44.0004], [-78.6149, 43.9859]]]}}, {"type": "Feature", "properties": {"id": "on-wmu-35", "wmu_id": "75", "name": "75", "province": "ON", "source": "Ontario LIO \u2014 Wildlife Management Unit"}, "geometry": {"type": "Polygon", "coordinates": [[[-79.1621, 44.6966], [-79.026, 44.3894], [-78.8554, 44.4289], [-78.8206, 44.3462], [-78.7869, 44.3487], [-78.7703, 44.3448], [-78.7533, 44.3266], [-78.7412, 44.3252], [-78.6918, 44.3358], [-78.6774, 44.3124], [-78.6412, 44.3167], [-78.6241, 44.3058], [-78.5885, 44.2923], [-78.4424, 44.3272], [-78.4876, 44.4245], [-78.4948, 44.4712], [-78.5223, 44.5461], [-78.5401, 44.5419], [-78.5806, 44.6297], [-78.6323, 44.6193], [-78.7132, 44.599], [-78.7415, 44.5883], [-78.7945, 44.5766], [-78.7897, 44.5864], [-78.7893, 44.6058], [-78.7952, 44.657], [-78.802, 44.6639], [-78.8071, 44.6847], [-78.7994, 44.714], [-78.8092, 44.7271], [-78.8577, 44.7155], [-78.9011, 44.7191], [-78.9215, 44.7175], [-78.9313, 44.7241], [-78.9311, 44.7327], [-78.9356, 44.7408], [-78.9452, 44.7452], [-78.9519, 44.7528], [-78.972, 44.7565], [-78.9943, 44.7517], [-79.0075, 44.7415], [-79.0213, 44.7359], [-79.0245, 44.7279], [-79.0342, 44.7236], [-79.0575, 44.726], [-79.0722, 44.7317], [-79.0885, 44.7256], [-79.1017, 44.7268], [-79.1313, 44.7171], [-79.1469, 44.7159], [-79.1527, 44.6997], [-79.1621, 44.6966]]]}}, {"type": "Feature", "properties": {"id": "on-wmu-36", "wmu_id": "25", "name": "25", "province": "ON", "source": "Ontario LIO \u2014 Wildlife Management Unit"}, "geometry": {"type": "Polygon", "coordinates": [[[-84.613, 50.9902], [-84.6104, 50.9836], [-84.5955, 50.9686], [-84.5965, 50.96], [-84.5885, 50.9458], [-84.5901, 50.9415], [-84.6003, 50.9348], [-84.6012, 50.9265], [-84.5682, 50.9107], [-84.5697, 50.9044], [-84.5902, 50.8837], [-84.5824, 50.8702], [-84.5833, 50.8596], [-84.5803, 50.853], [-84.5624, 50.8376], [-84.5288, 50.8273], [-84.518, 50.8188], [-84.5002, 50.8197], [-84.4967, 50.8064], [-84.4882, 50.7994], [-84.4549, 50.7979], [-84.4284, 50.7501], [-84.4287, 50.7383], [-84.4396, 50.7199], [-84.4394, 50.6983], [-84.4449, 50.6799], [-84.454, 50.6699], [-84.4594, 50.656], [-84.4708, 50.6454], [-84.4726, 50.6214], [-84.4784, 50.6077], [-84.4915, 50.5947], [-84.4965, 50.5812], [-84.4951, 50.5707], [-84.4986, 50.5637], [-84.4941, 50.547], [-84.4975, 50.5345], [-84.4939, 50.5261], [-84.503, 50.5123], [-84.503, 50.5071], [-84.4773, 50.4932], [-84.4693, 50.4777], [-84.4527, 50.4603], [-84.4317, 50.46], [-84.4187, 50.4539], [-84.3983, 50.4314], [-84.3868, 50.4251], [-84.3815, 50.4095], [-84.3643, 50.407], [-84.3503, 50.3959], [-84.3367, 50.3933], [-84.3339, 50.3835], [-84.3225, 50.3805], [-84.3232, 50.372], [-84.3053, 50.368], [-84.3145, 50.3601], [-84.2973, 50.3498], [-84.3047, 50.3429], [-84.3052, 50.3385], [-84.2863, 50.3309], [-84.301, 50.3238], [-84.2893, 50.3133], [-84.306, 50.3076], [-84.3047, 50.3039], [-84.2949, 50.3001], [-84.2884, 50.2901], [-84.295, 50.2768], [-84.3043, 50.2702], [-84.2851, 50.2698], [-84.2791, 50.2664], [-84.2755, 50.2596], [-84.2796, 50.2566], [-84.2903, 50.2597], [-84.2955, 50.2582], [-84.2947, 50.2546], [-84.2831, 50.2478], [-84.2863, 50.2449], [-84.2984, 50.2442], [-84.2995, 50.2404], [-84.2886, 50.2374], [-84.2778, 50.2248], [-84.2807, 50.2218], [-84.2937, 50.2244], [-84.2977, 50.2216], [-84.2978, 50.2172], [-84.2231, 50.2138], [-84.2233, 50.2103], [-84.2155, 50.2084], [-84.2192, 50.2056], [-84.2113, 50.2068], [-84.2132, 50.2034], [-84.206, 50.2011], [-84.2104, 50.199], [-84.2035, 50.1947], [-84.2044, 50.1912], [-84.2015, 50.192], [-84.2029, 50.1877], [-84.1977, 50.1886], [-84.1989, 50.1843], [-84.1941, 50.1857], [-84.2008, 50.1826], [-84.1957, 50.1731], [-84.1984, 50.1707], [-84.1944, 50.1692], [-84.1967, 50.167], [-84.1937, 50.1572], [-84.1845, 50.1504], [-84.1858, 50.1463], [-84.1751, 50.1418], [-84.1674, 50.1429], [-84.1708, 50.1412], [-84.1671, 50.1354], [-84.147, 50.1324], [-84.1484, 50.1286], [-84.1443, 50.128], [-84.1469, 50.1248], [-84.1367, 50.1237], [-84.1355, 50.1265], [-84.1332, 50.122], [-84.1177, 50.1166], [-84.1159, 50.1145], [-84.1208, 50.112], [-84.1221, 50.1042], [-84.1201, 50.1062], [-84.1059, 50.1026], [-84.1041, 50.1058], [-84.0992, 50.105], [-84.0945, 50.1083], [-84.0922, 50.1047], [-84.0866, 50.105], [-84.0758, 50.0979], [-84.0772, 50.0936], [-84.0712, 50.0915], [-84.0724, 50.0896], [-84.0596, 50.088], [-84.0563, 50.0827], [-84.0602, 50.0807], [-84.0582, 50.0757], [-84.0363, 50.074], [-84.0314, 50.0785], [-84.023, 50.0785], [-84.0066, 50.0727], [-83.9961, 50.0732], [-83.9866, 50.0784], [-83.9774, 50.0771], [-83.9701, 50.089], [-83.9496, 50.0789], [-83.941, 50.0803], [-83.9356, 50.0852], [-83.9326, 50.0829], [-83.9333, 50.086], [-83.9269, 50.0913], [-83.9137, 50.0906], [-83.9114, 50.0961], [-83.9033, 50.0983], [-83.9005, 50.095], [-83.8946, 50.0958], [-83.8949, 50.0997], [-83.8852, 50.1022], [-83.8782, 50.0966], [-83.8688, 50.1014], [-83.8696, 50.0993], [-83.8519, 50.094], [-83.8516, 50.09], [-83.8469, 50.0917], [-83.8443, 50.0884], [-83.8417, 50.0904], [-83.8184, 50.0854], [-83.8169, 50.0825], [-83.8048, 50.0824], [-83.8095, 50.0766], [-83.8062, 50.0702], [-83.8138, 50.0654], [-83.8194, 50.0668], [-83.8216, 50.063], [-83.8098, 50.0525], [-83.8148, 50.0462], [-83.8132, 50.044], [-83.823, 50.032], [-83.8366, 50.0245], [-83.8417, 50.0132], [-83.8383, 50.01], [-83.831, 50.0107], [-83.8163, 50.0057], [-83.8169, 50.0007], [-83.8243, 49.994], [-83.8205, 49.989], [-83.8236, 49.9859], [-83.8143, 49.983], [-83.8116, 49.9783], [-83.819, 49.9711], [-83.635, 49.9709], [-83.641, 49.9761], [-83.6366, 49.9809], [-83.6399, 49.9898], [-83.6504, 49.995], [-83.6499, 50.0075], [-83.646, 50.0079], [-83.6506, 50.0092], [-83.6501, 50.0133], [-83.6444, 50.0148], [-83.6462, 50.0173], [-83.6432, 50.0229], [-83.64, 50.0201], [-83.6363, 50.023], [-83.6397, 50.0253], [-83.6335, 50.0248], [-83.6349, 50.0286], [-83.6281, 50.0271], [-83.6188, 50.035], [-83.6039, 50.0398], [-83.5989, 50.046], [-83.586, 50.0485], [-83.572, 50.0564], [-83.5739, 50.0591], [-83.5704, 50.0618], [-83.5626, 50.086], [-83.5511, 50.097], [-83.5512, 50.1005], [-83.5407, 50.1075], [-83.5366, 50.1151], [-83.5385, 50.1191], [-83.5298, 50.1269], [-83.4798, 50.1408], [-83.4682, 50.1428], [-83.4601, 50.1404], [-83.4344, 50.1522], [-83.4213, 50.1554], [-83.4144, 50.1535], [-83.3971, 50.162], [-83.3795, 50.161], [-83.3723, 50.166], [-83.3677, 50.1648], [-83.3686, 50.168], [-83.3582, 50.1624], [-83.3561, 50.1659], [-83.3413, 50.1645], [-83.331, 50.1709], [-83.3138, 50.1714], [-83.3074, 50.1748], [-83.3024, 50.1702], [-83.2795, 50.1759], [-83.2725, 50.1838], [-83.2605, 50.1801], [-83.2521, 50.1861], [-83.2394, 50.1872], [-83.2392, 50.1901], [-83.2328, 50.1861], [-83.2258, 50.1876], [-83.2231, 50.1895], [-83.2277, 50.1901], [-83.2247, 50.1951], [-83.2212, 50.1909], [-83.2099, 50.1968], [-83.2009, 50.1936], [-83.1986, 50.2001], [-83.1876, 50.1964], [-83.1867, 50.1984], [-83.1913, 50.1996], [-83.1795, 50.2017], [-83.1826, 50.2046], [-83.1754, 50.2024], [-83.1705, 50.2047], [-83.1725, 50.2079], [-83.1633, 50.2054], [-83.1563, 50.2089], [-83.158, 50.2125], [-83.1514, 50.2105], [-83.1519, 50.2163], [-83.1462, 50.2144], [-83.1423, 50.2192], [-83.1481, 50.2202], [-83.1464, 50.2223], [-83.1335, 50.2178], [-83.1243, 50.2229], [-83.1276, 50.2247], [-83.1136, 50.2283], [-83.1161, 50.2305], [-83.114, 50.2339], [-83.1101, 50.2304], [-83.1016, 50.2351], [-83.097, 50.2304], [-83.0908, 50.2345], [-83.0847, 50.2333], [-83.0829, 50.2287], [-83.0809, 50.234], [-83.07, 50.23], [-83.072, 50.2264], [-83.0586, 50.2302], [-83.0644, 50.2261], [-83.0563, 50.2269], [-83.0506, 50.223], [-83.0597, 50.2211], [-83.0543, 50.2191], [-83.0543, 50.2163], [-83.0514, 50.2192], [-83.038, 50.22], [-83.0337, 50.2166], [-83.0251, 50.219], [-83.0181, 50.2169], [-83.0204, 50.2216], [-83.0183, 50.2226], [-83.0071, 50.2218], [-83.007, 50.2177], [-82.9968, 50.2199], [-82.992, 50.2149], [-82.9892, 50.2197], [-82.9866, 50.2136], [-82.9896, 50.212], [-82.9768, 50.2145], [-82.9745, 50.2109], [-82.9839, 50.205], [-82.969, 50.2], [-82.964, 50.2068], [-82.9565, 50.2061], [-82.9552, 50.2093], [-82.9453, 50.209], [-82.9399, 50.2129], [-82.9357, 50.2099], [-82.9331, 50.2146], [-82.9306, 50.2101], [-82.9255, 50.2128], [-82.9233, 50.2102], [-82.922, 50.2153], [-82.918, 50.2124], [-82.9131, 50.2149], [-82.904, 50.2133], [-82.9077, 50.2165], [-82.8925, 50.2208], [-82.894, 50.2165], [-82.8875, 50.2147], [-82.878, 50.2212], [-82.8718, 50.2191], [-82.8614, 50.2278], [-82.8602, 50.2408], [-82.8273, 50.2446], [-82.8197, 50.2525], [-82.789, 50.2694], [-82.7552, 50.2737], [-82.7113, 50.2895], [-82.7099, 50.3076], [-82.7015, 50.316], [-82.6906, 50.3188], [-82.6826, 50.3322], [-82.6631, 50.349], [-82.6348, 50.3572], [-82.5638, 50.4079], [-82.4859, 50.4162], [-82.4496, 50.4087], [-82.4104, 50.4097], [-82.3701, 50.4055], [-82.359, 50.4091], [-82.352, 50.4131], [-82.3323, 50.4359], [-82.2943, 50.4444], [-82.263, 50.4709], [-82.2153, 50.4905], [-82.1762, 50.5019], [-82.1666, 50.5128], [-82.1653, 50.533], [-82.1615, 50.5403], [-82.1455, 50.5584], [-82.1202, 50.5782], [-82.0957, 50.5829], [-82.0408, 50.5839], [-82.0273, 50.5871], [-82.0109, 50.5969], [-82.0025, 50.6125], [-81.989, 50.6224], [-81.9535, 50.6368], [-81.9426, 50.6479], [-81.9202, 50.6607], [-81.8951, 50.6701], [-81.8775, 50.6823], [-81.851, 50.6935], [-81.7873, 50.7035], [-81.7462, 50.726], [-81.7203, 50.7251], [-81.6961, 50.732], [-81.6359, 50.729], [-81.6001, 50.7369], [-81.5771, 50.7469], [-81.5243, 50.746], [-81.4986, 50.738], [-81.4862, 50.7296], [-81.4787, 50.7311], [-81.4609, 50.7382], [-81.4456, 50.7534], [-81.4255, 50.7662], [-81.3879, 50.7738], [-81.3248, 50.797], [-81.2978, 50.8213], [-81.2907, 50.8078], [-81.3211, 50.7564], [-81.3066, 50.7661], [-81.2977, 50.7635], [-81.2614, 50.7692], [-81.235, 50.7801], [-81.2217, 50.778], [-81.2235, 50.7674], [-81.1982, 50.7909], [-81.1909, 50.8042], [-81.1635, 50.8274], [-81.1402, 50.8341], [-81.1197, 50.8447], [-81.0899, 50.8713], [-81.0549, 50.888], [-81.0157, 50.9182], [-81.0052, 50.9224], [-80.9894, 50.9433], [-80.9806, 50.963], [-80.9714, 50.9656], [-80.935, 51.0055], [-80.8872, 51.0465], [-80.8858, 51.0646], [-80.8975, 51.0759], [-80.8837, 51.0832], [-80.8337, 51.1317], [-80.8156, 51.1329], [-80.8198, 51.1337], [-80.8002, 51.1436], [-80.7775, 51.1494], [-80.7526, 51.1451], [-80.7594, 51.1419], [-80.7388, 51.1457], [-80.7242, 51.1448], [-80.7151, 51.1516], [-80.6847, 51.163], [-80.6543, 51.1869], [-80.6479, 51.193], [-80.6487, 51.197], [-80.6308, 51.2128], [-80.6103, 51.2194], [-80.6186, 51.2092], [-80.6146, 51.2107], [-80.5895, 51.2411], [-80.5635, 51.2575], [-80.5622, 51.2601], [-80.5723, 51.2552], [-80.5659, 51.2627], [-80.5544, 51.2676], [-80.5547, 51.2647], [-80.5447, 51.2739], [-80.5071, 51.2913], [-80.4408, 51.3092], [-80.395, 51.33], [-80.3847, 51.3393], [-80.4328, 51.3828], [-80.4363, 51.4104], [-80.428, 51.4518], [-80.4318, 51.4643], [-80.4468, 51.4928], [-80.464, 51.5], [-80.496, 51.5218], [-80.5137, 51.5498], [-80.5215, 51.5818], [-80.5319, 51.6055], [-80.5506, 51.6292], [-80.5702, 51.6655], [-80.5719, 51.675], [-80.5632, 51.6909], [-80.5658, 51.7017], [-80.6141, 51.7481], [-80.6402, 51.7662], [-80.6526, 51.7805], [-80.6554, 51.7918], [-80.6641, 51.7978], [-80.6805, 51.8009], [-80.6887, 51.8056], [-80.6923, 51.82], [-80.6891, 51.831], [-80.6896, 51.8469], [-80.6959, 51.8334], [-80.6975, 51.8164], [-80.7017, 51.8131], [-80.7099, 51.8136], [-80.7375, 51.8292], [-80.7397, 51.8419], [-80.7527, 51.8387], [-80.7495, 51.8588], [-80.7586, 51.8438], [-80.7718, 51.8501], [-80.7716, 51.8572], [-80.7862, 51.8613], [-80.7969, 51.8821], [-80.7933, 51.8891], [-80.7952, 51.8927], [-80.807, 51.8929], [-80.8238, 51.8803], [-80.8317, 51.8815], [-80.8448, 51.8897], [-80.8504, 51.9057], [-80.8567, 51.906], [-80.8721, 51.8971], [-80.8811, 51.8987], [-80.8899, 51.9075], [-80.9119, 51.9202], [-80.9582, 51.981], [-80.9686, 51.9843], [-80.9786, 52.0], [-80.9752, 52.0], [-80.9891, 52.0114], [-81.0278, 52.0164], [-81.0392, 52.0292], [-81.0378, 52.0379], [-81.0438, 52.0402], [-81.0467, 52.0396], [-81.0415, 52.0366], [-81.0431, 52.0293], [-81.0517, 52.0257], [-81.0602, 52.0273], [-81.081, 52.0428], [-81.0805, 52.0583], [-81.0893, 52.0606], [-81.0938, 52.058], [-81.096, 52.0468], [-81.1101, 52.0373], [-81.1183, 52.0395], [-81.1162, 52.0421], [-81.1602, 52.0413], [-81.2071, 52.0618], [-81.2204, 52.0615], [-81.2339, 52.0678], [-81.3622, 52.1027], [-81.3906, 52.1204], [-81.4048, 52.1352], [-81.4226, 52.1453], [-81.4172, 52.1508], [-81.4196, 52.1572], [-81.4316, 52.1673], [-81.4443, 52.19], [-81.474, 52.2158], [-81.4849, 52.2214], [-81.5149, 52.2297], [-81.5993, 52.2286], [-81.6319, 52.2174], [-81.6394, 52.2108], [-81.653, 52.2084], [-81.6606, 52.203], [-81.6628, 52.2043], [-81.6549, 52.2096], [-81.6424, 52.2118], [-81.633, 52.2193], [-81.6678, 52.2245], [-81.6733, 52.2195], [-81.7176, 52.2268], [-81.7635, 52.2276], [-81.7782, 52.222], [-81.7784, 52.2125], [-81.7869, 52.2006], [-81.8183, 52.1906], [-81.8432, 52.1901], [-81.8591, 52.1809], [-81.8577, 52.1771], [-81.8608, 52.1734], [-81.8897, 52.1642], [-81.8951, 52.1677], [-81.9377, 52.1642], [-81.9557, 52.1554], [-81.9709, 52.1536], [-81.9956, 52.1387], [-82.0396, 52.134], [-82.096, 52.1106], [-82.125, 52.1128], [-82.1676, 52.1058], [-82.1862, 52.0995], [-82.2225, 52.0959], [-82.2733, 52.1034], [-82.3174, 52.0906], [-82.3331, 52.0818], [-82.3491, 52.0576], [-82.3875, 52.0312], [-82.3951, 52.0197], [-82.4181, 51.9982], [-82.4727, 51.9698], [-82.4939, 51.9659], [-82.5191, 51.9533], [-82.5393, 51.9513], [-82.5482, 51.9438], [-82.5673, 51.938], [-82.5833, 51.9283], [-82.6251, 51.9179], [-82.6516, 51.9178], [-82.6802, 51.9224], [-82.7287, 51.9177], [-82.7501, 51.9105], [-82.7903, 51.8881], [-82.8439, 51.883], [-82.8755, 51.8913], [-82.8939, 51.8829], [-82.9339, 51.8722], [-82.9517, 51.8621], [-82.979, 51.8381], [-83.0275, 51.8116], [-83.0475, 51.7953], [-83.0876, 51.7709], [-83.1029, 51.7336], [-83.1484, 51.6849], [-83.1552, 51.6808], [-83.1753, 51.6784], [-83.2033, 51.6669], [-83.2337, 51.6454], [-83.2465, 51.6183], [-83.2538, 51.6119], [-83.2594, 51.5898], [-83.2754, 51.5659], [-83.2753, 51.5406], [-83.2817, 51.5309], [-83.2984, 51.5233], [-83.3307, 51.5191], [-83.3521, 51.5113], [-83.4033, 51.4792], [-83.4051, 51.4708], [-83.4108, 51.4775], [-83.4314, 51.4744], [-83.4633, 51.4797], [-83.5143, 51.469], [-83.5315, 51.4592], [-83.5575, 51.4325], [-83.5926, 51.4136], [-83.6175, 51.4084], [-83.6501, 51.4128], [-83.7105, 51.4017], [-83.7359, 51.3855], [-83.7818, 51.3648], [-83.8061, 51.3351], [-83.8707, 51.3165], [-83.8945, 51.3053], [-83.9282, 51.3007], [-83.9891, 51.2836], [-84.0322, 51.2801], [-84.1224, 51.2521], [-84.1507, 51.2531], [-84.1741, 51.2482], [-84.1995, 51.253], [-84.2232, 51.2421], [-84.2456, 51.2392], [-84.2597, 51.2435], [-84.2802, 51.237], [-84.3047, 51.2363], [-84.3445, 51.219], [-84.3713, 51.2114], [-84.4089, 51.1772], [-84.4213, 51.1543], [-84.4471, 51.1431], [-84.4603, 51.1304], [-84.476, 51.1073], [-84.4829, 51.1013], [-84.4939, 51.0997], [-84.4949, 51.0928], [-84.5067, 51.081], [-84.5302, 51.0783], [-84.5583, 51.0798], [-84.5732, 51.075], [-84.5788, 51.0621], [-84.574, 51.0511], [-84.5863, 51.0455], [-84.6082, 51.0236], [-84.6077, 51.0099], [-84.613, 50.9902]]]}}, {"type": "Feature", "properties": {"id": "on-wmu-37", "wmu_id": "85B", "name": "85B", "province": "ON", "source": "Ontario LIO \u2014 Wildlife Management Unit"}, "geometry": {"type": "Polygon", "coordinates": [[[-81.5398, 43.6172], [-81.2846, 43.5062], [-81.1831, 43.6286], [-81.1474, 43.614], [-81.0312, 43.7636], [-81.0974, 43.7905], [-81.0851, 43.8064], [-80.7598, 43.8455], [-80.7418, 43.844], [-80.7713, 43.9746], [-80.8274, 43.9678], [-80.8357, 44.0042], [-80.9916, 43.9864], [-81.1862, 43.9587], [-81.3682, 43.9274], [-81.3835, 43.908], [-81.3177, 43.8804], [-81.4329, 43.7318], [-81.4587, 43.7241], [-81.5393, 43.6273], [-81.5398, 43.6172]]]}}, {"type": "Feature", "properties": {"id": "on-wmu-38", "wmu_id": "72B", "name": "72B", "province": "ON", "source": "Ontario LIO \u2014 Wildlife Management Unit"}, "geometry": {"type": "Polygon", "coordinates": [[[-78.6149, 43.9859], [-78.6109, 43.993], [-78.8297, 43.9441], [-78.7965, 43.8671], [-78.7048, 43.6261], [-78.6904, 43.6311], [-78.4742, 43.6311], [-78.5858, 43.9107], [-78.6058, 43.9488], [-78.6149, 43.9859]]]}}, {"type": "Feature", "properties": {"id": "on-wmu-39", "wmu_id": "87A", "name": "87A", "province": "ON", "source": "Ontario LIO \u2014 Wildlife Management Unit"}, "geometry": {"type": "Polygon", "coordinates": [[[-80.506, 43.3539], [-80.2724, 43.3941], [-80.3059, 43.4721], [-80.353, 43.4592], [-80.3878, 43.4436], [-80.3948, 43.4549], [-80.4202, 43.4612], [-80.4272, 43.4711], [-80.4224, 43.4775], [-80.4242, 43.481], [-80.4326, 43.4822], [-80.4459, 43.4771], [-80.4553, 43.4772], [-80.4647, 43.4708], [-80.4808, 43.478], [-80.4807, 43.4826], [-80.4707, 43.4857], [-80.4729, 43.4932], [-80.4644, 43.5003], [-80.4701, 43.5068], [-80.4887, 43.5019], [-80.4932, 43.5033], [-80.4941, 43.5123], [-80.4677, 43.5183], [-80.4807, 43.5312], [-80.6261, 43.4798], [-80.5166, 43.3803], [-80.506, 43.3539]]]}}, {"type": "Feature", "properties": {"id": "on-wmu-40", "wmu_id": "63A", "name": "63A", "province": "ON", "source": "Ontario LIO \u2014 Wildlife Management Unit"}, "geometry": {"type": "Polygon", "coordinates": [[[-77.2887, 45.0819], [-77.2736, 45.0596], [-77.2698, 45.048], [-77.2743, 45.0358], [-77.2733, 45.0156], [-77.2798, 44.9969], [-77.2209, 44.9353], [-77.2155, 44.9264], [-77.2197, 44.9138], [-77.2135, 44.8991], [-77.177, 44.8515], [-77.1872, 44.8239], [-77.1799, 44.7999], [-77.1597, 44.8055], [-77.1589, 44.8138], [-77.1452, 44.8236], [-77.1395, 44.8357], [-77.1013, 44.8491], [-77.0015, 44.9003], [-76.9312, 44.9209], [-76.9274, 44.9276], [-76.9331, 44.9349], [-76.9468, 44.9387], [-76.9206, 44.9425], [-76.9039, 44.9347], [-76.9007, 44.9358], [-76.8972, 44.9444], [-76.8755, 44.955], [-76.8639, 44.9552], [-76.8629, 44.9589], [-76.847, 44.967], [-76.831, 44.9633], [-76.8252, 44.9649], [-76.7967, 44.9473], [-76.7998, 44.9301], [-76.7739, 44.9353], [-76.7714, 44.9419], [-76.7515, 44.9349], [-76.7405, 44.9406], [-76.7271, 44.9406], [-76.7212, 44.9454], [-76.7055, 44.9388], [-76.6874, 44.9405], [-76.6867, 44.9309], [-76.6775, 44.9236], [-76.6915, 44.9084], [-76.6964, 44.8941], [-76.6938, 44.8879], [-76.6975, 44.8751], [-76.7067, 44.8654], [-76.7085, 44.8535], [-76.7039, 44.8409], [-76.7089, 44.8325], [-76.7132, 44.8137], [-76.6981, 44.8024], [-76.6943, 44.795], [-76.6496, 44.8043], [-76.6162, 44.8201], [-76.6046, 44.8205], [-76.5909, 44.8267], [-76.5535, 44.8352], [-76.5325, 44.836], [-76.5449, 44.8376], [-76.553, 44.8448], [-76.5551, 44.86], [-76.5674, 44.8697], [-76.5748, 44.8686], [-76.583, 44.874], [-76.5907, 44.8802], [-76.5918, 44.8856], [-76.6275, 44.9136], [-76.5937, 44.9392], [-76.5757, 44.9417], [-76.5638, 44.9501], [-76.5427, 44.9578], [-76.5259, 44.9582], [-76.5397, 44.9737], [-76.528, 44.9799], [-76.5533, 45.0001], [-76.5523, 45.0177], [-76.5576, 45.025], [-76.5673, 45.0289], [-76.5769, 45.0378], [-76.5773, 45.0431], [-76.5483, 45.0638], [-76.5231, 45.0601], [-76.4953, 45.069], [-76.493, 45.0736], [-76.4609, 45.0943], [-76.5034, 45.1273], [-76.5037, 45.1407], [-76.4938, 45.1472], [-76.4956, 45.1576], [-76.4906, 45.1621], [-76.4695, 45.1737], [-76.4462, 45.1625], [-76.4312, 45.1612], [-76.3933, 45.1845], [-76.3403, 45.1859], [-76.3262, 45.1914], [-76.3273, 45.1987], [-76.3217, 45.2049], [-76.3007, 45.2161], [-76.297, 45.2249], [-76.2777, 45.2403], [-76.2905, 45.2503], [-76.2973, 45.2461], [-76.3076, 45.2475], [-76.3264, 45.2621], [-76.3219, 45.2678], [-76.2886, 45.2888], [-76.2814, 45.297], [-76.2919, 45.3225], [-76.2881, 45.3366], [-76.303, 45.3544], [-76.2972, 45.3644], [-76.319, 45.3817], [-76.3109, 45.3932], [-76.3394, 45.4154], [-76.3407, 45.4194], [-76.3485, 45.4199], [-76.3472, 45.4041], [-76.381, 45.4026], [-76.4181, 45.4089], [-76.4337, 45.4052], [-76.4344, 45.3995], [-76.4448, 45.3964], [-76.4762, 45.3956], [-76.4938, 45.4071], [-76.5267, 45.4078], [-76.55, 45.3958], [-76.5633, 45.3937], [-76.5849, 45.3837], [-76.6098, 45.3652], [-76.6349, 45.3593], [-76.6613, 45.3407], [-76.6684, 45.3277], [-76.6925, 45.3168], [-76.7287, 45.2897], [-76.7421, 45.2878], [-76.7575, 45.2686], [-76.7612, 45.2572], [-76.7609, 45.2522], [-76.7511, 45.2459], [-76.7517, 45.2422], [-76.7653, 45.2405], [-76.7801, 45.233], [-76.7877, 45.2334], [-76.8116, 45.2205], [-76.8518, 45.2156], [-76.893, 45.1939], [-76.9018, 45.1973], [-76.9139, 45.1935], [-76.9176, 45.1964], [-76.9169, 45.2019], [-76.9298, 45.2114], [-76.9414, 45.2117], [-76.9773, 45.1853], [-76.9971, 45.1843], [-77.0099, 45.1765], [-77.0389, 45.1458], [-77.0641, 45.1554], [-77.0676, 45.1585], [-77.0645, 45.1642], [-77.0676, 45.1696], [-77.0787, 45.1786], [-77.0885, 45.1749], [-77.1058, 45.182], [-77.1109, 45.1905], [-77.1524, 45.1996], [-77.1599, 45.2089], [-77.1687, 45.2377], [-77.1968, 45.2458], [-77.2256, 45.2277], [-77.2275, 45.2081], [-77.2231, 45.1958], [-77.2278, 45.1913], [-77.2405, 45.1558], [-77.2581, 45.1493], [-77.265, 45.1426], [-77.2663, 45.1185], [-77.262, 45.1119], [-77.2458, 45.103], [-77.2461, 45.0964], [-77.2614, 45.0888], [-77.2787, 45.0874], [-77.2887, 45.0819]]]}}, {"type": "Feature", "properties": {"id": "on-wmu-41", "wmu_id": "55B", "name": "55B", "province": "ON", "source": "Ontario LIO \u2014 Wildlife Management Unit"}, "geometry": {"type": "Polygon", "coordinates": [[[-77.8407, 45.6722], [-77.7752, 45.5524], [-77.7055, 45.5713], [-77.6945, 45.5707], [-77.6873, 45.5639], [-77.6888, 45.5602], [-77.6744, 45.557], [-77.6677, 45.5512], [-77.6612, 45.5439], [-77.6714, 45.5398], [-77.6715, 45.5298], [-77.6784, 45.5212], [-77.6773, 45.5095], [-77.6822, 45.4892], [-77.6744, 45.4877], [-77.6479, 45.4916], [-77.6127, 45.502], [-77.5759, 45.5035], [-77.5577, 45.513], [-77.5306, 45.5211], [-77.4747, 45.5356], [-77.4515, 45.5379], [-77.4276, 45.5493], [-77.418, 45.5697], [-77.4006, 45.5763], [-77.4056, 45.5912], [-77.404, 45.5952], [-77.3802, 45.6023], [-77.3694, 45.6013], [-77.3416, 45.5878], [-77.3135, 45.6], [-77.3042, 45.6002], [-77.2861, 45.5911], [-77.2253, 45.5769], [-77.2126, 45.5702], [-77.1928, 45.5726], [-77.1538, 45.5641], [-77.1254, 45.5697], [-77.1034, 45.5778], [-77.095, 45.6065], [-77.0871, 45.6164], [-77.0855, 45.6307], [-77.0775, 45.64], [-77.1043, 45.6928], [-77.1014, 45.697], [-77.0884, 45.7008], [-77.0865, 45.7061], [-77.1322, 45.7843], [-77.1305, 45.7884], [-77.1114, 45.8008], [-77.1353, 45.8195], [-77.1452, 45.8131], [-77.1514, 45.8031], [-77.2629, 45.7733], [-77.2791, 45.7599], [-77.3097, 45.7516], [-77.327, 45.7381], [-77.3439, 45.7333], [-77.3447, 45.7376], [-77.3533, 45.7418], [-77.3718, 45.7369], [-77.3756, 45.7414], [-77.3882, 45.742], [-77.3917, 45.747], [-77.4086, 45.7467], [-77.4233, 45.7546], [-77.4361, 45.7532], [-77.442, 45.7562], [-77.4427, 45.7603], [-77.4589, 45.7564], [-77.4668, 45.7596], [-77.5095, 45.7613], [-77.8407, 45.6722]]]}}, {"type": "Feature", "properties": {"id": "on-wmu-42", "wmu_id": "86A", "name": "86A", "province": "ON", "source": "Ontario LIO \u2014 Wildlife Management Unit"}, "geometry": {"type": "Polygon", "coordinates": [[[-81.2846, 43.5062], [-80.9828, 43.3715], [-80.7364, 43.3691], [-80.7373, 43.4075], [-80.7955, 43.4681], [-80.869, 43.4981], [-80.7546, 43.6484], [-80.8737, 43.699], [-80.7605, 43.8446], [-81.0851, 43.8064], [-81.0974, 43.7905], [-81.0312, 43.7636], [-81.1474, 43.614], [-81.1831, 43.6286], [-81.2846, 43.5062]]]}}, {"type": "Feature", "properties": {"id": "on-wmu-43", "wmu_id": "68A", "name": "68A", "province": "ON", "source": "Ontario LIO \u2014 Wildlife Management Unit"}, "geometry": {"type": "Polygon", "coordinates": [[[-77.7414, 44.4623], [-77.6966, 44.3778], [-77.6941, 44.3811], [-77.6133, 44.4002], [-77.6029, 44.3873], [-77.5765, 44.3301], [-77.5551, 44.3088], [-77.5475, 44.2962], [-77.5179, 44.3273], [-77.4896, 44.3339], [-77.4755, 44.3421], [-77.4549, 44.3439], [-77.4483, 44.3482], [-77.3426, 44.3734], [-77.3355, 44.3587], [-77.3351, 44.3484], [-77.3088, 44.355], [-77.3072, 44.3519], [-77.2987, 44.353], [-77.2942, 44.3724], [-77.1047, 44.4196], [-77.0913, 44.4284], [-77.0918, 44.4333], [-77.1104, 44.4299], [-77.1214, 44.4397], [-77.1312, 44.4425], [-77.149, 44.462], [-77.2156, 44.4457], [-77.2379, 44.453], [-77.271, 44.4446], [-77.2727, 44.4571], [-77.2964, 44.4565], [-77.3092, 44.4661], [-77.3087, 44.4736], [-77.3202, 44.4904], [-77.3182, 44.5028], [-77.3318, 44.5246], [-77.3318, 44.5341], [-77.3239, 44.5513], [-77.3498, 44.542], [-77.3771, 44.5378], [-77.3872, 44.5328], [-77.4781, 44.5118], [-77.5006, 44.5035], [-77.5328, 44.5017], [-77.5766, 44.4936], [-77.6099, 44.5016], [-77.674, 44.4863], [-77.7142, 44.4692], [-77.7414, 44.4623]]]}}, {"type": "Feature", "properties": {"id": "on-wmu-44", "wmu_id": "2", "name": "2", "province": "ON", "source": "Ontario LIO \u2014 Wildlife Management Unit"}, "geometry": {"type": "Polygon", "coordinates": [[[-95.1536, 50.411], [-94.5253, 50.4111], [-94.5165, 50.4155], [-94.5133, 50.4208], [-94.4923, 50.4278], [-94.4715, 50.4303], [-94.4105, 50.4457], [-94.3603, 50.4704], [-94.3622, 50.4746], [-94.379, 50.4791], [-94.3772, 50.4857], [-94.399, 50.4922], [-94.3967, 50.4955], [-94.3995, 50.4974], [-94.4104, 50.501], [-94.4196, 50.5002], [-94.3947, 50.5143], [-94.3969, 50.5278], [-94.4001, 50.5313], [-94.4256, 50.5258], [-94.44, 50.529], [-94.4245, 50.5398], [-94.4249, 50.5468], [-94.4211, 50.5483], [-94.4237, 50.5491], [-94.4181, 50.5553], [-94.4204, 50.5583], [-94.4184, 50.5631], [-94.4392, 50.5768], [-94.4325, 50.5808], [-94.4369, 50.5883], [-94.4443, 50.5877], [-94.4472, 50.5956], [-94.4532, 50.5979], [-94.4636, 50.5978], [-94.4519, 50.6108], [-94.4483, 50.625], [-94.4708, 50.6235], [-94.479, 50.6277], [-94.4321, 50.6611], [-94.4159, 50.6844], [-94.4047, 50.6858], [-94.3803, 50.711], [-94.3598, 50.7114], [-94.3548, 50.7179], [-94.3444, 50.7221], [-94.3113, 50.7265], [-94.3057, 50.7317], [-94.2705, 50.7446], [-94.2577, 50.7541], [-94.2428, 50.7567], [-94.2425, 50.759], [-94.224, 50.7618], [-94.2108, 50.7576], [-94.1725, 50.7751], [-94.153, 50.7896], [-94.1371, 50.7943], [-94.135, 50.7983], [-94.1462, 50.8023], [-94.1493, 50.8087], [-94.1451, 50.8133], [-94.1513, 50.8169], [-94.1371, 50.825], [-94.1377, 50.8366], [-94.1473, 50.8419], [-94.1437, 50.8462], [-94.1469, 50.8522], [-94.1418, 50.8633], [-94.1102, 50.885], [-94.0575, 50.8957], [-94.0476, 50.9002], [-94.0436, 50.9074], [-94.0472, 50.9154], [-94.0434, 50.9212], [-94.0526, 50.9252], [-94.0452, 50.9297], [-94.0472, 50.9394], [-94.0408, 50.9415], [-94.0426, 50.9473], [-94.0492, 50.9497], [-94.044, 50.9603], [-94.0451, 50.9644], [-94.0396, 50.9681], [-94.0382, 50.9732], [-94.0478, 50.9821], [-94.048, 50.9861], [-94.0372, 50.9921], [-94.0155, 50.9966], [-94.0149, 51.01], [-93.9863, 51.024], [-93.9815, 51.03], [-93.9849, 51.0361], [-93.9942, 51.0332], [-94.0322, 51.0338], [-94.0778, 51.0184], [-94.099, 51.0177], [-94.1067, 51.0091], [-94.1239, 51.0105], [-94.1438, 51.0183], [-94.1557, 51.0123], [-94.1675, 51.0108], [-94.172, 51.0238], [-94.1918, 51.0253], [-94.1806, 51.034], [-94.1895, 51.0389], [-94.191, 51.0447], [-94.1963, 51.0482], [-94.2012, 51.0701], [-94.1997, 51.0775], [-94.1757, 51.0794], [-94.1744, 51.0844], [-94.1638, 51.0902], [-94.0803, 51.0832], [-94.0551, 51.0876], [-94.0418, 51.0959], [-94.0465, 51.1155], [-94.035, 51.1466], [-94.0298, 51.1499], [-94.0203, 51.154], [-93.9893, 51.1487], [-93.9919, 51.1361], [-93.9875, 51.1365], [-93.9784, 51.1402], [-93.9728, 51.1539], [-93.9474, 51.1586], [-93.9274, 51.1664], [-93.9229, 51.1705], [-93.9234, 51.1778], [-93.9201, 51.18], [-93.9013, 51.1853], [-93.8899, 51.1827], [-93.8806, 51.1921], [-93.85, 51.1923], [-93.8473, 51.1898], [-93.8379, 51.1944], [-93.8347, 51.2003], [-93.8345, 51.2042], [-93.8386, 51.207], [-93.8362, 51.2178], [-93.8386, 51.2268], [-93.8481, 51.2297], [-93.854, 51.243], [-93.8649, 51.2406], [-93.8763, 51.2465], [-93.8949, 51.2466], [-93.9005, 51.2589], [-93.9163, 51.2648], [-93.9328, 51.2643], [-93.9413, 51.2679], [-93.949, 51.2658], [-93.9554, 51.2688], [-93.9651, 51.2644], [-93.9645, 51.2664], [-93.9736, 51.2655], [-93.9712, 51.2739], [-93.9757, 51.278], [-93.9934, 51.2806], [-93.992, 51.2832], [-94.0106, 51.2947], [-94.0247, 51.294], [-94.0258, 51.3027], [-94.0417, 51.3102], [-94.0468, 51.3202], [-94.0654, 51.3218], [-94.067, 51.3234], [-94.0639, 51.3266], [-94.0537, 51.3312], [-94.059, 51.3348], [-94.0659, 51.3344], [-94.0619, 51.3382], [-94.0739, 51.3399], [-94.0742, 51.3427], [-94.0594, 51.3483], [-94.0642, 51.3563], [-94.0562, 51.363], [-94.0646, 51.3665], [-94.0596, 51.3696], [-94.0603, 51.377], [-94.0474, 51.3802], [-94.0527, 51.3836], [-94.0547, 51.3894], [-94.0514, 51.3948], [-94.1706, 51.4134], [-94.1721, 51.4184], [-94.1683, 51.4278], [-94.1454, 51.4335], [-94.1446, 51.4384], [-94.1515, 51.4476], [-94.1453, 51.4517], [-94.1488, 51.4556], [-94.1472, 51.4633], [-94.1364, 51.4694], [-94.1238, 51.466], [-94.1237, 51.4705], [-94.1198, 51.4716], [-94.1096, 51.4664], [-94.1063, 51.4701], [-94.1098, 51.4754], [-94.1042, 51.4802], [-94.1084, 51.4877], [-94.1046, 51.491], [-94.1099, 51.4966], [-94.0964, 51.5001], [-94.097, 51.5058], [-94.091, 51.5096], [-94.0903, 51.5169], [-94.0958, 51.5239], [-94.0867, 51.5371], [-94.0911, 51.541], [-94.0901, 51.5472], [-94.0956, 51.5524], [-94.068, 51.5588], [-94.0503, 51.5666], [-94.0532, 51.57], [-94.0588, 51.5688], [-94.065, 51.5751], [-94.068, 51.5792], [-94.0658, 51.5842], [-94.0847, 51.593], [-94.0844, 51.5989], [-94.0967, 51.5974], [-94.0907, 51.6031], [-94.0826, 51.605], [-94.0815, 51.6103], [-94.0762, 51.614], [-94.0722, 51.6221], [-94.0739, 51.6247], [-94.0707, 51.6269], [-94.0797, 51.6311], [-94.0737, 51.6388], [-94.078, 51.6387], [-94.0784, 51.6483], [-94.0697, 51.652], [-94.0702, 51.6563], [-94.0634, 51.658], [-94.0672, 51.6637], [-94.0813, 51.661], [-94.0898, 51.6629], [-94.0889, 51.6656], [-94.0806, 51.6738], [-94.0649, 51.6771], [-94.0601, 51.6754], [-94.051, 51.6829], [-94.034, 51.6815], [-94.0135, 51.6723], [-94.0074, 51.6764], [-94.0015, 51.6754], [-94.0034, 51.6814], [-94.0132, 51.6894], [-94.0095, 51.6976], [-94.0074, 51.719], [-94.0039, 51.7232], [-94.0127, 51.7281], [-94.006, 51.7371], [-94.0057, 51.7523], [-94.0293, 51.7739], [-94.0093, 51.7839], [-94.0041, 51.7982], [-94.0116, 51.8147], [-94.0165, 51.8168], [-94.0183, 51.8283], [-94.0303, 51.8384], [-94.0503, 51.8349], [-94.0649, 51.8419], [-94.0884, 51.8423], [-94.0823, 51.8462], [-94.0815, 51.852], [-94.0852, 51.8564], [-94.0707, 51.8688], [-94.0659, 51.8782], [-94.1001, 51.8913], [-94.1328, 51.8939], [-94.1358, 51.9075], [-94.153, 51.9114], [-94.1506, 51.9163], [-94.1544, 51.9235], [-94.1429, 51.9311], [-94.14, 51.9424], [-94.1612, 51.954], [-94.1526, 51.9581], [-94.1516, 51.9682], [-94.1846, 51.9823], [-94.2006, 51.9999], [-94.2247, 51.9997], [-94.2305, 51.9968], [-94.2328, 51.9878], [-94.2425, 51.9799], [-94.2749, 51.9962], [-94.2895, 52.0134], [-94.2666, 52.0165], [-94.2646, 52.0239], [-94.2511, 52.0327], [-94.2543, 52.0359], [-94.2543, 52.0491], [-94.2892, 52.0713], [-94.3014, 52.0896], [-94.3092, 52.0957], [-94.3343, 52.1095], [-94.3456, 52.1129], [-94.3857, 52.1029], [-94.397, 52.1037], [-94.4162, 52.0991], [-94.4192, 52.1017], [-94.4584, 52.0849], [-94.4713, 52.0835], [-94.4746, 52.0936], [-94.4737, 52.1061], [-94.4824, 52.1182], [-94.5049, 52.1297], [-94.5338, 52.1363], [-94.5952, 52.1309], [-94.6168, 52.1196], [-94.6171, 52.1113], [-94.6372, 52.1019], [-94.6465, 52.1113], [-94.7173, 52.1189], [-94.733, 52.1267], [-94.7554, 52.1266], [-94.7733, 52.1344], [-94.7836, 52.1277], [-94.7887, 52.1151], [-94.807, 52.1104], [-94.8452, 52.0894], [-94.8503, 52.09], [-94.8526, 52.0954], [-94.8695, 52.0837], [-94.8833, 52.0887], [-94.8943, 52.0886], [-94.931, 52.0768], [-94.938, 52.0714], [-94.9344, 52.0655], [-94.9222, 52.0595], [-94.9353, 52.0513], [-94.9333, 52.0428], [-94.969, 52.0324], [-94.9692, 52.0282], [-94.9766, 52.0251], [-94.966, 52.0181], [-94.9651, 52.012], [-95.0106, 52.0057], [-95.028, 52.01], [-95.0415, 52.0066], [-95.0531, 52.012], [-95.068, 52.0088], [-95.0776, 52.0116], [-95.1006, 52.007], [-95.1107, 51.9978], [-95.1225, 51.9935], [-95.1537, 51.9947], [-95.1536, 50.411]]]}}, {"type": "Feature", "properties": {"id": "on-wmu-45", "wmu_id": "12A", "name": "12A", "province": "ON", "source": "Ontario LIO \u2014 Wildlife Management Unit"}, "geometry": {"type": "Polygon", "coordinates": [[[-92.4017, 49.0204], [-91.0237, 49.0204], [-91.0186, 49.0232], [-90.9941, 49.0239], [-90.9942, 49.0265], [-90.9854, 49.0253], [-90.9742, 49.0325], [-90.964, 49.0275], [-90.9582, 49.0289], [-90.9631, 49.0291], [-90.9609, 49.031], [-90.946, 49.0296], [-90.9425, 49.0271], [-90.9407, 49.0182], [-90.9225, 49.0161], [-90.9266, 49.0097], [-90.9121, 49.0036], [-90.9158, 48.999], [-90.788, 48.996], [-90.7476, 48.9869], [-90.7304, 48.9797], [-90.7125, 48.9861], [-90.6993, 48.9855], [-90.6741, 48.9929], [-90.658, 49.0162], [-90.6205, 49.0335], [-90.6184, 49.0461], [-90.6495, 49.048], [-90.6787, 49.0624], [-90.6886, 49.081], [-90.7066, 49.0975], [-90.7118, 49.1147], [-90.7313, 49.1283], [-90.8403, 49.1588], [-90.8427, 49.1771], [-90.8706, 49.1935], [-90.8877, 49.2179], [-90.901, 49.2268], [-90.9574, 49.2223], [-90.964, 49.2253], [-90.97, 49.2334], [-91.0604, 49.2494], [-91.0842, 49.2413], [-91.1081, 49.252], [-91.1492, 49.2638], [-91.1888, 49.258], [-91.2542, 49.2664], [-91.2669, 49.27], [-91.2755, 49.2794], [-91.3272, 49.3041], [-91.3598, 49.3077], [-91.4044, 49.3242], [-91.4453, 49.3312], [-91.4813, 49.344], [-91.5204, 49.3513], [-91.5731, 49.3729], [-91.6168, 49.4011], [-91.6368, 49.4062], [-91.6526, 49.4158], [-91.6766, 49.4187], [-91.69, 49.4338], [-91.7213, 49.4373], [-91.7403, 49.4336], [-91.7561, 49.4506], [-91.765, 49.454], [-91.8064, 49.4578], [-91.8378, 49.455], [-91.9117, 49.466], [-91.9367, 49.4724], [-91.9596, 49.4845], [-92.0052, 49.4886], [-92.0472, 49.5035], [-92.0416, 49.4984], [-92.0492, 49.489], [-92.0583, 49.4844], [-92.0483, 49.4763], [-92.0489, 49.4574], [-92.0441, 49.4529], [-92.0781, 49.4529], [-92.086, 49.4429], [-92.0848, 49.437], [-92.0753, 49.4371], [-92.0824, 49.4323], [-92.0813, 49.4278], [-92.1165, 49.408], [-92.1328, 49.4023], [-92.1608, 49.4039], [-92.1587, 49.3912], [-92.1511, 49.3911], [-92.1437, 49.3821], [-92.1365, 49.3806], [-92.1302, 49.3747], [-92.1325, 49.3699], [-92.1292, 49.3639], [-92.1341, 49.358], [-92.1305, 49.3523], [-92.1305, 49.3443], [-92.1374, 49.3355], [-92.1304, 49.323], [-92.1358, 49.3186], [-92.1336, 49.3169], [-92.1351, 49.3112], [-92.1334, 49.3057], [-92.1085, 49.284], [-92.1042, 49.2756], [-92.108, 49.2404], [-92.1182, 49.232], [-92.1394, 49.1974], [-92.1502, 49.1909], [-92.1543, 49.1917], [-92.1626, 49.1834], [-92.1843, 49.1791], [-92.1928, 49.1717], [-92.2052, 49.1709], [-92.2068, 49.1774], [-92.2027, 49.1822], [-92.2166, 49.1875], [-92.2258, 49.1847], [-92.2282, 49.2001], [-92.2322, 49.2006], [-92.2333, 49.2051], [-92.2525, 49.2005], [-92.2755, 49.2028], [-92.2923, 49.2008], [-92.3214, 49.2071], [-92.3422, 49.1974], [-92.3459, 49.1868], [-92.3447, 49.1794], [-92.35, 49.1706], [-92.3733, 49.1721], [-92.3877, 49.1769], [-92.3848, 49.1795], [-92.3878, 49.1802], [-92.3996, 49.1749], [-92.42, 49.1585], [-92.4245, 49.1588], [-92.4167, 49.1505], [-92.4052, 49.1468], [-92.4081, 49.1397], [-92.4176, 49.1355], [-92.4195, 49.126], [-92.424, 49.126], [-92.4221, 49.1223], [-92.4309, 49.1239], [-92.4434, 49.1211], [-92.4484, 49.1173], [-92.4473, 49.1104], [-92.4498, 49.1096], [-92.441, 49.1066], [-92.4387, 49.1094], [-92.4367, 49.1061], [-92.4256, 49.104], [-92.4363, 49.0996], [-92.4157, 49.0887], [-92.4143, 49.0855], [-92.4202, 49.0771], [-92.3907, 49.0557], [-92.3987, 49.0535], [-92.3988, 49.049], [-92.3924, 49.0428], [-92.3995, 49.0306], [-92.4035, 49.0289], [-92.4005, 49.0264], [-92.4017, 49.0204]]]}}, {"type": "Feature", "properties": {"id": "on-wmu-46", "wmu_id": "82A", "name": "82A", "province": "ON", "source": "Ontario LIO \u2014 Wildlife Management Unit"}, "geometry": {"type": "Polygon", "coordinates": [[[-81.1404, 44.7356], [-81.1269, 44.5438], [-81.0694, 44.2884], [-81.0287, 44.1438], [-81.023, 44.1418], [-81.0172, 44.117], [-81.0098, 44.1121], [-81.0039, 44.0883], [-81.0016, 44.0782], [-81.0088, 44.0658], [-80.9905, 43.9866], [-80.8357, 44.0042], [-80.8274, 43.9678], [-80.5692, 43.998], [-80.375, 44.0393], [-80.398, 44.135], [-80.3609, 44.1673], [-80.4066, 44.1941], [-80.4229, 44.2001], [-80.4084, 44.213], [-80.4113, 44.2147], [-80.2291, 44.2534], [-80.2936, 44.5324], [-80.4998, 45.0001], [-80.5148, 44.5944], [-80.4983, 44.5208], [-80.6991, 44.4791], [-80.6951, 44.4634], [-80.8753, 44.4441], [-80.8976, 44.4562], [-80.9051, 44.4678], [-80.9284, 44.5694], [-80.9528, 44.5668], [-80.5946, 45.0599], [-80.9627, 44.8772], [-80.9711, 44.8672], [-80.975, 44.871], [-81.0247, 44.8461], [-81.0344, 44.8362], [-81.1315, 44.7752], [-81.1306, 44.7662], [-81.1379, 44.7515], [-81.1358, 44.7502], [-81.138, 44.751], [-81.1398, 44.7466], [-81.1341, 44.7427], [-81.1245, 44.744], [-81.1156, 44.7366], [-81.1404, 44.7356]], [[-80.9274, 44.8337], [-80.9252, 44.8421], [-80.9102, 44.86], [-80.9, 44.8591], [-80.892, 44.8536], [-80.891, 44.8372], [-80.8954, 44.8295], [-80.924, 44.8281], [-80.9274, 44.8337]]]}}, {"type": "Feature", "properties": {"id": "on-wmu-47", "wmu_id": "89A", "name": "89A", "province": "ON", "source": "Ontario LIO \u2014 Wildlife Management Unit"}, "geometry": {"type": "Polygon", "coordinates": [[[-79.3397, 43.1167], [-79.3907, 43.1147], [-79.3864, 42.9913], [-79.3777, 42.9816], [-79.378, 42.9266], [-79.3679, 42.9202], [-79.367, 42.8909], [-79.3764, 42.8908], [-79.3811, 42.6611], [-78.9354, 42.8283], [-78.9059, 42.9003], [-78.9061, 42.9238], [-78.9193, 42.9471], [-78.9328, 42.956], [-78.9618, 42.9579], [-78.975, 42.9688], [-79.0117, 42.9853], [-79.0202, 42.9948], [-79.0234, 43.0163], [-79.0119, 43.0292], [-78.9997, 43.056], [-79.0074, 43.0659], [-79.0327, 43.0705], [-79.0628, 43.0505], [-79.073, 43.0472], [-79.0963, 43.0485], [-79.1067, 43.0446], [-79.1345, 43.0481], [-79.1465, 43.041], [-79.1743, 43.0422], [-79.1846, 43.0355], [-79.2003, 43.0406], [-79.2038, 43.0294], [-79.2105, 43.0283], [-79.2116, 43.0765], [-79.2882, 43.0441], [-79.311, 43.0434], [-79.3119, 43.0712], [-79.3081, 43.0748], [-79.3171, 43.0791], [-79.3173, 43.0841], [-79.3128, 43.0887], [-79.3127, 43.0952], [-79.3035, 43.0994], [-79.2955, 43.1085], [-79.3085, 43.1128], [-79.3288, 43.1114], [-79.3397, 43.1167]]]}}, {"type": "Feature", "properties": {"id": "on-wmu-48", "wmu_id": "64A", "name": "64A", "province": "ON", "source": "Ontario LIO \u2014 Wildlife Management Unit"}, "geometry": {"type": "Polygon", "coordinates": [[[-76.4433, 45.0809], [-76.4198, 45.065], [-76.3874, 45.0303], [-76.3732, 45.0256], [-76.3599, 45.015], [-76.3466, 44.9969], [-76.3431, 44.9859], [-76.3313, 44.9762], [-76.3299, 44.9536], [-76.2706, 44.9061], [-76.2643, 44.91], [-76.2463, 44.8972], [-76.2329, 44.9044], [-76.1907, 44.9065], [-76.1556, 44.895], [-76.1308, 44.8957], [-76.1137, 44.8915], [-76.0829, 44.9089], [-76.0654, 44.9124], [-76.0253, 44.9066], [-75.9765, 44.8781], [-75.9428, 44.8971], [-75.9261, 44.8908], [-75.9107, 44.9001], [-75.8618, 44.9171], [-75.8312, 44.9188], [-75.8321, 44.9276], [-75.8164, 44.9558], [-75.8206, 44.9677], [-75.8131, 44.97], [-75.806, 44.9796], [-75.7692, 44.9901], [-75.7636, 44.9988], [-75.7488, 45.0084], [-75.7333, 45.0106], [-75.7313, 45.0163], [-75.726, 45.0195], [-75.703, 45.0261], [-75.6893, 45.0473], [-75.6801, 45.0475], [-75.6742, 45.0542], [-75.6444, 45.0662], [-75.637, 45.0871], [-75.6219, 45.0963], [-75.6194, 45.1073], [-75.6208, 45.1161], [-75.6273, 45.1196], [-75.6284, 45.1257], [-75.635, 45.1285], [-75.6353, 45.1333], [-75.6438, 45.1441], [-75.642, 45.1532], [-75.6339, 45.1619], [-75.6425, 45.1622], [-75.7162, 45.1315], [-75.7695, 45.1742], [-75.8023, 45.1616], [-75.8068, 45.1689], [-75.818, 45.175], [-75.8389, 45.1944], [-75.9457, 45.1272], [-76.0393, 45.2039], [-76.0504, 45.207], [-76.0752, 45.1916], [-76.1918, 45.2877], [-76.2978, 45.365], [-76.297, 45.3617], [-76.303, 45.3544], [-76.2882, 45.3368], [-76.2919, 45.3225], [-76.2811, 45.2983], [-76.2882, 45.2872], [-76.2048, 45.2204], [-76.3265, 45.1405], [-76.3325, 45.13], [-76.3579, 45.114], [-76.378, 45.1089], [-76.4114, 45.0884], [-76.4288, 45.0872], [-76.4433, 45.0809]]]}}, {"type": "Feature", "properties": {"id": "on-wmu-49", "wmu_id": "24", "name": "24", "province": "ON", "source": "Ontario LIO \u2014 Wildlife Management Unit"}, "geometry": {"type": "Polygon", "coordinates": [[[-81.5524, 49.8728], [-81.5466, 49.8656], [-81.5446, 49.877], [-81.5441, 49.8647], [-81.5386, 49.8571], [-81.5458, 49.8629], [-81.5569, 49.8609], [-81.5575, 49.8582], [-81.5527, 49.8512], [-81.5383, 49.8435], [-81.5385, 49.8369], [-81.5301, 49.8339], [-81.5303, 49.8253], [-81.5269, 49.8245], [-81.5285, 49.8158], [-81.5088, 49.8095], [-81.4884, 49.8077], [-81.4883, 49.7971], [-81.4828, 49.7838], [-81.4947, 49.7622], [-81.4947, 49.7538], [-81.4771, 49.7448], [-81.47, 49.7345], [-81.4486, 49.7232], [-81.4296, 49.6983], [-81.4336, 49.6795], [-81.4123, 49.6541], [-81.4079, 49.6397], [-81.3824, 49.6176], [-81.3845, 49.6092], [-81.373, 49.5987], [-81.373, 49.5943], [-81.3827, 49.5822], [-81.3743, 49.5741], [-81.374, 49.5602], [-81.3765, 49.5599], [-81.3679, 49.556], [-81.3767, 49.5592], [-81.3789, 49.5529], [-81.3875, 49.5531], [-81.4213, 49.5681], [-81.4465, 49.5695], [-81.4548, 49.5744], [-81.5069, 49.5742], [-81.5106, 49.5659], [-81.5097, 49.5466], [-81.5007, 49.5145], [-81.5011, 49.5032], [-81.4927, 49.4809], [-81.4956, 49.4752], [-81.5168, 49.4604], [-81.5168, 49.4334], [-81.5104, 49.4209], [-81.5128, 49.3923], [-81.5169, 49.3868], [-81.5147, 49.3639], [-81.5229, 49.3531], [-81.5694, 49.335], [-81.5729, 49.3296], [-81.5932, 49.3181], [-81.6085, 49.3048], [-81.6218, 49.2996], [-81.6229, 49.276], [-81.6196, 49.276], [-81.6196, 49.2729], [-81.6334, 49.276], [-81.7322, 49.2762], [-81.7827, 49.2894], [-81.8249, 49.2873], [-81.9401, 49.2894], [-82.0466, 49.3144], [-82.0885, 49.3336], [-82.1233, 49.342], [-82.1514, 49.3412], [-82.2141, 49.3589], [-82.2359, 49.3767], [-82.3405, 49.3878], [-82.4182, 49.413], [-82.4494, 49.4129], [-82.5334, 49.4409], [-82.5793, 49.4599], [-82.6554, 49.4666], [-82.7009, 49.481], [-82.7509, 49.5052], [-82.8049, 49.5188], [-82.8734, 49.5281], [-83.0026, 49.5527], [-83.1234, 49.5844], [-83.2524, 49.6087], [-83.2788, 49.6186], [-83.3602, 49.6321], [-83.5118, 49.6702], [-83.597, 49.6785], [-83.6515, 49.689], [-83.7183, 49.6957], [-83.9612, 49.7397], [-84.1809, 49.7471], [-84.233, 49.7349], [-84.2574, 49.7344], [-84.3858, 49.748], [-84.4334, 49.7579], [-84.5174, 49.7638], [-84.5485, 49.7758], [-84.7017, 49.7728], [-84.9834, 49.7551], [-85.0664, 49.7582], [-85.0658, 49.7618], [-85.071, 49.7635], [-85.07, 49.7661], [-85.0676, 49.7639], [-85.0611, 49.7667], [-85.0641, 49.7716], [-85.0609, 49.7745], [-85.0647, 49.7775], [-85.0611, 49.7811], [-85.064, 49.7828], [-85.0626, 49.7921], [-85.0666, 49.7981], [-85.0588, 49.802], [-85.0613, 49.8043], [-85.0592, 49.8091], [-85.0497, 49.8093], [-85.0369, 49.8173], [-85.0314, 49.8159], [-85.0255, 49.8229], [-85.0145, 49.8243], [-84.9976, 49.8371], [-84.9935, 49.8346], [-84.9777, 49.8474], [-84.9598, 49.8548], [-84.9592, 49.8581], [-84.9402, 49.8636], [-84.9412, 49.8678], [-84.9298, 49.8751], [-84.9204, 49.8776], [-84.914, 49.8753], [-84.9045, 49.881], [-84.904, 49.8899], [-84.8885, 49.8924], [-84.8732, 49.8897], [-84.8626, 49.8952], [-84.8644, 49.8989], [-84.8615, 49.9053], [-84.8517, 49.909], [-84.8383, 49.9053], [-84.8356, 49.9075], [-84.8378, 49.9106], [-84.8321, 49.9112], [-84.8311, 49.9182], [-84.8161, 49.9199], [-84.8054, 49.9265], [-84.7968, 49.9278], [-84.7925, 49.9393], [-84.7873, 49.9414], [-84.7859, 49.9463], [-84.775, 49.9478], [-84.7756, 49.9558], [-84.7647, 49.9643], [-84.7668, 49.9674], [-84.7596, 49.9738], [-84.7656, 49.9754], [-84.7597, 49.9768], [-84.757, 49.9862], [-84.7653, 50.0007], [-84.7629, 50.0038], [-84.7728, 50.0085], [-84.7634, 50.0122], [-84.7656, 50.0151], [-84.7612, 50.0173], [-84.7653, 50.0202], [-84.7574, 50.0269], [-84.7602, 50.0319], [-84.7425, 50.0461], [-84.7448, 50.0497], [-84.7407, 50.0504], [-84.7389, 50.0474], [-84.7147, 50.0577], [-84.7066, 50.0552], [-84.6684, 50.063], [-84.6521, 50.0697], [-84.6438, 50.0688], [-84.6425, 50.077], [-84.6301, 50.0787], [-84.6314, 50.0839], [-84.622, 50.0808], [-84.6227, 50.0856], [-84.6141, 50.0841], [-84.6136, 50.0881], [-84.6082, 50.0867], [-84.5981, 50.09], [-84.5786, 50.1031], [-84.5686, 50.1059], [-84.5614, 50.1028], [-84.5608, 50.1074], [-84.547, 50.1095], [-84.5426, 50.1135], [-84.532, 50.1087], [-84.5284, 50.1139], [-84.5196, 50.1133], [-84.5216, 50.1174], [-84.4992, 50.116], [-84.4919, 50.1203], [-84.489, 50.115], [-84.4849, 50.1146], [-84.4863, 50.1206], [-84.4769, 50.1206], [-84.4784, 50.1248], [-84.4648, 50.1191], [-84.4677, 50.1244], [-84.4643, 50.1278], [-84.4569, 50.1197], [-84.4524, 50.1244], [-84.4447, 50.1227], [-84.4395, 50.1254], [-84.4332, 50.1224], [-84.4279, 50.1278], [-84.4171, 50.1186], [-84.4101, 50.1209], [-84.3836, 50.1191], [-84.3763, 50.1315], [-84.3433, 50.1431], [-84.333, 50.1524], [-84.3246, 50.1541], [-84.3348, 50.1589], [-84.3239, 50.1641], [-84.3311, 50.1756], [-84.3218, 50.1807], [-84.3275, 50.1915], [-84.299, 50.2017], [-84.3212, 50.2059], [-84.3204, 50.2119], [-84.3104, 50.2099], [-84.2978, 50.2172], [-84.2231, 50.2138], [-84.2233, 50.2103], [-84.2155, 50.2084], [-84.2192, 50.2056], [-84.2113, 50.2068], [-84.2132, 50.2034], [-84.206, 50.2011], [-84.2104, 50.199], [-84.2035, 50.1947], [-84.2044, 50.1912], [-84.2015, 50.192], [-84.2029, 50.1877], [-84.1977, 50.1886], [-84.1989, 50.1843], [-84.1941, 50.1857], [-84.2008, 50.1826], [-84.1957, 50.1731], [-84.1984, 50.1707], [-84.1944, 50.1692], [-84.1967, 50.167], [-84.1937, 50.1572], [-84.1845, 50.1504], [-84.1858, 50.1463], [-84.1751, 50.1418], [-84.1674, 50.1429], [-84.1708, 50.1412], [-84.1671, 50.1354], [-84.147, 50.1324], [-84.1484, 50.1286], [-84.1443, 50.128], [-84.1469, 50.1248], [-84.1367, 50.1237], [-84.1355, 50.1265], [-84.1332, 50.122], [-84.1177, 50.1166], [-84.1159, 50.1145], [-84.1208, 50.112], [-84.1221, 50.1042], [-84.1201, 50.1062], [-84.1059, 50.1026], [-84.1041, 50.1058], [-84.0992, 50.105], [-84.0945, 50.1083], [-84.0922, 50.1047], [-84.0866, 50.105], [-84.0758, 50.0979], [-84.0772, 50.0936], [-84.0712, 50.0915], [-84.0724, 50.0896], [-84.0596, 50.088], [-84.0563, 50.0827], [-84.0602, 50.0807], [-84.0582, 50.0757], [-84.0363, 50.074], [-84.0314, 50.0785], [-84.023, 50.0785], [-84.0066, 50.0727], [-83.9961, 50.0732], [-83.9866, 50.0784], [-83.9774, 50.0771], [-83.9701, 50.089], [-83.9496, 50.0789], [-83.941, 50.0803], [-83.9356, 50.0852], [-83.9326, 50.0829], [-83.9333, 50.086], [-83.9269, 50.0913], [-83.9137, 50.0906], [-83.9114, 50.0961], [-83.9033, 50.0983], [-83.9005, 50.095], [-83.8946, 50.0958], [-83.8949, 50.0997], [-83.8852, 50.1022], [-83.8782, 50.0966], [-83.8688, 50.1014], [-83.8696, 50.0993], [-83.8519, 50.094], [-83.8516, 50.09], [-83.8469, 50.0917], [-83.8443, 50.0884], [-83.8417, 50.0904], [-83.8184, 50.0854], [-83.8169, 50.0825], [-83.8048, 50.0824], [-83.8095, 50.0766], [-83.8062, 50.0702], [-83.8138, 50.0654], [-83.8194, 50.0668], [-83.8216, 50.063], [-83.8098, 50.0525], [-83.8148, 50.0462], [-83.8132, 50.044], [-83.823, 50.032], [-83.8366, 50.0245], [-83.8417, 50.0132], [-83.8383, 50.01], [-83.831, 50.0107], [-83.8163, 50.0057], [-83.8169, 50.0007], [-83.8243, 49.994], [-83.8205, 49.989], [-83.8236, 49.9859], [-83.8143, 49.983], [-83.8116, 49.9783], [-83.819, 49.9711], [-83.635, 49.9709], [-83.641, 49.9761], [-83.6366, 49.9809], [-83.6399, 49.9898], [-83.6504, 49.995], [-83.6499, 50.0075], [-83.646, 50.0079], [-83.6506, 50.0092], [-83.6501, 50.0133], [-83.6444, 50.0148], [-83.6462, 50.0173], [-83.6432, 50.0229], [-83.64, 50.0201], [-83.6363, 50.023], [-83.6397, 50.0253], [-83.6335, 50.0248], [-83.6349, 50.0286], [-83.6281, 50.0271], [-83.6188, 50.035], [-83.6039, 50.0398], [-83.5989, 50.046], [-83.586, 50.0485], [-83.572, 50.0564], [-83.5739, 50.0591], [-83.5704, 50.0618], [-83.5626, 50.086], [-83.5511, 50.097], [-83.5512, 50.1005], [-83.5407, 50.1075], [-83.5366, 50.1151], [-83.5385, 50.1191], [-83.5298, 50.1269], [-83.4798, 50.1408], [-83.4682, 50.1428], [-83.4601, 50.1404], [-83.4344, 50.1522], [-83.4213, 50.1554], [-83.4144, 50.1535], [-83.3971, 50.162], [-83.3795, 50.161], [-83.3723, 50.166], [-83.3677, 50.1648], [-83.3686, 50.168], [-83.3582, 50.1624], [-83.3561, 50.1659], [-83.3413, 50.1645], [-83.331, 50.1709], [-83.3138, 50.1714], [-83.3074, 50.1748], [-83.3024, 50.1702], [-83.2795, 50.1759], [-83.2725, 50.1838], [-83.2605, 50.1801], [-83.2521, 50.1861], [-83.2394, 50.1872], [-83.2392, 50.1901], [-83.2328, 50.1861], [-83.2258, 50.1876], [-83.2231, 50.1895], [-83.2277, 50.1901], [-83.2247, 50.1951], [-83.2212, 50.1909], [-83.2099, 50.1968], [-83.2009, 50.1936], [-83.1986, 50.2001], [-83.1876, 50.1964], [-83.1867, 50.1984], [-83.1913, 50.1996], [-83.1795, 50.2017], [-83.1826, 50.2046], [-83.1754, 50.2024], [-83.1705, 50.2047], [-83.1725, 50.2079], [-83.1633, 50.2054], [-83.1563, 50.2089], [-83.158, 50.2125], [-83.1514, 50.2105], [-83.1519, 50.2163], [-83.1462, 50.2144], [-83.1423, 50.2192], [-83.1481, 50.2202], [-83.1464, 50.2223], [-83.1335, 50.2178], [-83.1243, 50.2229], [-83.1276, 50.2247], [-83.1136, 50.2283], [-83.1161, 50.2305], [-83.114, 50.2339], [-83.1101, 50.2304], [-83.1016, 50.2351], [-83.097, 50.2304], [-83.0908, 50.2345], [-83.0847, 50.2333], [-83.0829, 50.2287], [-83.0809, 50.234], [-83.07, 50.23], [-83.072, 50.2264], [-83.0586, 50.2302], [-83.0644, 50.2261], [-83.0563, 50.2269], [-83.0506, 50.223], [-83.0597, 50.2211], [-83.0543, 50.2191], [-83.0543, 50.2163], [-83.0514, 50.2192], [-83.038, 50.22], [-83.0337, 50.2166], [-83.0251, 50.219], [-83.0181, 50.2169], [-83.0204, 50.2216], [-83.0183, 50.2226], [-83.0071, 50.2218], [-83.007, 50.2177], [-82.9968, 50.2199], [-82.992, 50.2149], [-82.9892, 50.2197], [-82.9866, 50.2136], [-82.9896, 50.212], [-82.9768, 50.2145], [-82.9745, 50.2109], [-82.9839, 50.205], [-82.969, 50.2], [-82.964, 50.2068], [-82.9565, 50.2061], [-82.9552, 50.2093], [-82.9453, 50.209], [-82.9399, 50.2129], [-82.9357, 50.2099], [-82.9331, 50.2146], [-82.9306, 50.2101], [-82.9255, 50.2128], [-82.9233, 50.2102], [-82.922, 50.2153], [-82.918, 50.2124], [-82.9131, 50.2149], [-82.904, 50.2133], [-82.9077, 50.2165], [-82.8925, 50.2208], [-82.894, 50.2165], [-82.8875, 50.2147], [-82.878, 50.2212], [-82.8718, 50.2191], [-82.8614, 50.2278], [-82.8602, 50.2408], [-82.8273, 50.2446], [-82.8197, 50.2525], [-82.789, 50.2694], [-82.7552, 50.2737], [-82.7113, 50.2895], [-82.7099, 50.3076], [-82.7015, 50.316], [-82.6906, 50.3188], [-82.6826, 50.3322], [-82.6631, 50.349], [-82.6348, 50.3572], [-82.5638, 50.4079], [-82.4859, 50.4162], [-82.4496, 50.4087], [-82.4104, 50.4097], [-82.3701, 50.4055], [-82.359, 50.4091], [-82.352, 50.4131], [-82.3323, 50.4359], [-82.2943, 50.4444], [-82.263, 50.4709], [-82.2153, 50.4905], [-82.1762, 50.5019], [-82.1666, 50.5128], [-82.1653, 50.533], [-82.1615, 50.5403], [-82.1455, 50.5584], [-82.1202, 50.5782], [-82.0957, 50.5829], [-82.0408, 50.5839], [-82.0273, 50.5871], [-82.0109, 50.5969], [-82.0025, 50.6125], [-81.989, 50.6224], [-81.9535, 50.6368], [-81.9426, 50.6479], [-81.9202, 50.6607], [-81.8951, 50.6701], [-81.8775, 50.6823], [-81.851, 50.6935], [-81.7873, 50.7035], [-81.7462, 50.726], [-81.7203, 50.7251], [-81.6961, 50.732], [-81.6359, 50.729], [-81.6001, 50.7369], [-81.5771, 50.7469], [-81.5243, 50.746], [-81.4986, 50.738], [-81.4862, 50.7296], [-81.4787, 50.7311], [-81.4609, 50.7382], [-81.4456, 50.7534], [-81.4255, 50.7662], [-81.3879, 50.7738], [-81.3248, 50.797], [-81.2978, 50.8213], [-81.2907, 50.8078], [-81.3211, 50.7564], [-81.3066, 50.7661], [-81.2977, 50.7635], [-81.2614, 50.7692], [-81.235, 50.7801], [-81.2217, 50.778], [-81.2235, 50.7673], [-81.2376, 50.7565], [-81.2456, 50.7542], [-81.2569, 50.74], [-81.3131, 50.698], [-81.3281, 50.6759], [-81.3737, 50.6516], [-81.3769, 50.6446], [-81.3756, 50.6394], [-81.3956, 50.6247], [-81.4107, 50.6011], [-81.4189, 50.5936], [-81.4207, 50.5823], [-81.4414, 50.567], [-81.4497, 50.5539], [-81.4636, 50.5462], [-81.4752, 50.5296], [-81.4906, 50.528], [-81.5003, 50.5234], [-81.5237, 50.4903], [-81.5236, 50.4861], [-81.5552, 50.4713], [-81.5559, 50.4674], [-81.5406, 50.4522], [-81.5453, 50.4503], [-81.568, 50.423], [-81.5702, 50.4156], [-81.5657, 50.3971], [-81.58, 50.3859], [-81.5884, 50.373], [-81.5805, 50.3529], [-81.6, 50.331], [-81.6223, 50.3179], [-81.6231, 50.305], [-81.6278, 50.2957], [-81.6364, 50.2884], [-81.6356, 50.2798], [-81.6467, 50.2675], [-81.6644, 50.2556], [-81.6585, 50.248], [-81.6583, 50.2434], [-81.6617, 50.2413], [-81.657, 50.234], [-81.6661, 50.2189], [-81.6436, 50.2103], [-81.6336, 50.1835], [-81.6374, 50.1815], [-81.6285, 50.181], [-81.6221, 50.1735], [-81.6211, 50.1645], [-81.6133, 50.1534], [-81.6112, 50.1436], [-81.6141, 50.13], [-81.6015, 50.1182], [-81.6018, 50.1094], [-81.5968, 50.099], [-81.5986, 50.0917], [-81.5792, 50.0843], [-81.5834, 50.0727], [-81.5809, 50.0656], [-81.5645, 50.0408], [-81.559, 50.024], [-81.5368, 50.0099], [-81.5466, 49.9962], [-81.5358, 49.9865], [-81.5334, 49.9753], [-81.5228, 49.9681], [-81.5252, 49.9553], [-81.5471, 49.9402], [-81.5449, 49.933], [-81.5675, 49.9222], [-81.5663, 49.9168], [-81.5707, 49.9077], [-81.5694, 49.8969], [-81.5725, 49.8933], [-81.5587, 49.8743], [-81.5524, 49.8728]]]}}, {"type": "Feature", "properties": {"id": "on-wmu-50", "wmu_id": "74A", "name": "74A", "province": "ON", "source": "Ontario LIO \u2014 Wildlife Management Unit"}, "geometry": {"type": "Polygon", "coordinates": [[[-78.4876, 44.4245], [-78.4087, 44.2536], [-78.3027, 44.2771], [-78.282, 44.2941], [-78.2489, 44.3019], [-78.207, 44.3167], [-78.1883, 44.3163], [-78.0867, 44.3441], [-78.125, 44.4215], [-78.1364, 44.4278], [-78.1374, 44.433], [-78.1332, 44.4378], [-78.1508, 44.4758], [-78.168, 44.4714], [-78.1921, 44.5221], [-78.1628, 44.5408], [-78.1583, 44.5453], [-78.1604, 44.5506], [-78.1774, 44.5561], [-78.185, 44.5516], [-78.2069, 44.5615], [-78.2095, 44.5574], [-78.2209, 44.5547], [-78.2382, 44.5551], [-78.2465, 44.547], [-78.2709, 44.5483], [-78.2787, 44.5552], [-78.3075, 44.5593], [-78.3424, 44.557], [-78.3469, 44.553], [-78.3465, 44.5459], [-78.3523, 44.541], [-78.3532, 44.5356], [-78.3672, 44.5254], [-78.385, 44.4598], [-78.3999, 44.4572], [-78.4054, 44.4533], [-78.417, 44.4544], [-78.4323, 44.4671], [-78.4603, 44.4763], [-78.4948, 44.4712], [-78.4876, 44.4245]]]}}, {"type": "Feature", "properties": {"id": "on-wmu-51", "wmu_id": "7B", "name": "7B", "province": "ON", "source": "Ontario LIO \u2014 Wildlife Management Unit"}, "geometry": {"type": "MultiPolygon", "coordinates": [[[[-94.5188, 49.2709], [-94.5166, 49.2697], [-94.51748176670442, 49.26835141562853], [-94.5188, 49.2709]]], [[[-94.2139, 49.3844], [-94.21331035856574, 49.38407330677291], [-94.22337197640117, 49.385161732367926], [-94.2139, 49.3844]]], [[[-94.2458, 49.3936], [-94.2311, 49.3926], [-94.2339, 49.391], [-94.22337197640117, 49.385161732367926], [-94.2483, 49.3898], [-94.2458, 49.3936]]], [[[-94.7973, 49.2143], [-94.8255, 49.2944], [-94.8244, 49.309], [-94.8163, 49.3214], [-94.8541, 49.3243], [-94.9574, 49.3702], [-94.989, 49.369], [-95.0142, 49.3565], [-95.0583, 49.3533], [-95.1287, 49.3705], [-95.1534, 49.3845], [-95.1535, 49.8864], [-95.1157, 49.8904], [-95.1062, 49.8972], [-95.0791, 49.9028], [-95.0588, 49.9001], [-95.0354, 49.9136], [-95.0174, 49.9129], [-95.0025, 49.9169], [-94.9855, 49.9314], [-94.9615, 49.9259], [-94.8974, 49.9211], [-94.868, 49.9349], [-94.8498, 49.9333], [-94.8239, 49.9406], [-94.7581, 49.9448], [-94.7464, 49.9545], [-94.7167, 49.9664], [-94.703, 49.9763], [-94.6752, 49.982], [-94.6539, 49.9922], [-94.6196, 49.9915], [-94.6067, 49.9865], [-94.5951, 49.9738], [-94.5749, 49.9663], [-94.5585, 49.966], [-94.5405, 49.9728], [-94.5248, 49.9715], [-94.4997, 49.9814], [-94.4878, 49.983], [-94.4655, 49.9764], [-94.4445, 49.9797], [-94.4291, 49.9691], [-94.407, 49.9787], [-94.3804, 49.9789], [-94.3656, 49.9886], [-94.3531, 49.9887], [-94.3326, 49.9952], [-94.325, 50.0008], [-94.3142, 50.0001], [-94.2629, 50.0141], [-94.2393, 50.0096], [-94.2159, 50.0127], [-94.1979, 50.0057], [-94.1775, 49.9865], [-94.1746, 49.9768], [-94.1568, 49.9743], [-94.1388, 49.9651], [-94.1112, 49.9614], [-94.0913, 49.9634], [-94.085, 49.9752], [-94.077, 49.9791], [-93.963, 49.9925], [-93.9277, 49.9888], [-93.897, 49.9899], [-93.8883, 49.9856], [-93.8425, 49.9796], [-93.7945, 49.9827], [-93.7365, 49.9792], [-93.7075, 49.9828], [-93.6922, 49.9801], [-93.6669, 49.9817], [-93.6492, 49.9763], [-93.6416, 49.9689], [-93.6315, 49.9695], [-93.6145, 49.979], [-93.5842, 49.9817], [-93.5388, 49.9616], [-93.5262, 49.9487], [-93.5293, 49.9425], [-93.5271, 49.935], [-93.5141, 49.9363], [-93.5017, 49.9283], [-93.493, 49.9149], [-93.4734, 49.909], [-93.4498, 49.8901], [-93.4301, 49.8865], [-93.4238, 49.8767], [-93.4015, 49.8714], [-93.39, 49.8614], [-93.3896, 49.8523], [-93.3795, 49.8422], [-93.3745, 49.8141], [-93.3679, 49.8015], [-93.3733, 49.7979], [-93.4218, 49.8076], [-93.4441, 49.8067], [-93.4562, 49.8018], [-93.4691, 49.8046], [-93.4739, 49.8004], [-93.4962, 49.8019], [-93.5429, 49.7971], [-93.5699, 49.7875], [-93.5825, 49.7748], [-93.5995, 49.7772], [-93.6061, 49.7703], [-93.6212, 49.7691], [-93.6212, 49.765], [-93.6407, 49.7513], [-93.6391, 49.7453], [-93.6439, 49.7339], [-93.6412, 49.7306], [-93.6471, 49.7281], [-93.6464, 49.7198], [-93.6515, 49.7108], [-93.6434, 49.7039], [-93.647, 49.6845], [-93.6562, 49.6814], [-93.6577, 49.6666], [-93.6607, 49.6623], [-93.6656, 49.662], [-93.6634, 49.6551], [-93.6668, 49.6473], [-93.6877, 49.6365], [-93.6974, 49.6238], [-93.6963, 49.6209], [-93.7019, 49.6226], [-93.7131, 49.6154], [-93.7167, 49.6057], [-93.7347, 49.6059], [-93.7351, 49.5946], [-93.7389, 49.5893], [-93.7263, 49.5837], [-93.7334, 49.576], [-93.7382, 49.5612], [-93.7313, 49.5536], [-93.7511, 49.5435], [-93.7485, 49.5387], [-93.7332, 49.5326], [-93.7279, 49.5235], [-93.7286, 49.5187], [-93.7185, 49.5127], [-93.6694, 49.5083], [-93.6631, 49.5123], [-93.6571, 49.5072], [-93.6479, 49.5063], [-93.6518, 49.4992], [-93.6472, 49.4958], [-93.6443, 49.5021], [-93.6236, 49.5116], [-93.6115, 49.5121], [-93.6125, 49.5073], [-93.6075, 49.5037], [-93.5948, 49.504], [-93.5721, 49.511], [-93.5631, 49.5179], [-93.5621, 49.5229], [-93.5528, 49.5286], [-93.5436, 49.5232], [-93.5351, 49.5234], [-93.541, 49.5152], [-93.541, 49.5091], [-93.5484, 49.5035], [-93.5401, 49.4949], [-93.577, 49.4728], [-93.5788, 49.4623], [-93.5716, 49.4511], [-93.5738, 49.4396], [-93.5715, 49.4343], [-93.5753, 49.4249], [-93.5606, 49.4106], [-93.5608, 49.4056], [-93.5684, 49.4047], [-93.5768, 49.3944], [-93.5728, 49.3917], [-93.5811, 49.3883], [-93.5834, 49.3833], [-93.6002, 49.381], [-93.6041, 49.3753], [-93.6124, 49.3714], [-93.6282, 49.3786], [-93.6707, 49.3841], [-93.677, 49.3903], [-93.6841, 49.3878], [-93.6917, 49.3788], [-93.7001, 49.3852], [-93.7089, 49.3859], [-93.7233, 49.3943], [-93.7475, 49.3744], [-93.799, 49.3681], [-93.797, 49.3746], [-93.8022, 49.3792], [-93.8005, 49.3828], [-93.8071, 49.386], [-93.8207, 49.3822], [-93.8216, 49.3912], [-93.8355, 49.3916], [-93.8473, 49.3873], [-93.8571, 49.3925], [-93.8829, 49.3942], [-93.9019, 49.3877], [-93.9243, 49.3883], [-93.9365, 49.3974], [-93.9523, 49.4015], [-93.9668, 49.4014], [-93.9762, 49.3972], [-94.0086, 49.4135], [-94.0161, 49.4059], [-94.0312, 49.4056], [-94.098, 49.4134], [-94.0961, 49.4086], [-94.0798, 49.3982], [-94.0539, 49.3989], [-94.0401, 49.394], [-94.0235, 49.3954], [-94.0119, 49.3905], [-93.9909, 49.3728], [-93.9876, 49.3597], [-93.9733, 49.3468], [-93.9927, 49.3245], [-93.9988, 49.3129], [-94.0115, 49.3063], [-94.0216, 49.2953], [-94.0189, 49.2805], [-94.0249, 49.273], [-94.0322, 49.2496], [-94.0206, 49.2388], [-94.0047, 49.2396], [-94.0004, 49.2297], [-93.9915, 49.2258], [-93.9857, 49.2152], [-93.9652, 49.2092], [-93.9607, 49.2035], [-93.9433, 49.1951], [-93.9392, 49.1819], [-93.9303, 49.1718], [-93.93, 49.1611], [-93.924, 49.149], [-93.9306, 49.1261], [-93.9248, 49.1204], [-93.9262, 49.1106], [-93.9198, 49.1025], [-93.9202, 49.0954], [-93.9084, 49.0862], [-93.904, 49.0689], [-93.894, 49.0616], [-93.912, 49.0181], [-93.9289, 49.0039], [-93.9248, 48.9921], [-93.9271, 48.9721], [-93.935, 48.9767], [-93.9446, 48.9729], [-93.9636, 48.9762], [-93.9736, 48.9745], [-93.9795, 48.9667], [-93.9931, 48.9626], [-93.9992, 48.9709], [-94.0043, 48.9722], [-94.0143, 48.9652], [-94.0278, 48.965], [-94.0359, 48.9564], [-94.0484, 48.9522], [-94.054, 48.9558], [-94.0618, 48.955], [-94.0882, 48.9622], [-94.0961, 48.9625], [-94.1042, 48.9581], [-94.1128, 48.96], [-94.1136, 48.9574], [-94.1604, 48.9575], [-94.1603, 48.943], [-94.2946, 48.9427], [-94.2934, 49.0283], [-94.2951, 49.031], [-94.3241, 49.0326], [-94.3574, 49.0311], [-94.3788, 49.0166], [-94.4045, 49.0183], [-94.4141, 49.0137], [-94.4122, 49.0074], [-94.4185, 48.9987], [-94.4391, 48.9919], [-94.4485, 48.9949], [-94.4524, 48.9986], [-94.4504, 49.001], [-94.4556, 49.0024], [-94.4576, 49.0017], [-94.4554, 49.0001], [-94.7192, 49.0001], [-94.7496, 49.0988], [-94.7728, 49.1205], [-94.798, 49.1979], [-94.7973, 49.2143]], [[-94.2027, 49.3987], [-94.2062, 49.4029], [-94.2048, 49.4063], [-94.2212, 49.4197], [-94.2151, 49.4219], [-94.2203, 49.4233], [-94.2383, 49.4178], [-94.236, 49.4144], [-94.2453, 49.4171], [-94.2526, 49.4117], [-94.244, 49.4124], [-94.2422, 49.4094], [-94.2592, 49.3977], [-94.2621, 49.4007], [-94.2765, 49.4014], [-94.2703, 49.4093], [-94.2718, 49.413], [-94.267, 49.4142], [-94.2713, 49.4148], [-94.2729, 49.4187], [-94.2845, 49.4152], [-94.2806, 49.413], [-94.291, 49.4118], [-94.2937, 49.416], [-94.2908, 49.4188], [-94.281, 49.4207], [-94.29, 49.4195], [-94.2962, 49.4243], [-94.2921, 49.4287], [-94.2775, 49.4304], [-94.2805, 49.4318], [-94.2776, 49.433], [-94.2792, 49.4357], [-94.286, 49.439], [-94.2808, 49.4377], [-94.2802, 49.44], [-94.2762, 49.4372], [-94.2748, 49.4401], [-94.2778, 49.4412], [-94.275, 49.4454], [-94.2654, 49.4463], [-94.2903, 49.4609], [-94.3062, 49.4634], [-94.3071, 49.461], [-94.3107, 49.4635], [-94.3088, 49.4599], [-94.3046, 49.46], [-94.3067, 49.4588], [-94.3021, 49.4525], [-94.3085, 49.4545], [-94.3136, 49.4626], [-94.3222, 49.4626], [-94.321, 49.4694], [-94.3284, 49.4771], [-94.3192, 49.4739], [-94.3143, 49.4751], [-94.315, 49.478], [-94.3098, 49.4774], [-94.3115, 49.4795], [-94.2971, 49.4778], [-94.3019, 49.4824], [-94.3166, 49.4846], [-94.3091, 49.486], [-94.314, 49.4891], [-94.3103, 49.4891], [-94.3109, 49.4916], [-94.3225, 49.4908], [-94.3191, 49.489], [-94.3279, 49.4869], [-94.3192, 49.4849], [-94.3286, 49.4858], [-94.3131, 49.4814], [-94.3261, 49.4827], [-94.3274, 49.4799], [-94.3342, 49.4827], [-94.3292, 49.4844], [-94.3349, 49.4854], [-94.331, 49.487], [-94.3484, 49.4865], [-94.3432, 49.4883], [-94.3503, 49.4888], [-94.3544, 49.4881], [-94.3487, 49.4867], [-94.3549, 49.4848], [-94.3404, 49.4835], [-94.3665, 49.4834], [-94.3688, 49.4822], [-94.3633, 49.4807], [-94.3719, 49.4812], [-94.3729, 49.4789], [-94.3769, 49.482], [-94.3874, 49.4784], [-94.3791, 49.4816], [-94.3931, 49.4835], [-94.3971, 49.4804], [-94.3958, 49.4821], [-94.4002, 49.484], [-94.41, 49.4793], [-94.4184, 49.4796], [-94.4132, 49.4822], [-94.4229, 49.4837], [-94.4281, 49.4787], [-94.432, 49.4783], [-94.4322, 49.4807], [-94.4362, 49.476], [-94.4629, 49.4754], [-94.4614, 49.4774], [-94.4644, 49.4777], [-94.4828, 49.4724], [-94.4813, 49.4763], [-94.4837, 49.4768], [-94.4882, 49.4748], [-94.4867, 49.472], [-94.5207, 49.4709], [-94.5324, 49.4684], [-94.535, 49.4648], [-94.5498, 49.4683], [-94.5634, 49.4617], [-94.568, 49.4649], [-94.5773, 49.4614], [-94.5862, 49.4623], [-94.5878, 49.4651], [-94.5952, 49.4625], [-94.5943, 49.4589], [-94.619, 49.4539], [-94.6215, 49.454], [-94.6112, 49.4598], [-94.6303, 49.4572], [-94.6255, 49.4611], [-94.615, 49.461], [-94.6309, 49.4614], [-94.6225, 49.465], [-94.6417, 49.4603], [-94.6309, 49.4696], [-94.6349, 49.4721], [-94.6393, 49.4647], [-94.6439, 49.4684], [-94.6553, 49.4631], [-94.6542, 49.4608], [-94.6675, 49.4495], [-94.6818, 49.4303], [-94.6885, 49.4277], [-94.6879, 49.4305], [-94.6972, 49.4203], [-94.6966, 49.424], [-94.7023, 49.4197], [-94.7006, 49.4126], [-94.6951, 49.4117], [-94.6906, 49.4063], [-94.6981, 49.4033], [-94.6893, 49.4045], [-94.6856, 49.4008], [-94.6824, 49.4035], [-94.677, 49.3993], [-94.6872, 49.3922], [-94.6867, 49.3874], [-94.6906, 49.3847], [-94.6876, 49.3809], [-94.6964, 49.3769], [-94.701, 49.3648], [-94.7005, 49.3605], [-94.6982, 49.3641], [-94.6964, 49.3607], [-94.6976, 49.3572], [-94.6816, 49.3638], [-94.6853, 49.3693], [-94.6793, 49.3683], [-94.6828, 49.377], [-94.6766, 49.3932], [-94.6502, 49.3866], [-94.6688, 49.3877], [-94.6767, 49.3821], [-94.6746, 49.3767], [-94.6683, 49.3792], [-94.6642, 49.3763], [-94.6658, 49.372], [-94.6625, 49.3681], [-94.6701, 49.3749], [-94.6775, 49.3729], [-94.6732, 49.3692], [-94.6766, 49.3666], [-94.6675, 49.3621], [-94.6652, 49.3632], [-94.6673, 49.366], [-94.6476, 49.3698], [-94.6472, 49.3658], [-94.6394, 49.3637], [-94.644, 49.3628], [-94.6426, 49.3588], [-94.6079, 49.35], [-94.5977, 49.3632], [-94.604, 49.3667], [-94.5929, 49.3667], [-94.5939, 49.3643], [-94.589, 49.3632], [-94.5796, 49.3514], [-94.5863, 49.348], [-94.5853, 49.3352], [-94.5983, 49.336], [-94.5989, 49.3409], [-94.6248, 49.3339], [-94.6207, 49.3313], [-94.6228, 49.3281], [-94.6288, 49.33], [-94.6396, 49.3273], [-94.6399, 49.3298], [-94.6398, 49.3207], [-94.6482, 49.3186], [-94.6468, 49.3145], [-94.6415, 49.3106], [-94.6368, 49.3132], [-94.6391, 49.31], [-94.6282, 49.3105], [-94.6317, 49.3065], [-94.6281, 49.3055], [-94.6114, 49.309], [-94.607, 49.307], [-94.6055, 49.3096], [-94.6109, 49.3111], [-94.6038, 49.3139], [-94.6002, 49.311], [-94.5938, 49.3128], [-94.594, 49.3054], [-94.6018, 49.3029], [-94.5955, 49.3016], [-94.5938, 49.2981], [-94.5961, 49.2974], [-94.5785, 49.2945], [-94.5759, 49.2963], [-94.58, 49.2968], [-94.5666, 49.2986], [-94.5596, 49.2966], [-94.5588, 49.2922], [-94.5526, 49.29], [-94.5533, 49.286], [-94.5628, 49.2823], [-94.5565, 49.2792], [-94.5361, 49.2802], [-94.5367, 49.2746], [-94.5401, 49.2733], [-94.528, 49.2701], [-94.5342, 49.2666], [-94.51785729166666, 49.26777708333334], [-94.5145, 49.2644], [-94.5143, 49.2573], [-94.5232, 49.2575], [-94.5348, 49.2506], [-94.5242, 49.2436], [-94.4612, 49.2304], [-94.45, 49.2311], [-94.4395, 49.243], [-94.4345, 49.2378], [-94.4247, 49.2428], [-94.4243, 49.2499], [-94.4302, 49.2538], [-94.4278, 49.2572], [-94.4243, 49.2549], [-94.4112, 49.2566], [-94.4195, 49.2605], [-94.4067, 49.2597], [-94.4093, 49.2631], [-94.4064, 49.2677], [-94.3998, 49.269], [-94.3846, 49.2616], [-94.3836, 49.2675], [-94.3778, 49.2712], [-94.3824, 49.2737], [-94.3815, 49.276], [-94.3721, 49.2739], [-94.3695, 49.2767], [-94.37577645051195, 49.27737525597269], [-94.3628, 49.2843], [-94.3492, 49.2783], [-94.3443, 49.2865], [-94.3393, 49.2845], [-94.3372, 49.2891], [-94.3258, 49.2885], [-94.3152, 49.2817], [-94.3171, 49.2783], [-94.3134, 49.2786], [-94.3176, 49.2741], [-94.3131, 49.2737], [-94.3182, 49.2727], [-94.3198, 49.2692], [-94.3163, 49.2687], [-94.3167, 49.2629], [-94.3068, 49.2692], [-94.3095, 49.2645], [-94.307, 49.2624], [-94.2996, 49.2639], [-94.2911, 49.2611], [-94.2889, 49.2555], [-94.2916, 49.2488], [-94.2782, 49.2508], [-94.29, 49.2468], [-94.2912, 49.2398], [-94.2949, 49.2388], [-94.2921, 49.235], [-94.2987, 49.239], [-94.3058, 49.2371], [-94.3065, 49.2334], [-94.2955, 49.2306], [-94.2971, 49.2222], [-94.2905, 49.2245], [-94.291, 49.2292], [-94.2901, 49.2261], [-94.2857, 49.2269], [-94.2894, 49.2311], [-94.2847, 49.232], [-94.2816, 49.2386], [-94.2774, 49.2401], [-94.282, 49.2427], [-94.2791, 49.2449], [-94.2812, 49.2486], [-94.2716, 49.2482], [-94.2732, 49.2459], [-94.2678, 49.244], [-94.2653, 49.2485], [-94.2663, 49.2436], [-94.2613, 49.2419], [-94.2673, 49.2404], [-94.2711, 49.233], [-94.2608, 49.232], [-94.2696, 49.2283], [-94.2599, 49.2294], [-94.2613, 49.226], [-94.2667, 49.2249], [-94.2612, 49.2181], [-94.2687, 49.2208], [-94.2735, 49.2182], [-94.2601, 49.1999], [-94.2496, 49.2001], [-94.2489, 49.1966], [-94.2464, 49.199], [-94.2479, 49.1965], [-94.245, 49.1974], [-94.2413, 49.1932], [-94.2279, 49.1919], [-94.2242, 49.1954], [-94.2285, 49.1933], [-94.2227, 49.2049], [-94.2318, 49.2184], [-94.2282, 49.2135], [-94.2196, 49.2119], [-94.2223, 49.2093], [-94.2212, 49.2052], [-94.2185, 49.2065], [-94.218, 49.2013], [-94.212, 49.2053], [-94.2047, 49.2019], [-94.2028, 49.2054], [-94.1952, 49.1997], [-94.2009, 49.2001], [-94.2137, 49.1903], [-94.2016, 49.1878], [-94.2044, 49.1857], [-94.2033, 49.1807], [-94.2077, 49.1814], [-94.2145, 49.1763], [-94.1924, 49.1792], [-94.1873, 49.1746], [-94.1652, 49.1771], [-94.1716, 49.1778], [-94.1692, 49.1808], [-94.1323, 49.1842], [-94.1287, 49.1873], [-94.1388, 49.1878], [-94.1389, 49.1908], [-94.1217, 49.1967], [-94.1281, 49.1982], [-94.1249, 49.2001], [-94.1377, 49.2015], [-94.1382, 49.2054], [-94.1321, 49.2093], [-94.1397, 49.2123], [-94.1141, 49.2182], [-94.1096, 49.2266], [-94.0933, 49.2323], [-94.0932, 49.2373], [-94.0916, 49.2348], [-94.0858, 49.2369], [-94.0833, 49.2328], [-94.0795, 49.2341], [-94.0807, 49.2367], [-94.0748, 49.2353], [-94.0768, 49.2415], [-94.0885, 49.2462], [-94.1024, 49.2433], [-94.1041, 49.2469], [-94.0951, 49.2486], [-94.0986, 49.2539], [-94.0695, 49.2397], [-94.0645, 49.2469], [-94.076, 49.2472], [-94.0745, 49.2506], [-94.0776, 49.2512], [-94.0714, 49.2525], [-94.0704, 49.2555], [-94.0679, 49.2533], [-94.0688, 49.2571], [-94.0624, 49.2543], [-94.0616, 49.2575], [-94.0602, 49.2548], [-94.0586, 49.2568], [-94.0617, 49.2627], [-94.0678, 49.2654], [-94.0686, 49.2732], [-94.0727, 49.2739], [-94.0695, 49.2759], [-94.0725, 49.2799], [-94.0772, 49.2798], [-94.077, 49.2771], [-94.0823, 49.2829], [-94.0802, 49.2839], [-94.0841, 49.2847], [-94.082, 49.2799], [-94.0865, 49.2795], [-94.0882, 49.2847], [-94.0895, 49.2825], [-94.0944, 49.2882], [-94.1165, 49.2877], [-94.1119, 49.2906], [-94.1161, 49.2959], [-94.1255, 49.2942], [-94.1463, 49.2983], [-94.1535, 49.3061], [-94.1655, 49.3097], [-94.1689, 49.3168], [-94.1862, 49.3169], [-94.1841, 49.3122], [-94.1864, 49.3104], [-94.1882, 49.3159], [-94.1925, 49.3169], [-94.1942, 49.3091], [-94.1968, 49.3089], [-94.2088, 49.3141], [-94.2121, 49.3125], [-94.2099, 49.3168], [-94.2158, 49.3151], [-94.2247, 49.3212], [-94.2178, 49.325], [-94.2198, 49.3214], [-94.2166, 49.3204], [-94.2149, 49.3244], [-94.2307, 49.3317], [-94.2226, 49.3392], [-94.2301, 49.3414], [-94.2235, 49.3445], [-94.2321, 49.3585], [-94.228, 49.3584], [-94.223, 49.3477], [-94.2174, 49.3491], [-94.2164, 49.3594], [-94.2243, 49.3633], [-94.2247, 49.369], [-94.219, 49.3673], [-94.2114, 49.3709], [-94.2068, 49.3684], [-94.2048, 49.3777], [-94.2153, 49.3762], [-94.2065, 49.3803], [-94.21331035856574, 49.38407330677291], [-94.2055, 49.3834], [-94.203, 49.3966], [-94.2086, 49.3959], [-94.2027, 49.3987]]]]}}, {"type": "Feature", "properties": {"id": "on-wmu-52", "wmu_id": "14", "name": "14", "province": "ON", "source": "Ontario LIO \u2014 Wildlife Management Unit"}, "geometry": {"type": "Polygon", "coordinates": [[[-88.0329, 49.0157], [-88.0442, 49.0156], [-88.0553, 49.0103], [-88.0702, 48.986], [-88.0695, 48.9802], [-88.0821, 48.9918], [-88.104, 49.0001], [-88.1128, 48.9995], [-88.1266, 48.9904], [-88.1328, 48.9901], [-88.1342, 48.9858], [-88.1302, 48.984], [-88.1381, 48.9827], [-88.1326, 48.9796], [-88.1445, 48.9827], [-88.1536, 48.9778], [-88.1666, 48.9634], [-88.1629, 48.9583], [-88.1666, 48.9541], [-88.2623, 48.9531], [-88.2624, 48.9464], [-88.266, 48.9439], [-88.2794, 48.9458], [-88.2934, 48.9425], [-88.3098, 48.9332], [-88.3294, 48.9149], [-88.3625, 48.8987], [-88.3513, 48.8941], [-88.3486, 48.8871], [-88.3348, 48.8793], [-88.3339, 48.8746], [-88.3417, 48.8714], [-88.3483, 48.8747], [-88.3515, 48.8713], [-88.3719, 48.8696], [-88.3697, 48.8664], [-88.4045, 48.8362], [-88.41, 48.8356], [-88.4247, 48.8452], [-88.4517, 48.8501], [-88.4748, 48.8479], [-88.4984, 48.836], [-88.4992, 48.8336], [-88.4932, 48.8291], [-88.4889, 48.8316], [-88.4868, 48.8389], [-88.4854, 48.818], [-88.5276, 48.7931], [-88.5286, 48.7904], [-88.5243, 48.7867], [-88.5418, 48.7749], [-88.5466, 48.7579], [-88.5424, 48.7542], [-88.5507, 48.7419], [-88.5509, 48.7372], [-88.5401, 48.7326], [-88.5386, 48.7218], [-88.5272, 48.72], [-88.5171, 48.7143], [-88.5163, 48.7099], [-88.5198, 48.7058], [-88.5123, 48.7023], [-88.514, 48.6995], [-88.527, 48.6998], [-88.5411, 48.6951], [-88.5545, 48.6831], [-88.5555, 48.6774], [-88.5491, 48.6719], [-88.5442, 48.6722], [-88.5416, 48.6676], [-88.5519, 48.6623], [-88.5511, 48.6536], [-88.544, 48.6472], [-88.5339, 48.6448], [-88.5423, 48.6416], [-88.5483, 48.6294], [-88.5625, 48.6318], [-88.5661, 48.6255], [-88.5756, 48.6261], [-88.5867, 48.6179], [-88.5937, 48.6226], [-88.601, 48.6193], [-88.6139, 48.6224], [-88.6294, 48.6073], [-88.6308, 48.5976], [-88.6222, 48.5848], [-88.6265, 48.5769], [-88.6344, 48.572], [-88.6356, 48.5642], [-88.6397, 48.5609], [-88.6368, 48.5601], [-88.6382, 48.5526], [-88.6336, 48.5522], [-88.641, 48.5467], [-88.6338, 48.542], [-88.6355, 48.5354], [-88.6498, 48.5204], [-88.6458, 48.5178], [-88.637, 48.5206], [-88.6419, 48.5111], [-88.6345, 48.5103], [-88.6559, 48.4976], [-88.6592, 48.4985], [-88.6618, 48.4882], [-88.673, 48.4871], [-88.6724, 48.4951], [-88.6814, 48.4977], [-88.6921, 48.4947], [-88.6995, 48.4872], [-88.7016, 48.4789], [-88.6931, 48.473], [-88.6848, 48.475], [-88.6896, 48.4684], [-88.6824, 48.4663], [-88.6961, 48.4475], [-88.6897, 48.4426], [-88.698, 48.4344], [-88.6988, 48.4299], [-88.6964, 48.43], [-88.7002, 48.4223], [-88.7178, 48.4035], [-88.7153, 48.3973], [-88.723, 48.3875], [-88.7168, 48.382], [-88.7377, 48.3715], [-88.7434, 48.3651], [-88.7415, 48.3596], [-88.7339, 48.3576], [-88.7414, 48.3544], [-88.7434, 48.3584], [-88.7469, 48.3585], [-88.7526, 48.3546], [-88.7458, 48.3506], [-88.7433, 48.218], [-88.6792, 48.244], [-88.3686, 48.3056], [-87.297, 47.8923], [-87.303, 48.7704], [-87.289, 48.7922], [-87.3271, 48.8001], [-87.3291, 48.7963], [-87.3431, 48.7958], [-87.3893, 48.8061], [-87.3955, 48.8102], [-87.3946, 48.8145], [-87.4015, 48.8292], [-87.4097, 48.8351], [-87.4213, 48.8376], [-87.4795, 48.8404], [-87.5219, 48.8342], [-87.5225, 48.8294], [-87.5275, 48.8262], [-87.5315, 48.8284], [-87.548, 48.8249], [-87.5521, 48.8407], [-87.5395, 48.8665], [-87.5455, 48.8705], [-87.5408, 48.8732], [-87.5446, 48.878], [-87.5515, 48.878], [-87.553, 48.8745], [-87.5588, 48.8789], [-87.5758, 48.878], [-87.5912, 48.8719], [-87.5944, 48.8635], [-87.6322, 48.8557], [-87.646, 48.8559], [-87.6532, 48.865], [-87.6591, 48.8875], [-87.6721, 48.8978], [-87.703, 48.9014], [-87.7318, 48.9091], [-87.7675, 48.8931], [-87.7787, 48.8992], [-87.7672, 48.9126], [-87.7811, 48.9254], [-87.7998, 48.9258], [-87.803, 48.9241], [-87.802, 48.9208], [-87.8156, 48.9201], [-87.8169, 48.9141], [-87.8341, 48.9089], [-87.8453, 48.9251], [-87.8527, 48.9235], [-87.8619, 48.9281], [-87.8675, 48.927], [-87.876, 48.9364], [-87.8862, 48.9406], [-87.9029, 48.9374], [-87.9165, 48.9291], [-87.9264, 48.9309], [-87.9294, 48.9286], [-87.9371, 48.9319], [-87.9454, 48.9414], [-87.9682, 48.9484], [-87.971, 48.9539], [-87.9798, 48.9571], [-87.9889, 48.9661], [-88.0081, 48.966], [-88.0152, 48.9829], [-88.0381, 48.9815], [-88.0271, 48.9835], [-88.0231, 48.9876], [-88.0242, 48.9993], [-88.0213, 49.0073], [-88.0329, 49.0157]]]}}, {"type": "Feature", "properties": {"id": "on-wmu-53", "wmu_id": "39", "name": "39", "province": "ON", "source": "Ontario LIO \u2014 Wildlife Management Unit"}, "geometry": {"type": "Polygon", "coordinates": [[[-81.8734, 46.3572], [-81.864, 46.3439], [-81.8349, 46.3385], [-81.8172, 46.3392], [-81.8164, 46.2827], [-81.798, 46.2887], [-81.7598, 46.2852], [-81.724, 46.2919], [-81.7021, 46.2921], [-81.6691, 46.3031], [-81.6228, 46.3249], [-81.6084, 46.3234], [-81.5716, 46.3336], [-81.5396, 46.3252], [-81.5195, 46.333], [-81.4909, 46.3333], [-81.4408, 46.3523], [-81.4248, 46.3623], [-81.3491, 46.3752], [-81.3194, 46.3982], [-81.2912, 46.4048], [-81.255, 46.3981], [-81.2229, 46.4064], [-81.2046, 46.4154], [-81.179, 46.418], [-81.1334, 46.4291], [-81.0978, 46.4238], [-81.0574, 46.4431], [-81.0333, 46.433], [-81.0145, 46.4336], [-80.9974, 46.4288], [-80.9736, 46.4326], [-80.963, 46.438], [-80.9301, 46.4421], [-80.8994, 46.4541], [-80.8797, 46.4726], [-80.8774, 46.4803], [-80.8844, 46.4956], [-80.8427, 46.4941], [-80.8391, 46.5108], [-80.8409, 46.5138], [-80.8644, 46.5172], [-80.8831, 46.5152], [-80.9118, 46.5309], [-80.9318, 46.5586], [-80.9379, 46.5798], [-80.9438, 46.5863], [-80.9315, 46.6036], [-80.9168, 46.6852], [-80.9251, 46.6999], [-80.9237, 46.7098], [-80.952, 46.716], [-80.9494, 46.8006], [-80.9586, 46.816], [-80.9643, 46.8364], [-80.9957, 46.8618], [-80.9969, 46.8719], [-80.9911, 46.8783], [-80.9903, 46.8912], [-81.0018, 46.8895], [-81.0113, 46.8965], [-81.0432, 46.9055], [-81.0487, 46.9249], [-81.0547, 46.9269], [-81.0754, 46.9458], [-81.0812, 46.9555], [-81.0876, 46.9587], [-81.1046, 46.9781], [-81.1159, 46.9858], [-81.1621, 47.0029], [-81.1662, 47.0089], [-81.198, 47.0203], [-81.2235, 47.0436], [-81.2302, 47.0754], [-81.239, 47.0811], [-81.2413, 47.09], [-81.2633, 47.1091], [-81.2703, 47.1218], [-81.2807, 47.1276], [-81.2856, 47.1351], [-81.3033, 47.1415], [-81.3093, 47.1537], [-81.3312, 47.1589], [-81.3554, 47.1585], [-81.3782, 47.1744], [-81.387, 47.1765], [-81.39, 47.1875], [-81.4043, 47.2002], [-81.4166, 47.2167], [-81.4219, 47.2331], [-81.4283, 47.2391], [-81.4464, 47.2454], [-81.4753, 47.2628], [-81.4903, 47.2874], [-81.4898, 47.2993], [-81.4969, 47.311], [-81.5143, 47.3244], [-81.532, 47.3325], [-81.5422, 47.3423], [-81.5484, 47.3552], [-81.5484, 47.3741], [-81.5402, 47.3969], [-81.5449, 47.4081], [-81.5402, 47.4148], [-81.5557, 47.4221], [-81.5674, 47.4374], [-81.5996, 47.4536], [-81.6201, 47.4708], [-81.7201, 47.4741], [-81.7528, 47.4699], [-81.8472, 47.4725], [-81.8515, 47.4498], [-81.8512, 47.4313], [-81.8574, 47.428], [-81.8559, 47.4253], [-81.8654, 47.4261], [-81.8581, 47.419], [-81.861, 47.4158], [-81.8579, 47.4153], [-81.8598, 47.4129], [-81.8542, 47.4055], [-81.8551, 47.3936], [-81.85, 47.3924], [-81.8498, 47.3655], [-81.854, 47.3476], [-81.8673, 47.3334], [-81.8568, 47.3041], [-81.8557, 47.2762], [-81.8493, 47.2662], [-81.846, 47.2527], [-81.847, 47.2417], [-81.8603, 47.2128], [-81.8586, 47.1987], [-81.8621, 47.1774], [-81.8583, 47.1712], [-81.862, 47.1678], [-81.8627, 47.1574], [-81.858, 47.1409], [-81.8347, 47.1113], [-81.8314, 47.0975], [-81.8331, 47.0584], [-81.8537, 47.0376], [-81.8374, 47.0162], [-81.8111, 47.0047], [-81.8098, 46.9952], [-81.8047, 46.9914], [-81.8046, 46.9825], [-81.8124, 46.9717], [-81.8058, 46.9618], [-81.8001, 46.939], [-81.7868, 46.9237], [-81.7829, 46.9245], [-81.7744, 46.9103], [-81.7735, 46.9003], [-81.7658, 46.8889], [-81.7673, 46.8843], [-81.7639, 46.8827], [-81.7656, 46.8776], [-81.7606, 46.8764], [-81.7609, 46.8722], [-81.7576, 46.8702], [-81.76, 46.8648], [-81.7541, 46.8643], [-81.7445, 46.8326], [-81.739, 46.8271], [-81.7323, 46.8043], [-81.7256, 46.7967], [-81.7272, 46.787], [-81.7183, 46.7647], [-81.7096, 46.7579], [-81.7011, 46.7379], [-81.6953, 46.7328], [-81.6899, 46.7144], [-81.6998, 46.6956], [-81.6964, 46.6918], [-81.7035, 46.6743], [-81.7121, 46.665], [-81.7165, 46.6541], [-81.708, 46.6439], [-81.7258, 46.6307], [-81.7475, 46.6445], [-81.7501, 46.6514], [-81.7651, 46.6577], [-81.7768, 46.6576], [-81.79, 46.6507], [-81.8022, 46.6522], [-81.8095, 46.6438], [-81.8314, 46.6354], [-81.8362, 46.6226], [-81.8201, 46.6085], [-81.8186, 46.6007], [-81.8316, 46.5884], [-81.8323, 46.5708], [-81.8442, 46.5629], [-81.8456, 46.5505], [-81.8401, 46.5412], [-81.8565, 46.5249], [-81.8533, 46.5209], [-81.8566, 46.5128], [-81.8495, 46.5003], [-81.8531, 46.4934], [-81.847, 46.4796], [-81.8499, 46.4713], [-81.8577, 46.4665], [-81.8564, 46.4593], [-81.8428, 46.4552], [-81.8406, 46.4516], [-81.8587, 46.4329], [-81.8403, 46.4069], [-81.8557, 46.3989], [-81.8575, 46.3861], [-81.8547, 46.3764], [-81.8704, 46.3643], [-81.8734, 46.3572]]]}}, {"type": "Feature", "properties": {"id": "on-wmu-54", "wmu_id": "60", "name": "60", "province": "ON", "source": "Ontario LIO \u2014 Wildlife Management Unit"}, "geometry": {"type": "Polygon", "coordinates": [[[-78.8117, 44.7275], [-78.8074, 44.726], [-78.7994, 44.714], [-78.8071, 44.6847], [-78.802, 44.6639], [-78.7952, 44.657], [-78.7893, 44.6058], [-78.7897, 44.5864], [-78.7945, 44.5766], [-78.7415, 44.5883], [-78.7132, 44.599], [-78.6323, 44.6193], [-78.5806, 44.6297], [-78.5401, 44.5419], [-78.5223, 44.5461], [-78.4948, 44.4712], [-78.4603, 44.4763], [-78.4323, 44.4671], [-78.417, 44.4544], [-78.4054, 44.4533], [-78.3999, 44.4572], [-78.385, 44.4598], [-78.3672, 44.5254], [-78.3532, 44.5356], [-78.3523, 44.541], [-78.3465, 44.5459], [-78.3469, 44.553], [-78.3424, 44.557], [-78.3075, 44.5593], [-78.2787, 44.5552], [-78.2709, 44.5483], [-78.2465, 44.547], [-78.2382, 44.5551], [-78.2209, 44.5547], [-78.2095, 44.5574], [-78.2069, 44.5615], [-78.185, 44.5516], [-78.1774, 44.5561], [-78.165, 44.5534], [-78.1581, 44.5473], [-78.1123, 44.56], [-78.0892, 44.5714], [-78.0793, 44.5696], [-78.0365, 44.5821], [-78.0223, 44.583], [-78.0207, 44.5772], [-78.0157, 44.5785], [-78.0124, 44.5739], [-78.0134, 44.5645], [-77.9957, 44.5612], [-77.9764, 44.5657], [-77.9574, 44.5513], [-77.9495, 44.5505], [-77.8923, 44.433], [-77.858, 44.4317], [-77.8152, 44.4386], [-77.7929, 44.4492], [-77.7145, 44.4691], [-77.674, 44.4863], [-77.6089, 44.5018], [-77.5756, 44.4936], [-77.5328, 44.5017], [-77.5006, 44.5035], [-77.4797, 44.5113], [-77.5366, 44.6204], [-77.5933, 44.698], [-77.6122, 44.7327], [-77.6218, 44.7918], [-77.636, 44.8207], [-77.6569, 44.8445], [-77.7079, 44.8757], [-77.7157, 44.9217], [-77.7466, 44.9512], [-77.7617, 44.9767], [-77.779, 44.9932], [-77.7856, 45.0026], [-77.787, 45.0162], [-77.8179, 45.0304], [-77.8413, 45.0505], [-77.8527, 45.0524], [-77.8598, 45.0577], [-77.8851, 45.05], [-77.901, 45.0289], [-77.9314, 45.0055], [-77.9526, 45.0007], [-77.9725, 44.9864], [-77.9881, 44.996], [-78.0073, 44.9915], [-78.0201, 44.9928], [-78.0357, 45.0058], [-78.0827, 44.9915], [-78.1056, 44.9928], [-78.1245, 44.9897], [-78.1665, 44.9931], [-78.207, 44.9845], [-78.2248, 44.9832], [-78.2332, 44.9857], [-78.2436, 44.9783], [-78.2746, 44.9728], [-78.3043, 44.9357], [-78.3269, 44.9318], [-78.334, 44.9234], [-78.3424, 44.9234], [-78.3666, 44.9086], [-78.425, 44.9051], [-78.4403, 44.8995], [-78.4827, 44.8919], [-78.5087, 44.8786], [-78.5304, 44.8737], [-78.54, 44.8677], [-78.5548, 44.8364], [-78.5728, 44.8171], [-78.585, 44.81], [-78.6351, 44.7989], [-78.6471, 44.7828], [-78.653, 44.7809], [-78.6628, 44.7661], [-78.7556, 44.7439], [-78.7886, 44.7425], [-78.8042, 44.7382], [-78.8117, 44.7275]]]}}, {"type": "Feature", "properties": {"id": "on-wmu-55", "wmu_id": "1C", "name": "1C", "province": "ON", "source": "Ontario LIO \u2014 Wildlife Management Unit"}, "geometry": {"type": "Polygon", "coordinates": [[[-95.1537, 51.9947], [-95.1225, 51.9935], [-95.1107, 51.9978], [-95.1006, 52.007], [-95.0776, 52.0116], [-95.068, 52.0088], [-95.0531, 52.012], [-95.0415, 52.0066], [-95.028, 52.01], [-95.0106, 52.0057], [-94.9651, 52.012], [-94.966, 52.0181], [-94.9766, 52.0251], [-94.9692, 52.0282], [-94.969, 52.0324], [-94.9333, 52.0428], [-94.9353, 52.0513], [-94.9222, 52.0595], [-94.9344, 52.0655], [-94.938, 52.0714], [-94.931, 52.0768], [-94.8943, 52.0886], [-94.8833, 52.0887], [-94.8695, 52.0837], [-94.8526, 52.0954], [-94.8503, 52.09], [-94.8452, 52.0894], [-94.807, 52.1104], [-94.7887, 52.1151], [-94.7836, 52.1277], [-94.7733, 52.1344], [-94.7554, 52.1266], [-94.733, 52.1267], [-94.7173, 52.1189], [-94.6465, 52.1113], [-94.6372, 52.1019], [-94.6171, 52.1113], [-94.6168, 52.1196], [-94.5952, 52.1309], [-94.5338, 52.1363], [-94.5049, 52.1297], [-94.4824, 52.1182], [-94.4737, 52.1061], [-94.4746, 52.0936], [-94.4713, 52.0835], [-94.4584, 52.0849], [-94.4192, 52.1017], [-94.4162, 52.0991], [-94.397, 52.1037], [-94.3857, 52.1029], [-94.344, 52.113], [-94.3092, 52.0957], [-94.3014, 52.0896], [-94.2892, 52.0713], [-94.2543, 52.0491], [-94.2543, 52.0359], [-94.2511, 52.0327], [-94.2646, 52.0239], [-94.2666, 52.0165], [-94.2895, 52.0134], [-94.2749, 51.9962], [-94.2425, 51.9799], [-94.2328, 51.9878], [-94.2305, 51.9968], [-94.2247, 51.9997], [-94.2006, 51.9999], [-94.1846, 51.9823], [-94.1516, 51.9682], [-94.1526, 51.9581], [-94.1612, 51.954], [-94.14, 51.9424], [-94.1429, 51.9311], [-94.1544, 51.9235], [-94.1506, 51.9163], [-94.153, 51.9114], [-94.1358, 51.9075], [-94.1328, 51.8939], [-94.1001, 51.8913], [-94.0659, 51.8782], [-94.0707, 51.8688], [-94.0852, 51.8564], [-94.0816, 51.8509], [-94.0875, 51.8416], [-94.0649, 51.8419], [-94.0503, 51.8349], [-94.0303, 51.8384], [-94.0183, 51.8283], [-94.0165, 51.8168], [-94.0116, 51.8147], [-94.0041, 51.7951], [-93.9895, 51.7943], [-93.9474, 51.8042], [-93.895, 51.8079], [-93.8126, 51.7849], [-93.8199, 51.7757], [-93.8136, 51.7704], [-93.7396, 51.7655], [-93.731, 51.7699], [-93.6905, 51.7649], [-93.6624, 51.7809], [-93.6432, 51.7835], [-93.6075, 51.7755], [-93.6129, 51.7898], [-93.6094, 51.7914], [-93.5957, 51.7847], [-93.5897, 51.7736], [-93.5855, 51.7727], [-93.5821, 51.7798], [-93.5819, 51.7858], [-93.5867, 51.7931], [-93.5834, 51.8054], [-93.568, 51.8098], [-93.5665, 51.8046], [-93.5566, 51.8011], [-93.5458, 51.8071], [-93.5302, 51.8069], [-93.5148, 51.8129], [-93.5024, 51.8032], [-93.5052, 51.7955], [-93.4905, 51.7886], [-93.4972, 51.785], [-93.4887, 51.7772], [-93.5082, 51.7671], [-93.4947, 51.7631], [-93.4925, 51.7597], [-93.4662, 51.7584], [-93.4356, 51.7635], [-93.4301, 51.7673], [-93.4323, 51.7696], [-93.4158, 51.7779], [-93.4039, 51.7773], [-93.3917, 51.7834], [-93.3791, 51.779], [-93.3615, 51.7817], [-93.3549, 51.7793], [-93.3295, 51.7911], [-93.3149, 51.786], [-93.3003, 51.787], [-93.2927, 51.7823], [-93.283, 51.782], [-93.2772, 51.7645], [-93.272, 51.7625], [-93.2679, 51.7682], [-93.2556, 51.7674], [-93.2398, 51.7734], [-93.2126, 51.7757], [-93.1913, 51.7812], [-93.1891, 51.7856], [-93.1804, 51.7883], [-93.1653, 51.7799], [-93.1486, 51.7796], [-93.1461, 51.777], [-93.1288, 51.781], [-93.1181, 51.7758], [-93.1106, 51.7778], [-93.0956, 51.7756], [-93.0839, 51.7805], [-93.067, 51.7794], [-93.0413, 51.7717], [-93.0344, 51.7747], [-93.0175, 51.7735], [-93.0097, 51.7825], [-93.0142, 51.7943], [-93.0127, 51.7985], [-92.9963, 51.8006], [-89.0, 51.8007], [-89.0, 54.0], [-89.6171, 54.2562], [-90.2451, 54.5105], [-91.7402, 55.0961], [-92.2271, 54.7623], [-92.7194, 54.4171], [-93.1896, 54.08], [-93.6564, 53.7379], [-94.4023, 53.2984], [-95.1537, 52.8416], [-95.1537, 51.9947]]]}}, {"type": "Feature", "properties": {"id": "on-wmu-56", "wmu_id": "7A", "name": "7A", "province": "ON", "source": "Ontario LIO \u2014 Wildlife Management Unit"}, "geometry": {"type": "Polygon", "coordinates": [[[-94.5145, 49.2644], [-94.5342, 49.2666], [-94.528, 49.2701], [-94.5401, 49.2733], [-94.5367, 49.2746], [-94.5361, 49.2802], [-94.5565, 49.2792], [-94.5628, 49.2823], [-94.5533, 49.286], [-94.5526, 49.29], [-94.5588, 49.2922], [-94.5598, 49.2967], [-94.58, 49.2968], [-94.5759, 49.2963], [-94.5785, 49.2945], [-94.5961, 49.2974], [-94.5938, 49.2981], [-94.5955, 49.3016], [-94.6018, 49.3029], [-94.594, 49.3054], [-94.5933, 49.3126], [-94.6002, 49.311], [-94.6038, 49.3139], [-94.6109, 49.3111], [-94.6055, 49.3096], [-94.607, 49.307], [-94.6114, 49.309], [-94.623, 49.3055], [-94.6317, 49.3059], [-94.6272, 49.3088], [-94.6304, 49.3114], [-94.6391, 49.31], [-94.6368, 49.3132], [-94.6413, 49.3106], [-94.6453, 49.3127], [-94.6484, 49.3182], [-94.6398, 49.3207], [-94.6399, 49.3298], [-94.6396, 49.3273], [-94.6288, 49.33], [-94.6228, 49.3281], [-94.6207, 49.3313], [-94.6248, 49.3339], [-94.5989, 49.3409], [-94.5983, 49.336], [-94.5853, 49.3352], [-94.5863, 49.348], [-94.5796, 49.3514], [-94.589, 49.3632], [-94.5939, 49.3643], [-94.5929, 49.3667], [-94.604, 49.3667], [-94.5977, 49.3632], [-94.6079, 49.35], [-94.6426, 49.3588], [-94.644, 49.3628], [-94.6394, 49.3637], [-94.6472, 49.3658], [-94.6476, 49.3698], [-94.6673, 49.366], [-94.6652, 49.3632], [-94.6675, 49.3621], [-94.6766, 49.3666], [-94.6732, 49.3692], [-94.6775, 49.3729], [-94.6701, 49.3749], [-94.6625, 49.3681], [-94.6658, 49.372], [-94.6642, 49.3763], [-94.6683, 49.3792], [-94.6746, 49.3767], [-94.6767, 49.3821], [-94.6688, 49.3877], [-94.6502, 49.3866], [-94.6766, 49.3932], [-94.6828, 49.377], [-94.6793, 49.3683], [-94.6853, 49.3693], [-94.6816, 49.3638], [-94.6839, 49.3649], [-94.6883, 49.3592], [-94.6935, 49.3604], [-94.6959, 49.3568], [-94.6981, 49.364], [-94.7009, 49.3614], [-94.6964, 49.3769], [-94.6875, 49.3811], [-94.6906, 49.3847], [-94.6867, 49.3874], [-94.6872, 49.3922], [-94.677, 49.3993], [-94.6824, 49.4035], [-94.6856, 49.4008], [-94.6893, 49.4045], [-94.6981, 49.4033], [-94.6906, 49.4063], [-94.6951, 49.4117], [-94.7006, 49.4126], [-94.7022, 49.4203], [-94.6966, 49.424], [-94.6972, 49.4203], [-94.6879, 49.4305], [-94.6885, 49.4277], [-94.6818, 49.4303], [-94.6675, 49.4495], [-94.6542, 49.4608], [-94.6553, 49.4631], [-94.6439, 49.4684], [-94.6393, 49.4647], [-94.6349, 49.4721], [-94.6309, 49.4696], [-94.6417, 49.4603], [-94.6225, 49.465], [-94.6309, 49.4614], [-94.615, 49.461], [-94.6255, 49.4611], [-94.6303, 49.4572], [-94.6112, 49.4598], [-94.6215, 49.454], [-94.619, 49.4539], [-94.5943, 49.4589], [-94.5952, 49.4625], [-94.5878, 49.4651], [-94.5862, 49.4623], [-94.5773, 49.4614], [-94.568, 49.4649], [-94.5634, 49.4617], [-94.5498, 49.4683], [-94.535, 49.4648], [-94.5324, 49.4684], [-94.5207, 49.4709], [-94.4867, 49.472], [-94.4882, 49.4748], [-94.4837, 49.4768], [-94.4813, 49.4763], [-94.4828, 49.4724], [-94.4644, 49.4777], [-94.4614, 49.4774], [-94.4629, 49.4754], [-94.4362, 49.476], [-94.4322, 49.4807], [-94.432, 49.4783], [-94.4281, 49.4787], [-94.4229, 49.4837], [-94.4132, 49.4822], [-94.4184, 49.4796], [-94.41, 49.4793], [-94.4002, 49.484], [-94.3958, 49.4821], [-94.3971, 49.4804], [-94.3931, 49.4835], [-94.3791, 49.4816], [-94.3874, 49.4784], [-94.3769, 49.482], [-94.3729, 49.4789], [-94.3719, 49.4812], [-94.3633, 49.4807], [-94.3688, 49.4822], [-94.3665, 49.4834], [-94.3404, 49.4835], [-94.3549, 49.4848], [-94.3487, 49.4867], [-94.3544, 49.4881], [-94.3503, 49.4888], [-94.3432, 49.4883], [-94.3484, 49.4865], [-94.331, 49.487], [-94.3349, 49.4854], [-94.3292, 49.4844], [-94.3342, 49.4827], [-94.3274, 49.4799], [-94.3261, 49.4827], [-94.3116, 49.4816], [-94.3286, 49.4855], [-94.3192, 49.4849], [-94.3279, 49.4869], [-94.3144, 49.4923], [-94.3101, 49.4912], [-94.314, 49.4891], [-94.3091, 49.486], [-94.3166, 49.4846], [-94.3019, 49.4824], [-94.2971, 49.4778], [-94.3115, 49.4795], [-94.3098, 49.4774], [-94.315, 49.478], [-94.3143, 49.4751], [-94.3192, 49.4739], [-94.3284, 49.4771], [-94.321, 49.4694], [-94.3222, 49.4626], [-94.3136, 49.4626], [-94.3085, 49.4545], [-94.3021, 49.4525], [-94.3067, 49.4588], [-94.3046, 49.46], [-94.3088, 49.4599], [-94.3107, 49.4635], [-94.3071, 49.461], [-94.3062, 49.4634], [-94.2903, 49.4609], [-94.2654, 49.4463], [-94.275, 49.4454], [-94.2778, 49.4412], [-94.2748, 49.4401], [-94.2762, 49.4372], [-94.2802, 49.44], [-94.2808, 49.4377], [-94.286, 49.439], [-94.2792, 49.4357], [-94.2776, 49.433], [-94.2805, 49.4318], [-94.2775, 49.4304], [-94.2921, 49.4287], [-94.2962, 49.4243], [-94.29, 49.4195], [-94.281, 49.4207], [-94.2908, 49.4188], [-94.2937, 49.416], [-94.291, 49.4118], [-94.2806, 49.413], [-94.2845, 49.4152], [-94.2729, 49.4187], [-94.2713, 49.4148], [-94.267, 49.4142], [-94.2718, 49.413], [-94.2703, 49.4093], [-94.2765, 49.4014], [-94.2621, 49.4007], [-94.2592, 49.3977], [-94.2422, 49.4094], [-94.244, 49.4124], [-94.2526, 49.4117], [-94.2453, 49.4171], [-94.236, 49.4144], [-94.2383, 49.4178], [-94.2203, 49.4233], [-94.2151, 49.4219], [-94.2212, 49.4197], [-94.219, 49.417], [-94.2048, 49.4063], [-94.2062, 49.4029], [-94.2027, 49.3987], [-94.2086, 49.3959], [-94.203, 49.3966], [-94.2055, 49.3834], [-94.21331035856574, 49.38407330677291], [-94.2065, 49.3803], [-94.2153, 49.3762], [-94.2048, 49.3777], [-94.2068, 49.3684], [-94.2114, 49.3709], [-94.219, 49.3673], [-94.2247, 49.369], [-94.2243, 49.3633], [-94.2164, 49.3594], [-94.2174, 49.3491], [-94.223, 49.3477], [-94.228, 49.3584], [-94.2321, 49.3585], [-94.2235, 49.3445], [-94.2301, 49.3414], [-94.2226, 49.3392], [-94.2307, 49.3317], [-94.2149, 49.3244], [-94.2166, 49.3204], [-94.2198, 49.3214], [-94.2178, 49.325], [-94.2247, 49.3212], [-94.2158, 49.3151], [-94.2099, 49.3168], [-94.2121, 49.3125], [-94.2088, 49.3141], [-94.1968, 49.3089], [-94.1942, 49.3091], [-94.1925, 49.3169], [-94.1882, 49.3159], [-94.1864, 49.3104], [-94.1841, 49.3122], [-94.1862, 49.3169], [-94.1689, 49.3168], [-94.1655, 49.3097], [-94.1535, 49.3061], [-94.1463, 49.2983], [-94.1255, 49.2942], [-94.1161, 49.2959], [-94.1119, 49.2906], [-94.1165, 49.2877], [-94.0944, 49.2882], [-94.0895, 49.2825], [-94.0882, 49.2847], [-94.0865, 49.2795], [-94.082, 49.2799], [-94.0841, 49.2847], [-94.0802, 49.2839], [-94.0823, 49.2829], [-94.077, 49.2771], [-94.0772, 49.2798], [-94.0725, 49.2799], [-94.0695, 49.2759], [-94.0727, 49.2739], [-94.0686, 49.2732], [-94.0678, 49.2654], [-94.0617, 49.2627], [-94.0586, 49.2568], [-94.0602, 49.2548], [-94.0616, 49.2575], [-94.0624, 49.2543], [-94.0688, 49.2571], [-94.0679, 49.2533], [-94.0704, 49.2555], [-94.0714, 49.2525], [-94.0776, 49.2512], [-94.0745, 49.2506], [-94.076, 49.2472], [-94.0645, 49.2469], [-94.0695, 49.2397], [-94.0986, 49.2539], [-94.0951, 49.2486], [-94.1041, 49.2469], [-94.1024, 49.2433], [-94.0885, 49.2462], [-94.0768, 49.2415], [-94.0748, 49.2353], [-94.0807, 49.2367], [-94.0795, 49.2341], [-94.0833, 49.2328], [-94.0858, 49.2369], [-94.0916, 49.2348], [-94.0932, 49.2373], [-94.0933, 49.2323], [-94.1096, 49.2266], [-94.1141, 49.2182], [-94.1397, 49.2123], [-94.1321, 49.2093], [-94.1382, 49.2054], [-94.1377, 49.2015], [-94.1249, 49.2001], [-94.1281, 49.1982], [-94.1217, 49.1967], [-94.1389, 49.1908], [-94.1388, 49.1878], [-94.1287, 49.1873], [-94.1329, 49.1839], [-94.1703, 49.1806], [-94.1716, 49.1778], [-94.1652, 49.1771], [-94.1885, 49.1748], [-94.1924, 49.1792], [-94.2134, 49.176], [-94.2077, 49.1814], [-94.2033, 49.1807], [-94.2044, 49.1857], [-94.2016, 49.1878], [-94.2137, 49.1903], [-94.2011, 49.2], [-94.1963, 49.1979], [-94.1954, 49.2001], [-94.2028, 49.2054], [-94.2047, 49.2019], [-94.212, 49.2053], [-94.218, 49.2013], [-94.2185, 49.2065], [-94.2212, 49.2052], [-94.2223, 49.2093], [-94.2196, 49.2119], [-94.2282, 49.2135], [-94.2318, 49.2184], [-94.2227, 49.2049], [-94.2285, 49.1933], [-94.2242, 49.1954], [-94.2279, 49.1919], [-94.2413, 49.1932], [-94.245, 49.1974], [-94.2479, 49.1965], [-94.2464, 49.199], [-94.2502, 49.1971], [-94.2498, 49.2002], [-94.2612, 49.2004], [-94.2735, 49.2177], [-94.2687, 49.2208], [-94.2612, 49.2181], [-94.2667, 49.2249], [-94.2613, 49.226], [-94.2599, 49.2294], [-94.2696, 49.2283], [-94.2608, 49.232], [-94.2711, 49.233], [-94.2673, 49.2404], [-94.2613, 49.2419], [-94.2663, 49.2436], [-94.2654, 49.2486], [-94.2678, 49.244], [-94.2732, 49.2459], [-94.2716, 49.2482], [-94.2812, 49.2486], [-94.2791, 49.2449], [-94.282, 49.2427], [-94.2774, 49.2401], [-94.2816, 49.2386], [-94.2847, 49.232], [-94.2894, 49.2311], [-94.2857, 49.2269], [-94.2901, 49.2261], [-94.291, 49.2292], [-94.2905, 49.2245], [-94.2971, 49.2222], [-94.2955, 49.2306], [-94.3065, 49.2334], [-94.3058, 49.2371], [-94.2987, 49.239], [-94.2921, 49.235], [-94.2949, 49.2388], [-94.2912, 49.2398], [-94.29, 49.2468], [-94.2782, 49.2508], [-94.2916, 49.2488], [-94.2889, 49.2555], [-94.2911, 49.2611], [-94.2996, 49.2639], [-94.307, 49.2624], [-94.3095, 49.2645], [-94.3068, 49.2692], [-94.3167, 49.2629], [-94.3163, 49.2687], [-94.3198, 49.2692], [-94.3182, 49.2727], [-94.3131, 49.2737], [-94.3176, 49.2741], [-94.3134, 49.2786], [-94.3171, 49.2783], [-94.3152, 49.2817], [-94.3256, 49.2884], [-94.3372, 49.2891], [-94.3393, 49.2845], [-94.3443, 49.2865], [-94.3492, 49.2783], [-94.3628, 49.2843], [-94.37577645051195, 49.27737525597269], [-94.3695, 49.2767], [-94.3721, 49.2739], [-94.3815, 49.276], [-94.3824, 49.2737], [-94.3778, 49.2712], [-94.3836, 49.2675], [-94.3846, 49.2616], [-94.3998, 49.269], [-94.4064, 49.2677], [-94.4093, 49.2631], [-94.4067, 49.2597], [-94.4195, 49.2605], [-94.4112, 49.2566], [-94.4243, 49.2549], [-94.4278, 49.2572], [-94.4302, 49.2538], [-94.4243, 49.2499], [-94.4243, 49.244], [-94.4307, 49.2414], [-94.4296, 49.2389], [-94.4348, 49.2379], [-94.4395, 49.243], [-94.4469, 49.2327], [-94.4622, 49.2306], [-94.5296, 49.2455], [-94.5348, 49.2506], [-94.5316, 49.2543], [-94.5143, 49.2573], [-94.5145, 49.2644]], [[-94.2139, 49.3844], [-94.22337197640117, 49.385161732367926], [-94.21331035856574, 49.38407330677291], [-94.2139, 49.3844]], [[-94.2339, 49.391], [-94.2311, 49.3926], [-94.2458, 49.3936], [-94.2483, 49.3898], [-94.22337197640117, 49.385161732367926], [-94.2339, 49.391]], [[-94.5166, 49.2697], [-94.5188, 49.2709], [-94.51748176670442, 49.26835141562853], [-94.5166, 49.2697]]]}}, {"type": "Feature", "properties": {"id": "on-wmu-57", "wmu_id": "84", "name": "84", "province": "ON", "source": "Ontario LIO \u2014 Wildlife Management Unit"}, "geometry": {"type": "Polygon", "coordinates": [[[-82.2243, 44.0499], [-81.7458, 44.0542], [-81.3835, 43.908], [-81.3682, 43.9274], [-81.1862, 43.9587], [-80.9905, 43.9866], [-81.0088, 44.0658], [-81.0016, 44.0782], [-81.0039, 44.0883], [-81.0098, 44.1121], [-81.0172, 44.117], [-81.023, 44.1418], [-81.0287, 44.1438], [-81.0694, 44.2884], [-81.127, 44.5441], [-81.1404, 44.7356], [-81.1156, 44.7366], [-81.1245, 44.744], [-81.1341, 44.7427], [-81.1398, 44.7466], [-81.138, 44.751], [-81.1358, 44.7502], [-81.1379, 44.7515], [-81.1306, 44.7662], [-81.1316, 44.7729], [-81.2855, 44.7675], [-82.3846, 44.7594], [-82.2243, 44.0499]]]}}, {"type": "Feature", "properties": {"id": "on-wmu-58", "wmu_id": "27", "name": "27", "province": "ON", "source": "Ontario LIO \u2014 Wildlife Management Unit"}, "geometry": {"type": "Polygon", "coordinates": [[[-81.6196, 49.2729], [-81.6014, 49.2677], [-81.5079, 49.2235], [-81.4513, 49.1897], [-81.3977, 49.1878], [-81.3861, 49.1723], [-81.3863, 49.1269], [-81.3839, 49.1226], [-81.3565, 49.1025], [-81.3288, 49.09], [-81.3177, 49.0807], [-81.2979, 49.072], [-81.2799, 49.0595], [-81.2092, 49.0563], [-81.0298, 49.0589], [-81.0296, 48.9629], [-80.9883, 48.935], [-80.9702, 48.9175], [-80.9019, 48.8985], [-80.8602, 48.8694], [-80.8127, 48.8004], [-80.8116, 48.7818], [-80.8043, 48.7733], [-80.8015, 48.7596], [-80.7847, 48.7429], [-80.7876, 48.7115], [-80.7794, 48.7121], [-80.7612, 48.7277], [-80.6974, 48.7511], [-80.6902, 48.758], [-80.6809, 48.7582], [-80.6808, 48.7499], [-80.6711, 48.7544], [-80.6601, 48.7314], [-80.6543, 48.7265], [-80.6571, 48.7113], [-80.6487, 48.7011], [-80.6381, 48.6982], [-80.6317, 48.7063], [-80.6058, 48.7126], [-80.5831, 48.7308], [-80.583, 48.7436], [-80.5749, 48.76], [-80.5765, 48.7687], [-80.5715, 48.775], [-80.561, 48.7818], [-80.5409, 48.7836], [-80.5172, 48.7929], [-80.4791, 48.7773], [-80.4574, 48.7833], [-80.412, 48.7738], [-80.3967, 48.7789], [-80.3774, 48.7805], [-80.3569, 48.7681], [-80.3515, 48.7565], [-80.3377, 48.7542], [-80.3264, 48.7636], [-80.3083, 48.7673], [-80.2896, 48.7566], [-80.2486, 48.7635], [-80.2357, 48.7588], [-80.1925, 48.7567], [-80.1774, 48.7651], [-80.1706, 48.7656], [-80.1684, 48.773], [-80.1626, 48.7743], [-80.1572, 48.7811], [-80.1461, 48.7763], [-80.1277, 48.7593], [-80.1186, 48.7601], [-80.1236, 48.7541], [-80.1118, 48.7514], [-80.1046, 48.7536], [-80.1002, 48.7505], [-80.0855, 48.7534], [-80.0865, 48.7442], [-80.0772, 48.742], [-80.0559, 48.7493], [-80.0601, 48.7579], [-80.0539, 48.7584], [-80.0444, 48.7707], [-80.0455, 48.7873], [-80.0513, 48.7957], [-80.0659, 48.8018], [-80.0785, 48.7963], [-80.0808, 48.8018], [-80.0553, 48.8133], [-80.0524, 48.8396], [-80.0494, 48.8437], [-80.0523, 48.8509], [-80.0485, 48.8511], [-80.0444, 48.8485], [-80.0441, 48.8365], [-80.0382, 48.8276], [-80.0253, 48.8241], [-80.0155, 48.8308], [-80.0055, 48.8243], [-79.999, 48.8306], [-79.9932, 48.8174], [-79.988, 48.8169], [-79.9868, 48.8196], [-79.9807, 48.8145], [-79.9726, 48.8141], [-79.9774, 48.8049], [-79.9896, 48.8111], [-80.0131, 48.8102], [-80.0211, 48.8009], [-80.0294, 48.7977], [-80.0357, 48.783], [-80.0336, 48.7532], [-80.0411, 48.7391], [-80.0385, 48.7341], [-80.0429, 48.7266], [-80.0394, 48.7196], [-80.0313, 48.716], [-80.002, 48.7136], [-79.9964, 48.7157], [-79.9918, 48.7292], [-79.9856, 48.7331], [-79.9819, 48.7261], [-79.9854, 48.7225], [-79.9859, 48.7144], [-79.9926, 48.7112], [-79.994, 48.7064], [-79.9894, 48.6991], [-79.9907, 48.693], [-79.9856, 48.691], [-79.9881, 48.6826], [-79.9843, 48.6794], [-79.9726, 48.6745], [-79.9533, 48.6755], [-79.9471, 48.6787], [-79.947, 48.6927], [-79.9438, 48.6924], [-79.9392, 48.6984], [-79.9365, 48.7046], [-79.9398, 48.7111], [-79.9329, 48.7145], [-79.934, 48.7207], [-79.9303, 48.7232], [-79.9359, 48.7289], [-79.9451, 48.7291], [-79.945, 48.7319], [-79.9215, 48.7398], [-79.9123, 48.7488], [-79.9032, 48.7482], [-79.8974, 48.7437], [-79.9002, 48.7351], [-79.9058, 48.7332], [-79.8991, 48.7341], [-79.901, 48.7317], [-79.8975, 48.7204], [-79.906, 48.7155], [-79.9042, 48.7133], [-79.9081, 48.6997], [-79.9153, 48.6982], [-79.9265, 48.6886], [-79.9313, 48.6755], [-79.9304, 48.6707], [-79.9236, 48.6682], [-79.9276, 48.6642], [-79.9191, 48.6621], [-79.9298, 48.6542], [-79.9239, 48.6473], [-79.9313, 48.6462], [-79.9329, 48.6428], [-79.9376, 48.6513], [-79.9384, 48.6479], [-79.9423, 48.6484], [-79.927, 48.6378], [-79.93, 48.6325], [-79.9208, 48.6243], [-79.9127, 48.6237], [-79.9039, 48.6179], [-79.8884, 48.6225], [-79.8697, 48.6215], [-79.8645, 48.624], [-79.8703, 48.6262], [-79.8663, 48.6282], [-79.8635, 48.6253], [-79.858, 48.6262], [-79.8551, 48.6178], [-79.8492, 48.6199], [-79.8475, 48.6166], [-79.844, 48.6219], [-79.8345, 48.6234], [-79.8352, 48.6174], [-79.8297, 48.6168], [-79.8302, 48.6199], [-79.8272, 48.618], [-79.829, 48.6148], [-79.8252, 48.6082], [-79.8232, 48.6115], [-79.815, 48.6124], [-79.8159, 48.6149], [-79.8129, 48.6137], [-79.8164, 48.6184], [-79.8122, 48.6193], [-79.8111, 48.6159], [-79.8097, 48.619], [-79.7977, 48.6201], [-79.7952, 48.6257], [-79.7913, 48.6241], [-79.7916, 48.6202], [-79.7821, 48.6205], [-79.7801, 48.6172], [-79.776, 48.6188], [-79.7809, 48.6214], [-79.7771, 48.6229], [-79.7679, 48.6175], [-79.7519, 48.619], [-79.7461, 48.6261], [-79.7491, 48.6272], [-79.7473, 48.63], [-79.7537, 48.6307], [-79.7368, 48.632], [-79.739, 48.6335], [-79.7344, 48.6346], [-79.734, 48.638], [-79.7373, 48.6415], [-79.7431, 48.6406], [-79.7427, 48.6447], [-79.7533, 48.6511], [-79.7661, 48.6464], [-79.765, 48.6493], [-79.77, 48.6557], [-79.765, 48.655], [-79.7674, 48.6571], [-79.7631, 48.6583], [-79.7565, 48.656], [-79.7556, 48.6601], [-79.7511, 48.658], [-79.734, 48.6624], [-79.7294, 48.6596], [-79.7273, 48.6559], [-79.7298, 48.6545], [-79.7264, 48.6522], [-79.7311, 48.6501], [-79.7325, 48.6523], [-79.7328, 48.6489], [-79.737, 48.6504], [-79.7323, 48.648], [-79.737, 48.6466], [-79.7314, 48.6442], [-79.7312, 48.6479], [-79.7219, 48.6473], [-79.7195, 48.6445], [-79.7137, 48.6489], [-79.7049, 48.6487], [-79.707, 48.6437], [-79.721, 48.6433], [-79.7241, 48.6405], [-79.721, 48.6372], [-79.7305, 48.632], [-79.7206, 48.6298], [-79.7138, 48.6237], [-79.7048, 48.6246], [-79.6985, 48.6316], [-79.6918, 48.6327], [-79.6861, 48.6317], [-79.6839, 48.6266], [-79.6762, 48.627], [-79.6728, 48.6289], [-79.6751, 48.6316], [-79.6665, 48.6313], [-79.6668, 48.635], [-79.6596, 48.6364], [-79.6515, 48.6338], [-79.6555, 48.633], [-79.6575, 48.6281], [-79.6522, 48.6242], [-79.653, 48.6282], [-79.6487, 48.6294], [-79.6465, 48.624], [-79.6383, 48.62], [-79.639, 48.6234], [-79.6343, 48.6219], [-79.6329, 48.6248], [-79.6224, 48.6188], [-79.6198, 48.6138], [-79.6127, 48.6159], [-79.6135, 48.6204], [-79.6086, 48.619], [-79.6124, 48.612], [-79.6111, 48.6088], [-79.5989, 48.6043], [-79.6011, 48.6013], [-79.5963, 48.5986], [-79.5708, 48.5985], [-79.5552, 48.5924], [-79.5631, 48.6037], [-79.5571, 48.605], [-79.5552, 48.6112], [-79.5513, 48.6106], [-79.5519, 48.6133], [-79.5464, 48.6149], [-79.5472, 48.6179], [-79.5443, 48.6178], [-79.544, 48.6138], [-79.5434, 48.6163], [-79.5402, 48.6149], [-79.5379, 48.6069], [-79.5353, 48.6102], [-79.5274, 48.6063], [-79.5271, 48.6017], [-79.5176, 48.6047], [-79.52, 48.6068], [-79.5174, 48.6064], [-79.5171, 49.4923], [-79.5236, 49.4861], [-79.5271, 49.4735], [-79.5431, 49.4628], [-79.5649, 49.4661], [-79.5686, 49.4605], [-79.5753, 49.4591], [-79.5833, 49.4629], [-79.6016, 49.4601], [-79.612, 49.4628], [-79.6234, 49.4731], [-79.637, 49.4691], [-79.6491, 49.4718], [-79.6545, 49.4678], [-79.6734, 49.4678], [-79.6979, 49.4604], [-79.6971, 49.4563], [-79.7042, 49.4522], [-79.7224, 49.4481], [-79.7408, 49.4488], [-79.74, 49.4452], [-79.7543, 49.4359], [-79.7869, 49.4261], [-79.7909, 49.421], [-79.7871, 49.417], [-79.7964, 49.4154], [-79.8111, 49.419], [-79.8189, 49.4136], [-79.8263, 49.4141], [-79.8263, 49.4005], [-79.8335, 49.3913], [-79.852, 49.3881], [-79.8526, 49.3847], [-79.8583, 49.3822], [-79.865, 49.3833], [-79.8648, 49.378], [-79.8777, 49.3699], [-79.8782, 49.3667], [-79.8744, 49.3645], [-79.8797, 49.3587], [-79.875, 49.3551], [-79.881, 49.3534], [-79.8789, 49.349], [-79.8827, 49.3456], [-79.8763, 49.3397], [-79.8792, 49.337], [-79.8792, 49.3281], [-79.8753, 49.3256], [-79.8791, 49.3219], [-79.8748, 49.3195], [-80.7926, 49.3192], [-80.7889, 49.3024], [-80.8122, 49.29], [-80.816, 49.3001], [-80.8246, 49.3034], [-80.8271, 49.3007], [-80.8236, 49.2967], [-80.8252, 49.289], [-80.8472, 49.2849], [-80.8439, 49.276], [-80.8472, 49.2746], [-80.8454, 49.2649], [-80.8495, 49.2624], [-80.8476, 49.2588], [-80.8526, 49.2508], [-80.8501, 49.2441], [-80.8537, 49.2406], [-80.854, 49.2303], [-80.8574, 49.2275], [-80.8589, 49.2301], [-80.8635, 49.2294], [-80.8619, 49.2265], [-80.8707, 49.2419], [-80.8803, 49.2456], [-80.8811, 49.2599], [-80.9171, 49.2695], [-80.9321, 49.2793], [-80.9346, 49.2851], [-80.9385, 49.278], [-80.9506, 49.2798], [-80.9549, 49.2891], [-80.9589, 49.2893], [-80.9568, 49.2959], [-80.9771, 49.3037], [-80.9785, 49.3154], [-80.9846, 49.3189], [-80.9965, 49.3367], [-81.004, 49.3377], [-81.0209, 49.3311], [-81.0379, 49.3345], [-81.0392, 49.3464], [-81.0355, 49.353], [-81.0469, 49.3654], [-81.0501, 49.4008], [-81.0956, 49.4303], [-81.1005, 49.4474], [-81.1609, 49.4582], [-81.2099, 49.4795], [-81.227, 49.4806], [-81.3171, 49.5299], [-81.3225, 49.5362], [-81.3465, 49.5378], [-81.3612, 49.5485], [-81.3954, 49.5548], [-81.4213, 49.5681], [-81.4465, 49.5695], [-81.4548, 49.5744], [-81.5069, 49.5742], [-81.5106, 49.5659], [-81.5097, 49.5466], [-81.5007, 49.5145], [-81.5011, 49.5032], [-81.4927, 49.4809], [-81.4956, 49.4752], [-81.5168, 49.4604], [-81.5168, 49.4334], [-81.5104, 49.4209], [-81.5128, 49.3923], [-81.5169, 49.3868], [-81.5147, 49.3639], [-81.5229, 49.3531], [-81.5694, 49.335], [-81.5729, 49.3296], [-81.5932, 49.3181], [-81.6085, 49.3048], [-81.6218, 49.2996], [-81.6229, 49.276], [-81.6196, 49.276], [-81.6196, 49.2729]]]}}, {"type": "Feature", "properties": {"id": "on-wmu-59", "wmu_id": "79C", "name": "79C", "province": "ON", "source": "Ontario LIO \u2014 Wildlife Management Unit"}, "geometry": {"type": "Polygon", "coordinates": [[[-80.1614, 43.5618], [-80.0374, 43.4733], [-80.0053, 43.482], [-79.9815, 43.4945], [-79.9633, 43.4973], [-79.9501, 43.5118], [-79.9307, 43.5238], [-79.9083, 43.527], [-79.8861, 43.5368], [-79.8629, 43.5421], [-79.8022, 43.5956], [-79.7878, 43.6004], [-79.969, 43.7345], [-80.1342, 43.5856], [-80.1286, 43.5814], [-80.1444, 43.5665], [-80.1507, 43.571], [-80.1614, 43.5618]]]}}, {"type": "Feature", "properties": {"id": "on-wmu-60", "wmu_id": "90A", "name": "90A", "province": "ON", "source": "Ontario LIO \u2014 Wildlife Management Unit"}, "geometry": {"type": "Polygon", "coordinates": [[[-80.3896, 43.1856], [-80.385, 43.1816], [-80.3493, 43.0932], [-80.3692, 43.0562], [-80.365, 43.0321], [-80.3718, 43.0158], [-80.2774, 42.7645], [-80.2598, 42.7599], [-80.2565, 42.7535], [-80.0432, 42.5488], [-79.9443, 42.446], [-79.5839, 42.5841], [-79.5759, 42.856], [-79.5691, 42.8643], [-79.5741, 42.8619], [-79.5712, 42.8661], [-79.5743, 42.8652], [-79.5741, 42.8691], [-79.564, 42.8764], [-79.5677, 42.8825], [-79.5896, 42.887], [-79.5998, 42.8968], [-79.6092, 42.8978], [-79.608, 42.9011], [-79.6096, 42.898], [-79.6457, 42.9092], [-79.6528, 42.9124], [-79.657, 42.9186], [-79.6774, 42.924], [-79.6805, 42.9308], [-79.6854, 42.9328], [-79.7155, 42.9262], [-79.7264, 42.915], [-79.738, 42.9201], [-79.7802, 42.9191], [-79.8138, 42.9133], [-79.8285, 42.9148], [-79.8326, 42.9288], [-79.8473, 42.9336], [-79.8606, 42.9444], [-79.8598, 42.9522], [-79.8625, 42.9555], [-79.8804, 42.9653], [-79.8785, 42.9782], [-79.8703, 42.9857], [-79.8732, 42.995], [-79.8711, 43.0034], [-79.8799, 43.0118], [-79.8893, 43.0157], [-79.8963, 43.0326], [-79.9242, 43.0619], [-80.0138, 43.0951], [-80.0306, 43.096], [-80.0476, 43.0862], [-80.0757, 43.1001], [-80.1007, 43.0978], [-80.1063, 43.1011], [-80.1079, 43.111], [-80.1169, 43.1156], [-80.1236, 43.1134], [-80.1297, 43.1052], [-80.1411, 43.1023], [-80.1478, 43.0939], [-80.1642, 43.089], [-80.1767, 43.0882], [-80.2113, 43.0989], [-80.2202, 43.094], [-80.2347, 43.0922], [-80.2385, 43.0954], [-80.2405, 43.1044], [-80.2146, 43.1111], [-80.2013, 43.1229], [-80.1979, 43.1337], [-80.2013, 43.1434], [-80.2168, 43.1411], [-80.2196, 43.1322], [-80.2118, 43.1272], [-80.216, 43.1198], [-80.2302, 43.1211], [-80.2359, 43.1169], [-80.2418, 43.1178], [-80.2456, 43.1097], [-80.2535, 43.1114], [-80.2651, 43.1073], [-80.2728, 43.1128], [-80.2634, 43.12], [-80.2634, 43.1301], [-80.2687, 43.1374], [-80.2838, 43.1405], [-80.2959, 43.1336], [-80.3042, 43.138], [-80.3022, 43.1447], [-80.2916, 43.1524], [-80.2923, 43.157], [-80.309, 43.1578], [-80.3258, 43.1463], [-80.3325, 43.1454], [-80.3381, 43.1546], [-80.3528, 43.1553], [-80.3505, 43.1672], [-80.3565, 43.1783], [-80.3614, 43.1787], [-80.3683, 43.1729], [-80.3732, 43.1736], [-80.37, 43.1879], [-80.3735, 43.1897], [-80.3896, 43.1856]]]}}, {"type": "Feature", "properties": {"id": "on-wmu-61", "wmu_id": "63B", "name": "63B", "province": "ON", "source": "Ontario LIO \u2014 Wildlife Management Unit"}, "geometry": {"type": "Polygon", "coordinates": [[[-76.5325, 44.836], [-76.4404, 44.8549], [-76.3988, 44.8671], [-76.3255, 44.8808], [-76.2706, 44.9061], [-76.3299, 44.9536], [-76.3313, 44.9762], [-76.3431, 44.9859], [-76.3466, 44.9969], [-76.3599, 45.015], [-76.3732, 45.0256], [-76.3874, 45.0303], [-76.4198, 45.065], [-76.4433, 45.0809], [-76.4288, 45.0872], [-76.4114, 45.0884], [-76.378, 45.1089], [-76.3579, 45.114], [-76.3325, 45.13], [-76.3265, 45.1405], [-76.2048, 45.2204], [-76.2886, 45.2888], [-76.3219, 45.2678], [-76.3264, 45.262], [-76.3076, 45.2475], [-76.2973, 45.2461], [-76.2905, 45.2503], [-76.2777, 45.2403], [-76.297, 45.2249], [-76.3021, 45.2148], [-76.3217, 45.2049], [-76.3273, 45.1987], [-76.3262, 45.1914], [-76.3408, 45.1858], [-76.3628, 45.1834], [-76.3933, 45.1845], [-76.4312, 45.1612], [-76.4462, 45.1625], [-76.4695, 45.1737], [-76.4906, 45.1622], [-76.4956, 45.1576], [-76.4938, 45.1472], [-76.5037, 45.1407], [-76.5034, 45.1273], [-76.4609, 45.0943], [-76.493, 45.0736], [-76.4953, 45.069], [-76.5231, 45.0601], [-76.5483, 45.0638], [-76.5773, 45.0432], [-76.5769, 45.0378], [-76.5673, 45.0289], [-76.5576, 45.025], [-76.5523, 45.0177], [-76.5533, 45.0001], [-76.528, 44.9799], [-76.5397, 44.9737], [-76.5259, 44.9582], [-76.5427, 44.9578], [-76.5638, 44.9501], [-76.5757, 44.9417], [-76.5937, 44.9392], [-76.6275, 44.9136], [-76.5918, 44.8856], [-76.5907, 44.8802], [-76.583, 44.874], [-76.5748, 44.8686], [-76.5674, 44.8697], [-76.5551, 44.86], [-76.553, 44.8448], [-76.5449, 44.8376], [-76.5325, 44.836]]]}}, {"type": "Feature", "properties": {"id": "on-wmu-62", "wmu_id": "35", "name": "35", "province": "ON", "source": "Ontario LIO \u2014 Wildlife Management Unit"}, "geometry": {"type": "Polygon", "coordinates": [[[-84.5457, 47.8916], [-84.5421, 47.8837], [-84.5288, 47.8738], [-84.5311, 47.8681], [-84.5437, 47.8614], [-84.5382, 47.8561], [-84.5292, 47.8561], [-84.5251, 47.8504], [-84.5278, 47.8456], [-84.5273, 47.8265], [-84.5179, 47.8207], [-84.5151, 47.813], [-84.5144, 47.7896], [-84.5111, 47.7831], [-84.5145, 47.7617], [-84.5079, 47.7564], [-84.5084, 47.7359], [-84.5132, 47.7262], [-84.5091, 47.7231], [-84.5076, 47.7018], [-84.4951, 47.6953], [-84.4935, 47.6886], [-84.5013, 47.6744], [-84.5037, 47.6504], [-84.501, 47.6261], [-84.5061, 47.6182], [-84.5007, 47.6059], [-84.5076, 47.5906], [-84.5066, 47.5815], [-84.5022, 47.5773], [-84.504, 47.5733], [-84.5011, 47.5606], [-84.4946, 47.5576], [-84.4911, 47.5469], [-84.4937, 47.5259], [-84.4871, 47.5101], [-84.4918, 47.505], [-84.4891, 47.4896], [-84.4914, 47.4721], [-84.4901, 47.4553], [-84.4841, 47.439], [-84.4841, 47.4209], [-84.4675, 47.3837], [-84.469, 47.3775], [-84.4585, 47.3591], [-84.4386, 47.3416], [-84.4294, 47.3233], [-84.4313, 47.2952], [-84.4243, 47.2907], [-84.432, 47.2882], [-84.4375, 47.272], [-84.427, 47.2708], [-84.4216, 47.2619], [-84.4222, 47.2572], [-84.4154, 47.2552], [-84.378, 47.2271], [-84.3764, 47.2209], [-84.3791, 47.2142], [-84.3675, 47.2064], [-84.3592, 47.2037], [-84.3505, 47.2057], [-84.3411, 47.2001], [-84.3351, 47.1933], [-84.341, 47.192], [-84.3432, 47.1874], [-84.3375, 47.1747], [-84.3328, 47.1742], [-84.3296, 47.1785], [-84.3218, 47.1803], [-84.3062, 47.1754], [-84.2603, 47.1757], [-84.2505, 47.1711], [-84.2114, 47.1673], [-84.2071, 47.1606], [-84.1971, 47.1602], [-84.2049, 47.1548], [-84.2024, 47.1468], [-84.187, 47.1459], [-84.1643, 47.133], [-84.15, 47.1331], [-84.1481, 47.1294], [-84.1375, 47.1263], [-84.1222, 47.1305], [-84.1172, 47.1284], [-84.1153, 47.1206], [-84.1083, 47.1192], [-84.1045, 47.112], [-84.0939, 47.1076], [-84.0655, 47.073], [-84.0278, 47.0497], [-84.028, 47.0432], [-84.0385, 47.0358], [-84.0479, 47.0377], [-84.0607, 47.0336], [-84.0943, 47.0386], [-84.1031, 47.0311], [-84.1007, 47.0246], [-84.1025, 47.0185], [-84.1652, 46.9976], [-84.1773, 46.9811], [-84.213, 46.9666], [-84.2095, 46.9572], [-84.214, 46.952], [-84.2002, 46.9468], [-84.2012, 46.9338], [-84.2086, 46.9216], [-84.2025, 46.9168], [-84.199, 46.9068], [-84.1756, 46.8952], [-84.1744, 46.8869], [-84.1619, 46.8746], [-84.1475, 46.8514], [-84.1332, 46.8458], [-84.1331, 46.8368], [-84.1228, 46.8203], [-84.1087, 46.8151], [-84.0918, 46.8139], [-84.0824, 46.8047], [-84.0615, 46.7956], [-84.0528, 46.7829], [-84.0525, 46.7712], [-84.0436, 46.7763], [-84.0321, 46.7756], [-84.0322, 46.7786], [-84.0086, 46.7878], [-83.9985, 46.7986], [-83.9911, 46.8016], [-83.9736, 46.8072], [-83.948, 46.8067], [-83.9297, 46.7971], [-83.9276, 46.7918], [-83.8909, 46.7841], [-83.8867, 46.7784], [-83.8726, 46.7744], [-83.8624, 46.7621], [-83.8657, 46.7589], [-83.8576, 46.7595], [-83.8268, 46.7496], [-83.792, 46.7572], [-83.7735, 46.7655], [-83.7618, 46.7813], [-83.7485, 46.7885], [-83.7471, 46.799], [-83.7387, 46.8147], [-83.6731, 46.8223], [-83.6661, 46.8449], [-83.6549, 46.8564], [-83.6169, 46.8754], [-83.5952, 46.874], [-83.5876, 46.8691], [-83.5759, 46.8686], [-83.5751, 46.8753], [-83.5587, 46.8828], [-83.5322, 46.9043], [-83.5164, 46.9108], [-83.5025, 46.9133], [-83.5005, 46.9097], [-83.491, 46.9075], [-83.4805, 46.8925], [-83.4686, 46.888], [-83.4591, 46.8787], [-83.4517, 46.8815], [-83.4493, 46.893], [-83.441, 46.8919], [-83.4276, 46.8975], [-83.4086, 46.8941], [-83.3998, 46.8898], [-83.3842, 46.8679], [-83.3699, 46.8604], [-83.3498, 46.8636], [-83.3408, 46.8723], [-83.3329, 46.875], [-83.3207, 46.8754], [-83.3125, 46.8792], [-83.3105, 46.8733], [-83.29, 46.8903], [-83.2693, 46.899], [-83.2641, 46.9052], [-83.2301, 46.9108], [-83.1938, 46.93], [-83.1863, 46.9385], [-83.1851, 46.963], [-83.1913, 46.9929], [-83.184, 47.0125], [-83.1603, 47.0222], [-83.1467, 47.0399], [-83.1486, 47.0502], [-83.1462, 47.0558], [-83.1582, 47.0812], [-83.1418, 47.1009], [-83.1418, 47.1352], [-83.1446, 47.1464], [-83.1542, 47.1564], [-83.1489, 47.1691], [-83.1668, 47.185], [-83.1722, 47.2057], [-83.1979, 47.238], [-83.2007, 47.2482], [-83.2087, 47.2571], [-83.2028, 47.2737], [-83.2141, 47.3056], [-83.2093, 47.3123], [-83.2105, 47.3207], [-83.2028, 47.3367], [-83.2102, 47.3506], [-83.2075, 47.3712], [-83.1999, 47.3906], [-83.2087, 47.4185], [-83.2041, 47.4413], [-83.2137, 47.4778], [-83.2098, 47.4988], [-83.2136, 47.507], [-83.2095, 47.5121], [-83.2079, 47.5251], [-83.2152, 47.5524], [-83.2101, 47.5622], [-83.2177, 47.5824], [-83.2068, 47.5942], [-83.211, 47.6056], [-83.2061, 47.6184], [-83.2578, 47.6407], [-83.2742, 47.6636], [-83.2954, 47.6787], [-83.342, 47.7282], [-83.3597, 47.7321], [-83.3811, 47.7418], [-83.3948, 47.7548], [-83.4321, 47.7595], [-83.4552, 47.7735], [-83.4815, 47.7734], [-83.4946, 47.7778], [-83.5152, 47.7768], [-83.5237, 47.7893], [-83.5478, 47.7961], [-83.5536, 47.8046], [-83.5781, 47.8195], [-83.6184, 47.8222], [-83.6402, 47.8279], [-83.6657, 47.8206], [-83.6885, 47.8237], [-83.7049, 47.829], [-83.7131, 47.8389], [-83.7298, 47.8487], [-83.7799, 47.8515], [-83.8334, 47.8655], [-83.8557, 47.8658], [-83.8762, 47.859], [-83.9211, 47.8657], [-83.9385, 47.8653], [-83.9436, 47.8674], [-83.9489, 47.8758], [-83.9658, 47.8759], [-83.975, 47.8819], [-84.0, 47.8857], [-84.0123, 47.8921], [-84.0494, 47.8955], [-84.0798, 47.912], [-84.102, 47.9158], [-84.1129, 47.937], [-84.1259, 47.9436], [-84.1645, 47.9453], [-84.1806, 47.9426], [-84.1947, 47.9495], [-84.2487, 47.9595], [-84.2721, 47.9586], [-84.3452, 47.9659], [-84.383, 47.9532], [-84.3899, 47.9447], [-84.4027, 47.9426], [-84.5117, 47.9374], [-84.5289, 47.9438], [-84.5388, 47.93], [-84.5433, 47.9296], [-84.5403, 47.924], [-84.5405, 47.9123], [-84.5348, 47.9037], [-84.5457, 47.8916]]]}}, {"type": "Feature", "properties": {"id": "on-wmu-63", "wmu_id": "50", "name": "50", "province": "ON", "source": "Ontario LIO \u2014 Wildlife Management Unit"}, "geometry": {"type": "Polygon", "coordinates": [[[-79.4416, 45.7087], [-79.4352, 45.6907], [-79.4137, 45.6588], [-79.4124, 45.652], [-79.4164, 45.6427], [-79.4134, 45.634], [-79.4143, 45.6123], [-79.3932, 45.6029], [-79.3687, 45.597], [-79.346, 45.5654], [-79.3416, 45.5512], [-79.2884, 45.4914], [-79.2475, 45.4519], [-79.2379, 45.4213], [-79.2378, 45.3959], [-79.2171, 45.3707], [-79.2205, 45.3568], [-79.2313, 45.3466], [-79.208, 45.3364], [-79.1696, 45.3416], [-79.1546, 45.3452], [-79.132, 45.3664], [-79.1094, 45.3663], [-79.0881, 45.3534], [-79.0702, 45.3572], [-79.0475, 45.3553], [-79.0407, 45.3521], [-79.0402, 45.3447], [-79.0332, 45.3388], [-79.0202, 45.3392], [-79.0133, 45.3312], [-78.9953, 45.3241], [-78.9814, 45.3224], [-78.9579, 45.3313], [-78.9327, 45.3516], [-78.9266, 45.368], [-78.9268, 45.3784], [-78.9042, 45.386], [-78.8858, 45.4002], [-78.8566, 45.4152], [-78.8595, 45.4144], [-78.9246, 45.534], [-78.9305, 45.5325], [-79.0413, 45.7413], [-79.051, 45.7388], [-79.0555, 45.7473], [-79.0458, 45.7498], [-79.0525, 45.7624], [-79.0574, 45.7611], [-79.0618, 45.7696], [-79.0869, 45.7632], [-79.0868, 45.7725], [-79.0637, 45.7838], [-79.1222, 45.8905], [-79.0924, 45.8984], [-79.1116, 45.9333], [-79.1069, 45.935], [-79.1318, 45.9356], [-79.1487, 45.9287], [-79.1501, 45.9255], [-79.1797, 45.9266], [-79.1847, 45.923], [-79.2414, 45.9278], [-79.2504, 45.9261], [-79.2607, 45.9085], [-79.2755, 45.894], [-79.2932, 45.8919], [-79.3007, 45.8875], [-79.3089, 45.8659], [-79.3331, 45.8588], [-79.345, 45.8504], [-79.3501, 45.8428], [-79.3628, 45.8414], [-79.3661, 45.8441], [-79.3797, 45.8411], [-79.3634, 45.8139], [-79.3647, 45.804], [-79.3737, 45.7968], [-79.3804, 45.7795], [-79.4133, 45.7551], [-79.4237, 45.7376], [-79.4338, 45.7291], [-79.4416, 45.7087]]]}}, {"type": "Feature", "properties": {"id": "on-wmu-64", "wmu_id": "6", "name": "6", "province": "ON", "source": "Ontario LIO \u2014 Wildlife Management Unit"}, "geometry": {"type": "Polygon", "coordinates": [[[-95.1536, 50.411], [-95.1535, 49.8864], [-95.1157, 49.8904], [-95.1062, 49.8972], [-95.0791, 49.9028], [-95.0588, 49.9001], [-95.0354, 49.9136], [-95.0174, 49.9129], [-95.0025, 49.9169], [-94.9855, 49.9314], [-94.9615, 49.9259], [-94.8974, 49.9211], [-94.868, 49.9349], [-94.8498, 49.9333], [-94.8239, 49.9406], [-94.7581, 49.9448], [-94.7464, 49.9545], [-94.7167, 49.9664], [-94.703, 49.9763], [-94.6752, 49.982], [-94.6527, 49.9924], [-94.6192, 49.9914], [-94.6065, 49.9863], [-94.5951, 49.9738], [-94.5749, 49.9663], [-94.5585, 49.966], [-94.5405, 49.9728], [-94.5248, 49.9715], [-94.4997, 49.9814], [-94.4878, 49.983], [-94.4655, 49.9764], [-94.4445, 49.9797], [-94.4291, 49.9691], [-94.407, 49.9787], [-94.3804, 49.9789], [-94.3656, 49.9886], [-94.3531, 49.9887], [-94.3326, 49.9952], [-94.325, 50.0008], [-94.3142, 50.0001], [-94.2629, 50.0141], [-94.2393, 50.0096], [-94.2159, 50.0127], [-94.1979, 50.0057], [-94.1775, 49.9865], [-94.1746, 49.9768], [-94.1568, 49.9743], [-94.1388, 49.9651], [-94.1112, 49.9614], [-94.0913, 49.9634], [-94.085, 49.9752], [-94.077, 49.9791], [-93.9627, 49.9926], [-93.9277, 49.9888], [-93.897, 49.9899], [-93.8883, 49.9856], [-93.8425, 49.9796], [-93.7945, 49.9827], [-93.7365, 49.9792], [-93.7075, 49.9828], [-93.6922, 49.9801], [-93.6669, 49.9817], [-93.6492, 49.9763], [-93.6416, 49.9689], [-93.6315, 49.9695], [-93.6148, 49.9789], [-93.6043, 49.9794], [-93.612, 49.9841], [-93.6451, 49.9813], [-93.6655, 49.9878], [-93.6626, 50.0049], [-93.6787, 50.0138], [-93.6768, 50.0263], [-93.6692, 50.0347], [-93.6728, 50.0419], [-93.6636, 50.0509], [-93.6515, 50.0559], [-93.6583, 50.0592], [-93.659, 50.0633], [-93.6486, 50.0651], [-93.6441, 50.0686], [-93.645, 50.0731], [-93.6248, 50.0814], [-93.6427, 50.0915], [-93.6423, 50.0994], [-93.6492, 50.1072], [-93.659, 50.1065], [-93.6815, 50.1172], [-93.6799, 50.1268], [-93.692, 50.14], [-93.689, 50.1498], [-93.6966, 50.1585], [-93.6881, 50.1654], [-93.7217, 50.1654], [-93.7197, 50.1701], [-93.7247, 50.1736], [-93.722, 50.1778], [-93.7338, 50.1798], [-93.7409, 50.1846], [-93.741, 50.1945], [-93.7467, 50.1953], [-93.7498, 50.2], [-93.7825, 50.1957], [-93.8252, 50.1949], [-93.8408, 50.1893], [-93.8574, 50.1935], [-93.8642, 50.1985], [-93.8613, 50.2023], [-93.8654, 50.2065], [-93.898, 50.2179], [-93.9015, 50.2223], [-93.8853, 50.2359], [-93.8841, 50.2427], [-93.874, 50.2445], [-93.8723, 50.2487], [-93.8956, 50.2543], [-93.9314, 50.2551], [-93.9493, 50.2602], [-93.9584, 50.2585], [-93.9685, 50.2646], [-93.9749, 50.262], [-93.9874, 50.266], [-93.9928, 50.2726], [-93.9927, 50.2775], [-93.9864, 50.2843], [-93.9911, 50.2902], [-94.0221, 50.3081], [-94.0275, 50.3145], [-94.0073, 50.3191], [-93.976, 50.3317], [-93.9703, 50.3381], [-93.9533, 50.3432], [-93.9089, 50.3475], [-93.89, 50.3637], [-93.8755, 50.3621], [-93.8672, 50.3579], [-93.8533, 50.3686], [-93.8625, 50.3736], [-93.8358, 50.3876], [-93.8373, 50.3915], [-93.8276, 50.3963], [-93.8315, 50.4045], [-93.8453, 50.411], [-95.1536, 50.411]]]}}, {"type": "Feature", "properties": {"id": "on-wmu-65", "wmu_id": "11C", "name": "11C", "province": "ON", "source": "Ontario LIO \u2014 Wildlife Management Unit"}, "geometry": {"type": "Polygon", "coordinates": [[[-91.98769932365789, 48.35134418768494], [-92.0106, 48.3558], [-92.014, 48.3533], [-92.004, 48.3516], [-92.0269, 48.3518], [-92.0249, 48.3541], [-92.0304, 48.3554], [-92.0199, 48.3575], [-92.0154, 48.3624], [-92.0088, 48.3601], [-92.0076, 48.362], [-92.0116, 48.3635], [-92.0077, 48.3652], [-92.0016, 48.3629], [-91.9933, 48.3668], [-91.9805, 48.366], [-91.9746, 48.3681], [-91.9777, 48.3714], [-91.9702, 48.376], [-91.9558, 48.3779], [-91.9555, 48.4058], [-92.1515, 48.4056], [-92.1524, 48.4096], [-92.1775, 48.4149], [-92.1811, 48.4207], [-92.1857, 48.4212], [-92.1866, 48.4237], [-92.1776, 48.4206], [-92.1695, 48.425], [-92.1791, 48.4255], [-92.1807, 48.4269], [-92.1766, 48.4275], [-92.1804, 48.4292], [-92.1776, 48.4303], [-92.1922, 48.4277], [-92.19, 48.4312], [-92.2037, 48.4369], [-92.2066, 48.446], [-92.2048, 48.4489], [-92.2126, 48.4597], [-92.2309, 48.4652], [-92.2441, 48.4636], [-92.2569, 48.4665], [-92.2701, 48.464], [-92.2538, 48.4754], [-92.2377, 48.479], [-92.2229, 48.4983], [-92.1852, 48.5219], [-92.1783, 48.5462], [-92.1254, 48.5723], [-92.0951, 48.5597], [-92.0699, 48.5784], [-92.0323, 48.597], [-92.0112, 48.6166], [-91.9386, 48.6277], [-91.9384, 48.6327], [-91.9252, 48.6471], [-91.7747, 48.6619], [-91.679, 48.6523], [-91.6545, 48.6543], [-91.6517, 48.6569], [-91.5953, 48.6572], [-91.5657, 48.649], [-91.5257, 48.6915], [-91.4325, 48.665], [-91.427, 48.64], [-91.3549, 48.6614], [-91.3141, 48.6578], [-91.2787, 48.67], [-91.2318, 48.6544], [-91.2224, 48.6556], [-91.1431, 48.6813], [-91.1099, 48.6712], [-91.1083, 48.6743], [-91.0931, 48.6709], [-91.0946, 48.668], [-91.0799, 48.6619], [-91.0257, 48.6785], [-90.9921, 48.6751], [-90.9639, 48.6773], [-90.9638, 48.6441], [-90.9681, 48.6439], [-90.9638, 48.6422], [-90.9638, 48.6261], [-90.9742, 48.6231], [-90.9817, 48.625], [-90.973, 48.6226], [-90.9805, 48.618], [-90.9657, 48.6196], [-90.9689, 48.6167], [-90.9638, 48.6196], [-90.964, 48.4164], [-90.9581, 48.4133], [-90.9531, 48.4028], [-90.9641, 48.4011], [-90.9641, 48.3898], [-90.9545, 48.3881], [-90.9536, 48.3846], [-90.9641, 48.3821], [-90.9641, 48.3741], [-90.9581, 48.3752], [-90.9543, 48.3705], [-90.9641, 48.3636], [-90.9643, 48.3515], [-90.9696, 48.3506], [-90.9683, 48.3449], [-90.9641, 48.3441], [-90.964, 48.3311], [-90.9697, 48.3289], [-90.964, 48.3269], [-90.9641, 48.3205], [-90.9734, 48.3193], [-90.9641, 48.3182], [-90.9641, 48.3156], [-90.9154, 48.3209], [-90.8513, 48.3226], [-90.8528, 48.3066], [-90.8763, 48.296], [-90.9243, 48.2897], [-90.9256, 48.2775], [-90.964, 48.2781], [-90.9641, 48.2372], [-90.9804, 48.2289], [-90.9809, 48.2172], [-91.0041, 48.203], [-91.0028, 48.2007], [-91.0123, 48.1985], [-91.0237, 48.1905], [-91.0554, 48.1883], [-91.0655, 48.1814], [-91.0825, 48.1811], [-91.092, 48.1737], [-91.1147, 48.1665], [-91.1199, 48.1607], [-91.1426, 48.1546], [-91.1373, 48.1493], [-91.1563, 48.1405], [-91.1829, 48.1222], [-91.1901, 48.1251], [-91.2149, 48.1029], [-91.2349, 48.0961], [-91.2497, 48.0841], [-91.2897, 48.0742], [-91.3245, 48.073], [-91.3346, 48.0695], [-91.34, 48.0736], [-91.365, 48.0671], [-91.3708, 48.0697], [-91.3909, 48.0572], [-91.4296, 48.0487], [-91.4386, 48.0503], [-91.4466, 48.063], [-91.4462, 48.0678], [-91.45, 48.0691], [-91.4882, 48.0684], [-91.5675, 48.0438], [-91.5755, 48.049], [-91.5727, 48.0574], [-91.5754, 48.0667], [-91.5695, 48.0937], [-91.5528, 48.1033], [-91.5591, 48.1086], [-91.6399, 48.0971], [-91.6531, 48.1098], [-91.6518, 48.114], [-91.6619, 48.1119], [-91.6651, 48.1071], [-91.6809, 48.1083], [-91.6876, 48.1119], [-91.6821, 48.1225], [-91.7034, 48.1137], [-91.7118, 48.1146], [-91.6995, 48.132], [-91.6978, 48.1416], [-91.7081, 48.153], [-91.7047, 48.1601], [-91.7048, 48.1707], [-91.7094, 48.1729], [-91.7244, 48.1705], [-91.7213, 48.1803], [-91.7104, 48.1926], [-91.7154, 48.1995], [-91.7421, 48.2046], [-91.7415, 48.1993], [-91.7484, 48.1987], [-91.7559, 48.206], [-91.7642, 48.2006], [-91.7807, 48.2008], [-91.7886, 48.1963], [-91.7911, 48.2025], [-91.8095, 48.2063], [-91.8155, 48.2118], [-91.8644, 48.207], [-91.8676, 48.2192], [-91.8843, 48.2274], [-91.8931, 48.238], [-91.9149, 48.2389], [-91.9451, 48.2304], [-91.9584, 48.2331], [-91.9583, 48.2438], [-91.948, 48.246], [-91.9541, 48.2523], [-91.97, 48.2538], [-91.9725, 48.2506], [-91.9708, 48.2482], [-91.9773, 48.2457], [-91.9753, 48.2487], [-91.9791, 48.2545], [-91.9779, 48.2584], [-91.9746, 48.258], [-91.9767, 48.2612], [-91.9746, 48.2656], [-91.9782, 48.2666], [-91.9759, 48.2692], [-91.9827, 48.2699], [-91.9878, 48.2611], [-91.993, 48.2631], [-91.9935, 48.2651], [-91.9874, 48.2647], [-91.9948, 48.2704], [-92.0029, 48.2709], [-92.0039, 48.2747], [-91.9977, 48.2748], [-91.9973, 48.278], [-92.0041, 48.2805], [-92.0014, 48.2843], [-92.0062, 48.2837], [-92.0053, 48.2888], [-92.0108, 48.289], [-92.0097, 48.2957], [-91.9958, 48.2959], [-91.9919, 48.2989], [-91.9893, 48.2967], [-91.9892, 48.3009], [-91.9797, 48.2988], [-91.9881, 48.2979], [-91.9839, 48.2963], [-91.9872, 48.2965], [-91.9873, 48.2934], [-91.9933, 48.2944], [-91.9945, 48.2909], [-91.9687, 48.2946], [-91.9663, 48.2991], [-91.9493, 48.3054], [-91.9545, 48.3063], [-91.9653, 48.3009], [-91.9699, 48.3035], [-91.9685, 48.308], [-91.9769, 48.3097], [-91.9743, 48.3123], [-91.9781, 48.314], [-91.9525, 48.3171], [-91.9829, 48.3166], [-91.9792, 48.318], [-91.9868, 48.3202], [-91.984, 48.3211], [-91.9863, 48.3238], [-91.9917, 48.3238], [-91.9828, 48.3263], [-91.9774, 48.3248], [-91.981, 48.3224], [-91.9728, 48.319], [-91.9763, 48.3255], [-91.9821, 48.3281], [-91.9793, 48.329], [-91.9818, 48.3301], [-91.9799, 48.3322], [-91.9739, 48.3327], [-91.9799, 48.3335], [-91.9777, 48.3362], [-91.9799, 48.335], [-91.9788, 48.34], [-91.9818, 48.3407], [-91.9766, 48.3418], [-91.9798, 48.3428], [-91.9849, 48.3396], [-91.9798, 48.3393], [-91.9811, 48.3334], [-91.9953, 48.3302], [-91.9832, 48.3271], [-91.9976, 48.3238], [-92.0093, 48.3303], [-92.0182, 48.3289], [-92.0237, 48.3334], [-92.0124, 48.3372], [-92.0205, 48.3404], [-92.0142, 48.3395], [-92.0103, 48.3439], [-92.021, 48.3459], [-92.0149, 48.3485], [-92.0205, 48.3498], [-91.98769932365789, 48.35134418768494]], [[-91.979, 48.3512], [-91.97458200089325, 48.35196172398392], [-91.98769932365789, 48.35134418768494], [-91.979, 48.3512]], [[-91.9589, 48.3527], [-91.9526, 48.3477], [-91.957, 48.3526], [-91.9212, 48.3624], [-91.941, 48.3579], [-91.9522, 48.3592], [-91.97458200089325, 48.35196172398392], [-91.9589, 48.3527]]]}}, {"type": "Feature", "properties": {"id": "on-wmu-66", "wmu_id": "9A", "name": "9A", "province": "ON", "source": "Ontario LIO \u2014 Wildlife Management Unit"}, "geometry": {"type": "Polygon", "coordinates": [[[-94.098, 49.4134], [-94.0961, 49.4086], [-94.0798, 49.3982], [-94.0539, 49.3989], [-94.0401, 49.394], [-94.0235, 49.3954], [-94.0119, 49.3905], [-93.9909, 49.3728], [-93.9872, 49.3591], [-93.9735, 49.3472], [-93.9988, 49.3129], [-94.0115, 49.3063], [-94.0216, 49.2953], [-94.0189, 49.2805], [-94.0249, 49.273], [-94.0322, 49.2496], [-94.0206, 49.2388], [-94.0047, 49.2396], [-94.0004, 49.2297], [-93.9915, 49.2258], [-93.9857, 49.2152], [-93.9651, 49.2091], [-93.9607, 49.2035], [-93.9419, 49.1936], [-93.9392, 49.1819], [-93.9303, 49.1718], [-93.93, 49.1611], [-93.9244, 49.1513], [-93.9251, 49.1396], [-93.9306, 49.1261], [-93.9248, 49.1204], [-93.9263, 49.1112], [-93.9224, 49.1068], [-92.9422, 49.1045], [-92.9425, 49.0158], [-92.4017, 49.0204], [-92.4005, 49.0264], [-92.4035, 49.0289], [-92.3995, 49.0306], [-92.3924, 49.0428], [-92.3988, 49.049], [-92.3987, 49.0535], [-92.3907, 49.0557], [-92.4202, 49.0771], [-92.4143, 49.0855], [-92.4157, 49.0887], [-92.4363, 49.0996], [-92.4256, 49.104], [-92.4367, 49.1061], [-92.4387, 49.1094], [-92.441, 49.1066], [-92.4498, 49.1096], [-92.4473, 49.1104], [-92.4484, 49.1173], [-92.4434, 49.1211], [-92.4309, 49.1239], [-92.4221, 49.1223], [-92.424, 49.126], [-92.4195, 49.126], [-92.4176, 49.1355], [-92.4081, 49.1397], [-92.4052, 49.1468], [-92.4167, 49.1505], [-92.4245, 49.1588], [-92.42, 49.1585], [-92.3996, 49.1749], [-92.3878, 49.1802], [-92.3848, 49.1795], [-92.3877, 49.1769], [-92.3733, 49.1721], [-92.35, 49.1706], [-92.3447, 49.1794], [-92.3459, 49.1868], [-92.3422, 49.1974], [-92.3214, 49.2071], [-92.2923, 49.2008], [-92.2755, 49.2028], [-92.2525, 49.2005], [-92.2333, 49.2051], [-92.2322, 49.2006], [-92.2282, 49.2001], [-92.2258, 49.1847], [-92.2166, 49.1875], [-92.2027, 49.1822], [-92.2068, 49.1774], [-92.2052, 49.1709], [-92.1928, 49.1717], [-92.1843, 49.1791], [-92.1626, 49.1834], [-92.1543, 49.1917], [-92.1502, 49.1909], [-92.1394, 49.1974], [-92.1182, 49.232], [-92.108, 49.2404], [-92.1042, 49.2756], [-92.1085, 49.284], [-92.1334, 49.3057], [-92.1351, 49.3112], [-92.1336, 49.3169], [-92.1358, 49.3186], [-92.1304, 49.323], [-92.1374, 49.3355], [-92.1305, 49.3443], [-92.1305, 49.3523], [-92.1341, 49.358], [-92.1292, 49.3639], [-92.1325, 49.3699], [-92.1302, 49.3747], [-92.1365, 49.3806], [-92.1437, 49.3821], [-92.1511, 49.3911], [-92.1587, 49.3912], [-92.1608, 49.4039], [-92.1328, 49.4023], [-92.1165, 49.408], [-92.0813, 49.4278], [-92.0824, 49.4323], [-92.0753, 49.4371], [-92.0848, 49.437], [-92.086, 49.4429], [-92.0781, 49.4529], [-92.0441, 49.4529], [-92.0489, 49.4574], [-92.0483, 49.4763], [-92.0583, 49.4844], [-92.0492, 49.489], [-92.0415, 49.4986], [-92.0812, 49.5217], [-92.1044, 49.5277], [-92.1129, 49.5406], [-92.153, 49.5344], [-92.2285, 49.5651], [-92.2462, 49.5674], [-92.2595, 49.5743], [-92.2639, 49.5842], [-92.2705, 49.5881], [-92.2883, 49.5879], [-92.3075, 49.5829], [-92.3422, 49.583], [-92.4115, 49.5946], [-92.4436, 49.6129], [-92.4398, 49.6297], [-92.4428, 49.6426], [-92.4558, 49.6476], [-92.4681, 49.648], [-92.4746, 49.6521], [-92.4922, 49.6705], [-92.4928, 49.6857], [-92.5007, 49.6871], [-92.5109, 49.6841], [-92.5169, 49.6745], [-92.5149, 49.6677], [-92.5341, 49.6483], [-92.5252, 49.6388], [-92.531, 49.6321], [-92.5773, 49.6187], [-92.5778, 49.604], [-92.6006, 49.594], [-92.6226, 49.5699], [-92.6466, 49.5567], [-92.6448, 49.5506], [-92.637, 49.5464], [-92.6373, 49.5421], [-92.6552, 49.5315], [-92.642, 49.5223], [-92.6372, 49.4972], [-92.6424, 49.4853], [-92.6559, 49.4788], [-92.6609, 49.4636], [-92.6762, 49.4544], [-92.6824, 49.4456], [-92.7131, 49.4457], [-92.7116, 49.4396], [-92.7417, 49.4254], [-92.7518, 49.4045], [-92.7379, 49.4026], [-92.7375, 49.4001], [-92.7811, 49.3688], [-92.8096, 49.3573], [-92.8127, 49.3489], [-92.809, 49.3443], [-92.8175, 49.3315], [-92.8515, 49.3195], [-92.8575, 49.3147], [-92.8626, 49.3192], [-92.8847, 49.3097], [-92.8849, 49.304], [-92.8971, 49.2917], [-92.9257, 49.2877], [-92.961, 49.2632], [-93.0403, 49.2433], [-93.1006, 49.2443], [-93.1049, 49.2422], [-93.1048, 49.2389], [-93.1158, 49.2345], [-93.1144, 49.2315], [-93.122, 49.2289], [-93.1231, 49.2328], [-93.1424, 49.2327], [-93.138, 49.2418], [-93.1369, 49.2622], [-93.1463, 49.2712], [-93.1406, 49.2729], [-93.1548, 49.2788], [-93.1589, 49.2837], [-93.2055, 49.2689], [-93.2195, 49.2786], [-93.2316, 49.2739], [-93.2371, 49.2676], [-93.2478, 49.274], [-93.2653, 49.2776], [-93.279, 49.2758], [-93.2827, 49.271], [-93.2859, 49.276], [-93.3153, 49.2719], [-93.3254, 49.2769], [-93.3289, 49.2852], [-93.3497, 49.2801], [-93.3618, 49.2685], [-93.3811, 49.2635], [-93.421, 49.2555], [-93.4375, 49.2571], [-93.4407, 49.2651], [-93.4615, 49.2667], [-93.4477, 49.2861], [-93.454, 49.2915], [-93.4636, 49.2941], [-93.4895, 49.2881], [-93.4878, 49.2947], [-93.4988, 49.3013], [-93.5144, 49.3034], [-93.5367, 49.3251], [-93.5657, 49.3292], [-93.58, 49.3265], [-93.6024, 49.3363], [-93.6115, 49.3348], [-93.6213, 49.3466], [-93.6433, 49.356], [-93.6437, 49.363], [-93.6417, 49.3683], [-93.6238, 49.365], [-93.6124, 49.3714], [-93.6282, 49.3786], [-93.6707, 49.3841], [-93.677, 49.3903], [-93.6841, 49.3878], [-93.6917, 49.3788], [-93.7001, 49.3852], [-93.7089, 49.3859], [-93.7233, 49.3943], [-93.7475, 49.3744], [-93.799, 49.3681], [-93.797, 49.3746], [-93.8022, 49.3792], [-93.8005, 49.3828], [-93.8071, 49.386], [-93.8207, 49.3822], [-93.8216, 49.3912], [-93.8355, 49.3916], [-93.8473, 49.3873], [-93.8571, 49.3925], [-93.8829, 49.3942], [-93.9019, 49.3877], [-93.9243, 49.3883], [-93.9365, 49.3974], [-93.9523, 49.4015], [-93.9668, 49.4014], [-93.9762, 49.3972], [-94.0086, 49.4135], [-94.0161, 49.4059], [-94.0312, 49.4056], [-94.098, 49.4134]]]}}, {"type": "Feature", "properties": {"id": "on-wmu-67", "wmu_id": "78A", "name": "78A", "province": "ON", "source": "Ontario LIO \u2014 Wildlife Management Unit"}, "geometry": {"type": "Polygon", "coordinates": [[[-79.328, 44.2233], [-79.22, 43.9709], [-79.0481, 44.0108], [-79.1225, 44.1833], [-78.9524, 44.2207], [-79.0822, 44.5165], [-79.0926, 44.5167], [-79.1058, 44.5095], [-79.1254, 44.505], [-79.1357, 44.5126], [-79.1449, 44.5123], [-79.1482, 44.5005], [-79.1547, 44.498], [-79.1539, 44.4896], [-79.1601, 44.4868], [-79.1565, 44.482], [-79.1598, 44.4796], [-79.1564, 44.4775], [-79.1614, 44.4718], [-79.2594, 44.4579], [-79.1963, 44.3539], [-79.1562, 44.2632], [-79.328, 44.2233]]]}}, {"type": "Feature", "properties": {"id": "on-wmu-68", "wmu_id": "83A", "name": "83A", "province": "ON", "source": "Ontario LIO \u2014 Wildlife Management Unit"}, "geometry": {"type": "Polygon", "coordinates": [[[-82.3846, 44.7594], [-81.2855, 44.7675], [-81.1316, 44.7729], [-81.1262, 44.7794], [-81.0344, 44.8362], [-81.0247, 44.8461], [-80.975, 44.871], [-80.9837, 44.8875], [-80.983, 44.8991], [-80.9788, 44.9055], [-80.9708, 44.9057], [-80.9599, 44.898], [-80.9581, 44.8889], [-80.9627, 44.8772], [-80.5946, 45.0599], [-81.0761, 45.3608], [-82.5444, 45.3504], [-82.5186, 45.3386], [-82.3846, 44.7594]]]}}, {"type": "Feature", "properties": {"id": "on-wmu-69", "wmu_id": "47", "name": "47", "province": "ON", "source": "Ontario LIO \u2014 Wildlife Management Unit"}, "geometry": {"type": "Polygon", "coordinates": [[[-80.5836, 45.9331], [-80.5734, 45.9157], [-80.5738, 45.9086], [-80.5648, 45.8906], [-80.5695, 45.8748], [-80.5552, 45.8344], [-80.5328, 45.7944], [-80.5196, 45.783], [-80.5035, 45.7799], [-80.4973, 45.7746], [-80.4747, 45.7716], [-80.438, 45.7508], [-80.4008, 45.7435], [-80.3723, 45.7435], [-80.3712, 45.7474], [-80.3702, 45.7441], [-80.3621, 45.7462], [-80.3627, 45.7428], [-80.3525, 45.7416], [-80.3418, 45.7416], [-80.3317, 45.7473], [-80.3152, 45.7406], [-80.2923, 45.7495], [-80.2816, 45.7572], [-80.2833, 45.7606], [-80.2972, 45.765], [-80.2829, 45.7622], [-80.2795, 45.7634], [-80.2819, 45.7655], [-80.2674, 45.7631], [-80.2769, 45.7617], [-80.2738, 45.7605], [-80.2619, 45.7624], [-80.2664, 45.7632], [-80.2349, 45.7638], [-80.2354, 45.7608], [-80.2309, 45.7582], [-80.2062, 45.754], [-80.1789, 45.7543], [-80.1626, 45.76], [-80.1743, 45.7552], [-80.1583, 45.7546], [-80.1619, 45.7534], [-80.1396, 45.7486], [-80.1421, 45.7466], [-80.1355, 45.7426], [-80.1204, 45.7395], [-80.1156, 45.7424], [-80.0892, 45.7425], [-80.0975, 45.7475], [-80.0844, 45.7426], [-80.0537, 45.749], [-80.0498, 45.7465], [-80.0402, 45.7477], [-80.0452, 45.7454], [-80.0291, 45.7419], [-80.0268, 45.7446], [-80.0334, 45.7484], [-80.027, 45.75], [-80.0185, 45.745], [-80.0172, 45.7489], [-79.9996, 45.7477], [-79.9952, 45.7384], [-79.9561, 45.7337], [-79.9568, 45.7268], [-79.954, 45.7246], [-79.9095, 45.708], [-79.9018, 45.7096], [-79.8851, 45.7033], [-79.8822, 45.704], [-79.8813, 45.7111], [-79.877, 45.7065], [-79.8701, 45.7067], [-79.8729, 45.705], [-79.8687, 45.6996], [-79.8434, 45.6953], [-79.7795, 45.6951], [-79.7759, 45.6941], [-79.778, 45.6914], [-79.7575, 45.688], [-79.7427, 45.6785], [-79.7475, 45.6824], [-79.7428, 45.6825], [-79.7241, 45.6671], [-79.7004, 45.6705], [-79.6806, 45.6826], [-79.5643, 45.7144], [-79.5369, 45.714], [-79.5266, 45.7183], [-79.5215, 45.7253], [-79.4896, 45.737], [-79.4459, 45.7454], [-79.4376, 45.7524], [-79.4098, 45.7584], [-79.3773, 45.7829], [-79.3737, 45.7968], [-79.3649, 45.8036], [-79.3631, 45.8127], [-79.3803, 45.8428], [-79.3754, 45.8731], [-79.3822, 45.8887], [-79.3759, 45.9003], [-79.3652, 45.9097], [-79.3636, 45.9578], [-79.3597, 45.9785], [-79.3606, 46.0015], [-79.339, 46.0255], [-79.343, 46.0478], [-79.3534, 46.0664], [-79.37, 46.085], [-79.3605, 46.1334], [-79.3604, 46.1884], [-79.3489, 46.2095], [-79.3663, 46.242], [-79.4222, 46.2273], [-79.7991, 46.2054], [-79.8586, 46.2061], [-79.8661, 46.1991], [-79.9, 46.1888], [-79.9239, 46.1767], [-79.9936, 46.1565], [-79.9959, 46.1504], [-80.0097, 46.1404], [-80.0048, 46.1279], [-80.0311, 46.1147], [-80.0408, 46.1159], [-80.0489, 46.1125], [-80.0495, 46.1068], [-80.0591, 46.1025], [-80.099, 46.0921], [-80.1151, 46.0934], [-80.1523, 46.077], [-80.1889, 46.0791], [-80.2155, 46.0619], [-80.2085, 46.0542], [-80.2386, 46.0506], [-80.2958, 46.0378], [-80.3229, 46.039], [-80.3613, 46.0323], [-80.4314, 46.0372], [-80.4756, 46.0373], [-80.4951, 46.0331], [-80.5181, 46.0334], [-80.5214, 46.0319], [-80.5197, 46.0253], [-80.5386, 46.02], [-80.5529, 46.0223], [-80.5638, 46.0184], [-80.5832, 46.0185], [-80.5664, 45.9978], [-80.5791, 45.9656], [-80.5836, 45.9331]]]}}, {"type": "Feature", "properties": {"id": "on-wmu-70", "wmu_id": "81A", "name": "81A", "province": "ON", "source": "Ontario LIO \u2014 Wildlife Management Unit"}, "geometry": {"type": "Polygon", "coordinates": [[[-80.3886, 43.8582], [-80.2511, 43.7615], [-80.1399, 43.8615], [-80.1442, 43.8647], [-80.0812, 43.9228], [-80.1018, 43.9364], [-80.1391, 44.0911], [-80.1881, 44.0816], [-80.2017, 44.1398], [-80.2135, 44.1508], [-80.2083, 44.1681], [-80.2291, 44.2534], [-80.4113, 44.2147], [-80.4084, 44.213], [-80.4229, 44.2001], [-80.4066, 44.1941], [-80.3609, 44.1673], [-80.398, 44.135], [-80.375, 44.0393], [-80.3361, 44.0476], [-80.2961, 43.8774], [-80.3886, 43.8582]]]}}, {"type": "Feature", "properties": {"id": "on-wmu-71", "wmu_id": "87E", "name": "87E", "province": "ON", "source": "Ontario LIO \u2014 Wildlife Management Unit"}, "geometry": {"type": "Polygon", "coordinates": [[[-80.3737, 43.1756], [-80.3695, 43.1726], [-80.3614, 43.1787], [-80.3565, 43.1783], [-80.3505, 43.1672], [-80.3528, 43.1553], [-80.3381, 43.1546], [-80.3325, 43.1454], [-80.3258, 43.1463], [-80.309, 43.1578], [-80.2923, 43.157], [-80.2916, 43.1524], [-80.3022, 43.1447], [-80.3042, 43.138], [-80.2959, 43.1336], [-80.2838, 43.1405], [-80.2687, 43.1374], [-80.2634, 43.1301], [-80.2634, 43.12], [-80.2728, 43.1128], [-80.2651, 43.1073], [-80.2535, 43.1114], [-80.2456, 43.1097], [-80.2418, 43.1178], [-80.2359, 43.1169], [-80.2302, 43.1211], [-80.216, 43.1198], [-80.2118, 43.1272], [-80.2196, 43.1322], [-80.2168, 43.1411], [-80.2013, 43.1434], [-80.1979, 43.1337], [-80.2013, 43.1229], [-80.2146, 43.1111], [-80.2405, 43.1044], [-80.2385, 43.0954], [-80.2344, 43.0921], [-80.2202, 43.094], [-80.2113, 43.0989], [-80.1767, 43.0882], [-80.1642, 43.089], [-80.1478, 43.0939], [-80.1411, 43.1023], [-80.1297, 43.1052], [-80.1236, 43.1134], [-80.1169, 43.1156], [-80.1079, 43.111], [-80.1062, 43.1009], [-80.0997, 43.0975], [-80.0757, 43.1001], [-80.0478, 43.0862], [-80.0263, 43.0967], [-80.0126, 43.0948], [-80.0035, 43.0893], [-79.9843, 43.132], [-79.7539, 43.0505], [-79.7089, 43.1578], [-79.9273, 43.2106], [-79.8995, 43.2724], [-80.3735, 43.1897], [-80.3689, 43.1852], [-80.3737, 43.1756]]]}}, {"type": "Feature", "properties": {"id": "on-wmu-72", "wmu_id": "92C", "name": "92C", "province": "ON", "source": "Ontario LIO \u2014 Wildlife Management Unit"}, "geometry": {"type": "Polygon", "coordinates": [[[-81.6815, 42.9129], [-81.3306, 42.6482], [-81.3122, 42.1775], [-81.2457, 42.2076], [-81.214, 42.2128], [-81.212, 42.6659], [-81.2167, 42.6761], [-81.2002, 42.6837], [-81.1952, 42.6892], [-81.192, 42.7485], [-81.1979, 42.7645], [-81.206, 42.7703], [-81.2156, 42.7843], [-81.2529, 42.8035], [-81.3001, 42.9096], [-81.2917, 42.9118], [-81.2585, 42.9396], [-81.2623, 42.9775], [-81.256, 42.9793], [-81.2574, 42.9815], [-81.2894, 42.9754], [-81.2985, 42.9624], [-81.3157, 42.9585], [-81.343, 42.9655], [-81.3478, 42.9716], [-81.3432, 42.979], [-81.3502, 42.9858], [-81.3558, 42.9862], [-81.3892, 42.965], [-81.3888, 42.9546], [-81.403, 42.9511], [-81.4079, 42.939], [-81.4324, 42.93], [-81.4307, 42.9242], [-81.4365, 42.9185], [-81.5549, 43.0049], [-81.6815, 42.9129]]]}}, {"type": "Feature", "properties": {"id": "on-wmu-73", "wmu_id": "12B", "name": "12B", "province": "ON", "source": "Ontario LIO \u2014 Wildlife Management Unit"}, "geometry": {"type": "Polygon", "coordinates": [[[-92.585, 48.7535], [-92.5639, 48.7471], [-92.5197, 48.749], [-92.4973, 48.7436], [-92.456, 48.7479], [-92.435, 48.7388], [-92.405, 48.7366], [-92.3225, 48.743], [-92.2988, 48.7425], [-92.2906, 48.7349], [-92.2258, 48.742], [-92.2094, 48.7378], [-92.1802, 48.7412], [-92.1504, 48.7369], [-92.1336, 48.7394], [-92.1094, 48.7356], [-92.1022, 48.7296], [-92.0495, 48.7238], [-91.986, 48.7279], [-91.96, 48.7245], [-91.9395, 48.7279], [-91.8962, 48.7192], [-91.8634, 48.7251], [-91.8456, 48.7216], [-91.8174, 48.7246], [-91.7835, 48.7354], [-91.7436, 48.7323], [-91.7186, 48.7392], [-91.7087, 48.7383], [-91.6943, 48.7314], [-91.5848, 48.7243], [-91.556, 48.7162], [-91.5111, 48.7124], [-91.4961, 48.7143], [-91.4532, 48.7278], [-91.4253, 48.7278], [-91.4052, 48.7354], [-91.359, 48.7417], [-91.3423, 48.739], [-91.3322, 48.7305], [-91.3153, 48.7239], [-91.2521, 48.7229], [-91.2301, 48.7103], [-91.2083, 48.7025], [-91.1914, 48.6909], [-91.1403, 48.6807], [-91.1099, 48.6712], [-91.1083, 48.6743], [-91.0931, 48.6709], [-91.0946, 48.668], [-91.0804, 48.6619], [-91.0253, 48.6786], [-90.9911, 48.6751], [-90.9693, 48.6782], [-90.8599, 48.6791], [-90.8273, 48.6852], [-90.7065, 48.6535], [-90.6617, 48.6567], [-90.6375, 48.652], [-90.5755, 48.6473], [-90.533, 48.6481], [-90.5053, 48.6528], [-90.4917, 48.6486], [-90.4484, 48.6451], [-90.422, 48.6536], [-90.3689, 48.6643], [-90.338, 48.6658], [-90.3014, 48.6729], [-90.2763, 48.665], [-90.2472, 48.6505], [-90.2262, 48.6501], [-90.2131, 48.6464], [-90.1959, 48.6364], [-90.1801, 48.6354], [-90.1549, 48.6203], [-90.1369, 48.6227], [-90.1122, 48.6348], [-90.0987, 48.6356], [-90.0891, 48.6307], [-90.0545, 48.625], [-90.0341, 48.6251], [-90.0247, 48.6199], [-89.9763, 48.6156], [-89.9436, 48.6041], [-89.9092, 48.5987], [-89.8967, 48.6002], [-89.8981, 48.6214], [-89.8932, 48.6408], [-89.8924, 48.6948], [-89.8769, 48.7678], [-89.8985, 48.8033], [-89.9174, 48.8149], [-89.9418, 48.8425], [-89.9805, 48.8744], [-90.0275, 48.9026], [-90.1327, 48.936], [-90.3163, 48.9648], [-90.3841, 48.9893], [-90.4517, 49.0252], [-90.464, 49.0337], [-90.4727, 49.0505], [-90.5809, 49.0516], [-90.6184, 49.0461], [-90.6205, 49.0335], [-90.658, 49.0162], [-90.665, 49.0092], [-90.6675, 48.9999], [-90.6801, 48.9899], [-90.6944, 48.9889], [-90.6993, 48.9855], [-90.7125, 48.9861], [-90.7304, 48.9797], [-90.7476, 48.9869], [-90.788, 48.996], [-90.9158, 48.999], [-90.9121, 49.0036], [-90.9266, 49.0097], [-90.9225, 49.0161], [-90.9407, 49.0182], [-90.9425, 49.0271], [-90.946, 49.0296], [-90.9609, 49.031], [-90.9631, 49.0291], [-90.9582, 49.0289], [-90.964, 49.0275], [-90.9742, 49.0325], [-90.9854, 49.0253], [-90.9942, 49.0265], [-90.9941, 49.0239], [-91.0186, 49.0232], [-91.0237, 49.0204], [-92.4017, 49.0204], [-92.4029, 49.0137], [-92.3985, 49.0057], [-92.4052, 48.9978], [-92.4177, 48.9948], [-92.434, 48.9609], [-92.4332, 48.9562], [-92.4397, 48.9508], [-92.4454, 48.9526], [-92.4485, 48.9476], [-92.4452, 48.9391], [-92.4515, 48.9244], [-92.4449, 48.9244], [-92.4469, 48.9205], [-92.4418, 48.8963], [-92.4564, 48.8866], [-92.4729, 48.8881], [-92.4782, 48.8834], [-92.4957, 48.8826], [-92.5535, 48.862], [-92.5802, 48.8401], [-92.5992, 48.8176], [-92.6158, 48.8143], [-92.6179, 48.8096], [-92.6487, 48.7842], [-92.6489, 48.7793], [-92.642, 48.7765], [-92.5856, 48.7785], [-92.585, 48.7535]]]}}, {"type": "Feature", "properties": {"id": "on-wmu-74", "wmu_id": "93A", "name": "93A", "province": "ON", "source": "Ontario LIO \u2014 Wildlife Management Unit"}, "geometry": {"type": "Polygon", "coordinates": [[[-82.5097, 42.6382], [-82.4852, 42.6315], [-82.2453, 42.6268], [-82.2475, 42.5755], [-82.1436, 42.5725], [-81.9762, 42.4379], [-81.9069, 42.4848], [-81.8682, 42.4924], [-81.7828, 42.5477], [-81.7659, 42.5519], [-81.8352, 42.6092], [-81.8355, 42.8428], [-81.7956, 42.8123], [-81.7902, 42.8162], [-81.7893, 43.0658], [-81.809, 43.0692], [-81.8087, 43.084], [-81.8167, 43.0827], [-81.8136, 43.0942], [-81.8245, 43.1039], [-81.8036, 43.1129], [-81.8058, 43.1155], [-81.8131, 43.1151], [-81.8121, 43.1229], [-81.802, 43.121], [-81.7963, 43.1234], [-81.8072, 43.1288], [-81.8055, 43.1341], [-81.8082, 43.1379], [-81.8054, 43.1425], [-81.8077, 43.1499], [-81.8163, 43.1543], [-81.8154, 43.1612], [-81.8063, 43.1664], [-81.8113, 43.1704], [-81.8078, 43.1773], [-81.815, 43.1796], [-81.8189, 43.1892], [-81.814, 43.1934], [-81.8821, 43.2034], [-81.8903, 43.2133], [-81.8896, 43.2232], [-81.8949, 43.2258], [-81.8991, 43.2332], [-81.9039, 43.2343], [-81.8499, 43.2596], [-81.7898, 43.2954], [-81.7638, 43.2844], [-81.7613, 43.2873], [-81.7634, 43.2963], [-81.7611, 43.3049], [-81.7554, 43.307], [-81.7572, 43.3118], [-82.266, 43.3073], [-82.4138, 43.0113], [-82.4241, 42.9978], [-82.4214, 42.9855], [-82.4131, 42.9774], [-82.4168, 42.9668], [-82.4289, 42.952], [-82.4478, 42.9377], [-82.4553, 42.9268], [-82.4703, 42.8874], [-82.4683, 42.8557], [-82.482, 42.8083], [-82.4719, 42.7862], [-82.4674, 42.7624], [-82.4839, 42.7334], [-82.4837, 42.7185], [-82.5105, 42.665], [-82.5097, 42.6382]]]}}, {"type": "Feature", "properties": {"id": "on-wmu-75", "wmu_id": "78B", "name": "78B", "province": "ON", "source": "Ontario LIO \u2014 Wildlife Management Unit"}, "geometry": {"type": "Polygon", "coordinates": [[[-79.5318, 44.1507], [-79.5108, 44.0673], [-79.4245, 44.0868], [-79.4204, 44.0684], [-79.2762, 44.1013], [-79.328, 44.2233], [-79.1562, 44.2632], [-79.1963, 44.3539], [-79.2594, 44.4579], [-79.4995, 44.4172], [-79.5157, 44.2025], [-79.5197, 44.1981], [-79.5149, 44.192], [-79.5182, 44.184], [-79.5143, 44.1758], [-79.5176, 44.1732], [-79.5165, 44.1658], [-79.5259, 44.1529], [-79.5318, 44.1507]]]}}, {"type": "Feature", "properties": {"id": "on-wmu-76", "wmu_id": "20", "name": "20", "province": "ON", "source": "Ontario LIO \u2014 Wildlife Management Unit"}, "geometry": {"type": "MultiPolygon", "coordinates": [[[[-88.1065, 49.3082], [-88.121, 49.3166], [-88.1209909090909, 49.31960909090909], [-88.1189, 49.3217], [-88.1167, 49.3159], [-88.1065, 49.3082]]], [[[-88.1265, 49.3301], [-88.1221, 49.3273], [-88.12186288271313, 49.320581676872344], [-88.12899318181819, 49.33457272727273], [-88.1227, 49.3307], [-88.1265, 49.3301]]], [[[-89.0039, 49.5881], [-89.0052, 49.5949], [-89.00304207317073, 49.58715108093126], [-89.0039, 49.5881]]], [[[-88.9681, 49.5403], [-88.9657, 49.5342], [-88.9379, 49.5337], [-88.9311, 49.5431], [-88.925, 49.5456], [-88.916, 49.5421], [-88.915, 49.532], [-88.9199, 49.5269], [-88.9185, 49.5212], [-88.9036, 49.5273], [-88.9033, 49.5297], [-88.9079, 49.5299], [-88.9032, 49.5341], [-88.9051, 49.5363], [-88.8984, 49.5393], [-88.9073, 49.5438], [-88.9029, 49.5494], [-88.9087, 49.5494], [-88.909, 49.5554], [-88.9134, 49.5576], [-88.907, 49.5567], [-88.9047, 49.5607], [-88.9012, 49.5603], [-88.8971, 49.5709], [-88.9014, 49.5757], [-88.8893, 49.5836], [-88.8995, 49.5924], [-88.8956, 49.5978], [-88.8989, 49.5971], [-88.8972, 49.6015], [-88.9004, 49.6021], [-88.8951, 49.6026], [-88.8904, 49.6091], [-88.8939, 49.6198], [-88.8903, 49.6261], [-88.8949, 49.6302], [-88.9019, 49.6282], [-88.8995, 49.6327], [-88.902, 49.6345], [-88.9302, 49.6334], [-88.9315, 49.6363], [-88.927, 49.6367], [-88.9263, 49.6423], [-88.9211, 49.6428], [-88.9246, 49.6485], [-88.9152, 49.6468], [-88.9151, 49.6443], [-88.9093, 49.6455], [-88.9077, 49.6548], [-88.9146, 49.6492], [-88.9157, 49.6541], [-88.9214, 49.6532], [-88.9098, 49.6687], [-88.9102, 49.6753], [-88.9163, 49.6728], [-88.9138, 49.677], [-88.9211, 49.6766], [-88.9281, 49.667], [-88.9272, 49.6638], [-88.9367, 49.6621], [-88.9347, 49.6753], [-88.923, 49.6787], [-88.9223, 49.6836], [-88.9394, 49.6867], [-88.9399, 49.6908], [-88.9494, 49.6937], [-88.9511, 49.6977], [-88.9293, 49.7026], [-88.934, 49.7128], [-88.9281, 49.7127], [-88.9301, 49.7138], [-88.9279, 49.7216], [-88.9135, 49.7218], [-88.9165, 49.7264], [-88.9154, 49.7335], [-88.9112, 49.7338], [-88.9104, 49.7388], [-88.9027, 49.7427], [-88.9069, 49.752], [-88.8989, 49.7604], [-88.9304, 49.7668], [-88.9358, 49.7737], [-88.9383, 49.773], [-88.9414, 49.7662], [-88.9507, 49.7599], [-88.9431, 49.7553], [-88.9429, 49.7509], [-88.9587, 49.7415], [-88.9544, 49.7329], [-88.9681, 49.7322], [-88.9585, 49.729], [-88.9601, 49.7227], [-88.9942, 49.7215], [-88.9887, 49.7168], [-88.9957, 49.7147], [-88.9962, 49.712], [-88.9891, 49.7032], [-88.9949, 49.6973], [-89.0057, 49.6944], [-89.0141, 49.6957], [-89.0198, 49.702], [-89.0202, 49.7123], [-89.0229, 49.7116], [-89.0224, 49.7298], [-89.0308, 49.7342], [-89.0354, 49.7406], [-89.0343, 49.7438], [-89.0372, 49.7439], [-89.0368, 49.7272], [-89.0435, 49.7277], [-89.0479, 49.7129], [-89.0399, 49.7057], [-89.0465, 49.7066], [-89.0569, 49.701], [-89.0581, 49.7098], [-89.0551, 49.7158], [-89.0575, 49.7261], [-89.0507, 49.7368], [-89.0516, 49.7457], [-89.053, 49.7536], [-89.062, 49.7604], [-89.0647, 49.7699], [-89.0704, 49.7709], [-89.0745, 49.7521], [-89.0829, 49.7429], [-89.1148, 49.7498], [-89.1124, 49.7563], [-89.1175, 49.7586], [-89.0958, 49.7824], [-89.0996, 49.7874], [-89.0976, 49.7926], [-89.105, 49.7952], [-89.1027, 49.7995], [-89.1055, 49.8025], [-89.0863, 49.8216], [-89.0975, 49.829], [-89.0981, 49.8352], [-89.0798, 49.8468], [-89.0664, 49.8487], [-89.0834, 49.8529], [-89.0864, 49.8569], [-89.0687, 49.8653], [-89.0653, 49.8527], [-89.0611, 49.8499], [-89.0517, 49.8529], [-89.0447, 49.8496], [-89.046, 49.8412], [-89.0517, 49.8392], [-89.0575, 49.8299], [-89.0483, 49.824], [-89.0489, 49.8146], [-89.0429, 49.7995], [-89.0476, 49.7972], [-89.0442, 49.7936], [-89.0463, 49.7923], [-89.0236, 49.7933], [-89.0169, 49.7891], [-88.9954, 49.7866], [-88.9907, 49.7789], [-88.9947, 49.7756], [-88.9899, 49.7723], [-88.9952, 49.7661], [-88.9909, 49.7631], [-88.983, 49.763], [-88.9784, 49.7701], [-88.965, 49.7721], [-88.9718, 49.7825], [-88.9484, 49.7928], [-88.9667, 49.7935], [-88.964, 49.8028], [-88.9539, 49.8036], [-88.9401, 49.7967], [-88.9264, 49.8013], [-88.9267, 49.8051], [-88.9153, 49.807], [-88.9138, 49.8117], [-88.9218, 49.8125], [-88.9172, 49.8136], [-88.9186, 49.8187], [-88.9273, 49.8185], [-88.9248, 49.8247], [-88.92, 49.823], [-88.9217, 49.8284], [-88.9271, 49.8295], [-88.9263, 49.8319], [-88.9357, 49.8305], [-88.9417, 49.8334], [-88.9432, 49.8368], [-88.939, 49.8389], [-88.9435, 49.8506], [-88.9515, 49.8541], [-88.9682, 49.8474], [-88.9759, 49.8514], [-88.9729, 49.858], [-88.9759, 49.8583], [-88.9774, 49.8687], [-88.9834, 49.8741], [-88.9799, 49.8763], [-88.9853, 49.8791], [-88.978, 49.8811], [-88.9787, 49.8863], [-88.9709, 49.8923], [-88.9609, 49.8922], [-88.9567, 49.8874], [-88.9466, 49.8858], [-88.9263, 49.896], [-88.9233, 49.9003], [-88.915, 49.8998], [-88.9058, 49.8936], [-88.9061, 49.8976], [-88.9, 49.8995], [-88.8668, 49.901], [-88.8646, 49.9024], [-88.8675, 49.905], [-88.8607, 49.9154], [-88.845, 49.9238], [-88.8356, 49.9353], [-88.8585, 49.9443], [-88.859, 49.9488], [-88.8533, 49.9584], [-88.8643, 49.9518], [-88.8647, 49.9446], [-88.8707, 49.943], [-88.8819, 49.9456], [-88.8864, 49.9528], [-88.8966, 49.9568], [-88.8938, 49.9603], [-88.8976, 49.9626], [-88.8948, 49.9659], [-88.8992, 49.9736], [-88.8879, 49.9776], [-88.8854, 49.9837], [-88.8763, 49.9858], [-88.8594, 49.9813], [-88.8557, 49.9829], [-88.8566, 49.9864], [-88.8821, 49.9966], [-88.9071, 49.9983], [-88.9183, 50.0031], [-88.9271, 50.0125], [-88.9538, 50.0294], [-88.9513, 50.0325], [-88.9446, 50.032], [-88.9501, 50.0359], [-88.9526, 50.0442], [-88.9389, 50.0428], [-88.9233, 50.0511], [-88.9146, 50.0468], [-88.9044, 50.0477], [-88.9, 50.0411], [-88.8835, 50.0361], [-88.8736, 50.0378], [-88.8752, 50.0411], [-88.8673, 50.0448], [-88.8577, 50.0554], [-88.8528, 50.0667], [-88.8501, 50.0663], [-88.8478, 50.0777], [-88.8308, 50.0979], [-88.8287, 50.1058], [-88.8375, 50.1181], [-88.8188, 50.1262], [-88.8165, 50.136], [-88.8088, 50.1451], [-88.8086, 50.1536], [-88.8131, 50.1624], [-88.8219, 50.1692], [-88.8147, 50.1868], [-88.7941, 50.1992], [-88.7734, 50.2023], [-88.7674, 50.208], [-88.7444, 50.2085], [-88.7342, 50.2143], [-88.7335, 50.2177], [-88.7233, 50.2198], [-88.7224, 50.2265], [-88.7071, 50.228], [-88.7084, 50.2355], [-88.6955, 50.2436], [-88.6978, 50.2465], [-88.6954, 50.249], [-88.7001, 50.2522], [-88.6896, 50.2608], [-88.694, 50.2658], [-88.6895, 50.267], [-88.6918, 50.2708], [-88.6697, 50.2811], [-88.6524, 50.2839], [-88.6271, 50.2826], [-88.5842, 50.2689], [-88.5771, 50.2598], [-88.5587, 50.2499], [-88.556, 50.2452], [-88.557, 50.2257], [-88.5536, 50.2229], [-88.5558, 50.2173], [-88.5516, 50.2149], [-88.5385, 50.2152], [-88.5328, 50.2193], [-88.5342, 50.2216], [-88.5251, 50.2266], [-88.508, 50.2304], [-88.5027, 50.2391], [-88.5052, 50.2424], [-88.5031, 50.2454], [-88.4813, 50.2463], [-88.4765, 50.2365], [-88.4538, 50.2235], [-88.4476, 50.2246], [-88.448, 50.2191], [-88.4444, 50.2174], [-88.4292, 50.2166], [-88.4156, 50.2073], [-88.4133, 50.2135], [-88.4079, 50.2151], [-88.3929, 50.2116], [-88.3947, 50.1974], [-88.3904, 50.1963], [-88.3858, 50.1883], [-88.3898, 50.1839], [-88.3866, 50.1791], [-88.3904, 50.175], [-88.3911, 50.1614], [-88.3867, 50.1565], [-88.3873, 50.1527], [-88.3801, 50.1473], [-88.3737, 50.1464], [-88.3741, 50.1512], [-88.3703, 50.1525], [-88.3614, 50.1497], [-88.3581, 50.1533], [-88.3526, 50.1524], [-88.3533, 50.1485], [-88.3408, 50.1532], [-88.3392, 50.1509], [-88.3423, 50.1488], [-88.3389, 50.1474], [-88.3308, 50.152], [-88.3267, 50.1479], [-88.3352, 50.1426], [-88.3219, 50.1361], [-88.3236, 50.1312], [-88.3089, 50.1337], [-88.311, 50.1255], [-88.3068, 50.1294], [-88.3006, 50.1277], [-88.2938, 50.1319], [-88.2928, 50.1285], [-88.2884, 50.129], [-88.2854, 50.1243], [-88.277, 50.1211], [-88.2707, 50.126], [-88.262, 50.1251], [-88.2702, 50.1312], [-88.2667, 50.1383], [-88.258, 50.1404], [-88.2602, 50.1462], [-88.2697, 50.1485], [-88.2722, 50.1813], [-88.2961, 50.1891], [-88.3016, 50.1862], [-88.2995, 50.1768], [-88.3073, 50.176], [-88.3088, 50.1818], [-88.3171, 50.1858], [-88.3162, 50.1888], [-88.3205, 50.1915], [-88.3108, 50.1953], [-88.3125, 50.1994], [-88.319, 50.1974], [-88.3224, 50.1996], [-88.3193, 50.202], [-88.3227, 50.2035], [-88.3148, 50.2066], [-88.3132, 50.2113], [-88.3198, 50.2122], [-88.3255, 50.2033], [-88.3353, 50.2056], [-88.33, 50.2139], [-88.3323, 50.2421], [-88.3428, 50.2313], [-88.349, 50.2174], [-88.3456, 50.2127], [-88.3484, 50.2125], [-88.3555, 50.221], [-88.3641, 50.2247], [-88.3764, 50.2226], [-88.3766, 50.2332], [-88.3843, 50.2411], [-88.3829, 50.2431], [-88.3895, 50.2424], [-88.3958, 50.2533], [-88.4095, 50.2556], [-88.4076, 50.2447], [-88.4154, 50.2518], [-88.4216, 50.2524], [-88.4153, 50.2631], [-88.4257, 50.2629], [-88.4287, 50.2656], [-88.4268, 50.2712], [-88.4331, 50.2693], [-88.4359, 50.2718], [-88.4302, 50.2766], [-88.4286, 50.2885], [-88.3987, 50.2949], [-88.3986, 50.2926], [-88.393, 50.2934], [-88.3914, 50.2881], [-88.3474, 50.2907], [-88.3255, 50.2856], [-88.3212, 50.2825], [-88.3183, 50.2633], [-88.3135, 50.2621], [-88.3127, 50.2573], [-88.3042, 50.2584], [-88.3068, 50.2487], [-88.2991, 50.2454], [-88.3009, 50.2411], [-88.3046, 50.2405], [-88.3018, 50.2326], [-88.2906, 50.232], [-88.2883, 50.2279], [-88.2853, 50.2322], [-88.2734, 50.2304], [-88.273, 50.2261], [-88.2679, 50.2225], [-88.2717, 50.2179], [-88.2636, 50.219], [-88.2587, 50.2142], [-88.2554, 50.218], [-88.2326, 50.2206], [-88.2297, 50.2172], [-88.2132, 50.2147], [-88.217, 50.2085], [-88.2131, 50.2096], [-88.2059, 50.2057], [-88.2108, 50.2035], [-88.207, 50.1995], [-88.2113, 50.1979], [-88.2053, 50.1964], [-88.2091, 50.195], [-88.2078, 50.1926], [-88.1989, 50.1934], [-88.1999, 50.1902], [-88.1928, 50.1901], [-88.1932, 50.1841], [-88.1839, 50.1819], [-88.192, 50.1793], [-88.191, 50.1767], [-88.1851, 50.175], [-88.1826, 50.1706], [-88.1745, 50.1704], [-88.1773, 50.1635], [-88.1731, 50.162], [-88.176, 50.1588], [-88.1652, 50.1564], [-88.1666, 50.1509], [-88.1628, 50.1504], [-88.1653, 50.1483], [-88.1612, 50.1464], [-88.161, 50.1396], [-88.1519, 50.1398], [-88.1508, 50.1376], [-88.155, 50.1372], [-88.1524, 50.1365], [-88.1545, 50.1353], [-88.1519, 50.1289], [-88.146, 50.1267], [-88.1497, 50.1225], [-88.1366, 50.121], [-88.1373, 50.1166], [-88.1318, 50.1118], [-88.1362, 50.1073], [-88.1325, 50.1068], [-88.1307, 50.0993], [-88.1389, 50.0961], [-88.1325, 50.0891], [-88.1352, 50.0838], [-88.1562, 50.0765], [-88.1732, 50.0753], [-88.1812, 50.0775], [-88.1882, 50.0852], [-88.1914, 50.1048], [-88.1971, 50.1161], [-88.2216, 50.1277], [-88.2342, 50.1266], [-88.2391, 50.1229], [-88.2416, 50.1122], [-88.234, 50.103], [-88.2362, 50.0985], [-88.231, 50.0993], [-88.226, 50.0918], [-88.2153, 50.0877], [-88.209, 50.0812], [-88.2069, 50.077], [-88.2099, 50.0733], [-88.2041, 50.0698], [-88.2057, 50.0636], [-88.1998, 50.0467], [-88.2005, 50.041], [-88.2049, 50.0372], [-88.2014, 50.0297], [-88.2078, 50.0267], [-88.2062, 50.0205], [-88.2134, 50.0194], [-88.2092, 50.0178], [-88.2101, 50.013], [-88.2056, 50.0126], [-88.2147, 50.0089], [-88.2152, 50.0047], [-88.2064, 50.0048], [-88.2192, 49.9979], [-88.2144, 49.9966], [-88.2311, 49.9889], [-88.2296, 49.9833], [-88.2192, 49.9822], [-88.2098, 49.9874], [-88.1981, 49.983], [-88.1869, 49.9885], [-88.1748, 49.9899], [-88.1771, 50.0013], [-88.1814, 49.999], [-88.1841, 50.001], [-88.1767, 50.0037], [-88.184, 50.006], [-88.1785, 50.0095], [-88.1778, 50.0127], [-88.1808, 50.0143], [-88.1541, 50.0298], [-88.1596, 50.0361], [-88.1535, 50.0424], [-88.1443, 50.043], [-88.1381, 50.0416], [-88.1361, 50.0296], [-88.1266, 50.0267], [-88.13, 50.0188], [-88.1132, 50.0109], [-88.1151, 50.0083], [-88.1049, 50.0028], [-88.082, 49.9966], [-88.0764, 49.9906], [-88.0807, 49.9865], [-88.0644, 49.987], [-88.0522, 49.9907], [-88.0472, 49.9982], [-88.0389, 49.9983], [-88.0252, 49.9906], [-88.0331, 49.9844], [-88.0078, 49.9815], [-88.0085, 49.9699], [-88.0013, 49.9705], [-88.0036, 49.9663], [-88.0013, 49.9646], [-87.983, 49.9602], [-87.9824, 49.9575], [-87.9887, 49.9531], [-88.0036, 49.955], [-88.0079, 49.9513], [-88.0081, 49.9482], [-87.9924, 49.9513], [-87.989, 49.9417], [-88.008, 49.9401], [-88.0179, 49.9358], [-88.0226, 49.9384], [-88.0349, 49.932], [-88.0385, 49.9352], [-88.0323, 49.9399], [-88.0401, 49.9409], [-88.0357, 49.945], [-88.0385, 49.9472], [-88.0462, 49.9442], [-88.0504, 49.9384], [-88.0736, 49.9341], [-88.0768, 49.9301], [-88.0694, 49.9277], [-88.0725, 49.9217], [-88.0658, 49.9205], [-88.0734, 49.9154], [-88.0701, 49.9107], [-88.0725, 49.9091], [-88.0826, 49.9111], [-88.0828, 49.916], [-88.0894, 49.9184], [-88.0883, 49.9205], [-88.0935, 49.9178], [-88.1191, 49.9204], [-88.1195, 49.9283], [-88.1299, 49.931], [-88.1408, 49.9241], [-88.1262, 49.9243], [-88.127, 49.9209], [-88.1819, 49.9109], [-88.1777, 49.9075], [-88.1812, 49.9032], [-88.1812, 49.8929], [-88.1718, 49.8944], [-88.1691, 49.8987], [-88.1648, 49.8972], [-88.1271, 49.9046], [-88.1199, 49.8946], [-88.0912, 49.8953], [-88.0861, 49.8911], [-88.0841, 49.8957], [-88.0752, 49.8955], [-88.0665, 49.8908], [-88.0609, 49.883], [-88.0796, 49.8796], [-88.0816, 49.8746], [-88.0899, 49.8702], [-88.0852, 49.8656], [-88.0875, 49.865], [-88.0807, 49.8641], [-88.0841, 49.8621], [-88.0691, 49.8552], [-88.0869, 49.8524], [-88.0953, 49.8572], [-88.0974, 49.8531], [-88.0913, 49.8469], [-88.0912, 49.8413], [-88.0863, 49.8418], [-88.0881, 49.8393], [-88.0823, 49.8376], [-88.0837, 49.8355], [-88.0728, 49.8311], [-88.0745, 49.8278], [-88.0798, 49.8295], [-88.0873, 49.8242], [-88.0833, 49.8186], [-88.0848, 49.8162], [-88.0815, 49.8147], [-88.0854, 49.8116], [-88.077, 49.807], [-88.0853, 49.8029], [-88.0829, 49.8004], [-88.0855, 49.7976], [-88.0908, 49.7985], [-88.089, 49.796], [-88.0937, 49.7959], [-88.0932, 49.7935], [-88.1119, 49.8017], [-88.1318, 49.7991], [-88.135, 49.7953], [-88.1313, 49.7944], [-88.1376, 49.791], [-88.1413, 49.7836], [-88.1405, 49.78], [-88.1332, 49.7767], [-88.1262, 49.7789], [-88.1296, 49.7757], [-88.1257, 49.7733], [-88.1263, 49.7698], [-88.1178, 49.7664], [-88.108, 49.7543], [-88.0968, 49.7489], [-88.1008, 49.7446], [-88.0914, 49.7463], [-88.0848, 49.7402], [-88.0856, 49.732], [-88.0939, 49.7299], [-88.0917, 49.7288], [-88.0934, 49.7228], [-88.0973, 49.72], [-88.0895, 49.7166], [-88.0904, 49.7107], [-88.1006, 49.7084], [-88.1058, 49.7035], [-88.105, 49.6942], [-88.098, 49.6909], [-88.0853, 49.6935], [-88.0821, 49.6911], [-88.083, 49.6873], [-88.0972, 49.679], [-88.1, 49.6715], [-88.105, 49.67], [-88.1103, 49.6624], [-88.094, 49.6631], [-88.0893, 49.652], [-88.0947, 49.6423], [-88.0898, 49.6329], [-88.1108, 49.6144], [-88.1299, 49.6133], [-88.1194, 49.6117], [-88.1271, 49.6064], [-88.1198, 49.6058], [-88.1186, 49.6032], [-88.1392, 49.5982], [-88.1252, 49.5963], [-88.1449, 49.5955], [-88.1566, 49.589], [-88.1634, 49.5812], [-88.1688, 49.5802], [-88.1633, 49.5782], [-88.1659, 49.5735], [-88.1569, 49.5775], [-88.1521, 49.575], [-88.1599, 49.5662], [-88.1582, 49.5642], [-88.1644, 49.5606], [-88.1571, 49.5591], [-88.1611, 49.5571], [-88.1576, 49.557], [-88.1598, 49.556], [-88.1577, 49.554], [-88.1658, 49.5502], [-88.1472, 49.5437], [-88.1518, 49.5379], [-88.1459, 49.535], [-88.1549, 49.5343], [-88.1458, 49.5298], [-88.1415, 49.5213], [-88.1448, 49.5209], [-88.1598, 49.5006], [-88.1584, 49.4927], [-88.1684, 49.4848], [-88.162, 49.4829], [-88.1625, 49.477], [-88.1567, 49.4696], [-88.1399, 49.4692], [-88.1393, 49.4633], [-88.134, 49.4601], [-88.1387, 49.4506], [-88.133, 49.4417], [-88.1358, 49.4362], [-88.1296, 49.433], [-88.1331, 49.4213], [-88.1296, 49.4185], [-88.1225, 49.4195], [-88.129, 49.4137], [-88.1272, 49.4093], [-88.1322, 49.3985], [-88.1309, 49.386], [-88.1387, 49.3717], [-88.1285, 49.3662], [-88.1329, 49.3535], [-88.1317, 49.3469], [-88.1348, 49.3438], [-88.12956712328766, 49.33529657534244], [-88.1382, 49.3459], [-88.1358, 49.3517], [-88.1385, 49.3648], [-88.1434, 49.37], [-88.1428, 49.3777], [-88.1406, 49.3775], [-88.1469, 49.3968], [-88.1453, 49.4016], [-88.1537, 49.4075], [-88.1489, 49.4129], [-88.1522, 49.4193], [-88.1478, 49.423], [-88.1575, 49.4276], [-88.1512, 49.4307], [-88.153, 49.4374], [-88.1729, 49.4535], [-88.173, 49.4577], [-88.182, 49.4643], [-88.1814, 49.4669], [-88.1897, 49.4626], [-88.1896, 49.4671], [-88.1939, 49.4636], [-88.21, 49.4637], [-88.2047, 49.4568], [-88.2127, 49.4539], [-88.2087, 49.4512], [-88.2078, 49.4454], [-88.2107, 49.4455], [-88.2156, 49.4368], [-88.2198, 49.4364], [-88.225, 49.4384], [-88.2221, 49.4414], [-88.227, 49.4458], [-88.2285, 49.4347], [-88.2345, 49.4384], [-88.2379, 49.4357], [-88.2426, 49.4415], [-88.2421, 49.4466], [-88.2367, 49.4485], [-88.2356, 49.4542], [-88.2483, 49.4447], [-88.257, 49.4466], [-88.2583, 49.4623], [-88.2624, 49.4672], [-88.2685, 49.4664], [-88.2727, 49.4584], [-88.2812, 49.457], [-88.2824, 49.4518], [-88.2867, 49.4503], [-88.2949, 49.4591], [-88.3005, 49.4578], [-88.3027, 49.4613], [-88.3323, 49.4669], [-88.3424, 49.4588], [-88.3455, 49.4427], [-88.3524, 49.4437], [-88.3576, 49.4138], [-88.3647, 49.4107], [-88.3724, 49.4019], [-88.3692, 49.399], [-88.3823, 49.3877], [-88.3934, 49.3664], [-88.3955, 49.3681], [-88.4027, 49.3621], [-88.4113, 49.3469], [-88.4135, 49.3463], [-88.4082, 49.3567], [-88.4158, 49.3477], [-88.4202, 49.3516], [-88.4261, 49.3505], [-88.4228, 49.3555], [-88.4251, 49.3584], [-88.4253, 49.3552], [-88.4348, 49.3524], [-88.4328, 49.3541], [-88.4408, 49.3572], [-88.4379, 49.3616], [-88.4423, 49.3624], [-88.4393, 49.3698], [-88.4441, 49.3719], [-88.4411, 49.376], [-88.4441, 49.3775], [-88.4423, 49.3847], [-88.4471, 49.384], [-88.445, 49.3883], [-88.4494, 49.3915], [-88.4443, 49.3972], [-88.4506, 49.3961], [-88.4417, 49.4045], [-88.4577, 49.3992], [-88.4651, 49.4008], [-88.475, 49.3959], [-88.4644, 49.4041], [-88.4709, 49.4129], [-88.4621, 49.4154], [-88.4669, 49.4167], [-88.4573, 49.4221], [-88.4574, 49.4293], [-88.4445, 49.4548], [-88.4489, 49.4558], [-88.4707, 49.4476], [-88.4712, 49.4441], [-88.4771, 49.4426], [-88.4839, 49.4354], [-88.4867, 49.4371], [-88.4928, 49.4339], [-88.5002, 49.4222], [-88.5078, 49.4249], [-88.5051, 49.4287], [-88.5099, 49.4297], [-88.4991, 49.4372], [-88.4995, 49.442], [-88.5031, 49.442], [-88.4981, 49.4455], [-88.4976, 49.4503], [-88.5048, 49.4495], [-88.5, 49.4535], [-88.5018, 49.4565], [-88.4971, 49.4628], [-88.5003, 49.4654], [-88.4941, 49.4675], [-88.4954, 49.473], [-88.49, 49.4826], [-88.4833, 49.5116], [-88.4922, 49.5081], [-88.4973, 49.5096], [-88.4992, 49.5146], [-88.4936, 49.5199], [-88.4969, 49.5222], [-88.5106, 49.5189], [-88.5111, 49.5233], [-88.5194, 49.5211], [-88.5197, 49.5292], [-88.5254, 49.5273], [-88.5212, 49.5383], [-88.5295, 49.5387], [-88.5198, 49.5433], [-88.5183, 49.5475], [-88.5219, 49.5493], [-88.5174, 49.5505], [-88.5154, 49.5554], [-88.5314, 49.5547], [-88.5477, 49.5657], [-88.5576, 49.5624], [-88.5623, 49.5572], [-88.5598, 49.542], [-88.5626, 49.5373], [-88.5571, 49.5361], [-88.5581, 49.5317], [-88.5521, 49.531], [-88.5544, 49.5244], [-88.5501, 49.5227], [-88.5553, 49.5113], [-88.5503, 49.5081], [-88.5552, 49.503], [-88.541, 49.5074], [-88.5377, 49.5048], [-88.5394, 49.5025], [-88.5271, 49.5011], [-88.5258, 49.4978], [-88.5342, 49.4929], [-88.527, 49.4809], [-88.5353, 49.4603], [-88.5235, 49.4623], [-88.5158, 49.458], [-88.5241, 49.4522], [-88.5381, 49.4495], [-88.5321, 49.447], [-88.5371, 49.443], [-88.5438, 49.4425], [-88.5452, 49.4452], [-88.5492, 49.4434], [-88.5445, 49.4422], [-88.5513, 49.4376], [-88.5684, 49.4352], [-88.5731, 49.4304], [-88.5781, 49.432], [-88.5761, 49.4281], [-88.5909, 49.422], [-88.596, 49.417], [-88.5985, 49.408], [-88.6228, 49.4034], [-88.6194, 49.4012], [-88.6349, 49.404], [-88.6503, 49.4093], [-88.6556, 49.4224], [-88.6541, 49.4142], [-88.657, 49.4102], [-88.6618, 49.4125], [-88.6672, 49.4106], [-88.6739, 49.4167], [-88.6784, 49.4159], [-88.6766, 49.4212], [-88.6887, 49.4221], [-88.6798, 49.4309], [-88.6907, 49.4302], [-88.6909, 49.4249], [-88.6915, 49.4289], [-88.6948, 49.4291], [-88.6931, 49.434], [-88.6958, 49.4369], [-88.703, 49.4327], [-88.6965, 49.4312], [-88.7, 49.4254], [-88.7117, 49.4256], [-88.7111, 49.416], [-88.7281, 49.4185], [-88.7309, 49.423], [-88.7398, 49.4269], [-88.7389, 49.4302], [-88.7446, 49.431], [-88.7398, 49.4353], [-88.756, 49.4323], [-88.7707, 49.4407], [-88.7507, 49.4543], [-88.7515, 49.4575], [-88.7458, 49.4649], [-88.7491, 49.4659], [-88.7475, 49.4707], [-88.757, 49.4698], [-88.7548, 49.4683], [-88.7633, 49.4618], [-88.7608, 49.4592], [-88.7753, 49.4511], [-88.7826, 49.4505], [-88.7969, 49.4586], [-88.7959, 49.4651], [-88.8023, 49.4682], [-88.8091, 49.4785], [-88.7835, 49.492], [-88.782, 49.4966], [-88.7639, 49.5018], [-88.7376, 49.5202], [-88.7372, 49.5244], [-88.7451, 49.527], [-88.7323, 49.5379], [-88.7313, 49.543], [-88.7394, 49.5427], [-88.7412, 49.553], [-88.7346, 49.56], [-88.73, 49.557], [-88.7244, 49.5582], [-88.7251, 49.5727], [-88.7177, 49.5805], [-88.721, 49.5831], [-88.7151, 49.5903], [-88.7074, 49.5895], [-88.7032, 49.5734], [-88.6895, 49.575], [-88.6827, 49.5774], [-88.6801, 49.5842], [-88.6618, 49.5865], [-88.6617, 49.5926], [-88.6687, 49.604], [-88.6667, 49.6075], [-88.6598, 49.6005], [-88.6559, 49.6022], [-88.6577, 49.6089], [-88.6504, 49.6092], [-88.6507, 49.6125], [-88.6444, 49.6098], [-88.6407, 49.6132], [-88.6389, 49.6107], [-88.6343, 49.6133], [-88.6325, 49.6115], [-88.6417, 49.6062], [-88.6475, 49.6064], [-88.6462, 49.5951], [-88.6402, 49.5878], [-88.633, 49.5926], [-88.6299, 49.586], [-88.6254, 49.5894], [-88.6275, 49.593], [-88.6185, 49.5926], [-88.621, 49.5853], [-88.6165, 49.5825], [-88.6184, 49.58], [-88.6069, 49.577], [-88.6037, 49.5831], [-88.6016, 49.5791], [-88.5986, 49.5794], [-88.6003, 49.587], [-88.5945, 49.5876], [-88.594, 49.5836], [-88.5922, 49.5872], [-88.582, 49.5902], [-88.58, 49.5829], [-88.5839, 49.5825], [-88.5863, 49.5764], [-88.5834, 49.573], [-88.57, 49.5797], [-88.5667, 49.5926], [-88.5687, 49.595], [-88.5648, 49.5979], [-88.5678, 49.6055], [-88.5593, 49.6092], [-88.5587, 49.6224], [-88.5703, 49.6233], [-88.5698, 49.6275], [-88.5789, 49.6334], [-88.5785, 49.641], [-88.6039, 49.6419], [-88.6016, 49.6378], [-88.61, 49.6296], [-88.6089, 49.6378], [-88.5966, 49.6485], [-88.5985, 49.65], [-88.6282, 49.6341], [-88.6385, 49.6386], [-88.6407, 49.6276], [-88.6518, 49.6321], [-88.6548, 49.6279], [-88.652, 49.6236], [-88.6542, 49.619], [-88.6634, 49.626], [-88.6702, 49.6247], [-88.6768, 49.6174], [-88.6765, 49.6131], [-88.6917, 49.6059], [-88.6916, 49.6023], [-88.7009, 49.6032], [-88.7103, 49.5917], [-88.7151, 49.594], [-88.7093, 49.6048], [-88.7134, 49.6063], [-88.7179, 49.6025], [-88.7157, 49.6059], [-88.7206, 49.6096], [-88.721, 49.6188], [-88.7247, 49.6216], [-88.7219, 49.628], [-88.7295, 49.6292], [-88.7248, 49.6314], [-88.731, 49.6313], [-88.7377, 49.6491], [-88.7391, 49.6404], [-88.7551, 49.626], [-88.7495, 49.6238], [-88.7458, 49.6162], [-88.7476, 49.6099], [-88.7565, 49.6058], [-88.7557, 49.5983], [-88.7588, 49.5921], [-88.7549, 49.5876], [-88.7498, 49.5905], [-88.7546, 49.581], [-88.7441, 49.5771], [-88.7407, 49.5716], [-88.7412, 49.5648], [-88.7436, 49.5652], [-88.7452, 49.5759], [-88.7518, 49.5768], [-88.7516, 49.5716], [-88.7615, 49.5704], [-88.7698, 49.5607], [-88.7682, 49.554], [-88.7755, 49.5536], [-88.7944, 49.5306], [-88.8084, 49.529], [-88.8075, 49.5352], [-88.8194, 49.5383], [-88.8194, 49.5347], [-88.8316, 49.5309], [-88.8317, 49.5269], [-88.8388, 49.5194], [-88.8507, 49.5143], [-88.8791, 49.5065], [-88.92, 49.501], [-88.9447, 49.4928], [-88.9559, 49.4852], [-88.9679, 49.4547], [-88.9721, 49.4553], [-88.9708, 49.4496], [-88.9743, 49.4484], [-88.9726, 49.4632], [-88.9696, 49.4654], [-88.9693, 49.4577], [-88.9607, 49.4752], [-88.9643, 49.4713], [-88.9663, 49.485], [-88.9694, 49.4836], [-88.9694, 49.4893], [-88.9793, 49.4942], [-88.974, 49.4978], [-88.9767, 49.5024], [-88.9822, 49.5034], [-88.9765, 49.5089], [-88.982, 49.5109], [-88.9825, 49.514], [-88.9757, 49.5165], [-88.976, 49.5191], [-88.9825, 49.5211], [-88.9794, 49.5273], [-88.9885, 49.5401], [-88.9875, 49.5432], [-88.9953, 49.5462], [-88.9938, 49.538], [-89.0032, 49.5368], [-89.0, 49.5296], [-89.006, 49.5267], [-89.0083, 49.5197], [-89.0116, 49.5225], [-89.0234, 49.5222], [-89.0366, 49.5321], [-89.0369, 49.539], [-89.0333, 49.5422], [-89.0445, 49.5502], [-89.045, 49.5633], [-89.0398, 49.5692], [-89.0562, 49.5703], [-89.0625, 49.5826], [-89.0523, 49.5924], [-89.0383, 49.593], [-89.0368, 49.6005], [-89.0305, 49.6], [-89.0279, 49.5941], [-89.0213, 49.5939], [-89.0065, 49.5838], [-89.00304207317073, 49.58715108093126], [-88.9973, 49.5808], [-88.9964, 49.5725], [-88.981, 49.5463], [-88.9681, 49.5403]]]]}}, {"type": "Feature", "properties": {"id": "on-wmu-77", "wmu_id": "26", "name": "26", "province": "ON", "source": "Ontario LIO \u2014 Wildlife Management Unit"}, "geometry": {"type": "Polygon", "coordinates": [[[-81.5654, 49.8821], [-81.5727, 49.8945], [-81.5694, 49.8969], [-81.5707, 49.9077], [-81.5663, 49.9168], [-81.5677, 49.9216], [-81.5449, 49.933], [-81.5471, 49.9402], [-81.5252, 49.9553], [-81.5228, 49.9681], [-81.5334, 49.9753], [-81.5358, 49.9865], [-81.5466, 49.9962], [-81.5368, 50.0099], [-81.559, 50.024], [-81.5645, 50.0408], [-81.5809, 50.0656], [-81.5834, 50.0727], [-81.5792, 50.0843], [-81.5986, 50.0917], [-81.5968, 50.099], [-81.6018, 50.1094], [-81.6015, 50.1182], [-81.6141, 50.13], [-81.6112, 50.1436], [-81.6133, 50.1534], [-81.6211, 50.1645], [-81.6221, 50.1735], [-81.6285, 50.181], [-81.6374, 50.1815], [-81.6336, 50.1835], [-81.6436, 50.2103], [-81.6663, 50.2193], [-81.657, 50.234], [-81.6616, 50.241], [-81.6582, 50.2467], [-81.6642, 50.2541], [-81.6629, 50.2586], [-81.6467, 50.2675], [-81.6356, 50.2798], [-81.6364, 50.2884], [-81.6278, 50.2957], [-81.6231, 50.305], [-81.6223, 50.3179], [-81.6, 50.331], [-81.5805, 50.3529], [-81.5884, 50.373], [-81.58, 50.3859], [-81.5657, 50.3971], [-81.5702, 50.4156], [-81.568, 50.423], [-81.5453, 50.4503], [-81.5406, 50.4522], [-81.5559, 50.4674], [-81.5549, 50.4716], [-81.5236, 50.4861], [-81.5237, 50.4903], [-81.5006, 50.5231], [-81.4906, 50.528], [-81.4756, 50.5293], [-81.4636, 50.5462], [-81.4497, 50.5539], [-81.4414, 50.567], [-81.4239, 50.5789], [-81.4204, 50.5828], [-81.4189, 50.5936], [-81.4107, 50.6011], [-81.3956, 50.6247], [-81.3762, 50.6385], [-81.3737, 50.6516], [-81.3281, 50.6759], [-81.3131, 50.698], [-81.2569, 50.74], [-81.2456, 50.7542], [-81.2278, 50.7634], [-81.1982, 50.7909], [-81.1909, 50.8042], [-81.1635, 50.8274], [-81.1402, 50.8341], [-81.1197, 50.8447], [-81.0899, 50.8713], [-81.0549, 50.888], [-81.0157, 50.9182], [-81.0052, 50.9224], [-80.9894, 50.9433], [-80.9806, 50.963], [-80.9714, 50.9656], [-80.935, 51.0055], [-80.8872, 51.0465], [-80.8858, 51.0646], [-80.8975, 51.0759], [-80.8837, 51.0832], [-80.8337, 51.1317], [-80.8156, 51.1329], [-80.8198, 51.1337], [-80.8002, 51.1436], [-80.7775, 51.1494], [-80.7526, 51.1451], [-80.7594, 51.1419], [-80.7388, 51.1457], [-80.7242, 51.1448], [-80.7151, 51.1516], [-80.6864, 51.1622], [-80.6543, 51.1869], [-80.6479, 51.193], [-80.6487, 51.197], [-80.6308, 51.2128], [-80.6103, 51.2194], [-80.6186, 51.2092], [-80.6146, 51.2107], [-80.5895, 51.2411], [-80.5635, 51.2575], [-80.5622, 51.2601], [-80.5723, 51.2552], [-80.5659, 51.2627], [-80.5544, 51.2676], [-80.5547, 51.2647], [-80.5447, 51.2739], [-80.5071, 51.2913], [-80.4408, 51.3092], [-80.395, 51.33], [-80.3842, 51.3394], [-80.3398, 51.3298], [-80.3317, 51.3249], [-80.331, 51.3276], [-80.3216, 51.3253], [-80.3183, 51.324], [-80.3202, 51.3181], [-80.3129, 51.3165], [-80.307, 51.3189], [-80.2921, 51.3142], [-80.2925, 51.3085], [-80.2765, 51.3107], [-80.2118, 51.2964], [-80.1779, 51.2928], [-80.1327, 51.2896], [-80.1164, 51.2919], [-80.0982, 51.2778], [-80.0796, 51.273], [-80.06, 51.2587], [-80.0225, 51.2549], [-79.9902, 51.2439], [-79.9458, 51.2063], [-79.9477, 51.2038], [-79.8877, 51.1678], [-79.855, 51.1616], [-79.7991, 51.1572], [-79.7859, 51.1684], [-79.7894, 51.1753], [-79.7809, 51.1769], [-79.7749, 51.1741], [-79.7691, 51.1792], [-79.7708, 51.1817], [-79.7542, 51.1843], [-79.7472, 51.1891], [-79.7492, 51.1916], [-79.7471, 51.1973], [-79.734, 51.2191], [-79.7209, 51.2313], [-79.7194, 51.229], [-79.7106, 51.2313], [-79.7115, 51.237], [-79.707, 51.2391], [-79.7075, 51.2452], [-79.6912, 51.2683], [-79.6869, 51.2803], [-79.6955, 51.2888], [-79.694, 51.2918], [-79.7012, 51.2917], [-79.7167, 51.2983], [-79.7326, 51.3122], [-79.7446, 51.3295], [-79.7386, 51.3381], [-79.7419, 51.3424], [-79.7419, 51.3514], [-79.7365, 51.3531], [-79.7357, 51.3569], [-79.7281, 51.3552], [-79.7259, 51.3575], [-79.7326, 51.3643], [-79.7314, 51.3665], [-79.736, 51.3667], [-79.7349, 51.3709], [-79.714, 51.3821], [-79.7078, 51.3807], [-79.7126, 51.369], [-79.7084, 51.3642], [-79.7121, 51.3603], [-79.7157, 51.3629], [-79.7142, 51.3582], [-79.7226, 51.3531], [-79.7164, 51.3514], [-79.7123, 51.3453], [-79.7081, 51.3478], [-79.7034, 51.3597], [-79.6992, 51.3609], [-79.6741, 51.3436], [-79.6724, 51.3523], [-79.6817, 51.3629], [-79.6884, 51.3774], [-79.6827, 51.3902], [-79.6734, 51.3951], [-79.6862, 51.3973], [-79.6798, 51.4017], [-79.6816, 51.4037], [-79.6728, 51.4005], [-79.6596, 51.405], [-79.645, 51.3991], [-79.6358, 51.4049], [-79.6331, 51.4144], [-79.6181, 51.4136], [-79.6111, 51.4162], [-79.6016, 51.4322], [-79.5927, 51.4308], [-79.5898, 51.4353], [-79.5786, 51.4405], [-79.5728, 51.4576], [-79.5687, 51.4594], [-79.574, 51.4659], [-79.5647, 51.4646], [-79.5546, 51.4584], [-79.5337, 51.4566], [-79.5164, 51.4603], [-79.5171, 49.4923], [-79.5236, 49.4861], [-79.5271, 49.4735], [-79.5365, 49.4659], [-79.5431, 49.4628], [-79.5649, 49.4661], [-79.5686, 49.4605], [-79.5753, 49.4591], [-79.5833, 49.4629], [-79.6016, 49.4601], [-79.6105, 49.4621], [-79.6234, 49.4731], [-79.637, 49.4691], [-79.6491, 49.4718], [-79.6545, 49.4678], [-79.6734, 49.4678], [-79.6979, 49.4604], [-79.6971, 49.4563], [-79.7042, 49.4522], [-79.7224, 49.4481], [-79.7408, 49.4488], [-79.74, 49.4452], [-79.7543, 49.4359], [-79.7869, 49.4261], [-79.7909, 49.421], [-79.7871, 49.417], [-79.7964, 49.4154], [-79.8111, 49.419], [-79.8189, 49.4136], [-79.8263, 49.4141], [-79.8263, 49.4005], [-79.8335, 49.3913], [-79.852, 49.3881], [-79.8526, 49.3847], [-79.8583, 49.3822], [-79.865, 49.3833], [-79.8648, 49.378], [-79.8777, 49.3699], [-79.8782, 49.3667], [-79.8744, 49.3645], [-79.8797, 49.3587], [-79.875, 49.3551], [-79.881, 49.3534], [-79.8789, 49.349], [-79.8827, 49.3456], [-79.8763, 49.3397], [-79.8792, 49.337], [-79.8792, 49.3281], [-79.8753, 49.3256], [-79.8791, 49.3219], [-79.8748, 49.3195], [-80.7926, 49.3192], [-80.7889, 49.3024], [-80.8122, 49.29], [-80.816, 49.3001], [-80.8246, 49.3034], [-80.8271, 49.3007], [-80.8236, 49.2967], [-80.8252, 49.289], [-80.8472, 49.2849], [-80.8439, 49.276], [-80.8472, 49.2746], [-80.8454, 49.2649], [-80.8495, 49.2624], [-80.8476, 49.2588], [-80.8526, 49.2508], [-80.8501, 49.2441], [-80.8537, 49.2406], [-80.854, 49.2303], [-80.8578, 49.2275], [-80.8589, 49.2301], [-80.8634, 49.2294], [-80.8606, 49.2269], [-80.8634, 49.2267], [-80.8707, 49.2419], [-80.8803, 49.2456], [-80.8811, 49.2599], [-80.9171, 49.2695], [-80.9321, 49.2793], [-80.9346, 49.2851], [-80.9385, 49.278], [-80.9506, 49.2798], [-80.9549, 49.2891], [-80.9589, 49.2893], [-80.9568, 49.2959], [-80.9771, 49.3037], [-80.9785, 49.3154], [-80.9846, 49.3189], [-80.9965, 49.3367], [-81.004, 49.3377], [-81.0209, 49.3311], [-81.0379, 49.3345], [-81.0392, 49.3464], [-81.0355, 49.353], [-81.0469, 49.3654], [-81.0501, 49.4008], [-81.0956, 49.4303], [-81.1005, 49.4474], [-81.1609, 49.4582], [-81.2099, 49.4795], [-81.2274, 49.4807], [-81.3171, 49.5299], [-81.3225, 49.5362], [-81.346, 49.5377], [-81.3602, 49.548], [-81.3789, 49.5529], [-81.3767, 49.5592], [-81.3679, 49.556], [-81.3765, 49.5599], [-81.374, 49.5602], [-81.3743, 49.5741], [-81.3827, 49.5822], [-81.3723, 49.5966], [-81.3845, 49.6092], [-81.3824, 49.6176], [-81.4079, 49.6397], [-81.4123, 49.6541], [-81.4331, 49.6787], [-81.4339, 49.6858], [-81.4295, 49.698], [-81.4471, 49.7218], [-81.47, 49.7345], [-81.4771, 49.7448], [-81.4947, 49.7538], [-81.4947, 49.7622], [-81.4828, 49.7838], [-81.4883, 49.7971], [-81.4884, 49.8077], [-81.5088, 49.8095], [-81.5285, 49.8158], [-81.5269, 49.8245], [-81.5303, 49.8253], [-81.5301, 49.8339], [-81.5385, 49.8369], [-81.5383, 49.8435], [-81.5527, 49.8512], [-81.5575, 49.8582], [-81.5569, 49.8609], [-81.5458, 49.8629], [-81.5386, 49.8572], [-81.5441, 49.8647], [-81.5448, 49.8772], [-81.5466, 49.8656], [-81.5654, 49.8821]]]}}, {"type": "Feature", "properties": {"id": "on-wmu-78", "wmu_id": "70", "name": "70", "province": "ON", "source": "Ontario LIO \u2014 Wildlife Management Unit"}, "geometry": {"type": "Polygon", "coordinates": [[[-77.057, 44.1515], [-77.0509, 44.1805], [-77.0591, 44.1853], [-77.0926, 44.1714], [-77.1674, 44.1532], [-77.3578, 44.1516], [-77.3827, 44.1461], [-77.4281, 44.1274], [-77.482, 44.1144], [-77.516, 44.1007], [-77.5599, 44.0778], [-77.5704, 44.0788], [-77.5804, 44.0503], [-77.5955, 44.0351], [-77.6124, 44.0082], [-77.7574, 43.6311], [-76.7967, 43.6311], [-76.5572, 43.9419], [-76.8432, 44.1312], [-76.8733, 44.1108], [-76.8915, 44.1089], [-76.9585, 44.0601], [-76.9741, 44.0604], [-77.0153, 44.0461], [-77.0566, 44.0454], [-77.0891, 44.0497], [-77.0983, 44.0559], [-77.0816, 44.0856], [-77.0691, 44.0963], [-77.0741, 44.1095], [-77.0702, 44.1161], [-77.0646, 44.1465], [-77.057, 44.1515]]]}}, {"type": "Feature", "properties": {"id": "on-wmu-79", "wmu_id": "77C", "name": "77C", "province": "ON", "source": "Ontario LIO \u2014 Wildlife Management Unit"}, "geometry": {"type": "Polygon", "coordinates": [[[-79.8124, 44.0373], [-79.8065, 44.0186], [-79.811, 44.0072], [-79.8043, 43.9986], [-79.8037, 43.9836], [-79.6571, 44.0159], [-79.6583, 44.0204], [-79.6495, 44.0177], [-79.6444, 44.0229], [-79.6369, 44.0206], [-79.6297, 44.0263], [-79.6199, 44.0279], [-79.6179, 44.0328], [-79.6129, 44.033], [-79.6148, 44.0375], [-79.6123, 44.0402], [-79.6151, 44.0426], [-79.6122, 44.0445], [-79.6156, 44.0468], [-79.5988, 44.048], [-79.5956, 44.0525], [-79.5725, 44.0649], [-79.5677, 44.0718], [-79.557, 44.0756], [-79.5533, 44.0868], [-79.5575, 44.0875], [-79.5573, 44.0905], [-79.5503, 44.0954], [-79.5433, 44.12], [-79.5464, 44.1264], [-79.544, 44.1279], [-79.5453, 44.1376], [-79.5407, 44.1469], [-79.5259, 44.1529], [-79.5165, 44.1658], [-79.5176, 44.1732], [-79.5143, 44.1758], [-79.5182, 44.184], [-79.5149, 44.192], [-79.5197, 44.1981], [-79.5157, 44.2025], [-79.4995, 44.4172], [-79.6903, 44.3746], [-79.6971, 44.3647], [-79.7001, 44.3514], [-79.7299, 44.3018], [-79.7231, 44.2749], [-79.7303, 44.2419], [-79.7268, 44.223], [-79.7126, 44.2125], [-79.7128, 44.2052], [-79.7059, 44.1957], [-79.7063, 44.19], [-79.7202, 44.1729], [-79.7404, 44.1583], [-79.7786, 44.138], [-79.7926, 44.1136], [-79.7893, 44.0903], [-79.8117, 44.0463], [-79.8124, 44.0373]]]}}, {"type": "Feature", "properties": {"id": "on-wmu-80", "wmu_id": "71", "name": "71", "province": "ON", "source": "Ontario LIO \u2014 Wildlife Management Unit"}, "geometry": {"type": "Polygon", "coordinates": [[[-77.9561, 44.308], [-77.9514, 44.2957], [-77.9431, 44.2895], [-77.9342, 44.2707], [-77.9113, 44.206], [-77.8893, 44.1976], [-77.8684, 44.1427], [-77.8736, 44.1305], [-77.8966, 44.1119], [-77.9219, 44.1058], [-77.9388, 44.0923], [-77.9173, 44.0657], [-77.9003, 44.0188], [-77.8929, 44.0149], [-77.888, 44.005], [-77.8953, 44.0096], [-77.9107, 44.0072], [-77.7574, 43.6311], [-77.6124, 44.0082], [-77.5955, 44.0351], [-77.5804, 44.0503], [-77.5664, 44.0889], [-77.5714, 44.1011], [-77.5873, 44.1089], [-77.5915, 44.1147], [-77.5898, 44.1206], [-77.5927, 44.1302], [-77.5823, 44.1444], [-77.5809, 44.1516], [-77.593, 44.1882], [-77.5908, 44.1949], [-77.5967, 44.2156], [-77.591, 44.231], [-77.573, 44.2463], [-77.5693, 44.2674], [-77.579, 44.2696], [-77.5894, 44.268], [-77.5935, 44.264], [-77.6073, 44.2636], [-77.6155, 44.2535], [-77.6401, 44.2482], [-77.6528, 44.2568], [-77.6716, 44.2583], [-77.6808, 44.2639], [-77.693, 44.2588], [-77.7182, 44.2596], [-77.7461, 44.2379], [-77.7887, 44.2281], [-77.8062, 44.2458], [-77.8166, 44.2516], [-77.805, 44.2617], [-77.8059, 44.2654], [-77.796, 44.279], [-77.8023, 44.2954], [-77.802, 44.3046], [-77.7964, 44.3128], [-77.7725, 44.3292], [-77.7769, 44.3439], [-77.7732, 44.3566], [-77.7658, 44.3643], [-77.7796, 44.3759], [-77.8088, 44.3798], [-77.8078, 44.3935], [-77.8229, 44.3972], [-77.8282, 44.3964], [-77.8287, 44.3919], [-77.8376, 44.3863], [-77.8377, 44.3789], [-77.8558, 44.3812], [-77.8538, 44.3929], [-77.8875, 44.3932], [-77.8968, 44.3819], [-77.8986, 44.3673], [-77.9123, 44.3432], [-77.9295, 44.3266], [-77.94, 44.3234], [-77.9561, 44.308]]]}}, {"type": "Feature", "properties": {"id": "on-wmu-81", "wmu_id": "78E", "name": "78E", "province": "ON", "source": "Ontario LIO \u2014 Wildlife Management Unit"}, "geometry": {"type": "Polygon", "coordinates": [[[-79.8888, 43.6749], [-79.7879, 43.6005], [-79.7988, 43.5976], [-79.8084, 43.5901], [-79.7225, 43.5264], [-79.6974, 43.5083], [-79.6817, 43.5228], [-79.6251, 43.4812], [-79.1342, 43.4742], [-78.7048, 43.6261], [-78.7965, 43.8671], [-78.8751, 44.0474], [-79.22, 43.9709], [-79.222, 43.977], [-79.3984, 43.9391], [-79.6179, 43.8905], [-79.618, 43.8866], [-79.6227, 43.8851], [-79.6327, 43.8835], [-79.6372, 43.8864], [-79.7089, 43.871], [-79.6958, 43.8487], [-79.6978, 43.846], [-79.7747, 43.7799], [-79.8888, 43.6749]]]}}, {"type": "Feature", "properties": {"id": "on-wmu-82", "wmu_id": "88", "name": "88", "province": "ON", "source": "Ontario LIO \u2014 Wildlife Management Unit"}, "geometry": {"type": "Polygon", "coordinates": [[[-79.9273, 43.2106], [-79.6583, 43.1441], [-79.6483, 43.1628], [-79.5121, 43.1326], [-79.3919, 43.1362], [-79.3907, 43.1147], [-79.3394, 43.1167], [-79.3288, 43.1114], [-79.3085, 43.1128], [-79.2955, 43.1085], [-79.3035, 43.0994], [-79.3127, 43.0952], [-79.3128, 43.0887], [-79.3173, 43.0841], [-79.3171, 43.0791], [-79.3081, 43.0748], [-79.3119, 43.0712], [-79.311, 43.0434], [-79.2882, 43.0441], [-79.21, 43.0764], [-79.2123, 43.0392], [-79.2112, 43.0284], [-79.2061, 43.0283], [-79.2003, 43.0406], [-79.1846, 43.0355], [-79.1743, 43.0422], [-79.1465, 43.041], [-79.1345, 43.0481], [-79.1067, 43.0446], [-79.0963, 43.0485], [-79.0717, 43.0475], [-79.0327, 43.0705], [-79.0741, 43.0779], [-79.0754, 43.0816], [-79.0662, 43.0913], [-79.0579, 43.1071], [-79.0601, 43.1139], [-79.0697, 43.1203], [-79.0541, 43.1294], [-79.0437, 43.1384], [-79.0423, 43.1437], [-79.0467, 43.1624], [-79.0533, 43.1739], [-79.0487, 43.2002], [-79.0566, 43.2103], [-79.0531, 43.2235], [-79.0559, 43.2547], [-79.0704, 43.2624], [-79.2007, 43.4505], [-79.5928, 43.296], [-79.7911, 43.3018], [-79.8017, 43.2969], [-79.8044, 43.3], [-79.8002, 43.3029], [-79.8047, 43.3106], [-79.8122, 43.3133], [-79.8484, 43.3007], [-79.8682, 43.2864], [-79.8743, 43.2868], [-79.8833, 43.2805], [-79.8817, 43.2839], [-79.8862, 43.2842], [-79.8877, 43.2893], [-79.8935, 43.2737], [-79.8967, 43.2762], [-79.8987, 43.2742], [-79.9273, 43.2106]]]}}, {"type": "Feature", "properties": {"id": "on-wmu-83", "wmu_id": "90B", "name": "90B", "province": "ON", "source": "Ontario LIO \u2014 Wildlife Management Unit"}, "geometry": {"type": "Polygon", "coordinates": [[[-80.8078, 42.279], [-80.0799, 42.3936], [-79.9443, 42.446], [-80.0432, 42.5488], [-80.2565, 42.7535], [-80.2598, 42.7599], [-80.2774, 42.7645], [-80.3718, 43.0158], [-80.365, 43.0321], [-80.3692, 43.0562], [-80.3493, 43.0932], [-80.385, 43.1816], [-80.3896, 43.1856], [-80.3871, 43.1876], [-80.6213, 43.1479], [-80.7771, 43.1272], [-80.9939, 43.0597], [-80.9803, 43.0484], [-80.8951, 43.0403], [-80.8885, 43.0432], [-80.8801, 43.036], [-80.8666, 43.0372], [-80.836, 43.0135], [-80.831, 43.0003], [-80.8116, 42.9827], [-80.7674, 42.9269], [-80.7548, 42.8864], [-80.7265, 42.8594], [-80.7183, 42.8601], [-80.7346, 42.8209], [-80.7351, 42.8101], [-80.7571, 42.781], [-80.7652, 42.7643], [-80.7831, 42.7441], [-80.7843, 42.6835], [-80.7923, 42.6765], [-80.7848, 42.6706], [-80.7995, 42.662], [-80.8002, 42.6523], [-80.8066, 42.6481], [-80.8078, 42.279]]]}}, {"type": "Feature", "properties": {"id": "on-wmu-84", "wmu_id": "34", "name": "34", "province": "ON", "source": "Ontario LIO \u2014 Wildlife Management Unit"}, "geometry": {"type": "Polygon", "coordinates": [[[-85.8348, 47.301], [-84.6459, 47.2388], [-84.6422, 47.2359], [-84.6437, 47.2342], [-84.6361, 47.2306], [-84.6349, 47.2252], [-84.6414, 47.2201], [-84.6383, 47.2158], [-84.6203, 47.2143], [-84.6099, 47.2097], [-84.6022, 47.2116], [-84.5985, 47.2223], [-84.5867, 47.233], [-84.5837, 47.2404], [-84.5708, 47.2476], [-84.5582, 47.2436], [-84.5181, 47.2505], [-84.5085, 47.26], [-84.4804, 47.2718], [-84.4459, 47.2645], [-84.4396, 47.2667], [-84.4353, 47.2709], [-84.4378, 47.2765], [-84.4321, 47.2881], [-84.4243, 47.2907], [-84.4313, 47.2952], [-84.4294, 47.3233], [-84.4386, 47.3416], [-84.4585, 47.3591], [-84.469, 47.3775], [-84.4675, 47.3837], [-84.4825, 47.4148], [-84.4841, 47.439], [-84.4901, 47.4556], [-84.4891, 47.49], [-84.4918, 47.505], [-84.4872, 47.5104], [-84.4937, 47.5259], [-84.4911, 47.5469], [-84.4946, 47.5576], [-84.5011, 47.5606], [-84.504, 47.5733], [-84.5022, 47.5773], [-84.5066, 47.5815], [-84.5076, 47.5906], [-84.5007, 47.6059], [-84.5061, 47.6182], [-84.501, 47.6261], [-84.5037, 47.6504], [-84.5013, 47.6744], [-84.4935, 47.6886], [-84.4951, 47.6953], [-84.5076, 47.7018], [-84.5091, 47.7231], [-84.5132, 47.7262], [-84.5084, 47.7359], [-84.5079, 47.7564], [-84.5145, 47.7617], [-84.5111, 47.7831], [-84.5144, 47.7896], [-84.5151, 47.813], [-84.5179, 47.8207], [-84.5273, 47.8265], [-84.5278, 47.8456], [-84.5251, 47.8504], [-84.5292, 47.8561], [-84.5382, 47.8561], [-84.5436, 47.8613], [-84.5312, 47.868], [-84.5287, 47.8725], [-84.5305, 47.8768], [-84.5421, 47.8837], [-84.5456, 47.8912], [-84.5348, 47.9036], [-84.5406, 47.9125], [-84.5406, 47.9248], [-84.5436, 47.9296], [-84.5428, 47.9255], [-84.5547, 47.9197], [-84.578, 47.9197], [-84.6185, 47.9129], [-84.6381, 47.9053], [-84.6575, 47.9042], [-84.6839, 47.9051], [-84.6924, 47.9095], [-84.7166, 47.9061], [-84.7403, 47.9109], [-84.7595, 47.9094], [-84.7657, 47.9159], [-84.7723, 47.917], [-84.7688, 47.9109], [-84.7722, 47.9103], [-84.7763, 47.9122], [-84.7768, 47.919], [-84.7829, 47.9175], [-84.7892, 47.9204], [-84.7852, 47.9248], [-84.7876, 47.9263], [-84.7923, 47.9254], [-84.7951, 47.9145], [-84.8059, 47.9229], [-84.8094, 47.9213], [-84.8088, 47.9174], [-84.8141, 47.9158], [-84.8221, 47.9222], [-84.832, 47.9205], [-84.8279, 47.9272], [-84.8309, 47.9356], [-84.8498, 47.9339], [-85.8348, 47.301]]]}}, {"type": "Feature", "properties": {"id": "on-wmu-85", "wmu_id": "28", "name": "28", "province": "ON", "source": "Ontario LIO \u2014 Wildlife Management Unit"}, "geometry": {"type": "Polygon", "coordinates": [[[-80.6355, 48.7003], [-80.6206, 48.688], [-80.6105, 48.684], [-80.6091, 48.6787], [-80.5972, 48.6674], [-80.559, 48.6391], [-80.5611, 48.6315], [-80.5559, 48.6215], [-80.5432, 48.6135], [-80.539, 48.6058], [-80.5399, 48.5997], [-80.5326, 48.5955], [-80.5303, 48.588], [-80.5142, 48.5812], [-80.51, 48.5694], [-80.5243, 48.558], [-80.5251, 48.5527], [-80.5316, 48.5497], [-80.531, 48.5461], [-80.5375, 48.5399], [-80.5381, 48.537], [-80.5338, 48.5351], [-80.5359, 48.5273], [-80.5338, 48.5255], [-80.5467, 48.5248], [-80.5566, 48.5177], [-80.5622, 48.519], [-80.5753, 48.5103], [-80.576, 48.5033], [-80.5929, 48.4975], [-80.5972, 48.493], [-80.5963, 48.4879], [-80.5886, 48.4835], [-80.5948, 48.4802], [-80.5895, 48.4752], [-80.5951, 48.4721], [-80.5947, 48.469], [-80.5842, 48.4633], [-80.5766, 48.4643], [-80.5724, 48.4595], [-80.5729, 48.4554], [-80.5698, 48.4548], [-80.5734, 48.4503], [-80.5689, 48.4408], [-80.5731, 48.4368], [-80.5692, 48.4337], [-80.5717, 48.4318], [-80.5698, 48.4151], [-80.5769, 48.4065], [-80.5761, 48.4033], [-80.5823, 48.4014], [-80.586, 48.3843], [-80.5947, 48.3788], [-80.5938, 48.3735], [-80.5849, 48.3699], [-80.5905, 48.3595], [-80.5846, 48.3573], [-80.591, 48.3549], [-80.5893, 48.3492], [-80.5935, 48.3483], [-80.5888, 48.3451], [-80.5941, 48.3433], [-80.5969, 48.3345], [-80.6054, 48.3352], [-80.6085, 48.3314], [-80.6022, 48.3207], [-80.6079, 48.3118], [-80.5926, 48.3086], [-80.5932, 48.3048], [-80.5885, 48.3022], [-80.58, 48.3052], [-80.578, 48.3026], [-80.5626, 48.3048], [-80.5536, 48.3015], [-80.5554, 48.2994], [-80.5478, 48.2975], [-80.5382, 48.2838], [-80.5427, 48.2539], [-80.5728, 48.2524], [-80.5771, 48.2425], [-80.5757, 48.2287], [-80.5565, 48.211], [-80.5495, 48.1877], [-80.5444, 48.1827], [-80.5445, 48.1738], [-80.5288, 48.1677], [-80.5232, 48.1597], [-80.5135, 48.1538], [-80.476, 48.1504], [-80.4363, 48.1314], [-80.4381, 48.1233], [-80.4474, 48.1168], [-80.4481, 48.1034], [-80.4601, 48.0989], [-80.4532, 48.0968], [-80.4513, 48.0911], [-80.4322, 48.082], [-80.4291, 48.0742], [-80.4227, 48.0762], [-80.4239, 48.0686], [-80.421, 48.0686], [-80.42, 48.0643], [-80.4146, 48.0656], [-80.404, 48.0578], [-80.3983, 48.0578], [-80.3973, 48.0536], [-80.3913, 48.053], [-80.3911, 48.041], [-80.3873, 48.0396], [-80.3868, 48.0313], [-80.3803, 48.0246], [-80.3833, 48.0214], [-80.379, 48.0182], [-80.3814, 48.0149], [-80.3727, 48.0134], [-80.3631, 48.0033], [-80.3551, 48.0008], [-80.3539, 47.996], [-80.3836, 48.0006], [-80.3961, 48.0085], [-80.4174, 48.0128], [-80.4355, 48.0136], [-80.488, 48.0062], [-80.5221, 47.9901], [-80.5464, 47.9708], [-80.5973, 47.956], [-80.5613, 47.9324], [-80.5612, 47.919], [-80.5459, 47.9159], [-80.541, 47.9059], [-80.5116, 47.8919], [-80.5059, 47.8842], [-80.5069, 47.8758], [-80.5026, 47.8705], [-80.494, 47.8696], [-80.4852, 47.8619], [-80.4754, 47.859], [-80.4613, 47.8612], [-80.4546, 47.8485], [-80.4454, 47.8451], [-80.4478, 47.8402], [-80.4626, 47.8408], [-80.4611, 47.8376], [-80.4674, 47.8336], [-80.4769, 47.8335], [-80.4665, 47.8311], [-80.4641, 47.8265], [-80.4572, 47.8276], [-80.4641, 47.8236], [-80.4563, 47.8194], [-80.4508, 47.8204], [-80.4521, 47.8164], [-80.4425, 47.8126], [-80.4435, 47.81], [-80.436, 47.8106], [-80.4321, 47.8036], [-80.4203, 47.8006], [-80.4171, 47.7909], [-80.4101, 47.7891], [-80.4011, 47.7756], [-80.3767, 47.7563], [-80.3441, 47.7432], [-80.3215, 47.7265], [-80.2917, 47.6989], [-80.2495, 47.6677], [-80.2424, 47.6559], [-80.2249, 47.6438], [-80.2196, 47.6335], [-80.2084, 47.6301], [-80.2044, 47.6362], [-80.1854, 47.642], [-80.156, 47.6434], [-80.1411, 47.6274], [-80.1429, 47.6216], [-80.1522, 47.6148], [-80.1505, 47.6104], [-80.1563, 47.6091], [-80.1539, 47.6065], [-80.1565, 47.6024], [-80.148, 47.5997], [-80.1425, 47.5931], [-80.1364, 47.5926], [-80.1341, 47.588], [-80.1527, 47.5793], [-80.1357, 47.5634], [-80.0923, 47.5471], [-80.0898, 47.5153], [-80.0789, 47.5132], [-80.0736, 47.5045], [-80.0518, 47.4963], [-80.0302, 47.5003], [-80.0201, 47.4955], [-80.0097, 47.4848], [-79.9822, 47.4768], [-79.9838, 47.4636], [-79.9767, 47.4628], [-79.9693, 47.4563], [-79.9683, 47.4511], [-79.96, 47.4483], [-79.9602, 47.4372], [-79.9455, 47.4326], [-79.9434, 47.4264], [-79.9318, 47.4262], [-79.928, 47.4137], [-79.9223, 47.4132], [-79.9197, 47.4079], [-79.9047, 47.3988], [-79.9046, 47.3894], [-79.892, 47.3847], [-79.8834, 47.3887], [-79.8677, 47.3816], [-79.8124, 47.3179], [-79.7907, 47.3467], [-79.7756, 47.3542], [-79.7624, 47.3526], [-79.7546, 47.3616], [-79.7456, 47.3614], [-79.7328, 47.3466], [-79.7044, 47.3312], [-79.6967, 47.3192], [-79.6973, 47.309], [-79.6998, 47.3077], [-79.6905, 47.294], [-79.6882, 47.282], [-79.6678, 47.273], [-79.6552, 47.2732], [-79.6414, 47.2588], [-79.6372, 47.2466], [-79.6122, 47.2369], [-79.6065, 47.2304], [-79.5815, 47.217], [-79.5369, 47.1733], [-79.5192, 47.1691], [-79.5109, 47.1576], [-79.5005, 47.1538], [-79.4939, 47.1448], [-79.4622, 47.1423], [-79.4435, 47.1354], [-79.4333, 47.1819], [-79.4387, 47.2167], [-79.4257, 47.2416], [-79.426, 47.2505], [-79.4497, 47.2765], [-79.4864, 47.3048], [-79.514, 47.3439], [-79.5695, 47.3966], [-79.5832, 47.4199], [-79.587, 47.4366], [-79.5835, 47.4524], [-79.5593, 47.4806], [-79.553, 47.5118], [-79.517, 47.5332], [-79.5103, 47.5433], [-79.5172, 47.5568], [-79.5178, 47.5834], [-79.5174, 48.6064], [-79.5268, 48.6016], [-79.5274, 48.6063], [-79.5353, 48.6102], [-79.5379, 48.6069], [-79.5402, 48.6149], [-79.5434, 48.6163], [-79.544, 48.6138], [-79.5443, 48.6178], [-79.5472, 48.6179], [-79.5464, 48.6149], [-79.5519, 48.6133], [-79.5513, 48.6106], [-79.5552, 48.6112], [-79.5571, 48.605], [-79.5631, 48.6037], [-79.5546, 48.5939], [-79.5574, 48.5925], [-79.5708, 48.5985], [-79.5843, 48.5968], [-79.5987, 48.5993], [-79.6011, 48.6016], [-79.5989, 48.6043], [-79.6072, 48.6056], [-79.6069, 48.6084], [-79.6124, 48.6113], [-79.6086, 48.619], [-79.6135, 48.6204], [-79.6127, 48.6159], [-79.6198, 48.6138], [-79.6224, 48.6188], [-79.6329, 48.6248], [-79.6343, 48.6219], [-79.639, 48.6234], [-79.6383, 48.62], [-79.6465, 48.624], [-79.6487, 48.6294], [-79.653, 48.6282], [-79.6522, 48.6242], [-79.6575, 48.6281], [-79.6528, 48.6353], [-79.6668, 48.635], [-79.666, 48.6315], [-79.6747, 48.6318], [-79.6729, 48.6287], [-79.6816, 48.6259], [-79.6864, 48.6281], [-79.6861, 48.6317], [-79.6981, 48.6318], [-79.704, 48.6249], [-79.7138, 48.6237], [-79.7206, 48.6298], [-79.7305, 48.632], [-79.721, 48.6372], [-79.7241, 48.6405], [-79.721, 48.6433], [-79.707, 48.6437], [-79.7049, 48.6487], [-79.7137, 48.6489], [-79.7195, 48.6445], [-79.7219, 48.6473], [-79.7312, 48.6479], [-79.7314, 48.6442], [-79.737, 48.6466], [-79.7323, 48.648], [-79.737, 48.6504], [-79.7328, 48.6489], [-79.7325, 48.6523], [-79.7311, 48.6501], [-79.7264, 48.6522], [-79.7298, 48.6545], [-79.7273, 48.6559], [-79.7294, 48.6596], [-79.734, 48.6624], [-79.7511, 48.658], [-79.7556, 48.6601], [-79.7565, 48.656], [-79.7631, 48.6583], [-79.7674, 48.6571], [-79.765, 48.655], [-79.77, 48.6557], [-79.765, 48.6493], [-79.7661, 48.6464], [-79.7533, 48.6511], [-79.7427, 48.6447], [-79.7431, 48.6406], [-79.7373, 48.6415], [-79.734, 48.638], [-79.7344, 48.6346], [-79.739, 48.6335], [-79.7368, 48.632], [-79.7537, 48.6307], [-79.7473, 48.63], [-79.7491, 48.6272], [-79.7461, 48.6261], [-79.7519, 48.619], [-79.7679, 48.6175], [-79.7771, 48.6229], [-79.7809, 48.6214], [-79.776, 48.6188], [-79.7801, 48.6172], [-79.7821, 48.6205], [-79.7916, 48.6202], [-79.7913, 48.6241], [-79.7952, 48.6257], [-79.7977, 48.6201], [-79.8097, 48.619], [-79.8111, 48.6159], [-79.8122, 48.6193], [-79.8164, 48.6184], [-79.8129, 48.6137], [-79.8159, 48.6149], [-79.815, 48.6124], [-79.8232, 48.6115], [-79.8252, 48.6082], [-79.829, 48.6148], [-79.8272, 48.618], [-79.8302, 48.6199], [-79.8297, 48.6168], [-79.8352, 48.6174], [-79.8345, 48.6234], [-79.844, 48.6219], [-79.8475, 48.6166], [-79.8492, 48.6199], [-79.8551, 48.6178], [-79.858, 48.6262], [-79.8635, 48.6253], [-79.8663, 48.6282], [-79.8703, 48.6262], [-79.8645, 48.624], [-79.8697, 48.6215], [-79.8884, 48.6225], [-79.9039, 48.6179], [-79.9127, 48.6237], [-79.9208, 48.6243], [-79.93, 48.6325], [-79.927, 48.6378], [-79.9423, 48.6484], [-79.9384, 48.6479], [-79.9376, 48.6513], [-79.9329, 48.6428], [-79.9313, 48.6462], [-79.9239, 48.6473], [-79.9298, 48.6542], [-79.9191, 48.6621], [-79.9276, 48.6642], [-79.9236, 48.6682], [-79.9304, 48.6707], [-79.9313, 48.6755], [-79.9265, 48.6886], [-79.9153, 48.6982], [-79.9081, 48.6997], [-79.9042, 48.7133], [-79.906, 48.7155], [-79.8975, 48.7204], [-79.901, 48.7317], [-79.8991, 48.7341], [-79.9058, 48.7332], [-79.9002, 48.7351], [-79.8974, 48.7437], [-79.9032, 48.7482], [-79.9123, 48.7488], [-79.9215, 48.7398], [-79.945, 48.7319], [-79.9451, 48.7291], [-79.9359, 48.7289], [-79.9303, 48.7232], [-79.934, 48.7207], [-79.9329, 48.7145], [-79.9398, 48.7111], [-79.9365, 48.7046], [-79.9392, 48.6984], [-79.9438, 48.6924], [-79.947, 48.6927], [-79.9471, 48.6787], [-79.9533, 48.6755], [-79.9726, 48.6745], [-79.9843, 48.6794], [-79.9881, 48.6826], [-79.9856, 48.691], [-79.9907, 48.693], [-79.9894, 48.6991], [-79.994, 48.7064], [-79.9926, 48.7112], [-79.9859, 48.7144], [-79.9854, 48.7225], [-79.9819, 48.7261], [-79.9856, 48.7331], [-79.9918, 48.7292], [-79.9964, 48.7157], [-80.002, 48.7136], [-80.0313, 48.716], [-80.0394, 48.7196], [-80.0429, 48.7266], [-80.0385, 48.7341], [-80.0411, 48.7391], [-80.0336, 48.7532], [-80.0357, 48.783], [-80.0294, 48.7977], [-80.0211, 48.8009], [-80.0131, 48.8102], [-79.9896, 48.8111], [-79.9774, 48.8049], [-79.9726, 48.8141], [-79.9807, 48.8145], [-79.9868, 48.8196], [-79.988, 48.8169], [-79.9932, 48.8174], [-79.999, 48.8306], [-80.0055, 48.8243], [-80.0155, 48.8308], [-80.0253, 48.8241], [-80.0382, 48.8276], [-80.0441, 48.8365], [-80.0444, 48.8485], [-80.0485, 48.8511], [-80.0523, 48.8509], [-80.0494, 48.8437], [-80.0524, 48.8396], [-80.0553, 48.8133], [-80.0808, 48.802], [-80.0781, 48.7963], [-80.0659, 48.8018], [-80.0555, 48.7984], [-80.0452, 48.7862], [-80.0454, 48.7684], [-80.0539, 48.7584], [-80.0601, 48.7579], [-80.0547, 48.7507], [-80.0683, 48.7439], [-80.0772, 48.742], [-80.0865, 48.7442], [-80.0855, 48.7534], [-80.1002, 48.7505], [-80.1046, 48.7536], [-80.1118, 48.7514], [-80.1236, 48.7541], [-80.1186, 48.7601], [-80.1277, 48.7593], [-80.1461, 48.7763], [-80.1572, 48.7811], [-80.1626, 48.7743], [-80.1684, 48.773], [-80.1706, 48.7656], [-80.1774, 48.7651], [-80.1925, 48.7567], [-80.2357, 48.7588], [-80.2486, 48.7635], [-80.2896, 48.7566], [-80.3083, 48.7673], [-80.3264, 48.7636], [-80.3377, 48.7542], [-80.3515, 48.7565], [-80.3569, 48.7681], [-80.3774, 48.7805], [-80.3967, 48.7789], [-80.412, 48.7738], [-80.4574, 48.7833], [-80.4791, 48.7773], [-80.5205, 48.7927], [-80.5269, 48.7872], [-80.561, 48.7818], [-80.5715, 48.775], [-80.5765, 48.7687], [-80.5749, 48.76], [-80.583, 48.7436], [-80.5831, 48.7308], [-80.6058, 48.7126], [-80.6298, 48.7071], [-80.6355, 48.7003]]]}}, {"type": "Feature", "properties": {"id": "on-wmu-86", "wmu_id": "15A", "name": "15A", "province": "ON", "source": "Ontario LIO \u2014 Wildlife Management Unit"}, "geometry": {"type": "Polygon", "coordinates": [[[-92.0106, 49.4907], [-91.9849, 49.4856], [-91.9606, 49.4848], [-91.9357, 49.472], [-91.8814, 49.461], [-91.8378, 49.455], [-91.8064, 49.4578], [-91.7641, 49.4539], [-91.7561, 49.4506], [-91.7435, 49.4353], [-91.7384, 49.4332], [-91.7213, 49.4373], [-91.69, 49.4338], [-91.6766, 49.4187], [-91.6526, 49.4158], [-91.6368, 49.4062], [-91.6168, 49.4011], [-91.5731, 49.3729], [-91.5204, 49.3513], [-91.4813, 49.344], [-91.4453, 49.3312], [-91.4044, 49.3242], [-91.3598, 49.3077], [-91.3272, 49.3041], [-91.2755, 49.2794], [-91.2669, 49.27], [-91.2542, 49.2664], [-91.1888, 49.258], [-91.1492, 49.2638], [-91.1081, 49.252], [-91.0842, 49.2413], [-91.0604, 49.2494], [-90.97, 49.2334], [-90.964, 49.2253], [-90.9574, 49.2223], [-90.901, 49.2268], [-90.8877, 49.2179], [-90.8706, 49.1935], [-90.8427, 49.1771], [-90.8403, 49.1588], [-90.7303, 49.1277], [-90.7114, 49.1142], [-90.7067, 49.0977], [-90.6883, 49.0807], [-90.6796, 49.0632], [-90.6642, 49.0646], [-90.6477, 49.0802], [-90.6468, 49.0867], [-90.6362, 49.1015], [-90.6399, 49.1067], [-90.6381, 49.1103], [-90.6122, 49.1338], [-90.6088, 49.141], [-90.6111, 49.1447], [-90.6059, 49.1492], [-90.6021, 49.1869], [-90.6181, 49.2018], [-90.62, 49.215], [-90.6116, 49.2291], [-90.5841, 49.2451], [-90.5565, 49.2486], [-90.5359, 49.2727], [-90.4943, 49.3048], [-90.4839, 49.3372], [-90.4507, 49.3787], [-90.4525, 49.4089], [-90.4482, 49.4207], [-90.4331, 49.4413], [-90.4337, 49.4484], [-90.4289, 49.4593], [-90.4192, 49.4632], [-90.4155, 49.4681], [-90.4124, 49.4838], [-90.4035, 49.4868], [-90.4048, 49.5052], [-90.4005, 49.5138], [-90.4013, 49.5199], [-90.3864, 49.5562], [-90.3677, 49.5728], [-90.3712, 49.5871], [-90.3619, 49.6034], [-90.371, 49.6204], [-90.3619, 49.631], [-90.3393, 49.6467], [-90.3174, 49.6833], [-90.2975, 49.6986], [-90.2895, 49.7134], [-90.2851, 49.7303], [-90.2732, 49.7478], [-90.2671, 49.7636], [-90.2621, 49.7907], [-90.2775, 49.8029], [-90.2747, 49.8075], [-90.2846, 49.8085], [-90.2874, 49.8198], [-90.2734, 49.8236], [-90.278, 49.8261], [-90.275, 49.84], [-90.288, 49.8546], [-90.2826, 49.8585], [-90.271, 49.8596], [-90.2651, 49.8657], [-90.2553, 49.8653], [-90.2466, 49.872], [-90.2475, 49.8748], [-90.2324, 49.8785], [-90.2175, 49.8897], [-90.2186, 49.9007], [-90.2367, 49.918], [-90.2314, 49.9308], [-90.2385, 49.9347], [-90.2391, 49.9396], [-90.1945, 49.9679], [-90.1863, 49.9777], [-90.1755, 49.9806], [-90.1748, 49.9906], [-90.1791, 49.9984], [-90.2097, 50.003], [-90.2129, 50.0079], [-90.2082, 50.0177], [-90.219, 50.0226], [-90.2058, 50.0301], [-90.2002, 50.0406], [-90.1731, 50.0556], [-90.1718, 50.0582], [-90.1782, 50.0599], [-90.1768, 50.0702], [-90.1485, 50.0815], [-90.1404, 50.0883], [-90.1367, 50.0984], [-90.1307, 50.1028], [-90.1378, 50.1072], [-90.1205, 50.1115], [-90.1168, 50.1172], [-90.1037, 50.1234], [-90.1032, 50.127], [-90.1127, 50.1289], [-90.1108, 50.1363], [-90.1132, 50.139], [-90.1079, 50.1432], [-90.1093, 50.1489], [-90.1006, 50.1545], [-90.0972, 50.1658], [-90.1031, 50.1694], [-90.114, 50.1646], [-90.1194, 50.1672], [-90.1194, 50.1714], [-90.1, 50.1783], [-90.0993, 50.1941], [-90.0945, 50.1973], [-90.0926, 50.2063], [-90.1081, 50.2157], [-90.1141, 50.2255], [-90.1455, 50.2323], [-90.1617, 50.2416], [-90.2234, 50.2372], [-90.3273, 50.2366], [-90.3687, 50.2429], [-90.3837, 50.2405], [-90.4414, 50.2453], [-90.4626, 50.2417], [-90.5021, 50.244], [-90.5618, 50.2314], [-90.708, 50.2386], [-90.7963, 50.2278], [-90.8465, 50.239], [-90.8805, 50.2315], [-90.9601, 50.2398], [-90.979, 50.2371], [-90.9928, 50.231], [-90.9959, 50.2158], [-91.0159, 50.1966], [-91.057, 50.1929], [-91.0798, 50.1851], [-91.0963, 50.1851], [-91.1155, 50.1903], [-91.1526, 50.1829], [-91.1691, 50.1967], [-91.1923, 50.2046], [-91.2034, 50.2013], [-91.2139, 50.1968], [-91.2146, 50.1919], [-91.2218, 50.1853], [-91.2377, 50.1786], [-91.256, 50.164], [-91.2584, 50.1579], [-91.2564, 50.1539], [-91.2397, 50.1452], [-91.217, 50.141], [-91.2141, 50.136], [-91.1814, 50.1363], [-91.1526, 50.1313], [-91.1756, 50.1151], [-91.2164, 50.0998], [-91.2223, 50.0914], [-91.2188, 50.0872], [-91.2252, 50.0826], [-91.2238, 50.0777], [-91.2268, 50.0709], [-91.2414, 50.0636], [-91.2429, 50.0582], [-91.2599, 50.0447], [-91.2708, 50.0092], [-91.2891, 49.9847], [-91.3153, 49.9736], [-91.3161, 49.978], [-91.3268, 49.9801], [-91.339, 49.9664], [-91.362, 49.951], [-91.361, 49.9452], [-91.4153, 49.923], [-91.4516, 49.9187], [-91.44, 49.8875], [-91.455, 49.8733], [-91.4777, 49.867], [-91.5108, 49.864], [-91.5246, 49.8561], [-91.5428, 49.854], [-91.5515, 49.8571], [-91.5576, 49.865], [-91.5565, 49.8716], [-91.561, 49.8756], [-91.5578, 49.8813], [-91.5618, 49.884], [-91.5585, 49.8854], [-91.5606, 49.8898], [-91.5702, 49.8946], [-91.5844, 49.8904], [-91.598, 49.8806], [-91.6075, 49.8833], [-91.6151, 49.8792], [-91.628, 49.8857], [-91.6515, 49.8869], [-91.6543, 49.8837], [-91.6726, 49.8923], [-91.6851, 49.8927], [-91.696, 49.8896], [-91.7004, 49.8831], [-91.7156, 49.8857], [-91.7406, 49.883], [-91.7432, 49.8777], [-91.7365, 49.8737], [-91.7429, 49.8673], [-91.7334, 49.8636], [-91.7426, 49.8588], [-91.8025, 49.8646], [-91.8055, 49.8565], [-91.8302, 49.8483], [-91.8462, 49.8569], [-91.8637, 49.843], [-91.9046, 49.8458], [-91.9041, 49.8421], [-91.9173, 49.8193], [-91.927, 49.8149], [-91.909, 49.7912], [-91.9087, 49.7849], [-91.9156, 49.777], [-91.9293, 49.7692], [-91.9318, 49.7545], [-91.9441, 49.7551], [-91.954, 49.7463], [-91.9557, 49.7323], [-91.964, 49.7235], [-91.9691, 49.7045], [-92.0093, 49.7009], [-92.0227, 49.6919], [-92.0235, 49.682], [-92.0135, 49.6761], [-92.0073, 49.6616], [-91.9967, 49.6547], [-92.0025, 49.6438], [-92.0108, 49.6407], [-92.0106, 49.4907]]]}}, {"type": "Feature", "properties": {"id": "on-wmu-87", "wmu_id": "53B", "name": "53B", "province": "ON", "source": "Ontario LIO \u2014 Wildlife Management Unit"}, "geometry": {"type": "Polygon", "coordinates": [[[-79.4899, 44.9975], [-79.4708, 45.0055], [-79.4574, 44.9962], [-79.4426, 44.9971], [-79.4395, 45.0033], [-79.4434, 45.0303], [-79.4899, 45.0584], [-79.5006, 45.0688], [-79.532, 45.0749], [-79.5527, 45.1175], [-79.5518, 45.1424], [-79.5641, 45.1567], [-79.5687, 45.1695], [-79.5836, 45.193], [-79.6059, 45.2147], [-79.7651, 45.1714], [-79.7583, 45.1506], [-79.7388, 45.1245], [-79.737, 45.1164], [-79.7138, 45.1023], [-79.7081, 45.0891], [-79.6986, 45.0838], [-79.6949, 45.0731], [-79.6718, 45.0595], [-79.6549, 45.0579], [-79.6283, 45.0347], [-79.5963, 45.0153], [-79.5723, 45.0049], [-79.5689, 44.9993], [-79.5753, 44.9882], [-79.5686, 44.978], [-79.5599, 44.9717], [-79.5553, 44.9615], [-79.5349, 44.9471], [-79.5144, 44.9248], [-79.5039, 44.9191], [-79.5022, 44.9079], [-79.445, 44.8984], [-79.4899, 44.9975]]]}}, {"type": "Feature", "properties": {"id": "on-wmu-88", "wmu_id": "21A", "name": "21A", "province": "ON", "source": "Ontario LIO \u2014 Wildlife Management Unit"}, "geometry": {"type": "Polygon", "coordinates": [[[-88.1348, 49.3438], [-88.1317, 49.3469], [-88.1329, 49.3535], [-88.1285, 49.3662], [-88.1387, 49.3717], [-88.1309, 49.386], [-88.1322, 49.3985], [-88.1272, 49.4093], [-88.129, 49.4137], [-88.1225, 49.4195], [-88.1296, 49.4185], [-88.1331, 49.4213], [-88.1296, 49.433], [-88.1358, 49.4362], [-88.133, 49.4417], [-88.1387, 49.4506], [-88.134, 49.4601], [-88.1393, 49.4633], [-88.1399, 49.4692], [-88.1567, 49.4696], [-88.1625, 49.477], [-88.1619, 49.4828], [-88.1686, 49.4863], [-88.1584, 49.4927], [-88.1598, 49.5005], [-88.1448, 49.5209], [-88.1383, 49.5169], [-88.1345, 49.52], [-88.1306, 49.5174], [-88.1162, 49.5207], [-88.1127, 49.5186], [-88.1113, 49.5272], [-88.1044, 49.5301], [-88.0933, 49.5274], [-88.0923, 49.5309], [-88.0792, 49.5289], [-88.0736, 49.5323], [-88.0726, 49.5297], [-88.0696, 49.5364], [-88.0576, 49.5435], [-88.0629, 49.5476], [-88.0556, 49.55], [-88.0602, 49.5529], [-88.0574, 49.5588], [-88.062, 49.561], [-88.0387, 49.5677], [-88.0312, 49.5659], [-88.0169, 49.5687], [-87.9998, 49.5766], [-87.9868, 49.5764], [-87.9727, 49.5821], [-87.9716, 49.587], [-87.9666, 49.5885], [-87.9671, 49.5922], [-87.9631, 49.595], [-87.9661, 49.5972], [-87.9559, 49.6141], [-87.9341, 49.6195], [-87.9217, 49.6304], [-87.8888, 49.6327], [-87.8228, 49.6554], [-87.8065, 49.6555], [-87.7453, 49.6678], [-87.6283, 49.6693], [-87.6005, 49.6783], [-87.5649, 49.6765], [-87.5248, 49.6869], [-87.4933, 49.6871], [-87.4247, 49.7036], [-87.3983, 49.7027], [-87.3594, 49.7089], [-87.3225, 49.6978], [-87.2928, 49.6987], [-87.2594, 49.6928], [-87.2382, 49.6983], [-87.2144, 49.697], [-87.1826, 49.7002], [-87.1507, 49.7118], [-87.1255, 49.7117], [-87.1032, 49.6988], [-87.0541, 49.6941], [-86.9877, 49.6774], [-86.9375, 49.6807], [-86.8935, 49.6919], [-86.8534, 49.6891], [-86.8108, 49.6935], [-86.7143, 49.7411], [-86.673, 49.7494], [-86.6102, 49.768], [-86.5683, 49.7866], [-86.5199, 49.7796], [-86.4486, 49.7764], [-86.3968, 49.7795], [-86.3438, 49.7933], [-86.3177, 49.7936], [-86.3211, 49.7811], [-86.3341, 49.7758], [-86.3334, 49.7663], [-86.346, 49.7571], [-86.3453, 49.7218], [-86.3093, 49.6956], [-86.2857, 49.6886], [-86.2661, 49.6761], [-86.2335, 49.6704], [-86.216, 49.6566], [-86.1929, 49.6536], [-86.1865, 49.6456], [-86.1742, 49.6401], [-86.1724, 49.6329], [-86.1582, 49.6331], [-86.15, 49.6267], [-86.1308, 49.6195], [-86.1361, 49.6068], [-86.1601, 49.6085], [-86.1934, 49.5985], [-86.2195, 49.6015], [-86.2384, 49.5992], [-86.2312, 49.5926], [-86.2343, 49.592], [-86.2317, 49.5912], [-86.2338, 49.5889], [-86.2312, 49.5821], [-86.2279, 49.5822], [-86.2343, 49.576], [-86.232, 49.5749], [-86.2376, 49.5729], [-86.2351, 49.5662], [-86.2384, 49.5648], [-86.2236, 49.5546], [-86.2072, 49.5514], [-86.2046, 49.5455], [-86.2083, 49.5432], [-86.2082, 49.5273], [-86.2126, 49.5186], [-86.2108, 49.5107], [-86.2168, 49.4945], [-86.2137, 49.4653], [-86.2083, 49.4573], [-86.2142, 49.4496], [-86.2151, 49.4429], [-86.2072, 49.4407], [-86.2014, 49.4289], [-86.2049, 49.4256], [-86.1978, 49.4175], [-86.1957, 49.409], [-86.196, 49.3849], [-86.1685, 49.3959], [-86.1417, 49.3978], [-86.1176, 49.3945], [-86.1128, 49.3909], [-86.1125, 49.383], [-86.1095, 49.3811], [-86.104, 49.3865], [-86.0987, 49.3865], [-86.0872, 49.3804], [-86.07, 49.3643], [-86.0503, 49.3601], [-86.0372, 49.3487], [-86.0397, 49.3397], [-86.0328, 49.3303], [-86.0375, 49.3308], [-86.038, 49.3205], [-86.0339, 49.3222], [-86.031, 49.3169], [-86.0329, 49.3159], [-86.0281, 49.3146], [-86.039, 49.3124], [-86.0405, 49.3056], [-86.046, 49.3056], [-86.0432, 49.3028], [-86.0481, 49.298], [-86.0471, 49.2946], [-86.0547, 49.2905], [-86.0465, 49.2897], [-86.0537, 49.2827], [-86.0527, 49.2783], [-86.0472, 49.2767], [-86.0543, 49.2745], [-86.047, 49.2699], [-86.0566, 49.2677], [-86.0509, 49.2652], [-86.0546, 49.2624], [-86.0486, 49.2593], [-86.0537, 49.2576], [-86.0545, 49.2495], [-86.059, 49.2492], [-86.0547, 49.2452], [-86.0666, 49.2434], [-86.0622, 49.241], [-86.0687, 49.2392], [-86.0594, 49.2375], [-86.0655, 49.2347], [-86.0632, 49.2322], [-86.0663, 49.2268], [-86.0646, 49.2217], [-86.0801, 49.2163], [-86.074, 49.2101], [-86.0793, 49.2113], [-86.0811, 49.2078], [-86.0752, 49.2074], [-86.077, 49.2033], [-86.0866, 49.1971], [-86.0795, 49.196], [-86.089, 49.1963], [-86.0884, 49.1926], [-86.0938, 49.189], [-86.0939, 49.1812], [-86.1, 49.179], [-86.1017, 49.1851], [-86.1132, 49.1761], [-86.1136, 49.1647], [-86.1107, 49.1598], [-86.1158, 49.1556], [-86.1158, 49.1383], [-86.1114, 49.1337], [-86.1163, 49.1324], [-86.1167, 49.1271], [-86.1212, 49.1259], [-86.1191, 49.1213], [-86.1321, 49.1169], [-86.1303, 49.1141], [-86.1346, 49.1126], [-86.1292, 49.1113], [-86.1288, 49.1085], [-86.1384, 49.1031], [-86.1406, 49.0938], [-86.1367, 49.0879], [-86.132, 49.0898], [-86.13, 49.0865], [-86.1374, 49.0831], [-86.1366, 49.0806], [-86.1292, 49.0827], [-86.1361, 49.0772], [-86.1299, 49.0749], [-86.134, 49.0716], [-86.13, 49.0667], [-86.1335, 49.0567], [-86.1386, 49.0556], [-86.1393, 49.051], [-86.1274, 49.0457], [-86.1267, 49.0406], [-86.1338, 49.0423], [-86.1354, 49.0398], [-86.1309, 49.0282], [-86.1441, 49.0284], [-86.1356, 49.0228], [-86.1421, 49.0208], [-86.1442, 49.0118], [-86.1576, 49.003], [-86.1656, 49.0016], [-86.1707, 48.9931], [-86.1883, 48.9856], [-86.1898, 48.9778], [-86.1991, 48.9776], [-86.1996, 48.9732], [-86.2056, 48.9711], [-86.2075, 48.9637], [-86.2335, 48.9603], [-86.2543, 48.9486], [-86.2569, 48.9365], [-86.2663, 48.9216], [-86.2743, 48.9192], [-86.2826, 48.9215], [-86.2986, 48.9067], [-86.3072, 48.907], [-86.3046, 48.9007], [-86.2949, 48.8968], [-86.301, 48.8923], [-86.2917, 48.8903], [-86.2904, 48.8875], [-86.2944, 48.8833], [-86.3003, 48.8872], [-86.3022, 48.8852], [-86.2991, 48.8791], [-86.3038, 48.8781], [-86.2997, 48.8694], [-86.2957, 48.8691], [-86.3012, 48.8666], [-86.3003, 48.8619], [-86.3051, 48.8597], [-86.3045, 48.8497], [-86.3088, 48.8468], [-86.3103, 48.8401], [-86.3069, 48.8372], [-86.3068, 48.8293], [-86.3016, 48.8241], [-86.3035, 48.8214], [-86.2874, 48.8033], [-86.293, 48.7908], [-86.2992, 48.7865], [-86.2943, 48.7839], [-86.2915, 48.7753], [-86.2979, 48.7731], [-86.2972, 48.7628], [-86.2924, 48.7524], [-86.283, 48.7468], [-86.2861, 48.7447], [-86.2936, 48.7469], [-86.2854, 48.7372], [-86.2865, 48.7324], [-86.2816, 48.7282], [-86.283, 48.7184], [-86.2797, 48.7142], [-86.2837, 48.7094], [-86.2846, 48.6952], [-86.2884, 48.691], [-86.2846, 48.6868], [-86.2878, 48.6834], [-86.2771, 48.6712], [-86.2674, 48.6688], [-86.2697, 48.6634], [-86.261, 48.6599], [-86.2599, 48.6522], [-86.2684, 48.638], [-86.2647, 48.6253], [-86.2918, 48.6073], [-86.297, 48.6008], [-86.3024, 48.6001], [-86.3004, 48.5903], [-86.3072, 48.5884], [-86.2978, 48.5901], [-86.299, 48.5875], [-86.2951, 48.5873], [-86.2872, 48.592], [-86.273, 48.592], [-86.2715, 48.5904], [-86.2759, 48.5891], [-86.2908, 48.5894], [-86.2833, 48.5878], [-86.2878, 48.5862], [-86.2766, 48.5857], [-86.2989, 48.58], [-86.2513, 48.579], [-86.2535, 48.5768], [-86.2742, 48.5778], [-86.2717, 48.5758], [-86.2818, 48.5738], [-86.2816, 48.5703], [-86.2717, 48.5712], [-86.2723, 48.5663], [-86.2672, 48.5651], [-86.2707, 48.5636], [-86.2665, 48.5634], [-86.2679, 48.5607], [-86.2729, 48.5603], [-86.2752, 48.5565], [-86.2709, 48.5532], [-86.2727, 48.5513], [-86.2701, 48.5462], [-86.2678, 48.547], [-87.297, 47.8923], [-87.303, 48.7704], [-87.289, 48.7923], [-87.3271, 48.8001], [-87.3291, 48.7963], [-87.3431, 48.7958], [-87.3893, 48.8061], [-87.3955, 48.8102], [-87.3946, 48.8145], [-87.4015, 48.8292], [-87.4097, 48.8351], [-87.4213, 48.8376], [-87.4795, 48.8404], [-87.5219, 48.8342], [-87.5225, 48.8294], [-87.5275, 48.8262], [-87.5315, 48.8284], [-87.548, 48.8249], [-87.5521, 48.8407], [-87.5395, 48.8665], [-87.5455, 48.8705], [-87.5408, 48.8732], [-87.5446, 48.878], [-87.5515, 48.878], [-87.553, 48.8745], [-87.5588, 48.8789], [-87.5758, 48.878], [-87.5912, 48.8719], [-87.5944, 48.8635], [-87.6322, 48.8557], [-87.646, 48.8559], [-87.6532, 48.865], [-87.6591, 48.8875], [-87.6721, 48.8978], [-87.703, 48.9014], [-87.7318, 48.9091], [-87.7675, 48.8931], [-87.7787, 48.8992], [-87.7672, 48.9126], [-87.7811, 48.9254], [-87.7998, 48.9258], [-87.803, 48.9241], [-87.802, 48.9208], [-87.8156, 48.9201], [-87.8169, 48.9141], [-87.8341, 48.9089], [-87.8453, 48.9251], [-87.8527, 48.9235], [-87.8619, 48.9281], [-87.8675, 48.927], [-87.876, 48.9364], [-87.8862, 48.9406], [-87.9029, 48.9374], [-87.9165, 48.9291], [-87.9264, 48.9309], [-87.9294, 48.9286], [-87.9371, 48.9319], [-87.9454, 48.9414], [-87.9682, 48.9484], [-87.971, 48.9539], [-87.9798, 48.9571], [-87.9889, 48.9661], [-88.0081, 48.966], [-88.0152, 48.9829], [-88.0381, 48.9815], [-88.0271, 48.9835], [-88.0232, 48.9872], [-88.0242, 48.9993], [-88.0213, 49.0073], [-88.0318, 49.0158], [-88.0442, 49.0156], [-88.0553, 49.0103], [-88.0702, 48.986], [-88.0695, 48.9802], [-88.0821, 48.9918], [-88.104, 49.0001], [-88.1128, 48.9995], [-88.1266, 48.9904], [-88.1328, 48.9901], [-88.1342, 48.9858], [-88.1302, 48.984], [-88.1381, 48.9827], [-88.1326, 48.9796], [-88.1445, 48.9827], [-88.1536, 48.9778], [-88.1666, 48.9634], [-88.1629, 48.9583], [-88.1666, 48.9541], [-88.2424, 48.9533], [-88.2513, 48.963], [-88.2566, 48.9811], [-88.2542, 48.9892], [-88.2601, 48.9949], [-88.2523, 49.0089], [-88.2505, 49.0194], [-88.2559, 49.0223], [-88.2672, 49.0395], [-88.2785, 49.0702], [-88.2908, 49.063], [-88.3001, 49.0677], [-88.3089, 49.0673], [-88.3092, 49.0746], [-88.3143, 49.0777], [-88.3173, 49.0851], [-88.3263, 49.0893], [-88.3303, 49.0928], [-88.3312, 49.0993], [-88.3492, 49.1109], [-88.3572, 49.1235], [-88.3586, 49.1344], [-88.3481, 49.1427], [-88.3487, 49.1517], [-88.3432, 49.156], [-88.343, 49.1635], [-88.3291, 49.1856], [-88.3362, 49.202], [-88.3491, 49.2195], [-88.3494, 49.2362], [-88.3383, 49.2546], [-88.3332, 49.2749], [-88.32, 49.2963], [-88.306, 49.3111], [-88.3071, 49.3274], [-88.2989, 49.3331], [-88.2992, 49.3387], [-88.2914, 49.3504], [-88.2877, 49.3721], [-88.2768, 49.3743], [-88.2489, 49.3887], [-88.2313, 49.4052], [-88.2228, 49.4065], [-88.2124, 49.4156], [-88.2107, 49.425], [-88.2177, 49.4284], [-88.2189, 49.4365], [-88.2078, 49.4454], [-88.2087, 49.4512], [-88.2127, 49.4539], [-88.2047, 49.4568], [-88.2102, 49.4636], [-88.1939, 49.4636], [-88.1896, 49.4671], [-88.1897, 49.4626], [-88.1813, 49.4668], [-88.182, 49.4643], [-88.173, 49.4577], [-88.1729, 49.4535], [-88.1531, 49.4376], [-88.1512, 49.4307], [-88.1575, 49.4276], [-88.1478, 49.423], [-88.1522, 49.4193], [-88.1489, 49.4129], [-88.1537, 49.4075], [-88.1453, 49.4016], [-88.1469, 49.3968], [-88.1406, 49.3775], [-88.1428, 49.3777], [-88.1434, 49.37], [-88.1385, 49.3648], [-88.1358, 49.3517], [-88.1382, 49.3459], [-88.12956712328766, 49.33529657534244], [-88.1348, 49.3438]], [[-88.12899318181819, 49.33457272727273], [-88.12186288271313, 49.320581676872344], [-88.1221, 49.3273], [-88.1265, 49.3301], [-88.1227, 49.3307], [-88.12899318181819, 49.33457272727273]], [[-88.1189, 49.3217], [-88.121, 49.3166], [-88.1065, 49.3081], [-88.1167, 49.3159], [-88.1189, 49.3217]]]}}, {"type": "Feature", "properties": {"id": "on-wmu-89", "wmu_id": "13", "name": "13", "province": "ON", "source": "Ontario LIO \u2014 Wildlife Management Unit"}, "geometry": {"type": "Polygon", "coordinates": [[[-90.9474, 48.2257], [-90.9151, 48.2308], [-90.9069, 48.2375], [-90.8858, 48.246], [-90.8751, 48.2378], [-90.8438, 48.2437], [-90.8377, 48.2347], [-90.8398, 48.2283], [-90.8363, 48.2188], [-90.8342, 48.1865], [-90.8364, 48.177], [-90.8326, 48.1735], [-90.8247, 48.1768], [-90.8258, 48.1836], [-90.821, 48.1847], [-90.8175, 48.1794], [-90.8041, 48.1778], [-90.8011, 48.1641], [-90.7964, 48.1592], [-90.778, 48.1638], [-90.7778, 48.1483], [-90.7982, 48.1369], [-90.7822, 48.1359], [-90.7898, 48.1301], [-90.7764, 48.124], [-90.7741, 48.1186], [-90.7688, 48.1166], [-90.7614, 48.0984], [-90.7516, 48.091], [-90.7415, 48.0946], [-90.6415, 48.1035], [-90.6271, 48.1118], [-90.5913, 48.1175], [-90.5797, 48.1238], [-90.5758, 48.1206], [-90.5591, 48.1217], [-90.5555, 48.1169], [-90.5697, 48.1068], [-90.5645, 48.0988], [-90.5567, 48.0959], [-90.517, 48.0993], [-90.5103, 48.0973], [-90.4961, 48.0986], [-90.4936, 48.1014], [-90.4867, 48.0991], [-90.4674, 48.1088], [-90.4385, 48.0987], [-90.4032, 48.1051], [-90.3743, 48.0909], [-90.3734, 48.094], [-90.3443, 48.0943], [-90.3301, 48.1023], [-90.3101, 48.1056], [-90.2893, 48.0991], [-90.2252, 48.1083], [-90.1886, 48.1081], [-90.1765, 48.1125], [-90.1643, 48.1098], [-90.1358, 48.1123], [-90.116, 48.1042], [-90.0916, 48.1047], [-90.0741, 48.1013], [-90.0233, 48.0848], [-90.0148, 48.0672], [-90.0087, 48.0686], [-89.9981, 48.058], [-89.9938, 48.0494], [-89.9971, 48.0354], [-89.9938, 48.0282], [-89.9747, 48.0232], [-89.9683, 48.0148], [-89.9531, 48.0109], [-89.9506, 48.0163], [-89.9346, 48.0159], [-89.9315, 48.009], [-89.9259, 48.0064], [-89.9281, 48.0023], [-89.9218, 48.0002], [-89.9221, 47.9973], [-89.8972, 47.9877], [-89.8727, 47.9855], [-89.8682, 47.9903], [-89.8472, 47.9927], [-89.8425, 47.9973], [-89.8421, 48.0018], [-89.8448, 48.0031], [-89.8313, 47.9997], [-89.8196, 48.0157], [-89.8074, 48.0177], [-89.8061, 48.0143], [-89.8016, 48.0143], [-89.7924, 48.0185], [-89.7791, 48.0186], [-89.7754, 48.023], [-89.7737, 48.0206], [-89.75, 48.0236], [-89.7427, 48.0201], [-89.734, 48.0221], [-89.7325, 48.0191], [-89.7211, 48.0201], [-89.7195, 48.0186], [-89.724, 48.0173], [-89.7242, 48.0138], [-89.717, 48.0173], [-89.7166, 48.0098], [-89.708, 48.0105], [-89.7024, 48.0065], [-89.6729, 48.0116], [-89.6668, 48.0074], [-89.6577, 48.0105], [-89.6509, 48.0037], [-89.6459, 48.0063], [-89.6371, 48.0042], [-89.638, 48.0092], [-89.6184, 48.011], [-89.6107, 48.018], [-89.6081, 48.007], [-89.5855, 48.0018], [-89.581, 47.996], [-89.5647, 48.0026], [-89.4894, 48.0146], [-89.3374, 47.9741], [-88.7433, 48.218], [-88.7458, 48.3506], [-88.7526, 48.3546], [-88.7469, 48.3585], [-88.7434, 48.3584], [-88.7414, 48.3544], [-88.7339, 48.3576], [-88.7415, 48.3596], [-88.7434, 48.3651], [-88.7377, 48.3715], [-88.7168, 48.382], [-88.723, 48.3875], [-88.7153, 48.3973], [-88.7178, 48.4035], [-88.7002, 48.4223], [-88.6964, 48.43], [-88.6988, 48.4299], [-88.698, 48.4344], [-88.6897, 48.4426], [-88.6961, 48.4475], [-88.6824, 48.4663], [-88.6896, 48.4684], [-88.6848, 48.475], [-88.6931, 48.473], [-88.7016, 48.4789], [-88.6995, 48.4872], [-88.6921, 48.4947], [-88.6814, 48.4977], [-88.6724, 48.4951], [-88.673, 48.4871], [-88.6618, 48.4882], [-88.6592, 48.4985], [-88.6559, 48.4976], [-88.6345, 48.5103], [-88.6419, 48.5111], [-88.637, 48.5206], [-88.6458, 48.5178], [-88.6498, 48.5204], [-88.6355, 48.5354], [-88.6338, 48.542], [-88.641, 48.5467], [-88.6336, 48.5522], [-88.6382, 48.5526], [-88.6368, 48.5601], [-88.6397, 48.5609], [-88.6356, 48.5642], [-88.6344, 48.572], [-88.6265, 48.5769], [-88.6222, 48.5848], [-88.6308, 48.5976], [-88.6294, 48.6073], [-88.6139, 48.6224], [-88.601, 48.6193], [-88.5937, 48.6226], [-88.5867, 48.6179], [-88.5756, 48.6261], [-88.5661, 48.6255], [-88.5625, 48.6318], [-88.5483, 48.6294], [-88.5423, 48.6416], [-88.5339, 48.6448], [-88.544, 48.6472], [-88.5511, 48.6536], [-88.5519, 48.6623], [-88.5416, 48.6676], [-88.5442, 48.6722], [-88.5491, 48.6719], [-88.5555, 48.6774], [-88.5545, 48.6831], [-88.5411, 48.6951], [-88.527, 48.6998], [-88.514, 48.6995], [-88.5123, 48.7022], [-88.5199, 48.706], [-88.5164, 48.7137], [-88.5272, 48.72], [-88.5384, 48.7217], [-88.5401, 48.7326], [-88.5509, 48.7372], [-88.5506, 48.7424], [-88.5424, 48.7542], [-88.5466, 48.7579], [-88.5418, 48.7749], [-88.5243, 48.7867], [-88.5286, 48.7904], [-88.5267, 48.7941], [-88.4863, 48.8165], [-88.4867, 48.8386], [-88.4889, 48.8316], [-88.4932, 48.8291], [-88.4992, 48.8337], [-88.4943, 48.8388], [-88.4748, 48.8479], [-88.4517, 48.8501], [-88.4247, 48.8452], [-88.41, 48.8356], [-88.4047, 48.8361], [-88.3697, 48.8664], [-88.3719, 48.8696], [-88.3515, 48.8713], [-88.3483, 48.8747], [-88.3417, 48.8714], [-88.3339, 48.8746], [-88.3348, 48.8793], [-88.3486, 48.8871], [-88.3513, 48.8941], [-88.3625, 48.8987], [-88.3294, 48.9149], [-88.3098, 48.9332], [-88.2934, 48.9425], [-88.2792, 48.9458], [-88.2676, 48.9435], [-88.2626, 48.946], [-88.2623, 48.9531], [-88.2424, 48.9533], [-88.2513, 48.963], [-88.2566, 48.9811], [-88.2542, 48.9892], [-88.2601, 48.9949], [-88.2523, 49.0089], [-88.2505, 49.0194], [-88.2559, 49.0223], [-88.2672, 49.0395], [-88.2785, 49.0702], [-88.2908, 49.063], [-88.3001, 49.0677], [-88.3089, 49.0673], [-88.3092, 49.0746], [-88.3143, 49.0777], [-88.3173, 49.0851], [-88.3263, 49.0893], [-88.3303, 49.0928], [-88.3312, 49.0993], [-88.3492, 49.1109], [-88.3572, 49.1235], [-88.3905, 49.1279], [-88.4326, 49.1244], [-88.5085, 49.1065], [-88.5309, 49.1057], [-88.5632, 49.1118], [-88.6046, 49.1145], [-88.6585, 49.0922], [-88.6981, 49.0802], [-88.7514, 49.089], [-88.7806, 49.0898], [-88.8577, 49.0831], [-88.8864, 49.0745], [-88.9385, 49.0655], [-88.9672, 49.071], [-88.9979, 49.0687], [-89.0262, 49.0783], [-89.1037, 49.0786], [-89.1084, 49.0814], [-89.1325, 49.0773], [-89.1998, 49.0748], [-89.2433, 49.0612], [-89.2785, 49.0616], [-89.2949, 49.0568], [-89.3111, 49.0505], [-89.3308, 49.0323], [-89.344, 49.0258], [-89.405, 49.0063], [-89.6518, 48.9497], [-89.6972, 48.9435], [-89.7619, 48.9374], [-89.8048, 48.9415], [-89.8857, 48.9369], [-89.92, 48.9392], [-89.9718, 48.9366], [-90.0103, 48.9398], [-90.028, 48.9361], [-90.0752, 48.9349], [-90.1419, 48.939], [-90.0243, 48.9011], [-89.9781, 48.8726], [-89.9418, 48.8425], [-89.9174, 48.8149], [-89.8981, 48.8028], [-89.8769, 48.7678], [-89.8924, 48.6948], [-89.8932, 48.6408], [-89.8981, 48.6214], [-89.8967, 48.5995], [-89.9062, 48.5973], [-89.9061, 48.5897], [-89.9021, 48.5876], [-89.9068, 48.5821], [-89.9016, 48.5794], [-89.9075, 48.5715], [-89.8991, 48.5664], [-89.8964, 48.5608], [-89.8843, 48.5566], [-89.8846, 48.5539], [-89.8912, 48.5487], [-89.9134, 48.5509], [-89.925, 48.5447], [-89.9321, 48.5258], [-89.9461, 48.52], [-89.9491, 48.5124], [-89.965, 48.497], [-89.9874, 48.4885], [-89.9965, 48.4784], [-90.0425, 48.4689], [-90.0484, 48.472], [-90.0492, 48.4793], [-90.0561, 48.4785], [-90.0663, 48.4826], [-90.0652, 48.4883], [-90.069, 48.4917], [-90.067, 48.494], [-90.0716, 48.4917], [-90.0741, 48.4923], [-90.0724, 48.4955], [-90.0781, 48.4972], [-90.0864, 48.4944], [-90.1174, 48.4988], [-90.1268, 48.5024], [-90.127, 48.5092], [-90.1316, 48.5085], [-90.1319, 48.5115], [-90.1452, 48.5182], [-90.1549, 48.5175], [-90.164, 48.522], [-90.179, 48.5182], [-90.1967, 48.5186], [-90.1993, 48.5219], [-90.2145, 48.5201], [-90.23, 48.5137], [-90.2331, 48.5038], [-90.2455, 48.5], [-90.2509, 48.504], [-90.258, 48.5002], [-90.28, 48.5006], [-90.2839, 48.5035], [-90.301, 48.4963], [-90.3225, 48.497], [-90.3291, 48.4944], [-90.3292, 48.4903], [-90.3353, 48.4928], [-90.3435, 48.4885], [-90.3468, 48.484], [-90.3444, 48.482], [-90.3493, 48.4784], [-90.3556, 48.4807], [-90.3888, 48.4766], [-90.4276, 48.4895], [-90.4531, 48.4794], [-90.4735, 48.4826], [-90.4805, 48.4886], [-90.5256, 48.4799], [-90.5226, 48.4714], [-90.5249, 48.4619], [-90.5117, 48.4504], [-90.5134, 48.4477], [-90.51, 48.4443], [-90.5133, 48.4432], [-90.5076, 48.4397], [-90.5072, 48.4342], [-90.5206, 48.4248], [-90.533, 48.4258], [-90.5663, 48.4146], [-90.5836, 48.4054], [-90.5885, 48.3973], [-90.5991, 48.3927], [-90.6023, 48.388], [-90.6146, 48.3883], [-90.6226, 48.3925], [-90.6238, 48.3879], [-90.6271, 48.3876], [-90.625, 48.385], [-90.6278, 48.3825], [-90.625, 48.3815], [-90.6289, 48.3751], [-90.6396, 48.3784], [-90.6498, 48.3714], [-90.6478, 48.3575], [-90.662, 48.351], [-90.674, 48.3539], [-90.6719, 48.3459], [-90.6817, 48.3348], [-90.6664, 48.3289], [-90.6638, 48.3111], [-90.6817, 48.3198], [-90.688, 48.3188], [-90.7326, 48.2867], [-90.776, 48.2852], [-90.794, 48.2934], [-90.819, 48.2914], [-90.8491, 48.2808], [-90.8525, 48.2788], [-90.8526, 48.2744], [-90.8601, 48.2702], [-90.9086, 48.251], [-90.9474, 48.2257]]]}}, {"type": "Feature", "properties": {"id": "on-wmu-90", "wmu_id": "49", "name": "49", "province": "ON", "source": "Ontario LIO \u2014 Wildlife Management Unit"}, "geometry": {"type": "Polygon", "coordinates": [[[-79.8342, 45.283], [-79.8199, 45.2896], [-79.794, 45.2869], [-79.7686, 45.2785], [-79.7549, 45.2871], [-79.7414, 45.2896], [-79.7261, 45.2848], [-79.7135, 45.2767], [-79.6583, 45.2696], [-79.635, 45.2526], [-79.62, 45.2536], [-79.604, 45.2429], [-79.5924, 45.2431], [-79.575, 45.2338], [-79.5648, 45.232], [-79.5595, 45.228], [-79.5562, 45.2181], [-79.5145, 45.2206], [-79.5114, 45.2157], [-79.4981, 45.213], [-79.4567, 45.2217], [-79.4406, 45.2132], [-79.4276, 45.2015], [-79.3992, 45.1907], [-79.3981, 45.1849], [-79.3723, 45.195], [-79.3509, 45.1989], [-79.3368, 45.2087], [-79.3141, 45.2151], [-79.3123, 45.2234], [-79.3004, 45.2402], [-79.2942, 45.2618], [-79.2713, 45.2875], [-79.2471, 45.3069], [-79.2302, 45.3489], [-79.2205, 45.3568], [-79.2171, 45.3707], [-79.2378, 45.3959], [-79.2379, 45.4213], [-79.248, 45.4527], [-79.2884, 45.4914], [-79.3416, 45.5512], [-79.346, 45.5654], [-79.3687, 45.597], [-79.3932, 45.6029], [-79.4149, 45.6132], [-79.4134, 45.634], [-79.4164, 45.6427], [-79.4124, 45.652], [-79.4137, 45.6588], [-79.4352, 45.6907], [-79.4416, 45.7094], [-79.4338, 45.7291], [-79.4237, 45.7376], [-79.4098, 45.7584], [-79.4376, 45.7524], [-79.4471, 45.7451], [-79.4896, 45.737], [-79.5215, 45.7253], [-79.5266, 45.7183], [-79.5369, 45.714], [-79.5648, 45.7142], [-79.6806, 45.6826], [-79.6993, 45.6707], [-79.7241, 45.6671], [-79.7428, 45.6825], [-79.7475, 45.6824], [-79.7427, 45.6785], [-79.7575, 45.688], [-79.778, 45.6914], [-79.7759, 45.6941], [-79.7794, 45.6951], [-79.8434, 45.6953], [-79.8687, 45.6996], [-79.8729, 45.705], [-79.8701, 45.7067], [-79.877, 45.7065], [-79.8813, 45.7111], [-79.8822, 45.704], [-79.8851, 45.7033], [-79.9018, 45.7096], [-79.9095, 45.708], [-79.954, 45.7246], [-79.9568, 45.7268], [-79.9561, 45.7337], [-79.9952, 45.7384], [-79.9996, 45.7477], [-80.0172, 45.7489], [-80.0185, 45.745], [-80.027, 45.75], [-80.0334, 45.7484], [-80.0268, 45.7446], [-80.0291, 45.7419], [-80.0452, 45.7454], [-80.0402, 45.7477], [-80.0498, 45.7465], [-80.0537, 45.749], [-80.0844, 45.7426], [-80.0975, 45.7475], [-80.0892, 45.7425], [-80.1156, 45.7424], [-80.1204, 45.7395], [-80.1355, 45.7426], [-80.1421, 45.7466], [-80.1396, 45.7486], [-80.1619, 45.7534], [-80.1583, 45.7546], [-80.1743, 45.7552], [-80.1626, 45.76], [-80.1789, 45.7543], [-80.2062, 45.754], [-80.2309, 45.7582], [-80.2354, 45.7608], [-80.2349, 45.7638], [-80.2664, 45.7632], [-80.2619, 45.7624], [-80.2738, 45.7605], [-80.2769, 45.7617], [-80.2674, 45.7631], [-80.2819, 45.7655], [-80.2795, 45.7634], [-80.2829, 45.7622], [-80.2972, 45.765], [-80.2833, 45.7606], [-80.2816, 45.7572], [-80.3127, 45.741], [-80.3261, 45.7431], [-80.3317, 45.7473], [-80.3429, 45.7414], [-80.3622, 45.7427], [-80.3621, 45.7462], [-80.3702, 45.7441], [-80.3712, 45.7474], [-80.3723, 45.7435], [-80.4008, 45.7435], [-80.438, 45.7508], [-80.4747, 45.7716], [-80.4973, 45.7746], [-80.4947, 45.7629], [-80.4458, 45.6838], [-80.4018, 45.6501], [-80.3939, 45.629], [-80.3836, 45.617], [-80.3792, 45.6027], [-80.3549, 45.5783], [-80.2753, 45.5454], [-80.1825, 45.4803], [-80.1369, 45.4425], [-80.1142, 45.4317], [-80.0894, 45.413], [-80.0715, 45.411], [-80.0498, 45.3834], [-80.0427, 45.3638], [-80.0373, 45.36], [-80.0202, 45.3624], [-80.0117, 45.3582], [-80.0069, 45.3432], [-79.9922, 45.3366], [-79.9792, 45.3122], [-79.9712, 45.3087], [-79.9411, 45.3065], [-79.8999, 45.3068], [-79.8718, 45.2991], [-79.8342, 45.283]]]}}, {"type": "Feature", "properties": {"id": "on-wmu-91", "wmu_id": "87B", "name": "87B", "province": "ON", "source": "Ontario LIO \u2014 Wildlife Management Unit"}, "geometry": {"type": "Polygon", "coordinates": [[[-80.506, 43.3539], [-80.4365, 43.1794], [-80.2039, 43.2183], [-80.2486, 43.3335], [-80.1891, 43.343], [-80.2063, 43.3972], [-80.2694, 43.3869], [-80.2724, 43.3941], [-80.506, 43.3539]]]}}, {"type": "Feature", "properties": {"id": "on-wmu-92", "wmu_id": "69A-1", "name": "69A-1", "province": "ON", "source": "Ontario LIO \u2014 Wildlife Management Unit"}, "geometry": {"type": "Polygon", "coordinates": [[[-77.5704, 44.0788], [-77.5599, 44.0778], [-77.516, 44.1007], [-77.482, 44.1144], [-77.4281, 44.1274], [-77.3689, 44.1494], [-77.3468, 44.1522], [-77.1674, 44.1532], [-77.0926, 44.1714], [-77.0591, 44.1853], [-77.0529, 44.1835], [-77.0512, 44.1798], [-77.0349, 44.1936], [-77.0173, 44.1983], [-76.9973, 44.1967], [-76.9868, 44.1996], [-76.9693, 44.2241], [-76.9676, 44.2356], [-76.9513, 44.2419], [-76.9427, 44.2539], [-76.9429, 44.2605], [-76.9376, 44.2622], [-76.9403, 44.2639], [-76.9321, 44.2668], [-76.959, 44.2664], [-76.998, 44.2533], [-77.2582, 44.2175], [-77.2917, 44.2215], [-77.524, 44.1603], [-77.593, 44.1282], [-77.5897, 44.1108], [-77.5714, 44.1011], [-77.5679, 44.0961], [-77.5664, 44.0889], [-77.5704, 44.0788]]]}}, {"type": "Feature", "properties": {"id": "on-wmu-93", "wmu_id": "78D", "name": "78D", "province": "ON", "source": "Ontario LIO \u2014 Wildlife Management Unit"}, "geometry": {"type": "Polygon", "coordinates": [[[-80.1442, 43.8647], [-79.8888, 43.6749], [-79.6958, 43.8487], [-79.7756, 43.9897], [-80.0812, 43.9228], [-80.1442, 43.8647]]]}}, {"type": "Feature", "properties": {"id": "on-wmu-94", "wmu_id": "95", "name": "95", "province": "ON", "source": "Ontario LIO \u2014 Wildlife Management Unit"}, "geometry": {"type": "Polygon", "coordinates": [[[-82.6917, 41.7636], [-82.6894, 41.7632], [-82.6844, 41.741], [-82.6761, 41.7341], [-82.672, 41.7244], [-82.6689, 41.7337], [-82.659, 41.7431], [-82.6506, 41.7456], [-82.6385, 41.7427], [-82.6206, 41.7506], [-82.6311, 41.78], [-82.6307, 41.7921], [-82.6265, 41.7989], [-82.6307, 41.8055], [-82.6338, 41.824], [-82.639, 41.832], [-82.6368, 41.8273], [-82.6388, 41.8308], [-82.6407, 41.8281], [-82.6389, 41.8306], [-82.6339, 41.8197], [-82.6457, 41.8208], [-82.6433, 41.825], [-82.6543, 41.814], [-82.6599, 41.8142], [-82.6592, 41.8121], [-82.6675, 41.8092], [-82.6741, 41.8094], [-82.6825, 41.8158], [-82.6869, 41.8144], [-82.6846, 41.8045], [-82.6892, 41.7647], [-82.6917, 41.7636]]]}}, {"type": "Feature", "properties": {"id": "on-wmu-95", "wmu_id": "61", "name": "61", "province": "ON", "source": "Ontario LIO \u2014 Wildlife Management Unit"}, "geometry": {"type": "Polygon", "coordinates": [[[-77.855, 45.0559], [-77.8527, 45.0524], [-77.8412, 45.0504], [-77.8181, 45.0305], [-77.787, 45.0162], [-77.7856, 45.0026], [-77.779, 44.9932], [-77.7617, 44.9767], [-77.7466, 44.9512], [-77.7157, 44.9217], [-77.7079, 44.8757], [-77.6569, 44.8445], [-77.636, 44.8207], [-77.6218, 44.7918], [-77.6122, 44.7327], [-77.5933, 44.698], [-77.5366, 44.6204], [-77.4797, 44.5113], [-77.3872, 44.5328], [-77.3769, 44.5379], [-77.3495, 44.5421], [-77.3041, 44.5593], [-77.2796, 44.5567], [-77.2247, 44.5637], [-77.2137, 44.5687], [-77.1991, 44.5815], [-77.1704, 44.6234], [-77.1632, 44.6256], [-77.148, 44.624], [-77.1214, 44.6478], [-77.1407, 44.6668], [-77.1453, 44.6823], [-77.1565, 44.6935], [-77.1586, 44.7322], [-77.1694, 44.7498], [-77.169, 44.7656], [-77.1766, 44.7771], [-77.175, 44.7872], [-77.1871, 44.8229], [-77.1822, 44.8426], [-77.1768, 44.8511], [-77.2135, 44.8991], [-77.2197, 44.9138], [-77.2155, 44.9264], [-77.2209, 44.9353], [-77.2798, 44.9969], [-77.2733, 45.0156], [-77.2743, 45.0358], [-77.2698, 45.048], [-77.2735, 45.0595], [-77.2887, 45.0822], [-77.2787, 45.0874], [-77.2609, 45.089], [-77.2469, 45.0955], [-77.245, 45.1007], [-77.2625, 45.1122], [-77.2663, 45.1185], [-77.265, 45.1427], [-77.272, 45.1416], [-77.2805, 45.1351], [-77.2941, 45.1354], [-77.3433, 45.1671], [-77.3595, 45.1896], [-77.4112, 45.195], [-77.4213, 45.205], [-77.4392, 45.2128], [-77.4386, 45.2022], [-77.4477, 45.1894], [-77.5113, 45.1577], [-77.542, 45.1538], [-77.5497, 45.1434], [-77.566, 45.1373], [-77.5767, 45.1265], [-77.6455, 45.1026], [-77.6589, 45.0899], [-77.6819, 45.0785], [-77.7323, 45.0675], [-77.7586, 45.0651], [-77.7779, 45.0695], [-77.7903, 45.0652], [-77.8025, 45.075], [-77.8257, 45.064], [-77.855, 45.0559]]]}}, {"type": "Feature", "properties": {"id": "on-wmu-96", "wmu_id": "54", "name": "54", "province": "ON", "source": "Ontario LIO \u2014 Wildlife Management Unit"}, "geometry": {"type": "Polygon", "coordinates": [[[-78.9968, 45.3249], [-78.9885, 45.3151], [-78.9881, 45.3079], [-78.9767, 45.2975], [-78.9623, 45.2948], [-78.9634, 45.2888], [-78.961, 45.2866], [-78.935, 45.2864], [-78.9275, 45.2892], [-78.9217, 45.281], [-78.9002, 45.2802], [-78.9049, 45.2631], [-78.8846, 45.2569], [-78.892, 45.2487], [-78.9025, 45.2169], [-78.8913, 45.2132], [-78.8873, 45.2087], [-78.8805, 45.2082], [-78.8728, 45.2022], [-78.8706, 45.1961], [-78.8579, 45.1898], [-78.8541, 45.168], [-78.8452, 45.1581], [-78.8464, 45.1508], [-78.8386, 45.1411], [-78.84, 45.1334], [-78.8067, 45.1126], [-78.8034, 45.1144], [-78.8017, 45.1262], [-78.7921, 45.1292], [-78.7691, 45.1293], [-78.7637, 45.1249], [-78.7612, 45.1171], [-78.7619, 45.1004], [-78.7407, 45.0943], [-78.729, 45.0789], [-78.7161, 45.0702], [-78.6939, 45.0777], [-78.6895, 45.0863], [-78.6793, 45.089], [-78.6724, 45.0962], [-78.653, 45.1028], [-78.6492, 45.1068], [-78.6384, 45.1085], [-78.63, 45.1054], [-78.6216, 45.1119], [-78.6128, 45.1139], [-78.6011, 45.1103], [-78.586, 45.1174], [-78.5768, 45.116], [-78.5619, 45.125], [-78.5513, 45.1273], [-78.546, 45.1265], [-78.5464, 45.1236], [-78.5384, 45.1266], [-78.5296, 45.1235], [-78.5305, 45.1215], [-78.5197, 45.123], [-78.5135, 45.1282], [-78.4945, 45.133], [-78.487, 45.1413], [-78.4677, 45.1406], [-78.4608, 45.1493], [-78.4669, 45.1571], [-78.47, 45.169], [-78.446, 45.1699], [-78.4317, 45.1774], [-78.3993, 45.1789], [-78.3917, 45.1899], [-78.396, 45.2018], [-78.3904, 45.2068], [-78.366, 45.2165], [-78.3516, 45.2089], [-78.3518, 45.2031], [-78.3431, 45.2018], [-78.3325, 45.1913], [-78.3193, 45.1853], [-78.3141, 45.1842], [-78.2962, 45.1933], [-78.2802, 45.1616], [-78.1191, 45.2018], [-78.2481, 45.4413], [-78.5712, 45.3545], [-78.6171, 45.441], [-78.6359, 45.4363], [-78.6438, 45.4523], [-78.6697, 45.4459], [-78.6781, 45.4631], [-78.8566, 45.4152], [-78.8858, 45.4002], [-78.9042, 45.386], [-78.9268, 45.3784], [-78.9266, 45.368], [-78.9322, 45.3522], [-78.9563, 45.3324], [-78.9814, 45.3224], [-78.9968, 45.3249]]]}}, {"type": "Feature", "properties": {"id": "on-wmu-97", "wmu_id": "44", "name": "44", "province": "ON", "source": "Ontario LIO \u2014 Wildlife Management Unit"}, "geometry": {"type": "Polygon", "coordinates": [[[-83.1564, 46.0037], [-83.4338, 45.9982], [-83.5972, 45.8213], [-83.422, 45.7442], [-83.1564, 46.0037]]]}}, {"type": "Feature", "properties": {"id": "on-wmu-98", "wmu_id": "81B", "name": "81B", "province": "ON", "source": "Ontario LIO \u2014 Wildlife Management Unit"}, "geometry": {"type": "Polygon", "coordinates": [[[-80.4998, 45.0001], [-80.2936, 44.5324], [-80.2085, 44.1688], [-80.2135, 44.1508], [-80.2017, 44.1398], [-80.1881, 44.0816], [-80.1391, 44.0911], [-80.1019, 43.9366], [-80.0837, 43.9224], [-79.9708, 43.9472], [-79.991, 43.9686], [-80.0717, 44.3066], [-80.1075, 44.4709], [-80.4998, 45.0001]]]}}, {"type": "Feature", "properties": {"id": "on-wmu-99", "wmu_id": "91B", "name": "91B", "province": "ON", "source": "Ontario LIO \u2014 Wildlife Management Unit"}, "geometry": {"type": "Polygon", "coordinates": [[[-81.0844, 43.2464], [-81.0002, 43.0804], [-81.0066, 43.0727], [-80.9963, 43.059], [-80.7771, 43.1272], [-80.6213, 43.1479], [-80.4365, 43.1794], [-80.5037, 43.3481], [-80.7349, 43.311], [-80.7359, 43.3533], [-81.0844, 43.2464]]]}}, {"type": "Feature", "properties": {"id": "on-wmu-100", "wmu_id": "1B", "name": "1B", "province": "ON", "source": "Ontario LIO \u2014 Wildlife Management Unit"}, "geometry": {"type": "Polygon", "coordinates": [[[-87.0, 55.0], [-83.75, 55.0], [-83.75, 54.0], [-82.2219, 54.0004], [-82.233, 54.0277], [-82.2807, 54.0743], [-82.3295, 54.1133], [-82.3563, 54.1274], [-82.3949, 54.1641], [-82.4273, 54.206], [-82.4298, 54.2349], [-82.4364, 54.2528], [-82.4343, 54.2918], [-82.4248, 54.3242], [-82.3995, 54.3583], [-82.3848, 54.3867], [-82.3815, 54.4002], [-82.3464, 54.4649], [-82.3162, 54.5089], [-82.3034, 54.581], [-82.3053, 54.5846], [-82.3015, 54.5896], [-82.298, 54.608], [-82.2825, 54.6327], [-82.2839, 54.6445], [-82.2901, 54.6512], [-82.2885, 54.6554], [-82.2561, 54.7166], [-82.2427, 54.7277], [-82.2348, 54.7418], [-82.215, 54.7604], [-82.211, 54.7773], [-82.2002, 54.7941], [-82.1971, 54.8104], [-82.199, 54.8365], [-82.2092, 54.8635], [-82.206, 54.8695], [-82.2076, 54.8739], [-82.2166, 54.8764], [-82.2269, 54.873], [-82.232, 54.8603], [-82.2398, 54.8603], [-82.2548, 54.876], [-82.2614, 54.8888], [-82.2672, 54.9129], [-82.2659, 54.9416], [-82.2618, 54.9418], [-82.2577, 54.9349], [-82.2537, 54.9483], [-82.2581, 54.9961], [-82.2739, 55.0169], [-82.2753, 55.0391], [-82.2707, 55.0497], [-82.2496, 55.0561], [-82.2426, 55.0622], [-82.2439, 55.0768], [-82.2504, 55.0931], [-82.2503, 55.1064], [-82.2829, 55.1221], [-82.2918, 55.1179], [-82.301, 55.1192], [-82.3026, 55.1284], [-82.3086, 55.1332], [-82.3175, 55.1335], [-82.3237, 55.1501], [-82.3334, 55.1514], [-82.3349, 55.1484], [-82.331, 55.1398], [-82.3381, 55.1376], [-82.3461, 55.1492], [-82.3432, 55.1554], [-82.3483, 55.1592], [-82.3546, 55.1528], [-82.3455, 55.1382], [-82.3361, 55.133], [-82.3246, 55.1319], [-82.3113, 55.1205], [-82.309, 55.1027], [-82.3296, 55.102], [-82.3329, 55.098], [-82.3102, 55.0685], [-82.3057, 55.0589], [-82.3081, 55.0543], [-82.3538, 55.0676], [-82.3788, 55.0639], [-82.4046, 55.07], [-82.419, 55.0772], [-82.4277, 55.0996], [-82.4533, 55.1162], [-82.4575, 55.1161], [-82.4697, 55.1035], [-82.4945, 55.1077], [-82.51, 55.0916], [-82.5171, 55.0905], [-82.5364, 55.1104], [-82.5717, 55.139], [-82.5927, 55.146], [-82.6274, 55.143], [-82.6301, 55.1448], [-82.6284, 55.1524], [-82.6334, 55.1591], [-82.6618, 55.169], [-82.6802, 55.1801], [-82.6819, 55.1785], [-82.6741, 55.1701], [-82.6805, 55.1666], [-82.6812, 55.1611], [-82.7104, 55.1627], [-82.7205, 55.157], [-82.7088, 55.1421], [-82.7106, 55.14], [-82.7358, 55.1402], [-82.7703, 55.1301], [-82.7959, 55.128], [-82.8266, 55.1319], [-82.862, 55.1431], [-82.8759, 55.143], [-82.8864, 55.1483], [-82.8863, 55.1579], [-82.9008, 55.1823], [-82.914, 55.2011], [-82.9235, 55.2092], [-82.9441, 55.2185], [-82.9721, 55.2239], [-82.9894, 55.2187], [-83.0385, 55.2122], [-83.0582, 55.2059], [-83.0721, 55.2047], [-83.0803, 55.2074], [-83.0903, 55.2034], [-83.1423, 55.1979], [-83.1858, 55.2013], [-83.2087, 55.2135], [-83.2261, 55.2173], [-83.2542, 55.217], [-83.2564, 55.2115], [-83.2644, 55.21], [-83.3054, 55.2125], [-83.3115, 55.2099], [-83.3113, 55.2015], [-83.3388, 55.1986], [-83.4115, 55.2216], [-83.422, 55.2189], [-83.4108, 55.2126], [-83.412, 55.21], [-83.4574, 55.2117], [-83.4909, 55.2206], [-83.5494, 55.2423], [-83.624, 55.2506], [-83.6418, 55.2561], [-83.645, 55.2621], [-83.6513, 55.2648], [-83.67, 55.2685], [-83.6928, 55.2679], [-83.6971, 55.2644], [-83.6965, 55.2568], [-83.6842, 55.2497], [-83.6669, 55.2329], [-83.6351, 55.2192], [-83.6306, 55.2121], [-83.6734, 55.2276], [-83.6943, 55.2223], [-83.738, 55.2438], [-83.749, 55.2527], [-83.7755, 55.2574], [-83.816, 55.2767], [-83.8408, 55.278], [-83.8712, 55.2866], [-83.8833, 55.2946], [-83.8949, 55.2954], [-83.9587, 55.2908], [-83.9987, 55.2741], [-84.0555, 55.2614], [-84.0827, 55.2511], [-84.1038, 55.2548], [-84.1224, 55.2537], [-84.1271, 55.2624], [-84.1608, 55.2719], [-84.1714, 55.2785], [-84.19, 55.2754], [-84.1977, 55.2814], [-84.218, 55.2713], [-84.2392, 55.2681], [-84.2725, 55.2698], [-84.3067, 55.2781], [-84.3276, 55.2689], [-84.3985, 55.2655], [-84.4409, 55.2588], [-84.4597, 55.2486], [-84.4921, 55.24], [-84.5335, 55.2398], [-84.551, 55.2367], [-84.5638, 55.2414], [-84.586, 55.2425], [-84.6662, 55.2354], [-84.7132, 55.2343], [-84.7301, 55.2388], [-84.7405, 55.2354], [-84.7482, 55.2381], [-84.7876, 55.2364], [-84.7973, 55.2394], [-84.803, 55.247], [-84.8136, 55.2523], [-84.8393, 55.2526], [-84.896, 55.2611], [-84.9064, 55.269], [-84.9295, 55.2651], [-84.954, 55.2706], [-84.9738, 55.2795], [-84.9906, 55.2763], [-85.0043, 55.2692], [-85.0149, 55.2697], [-85.1072, 55.292], [-85.1111, 55.2982], [-85.1087, 55.3025], [-85.1109, 55.3106], [-85.1233, 55.3173], [-85.1229, 55.3305], [-85.1261, 55.3336], [-85.1476, 55.3359], [-85.1552, 55.344], [-85.1721, 55.3482], [-85.2067, 55.3459], [-85.213, 55.3498], [-85.2246, 55.3728], [-85.2292, 55.375], [-85.2627, 55.3727], [-85.3027, 55.3824], [-85.3321, 55.3825], [-85.3993, 55.4054], [-85.4184, 55.4202], [-85.4945, 55.4564], [-85.5016, 55.4622], [-85.5033, 55.4686], [-85.5334, 55.4848], [-85.549, 55.4998], [-85.5645, 55.5063], [-85.58, 55.5042], [-85.5838, 55.5077], [-85.5785, 55.5093], [-85.5903, 55.5217], [-85.6305, 55.5452], [-85.6383, 55.5535], [-85.6397, 55.5631], [-85.6525, 55.5703], [-85.681, 55.575], [-85.695, 55.5847], [-85.7181, 55.5903], [-85.7284, 55.5967], [-85.7787, 55.5982], [-85.8334, 55.6247], [-85.8601, 55.6265], [-85.8639, 55.6338], [-85.9028, 55.6554], [-86.0136, 55.673], [-86.0468, 55.6698], [-86.0557, 55.6627], [-86.0519, 55.6686], [-86.0591, 55.6735], [-86.1118, 55.683], [-86.13, 55.6896], [-86.1632, 55.6918], [-86.26, 55.7072], [-86.2925, 55.719], [-86.3321, 55.7396], [-86.3488, 55.7526], [-86.3826, 55.7678], [-86.4704, 55.7926], [-86.5486, 55.8092], [-86.606, 55.8298], [-86.6862, 55.8418], [-86.7217, 55.8536], [-86.7628, 55.8722], [-86.7747, 55.8743], [-86.7855, 55.8679], [-86.783, 55.8737], [-86.7919, 55.879], [-86.8503, 55.8977], [-86.8677, 55.8992], [-86.9053, 55.9154], [-86.9464, 55.9158], [-86.9593, 55.9097], [-86.9536, 55.9165], [-86.9663, 55.9149], [-86.9795, 55.9194], [-87.0, 55.9202], [-87.0, 55.0]]]}}, {"type": "Feature", "properties": {"id": "on-wmu-101", "wmu_id": "94A", "name": "94A", "province": "ON", "source": "Ontario LIO \u2014 Wildlife Management Unit"}, "geometry": {"type": "Polygon", "coordinates": [[[-82.4884, 42.6326], [-82.5097, 42.6382], [-82.5234, 42.6073], [-82.5492, 42.5912], [-82.5803, 42.5641], [-82.5839, 42.554], [-82.5909, 42.55], [-82.6056, 42.5486], [-82.6239, 42.5571], [-82.633, 42.5571], [-82.6622, 42.5415], [-82.8282, 42.3734], [-82.9454, 42.347], [-82.9591, 42.3395], [-83.019, 42.3294], [-83.0634, 42.3178], [-83.0795, 42.3087], [-83.0968, 42.29], [-83.1116, 42.2601], [-83.128, 42.2387], [-83.1327, 42.1883], [-82.8131, 42.1775], [-82.8458, 41.7566], [-82.6797, 41.6766], [-82.3975, 41.6766], [-81.7016, 41.9998], [-82.015, 42.2672], [-82.1413, 42.3679], [-82.035, 42.3972], [-81.9764, 42.4381], [-82.1436, 42.5725], [-82.2475, 42.5755], [-82.2453, 42.6268], [-82.4884, 42.6326]], [[-82.6402, 41.8308], [-82.6338, 41.824], [-82.6307, 41.8055], [-82.6265, 41.7989], [-82.6307, 41.7921], [-82.6311, 41.78], [-82.6206, 41.7507], [-82.6385, 41.7427], [-82.6506, 41.7456], [-82.659, 41.7431], [-82.6689, 41.7337], [-82.672, 41.7244], [-82.6761, 41.7341], [-82.6844, 41.741], [-82.6894, 41.7632], [-82.6917, 41.7636], [-82.6892, 41.7647], [-82.6846, 41.8045], [-82.6877, 41.813], [-82.6837, 41.816], [-82.6739, 41.8094], [-82.6645, 41.8097], [-82.6599, 41.8142], [-82.6543, 41.814], [-82.6433, 41.825], [-82.6457, 41.8208], [-82.6339, 41.8197], [-82.6402, 41.8308]]]}}, {"type": "Feature", "properties": {"id": "on-wmu-102", "wmu_id": "10", "name": "10", "province": "ON", "source": "Ontario LIO \u2014 Wildlife Management Unit"}, "geometry": {"type": "Polygon", "coordinates": [[[-94.2951, 49.031], [-94.3574, 49.0311], [-94.3788, 49.0166], [-94.4045, 49.0183], [-94.4141, 49.0137], [-94.4122, 49.0074], [-94.4185, 48.9987], [-94.4391, 48.9919], [-94.4485, 48.9949], [-94.4524, 48.9986], [-94.4504, 49.001], [-94.4556, 49.0024], [-94.4576, 49.0017], [-94.4554, 49.0001], [-94.7192, 49.0001], [-94.6835, 48.8841], [-94.6843, 48.8724], [-94.6924, 48.869], [-94.6902, 48.8636], [-94.6931, 48.8534], [-94.6856, 48.8401], [-94.702, 48.8318], [-94.7043, 48.8242], [-94.6951, 48.8091], [-94.696, 48.7996], [-94.6909, 48.778], [-94.652, 48.7561], [-94.6413, 48.7412], [-94.6192, 48.7373], [-94.5876, 48.7176], [-94.549, 48.7148], [-94.5385, 48.7027], [-94.533, 48.7012], [-94.4707, 48.6966], [-94.4524, 48.6924], [-94.4388, 48.6948], [-94.4158, 48.711], [-94.3841, 48.7118], [-94.3688, 48.7065], [-94.3431, 48.7034], [-94.3088, 48.7103], [-94.2829, 48.7056], [-94.2746, 48.6999], [-94.2611, 48.6966], [-94.2515, 48.6836], [-94.2547, 48.6615], [-94.2468, 48.6542], [-94.2242, 48.6495], [-94.1886, 48.6504], [-94.1261, 48.6443], [-94.0659, 48.6462], [-94.0643, 48.6437], [-94.0356, 48.6411], [-94.007, 48.6433], [-93.953, 48.6341], [-93.917, 48.6329], [-93.9135, 48.6353], [-93.8444, 48.6302], [-93.8335, 48.6256], [-93.8214, 48.6092], [-93.8131, 48.588], [-93.8064, 48.5795], [-93.8042, 48.5702], [-93.812, 48.5503], [-93.811, 48.5409], [-93.8185, 48.5314], [-93.8111, 48.5246], [-93.7934, 48.5163], [-93.7109, 48.5186], [-93.693, 48.5152], [-93.6593, 48.5164], [-93.6434, 48.519], [-93.6358, 48.5284], [-93.6285, 48.5319], [-93.6123, 48.5224], [-93.5901, 48.5304], [-93.5762, 48.527], [-93.5172, 48.5348], [-93.5011, 48.5413], [-93.4674, 48.5465], [-93.4626, 48.5497], [-93.4575, 48.5671], [-93.4672, 48.5884], [-93.4655, 48.5916], [-93.4398, 48.5937], [-93.4057, 48.6098], [-93.3954, 48.6038], [-93.3715, 48.6059], [-93.362, 48.614], [-93.3551, 48.6114], [-93.3527, 48.6135], [-93.365, 48.6177], [-93.3639, 48.6316], [-93.3748, 48.6315], [-93.3748, 48.6357], [-93.4225, 48.6357], [-93.4934, 48.6644], [-93.5522, 48.7005], [-93.5798, 48.7095], [-93.6749, 48.7729], [-93.7702, 48.8589], [-93.7907, 48.8825], [-93.815, 48.9193], [-93.8453, 48.9517], [-93.8513, 48.9833], [-93.8651, 48.9866], [-93.8719, 48.9789], [-93.887, 48.9701], [-93.911, 48.9755], [-93.9271, 48.9721], [-93.933, 48.9765], [-93.9446, 48.9729], [-93.9598, 48.9767], [-93.9736, 48.9745], [-93.9795, 48.9667], [-93.9931, 48.9626], [-93.9992, 48.9709], [-94.0043, 48.9722], [-94.0143, 48.9652], [-94.0278, 48.965], [-94.0359, 48.9564], [-94.0484, 48.9522], [-94.054, 48.9558], [-94.0611, 48.9548], [-94.0832, 48.962], [-94.0958, 48.9625], [-94.1042, 48.9581], [-94.1604, 48.9575], [-94.1603, 48.943], [-94.2946, 48.9427], [-94.2934, 49.0283], [-94.2951, 49.031]]]}}, {"type": "Feature", "properties": {"id": "on-wmu-103", "wmu_id": "92D", "name": "92D", "province": "ON", "source": "Ontario LIO \u2014 Wildlife Management Unit"}, "geometry": {"type": "Polygon", "coordinates": [[[-80.8078, 42.279], [-80.8066, 42.6481], [-80.8002, 42.6523], [-80.7995, 42.662], [-80.7848, 42.6706], [-80.7923, 42.6765], [-80.7843, 42.6835], [-80.7831, 42.7441], [-80.7652, 42.7643], [-80.7571, 42.781], [-80.7351, 42.8101], [-80.7346, 42.8209], [-80.7182, 42.8595], [-80.7265, 42.8594], [-80.7549, 42.8866], [-80.7642, 42.9221], [-80.7712, 42.9317], [-81.0665, 42.8874], [-81.0875, 42.8814], [-81.0866, 42.8776], [-81.1038, 42.8733], [-81.2522, 42.8618], [-81.2768, 42.8561], [-81.2526, 42.803], [-81.2156, 42.7843], [-81.206, 42.7703], [-81.1979, 42.7645], [-81.192, 42.7485], [-81.1952, 42.6892], [-81.2002, 42.6837], [-81.2167, 42.6761], [-81.212, 42.6659], [-81.214, 42.2128], [-80.8078, 42.279]]]}}, {"type": "Feature", "properties": {"id": "on-wmu-104", "wmu_id": "46", "name": "46", "province": "ON", "source": "Ontario LIO \u2014 Wildlife Management Unit"}, "geometry": {"type": "Polygon", "coordinates": [[[-81.0761, 45.3608], [-80.4998, 45.0001], [-79.9834, 44.9315], [-79.9647, 44.9264], [-79.9236, 44.8802], [-79.8902, 44.8367], [-79.8665, 44.8161], [-79.8147, 44.7917], [-79.7362, 44.767], [-79.73, 44.7732], [-79.7201, 44.8027], [-79.7231, 44.8071], [-79.7162, 44.8151], [-79.7073, 44.8226], [-79.6898, 44.8193], [-79.6799, 44.8271], [-79.6942, 44.8395], [-79.7022, 44.8522], [-79.6984, 44.8705], [-79.6941, 44.8737], [-79.6844, 44.8739], [-79.687, 44.8777], [-79.6613, 44.8927], [-79.6416, 44.8974], [-79.6239, 44.8937], [-79.6184, 44.8834], [-79.5996, 44.8728], [-79.5594, 44.8622], [-79.5523, 44.8636], [-79.5249, 44.8496], [-79.4911, 44.8494], [-79.4842, 44.8447], [-79.4702, 44.8467], [-79.4535, 44.8381], [-79.4059, 44.8435], [-79.4033, 44.8399], [-79.4053, 44.8317], [-79.3926, 44.8216], [-79.3963, 44.805], [-79.3898, 44.792], [-79.3955, 44.7861], [-79.3941, 44.7757], [-79.3534, 44.7728], [-79.3349, 44.7764], [-79.3147, 44.8555], [-79.3293, 44.874], [-79.364, 44.8974], [-79.3741, 44.9198], [-79.3899, 44.918], [-79.4171, 44.9307], [-79.4218, 44.9425], [-79.4341, 44.9474], [-79.4453, 44.9594], [-79.4431, 44.9689], [-79.4899, 44.9975], [-79.445, 44.8984], [-79.5022, 44.9079], [-79.5039, 44.9191], [-79.5144, 44.9248], [-79.5349, 44.9471], [-79.5553, 44.9615], [-79.5599, 44.9717], [-79.5686, 44.978], [-79.5753, 44.9882], [-79.5689, 44.9993], [-79.5721, 45.0047], [-79.5963, 45.0153], [-79.6283, 45.0347], [-79.6549, 45.0579], [-79.6718, 45.0595], [-79.6941, 45.0724], [-79.6987, 45.0841], [-79.7068, 45.0878], [-79.7136, 45.0968], [-79.7138, 45.1023], [-79.7368, 45.1161], [-79.7388, 45.1245], [-79.7583, 45.1506], [-79.7639, 45.1718], [-79.7912, 45.1988], [-79.7959, 45.2285], [-79.8187, 45.249], [-79.8352, 45.2839], [-79.8733, 45.2996], [-79.8999, 45.3068], [-79.9411, 45.3065], [-79.9712, 45.3087], [-79.9792, 45.3122], [-79.9922, 45.3366], [-80.0069, 45.3432], [-80.0117, 45.3582], [-80.0202, 45.3624], [-80.0373, 45.36], [-80.0427, 45.3638], [-80.0498, 45.3834], [-80.0715, 45.411], [-80.0894, 45.413], [-80.1142, 45.4317], [-80.1369, 45.4425], [-80.1825, 45.4803], [-80.2753, 45.5454], [-80.3527, 45.577], [-80.3631, 45.5851], [-80.3792, 45.6027], [-80.3836, 45.617], [-80.3939, 45.629], [-80.4018, 45.6501], [-80.4458, 45.6838], [-80.4947, 45.7629], [-80.4981, 45.7763], [-80.5196, 45.783], [-80.5312, 45.7929], [-80.5543, 45.8323], [-80.5695, 45.8748], [-80.5648, 45.8906], [-80.5738, 45.9086], [-80.5734, 45.9157], [-80.5834, 45.9308], [-80.5791, 45.9656], [-80.5664, 45.9978], [-80.5832, 46.0185], [-80.6433, 46.0147], [-80.755, 46.0169], [-80.8625, 46.0112], [-80.9111, 46.0138], [-80.9171, 46.0124], [-80.9359, 45.9936], [-80.9505, 45.9865], [-80.969, 45.9666], [-80.9823, 45.9611], [-80.9927, 45.9627], [-81.0147, 45.9476], [-81.0263, 45.9493], [-81.0259, 45.9524], [-81.0323, 45.9504], [-81.0419, 45.9512], [-81.04, 45.9538], [-81.0514, 45.9527], [-81.0699, 45.9434], [-81.0724, 45.9455], [-81.0707, 45.9432], [-81.0769, 45.9402], [-81.0761, 45.3608]]]}}, {"type": "Feature", "properties": {"id": "on-wmu-105", "wmu_id": "77B", "name": "77B", "province": "ON", "source": "Ontario LIO \u2014 Wildlife Management Unit"}, "geometry": {"type": "Polygon", "coordinates": [[[-79.9873, 44.3055], [-79.9707, 44.3091], [-79.9719, 44.3135], [-80.0351, 44.3003], [-80.034, 44.2949], [-80.0672, 44.2878], [-79.9903, 43.9663], [-79.9822, 43.962], [-79.9708, 43.9472], [-79.8037, 43.9836], [-79.8043, 43.9986], [-79.811, 44.0072], [-79.8065, 44.0186], [-79.8113, 44.0295], [-79.8122, 44.0449], [-79.7893, 44.0903], [-79.7923, 44.1144], [-79.7765, 44.1405], [-79.7363, 44.1612], [-79.7202, 44.1729], [-79.7057, 44.1918], [-79.7124, 44.2041], [-79.7128, 44.2127], [-79.7241, 44.2185], [-79.7268, 44.223], [-79.7303, 44.2419], [-79.7231, 44.2749], [-79.7299, 44.3017], [-79.7001, 44.3514], [-79.6971, 44.3647], [-79.6903, 44.3746], [-79.9113, 44.3262], [-79.8867, 44.3194], [-79.883, 44.3049], [-79.8808, 44.3111], [-79.8757, 44.3091], [-79.8689, 44.2832], [-79.861, 44.2847], [-79.8575, 44.2702], [-79.8733, 44.2668], [-79.8694, 44.2508], [-79.9022, 44.2437], [-79.8984, 44.2286], [-79.9318, 44.2214], [-79.9332, 44.227], [-79.9488, 44.2233], [-79.9515, 44.2341], [-79.9678, 44.2305], [-79.9767, 44.265], [-79.9631, 44.2702], [-79.9779, 44.2699], [-79.9769, 44.2745], [-79.979, 44.274], [-79.9873, 44.3055]]]}}, {"type": "Feature", "properties": {"id": "on-wmu-106", "wmu_id": "79D", "name": "79D", "province": "ON", "source": "Ontario LIO \u2014 Wildlife Management Unit"}, "geometry": {"type": "Polygon", "coordinates": [[[-80.0374, 43.4733], [-79.8607, 43.3475], [-79.8619, 43.3417], [-79.8761, 43.3291], [-79.8842, 43.3291], [-79.9125, 43.3084], [-79.8871, 43.2906], [-79.8863, 43.2843], [-79.8817, 43.2839], [-79.8838, 43.2804], [-79.8743, 43.2868], [-79.8682, 43.2864], [-79.8484, 43.3007], [-79.8124, 43.3133], [-79.8047, 43.3106], [-79.8002, 43.3029], [-79.8044, 43.3], [-79.8017, 43.2969], [-79.7911, 43.3018], [-79.5928, 43.296], [-79.1342, 43.4742], [-79.6251, 43.4812], [-79.6817, 43.5228], [-79.6974, 43.5083], [-79.8084, 43.5901], [-79.8629, 43.5421], [-79.8861, 43.5368], [-79.9083, 43.527], [-79.9307, 43.5238], [-79.9501, 43.5118], [-79.9633, 43.4973], [-79.9815, 43.4945], [-80.0053, 43.482], [-80.0374, 43.4733]]]}}, {"type": "Feature", "properties": {"id": "on-wmu-107", "wmu_id": "38", "name": "38", "province": "ON", "source": "Ontario LIO \u2014 Wildlife Management Unit"}, "geometry": {"type": "Polygon", "coordinates": [[[-83.2675, 46.9013], [-83.2601, 46.9002], [-83.2426, 46.9069], [-83.2136, 46.9113], [-83.2139, 46.9059], [-83.2105, 46.9051], [-83.217, 46.9021], [-83.2192, 46.897], [-83.2164, 46.8979], [-83.2144, 46.8939], [-83.2193, 46.885], [-83.2159, 46.8803], [-83.2173, 46.8767], [-83.2217, 46.8781], [-83.2207, 46.8812], [-83.2274, 46.8752], [-83.2412, 46.8788], [-83.24, 46.8761], [-83.2464, 46.876], [-83.2395, 46.8755], [-83.238, 46.8704], [-83.2358, 46.8723], [-83.2303, 46.8696], [-83.2424, 46.8612], [-83.2341, 46.8539], [-83.2318, 46.8474], [-83.2157, 46.8391], [-83.1871, 46.8475], [-83.1789, 46.8562], [-83.1802, 46.8526], [-83.1737, 46.8525], [-83.1745, 46.857], [-83.1675, 46.8578], [-83.1681, 46.8609], [-83.1595, 46.8676], [-83.1522, 46.8641], [-83.1527, 46.8599], [-83.1723, 46.8489], [-83.1666, 46.8484], [-83.1631, 46.853], [-83.1547, 46.8559], [-83.1504, 46.8531], [-83.1499, 46.8481], [-83.1448, 46.8471], [-83.1442, 46.8431], [-83.1342, 46.846], [-83.1298, 46.852], [-83.1258, 46.8507], [-83.1269, 46.8545], [-83.1145, 46.8471], [-83.1171, 46.8533], [-83.1082, 46.8596], [-83.1206, 46.8545], [-83.1268, 46.8577], [-83.1308, 46.8554], [-83.1333, 46.8595], [-83.1288, 46.8605], [-83.1282, 46.8655], [-83.124, 46.8658], [-83.13, 46.8669], [-83.1242, 46.8716], [-83.1037, 46.8748], [-83.1069, 46.8769], [-83.1044, 46.8788], [-83.1085, 46.8772], [-83.1172, 46.8868], [-83.1107, 46.8926], [-83.1113, 46.8884], [-83.1013, 46.891], [-83.1092, 46.8858], [-83.0995, 46.8895], [-83.0995, 46.8866], [-83.0924, 46.8914], [-83.0969, 46.8908], [-83.094, 46.8942], [-83.0861, 46.8931], [-83.0848, 46.8969], [-83.0767, 46.9005], [-83.0683, 46.8933], [-83.0728, 46.8891], [-82.9583, 46.8891], [-82.958, 46.8345], [-82.9471, 46.8275], [-82.9422, 46.8178], [-82.9436, 46.8218], [-82.9246, 46.8383], [-82.9133, 46.8376], [-82.9078, 46.8402], [-82.9042, 46.8466], [-82.8909, 46.8472], [-82.8846, 46.8419], [-82.8881, 46.8388], [-82.8731, 46.8169], [-82.8534, 46.8032], [-82.853, 46.795], [-82.8436, 46.7939], [-82.8423, 46.783], [-82.8452, 46.7804], [-82.8397, 46.7752], [-82.8392, 46.7651], [-82.8202, 46.7607], [-82.8148, 46.7552], [-82.8219, 46.7507], [-82.8116, 46.7447], [-82.8164, 46.7404], [-82.8189, 46.723], [-82.8294, 46.7155], [-82.8276, 46.7102], [-82.8327, 46.7027], [-82.8305, 46.7022], [-82.8422, 46.694], [-82.8456, 46.6948], [-82.8478, 46.68], [-82.8344, 46.6724], [-82.812, 46.6721], [-82.8105, 46.6652], [-82.817, 46.6554], [-82.806, 46.6472], [-82.8076, 46.6287], [-82.8016, 46.62], [-82.7905, 46.6091], [-82.7675, 46.6038], [-82.7293, 46.58], [-82.7181, 46.5688], [-82.7101, 46.5479], [-82.6918, 46.5395], [-82.6902, 46.5329], [-82.6749, 46.513], [-82.6522, 46.5093], [-82.6463, 46.5044], [-82.644, 46.4909], [-82.6481, 46.4815], [-82.64, 46.4846], [-82.638, 46.4893], [-82.6375, 46.5016], [-82.6453, 46.5073], [-82.623, 46.512], [-82.6013, 46.5116], [-82.5924, 46.5096], [-82.5842, 46.5028], [-82.5637, 46.5007], [-82.5555, 46.4967], [-82.4285, 46.4769], [-82.3909, 46.4587], [-82.3864, 46.4591], [-82.3857, 46.4649], [-82.3816, 46.4645], [-82.3579, 46.4592], [-82.3402, 46.451], [-81.8406, 46.4513], [-81.8428, 46.4552], [-81.8564, 46.4593], [-81.8577, 46.4665], [-81.8499, 46.4713], [-81.847, 46.4796], [-81.8531, 46.4934], [-81.8495, 46.5003], [-81.8566, 46.5128], [-81.8533, 46.5209], [-81.8565, 46.5249], [-81.8401, 46.5412], [-81.8456, 46.5505], [-81.8442, 46.5629], [-81.8323, 46.5708], [-81.8316, 46.5884], [-81.8186, 46.6007], [-81.8201, 46.6085], [-81.8362, 46.6226], [-81.8314, 46.6354], [-81.8095, 46.6438], [-81.8022, 46.6522], [-81.79, 46.6507], [-81.7768, 46.6576], [-81.7651, 46.6577], [-81.7501, 46.6514], [-81.7475, 46.6445], [-81.7258, 46.6307], [-81.708, 46.6439], [-81.7165, 46.6541], [-81.7121, 46.665], [-81.7035, 46.6743], [-81.6964, 46.6918], [-81.6998, 46.6956], [-81.69, 46.7111], [-81.6953, 46.7328], [-81.7011, 46.7379], [-81.7096, 46.7579], [-81.7183, 46.7647], [-81.7272, 46.787], [-81.7256, 46.7967], [-81.7323, 46.8043], [-81.739, 46.8271], [-81.7445, 46.8326], [-81.7541, 46.8643], [-81.76, 46.8648], [-81.7576, 46.8702], [-81.7609, 46.8722], [-81.7606, 46.8764], [-81.7656, 46.8776], [-81.7639, 46.8827], [-81.7673, 46.8843], [-81.7658, 46.8889], [-81.7735, 46.9003], [-81.7744, 46.9103], [-81.7829, 46.9245], [-81.7868, 46.9237], [-81.8001, 46.939], [-81.8058, 46.9618], [-81.8124, 46.9717], [-81.8046, 46.9825], [-81.8047, 46.9914], [-81.8098, 46.9952], [-81.8111, 47.0047], [-81.8374, 47.0162], [-81.8537, 47.0376], [-81.8335, 47.0577], [-81.8315, 47.0781], [-81.8347, 47.1113], [-81.8538, 47.1332], [-81.8627, 47.1574], [-81.862, 47.1678], [-81.8583, 47.1712], [-81.8621, 47.1774], [-81.8586, 47.1987], [-81.8603, 47.2128], [-81.847, 47.2417], [-81.846, 47.2527], [-81.8493, 47.2662], [-81.8557, 47.2762], [-81.8568, 47.3041], [-81.8673, 47.3334], [-81.854, 47.3476], [-81.8498, 47.3655], [-81.85, 47.3924], [-81.8551, 47.3936], [-81.8542, 47.4055], [-81.8598, 47.4129], [-81.8579, 47.4153], [-81.861, 47.4158], [-81.8581, 47.419], [-81.8654, 47.4261], [-81.8559, 47.4253], [-81.8574, 47.428], [-81.8512, 47.4313], [-81.8515, 47.4498], [-81.8472, 47.4725], [-81.8909, 47.4833], [-81.9081, 47.4819], [-81.9279, 47.4756], [-81.9469, 47.4777], [-81.9644, 47.4849], [-82.0173, 47.4855], [-82.0308, 47.4945], [-82.0432, 47.4957], [-82.0714, 47.487], [-82.0874, 47.4906], [-82.0978, 47.4981], [-82.115, 47.5045], [-82.1312, 47.497], [-82.2164, 47.5016], [-82.2268, 47.4936], [-82.2403, 47.4917], [-82.258, 47.4809], [-82.2722, 47.4767], [-82.2934, 47.4592], [-82.3104, 47.4521], [-82.32, 47.4514], [-82.3273, 47.4423], [-82.3332, 47.4426], [-82.3846, 47.4728], [-82.4076, 47.4692], [-82.4144, 47.4742], [-82.4901, 47.4956], [-82.5228, 47.4967], [-82.5364, 47.4943], [-82.566, 47.5037], [-82.587, 47.5144], [-82.6263, 47.5115], [-82.6515, 47.5201], [-82.6558, 47.5193], [-82.662, 47.5115], [-82.6727, 47.5111], [-82.6915, 47.5338], [-82.7141, 47.5419], [-82.7395, 47.5635], [-82.7438, 47.573], [-82.7397, 47.5821], [-82.7549, 47.5915], [-82.7959, 47.5983], [-82.8247, 47.5959], [-82.8314, 47.5989], [-82.8342, 47.6052], [-82.8533, 47.6161], [-82.8634, 47.6183], [-82.8763, 47.6159], [-82.9105, 47.6223], [-82.9515, 47.6224], [-82.9825, 47.6354], [-82.9973, 47.6459], [-83.0255, 47.6455], [-83.0415, 47.6559], [-83.056, 47.6584], [-83.061, 47.6644], [-83.0839, 47.6702], [-83.0962, 47.6672], [-83.1223, 47.6892], [-83.1343, 47.6882], [-83.1662, 47.6941], [-83.1885, 47.7018], [-83.2106, 47.7394], [-83.2219, 47.7462], [-83.2579, 47.7406], [-83.3039, 47.7438], [-83.3259, 47.7387], [-83.3555, 47.7506], [-83.3679, 47.7607], [-83.3728, 47.755], [-83.3776, 47.7543], [-83.3784, 47.7571], [-83.3811, 47.7529], [-83.389, 47.7501], [-83.3811, 47.7418], [-83.3415, 47.7278], [-83.2954, 47.6787], [-83.2742, 47.6636], [-83.2573, 47.6403], [-83.2062, 47.6188], [-83.211, 47.6056], [-83.2068, 47.5942], [-83.2177, 47.5824], [-83.2101, 47.5622], [-83.2152, 47.5524], [-83.2079, 47.5251], [-83.2095, 47.5121], [-83.2136, 47.507], [-83.2098, 47.4988], [-83.2137, 47.4778], [-83.2041, 47.4413], [-83.2087, 47.4185], [-83.1999, 47.3906], [-83.2075, 47.3712], [-83.2102, 47.3506], [-83.2028, 47.3367], [-83.2105, 47.3207], [-83.2093, 47.3123], [-83.2141, 47.3056], [-83.2028, 47.2737], [-83.2087, 47.2571], [-83.2007, 47.2482], [-83.1979, 47.238], [-83.1722, 47.2057], [-83.1668, 47.185], [-83.1489, 47.1691], [-83.1541, 47.156], [-83.1446, 47.1464], [-83.1419, 47.1363], [-83.1418, 47.1009], [-83.1582, 47.0812], [-83.1462, 47.0558], [-83.1486, 47.0502], [-83.1467, 47.0399], [-83.1603, 47.0222], [-83.184, 47.0125], [-83.1913, 46.9929], [-83.1851, 46.963], [-83.1854, 46.94], [-83.1938, 46.93], [-83.2301, 46.9108], [-83.2621, 46.9059], [-83.2675, 46.9013]]]}}, {"type": "Feature", "properties": {"id": "on-wmu-108", "wmu_id": "41", "name": "41", "province": "ON", "source": "Ontario LIO \u2014 Wildlife Management Unit"}, "geometry": {"type": "Polygon", "coordinates": [[[-80.8427, 46.4941], [-80.8251, 46.4883], [-80.7732, 46.4874], [-80.7541, 46.4976], [-80.7125, 46.508], [-80.6842, 46.5193], [-80.6564, 46.5232], [-80.6442, 46.522], [-80.6116, 46.5117], [-80.5877, 46.5097], [-80.5611, 46.4952], [-80.5426, 46.4794], [-80.4859, 46.4698], [-80.4588, 46.4611], [-80.4159, 46.4549], [-80.406, 46.4504], [-80.3248, 46.4445], [-80.2504, 46.4312], [-80.2189, 46.4299], [-80.0969, 46.4072], [-80.0377, 46.4067], [-79.9472, 46.3666], [-79.892, 46.3653], [-79.7015, 46.3711], [-79.6388, 46.3532], [-79.6207, 46.3532], [-79.5705, 46.3381], [-79.5412, 46.3384], [-79.528, 46.3342], [-79.502, 46.3341], [-79.4532, 46.3274], [-79.4434, 46.3186], [-79.443, 46.3122], [-79.4317, 46.3057], [-79.407, 46.3018], [-79.3825, 46.3028], [-79.3477, 46.2903], [-79.2683, 46.2741], [-79.2046, 46.2682], [-79.1767, 46.2714], [-79.1364, 46.2699], [-79.1021, 46.2766], [-79.0849, 46.272], [-79.0116, 46.2675], [-78.9773, 46.2713], [-78.9083, 46.2872], [-78.8831, 46.2818], [-78.7819, 46.2897], [-78.7569, 46.3041], [-78.7219, 46.306], [-78.7052, 46.3111], [-78.7006, 46.321], [-78.7155, 46.3281], [-78.7263, 46.3412], [-78.723, 46.3696], [-78.7304, 46.3846], [-78.7422, 46.3904], [-78.7577, 46.3931], [-78.7959, 46.4192], [-78.8382, 46.4373], [-78.8592, 46.443], [-78.8883, 46.4589], [-78.9163, 46.481], [-78.9424, 46.5096], [-78.961, 46.5211], [-78.9871, 46.5452], [-78.9973, 46.5715], [-78.9951, 46.5928], [-79.0078, 46.6041], [-79.016, 46.6318], [-79.0431, 46.6451], [-79.0724, 46.665], [-79.0764, 46.6691], [-79.0733, 46.6741], [-79.0754, 46.6775], [-79.093, 46.6878], [-79.0998, 46.7107], [-79.1196, 46.7329], [-79.1227, 46.7464], [-79.1651, 46.8196], [-79.1774, 46.8282], [-79.2133, 46.8325], [-79.2285, 46.8459], [-79.2345, 46.8602], [-79.2617, 46.8872], [-79.2775, 46.8781], [-79.3032, 46.8822], [-79.3087, 46.8793], [-79.3314, 46.8919], [-79.3528, 46.8988], [-79.3516, 46.8954], [-79.3661, 46.8908], [-79.3818, 46.877], [-79.3831, 46.8736], [-79.3738, 46.8723], [-79.3761, 46.8664], [-79.3831, 46.8669], [-79.3905, 46.8588], [-79.3893, 46.8568], [-79.421, 46.8291], [-79.4293, 46.8258], [-79.4285, 46.8307], [-79.4316, 46.8304], [-79.4346, 46.826], [-79.4704, 46.8095], [-79.4871, 46.7978], [-79.4889, 46.8028], [-79.5172, 46.7988], [-79.5198, 46.7816], [-79.5286, 46.7786], [-79.5292, 46.7747], [-79.5191, 46.7654], [-79.5235, 46.7625], [-79.5221, 46.7602], [-79.529, 46.7486], [-79.5417, 46.7477], [-79.5431, 46.7279], [-79.5636, 46.7118], [-79.6738, 46.712], [-79.679, 46.6983], [-79.6848, 46.6966], [-79.6974, 46.6947], [-79.7164, 46.7023], [-79.7287, 46.703], [-79.7432, 46.6972], [-79.765, 46.6998], [-79.7915, 46.7223], [-79.8064, 46.7159], [-79.8047, 46.7297], [-79.807, 46.7332], [-79.8229, 46.7319], [-79.8323, 46.7373], [-79.8512, 46.7324], [-79.8594, 46.7271], [-79.8589, 46.7247], [-79.8716, 46.724], [-79.8696, 46.7327], [-79.8823, 46.7333], [-79.8924, 46.7302], [-79.8976, 46.7245], [-79.9199, 46.7243], [-79.9468, 46.71], [-79.9681, 46.7096], [-79.9808, 46.7037], [-79.9844, 46.7076], [-79.9937, 46.706], [-79.9846, 46.7206], [-80.0038, 46.7303], [-80.0071, 46.744], [-80.0048, 46.749], [-79.9907, 46.7558], [-79.9804, 46.7713], [-79.9768, 46.809], [-79.9654, 46.8246], [-79.9697, 46.8292], [-79.9654, 46.8399], [-79.9653, 46.8487], [-79.9693, 46.8494], [-79.97, 46.8547], [-79.9669, 46.8714], [-79.9868, 46.8689], [-79.9876, 46.8565], [-79.9959, 46.8475], [-80.0042, 46.8449], [-80.0296, 46.8545], [-80.0367, 46.8678], [-80.0565, 46.8823], [-80.0866, 46.941], [-80.1027, 46.9627], [-80.1185, 47.0057], [-80.1435, 47.0408], [-80.169, 47.0553], [-80.1891, 47.0434], [-80.2184, 47.0471], [-80.2397, 47.0547], [-80.2528, 47.0548], [-80.2588, 47.0442], [-80.2598, 47.0385], [-80.2567, 47.0341], [-80.2708, 47.0174], [-80.2898, 47.0026], [-80.303, 47.0007], [-80.3163, 47.0046], [-80.3175, 47.002], [-80.3326, 47.0089], [-80.3465, 47.0048], [-80.3748, 47.0049], [-80.3888, 46.9976], [-80.3907, 46.9926], [-80.3997, 46.9904], [-80.4041, 46.9835], [-80.4078, 46.9836], [-80.4056, 46.9824], [-80.4155, 46.981], [-80.4178, 46.9752], [-80.4195, 46.9767], [-80.4271, 46.9705], [-80.4268, 46.9678], [-80.4345, 46.9701], [-80.4511, 46.9582], [-80.4545, 46.9672], [-80.4657, 46.9722], [-80.4765, 46.9745], [-80.4777, 46.9715], [-80.4927, 46.969], [-80.5031, 46.9709], [-80.5163, 46.9804], [-80.5238, 46.9808], [-80.5213, 46.9838], [-80.523, 46.9892], [-80.5384, 46.9983], [-80.5446, 46.9977], [-80.5536, 47.0106], [-80.5755, 47.0222], [-80.5744, 47.0311], [-80.5965, 47.03], [-80.5969, 47.0372], [-80.6097, 47.0337], [-80.6092, 47.0411], [-80.615, 47.0542], [-80.6277, 47.0582], [-80.6304, 47.0636], [-80.6463, 47.0678], [-80.6489, 47.0699], [-80.646, 47.072], [-80.6499, 47.075], [-80.658, 47.0764], [-80.6576, 47.0814], [-80.6626, 47.0828], [-80.6652, 47.0941], [-80.6628, 47.102], [-80.6738, 47.1035], [-80.6814, 47.109], [-80.6944, 47.1101], [-80.7069, 47.1223], [-80.7223, 47.1291], [-80.7318, 47.129], [-80.7368, 47.1351], [-80.7493, 47.1304], [-80.7591, 47.1339], [-80.7591, 47.1405], [-80.7661, 47.1553], [-80.7856, 47.1716], [-80.783, 47.1748], [-80.7868, 47.1812], [-80.8089, 47.1931], [-80.8142, 47.2062], [-80.8217, 47.2108], [-80.8246, 47.2186], [-80.8219, 47.2191], [-80.8286, 47.2288], [-80.8379, 47.2351], [-80.8364, 47.2385], [-80.8483, 47.2422], [-80.8558, 47.2496], [-80.8577, 47.2463], [-80.8612, 47.2468], [-80.8633, 47.2523], [-80.8817, 47.2566], [-80.8885, 47.2713], [-80.883, 47.2787], [-80.8855, 47.2826], [-80.8955, 47.2854], [-80.9025, 47.2939], [-80.9172, 47.3015], [-80.9247, 47.3026], [-80.94, 47.2997], [-80.9466, 47.3027], [-81.0077, 47.3024], [-81.0146, 47.297], [-81.0136, 47.2907], [-81.0098, 47.2878], [-81.0142, 47.2839], [-81.0291, 47.2903], [-81.0351, 47.2886], [-81.0487, 47.2976], [-81.0533, 47.2934], [-81.0582, 47.2974], [-81.0722, 47.2993], [-81.0733, 47.2964], [-81.08, 47.2965], [-81.0773, 47.2888], [-81.0819, 47.2908], [-81.0818, 47.2828], [-81.0891, 47.278], [-81.1072, 47.2928], [-81.113, 47.2867], [-81.1217, 47.2919], [-81.1349, 47.2941], [-81.1397, 47.2896], [-81.1439, 47.2901], [-81.1412, 47.2878], [-81.1545, 47.2859], [-81.1547, 47.2821], [-81.1619, 47.2758], [-81.1724, 47.28], [-81.1814, 47.278], [-81.1886, 47.2688], [-81.2027, 47.2634], [-81.2047, 47.2575], [-81.2117, 47.2588], [-81.2197, 47.2559], [-81.2309, 47.2568], [-81.2291, 47.2601], [-81.2331, 47.2665], [-81.2324, 47.2726], [-81.2453, 47.2725], [-81.2464, 47.2753], [-81.2418, 47.2778], [-81.2467, 47.2796], [-81.2658, 47.2615], [-81.2811, 47.2636], [-81.2926, 47.258], [-81.2968, 47.2517], [-81.3085, 47.2496], [-81.3088, 47.2457], [-81.321, 47.2324], [-81.339, 47.2204], [-81.3303, 47.2108], [-81.3325, 47.2034], [-81.3396, 47.2007], [-81.3579, 47.2075], [-81.3668, 47.2036], [-81.3677, 47.1999], [-81.3737, 47.2026], [-81.3878, 47.1974], [-81.3924, 47.1908], [-81.3866, 47.1762], [-81.3782, 47.1744], [-81.3553, 47.1584], [-81.3312, 47.1589], [-81.3103, 47.1543], [-81.3033, 47.1415], [-81.2859, 47.1352], [-81.2807, 47.1276], [-81.2704, 47.1218], [-81.2633, 47.1091], [-81.2413, 47.09], [-81.239, 47.0811], [-81.2305, 47.076], [-81.2235, 47.0436], [-81.1976, 47.02], [-81.1662, 47.0089], [-81.1621, 47.0029], [-81.1159, 46.9858], [-81.1046, 46.9781], [-81.0876, 46.9587], [-81.0812, 46.9555], [-81.0754, 46.9458], [-81.0547, 46.9269], [-81.0487, 46.9249], [-81.0432, 46.9055], [-81.0113, 46.8965], [-81.0018, 46.8895], [-80.9903, 46.8912], [-80.9911, 46.8783], [-80.9969, 46.8719], [-80.9957, 46.8618], [-80.9643, 46.8364], [-80.9586, 46.816], [-80.9494, 46.8006], [-80.952, 46.716], [-80.9237, 46.7098], [-80.9251, 46.6999], [-80.9168, 46.6852], [-80.9315, 46.6036], [-80.9438, 46.5863], [-80.9379, 46.5798], [-80.9318, 46.5586], [-80.9118, 46.5309], [-80.8831, 46.5152], [-80.8644, 46.5172], [-80.8409, 46.5138], [-80.8391, 46.5108], [-80.8427, 46.4941]]]}}, {"type": "Feature", "properties": {"id": "on-wmu-109", "wmu_id": "85A", "name": "85A", "province": "ON", "source": "Ontario LIO \u2014 Wildlife Management Unit"}, "geometry": {"type": "Polygon", "coordinates": [[[-82.1549, 43.7369], [-81.7049, 43.7406], [-81.6367, 43.694], [-81.614, 43.6544], [-81.5879, 43.638], [-81.5398, 43.6172], [-81.5393, 43.6273], [-81.4587, 43.7241], [-81.4329, 43.7318], [-81.3177, 43.8804], [-81.7458, 44.0542], [-82.2243, 44.0499], [-82.1549, 43.7369]]]}}, {"type": "Feature", "properties": {"id": "on-wmu-110", "wmu_id": "82C", "name": "82C", "province": "ON", "source": "Ontario LIO \u2014 Wildlife Management Unit"}, "geometry": {"type": "Polygon", "coordinates": [[[-80.7671, 44.7133], [-80.7587, 44.7026], [-80.761, 44.7016], [-80.7547, 44.6941], [-80.7569, 44.6931], [-80.7457, 44.6797], [-80.7423, 44.6801], [-80.7344, 44.6435], [-80.721, 44.6464], [-80.7171, 44.6443], [-80.7159, 44.6389], [-80.6989, 44.6425], [-80.6971, 44.6344], [-80.6641, 44.6415], [-80.6668, 44.6549], [-80.6412, 44.6605], [-80.6417, 44.6632], [-80.6337, 44.6649], [-80.635, 44.6707], [-80.6234, 44.6733], [-80.6269, 44.6776], [-80.6262, 44.6861], [-80.6384, 44.7019], [-80.6392, 44.7104], [-80.6358, 44.7161], [-80.6428, 44.7212], [-80.6884, 44.723], [-80.734, 44.72], [-80.7457, 44.7253], [-80.7456, 44.7232], [-80.7528, 44.7246], [-80.7488, 44.722], [-80.7543, 44.7156], [-80.7671, 44.7133]]]}}, {"type": "Feature", "properties": {"id": "on-wmu-111", "wmu_id": "33", "name": "33", "province": "ON", "source": "Ontario LIO \u2014 Wildlife Management Unit"}, "geometry": {"type": "Polygon", "coordinates": [[[-85.8351, 47.3012], [-84.8498, 47.9339], [-84.8529, 47.9336], [-84.8438, 47.9403], [-84.8475, 47.9433], [-84.8445, 47.945], [-84.8585, 47.9574], [-84.8846, 47.9564], [-84.9019, 47.9612], [-84.8882, 47.9656], [-84.8804, 47.973], [-84.8629, 47.9767], [-84.859, 47.9816], [-84.8456, 47.9844], [-84.8222, 47.9815], [-84.8136, 47.9906], [-84.8197, 47.9948], [-84.8254, 48.0082], [-84.8239, 48.0231], [-84.8361, 48.037], [-84.8328, 48.0447], [-84.8181, 48.0521], [-84.8079, 48.0678], [-84.805, 48.0866], [-84.8119, 48.1005], [-84.8085, 48.1191], [-84.8134, 48.1305], [-84.8072, 48.1512], [-84.8431, 48.187], [-84.8473, 48.2105], [-84.883, 48.2473], [-84.8815, 48.2642], [-84.8897, 48.2879], [-84.9572, 48.3], [-84.979, 48.2967], [-85.0029, 48.3075], [-85.0095, 48.3211], [-85.0514, 48.3449], [-85.0673, 48.3564], [-85.0735, 48.3667], [-85.0863, 48.3743], [-85.0875, 48.3793], [-85.079, 48.3938], [-85.0954, 48.4159], [-85.0966, 48.4286], [-85.1096, 48.4397], [-85.1088, 48.4494], [-85.1209, 48.4733], [-85.1358, 48.4815], [-85.1584, 48.5301], [-85.2207, 48.5591], [-85.2525, 48.565], [-85.2636, 48.5741], [-85.2673, 48.5909], [-85.2896, 48.5974], [-85.317, 48.5966], [-85.3296, 48.6162], [-85.3495, 48.6312], [-85.3909, 48.6305], [-85.436, 48.6417], [-85.4436, 48.6517], [-85.4531, 48.6555], [-85.4576, 48.6614], [-85.5009, 48.6897], [-85.5488, 48.7029], [-85.5641, 48.7116], [-85.5824, 48.715], [-85.6011, 48.71], [-85.6195, 48.7145], [-85.6257, 48.7216], [-85.6338, 48.7122], [-85.6403, 48.6933], [-85.6493, 48.6883], [-85.6468, 48.6859], [-85.6492, 48.6832], [-85.6638, 48.6812], [-85.6742, 48.671], [-85.7122, 48.6622], [-85.715, 48.6579], [-85.7549, 48.6551], [-85.7616, 48.6504], [-85.7691, 48.6384], [-85.7821, 48.641], [-85.8106, 48.6371], [-85.8136, 48.6336], [-85.8089, 48.6274], [-85.8156, 48.6265], [-85.8176, 48.6209], [-85.8265, 48.615], [-85.8612, 48.6128], [-85.8608, 48.6085], [-85.8652, 48.6063], [-85.8629, 48.5983], [-85.8717, 48.5951], [-85.8823, 48.5993], [-85.8866, 48.5931], [-85.8944, 48.5913], [-85.891, 48.5879], [-85.8928, 48.5828], [-85.8994, 48.5729], [-85.9074, 48.5703], [-85.9095, 48.565], [-85.9214, 48.5579], [-85.9204, 48.5539], [-85.9339, 48.5363], [-85.9335, 48.531], [-85.9445, 48.5312], [-85.9446, 48.5277], [-85.9725, 48.5157], [-85.9922, 48.5228], [-86.0059, 48.5175], [-86.0059, 48.5228], [-86.0018, 48.5253], [-86.0022, 48.5323], [-86.0087, 48.5393], [-86.0166, 48.5438], [-86.035, 48.542], [-86.0362, 48.5575], [-86.0603, 48.5703], [-86.0691, 48.5703], [-86.0809, 48.5608], [-86.0888, 48.5609], [-86.0922, 48.5559], [-86.1197, 48.5498], [-86.1501, 48.5323], [-86.1818, 48.5391], [-86.1993, 48.5377], [-86.2045, 48.5426], [-86.205, 48.5493], [-86.2016, 48.5535], [-86.2084, 48.5494], [-86.2143, 48.5501], [-86.2124, 48.5462], [-86.2275, 48.546], [-86.2286, 48.5556], [-86.2388, 48.5632], [-86.2394, 48.5687], [-86.2423, 48.5686], [-86.2679, 48.5544], [-86.2678, 48.547], [-87.297, 47.8923], [-86.5534, 47.5956], [-85.8351, 47.3012]]]}}, {"type": "Feature", "properties": {"id": "on-wmu-112", "wmu_id": "43B", "name": "43B", "province": "ON", "source": "Ontario LIO \u2014 Wildlife Management Unit"}, "geometry": {"type": "Polygon", "coordinates": [[[-82.7573, 46.0106], [-82.7414, 45.4399], [-82.5444, 45.3504], [-81.0761, 45.3608], [-81.0769, 45.9402], [-81.0857, 45.939], [-81.084, 45.9409], [-81.0912, 45.9416], [-81.0933, 45.9404], [-81.0898, 45.9395], [-81.0961, 45.9379], [-81.1005, 45.9419], [-81.0973, 45.9434], [-81.106, 45.9419], [-81.1093, 45.9442], [-81.0988, 45.9479], [-81.1171, 45.9445], [-81.1139, 45.9421], [-81.1164, 45.9414], [-81.1287, 45.9475], [-81.1309, 45.9428], [-81.1359, 45.9416], [-81.1331, 45.9409], [-81.1384, 45.9337], [-81.1455, 45.9305], [-81.1436, 45.9281], [-81.1472, 45.925], [-81.1425, 45.9255], [-81.1396, 45.9216], [-81.1421, 45.9197], [-81.1561, 45.9222], [-81.1576, 45.9242], [-81.1537, 45.9277], [-81.1685, 45.927], [-81.1688, 45.9312], [-81.1766, 45.9318], [-81.1726, 45.9322], [-81.1977, 45.9302], [-81.1815, 45.9373], [-81.1647, 45.9396], [-81.1781, 45.9422], [-81.1783, 45.9444], [-81.1825, 45.9423], [-81.18, 45.9454], [-81.1853, 45.9434], [-81.186, 45.9456], [-81.1799, 45.9473], [-81.1829, 45.9472], [-81.1816, 45.9492], [-81.2146, 45.9491], [-81.2176, 45.9521], [-81.2139, 45.9565], [-81.2176, 45.9544], [-81.2152, 45.9581], [-81.2186, 45.9589], [-81.2117, 45.9609], [-81.2268, 45.9611], [-81.2221, 45.966], [-81.2321, 45.961], [-81.2374, 45.9612], [-81.2365, 45.9655], [-81.2483, 45.9563], [-81.2529, 45.9552], [-81.2546, 45.958], [-81.2548, 45.9546], [-81.2637, 45.9556], [-81.2608, 45.9577], [-81.2634, 45.9589], [-81.2792, 45.9503], [-81.2834, 45.9522], [-81.2778, 45.955], [-81.2792, 45.9572], [-81.2847, 45.9573], [-81.2782, 45.9602], [-81.2901, 45.9601], [-81.2882, 45.9647], [-81.2958, 45.9599], [-81.2929, 45.9696], [-81.2846, 45.975], [-81.308, 45.9665], [-81.3012, 45.9719], [-81.3095, 45.969], [-81.3051, 45.9736], [-81.3149, 45.9729], [-81.3135, 45.9709], [-81.3176, 45.9685], [-81.3169, 45.9716], [-81.3186, 45.9694], [-81.3229, 45.97], [-81.3205, 45.9731], [-81.3246, 45.9715], [-81.3192, 45.9753], [-81.3243, 45.9764], [-81.3199, 45.9815], [-81.3351, 45.9684], [-81.345, 45.9703], [-81.3402, 45.9674], [-81.3504, 45.9664], [-81.3479, 45.97], [-81.3523, 45.9686], [-81.3571, 45.9725], [-81.3517, 45.9773], [-81.3659, 45.9771], [-81.3683, 45.9743], [-81.3613, 45.9856], [-81.3709, 45.9776], [-81.3889, 45.9772], [-81.3962, 45.9799], [-81.3963, 45.9923], [-81.4043, 45.9891], [-81.4058, 45.9918], [-81.4064, 45.9895], [-81.4212, 45.9902], [-81.4166, 45.9934], [-81.4235, 45.9962], [-81.4219, 45.9933], [-81.4291, 45.9895], [-81.4358, 45.9921], [-81.438, 45.9884], [-81.4444, 45.9904], [-81.4512, 45.9865], [-81.4642, 45.9884], [-81.4609, 45.9916], [-81.4706, 45.9879], [-81.4594, 45.9858], [-81.4599, 45.9822], [-81.4668, 45.983], [-81.4619, 45.9792], [-81.4652, 45.9762], [-81.474, 45.973], [-81.4706, 45.9757], [-81.4745, 45.9763], [-81.4884, 45.9679], [-81.4918, 45.9698], [-81.499, 45.9621], [-81.5211, 45.95], [-81.5358, 45.9533], [-81.5317, 45.9568], [-81.5333, 45.9604], [-81.5304, 45.9606], [-81.536, 45.9661], [-81.5337, 45.9675], [-81.5375, 45.9671], [-81.5334, 45.9701], [-81.5358, 45.9717], [-81.532, 45.9713], [-81.5325, 45.9741], [-81.5219, 45.9709], [-81.5172, 45.9749], [-81.5147, 45.9798], [-81.519, 45.982], [-81.5142, 45.9856], [-81.5206, 45.9873], [-81.4991, 45.9896], [-81.5013, 45.9914], [-81.4905, 45.997], [-81.5062, 45.9983], [-81.5034, 46.001], [-81.5052, 46.0029], [-81.4941, 46.0055], [-81.4897, 46.01], [-81.4825, 46.0038], [-81.4849, 46.0062], [-81.4801, 46.0081], [-81.4878, 46.0115], [-81.4941, 46.0091], [-81.5148, 46.0102], [-81.5325, 46.0039], [-81.5316, 46.001], [-81.5346, 45.9999], [-81.5379, 46.0024], [-81.5416, 45.9987], [-81.5486, 46.0], [-81.5333, 45.9946], [-81.5452, 45.9916], [-81.544, 45.9879], [-81.551, 45.9842], [-81.5715, 45.9849], [-81.5688, 45.9829], [-81.5703, 45.9793], [-81.5887, 45.9757], [-81.5843, 45.9739], [-81.5855, 45.9716], [-81.6171, 45.9572], [-81.6465, 45.9565], [-81.6376, 45.9538], [-81.6588, 45.9469], [-81.6648, 45.9413], [-81.687, 45.9421], [-81.6898, 45.9488], [-81.6781, 45.952], [-81.6727, 45.9504], [-81.669, 45.9535], [-81.6644, 45.9484], [-81.655, 45.9596], [-81.6424, 45.9607], [-81.6349, 45.9692], [-81.63, 45.9669], [-81.5845, 45.9892], [-81.5814, 45.9861], [-81.5758, 45.9868], [-81.5654, 45.9936], [-81.5657, 45.9961], [-81.5565, 45.9986], [-81.5836, 46.0053], [-81.6137, 46.002], [-81.6617, 46.003], [-81.6722, 46.0075], [-81.6715, 46.0097], [-81.6412, 46.0091], [-81.6359, 46.0158], [-81.6314, 46.012], [-81.6209, 46.0192], [-81.6144, 46.0179], [-81.5912, 46.023], [-81.551, 46.0211], [-81.506, 46.0311], [-81.5046, 46.0356], [-81.5102, 46.0372], [-81.5067, 46.039], [-81.5131, 46.0406], [-81.5086, 46.0434], [-81.4816, 46.0483], [-81.479, 46.048], [-81.4796, 46.0434], [-81.4733, 46.0437], [-81.4773, 46.0451], [-81.4728, 46.0479], [-81.4795, 46.0506], [-81.5104, 46.0444], [-81.5268, 46.0374], [-81.5807, 46.033], [-81.6289, 46.0211], [-81.6362, 46.0236], [-81.6538, 46.0144], [-81.6672, 46.0138], [-81.6777, 46.0091], [-81.7096, 46.0069], [-81.7197, 46.0097], [-81.7129, 46.0148], [-81.7041, 46.0157], [-81.7017, 46.0196], [-81.6869, 46.0209], [-81.681, 46.0267], [-81.6707, 46.0261], [-81.6635, 46.0308], [-81.6437, 46.0274], [-81.6443, 46.0317], [-81.6355, 46.0257], [-81.6218, 46.0319], [-81.6202, 46.0301], [-81.5878, 46.0382], [-81.5477, 46.0496], [-81.552, 46.0512], [-81.5388, 46.0526], [-81.559, 46.0535], [-81.5516, 46.0576], [-81.5327, 46.0597], [-81.5598, 46.0592], [-81.5647, 46.0616], [-81.5638, 46.0591], [-81.5675, 46.0587], [-81.5662, 46.0658], [-81.5515, 46.069], [-81.5673, 46.0665], [-81.5686, 46.0697], [-81.5574, 46.0711], [-81.5514, 46.0775], [-81.5503, 46.0752], [-81.5445, 46.0768], [-81.5425, 46.0849], [-81.5388, 46.0864], [-81.5519, 46.0873], [-81.5493, 46.0891], [-81.5524, 46.0901], [-81.553, 46.0954], [-81.5557, 46.0926], [-81.5614, 46.0947], [-81.5626, 46.0918], [-81.5595, 46.0912], [-81.5688, 46.089], [-81.5706, 46.0921], [-81.588, 46.094], [-81.5864, 46.0967], [-81.5972, 46.0992], [-81.5956, 46.1009], [-81.6277, 46.1018], [-81.6288, 46.1051], [-81.6208, 46.1061], [-81.6164, 46.105], [-81.6191, 46.102], [-81.612, 46.1062], [-81.6053, 46.1042], [-81.6096, 46.1064], [-81.6069, 46.1077], [-81.6163, 46.1095], [-81.6117, 46.1123], [-81.6173, 46.116], [-81.619, 46.1126], [-81.6275, 46.1113], [-81.6356, 46.1111], [-81.6249, 46.1143], [-81.6368, 46.1137], [-81.6385, 46.1164], [-81.6426, 46.1131], [-81.6617, 46.1147], [-81.6666, 46.1106], [-81.6888, 46.1092], [-81.6888, 46.0923], [-81.715, 46.0923], [-81.7156, 46.1064], [-81.7245, 46.1093], [-81.7406, 46.106], [-81.7493, 46.1074], [-81.7517, 46.1048], [-81.7695, 46.1079], [-81.7867, 46.1033], [-81.7776, 46.1023], [-81.7908, 46.0985], [-81.8083, 46.0988], [-81.8074, 46.1009], [-81.8122, 46.1016], [-81.8269, 46.0978], [-81.8311, 46.0997], [-81.8218, 46.1004], [-81.8513, 46.103], [-81.8744, 46.1008], [-81.8864, 46.093], [-81.8931, 46.098], [-81.9723, 46.091], [-82.01, 46.0952], [-82.0444, 46.1036], [-82.0457, 46.1019], [-82.0419, 46.1002], [-82.0541, 46.1008], [-82.147, 45.9954], [-82.2097, 46.0612], [-82.2662, 46.0616], [-82.3625, 46.016], [-82.7573, 46.0106]]]}}, {"type": "Feature", "properties": {"id": "on-wmu-113", "wmu_id": "85C", "name": "85C", "province": "ON", "source": "Ontario LIO \u2014 Wildlife Management Unit"}, "geometry": {"type": "Polygon", "coordinates": [[[-82.266, 43.3073], [-81.7572, 43.3118], [-81.7554, 43.307], [-81.7605, 43.3058], [-81.7634, 43.2963], [-81.7613, 43.2873], [-81.7639, 43.2827], [-81.7603, 43.2761], [-81.7689, 43.272], [-81.7675, 43.2652], [-81.7725, 43.26], [-81.7694, 43.2565], [-81.7775, 43.2487], [-81.7737, 43.2364], [-81.4653, 43.2707], [-81.4689, 43.2889], [-81.4312, 43.2931], [-81.3637, 43.2638], [-81.2868, 43.356], [-81.2969, 43.3607], [-81.3011, 43.3816], [-81.3373, 43.3777], [-81.4431, 43.4241], [-81.3498, 43.5346], [-81.5888, 43.6386], [-81.6153, 43.6555], [-81.6373, 43.6947], [-81.7046, 43.7405], [-82.1549, 43.7369], [-82.1228, 43.5912], [-82.266, 43.3073]]]}}, {"type": "Feature", "properties": {"id": "on-wmu-114", "wmu_id": "51", "name": "51", "province": "ON", "source": "Ontario LIO \u2014 Wildlife Management Unit"}, "geometry": {"type": "Polygon", "coordinates": [[[-79.1222, 45.8905], [-79.0637, 45.7838], [-79.0868, 45.7725], [-79.0869, 45.7632], [-79.0618, 45.7696], [-79.0574, 45.7611], [-79.0525, 45.7624], [-79.0458, 45.7498], [-79.0555, 45.7473], [-79.051, 45.7388], [-79.0413, 45.7413], [-78.9305, 45.5325], [-78.9246, 45.534], [-78.8595, 45.4144], [-78.6781, 45.4631], [-78.6697, 45.4459], [-78.6438, 45.4523], [-78.6359, 45.4363], [-78.6171, 45.441], [-78.5712, 45.3545], [-78.2481, 45.4413], [-78.2735, 45.4884], [-78.2338, 45.5824], [-78.0602, 45.631], [-78.057, 45.625], [-78.0472, 45.6278], [-78.051, 45.6347], [-78.0463, 45.6359], [-78.051, 45.6444], [-77.9922, 45.6597], [-77.983, 45.6431], [-77.9881, 45.6418], [-77.9835, 45.6335], [-77.4979, 45.7643], [-77.6924, 46.1134], [-77.891, 46.0603], [-77.9195, 46.112], [-78.0874, 46.0673], [-78.1349, 46.1533], [-78.3191, 46.1037], [-78.3288, 46.1216], [-78.4476, 46.089], [-78.4557, 46.1055], [-78.5221, 46.0896], [-78.5479, 46.1378], [-78.6407, 46.1145], [-78.6502, 46.1324], [-78.701, 46.12], [-78.6911, 46.1014], [-78.7209, 46.094], [-78.7511, 46.1485], [-78.8099, 46.1326], [-78.8187, 46.15], [-78.8657, 46.1385], [-78.8565, 46.1201], [-78.9294, 46.101], [-78.921, 46.0855], [-79.1597, 46.0212], [-79.1162, 45.9418], [-79.1114, 45.9431], [-79.109, 45.9388], [-79.1068, 45.9346], [-79.1116, 45.9333], [-79.0924, 45.8984], [-79.1222, 45.8905]]]}}, {"type": "Feature", "properties": {"id": "on-wmu-115", "wmu_id": "92B", "name": "92B", "province": "ON", "source": "Ontario LIO \u2014 Wildlife Management Unit"}, "geometry": {"type": "Polygon", "coordinates": [[[-81.8352, 42.6089], [-81.3122, 42.1775], [-81.3306, 42.6482], [-81.6815, 42.9129], [-81.6562, 42.9313], [-81.7889, 42.9314], [-81.7902, 42.8162], [-81.7956, 42.8123], [-81.8355, 42.8428], [-81.8352, 42.6089]]]}}, {"type": "Feature", "properties": {"id": "on-wmu-116", "wmu_id": "78C", "name": "78C", "province": "ON", "source": "Ontario LIO \u2014 Wildlife Management Unit"}, "geometry": {"type": "Polygon", "coordinates": [[[-79.7756, 43.9897], [-79.7089, 43.871], [-79.6372, 43.8864], [-79.6327, 43.8835], [-79.6227, 43.8851], [-79.618, 43.8866], [-79.6179, 43.8905], [-79.222, 43.977], [-79.2762, 44.1013], [-79.4204, 44.0684], [-79.4245, 44.0868], [-79.5108, 44.0673], [-79.5318, 44.1507], [-79.5407, 44.1469], [-79.5457, 44.1367], [-79.544, 44.1279], [-79.5464, 44.1264], [-79.5433, 44.12], [-79.5503, 44.0954], [-79.5573, 44.0905], [-79.5575, 44.0875], [-79.5533, 44.0868], [-79.557, 44.0756], [-79.5677, 44.0718], [-79.5725, 44.0649], [-79.5956, 44.0525], [-79.5988, 44.048], [-79.6156, 44.0468], [-79.6122, 44.0445], [-79.6151, 44.0413], [-79.6123, 44.0402], [-79.6148, 44.0375], [-79.6123, 44.0348], [-79.618, 44.0328], [-79.6199, 44.0279], [-79.6297, 44.0263], [-79.6369, 44.0206], [-79.6444, 44.0229], [-79.6495, 44.0177], [-79.6583, 44.0204], [-79.6571, 44.0159], [-79.7756, 43.9897]]]}}, {"type": "Feature", "properties": {"id": "on-wmu-117", "wmu_id": "1D", "name": "1D", "province": "ON", "source": "Ontario LIO \u2014 Wildlife Management Unit"}, "geometry": {"type": "Polygon", "coordinates": [[[-85.83, 51.6288], [-85.9021, 51.6202], [-85.9383, 51.6262], [-85.9363, 51.6304], [-85.945, 51.6334], [-85.9684, 51.6354], [-85.9758, 51.6438], [-85.9927, 51.648], [-85.9968, 51.6522], [-85.9975, 51.6749], [-86.003, 51.685], [-86.0258, 51.6962], [-86.0323, 51.7053], [-86.0491, 51.7142], [-86.0945, 51.7197], [-86.1148, 51.73], [-86.1206, 51.7258], [-86.1376, 51.7262], [-86.1531, 51.7338], [-86.1656, 51.7473], [-86.2065, 51.7487], [-86.2313, 51.7456], [-86.2514, 51.7595], [-86.2777, 51.7687], [-86.3054, 51.7634], [-86.3449, 51.7659], [-86.3471, 51.7618], [-86.3757, 51.7556], [-86.3826, 51.7602], [-86.3918, 51.7608], [-86.3923, 51.7646], [-86.4118, 51.767], [-86.4155, 51.7717], [-86.4204, 51.769], [-86.4235, 51.772], [-86.4289, 51.7696], [-86.4349, 51.7724], [-86.449, 51.7676], [-86.4489, 51.7634], [-86.4543, 51.7635], [-86.4568, 51.7601], [-86.4544, 51.7561], [-86.4672, 51.7517], [-86.4648, 51.7484], [-86.4698, 51.744], [-86.4804, 51.7427], [-86.496, 51.7531], [-86.4971, 51.7575], [-86.5102, 51.7617], [-86.5003, 51.7666], [-86.5068, 51.7689], [-86.5096, 51.7738], [-86.5057, 51.778], [-86.5095, 51.7808], [-86.5083, 51.7892], [-86.5042, 51.7919], [-86.5091, 51.793], [-86.5096, 51.7971], [-86.518, 51.7954], [-86.524, 51.8008], [-86.5347, 51.7991], [-86.5369, 51.8029], [-86.5456, 51.8044], [-86.5611, 51.8008], [-86.574, 51.8016], [-86.5901, 51.8091], [-86.5924, 51.8036], [-86.6022, 51.8007], [-89.0, 51.8007], [-89.0, 54.0], [-82.2222, 54.0], [-82.1995, 53.9539], [-82.1813, 53.9335], [-82.1648, 53.8938], [-82.1535, 53.882], [-82.1426, 53.8479], [-82.1263, 53.8198], [-82.1299, 53.7694], [-82.1535, 53.7321], [-82.1626, 53.7239], [-82.1704, 53.7097], [-82.179, 53.7041], [-82.1828, 53.6914], [-82.19, 53.6828], [-82.2063, 53.636], [-82.2094, 53.6056], [-82.2159, 53.5879], [-82.2084, 53.566], [-82.2091, 53.5438], [-82.2, 53.5179], [-82.1723, 53.475], [-82.1535, 53.4151], [-82.1401, 53.3877], [-82.1125, 53.274], [-82.1148, 53.2641], [-82.1614, 53.2452], [-82.203, 53.2176], [-82.2215, 53.202], [-82.2253, 53.194], [-82.2322, 53.1931], [-82.2354, 53.1826], [-82.2717, 53.1342], [-82.2736, 53.1165], [-82.281, 53.1171], [-82.274, 53.1127], [-82.2805, 53.0984], [-82.2808, 53.0795], [-82.2867, 53.0645], [-82.2906, 53.0704], [-82.29, 53.0833], [-82.2929, 53.0784], [-82.2929, 53.0678], [-82.2875, 53.0612], [-82.283, 53.0373], [-82.2808, 53.0045], [-82.2859, 53.0009], [-82.2781, 52.9986], [-82.2732, 52.9834], [-82.2753, 52.9792], [-82.2825, 52.9774], [-82.2704, 52.9749], [-82.2632, 52.9474], [-82.237, 52.9213], [-82.2069, 52.9074], [-82.1653, 52.9001], [-82.1141, 52.883], [-82.0635, 52.8455], [-82.0292, 52.8259], [-82.0139, 52.8087], [-81.9596, 52.7779], [-81.9576, 52.7759], [-81.9597, 52.7731], [-82.0, 52.7671], [-82.0, 52.7645], [-81.9684, 52.7677], [-81.955, 52.7626], [-81.9495, 52.7566], [-81.925, 52.7019], [-81.8839, 52.6648], [-81.814, 52.6343], [-81.7689, 52.6095], [-81.6898, 52.5321], [-81.6368, 52.4891], [-81.5926, 52.4605], [-81.5457, 52.4432], [-81.5423, 52.438], [-81.543, 52.4272], [-81.5567, 52.4092], [-81.563, 52.3925], [-81.5585, 52.3635], [-81.5515, 52.3494], [-81.5248, 52.3327], [-81.4948, 52.3018], [-81.4784, 52.2912], [-81.4651, 52.2357], [-81.4435, 52.1889], [-81.4766, 52.2175], [-81.5149, 52.2297], [-81.5993, 52.2286], [-81.6319, 52.2174], [-81.6394, 52.2108], [-81.653, 52.2084], [-81.6606, 52.203], [-81.6628, 52.2043], [-81.6549, 52.2096], [-81.6424, 52.2118], [-81.633, 52.2193], [-81.6678, 52.2245], [-81.6733, 52.2195], [-81.7176, 52.2268], [-81.7662, 52.2272], [-81.7782, 52.222], [-81.7784, 52.2125], [-81.7869, 52.2006], [-81.8183, 52.1906], [-81.8432, 52.1901], [-81.8591, 52.1809], [-81.8577, 52.1771], [-81.8608, 52.1734], [-81.8897, 52.1642], [-81.8951, 52.1677], [-81.9377, 52.1642], [-81.9557, 52.1554], [-81.9709, 52.1536], [-81.9956, 52.1387], [-82.0396, 52.134], [-82.096, 52.1106], [-82.125, 52.1128], [-82.1676, 52.1058], [-82.1862, 52.0995], [-82.2225, 52.0959], [-82.2733, 52.1034], [-82.3174, 52.0906], [-82.3331, 52.0818], [-82.3491, 52.0576], [-82.3875, 52.0312], [-82.3951, 52.0197], [-82.4181, 51.9982], [-82.4727, 51.9698], [-82.4939, 51.9659], [-82.5191, 51.9533], [-82.5393, 51.9513], [-82.5482, 51.9438], [-82.5673, 51.938], [-82.5833, 51.9283], [-82.6251, 51.9179], [-82.6516, 51.9178], [-82.6802, 51.9224], [-82.7287, 51.9177], [-82.7501, 51.9105], [-82.7903, 51.8881], [-82.8439, 51.883], [-82.8755, 51.8913], [-82.8939, 51.8829], [-82.9339, 51.8722], [-82.9517, 51.8621], [-82.979, 51.8381], [-83.0275, 51.8116], [-83.0475, 51.7953], [-83.0876, 51.7709], [-83.1029, 51.7336], [-83.1484, 51.6849], [-83.1552, 51.6808], [-83.1753, 51.6784], [-83.2033, 51.6669], [-83.2337, 51.6454], [-83.2465, 51.6183], [-83.2538, 51.6119], [-83.2594, 51.5898], [-83.2754, 51.5659], [-83.2753, 51.5406], [-83.2817, 51.5309], [-83.2984, 51.5233], [-83.3307, 51.5191], [-83.3521, 51.5113], [-83.4033, 51.4792], [-83.4051, 51.4708], [-83.4108, 51.4775], [-83.4314, 51.4744], [-83.4633, 51.4797], [-83.5143, 51.469], [-83.5315, 51.4592], [-83.5575, 51.4325], [-83.5926, 51.4136], [-83.6175, 51.4084], [-83.6501, 51.4128], [-83.7105, 51.4017], [-83.7359, 51.3855], [-83.7818, 51.3648], [-83.8061, 51.3351], [-83.8707, 51.3165], [-83.8945, 51.3053], [-83.9282, 51.3007], [-83.9891, 51.2836], [-84.0322, 51.2801], [-84.1224, 51.2521], [-84.1507, 51.2531], [-84.1741, 51.2482], [-84.1995, 51.253], [-84.2232, 51.2421], [-84.2456, 51.2392], [-84.2597, 51.2435], [-84.2802, 51.237], [-84.3047, 51.2363], [-84.3772, 51.2077], [-84.4089, 51.1772], [-84.4213, 51.1543], [-84.4471, 51.1431], [-84.4603, 51.1304], [-84.476, 51.1073], [-84.4829, 51.1013], [-84.4939, 51.0997], [-84.5059, 51.0996], [-84.5204, 51.1045], [-84.5298, 51.1006], [-84.5337, 51.1119], [-84.5377, 51.1136], [-84.5559, 51.1097], [-84.5704, 51.1175], [-84.5916, 51.1159], [-84.6075, 51.1294], [-84.6112, 51.1389], [-84.6168, 51.1422], [-84.6401, 51.1503], [-84.6885, 51.159], [-84.6994, 51.1644], [-84.7154, 51.1795], [-84.7631, 51.1872], [-84.7884, 51.1868], [-84.8004, 51.1905], [-84.8045, 51.1931], [-84.8077, 51.2038], [-84.8205, 51.2124], [-84.8452, 51.2204], [-84.8585, 51.2402], [-84.8981, 51.271], [-84.9994, 51.2821], [-85.0085, 51.2938], [-85.0439, 51.3178], [-85.0436, 51.3272], [-85.0375, 51.339], [-85.0386, 51.3583], [-85.063, 51.3819], [-85.0518, 51.3894], [-85.0505, 51.3943], [-85.0942, 51.4141], [-85.1268, 51.4178], [-85.1603, 51.432], [-85.1734, 51.4475], [-85.176, 51.4587], [-85.1901, 51.479], [-85.2233, 51.5037], [-85.3156, 51.525], [-85.325, 51.5367], [-85.3255, 51.5453], [-85.3357, 51.5593], [-85.3455, 51.564], [-85.3601, 51.5649], [-85.383, 51.5815], [-85.4102, 51.5914], [-85.4261, 51.6182], [-85.4438, 51.6315], [-85.4518, 51.6441], [-85.4798, 51.6547], [-85.5039, 51.658], [-85.6561, 51.6448], [-85.6781, 51.6453], [-85.7167, 51.6316], [-85.7764, 51.6301], [-85.8011, 51.6364], [-85.80541106614393, 51.63261043379284], [-85.8089, 51.6359], [-85.83, 51.6288]]]}}, {"type": "Feature", "properties": {"id": "on-wmu-118", "wmu_id": "16A", "name": "16A", "province": "ON", "source": "Ontario LIO \u2014 Wildlife Management Unit"}, "geometry": {"type": "Polygon", "coordinates": [[[-93.0175, 51.7735], [-92.9872, 51.7683], [-92.9571, 51.7493], [-92.9343, 51.7434], [-92.9349, 51.7407], [-92.9217, 51.7322], [-92.9021, 51.7293], [-92.9052, 51.7242], [-92.8922, 51.7143], [-92.9179, 51.7076], [-92.9131, 51.684], [-92.8917, 51.6881], [-92.8927, 51.6928], [-92.887, 51.696], [-92.8683, 51.6919], [-92.8581, 51.6978], [-92.8404, 51.6885], [-92.7952, 51.7031], [-92.7749, 51.7032], [-92.7602, 51.6985], [-92.7667, 51.6912], [-92.7663, 51.6873], [-92.752, 51.6882], [-92.7501, 51.6832], [-92.753, 51.6795], [-92.7429, 51.6745], [-92.7104, 51.6744], [-92.6964, 51.6702], [-92.6691, 51.676], [-92.6617, 51.6696], [-92.6577, 51.6698], [-92.6534, 51.6621], [-92.656, 51.66], [-92.6543, 51.6478], [-92.6577, 51.6443], [-92.6541, 51.6369], [-92.6676, 51.6198], [-92.6669, 51.6094], [-92.6463, 51.6115], [-92.6523, 51.6079], [-92.6526, 51.6041], [-92.6427, 51.5962], [-92.6332, 51.6039], [-92.6263, 51.5988], [-92.6168, 51.6025], [-92.605, 51.6022], [-92.6045, 51.5966], [-92.6073, 51.5943], [-92.6022, 51.591], [-92.6047, 51.5901], [-92.5994, 51.584], [-92.5696, 51.5784], [-92.5607, 51.5726], [-92.5634, 51.5711], [-92.5616, 51.5663], [-92.5668, 51.562], [-92.5635, 51.5569], [-92.5737, 51.5529], [-92.5759, 51.5488], [-92.5741, 51.5439], [-92.5687, 51.542], [-92.5717, 51.5271], [-92.591, 51.5169], [-92.5836, 51.5122], [-92.5843, 51.5086], [-92.5788, 51.508], [-92.5774, 51.5034], [-92.5847, 51.4982], [-92.534, 51.4913], [-92.534, 51.4867], [-92.5365, 51.4869], [-92.5346, 51.4828], [-92.5264, 51.4825], [-92.5247, 51.4802], [-92.5309, 51.4787], [-92.5235, 51.476], [-92.5269, 51.4697], [-92.5328, 51.4788], [-92.5366, 51.4785], [-92.5408, 51.4728], [-92.5378, 51.4732], [-92.5361, 51.4689], [-92.546, 51.4693], [-92.5411, 51.4651], [-92.5552, 51.4567], [-92.5464, 51.4531], [-92.5486, 51.4501], [-92.5412, 51.4492], [-92.5525, 51.4265], [-92.5609, 51.4284], [-92.5619, 51.434], [-92.5695, 51.4293], [-92.5766, 51.4328], [-92.5769, 51.429], [-92.5716, 51.4274], [-92.5719, 51.4222], [-92.5807, 51.4172], [-92.5753, 51.4152], [-92.5639, 51.4201], [-92.5602, 51.4151], [-92.5724, 51.4133], [-92.5694, 51.4116], [-92.5718, 51.4074], [-92.554, 51.4122], [-92.5705, 51.4062], [-92.577, 51.4006], [-92.5784, 51.3936], [-92.5861, 51.3849], [-92.582, 51.384], [-92.5961, 51.3723], [-92.5998, 51.3727], [-92.601, 51.3682], [-92.5896, 51.3748], [-92.5871, 51.3728], [-92.578, 51.3833], [-92.5695, 51.3784], [-92.59, 51.3714], [-92.5889, 51.3684], [-92.5929, 51.3668], [-92.5951, 51.3693], [-92.6125, 51.3584], [-92.6067, 51.356], [-92.616, 51.3194], [-92.6952, 51.2694], [-92.7192, 51.2294], [-92.724, 51.1971], [-92.7295, 51.185], [-92.7328, 51.1432], [-92.7435, 51.1292], [-92.7247, 51.126], [-92.6798, 51.1264], [-92.6435, 51.1164], [-92.6246, 51.1045], [-92.6293, 51.0818], [-92.6258, 51.0781], [-92.5953, 51.0739], [-92.5327, 51.0969], [-92.3912, 51.1218], [-92.2131, 51.1578], [-92.0905, 51.1771], [-91.9197, 51.1888], [-91.6286, 51.1623], [-91.5933, 51.1629], [-91.5919, 51.1532], [-91.5704, 51.1557], [-91.5594, 51.1538], [-91.5599, 51.1427], [-91.5504, 51.14], [-91.5509, 51.1265], [-91.5399, 51.1261], [-91.5368, 51.1226], [-91.5276, 51.1209], [-91.4915, 51.1174], [-91.4731, 51.0933], [-91.4621, 51.0922], [-91.46, 51.0907], [-91.4624, 51.0875], [-91.4535, 51.0866], [-91.4512, 51.0833], [-91.453, 51.0774], [-91.4439, 51.0795], [-91.4307, 51.0746], [-91.4062, 51.0744], [-91.4131, 51.0618], [-91.4187, 51.0638], [-91.4317, 51.0563], [-91.4301, 51.0469], [-91.4309, 51.0425], [-91.4365, 51.0403], [-91.4345, 51.0345], [-91.3781, 51.0424], [-91.3751, 51.0436], [-91.3777, 51.0482], [-91.3316, 51.0666], [-91.3151, 51.0661], [-91.3134, 51.0625], [-91.3065, 51.061], [-91.3027, 51.0671], [-91.2943, 51.0702], [-91.2956, 51.072], [-91.267, 51.0736], [-91.252, 51.0702], [-91.2497, 51.0631], [-91.2345, 51.0578], [-91.193, 51.0614], [-91.1913, 51.0562], [-91.1734, 51.0537], [-91.173, 51.0495], [-91.1893, 51.0274], [-91.1845, 51.0259], [-91.1479, 51.0322], [-91.1301, 51.0313], [-91.1084, 51.0093], [-91.1074, 51.0], [-91.0993, 50.993], [-91.1022, 50.9855], [-91.0782, 50.9823], [-91.0154, 50.9881], [-91.0076, 50.9797], [-90.9993, 50.9761], [-90.9638, 51.0022], [-90.9258, 51.0003], [-90.925, 51.0066], [-90.917, 51.0149], [-90.9101, 51.0307], [-90.8839, 51.0404], [-90.8819, 51.0515], [-90.8079, 51.052], [-90.7883, 51.0578], [-90.7707, 51.0697], [-90.7421, 51.0822], [-90.7142, 51.0763], [-90.6785, 51.0968], [-90.6566, 51.1189], [-90.6271, 51.1258], [-90.6013, 51.1249], [-90.5924, 51.1201], [-90.5925, 51.114], [-90.6092, 51.0956], [-90.6082, 51.0899], [-90.6032, 51.0874], [-90.5729, 51.0894], [-90.5463, 51.1005], [-90.5413, 51.1071], [-90.5221, 51.1134], [-90.4894, 51.1147], [-90.4808, 51.1048], [-90.4548, 51.0986], [-90.4417, 51.0894], [-90.4186, 51.0944], [-90.4072, 51.0808], [-90.4085, 51.0667], [-90.4035, 51.066], [-90.3447, 51.0878], [-90.312, 51.091], [-90.2983, 51.103], [-90.2757, 51.1146], [-90.2618, 51.1307], [-90.2348, 51.131], [-90.2311, 51.1284], [-90.2331, 51.121], [-90.2261, 51.1174], [-90.1999, 51.1173], [-90.1701, 51.1332], [-90.1568, 51.1361], [-90.1358, 51.1346], [-90.1195, 51.1388], [-90.1134, 51.1366], [-90.1, 51.1416], [-90.0875, 51.1409], [-90.0781, 51.132], [-90.0514, 51.1241], [-90.035, 51.1319], [-90.0236, 51.1418], [-90.0174, 51.1424], [-90.0097, 51.1327], [-90.0052, 51.1342], [-90.0015, 51.1421], [-89.9803, 51.1493], [-89.969, 51.1498], [-89.9531, 51.1652], [-89.9415, 51.1702], [-89.933, 51.1697], [-89.9186, 51.1612], [-89.9053, 51.1624], [-89.8935, 51.1773], [-89.8879, 51.1784], [-89.8846, 51.1748], [-89.868, 51.1815], [-89.8576, 51.1821], [-89.8325, 51.1981], [-89.8173, 51.2043], [-89.8056, 51.205], [-89.7933, 51.2134], [-89.7927, 51.2169], [-89.7724, 51.2183], [-89.7468, 51.2146], [-89.7285, 51.2216], [-89.7142, 51.2212], [-89.7029, 51.2303], [-89.6812, 51.2258], [-89.6739, 51.2334], [-89.664, 51.234], [-89.6137, 51.257], [-89.6022, 51.2561], [-89.5923, 51.246], [-89.5769, 51.2484], [-89.5906, 51.4654], [-89.5791, 51.4621], [-89.5574, 51.469], [-89.5471, 51.4665], [-89.5005, 51.4797], [-89.4858, 51.4947], [-89.4798, 51.4959], [-89.4958, 51.5097], [-89.4822, 51.5173], [-89.4874, 51.5203], [-89.4845, 51.5288], [-89.4875, 51.5338], [-89.4758, 51.5334], [-89.4719, 51.5373], [-89.4599, 51.5391], [-89.4652, 51.5431], [-89.4631, 51.5537], [-89.4532, 51.5522], [-89.4414, 51.5567], [-89.4397, 51.5681], [-89.4325, 51.575], [-89.4236, 51.5762], [-89.4246, 51.5843], [-89.4059, 51.6058], [-89.3495, 51.6203], [-89.3351, 51.6302], [-89.3345, 51.6337], [-89.3115, 51.6428], [-89.3004, 51.6566], [-89.2789, 51.6645], [-89.2772, 51.6674], [-89.2814, 51.6738], [-89.256, 51.6837], [-89.2469, 51.6932], [-89.2463, 51.7005], [-89.258, 51.7073], [-89.2345, 51.7254], [-89.1898, 51.7397], [-89.1806, 51.7456], [-89.1822, 51.7506], [-89.1726, 51.7521], [-89.1674, 51.7605], [-89.1595, 51.7645], [-89.14, 51.7649], [-89.1343, 51.7602], [-89.0954, 51.7708], [-89.0862, 51.7796], [-89.0723, 51.7821], [-89.0645, 51.787], [-89.037, 51.7846], [-89.0091, 51.7978], [-89.0109, 51.8007], [-92.9963, 51.8006], [-93.0127, 51.7985], [-93.0142, 51.7943], [-93.0097, 51.7825], [-93.0175, 51.7735]]]}}, {"type": "Feature", "properties": {"id": "on-wmu-119", "wmu_id": "94B", "name": "94B", "province": "ON", "source": "Ontario LIO \u2014 Wildlife Management Unit"}, "geometry": {"type": "Polygon", "coordinates": [[[-83.1327, 42.1883], [-83.1339, 42.1748], [-83.1217, 42.1255], [-83.1497, 42.041], [-83.0691, 41.8636], [-82.8458, 41.7566], [-82.8131, 42.1775], [-83.1327, 42.1883]]]}}, {"type": "Feature", "properties": {"id": "on-wmu-120", "wmu_id": "55A", "name": "55A", "province": "ON", "source": "Ontario LIO \u2014 Wildlife Management Unit"}, "geometry": {"type": "Polygon", "coordinates": [[[-78.2735, 45.4884], [-78.1777, 45.3105], [-77.9682, 45.3632], [-77.6682, 45.4439], [-77.6738, 45.4469], [-77.6728, 45.4558], [-77.6633, 45.4641], [-77.6791, 45.4857], [-77.6784, 45.4885], [-77.6822, 45.4892], [-77.6773, 45.5095], [-77.6784, 45.5212], [-77.6715, 45.5298], [-77.6714, 45.5398], [-77.6612, 45.5439], [-77.6744, 45.557], [-77.6888, 45.5602], [-77.6873, 45.5639], [-77.6945, 45.5707], [-77.7055, 45.5713], [-77.7752, 45.5524], [-77.8407, 45.6722], [-77.9835, 45.6335], [-77.9881, 45.6418], [-77.983, 45.6431], [-77.9921, 45.6597], [-78.051, 45.6444], [-78.0463, 45.6359], [-78.051, 45.6347], [-78.0472, 45.6278], [-78.057, 45.625], [-78.0602, 45.631], [-78.2338, 45.5824], [-78.2735, 45.4884]]]}}, {"type": "Feature", "properties": {"id": "on-wmu-121", "wmu_id": "1A", "name": "1A", "province": "ON", "source": "Ontario LIO \u2014 Wildlife Management Unit"}, "geometry": {"type": "Polygon", "coordinates": [[[-91.7402, 55.0961], [-90.2451, 54.5105], [-89.6171, 54.2562], [-89.0, 54.0], [-83.75, 54.0], [-83.75, 55.0], [-87.0, 55.0], [-87.0, 55.9202], [-87.0186, 55.9191], [-87.0339, 55.9239], [-87.1179, 55.9264], [-87.1937, 55.9344], [-87.2545, 55.9424], [-87.3136, 55.9555], [-87.3586, 55.9739], [-87.3897, 55.9909], [-87.4277, 55.9979], [-87.4419, 56.0037], [-87.4687, 56.035], [-87.502, 56.0524], [-87.5687, 56.0684], [-87.5906, 56.0812], [-87.6281, 56.0948], [-87.6399, 56.1188], [-87.6649, 56.141], [-87.6942, 56.1733], [-87.7107, 56.1979], [-87.7141, 56.2091], [-87.7238, 56.2186], [-87.7202, 56.2242], [-87.7254, 56.2311], [-87.7781, 56.2685], [-87.7799, 56.2757], [-87.7899, 56.282], [-87.8026, 56.2981], [-87.8201, 56.3148], [-87.8431, 56.3253], [-87.8778, 56.364], [-87.9252, 56.3896], [-87.9483, 56.4129], [-87.957, 56.4454], [-87.9726, 56.4624], [-87.987, 56.4693], [-88.0157, 56.474], [-88.0258, 56.4808], [-88.0679, 56.4927], [-88.1454, 56.5088], [-88.1871, 56.5124], [-88.2604, 56.5363], [-88.2785, 56.5383], [-88.3585, 56.5676], [-88.3985, 56.5907], [-88.4463, 56.6091], [-88.4983, 56.6521], [-88.5206, 56.6571], [-88.5267, 56.6537], [-88.5642, 56.6618], [-88.6468, 56.6888], [-88.6762, 56.7063], [-88.6862, 56.7249], [-88.6976, 56.7358], [-88.7457, 56.7597], [-88.7917, 56.7754], [-88.8216, 56.7898], [-88.8243, 56.7956], [-88.8328, 56.7989], [-88.8398, 56.8097], [-88.8125, 56.8172], [-88.8114, 56.8249], [-88.821, 56.8371], [-88.8533, 56.8377], [-88.855, 56.8357], [-88.8473, 56.8292], [-88.8608, 56.8276], [-88.862, 56.8458], [-88.8804, 56.8591], [-88.8925, 56.8579], [-88.9045, 56.8517], [-88.9127, 56.8395], [-88.9406, 56.8382], [-88.9908, 56.8466], [-89.6713, 56.4337], [-90.1936, 56.1079], [-90.7109, 55.7774], [-91.2135, 55.4488], [-91.7402, 55.0961]]]}}, {"type": "Feature", "properties": {"id": "on-wmu-122", "wmu_id": "31", "name": "31", "province": "ON", "source": "Ontario LIO \u2014 Wildlife Management Unit"}, "geometry": {"type": "Polygon", "coordinates": [[[-83.3679, 47.7607], [-83.3555, 47.7506], [-83.3259, 47.7387], [-83.3039, 47.7438], [-83.2579, 47.7406], [-83.2219, 47.7462], [-83.2106, 47.7394], [-83.1885, 47.7018], [-83.1662, 47.6941], [-83.1343, 47.6882], [-83.1223, 47.6892], [-83.0962, 47.6672], [-83.0839, 47.6702], [-83.061, 47.6644], [-83.056, 47.6584], [-83.0415, 47.6559], [-83.0255, 47.6455], [-82.9973, 47.6459], [-82.9825, 47.6354], [-82.9515, 47.6224], [-82.9105, 47.6223], [-82.8763, 47.6159], [-82.8634, 47.6183], [-82.8533, 47.6161], [-82.8342, 47.6052], [-82.8314, 47.5989], [-82.8247, 47.5959], [-82.7959, 47.5983], [-82.7549, 47.5915], [-82.7397, 47.5821], [-82.7438, 47.573], [-82.7395, 47.5635], [-82.7141, 47.5419], [-82.6915, 47.5338], [-82.6727, 47.5111], [-82.662, 47.5115], [-82.6558, 47.5193], [-82.6515, 47.5201], [-82.6263, 47.5115], [-82.587, 47.5144], [-82.566, 47.5037], [-82.5364, 47.4943], [-82.5228, 47.4967], [-82.4901, 47.4956], [-82.4144, 47.4742], [-82.4076, 47.4692], [-82.3846, 47.4728], [-82.3332, 47.4426], [-82.3273, 47.4423], [-82.32, 47.4514], [-82.3104, 47.4521], [-82.2934, 47.4592], [-82.2722, 47.4767], [-82.258, 47.4809], [-82.2403, 47.4917], [-82.2268, 47.4936], [-82.2164, 47.5016], [-82.1312, 47.497], [-82.115, 47.5045], [-82.0978, 47.4981], [-82.0874, 47.4906], [-82.0714, 47.487], [-82.0432, 47.4957], [-82.0308, 47.4945], [-82.0173, 47.4855], [-81.9644, 47.4849], [-81.9469, 47.4777], [-81.9279, 47.4756], [-81.9081, 47.4819], [-81.8909, 47.4833], [-81.8472, 47.4725], [-81.8406, 47.5126], [-81.8484, 47.5338], [-81.8535, 47.5393], [-81.8607, 47.5627], [-81.855, 47.5743], [-81.8602, 47.5889], [-81.8607, 47.6045], [-81.8526, 47.616], [-81.8397, 47.6213], [-81.8319, 47.6348], [-81.8142, 47.6494], [-81.8128, 47.6572], [-81.7866, 47.669], [-81.7706, 47.7044], [-81.7411, 47.7056], [-81.735, 47.7016], [-81.7276, 47.7023], [-81.7143, 47.7249], [-81.6949, 47.729], [-81.6721, 47.7467], [-81.6332, 47.7486], [-81.6284, 47.7542], [-81.5876, 47.7736], [-81.5812, 47.7803], [-81.6061, 47.8429], [-81.6014, 47.8538], [-81.6023, 47.8724], [-81.6091, 47.8912], [-81.6089, 47.9147], [-81.6152, 47.9268], [-81.6141, 47.9403], [-81.5923, 47.9842], [-81.5928, 47.9948], [-81.5857, 48.0081], [-81.5822, 48.0332], [-81.5838, 48.0458], [-81.581, 48.0572], [-81.5965, 48.0813], [-81.5887, 48.1196], [-81.5957, 48.1384], [-81.5824, 48.1709], [-81.5831, 48.1923], [-81.5713, 48.2173], [-81.5764, 48.2327], [-81.5684, 48.2447], [-81.5693, 48.253], [-81.5759, 48.2624], [-81.575, 48.2996], [-81.582, 48.3127], [-81.575, 48.3702], [-81.5702, 48.3819], [-81.5722, 48.3846], [-81.6252, 48.3618], [-81.6614, 48.3537], [-81.6887, 48.3369], [-81.7426, 48.3221], [-81.7543, 48.3068], [-81.788, 48.2899], [-81.8093, 48.2558], [-81.8219, 48.2463], [-81.8693, 48.2367], [-81.9263, 48.2409], [-81.9615, 48.2368], [-81.9974, 48.2379], [-82.0322, 48.2264], [-82.0826, 48.2188], [-82.1352, 48.2158], [-82.159, 48.2032], [-82.1833, 48.2027], [-82.2383, 48.181], [-82.2649, 48.1994], [-82.3106, 48.2171], [-82.3337, 48.2354], [-82.4274, 48.2624], [-82.4469, 48.2523], [-82.4576, 48.2603], [-82.4863, 48.2732], [-82.4995, 48.2823], [-82.4898, 48.302], [-82.494, 48.3204], [-82.4994, 48.3289], [-82.5103, 48.3325], [-82.5146, 48.339], [-82.5343, 48.338], [-82.5522, 48.342], [-82.5774, 48.34], [-82.589, 48.3496], [-82.6186, 48.3405], [-82.6373, 48.3428], [-82.6466, 48.3528], [-82.6828, 48.3769], [-82.6935, 48.3909], [-82.7188, 48.4005], [-82.723, 48.4274], [-82.7436, 48.4315], [-82.762, 48.4443], [-82.778, 48.4421], [-82.7793, 48.4465], [-82.7683, 48.4573], [-82.782, 48.4589], [-82.7965, 48.469], [-82.8124, 48.4715], [-82.814, 48.4739], [-82.8108, 48.48], [-82.813, 48.4828], [-82.8539, 48.4978], [-82.8848, 48.5036], [-82.8995, 48.5199], [-82.9151, 48.5243], [-82.9207, 48.5238], [-82.9321, 48.5155], [-82.9544, 48.5203], [-82.9603, 48.5039], [-82.9578, 48.5006], [-82.9601, 48.4922], [-82.9637, 48.4875], [-82.9562, 48.4819], [-82.9619, 48.4717], [-82.9572, 48.4689], [-82.9568, 48.4621], [-82.9647, 48.444], [-82.9701, 48.4434], [-82.9776, 48.437], [-82.9811, 48.4291], [-82.9876, 48.4273], [-82.9908, 48.4125], [-83.0019, 48.4085], [-83.0002, 48.4066], [-83.0057, 48.3916], [-83.0004, 48.3876], [-83.0075, 48.3808], [-83.0066, 48.3731], [-83.0114, 48.3698], [-83.0011, 48.3626], [-83.0132, 48.3519], [-83.0229, 48.3479], [-83.0261, 48.341], [-83.025, 48.3352], [-83.0346, 48.3297], [-83.0426, 48.3311], [-83.0497, 48.3252], [-83.0611, 48.3233], [-83.0683, 48.3131], [-83.0917, 48.31], [-83.1052, 48.3015], [-83.1049, 48.3096], [-83.1063, 48.3001], [-83.1235, 48.2962], [-83.122, 48.2904], [-83.1273, 48.2878], [-83.1306, 48.2907], [-83.1342, 48.2883], [-83.1414, 48.2952], [-83.1463, 48.2942], [-83.1496, 48.2898], [-83.1481, 48.2826], [-83.1663, 48.2757], [-83.1591, 48.2681], [-83.1615, 48.2619], [-83.1568, 48.259], [-83.1643, 48.2502], [-83.162, 48.2438], [-83.1707, 48.2376], [-83.1673, 48.2343], [-83.1761, 48.2304], [-83.1717, 48.2279], [-83.1743, 48.221], [-83.1689, 48.2184], [-83.1725, 48.2189], [-83.1694, 48.2145], [-83.1742, 48.2096], [-83.1712, 48.204], [-83.1745, 48.2012], [-83.1756, 48.1898], [-83.1725, 48.1874], [-83.1731, 48.183], [-83.1641, 48.1753], [-83.1663, 48.1667], [-83.163, 48.1626], [-83.1654, 48.1589], [-83.1628, 48.1596], [-83.1615, 48.1536], [-83.1638, 48.1456], [-83.1597, 48.1437], [-83.1578, 48.1311], [-83.1619, 48.13], [-83.1609, 48.1264], [-83.1649, 48.1213], [-83.1709, 48.1202], [-83.1691, 48.1156], [-83.1861, 48.1097], [-83.1894, 48.0995], [-83.1868, 48.0953], [-83.1893, 48.0917], [-83.1885, 48.0793], [-83.1984, 48.0729], [-83.209, 48.0595], [-83.2155, 48.0575], [-83.214, 48.0523], [-83.2299, 48.0509], [-83.2294, 48.0393], [-83.2391, 48.0302], [-83.2376, 48.0261], [-83.244, 48.0249], [-83.253, 48.0141], [-83.2601, 48.0107], [-83.2622, 48.0049], [-83.2708, 48.0017], [-83.2724, 47.9965], [-83.2813, 47.9943], [-83.2793, 47.9854], [-83.2919, 47.9755], [-83.2917, 47.9727], [-83.2818, 47.9716], [-83.2835, 47.9675], [-83.2807, 47.9627], [-83.2861, 47.9607], [-83.2875, 47.9631], [-83.2867, 47.958], [-83.2912, 47.9567], [-83.2926, 47.951], [-83.3002, 47.9503], [-83.3077, 47.9416], [-83.3111, 47.9449], [-83.3169, 47.9434], [-83.3188, 47.9507], [-83.3146, 47.9587], [-83.3207, 47.957], [-83.3179, 47.9534], [-83.3222, 47.9493], [-83.3213, 47.9574], [-83.326, 47.9601], [-83.3251, 47.9459], [-83.3209, 47.9428], [-83.3231, 47.9384], [-83.3167, 47.9282], [-83.3367, 47.9168], [-83.3275, 47.9164], [-83.3255, 47.9101], [-83.3317, 47.9081], [-83.3286, 47.9074], [-83.3286, 47.904], [-83.3264, 47.9062], [-83.3256, 47.9024], [-83.3369, 47.8956], [-83.3445, 47.8963], [-83.3495, 47.8889], [-83.3616, 47.8846], [-83.3616, 47.88], [-83.3682, 47.8745], [-83.3646, 47.866], [-83.3729, 47.8595], [-83.3933, 47.856], [-83.3996, 47.8482], [-83.4097, 47.8454], [-83.4002, 47.8385], [-83.3884, 47.8072], [-83.3734, 47.7874], [-83.3763, 47.7804], [-83.3679, 47.7607]]]}}, {"type": "Feature", "properties": {"id": "on-wmu-123", "wmu_id": "53A", "name": "53A", "province": "ON", "source": "Ontario LIO \u2014 Wildlife Management Unit"}, "geometry": {"type": "Polygon", "coordinates": [[[-79.7639, 45.1718], [-79.6059, 45.2147], [-79.5836, 45.193], [-79.5687, 45.1695], [-79.5641, 45.1567], [-79.5518, 45.1424], [-79.5527, 45.1175], [-79.532, 45.0749], [-79.5006, 45.0688], [-79.4899, 45.0584], [-79.4434, 45.0303], [-79.4395, 45.0033], [-79.4426, 44.9971], [-79.4574, 44.9962], [-79.4708, 45.0055], [-79.4899, 44.9975], [-79.4431, 44.9689], [-79.4453, 44.9594], [-79.4341, 44.9474], [-79.4218, 44.9425], [-79.4171, 44.9307], [-79.3899, 44.918], [-79.3741, 44.9198], [-79.364, 44.8974], [-79.3293, 44.874], [-79.3154, 44.857], [-79.3349, 44.7764], [-79.2931, 44.7837], [-79.2972, 44.7748], [-79.2092, 44.7937], [-79.2011, 44.7977], [-79.1928, 44.7947], [-79.1757, 44.7965], [-79.1713, 44.7943], [-79.1326, 44.7972], [-79.1159, 44.8053], [-79.1143, 44.8017], [-79.1087, 44.8015], [-79.1073, 44.804], [-79.0845, 44.8084], [-79.0566, 44.8258], [-79.0594, 44.8337], [-79.0636, 44.8354], [-79.0611, 44.8464], [-79.065, 44.8464], [-79.068, 44.8536], [-79.0532, 44.857], [-79.0525, 44.8604], [-79.0573, 44.8647], [-79.0467, 44.869], [-79.0496, 44.8755], [-79.0468, 44.882], [-79.0503, 44.8923], [-79.0512, 44.8902], [-79.0596, 44.8935], [-79.0643, 44.8895], [-79.0708, 44.8958], [-79.0608, 44.9021], [-79.0598, 44.9073], [-79.0696, 44.9113], [-79.0678, 44.9186], [-79.0609, 44.9251], [-79.0622, 44.9294], [-79.0562, 44.9333], [-79.0539, 44.9455], [-79.0484, 44.9481], [-79.0432, 44.9593], [-79.0491, 44.9659], [-79.0468, 44.9708], [-79.0489, 44.9743], [-79.0467, 44.9741], [-79.0512, 44.9841], [-79.0493, 44.9928], [-79.0365, 44.9943], [-79.0282, 44.9993], [-79.0282, 44.9963], [-79.0215, 44.9967], [-79.0212, 44.999], [-79.0166, 44.9952], [-79.0077, 45.0036], [-79.0095, 45.0103], [-79.0042, 45.0147], [-79.0007, 45.0127], [-78.9929, 45.0171], [-78.9963, 45.0203], [-78.9907, 45.0269], [-78.9866, 45.0269], [-78.989, 45.0313], [-78.9911, 45.03], [-78.9924, 45.0362], [-78.9845, 45.04], [-78.9782, 45.0376], [-78.9794, 45.0417], [-78.9745, 45.0441], [-78.989, 45.0517], [-78.9892, 45.0556], [-78.9723, 45.0625], [-78.9869, 45.0774], [-78.9817, 45.0833], [-78.9707, 45.0862], [-78.9672, 45.092], [-78.9665, 45.1013], [-78.9768, 45.1078], [-78.9691, 45.1114], [-78.9632, 45.1213], [-78.9571, 45.1248], [-78.959, 45.1401], [-78.9482, 45.1445], [-78.9371, 45.1379], [-78.9235, 45.1529], [-78.9219, 45.1643], [-78.8942, 45.1714], [-78.8937, 45.1748], [-78.8828, 45.1801], [-78.8739, 45.1774], [-78.8685, 45.1792], [-78.8574, 45.1852], [-78.8572, 45.188], [-78.8706, 45.1961], [-78.8728, 45.2022], [-78.8805, 45.2082], [-78.8873, 45.2087], [-78.8913, 45.2132], [-78.9025, 45.2169], [-78.892, 45.2487], [-78.8846, 45.2569], [-78.9049, 45.2631], [-78.9009, 45.2806], [-78.9217, 45.281], [-78.9275, 45.2892], [-78.935, 45.2864], [-78.961, 45.2866], [-78.9634, 45.2888], [-78.9623, 45.2948], [-78.9767, 45.2975], [-78.9881, 45.3079], [-78.9885, 45.3151], [-78.9968, 45.3249], [-79.0138, 45.3314], [-79.0202, 45.3392], [-79.0338, 45.3392], [-79.0402, 45.3447], [-79.0397, 45.3504], [-79.0432, 45.3537], [-79.0702, 45.3572], [-79.0881, 45.3534], [-79.1068, 45.3657], [-79.1267, 45.3672], [-79.1377, 45.363], [-79.1408, 45.3567], [-79.1546, 45.3452], [-79.1696, 45.3416], [-79.208, 45.3364], [-79.2313, 45.3466], [-79.248, 45.3055], [-79.2713, 45.2875], [-79.2953, 45.2602], [-79.3004, 45.2402], [-79.3123, 45.2234], [-79.3141, 45.2151], [-79.3368, 45.2087], [-79.3509, 45.1989], [-79.3723, 45.195], [-79.3975, 45.1849], [-79.3992, 45.1907], [-79.4276, 45.2015], [-79.4406, 45.2132], [-79.4567, 45.2217], [-79.4981, 45.213], [-79.5114, 45.2157], [-79.5145, 45.2206], [-79.5562, 45.2181], [-79.5595, 45.228], [-79.5648, 45.232], [-79.575, 45.2338], [-79.5924, 45.2431], [-79.604, 45.2429], [-79.62, 45.2536], [-79.635, 45.2526], [-79.6583, 45.2696], [-79.7135, 45.2767], [-79.7261, 45.2848], [-79.7414, 45.2896], [-79.7549, 45.2871], [-79.7698, 45.2784], [-79.7949, 45.2871], [-79.8199, 45.2896], [-79.8279, 45.2868], [-79.8342, 45.283], [-79.8308, 45.2714], [-79.8187, 45.249], [-79.7959, 45.2285], [-79.7912, 45.1988], [-79.7639, 45.1718]]]}}, {"type": "Feature", "properties": {"id": "on-wmu-124", "wmu_id": "64B", "name": "64B", "province": "ON", "source": "Ontario LIO \u2014 Wildlife Management Unit"}, "geometry": {"type": "Polygon", "coordinates": [[[-76.3485, 45.4199], [-76.3406, 45.4193], [-76.3394, 45.4154], [-76.3109, 45.3932], [-76.311, 45.39], [-76.3189, 45.3841], [-76.318, 45.3805], [-76.2137, 45.3012], [-76.2112, 45.3027], [-76.1918, 45.2877], [-76.0752, 45.1916], [-76.0504, 45.207], [-76.0393, 45.2039], [-75.9457, 45.1272], [-75.8389, 45.1944], [-75.818, 45.175], [-75.8068, 45.1689], [-75.8023, 45.1616], [-75.7695, 45.1742], [-75.7162, 45.1315], [-75.6425, 45.1622], [-75.6339, 45.1619], [-75.6247, 45.1692], [-75.6259, 45.1737], [-75.6339, 45.1795], [-75.6393, 45.2005], [-75.6523, 45.2094], [-75.6604, 45.2108], [-75.6724, 45.2302], [-75.692, 45.2395], [-75.7011, 45.2488], [-75.7063, 45.2605], [-75.7058, 45.2677], [-75.6978, 45.2835], [-75.6995, 45.2951], [-75.6952, 45.3083], [-75.6999, 45.3294], [-75.6964, 45.3337], [-75.6989, 45.3368], [-75.6964, 45.3438], [-75.7025, 45.3547], [-75.6903, 45.3612], [-75.7, 45.3728], [-75.7002, 45.3781], [-75.6777, 45.3892], [-75.669, 45.4023], [-75.6727, 45.4114], [-75.6629, 45.4173], [-75.6712, 45.4278], [-75.6715, 45.4337], [-75.6796, 45.4379], [-75.6883, 45.4366], [-75.6996, 45.4424], [-75.7043, 45.427], [-75.7095, 45.4233], [-75.7227, 45.422], [-75.7249, 45.4172], [-75.7576, 45.4117], [-75.7783, 45.3885], [-75.8006, 45.3761], [-75.8175, 45.3725], [-75.8378, 45.3741], [-75.8687, 45.3844], [-75.9077, 45.4106], [-75.9274, 45.4279], [-75.9532, 45.4578], [-75.9764, 45.4774], [-76.0427, 45.4963], [-76.0916, 45.5168], [-76.1972, 45.5179], [-76.2134, 45.516], [-76.2333, 45.5082], [-76.2391, 45.4733], [-76.2426, 45.4688], [-76.2898, 45.4659], [-76.3198, 45.4571], [-76.3487, 45.457], [-76.3476, 45.439], [-76.3526, 45.4244], [-76.3485, 45.4199]]]}}, {"type": "Feature", "properties": {"id": "on-wmu-125", "wmu_id": "76E", "name": "76E", "province": "ON", "source": "Ontario LIO \u2014 Wildlife Management Unit"}, "geometry": {"type": "Polygon", "coordinates": [[[-79.7369, 44.5425], [-79.7134, 44.5529], [-79.7105, 44.5495], [-79.7058, 44.5516], [-79.703, 44.5483], [-79.6969, 44.5489], [-79.6885, 44.5525], [-79.6906, 44.555], [-79.659, 44.567], [-79.662, 44.5707], [-79.6547, 44.5737], [-79.673, 44.5956], [-79.6825, 44.5878], [-79.7378, 44.5596], [-79.7427, 44.554], [-79.7369, 44.5425]]]}}, {"type": "Feature", "properties": {"id": "on-wmu-126", "wmu_id": "76D", "name": "76D", "province": "ON", "source": "Ontario LIO \u2014 Wildlife Management Unit"}, "geometry": {"type": "Polygon", "coordinates": [[[-80.0672, 44.2878], [-80.034, 44.2949], [-80.0351, 44.3003], [-79.6873, 44.3753], [-79.6889, 44.3876], [-79.6649, 44.3936], [-79.6503, 44.3925], [-79.6427, 44.4339], [-79.7258, 44.5296], [-79.9342, 44.4364], [-79.9399, 44.4369], [-79.9515, 44.4468], [-80.0574, 44.423], [-80.0684, 44.4243], [-80.096, 44.4184], [-80.0672, 44.2878]]]}}, {"type": "Feature", "properties": {"id": "on-wmu-127", "wmu_id": "16C", "name": "16C", "province": "ON", "source": "Ontario LIO \u2014 Wildlife Management Unit"}, "geometry": {"type": "MultiPolygon", "coordinates": [[[[-88.5472, 50.9604], [-88.5483, 50.956], [-88.5497, 50.9578], [-88.5544, 50.955], [-88.5664, 50.9328], [-88.5724, 50.911], [-88.5731, 50.8836], [-88.5704, 50.8749], [-88.5805, 50.8708], [-88.5892, 50.8518], [-88.599, 50.8468], [-88.5707, 50.832], [-88.5702, 50.8257], [-88.5586, 50.816], [-88.5248, 50.8107], [-88.4924, 50.8122], [-88.4233, 50.7997], [-88.3677, 50.7968], [-88.3661, 50.7923], [-88.3496, 50.7924], [-88.3124, 50.7844], [-88.2959, 50.7934], [-88.2954, 50.8014], [-88.2637, 50.794], [-88.2058, 50.7957], [-88.1634, 50.7734], [-88.183, 50.7564], [-88.1656, 50.7185], [-88.2063, 50.6923], [-88.2296, 50.6835], [-88.2205, 50.6545], [-88.1925, 50.6442], [-88.198, 50.6374], [-88.212, 50.6335], [-88.2135, 50.6219], [-88.2272, 50.6134], [-88.225, 50.6111], [-88.2285, 50.6038], [-88.2429, 50.5925], [-88.2605, 50.5845], [-88.2636, 50.5752], [-88.2717, 50.567], [-88.2768, 50.5659], [-88.2934, 50.5407], [-88.2995, 50.5375], [-88.2959, 50.5211], [-88.3023, 50.5175], [-88.3073, 50.5184], [-88.3192, 50.507], [-88.3171, 50.4981], [-88.3239, 50.4874], [-88.322, 50.4839], [-88.2987, 50.477], [-88.3059, 50.4585], [-88.2999, 50.4555], [-88.302, 50.4491], [-88.2988, 50.4389], [-88.3164, 50.4256], [-88.3143, 50.423], [-88.3172, 50.4157], [-88.3076, 50.407], [-88.312, 50.3974], [-88.3296, 50.3905], [-88.3346, 50.3852], [-88.3351, 50.3768], [-88.3296, 50.3702], [-88.3291, 50.3599], [-88.3322, 50.3572], [-88.3302, 50.3475], [-88.3367, 50.3397], [-88.3357, 50.3361], [-88.3497, 50.3255], [-88.3469, 50.3202], [-88.3517, 50.3153], [-88.3667, 50.3222], [-88.4138, 50.3144], [-88.4413, 50.3144], [-88.4512, 50.3108], [-88.4713, 50.3299], [-88.479, 50.3316], [-88.5691, 50.3001], [-88.6348, 50.3054], [-88.7433, 50.2977], [-88.8011, 50.2817], [-88.8474, 50.2809], [-88.877, 50.2848], [-88.9222, 50.3008], [-88.9421, 50.3132], [-88.9647, 50.3102], [-88.9757, 50.3012], [-88.9879, 50.3058], [-89.0198, 50.3095], [-89.0435, 50.2984], [-89.056, 50.2858], [-89.0744, 50.2814], [-89.1207, 50.2898], [-89.1482, 50.2913], [-89.187, 50.2793], [-89.2022, 50.2836], [-89.2297, 50.2829], [-89.2586, 50.2869], [-89.3052, 50.2738], [-89.308, 50.2603], [-89.3176, 50.2574], [-89.3566, 50.2664], [-89.4428, 50.297], [-89.4714, 50.2914], [-89.5114, 50.2892], [-89.5445, 50.2825], [-89.5967, 50.2608], [-89.6679, 50.252], [-89.7728, 50.261], [-89.7903, 50.258], [-89.8073, 50.2502], [-89.9105, 50.2481], [-89.945, 50.2402], [-89.9456, 50.2452], [-89.9553, 50.2503], [-89.9549, 50.2546], [-89.9669, 50.2607], [-89.9743, 50.2704], [-89.9828, 50.2718], [-89.9842, 50.2804], [-89.9926, 50.2906], [-89.989, 50.2955], [-89.9775, 50.2979], [-89.9784, 50.3014], [-89.9697, 50.3007], [-89.9673, 50.306], [-89.9585, 50.3064], [-89.954, 50.3113], [-89.9549, 50.3218], [-89.9499, 50.3212], [-89.9482, 50.3162], [-89.9233, 50.3296], [-89.9295, 50.335], [-89.9251, 50.3374], [-89.9264, 50.3425], [-89.9398, 50.3463], [-89.9332, 50.3643], [-89.928, 50.3652], [-89.9281, 50.3706], [-89.9244, 50.3733], [-89.9127, 50.3715], [-89.9128, 50.381], [-89.9075, 50.385], [-89.8914, 50.3851], [-89.8746, 50.4125], [-89.863, 50.4059], [-89.8599, 50.3986], [-89.8445, 50.3952], [-89.8411, 50.3908], [-89.8436, 50.3849], [-89.8394, 50.3811], [-89.8192, 50.3788], [-89.7886, 50.3864], [-89.7805, 50.3958], [-89.7831, 50.3996], [-89.7726, 50.4073], [-89.7774, 50.4095], [-89.7758, 50.4189], [-89.7628, 50.4479], [-89.767, 50.4771], [-89.7653, 50.4832], [-89.7866, 50.5217], [-89.783, 50.5286], [-89.7672, 50.5378], [-89.7539, 50.5506], [-89.748, 50.5844], [-89.7394, 50.5969], [-89.7427, 50.6016], [-89.7371, 50.6138], [-89.7402, 50.6154], [-89.7394, 50.6208], [-89.7433, 50.6222], [-89.7423, 50.6267], [-89.7293, 50.6428], [-89.6717, 50.6739], [-89.6376, 50.6831], [-89.6261, 50.6832], [-89.6123, 50.6895], [-89.6197, 50.704], [-89.6071, 50.7261], [-89.614, 50.7315], [-89.647, 50.731], [-89.6589, 50.7502], [-89.6359, 50.768], [-89.6393, 50.7735], [-89.6479, 50.7768], [-89.6457, 50.7809], [-89.664, 50.7931], [-89.6767, 50.7946], [-89.6688, 50.8051], [-89.6608, 50.81], [-89.666, 50.814], [-89.6667, 50.8189], [-89.6606, 50.8213], [-89.6612, 50.8242], [-89.6542, 50.8304], [-89.6589, 50.8354], [-89.6547, 50.8389], [-89.653, 50.8473], [-89.661, 50.8541], [-89.6727, 50.8515], [-89.6852, 50.8545], [-89.6773, 50.8636], [-89.7024, 50.8817], [-89.7165, 50.879], [-89.7273, 50.8827], [-89.7432, 50.8725], [-89.7731, 50.8761], [-89.7664, 50.8826], [-89.7767, 50.8948], [-89.7735, 50.8985], [-89.7758, 50.9059], [-89.7636, 50.917], [-89.7578, 50.9339], [-89.7598, 50.9501], [-89.755, 50.9764], [-89.7584, 50.9841], [-89.6476, 51.1916], [-89.6505, 51.1927], [-89.6492, 51.1974], [-89.6172, 51.2232], [-89.5956, 51.233], [-89.5923, 51.246], [-89.5769, 51.2484], [-89.5756, 51.2509], [-89.5789, 51.2596], [-89.5765, 51.2661], [-89.5799, 51.272], [-89.5906, 51.4654], [-89.5767, 51.4623], [-89.5574, 51.469], [-89.5471, 51.4665], [-89.5066, 51.4763], [-89.4858, 51.4947], [-89.4799, 51.496], [-89.4547, 51.49], [-89.4438, 51.4957], [-89.4143, 51.4944], [-89.3987, 51.5045], [-89.3855, 51.5086], [-89.3838, 51.5114], [-89.3871, 51.5184], [-89.3714, 51.527], [-89.3658, 51.524], [-89.3548, 51.5272], [-89.3452, 51.5232], [-89.3312, 51.5257], [-89.3172, 51.5385], [-89.314, 51.5483], [-89.3079, 51.5524], [-89.2945, 51.5494], [-89.2783, 51.5532], [-89.2637, 51.5537], [-89.2558, 51.5492], [-89.2472, 51.5515], [-89.2332, 51.5436], [-89.2304, 51.5357], [-89.2268, 51.5356], [-89.2185, 51.5404], [-89.2114, 51.5491], [-89.2127, 51.5516], [-89.1997, 51.5656], [-89.1823, 51.5765], [-89.1469, 51.5719], [-89.1168, 51.5759], [-89.1141, 51.5802], [-89.1211, 51.5814], [-89.121, 51.5861], [-89.1304, 51.5894], [-89.1177, 51.5996], [-89.112, 51.5963], [-89.0995, 51.6006], [-89.0974, 51.6052], [-89.0806, 51.6161], [-89.0785, 51.6052], [-89.0645, 51.6038], [-89.0467, 51.6105], [-89.031, 51.607], [-89.0389, 51.5902], [-89.051, 51.5812], [-89.0513, 51.5727], [-89.0648, 51.5708], [-89.071, 51.5621], [-89.0788, 51.5621], [-89.0926, 51.5486], [-89.0879, 51.5416], [-89.0866, 51.5315], [-89.059, 51.5226], [-89.0416, 51.524], [-89.0408, 51.5195], [-89.0451, 51.5158], [-89.0412, 51.5117], [-89.0138, 51.5059], [-88.9942, 51.5096], [-88.9908, 51.5052], [-88.9849, 51.5051], [-88.9894, 51.4974], [-89.0145, 51.484], [-89.0103, 51.4772], [-89.014, 51.476], [-89.0149, 51.4631], [-89.003, 51.4543], [-88.9867, 51.4533], [-88.9907, 51.4446], [-89.0045, 51.4367], [-89.0058, 51.4324], [-89.0123, 51.4283], [-89.0203, 51.4303], [-89.0247, 51.4241], [-89.0258, 51.4266], [-89.03, 51.4254], [-89.0311, 51.4235], [-89.0268, 51.4216], [-89.0312, 51.4221], [-89.0302, 51.4173], [-89.0372, 51.4148], [-89.0334, 51.4131], [-89.044, 51.4094], [-89.0396, 51.4056], [-89.0417, 51.4047], [-89.0386, 51.4023], [-89.0395, 51.3986], [-89.0431, 51.3921], [-89.0477, 51.3905], [-89.0509, 51.3783], [-89.062, 51.3727], [-89.06, 51.3717], [-89.0653, 51.3643], [-89.0643, 51.3607], [-89.0694, 51.3599], [-89.0692, 51.355], [-89.0585, 51.3542], [-89.042, 51.3609], [-89.0374, 51.3581], [-89.0269, 51.3592], [-89.0164, 51.3656], [-89.0131, 51.3624], [-89.0161, 51.3573], [-89.0107, 51.3551], [-89.0213, 51.3427], [-89.016, 51.3406], [-89.0149, 51.336], [-88.9977, 51.3333], [-88.9917, 51.3356], [-88.9932, 51.3328], [-88.9849, 51.3256], [-88.9732, 51.3205], [-89.0, 51.3087], [-88.9949, 51.3022], [-89.0057, 51.272], [-89.0036, 51.2563], [-88.9975, 51.2488], [-89.0014, 51.2218], [-88.9997, 51.2112], [-88.9878, 51.1998], [-88.9778, 51.1995], [-88.9681, 51.1894], [-88.9651, 51.1731], [-88.9697, 51.1669], [-88.9623, 51.1622], [-88.9697, 51.1536], [-88.9487, 51.1224], [-88.9518, 51.1202], [-88.9246, 51.1055], [-88.9005, 51.0963], [-88.8899, 51.0972], [-88.8872, 51.0935], [-88.8521, 51.0996], [-88.8071, 51.1274], [-88.8019, 51.1359], [-88.7639, 51.1445], [-88.7516, 51.1413], [-88.7413, 51.1463], [-88.7391, 51.1507], [-88.7326, 51.1502], [-88.7334, 51.1535], [-88.7034, 51.16], [-88.6986, 51.164], [-88.708, 51.1805], [-88.697, 51.1909], [-88.6759, 51.1876], [-88.6416, 51.1914], [-88.6381, 51.196], [-88.6441, 51.199], [-88.6377, 51.2011], [-88.6373, 51.2051], [-88.6325, 51.2049], [-88.6318, 51.2084], [-88.6265, 51.2083], [-88.6282, 51.2165], [-88.6157, 51.2148], [-88.5575, 51.248], [-88.5157, 51.2481], [-88.5029, 51.2509], [-88.4737, 51.2688], [-88.4715, 51.2751], [-88.4519, 51.2889], [-88.4492, 51.295], [-88.4306, 51.312], [-88.4232, 51.313], [-88.4081, 51.323], [-88.3855, 51.3208], [-88.3733, 51.3001], [-88.3495, 51.2858], [-88.3543, 51.2776], [-88.3641, 51.273], [-88.3593, 51.2678], [-88.3492, 51.2656], [-88.3463, 51.2507], [-88.3506, 51.2366], [-88.3623, 51.2304], [-88.3688, 51.2346], [-88.3743, 51.2323], [-88.3984, 51.2346], [-88.4024, 51.2313], [-88.4004, 51.2267], [-88.4027, 51.2238], [-88.3983, 51.2149], [-88.3794, 51.2088], [-88.4125, 51.2108], [-88.4238, 51.1999], [-88.4163, 51.1971], [-88.427, 51.1811], [-88.4241, 51.1655], [-88.4498, 51.1516], [-88.4571, 51.1529], [-88.467, 51.1453], [-88.4857, 51.1384], [-88.4975, 51.1202], [-88.508, 51.113], [-88.5082, 51.1059], [-88.4993, 51.1], [-88.5019, 51.0955], [-88.5184, 51.0894], [-88.5328, 51.094], [-88.5429, 51.0859], [-88.5576, 51.0275], [-88.5567, 51.0098], [-88.5533, 51.0083], [-88.557, 51.0013], [-88.5508, 50.9878], [-88.5524, 50.9739], [-88.5492, 50.9644], [-88.53703921198668, 50.957143562708104], [-88.5406, 50.9557], [-88.5472, 50.9604]]], [[[-88.5284, 50.9513], [-88.5325, 50.9536], [-88.532, 50.9497], [-88.5367506205036, 50.956971357913666], [-88.5249, 50.9499], [-88.5297, 50.9494], [-88.5284, 50.9513]]]]}}, {"type": "Feature", "properties": {"id": "on-wmu-128", "wmu_id": "18A", "name": "18A", "province": "ON", "source": "Ontario LIO \u2014 Wildlife Management Unit"}, "geometry": {"type": "Polygon", "coordinates": [[[-88.3517, 50.3153], [-88.3406, 50.306], [-88.3239, 50.2994], [-88.2163, 50.2672], [-88.1973, 50.2652], [-88.1839, 50.2593], [-88.1141, 50.2559], [-88.0923, 50.2481], [-88.068, 50.2325], [-87.9717, 50.2541], [-87.9042, 50.2274], [-87.8518, 50.2345], [-87.8053, 50.2314], [-87.7583, 50.2446], [-87.7446, 50.2453], [-87.7277, 50.2403], [-87.6761, 50.2347], [-87.6034, 50.221], [-87.5846, 50.2228], [-87.5735, 50.2294], [-87.5488, 50.2332], [-87.5336, 50.2404], [-87.4985, 50.2445], [-87.4709, 50.2564], [-87.457, 50.2586], [-87.4006, 50.254], [-87.339, 50.2327], [-87.3136, 50.2296], [-87.2565, 50.2341], [-87.2315, 50.2416], [-87.1973, 50.2464], [-87.1247, 50.2465], [-86.9353, 50.2178], [-86.8777, 50.2173], [-86.8623, 50.1989], [-86.8198, 50.1873], [-86.8103, 50.1858], [-86.7857, 50.1896], [-86.7459, 50.1863], [-86.7231, 50.1822], [-86.6518, 50.1602], [-86.5956, 50.157], [-86.5818, 50.1534], [-86.5596, 50.1541], [-86.5381, 50.1588], [-86.5025, 50.1539], [-86.4834, 50.148], [-86.3194, 50.1297], [-86.3077, 50.1376], [-86.3004, 50.1365], [-86.2942, 50.1464], [-86.278, 50.1596], [-86.2508, 50.1724], [-86.2568, 50.1766], [-86.2818, 50.1766], [-86.2866, 50.181], [-86.2784, 50.1869], [-86.2618, 50.2086], [-86.2632, 50.2158], [-86.278, 50.2166], [-86.276, 50.2218], [-86.272, 50.2227], [-86.2728, 50.2273], [-86.2674, 50.2297], [-86.2753, 50.238], [-86.2748, 50.2449], [-86.2416, 50.2591], [-86.2193, 50.281], [-86.2077, 50.2794], [-86.2089, 50.2753], [-86.2014, 50.2737], [-86.2013, 50.2704], [-86.1823, 50.274], [-86.1727, 50.2731], [-86.1688, 50.2678], [-86.1508, 50.2687], [-86.1433, 50.2753], [-86.132, 50.278], [-86.1314, 50.282], [-86.1265, 50.2845], [-86.1257, 50.2904], [-86.1205, 50.2936], [-86.1255, 50.3018], [-86.1003, 50.301], [-86.101, 50.3059], [-86.0906, 50.31], [-86.0941, 50.3143], [-86.0923, 50.3181], [-86.0757, 50.3243], [-86.0771, 50.3332], [-86.0745, 50.3354], [-86.0707, 50.3334], [-86.0799, 50.3451], [-86.0913, 50.3515], [-86.0865, 50.3577], [-86.0916, 50.3611], [-86.0908, 50.3656], [-86.0956, 50.3679], [-86.0937, 50.3696], [-86.1051, 50.3697], [-86.1032, 50.3755], [-86.1053, 50.3782], [-86.1004, 50.3802], [-86.106, 50.3812], [-86.1015, 50.3828], [-86.1066, 50.3833], [-86.1149, 50.3919], [-86.1063, 50.3981], [-86.1281, 50.4094], [-86.1156, 50.4142], [-86.1161, 50.4191], [-86.1224, 50.423], [-86.1278, 50.4208], [-86.1342, 50.4231], [-86.1355, 50.4292], [-86.1422, 50.4353], [-86.141, 50.4392], [-86.1285, 50.4495], [-86.0952, 50.4626], [-86.0943, 50.5064], [-86.067, 50.4979], [-86.0494, 50.4957], [-86.0338, 50.4978], [-86.0329, 50.5017], [-86.0225, 50.5064], [-86.0199, 50.5129], [-86.0151, 50.5152], [-85.9984, 50.5082], [-85.9851, 50.5078], [-85.9814, 50.5113], [-85.9748, 50.5112], [-85.9725, 50.5183], [-85.9501, 50.5201], [-85.9478, 50.5265], [-85.9361, 50.535], [-85.943, 50.5419], [-85.9329, 50.5508], [-85.9361, 50.5583], [-85.929, 50.5649], [-85.9307, 50.5696], [-85.9229, 50.5737], [-85.9092, 50.5728], [-85.9105, 50.5763], [-85.9028, 50.5796], [-85.905, 50.5809], [-85.9021, 50.5824], [-85.9038, 50.5861], [-85.9003, 50.5856], [-85.9013, 50.5894], [-85.8927, 50.5936], [-85.895, 50.5988], [-85.8922, 50.6011], [-85.8952, 50.6031], [-85.8928, 50.6067], [-85.9051, 50.6131], [-85.9025, 50.6197], [-85.9108, 50.6199], [-85.9126, 50.6231], [-85.9092, 50.6226], [-85.9126, 50.626], [-85.9334, 50.6231], [-85.96, 50.6368], [-85.9567, 50.6388], [-85.9602, 50.64], [-85.9573, 50.6436], [-85.9639, 50.6448], [-85.9676, 50.6501], [-85.971, 50.6493], [-85.9699, 50.6521], [-85.9739, 50.6522], [-85.9727, 50.6574], [-85.9761, 50.6556], [-85.981, 50.6581], [-85.9809, 50.6648], [-85.9864, 50.6615], [-85.9877, 50.6702], [-85.9794, 50.6744], [-85.9709, 50.6858], [-85.9639, 50.6852], [-85.9671, 50.6875], [-85.9609, 50.6943], [-85.9505, 50.6923], [-85.947, 50.6977], [-85.9413, 50.6922], [-85.9376, 50.6997], [-85.9267, 50.6989], [-85.9301, 50.7017], [-85.9189, 50.7066], [-85.9213, 50.7105], [-85.912, 50.7137], [-85.9085, 50.7181], [-85.9098, 50.7223], [-85.9023, 50.7209], [-85.908, 50.7248], [-85.9043, 50.7268], [-85.9082, 50.7282], [-85.9056, 50.7311], [-85.9113, 50.7328], [-85.9019, 50.7329], [-85.9004, 50.7378], [-85.9099, 50.738], [-85.9096, 50.7419], [-85.9127, 50.743], [-85.9139, 50.7375], [-85.9219, 50.7402], [-85.9164, 50.7479], [-85.906, 50.7461], [-85.9085, 50.7544], [-85.927, 50.7587], [-85.9689, 50.7571], [-85.9792, 50.7492], [-86.0189, 50.7387], [-86.0311, 50.7323], [-86.0327, 50.7268], [-86.0456, 50.7243], [-86.0494, 50.7208], [-86.0718, 50.7206], [-86.101, 50.726], [-86.1148, 50.7193], [-86.1503, 50.7221], [-86.1817, 50.7152], [-86.1914, 50.7189], [-86.2103, 50.7123], [-86.2136, 50.7068], [-86.2282, 50.7047], [-86.2309, 50.6991], [-86.2556, 50.6999], [-86.2591, 50.6932], [-86.2841, 50.701], [-86.307, 50.6955], [-86.3173, 50.7011], [-86.3267, 50.7012], [-86.337, 50.7102], [-86.3674, 50.7013], [-86.3661, 50.7051], [-86.3858, 50.7125], [-86.3926, 50.7075], [-86.4043, 50.7068], [-86.4165, 50.6974], [-86.4463, 50.6918], [-86.4712, 50.6749], [-86.492, 50.6651], [-86.5116, 50.6623], [-86.5201, 50.6573], [-86.5309, 50.6576], [-86.5351, 50.667], [-86.542, 50.6671], [-86.6465, 50.6511], [-86.6765, 50.651], [-86.689, 50.6463], [-86.6932, 50.6476], [-86.6923, 50.6507], [-86.7058, 50.6533], [-86.7074, 50.6573], [-86.7296, 50.6624], [-86.7227, 50.6702], [-86.6989, 50.6811], [-86.7113, 50.6848], [-86.747, 50.6638], [-86.7722, 50.6667], [-86.7881, 50.6749], [-86.7846, 50.6779], [-86.7865, 50.6818], [-86.8031, 50.678], [-86.8398, 50.6804], [-86.8659, 50.6731], [-86.8642, 50.6826], [-86.8663, 50.6837], [-86.8967, 50.673], [-86.9167, 50.6769], [-86.9217, 50.6736], [-86.9372, 50.6721], [-86.9162, 50.69], [-86.9264, 50.6953], [-86.94, 50.694], [-86.9438, 50.6978], [-86.9653, 50.6963], [-86.9818, 50.7007], [-86.9921, 50.6965], [-87.0027, 50.6995], [-87.0095, 50.7053], [-86.9931, 50.7101], [-87.0154, 50.727], [-87.0121, 50.7327], [-87.0175, 50.7342], [-87.0333, 50.7307], [-87.0443, 50.7372], [-87.0532, 50.7344], [-87.0718, 50.7379], [-87.153, 50.7342], [-87.1705, 50.7298], [-87.1772, 50.725], [-87.1922, 50.7265], [-87.2602, 50.7125], [-87.2635, 50.7082], [-87.2749, 50.7045], [-87.2794, 50.6934], [-87.2956, 50.6853], [-87.3043, 50.6853], [-87.3095, 50.6805], [-87.3258, 50.6835], [-87.3596, 50.6758], [-87.3743, 50.6825], [-87.3915, 50.6786], [-87.4016, 50.6806], [-87.4181, 50.672], [-87.4546, 50.6669], [-87.4572, 50.6819], [-87.4479, 50.6907], [-87.4592, 50.6988], [-87.4711, 50.6997], [-87.4739, 50.7069], [-87.4888, 50.7076], [-87.5131, 50.6979], [-87.5317, 50.7043], [-87.5479, 50.6989], [-87.5625, 50.7001], [-87.5766, 50.6882], [-87.5846, 50.6909], [-87.608, 50.6849], [-87.619, 50.6872], [-87.6178, 50.6914], [-87.6235, 50.6946], [-87.6146, 50.7072], [-87.6156, 50.7107], [-87.606, 50.7172], [-87.6062, 50.7202], [-87.6184, 50.7214], [-87.632, 50.7301], [-87.7297, 50.7295], [-87.721, 50.7547], [-87.7298, 50.7625], [-87.7284, 50.7705], [-87.7338, 50.7753], [-87.7326, 50.7796], [-87.7412, 50.7858], [-87.7726, 50.795], [-87.7929, 50.7881], [-87.8471, 50.7897], [-87.8585, 50.7811], [-87.8558, 50.7721], [-87.8614, 50.7672], [-87.8801, 50.7673], [-87.8845, 50.771], [-87.8816, 50.7751], [-87.8869, 50.7818], [-87.9057, 50.781], [-87.913, 50.786], [-87.9106, 50.7795], [-87.915, 50.7741], [-87.9221, 50.7746], [-87.943, 50.767], [-87.9516, 50.7717], [-87.9727, 50.7695], [-87.9827, 50.7645], [-87.9929, 50.7671], [-87.9993, 50.7604], [-87.9966, 50.7558], [-88.0029, 50.748], [-88.0724, 50.7328], [-88.157, 50.7664], [-88.1634, 50.7734], [-88.183, 50.7564], [-88.1656, 50.7185], [-88.2063, 50.6923], [-88.2296, 50.6835], [-88.2205, 50.6545], [-88.1925, 50.6442], [-88.198, 50.6374], [-88.212, 50.6335], [-88.2135, 50.6219], [-88.2272, 50.6134], [-88.225, 50.6111], [-88.2285, 50.6038], [-88.2429, 50.5925], [-88.2605, 50.5845], [-88.2636, 50.5752], [-88.2717, 50.567], [-88.2768, 50.5659], [-88.2934, 50.5407], [-88.2995, 50.5375], [-88.2959, 50.5211], [-88.3023, 50.5175], [-88.3073, 50.5184], [-88.3192, 50.507], [-88.3171, 50.4981], [-88.3239, 50.4874], [-88.322, 50.4839], [-88.2987, 50.477], [-88.3059, 50.4585], [-88.2999, 50.4555], [-88.302, 50.4491], [-88.2988, 50.4389], [-88.3164, 50.4256], [-88.3143, 50.423], [-88.3172, 50.4157], [-88.3076, 50.407], [-88.312, 50.3974], [-88.3296, 50.3905], [-88.3346, 50.3852], [-88.3351, 50.3768], [-88.3296, 50.3702], [-88.3291, 50.3599], [-88.3322, 50.3572], [-88.3302, 50.3475], [-88.3367, 50.3397], [-88.3357, 50.3361], [-88.3497, 50.3255], [-88.3469, 50.3202], [-88.3517, 50.3153]]]}}, {"type": "Feature", "properties": {"id": "on-wmu-129", "wmu_id": "11A", "name": "11A", "province": "ON", "source": "Ontario LIO \u2014 Wildlife Management Unit"}, "geometry": {"type": "MultiPolygon", "coordinates": [[[[-91.98769932365789, 48.35134418768494], [-91.97458200089325, 48.35196172398392], [-91.979, 48.3512], [-91.98769932365789, 48.35134418768494]]], [[[-91.941, 48.3579], [-91.9212, 48.3624], [-91.957, 48.3526], [-91.9526, 48.3477], [-91.9589, 48.3527], [-91.97458200089325, 48.35196172398392], [-91.9522, 48.3592], [-91.941, 48.3579]]], [[[-91.9891, 48.2603], [-92.0065, 48.2654], [-92.0073, 48.2806], [-92.012, 48.287], [-92.013, 48.2975], [-92.0001, 48.3211], [-92.0308, 48.3257], [-92.0377, 48.3331], [-92.047, 48.3348], [-92.0478, 48.3436], [-92.0451, 48.3457], [-92.0552, 48.3594], [-92.0782, 48.358], [-92.0836, 48.3537], [-92.1437, 48.356], [-92.1449, 48.3657], [-92.162, 48.3633], [-92.1774, 48.3571], [-92.1785, 48.3518], [-92.1928, 48.3487], [-92.2039, 48.3518], [-92.2067, 48.3456], [-92.217, 48.345], [-92.2216, 48.3489], [-92.2626, 48.3549], [-92.2888, 48.3428], [-92.2955, 48.3239], [-92.3045, 48.3228], [-92.3062, 48.3163], [-92.2946, 48.3062], [-92.3015, 48.2883], [-92.2932, 48.276], [-92.2946, 48.2712], [-92.2902, 48.2651], [-92.2736, 48.2565], [-92.2696, 48.2482], [-92.3149, 48.2405], [-92.3321, 48.2339], [-92.3366, 48.2357], [-92.3419, 48.2317], [-92.3536, 48.2301], [-92.3622, 48.2227], [-92.3681, 48.2241], [-92.3691, 48.2202], [-92.3784, 48.2303], [-92.3838, 48.2446], [-92.3873, 48.2443], [-92.3859, 48.2513], [-92.3924, 48.2512], [-92.3892, 48.2537], [-92.4156, 48.2951], [-92.4256, 48.3046], [-92.4367, 48.3089], [-92.4698, 48.3521], [-92.4765, 48.3719], [-92.4564, 48.4011], [-92.4565, 48.4141], [-92.4755, 48.4186], [-92.482, 48.4283], [-92.4894, 48.4303], [-92.5075, 48.448], [-92.537, 48.4478], [-92.5766, 48.4406], [-92.6562, 48.4365], [-92.6881, 48.4437], [-92.7127, 48.463], [-92.6987, 48.4948], [-92.6858, 48.4974], [-92.6615, 48.4963], [-92.6541, 48.5017], [-92.6371, 48.4993], [-92.627, 48.5033], [-92.6319, 48.5067], [-92.6251, 48.5129], [-92.6255, 48.5179], [-92.6349, 48.5426], [-92.6579, 48.5462], [-92.7284, 48.5394], [-92.8945, 48.595], [-92.9101, 48.5964], [-92.9296, 48.607], [-92.95, 48.6084], [-92.9498, 48.6303], [-92.9548, 48.6316], [-92.9846, 48.6238], [-93.0903, 48.6278], [-93.1784, 48.6233], [-93.2075, 48.6425], [-93.2547, 48.6428], [-93.3487, 48.6265], [-93.3533, 48.6149], [-93.365, 48.6177], [-93.3638, 48.6318], [-93.3224, 48.6516], [-93.2897, 48.6539], [-93.277, 48.6731], [-93.262, 48.682], [-93.2314, 48.6899], [-93.1827, 48.6885], [-93.148, 48.6955], [-93.1376, 48.7038], [-93.117, 48.7075], [-93.1065, 48.7132], [-93.0663, 48.719], [-93.0369, 48.7168], [-93.0293, 48.7057], [-93.0265, 48.6908], [-93.0062, 48.6874], [-92.9908, 48.6956], [-92.9729, 48.699], [-92.9223, 48.7195], [-92.886, 48.7229], [-92.7967, 48.746], [-92.7229, 48.7478], [-92.6784, 48.7589], [-92.6388, 48.7611], [-92.5935, 48.7561], [-92.563, 48.747], [-92.5197, 48.749], [-92.4973, 48.7436], [-92.456, 48.7479], [-92.4372, 48.7393], [-92.4071, 48.7367], [-92.3225, 48.743], [-92.2988, 48.7425], [-92.2906, 48.7349], [-92.2473, 48.7412], [-92.2242, 48.7419], [-92.2094, 48.7378], [-92.1786, 48.7412], [-92.1504, 48.7369], [-92.132, 48.7393], [-92.1094, 48.7356], [-92.1022, 48.7296], [-92.0495, 48.7238], [-91.986, 48.7279], [-91.96, 48.7245], [-91.9395, 48.7279], [-91.8962, 48.7192], [-91.8634, 48.7251], [-91.8456, 48.7216], [-91.8174, 48.7246], [-91.7835, 48.7354], [-91.7436, 48.7323], [-91.7186, 48.7392], [-91.7087, 48.7383], [-91.6943, 48.7314], [-91.5848, 48.7243], [-91.556, 48.7162], [-91.5113, 48.7124], [-91.4961, 48.7143], [-91.4532, 48.7278], [-91.4253, 48.7278], [-91.4052, 48.7354], [-91.3594, 48.7417], [-91.3425, 48.7391], [-91.3322, 48.7305], [-91.3153, 48.7239], [-91.2521, 48.7229], [-91.2301, 48.7103], [-91.2083, 48.7025], [-91.1915, 48.691], [-91.1431, 48.6813], [-91.2224, 48.6556], [-91.2318, 48.6544], [-91.2787, 48.67], [-91.3141, 48.6578], [-91.3549, 48.6614], [-91.427, 48.64], [-91.4325, 48.665], [-91.5257, 48.6915], [-91.5657, 48.649], [-91.5953, 48.6572], [-91.6517, 48.6569], [-91.6545, 48.6543], [-91.679, 48.6523], [-91.7747, 48.6619], [-91.9252, 48.6471], [-91.9384, 48.6327], [-91.9386, 48.6277], [-92.0112, 48.6166], [-92.0323, 48.597], [-92.0699, 48.5784], [-92.0951, 48.5597], [-92.1254, 48.5723], [-92.1783, 48.5462], [-92.1852, 48.5219], [-92.2229, 48.4983], [-92.2377, 48.479], [-92.2538, 48.4754], [-92.2701, 48.464], [-92.2569, 48.4665], [-92.2441, 48.4636], [-92.2309, 48.4652], [-92.2126, 48.4597], [-92.2048, 48.4489], [-92.2066, 48.446], [-92.2037, 48.4369], [-92.19, 48.4312], [-92.1922, 48.4277], [-92.1776, 48.4303], [-92.1804, 48.4292], [-92.1766, 48.4275], [-92.1807, 48.4269], [-92.1791, 48.4255], [-92.1695, 48.425], [-92.1776, 48.4206], [-92.1866, 48.4237], [-92.1857, 48.4212], [-92.1811, 48.4207], [-92.1775, 48.4149], [-92.1524, 48.4096], [-92.1515, 48.4056], [-91.9555, 48.4058], [-91.9558, 48.3779], [-91.9702, 48.376], [-91.9777, 48.3714], [-91.9746, 48.3681], [-91.9805, 48.366], [-91.9933, 48.3668], [-92.0016, 48.3629], [-92.0077, 48.3652], [-92.0116, 48.3635], [-92.0076, 48.362], [-92.0088, 48.3601], [-92.0154, 48.3624], [-92.0199, 48.3575], [-92.0304, 48.3554], [-92.0249, 48.3541], [-92.0269, 48.3518], [-92.004, 48.3516], [-92.014, 48.3533], [-92.0106, 48.3558], [-91.98769932365789, 48.35134418768494], [-92.0205, 48.3498], [-92.0149, 48.3485], [-92.021, 48.3459], [-92.0103, 48.3439], [-92.0142, 48.3395], [-92.0205, 48.3404], [-92.0124, 48.3372], [-92.0237, 48.3334], [-92.0182, 48.3289], [-92.0093, 48.3303], [-91.9976, 48.3238], [-91.9832, 48.3271], [-91.9953, 48.3302], [-91.9811, 48.3334], [-91.9798, 48.3393], [-91.9849, 48.3396], [-91.9798, 48.3428], [-91.9766, 48.3418], [-91.9818, 48.3407], [-91.9788, 48.34], [-91.9799, 48.335], [-91.9777, 48.3362], [-91.9799, 48.3335], [-91.9739, 48.3327], [-91.9799, 48.3322], [-91.9818, 48.3301], [-91.9793, 48.329], [-91.9821, 48.3281], [-91.9763, 48.3255], [-91.9728, 48.319], [-91.981, 48.3224], [-91.9774, 48.3248], [-91.9828, 48.3263], [-91.9917, 48.3238], [-91.9863, 48.3238], [-91.984, 48.3211], [-91.9868, 48.3202], [-91.9792, 48.318], [-91.9829, 48.3166], [-91.9525, 48.3171], [-91.9781, 48.314], [-91.9743, 48.3123], [-91.9769, 48.3097], [-91.9685, 48.308], [-91.9699, 48.3035], [-91.9653, 48.3009], [-91.9545, 48.3063], [-91.9493, 48.3054], [-91.9663, 48.2991], [-91.9687, 48.2946], [-91.9945, 48.2909], [-91.9933, 48.2944], [-91.9873, 48.2934], [-91.9872, 48.2965], [-91.9839, 48.2963], [-91.9881, 48.2979], [-91.9797, 48.2988], [-91.9892, 48.3009], [-91.9893, 48.2967], [-91.9919, 48.2989], [-92.0101, 48.2943], [-92.0108, 48.289], [-92.0053, 48.2888], [-92.0062, 48.2837], [-92.0014, 48.2843], [-92.0041, 48.2805], [-91.9973, 48.278], [-91.9977, 48.2748], [-92.0039, 48.2747], [-92.0029, 48.2709], [-91.9948, 48.2704], [-91.9874, 48.2647], [-91.9938, 48.265], [-91.9922, 48.2624], [-91.9866, 48.2618], [-91.9827, 48.2699], [-91.9759, 48.2693], [-91.9782, 48.2666], [-91.9746, 48.2656], [-91.9767, 48.2612], [-91.9746, 48.258], [-91.9779, 48.2584], [-91.9793, 48.2521], [-91.9758, 48.2502], [-91.9758, 48.2449], [-91.9704, 48.2478], [-91.9756, 48.2443], [-91.9891, 48.2603]]]]}}, {"type": "Feature", "properties": {"id": "on-wmu-130", "wmu_id": "92A", "name": "92A", "province": "ON", "source": "Ontario LIO \u2014 Wildlife Management Unit"}, "geometry": {"type": "Polygon", "coordinates": [[[-81.7889, 42.9314], [-81.6562, 42.9313], [-81.5549, 43.0049], [-81.4365, 42.9185], [-81.4307, 42.9242], [-81.4324, 42.93], [-81.4079, 42.939], [-81.403, 42.9511], [-81.3888, 42.9546], [-81.3892, 42.965], [-81.3558, 42.9862], [-81.3502, 42.9858], [-81.3432, 42.979], [-81.3478, 42.9716], [-81.343, 42.9655], [-81.3157, 42.9585], [-81.2985, 42.9624], [-81.2894, 42.9754], [-81.2485, 42.9813], [-81.259, 43.0069], [-81.2798, 43.0212], [-81.3545, 43.1651], [-81.4258, 43.1978], [-81.4512, 43.2005], [-81.4653, 43.2707], [-81.7739, 43.2364], [-81.7814, 43.2223], [-81.7825, 43.2116], [-81.7927, 43.216], [-81.7977, 43.2237], [-81.8131, 43.2157], [-81.8173, 43.2098], [-81.8114, 43.2061], [-81.8143, 43.2008], [-81.8122, 43.1981], [-81.8191, 43.1902], [-81.815, 43.1796], [-81.8078, 43.1773], [-81.8113, 43.1704], [-81.8063, 43.1664], [-81.8154, 43.1612], [-81.8163, 43.1545], [-81.8077, 43.1499], [-81.8054, 43.1425], [-81.8082, 43.1379], [-81.8055, 43.1341], [-81.8072, 43.1288], [-81.7963, 43.1234], [-81.802, 43.121], [-81.8121, 43.1229], [-81.8131, 43.1151], [-81.8058, 43.1155], [-81.8036, 43.1129], [-81.8245, 43.1039], [-81.8136, 43.0942], [-81.8167, 43.0827], [-81.8087, 43.084], [-81.809, 43.0692], [-81.7893, 43.0658], [-81.7889, 42.9314]]]}}, {"type": "Feature", "properties": {"id": "on-wmu-131", "wmu_id": "48", "name": "48", "province": "ON", "source": "Ontario LIO \u2014 Wildlife Management Unit"}, "geometry": {"type": "Polygon", "coordinates": [[[-79.4222, 46.2273], [-79.3663, 46.242], [-79.3488, 46.2091], [-79.3604, 46.1884], [-79.3605, 46.1334], [-79.37, 46.085], [-79.3534, 46.0664], [-79.343, 46.0478], [-79.339, 46.0255], [-79.3607, 46.001], [-79.3597, 45.9785], [-79.3636, 45.9578], [-79.3652, 45.9097], [-79.3759, 45.9003], [-79.3822, 45.8887], [-79.3754, 45.8731], [-79.3797, 45.8411], [-79.3661, 45.8441], [-79.3628, 45.8414], [-79.3501, 45.8428], [-79.345, 45.8504], [-79.3331, 45.8588], [-79.3089, 45.8659], [-79.3007, 45.8875], [-79.2932, 45.8919], [-79.2755, 45.894], [-79.2607, 45.9085], [-79.2504, 45.9261], [-79.2414, 45.9278], [-79.1847, 45.923], [-79.1797, 45.9266], [-79.1501, 45.9255], [-79.1487, 45.9287], [-79.1318, 45.9356], [-79.1069, 45.935], [-79.1114, 45.9431], [-79.1162, 45.9418], [-79.1597, 46.0212], [-78.921, 46.0855], [-78.9294, 46.101], [-78.8565, 46.1201], [-78.8657, 46.1385], [-78.8187, 46.15], [-78.8099, 46.1326], [-78.7511, 46.1485], [-78.7209, 46.094], [-78.6911, 46.1014], [-78.701, 46.12], [-78.6502, 46.1324], [-78.6407, 46.1145], [-78.5479, 46.1378], [-78.5221, 46.0896], [-78.4557, 46.1055], [-78.4476, 46.089], [-78.3288, 46.1216], [-78.3191, 46.1037], [-78.1349, 46.1533], [-78.0874, 46.0673], [-77.9195, 46.112], [-77.891, 46.0603], [-77.6924, 46.1134], [-77.4979, 45.7643], [-77.5086, 45.7604], [-77.4668, 45.7596], [-77.4589, 45.7564], [-77.4427, 45.7603], [-77.442, 45.7562], [-77.4361, 45.7532], [-77.4233, 45.7546], [-77.4086, 45.7467], [-77.3917, 45.747], [-77.3882, 45.742], [-77.3756, 45.7414], [-77.3718, 45.7369], [-77.3532, 45.7418], [-77.3447, 45.7376], [-77.344, 45.7332], [-77.327, 45.7381], [-77.3097, 45.7516], [-77.2791, 45.7599], [-77.2629, 45.7733], [-77.1514, 45.8031], [-77.1451, 45.8132], [-77.1285, 45.8246], [-77.0993, 45.8281], [-77.0859, 45.8242], [-77.0682, 45.8089], [-77.0653, 45.8004], [-77.0428, 45.8073], [-77.0538, 45.8116], [-77.0717, 45.8311], [-77.0925, 45.8385], [-77.1286, 45.8433], [-77.1533, 45.8546], [-77.1934, 45.866], [-77.2347, 45.9128], [-77.2371, 45.9221], [-77.2609, 45.9341], [-77.2767, 45.9491], [-77.2857, 45.9812], [-77.2764, 46.0085], [-77.2803, 46.0159], [-77.3123, 46.0268], [-77.3575, 46.0578], [-77.3918, 46.0698], [-77.496, 46.1204], [-77.5725, 46.1623], [-77.6197, 46.1736], [-77.6779, 46.1984], [-77.6895, 46.1842], [-77.696, 46.1827], [-77.7252, 46.1924], [-77.7952, 46.1974], [-77.8217, 46.2046], [-77.8554, 46.2087], [-77.894, 46.2211], [-77.928, 46.2252], [-77.9938, 46.2486], [-78.0232, 46.2469], [-78.0392, 46.2423], [-78.0662, 46.2466], [-78.1167, 46.2634], [-78.1301, 46.2734], [-78.144, 46.2761], [-78.1571, 46.2738], [-78.1834, 46.2756], [-78.2141, 46.2699], [-78.2554, 46.2755], [-78.293, 46.2576], [-78.3134, 46.2526], [-78.3436, 46.2653], [-78.3773, 46.2873], [-78.3889, 46.2915], [-78.4157, 46.295], [-78.5023, 46.2944], [-78.5943, 46.3181], [-78.6362, 46.3212], [-78.6797, 46.3179], [-78.7006, 46.321], [-78.7052, 46.3111], [-78.7219, 46.306], [-78.7569, 46.3041], [-78.781, 46.2898], [-78.8831, 46.2818], [-78.9083, 46.2872], [-78.9773, 46.2713], [-79.0116, 46.2675], [-79.0849, 46.272], [-79.1021, 46.2766], [-79.1364, 46.2699], [-79.1767, 46.2714], [-79.2007, 46.2681], [-79.2619, 46.2732], [-79.3477, 46.2903], [-79.3832, 46.3029], [-79.407, 46.3018], [-79.4262, 46.3048], [-79.4597, 46.2956], [-79.4541, 46.2834], [-79.4463, 46.2753], [-79.4439, 46.2683], [-79.4459, 46.2663], [-79.4383, 46.2668], [-79.4266, 46.2554], [-79.4266, 46.247], [-79.4236, 46.246], [-79.4209, 46.2372], [-79.4222, 46.2273]]]}}, {"type": "Feature", "properties": {"id": "on-wmu-132", "wmu_id": "76B", "name": "76B", "province": "ON", "source": "Ontario LIO \u2014 Wildlife Management Unit"}, "geometry": {"type": "Polygon", "coordinates": [[[-79.7427, 44.554], [-79.7277, 44.5662], [-79.6825, 44.5878], [-79.673, 44.5956], [-79.6547, 44.5737], [-79.662, 44.5707], [-79.659, 44.567], [-79.6906, 44.555], [-79.6885, 44.5525], [-79.6969, 44.5489], [-79.703, 44.5483], [-79.7058, 44.5516], [-79.7105, 44.5495], [-79.7134, 44.5529], [-79.7369, 44.5425], [-79.6427, 44.4339], [-79.6503, 44.3925], [-79.6649, 44.3936], [-79.6889, 44.3876], [-79.6873, 44.3753], [-79.4995, 44.4172], [-79.2594, 44.4579], [-79.1637, 44.4711], [-79.1831, 44.4755], [-79.1941, 44.4747], [-79.1941, 44.4808], [-79.2006, 44.4928], [-79.2002, 44.5056], [-79.2025, 44.5075], [-79.1983, 44.51], [-79.2019, 44.528], [-79.2102, 44.5348], [-79.2105, 44.5413], [-79.2165, 44.5483], [-79.2223, 44.5476], [-79.2189, 44.55], [-79.2243, 44.555], [-79.2383, 44.5615], [-79.2506, 44.5591], [-79.2584, 44.5646], [-79.2823, 44.552], [-79.2963, 44.5519], [-79.2853, 44.5587], [-79.2781, 44.5588], [-79.2774, 44.5635], [-79.2894, 44.5679], [-79.3082, 44.5627], [-79.3213, 44.5692], [-79.3333, 44.5635], [-79.3321, 44.5666], [-79.3358, 44.5677], [-79.3306, 44.5714], [-79.3334, 44.5736], [-79.3257, 44.5795], [-79.3211, 44.5805], [-79.315, 44.5764], [-79.3128, 44.5786], [-79.3125, 44.5843], [-79.3187, 44.5839], [-79.3141, 44.5863], [-79.3176, 44.5908], [-79.3244, 44.593], [-79.3393, 44.5874], [-79.3371, 44.5846], [-79.3412, 44.5807], [-79.3523, 44.5831], [-79.3614, 44.5778], [-79.3579, 44.5813], [-79.3597, 44.584], [-79.3719, 44.5866], [-79.3661, 44.5969], [-79.3694, 44.6051], [-79.3592, 44.6165], [-79.3644, 44.6196], [-79.3608, 44.6238], [-79.363, 44.6256], [-79.3552, 44.6302], [-79.3535, 44.6375], [-79.3604, 44.6461], [-79.3526, 44.6566], [-79.3506, 44.6682], [-79.353, 44.6691], [-79.3516, 44.6747], [-79.3585, 44.6767], [-79.3627, 44.6716], [-79.3662, 44.6741], [-79.3657, 44.6783], [-79.3593, 44.6809], [-79.3506, 44.7017], [-79.3416, 44.7033], [-79.3455, 44.7066], [-79.3403, 44.7186], [-79.342, 44.7267], [-79.3384, 44.7262], [-79.3358, 44.7342], [-79.3382, 44.7402], [-79.3364, 44.7455], [-79.3223, 44.761], [-79.3186, 44.7609], [-79.3193, 44.7549], [-79.3113, 44.7527], [-79.2932, 44.7804], [-79.2937, 44.7839], [-79.3296, 44.779], [-79.3464, 44.7731], [-79.3754, 44.7738], [-79.3594, 44.7549], [-79.3665, 44.7517], [-79.3637, 44.748], [-79.4307, 44.719], [-79.4516, 44.7427], [-79.4974, 44.724], [-79.5347, 44.7667], [-79.6651, 44.7106], [-79.6604, 44.7059], [-79.6717, 44.7074], [-79.6926, 44.6984], [-79.7036, 44.6974], [-79.7144, 44.6888], [-79.8231, 44.6412], [-79.8041, 44.62], [-79.7813, 44.6102], [-79.7803, 44.5923], [-79.7595, 44.5788], [-79.7574, 44.5661], [-79.7423, 44.5487], [-79.7427, 44.554]]]}}, {"type": "Feature", "properties": {"id": "on-wmu-133", "wmu_id": "57", "name": "57", "province": "ON", "source": "Ontario LIO \u2014 Wildlife Management Unit"}, "geometry": {"type": "Polygon", "coordinates": [[[-78.2802, 45.1616], [-78.2657, 45.1297], [-78.2733, 45.126], [-78.2748, 45.113], [-78.2569, 45.084], [-78.2573, 45.0761], [-78.251, 45.0705], [-78.2401, 45.0672], [-78.2388, 45.0584], [-78.2353, 45.055], [-78.2181, 45.0483], [-78.2238, 45.0393], [-78.2131, 45.0119], [-78.2332, 44.9857], [-78.2248, 44.9832], [-78.207, 44.9845], [-78.1654, 44.9932], [-78.1245, 44.9897], [-78.1056, 44.9928], [-78.0833, 44.9914], [-78.0352, 45.0058], [-78.0201, 44.9928], [-78.0073, 44.9915], [-77.9881, 44.996], [-77.9725, 44.9864], [-77.9526, 45.0007], [-77.9314, 45.0055], [-77.9011, 45.0288], [-77.8829, 45.0512], [-77.8265, 45.0637], [-77.8025, 45.075], [-77.7903, 45.0652], [-77.7779, 45.0695], [-77.7586, 45.0651], [-77.7323, 45.0675], [-77.6825, 45.0783], [-77.6589, 45.0899], [-77.6455, 45.1026], [-77.5767, 45.1265], [-77.566, 45.1373], [-77.5501, 45.1431], [-77.5403, 45.1546], [-77.512, 45.1574], [-77.5017, 45.1642], [-77.4869, 45.1678], [-77.4467, 45.19], [-77.4384, 45.2034], [-77.4405, 45.2194], [-77.4465, 45.2267], [-77.4437, 45.2318], [-77.4576, 45.24], [-77.4696, 45.2626], [-77.4814, 45.2654], [-77.496, 45.277], [-77.4988, 45.2829], [-77.493, 45.3051], [-77.5045, 45.3086], [-77.5159, 45.3207], [-77.5162, 45.3289], [-77.5307, 45.3325], [-77.5411, 45.3476], [-77.5566, 45.3504], [-77.5666, 45.3478], [-77.5972, 45.3549], [-77.6088, 45.3619], [-77.6222, 45.385], [-77.6295, 45.3918], [-77.6248, 45.398], [-77.6458, 45.4056], [-77.6462, 45.4135], [-77.6637, 45.4285], [-77.6637, 45.4399], [-77.6682, 45.4439], [-77.9682, 45.3632], [-78.1777, 45.3105], [-78.1191, 45.2018], [-78.2802, 45.1616]]]}}, {"type": "Feature", "properties": {"id": "on-wmu-134", "wmu_id": "4", "name": "4", "province": "ON", "source": "Ontario LIO \u2014 Wildlife Management Unit"}, "geometry": {"type": "Polygon", "coordinates": [[[-93.2219, 50.641], [-93.2121, 50.6452], [-93.1729, 50.6299], [-93.1424, 50.6325], [-93.1193, 50.624], [-93.1104, 50.616], [-93.1054, 50.602], [-93.0641, 50.594], [-93.0404, 50.5928], [-93.0263, 50.6032], [-93.0133, 50.5998], [-92.9935, 50.6021], [-92.9962, 50.5931], [-92.9915, 50.5832], [-92.9934, 50.554], [-92.9375, 50.5097], [-92.9007, 50.4965], [-92.8905, 50.4795], [-92.8812, 50.4434], [-92.854, 50.4408], [-92.8227, 50.433], [-92.7668, 50.413], [-92.762, 50.4053], [-92.7685, 50.3855], [-92.7633, 50.358], [-92.7386, 50.3457], [-92.7011, 50.3417], [-92.6444, 50.328], [-92.5733, 50.3202], [-92.5197, 50.3239], [-92.4876, 50.314], [-92.4331, 50.3155], [-92.3419, 50.303], [-92.323, 50.3046], [-92.3016, 50.3124], [-92.2431, 50.3084], [-92.2162, 50.3153], [-92.1934, 50.3447], [-92.1872, 50.3625], [-92.1816, 50.3656], [-92.146, 50.3707], [-92.1166, 50.3883], [-92.0961, 50.3931], [-92.0388, 50.3974], [-92.0234, 50.3925], [-92.0069, 50.3783], [-91.9939, 50.3733], [-91.9984, 50.3393], [-91.9884, 50.332], [-91.9569, 50.3161], [-91.9513, 50.306], [-91.9263, 50.2918], [-91.8893, 50.2837], [-91.8591, 50.2691], [-91.7998, 50.266], [-91.7751, 50.2696], [-91.7522, 50.2798], [-91.7019, 50.2767], [-91.707, 50.2671], [-91.7227, 50.2598], [-91.6915, 50.256], [-91.7056, 50.2495], [-91.685, 50.2469], [-91.6837, 50.2433], [-91.6718, 50.2451], [-91.6739, 50.2413], [-91.5854, 50.2557], [-91.5392, 50.2722], [-91.5389, 50.269], [-91.5336, 50.2709], [-91.4968, 50.2613], [-91.4959, 50.2568], [-91.4997, 50.2527], [-91.5142, 50.2458], [-91.5117, 50.2354], [-91.534, 50.2331], [-91.5494, 50.2237], [-91.5514, 50.2184], [-91.5458, 50.2161], [-91.5204, 50.2208], [-91.5231, 50.2155], [-91.5187, 50.2128], [-91.5194, 50.207], [-91.516, 50.2071], [-91.5215, 50.2052], [-91.5219, 50.2004], [-91.5278, 50.194], [-91.5581, 50.1786], [-91.5583, 50.1718], [-91.5207, 50.1588], [-91.4918, 50.1656], [-91.4624, 50.1674], [-91.4421, 50.174], [-91.4215, 50.1745], [-91.4021, 50.1686], [-91.3569, 50.1702], [-91.3174, 50.1841], [-91.2984, 50.1848], [-91.2512, 50.1995], [-91.2145, 50.2015], [-91.173, 50.2101], [-91.1595, 50.2215], [-91.1727, 50.2238], [-91.1757, 50.2272], [-91.1686, 50.2363], [-91.1426, 50.2504], [-91.1402, 50.2598], [-91.1066, 50.2783], [-91.0949, 50.2899], [-91.0904, 50.3074], [-91.0696, 50.3162], [-91.0568, 50.3287], [-91.0353, 50.339], [-91.0223, 50.3551], [-91.0226, 50.3649], [-91.0403, 50.3697], [-91.0587, 50.3666], [-91.0712, 50.3682], [-91.09, 50.3635], [-91.0953, 50.3592], [-91.1119, 50.3637], [-91.1374, 50.3556], [-91.1345, 50.3632], [-91.1617, 50.3684], [-91.1996, 50.3658], [-91.2209, 50.3675], [-91.2537, 50.3622], [-91.2513, 50.3662], [-91.2583, 50.3669], [-91.2728, 50.3634], [-91.2658, 50.3729], [-91.2706, 50.3787], [-91.2525, 50.3851], [-91.2545, 50.3892], [-91.2466, 50.3904], [-91.24, 50.396], [-91.2563, 50.4026], [-91.2808, 50.3946], [-91.2993, 50.3983], [-91.2993, 50.4059], [-91.2907, 50.4236], [-91.2853, 50.4269], [-91.2771, 50.4298], [-91.2708, 50.4279], [-91.2614, 50.4375], [-91.2522, 50.4381], [-91.2481, 50.4426], [-91.2374, 50.4428], [-91.224, 50.456], [-91.2277, 50.4614], [-91.2259, 50.4675], [-91.244, 50.4684], [-91.243, 50.4654], [-91.2484, 50.4584], [-91.2581, 50.4596], [-91.266, 50.4566], [-91.2823, 50.4589], [-91.2986, 50.4491], [-91.3106, 50.4589], [-91.3199, 50.4555], [-91.3205, 50.4604], [-91.3274, 50.4624], [-91.3375, 50.4573], [-91.3451, 50.4625], [-91.3476, 50.4704], [-91.3287, 50.4772], [-91.3306, 50.4804], [-91.3284, 50.4861], [-91.333, 50.4872], [-91.3324, 50.4951], [-91.3174, 50.5049], [-91.3082, 50.5003], [-91.3066, 50.5022], [-91.3078, 50.5063], [-91.2969, 50.5346], [-91.3075, 50.5417], [-91.3283, 50.5737], [-91.3354, 50.5769], [-91.3454, 50.598], [-91.3572, 50.608], [-91.3586, 50.6157], [-91.3728, 50.6274], [-91.3773, 50.626], [-91.3976, 50.6323], [-91.4127, 50.621], [-91.4195, 50.6224], [-91.4286, 50.6117], [-91.4357, 50.6129], [-91.4393, 50.6176], [-91.4543, 50.6144], [-91.4595, 50.6175], [-91.5156, 50.6182], [-91.5121, 50.6278], [-91.5124, 50.647], [-91.5167, 50.649], [-91.5188, 50.6582], [-91.5247, 50.6638], [-91.5369, 50.6673], [-91.5394, 50.6748], [-91.524, 50.6763], [-91.5259, 50.6848], [-91.5304, 50.6877], [-91.531, 50.6973], [-91.5241, 50.7027], [-91.497, 50.7008], [-91.4977, 50.7099], [-91.48, 50.7225], [-91.4798, 50.7254], [-91.47, 50.7277], [-91.4551, 50.7417], [-91.4449, 50.7438], [-91.4337, 50.7698], [-91.4359, 50.7821], [-91.4274, 50.7918], [-91.4269, 50.8005], [-91.4211, 50.8034], [-91.432, 50.8075], [-91.4271, 50.8123], [-91.4348, 50.8166], [-91.4592, 50.82], [-91.4551, 50.8343], [-91.4611, 50.8389], [-91.4599, 50.8453], [-91.4656, 50.8554], [-91.4446, 50.8755], [-91.422, 50.8819], [-91.4255, 50.8918], [-91.4225, 50.8976], [-91.3902, 50.9157], [-91.3795, 50.9294], [-91.3642, 50.9354], [-91.3495, 50.9477], [-91.3459, 50.9589], [-91.3215, 50.9663], [-91.3049, 50.9796], [-91.2838, 50.9876], [-91.2862, 50.9999], [-91.279, 51.0254], [-91.2707, 51.0248], [-91.2627, 51.0312], [-91.2559, 51.0273], [-91.2481, 51.0281], [-91.2398, 51.0361], [-91.2244, 51.0378], [-91.2223, 51.0434], [-91.2367, 51.0482], [-91.2345, 51.0578], [-91.2497, 51.0631], [-91.252, 51.0702], [-91.2855, 51.0737], [-91.2956, 51.072], [-91.2943, 51.0702], [-91.3027, 51.0671], [-91.3065, 51.061], [-91.3134, 51.0625], [-91.3151, 51.0661], [-91.3316, 51.0666], [-91.3777, 51.0482], [-91.3751, 51.0436], [-91.3781, 51.0424], [-91.4345, 51.0345], [-91.4365, 51.0403], [-91.4309, 51.0425], [-91.4301, 51.0469], [-91.4317, 51.0563], [-91.4187, 51.0638], [-91.4131, 51.0618], [-91.4062, 51.0744], [-91.4307, 51.0746], [-91.4439, 51.0795], [-91.453, 51.0774], [-91.4512, 51.0833], [-91.4535, 51.0866], [-91.4624, 51.0875], [-91.46, 51.0907], [-91.4621, 51.0922], [-91.4731, 51.0933], [-91.4915, 51.1174], [-91.5276, 51.1209], [-91.5368, 51.1226], [-91.5399, 51.1261], [-91.5509, 51.1265], [-91.5504, 51.14], [-91.5599, 51.1427], [-91.5594, 51.1538], [-91.5704, 51.1557], [-91.5919, 51.1532], [-91.5933, 51.1629], [-91.6286, 51.1623], [-91.9197, 51.1888], [-92.0772, 51.1784], [-92.2131, 51.1578], [-92.3912, 51.1218], [-92.5327, 51.0969], [-92.5953, 51.0739], [-92.6276, 51.0793], [-92.6246, 51.1045], [-92.6435, 51.1164], [-92.6798, 51.1264], [-92.7247, 51.126], [-92.7435, 51.1292], [-92.7508, 51.1214], [-92.7455, 51.1119], [-92.7657, 51.0917], [-92.7951, 51.0852], [-92.8603, 51.0395], [-92.913, 51.0252], [-92.9583, 51.0022], [-92.9639, 50.9943], [-92.9628, 50.9898], [-92.9691, 50.9841], [-93.0049, 50.9772], [-93.0121, 50.9729], [-93.0212, 50.9607], [-93.0681, 50.9434], [-93.0648, 50.9238], [-93.093, 50.8986], [-93.1232, 50.8817], [-93.1405, 50.8528], [-93.1434, 50.8393], [-93.1524, 50.8302], [-93.1693, 50.8222], [-93.1693, 50.8174], [-93.1464, 50.7983], [-93.1455, 50.7788], [-93.154, 50.7708], [-93.1583, 50.7527], [-93.2109, 50.7169], [-93.2146, 50.6993], [-93.2042, 50.6499], [-93.2084, 50.6538], [-93.2156, 50.6534], [-93.2332, 50.6378], [-93.2221, 50.6311], [-93.2191, 50.6341], [-93.2219, 50.641]]]}}, {"type": "Feature", "properties": {"id": "on-wmu-135", "wmu_id": "43A", "name": "43A", "province": "ON", "source": "Ontario LIO \u2014 Wildlife Management Unit"}, "geometry": {"type": "Polygon", "coordinates": [[[-83.422, 45.7442], [-82.7414, 45.4399], [-82.7573, 46.0106], [-83.1564, 46.0037], [-83.422, 45.7442]]]}}, {"type": "Feature", "properties": {"id": "on-wmu-136", "wmu_id": "62", "name": "62", "province": "ON", "source": "Ontario LIO \u2014 Wildlife Management Unit"}, "geometry": {"type": "Polygon", "coordinates": [[[-77.3322, 44.5318], [-77.3314, 44.5237], [-77.3181, 44.5026], [-77.3202, 44.4904], [-77.3087, 44.4736], [-77.3092, 44.4661], [-77.2953, 44.456], [-77.2725, 44.457], [-77.2716, 44.4448], [-77.2376, 44.453], [-77.2147, 44.4458], [-77.1487, 44.462], [-77.1308, 44.4422], [-77.1216, 44.4398], [-77.1094, 44.4295], [-77.0918, 44.4333], [-77.0882, 44.4239], [-77.0717, 44.4137], [-77.0522, 44.4139], [-77.0421, 44.4176], [-77.0297, 44.3934], [-76.9869, 44.4129], [-76.9777, 44.421], [-76.9282, 44.4463], [-76.9132, 44.452], [-76.9057, 44.45], [-76.8152, 44.4897], [-76.7669, 44.4765], [-76.7597, 44.4707], [-76.7126, 44.4679], [-76.6956, 44.4714], [-76.6886, 44.4946], [-76.695, 44.5147], [-76.6826, 44.5336], [-76.6783, 44.5486], [-76.6685, 44.5643], [-76.6688, 44.5726], [-76.6736, 44.5826], [-76.6863, 44.5875], [-76.6941, 44.6158], [-76.7029, 44.6282], [-76.7135, 44.6347], [-76.7167, 44.6413], [-76.7167, 44.6562], [-76.6837, 44.66], [-76.6774, 44.6637], [-76.6776, 44.668], [-76.6704, 44.6747], [-76.6757, 44.6958], [-76.6706, 44.7105], [-76.6793, 44.7265], [-76.6791, 44.7329], [-76.689, 44.7488], [-76.6849, 44.7609], [-76.6901, 44.7682], [-76.6788, 44.7859], [-76.6787, 44.797], [-76.6943, 44.795], [-76.6981, 44.8024], [-76.7132, 44.8144], [-76.7039, 44.8409], [-76.7085, 44.8535], [-76.7067, 44.8654], [-76.6975, 44.8751], [-76.6938, 44.8879], [-76.6964, 44.8941], [-76.6917, 44.9081], [-76.6776, 44.9248], [-76.6863, 44.9303], [-76.6881, 44.9409], [-76.7055, 44.9388], [-76.7212, 44.9454], [-76.7267, 44.9408], [-76.7405, 44.9406], [-76.7495, 44.935], [-76.7714, 44.9419], [-76.7739, 44.9353], [-76.7998, 44.9301], [-76.7967, 44.9473], [-76.8252, 44.9649], [-76.831, 44.9633], [-76.847, 44.967], [-76.8629, 44.9589], [-76.8639, 44.9552], [-76.8755, 44.955], [-76.8972, 44.9444], [-76.9007, 44.9358], [-76.9039, 44.9347], [-76.9206, 44.9425], [-76.9468, 44.9387], [-76.9331, 44.9349], [-76.9274, 44.9276], [-76.9312, 44.9209], [-77.0015, 44.9003], [-77.1013, 44.8491], [-77.1398, 44.8355], [-77.1452, 44.8236], [-77.1589, 44.8138], [-77.1597, 44.8055], [-77.1799, 44.7999], [-77.175, 44.7872], [-77.1766, 44.7771], [-77.169, 44.7656], [-77.1694, 44.7498], [-77.1586, 44.7322], [-77.1564, 44.6932], [-77.1453, 44.6823], [-77.1407, 44.6668], [-77.1214, 44.6478], [-77.148, 44.624], [-77.1639, 44.6256], [-77.172, 44.6221], [-77.1925, 44.5894], [-77.2145, 44.5682], [-77.2258, 44.5634], [-77.2561, 44.5584], [-77.3087, 44.558], [-77.3239, 44.5513], [-77.3322, 44.5318]]]}}, {"type": "Feature", "properties": {"id": "on-wmu-137", "wmu_id": "36", "name": "36", "province": "ON", "source": "Ontario LIO \u2014 Wildlife Management Unit"}, "geometry": {"type": "Polygon", "coordinates": [[[-84.4353, 47.2709], [-84.4457, 47.2645], [-84.4804, 47.2718], [-84.5085, 47.26], [-84.5181, 47.2505], [-84.5582, 47.2436], [-84.5708, 47.2476], [-84.5837, 47.2404], [-84.5867, 47.233], [-84.5985, 47.2223], [-84.6022, 47.2116], [-84.6099, 47.2097], [-84.6203, 47.2143], [-84.6383, 47.2158], [-84.6414, 47.2201], [-84.6349, 47.2252], [-84.6361, 47.2306], [-84.6437, 47.2342], [-84.6422, 47.2359], [-84.6459, 47.2388], [-85.8348, 47.301], [-84.8601, 46.8889], [-84.7628, 46.6343], [-84.5568, 46.4608], [-84.4756, 46.4529], [-84.4452, 46.4891], [-84.4211, 46.5006], [-84.3955, 46.4986], [-84.3741, 46.5092], [-84.3419, 46.5075], [-84.3252, 46.4998], [-84.2938, 46.4929], [-84.2763, 46.493], [-84.2655, 46.4944], [-84.2548, 46.5008], [-84.2259, 46.5341], [-84.1937, 46.5402], [-84.1777, 46.5271], [-84.1668, 46.5263], [-84.1395, 46.5325], [-84.129, 46.5305], [-84.1111, 46.5042], [-84.1461, 46.4188], [-84.139, 46.3725], [-84.1201, 46.3384], [-84.1059, 46.322], [-84.0737, 46.3149], [-84.0486, 46.3012], [-84.0228, 46.3019], [-83.9838, 46.3219], [-83.9385, 46.3214], [-83.9233, 46.3131], [-83.9087, 46.2923], [-83.7505, 46.2367], [-83.7299, 46.1082], [-83.655, 46.1217], [-83.5719, 46.1058], [-83.562, 46.098], [-83.5684, 46.2373], [-83.56, 46.2575], [-83.5486, 46.2653], [-83.5432, 46.2764], [-83.5493, 46.2951], [-83.5238, 46.297], [-83.4992, 46.3111], [-83.4956, 46.3253], [-83.4984, 46.3359], [-83.4843, 46.3405], [-83.4831, 46.349], [-83.464, 46.3588], [-83.4451, 46.3616], [-83.4293, 46.3761], [-83.4125, 46.379], [-83.411, 46.4084], [-83.4015, 46.4171], [-83.3453, 46.4262], [-83.3285, 46.4359], [-83.3314, 46.443], [-83.339, 46.4468], [-83.3437, 46.4545], [-83.361, 46.4561], [-83.3668, 46.4681], [-83.3656, 46.4804], [-83.3816, 46.4774], [-83.3963, 46.481], [-83.402, 46.4969], [-83.3956, 46.5087], [-83.4258, 46.5194], [-83.4394, 46.533], [-83.4315, 46.544], [-83.417, 46.5828], [-83.4195, 46.5859], [-83.4353, 46.589], [-83.4374, 46.5959], [-83.4225, 46.609], [-83.4299, 46.6262], [-83.4199, 46.6378], [-83.4219, 46.6421], [-83.3896, 46.6658], [-83.3771, 46.6681], [-83.3662, 46.6751], [-83.38, 46.6895], [-83.424, 46.7176], [-83.428, 46.7278], [-83.4184, 46.7365], [-83.3924, 46.7449], [-83.3492, 46.7701], [-83.3227, 46.7943], [-83.3284, 46.8137], [-83.3231, 46.8339], [-83.3285, 46.8442], [-83.3197, 46.8548], [-83.3105, 46.8733], [-83.3109, 46.8783], [-83.3334, 46.8749], [-83.3408, 46.8723], [-83.3498, 46.8636], [-83.371, 46.8604], [-83.3842, 46.8679], [-83.3998, 46.8898], [-83.4076, 46.8937], [-83.4276, 46.8975], [-83.441, 46.8919], [-83.4493, 46.893], [-83.4517, 46.8815], [-83.4591, 46.8787], [-83.4686, 46.888], [-83.4805, 46.8925], [-83.4907, 46.9073], [-83.5005, 46.9097], [-83.5027, 46.9133], [-83.5322, 46.9043], [-83.5587, 46.8828], [-83.5652, 46.882], [-83.5761, 46.8744], [-83.5759, 46.8686], [-83.5876, 46.8691], [-83.5952, 46.874], [-83.6169, 46.8754], [-83.6538, 46.857], [-83.6661, 46.8449], [-83.6737, 46.822], [-83.7387, 46.8147], [-83.7471, 46.799], [-83.7488, 46.7882], [-83.7618, 46.7813], [-83.7735, 46.7655], [-83.792, 46.7572], [-83.8284, 46.7495], [-83.8463, 46.7567], [-83.8657, 46.7589], [-83.8624, 46.7621], [-83.8726, 46.7744], [-83.8867, 46.7784], [-83.8909, 46.7841], [-83.9276, 46.7918], [-83.9297, 46.7971], [-83.948, 46.8067], [-83.9736, 46.8072], [-83.9911, 46.8016], [-83.9985, 46.7986], [-84.0086, 46.7878], [-84.0322, 46.7786], [-84.0321, 46.7756], [-84.0436, 46.7763], [-84.0525, 46.7712], [-84.0528, 46.7829], [-84.0615, 46.7956], [-84.0824, 46.8047], [-84.0918, 46.8139], [-84.1093, 46.8152], [-84.1247, 46.8216], [-84.1332, 46.837], [-84.1332, 46.8458], [-84.1479, 46.8518], [-84.1619, 46.8746], [-84.1744, 46.8869], [-84.1756, 46.8952], [-84.1996, 46.9074], [-84.2025, 46.9168], [-84.2087, 46.922], [-84.2012, 46.9338], [-84.2002, 46.9468], [-84.2138, 46.9517], [-84.2095, 46.9576], [-84.2131, 46.966], [-84.1773, 46.9811], [-84.1652, 46.9976], [-84.1025, 47.0185], [-84.1007, 47.0246], [-84.1031, 47.0311], [-84.0943, 47.0386], [-84.0607, 47.0336], [-84.0479, 47.0377], [-84.0376, 47.036], [-84.028, 47.0432], [-84.028, 47.0501], [-84.0655, 47.073], [-84.0939, 47.1076], [-84.1045, 47.112], [-84.1083, 47.1192], [-84.1153, 47.1206], [-84.1172, 47.1284], [-84.1222, 47.1305], [-84.1375, 47.1263], [-84.1481, 47.1294], [-84.15, 47.1331], [-84.1643, 47.133], [-84.187, 47.1459], [-84.2024, 47.1468], [-84.2049, 47.1548], [-84.1971, 47.1602], [-84.2071, 47.1606], [-84.2114, 47.1673], [-84.2505, 47.1711], [-84.2603, 47.1757], [-84.3062, 47.1754], [-84.3218, 47.1803], [-84.3296, 47.1785], [-84.3328, 47.1742], [-84.3375, 47.1747], [-84.3432, 47.1874], [-84.341, 47.192], [-84.3351, 47.1933], [-84.3411, 47.2001], [-84.3505, 47.2057], [-84.3592, 47.2037], [-84.3675, 47.2064], [-84.3791, 47.2142], [-84.3764, 47.2209], [-84.378, 47.2271], [-84.4154, 47.2552], [-84.4222, 47.2572], [-84.4216, 47.2619], [-84.427, 47.2708], [-84.4353, 47.2709]]]}}, {"type": "Feature", "properties": {"id": "on-wmu-138", "wmu_id": "93C", "name": "93C", "province": "ON", "source": "Ontario LIO \u2014 Wildlife Management Unit"}, "geometry": {"type": "Polygon", "coordinates": [[[-81.8173, 43.2099], [-81.813, 43.2158], [-81.7978, 43.2237], [-81.7927, 43.216], [-81.7824, 43.2118], [-81.7814, 43.2223], [-81.7738, 43.2361], [-81.7773, 43.2494], [-81.7694, 43.2565], [-81.7725, 43.26], [-81.7675, 43.2652], [-81.7689, 43.272], [-81.7603, 43.2761], [-81.7638, 43.2844], [-81.7898, 43.2954], [-81.8499, 43.2596], [-81.9039, 43.2343], [-81.8991, 43.2332], [-81.8949, 43.2258], [-81.8896, 43.2232], [-81.8903, 43.2133], [-81.8821, 43.2034], [-81.814, 43.1934], [-81.8114, 43.206], [-81.8173, 43.2099]]]}}, {"type": "Feature", "properties": {"id": "on-wmu-139", "wmu_id": "56", "name": "56", "province": "ON", "source": "Ontario LIO \u2014 Wildlife Management Unit"}, "geometry": {"type": "Polygon", "coordinates": [[[-79.2092, 44.7937], [-79.206, 44.7944], [-79.1621, 44.6966], [-79.1528, 44.6996], [-79.1456, 44.7166], [-79.1313, 44.7171], [-79.1017, 44.7268], [-79.0885, 44.7256], [-79.0722, 44.7317], [-79.0575, 44.726], [-79.0342, 44.7236], [-79.0245, 44.7279], [-79.0213, 44.7359], [-79.0075, 44.7415], [-78.9943, 44.7517], [-78.9728, 44.7564], [-78.9501, 44.7518], [-78.946, 44.7457], [-78.9345, 44.7396], [-78.9313, 44.7241], [-78.9215, 44.7175], [-78.9011, 44.7191], [-78.8577, 44.7155], [-78.8159, 44.7256], [-78.8042, 44.7382], [-78.7886, 44.7425], [-78.7556, 44.7439], [-78.6621, 44.7664], [-78.653, 44.7809], [-78.6471, 44.7828], [-78.6351, 44.7989], [-78.585, 44.81], [-78.5728, 44.8171], [-78.5548, 44.8364], [-78.54, 44.8677], [-78.529, 44.8743], [-78.5087, 44.8786], [-78.4827, 44.8919], [-78.4403, 44.8995], [-78.4245, 44.9052], [-78.3668, 44.9086], [-78.3424, 44.9234], [-78.334, 44.9234], [-78.3269, 44.9318], [-78.3048, 44.9354], [-78.2748, 44.9727], [-78.2429, 44.9786], [-78.2283, 44.9907], [-78.213, 45.0123], [-78.2238, 45.0393], [-78.2181, 45.0483], [-78.2353, 45.055], [-78.2388, 45.0584], [-78.2401, 45.0672], [-78.251, 45.0705], [-78.2573, 45.0761], [-78.2569, 45.084], [-78.2668, 45.0963], [-78.2664, 45.1009], [-78.2725, 45.1057], [-78.2748, 45.1132], [-78.2733, 45.126], [-78.2657, 45.1297], [-78.2962, 45.1933], [-78.3141, 45.1842], [-78.3193, 45.1853], [-78.3325, 45.1913], [-78.3431, 45.2018], [-78.3518, 45.2031], [-78.3516, 45.2089], [-78.366, 45.2165], [-78.3904, 45.2068], [-78.396, 45.2018], [-78.3917, 45.1899], [-78.3993, 45.1789], [-78.4317, 45.1774], [-78.446, 45.1699], [-78.47, 45.169], [-78.4669, 45.1571], [-78.4608, 45.1493], [-78.4677, 45.1406], [-78.487, 45.1413], [-78.4945, 45.133], [-78.5135, 45.1282], [-78.5197, 45.123], [-78.5305, 45.1215], [-78.5296, 45.1235], [-78.5384, 45.1266], [-78.5464, 45.1236], [-78.546, 45.1265], [-78.5513, 45.1273], [-78.5619, 45.125], [-78.5768, 45.116], [-78.586, 45.1174], [-78.6011, 45.1103], [-78.6128, 45.1139], [-78.6216, 45.1119], [-78.63, 45.1054], [-78.6384, 45.1085], [-78.6492, 45.1068], [-78.653, 45.1028], [-78.6724, 45.0962], [-78.6793, 45.089], [-78.6895, 45.0863], [-78.6939, 45.0777], [-78.7161, 45.0702], [-78.729, 45.0789], [-78.7407, 45.0943], [-78.7619, 45.1004], [-78.7612, 45.1171], [-78.7637, 45.1249], [-78.7688, 45.1291], [-78.7856, 45.1298], [-78.8009, 45.1265], [-78.8035, 45.1141], [-78.8082, 45.1129], [-78.8408, 45.1342], [-78.8386, 45.1411], [-78.8464, 45.1508], [-78.8452, 45.1581], [-78.8541, 45.168], [-78.8546, 45.1812], [-78.8575, 45.1854], [-78.8733, 45.1775], [-78.8828, 45.1801], [-78.8937, 45.1748], [-78.8942, 45.1714], [-78.9227, 45.1637], [-78.9235, 45.1529], [-78.9371, 45.1379], [-78.9482, 45.1445], [-78.959, 45.1401], [-78.9571, 45.1248], [-78.9632, 45.1213], [-78.9691, 45.1114], [-78.9768, 45.1078], [-78.9665, 45.1013], [-78.9672, 45.092], [-78.9707, 45.0862], [-78.9817, 45.0833], [-78.9869, 45.0774], [-78.9723, 45.0625], [-78.9892, 45.0556], [-78.989, 45.0517], [-78.9745, 45.0441], [-78.9794, 45.0417], [-78.9782, 45.0376], [-78.9845, 45.04], [-78.9924, 45.0362], [-78.9911, 45.03], [-78.989, 45.0313], [-78.9866, 45.0269], [-78.9907, 45.0269], [-78.9963, 45.0203], [-78.9929, 45.0171], [-79.0007, 45.0127], [-79.0042, 45.0147], [-79.0095, 45.0103], [-79.0077, 45.0036], [-79.0166, 44.9952], [-79.0212, 44.999], [-79.0215, 44.9967], [-79.0282, 44.9963], [-79.0282, 44.9993], [-79.0365, 44.9943], [-79.0493, 44.9928], [-79.0512, 44.9841], [-79.0467, 44.9741], [-79.0489, 44.9743], [-79.0468, 44.9708], [-79.0491, 44.9659], [-79.0432, 44.9593], [-79.0484, 44.9481], [-79.0539, 44.9455], [-79.0562, 44.9333], [-79.0622, 44.9294], [-79.0609, 44.9251], [-79.0678, 44.9186], [-79.0696, 44.9113], [-79.0598, 44.9073], [-79.0608, 44.9021], [-79.0708, 44.8958], [-79.0643, 44.8895], [-79.0596, 44.8935], [-79.0512, 44.8902], [-79.0503, 44.8923], [-79.0468, 44.882], [-79.0496, 44.8755], [-79.0467, 44.869], [-79.0573, 44.8647], [-79.0525, 44.8604], [-79.0532, 44.857], [-79.068, 44.8536], [-79.065, 44.8464], [-79.0611, 44.8464], [-79.0636, 44.8354], [-79.0594, 44.8337], [-79.0566, 44.8258], [-79.0845, 44.8084], [-79.1073, 44.804], [-79.1087, 44.8015], [-79.1143, 44.8017], [-79.1155, 44.8053], [-79.1385, 44.7961], [-79.1713, 44.7943], [-79.1757, 44.7965], [-79.1836, 44.7941], [-79.2011, 44.7977], [-79.2092, 44.7937]]]}}, {"type": "Feature", "properties": {"id": "on-wmu-140", "wmu_id": "22", "name": "22", "province": "ON", "source": "Ontario LIO \u2014 Wildlife Management Unit"}, "geometry": {"type": "Polygon", "coordinates": [[[-85.2734, 48.5927], [-85.2653, 48.5894], [-85.2636, 48.5741], [-85.2525, 48.565], [-85.2207, 48.5591], [-85.1905, 48.5433], [-85.1639, 48.534], [-85.1563, 48.5274], [-85.1469, 48.5279], [-85.1335, 48.5105], [-85.1178, 48.5071], [-85.0601, 48.4724], [-85.0157, 48.4828], [-85.0049, 48.4784], [-84.9884, 48.4824], [-84.9787, 48.4785], [-84.9685, 48.4829], [-84.9228, 48.4793], [-84.9058, 48.481], [-84.8685, 48.4742], [-84.8558, 48.4669], [-84.8423, 48.472], [-84.8024, 48.4656], [-84.7773, 48.4561], [-84.7054, 48.4803], [-84.6738, 48.4741], [-84.6537, 48.4656], [-84.6417, 48.4681], [-84.6274, 48.4643], [-84.5976, 48.4781], [-84.5777, 48.4815], [-84.5571, 48.4799], [-84.5437, 48.4852], [-84.5272, 48.4787], [-84.5045, 48.4894], [-84.4957, 48.4829], [-84.4591, 48.4776], [-84.4337, 48.4789], [-84.4113, 48.4647], [-84.4012, 48.4757], [-84.39, 48.4775], [-84.3852, 48.4847], [-84.3675, 48.4885], [-84.3637, 48.4932], [-84.3681, 48.5014], [-84.3493, 48.5139], [-84.336, 48.5306], [-84.3283, 48.5331], [-84.3231, 48.5401], [-84.3157, 48.5415], [-84.3135, 48.5464], [-84.3, 48.5521], [-84.2744, 48.5723], [-84.2701, 48.5927], [-84.2903, 48.6303], [-84.2872, 48.6443], [-84.2775, 48.6486], [-84.2644, 48.6608], [-84.2561, 48.6741], [-84.2275, 48.6865], [-84.207, 48.6887], [-84.2031, 48.7008], [-84.1875, 48.7153], [-84.1815, 48.7254], [-84.1937, 48.748], [-84.209, 48.7575], [-84.2097, 48.7649], [-84.1996, 48.7731], [-84.2039, 48.7833], [-84.1998, 48.8007], [-84.1612, 48.8178], [-84.1466, 48.8303], [-84.1309, 48.8632], [-84.1314, 48.8723], [-84.1147, 48.8923], [-84.1175, 48.9027], [-84.1115, 48.9098], [-84.1069, 48.9254], [-84.1124, 48.9354], [-84.1061, 48.9444], [-84.0952, 48.951], [-84.0899, 49.0086], [-84.1029, 49.0556], [-84.1143, 49.0742], [-84.1139, 49.0872], [-84.1088, 49.1296], [-84.0958, 49.1568], [-84.081, 49.1759], [-84.0732, 49.216], [-84.0405, 49.2725], [-83.958, 49.3735], [-83.9376, 49.3839], [-83.8819, 49.4508], [-83.8653, 49.4644], [-83.8437, 49.514], [-83.8258, 49.5439], [-83.8119, 49.5579], [-83.7775, 49.5614], [-83.7467, 49.5898], [-83.7505, 49.616], [-83.7403, 49.643], [-83.6977, 49.6931], [-83.9665, 49.7403], [-84.1809, 49.7471], [-84.233, 49.7349], [-84.2535, 49.7343], [-84.3858, 49.748], [-84.4334, 49.7579], [-84.5147, 49.7635], [-84.5191, 49.7353], [-84.5331, 49.7222], [-84.5269, 49.7042], [-84.5292, 49.6857], [-84.5434, 49.6711], [-84.5604, 49.643], [-84.5679, 49.6212], [-84.6177, 49.5719], [-84.6457, 49.5606], [-84.6552, 49.5512], [-84.6622, 49.5359], [-84.6959, 49.5169], [-84.6992, 49.4932], [-84.7288, 49.4715], [-84.709, 49.4601], [-84.7011, 49.449], [-84.7137, 49.4171], [-84.7094, 49.414], [-84.7044, 49.399], [-84.7283, 49.3693], [-84.7368, 49.3651], [-84.7431, 49.356], [-84.744, 49.3479], [-84.7546, 49.3403], [-84.7534, 49.3258], [-84.7622, 49.3115], [-84.7635, 49.3029], [-84.7721, 49.2918], [-84.7742, 49.262], [-84.7647, 49.2474], [-84.7715, 49.2295], [-84.7647, 49.2211], [-84.7676, 49.212], [-84.7864, 49.2101], [-84.7793, 49.1863], [-84.7828, 49.1683], [-84.7741, 49.1566], [-84.7859, 49.1413], [-84.7879, 49.1272], [-84.7705, 49.1173], [-84.7653, 49.1071], [-84.7659, 49.0957], [-84.7555, 49.0857], [-84.7531, 49.061], [-84.7623, 49.0524], [-84.7649, 49.0304], [-84.7726, 49.0229], [-84.7579, 49.0006], [-84.7625, 48.9845], [-84.7553, 48.9683], [-84.7775, 48.9496], [-84.7893, 48.9213], [-84.808, 48.9058], [-84.809, 48.8981], [-84.8038, 48.8829], [-84.8153, 48.8725], [-84.8148, 48.8619], [-84.8074, 48.852], [-84.8161, 48.8346], [-84.8372, 48.8261], [-84.8388, 48.8084], [-84.8484, 48.7904], [-84.8645, 48.7813], [-84.8689, 48.7698], [-84.879, 48.765], [-84.8847, 48.7572], [-84.8976, 48.7531], [-84.9124, 48.738], [-84.9225, 48.7167], [-84.9167, 48.7078], [-84.9126, 48.6864], [-84.9205, 48.6712], [-84.9341, 48.658], [-84.9598, 48.6507], [-84.9618, 48.646], [-84.9968, 48.6238], [-85.0132, 48.6195], [-85.0239, 48.6211], [-85.0516, 48.6107], [-85.1261, 48.6103], [-85.1579, 48.6055], [-85.1677, 48.6086], [-85.2017, 48.6032], [-85.2224, 48.6143], [-85.2426, 48.6135], [-85.2647, 48.601], [-85.2734, 48.5927]]]}}, {"type": "Feature", "properties": {"id": "on-wmu-141", "wmu_id": "76A", "name": "76A", "province": "ON", "source": "Ontario LIO \u2014 Wildlife Management Unit"}, "geometry": {"type": "MultiPolygon", "coordinates": [[[[-79.372, 44.5868], [-79.3597, 44.584], [-79.3579, 44.5813], [-79.3614, 44.5778], [-79.3523, 44.5831], [-79.3412, 44.5807], [-79.3371, 44.5846], [-79.3393, 44.5874], [-79.3244, 44.593], [-79.3176, 44.5908], [-79.3141, 44.5863], [-79.3187, 44.5839], [-79.3125, 44.5843], [-79.3128, 44.5786], [-79.315, 44.5764], [-79.3211, 44.5805], [-79.3257, 44.5795], [-79.3334, 44.5736], [-79.3306, 44.5714], [-79.3358, 44.5677], [-79.3321, 44.5666], [-79.3333, 44.5635], [-79.3213, 44.5692], [-79.3082, 44.5627], [-79.2894, 44.5679], [-79.2774, 44.5635], [-79.2781, 44.5588], [-79.2853, 44.5587], [-79.2963, 44.5519], [-79.2823, 44.552], [-79.2584, 44.5646], [-79.2506, 44.5591], [-79.2383, 44.5615], [-79.224, 44.5549], [-79.2189, 44.55], [-79.2223, 44.5476], [-79.2165, 44.5483], [-79.2105, 44.5413], [-79.2102, 44.5348], [-79.2019, 44.528], [-79.1983, 44.51], [-79.2025, 44.5075], [-79.2002, 44.5056], [-79.2006, 44.4928], [-79.1933, 44.4743], [-79.1613, 44.4719], [-79.1565, 44.4766], [-79.1599, 44.4802], [-79.1565, 44.482], [-79.1603, 44.4853], [-79.1539, 44.4896], [-79.1547, 44.498], [-79.1482, 44.5005], [-79.1452, 44.5121], [-79.1407, 44.5141], [-79.1254, 44.505], [-79.1058, 44.5095], [-79.0926, 44.5167], [-79.0822, 44.5165], [-79.206, 44.7944], [-79.2972, 44.7748], [-79.3113, 44.7527], [-79.3193, 44.7549], [-79.3186, 44.7609], [-79.3223, 44.761], [-79.3364, 44.7455], [-79.3382, 44.7402], [-79.3358, 44.7342], [-79.3384, 44.7262], [-79.342, 44.7267], [-79.3403, 44.7186], [-79.3455, 44.7066], [-79.3416, 44.7033], [-79.3506, 44.7017], [-79.3593, 44.6809], [-79.3658, 44.6781], [-79.3662, 44.6741], [-79.3627, 44.6716], [-79.3585, 44.6767], [-79.3516, 44.6747], [-79.353, 44.6691], [-79.3506, 44.6682], [-79.3526, 44.6566], [-79.3604, 44.6461], [-79.3535, 44.6375], [-79.3552, 44.6302], [-79.363, 44.6256], [-79.3608, 44.6238], [-79.3644, 44.6196], [-79.3592, 44.6165], [-79.3694, 44.6051], [-79.3661, 44.5969], [-79.372, 44.5868]]], [[[-79.5347, 44.7667], [-79.4974, 44.724], [-79.4516, 44.7427], [-79.4307, 44.719], [-79.3637, 44.748], [-79.3665, 44.7517], [-79.3594, 44.7547], [-79.3754, 44.7738], [-79.3941, 44.7757], [-79.3955, 44.7861], [-79.3898, 44.792], [-79.3963, 44.805], [-79.3926, 44.8216], [-79.4053, 44.8317], [-79.4033, 44.8399], [-79.4059, 44.8435], [-79.4535, 44.8381], [-79.4702, 44.8467], [-79.4842, 44.8447], [-79.4911, 44.8494], [-79.5249, 44.8496], [-79.5523, 44.8636], [-79.5594, 44.8622], [-79.5996, 44.8728], [-79.6184, 44.8834], [-79.6239, 44.8937], [-79.6403, 44.8973], [-79.6613, 44.8927], [-79.687, 44.8777], [-79.6844, 44.8739], [-79.6941, 44.8737], [-79.6987, 44.8701], [-79.7027, 44.8537], [-79.694, 44.8392], [-79.68, 44.8284], [-79.6883, 44.8199], [-79.6828, 44.8143], [-79.6688, 44.8129], [-79.6727, 44.8148], [-79.6689, 44.8175], [-79.6518, 44.8159], [-79.6456, 44.8125], [-79.6471, 44.8156], [-79.6447, 44.8167], [-79.622, 44.8027], [-79.6179, 44.8114], [-79.5958, 44.8203], [-79.5891, 44.8141], [-79.5945, 44.8073], [-79.6011, 44.8052], [-79.5842, 44.8038], [-79.5752, 44.8001], [-79.575, 44.7975], [-79.5642, 44.7983], [-79.5584, 44.7937], [-79.5415, 44.804], [-79.5248, 44.8044], [-79.5228, 44.7988], [-79.5299, 44.7777], [-79.534, 44.7765], [-79.5347, 44.7667]]]]}}, {"type": "Feature", "properties": {"id": "on-wmu-142", "wmu_id": "66B", "name": "66B", "province": "ON", "source": "Ontario LIO \u2014 Wildlife Management Unit"}, "geometry": {"type": "Polygon", "coordinates": [[[-75.6761, 45.0438], [-75.653, 45.0214], [-75.6418, 45.0273], [-75.6534, 45.0429], [-75.655, 45.0487], [-75.652, 45.0525], [-75.6563, 45.057], [-75.6701, 45.0531], [-75.6684, 45.0479], [-75.6761, 45.0438]]]}}, {"type": "Feature", "properties": {"id": "on-wmu-143", "wmu_id": "65", "name": "65", "province": "ON", "source": "Ontario LIO \u2014 Wildlife Management Unit"}, "geometry": {"type": "Polygon", "coordinates": [[[-75.7063, 45.2605], [-75.7011, 45.2488], [-75.692, 45.2395], [-75.6724, 45.2302], [-75.6604, 45.2108], [-75.6523, 45.2094], [-75.6393, 45.2005], [-75.6339, 45.1795], [-75.6259, 45.1737], [-75.6247, 45.1692], [-75.6433, 45.1508], [-75.6438, 45.1441], [-75.6353, 45.1333], [-75.635, 45.1285], [-75.6284, 45.1257], [-75.6273, 45.1196], [-75.6208, 45.1161], [-75.507, 44.9834], [-75.3582, 44.7974], [-75.3444, 44.809], [-75.3336, 44.8063], [-75.3019, 44.8265], [-75.3074, 44.8366], [-75.2849, 44.8483], [-75.2561, 44.8573], [-75.241, 44.8671], [-75.2283, 44.8683], [-75.2184, 44.8778], [-75.2029, 44.8778], [-75.165, 44.8936], [-75.14, 44.897], [-75.1347, 44.9151], [-75.1176, 44.9211], [-75.1048, 44.9196], [-75.0964, 44.9271], [-75.0647, 44.9295], [-75.0599, 44.9345], [-75.0267, 44.9466], [-75.005, 44.9584], [-74.9994, 44.9661], [-74.9993, 44.9718], [-74.9928, 44.9775], [-74.9726, 44.9835], [-74.9081, 44.9835], [-74.9011, 44.9926], [-74.8884, 45.0], [-74.8664, 45.0005], [-74.8626, 45.0046], [-74.8265, 45.0159], [-74.8171, 45.0116], [-74.8015, 45.0146], [-74.7929, 45.0044], [-74.7631, 45.0057], [-74.7603, 44.995], [-74.7309, 44.9905], [-74.7218, 44.9985], [-74.7023, 45.0033], [-74.6836, 44.9995], [-74.6733, 45.0008], [-74.6705, 45.0063], [-74.6685, 45.0043], [-74.6536, 45.0192], [-74.5961, 45.0417], [-74.574, 45.0436], [-74.5657, 45.0472], [-74.5656, 45.0413], [-74.5308, 45.0521], [-74.531, 45.0635], [-74.5095, 45.0783], [-74.4934, 45.0666], [-74.4423, 45.1303], [-74.4194, 45.1411], [-74.3769, 45.154], [-74.3201, 45.1882], [-74.472, 45.3028], [-74.4104, 45.4721], [-74.3811, 45.5655], [-74.4022, 45.5711], [-74.4394, 45.5748], [-74.4632, 45.5899], [-74.478, 45.5951], [-74.5285, 45.5924], [-74.6073, 45.6211], [-74.6256, 45.6344], [-74.6411, 45.6385], [-74.7239, 45.6282], [-74.7864, 45.6386], [-74.844, 45.6378], [-74.8972, 45.6439], [-74.9399, 45.6445], [-74.9541, 45.6383], [-74.977, 45.6175], [-75.0224, 45.5972], [-75.0464, 45.592], [-75.0826, 45.5903], [-75.1115, 45.5792], [-75.1306, 45.5762], [-75.1748, 45.5771], [-75.2067, 45.5871], [-75.2408, 45.5859], [-75.2976, 45.5599], [-75.3124, 45.5481], [-75.3439, 45.537], [-75.3914, 45.5236], [-75.4112, 45.5235], [-75.4243, 45.5196], [-75.4455, 45.5207], [-75.4786, 45.5135], [-75.5781, 45.4739], [-75.6193, 45.4715], [-75.6816, 45.4595], [-75.6906, 45.4544], [-75.6996, 45.4424], [-75.6883, 45.4366], [-75.6826, 45.4385], [-75.6726, 45.4346], [-75.6712, 45.4278], [-75.6629, 45.4173], [-75.6727, 45.4114], [-75.669, 45.4023], [-75.6777, 45.3892], [-75.7002, 45.3781], [-75.7, 45.3728], [-75.6903, 45.3612], [-75.7025, 45.3547], [-75.6964, 45.3438], [-75.6989, 45.3368], [-75.6964, 45.3337], [-75.6999, 45.3294], [-75.6952, 45.3083], [-75.6995, 45.2951], [-75.6978, 45.2835], [-75.7058, 45.2677], [-75.7063, 45.2605]]]}}, {"type": "Feature", "properties": {"id": "on-wmu-144", "wmu_id": "45", "name": "45", "province": "ON", "source": "Ontario LIO \u2014 Wildlife Management Unit"}, "geometry": {"type": "Polygon", "coordinates": [[[-83.7299, 46.1082], [-83.7505, 46.2367], [-83.9087, 46.2923], [-83.9233, 46.3131], [-83.9385, 46.3214], [-83.9838, 46.3219], [-84.0228, 46.3019], [-84.0486, 46.3012], [-84.0737, 46.3149], [-84.1059, 46.322], [-84.1194, 46.3149], [-84.1154, 46.268], [-84.0976, 46.2564], [-84.1083, 46.2415], [-84.0858, 46.2101], [-84.0771, 46.1873], [-84.006, 46.1495], [-84.0063, 46.1183], [-83.9763, 46.1024], [-83.9555, 46.0568], [-83.9035, 46.0605], [-83.8263, 46.1189], [-83.7599, 46.1027], [-83.7299, 46.1082]]]}}, {"type": "Feature", "properties": {"id": "on-wmu-145", "wmu_id": "77A", "name": "77A", "province": "ON", "source": "Ontario LIO \u2014 Wildlife Management Unit"}, "geometry": {"type": "Polygon", "coordinates": [[[-79.8867, 44.3194], [-79.9113, 44.3262], [-79.9719, 44.3135], [-79.9707, 44.3091], [-79.9873, 44.3055], [-79.979, 44.274], [-79.9769, 44.2745], [-79.9779, 44.2699], [-79.9631, 44.2702], [-79.9767, 44.265], [-79.9678, 44.2305], [-79.9515, 44.2341], [-79.9488, 44.2233], [-79.9332, 44.227], [-79.9318, 44.2214], [-79.8984, 44.2286], [-79.9022, 44.2437], [-79.8694, 44.2508], [-79.8733, 44.2668], [-79.8575, 44.2702], [-79.861, 44.2847], [-79.8689, 44.2832], [-79.8753, 44.3085], [-79.8808, 44.3111], [-79.883, 44.3049], [-79.8867, 44.3194]]]}}, {"type": "Feature", "properties": {"id": "on-wmu-146", "wmu_id": "15B", "name": "15B", "province": "ON", "source": "Ontario LIO \u2014 Wildlife Management Unit"}, "geometry": {"type": "Polygon", "coordinates": [[[-89.003, 49.587], [-89.0065, 49.5838], [-89.0213, 49.5939], [-89.0279, 49.5941], [-89.0305, 49.6], [-89.0368, 49.6005], [-89.0383, 49.593], [-89.0523, 49.5924], [-89.0625, 49.5826], [-89.0562, 49.5703], [-89.0398, 49.5692], [-89.045, 49.5633], [-89.0445, 49.5502], [-89.0333, 49.5422], [-89.0369, 49.539], [-89.0366, 49.5321], [-89.0234, 49.5222], [-89.0116, 49.5225], [-89.0083, 49.5197], [-89.006, 49.5267], [-89.0, 49.5296], [-89.0032, 49.5368], [-88.9938, 49.538], [-88.9953, 49.5462], [-88.9875, 49.5432], [-88.9885, 49.5401], [-88.9794, 49.5273], [-88.9825, 49.5211], [-88.976, 49.5191], [-88.9757, 49.5165], [-88.9825, 49.514], [-88.982, 49.5109], [-88.9765, 49.5089], [-88.9822, 49.5034], [-88.9767, 49.5024], [-88.974, 49.4978], [-88.9793, 49.4942], [-88.9694, 49.4893], [-88.9694, 49.4836], [-88.9663, 49.485], [-88.9643, 49.4713], [-88.9607, 49.4752], [-88.9693, 49.4577], [-88.9696, 49.4654], [-88.9726, 49.4632], [-88.9743, 49.4484], [-88.9708, 49.4496], [-88.9721, 49.4553], [-88.9679, 49.4547], [-88.9559, 49.4852], [-88.9447, 49.4928], [-88.92, 49.501], [-88.8791, 49.5065], [-88.8507, 49.5143], [-88.8388, 49.5194], [-88.8317, 49.5269], [-88.8316, 49.5309], [-88.8194, 49.5347], [-88.8194, 49.5383], [-88.8075, 49.5352], [-88.8084, 49.529], [-88.7944, 49.5306], [-88.7755, 49.5536], [-88.7682, 49.554], [-88.7698, 49.5607], [-88.7615, 49.5704], [-88.7516, 49.5716], [-88.7518, 49.5768], [-88.7452, 49.5759], [-88.7436, 49.5652], [-88.7412, 49.5648], [-88.7407, 49.5716], [-88.7441, 49.5771], [-88.7546, 49.581], [-88.7498, 49.5905], [-88.7549, 49.5876], [-88.7588, 49.5921], [-88.7557, 49.5983], [-88.7565, 49.6058], [-88.7476, 49.6099], [-88.7458, 49.6162], [-88.7495, 49.6238], [-88.7551, 49.626], [-88.7391, 49.6404], [-88.7376, 49.6491], [-88.731, 49.6313], [-88.7248, 49.6314], [-88.7295, 49.6292], [-88.7219, 49.628], [-88.7247, 49.6216], [-88.721, 49.6188], [-88.7206, 49.6096], [-88.7157, 49.6059], [-88.7179, 49.6025], [-88.7134, 49.6063], [-88.7093, 49.6048], [-88.7151, 49.594], [-88.7104, 49.5917], [-88.7009, 49.6032], [-88.6916, 49.6023], [-88.6917, 49.6059], [-88.6765, 49.6131], [-88.6768, 49.6174], [-88.6702, 49.6247], [-88.6634, 49.626], [-88.6542, 49.619], [-88.652, 49.6236], [-88.6548, 49.6279], [-88.6518, 49.6321], [-88.6407, 49.6276], [-88.6385, 49.6386], [-88.6282, 49.6341], [-88.6024, 49.65], [-88.5965, 49.6488], [-88.6072, 49.6404], [-88.61, 49.6296], [-88.6016, 49.6378], [-88.6039, 49.6419], [-88.5785, 49.641], [-88.5789, 49.6334], [-88.5698, 49.6275], [-88.5703, 49.6233], [-88.5601, 49.6233], [-88.5576, 49.6195], [-88.56, 49.6081], [-88.5678, 49.6056], [-88.5648, 49.5979], [-88.5687, 49.595], [-88.5667, 49.5926], [-88.5698, 49.5801], [-88.583, 49.5729], [-88.5863, 49.5764], [-88.5839, 49.5825], [-88.58, 49.5829], [-88.582, 49.5902], [-88.5893, 49.5859], [-88.5922, 49.5872], [-88.594, 49.5836], [-88.5945, 49.5876], [-88.6003, 49.587], [-88.5986, 49.5794], [-88.6016, 49.5791], [-88.6037, 49.5831], [-88.6069, 49.577], [-88.6184, 49.58], [-88.6165, 49.5825], [-88.621, 49.5853], [-88.6185, 49.5926], [-88.6275, 49.593], [-88.6254, 49.5894], [-88.6299, 49.586], [-88.633, 49.5926], [-88.6403, 49.5879], [-88.6462, 49.5951], [-88.6475, 49.6064], [-88.6417, 49.6062], [-88.6325, 49.6115], [-88.6343, 49.6133], [-88.6389, 49.6107], [-88.6407, 49.6132], [-88.6444, 49.6098], [-88.6507, 49.6125], [-88.6504, 49.6092], [-88.6577, 49.6089], [-88.6559, 49.6022], [-88.6598, 49.6005], [-88.6667, 49.6075], [-88.6687, 49.604], [-88.6617, 49.5926], [-88.6618, 49.5865], [-88.6801, 49.5842], [-88.6825, 49.5776], [-88.6878, 49.5755], [-88.7031, 49.5734], [-88.7074, 49.5895], [-88.7151, 49.5903], [-88.7211, 49.5823], [-88.7177, 49.5805], [-88.7251, 49.5726], [-88.7244, 49.5582], [-88.73, 49.557], [-88.7346, 49.56], [-88.7412, 49.553], [-88.7394, 49.5427], [-88.7313, 49.543], [-88.7323, 49.5379], [-88.7451, 49.527], [-88.7372, 49.5244], [-88.7376, 49.5202], [-88.7639, 49.5018], [-88.782, 49.4966], [-88.7835, 49.492], [-88.8091, 49.4782], [-88.8023, 49.4682], [-88.7959, 49.4651], [-88.7969, 49.4586], [-88.7825, 49.4504], [-88.762, 49.4581], [-88.7633, 49.4618], [-88.7549, 49.4682], [-88.7568, 49.4699], [-88.7475, 49.4707], [-88.7491, 49.4659], [-88.7458, 49.4649], [-88.7515, 49.4575], [-88.7507, 49.4543], [-88.7707, 49.4407], [-88.756, 49.4323], [-88.7398, 49.4353], [-88.7446, 49.431], [-88.7389, 49.4302], [-88.7398, 49.4269], [-88.7309, 49.423], [-88.7281, 49.4185], [-88.7111, 49.416], [-88.7117, 49.4256], [-88.7, 49.4254], [-88.6965, 49.4312], [-88.703, 49.4327], [-88.6958, 49.4369], [-88.6931, 49.434], [-88.6948, 49.4291], [-88.6915, 49.4289], [-88.6909, 49.4249], [-88.6907, 49.4302], [-88.6798, 49.4309], [-88.6887, 49.4221], [-88.6766, 49.4212], [-88.6784, 49.4159], [-88.6739, 49.4167], [-88.6675, 49.4107], [-88.6618, 49.4125], [-88.657, 49.4102], [-88.6541, 49.4142], [-88.6556, 49.4224], [-88.6491, 49.4084], [-88.6194, 49.4012], [-88.6228, 49.4034], [-88.5981, 49.4082], [-88.596, 49.417], [-88.5761, 49.4281], [-88.5781, 49.432], [-88.5731, 49.4304], [-88.5684, 49.4352], [-88.5513, 49.4376], [-88.5445, 49.4423], [-88.5489, 49.4441], [-88.5371, 49.443], [-88.5321, 49.447], [-88.538, 49.4496], [-88.5206, 49.4536], [-88.5158, 49.4579], [-88.5167, 49.4604], [-88.5353, 49.4603], [-88.527, 49.4809], [-88.5342, 49.4929], [-88.5258, 49.4978], [-88.5265, 49.5004], [-88.5394, 49.5025], [-88.5377, 49.5048], [-88.541, 49.5074], [-88.5552, 49.503], [-88.5503, 49.5081], [-88.5553, 49.5113], [-88.5501, 49.5227], [-88.5544, 49.5244], [-88.5521, 49.531], [-88.5581, 49.5317], [-88.5571, 49.5361], [-88.5626, 49.5373], [-88.5598, 49.542], [-88.5623, 49.5569], [-88.5493, 49.5659], [-88.5314, 49.5547], [-88.5154, 49.5554], [-88.5174, 49.5505], [-88.5219, 49.5493], [-88.5183, 49.5475], [-88.5198, 49.5433], [-88.5295, 49.5387], [-88.5212, 49.5383], [-88.5254, 49.5273], [-88.5197, 49.5292], [-88.5193, 49.521], [-88.5111, 49.5233], [-88.5106, 49.5189], [-88.4969, 49.5222], [-88.4936, 49.5199], [-88.4992, 49.5146], [-88.4973, 49.5096], [-88.4922, 49.5081], [-88.4833, 49.5116], [-88.49, 49.4826], [-88.4954, 49.473], [-88.4941, 49.4675], [-88.5003, 49.4654], [-88.4971, 49.4628], [-88.5018, 49.4565], [-88.5, 49.4535], [-88.5048, 49.4495], [-88.4976, 49.4503], [-88.4981, 49.4455], [-88.5031, 49.442], [-88.4995, 49.442], [-88.4991, 49.4372], [-88.5099, 49.4297], [-88.5051, 49.4287], [-88.5078, 49.4249], [-88.5002, 49.4222], [-88.4928, 49.4339], [-88.4867, 49.4371], [-88.4839, 49.4354], [-88.4771, 49.4426], [-88.4712, 49.4441], [-88.4707, 49.4476], [-88.4489, 49.4558], [-88.4445, 49.4548], [-88.4574, 49.4293], [-88.4573, 49.4221], [-88.4669, 49.4167], [-88.4621, 49.4154], [-88.4709, 49.4129], [-88.4644, 49.4041], [-88.475, 49.3959], [-88.4651, 49.4008], [-88.4577, 49.3992], [-88.4417, 49.4045], [-88.4506, 49.3961], [-88.4443, 49.3972], [-88.4494, 49.3915], [-88.445, 49.3883], [-88.4471, 49.384], [-88.4423, 49.3847], [-88.4441, 49.3775], [-88.4411, 49.376], [-88.4441, 49.3719], [-88.4393, 49.3698], [-88.4421, 49.3621], [-88.4379, 49.3615], [-88.4408, 49.3572], [-88.4328, 49.3541], [-88.4344, 49.3522], [-88.4248, 49.3555], [-88.4251, 49.3584], [-88.4228, 49.3555], [-88.4261, 49.3505], [-88.4202, 49.3516], [-88.4158, 49.3477], [-88.4082, 49.3567], [-88.4135, 49.3463], [-88.4113, 49.3469], [-88.4027, 49.3621], [-88.3955, 49.3681], [-88.3934, 49.3664], [-88.3823, 49.3877], [-88.3692, 49.399], [-88.3724, 49.4019], [-88.3647, 49.4107], [-88.3576, 49.4138], [-88.3524, 49.4437], [-88.3455, 49.4427], [-88.3424, 49.4588], [-88.3324, 49.4669], [-88.3027, 49.4613], [-88.3005, 49.4578], [-88.2949, 49.4591], [-88.2867, 49.4503], [-88.2824, 49.4518], [-88.2812, 49.457], [-88.2727, 49.4584], [-88.2685, 49.4664], [-88.2624, 49.4672], [-88.2582, 49.4622], [-88.2581, 49.4482], [-88.2508, 49.4443], [-88.2356, 49.4541], [-88.2367, 49.4485], [-88.2421, 49.4466], [-88.2426, 49.4415], [-88.2379, 49.4357], [-88.2345, 49.4384], [-88.2284, 49.4348], [-88.2262, 49.4457], [-88.222, 49.4413], [-88.225, 49.4384], [-88.2185, 49.436], [-88.2177, 49.4284], [-88.2109, 49.4258], [-88.2124, 49.4156], [-88.2228, 49.4065], [-88.2313, 49.4052], [-88.2489, 49.3887], [-88.2768, 49.3743], [-88.2877, 49.3721], [-88.2914, 49.3504], [-88.2992, 49.3387], [-88.2989, 49.3331], [-88.3071, 49.3274], [-88.306, 49.3111], [-88.32, 49.2963], [-88.3332, 49.2749], [-88.3383, 49.2546], [-88.3494, 49.2362], [-88.3491, 49.2195], [-88.3362, 49.202], [-88.3291, 49.1856], [-88.343, 49.1635], [-88.3432, 49.156], [-88.3487, 49.1517], [-88.3481, 49.1427], [-88.3586, 49.1344], [-88.3572, 49.1235], [-88.3882, 49.128], [-88.4266, 49.1253], [-88.5085, 49.1065], [-88.5309, 49.1057], [-88.5632, 49.1118], [-88.6046, 49.1145], [-88.6934, 49.0807], [-88.7353, 49.0843], [-88.7514, 49.089], [-88.7806, 49.0898], [-88.8577, 49.0831], [-88.8864, 49.0745], [-88.9348, 49.0656], [-88.9672, 49.071], [-88.9979, 49.0687], [-89.0262, 49.0783], [-89.1037, 49.0786], [-89.1084, 49.0814], [-89.1325, 49.0773], [-89.1998, 49.0748], [-89.2433, 49.0612], [-89.2785, 49.0616], [-89.294, 49.0571], [-89.3105, 49.0508], [-89.3308, 49.0323], [-89.344, 49.0258], [-89.4146, 49.0039], [-89.6518, 48.9497], [-89.7619, 48.9374], [-89.8048, 48.9415], [-89.8857, 48.9369], [-89.92, 48.9392], [-89.9725, 48.9366], [-90.0077, 48.9398], [-90.028, 48.9361], [-90.0752, 48.9349], [-90.1427, 48.9376], [-90.3163, 48.9648], [-90.3827, 48.9887], [-90.4352, 49.0162], [-90.4631, 49.0328], [-90.4699, 49.0485], [-90.4739, 49.0507], [-90.5809, 49.0516], [-90.6201, 49.046], [-90.6495, 49.048], [-90.6777, 49.0618], [-90.6638, 49.0648], [-90.6498, 49.0775], [-90.6362, 49.1015], [-90.6399, 49.1067], [-90.6381, 49.1103], [-90.6257, 49.1189], [-90.6099, 49.1369], [-90.6111, 49.1447], [-90.6055, 49.1506], [-90.6019, 49.1863], [-90.6181, 49.2018], [-90.62, 49.215], [-90.6113, 49.2295], [-90.5841, 49.2451], [-90.5565, 49.2486], [-90.5359, 49.2727], [-90.4934, 49.3059], [-90.4839, 49.3372], [-90.4504, 49.3794], [-90.4525, 49.4083], [-90.4482, 49.4207], [-90.4331, 49.4413], [-90.4337, 49.4484], [-90.4289, 49.4593], [-90.4192, 49.4632], [-90.4155, 49.4681], [-90.4124, 49.4838], [-90.4035, 49.4868], [-90.4048, 49.5052], [-90.4006, 49.5132], [-90.3973, 49.535], [-90.3856, 49.5575], [-90.3677, 49.5728], [-90.3712, 49.5871], [-90.3619, 49.6034], [-90.371, 49.6204], [-90.3619, 49.631], [-90.3392, 49.6467], [-90.3174, 49.6833], [-90.2976, 49.6985], [-90.2898, 49.7127], [-90.2851, 49.7303], [-90.2732, 49.7478], [-90.2671, 49.7636], [-90.262, 49.79], [-90.2776, 49.803], [-90.2747, 49.8075], [-90.2846, 49.8085], [-90.2874, 49.8198], [-90.2734, 49.8236], [-90.278, 49.8261], [-90.275, 49.84], [-90.288, 49.8546], [-90.2826, 49.8585], [-90.271, 49.8596], [-90.2651, 49.8657], [-90.2553, 49.8653], [-90.2466, 49.872], [-90.2475, 49.8748], [-90.2324, 49.8785], [-90.2175, 49.8897], [-90.2186, 49.9007], [-90.2367, 49.918], [-90.2314, 49.9308], [-90.2385, 49.9347], [-90.2391, 49.9396], [-90.1945, 49.9679], [-90.1863, 49.9777], [-90.1755, 49.9806], [-90.1742, 49.9853], [-90.1791, 49.9984], [-90.2097, 50.003], [-90.2129, 50.0079], [-90.2082, 50.0177], [-90.219, 50.0226], [-90.2058, 50.0301], [-90.2002, 50.0406], [-90.1731, 50.0556], [-90.1718, 50.0582], [-90.1782, 50.0599], [-90.1768, 50.0702], [-90.1485, 50.0815], [-90.1404, 50.0883], [-90.1367, 50.0984], [-90.1307, 50.1028], [-90.1378, 50.1072], [-90.1205, 50.1115], [-90.1168, 50.1172], [-90.1037, 50.1234], [-90.1032, 50.127], [-90.1127, 50.1289], [-90.1108, 50.1363], [-90.1132, 50.139], [-90.1079, 50.1432], [-90.1093, 50.1489], [-90.1006, 50.1545], [-90.0972, 50.1658], [-90.1031, 50.1694], [-90.114, 50.1646], [-90.1194, 50.1672], [-90.1194, 50.1714], [-90.1, 50.1783], [-90.0993, 50.1941], [-90.0945, 50.1973], [-90.0926, 50.2063], [-90.1081, 50.2157], [-90.1141, 50.2255], [-90.1455, 50.2323], [-90.1617, 50.2416], [-90.0414, 50.2424], [-89.9852, 50.2375], [-89.9353, 50.2406], [-89.9105, 50.2481], [-89.8073, 50.2502], [-89.7903, 50.258], [-89.7718, 50.261], [-89.669, 50.2519], [-89.5967, 50.2608], [-89.5445, 50.2825], [-89.5114, 50.2892], [-89.4714, 50.2914], [-89.4421, 50.297], [-89.3566, 50.2664], [-89.3176, 50.2574], [-89.308, 50.2603], [-89.3052, 50.2738], [-89.258, 50.287], [-89.2297, 50.2829], [-89.2022, 50.2836], [-89.187, 50.2793], [-89.1482, 50.2913], [-89.1207, 50.2898], [-89.0751, 50.2813], [-89.056, 50.2858], [-89.044, 50.2981], [-89.022, 50.3091], [-88.9882, 50.3059], [-88.9757, 50.3012], [-88.9647, 50.3102], [-88.9441, 50.3134], [-88.9217, 50.3006], [-88.8736, 50.2838], [-88.8501, 50.2809], [-88.8028, 50.2815], [-88.7433, 50.2977], [-88.6327, 50.3055], [-88.5691, 50.3001], [-88.4766, 50.3316], [-88.4713, 50.3299], [-88.4512, 50.3108], [-88.4413, 50.3144], [-88.4138, 50.3144], [-88.3674, 50.3221], [-88.3517, 50.3153], [-88.3644, 50.2986], [-88.385, 50.2871], [-88.3917, 50.2883], [-88.393, 50.2934], [-88.3986, 50.2926], [-88.3987, 50.2949], [-88.4286, 50.2885], [-88.4302, 50.2766], [-88.4357, 50.2712], [-88.4268, 50.2712], [-88.4287, 50.2656], [-88.4257, 50.2629], [-88.4153, 50.2631], [-88.4216, 50.2524], [-88.4154, 50.2518], [-88.4076, 50.2447], [-88.4095, 50.2556], [-88.3958, 50.2533], [-88.3895, 50.2424], [-88.3829, 50.2431], [-88.3843, 50.2411], [-88.3766, 50.2332], [-88.3764, 50.2226], [-88.3641, 50.2247], [-88.3555, 50.221], [-88.3484, 50.2125], [-88.3456, 50.2127], [-88.349, 50.2174], [-88.3428, 50.2313], [-88.3327, 50.2424], [-88.33, 50.2358], [-88.3323, 50.2245], [-88.33, 50.2139], [-88.3356, 50.2063], [-88.3255, 50.2033], [-88.3198, 50.2122], [-88.3132, 50.2113], [-88.3148, 50.2066], [-88.3228, 50.2033], [-88.3193, 50.202], [-88.3216, 50.1985], [-88.3137, 50.1999], [-88.3108, 50.1954], [-88.3204, 50.1931], [-88.3161, 50.1887], [-88.3171, 50.1858], [-88.3095, 50.1826], [-88.306, 50.1758], [-88.2995, 50.1768], [-88.3016, 50.1862], [-88.2961, 50.1891], [-88.2721, 50.1811], [-88.2697, 50.1485], [-88.2602, 50.1462], [-88.258, 50.1404], [-88.2667, 50.1383], [-88.2702, 50.1311], [-88.2607, 50.1263], [-88.2709, 50.126], [-88.277, 50.1211], [-88.2854, 50.1243], [-88.2884, 50.129], [-88.2928, 50.1285], [-88.2942, 50.1319], [-88.3006, 50.1277], [-88.3069, 50.1294], [-88.311, 50.1255], [-88.3089, 50.1337], [-88.3236, 50.1312], [-88.3219, 50.1361], [-88.3352, 50.1426], [-88.3267, 50.1479], [-88.3303, 50.1519], [-88.3389, 50.1474], [-88.3423, 50.1488], [-88.3392, 50.1509], [-88.3408, 50.1532], [-88.3533, 50.1485], [-88.3526, 50.1524], [-88.3581, 50.1533], [-88.3614, 50.1497], [-88.3707, 50.1525], [-88.3741, 50.1512], [-88.3738, 50.1464], [-88.3873, 50.1527], [-88.391, 50.1665], [-88.3904, 50.175], [-88.3866, 50.1791], [-88.3898, 50.1839], [-88.3859, 50.1897], [-88.3904, 50.1963], [-88.3947, 50.1974], [-88.3917, 50.2068], [-88.3967, 50.2136], [-88.4117, 50.2143], [-88.4156, 50.2073], [-88.4292, 50.2166], [-88.448, 50.2191], [-88.4476, 50.2246], [-88.4538, 50.2235], [-88.4765, 50.2365], [-88.4811, 50.2462], [-88.4927, 50.2473], [-88.5048, 50.2442], [-88.5027, 50.2392], [-88.508, 50.2304], [-88.5251, 50.2266], [-88.5342, 50.2216], [-88.5328, 50.2193], [-88.5385, 50.2152], [-88.5516, 50.2149], [-88.5558, 50.2173], [-88.5536, 50.2229], [-88.557, 50.2257], [-88.556, 50.2452], [-88.5587, 50.2499], [-88.5771, 50.2598], [-88.5852, 50.2694], [-88.6141, 50.2803], [-88.6389, 50.2837], [-88.6634, 50.2825], [-88.6852, 50.2755], [-88.692, 50.2704], [-88.6896, 50.2668], [-88.694, 50.2659], [-88.6896, 50.2608], [-88.6999, 50.2531], [-88.6954, 50.249], [-88.6978, 50.2465], [-88.6955, 50.2436], [-88.7085, 50.2354], [-88.7071, 50.228], [-88.7224, 50.2265], [-88.7233, 50.2198], [-88.7335, 50.2177], [-88.7342, 50.2143], [-88.7444, 50.2085], [-88.7674, 50.208], [-88.7734, 50.2023], [-88.7941, 50.1992], [-88.8149, 50.1866], [-88.8219, 50.1692], [-88.8131, 50.1624], [-88.8086, 50.1536], [-88.8088, 50.1451], [-88.8165, 50.136], [-88.8188, 50.1262], [-88.8375, 50.1181], [-88.8287, 50.1058], [-88.8308, 50.0979], [-88.8478, 50.0777], [-88.8501, 50.0663], [-88.8528, 50.0667], [-88.8577, 50.0554], [-88.8673, 50.0448], [-88.8752, 50.0411], [-88.8736, 50.0378], [-88.8835, 50.0361], [-88.9, 50.0411], [-88.9044, 50.0477], [-88.9146, 50.0468], [-88.9233, 50.0511], [-88.9389, 50.0428], [-88.9526, 50.0442], [-88.9501, 50.0359], [-88.9446, 50.032], [-88.9513, 50.0325], [-88.9538, 50.0294], [-88.9271, 50.0125], [-88.9183, 50.0031], [-88.9071, 49.9983], [-88.8821, 49.9966], [-88.8566, 49.9864], [-88.8557, 49.9829], [-88.8594, 49.9813], [-88.8763, 49.9858], [-88.8854, 49.9837], [-88.8879, 49.9776], [-88.8992, 49.9736], [-88.8948, 49.9659], [-88.8976, 49.9626], [-88.8938, 49.9603], [-88.8966, 49.9568], [-88.8864, 49.9528], [-88.8819, 49.9456], [-88.8707, 49.943], [-88.8647, 49.9446], [-88.8643, 49.9518], [-88.8533, 49.9584], [-88.859, 49.9488], [-88.8585, 49.9443], [-88.8356, 49.9353], [-88.845, 49.9238], [-88.8607, 49.9154], [-88.8675, 49.905], [-88.8646, 49.9024], [-88.8668, 49.901], [-88.9, 49.8995], [-88.9061, 49.8976], [-88.9058, 49.8936], [-88.915, 49.8998], [-88.9233, 49.9003], [-88.9263, 49.896], [-88.9466, 49.8858], [-88.9567, 49.8874], [-88.9609, 49.8922], [-88.9709, 49.8923], [-88.9787, 49.8863], [-88.978, 49.8811], [-88.9853, 49.8791], [-88.9799, 49.8763], [-88.9834, 49.8741], [-88.9774, 49.8687], [-88.9759, 49.8583], [-88.9729, 49.858], [-88.9759, 49.8514], [-88.9682, 49.8474], [-88.9515, 49.8541], [-88.9435, 49.8506], [-88.939, 49.8389], [-88.9432, 49.8368], [-88.9417, 49.8334], [-88.9357, 49.8305], [-88.9263, 49.8319], [-88.9271, 49.8295], [-88.9217, 49.8284], [-88.92, 49.823], [-88.9248, 49.8247], [-88.9273, 49.8185], [-88.9186, 49.8187], [-88.9172, 49.8136], [-88.9218, 49.8125], [-88.9138, 49.8117], [-88.9153, 49.807], [-88.9267, 49.8051], [-88.9264, 49.8013], [-88.9401, 49.7967], [-88.9539, 49.8036], [-88.964, 49.8028], [-88.9667, 49.7935], [-88.9484, 49.7928], [-88.9718, 49.7825], [-88.965, 49.7721], [-88.9784, 49.7701], [-88.983, 49.763], [-88.9922, 49.7635], [-88.9951, 49.7673], [-88.9899, 49.7724], [-88.9947, 49.7756], [-88.9907, 49.7789], [-88.9954, 49.7866], [-89.0169, 49.7891], [-89.0236, 49.7933], [-89.0463, 49.7923], [-89.0442, 49.7936], [-89.0476, 49.7972], [-89.0429, 49.7995], [-89.0489, 49.8146], [-89.0483, 49.824], [-89.0575, 49.8299], [-89.0517, 49.8392], [-89.0461, 49.8411], [-89.0439, 49.8484], [-89.0501, 49.8527], [-89.061, 49.8498], [-89.0653, 49.8526], [-89.0688, 49.8653], [-89.0865, 49.8563], [-89.0832, 49.8528], [-89.0664, 49.8486], [-89.0798, 49.8468], [-89.0987, 49.8338], [-89.0957, 49.8273], [-89.0863, 49.8216], [-89.1055, 49.8025], [-89.1027, 49.7995], [-89.105, 49.7952], [-89.0976, 49.7926], [-89.0996, 49.7874], [-89.0958, 49.7824], [-89.1175, 49.7589], [-89.1124, 49.7563], [-89.1148, 49.7498], [-89.1125, 49.748], [-89.0828, 49.7429], [-89.0747, 49.7517], [-89.0725, 49.7669], [-89.0675, 49.772], [-89.062, 49.7604], [-89.0523, 49.7522], [-89.0507, 49.7369], [-89.0575, 49.7261], [-89.055, 49.7151], [-89.0581, 49.7098], [-89.0556, 49.7063], [-89.0576, 49.7017], [-89.0531, 49.7009], [-89.0465, 49.7066], [-89.0399, 49.7057], [-89.0479, 49.7129], [-89.0435, 49.7277], [-89.0368, 49.7272], [-89.0384, 49.7426], [-89.0348, 49.7442], [-89.0337, 49.7373], [-89.0224, 49.7298], [-89.0229, 49.7116], [-89.0202, 49.7123], [-89.0198, 49.702], [-89.0141, 49.6957], [-89.0058, 49.6944], [-88.9949, 49.6973], [-88.9891, 49.7032], [-88.9962, 49.712], [-88.9957, 49.7147], [-88.9887, 49.7168], [-88.9942, 49.7215], [-88.9601, 49.7227], [-88.9585, 49.729], [-88.9681, 49.7322], [-88.9544, 49.7329], [-88.9587, 49.7415], [-88.9429, 49.7509], [-88.9431, 49.7553], [-88.9507, 49.7599], [-88.9414, 49.7662], [-88.9383, 49.773], [-88.9358, 49.7737], [-88.9304, 49.7668], [-88.8989, 49.7605], [-88.9069, 49.752], [-88.9027, 49.7427], [-88.9104, 49.7388], [-88.9112, 49.7338], [-88.9154, 49.7335], [-88.9165, 49.7264], [-88.9135, 49.7218], [-88.9279, 49.7216], [-88.9301, 49.7138], [-88.9281, 49.7127], [-88.934, 49.7128], [-88.9293, 49.7026], [-88.9511, 49.6977], [-88.9494, 49.6937], [-88.9399, 49.6908], [-88.9394, 49.6867], [-88.9223, 49.6836], [-88.923, 49.6787], [-88.9347, 49.6753], [-88.9367, 49.6621], [-88.9272, 49.6638], [-88.9281, 49.667], [-88.9211, 49.6766], [-88.9138, 49.677], [-88.9163, 49.6728], [-88.9102, 49.6753], [-88.9098, 49.6687], [-88.9214, 49.6532], [-88.9157, 49.6541], [-88.9146, 49.6492], [-88.9077, 49.6548], [-88.9093, 49.6455], [-88.9151, 49.6443], [-88.9152, 49.6468], [-88.9246, 49.6485], [-88.9211, 49.6428], [-88.9263, 49.6423], [-88.927, 49.6367], [-88.9315, 49.6363], [-88.9302, 49.6334], [-88.902, 49.6345], [-88.8995, 49.6327], [-88.9019, 49.6282], [-88.8949, 49.6302], [-88.8903, 49.6261], [-88.8939, 49.6198], [-88.8904, 49.6091], [-88.8951, 49.6026], [-88.9004, 49.6021], [-88.8972, 49.6015], [-88.8989, 49.5971], [-88.8956, 49.5978], [-88.8995, 49.5924], [-88.8893, 49.5836], [-88.9014, 49.5757], [-88.8971, 49.5709], [-88.9012, 49.5603], [-88.9047, 49.5607], [-88.907, 49.5567], [-88.9134, 49.5576], [-88.909, 49.5554], [-88.9087, 49.5494], [-88.9029, 49.5494], [-88.9073, 49.5438], [-88.8984, 49.5393], [-88.9051, 49.5363], [-88.9032, 49.5341], [-88.9079, 49.5299], [-88.9033, 49.5297], [-88.9036, 49.5273], [-88.9185, 49.5212], [-88.9199, 49.5269], [-88.915, 49.532], [-88.916, 49.5421], [-88.925, 49.5456], [-88.9311, 49.5431], [-88.9379, 49.5337], [-88.9657, 49.5342], [-88.9681, 49.5403], [-88.981, 49.5463], [-88.9964, 49.5725], [-88.9973, 49.5808], [-89.003, 49.587]], [[-89.0052, 49.5949], [-89.0039, 49.5881], [-89.00304207317073, 49.58715108093126], [-89.0052, 49.5949]]]}}, {"type": "Feature", "properties": {"id": "on-wmu-147", "wmu_id": "11B", "name": "11B", "province": "ON", "source": "Ontario LIO \u2014 Wildlife Management Unit"}, "geometry": {"type": "Polygon", "coordinates": [[[-90.9817, 48.625], [-90.973, 48.6226], [-90.9805, 48.618], [-90.9657, 48.6196], [-90.9689, 48.6167], [-90.9638, 48.6196], [-90.964, 48.4164], [-90.9581, 48.4133], [-90.9531, 48.4028], [-90.9641, 48.4011], [-90.9641, 48.3898], [-90.9545, 48.3881], [-90.9536, 48.3846], [-90.9641, 48.3821], [-90.9641, 48.3741], [-90.9581, 48.3752], [-90.9543, 48.3705], [-90.9641, 48.3636], [-90.9643, 48.3515], [-90.9696, 48.3506], [-90.9683, 48.3449], [-90.9641, 48.3441], [-90.964, 48.3311], [-90.9697, 48.3289], [-90.964, 48.3269], [-90.9641, 48.3205], [-90.9734, 48.3193], [-90.9641, 48.3182], [-90.9641, 48.3156], [-90.9154, 48.3209], [-90.8513, 48.3226], [-90.8528, 48.3066], [-90.8763, 48.296], [-90.9243, 48.2897], [-90.9256, 48.2775], [-90.964, 48.2781], [-90.9641, 48.2372], [-90.9804, 48.2289], [-90.9809, 48.2172], [-90.9475, 48.2255], [-90.9086, 48.251], [-90.8601, 48.2702], [-90.8526, 48.2744], [-90.8525, 48.2788], [-90.8491, 48.2808], [-90.819, 48.2914], [-90.794, 48.2934], [-90.776, 48.2852], [-90.7326, 48.2867], [-90.688, 48.3188], [-90.6817, 48.3198], [-90.6638, 48.3111], [-90.6664, 48.3289], [-90.6817, 48.3348], [-90.6719, 48.3459], [-90.674, 48.3539], [-90.662, 48.351], [-90.6478, 48.3575], [-90.6498, 48.3714], [-90.6396, 48.3784], [-90.6289, 48.3751], [-90.625, 48.3815], [-90.6278, 48.3825], [-90.625, 48.385], [-90.6271, 48.3876], [-90.6238, 48.3879], [-90.6226, 48.3925], [-90.6146, 48.3883], [-90.6023, 48.388], [-90.5991, 48.3927], [-90.5885, 48.3973], [-90.5836, 48.4054], [-90.5663, 48.4146], [-90.533, 48.4258], [-90.5206, 48.4248], [-90.5072, 48.4342], [-90.5076, 48.4397], [-90.5133, 48.4432], [-90.51, 48.4443], [-90.5134, 48.4477], [-90.5117, 48.4504], [-90.5249, 48.4619], [-90.5226, 48.4714], [-90.5256, 48.4799], [-90.4805, 48.4886], [-90.4735, 48.4826], [-90.4531, 48.4794], [-90.4276, 48.4895], [-90.3888, 48.4766], [-90.3556, 48.4807], [-90.3493, 48.4784], [-90.3444, 48.482], [-90.3468, 48.484], [-90.3435, 48.4885], [-90.3353, 48.4928], [-90.3292, 48.4903], [-90.3291, 48.4944], [-90.3225, 48.497], [-90.301, 48.4963], [-90.2839, 48.5035], [-90.28, 48.5006], [-90.258, 48.5002], [-90.2509, 48.504], [-90.2455, 48.5], [-90.2331, 48.5038], [-90.23, 48.5137], [-90.2145, 48.5201], [-90.1993, 48.5219], [-90.1967, 48.5186], [-90.179, 48.5182], [-90.164, 48.522], [-90.1549, 48.5175], [-90.1452, 48.5182], [-90.1319, 48.5115], [-90.1316, 48.5085], [-90.127, 48.5092], [-90.1268, 48.5024], [-90.1174, 48.4988], [-90.0864, 48.4944], [-90.0781, 48.4972], [-90.0724, 48.4955], [-90.0741, 48.4923], [-90.0716, 48.4917], [-90.067, 48.494], [-90.069, 48.4917], [-90.0652, 48.4883], [-90.0663, 48.4826], [-90.0561, 48.4785], [-90.0492, 48.4793], [-90.0484, 48.472], [-90.0425, 48.4689], [-89.9965, 48.4784], [-89.9874, 48.4885], [-89.965, 48.497], [-89.9491, 48.5124], [-89.9461, 48.52], [-89.9321, 48.5258], [-89.925, 48.5447], [-89.9134, 48.5509], [-89.8912, 48.5487], [-89.8841, 48.5561], [-89.8964, 48.5608], [-89.8991, 48.5664], [-89.9074, 48.5712], [-89.9016, 48.5794], [-89.9068, 48.5821], [-89.9021, 48.5876], [-89.9061, 48.5897], [-89.9062, 48.5973], [-89.8967, 48.6002], [-89.9092, 48.5987], [-89.9436, 48.6041], [-89.9763, 48.6156], [-90.0247, 48.6199], [-90.0341, 48.6251], [-90.0545, 48.625], [-90.0891, 48.6307], [-90.0987, 48.6356], [-90.1122, 48.6348], [-90.1369, 48.6227], [-90.1549, 48.6203], [-90.1801, 48.6354], [-90.1959, 48.6364], [-90.2131, 48.6464], [-90.2262, 48.6501], [-90.2472, 48.6505], [-90.2763, 48.665], [-90.3014, 48.6729], [-90.338, 48.6658], [-90.3689, 48.6643], [-90.422, 48.6536], [-90.4484, 48.6451], [-90.4917, 48.6486], [-90.5053, 48.6528], [-90.533, 48.6481], [-90.5755, 48.6473], [-90.6375, 48.652], [-90.6617, 48.6567], [-90.7065, 48.6535], [-90.8259, 48.6851], [-90.8583, 48.6792], [-90.9639, 48.6773], [-90.9638, 48.6441], [-90.9681, 48.6439], [-90.9638, 48.6422], [-90.9638, 48.6261], [-90.9742, 48.6231], [-90.9817, 48.625]]]}}, {"type": "Feature", "properties": {"id": "on-wmu-148", "wmu_id": "40", "name": "40", "province": "ON", "source": "Ontario LIO \u2014 Wildlife Management Unit"}, "geometry": {"type": "Polygon", "coordinates": [[[-81.6201, 47.4708], [-81.5996, 47.4536], [-81.5674, 47.4374], [-81.5557, 47.4221], [-81.5402, 47.4148], [-81.5449, 47.4081], [-81.5402, 47.3969], [-81.5484, 47.3741], [-81.5484, 47.3552], [-81.5422, 47.3423], [-81.532, 47.3325], [-81.5143, 47.3244], [-81.4971, 47.3113], [-81.4898, 47.2993], [-81.4903, 47.2874], [-81.4755, 47.2631], [-81.4464, 47.2454], [-81.4273, 47.2385], [-81.4211, 47.232], [-81.4119, 47.2094], [-81.3897, 47.1869], [-81.3912, 47.1934], [-81.3805, 47.2011], [-81.3736, 47.2026], [-81.3677, 47.1999], [-81.3668, 47.2036], [-81.3579, 47.2075], [-81.3396, 47.2007], [-81.3325, 47.2034], [-81.3303, 47.2108], [-81.339, 47.2204], [-81.321, 47.2324], [-81.3088, 47.2457], [-81.3085, 47.2496], [-81.2968, 47.2517], [-81.2926, 47.258], [-81.2811, 47.2636], [-81.2658, 47.2615], [-81.2467, 47.2796], [-81.2418, 47.2778], [-81.2464, 47.2753], [-81.2453, 47.2725], [-81.2324, 47.2726], [-81.2331, 47.2665], [-81.2291, 47.2601], [-81.2309, 47.2568], [-81.2197, 47.2559], [-81.2117, 47.2588], [-81.2047, 47.2575], [-81.2027, 47.2634], [-81.1886, 47.2688], [-81.1814, 47.278], [-81.1724, 47.28], [-81.1619, 47.2758], [-81.1547, 47.2821], [-81.1545, 47.2859], [-81.1412, 47.2878], [-81.1439, 47.2901], [-81.1397, 47.2896], [-81.1349, 47.2941], [-81.1217, 47.2919], [-81.113, 47.2867], [-81.1072, 47.2928], [-81.0891, 47.278], [-81.0818, 47.2828], [-81.0819, 47.2908], [-81.0773, 47.2888], [-81.08, 47.2965], [-81.0733, 47.2964], [-81.0722, 47.2993], [-81.0582, 47.2974], [-81.0533, 47.2934], [-81.0487, 47.2976], [-81.0351, 47.2886], [-81.0291, 47.2903], [-81.0142, 47.2839], [-81.0098, 47.2878], [-81.0136, 47.2907], [-81.0146, 47.297], [-81.0077, 47.3024], [-80.9466, 47.3027], [-80.94, 47.2997], [-80.9247, 47.3026], [-80.9172, 47.3015], [-80.9025, 47.2939], [-80.8955, 47.2854], [-80.8855, 47.2826], [-80.883, 47.2787], [-80.8885, 47.2713], [-80.8817, 47.2566], [-80.8633, 47.2523], [-80.8612, 47.2468], [-80.8577, 47.2463], [-80.8558, 47.2496], [-80.8483, 47.2422], [-80.8364, 47.2385], [-80.8379, 47.2351], [-80.8286, 47.2288], [-80.8219, 47.2191], [-80.8246, 47.2186], [-80.8217, 47.2108], [-80.8142, 47.2062], [-80.8089, 47.1931], [-80.7868, 47.1812], [-80.783, 47.1748], [-80.7856, 47.1716], [-80.7661, 47.1553], [-80.7591, 47.1405], [-80.7591, 47.1339], [-80.7493, 47.1304], [-80.7368, 47.1351], [-80.7318, 47.129], [-80.7223, 47.1291], [-80.7069, 47.1223], [-80.6944, 47.1101], [-80.6814, 47.109], [-80.6738, 47.1035], [-80.6628, 47.102], [-80.6652, 47.0941], [-80.6626, 47.0828], [-80.6576, 47.0814], [-80.658, 47.0764], [-80.6499, 47.075], [-80.646, 47.072], [-80.6489, 47.0699], [-80.6463, 47.0678], [-80.6304, 47.0636], [-80.6277, 47.0582], [-80.615, 47.0542], [-80.6092, 47.0411], [-80.6097, 47.0337], [-80.5969, 47.0372], [-80.5965, 47.03], [-80.5744, 47.0311], [-80.5755, 47.0222], [-80.5536, 47.0106], [-80.5446, 46.9977], [-80.5384, 46.9983], [-80.523, 46.9892], [-80.5213, 46.9838], [-80.5238, 46.9808], [-80.5163, 46.9804], [-80.5031, 46.9709], [-80.4927, 46.969], [-80.4777, 46.9715], [-80.4765, 46.9745], [-80.4657, 46.9722], [-80.4545, 46.9672], [-80.4511, 46.9582], [-80.4345, 46.9701], [-80.4268, 46.9678], [-80.4271, 46.9705], [-80.4195, 46.9767], [-80.4178, 46.9752], [-80.4155, 46.981], [-80.4056, 46.9824], [-80.4078, 46.9836], [-80.4041, 46.9835], [-80.3997, 46.9904], [-80.3907, 46.9926], [-80.3888, 46.9976], [-80.3748, 47.0049], [-80.3465, 47.0048], [-80.3326, 47.0089], [-80.3175, 47.002], [-80.3163, 47.0046], [-80.303, 47.0007], [-80.2898, 47.0026], [-80.2708, 47.0174], [-80.2567, 47.0341], [-80.2598, 47.0385], [-80.2588, 47.0442], [-80.2528, 47.0548], [-80.2397, 47.0547], [-80.2184, 47.0471], [-80.1891, 47.0434], [-80.169, 47.0553], [-80.1435, 47.0408], [-80.1185, 47.0057], [-80.1027, 46.9627], [-80.0866, 46.941], [-80.0565, 46.8823], [-80.0367, 46.8678], [-80.0296, 46.8545], [-80.0042, 46.8449], [-79.9959, 46.8475], [-79.9876, 46.8565], [-79.9868, 46.8689], [-79.9669, 46.8714], [-79.97, 46.8547], [-79.9693, 46.8494], [-79.9653, 46.8487], [-79.9654, 46.8399], [-79.9697, 46.8292], [-79.9654, 46.8246], [-79.9768, 46.809], [-79.9804, 46.7713], [-79.9907, 46.7558], [-80.0048, 46.749], [-80.0071, 46.744], [-80.0038, 46.7303], [-79.9846, 46.7206], [-79.9937, 46.706], [-79.9844, 46.7076], [-79.9808, 46.7037], [-79.9681, 46.7096], [-79.9468, 46.71], [-79.9199, 46.7243], [-79.8976, 46.7245], [-79.8924, 46.7302], [-79.8763, 46.7343], [-79.8695, 46.7326], [-79.8719, 46.7241], [-79.8589, 46.7247], [-79.8594, 46.7271], [-79.8512, 46.7324], [-79.8323, 46.7373], [-79.8229, 46.7319], [-79.807, 46.7332], [-79.8047, 46.7297], [-79.8064, 46.7159], [-79.7915, 46.7223], [-79.765, 46.6998], [-79.7432, 46.6972], [-79.7287, 46.703], [-79.7164, 46.7023], [-79.6974, 46.6947], [-79.6848, 46.6966], [-79.679, 46.6983], [-79.6738, 46.712], [-79.5636, 46.7118], [-79.5431, 46.7279], [-79.5417, 46.7477], [-79.529, 46.7486], [-79.5221, 46.7602], [-79.5235, 46.7625], [-79.5191, 46.7654], [-79.5292, 46.7747], [-79.5286, 46.7786], [-79.5198, 46.7816], [-79.5172, 46.7988], [-79.4889, 46.8028], [-79.4871, 46.7978], [-79.4704, 46.8095], [-79.4346, 46.826], [-79.4316, 46.8304], [-79.4285, 46.8307], [-79.4293, 46.8258], [-79.421, 46.8291], [-79.3893, 46.8568], [-79.3905, 46.8588], [-79.3831, 46.8669], [-79.3761, 46.8664], [-79.3738, 46.8723], [-79.3831, 46.8736], [-79.3818, 46.877], [-79.3661, 46.8908], [-79.3516, 46.8954], [-79.3528, 46.8988], [-79.3314, 46.8919], [-79.3087, 46.8793], [-79.3032, 46.8822], [-79.2775, 46.8781], [-79.2617, 46.8872], [-79.2824, 46.8991], [-79.2965, 46.9191], [-79.3172, 46.935], [-79.3382, 46.9709], [-79.3386, 46.9905], [-79.3489, 47.0095], [-79.3817, 47.0341], [-79.4282, 47.0761], [-79.4362, 47.0868], [-79.4453, 47.1118], [-79.4435, 47.1354], [-79.4622, 47.1423], [-79.4939, 47.1448], [-79.5005, 47.1538], [-79.5109, 47.1576], [-79.5192, 47.1691], [-79.5369, 47.1733], [-79.5815, 47.217], [-79.6065, 47.2304], [-79.6122, 47.2369], [-79.6372, 47.2466], [-79.6414, 47.2588], [-79.6552, 47.2732], [-79.6678, 47.273], [-79.6882, 47.282], [-79.6905, 47.294], [-79.6998, 47.3077], [-79.6973, 47.309], [-79.6967, 47.3192], [-79.7044, 47.3312], [-79.7328, 47.3466], [-79.7456, 47.3614], [-79.7546, 47.3616], [-79.7624, 47.3526], [-79.7756, 47.3542], [-79.7907, 47.3467], [-79.8124, 47.3179], [-79.8677, 47.3816], [-79.8834, 47.3887], [-79.892, 47.3847], [-79.9046, 47.3894], [-79.9047, 47.3988], [-79.9197, 47.4079], [-79.9223, 47.4132], [-79.928, 47.4137], [-79.9318, 47.4262], [-79.9434, 47.4264], [-79.9455, 47.4326], [-79.9602, 47.4372], [-79.96, 47.4483], [-79.9683, 47.4511], [-79.9693, 47.4563], [-79.9767, 47.4628], [-79.9838, 47.4636], [-79.9822, 47.4768], [-80.0097, 47.4848], [-80.0201, 47.4955], [-80.0302, 47.5003], [-80.0518, 47.4963], [-80.0736, 47.5045], [-80.0789, 47.5132], [-80.0898, 47.5153], [-80.0923, 47.5471], [-80.1357, 47.5634], [-80.1527, 47.5793], [-80.1341, 47.588], [-80.1364, 47.5926], [-80.1425, 47.5931], [-80.148, 47.5997], [-80.1565, 47.6024], [-80.1539, 47.6065], [-80.1563, 47.6091], [-80.1505, 47.6104], [-80.1522, 47.6148], [-80.1429, 47.6216], [-80.1411, 47.6274], [-80.156, 47.6434], [-80.1854, 47.642], [-80.2044, 47.6362], [-80.2084, 47.6301], [-80.2196, 47.6335], [-80.2249, 47.6438], [-80.2424, 47.6559], [-80.2495, 47.6677], [-80.2917, 47.6989], [-80.3215, 47.7265], [-80.3441, 47.7432], [-80.3767, 47.7563], [-80.4011, 47.7756], [-80.4101, 47.7891], [-80.4171, 47.7909], [-80.4203, 47.8006], [-80.4321, 47.8036], [-80.436, 47.8106], [-80.4435, 47.81], [-80.4425, 47.8126], [-80.4521, 47.8164], [-80.4508, 47.8204], [-80.4563, 47.8194], [-80.4641, 47.8236], [-80.4572, 47.8276], [-80.4641, 47.8265], [-80.4665, 47.8311], [-80.4769, 47.8335], [-80.4674, 47.8336], [-80.4611, 47.8376], [-80.4626, 47.8408], [-80.4485, 47.8392], [-80.4454, 47.8451], [-80.4546, 47.8485], [-80.4637, 47.8623], [-80.4754, 47.859], [-80.4852, 47.8619], [-80.494, 47.8696], [-80.5026, 47.8705], [-80.5069, 47.8758], [-80.5059, 47.8842], [-80.5116, 47.8919], [-80.541, 47.9059], [-80.5459, 47.9159], [-80.5612, 47.919], [-80.6098, 47.9443], [-80.6239, 47.9432], [-80.6389, 47.9296], [-80.6524, 47.926], [-80.6547, 47.9316], [-80.6457, 47.9509], [-80.6464, 47.9648], [-80.6406, 47.9674], [-80.6424, 47.9787], [-80.6531, 47.9964], [-80.6611, 48.0003], [-80.6647, 48.0073], [-80.701, 48.0411], [-80.7099, 48.0403], [-80.7128, 48.0358], [-80.7298, 48.0339], [-80.7397, 48.0282], [-80.7474, 48.0169], [-80.7414, 48.0033], [-80.7425, 47.9884], [-80.7394, 47.9836], [-80.7425, 47.941], [-80.7393, 47.9282], [-80.7523, 47.91], [-80.7632, 47.9035], [-80.7643, 47.8936], [-80.772, 47.8889], [-80.7888, 47.8605], [-80.8151, 47.8582], [-80.8145, 47.8464], [-80.8198, 47.8389], [-80.8372, 47.8299], [-80.8525, 47.8275], [-80.8571, 47.8294], [-80.8618, 47.8245], [-80.8572, 47.8165], [-80.8635, 47.8117], [-80.8622, 47.8064], [-80.857, 47.8044], [-80.8586, 47.79], [-80.8633, 47.7866], [-80.863, 47.7832], [-80.8829, 47.7759], [-80.8893, 47.7683], [-80.8979, 47.7462], [-80.8927, 47.7356], [-80.895, 47.7245], [-80.9382, 47.7182], [-80.9364, 47.7147], [-80.9412, 47.7082], [-80.9379, 47.696], [-80.9458, 47.689], [-80.948, 47.6618], [-80.9575, 47.6419], [-80.9728, 47.641], [-81.0502, 47.6536], [-81.0681, 47.6603], [-81.0786, 47.6586], [-81.0854, 47.6615], [-81.1053, 47.6617], [-81.1137, 47.6556], [-81.1183, 47.6464], [-81.1337, 47.6388], [-81.1582, 47.6329], [-81.1843, 47.6345], [-81.2022, 47.6044], [-81.1989, 47.5993], [-81.2004, 47.5955], [-81.2232, 47.5918], [-81.2552, 47.5739], [-81.2559, 47.559], [-81.2792, 47.549], [-81.2918, 47.5387], [-81.2952, 47.5295], [-81.3027, 47.5246], [-81.3045, 47.5196], [-81.2987, 47.5075], [-81.3197, 47.4951], [-81.3843, 47.4927], [-81.4462, 47.4672], [-81.4589, 47.4695], [-81.4662, 47.4745], [-81.4846, 47.4771], [-81.5818, 47.4776], [-81.5972, 47.4735], [-81.6134, 47.4742], [-81.6201, 47.4708]]]}}, {"type": "Feature", "properties": {"id": "on-wmu-149", "wmu_id": "29", "name": "29", "province": "ON", "source": "Ontario LIO \u2014 Wildlife Management Unit"}, "geometry": {"type": "Polygon", "coordinates": [[[-81.8608, 47.6017], [-81.8602, 47.5889], [-81.855, 47.5743], [-81.8607, 47.5627], [-81.8405, 47.5114], [-81.8472, 47.4725], [-81.7528, 47.4699], [-81.7201, 47.4741], [-81.6291, 47.4693], [-81.6134, 47.4742], [-81.5972, 47.4735], [-81.5824, 47.4775], [-81.4846, 47.4771], [-81.4662, 47.4745], [-81.4473, 47.4672], [-81.3843, 47.4927], [-81.3203, 47.495], [-81.2987, 47.5075], [-81.3045, 47.5196], [-81.3027, 47.5246], [-81.2952, 47.5295], [-81.2918, 47.5387], [-81.2792, 47.549], [-81.2559, 47.559], [-81.2552, 47.5739], [-81.2232, 47.5918], [-81.2004, 47.5955], [-81.199, 47.5997], [-81.2023, 47.6039], [-81.1977, 47.6153], [-81.1828, 47.6353], [-81.1588, 47.6329], [-81.135, 47.6384], [-81.1183, 47.6464], [-81.1137, 47.6556], [-81.1037, 47.6619], [-81.0786, 47.6586], [-81.0677, 47.6602], [-81.0515, 47.6538], [-80.9728, 47.641], [-80.9554, 47.6435], [-80.9471, 47.6657], [-80.9458, 47.689], [-80.9379, 47.696], [-80.9412, 47.7082], [-80.9364, 47.7147], [-80.9382, 47.7182], [-80.8946, 47.725], [-80.8927, 47.7356], [-80.8979, 47.7462], [-80.8893, 47.7683], [-80.8829, 47.7759], [-80.863, 47.7832], [-80.8633, 47.7866], [-80.8584, 47.7905], [-80.857, 47.8044], [-80.8622, 47.8064], [-80.8635, 47.8117], [-80.8572, 47.8165], [-80.8618, 47.8245], [-80.8571, 47.8294], [-80.8525, 47.8275], [-80.8372, 47.8299], [-80.8198, 47.8389], [-80.8145, 47.8464], [-80.8151, 47.8582], [-80.7888, 47.8605], [-80.772, 47.8889], [-80.7643, 47.8936], [-80.7632, 47.9035], [-80.7523, 47.91], [-80.7393, 47.9282], [-80.7425, 47.941], [-80.7394, 47.9836], [-80.7425, 47.9884], [-80.7417, 48.0044], [-80.7477, 48.0158], [-80.7397, 48.0282], [-80.7298, 48.0339], [-80.6998, 48.0407], [-80.6647, 48.0073], [-80.6611, 48.0003], [-80.6489, 47.9915], [-80.6405, 47.9679], [-80.6464, 47.9648], [-80.6457, 47.9509], [-80.6547, 47.9316], [-80.6511, 47.9257], [-80.6389, 47.9296], [-80.6239, 47.9432], [-80.6098, 47.9443], [-80.5627, 47.9202], [-80.5613, 47.9324], [-80.5973, 47.956], [-80.5464, 47.9708], [-80.5221, 47.9901], [-80.4885, 48.0061], [-80.4355, 48.0136], [-80.4174, 48.0128], [-80.3961, 48.0085], [-80.3836, 48.0006], [-80.3609, 47.999], [-80.3539, 47.9958], [-80.3551, 48.0008], [-80.3631, 48.0033], [-80.3727, 48.0134], [-80.3814, 48.0149], [-80.379, 48.0182], [-80.3833, 48.0214], [-80.3803, 48.0246], [-80.3868, 48.0313], [-80.3873, 48.0396], [-80.3911, 48.041], [-80.3913, 48.053], [-80.3973, 48.0536], [-80.3983, 48.0578], [-80.404, 48.0578], [-80.4146, 48.0656], [-80.42, 48.0643], [-80.421, 48.0686], [-80.4239, 48.0686], [-80.4227, 48.0762], [-80.4291, 48.0742], [-80.4322, 48.082], [-80.4513, 48.0911], [-80.4532, 48.0968], [-80.4601, 48.0989], [-80.4481, 48.1034], [-80.4474, 48.1168], [-80.4381, 48.1233], [-80.4363, 48.1314], [-80.476, 48.1504], [-80.5135, 48.1538], [-80.5232, 48.1597], [-80.5288, 48.1677], [-80.5445, 48.1738], [-80.5444, 48.1827], [-80.5495, 48.1877], [-80.5539, 48.2055], [-80.5757, 48.2287], [-80.5771, 48.2425], [-80.5728, 48.2524], [-80.5427, 48.2539], [-80.5404, 48.2578], [-80.5382, 48.2838], [-80.547, 48.2968], [-80.5626, 48.3048], [-80.578, 48.3026], [-80.5803, 48.3052], [-80.5885, 48.3022], [-80.5932, 48.3048], [-80.5926, 48.3086], [-80.6079, 48.3118], [-80.6022, 48.3207], [-80.6085, 48.3314], [-80.6054, 48.3352], [-80.5969, 48.3345], [-80.5941, 48.3433], [-80.5888, 48.3451], [-80.5935, 48.3483], [-80.5893, 48.3492], [-80.591, 48.3549], [-80.5846, 48.3573], [-80.5905, 48.3595], [-80.5849, 48.3699], [-80.5938, 48.3735], [-80.5947, 48.3788], [-80.586, 48.3843], [-80.5823, 48.4014], [-80.5761, 48.4033], [-80.5769, 48.4065], [-80.5698, 48.4151], [-80.5717, 48.4318], [-80.5692, 48.4337], [-80.5731, 48.4368], [-80.5689, 48.4408], [-80.5734, 48.4503], [-80.5698, 48.4548], [-80.5729, 48.4554], [-80.5724, 48.4595], [-80.5766, 48.4643], [-80.5842, 48.4633], [-80.5947, 48.469], [-80.5951, 48.4721], [-80.5895, 48.4752], [-80.5948, 48.4802], [-80.5886, 48.4835], [-80.5963, 48.4879], [-80.5972, 48.493], [-80.5929, 48.4975], [-80.576, 48.5033], [-80.5753, 48.5103], [-80.5622, 48.519], [-80.5566, 48.5177], [-80.5467, 48.5248], [-80.5338, 48.5255], [-80.5359, 48.5273], [-80.5338, 48.5351], [-80.5381, 48.537], [-80.5375, 48.5399], [-80.531, 48.5461], [-80.5316, 48.5497], [-80.5251, 48.5527], [-80.5243, 48.558], [-80.5103, 48.5682], [-80.5127, 48.5793], [-80.5275, 48.5858], [-80.5326, 48.5955], [-80.5399, 48.5997], [-80.539, 48.6058], [-80.5432, 48.6135], [-80.5536, 48.6186], [-80.5611, 48.6315], [-80.559, 48.6391], [-80.5972, 48.6674], [-80.6091, 48.6787], [-80.6105, 48.684], [-80.6206, 48.688], [-80.6355, 48.7003], [-80.6381, 48.6982], [-80.6487, 48.7011], [-80.6571, 48.7113], [-80.6543, 48.7265], [-80.6601, 48.7314], [-80.667, 48.7495], [-80.6727, 48.7548], [-80.6808, 48.7499], [-80.6809, 48.7582], [-80.6898, 48.7581], [-80.6974, 48.7511], [-80.7612, 48.7277], [-80.7794, 48.7121], [-80.7876, 48.7115], [-80.7901, 48.6973], [-80.7855, 48.6934], [-80.7875, 48.6879], [-80.8169, 48.6679], [-80.8669, 48.6596], [-80.873, 48.652], [-80.8731, 48.6395], [-80.8884, 48.6255], [-80.9046, 48.6185], [-80.9381, 48.6147], [-80.9461, 48.609], [-81.0038, 48.5882], [-81.061, 48.548], [-81.1067, 48.5367], [-81.1603, 48.4942], [-81.1822, 48.4969], [-81.2061, 48.4857], [-81.2175, 48.485], [-81.2285, 48.4795], [-81.2773, 48.4797], [-81.2934, 48.4759], [-81.3594, 48.4775], [-81.371, 48.4726], [-81.4167, 48.472], [-81.44, 48.4618], [-81.4415, 48.4357], [-81.5203, 48.4015], [-81.5589, 48.3868], [-81.5722, 48.3846], [-81.5702, 48.381], [-81.575, 48.3702], [-81.582, 48.3127], [-81.575, 48.2996], [-81.5759, 48.2624], [-81.5693, 48.253], [-81.5684, 48.2447], [-81.5764, 48.2327], [-81.5713, 48.2173], [-81.5831, 48.1923], [-81.5824, 48.1709], [-81.5957, 48.1384], [-81.5887, 48.1196], [-81.5965, 48.0813], [-81.581, 48.0572], [-81.5838, 48.0458], [-81.5822, 48.0332], [-81.5857, 48.0081], [-81.5928, 47.9948], [-81.5923, 47.9842], [-81.6141, 47.9403], [-81.6152, 47.9268], [-81.6089, 47.9147], [-81.6091, 47.8912], [-81.6023, 47.8724], [-81.6014, 47.8538], [-81.6061, 47.8429], [-81.5812, 47.7803], [-81.5876, 47.7736], [-81.6284, 47.7542], [-81.6332, 47.7486], [-81.6721, 47.7467], [-81.6949, 47.729], [-81.7143, 47.7249], [-81.7276, 47.7023], [-81.735, 47.7016], [-81.7411, 47.7056], [-81.7713, 47.704], [-81.7861, 47.6696], [-81.8128, 47.6572], [-81.8142, 47.6494], [-81.8319, 47.6348], [-81.8397, 47.6213], [-81.8526, 47.616], [-81.8608, 47.6017]]]}}, {"type": "Feature", "properties": {"id": "on-wmu-150", "wmu_id": "66A", "name": "66A", "province": "ON", "source": "Ontario LIO \u2014 Wildlife Management Unit"}, "geometry": {"type": "Polygon", "coordinates": [[[-76.0217, 44.9039], [-76.0198, 44.8853], [-76.0149, 44.8798], [-76.0129, 44.8536], [-76.0071, 44.8462], [-76.0131, 44.8342], [-75.9757, 44.8017], [-75.9696, 44.7892], [-75.9712, 44.7559], [-75.9863, 44.7448], [-75.9853, 44.7364], [-75.9334, 44.7], [-75.9157, 44.6788], [-75.9001, 44.6746], [-75.861, 44.6414], [-75.821, 44.6281], [-75.7853, 44.6278], [-75.7012, 44.5995], [-75.6502, 44.6335], [-75.5555, 44.7118], [-75.5268, 44.7217], [-75.469, 44.7608], [-75.4546, 44.7797], [-75.3816, 44.8254], [-75.4968, 44.971], [-75.6202, 45.1151], [-75.6201, 45.0994], [-75.637, 45.0871], [-75.6444, 45.0662], [-75.6742, 45.0542], [-75.6801, 45.0475], [-75.6893, 45.0473], [-75.703, 45.0261], [-75.726, 45.0195], [-75.7313, 45.0163], [-75.7333, 45.0106], [-75.7488, 45.0084], [-75.7636, 44.9988], [-75.7692, 44.9901], [-75.806, 44.9796], [-75.8131, 44.97], [-75.8206, 44.9677], [-75.8164, 44.9558], [-75.8321, 44.9276], [-75.8312, 44.9188], [-75.8618, 44.9171], [-75.9107, 44.9001], [-75.9261, 44.8908], [-75.9428, 44.8971], [-75.9762, 44.8781], [-76.0217, 44.9039]], [[-75.6761, 45.0438], [-75.6684, 45.0479], [-75.6701, 45.0531], [-75.6563, 45.057], [-75.652, 45.0525], [-75.655, 45.0487], [-75.6534, 45.0429], [-75.6418, 45.0273], [-75.653, 45.0214], [-75.6761, 45.0438]]]}}, {"type": "Feature", "properties": {"id": "on-wmu-151", "wmu_id": "93B", "name": "93B", "province": "ON", "source": "Ontario LIO \u2014 Wildlife Management Unit"}, "geometry": {"type": "Polygon", "coordinates": [[[-82.1413, 42.3679], [-82.015, 42.2672], [-81.7016, 41.9998], [-81.3122, 42.1775], [-81.7659, 42.5519], [-81.7828, 42.5477], [-81.8682, 42.4924], [-81.9083, 42.4841], [-82.0336, 42.3978], [-82.1413, 42.3679]]]}}]}